ts_code,start_date,end_date,breakthrough_date,start_price,current_price,growth_rate,days,year_start_price,year_to_date_growth,growth_5d,growth_10d,growth_20d,growth_30d,score,up_days,down_days,up_down_ratio,up_rate_sum,down_rate_sum,rate_sum,recent_5d_growth
600997,20240126,20260314,20260302,6.48,6.87,6.02,10,5.75,19.48,0.15,6.02,0.0,0.0,1.84,5,4,1.25,13.8,7.63,21.43,2.84
300453,20240126,20260314,20260302,9.68,10.18,5.17,10,9.12,11.62,1.14,5.17,0.0,0.0,1.78,5,4,1.25,11.65,6.33,17.99,4.62
600674,20240126,20260314,20260302,14.79,15.72,6.29,10,13.99,12.37,3.65,6.29,0.0,0.0,2.62,6,3,2.0,9.97,3.71,13.68,-0.63
600123,20240126,20260314,20260227,6.44,7.21,11.96,11,5.94,21.38,3.88,11.34,0.0,0.0,4.18,6,4,1.5,21.39,9.45,30.83,1.69
601952,20240126,20260314,20260227,9.47,10.59,11.83,11,9.14,15.86,2.96,13.62,0.0,0.0,4.68,6,4,1.5,19.64,7.99,27.64,3.72
300332,20240126,20260314,20260227,5.69,6.19,8.79,11,5.31,16.57,15.64,10.9,0.0,0.0,6.4,4,6,0.67,30.99,20.07,51.05,-4.92
002039,20240126,20260314,20260227,18.04,19.03,5.49,11,17.99,5.78,4.38,8.81,0.0,0.0,3.52,6,4,1.5,11.31,5.78,17.09,-1.45
000531,20240126,20260314,20260226,6.65,7.16,7.67,12,6.47,10.66,1.65,8.87,0.0,0.0,2.99,7,4,1.75,15.45,7.7,23.16,0.14
603269,20240126,20260314,20260226,13.63,16.25,19.22,12,12.97,25.29,4.77,31.91,0.0,0.0,10.53,6,5,1.2,39.31,19.71,59.01,-0.31
600979,20240126,20260314,20260226,5.03,5.43,7.95,12,4.5,20.67,4.97,12.13,0.0,0.0,4.63,7,3,2.33,17.11,8.98,26.1,-2.51
300167,20240126,20260314,20260226,5.87,6.3,7.33,12,5.28,19.32,4.09,15.16,0.0,0.0,5.37,5,6,0.83,22.3,14.42,36.72,-8.96
600121,20240126,20260314,20260226,4.55,5.65,24.18,12,4.2,34.52,5.05,2.64,0.0,0.0,1.8,5,5,1.0,30.54,7.65,38.2,17.22
600483,20240126,20260314,20260226,10.15,11.04,8.77,12,9.5,16.21,0.0,6.5,0.0,0.0,1.95,7,3,2.33,11.76,3.19,14.96,6.67
600023,20240126,20260314,20260225,5.1,5.57,9.22,13,4.96,12.3,5.88,7.06,0.0,0.0,3.29,8,4,2.0,11.82,2.88,14.7,1.27
000027,20240126,20260314,20260225,6.85,7.26,5.99,13,6.56,10.67,3.07,3.5,0.0,0.0,1.66,9,2,4.5,9.21,3.29,12.5,2.69
600125,20240126,20260314,20260225,6.35,6.71,5.67,13,6.43,4.35,5.98,2.68,0.0,0.0,2.0,9,3,3.0,12.01,6.28,18.29,3.39
002608,20240126,20260314,20260225,7.94,8.58,8.06,13,7.44,15.32,3.02,6.17,0.0,0.0,2.46,8,4,2.0,13.7,5.75,19.45,4.38
002733,20240126,20260314,20260225,21.38,27.37,28.02,13,20.07,36.37,4.54,15.01,0.0,0.0,5.41,7,5,1.4,39.58,13.22,52.79,16.07
002051,20240126,20260314,20260225,8.72,9.2,5.5,13,8.68,5.99,1.83,4.13,0.0,0.0,1.6,9,3,3.0,7.28,1.87,9.15,0.0
000883,20240126,20260314,20260225,4.64,5.0,7.76,13,4.56,9.65,3.23,4.31,0.0,0.0,1.94,8,4,2.0,10.0,2.44,12.44,2.88
002843,20240126,20260314,20260225,20.88,23.37,11.93,13,20.07,16.44,38.84,28.98,0.0,0.0,16.46,6,6,1.0,45.33,31.02,76.36,-12.34
000537,20240126,20260314,20260224,8.73,12.39,41.92,14,8.32,48.92,4.12,7.67,0.0,0.0,3.12,11,2,5.5,39.0,2.5,41.5,31.81
000065,20240126,20260314,20260224,12.13,13.78,13.6,14,11.89,15.9,5.94,14.76,0.0,0.0,5.62,9,4,2.25,20.37,7.12,27.48,-1.01
600110,20240126,20260314,20260224,7.43,8.34,12.25,14,7.42,12.4,14.0,0.0,0.0,0.0,2.8,8,5,1.6,25.41,12.83,38.24,12.25
002628,20240126,20260314,20260224,4.68,5.19,10.9,14,4.11,26.28,19.02,17.31,0.0,0.0,9.0,6,7,0.86,22.15,10.99,33.14,-5.46
000543,20240126,20260314,20260224,8.02,8.89,10.85,14,8.12,9.48,10.1,8.35,0.0,0.0,4.53,8,5,1.6,19.49,8.71,28.2,2.3
002511,20240126,20260314,20260224,8.37,8.79,5.02,14,8.47,3.78,6.21,2.63,0.0,0.0,2.03,6,7,0.86,15.36,10.11,25.46,2.33
000722,20240126,20260314,20260224,12.95,13.66,5.48,14,11.95,14.31,3.47,7.18,0.0,0.0,2.85,8,5,1.6,13.55,7.96,21.51,-1.59
002274,20240126,20260314,20260224,6.43,7.19,11.82,14,5.68,26.58,4.2,5.91,0.0,0.0,2.61,8,5,1.6,20.13,8.5,28.63,5.58
300569,20240126,20260314,20260224,6.29,7.79,23.85,14,5.81,34.08,1.27,6.52,0.0,0.0,2.21,10,2,5.0,25.35,3.23,28.58,16.27
002463,20240126,20260314,20260224,72.36,81.18,12.19,14,75.95,6.89,13.14,2.53,0.0,0.0,3.39,6,7,0.86,28.26,15.46,43.72,9.42
000791,20240126,20260314,20260224,6.8,8.35,22.79,14,6.49,28.66,20.74,24.26,0.0,0.0,11.43,9,4,2.25,33.23,11.6,44.83,-1.18
600645,20240126,20260314,20260224,26.09,29.59,13.42,14,26.74,10.66,5.71,18.01,0.0,0.0,6.55,9,4,2.25,22.79,9.41,32.2,-3.9
000546,20240126,20260314,20260224,5.92,6.37,7.6,14,6.65,-4.21,8.95,5.74,0.0,0.0,3.51,8,5,1.6,20.69,12.49,33.18,1.76
600803,20240126,20260314,20260224,19.92,22.66,13.76,14,20.64,9.79,9.74,9.44,0.0,0.0,4.78,8,5,1.6,29.97,15.82,45.79,3.94
600744,20240126,20260314,20260224,6.54,8.35,27.68,14,5.99,39.4,22.02,42.51,0.0,0.0,17.16,9,4,2.25,42.46,15.97,58.43,-10.41
000544,20240126,20260314,20260224,8.67,9.17,5.77,14,8.37,9.56,6.23,4.5,0.0,0.0,2.6,9,4,2.25,11.21,5.43,16.64,1.21
600222,20240126,20260314,20260224,6.96,7.32,5.17,14,6.7,9.3,1.01,5.46,0.0,0.0,1.84,6,6,1.0,13.2,7.87,21.07,-0.27
601669,20240126,20260314,20260224,5.64,7.19,27.48,14,5.24,37.21,1.42,4.96,0.0,0.0,1.77,9,4,2.25,28.57,3.47,32.04,21.45
600540,20240126,20260314,20260224,5.0,5.4,8.0,14,4.59,17.65,8.4,7.8,0.0,0.0,4.02,6,7,0.86,22.38,13.74,36.12,0.19
000731,20240126,20260314,20260224,7.07,8.14,15.13,14,6.59,23.52,21.64,13.01,0.0,0.0,8.23,10,3,3.33,31.17,15.46,46.63,1.88
600516,20240126,20260314,20260224,5.73,6.76,17.98,14,5.69,18.8,13.79,16.4,0.0,0.0,7.68,8,4,2.0,30.08,12.44,42.52,1.35
000723,20240126,20260314,20260224,4.99,5.47,9.62,14,4.73,15.64,6.01,8.42,0.0,0.0,3.73,8,5,1.6,18.84,9.22,28.06,1.11
002221,20240126,20260314,20260224,8.55,9.43,10.29,14,8.11,16.28,9.12,2.57,0.0,0.0,2.6,5,8,0.62,30.51,18.98,49.49,7.53
000525,20240126,20260314,20260224,6.31,7.04,11.57,14,5.58,26.16,4.75,9.83,0.0,0.0,3.9,9,4,2.25,26.7,14.72,41.41,1.59
600866,20240126,20260314,20260224,7.3,8.05,10.27,14,6.96,15.66,6.71,5.34,0.0,0.0,2.94,7,6,1.17,16.84,6.65,23.49,4.68
601919,20240126,20260314,20260224,14.83,15.78,6.41,14,14.9,5.91,4.11,4.65,0.0,0.0,2.22,6,7,0.86,18.14,11.13,29.27,1.68
300080,20240126,20260314,20260224,5.26,6.08,15.59,14,5.07,19.92,2.09,7.41,0.0,0.0,2.64,8,4,2.0,21.09,6.17,27.26,7.61
000998,20240126,20260314,20260224,9.87,10.6,7.4,14,9.42,12.53,3.24,6.89,0.0,0.0,2.72,10,3,3.33,16.4,8.66,25.06,0.47
603838,20240126,20260314,20260224,7.54,9.48,25.73,14,7.51,26.23,12.33,19.36,0.0,0.0,8.27,8,5,1.6,32.39,8.66,41.05,5.33
000019,20240126,20260314,20260224,7.1,7.59,6.9,14,6.91,9.84,3.52,6.76,0.0,0.0,2.73,9,4,2.25,12.91,6.02,18.93,0.13
603218,20240126,20260314,20260224,14.01,16.65,18.84,14,13.25,25.66,1.64,2.86,0.0,0.0,1.19,10,3,3.33,21.9,4.14,26.04,15.54
600509,20240126,20260314,20260224,8.5,9.9,16.47,14,8.39,18.0,8.0,6.35,0.0,0.0,3.5,10,3,3.33,20.07,4.49,24.56,9.51
000988,20240126,20260314,20260224,82.42,118.69,44.01,14,81.93,44.87,15.23,43.9,0.0,0.0,16.22,11,2,5.5,50.67,12.38,63.05,0.08
600508,20240126,20260314,20260224,12.83,13.79,7.48,14,11.88,16.08,3.2,5.07,0.0,0.0,2.16,7,5,1.4,16.39,8.76,25.15,2.3
000581,20240126,20260314,20260224,21.4,23.84,11.4,14,20.57,15.9,17.29,16.12,0.0,0.0,8.29,6,7,0.86,26.07,14.26,40.32,-4.06
600982,20240126,20260314,20260224,4.74,5.17,9.07,14,4.37,18.31,5.49,10.97,0.0,0.0,4.39,9,4,2.25,16.23,7.26,23.49,-1.71
300387,20240126,20260314,20260213,9.14,10.38,13.57,15,8.59,20.84,10.07,8.53,0.0,0.0,4.57,6,8,0.75,26.76,13.19,39.95,5.38
300145,20240126,20260314,20260212,4.79,5.28,10.23,16,4.59,15.03,5.22,3.34,0.0,0.0,2.05,7,8,0.88,24.43,13.97,38.39,1.15
300499,20240126,20260314,20260212,30.75,38.27,24.46,16,31.79,20.38,24.07,25.72,0.0,0.0,12.53,10,5,2.0,42.79,17.97,60.76,2.33
002384,20240126,20260314,20260212,77.38,110.93,43.36,16,84.66,31.03,11.0,19.8,0.0,0.0,8.14,12,3,4.0,43.18,5.83,49.02,12.92
002200,20240126,20260314,20260211,7.0,7.54,7.71,17,7.41,1.75,1.57,4.43,0.0,0.0,1.64,10,5,2.0,10.77,3.25,14.02,1.62
000601,20240126,20260314,20260211,5.17,6.46,24.95,17,4.73,36.58,4.26,6.38,0.0,0.0,2.77,10,6,1.67,40.81,16.72,57.53,-4.3
300319,20240126,20260314,20260211,12.68,13.43,5.91,17,11.96,12.29,6.94,10.88,0.0,0.0,4.65,8,8,1.0,20.25,13.95,34.2,0.37
601567,20240126,20260314,20260211,23.99,30.44,26.89,17,23.31,30.59,8.38,7.63,0.0,0.0,3.96,9,7,1.29,40.73,15.44,56.18,-5.9
002655,20240126,20260314,20260210,14.08,16.77,19.11,18,12.92,29.8,12.36,19.96,0.0,0.0,8.46,8,9,0.89,33.14,14.53,47.66,-3.01
601699,20240126,20260314,20260210,13.67,15.2,11.19,18,11.91,27.62,5.05,9.22,0.0,0.0,3.78,9,8,1.12,25.4,14.1,39.5,3.54
300249,20240126,20260314,20260210,15.89,17.44,9.75,18,15.15,15.12,12.02,18.57,0.0,0.0,7.98,8,9,0.89,37.52,26.19,63.7,-6.39
600644,20240126,20260314,20260209,11.17,12.62,12.98,19,10.07,25.32,-0.36,14.68,0.0,0.0,4.33,8,10,0.8,30.39,17.25,47.64,-7.21
002272,20240126,20260314,20260209,16.93,18.7,10.45,19,16.8,11.31,-0.06,20.44,0.0,0.0,6.12,8,10,0.8,44.36,31.92,76.28,-5.7
603985,20240126,20260314,20260209,16.8,18.03,7.32,19,15.27,18.07,4.17,4.76,0.0,0.0,2.26,9,9,1.0,24.53,16.64,41.16,-3.12
300511,20240126,20260314,20260209,6.87,7.25,5.53,19,6.24,16.19,2.04,5.39,0.0,0.0,2.02,9,9,1.0,18.76,12.95,31.71,-1.63
000628,20240126,20260314,20260209,49.99,53.65,7.32,19,45.59,17.68,12.22,14.18,0.0,0.0,6.7,11,7,1.57,26.36,17.95,44.31,-1.67
300449,20240126,20260314,20260209,7.57,8.37,10.57,19,7.51,11.45,21.27,11.36,0.0,0.0,7.66,6,12,0.5,36.11,23.66,59.77,-5.21
002815,20240126,20260314,20260209,14.75,15.87,7.59,19,13.94,13.85,1.76,5.02,0.0,0.0,1.86,11,7,1.57,26.37,18.29,44.66,7.3
603936,20240126,20260314,20260209,12.15,15.43,27.0,19,12.97,18.97,0.41,12.18,0.0,0.0,3.74,12,6,2.0,33.59,8.68,42.26,15.06
002730,20240126,20260314,20260209,16.12,19.2,19.11,19,15.17,26.57,1.74,9.37,0.0,0.0,3.16,12,6,2.0,26.49,8.25,34.75,0.16
002633,20240126,20260314,20260209,16.99,19.16,12.77,19,16.39,16.9,-0.24,7.06,0.0,0.0,2.07,9,9,1.0,32.89,19.53,52.41,0.05
600742,20240126,20260314,20260209,9.8,10.48,6.94,19,9.68,8.26,1.02,12.55,0.0,0.0,3.97,9,9,1.0,18.44,11.28,29.73,0.67
603328,20240126,20260314,20260209,11.62,12.66,8.95,19,11.2,13.04,3.44,9.55,0.0,0.0,3.55,9,9,1.0,26.49,17.01,43.5,5.94
300384,20240126,20260314,20260209,17.11,18.41,7.6,19,16.41,12.19,9.53,7.54,0.0,0.0,4.17,9,9,1.0,21.94,13.89,35.83,0.16
002015,20240126,20260314,20260206,12.06,22.28,84.74,20,10.19,118.65,4.48,17.41,84.74,0.0,31.54,13,6,2.17,79.56,14.91,94.46,29.69
600299,20240126,20260314,20260206,9.56,15.46,61.72,20,8.98,72.16,9.09,17.68,61.72,0.0,25.64,14,5,2.8,61.83,11.8,73.63,12.03
000762,20240126,20260314,20260206,25.89,29.56,14.18,20,27.38,7.96,4.79,21.44,14.18,0.0,11.64,11,8,1.38,26.91,12.95,39.87,1.13
002576,20240126,20260314,20260206,17.96,19.08,6.24,20,17.33,10.1,3.73,11.3,6.24,0.0,6.01,12,7,1.71,20.7,14.16,34.86,0.05
002056,20240126,20260314,20260206,19.7,25.84,31.17,20,19.94,29.59,5.84,12.44,31.17,0.0,14.25,14,5,2.8,35.71,7.64,43.34,17.56
601222,20240126,20260314,20260206,5.86,6.71,14.51,20,5.53,21.34,7.34,6.83,14.51,0.0,7.87,13,6,2.17,20.43,6.49,26.92,2.29
300040,20240126,20260314,20260206,6.9,7.77,12.61,20,6.08,27.8,2.75,9.42,12.61,0.0,7.16,11,8,1.38,29.77,17.06,46.83,-2.14
300352,20240126,20260314,20260206,6.29,7.1,12.88,20,6.37,11.46,10.02,14.94,12.88,0.0,10.35,13,6,2.17,37.84,24.04,61.88,-6.33
300037,20240126,20260314,20260206,50.17,59.4,18.4,20,53.68,10.66,11.92,13.83,18.4,0.0,12.05,11,8,1.38,26.32,8.82,35.15,6.55
601882,20240126,20260314,20260205,20.22,21.85,8.06,21,19.43,12.45,2.97,9.1,8.06,0.0,5.74,12,7,1.71,19.84,11.64,31.47,1.02
603826,20240126,20260314,20260205,19.46,24.78,27.34,21,17.19,44.15,0.72,5.76,30.99,0.0,11.17,14,6,2.33,43.7,17.92,61.62,5.76
300254,20240126,20260314,20260205,11.28,11.98,6.21,21,10.33,15.97,1.42,7.98,6.03,0.0,4.49,10,10,1.0,26.54,19.79,46.33,-1.56
300320,20240126,20260314,20260204,10.35,11.08,7.05,22,9.42,17.62,4.06,8.41,11.11,0.0,6.67,12,8,1.5,18.97,11.83,30.8,0.45
000822,20240126,20260314,20260204,5.73,6.78,18.32,22,5.25,29.14,12.57,17.8,18.67,0.0,13.46,13,8,1.62,45.38,26.73,72.11,0.0
603393,20240126,20260314,20260204,29.51,42.14,42.8,22,27.12,55.38,-2.41,7.22,35.72,0.0,12.4,12,8,1.5,53.32,15.73,69.04,7.91
601225,20240126,20260314,20260204,22.68,26.24,15.7,22,21.62,21.37,1.68,2.6,12.08,0.0,4.74,12,9,1.33,26.08,10.99,37.07,3.23
600233,20240126,20260314,20260204,17.7,20.7,16.95,22,16.5,25.45,1.24,-0.23,12.43,0.0,3.91,11,9,1.22,25.89,9.67,35.57,8.32
601101,20240126,20260314,20260204,8.11,9.04,11.47,22,7.21,25.38,-4.69,-1.11,6.04,0.0,0.54,12,7,1.71,26.42,14.94,41.36,4.51
601088,20240126,20260314,20260204,42.42,48.92,15.32,22,40.26,21.51,0.14,-0.57,12.75,0.0,3.68,11,10,1.1,26.54,11.7,38.24,2.02
601666,20240126,20260314,20260204,8.65,9.09,5.09,22,7.96,14.2,1.04,2.89,2.43,0.0,1.8,12,9,1.33,20.96,15.53,36.48,2.25
600057,20240126,20260314,20260204,8.0,8.73,9.13,22,8.39,4.05,3.88,3.88,2.63,0.0,2.73,14,6,2.33,20.03,10.85,30.87,7.78
002485,20240126,20260314,20260204,4.24,5.13,20.99,22,4.23,21.28,13.44,14.39,29.01,0.0,15.71,12,8,1.5,45.35,24.75,70.1,-1.35
002875,20240126,20260314,20260204,17.27,19.21,11.23,22,17.6,9.15,2.66,11.0,14.24,0.0,8.1,12,8,1.5,24.65,13.17,37.82,0.47
603968,20240126,20260314,20260204,12.19,14.58,19.61,22,11.22,29.95,16.9,37.82,15.34,0.0,19.33,12,9,1.33,48.04,28.03,76.07,2.39
600727,20240126,20260314,20260204,7.46,8.27,10.86,22,6.89,20.03,3.49,7.51,9.38,0.0,5.76,12,9,1.33,25.24,14.41,39.65,2.22
600985,20240126,20260314,20260204,13.17,14.19,7.74,22,11.19,26.81,-1.9,1.67,4.94,0.0,1.6,9,12,0.75,22.71,14.7,37.41,2.09
600860,20240126,20260314,20260204,13.46,15.16,12.63,22,12.41,22.16,1.41,4.46,14.78,0.0,6.05,9,12,0.75,34.53,21.41,55.94,-2.0
600971,20240126,20260314,20260204,7.21,7.95,10.26,22,6.24,27.4,-3.88,-1.25,5.13,0.0,0.39,14,7,2.0,22.58,12.29,34.88,3.92
300011,20240126,20260314,20260203,8.38,9.04,7.88,23,8.95,1.01,8.95,9.07,16.35,0.0,9.42,11,11,1.0,28.47,20.01,48.48,-1.95
002360,20240126,20260314,20260203,5.22,6.69,28.16,23,4.79,39.67,3.07,8.81,13.41,0.0,7.28,15,6,2.5,35.83,10.24,46.07,15.54
000895,20240126,20260314,20260203,25.9,27.93,7.84,23,26.57,5.12,2.78,1.85,5.25,0.0,2.69,13,9,1.44,11.24,3.6,14.84,2.23
600216,20240126,20260314,20260203,14.72,17.76,20.65,23,13.96,27.22,5.43,6.86,13.79,0.0,7.28,11,11,1.0,37.92,17.95,55.86,0.68
600731,20240126,20260314,20260203,7.38,7.86,6.5,23,6.84,14.91,0.95,3.66,4.47,0.0,2.63,14,7,2.0,18.26,11.59,29.85,1.29
300107,20240126,20260314,20260203,7.54,8.22,9.02,23,6.91,18.96,3.58,17.51,12.6,0.0,9.75,11,11,1.0,41.52,31.07,72.59,-3.52
601898,20240126,20260314,20260203,12.8,18.82,47.03,23,12.5,50.56,9.84,17.11,31.25,0.0,16.48,13,9,1.44,61.15,20.28,81.44,3.41
002273,20240126,20260314,20260203,25.29,27.62,9.21,23,25.5,8.31,6.84,10.87,4.55,0.0,5.99,10,12,0.83,34.6,24.35,58.94,7.05
603088,20240126,20260314,20260203,11.3,12.72,12.57,23,10.38,22.54,2.92,15.22,17.88,0.0,10.51,12,10,1.2,31.16,18.06,49.22,3.16
600289,20240126,20260314,20260203,6.65,7.97,19.85,23,6.68,19.31,1.2,4.96,21.8,0.0,8.27,10,10,1.0,30.95,12.15,43.1,2.71
002177,20240126,20260314,20260203,7.82,9.07,15.98,23,8.62,5.22,5.63,8.06,7.54,0.0,5.81,12,10,1.2,45.72,28.8,74.52,8.62
002034,20240126,20260314,20260203,17.11,18.87,10.29,23,16.18,16.63,0.64,0.29,4.68,0.0,1.62,15,7,2.14,17.54,7.54,25.08,6.01
300415,20240126,20260314,20260203,25.79,27.13,5.2,23,26.17,3.67,0.35,1.98,5.7,0.0,2.37,13,9,1.44,15.13,9.83,24.96,2.34
603688,20240126,20260314,20260203,40.74,48.41,18.83,23,37.35,29.61,4.15,19.56,33.41,0.0,16.72,11,11,1.0,56.45,36.32,92.77,-5.12
601001,20240126,20260314,20260203,14.42,18.15,25.87,23,13.42,35.25,7.7,14.29,18.45,0.0,11.36,14,8,1.75,34.4,10.31,44.7,3.01
600149,20240126,20260314,20260203,5.92,6.27,5.91,23,5.01,25.15,2.03,4.73,14.02,0.0,6.03,11,8,1.38,29.85,22.95,52.81,-9.13
300575,20240126,20260314,20260203,6.55,6.95,6.11,23,5.9,17.8,2.14,6.41,5.04,0.0,3.86,13,9,1.44,24.37,17.78,42.15,0.43
603628,20240126,20260314,20260203,14.13,15.08,6.72,23,13.34,13.04,4.67,1.91,4.1,0.0,2.74,13,9,1.44,20.57,13.69,34.26,3.08
002126,20240126,20260314,20260203,39.28,45.97,17.03,23,37.82,21.55,17.13,19.37,35.95,0.0,20.02,12,10,1.2,48.52,30.72,79.24,-11.65
300317,20240126,20260314,20260203,4.21,5.31,26.13,23,3.89,36.5,8.55,4.51,34.92,0.0,13.54,10,11,0.91,56.4,29.93,86.33,-10.0
300345,20240126,20260314,20260203,7.07,7.72,9.19,23,6.26,23.32,13.01,9.34,8.91,0.0,8.08,12,10,1.2,43.02,32.64,75.65,2.52
600080,20240126,20260314,20260203,7.93,8.6,8.45,23,7.59,13.31,0.76,7.06,10.84,0.0,5.52,12,9,1.33,28.87,19.96,48.83,-2.6
300243,20240126,20260314,20260203,11.12,15.2,36.69,23,10.42,45.87,4.23,6.74,9.35,0.0,5.67,14,7,2.0,45.14,12.05,57.19,27.3
300335,20240126,20260314,20260203,6.08,7.88,29.61,23,5.89,33.79,2.3,3.95,17.43,0.0,6.87,15,7,2.14,36.03,9.2,45.23,9.44
002382,20240126,20260314,20260203,5.86,7.59,29.52,23,5.74,32.23,2.73,0.51,13.14,0.0,4.64,14,8,1.75,34.15,7.45,41.59,13.79
300304,20240126,20260314,20260203,12.74,14.01,9.97,23,11.72,19.54,6.44,8.48,16.88,0.0,8.9,12,10,1.2,27.6,17.5,45.1,-4.76
000967,20240126,20260314,20260203,7.04,9.0,27.84,23,7.32,22.95,1.99,7.95,25.0,0.0,10.28,14,7,2.0,37.46,12.0,49.46,5.26
600132,20240126,20260314,20260202,53.88,58.43,8.44,24,52.39,11.53,3.21,0.45,5.61,0.0,2.46,13,10,1.3,15.0,6.72,21.72,2.69
300264,20240126,20260314,20260202,6.52,10.21,56.6,24,7.52,35.77,23.93,42.64,56.6,0.0,34.56,14,7,2.0,63.6,15.87,79.47,0.0
002880,20240126,20260314,20260202,27.44,30.45,10.97,24,26.11,16.62,6.3,12.43,6.92,0.0,7.06,13,9,1.44,32.18,20.65,52.84,3.78
300311,20240126,20260314,20260202,4.98,5.55,11.45,24,4.55,21.98,4.42,11.65,13.05,0.0,8.29,13,8,1.62,25.88,14.51,40.38,-1.42
002355,20240126,20260314,20260202,6.18,7.4,19.74,24,6.09,21.51,16.99,20.87,19.09,0.0,15.39,11,10,1.1,46.56,26.12,72.68,0.54
002723,20240126,20260314,20260202,8.92,9.95,11.55,24,8.56,16.24,0.34,5.83,12.33,0.0,5.52,13,10,1.3,49.14,35.4,84.54,-0.7
603042,20240126,20260314,20260130,17.03,20.31,19.26,25,17.92,13.34,9.69,12.74,15.44,0.0,10.39,12,11,1.09,44.29,25.06,69.35,7.23
600202,20240126,20260314,20260130,6.14,6.46,5.21,25,5.81,11.19,1.63,2.61,5.54,0.0,2.77,11,12,0.92,18.39,13.01,31.41,0.47
000821,20240126,20260314,20260130,12.91,13.79,6.82,25,13.36,3.22,18.67,16.03,8.68,0.0,11.15,13,11,1.18,41.64,33.55,75.19,1.77
600395,20240126,20260314,20260130,5.47,6.13,12.07,25,4.7,30.43,1.1,5.67,10.79,0.0,5.16,16,8,2.0,27.44,15.26,42.7,0.66
000995,20240126,20260314,20260129,14.48,15.49,6.98,26,12.62,22.74,30.94,14.43,3.8,0.0,11.66,15,10,1.5,53.53,43.57,97.1,0.26
300369,20240126,20260314,20260129,7.95,9.64,21.26,26,7.62,26.51,3.9,23.4,10.06,0.0,10.82,17,8,2.12,59.93,37.4,97.32,0.52
600158,20240126,20260314,20260129,9.6,10.86,13.12,26,8.78,23.69,0.1,1.87,5.21,0.0,2.14,11,12,0.92,25.22,12.4,37.62,1.69
603958,20240126,20260314,20260128,15.8,20.1,27.22,27,13.25,51.7,24.62,33.61,21.9,0.0,21.58,13,13,1.0,59.97,33.04,93.02,5.57
603113,20240126,20260314,20260128,6.99,8.2,17.31,27,6.14,33.55,1.14,1.86,2.72,0.0,1.6,15,11,1.36,33.87,17.2,51.07,7.75
600740,20240126,20260314,20260128,4.4,5.01,13.86,27,3.78,32.54,0.45,1.36,10.68,0.0,3.7,11,13,0.85,52.36,37.03,89.39,2.04
002831,20240126,20260314,20260128,28.5,34.56,21.26,27,28.39,21.73,-1.37,12.0,8.77,0.0,5.96,16,10,1.6,41.36,20.69,62.05,15.78
002299,20240126,20260314,20260128,16.88,18.51,9.66,27,16.63,11.3,0.12,9.3,15.7,0.0,7.52,14,11,1.27,25.29,15.6,40.89,-5.75
300464,20240126,20260314,20260127,6.8,7.57,11.32,28,6.36,19.03,-0.29,3.38,1.91,0.0,1.53,17,9,1.89,24.15,12.95,37.09,6.32
000815,20240126,20260314,20260126,13.17,16.96,28.78,29,11.4,48.77,8.2,2.51,9.34,0.0,5.2,14,14,1.0,86.19,55.95,142.14,-5.46
600926,20240126,20260314,20260126,15.58,17.16,10.14,29,15.45,11.07,3.72,5.65,5.71,0.0,4.15,17,11,1.55,16.6,6.78,23.38,4.7
002734,20240126,20260314,20260126,18.77,21.45,14.28,29,16.91,26.85,13.48,8.74,14.97,0.0,9.81,16,12,1.33,51.26,35.78,87.05,4.13
002623,20240126,20260314,20260123,20.71,24.78,19.65,30,18.09,36.98,24.34,29.7,34.04,19.65,27.92,14,15,0.93,63.29,42.19,105.48,-0.88
002457,20240126,20260314,20260123,11.55,12.24,5.97,30,10.97,11.58,3.38,8.48,27.45,5.97,12.65,14,14,1.0,39.07,31.75,70.82,-10.2
600821,20240126,20260314,20260123,5.56,10.15,82.55,30,5.14,97.47,7.73,0.36,32.91,82.55,28.04,20,9,2.22,92.73,28.41,121.14,7.29
603139,20240126,20260314,20260123,22.45,27.92,24.37,30,20.97,33.14,6.9,4.68,19.64,24.37,13.55,18,11,1.64,43.56,20.11,63.66,2.95
603578,20240126,20260314,20260123,13.62,14.31,5.07,30,12.1,18.26,24.74,11.97,17.33,5.07,14.75,12,17,0.71,49.13,41.5,90.63,-5.73
300113,20240126,20260314,20260123,22.45,26.92,19.91,30,20.83,29.24,8.73,15.14,26.41,19.91,18.19,17,12,1.42,79.92,55.78,135.7,-8.31
603010,20240126,20260314,20260122,11.2,12.15,8.48,31,10.6,14.62,0.71,7.23,10.89,5.98,6.77,15,15,1.0,32.06,22.85,54.91,3.85
000401,20240126,20260314,20260122,4.82,5.16,7.05,31,4.42,16.74,2.9,9.13,6.64,5.6,6.43,17,12,1.42,22.14,14.98,37.12,2.18
300639,20240126,20260314,20260122,5.94,6.63,11.62,31,5.67,16.93,48.32,20.2,13.64,11.28,22.07,17,13,1.31,58.67,42.85,101.51,0.15
002455,20240126,20260314,20260122,7.26,15.3,110.74,31,7.13,114.59,9.23,48.48,94.21,122.59,69.17,18,12,1.5,122.63,41.84,164.47,17.51
600256,20240126,20260314,20260122,5.25,7.51,43.05,31,4.97,51.11,8.57,7.24,9.52,45.33,15.81,17,13,1.31,69.19,30.69,99.88,5.92
002531,20240126,20260314,20260122,7.31,12.42,69.9,31,6.94,78.96,0.96,20.38,42.0,54.45,29.8,23,7,3.29,69.39,14.59,83.98,15.86
300305,20240126,20260314,20260122,6.45,6.85,6.2,31,6.0,14.17,0.62,2.64,7.29,6.2,4.34,14,14,1.0,21.27,14.91,36.18,-0.44
601015,20240126,20260314,20260122,4.0,5.24,31.0,31,3.62,44.75,8.0,15.5,21.25,29.25,18.48,16,13,1.23,81.68,50.21,131.88,8.49
002129,20240126,20260314,20260122,9.04,10.16,12.39,31,8.73,16.38,2.43,16.92,13.38,12.72,12.12,16,14,1.14,46.96,33.23,80.19,0.89
000951,20240126,20260314,20260122,17.43,22.42,28.63,31,16.88,32.82,10.67,14.17,18.82,31.9,18.41,19,11,1.73,51.42,24.64,76.06,8.05
300209,20240126,20260314,20260121,5.88,9.28,57.82,32,5.53,67.81,23.47,21.94,37.76,57.31,34.07,20,11,1.82,89.06,38.83,127.89,4.86
002615,20240126,20260314,20260121,8.18,8.74,6.85,32,7.71,13.36,2.44,4.28,13.08,10.88,7.87,11,19,0.58,38.84,30.95,69.79,0.23
600987,20240126,20260314,20260121,7.17,7.99,11.44,32,6.91,15.63,1.67,2.51,20.64,12.69,9.82,16,15,1.07,46.9,34.24,81.15,3.36
002193,20240126,20260314,20260121,5.87,6.31,7.5,32,5.22,20.88,4.26,10.9,14.48,11.07,10.68,15,16,0.94,32.6,24.56,57.16,-1.87
000912,20240126,20260314,20260121,4.39,6.02,37.13,32,4.18,44.02,2.28,4.33,11.85,28.7,11.05,21,10,2.1,62.85,29.01,91.86,4.51
603980,20240126,20260314,20260120,5.55,7.38,32.97,28,5.07,45.56,0.9,29.91,31.17,0.0,18.5,13,14,0.93,73.84,41.57,115.41,-3.02
300535,20240126,20260314,20260120,19.56,21.76,11.25,33,18.16,19.82,3.94,3.89,13.8,15.29,9.15,21,11,1.91,36.09,24.48,60.56,-0.64
002809,20240126,20260314,20260120,12.1,14.04,16.03,33,10.74,30.73,17.36,15.45,16.53,10.83,15.23,14,18,0.78,70.15,51.49,121.64,4.0
002283,20240126,20260314,20260120,6.43,9.18,42.77,33,6.28,46.18,10.73,12.75,56.61,51.01,33.16,20,12,1.67,76.33,37.53,113.85,-3.67
000930,20240126,20260314,20260120,6.11,7.96,30.28,33,5.81,37.01,6.55,3.27,9.33,18.17,8.72,22,10,2.2,51.23,23.4,74.63,5.57
002479,20240126,20260314,20260120,5.2,5.57,7.12,33,4.95,12.53,2.88,1.15,3.08,7.69,3.38,20,11,1.82,21.71,14.5,36.21,-0.18
000968,20240126,20260314,20260120,7.24,9.46,30.66,33,6.76,39.94,15.61,7.46,19.61,29.56,17.15,16,16,1.0,84.37,53.27,137.63,-6.61
300326,20240126,20260314,20260120,5.85,6.19,5.81,33,5.75,7.65,6.32,2.05,4.79,7.86,4.89,18,12,1.5,25.98,19.78,45.76,1.64
600683,20240126,20260314,20260120,4.43,8.76,97.74,33,4.27,105.15,2.48,11.74,60.5,64.79,35.13,24,7,3.43,100.77,28.28,129.06,22.35
600746,20240126,20260314,20260120,7.4,9.26,25.14,33,6.94,33.43,4.73,1.08,6.49,7.84,4.78,20,11,1.82,45.82,22.11,67.94,11.57
600585,20240126,20260314,20260120,23.59,25.34,7.42,33,22.1,14.66,0.93,-0.42,5.64,4.79,2.71,14,18,0.78,32.6,24.63,57.23,3.05
002165,20240126,20260314,20260120,8.72,12.76,46.33,33,7.64,67.02,25.0,42.78,43.58,33.94,37.7,17,15,1.13,102.82,58.97,161.79,7.77
603616,20240126,20260314,20260120,6.23,6.82,9.47,23,5.22,30.65,46.39,19.42,17.01,0.0,20.21,9,13,0.69,72.12,57.98,130.1,-5.93
000048,20240126,20260314,20260120,16.82,20.81,23.72,33,16.45,26.5,14.51,7.02,4.93,14.09,9.3,15,16,0.94,49.32,26.35,75.68,11.28
600642,20240126,20260314,20260120,8.27,9.19,11.12,33,7.83,17.37,0.36,-0.24,1.09,8.22,1.97,18,10,1.8,17.09,6.38,23.48,2.11
000637,20240126,20260314,20260120,4.44,5.04,13.51,33,4.29,17.48,5.18,2.48,13.51,13.74,8.58,19,13,1.46,45.37,30.8,76.16,-3.45
603421,20240126,20260314,20260120,7.92,9.38,18.43,33,7.37,27.27,-3.41,-1.01,4.55,16.29,3.64,15,16,0.94,51.41,32.59,84.0,12.07
603299,20240126,20260314,20260119,10.89,12.22,12.21,34,10.38,17.73,2.39,5.6,3.76,12.21,5.73,20,12,1.67,30.38,18.23,48.61,0.0
600470,20240126,20260314,20260119,6.25,8.53,36.48,34,6.01,41.93,7.52,10.08,3.68,38.4,13.31,20,13,1.54,77.99,43.31,121.31,-1.39
002687,20240126,20260314,20260119,4.87,5.26,8.01,34,4.81,9.36,3.08,4.11,5.54,6.78,4.87,19,13,1.46,23.56,15.45,39.0,1.15
600791,20240126,20260314,20260119,5.04,8.44,67.46,34,4.61,83.08,7.74,21.23,44.64,58.33,32.97,19,13,1.46,73.62,19.62,93.24,5.76
603126,20240126,20260314,20260119,7.14,7.96,11.48,34,6.82,16.72,2.38,2.94,6.72,12.89,5.95,15,16,0.94,33.77,22.12,55.89,-1.24
002159,20240126,20260314,20260119,15.85,20.31,28.14,34,15.25,33.18,1.01,2.97,13.5,20.19,9.18,20,13,1.54,45.5,19.47,64.97,6.61
002312,20240126,20260314,20260119,11.58,13.33,15.11,34,11.21,18.91,10.02,6.48,0.17,13.39,6.68,19,13,1.46,45.32,29.59,74.91,1.52
600098,20240126,20260314,20260119,6.76,7.87,16.42,34,6.55,20.15,2.96,5.92,2.22,13.17,5.67,19,11,1.73,30.91,15.16,46.07,2.88
300405,20240126,20260314,20260119,6.7,7.32,9.25,34,6.47,13.14,4.48,0.45,5.37,8.66,4.37,19,13,1.46,32.13,22.58,54.71,0.55
000037,20240126,20260314,20260119,9.04,9.89,9.4,34,8.43,17.32,2.21,2.65,5.75,11.28,5.22,18,13,1.38,26.07,16.68,42.76,-1.69
000928,20240126,20260314,20260119,6.55,7.15,9.16,34,6.43,11.2,3.82,5.34,1.53,9.16,4.66,20,12,1.67,25.67,16.49,42.16,0.0
002817,20240126,20260314,20260119,7.88,8.52,8.12,34,7.7,10.65,3.3,3.17,4.7,6.6,4.34,20,11,1.82,23.12,14.94,38.06,1.43
002259,20240126,20260314,20260119,4.18,5.8,38.76,34,4.16,39.42,15.55,41.63,33.49,38.28,33.3,20,12,1.67,71.16,35.4,106.56,0.35
603041,20240126,20260314,20260119,12.66,13.56,7.11,34,12.17,11.42,3.48,3.71,5.13,4.58,4.26,20,11,1.82,22.96,15.7,38.65,2.42
002508,20240126,20260314,20260119,19.62,20.82,6.12,34,19.29,7.93,3.36,6.98,7.75,3.57,5.8,14,17,0.82,24.34,17.82,42.17,2.46
002109,20240126,20260314,20260119,3.85,5.18,34.55,34,3.57,45.1,4.16,8.83,7.79,23.64,10.55,21,12,1.75,67.22,35.05,102.27,8.82
002391,20240126,20260314,20260119,6.22,6.72,8.04,34,6.0,12.0,3.38,4.98,0.64,5.95,3.55,22,10,2.2,22.65,14.53,37.19,1.97
600780,20240126,20260314,20260119,6.07,6.79,11.86,34,5.76,17.88,1.15,1.81,-1.32,10.21,2.42,18,13,1.38,25.56,13.93,39.5,1.49
600722,20240126,20260314,20260119,6.49,16.94,161.02,34,6.04,180.46,8.94,34.51,36.36,103.85,43.82,23,10,2.3,145.14,42.0,187.13,28.04
600983,20240126,20260314,20260119,10.59,11.63,9.82,33,9.79,18.79,2.36,5.67,13.5,14.26,9.07,19,13,1.46,30.76,20.69,51.45,-2.43
600313,20240126,20260314,20260119,6.63,8.25,24.43,34,6.43,28.3,2.26,33.18,9.35,28.51,18.91,18,15,1.2,66.35,41.31,107.65,-3.17
603806,20240126,20260314,20260119,15.32,17.47,14.03,34,13.97,25.05,12.99,11.03,17.75,13.71,13.97,17,16,1.06,51.67,36.25,87.92,0.29
601200,20240126,20260314,20260119,8.25,8.97,8.73,34,8.1,10.74,3.27,4.0,0.36,6.79,3.32,16,16,1.0,21.07,12.41,33.48,1.82
600188,20240126,20260314,20260119,13.86,21.77,57.07,34,13.24,64.43,-0.07,5.63,25.18,46.32,18.49,20,12,1.67,78.85,30.85,109.7,7.35
600963,20240126,20260314,20260119,4.67,5.57,19.27,34,4.7,18.51,6.0,22.91,25.91,28.27,21.5,16,16,1.0,57.86,37.95,95.81,-7.01
002408,20240126,20260314,20260119,5.06,6.26,23.72,34,4.87,28.54,20.36,16.6,13.64,25.1,18.16,20,13,1.54,50.98,28.0,78.98,-1.11
600546,20240126,20260314,20260119,10.43,12.39,18.79,34,10.18,21.71,2.68,8.15,6.04,18.89,8.57,18,15,1.2,50.61,31.66,82.27,-0.08
002041,20240126,20260314,20260119,9.83,11.33,15.26,34,9.54,18.76,0.61,14.85,4.27,18.01,9.46,16,16,1.0,46.49,30.4,76.89,-2.33
002116,20240126,20260314,20260119,10.74,11.29,5.12,34,10.3,9.61,1.3,2.98,0.56,2.89,1.9,18,13,1.38,19.93,14.64,34.57,2.17
000782,20240126,20260314,20260119,5.55,5.97,7.57,34,4.9,21.84,2.7,6.13,9.37,10.99,7.39,15,16,0.94,35.0,26.7,61.69,-3.08
300157,20240126,20260314,20260119,4.9,7.39,50.82,34,4.64,59.27,4.69,15.92,14.9,66.73,23.53,14,19,0.74,116.32,65.61,181.94,-9.55
000539,20240126,20260314,20260119,4.71,5.31,12.74,34,4.47,18.79,1.91,3.82,1.06,9.98,3.84,20,12,1.67,25.78,13.44,39.22,2.51
002637,20240126,20260314,20260119,11.02,15.87,44.01,34,10.17,56.05,13.25,30.4,23.87,38.66,26.66,17,16,1.06,76.13,36.47,112.61,3.86
002760,20240126,20260314,20260119,21.74,23.38,7.54,34,21.82,7.15,9.89,9.11,8.1,5.52,8.24,15,18,0.83,38.13,29.51,67.64,1.92
300187,20240126,20260314,20260119,5.25,5.59,6.48,34,4.97,12.47,2.86,2.29,1.14,8.76,3.35,14,18,0.78,25.63,18.44,44.07,-2.1
600800,20240126,20260314,20260116,4.09,5.26,28.61,35,3.42,53.8,11.49,17.36,6.36,24.45,14.3,22,12,1.83,67.56,39.52,107.08,2.73
600841,20240126,20260314,20260116,6.8,9.08,33.53,35,6.08,49.34,13.24,31.47,61.18,53.68,41.18,19,15,1.27,86.01,53.05,139.06,-8.38
002144,20240126,20260314,20260116,13.19,15.85,20.17,35,12.62,25.59,3.64,13.72,15.92,24.41,14.5,18,15,1.2,43.59,24.01,67.6,-0.13
600360,20240126,20260314,20260116,8.4,9.26,10.24,35,8.12,14.04,1.67,5.83,8.33,8.57,6.3,21,12,1.75,28.49,18.25,46.73,0.65
300461,20240126,20260314,20260116,20.44,59.29,190.07,35,19.24,208.16,14.77,68.79,157.83,199.66,110.87,23,11,2.09,158.16,41.1,199.27,5.24
600623,20240126,20260314,20260116,8.95,11.61,29.72,35,7.82,48.47,6.48,12.07,4.69,20.22,10.37,22,11,2.0,56.67,28.86,85.53,4.31
603637,20240126,20260314,20260116,11.35,12.31,8.46,35,10.79,14.09,6.26,7.84,16.92,13.57,11.39,19,15,1.27,39.51,30.01,69.52,-3.07
002106,20240126,20260314,20260116,11.32,12.64,11.66,35,11.02,14.7,2.21,3.36,5.83,7.95,4.79,22,10,2.2,32.19,20.5,52.68,3.44
603519,20240126,20260314,20260116,12.59,13.74,9.13,35,12.14,13.18,4.21,7.55,8.34,8.74,7.36,22,12,1.83,23.01,13.96,36.97,2.16
000755,20240126,20260314,20260116,5.13,5.58,8.77,35,5.06,10.28,3.51,3.9,2.34,8.38,4.25,15,14,1.07,20.41,11.75,32.16,0.9
600163,20240126,20260314,20260116,5.54,6.75,21.84,35,5.48,23.18,7.22,6.5,10.83,18.41,10.32,23,10,2.3,42.9,21.97,64.87,2.27
603320,20240126,20260314,20260115,20.88,23.14,10.82,36,18.82,22.95,10.49,5.12,21.46,19.4,13.95,15,20,0.75,41.7,29.89,71.59,-6.51
600054,20240126,20260314,20260115,11.78,13.46,14.26,36,11.35,18.59,1.36,0.93,12.39,5.6,5.39,17,17,1.0,37.95,23.71,61.66,8.29
300241,20240126,20260314,20260115,5.87,7.46,27.09,36,5.67,31.57,2.9,2.21,6.13,25.89,8.26,20,14,1.43,54.04,27.27,81.31,3.61
600389,20240126,20260314,20260115,25.22,31.55,25.1,36,24.85,26.96,5.63,9.44,1.39,12.81,6.94,20,15,1.33,64.73,39.59,104.32,7.42
002876,20240126,20260314,20260115,24.95,27.92,11.9,36,23.84,17.11,10.98,6.17,13.47,12.63,10.61,18,17,1.06,40.92,28.32,69.24,3.06
600507,20240126,20260314,20260115,5.84,6.81,16.61,36,5.94,14.65,3.6,8.73,10.1,21.23,10.62,21,14,1.5,43.24,26.67,69.92,-2.99
600469,20240126,20260314,20260115,6.46,7.33,13.47,36,6.86,6.85,9.13,11.92,12.38,12.23,11.56,21,13,1.62,35.27,21.83,57.1,2.95
600461,20240126,20260314,20260115,9.36,10.04,7.26,36,9.5,5.68,3.63,3.1,3.63,5.56,3.86,19,15,1.27,15.62,8.46,24.08,0.6
002753,20240126,20260314,20260115,7.35,8.19,11.43,36,7.15,14.55,2.45,4.76,7.21,3.81,4.84,20,13,1.54,30.89,19.5,50.39,3.02
603599,20240126,20260314,20260115,12.19,15.77,29.37,36,11.57,36.3,2.54,15.59,23.79,17.15,15.75,19,16,1.19,60.98,33.1,94.08,5.84
300196,20240126,20260314,20260115,15.55,19.41,24.82,36,14.87,30.53,6.05,6.75,30.74,23.67,17.19,18,17,1.06,67.08,41.77,108.85,4.81
300651,20240126,20260314,20260114,23.05,27.55,19.52,37,20.61,33.67,1.3,-0.48,12.89,25.25,9.03,21,14,1.5,56.89,35.87,92.76,-8.96
601216,20240126,20260314,20260114,5.67,6.4,12.87,37,4.85,31.96,4.23,3.7,0.18,7.05,3.42,21,15,1.4,48.76,35.06,83.83,-1.08
002469,20240126,20260314,20260114,8.75,10.1,15.43,37,8.45,19.53,3.43,6.17,3.2,3.89,4.28,22,12,1.83,33.51,18.56,52.08,6.2
002372,20240126,20260314,20260114,10.95,11.72,7.03,37,10.69,9.64,3.65,5.57,11.42,8.04,7.44,18,18,1.0,32.88,25.25,58.12,0.95
300279,20240126,20260314,20260114,7.57,10.29,35.93,37,7.23,42.32,23.38,14.4,21.93,36.06,22.79,20,16,1.25,65.92,32.12,98.04,0.1
600770,20240126,20260314,20260114,5.63,5.95,5.68,37,5.23,13.77,-0.18,17.58,22.2,3.37,12.57,19,16,1.19,51.39,43.37,94.76,-4.19
002648,20240126,20260314,20260114,18.98,28.25,48.84,37,17.76,59.07,9.54,17.18,18.07,24.66,17.42,22,13,1.69,77.87,35.04,112.91,1.99
300138,20240126,20260314,20260114,13.78,14.66,6.39,37,12.83,14.26,3.05,-0.87,-0.58,-0.58,0.06,18,18,1.0,33.68,26.47,60.15,1.1
600084,20240126,20260314,20260113,5.7,7.01,22.98,38,5.3,32.26,3.51,8.25,28.42,20.88,15.88,21,16,1.31,64.82,41.3,106.13,0.14
002597,20240126,20260314,20260113,21.91,25.52,16.48,38,20.81,22.63,4.11,2.92,8.81,18.94,8.13,22,15,1.47,57.24,39.83,97.07,2.08
600101,20240126,20260314,20260113,9.89,10.99,11.12,38,9.36,17.41,1.92,0.4,2.63,11.63,3.62,21,15,1.4,29.44,18.37,47.82,-2.83
000554,20240126,20260314,20260113,6.87,9.29,35.23,38,6.56,41.62,0.73,12.66,18.2,57.93,20.99,20,16,1.25,84.98,50.6,135.58,-10.76
300440,20240126,20260314,20260113,13.01,16.37,25.83,38,12.23,33.85,-0.38,11.84,11.61,28.75,12.71,20,16,1.25,55.14,30.51,85.64,-0.73
600505,20240126,20260314,20260113,14.09,14.81,5.11,38,13.27,11.61,1.21,-1.63,-0.85,6.1,0.72,21,15,1.4,29.91,24.32,54.24,-5.85
600189,20240126,20260314,20260113,7.29,8.17,12.07,38,6.94,17.72,11.25,17.28,14.27,14.4,14.6,16,21,0.76,36.07,23.67,59.75,-1.57
600137,20240126,20260314,20260112,19.58,22.86,16.75,39,19.09,19.75,0.15,5.31,12.05,8.89,7.02,23,13,1.77,31.17,15.16,46.33,3.16
000591,20240126,20260314,20260112,4.63,6.26,35.21,39,4.43,41.41,8.86,22.89,20.09,25.05,19.68,23,15,1.53,64.73,32.38,97.11,-2.19
601139,20240126,20260314,20260112,6.72,7.65,13.84,39,6.62,15.56,-0.74,2.23,1.19,6.4,2.16,19,15,1.27,38.9,24.52,63.42,5.81
002606,20240126,20260314,20260112,9.19,13.2,43.63,39,8.87,48.82,7.18,18.82,28.94,39.28,23.62,20,18,1.11,77.18,37.97,115.15,-6.25
300617,20240126,20260314,20260112,34.96,61.9,77.06,39,33.83,82.97,19.57,25.83,40.19,61.78,36.08,18,20,0.9,137.05,71.04,208.09,-12.63
600452,20240126,20260314,20260112,10.42,15.25,46.35,39,9.51,60.36,-2.11,8.06,10.75,40.21,13.26,20,17,1.18,75.55,34.49,110.03,-6.56
603138,20240126,20260314,20260112,15.78,20.3,28.64,39,14.5,40.0,4.69,13.69,15.46,41.32,17.95,15,23,0.65,91.25,60.92,152.17,-12.84
601616,20240126,20260314,20260112,4.07,5.49,34.89,39,3.93,39.69,12.53,43.0,25.55,30.22,29.12,17,20,0.85,88.46,53.97,142.43,-10.44
601368,20240126,20260314,20260112,5.06,5.56,9.88,39,4.99,11.42,0.4,4.15,3.95,5.93,3.7,17,17,1.0,19.98,10.36,30.33,0.54
300452,20240126,20260314,20260112,13.89,15.28,10.01,39,13.5,13.19,11.88,12.96,13.89,9.86,12.4,17,21,0.81,47.07,34.82,81.89,-0.46
600131,20240126,20260314,20260112,17.85,22.03,23.42,39,16.4,34.33,2.02,7.62,2.24,11.54,5.67,23,15,1.53,53.31,30.77,84.08,-1.78
002806,20240126,20260314,20260112,12.58,15.35,22.02,39,12.44,23.39,2.38,6.52,13.91,28.7,12.34,23,14,1.64,46.19,24.92,71.11,-0.58
300257,20240126,20260314,20260112,14.85,31.56,112.53,39,14.13,123.35,9.7,20.81,19.46,62.63,26.55,22,15,1.47,117.13,35.14,152.27,10.31
001896,20240126,20260314,20260112,6.01,15.44,156.91,39,5.25,194.1,5.49,6.49,8.32,135.27,32.6,26,12,2.17,131.25,31.08,162.33,-3.2
603326,20240126,20260314,20260112,9.08,9.71,6.94,39,8.92,8.86,-0.44,10.02,13.22,6.83,8.25,21,17,1.24,25.36,18.23,43.59,-0.31
300473,20240126,20260314,20260109,32.37,36.2,11.83,40,30.22,19.79,-1.79,1.02,1.79,11.52,2.79,20,19,1.05,50.2,37.66,87.86,5.11
300592,20240126,20260314,20260109,12.15,12.84,5.68,40,11.01,16.62,5.51,24.77,14.65,15.06,15.94,17,22,0.77,60.56,51.48,112.05,-4.46
300277,20240126,20260314,20260109,13.7,20.61,50.44,40,12.99,58.66,8.47,37.01,33.94,83.43,39.67,18,21,0.86,129.66,79.02,208.68,-14.87
300017,20240126,20260314,20260109,11.31,17.75,56.94,40,10.58,67.77,5.39,0.71,58.89,78.6,34.68,17,22,0.77,120.96,67.41,188.37,-11.38
002780,20240126,20260314,20260109,14.45,15.53,7.47,40,14.33,8.37,2.08,5.19,17.44,12.66,9.74,18,21,0.86,45.97,36.67,82.64,0.32
002322,20240126,20260314,20260109,12.63,14.36,13.7,40,12.59,14.06,3.4,6.41,5.7,11.32,6.58,22,17,1.29,33.44,20.02,53.46,0.42
300191,20240126,20260314,20260109,20.04,44.22,120.66,40,19.02,132.49,11.68,15.42,55.39,83.93,40.36,21,18,1.17,175.35,81.46,256.81,-10.18
300065,20240126,20260314,20260108,22.5,26.26,16.71,41,18.68,40.58,7.2,-0.67,30.13,19.51,14.18,18,21,0.86,92.55,71.8,164.35,-8.31
000159,20240126,20260314,20260108,6.37,6.74,5.81,41,5.79,16.41,-0.47,2.98,10.36,10.2,5.95,18,21,0.86,49.67,41.96,91.63,-5.87
300016,20240126,20260314,20260108,9.25,10.6,14.59,41,8.99,17.91,5.62,-0.65,11.89,8.43,6.18,20,20,1.0,57.02,41.43,98.45,-3.46
300051,20240126,20260314,20260108,7.23,9.27,28.22,41,6.59,40.67,19.64,18.67,54.22,38.04,33.4,17,23,0.74,90.35,59.55,149.91,-4.24
600354,20240126,20260314,20260108,6.55,7.4,12.98,41,6.44,14.91,0.46,3.05,9.16,5.5,4.86,21,19,1.11,53.46,38.93,92.39,-5.61
600590,20240126,20260314,20260108,10.39,14.5,39.56,41,9.4,54.26,-2.6,-3.75,19.25,45.14,13.16,22,17,1.29,110.04,70.8,180.83,-14.66
002833,20240126,20260314,20260108,16.6,18.52,11.57,41,16.46,12.52,3.61,8.49,13.37,16.81,10.64,23,17,1.35,36.52,24.79,61.32,4.34
300044,20240126,20260314,20260108,4.31,7.61,76.57,41,3.94,93.15,43.16,33.87,50.35,89.1,51.72,23,16,1.44,128.34,64.02,192.36,-3.06
603188,20240126,20260314,20260108,4.61,5.36,16.27,41,4.57,17.29,0.87,6.29,11.93,26.03,10.85,23,17,1.35,51.49,34.58,86.08,-2.55
600796,20240126,20260314,20260108,6.13,7.05,15.01,41,6.1,15.57,0.16,6.69,8.16,14.52,7.39,20,19,1.05,41.73,26.53,68.25,1.44
600051,20240126,20260314,20260108,7.59,8.21,8.17,41,7.58,8.31,0.66,3.82,6.59,7.11,4.68,18,19,0.95,22.55,14.41,36.96,1.36
600986,20240126,20260314,20260108,8.87,10.33,16.46,41,8.27,24.91,39.68,14.99,66.97,32.92,39.11,19,21,0.9,117.97,94.77,212.74,-7.69
002828,20240126,20260314,20260108,11.28,13.88,23.05,41,10.72,29.48,7.54,7.09,11.88,19.68,11.14,21,17,1.24,75.14,50.23,125.37,-6.09
300246,20240126,20260314,20260108,9.1,14.84,63.08,41,8.61,72.36,50.88,43.74,48.46,43.52,46.54,20,19,1.05,108.07,51.46,159.54,14.33
300383,20240126,20260314,20260108,14.27,15.17,6.31,41,12.96,17.05,11.42,-1.05,5.12,15.98,6.7,20,20,1.0,84.17,73.16,157.32,-4.05
002458,20240126,20260314,20260108,8.9,9.89,11.12,41,8.59,15.13,2.02,2.92,8.31,11.24,6.02,20,18,1.11,27.94,17.01,44.95,1.02
002296,20240126,20260314,20260108,11.3,13.02,15.22,41,11.23,15.94,11.42,13.72,16.02,28.85,16.98,21,18,1.17,55.69,39.36,95.05,-4.89
300172,20240126,20260314,20260108,5.64,6.14,8.87,41,5.51,11.43,1.6,3.72,4.43,9.57,4.68,22,18,1.22,25.55,16.67,42.21,-3.91
603318,20240126,20260314,20260108,6.84,8.58,25.44,41,6.69,28.25,1.46,2.49,3.95,6.58,3.54,21,17,1.24,65.86,39.75,105.61,-7.74
300234,20240126,20260314,20260108,5.78,6.11,5.71,41,5.4,13.15,1.9,5.71,4.67,7.96,5.09,19,18,1.06,37.8,31.23,69.03,-1.13
600847,20240126,20260314,20260108,11.96,15.51,29.68,41,11.67,32.9,5.52,12.54,15.64,19.65,13.49,22,18,1.22,49.76,22.55,72.3,11.66
002216,20240126,20260314,20260108,11.51,12.18,5.82,41,11.38,7.03,0.17,1.82,4.43,0.78,2.06,15,22,0.68,30.99,24.44,55.43,-2.64
300407,20240126,20260314,20260108,11.85,13.91,17.38,41,11.74,18.48,7.17,9.2,14.68,19.66,12.53,23,16,1.44,50.81,33.49,84.29,-3.4
300048,20240126,20260314,20260107,6.24,7.96,27.56,42,6.09,30.71,11.06,13.78,13.46,18.59,14.1,21,20,1.05,57.94,31.55,89.49,-2.45
002207,20240126,20260314,20260107,8.26,11.17,35.23,42,7.84,42.47,9.2,0.61,14.04,40.31,14.3,20,21,0.95,117.15,79.87,197.02,-14.8
002838,20240126,20260314,20260107,24.62,26.01,5.65,42,23.76,9.47,12.59,12.1,15.76,19.21,14.72,20,21,0.95,47.54,40.17,87.71,-1.1
002541,20240126,20260314,20260107,18.63,22.74,22.06,42,16.3,39.51,14.28,15.94,21.95,23.03,18.83,20,21,0.95,66.46,44.24,110.7,-2.7
002119,20240126,20260314,20260107,17.35,21.32,22.88,42,16.89,26.23,4.03,37.81,48.59,36.14,33.95,21,19,1.11,78.91,54.44,133.34,-2.25
603488,20240126,20260314,20260107,8.7,10.44,20.0,42,7.82,33.5,34.94,15.4,14.37,12.53,18.42,19,21,0.9,70.07,48.05,118.12,4.09
601918,20240126,20260314,20260107,7.02,8.28,17.95,42,6.64,24.7,1.0,0.57,-1.28,6.98,1.38,23,17,1.35,44.12,26.51,70.63,2.99
603078,20240126,20260314,20260107,19.25,23.22,20.62,37,18.31,26.82,22.39,50.81,27.06,23.38,32.52,16,18,0.89,64.95,42.73,107.69,-1.36
002859,20240126,20260314,20260107,29.22,42.62,45.86,33,29.22,45.86,1.78,19.88,31.18,46.75,25.02,20,12,1.67,60.65,21.11,81.76,-3.57
600589,20240126,20260314,20260106,7.98,10.86,36.09,43,7.39,46.96,29.32,19.92,23.93,49.0,28.82,22,20,1.1,125.98,87.45,213.43,-10.91
002112,20240126,20260314,20260106,14.16,25.24,78.25,43,13.59,85.72,12.22,55.16,52.75,77.47,50.31,23,19,1.21,148.2,82.03,230.23,-8.65
600359,20240126,20260314,20260106,7.28,7.69,5.63,43,7.12,8.01,3.3,2.61,2.75,2.34,2.74,21,19,1.11,35.06,28.62,63.68,-2.16
600259,20240126,20260314,20260106,58.21,90.03,54.66,43,57.04,57.84,21.35,29.67,31.76,49.58,32.61,23,19,1.21,112.06,63.16,175.21,-2.14
002620,20240126,20260314,20260106,5.5,7.12,29.45,43,5.29,34.59,9.27,10.0,7.27,19.64,10.96,23,18,1.28,65.01,37.3,102.3,11.08
300175,20240126,20260314,20260106,5.79,6.5,12.26,43,5.66,14.84,2.59,10.88,7.6,11.92,8.45,25,15,1.67,33.62,21.44,55.07,-2.84
601117,20240126,20260314,20260106,7.75,10.14,30.84,43,7.55,34.3,5.42,3.1,6.97,12.13,6.53,22,17,1.29,56.23,27.65,83.88,10.46
603881,20240126,20260314,20260106,31.84,35.52,11.56,43,31.49,12.8,12.22,7.6,19.0,22.42,14.91,23,18,1.28,79.43,64.46,143.89,-6.6
000831,20240126,20260314,20260106,48.91,53.02,8.4,43,47.79,10.94,10.61,9.94,4.31,18.18,10.03,23,19,1.21,71.46,60.13,131.59,-7.53
300215,20240126,20260314,20260106,6.5,9.78,50.46,43,6.45,51.63,8.15,46.46,48.92,55.38,41.32,20,21,0.95,106.91,58.88,165.79,-10.93
300195,20240126,20260314,20260106,8.29,8.86,6.88,43,8.04,10.2,4.58,8.81,3.98,8.32,6.42,19,22,0.86,41.37,33.63,74.99,-3.8
300042,20240126,20260314,20260106,27.56,38.0,37.88,43,26.97,40.9,5.77,7.55,21.84,30.73,16.12,27,15,1.8,82.64,47.28,129.92,-1.94
600482,20240126,20260314,20260106,23.27,32.85,41.17,43,21.81,50.62,1.2,6.75,10.06,42.63,13.81,23,19,1.21,81.38,43.87,125.24,-12.77
601678,20240126,20260314,20260106,4.75,5.63,18.53,43,4.32,30.32,-2.11,1.05,7.16,16.84,5.41,24,18,1.33,57.78,38.85,96.63,0.9
300566,20240126,20260314,20260106,18.95,20.56,8.5,43,18.59,10.6,2.37,3.59,2.37,9.6,4.18,25,17,1.47,32.51,23.62,56.13,3.01
000899,20240126,20260314,20260105,9.97,13.91,39.52,44,9.97,39.52,2.51,4.91,8.02,5.32,5.44,28,15,1.87,73.82,37.29,111.11,-6.89
002490,20240126,20260314,20260105,7.15,11.2,56.64,44,7.15,56.64,7.13,9.79,25.87,7.69,13.66,25,18,1.39,127.81,75.83,203.64,-15.41
300286,20240126,20260314,20260105,23.98,30.89,28.82,44,23.98,28.82,8.72,13.34,14.89,14.93,13.2,23,20,1.15,69.72,42.1,111.82,-7.18
600392,20240126,20260314,20260105,21.91,25.3,15.47,44,21.91,15.47,6.8,8.67,23.37,34.46,17.86,22,21,1.05,87.35,68.08,155.43,-8.07
603727,20240126,20260314,20260105,14.39,17.7,23.0,44,14.39,23.0,4.24,3.96,14.18,12.86,8.86,26,17,1.53,61.65,38.28,99.93,-8.2
600406,20240126,20260314,20260105,23.15,29.21,26.18,44,23.15,26.18,2.29,5.4,8.86,12.87,7.31,28,15,1.87,48.48,24.18,72.66,-7.33
300001,20240126,20260314,20260105,26.34,30.85,17.12,44,26.34,17.12,3.57,6.68,2.28,3.26,4.05,26,17,1.53,50.22,33.06,83.28,-4.52
002440,20240126,20260314,20260105,7.48,13.39,79.01,44,7.48,79.01,4.14,4.01,68.32,97.73,42.07,25,18,1.39,107.28,44.3,151.58,-3.81
399244,20240126,20260314,20260105,615.87,683.4,10.96,44,615.87,10.96,3.59,4.29,5.77,5.32,4.8,24,19,1.26,26.8,16.11,42.91,-0.19
300206,20240126,20260314,20260105,13.79,14.74,6.89,44,13.79,6.89,5.0,4.5,3.7,5.37,4.53,21,22,0.95,37.98,30.35,68.33,0.55
300227,20240126,20260314,20260105,9.94,12.93,30.08,44,9.94,30.08,0.91,5.43,18.01,29.98,13.21,24,19,1.26,70.24,41.48,111.72,0.23
002774,20240126,20260314,20260105,10.21,11.0,7.74,44,10.21,7.74,46.43,10.58,10.28,10.19,17.58,22,21,1.05,64.97,53.88,118.85,-0.63
300398,20240126,20260314,20260105,23.3,27.97,20.04,44,23.3,20.04,6.57,10.34,19.1,21.72,14.49,25,18,1.39,71.72,50.76,122.48,1.41
600584,20240126,20260314,20260105,38.36,45.48,18.56,44,38.36,18.56,7.35,26.15,28.99,20.26,22.06,23,20,1.15,67.28,47.73,115.01,1.07
603797,20240126,20260314,20260105,4.85,5.13,5.77,44,4.85,5.77,0.82,-0.21,3.09,2.68,1.56,22,19,1.16,24.54,18.58,43.12,0.2
002206,20240126,20260314,20260105,6.14,6.88,12.05,44,6.14,12.05,0.65,7.0,20.52,14.17,11.22,24,16,1.5,48.78,35.94,84.72,-0.15
603585,20240126,20260314,20260105,19.38,22.16,14.34,44,19.38,14.34,0.62,7.12,11.4,5.57,6.79,26,16,1.62,43.05,28.53,71.58,5.12
603002,20240126,20260314,20260105,7.57,10.69,41.22,44,7.57,41.22,1.98,6.74,22.46,28.01,14.76,25,18,1.39,70.1,33.24,103.35,4.29
600676,20240126,20260314,20260105,5.94,7.77,30.81,44,5.94,30.81,14.31,59.26,31.14,38.05,37.59,20,22,0.91,84.81,53.75,138.56,-6.61
600851,20240126,20260314,20260105,7.01,8.84,26.11,44,7.01,26.11,6.56,3.28,9.99,18.97,9.09,24,18,1.33,47.34,22.91,70.25,0.68
300063,20240126,20260314,20260105,8.91,11.71,31.43,44,8.91,31.43,21.77,44.44,84.62,60.16,55.1,19,23,0.83,134.21,93.86,228.07,-7.65
002246,20240126,20260314,20260105,18.92,24.12,27.48,44,18.92,27.48,8.46,4.92,13.4,6.5,8.49,26,17,1.53,75.55,48.09,123.64,-2.66
002044,20240126,20260314,20260105,5.46,6.19,13.37,44,5.46,13.37,12.27,40.29,28.02,27.47,28.44,22,19,1.16,79.03,62.21,141.24,-2.52
300164,20240126,20260314,20260105,5.87,19.84,237.99,44,5.87,237.99,11.93,20.95,119.42,81.94,60.89,26,17,1.53,225.91,85.65,311.55,-6.15
300244,20240126,20260314,20260105,17.13,20.2,17.92,44,17.13,17.92,26.8,47.52,39.46,40.81,39.62,19,24,0.79,96.68,73.0,169.69,-3.58
002254,20240126,20260314,20260105,11.02,12.43,12.79,44,11.02,12.79,8.8,6.17,18.51,18.97,12.96,26,16,1.62,73.92,58.17,132.09,5.16
002432,20240126,20260314,20260105,40.92,55.31,35.17,44,40.92,35.17,2.03,1.74,1.64,0.76,1.57,28,15,1.87,60.88,28.64,89.52,9.94
600268,20240126,20260314,20260105,10.75,15.14,40.84,44,10.75,40.84,5.67,13.86,18.88,19.81,14.92,28,15,1.87,79.91,42.68,122.59,-7.34
603022,20240126,20260314,20260105,10.51,11.28,7.33,44,10.51,7.33,0.76,4.66,7.99,9.71,5.89,19,22,0.86,31.99,24.25,56.24,-0.62
600583,20240126,20260314,20260105,5.56,7.16,28.78,44,5.56,28.78,6.47,7.19,19.96,23.38,14.12,22,20,1.1,75.64,47.19,122.83,-4.66
300480,20240126,20260314,20260105,17.08,30.58,79.04,44,17.08,79.04,11.36,22.48,32.73,63.93,31.62,23,19,1.21,112.74,48.06,160.8,-6.2
601808,20240126,20260314,20251231,14.04,17.69,26.0,45,14.14,25.11,1.85,10.83,22.58,14.74,13.34,24,19,1.26,74.59,48.31,122.91,-7.91
300170,20240126,20260314,20251231,18.92,23.41,23.73,45,20.44,14.53,19.82,62.0,44.66,34.67,42.9,22,22,1.0,110.93,81.36,192.29,-12.58
600410,20240126,20260314,20251231,17.88,28.59,59.9,45,18.65,53.3,7.89,36.58,22.65,25.11,24.37,27,16,1.69,128.55,74.85,203.4,-6.29
300418,20240126,20260314,20251231,41.7,50.51,21.13,45,43.77,15.4,7.96,49.42,35.76,51.1,37.37,21,23,0.91,112.64,85.18,197.82,-8.2
002195,20240126,20260314,20251231,7.09,10.45,47.39,45,7.8,33.97,46.4,67.42,43.16,43.58,51.17,25,19,1.32,116.98,71.43,188.41,-1.88
600273,20240126,20260314,20251231,8.74,10.28,17.62,45,8.72,17.89,8.81,15.56,39.13,34.9,25.15,21,22,0.95,65.96,47.01,112.98,-2.84
600525,20240126,20260314,20251231,3.53,5.61,58.92,45,3.71,51.21,17.85,21.81,27.48,27.76,23.91,27,16,1.69,78.69,30.4,109.09,-3.61
603199,20240126,20260314,20251231,36.76,42.57,15.81,45,36.91,15.33,3.29,9.47,12.73,13.08,9.93,21,22,0.95,46.44,30.48,76.92,5.01
300599,20240126,20260314,20251231,8.15,10.44,28.1,45,9.78,6.75,20.25,25.4,27.36,21.47,24.17,29,15,1.93,74.97,46.26,121.24,4.3
603012,20240126,20260314,20251231,6.04,8.21,35.93,45,6.03,36.15,13.25,18.21,32.12,34.44,24.64,26,16,1.62,65.52,32.79,98.31,-0.48
300540,20240126,20260314,20251231,20.0,22.55,12.75,45,19.77,14.06,2.5,8.5,10.15,13.7,8.84,23,21,1.1,73.2,58.22,131.42,-4.45
603021,20240126,20260314,20251231,4.67,7.19,53.96,45,4.68,53.63,3.0,1.07,15.42,30.84,11.72,26,17,1.53,88.1,42.3,130.41,-2.97
002757,20240126,20260314,20251231,19.47,20.98,7.76,45,21.42,-2.05,22.09,22.14,10.99,31.84,20.72,23,21,1.1,99.02,85.19,184.21,-4.59
000059,20240126,20260314,20251230,5.35,6.06,13.27,46,5.4,12.22,3.36,3.18,14.21,12.15,8.32,24,18,1.33,51.21,37.06,88.27,4.12
300442,20240126,20260314,20251230,51.42,83.54,62.47,40,55.99,49.21,17.81,76.41,57.23,101.07,63.87,18,20,0.9,122.1,65.01,187.11,-13.3
603009,20240126,20260314,20251230,48.4,52.15,7.75,46,49.0,6.43,-2.21,-1.34,9.71,5.95,3.26,22,22,1.0,58.8,49.5,108.3,0.13
600552,20240126,20260314,20251230,12.43,13.48,8.45,46,12.15,10.95,1.37,17.54,22.28,16.25,15.47,21,24,0.88,65.95,54.92,120.87,1.74
603808,20240126,20260314,20251230,8.68,9.71,11.87,46,8.47,14.64,-1.38,6.68,12.44,17.86,9.03,20,23,0.87,41.13,28.95,70.08,-0.72
600481,20240126,20260314,20251229,6.41,7.45,16.22,47,6.41,16.22,2.34,10.3,27.15,61.93,24.09,25,21,1.19,116.01,93.66,209.67,-2.99
002099,20240126,20260314,20251229,6.17,7.38,19.61,47,6.43,14.77,5.51,15.4,1.62,35.82,13.37,26,20,1.3,84.58,62.66,147.24,-1.99
300125,20240126,20260314,20251229,7.46,8.79,17.83,47,7.39,18.94,-3.35,0.0,6.84,4.69,2.32,23,22,1.05,56.32,38.34,94.66,-1.68
002092,20240126,20260314,20251229,4.8,8.51,77.29,47,4.93,72.62,12.92,13.96,29.79,50.42,25.79,28,17,1.65,109.76,48.26,158.02,7.59
600671,20240126,20260314,20251229,17.39,21.33,22.66,47,17.39,22.66,0.58,0.86,9.89,16.04,6.55,25,19,1.32,59.21,36.36,95.57,-0.84
002416,20240126,20260314,20251229,12.23,13.48,10.22,47,12.59,7.07,4.01,10.06,10.06,12.59,9.36,24,22,1.09,47.54,36.63,84.18,5.64
600292,20240126,20260314,20251229,12.89,14.66,13.73,47,13.04,12.42,2.33,4.42,4.89,9.23,5.1,24,22,1.09,46.07,31.88,77.94,-6.33
603007,20240126,20260314,20251226,5.3,7.26,36.98,48,5.75,26.26,8.49,11.32,9.81,12.26,10.49,28,16,1.75,69.84,36.52,106.36,10.5
002237,20240126,20260314,20251226,13.37,16.79,25.58,48,13.8,21.67,3.22,7.85,41.51,30.59,21.57,25,21,1.19,87.22,60.12,147.35,-4.93
600435,20240126,20260314,20251226,14.89,16.09,8.06,48,16.38,-1.77,10.01,46.88,15.31,13.9,23.44,20,27,0.74,73.9,62.46,136.36,-7.37
000758,20240126,20260314,20251226,6.5,7.48,15.08,48,6.65,12.48,2.31,8.0,34.62,13.85,16.02,23,24,0.96,77.04,59.05,136.09,-5.08
002342,20240126,20260314,20251226,8.17,13.23,61.93,48,8.67,52.6,6.12,47.86,67.81,144.55,64.84,23,24,0.96,162.49,103.96,266.45,-6.7
600328,20240126,20260314,20251226,8.07,10.14,25.65,48,8.23,23.21,1.98,6.07,13.01,11.15,8.35,25,20,1.25,59.85,35.17,95.02,8.1
300291,20240126,20260314,20251226,6.4,7.34,14.69,48,7.25,1.24,13.28,62.34,41.56,41.87,42.2,21,26,0.81,109.13,86.83,195.96,-3.55
603960,20240126,20260314,20251226,19.94,22.57,13.19,48,20.04,12.62,0.5,3.56,5.27,11.94,5.14,26,20,1.3,61.29,46.34,107.62,-13.85
002357,20240126,20260314,20251226,10.55,15.7,48.82,48,10.62,47.83,0.66,4.83,22.94,33.18,15.1,30,17,1.76,88.51,45.59,134.1,-0.06
603028,20240126,20260314,20251225,8.73,9.35,7.1,49,8.87,5.41,6.76,8.93,11.91,14.66,10.54,23,24,0.96,59.34,50.28,109.62,-2.91
600486,20240126,20260314,20251225,67.98,84.0,23.57,49,69.85,20.26,2.07,3.71,12.97,5.12,6.44,28,20,1.4,66.54,43.06,109.6,3.67
600893,20240126,20260314,20251225,41.34,53.88,30.33,49,40.16,34.16,-3.17,6.36,15.38,17.3,9.35,26,22,1.18,95.05,64.37,159.42,-10.71
600685,20240126,20260314,20251225,28.48,33.55,17.8,49,29.99,11.87,-0.11,9.87,18.57,11.76,10.86,24,23,1.04,54.77,36.94,91.7,-4.14
002025,20240126,20260314,20251225,47.87,54.9,14.69,49,51.68,6.23,4.72,37.37,16.63,8.31,18.81,27,21,1.29,89.26,70.87,160.14,7.77
600638,20240126,20260314,20251225,6.08,6.45,6.09,49,6.49,-0.62,6.41,11.18,18.75,17.11,13.68,26,20,1.3,43.5,36.54,80.03,-3.73
000430,20240126,20260314,20251225,6.87,7.47,8.73,47,7.64,-2.23,11.21,11.21,5.39,9.02,9.03,25,20,1.25,30.86,21.88,52.74,2.33
000987,20240126,20260314,20251225,7.67,8.98,17.08,49,8.59,4.54,6.13,32.07,45.11,26.08,29.6,25,23,1.09,77.99,58.77,136.76,-0.77
600703,20240126,20260314,20251225,13.78,18.14,31.64,49,14.38,26.15,2.54,11.68,20.03,11.61,12.34,21,27,0.78,86.18,54.85,141.04,10.74
002652,20240126,20260314,20251225,4.02,5.51,37.06,49,3.95,39.49,-1.74,-1.0,2.99,3.98,1.04,28,18,1.56,83.17,47.6,130.78,12.68
002009,20240126,20260314,20251225,17.6,25.95,47.44,49,22.21,16.84,28.52,26.7,34.89,80.0,40.18,27,21,1.29,132.71,86.56,219.27,-6.18
300263,20240126,20260314,20251225,8.49,11.11,30.86,49,8.93,24.41,4.12,14.13,24.15,38.04,19.92,25,22,1.14,82.95,52.78,135.73,-0.36
002441,20240126,20260314,20251225,9.29,10.84,16.68,49,9.43,14.95,1.18,3.01,10.23,19.91,8.19,25,22,1.14,51.23,34.19,85.42,-4.16
002506,20240126,20260314,20251225,2.66,5.42,103.76,49,2.81,92.88,5.26,8.65,18.05,72.18,23.5,26,20,1.3,147.1,68.1,215.2,-6.23
300151,20240126,20260314,20251224,13.8,17.63,27.75,50,15.43,14.26,9.78,20.14,22.75,18.55,18.53,24,25,0.96,78.98,51.5,130.47,1.73
603966,20240126,20260314,20251224,11.46,12.12,5.76,47,11.79,2.8,3.84,13.87,10.73,11.87,10.52,21,24,0.88,51.27,43.98,95.25,-2.49
600399,20240126,20260314,20251224,5.49,6.8,23.86,50,5.84,16.44,6.74,15.66,21.31,19.49,16.34,23,24,0.96,83.68,59.07,142.75,-5.95
002405,20240126,20260314,20251224,8.98,10.9,21.38,50,9.47,15.1,-1.0,15.92,13.81,20.38,12.79,26,22,1.18,62.7,41.12,103.82,1.4
002324,20240126,20260314,20251224,14.42,16.86,16.92,50,17.59,-4.15,8.32,62.41,31.97,21.15,34.21,23,25,0.92,78.92,59.21,138.13,-0.47
603050,20240126,20260314,20251224,17.79,22.54,26.7,50,18.76,20.15,-1.8,3.99,11.07,15.18,7.19,22,26,0.85,55.17,30.13,85.3,-3.34
000777,20240126,20260314,20251224,21.33,26.84,25.83,50,26.42,1.59,21.19,32.86,30.24,17.3,26.63,23,25,0.92,80.98,54.63,135.6,4.8
300629,20240126,20260314,20251224,22.66,26.61,17.43,50,23.54,13.04,0.22,16.81,15.23,12.27,12.11,19,29,0.66,100.74,77.36,178.1,10.46
002848,20240126,20260314,20251224,8.18,12.83,56.85,50,9.43,36.06,4.52,19.56,45.48,36.06,27.63,33,15,2.2,86.19,38.82,125.01,7.72
603738,20240126,20260314,20251224,15.58,23.01,47.69,50,15.92,44.54,0.71,7.38,7.77,1.8,5.05,28,19,1.47,68.44,27.36,95.79,4.31
600775,20240126,20260314,20251224,12.05,16.24,34.77,50,13.44,20.83,1.24,48.46,21.33,19.17,25.02,29,20,1.45,92.0,57.6,149.59,6.84
600152,20240126,20260314,20251224,6.98,9.77,39.97,50,7.26,34.57,8.31,6.88,8.6,9.17,8.14,25,23,1.09,81.86,45.7,127.57,6.66
300393,20240126,20260314,20251224,6.67,10.82,62.22,50,6.71,61.25,-0.3,7.2,9.45,49.33,14.8,28,21,1.33,116.54,61.94,178.48,-6.96
603016,20240126,20260314,20251224,27.58,31.93,15.77,50,30.09,6.11,5.95,10.95,15.59,20.63,13.28,26,23,1.13,53.26,37.06,90.32,-2.8
300099,20240126,20260314,20251224,7.19,9.29,29.21,50,7.71,20.49,2.78,12.38,11.96,14.6,10.78,30,18,1.67,66.43,38.8,105.23,-1.06
300606,20240126,20260314,20251224,22.77,33.94,49.06,50,23.02,47.44,5.27,17.08,58.1,30.96,29.8,26,23,1.13,120.04,72.65,192.69,-8.89
603279,20241220,20260107,20251223,15.73,16.96,7.82,10,16.96,0.0,4.39,7.82,0.0,0.0,3.22,7,2,3.5,8.46,0.81,9.26,3.1
688001,20241220,20260107,20251223,28.71,31.48,9.65,10,30.77,2.31,7.11,9.65,0.0,0.0,4.32,5,4,1.25,15.49,5.77,21.26,3.38
603098,20240126,20260314,20251223,13.14,16.91,28.69,51,13.83,22.27,7.76,6.09,14.46,21.0,11.92,28,21,1.33,54.54,28.16,82.71,8.19
688141,20241220,20260107,20251223,41.29,50.3,21.82,10,45.55,10.43,9.4,21.82,0.0,0.0,8.43,7,2,3.5,24.18,3.89,28.07,14.06
300801,20241220,20260107,20251223,27.08,31.03,14.59,10,31.91,-2.76,2.84,14.59,0.0,0.0,4.94,5,4,1.25,21.46,6.61,28.07,10.55
000668,20240126,20260314,20251223,9.65,13.46,39.48,51,10.31,30.55,3.52,16.99,43.32,47.77,28.35,27,23,1.17,82.53,46.81,129.34,-6.01
002624,20240126,20260314,20251223,16.57,19.25,16.17,51,16.91,13.84,-1.69,0.48,8.21,5.67,3.4,25,23,1.09,66.67,48.92,115.59,-4.8
301538,20241220,20260107,20251223,74.99,83.96,11.96,10,83.43,0.64,2.25,11.96,0.0,0.0,4.04,7,2,3.5,12.55,1.09,13.64,6.75
605116,20241220,20260107,20251223,23.03,25.7,11.59,10,26.02,-1.23,7.69,11.59,0.0,0.0,5.02,7,2,3.5,13.91,2.72,16.63,1.38
300219,20240126,20260314,20251223,7.16,8.37,16.9,51,7.22,15.93,0.28,2.79,6.28,7.82,4.34,31,19,1.63,45.55,28.56,74.11,2.45
688269,20241220,20260107,20251223,38.6,41.6,7.77,10,40.62,2.41,6.53,7.77,0.0,0.0,3.64,6,3,2.0,11.86,4.1,15.95,3.28
688667,20241220,20260107,20251223,67.05,73.25,9.25,10,69.93,4.75,5.01,9.25,0.0,0.0,3.78,5,4,1.25,18.72,9.35,28.07,0.29
603260,20241220,20260107,20251223,52.5,57.04,8.65,10,53.7,6.22,1.89,8.65,0.0,0.0,2.97,7,2,3.5,13.05,4.5,17.55,6.26
601696,20241220,20260107,20251223,14.55,15.28,5.02,10,15.35,-0.46,5.09,5.02,0.0,0.0,2.52,4,5,0.8,13.17,7.94,21.11,0.2
688488,20241220,20260107,20251223,15.33,17.45,13.83,10,16.56,5.37,0.13,13.83,0.0,0.0,4.18,5,4,1.25,16.02,2.71,18.73,9.2
605069,20241220,20260107,20251223,10.78,15.23,41.28,10,14.94,1.94,25.23,41.28,0.0,0.0,17.43,7,2,3.5,40.07,3.89,43.96,2.56
001400,20241220,20260107,20251223,66.15,93.87,41.9,10,77.58,21.0,15.37,41.9,0.0,0.0,15.64,6,3,2.0,39.55,2.96,42.5,25.93
301312,20241220,20260107,20251223,49.11,51.7,5.27,10,51.89,-0.37,1.81,5.27,0.0,0.0,1.94,5,4,1.25,9.78,4.45,14.23,3.69
301252,20241220,20260107,20251223,28.26,31.53,11.57,10,33.16,-4.92,6.76,11.57,0.0,0.0,4.82,4,5,0.8,21.89,9.94,31.83,-5.29
603052,20241220,20260107,20251223,32.74,40.41,23.43,10,34.71,16.42,-1.1,23.43,0.0,0.0,6.81,5,4,1.25,29.76,7.47,37.23,26.76
301138,20241220,20260107,20251222,37.82,39.83,5.31,11,39.04,2.02,2.59,2.78,0.0,0.0,1.35,6,4,1.5,7.93,2.66,10.6,1.89
301398,20241220,20260107,20251222,47.73,61.08,27.97,11,54.03,13.05,9.18,23.19,0.0,0.0,8.79,8,2,4.0,26.38,0.89,27.27,13.74
300409,20240126,20260314,20251222,21.74,30.25,39.14,52,26.99,12.08,4.97,42.18,39.74,34.77,32.52,27,24,1.12,97.17,57.86,155.03,6.4
688709,20241220,20260107,20251222,41.47,48.4,16.71,11,51.08,-5.25,13.77,19.12,0.0,0.0,8.49,5,5,1.0,28.96,11.96,40.92,6.75
300852,20241220,20260107,20251222,37.78,40.06,6.03,11,38.88,3.03,0.95,2.38,0.0,0.0,0.9,5,5,1.0,11.81,5.73,17.54,1.83
301568,20241220,20260107,20251222,45.72,51.34,12.29,11,49.6,3.51,9.19,8.68,0.0,0.0,4.44,6,4,1.5,15.18,3.32,18.51,3.82
300757,20241220,20260107,20251222,213.0,259.76,21.95,11,262.16,-0.92,8.92,18.15,0.0,0.0,7.23,6,4,1.5,34.8,13.39,48.2,15.41
300819,20241220,20260107,20251222,26.71,35.0,31.04,11,34.33,1.95,29.43,27.26,0.0,0.0,14.06,7,3,2.33,38.91,9.45,48.36,-6.62
688261,20241220,20260107,20251222,66.45,89.98,35.41,11,98.41,-8.57,7.28,48.67,0.0,0.0,16.06,7,3,2.33,46.79,13.23,60.02,8.2
688519,20241220,20260107,20251222,65.65,79.7,21.4,11,80.35,-0.81,23.98,20.03,0.0,0.0,10.8,6,4,1.5,26.45,5.95,32.4,-3.48
002810,20240126,20260314,20251222,14.54,19.18,31.91,52,14.56,31.73,6.33,0.21,20.29,23.59,12.13,23,28,0.82,91.23,59.48,150.7,0.42
301027,20241220,20260107,20251222,17.55,20.05,14.25,11,18.62,7.68,3.87,19.6,0.0,0.0,6.65,7,2,3.5,21.77,7.43,29.2,8.97
002849,20240126,20260314,20251222,15.12,18.16,20.11,52,16.42,10.6,4.56,8.86,22.62,29.76,16.31,28,23,1.22,69.57,48.75,118.31,-5.96
600475,20240126,20260314,20251222,17.4,21.65,24.43,52,18.68,15.9,9.89,9.31,22.07,20.06,15.4,26,25,1.04,97.79,71.33,169.12,-0.82
002800,20240126,20260314,20251222,15.42,23.83,54.54,52,15.46,54.14,1.04,1.56,8.37,9.53,5.09,29,22,1.32,93.06,46.41,139.47,1.75
688486,20241220,20260107,20251222,74.5,84.0,12.75,11,77.9,7.83,-0.74,5.49,0.0,0.0,1.5,6,4,1.5,16.97,4.56,21.53,11.51
603283,20241220,20260107,20251222,43.68,47.3,8.29,11,44.12,7.21,2.06,4.44,0.0,0.0,1.74,5,5,1.0,12.69,4.51,17.2,7.99
301026,20241220,20260107,20251222,28.75,32.02,11.37,11,29.01,10.38,6.64,13.04,0.0,0.0,5.24,5,5,1.0,28.26,15.99,44.25,11.92
600714,20240126,20260314,20251222,12.55,24.85,98.01,52,12.34,101.38,0.4,0.8,9.96,21.67,7.64,30,21,1.43,133.93,59.69,193.61,12.85
688448,20241220,20260107,20251222,42.49,51.7,21.68,11,49.5,4.44,5.88,19.68,0.0,0.0,7.08,9,1,9.0,20.55,0.66,21.21,8.27
301295,20241220,20260107,20251222,28.39,32.25,13.6,11,30.1,7.14,1.37,8.77,0.0,0.0,2.9,7,3,2.33,15.75,2.76,18.51,10.9
688689,20241220,20260107,20251222,26.79,28.95,8.06,11,29.39,-1.5,6.42,6.91,0.0,0.0,3.36,8,2,4.0,12.02,4.05,16.07,2.7
688280,20241220,20260107,20251222,8.38,8.99,7.28,11,8.76,2.63,1.55,8.23,0.0,0.0,2.78,7,3,2.33,10.14,2.98,13.12,3.57
301056,20241220,20260107,20251222,11.68,15.61,33.65,11,15.13,3.17,29.11,27.4,0.0,0.0,14.04,7,2,3.5,42.74,11.59,54.33,-7.08
688549,20241220,20260107,20251222,9.16,10.03,9.5,11,9.35,7.27,1.42,3.93,0.0,0.0,1.46,5,4,1.25,11.87,2.59,14.46,9.38
002185,20240126,20260314,20251222,10.91,13.65,25.11,52,11.24,21.44,1.65,4.22,18.15,34.92,14.02,28,21,1.33,74.26,49.07,123.33,-0.8
301555,20241220,20260107,20251222,32.13,35.35,10.02,11,33.6,5.21,1.59,4.7,0.0,0.0,1.73,9,1,9.0,10.77,1.06,11.83,6.06
301018,20241220,20260107,20251222,58.35,69.15,18.51,11,66.0,4.77,10.49,15.05,0.0,0.0,6.61,8,2,4.0,26.42,8.24,34.66,4.87
002380,20240126,20260314,20251222,27.29,37.66,38.0,52,27.79,35.52,-0.88,2.78,13.74,11.21,7.02,25,25,1.0,75.31,40.61,115.92,-7.01
688006,20241220,20260107,20251222,28.29,33.7,19.12,11,30.6,10.13,4.49,9.33,0.0,0.0,3.7,7,3,2.33,20.68,2.62,23.3,12.9
601068,20241220,20260107,20251222,5.53,6.12,10.67,11,5.44,12.5,8.5,8.14,0.0,0.0,4.14,6,4,1.5,25.35,14.1,39.45,13.33
002569,20240126,20260314,20251222,10.29,14.88,44.61,52,13.04,14.11,14.87,33.04,38.0,36.83,31.65,27,23,1.17,87.11,47.59,134.69,6.59
300201,20240126,20260314,20251222,5.93,10.86,83.14,52,6.84,58.77,10.96,14.0,26.14,40.98,22.43,32,18,1.78,100.54,36.92,137.46,9.15
000423,20240126,20260314,20251222,49.25,52.07,5.73,52,49.73,4.71,0.2,3.43,1.22,7.41,2.92,25,25,1.0,26.0,20.01,46.01,0.31
688135,20241220,20260107,20251222,26.97,29.89,10.83,11,29.16,2.5,2.74,9.75,0.0,0.0,3.47,7,3,2.33,15.72,5.13,20.85,5.58
002337,20240126,20260314,20251219,6.14,6.76,10.1,53,6.49,4.16,7.17,5.7,8.63,6.19,6.97,28,21,1.33,44.75,34.12,78.87,-1.46
688150,20241220,20260107,20251219,25.4,27.69,9.02,12,27.23,1.69,16.1,7.2,0.0,0.0,5.38,7,4,1.75,17.71,8.61,26.32,0.18
300462,20240126,20260314,20251219,11.18,13.29,18.87,53,11.8,12.63,0.0,5.55,4.29,1.97,3.35,31,19,1.63,48.7,30.36,79.06,5.64
603618,20240126,20260314,20251219,7.83,18.98,142.4,53,8.34,127.58,9.83,6.51,16.22,26.95,14.18,31,20,1.55,155.85,59.79,215.64,-5.1
301016,20241220,20260107,20251219,20.55,24.8,20.68,12,22.09,12.27,0.24,7.49,0.0,0.0,2.3,5,6,0.83,37.14,15.73,52.86,19.46
605003,20241220,20260107,20251219,25.78,30.64,18.85,12,32.0,-4.25,11.06,24.13,0.0,0.0,9.45,6,5,1.2,43.17,23.24,66.41,-5.2
300680,20241220,20260107,20251219,47.2,53.05,12.39,12,55.24,-3.96,13.39,17.03,0.0,0.0,7.79,5,6,0.83,20.26,8.03,28.29,-5.71
300140,20240126,20260314,20251219,6.35,7.7,21.26,53,7.19,7.09,8.5,13.23,12.91,16.06,12.75,26,25,1.04,65.82,44.58,110.41,-3.39
688326,20241220,20260107,20251219,110.54,126.31,14.27,12,124.29,1.63,3.31,12.44,0.0,0.0,4.39,8,3,2.67,27.97,13.62,41.59,9.5
002136,20240126,20260314,20251219,11.82,14.55,23.1,53,12.26,18.68,2.79,3.72,7.78,5.16,5.04,26,25,1.04,67.44,44.36,111.8,2.46
301535,20241220,20260107,20251219,20.69,22.33,7.93,12,22.27,0.27,1.69,7.64,0.0,0.0,2.63,6,5,1.2,12.39,4.57,16.97,4.88
688328,20241220,20260107,20251219,26.1,33.42,28.05,12,29.6,12.91,5.75,13.41,0.0,0.0,5.17,11,0,9999.99,25.29,0.0,25.29,16.04
002182,20240126,20260314,20251219,13.83,19.29,39.48,53,15.54,24.13,9.04,12.36,32.75,27.62,20.86,31,20,1.55,82.61,46.41,129.02,-3.16
300052,20240126,20260314,20251219,11.65,13.57,16.48,53,12.96,4.71,5.75,11.24,17.68,11.16,12.06,30,21,1.43,51.59,35.29,86.88,-3.14
301219,20241220,20260107,20251219,62.73,71.59,14.12,12,68.05,5.2,4.51,8.48,0.0,0.0,3.45,8,3,2.67,16.27,2.84,19.11,4.97
688626,20241220,20260107,20251219,54.01,83.6,54.79,12,72.6,15.15,6.41,34.42,0.0,0.0,11.61,7,4,1.75,56.91,9.04,65.94,39.78
688648,20241220,20260107,20251219,58.49,69.07,18.09,12,62.45,10.6,0.84,6.77,0.0,0.0,2.2,7,3,2.33,22.1,4.9,26.99,10.09
003039,20241220,20260107,20251219,13.97,16.67,19.33,12,17.52,-4.85,5.37,25.41,0.0,0.0,8.7,6,5,1.2,28.41,9.56,37.97,15.12
001231,20241220,20260107,20251219,21.76,27.15,24.77,12,27.43,-1.02,2.3,26.06,0.0,0.0,8.28,8,3,2.67,35.07,10.97,46.04,19.76
002592,20240126,20260314,20251219,6.98,10.0,43.27,53,8.72,14.68,10.17,24.93,37.39,57.31,32.19,25,27,0.93,87.78,49.09,136.87,2.46
601089,20241220,20260107,20251219,24.22,28.16,16.27,12,26.4,6.67,1.49,9.0,0.0,0.0,3.0,7,4,1.75,19.88,4.18,24.06,15.79
688578,20241220,20260107,20251219,103.05,108.4,5.19,12,107.36,0.97,2.28,4.18,0.0,0.0,1.71,7,4,1.75,10.26,5.04,15.3,2.47
002203,20240126,20260314,20251219,11.78,14.29,21.31,53,12.81,11.55,4.5,8.74,28.27,14.52,14.91,28,24,1.17,71.74,50.05,121.78,5.62
603015,20240126,20260314,20251219,12.48,13.8,10.58,53,12.72,8.49,3.29,1.92,29.81,16.59,13.5,30,22,1.36,78.64,64.23,142.87,-3.02
003027,20241220,20260107,20251219,20.17,21.19,5.06,12,21.43,-1.12,5.75,6.25,0.0,0.0,3.03,8,3,2.67,14.65,9.31,23.96,-4.59
688711,20241220,20260107,20251219,27.49,32.93,19.79,12,31.6,4.21,9.06,14.95,0.0,0.0,6.3,5,6,0.83,30.16,10.95,41.11,-0.57
300877,20241220,20260107,20251219,26.5,29.56,11.55,12,28.95,2.11,8.26,9.25,0.0,0.0,4.43,5,6,0.83,29.37,16.57,45.94,3.0
002494,20240126,20260314,20251219,5.34,5.78,8.24,53,5.37,7.64,1.31,0.56,3.93,6.37,2.88,28,22,1.27,32.64,24.22,56.87,0.7
300358,20240126,20260314,20251219,9.2,10.21,10.98,53,10.26,-0.49,10.22,11.52,26.96,18.37,17.26,24,28,0.86,47.84,36.05,83.89,-0.78
688786,20241220,20260107,20251219,27.25,30.2,10.83,12,29.95,0.83,4.95,9.91,0.0,0.0,3.96,7,4,1.75,14.91,4.33,19.25,8.24
600468,20240126,20260314,20251219,7.14,8.9,24.65,53,7.15,24.48,1.96,0.14,13.45,0.84,4.64,32,19,1.68,72.05,47.73,119.78,-1.55
000655,20240126,20260314,20251219,9.01,10.45,15.98,53,9.72,7.51,3.66,7.88,12.99,9.88,8.97,28,23,1.22,59.38,42.77,102.14,-0.67
000551,20240126,20260314,20251219,11.39,14.15,24.23,53,14.72,-3.87,46.44,29.24,38.54,27.39,35.1,25,27,0.93,97.25,70.68,167.92,-1.6
601118,20240126,20260314,20251219,5.53,7.88,42.5,53,5.61,40.46,4.34,1.45,9.58,21.52,8.48,27,25,1.08,104.06,64.13,168.19,0.25
603596,20241220,20260107,20251219,49.84,56.99,14.35,12,52.05,9.49,2.47,4.43,0.0,0.0,1.82,7,4,1.75,19.85,5.88,25.73,8.18
600367,20240126,20260314,20251219,17.13,24.8,44.78,53,17.48,41.88,1.05,2.04,10.27,7.3,5.36,28,24,1.17,101.85,60.92,162.77,6.9
300316,20240126,20260314,20251219,34.68,47.21,36.13,53,37.0,27.59,11.94,6.69,22.55,35.32,18.22,26,26,1.0,117.52,78.85,196.36,1.22
000985,20240126,20260314,20251219,19.3,20.4,5.7,53,19.51,4.56,5.18,1.09,6.01,8.7,4.91,25,26,0.96,58.41,50.26,108.67,-4.36
300697,20241220,20260107,20251219,16.26,17.46,7.38,12,17.68,-1.24,2.28,8.73,0.0,0.0,3.08,5,6,0.83,14.03,6.59,20.62,5.12
600320,20240126,20260314,20251219,4.77,5.39,13.0,53,5.02,7.37,1.68,5.24,8.81,3.77,5.3,25,22,1.14,44.05,30.97,75.02,1.32
300748,20241220,20260107,20251219,33.33,36.51,9.54,12,34.7,5.22,4.11,4.11,0.0,0.0,2.06,7,4,1.75,11.54,2.3,13.84,6.13
002978,20241220,20260107,20251219,31.88,36.73,15.21,12,32.88,11.71,0.53,3.14,0.0,0.0,1.05,7,3,2.33,16.2,1.52,17.71,12.46
002556,20240126,20260314,20251219,5.9,6.95,17.78,53,5.98,16.22,3.03,1.34,4.22,4.39,3.15,30,22,1.36,46.03,28.76,74.79,-0.14
688128,20241220,20260107,20251219,28.9,30.47,5.43,12,29.83,2.15,2.6,3.22,0.0,0.0,1.49,7,4,1.75,8.25,2.88,11.13,3.18
600108,20240126,20260314,20251219,3.3,6.26,89.7,53,3.16,98.1,-1.21,-4.24,6.36,7.27,1.85,28,22,1.27,119.69,50.25,169.93,15.29
002054,20240126,20260314,20251219,7.44,9.34,25.54,53,7.56,23.54,0.94,1.61,13.31,16.13,7.89,24,26,0.92,85.4,58.49,143.89,-5.27
002135,20240126,20260314,20251219,4.59,7.33,59.69,53,4.75,54.32,0.44,3.49,18.08,32.9,13.14,33,18,1.83,79.6,30.87,110.48,10.56
002666,20240126,20260314,20251219,5.48,6.03,10.04,53,5.42,11.25,0.18,-1.09,2.74,0.36,0.6,28,23,1.22,50.96,39.72,90.68,3.43
300878,20241220,20260107,20251219,23.98,28.92,20.6,12,28.46,1.62,7.42,18.68,0.0,0.0,7.09,8,3,2.67,22.46,2.96,25.43,12.22
600358,20240126,20260314,20251219,5.94,6.34,6.73,53,6.01,5.49,0.17,1.18,1.01,1.18,0.93,28,20,1.4,30.6,23.54,54.14,-3.5
600526,20240126,20260314,20251219,5.3,5.84,10.19,53,5.33,9.57,0.94,0.57,5.47,6.79,3.36,22,26,0.85,30.34,20.15,50.48,-0.51
002386,20240126,20260314,20251219,5.46,6.44,17.95,53,5.44,18.38,0.37,-0.37,5.13,7.69,3.04,28,22,1.27,49.87,32.29,82.16,1.58
600598,20240126,20260314,20251219,14.94,17.48,17.0,53,14.93,17.08,-0.07,-0.07,4.02,5.49,2.27,29,23,1.26,49.3,32.15,81.44,1.75
002763,20240126,20260314,20251219,7.34,7.94,8.17,53,7.28,9.07,7.49,-0.82,5.86,8.17,4.64,26,26,1.0,50.42,40.38,90.8,0.51
600736,20240126,20260314,20251219,5.83,6.45,10.63,53,6.97,-7.46,3.09,19.55,18.7,16.81,15.46,24,26,0.92,70.37,57.13,127.51,-0.31
002591,20240126,20260314,20251219,6.47,7.51,16.07,53,7.31,2.74,4.64,12.98,19.63,18.7,14.45,27,25,1.08,82.94,63.87,146.81,0.13
002465,20240126,20260314,20251218,13.16,16.0,21.58,54,17.33,-7.67,2.43,19.68,63.83,32.9,32.12,29,24,1.21,115.78,89.1,204.87,-6.6
301113,20241220,20260107,20251218,22.98,25.2,9.66,13,25.85,-2.51,3.52,4.09,0.0,0.0,1.93,8,4,2.0,22.73,12.72,35.45,5.84
002985,20241220,20260107,20251218,30.65,32.82,7.08,13,32.37,1.39,0.16,3.52,0.0,0.0,1.09,8,4,2.0,12.78,5.76,18.54,5.09
600667,20240126,20260314,20251218,7.66,10.24,33.68,54,8.3,23.37,8.88,4.05,21.41,46.48,18.71,25,28,0.89,95.67,62.5,158.17,3.23
603588,20240126,20260314,20251218,7.01,15.23,117.26,54,8.2,85.73,6.56,10.13,28.67,44.79,21.91,39,13,3.0,111.7,30.94,142.65,8.63
300506,20240126,20260314,20251218,3.16,5.11,61.71,52,4.24,20.52,32.59,34.18,32.28,53.8,37.22,22,28,0.79,94.95,42.04,136.99,-2.29
000803,20240126,20260314,20251218,7.11,9.77,37.41,54,7.52,29.92,-0.84,0.56,18.85,30.8,11.82,29,21,1.38,78.58,43.94,122.53,-7.04
301186,20241220,20260107,20251218,45.23,47.57,5.17,13,47.85,-0.59,3.78,7.36,0.0,0.0,2.96,8,4,2.0,9.28,4.14,13.42,-0.13
600397,20240126,20260314,20251218,7.04,15.96,126.7,54,7.5,112.8,9.23,7.95,33.81,42.33,22.84,36,17,2.12,156.66,67.4,224.06,-22.03
002912,20241220,20260107,20251218,28.56,30.72,7.56,13,30.44,0.92,2.38,5.53,0.0,0.0,2.13,7,4,1.75,8.26,0.89,9.15,5.49
001316,20241220,20260107,20251218,34.39,38.66,12.42,13,40.05,-3.47,10.76,14.8,0.0,0.0,6.59,6,6,1.0,21.78,9.34,31.11,3.12
301088,20241220,20260107,20251218,14.39,16.6,15.36,13,16.95,-2.06,15.15,19.18,0.0,0.0,8.78,6,6,1.0,22.14,7.22,29.36,-3.94
603977,20241220,20260107,20251218,12.92,14.38,11.3,13,13.84,3.9,13.85,7.59,0.0,0.0,5.05,6,6,1.0,27.25,15.18,42.43,1.13
000738,20240126,20260314,20251218,19.9,23.52,18.19,54,21.37,10.06,2.71,7.09,7.54,22.76,9.48,26,27,0.96,101.38,79.78,181.16,-8.62
001336,20241220,20260107,20251218,23.93,25.39,6.1,13,25.42,-0.12,19.81,2.21,0.0,0.0,4.62,6,6,1.0,35.56,27.2,62.76,1.52
603356,20241220,20260107,20251218,14.25,15.64,9.75,13,14.4,8.61,-0.49,-0.42,0.0,0.0,-0.22,5,7,0.71,15.89,6.02,21.91,10.06
688090,20241220,20260107,20251218,37.3,48.5,30.03,13,47.42,2.28,6.27,19.25,0.0,0.0,7.03,8,4,2.0,41.7,12.75,54.45,7.35
301363,20241220,20260107,20251218,21.76,41.56,90.99,13,28.86,44.01,4.32,10.52,0.0,0.0,4.02,8,4,2.0,77.2,6.61,83.81,66.24
301180,20241220,20260107,20251218,15.77,17.64,11.86,13,17.46,1.03,10.08,5.9,0.0,0.0,3.79,6,5,1.2,19.52,7.73,27.25,4.63
301528,20241220,20260107,20251218,61.61,68.8,11.67,13,66.98,2.72,8.57,10.37,0.0,0.0,4.82,8,4,2.0,18.97,7.52,26.49,2.06
688618,20241220,20260107,20251218,26.61,30.2,13.49,13,27.66,9.18,3.46,0.19,0.0,0.0,0.75,7,5,1.4,17.23,4.2,21.44,12.6
002677,20240126,20260314,20251218,7.54,8.52,13.0,54,8.42,1.19,12.47,10.74,21.35,19.23,15.97,26,24,1.08,81.24,65.23,146.47,-4.38
601121,20241220,20260107,20251218,7.03,7.67,9.1,13,7.42,3.37,3.41,4.98,0.0,0.0,2.18,8,4,2.0,11.65,2.8,14.46,3.79
688509,20241220,20260107,20251218,4.71,5.37,14.01,13,5.54,-3.07,7.22,16.56,0.0,0.0,6.41,7,5,1.4,19.94,6.24,26.18,6.55
001202,20241220,20260107,20251218,15.16,16.1,6.2,13,15.92,1.13,2.84,4.62,0.0,0.0,1.95,9,3,3.0,7.47,1.4,8.87,1.96
000990,20240126,20260314,20251218,7.91,10.06,27.18,54,7.89,27.5,1.01,0.13,2.15,15.68,4.02,31,20,1.55,57.39,31.24,88.63,12.15
002522,20240126,20260314,20251218,5.37,6.17,14.9,54,5.7,8.25,4.47,5.03,9.5,10.99,7.45,31,20,1.55,56.28,40.9,97.18,1.98
002671,20240126,20260314,20251218,5.07,5.84,15.19,54,5.22,11.88,5.52,3.35,10.06,13.02,7.73,29,22,1.32,39.96,25.1,65.06,-1.02
002493,20240126,20260314,20251218,9.66,13.62,40.99,54,11.57,17.72,9.32,21.22,20.5,52.69,24.92,34,19,1.79,86.28,49.14,135.42,-1.45
603150,20241220,20260107,20251218,36.95,39.29,6.33,13,39.02,0.69,8.61,2.79,0.0,0.0,2.56,6,6,1.0,14.69,8.21,22.9,2.24
300165,20240126,20260314,20251218,4.46,5.63,26.23,54,4.8,17.29,6.5,7.85,13.68,12.33,10.23,35,17,2.06,56.02,31.43,87.45,3.3
301127,20241220,20260107,20251218,15.06,16.13,7.1,13,15.44,4.47,1.46,0.86,0.0,0.0,0.55,7,5,1.4,15.61,8.42,24.02,4.67
002631,20240126,20260314,20251218,5.26,7.95,51.14,54,5.94,33.84,11.79,13.69,8.37,8.94,10.76,28,23,1.22,77.1,33.59,110.69,20.27
300424,20240126,20260314,20251218,16.91,17.77,5.09,54,18.17,-2.2,5.2,8.28,12.95,8.87,9.18,26,27,0.96,72.59,64.76,137.35,-3.69
603726,20240126,20260314,20251218,21.48,25.2,17.32,54,23.57,6.92,5.03,12.66,23.56,17.92,15.46,28,24,1.17,63.88,45.94,109.82,0.08
600784,20240126,20260314,20251218,6.57,7.42,12.94,54,6.94,6.92,3.35,6.24,8.07,9.74,6.91,28,23,1.22,43.96,30.65,74.61,0.13
002012,20240126,20260314,20251218,5.96,7.15,19.97,54,6.31,13.31,7.21,8.22,1.01,8.05,5.82,26,25,1.04,53.25,33.58,86.83,-1.24
300578,20240126,20260314,20251218,19.96,21.26,6.51,54,20.26,4.94,-0.1,3.21,27.35,25.05,14.16,24,29,0.83,96.43,83.28,179.71,-8.72
688439,20241220,20260107,20251218,59.35,64.75,9.1,13,64.99,-0.37,2.07,8.85,0.0,0.0,3.07,6,6,1.0,14.77,5.79,20.56,2.94
301002,20241220,20260107,20251218,30.78,39.48,28.27,13,38.5,2.55,5.33,18.29,0.0,0.0,6.55,7,5,1.4,39.67,13.2,52.87,17.68
002968,20241220,20260107,20251218,11.48,12.07,5.14,13,12.25,-1.47,2.44,5.92,0.0,0.0,2.26,4,8,0.5,12.66,7.36,20.02,-1.15
301287,20241220,20260107,20251218,41.11,43.94,6.88,13,42.89,2.45,3.72,1.48,0.0,0.0,1.19,9,3,3.0,11.76,4.93,16.69,5.75
600075,20240126,20260314,20251217,4.67,7.76,66.17,55,4.97,56.14,1.28,8.14,16.49,38.54,15.35,32,21,1.52,106.07,51.12,157.19,7.18
002909,20241220,20260107,20251217,6.71,7.1,5.81,14,6.92,2.6,10.43,4.92,0.0,0.0,3.56,8,5,1.6,27.52,20.35,47.88,0.85
600026,20240126,20260314,20251217,11.94,22.11,85.18,55,11.69,89.14,-0.67,-1.93,19.68,31.66,11.52,31,22,1.41,116.91,50.31,167.22,-2.68
300919,20241220,20260107,20251217,40.87,57.15,39.83,14,46.65,22.51,3.55,11.94,0.0,0.0,4.29,10,3,3.33,40.96,5.87,46.83,24.92
002340,20240126,20260314,20251217,7.4,8.91,20.41,55,8.43,5.69,6.49,10.68,20.81,26.22,15.99,30,23,1.3,68.1,47.04,115.14,-1.87
002970,20241220,20260107,20251217,49.13,54.78,11.5,14,50.69,8.07,-0.14,0.1,0.0,0.0,0.0,8,5,1.6,18.66,7.32,25.98,11.39
688100,20241220,20260107,20251217,36.3,38.67,6.53,14,39.22,-1.4,1.38,6.64,0.0,0.0,2.27,7,6,1.17,9.04,2.6,11.63,-0.1
688143,20241220,20260107,20251217,45.2,52.4,15.93,14,49.41,6.05,4.16,11.06,0.0,0.0,4.15,9,4,2.25,23.67,8.25,31.92,4.38
688097,20241220,20260107,20251217,33.05,38.81,17.43,14,38.12,1.81,1.42,13.62,0.0,0.0,4.37,10,3,3.33,19.64,3.14,22.78,3.36
002865,20240126,20260314,20251217,43.31,82.89,91.39,55,52.7,57.29,2.86,23.83,90.76,142.51,63.45,30,23,1.3,173.7,99.14,272.84,-5.18
603655,20241220,20260107,20251217,35.6,41.99,17.95,14,38.06,10.33,3.34,9.27,0.0,0.0,3.45,9,4,2.25,30.74,12.96,43.7,7.94
688295,20241220,20260107,20251217,24.63,32.2,30.73,14,32.87,-2.04,9.09,33.58,0.0,0.0,11.89,9,4,2.25,34.01,5.84,39.85,-2.13
002601,20240126,20260314,20251217,18.01,19.54,8.5,55,19.68,-0.71,3.22,9.11,10.16,25.65,11.56,31,21,1.48,56.42,46.27,102.69,-1.81
603124,20241220,20260107,20251217,75.33,91.1,20.93,14,83.38,9.26,7.65,8.14,0.0,0.0,3.97,9,4,2.25,26.37,6.78,33.15,11.83
002155,20240126,20260314,20251217,21.02,32.98,56.9,45,21.71,51.91,4.23,1.33,60.04,57.52,30.76,23,21,1.1,112.08,60.89,172.97,-10.84
301021,20241220,20260107,20251217,38.12,54.37,42.63,14,48.36,12.43,22.38,28.73,0.0,0.0,13.1,8,5,1.6,49.12,11.09,60.21,10.8
688379,20241220,20260107,20251217,55.3,58.96,6.62,14,55.79,5.68,10.31,-0.29,0.0,0.0,1.98,5,8,0.62,21.35,14.11,35.45,6.93
002188,20240126,20260314,20251217,6.17,7.06,14.42,55,6.34,11.36,6.0,1.13,3.89,8.1,4.33,29,24,1.21,65.17,49.09,114.26,0.71
000422,20240126,20260314,20251217,13.96,19.38,38.83,55,14.53,33.38,2.51,4.15,8.88,19.99,8.41,32,21,1.52,74.23,39.11,113.33,6.02
300843,20241220,20260107,20251217,46.65,50.06,7.31,14,50.95,-1.75,13.46,15.03,0.0,0.0,7.2,7,6,1.17,19.47,11.85,31.32,-6.71
603058,20240126,20260314,20251217,9.49,12.7,33.83,55,9.31,36.41,-0.63,-0.74,1.16,13.91,2.78,26,28,0.93,83.35,51.04,134.38,-3.13
002367,20240126,20260314,20251217,7.2,8.16,13.33,55,7.97,2.38,4.17,7.08,8.61,10.42,7.62,28,24,1.17,35.68,22.61,58.29,-1.57
600230,20240126,20260314,20251217,12.89,21.22,64.62,55,15.13,40.25,2.56,12.18,16.6,68.66,22.88,25,28,0.89,138.68,81.39,220.07,-11.77
601968,20240126,20260314,20251217,5.21,5.63,8.06,55,5.41,4.07,5.37,3.26,4.41,14.97,6.37,26,26,1.0,47.97,38.84,86.82,-3.43
002552,20240126,20260314,20251217,16.38,18.91,15.45,55,16.97,11.43,2.75,1.83,14.77,29.49,11.43,30,24,1.25,65.61,49.06,114.67,-3.12
688322,20241220,20260107,20251217,79.61,93.2,17.07,14,89.63,3.98,2.0,13.78,0.0,0.0,4.53,8,5,1.6,18.92,2.86,21.78,2.89
301099,20241220,20260107,20251217,41.43,47.25,14.05,14,45.3,4.3,5.12,4.47,0.0,0.0,2.37,7,6,1.17,22.65,8.72,31.38,9.17
688601,20241220,20260107,20251217,44.05,49.24,11.78,14,45.1,9.18,1.7,-2.41,0.0,0.0,-0.38,7,6,1.17,20.67,9.02,29.69,14.54
688668,20241220,20260107,20251217,100.5,119.15,18.56,14,121.9,-2.26,24.49,28.97,0.0,0.0,13.59,5,8,0.62,39.72,19.91,59.63,-8.07
002173,20240126,20260314,20251217,20.58,31.71,54.08,55,23.66,34.02,2.33,5.93,54.52,39.5,26.5,29,25,1.16,119.85,71.01,190.86,6.88
399678,20240126,20260314,20251217,569.3,666.86,17.14,55,606.86,9.89,2.75,4.51,13.66,14.49,8.9,32,22,1.45,42.31,25.81,68.12,-0.16
688248,20241220,20260107,20251217,43.02,48.6,12.97,14,46.03,5.58,1.42,4.39,0.0,0.0,1.6,8,5,1.6,16.26,3.82,20.08,8.22
002920,20241220,20260107,20251217,119.3,137.57,15.31,14,124.9,10.14,4.52,2.38,0.0,0.0,1.62,7,6,1.17,24.86,9.73,34.59,12.63
301182,20241220,20260107,20251217,38.87,41.3,6.25,14,42.13,-1.97,3.37,13.12,0.0,0.0,4.61,7,6,1.17,21.08,14.39,35.47,-6.07
300602,20240126,20260314,20251217,29.55,34.93,18.21,55,33.27,4.99,6.9,15.09,9.68,12.93,11.4,31,23,1.35,89.68,69.18,158.87,-1.16
603261,20241220,20260107,20251217,22.23,25.3,13.81,14,25.36,-0.24,3.46,6.57,0.0,0.0,2.66,8,5,1.6,19.27,5.92,25.19,6.8
300505,20240126,20260314,20251217,21.76,38.9,78.77,55,22.94,69.57,3.77,4.92,27.85,32.67,17.12,29,25,1.16,119.92,55.61,175.54,10.76
601339,20240126,20260314,20251217,5.37,7.54,40.41,55,5.85,28.89,6.33,7.82,12.29,30.54,13.41,30,20,1.5,66.3,30.81,97.1,3.15
688352,20241220,20260107,20251217,12.52,13.23,5.67,14,12.86,2.88,1.92,0.8,0.0,0.0,0.62,6,7,0.86,8.26,2.66,10.92,4.83
605167,20241220,20260107,20251217,11.04,16.27,47.37,14,16.48,-1.27,26.09,36.78,0.0,0.0,16.25,9,4,2.25,45.16,4.65,49.82,7.75
688531,20241220,20260107,20251217,61.23,69.21,13.03,14,65.92,4.99,10.73,7.46,0.0,0.0,4.38,8,5,1.6,19.51,6.78,26.29,5.18
600888,20240126,20260314,20251217,7.75,9.48,22.32,55,8.32,13.94,2.19,6.06,12.65,23.48,10.75,32,22,1.45,64.32,42.28,106.6,1.28
688258,20241220,20260107,20251217,64.48,94.48,46.53,14,91.88,2.83,5.41,11.63,0.0,0.0,4.57,9,4,2.25,48.29,7.29,55.57,31.26
603171,20241220,20260107,20251216,50.08,63.95,27.7,15,60.64,5.46,2.24,1.74,0.0,0.0,0.97,9,5,1.8,30.6,5.27,35.86,18.21
002703,20240126,20260314,20251216,13.15,22.75,73.0,56,21.78,4.45,40.61,84.64,97.64,61.52,75.11,30,25,1.2,144.5,82.21,226.72,-2.53
600838,20240126,20260314,20251216,8.82,10.72,21.54,56,10.7,0.19,30.39,28.91,50.23,43.76,38.57,26,28,0.93,105.15,80.39,185.53,-0.37
301215,20241220,20260107,20251216,6.42,7.0,9.03,15,6.86,2.04,7.17,6.23,0.0,0.0,3.3,10,4,2.5,14.92,6.03,20.95,3.4
301326,20241220,20260107,20251216,102.22,113.94,11.47,15,110.58,3.04,10.72,10.33,0.0,0.0,5.24,7,7,1.0,24.54,12.95,37.49,0.54
301446,20241220,20260107,20251216,29.55,33.71,14.08,15,32.25,4.53,10.15,8.02,0.0,0.0,4.44,10,4,2.5,18.41,4.95,23.37,6.58
001317,20241220,20260107,20251215,47.27,53.32,12.8,16,53.38,-0.11,18.93,13.41,0.0,0.0,7.81,8,7,1.14,35.55,21.83,57.38,-4.84
000850,20240126,20260314,20251215,4.77,5.33,11.74,57,5.45,-2.2,7.13,18.87,17.82,30.4,18.51,26,27,0.96,68.77,55.12,123.89,-2.2
002420,20240126,20260314,20251215,7.49,7.96,6.28,54,7.85,1.4,6.54,2.67,2.94,5.61,4.11,29,22,1.32,60.21,51.66,111.87,-1.24
600725,20240126,20260314,20251215,3.63,5.22,43.8,57,4.2,24.29,17.63,12.95,12.4,28.93,16.92,33,21,1.57,81.33,42.32,123.65,-1.51
002696,20240126,20260314,20251215,6.69,7.53,12.56,57,7.27,3.58,6.28,4.63,11.96,17.04,9.64,30,25,1.2,50.42,37.45,87.87,-1.7
688565,20241220,20260107,20251215,10.56,11.63,10.13,16,11.38,2.2,3.6,3.69,0.0,0.0,1.83,8,6,1.33,17.0,7.06,24.06,6.89
600955,20241220,20260107,20251215,15.06,17.34,15.14,16,16.3,6.38,-1.13,3.39,0.0,0.0,0.79,9,6,1.5,25.13,10.07,35.2,5.22
603757,20241220,20260107,20251215,38.15,47.09,23.43,16,45.65,3.15,23.96,23.46,0.0,0.0,11.83,9,6,1.5,40.07,17.39,57.46,-0.57
300401,20240126,20260314,20251215,14.91,15.94,6.91,57,15.33,3.98,3.76,0.87,6.91,16.63,6.41,29,27,1.07,73.72,64.41,138.13,3.57
002142,20240126,20260314,20251215,27.95,31.15,11.45,57,28.15,10.66,2.9,0.18,4.69,9.3,3.9,25,29,0.86,39.18,27.62,66.8,-0.86
688600,20241220,20260107,20251215,25.4,26.8,5.51,16,25.75,4.08,-7.09,-5.16,0.0,0.0,-2.97,10,5,2.0,15.15,9.3,24.45,7.07
600282,20240126,20260314,20251215,4.99,5.91,18.44,57,5.22,13.22,3.01,3.81,8.42,15.83,7.44,33,20,1.65,58.78,40.2,98.98,3.5
002946,20241220,20260107,20251215,17.78,18.8,5.74,16,18.8,0.0,6.69,5.96,0.0,0.0,3.13,8,7,1.14,10.83,5.1,15.93,0.21
300980,20241220,20260107,20251215,26.73,34.37,28.58,16,33.0,4.15,-0.49,7.82,0.0,0.0,2.25,10,5,2.0,35.54,9.2,44.74,2.41
688003,20241220,20260107,20251215,55.26,62.32,12.78,16,62.25,0.11,3.69,4.23,0.0,0.0,2.01,10,5,2.0,17.4,5.08,22.48,8.53
300743,20241220,20260107,20251215,19.9,23.32,17.19,16,22.13,5.38,3.97,7.09,0.0,0.0,2.92,10,5,2.0,23.73,7.26,31.0,1.44
605599,20241220,20260107,20251215,15.25,17.61,15.48,16,17.02,3.47,6.1,6.1,0.0,0.0,3.05,9,5,1.8,17.16,2.54,19.7,10.34
600710,20240126,20260314,20251215,10.52,13.48,28.14,57,10.77,25.16,2.66,2.57,3.04,7.13,3.64,31,23,1.35,67.25,40.39,107.64,-5.93
600713,20240126,20260314,20251215,5.17,5.43,5.03,57,5.52,-1.63,5.03,6.96,7.16,6.96,6.63,28,25,1.12,34.24,28.81,63.05,1.5
605222,20241220,20260107,20251212,17.75,19.27,8.56,17,18.55,3.88,0.73,2.99,0.0,0.0,1.04,8,8,1.0,23.35,14.31,37.66,5.36
688182,20241220,20260107,20251212,26.05,30.96,18.85,17,31.1,-0.45,1.23,6.68,0.0,0.0,2.25,13,3,4.33,22.7,5.05,27.76,7.87
000301,20240126,20260314,20251212,9.29,11.56,24.43,58,10.7,8.04,7.53,11.95,14.21,32.4,15.83,34,23,1.48,79.92,55.28,135.2,-4.23
300004,20240126,20260314,20251212,10.84,12.71,17.25,58,12.13,4.78,5.07,12.08,32.38,52.68,24.89,29,28,1.04,109.77,88.85,198.62,-7.83
301548,20241220,20260107,20251212,53.0,56.59,6.77,17,55.38,2.18,-1.89,5.79,0.0,0.0,1.36,8,8,1.0,16.73,9.71,26.43,2.11
688106,20241220,20260107,20251212,19.21,21.78,13.38,17,20.29,7.34,-0.05,5.0,0.0,0.0,1.49,11,5,2.2,17.1,4.29,21.39,11.69
688788,20241220,20260107,20251212,60.6,69.65,14.93,17,66.61,4.56,11.95,25.2,0.0,0.0,9.95,9,7,1.29,34.48,19.07,53.55,4.64
603897,20241220,20260107,20251212,25.2,27.02,7.22,17,26.79,0.86,5.56,7.06,0.0,0.0,3.23,10,6,1.67,13.61,6.41,20.01,-0.99
688502,20241220,20260107,20251212,378.0,431.5,14.15,17,404.4,6.7,2.91,10.04,0.0,0.0,3.59,10,6,1.67,23.81,10.01,33.82,8.7
002140,20240126,20260314,20251212,11.08,14.2,28.16,58,11.31,25.55,-0.27,4.42,6.23,12.36,5.61,37,18,2.06,57.74,31.76,89.5,1.79
000862,20240126,20260314,20251212,6.2,7.57,22.1,58,5.9,28.31,-5.32,-3.55,-2.42,3.55,-2.14,32,23,1.39,60.6,38.71,99.31,-9.45
002347,20240126,20260314,20251212,7.95,8.91,12.08,58,13.14,-32.19,-3.14,6.29,72.58,26.29,28.29,27,30,0.9,97.5,80.95,178.45,-3.78
000875,20240126,20260314,20251212,5.67,8.01,41.27,58,5.64,42.02,-1.41,-1.41,4.23,22.05,4.97,31,23,1.35,74.14,37.28,111.42,-0.25
688510,20241220,20260107,20251212,25.27,28.27,11.87,17,26.89,5.13,-3.56,7.24,0.0,0.0,1.46,10,6,1.67,19.74,7.98,27.71,7.0
002588,20240126,20260314,20251212,9.43,11.82,25.34,58,9.9,19.39,2.23,3.82,3.29,15.91,5.76,32,23,1.39,56.97,32.91,89.88,5.91
600765,20240126,20260314,20251212,16.8,17.71,5.42,58,19.1,-7.28,6.49,10.0,24.52,17.14,15.08,27,30,0.9,79.55,70.8,150.35,-7.86
603127,20241220,20260107,20251211,31.23,41.3,32.24,18,38.51,7.24,18.0,14.83,0.0,0.0,8.05,10,7,1.43,44.51,14.65,59.16,18.68
603344,20241220,20260107,20251211,27.74,37.58,35.47,18,37.72,-0.37,3.28,17.84,0.0,0.0,6.01,11,6,1.83,45.22,13.24,58.46,10.66
688119,20241220,20260107,20251211,4.94,5.84,18.22,18,5.59,4.47,-1.21,6.88,0.0,0.0,1.82,10,6,1.67,35.22,17.33,52.55,5.42
002471,20240126,20260314,20251211,4.83,8.6,78.05,59,7.41,16.06,14.91,13.66,70.19,77.23,43.58,32,26,1.23,194.61,124.71,319.33,-10.7
300118,20240126,20260314,20251211,10.7,19.58,82.99,59,14.46,35.41,15.51,31.59,58.69,94.02,48.99,28,30,0.93,174.42,102.63,277.05,3.32
002879,20240126,20260314,20251211,17.22,23.07,33.97,59,18.63,23.83,2.85,12.66,11.09,34.03,14.5,32,26,1.23,91.28,59.14,150.42,-2.12
300737,20241220,20260107,20251211,5.19,5.58,7.51,18,5.55,0.54,0.39,5.59,0.0,0.0,1.76,11,6,1.83,18.58,11.0,29.58,3.91
600391,20240126,20260314,20251211,28.54,43.5,52.42,59,35.95,21.0,-0.56,16.33,55.57,87.98,39.05,29,29,1.0,150.59,100.11,250.7,-11.24
301611,20241220,20260107,20251210,56.68,109.34,92.91,19,86.75,26.04,14.86,47.62,0.0,0.0,17.26,11,7,1.57,81.35,10.98,92.33,25.66
300487,20240126,20260314,20251210,54.5,77.44,42.09,60,64.36,20.32,8.83,11.89,22.33,33.28,18.69,30,29,1.03,76.64,39.18,115.82,8.41
601038,20240126,20260314,20251210,13.62,15.23,11.82,60,14.0,8.79,4.41,4.11,4.04,5.87,4.5,32,27,1.19,49.69,37.12,86.81,5.47
002201,20240126,20260314,20251210,8.15,11.74,44.05,60,10.93,7.41,0.74,14.6,44.42,70.06,31.87,30,28,1.07,160.75,114.71,275.46,-4.71
688351,20241220,20260107,20251210,23.05,25.06,8.72,19,25.18,-0.48,4.21,1.56,0.0,0.0,1.31,10,8,1.25,18.73,9.82,28.55,6.64
603680,20240126,20260314,20251210,12.83,13.98,8.96,60,15.2,-8.03,9.2,11.85,31.72,23.54,19.62,31,28,1.11,82.58,70.26,152.84,-4.57
001376,20241220,20260107,20251210,12.83,17.46,36.09,19,17.05,2.4,11.61,18.39,0.0,0.0,7.84,11,7,1.57,51.89,19.12,71.01,3.99
600058,20240126,20260314,20251209,9.48,12.5,31.86,51,12.67,-1.34,-2.85,4.54,49.89,41.46,24.05,28,22,1.27,90.18,58.25,148.42,-3.4
688503,20241220,20260107,20251209,54.59,70.2,28.59,20,62.83,11.73,5.88,8.44,28.59,0.0,12.28,11,8,1.38,39.84,13.29,53.13,12.77
603121,20241220,20260107,20251209,19.01,20.91,9.99,20,20.7,1.01,11.84,17.57,9.99,0.0,10.64,10,9,1.11,22.7,12.6,35.3,-2.61
688311,20241220,20260107,20251209,37.3,52.56,40.91,20,48.86,7.57,4.96,10.67,40.91,0.0,16.47,14,5,2.8,56.84,20.09,76.93,20.0
301321,20241220,20260107,20251208,16.9,19.62,16.09,21,18.74,4.7,4.56,7.99,12.37,0.0,7.02,10,10,1.0,29.8,14.01,43.81,4.92
688630,20241220,20260107,20251208,125.94,144.5,14.74,21,142.42,1.46,-0.3,-0.25,10.71,0.0,3.08,10,10,1.0,33.36,18.57,51.93,6.14
603211,20241220,20260107,20251208,18.95,22.29,17.63,21,22.98,-3.0,5.7,7.23,21.32,0.0,9.7,10,10,1.0,33.64,16.3,49.93,-5.59
301066,20241220,20260107,20251208,16.93,19.52,15.3,21,19.81,-1.46,0.41,7.15,20.2,0.0,8.29,10,10,1.0,42.95,26.05,69.0,18.95
605123,20241220,20260107,20251208,75.25,103.4,37.41,21,102.81,0.57,15.81,14.42,37.74,0.0,18.81,12,8,1.5,55.81,21.45,77.26,1.37
003031,20241220,20260107,20251208,59.37,80.63,35.81,21,74.89,7.66,27.86,23.6,23.46,0.0,19.69,10,10,1.0,58.12,24.72,82.83,9.4
600498,20240126,20260314,20251208,24.85,52.36,110.7,62,35.29,48.37,6.56,10.99,41.97,49.18,27.04,34,26,1.31,174.11,91.1,265.21,0.69
002339,20240126,20260314,20251208,8.22,11.93,45.13,62,9.1,31.1,7.91,9.98,13.63,34.79,15.62,30,30,1.0,129.56,85.83,215.4,-9.69
688661,20241220,20260107,20251208,46.69,65.02,39.26,21,57.09,13.89,12.02,10.28,20.84,0.0,11.74,12,8,1.5,58.21,22.37,80.58,27.99
301235,20241220,20260107,20251208,31.03,40.05,29.07,21,39.71,0.86,5.74,14.08,29.78,0.0,14.31,11,9,1.22,57.29,28.59,85.87,6.63
605168,20241220,20260107,20251208,33.44,43.76,30.86,21,39.9,9.67,2.84,-0.51,20.57,0.0,6.59,14,6,2.33,37.46,9.47,46.92,15.61
688662,20241220,20260107,20251208,44.09,61.73,40.01,21,53.34,15.73,33.82,6.53,16.67,0.0,13.72,10,10,1.0,75.43,35.99,111.42,21.02
603037,20240126,20260314,20251208,13.07,14.83,13.47,62,14.5,2.28,5.28,5.2,10.33,34.66,12.65,30,29,1.03,85.14,68.59,153.72,-1.13
301175,20241220,20260107,20251208,5.42,6.03,11.25,21,6.01,0.33,8.86,4.8,10.52,0.0,6.37,11,8,1.38,21.97,10.57,32.54,1.86
300969,20241220,20260107,20251205,94.54,138.0,45.97,22,122.0,13.11,3.25,8.23,29.05,0.0,11.83,13,8,1.62,57.52,17.93,75.45,7.77
300940,20241220,20260107,20251205,31.15,33.5,7.54,22,29.03,15.4,-2.25,5.01,-6.81,0.0,-0.99,8,13,0.62,33.47,24.6,58.07,15.04
301486,20241220,20260107,20251205,91.85,138.68,50.99,22,128.59,7.85,12.5,15.42,40.0,0.0,19.13,12,9,1.33,76.52,30.1,106.62,10.06
301333,20241220,20260107,20251205,55.08,61.68,11.98,22,61.78,-0.16,3.85,5.19,12.16,0.0,5.98,12,9,1.33,24.91,13.0,37.91,3.11
601066,20241220,20260107,20251205,25.72,27.02,5.05,22,26.94,0.3,2.6,3.69,4.74,0.0,3.05,14,7,2.0,12.04,6.96,19.0,1.16
300900,20241220,20260107,20251205,21.36,41.48,94.19,22,36.99,12.14,11.19,14.14,73.17,0.0,28.43,13,8,1.62,102.63,30.1,132.73,17.44
688053,20241220,20260107,20251205,32.54,42.66,31.1,22,37.63,13.37,8.33,16.26,15.64,0.0,11.24,14,7,2.0,53.27,23.84,77.12,16.94
603306,20240126,20260314,20251205,47.8,88.17,84.46,63,65.78,34.04,20.67,25.94,37.62,44.04,32.01,32,30,1.07,122.07,56.52,178.59,7.43
688516,20241220,20260107,20251205,39.55,52.3,32.24,22,49.4,5.87,6.83,10.09,24.91,0.0,11.87,11,10,1.1,48.3,18.16,66.46,13.62
688368,20241220,20260107,20251205,97.37,126.1,29.51,22,123.8,1.86,-0.71,15.45,27.14,0.0,12.63,11,10,1.1,45.56,17.14,62.7,8.07
601319,20241220,20260107,20251205,8.68,9.93,14.47,22,9.43,5.3,-2.88,5.82,8.7,0.0,3.78,12,9,1.33,23.93,9.97,33.9,9.97
301169,20241220,20260107,20251205,45.45,55.71,22.57,22,50.94,9.36,1.08,3.43,12.08,0.0,4.87,14,6,2.33,24.55,3.77,28.32,11.6
002536,20240126,20260314,20251205,21.8,37.57,72.34,63,30.81,21.94,10.46,36.01,41.33,36.83,32.66,31,30,1.03,153.91,92.64,246.56,8.49
600456,20240126,20260314,20251205,32.11,37.07,15.45,63,38.83,-4.53,1.84,8.41,20.93,23.7,13.91,31,30,1.03,82.64,65.2,147.84,-5.36
688710,20241220,20260107,20251205,41.99,55.31,31.72,22,46.99,17.71,2.64,20.72,11.91,0.0,10.32,12,9,1.33,56.16,24.95,81.1,26.63
300322,20240126,20260314,20251205,21.89,28.02,28.0,63,28.18,-0.57,3.02,3.7,28.73,31.8,16.69,30,31,0.97,104.22,74.85,179.07,3.13
688375,20241220,20260107,20251205,68.08,107.65,58.12,22,98.3,9.51,6.33,18.83,44.39,0.0,20.23,15,6,2.5,60.62,12.61,73.22,29.54
000929,20240126,20260314,20251205,8.44,10.46,23.93,63,9.04,15.71,2.13,2.96,7.11,25.12,8.47,35,26,1.35,61.81,39.04,100.85,2.75
688323,20241220,20260107,20251205,17.51,23.9,36.49,22,22.56,5.94,2.86,23.02,28.84,0.0,16.13,12,9,1.33,73.53,37.41,110.94,4.14
300739,20241220,20260107,20251205,16.73,18.69,11.72,22,18.69,0.0,5.26,2.45,11.72,0.0,5.3,12,9,1.33,25.16,13.43,38.59,2.3
688287,20241220,20260107,20251205,5.5,5.96,8.36,22,6.13,-2.77,9.45,9.82,11.45,0.0,8.27,11,10,1.1,27.96,19.0,46.96,-2.45
688478,20241220,20260107,20251205,34.1,39.74,16.54,22,38.04,4.47,5.34,11.35,11.55,0.0,7.94,12,9,1.33,27.46,11.49,38.95,6.26
603297,20241220,20260107,20251205,98.33,113.8,15.73,22,108.67,4.72,0.64,4.26,10.52,0.0,4.56,12,9,1.33,25.95,10.9,36.85,9.24
301165,20241220,20260107,20251205,73.72,87.71,18.98,22,89.98,-2.52,11.15,9.32,22.06,0.0,11.64,11,10,1.1,46.85,27.38,74.24,-1.95
688383,20241220,20260107,20251205,67.17,80.36,19.64,22,80.71,-0.43,11.66,12.4,20.16,0.0,12.1,13,8,1.62,30.53,11.81,42.34,6.93
603221,20241220,20260107,20251205,12.11,14.14,16.76,22,14.41,-1.87,2.81,15.28,18.99,0.0,10.84,8,13,0.62,33.44,16.55,49.98,7.77
601108,20241220,20260107,20251205,8.32,8.97,7.81,22,8.79,2.05,0.96,2.28,5.65,0.0,2.57,11,7,1.57,14.39,6.71,21.11,1.82
600973,20240126,20260314,20251204,5.35,7.33,37.01,64,7.62,-3.81,19.25,20.93,36.45,42.62,29.59,32,31,1.03,106.46,70.6,177.06,-5.05
001208,20241220,20260107,20251204,12.12,25.83,113.12,23,23.45,10.15,11.39,71.62,98.35,0.0,53.27,15,7,2.14,97.84,17.98,115.82,5.95
688160,20241220,20260107,20251204,96.16,140.0,45.59,23,147.0,-4.76,12.83,1.83,58.59,0.0,20.69,10,12,0.83,74.11,31.33,105.44,-4.1
688513,20241220,20260107,20251204,54.31,59.8,10.11,23,60.7,-1.48,3.76,6.59,13.33,0.0,6.73,13,9,1.44,20.92,10.96,31.89,-1.17
601698,20241220,20260107,20251204,21.54,43.87,103.67,23,39.3,11.63,6.92,12.21,65.88,0.0,24.81,17,5,3.4,87.7,13.06,100.76,35.07
002943,20241220,20260107,20251204,32.3,49.96,54.67,23,43.56,14.69,18.05,14.18,22.6,0.0,14.64,15,7,2.14,58.87,13.26,72.13,33.65
300034,20240126,20260314,20251204,16.72,20.23,20.99,64,19.86,1.86,4.07,9.45,17.11,31.64,15.11,32,30,1.07,107.53,83.46,191.0,-6.95
300984,20241220,20260107,20251204,61.95,82.5,33.17,23,83.5,-1.2,7.52,2.66,37.01,0.0,13.4,12,10,1.2,51.53,20.71,72.24,7.39
002483,20240126,20260314,20251204,6.89,7.9,14.66,64,7.06,11.9,2.32,1.31,3.63,4.5,2.85,32,30,1.07,43.3,28.95,72.25,-0.13
688636,20241220,20260107,20251204,34.87,43.85,25.75,23,41.89,4.68,11.27,10.7,22.86,0.0,12.32,15,7,2.14,37.22,13.48,50.7,3.62
300265,20240126,20260314,20251204,9.8,18.5,88.78,64,13.65,35.53,2.14,31.12,36.73,43.88,29.56,34,29,1.17,204.17,124.9,329.07,-9.93
688291,20241220,20260107,20251204,33.55,46.34,38.12,23,46.75,-0.88,3.04,8.49,27.33,0.0,11.35,15,7,2.14,57.17,22.36,79.53,21.06
002383,20240126,20260314,20251204,9.87,10.62,7.6,64,12.2,-12.95,1.93,6.38,27.56,22.39,15.05,30,32,0.94,94.99,82.82,177.81,-17.42
002498,20240126,20260314,20251203,3.61,9.4,160.39,65,3.82,146.07,2.77,8.03,6.65,9.7,6.9,33,31,1.06,180.85,75.99,256.85,-5.62
603379,20241220,20260107,20251203,53.06,60.33,13.7,24,58.93,2.38,5.96,5.37,14.23,0.0,7.07,13,10,1.3,20.68,7.57,28.24,-0.46
688017,20241220,20260107,20251203,145.45,190.88,31.23,24,191.06,-0.09,8.48,3.6,31.39,0.0,12.19,15,8,1.88,42.8,14.44,57.24,-0.12
688533,20241220,20260107,20251203,27.56,30.17,9.47,24,30.02,0.5,2.76,1.6,6.53,0.0,2.99,14,9,1.56,14.54,5.36,19.9,2.76
002913,20241220,20260107,20251203,37.73,43.85,16.22,24,43.59,0.6,10.12,11.32,15.69,0.0,10.13,13,10,1.3,26.32,10.85,37.17,0.46
603386,20241220,20260107,20251203,13.76,15.34,11.48,24,15.59,-1.6,46.44,10.03,18.82,0.0,17.94,12,11,1.09,60.78,45.99,106.77,-6.18
002014,20240126,20260314,20251202,11.43,12.18,6.56,66,11.78,3.4,1.75,4.11,6.12,1.4,3.7,34,30,1.13,38.91,31.94,70.85,3.84
688376,20241220,20260107,20251202,46.0,62.08,34.96,25,62.65,-0.91,4.57,13.76,29.67,0.0,13.94,12,12,1.0,61.35,27.68,89.03,6.78
002149,20240126,20260314,20251202,18.55,43.53,134.66,66,46.03,-5.43,21.67,62.64,141.02,138.44,93.12,39,26,1.5,204.28,108.25,312.53,-8.55
002361,20240126,20260314,20251202,6.81,12.65,85.76,66,13.7,-7.66,-1.32,4.85,112.78,166.08,68.24,34,31,1.1,209.46,134.27,343.73,1.04
600345,20240126,20260314,20251202,27.29,42.13,54.38,66,35.9,17.35,4.07,7.91,22.76,44.19,18.85,37,28,1.32,167.28,114.78,282.06,5.91
601107,20240126,20260314,20251202,5.95,6.36,6.89,66,6.1,4.26,0.34,4.54,4.03,0.5,2.74,31,32,0.97,35.89,28.69,64.58,1.11
301160,20241220,20260107,20251201,61.62,79.3,28.69,26,72.76,8.99,5.74,5.16,4.02,0.0,3.9,15,10,1.5,34.19,8.26,42.45,15.24
603967,20241220,20260107,20251201,12.31,13.17,6.99,26,14.12,-6.73,1.95,1.06,3.41,0.0,1.73,11,14,0.79,24.03,16.5,40.53,5.53
603577,20240126,20260314,20251201,10.18,11.31,11.1,67,10.55,7.2,-0.1,0.59,-0.1,4.62,1.05,33,33,1.0,61.93,49.73,111.67,-5.43
600372,20240126,20260314,20251201,12.32,14.2,15.28,67,13.52,5.03,1.88,2.94,7.32,21.04,7.66,35,30,1.17,81.59,64.01,145.6,-6.46
688396,20241220,20260107,20251201,50.93,60.51,18.81,26,53.89,12.28,3.71,8.38,6.81,0.0,5.3,10,15,0.67,43.08,24.34,67.42,13.7
601399,20241220,20260107,20251201,3.45,5.51,59.71,26,4.97,10.87,34.2,50.14,47.25,0.0,36.06,15,10,1.5,87.9,36.49,124.39,17.74
688278,20241220,20260107,20251201,80.0,84.3,5.37,26,83.4,1.08,1.96,5.01,3.26,0.0,2.87,15,10,1.5,15.1,9.64,24.73,0.83
300952,20241220,20260107,20251128,29.69,42.82,44.22,27,40.22,6.46,15.19,14.79,21.66,0.0,13.97,15,11,1.36,59.55,20.63,80.18,8.41
002983,20241220,20260107,20251128,21.68,23.46,8.21,27,23.45,0.04,1.29,-0.18,7.8,0.0,2.54,13,13,1.0,37.63,28.19,65.82,4.97
603132,20241220,20260107,20251128,13.51,15.1,11.77,27,14.66,3.0,-0.22,2.37,7.92,0.0,3.04,14,12,1.17,22.35,10.9,33.25,3.78
300567,20240126,20260314,20251128,67.03,134.9,101.25,68,95.02,41.97,0.03,14.61,25.7,63.46,24.79,36,30,1.2,146.13,69.58,215.71,-3.65
300084,20240126,20260314,20251128,9.0,10.8,20.0,68,10.44,3.45,1.0,4.11,10.0,14.11,7.26,37,28,1.32,85.53,63.1,148.63,-9.55
600558,20240126,20260314,20251128,5.48,6.3,14.96,68,6.1,3.28,1.64,4.2,11.31,24.27,9.84,36,27,1.33,60.79,45.33,106.12,-0.16
002585,20240126,20260314,20251128,5.69,7.64,34.27,68,7.03,8.68,10.72,13.36,18.63,26.19,16.98,36,29,1.24,107.45,73.46,180.91,4.8
301539,20241220,20260107,20251128,19.59,20.8,6.18,27,20.79,0.05,3.22,2.65,8.17,0.0,3.89,13,13,1.0,19.5,13.23,32.73,2.06
688586,20241220,20260107,20251128,11.42,13.21,15.67,27,12.85,2.8,4.47,5.52,14.01,0.0,6.75,13,12,1.08,29.7,14.54,44.24,3.12
688282,20241220,20260107,20251128,55.13,69.95,26.88,27,61.56,13.63,-7.73,6.38,9.74,0.0,3.29,12,14,0.86,49.74,23.81,73.55,14.22
003002,20241220,20260107,20251128,26.49,32.84,23.97,27,31.77,3.37,5.21,3.93,17.52,0.0,7.48,15,11,1.36,38.93,16.53,55.46,2.63
603359,20241220,20260107,20251128,7.98,9.09,13.91,27,9.09,0.0,9.4,7.77,8.27,0.0,6.69,13,13,1.0,50.7,35.46,86.15,-8.83
603601,20240126,20260314,20251128,5.06,11.61,129.45,68,12.99,-10.62,0.4,51.38,139.72,189.33,95.28,39,27,1.44,231.8,134.82,366.63,1.31
002358,20240126,20260314,20251128,5.38,8.7,61.71,68,5.46,59.34,2.42,2.79,5.76,8.55,4.76,34,32,1.06,115.74,63.03,178.78,-7.35
300337,20240126,20260314,20251128,10.74,13.04,21.42,68,16.2,-19.51,1.12,27.19,25.88,97.02,35.55,29,37,0.78,151.31,121.68,272.99,-4.54
300885,20241220,20260107,20251128,22.6,31.88,41.06,27,35.48,-10.15,13.14,6.55,11.19,0.0,7.95,11,14,0.79,87.07,46.67,133.74,2.91
603698,20240126,20260314,20251128,18.86,30.83,63.47,68,38.4,-19.71,7.69,23.17,98.41,156.63,69.34,38,29,1.31,184.82,125.04,309.86,-11.43
000959,20240126,20260314,20251128,4.15,5.34,28.67,68,4.86,9.88,6.99,2.17,18.07,25.54,12.58,35,26,1.35,67.66,40.79,108.45,-1.66
002961,20241220,20260107,20251128,22.29,27.05,21.35,27,27.3,-0.92,8.93,23.06,30.1,0.0,17.73,12,14,0.86,56.49,34.31,90.79,-5.65
002519,20240126,20260314,20251128,5.14,8.17,58.95,68,7.13,14.59,16.34,33.85,18.87,123.15,43.71,39,28,1.39,197.51,138.72,336.23,-8.92
301510,20241220,20260107,20251128,34.5,36.8,6.67,27,37.41,-1.63,17.62,3.88,4.32,0.0,5.98,10,16,0.62,45.97,36.48,82.45,-5.4
688153,20241220,20260107,20251127,34.53,38.6,11.79,28,38.47,0.34,12.77,11.79,8.28,0.0,8.57,16,11,1.45,27.9,16.1,43.99,1.47
300447,20240126,20260314,20251127,15.45,19.96,29.19,69,17.9,11.51,3.17,11.72,11.26,30.49,13.63,35,33,1.06,120.53,88.92,209.45,-3.76
001379,20241220,20260107,20251127,21.73,24.05,10.68,28,23.87,0.75,2.3,4.28,10.68,0.0,4.95,12,15,0.8,32.4,21.3,53.7,0.46
301571,20241220,20260107,20251127,47.51,55.59,17.01,28,56.44,-1.51,2.42,6.08,10.42,0.0,5.43,15,12,1.25,34.6,18.1,52.7,0.52
603048,20241220,20260107,20251127,19.61,21.06,7.39,28,21.39,-1.54,7.7,16.88,8.87,0.0,9.26,15,12,1.25,25.44,17.82,43.26,-0.57
002284,20240126,20260314,20251127,12.05,14.98,24.32,69,15.04,-0.4,1.91,4.65,32.2,28.8,17.2,39,29,1.34,77.34,53.27,130.61,-2.73
300303,20240126,20260314,20251127,6.57,10.4,58.3,69,6.93,50.07,1.98,8.37,6.24,6.85,6.15,32,33,0.97,115.41,62.68,178.09,1.76
300672,20241220,20260107,20251127,89.89,110.71,23.16,28,107.68,2.81,10.13,14.61,16.43,0.0,11.34,15,12,1.25,48.38,25.49,73.87,2.13
688556,20241220,20260107,20251127,10.01,12.8,27.87,28,11.3,13.27,8.59,6.39,14.49,0.0,7.98,16,10,1.6,45.49,19.16,64.65,8.94
603607,20241220,20260107,20251127,24.83,28.24,13.73,28,27.4,3.07,2.82,5.44,1.61,0.0,2.68,19,8,2.38,28.18,14.73,42.9,2.36
301306,20241220,20260107,20251127,56.92,134.66,136.58,28,137.23,-1.87,4.41,18.94,88.6,0.0,33.14,19,8,2.38,127.35,33.74,161.09,25.1
300972,20241220,20260107,20251127,173.24,214.8,23.99,28,202.23,6.22,5.3,3.46,13.55,0.0,6.16,16,10,1.6,30.14,8.11,38.25,7.05
300129,20240126,20260314,20251127,7.88,15.55,97.34,69,10.59,46.84,5.58,10.03,13.32,94.92,27.11,42,26,1.62,157.14,80.84,237.97,13.59
603773,20241220,20260107,20251127,30.53,34.74,13.79,28,34.32,1.22,1.54,1.02,8.02,0.0,3.02,12,15,0.8,42.12,27.95,70.07,2.99
605555,20241220,20260107,20251127,17.16,19.09,11.25,28,18.9,1.01,0.64,9.15,4.9,0.0,4.34,13,14,0.93,33.16,21.66,54.82,2.25
300812,20241220,20260107,20251127,24.1,28.79,19.46,28,29.57,-2.64,15.15,19.0,26.14,0.0,16.57,10,17,0.59,55.46,34.52,89.98,-0.03
688272,20241220,20260107,20251127,26.16,31.74,21.33,28,29.82,6.44,6.8,8.94,11.09,0.0,7.37,14,13,1.08,54.53,32.12,86.65,11.17
002166,20240126,20260314,20251127,8.06,9.4,16.63,59,8.58,9.56,7.69,18.73,7.32,12.41,11.84,30,27,1.11,59.67,42.34,102.01,4.91
688535,20241220,20260107,20251127,95.01,121.55,27.93,28,116.58,4.26,8.11,3.43,23.57,0.0,9.72,15,12,1.25,57.42,30.23,87.64,7.16
001335,20241220,20260107,20251127,41.03,49.34,20.25,28,48.24,2.28,9.65,14.92,6.48,0.0,8.35,13,13,1.0,39.65,19.97,59.62,-0.78
002233,20240126,20260314,20251126,8.44,9.64,14.22,70,9.06,6.4,8.89,10.55,7.46,6.16,8.41,34,32,1.06,48.23,34.02,82.24,3.54
300707,20241220,20260107,20251126,15.23,16.91,11.03,29,16.53,2.3,4.66,4.6,9.0,0.0,5.01,14,14,1.0,31.97,20.75,52.72,1.32
301387,20241220,20260107,20251126,39.99,58.68,46.74,29,55.14,6.42,4.75,4.03,13.53,0.0,6.22,18,10,1.8,49.02,9.38,58.4,7.53
301040,20241220,20260107,20251126,27.13,30.15,11.13,29,28.89,4.36,-3.58,10.76,14.96,0.0,7.0,11,17,0.65,52.15,39.23,91.38,4.87
600578,20240126,20260314,20251126,4.5,5.66,25.78,70,5.24,8.02,1.78,1.11,14.0,20.0,8.89,39,29,1.34,69.0,44.47,113.48,2.91
300740,20241220,20260107,20251126,19.85,23.99,20.86,29,23.5,2.09,0.76,2.17,7.61,0.0,3.09,18,10,1.8,33.55,13.81,47.35,10.25
002976,20241220,20260107,20251126,25.51,28.14,10.31,29,27.95,0.68,34.89,7.45,6.59,0.0,11.19,14,14,1.0,50.2,37.53,87.73,-2.46
002510,20240126,20260314,20251126,7.04,7.77,10.37,66,7.19,8.07,-0.99,-0.57,2.27,10.65,2.44,33,29,1.14,74.65,62.16,136.81,-3.84
600750,20240126,20260314,20251126,21.81,25.3,16.0,70,23.1,9.52,5.46,7.61,13.11,5.91,8.49,35,34,1.03,40.7,25.27,65.97,0.8
603215,20241220,20260107,20251125,20.04,22.48,12.18,30,22.56,-0.35,4.69,1.95,4.99,12.18,5.46,16,13,1.23,27.14,15.13,42.27,8.08
603130,20241220,20260107,20251125,38.68,55.4,43.23,30,54.55,1.56,10.06,19.49,25.8,43.23,24.24,16,13,1.23,66.34,27.86,94.21,7.57
300667,20241220,20260107,20251125,16.09,17.8,10.63,30,17.71,0.51,2.55,7.4,7.89,10.63,7.22,15,14,1.07,26.91,16.39,43.3,2.12
688418,20241220,20260107,20251125,29.79,45.83,53.84,30,42.8,7.08,2.32,17.69,38.64,53.84,28.13,18,11,1.64,71.85,25.79,97.63,8.45
301529,20241220,20260107,20251125,64.1,123.15,92.12,30,115.5,6.62,15.88,43.98,35.26,92.12,45.37,18,11,1.64,93.35,23.21,116.56,15.14
300884,20241220,20260107,20251125,13.8,16.73,21.23,30,17.76,-5.8,6.01,18.84,2.39,21.23,11.82,14,15,0.93,55.2,32.74,87.94,13.96
301028,20241220,20260107,20251125,13.31,14.86,11.65,30,14.71,1.02,6.16,13.37,9.92,11.65,10.55,17,12,1.42,33.89,22.15,56.04,0.61
688127,20241220,20260107,20251125,29.92,40.09,33.99,30,38.86,3.17,5.98,19.75,24.0,33.99,21.12,21,8,2.62,39.56,9.53,49.09,5.25
601702,20241220,20260107,20251125,16.93,20.52,21.2,30,20.97,-2.15,6.26,10.57,21.26,21.2,15.04,15,14,1.07,36.99,16.87,53.86,-0.34
000975,20240126,20260314,20251125,20.64,32.78,58.82,71,24.68,32.82,8.67,6.01,21.37,20.98,14.14,38,32,1.19,123.02,71.67,194.69,3.77
001389,20241220,20260107,20251125,68.13,83.38,22.38,30,82.64,0.9,2.72,5.75,17.36,22.38,11.95,17,11,1.55,32.13,11.39,43.52,2.68
002446,20240126,20260314,20251124,8.25,10.52,27.52,72,10.77,-2.32,3.15,8.24,19.39,30.06,14.93,40,29,1.38,124.54,93.52,218.07,-1.31
300870,20241220,20260107,20251124,186.18,239.01,28.38,31,230.1,3.87,12.39,3.66,10.71,22.45,11.28,14,16,0.88,78.34,49.41,127.76,9.16
301073,20241220,20260107,20251124,25.95,28.49,9.79,26,25.75,10.64,0.89,-3.85,3.47,0.0,0.06,11,14,0.79,37.45,26.55,64.01,10.21
301338,20241220,20260107,20251124,57.28,93.16,62.64,31,85.61,8.82,15.64,15.87,26.68,49.53,25.8,18,12,1.5,74.94,22.92,97.86,2.94
002115,20240126,20260314,20251124,10.49,12.86,22.59,72,13.24,-2.87,2.67,4.96,17.54,24.5,12.18,35,36,0.97,148.85,119.78,268.63,-5.79
301517,20241220,20260107,20251124,44.01,69.93,58.9,31,69.36,0.82,8.38,19.52,62.21,65.87,39.37,18,12,1.5,90.67,39.19,129.86,6.6
301070,20241220,20260107,20251124,52.77,66.43,25.89,31,64.2,3.47,7.28,10.59,11.31,25.05,13.04,15,14,1.07,42.77,18.83,61.6,10.2
300557,20240126,20260314,20251124,27.78,38.7,39.31,72,36.1,7.2,3.24,5.22,41.61,30.96,20.89,36,35,1.03,120.54,81.46,202.0,-1.85
002491,20240126,20260314,20251124,5.49,11.25,104.92,72,6.02,86.88,2.37,4.01,30.42,12.2,13.24,40,30,1.33,163.34,84.3,247.63,2.37
301408,20241220,20260107,20251124,13.85,19.5,40.79,31,19.38,0.62,15.6,20.87,66.71,38.12,37.02,15,15,1.0,88.98,48.33,137.32,5.18
301526,20241220,20260107,20251124,5.54,7.34,32.49,31,7.18,2.23,3.25,30.87,15.88,30.32,20.74,15,13,1.15,59.12,27.96,87.08,3.82
600879,20240126,20260314,20251124,10.9,23.32,113.94,72,21.75,7.22,0.64,16.42,65.78,119.54,48.7,40,31,1.29,190.43,104.63,295.06,-11.13
600232,20240126,20260314,20251124,6.95,8.78,26.33,72,8.49,3.42,3.02,1.73,9.78,20.29,8.12,30,38,0.79,93.64,66.72,160.36,10.03
688319,20241220,20260107,20251124,22.72,27.86,22.62,31,26.64,4.58,13.56,20.55,11.53,21.74,16.68,16,14,1.14,44.93,22.89,67.81,10.03
002969,20241220,20260107,20251124,3.65,15.07,312.88,25,13.7,10.0,5.75,18.36,168.22,0.0,57.12,19,4,4.75,154.61,6.05,160.65,39.93
301111,20241220,20260107,20251124,17.14,20.71,20.83,31,19.85,4.33,33.26,53.73,19.72,16.51,31.99,11,19,0.58,84.59,58.17,142.75,7.14
002955,20241220,20260107,20251124,26.86,29.72,10.65,31,30.51,-2.59,3.65,7.52,5.81,12.14,7.16,16,13,1.23,26.91,16.23,43.14,0.3
300943,20241220,20260107,20251124,17.22,21.21,23.17,31,20.77,2.12,6.16,12.6,17.13,23.69,14.89,13,15,0.87,39.76,17.82,57.58,3.62
300701,20241220,20260107,20251124,11.84,13.09,10.56,31,13.2,-0.83,3.04,4.39,16.64,13.68,9.65,16,13,1.23,34.23,23.38,57.61,1.16
002767,20240126,20260314,20251124,19.6,23.64,20.61,72,22.55,4.83,3.52,6.22,13.78,14.13,9.53,37,34,1.09,76.65,55.82,132.47,5.35
600768,20240126,20260314,20251124,12.58,17.39,38.24,72,14.17,22.72,5.72,8.35,5.09,13.91,7.96,44,27,1.63,81.08,46.99,128.07,-1.7
603915,20241220,20260107,20251124,15.87,18.02,13.55,31,18.12,-0.55,6.93,8.76,4.91,13.3,8.15,18,12,1.5,27.71,14.52,42.24,-2.7
001318,20241220,20260107,20251124,14.17,15.55,9.74,31,15.55,0.0,12.7,9.1,19.34,11.22,13.32,16,14,1.14,48.45,36.88,85.32,-1.83
600114,20240126,20260314,20251124,26.59,30.9,16.21,72,30.57,1.08,4.32,8.73,15.12,14.33,10.88,35,36,0.97,80.97,63.31,144.28,-0.96
002300,20240126,20260314,20251124,6.68,10.43,56.14,72,9.14,14.11,4.79,55.09,59.73,37.57,42.92,38,33,1.15,168.03,114.57,282.59,-9.85
002560,20240126,20260314,20251124,8.26,10.7,29.54,72,9.9,8.08,1.45,8.96,16.1,20.82,11.97,42,29,1.45,94.51,65.56,160.07,-5.98
002632,20240126,20260314,20251124,9.83,13.28,35.1,72,12.79,3.83,26.55,52.59,25.13,33.57,35.34,41,29,1.41,120.28,84.37,204.65,7.1
300835,20241220,20260107,20251124,58.33,67.15,15.12,31,65.24,2.93,5.79,3.51,8.74,12.12,7.26,16,14,1.14,37.3,22.06,59.36,2.19
600522,20240126,20260314,20251124,15.71,29.75,89.37,72,18.3,62.57,0.76,6.68,16.93,16.23,10.48,42,28,1.5,124.93,56.95,181.88,9.38
300395,20240126,20260314,20251124,72.3,113.9,57.54,72,102.58,11.04,8.34,11.09,23.35,39.13,19.83,39,32,1.22,153.18,100.09,253.27,6.3
688651,20241220,20260107,20251124,37.18,54.07,45.43,31,44.65,21.1,7.34,7.75,9.84,21.19,10.98,17,13,1.31,72.69,31.29,103.99,24.56
688300,20241220,20260107,20251124,54.27,65.7,21.06,31,63.72,3.11,3.19,5.62,4.64,18.67,7.45,17,13,1.31,37.62,17.64,55.26,4.25
000060,20240126,20260314,20251124,5.1,7.18,40.78,72,5.95,20.67,1.57,8.82,8.04,22.35,9.84,40,28,1.43,103.69,65.25,168.94,-2.97
000890,20240126,20260314,20251124,4.38,11.09,153.2,72,5.09,117.88,2.28,1.14,33.11,17.81,14.29,41,28,1.46,184.53,82.4,266.93,24.47
002364,20240126,20260314,20251124,22.69,32.86,44.82,72,26.63,23.39,4.76,4.5,2.6,21.2,7.32,41,28,1.46,134.57,91.18,225.75,-6.44
600330,20240126,20260314,20251124,9.04,18.43,103.87,72,12.97,42.1,7.63,9.29,30.53,39.82,21.44,38,33,1.15,201.21,119.5,320.71,17.76
300342,20240126,20260314,20251124,18.05,40.47,124.21,72,33.15,22.08,9.03,16.45,58.34,92.19,42.68,41,30,1.37,209.34,115.22,324.56,-5.13
688270,20241220,20260107,20251124,60.66,131.93,117.49,31,125.37,5.23,7.98,24.46,86.27,125.73,59.96,20,10,2.0,111.52,28.24,139.76,9.03
001360,20241220,20260107,20251124,15.97,21.51,34.69,31,21.86,-1.6,4.82,17.97,36.44,38.26,24.94,17,13,1.31,76.5,42.73,119.23,-1.01
301511,20241220,20260107,20251124,30.68,36.98,20.53,31,36.63,0.96,4.34,6.62,15.03,20.4,11.44,15,15,1.0,56.31,35.24,91.55,0.22
688403,20241220,20260107,20251124,13.62,16.7,22.61,31,16.53,1.03,11.38,10.13,21.59,21.07,16.01,14,15,0.93,47.12,25.07,72.18,1.95
600828,20240126,20260314,20251124,4.2,6.07,44.52,72,5.77,5.2,46.43,43.57,54.76,40.48,46.88,33,38,0.87,192.49,143.58,336.07,-4.71
002438,20240126,20260314,20251124,13.6,19.26,41.62,72,16.12,19.48,1.4,8.31,12.87,17.43,10.12,41,29,1.41,103.33,64.9,168.24,7.48
002151,20240126,20260314,20251124,30.46,45.7,50.03,72,49.97,-8.55,1.02,3.09,8.73,80.47,19.84,41,30,1.37,130.68,83.32,214.0,1.92
688682,20241220,20260107,20251124,33.86,57.63,70.2,31,54.99,4.8,11.16,17.54,52.1,65.09,36.14,19,11,1.73,85.28,28.11,113.4,11.15
603023,20240126,20260314,20251124,4.14,5.04,21.74,72,5.12,-1.56,3.38,8.7,40.1,35.99,22.51,38,33,1.15,135.25,108.16,243.41,-3.26
300771,20241220,20260107,20251124,13.0,16.0,23.08,31,15.39,3.96,3.85,2.69,32.31,23.23,15.92,15,15,1.0,52.12,28.89,81.01,6.1
002281,20240126,20260314,20251124,56.95,88.94,56.17,72,70.83,25.57,6.46,10.11,20.25,22.0,14.8,41,30,1.37,125.44,75.98,201.42,13.55
603682,20241220,20260107,20251124,5.98,6.49,8.53,31,6.68,-2.84,3.34,5.02,10.7,10.87,7.56,17,12,1.42,29.79,20.89,50.67,-0.46
603017,20240126,20260314,20251124,10.07,13.13,30.39,72,11.0,19.36,7.15,11.12,0.2,9.63,6.75,34,36,0.94,119.51,87.13,206.64,7.18
688562,20241220,20260107,20251124,18.65,24.7,32.44,31,23.66,4.4,6.33,12.92,17.43,28.95,16.16,20,10,2.0,59.93,29.68,89.61,5.96
603327,20241220,20260107,20251121,9.59,11.1,15.75,32,11.05,0.45,5.01,42.65,11.16,15.22,20.19,17,14,1.21,65.63,47.47,113.1,2.49
688543,20241220,20260107,20251121,52.86,60.83,15.08,32,62.18,-2.17,-1.04,3.01,4.99,17.63,5.72,17,14,1.21,44.68,28.98,73.66,-1.09
603766,20240126,20260314,20251121,12.84,15.28,19.0,73,15.58,-1.93,9.81,23.05,23.6,21.34,20.23,36,35,1.03,76.62,57.38,134.01,0.39
301225,20241220,20260107,20251121,86.0,152.35,77.15,32,156.36,-2.56,12.22,14.58,14.49,81.81,27.53,18,13,1.38,94.18,32.14,126.32,-2.16
002235,20240126,20260314,20251120,8.51,10.51,23.5,69,10.47,0.38,0.59,45.24,29.49,26.32,27.8,38,30,1.27,134.63,106.28,240.91,-2.87
300855,20241220,20260107,20251120,27.1,34.61,27.71,33,32.29,7.18,-0.26,-0.3,10.33,19.19,6.8,18,13,1.38,41.04,15.57,56.61,6.49
000859,20240126,20260314,20251119,7.17,10.81,50.77,75,11.13,-2.88,27.06,28.73,40.17,50.21,36.12,40,34,1.18,194.08,141.27,335.35,4.55
603129,20241220,20260107,20251119,253.73,271.11,6.85,34,281.8,-3.79,-0.56,4.26,11.82,9.91,6.69,17,16,1.06,29.41,22.19,51.6,-2.79
688292,20241220,20260107,20251118,22.83,29.08,27.38,35,28.46,2.18,-2.28,11.7,12.66,23.74,11.6,18,15,1.2,70.36,43.34,113.7,6.75
300221,20240126,20260314,20251118,8.86,10.51,18.62,76,10.07,4.37,7.56,1.92,8.47,17.49,8.13,35,36,0.97,106.47,84.97,191.44,-2.23
301566,20241220,20260107,20251118,18.59,20.63,10.97,35,20.16,2.33,2.64,2.21,3.82,6.4,3.62,17,17,1.0,40.42,28.94,69.36,6.12
300008,20240126,20260314,20251117,7.13,8.36,17.25,77,8.38,-0.24,14.31,11.5,15.01,10.52,12.92,38,38,1.0,126.52,104.17,230.69,-6.59
301171,20241220,20260107,20251117,31.38,41.47,32.15,36,43.18,-3.96,27.37,33.91,13.45,11.38,21.96,19,16,1.19,78.17,45.99,124.16,12.87
301248,20241220,20260107,20251117,27.66,36.39,31.56,36,33.97,7.12,-0.54,2.31,3.94,12.65,4.3,22,13,1.69,45.09,16.45,61.53,15.05
300785,20241220,20260107,20251113,40.44,45.04,11.37,38,45.82,-1.7,10.66,21.17,2.5,-3.71,8.49,18,19,0.95,66.45,52.41,118.86,9.96
603829,20241220,20260107,20251113,19.66,22.76,15.77,38,22.28,2.15,22.02,25.48,66.53,25.79,37.16,22,14,1.57,75.73,56.39,132.13,2.11
603898,20240126,20260314,20251112,10.87,14.31,31.65,80,13.69,4.53,12.24,22.36,36.34,22.54,24.57,41,36,1.14,116.85,84.26,201.11,1.56
301213,20241220,20260107,20251112,57.82,82.86,43.31,29,82.86,0.0,3.67,13.28,14.23,0.0,8.99,16,12,1.33,67.38,28.18,95.55,28.96
605086,20241220,20260107,20251111,27.21,44.44,63.32,40,45.0,-1.24,7.02,11.76,49.65,39.29,27.68,23,16,1.44,84.79,32.34,117.13,-4.35
300937,20241220,20260107,20251111,29.26,35.93,22.8,40,35.99,-0.17,23.92,5.57,17.7,15.76,14.92,18,21,0.86,91.9,66.39,158.3,0.79
301209,20241220,20260107,20251111,101.66,112.4,10.56,40,110.15,2.04,11.96,3.84,0.42,1.16,3.9,23,16,1.44,44.52,33.36,77.87,2.93
603345,20240126,20260314,20251110,78.08,86.79,11.16,82,81.41,6.61,4.42,0.58,2.51,6.57,3.12,39,42,0.93,68.61,56.52,125.12,-2.61
301228,20241220,20260107,20251110,28.14,37.39,32.87,41,38.76,-3.53,21.54,41.44,54.3,44.31,41.89,14,25,0.56,73.27,40.95,114.23,-3.58
301567,20241220,20260107,20251110,42.18,48.76,15.6,41,47.35,2.98,0.81,4.2,24.18,8.23,10.32,22,18,1.22,65.0,47.14,112.14,9.35
605339,20241220,20260107,20251110,17.39,19.97,14.84,41,19.5,2.41,7.71,20.53,17.02,21.79,17.16,22,18,1.22,70.31,53.11,123.42,1.32
300673,20241220,20260107,20251110,17.25,18.42,6.78,41,18.25,0.93,1.68,5.39,3.3,8.81,4.7,22,18,1.22,32.74,25.54,58.28,3.02
600028,20240126,20260314,20251107,5.61,6.33,12.83,83,6.09,3.94,1.25,7.84,6.42,5.7,5.67,36,41,0.88,71.17,56.73,127.9,-9.57
300102,20240126,20260314,20251107,14.56,32.54,123.49,83,26.07,24.82,-2.34,-3.71,43.96,70.81,25.77,39,43,0.91,258.06,159.22,417.29,-6.47
301256,20241220,20260107,20251107,10.89,17.32,59.04,42,14.11,22.75,2.94,34.44,47.57,31.77,31.54,22,19,1.16,130.74,75.0,205.74,27.35
000039,20240126,20260314,20251107,8.03,12.28,52.93,83,10.27,19.57,1.25,5.85,13.95,11.08,8.41,42,40,1.05,122.63,75.28,197.9,-5.61
002582,20240126,20260314,20251107,10.17,11.12,9.34,83,11.4,-2.46,4.42,1.77,-1.87,1.67,1.19,37,45,0.82,100.12,87.21,187.33,-0.63
301092,20241220,20260107,20251106,32.49,37.4,15.11,43,35.64,4.94,-0.18,5.2,8.77,14.4,7.04,19,22,0.86,69.56,51.49,121.05,5.06
300360,20240126,20260314,20251105,15.8,17.92,13.42,85,17.54,2.17,21.58,6.46,2.34,2.34,7.42,37,46,0.8,83.22,67.06,150.28,-6.28
002667,20240126,20260314,20251105,12.45,30.11,141.85,80,13.21,127.93,8.35,24.5,17.99,9.48,16.31,46,32,1.44,199.56,101.68,301.24,7.54
600258,20240126,20260314,20251105,14.8,16.97,14.66,85,16.39,3.54,8.31,7.23,5.81,7.77,7.13,39,42,0.93,75.86,60.13,135.99,5.34
002413,20240126,20260314,20251105,5.56,13.84,148.92,85,13.81,0.22,2.16,4.14,66.73,74.1,36.51,47,35,1.34,253.16,147.24,400.4,-11.62
301370,20241220,20260107,20251104,10.93,12.24,11.99,45,12.12,0.99,2.56,10.98,6.95,5.4,6.97,23,20,1.15,40.96,28.81,69.77,2.94
301017,20241220,20260107,20251104,12.48,15.34,22.92,45,15.25,0.59,3.04,24.84,12.82,14.74,14.85,23,20,1.15,112.03,82.42,194.45,0.33
301276,20241220,20260107,20251104,21.14,29.97,41.77,45,29.09,3.03,3.26,6.24,12.54,15.37,9.36,31,13,2.38,60.44,24.15,84.59,6.84
300997,20241220,20260107,20251103,17.5,28.82,64.69,46,26.31,9.54,4.11,49.09,34.8,32.11,32.41,25,20,1.25,151.22,89.31,240.53,7.62
002956,20241220,20260107,20251103,21.92,27.05,23.4,46,26.67,1.42,1.46,13.87,17.75,9.22,11.62,28,17,1.65,52.75,30.58,83.33,-0.48
605299,20241220,20260107,20251103,9.42,11.51,22.19,46,11.4,0.96,2.23,5.2,8.17,30.68,10.59,23,22,1.05,74.51,50.72,125.23,1.05
300807,20241220,20260107,20251103,43.16,56.8,31.6,46,59.07,-3.84,4.33,8.25,11.19,11.4,8.98,27,18,1.5,79.01,48.65,127.66,6.97
301212,20241220,20260107,20251103,27.92,31.6,13.18,46,31.16,1.41,1.29,10.49,7.52,8.56,7.37,22,23,0.96,63.55,48.16,111.72,12.06
000533,20240126,20260314,20251103,7.19,16.96,135.88,87,8.5,99.53,25.73,29.76,12.24,21.28,22.0,46,39,1.18,204.94,108.92,313.86,3.6
600965,20240126,20260314,20251103,5.12,5.96,16.41,87,5.92,0.68,3.71,12.3,14.65,3.91,9.61,42,43,0.98,97.14,78.86,176.0,1.36
600754,20240126,20260314,20251103,23.06,27.47,19.12,87,24.38,12.67,-0.61,12.45,10.1,4.51,7.54,49,36,1.36,82.74,62.93,145.67,4.45
300272,20240126,20260314,20251103,6.56,7.78,18.6,87,7.64,1.83,3.81,24.54,12.04,8.23,13.38,50,35,1.43,89.57,68.93,158.5,0.26
600550,20240126,20260314,20251103,8.88,17.14,93.02,87,10.85,57.97,24.32,29.95,7.09,15.43,19.06,45,41,1.1,186.17,111.79,297.96,-9.79
603315,20240126,20260314,20251031,13.21,16.33,23.62,88,14.98,9.01,13.78,14.84,13.93,10.75,13.54,43,42,1.02,115.97,90.55,206.52,0.68
300821,20241220,20260107,20251031,9.29,13.38,44.03,47,12.05,11.04,2.05,50.48,48.01,27.88,35.53,26,20,1.3,121.59,76.83,198.42,11.59
002853,20240126,20260314,20251031,13.1,27.16,107.33,83,20.95,29.64,2.37,5.8,7.25,65.04,17.4,43,38,1.13,157.39,77.87,235.26,-4.5
002198,20240126,20260314,20251031,6.54,7.87,20.34,88,7.11,10.69,0.31,6.42,14.83,7.19,7.88,48,37,1.3,96.43,73.98,170.41,3.83
301286,20241220,20260107,20251031,27.01,45.85,69.75,47,42.45,8.01,-0.59,20.84,39.02,42.28,26.3,24,22,1.09,99.77,41.96,141.73,9.87
603663,20240126,20260314,20251031,26.49,50.09,89.09,88,35.62,40.62,9.66,46.47,20.23,32.13,28.37,48,39,1.23,152.92,83.59,236.51,-1.65
002856,20240126,20260314,20251031,11.25,13.65,21.33,88,12.2,11.89,10.49,14.04,18.4,6.49,13.13,42,44,0.95,116.6,92.56,209.16,-2.22
600135,20240126,20260314,20251031,7.55,10.63,40.79,88,9.87,7.7,1.06,3.31,3.18,17.62,5.68,46,40,1.15,135.87,95.74,231.61,5.77
688196,20241220,20260107,20251031,49.88,59.55,19.39,47,59.05,0.85,5.31,28.89,5.27,6.96,12.7,21,25,0.84,72.35,50.92,123.26,8.49
603489,20241220,20260107,20251031,27.96,29.65,6.04,47,29.9,-0.84,8.37,7.8,13.66,9.23,9.96,23,22,1.05,47.1,39.84,86.94,-4.01
000338,20240126,20260314,20251031,14.96,24.88,66.31,88,17.4,42.99,20.52,20.32,13.5,16.98,17.65,48,39,1.23,138.12,82.43,220.56,-6.68
603638,20240126,20260314,20251031,18.61,22.11,18.81,88,19.15,15.46,2.2,-0.75,6.39,5.7,3.27,49,38,1.29,76.93,57.69,134.62,1.1
002078,20240126,20260314,20251031,14.12,16.3,15.44,88,15.49,5.23,1.2,9.07,5.74,6.59,6.0,46,39,1.18,59.77,44.3,104.06,-1.57
603155,20241220,20260107,20251031,15.83,17.98,13.58,47,17.11,5.08,8.59,14.02,17.37,13.9,13.92,23,23,1.0,62.5,47.02,109.52,4.17
603190,20241220,20260107,20251031,25.17,26.51,5.32,47,26.49,0.08,2.78,1.07,1.99,7.07,2.89,24,22,1.09,32.62,26.93,59.55,-0.67
603317,20241220,20260107,20251031,11.94,12.71,6.45,47,12.75,-0.31,3.85,13.48,7.62,3.77,7.85,25,21,1.19,31.49,24.58,56.07,0.79
600693,20240126,20260314,20251031,6.2,12.23,97.26,88,18.39,-33.5,8.39,61.29,57.74,140.65,65.52,48,38,1.26,254.75,170.92,425.67,-4.9
688221,20241220,20260107,20251031,15.94,24.04,50.82,47,21.2,13.4,-3.58,8.41,24.91,26.6,14.6,23,23,1.0,105.76,59.38,165.15,33.41
300058,20240126,20260314,20251030,6.76,14.98,121.6,89,13.82,8.39,18.93,17.31,61.69,35.95,34.68,47,41,1.15,253.43,156.15,409.58,-10.67
300648,20240126,20260314,20251030,42.19,57.81,37.02,89,53.55,7.96,3.15,15.64,17.73,19.93,14.63,44,43,1.02,137.0,100.4,237.4,-8.31
603629,20241220,20260107,20251030,24.34,28.04,15.2,48,27.65,1.41,25.06,13.39,7.23,16.27,14.45,25,21,1.19,57.16,40.88,98.05,4.01
300427,20240126,20260314,20251029,6.58,13.81,109.88,90,12.71,8.65,3.5,6.69,36.93,103.34,34.45,46,42,1.1,268.17,174.44,442.6,-13.25
600586,20240126,20260314,20251029,5.15,6.25,21.36,90,5.64,10.82,9.9,31.26,10.49,10.49,16.6,41,44,0.93,140.74,114.77,255.51,-3.7
300189,20240126,20260314,20251029,4.74,8.26,74.26,90,7.07,16.83,8.86,11.18,22.15,20.89,15.95,52,37,1.41,222.74,153.81,376.55,-1.31
002984,20241220,20260107,20251029,18.83,21.9,16.3,49,22.1,-0.9,3.24,11.42,7.33,15.4,9.35,26,22,1.18,42.58,26.54,69.11,2.72
000007,20240126,20260314,20251029,7.99,13.69,71.34,90,11.52,18.84,7.38,14.64,18.52,27.16,16.86,51,37,1.38,127.95,70.03,197.98,3.48
300005,20240126,20260314,20251029,9.11,14.56,59.82,90,11.11,31.05,5.71,16.25,15.81,14.16,13.59,56,31,1.81,127.49,76.45,203.94,-2.41
002196,20240126,20260314,20251028,9.92,14.36,44.76,91,15.07,-4.71,17.34,46.47,29.94,32.56,32.9,46,44,1.05,180.51,134.62,315.13,-4.2
600191,20240126,20260314,20251028,7.94,12.95,63.1,91,12.91,0.31,14.74,18.51,30.73,59.07,29.53,49,40,1.23,136.06,82.24,218.3,-3.57
603122,20241220,20260107,20251028,7.35,22.14,201.22,47,23.13,-4.28,46.53,125.85,201.5,258.5,159.21,27,19,1.42,217.81,95.04,312.84,-14.85
300228,20240126,20260314,20251028,7.97,10.75,34.88,91,9.89,8.7,3.51,3.76,2.89,13.68,5.43,52,37,1.41,132.75,97.32,230.07,-2.18
301119,20241220,20260107,20251028,41.36,56.0,35.4,50,51.37,9.01,5.8,9.21,11.58,14.05,10.21,23,26,0.88,74.43,41.29,115.72,13.09
301136,20241220,20260107,20251027,12.4,19.63,58.31,51,20.35,-3.54,1.69,14.84,9.68,116.69,31.03,26,24,1.08,152.71,95.42,248.13,0.05
000993,20240126,20260314,20251027,10.54,14.15,34.25,92,12.04,17.52,1.52,31.88,10.44,34.16,19.83,49,42,1.17,137.7,102.11,239.82,-7.21
002595,20240126,20260314,20251027,63.87,90.71,42.02,92,85.03,6.68,4.81,8.81,4.82,16.64,8.38,50,40,1.25,105.47,67.34,172.81,-3.5
600969,20240126,20260314,20251027,7.66,10.72,39.95,92,10.28,4.28,1.83,7.05,11.36,19.84,9.86,56,32,1.75,105.67,68.75,174.42,-0.19
301059,20241220,20260107,20251027,11.57,12.57,8.64,51,12.86,-2.26,4.32,9.33,5.1,10.03,7.2,27,23,1.17,37.1,28.09,65.19,-0.79
300508,20240126,20260314,20251024,31.98,40.8,27.58,93,36.54,11.66,4.13,3.63,6.0,9.07,5.53,46,45,1.02,131.71,101.53,233.25,-1.4
300053,20240126,20260314,20251024,13.24,17.52,32.33,93,18.76,-6.61,1.96,7.63,7.4,24.4,9.78,46,45,1.02,174.91,137.32,312.23,-4.89
600237,20240126,20260314,20251024,8.07,10.18,26.15,93,9.17,11.01,-1.98,-0.37,3.84,1.12,0.87,44,45,0.98,112.9,85.6,198.5,-1.26
688095,20241220,20260107,20251024,72.96,97.8,34.05,52,97.16,0.66,22.67,38.71,32.81,19.2,29.83,25,26,0.96,98.98,63.91,162.9,12.52
200429,20240126,20260314,20251024,8.34,8.93,7.07,93,8.69,2.76,3.0,4.92,2.76,4.32,3.77,49,36,1.36,25.7,18.68,44.38,2.76
000547,20240126,20260314,20251024,7.98,31.03,288.85,93,33.08,-6.2,7.77,8.4,72.68,134.34,52.75,57,35,1.63,300.71,148.43,449.15,-3.33
603499,20241220,20260107,20251024,17.72,20.43,15.29,52,20.9,-2.25,-2.77,-3.39,13.04,10.89,4.52,30,21,1.43,49.89,34.38,84.27,0.99
003041,20241220,20260107,20251024,28.53,55.31,93.87,47,54.98,0.6,17.0,30.7,106.98,50.89,54.88,30,16,1.88,137.4,64.27,201.67,10.98
300762,20241220,20260107,20251024,24.93,41.54,66.63,52,43.1,-3.62,4.09,-0.72,6.06,23.99,7.22,33,16,2.06,101.62,46.61,148.23,7.2
688435,20241220,20260107,20251023,34.11,49.51,45.15,53,48.2,2.72,3.2,32.95,62.71,48.52,39.04,24,28,0.86,111.7,68.39,180.09,10.1
603212,20241220,20260107,20251023,11.2,14.5,29.46,53,14.04,3.28,4.46,6.25,21.61,19.11,13.07,29,22,1.32,77.06,48.12,125.19,2.47
300518,20240126,20260314,20251023,13.52,21.11,56.14,94,19.45,8.53,14.72,18.2,20.41,23.3,19.19,46,46,1.0,155.9,105.08,260.98,11.99
002255,20240126,20260314,20251022,8.93,13.5,51.18,95,13.02,3.69,3.81,20.94,41.66,34.83,26.51,46,48,0.96,172.29,122.46,294.75,3.37
603355,20240126,20260314,20251022,24.22,31.56,30.31,95,32.32,-2.35,11.31,6.81,18.91,38.4,17.66,49,44,1.11,126.92,96.02,222.94,-1.28
600039,20240126,20260314,20251022,8.83,9.95,12.71,95,9.99,-0.4,0.36,9.88,7.05,6.93,6.54,47,46,1.02,61.95,48.73,110.68,-0.6
688699,20241220,20260107,20251021,35.82,46.56,29.98,55,45.2,3.01,13.46,18.37,14.85,34.62,19.58,28,26,1.08,90.46,59.69,150.15,5.29
002931,20241220,20260107,20251021,16.08,42.2,162.44,50,34.87,21.02,12.31,3.54,27.18,30.97,17.87,25,24,1.04,161.43,57.23,218.66,46.43
300849,20241220,20260107,20251021,14.76,15.79,6.98,55,15.76,0.19,1.42,0.68,7.38,5.76,3.85,26,25,1.04,46.95,39.02,85.98,1.41
301355,20241220,20260107,20251021,12.0,13.68,14.0,55,13.39,2.17,1.0,2.08,11.92,12.75,6.95,33,21,1.57,69.12,52.82,121.94,0.74
605099,20241220,20260107,20251021,31.11,36.75,18.13,55,35.93,2.28,4.69,11.06,15.75,18.61,12.7,32,22,1.45,54.66,36.79,91.45,4.61
300978,20241220,20260107,20251021,11.28,12.72,12.77,55,12.65,0.55,1.68,2.66,8.87,9.57,5.71,31,22,1.41,62.2,48.1,110.3,2.0
300906,20241220,20260107,20251021,29.25,35.68,21.98,55,35.54,0.39,3.52,21.68,20.96,20.62,17.62,28,25,1.12,78.18,55.09,133.27,0.56
000863,20240126,20260314,20251021,3.76,5.61,49.2,96,6.1,-8.03,2.66,3.46,35.11,40.43,20.19,59,33,1.79,158.38,111.04,269.41,-0.36
300385,20240126,20260314,20251021,5.34,13.43,151.5,96,6.3,113.17,3.18,5.99,17.04,24.16,12.38,52,42,1.24,181.93,81.18,263.11,4.11
001209,20241220,20260107,20251021,18.49,20.48,10.76,55,20.83,-1.68,3.68,6.0,18.98,13.57,10.94,26,28,0.93,67.55,53.76,121.31,0.74
603999,20240126,20260314,20251021,6.56,7.29,11.13,96,7.02,3.85,1.37,5.64,6.55,20.88,8.11,49,43,1.14,87.64,74.33,161.97,-1.35
002451,20240126,20260314,20251021,6.89,11.05,60.38,96,10.48,5.44,1.02,2.76,108.56,52.98,44.2,53,39,1.36,187.66,130.65,318.31,-4.49
603890,20241220,20260107,20251021,12.85,16.51,28.48,55,16.45,0.36,10.74,17.35,15.64,27.24,17.49,26,25,1.04,84.11,55.95,140.06,-0.36
601369,20240126,20260314,20251021,8.46,11.51,36.05,96,9.99,15.22,2.25,3.78,9.22,10.17,6.38,50,41,1.22,94.0,61.03,155.03,-4.88
301329,20241220,20260107,20251021,19.95,23.2,16.29,55,23.72,-2.19,4.56,6.37,8.37,16.04,8.54,29,24,1.21,69.74,52.09,121.83,-0.26
300268,20240126,20260314,20251021,10.6,14.29,34.81,96,12.8,11.64,1.89,6.7,24.81,30.66,15.96,47,47,1.0,126.55,92.18,218.74,-2.52
003018,20241220,20260107,20251021,11.87,16.65,40.27,55,17.14,-2.86,1.6,4.63,15.25,90.14,24.31,33,20,1.65,138.12,95.32,233.44,2.78
300516,20240126,20260314,20251021,39.08,60.86,55.73,96,86.33,-29.5,-0.61,4.61,1.64,28.15,7.38,49,45,1.09,219.85,159.26,379.11,-5.42
002758,20240126,20260314,20251021,9.13,10.89,19.28,96,9.94,9.56,0.22,5.59,10.84,8.0,6.57,55,38,1.45,76.22,56.84,133.06,0.74
603378,20241220,20260107,20251021,6.14,6.74,9.77,55,6.75,-0.15,22.48,32.08,24.1,15.31,24.41,28,25,1.12,87.78,73.33,161.11,-0.3
688031,20241220,20260107,20251021,51.6,140.68,172.64,55,105.27,33.64,18.97,40.81,33.72,27.36,31.62,27,27,1.0,182.95,71.16,254.11,44.23
603700,20241220,20260107,20251021,12.03,13.45,11.8,55,13.82,-2.68,2.66,8.48,10.64,7.9,7.85,31,20,1.55,35.32,23.54,58.85,1.51
301349,20241220,20260107,20251020,37.75,48.18,27.63,56,48.06,0.25,6.49,29.27,56.87,36.53,34.45,28,27,1.04,87.76,59.4,147.16,1.54
301300,20241220,20260107,20251020,39.01,44.01,12.82,56,43.63,0.87,1.31,8.46,14.87,15.97,10.46,30,24,1.25,81.12,65.05,146.17,2.68
300964,20241220,20260107,20251020,44.06,56.85,29.03,56,56.56,0.51,2.66,30.93,23.69,21.33,21.18,31,24,1.29,90.41,60.72,151.12,1.39
002264,20240126,20260314,20251020,6.73,8.97,33.28,97,8.97,0.0,2.82,2.08,14.26,41.6,13.79,47,46,1.02,196.49,156.97,353.46,-3.96
002278,20240126,20260314,20251020,10.19,12.5,22.67,97,12.6,-0.79,41.71,22.87,19.63,11.78,23.45,45,51,0.88,165.29,136.88,302.16,-8.29
002795,20240126,20260314,20251020,5.17,7.66,48.16,97,6.23,22.95,2.13,0.97,17.99,34.24,12.96,43,49,0.88,157.21,111.27,268.48,-2.3
300446,20240126,20260314,20251020,17.33,22.0,26.95,97,24.71,-10.97,4.67,15.35,20.95,12.35,14.29,47,49,0.96,157.22,125.54,282.77,-2.65
301279,20241220,20260107,20251020,22.59,32.5,43.87,56,33.75,-3.7,2.92,16.6,24.61,33.07,19.56,32,23,1.39,99.89,58.74,158.63,2.62
300626,20240126,20260314,20251020,12.66,19.46,53.71,97,15.05,29.3,2.37,5.61,3.87,17.85,6.89,47,47,1.0,176.21,125.23,301.44,-0.71
301205,20241220,20260107,20251020,89.91,168.63,87.55,56,169.31,-0.4,6.42,28.4,12.78,39.78,21.59,27,28,0.96,158.17,85.14,243.32,-1.46
002729,20240126,20260314,20251020,14.28,19.41,35.91,97,16.15,20.19,4.2,0.91,9.73,15.61,7.15,52,44,1.18,106.05,72.02,178.06,11.3
002639,20240126,20260314,20251020,10.83,20.71,91.23,97,19.55,5.93,0.65,2.12,31.76,25.95,15.48,54,41,1.32,219.58,143.84,363.43,-2.95
002218,20240126,20260314,20251020,3.57,6.0,68.07,97,4.24,41.51,-0.28,2.24,28.85,10.36,11.34,53,43,1.23,203.55,141.31,344.86,-6.83
300668,20241220,20260107,20251020,17.87,30.6,71.24,56,29.02,5.44,6.32,5.82,8.95,9.07,7.51,33,21,1.57,79.25,22.55,101.8,6.32
300876,20241220,20260107,20251020,27.69,35.19,27.09,56,34.66,1.53,21.7,16.76,14.88,17.12,17.26,25,30,0.83,80.27,53.58,133.85,-3.75
003004,20241220,20260107,20251020,19.29,25.94,34.47,56,23.52,10.29,4.56,8.76,19.18,12.49,11.79,33,22,1.5,64.23,33.17,97.4,20.99
300343,20240126,20260314,20251020,4.85,6.75,39.18,97,6.06,11.39,5.15,5.15,29.48,28.66,17.15,57,35,1.63,106.75,70.73,177.48,0.45
603991,20240126,20260314,20251020,66.48,100.77,51.58,97,74.22,35.77,0.62,-0.86,7.82,6.23,3.46,50,45,1.11,119.71,74.72,194.44,0.58
002935,20241220,20260107,20251020,16.5,22.58,36.85,56,22.1,2.17,1.76,6.48,20.0,9.94,10.28,31,23,1.35,72.15,38.55,110.71,5.76
688048,20241220,20260107,20251020,69.68,129.38,85.68,56,128.25,0.88,7.61,3.56,17.7,70.35,21.97,24,31,0.77,182.55,106.55,289.11,-0.08
688455,20241220,20260107,20251020,14.57,20.41,40.08,56,20.07,1.69,3.09,10.09,19.08,17.23,12.82,31,24,1.29,68.77,33.38,102.14,2.0
603408,20241220,20260107,20251020,11.49,13.08,13.84,56,13.02,0.46,0.78,5.22,12.45,13.23,8.1,33,22,1.5,58.62,43.67,102.29,-5.63
002788,20240126,20260314,20251020,8.34,14.5,73.86,97,20.65,-29.78,1.08,2.4,40.17,16.07,16.2,48,46,1.04,205.41,139.32,344.73,-2.09
300720,20241220,20260107,20251020,23.32,33.74,44.68,56,34.78,-2.99,5.79,11.45,24.06,23.71,16.55,32,22,1.45,92.88,52.64,145.52,0.27
600686,20240126,20260314,20251020,13.06,16.83,28.87,97,17.21,-2.21,7.89,15.93,24.35,22.28,18.12,46,50,0.92,148.54,116.83,265.38,0.72
301231,20241220,20260107,20251017,24.71,31.31,26.71,57,31.0,1.0,53.91,33.55,32.09,36.99,37.87,22,33,0.67,123.0,90.68,213.68,4.33
603365,20241220,20260107,20251015,18.49,20.19,9.19,59,20.12,0.35,-2.22,2.65,18.93,14.76,8.98,29,28,1.04,48.09,38.07,86.16,-3.81
000595,20240126,20260314,20251015,4.92,6.51,32.32,100,5.61,16.04,2.85,2.64,11.38,14.02,7.58,52,41,1.27,98.62,68.24,166.86,2.52
300555,20240126,20260314,20251015,10.95,13.19,20.46,100,14.39,-8.34,2.19,5.57,9.95,8.68,6.83,46,53,0.87,113.79,91.44,205.22,-3.72
688336,20241220,20260107,20251015,52.97,63.03,19.0,59,62.26,1.24,15.22,12.5,21.32,23.45,17.88,25,33,0.76,98.91,75.7,174.6,4.58
603232,20240126,20260314,20251015,16.39,23.37,42.59,100,23.18,0.82,1.16,35.51,47.1,64.86,37.99,49,50,0.98,213.17,165.94,379.1,-8.35
300269,20240126,20260314,20251015,4.87,8.6,76.59,100,6.83,25.92,4.93,9.45,10.27,21.36,11.17,53,44,1.2,200.73,131.09,331.83,2.38
002279,20240126,20260314,20251015,7.35,8.77,19.32,100,8.23,6.56,2.59,1.36,1.09,37.96,8.85,45,53,0.85,147.52,123.49,271.01,-1.68
603233,20241220,20260107,20251015,16.78,18.12,7.99,59,17.76,2.03,9.24,6.67,11.03,6.02,8.36,31,26,1.19,39.83,31.38,71.21,2.2
603759,20241220,20260107,20251014,8.3,10.64,28.19,60,10.59,0.47,3.01,16.63,73.01,26.14,32.72,35,23,1.52,89.19,59.95,149.14,2.41
688615,20241220,20260107,20251014,164.77,246.84,49.81,60,246.2,0.26,1.53,7.62,23.85,26.77,15.1,32,27,1.19,98.48,54.09,152.57,16.97
600901,20241220,20260107,20251014,5.67,6.32,11.46,60,6.15,2.76,0.71,5.47,10.41,11.11,7.13,27,30,0.9,36.29,24.87,61.16,3.1
601857,20240126,20260314,20251014,8.33,12.05,44.66,101,10.07,19.66,3.48,10.08,18.49,17.41,12.75,55,44,1.25,103.53,63.64,167.16,-6.73
603778,20240126,20260314,20251014,3.58,20.49,472.35,98,19.36,5.84,20.67,24.3,62.29,125.98,55.31,61,36,1.69,400.34,201.88,602.22,15.63
601187,20241220,20260107,20251014,6.55,7.24,10.53,60,7.33,-1.23,3.21,1.37,11.45,3.51,5.19,27,29,0.93,45.6,34.49,80.09,-2.43
002293,20240126,20260314,20251014,8.5,10.2,20.0,101,9.8,4.08,2.47,4.47,16.24,9.76,8.66,54,42,1.29,73.5,53.66,127.16,2.82
688227,20241220,20260107,20251013,33.15,72.28,118.04,61,70.5,2.52,2.41,19.16,2.14,47.87,16.45,31,29,1.07,170.34,80.91,251.26,13.19
300710,20241220,20260107,20251013,20.28,32.0,57.79,51,30.62,4.51,6.56,8.68,30.28,24.61,17.92,27,23,1.17,105.3,53.99,159.28,3.23
002787,20240126,20260314,20251013,8.51,12.76,49.94,102,12.49,2.16,10.81,12.57,39.84,15.75,21.03,51,48,1.06,139.82,93.86,233.68,-2.45
600257,20240126,20260314,20251010,5.29,6.61,24.95,103,6.61,0.0,5.48,7.37,12.29,20.98,11.19,54,46,1.17,107.83,82.25,190.09,-1.93
002919,20241220,20260107,20251010,16.64,22.94,37.86,62,22.39,2.46,5.17,7.27,8.29,30.77,11.86,34,26,1.31,90.04,54.44,144.49,0.61
000582,20240126,20260314,20251010,8.54,11.19,31.05,103,9.36,19.55,1.64,5.16,5.52,2.94,4.12,55,46,1.2,84.96,56.0,140.96,1.27
601700,20240126,20260314,20251009,4.62,6.3,36.36,104,5.53,13.92,4.98,2.38,15.15,9.31,8.12,57,44,1.3,147.58,110.33,257.9,0.48
600759,20240126,20260314,20251009,2.31,7.02,203.9,104,3.04,130.92,0.87,8.23,22.08,19.05,13.08,56,45,1.24,272.41,147.17,419.58,-15.63
000905,20240126,20260314,20251009,8.15,11.7,43.47,104,12.79,-8.52,3.07,16.92,43.1,37.22,26.06,54,49,1.1,194.36,148.31,342.67,-4.88
603938,20241220,20260107,20251009,14.54,20.89,43.67,63,19.42,7.57,9.97,35.49,29.71,34.32,28.42,34,26,1.31,125.56,82.58,208.15,6.96
601611,20240126,20260314,20251009,9.73,19.21,97.43,104,13.98,37.41,27.13,15.93,41.01,23.95,27.3,53,49,1.08,215.08,136.82,351.9,11.49
301246,20241220,20260107,20251009,14.71,22.8,55.0,63,25.23,-9.63,18.29,14.14,31.07,34.94,24.21,31,31,1.0,137.07,84.59,221.66,-6.94
300055,20240126,20260314,20251009,6.01,10.74,78.7,104,8.07,33.09,17.3,18.14,29.62,43.59,26.51,59,43,1.37,134.36,72.38,206.74,-2.81
002538,20240126,20260314,20250930,5.27,7.87,49.34,105,6.49,21.26,3.23,3.04,11.76,25.05,10.1,54,46,1.17,114.85,71.51,186.37,-0.51
603169,20240126,20260314,20250930,8.07,12.8,58.61,105,10.98,16.58,7.81,0.12,30.61,21.07,15.0,62,40,1.55,173.26,119.24,292.5,15.21
600970,20240126,20260314,20250930,8.93,11.35,27.1,105,10.27,10.52,4.48,6.83,4.82,2.35,4.86,57,45,1.27,75.84,50.49,126.33,3.94
002318,20240126,20260314,20250929,24.4,32.9,34.84,106,28.99,13.49,7.46,4.39,4.67,6.8,5.57,56,48,1.17,112.68,79.46,192.14,-6.03
002748,20240126,20260314,20250929,10.16,12.69,24.9,106,12.91,-1.7,-2.07,3.35,22.15,33.66,13.97,57,47,1.21,158.19,128.42,286.61,-3.5
002927,20241220,20260107,20250929,14.79,21.11,42.73,65,20.53,2.83,2.43,4.94,6.15,37.53,11.32,38,26,1.46,134.02,91.85,225.87,7.92
001229,20241220,20260107,20250929,33.32,42.1,26.35,65,43.43,-3.06,2.94,7.74,8.19,22.33,9.83,36,28,1.29,78.67,52.64,131.31,-2.12
300970,20241220,20260107,20250929,14.87,19.54,31.41,65,20.1,-2.79,1.28,1.28,15.74,22.46,9.85,39,25,1.56,71.6,42.48,114.07,-9.37
301292,20241220,20260107,20250929,20.31,62.15,206.01,65,68.5,-9.27,30.18,53.72,53.77,279.71,94.22,34,30,1.13,281.6,146.16,427.76,-9.28
300423,20240126,20260314,20250929,7.33,10.28,40.25,106,8.54,20.37,7.78,2.46,9.82,13.78,8.0,47,55,0.85,179.04,135.61,314.65,-7.47
603556,20240126,20260314,20250929,27.9,39.65,42.11,106,35.35,12.16,9.32,0.79,27.56,26.88,15.74,54,49,1.1,127.85,88.55,216.39,-4.04
002160,20240126,20260314,20250929,4.28,5.59,30.61,106,5.26,6.27,3.74,2.57,33.18,44.16,20.3,54,49,1.1,174.97,139.32,314.29,-2.61
603353,20241220,20260107,20250926,16.35,29.1,77.98,66,27.97,4.04,3.61,9.48,31.99,71.44,27.45,32,33,0.97,137.39,73.45,210.84,8.95
002836,20240126,20260314,20250926,9.27,14.3,54.26,107,15.17,-5.74,8.74,11.65,38.08,39.48,24.56,51,54,0.94,186.04,134.13,320.18,2.88
000902,20240126,20260314,20250926,14.03,18.39,31.08,107,15.69,17.21,3.99,2.0,5.99,13.97,5.99,58,46,1.26,87.17,57.85,145.02,0.27
000600,20240126,20260314,20250926,7.1,10.19,43.52,107,8.51,19.74,12.39,31.41,27.04,19.58,23.93,59,42,1.4,110.98,71.88,182.86,6.37
600262,20240126,20260314,20250926,21.72,26.93,23.99,107,26.7,0.86,8.56,3.41,32.87,21.73,16.94,49,57,0.86,144.59,117.3,261.89,-2.6
300437,20240126,20260314,20250926,8.7,20.77,138.74,107,17.05,21.82,6.21,10.0,14.02,97.36,27.92,56,48,1.17,289.36,181.47,470.83,7.17
002899,20241220,20260107,20250925,22.04,28.75,30.44,67,27.25,5.5,5.85,6.72,8.3,10.21,7.72,38,28,1.36,74.12,45.84,119.96,2.2
603568,20240126,20260314,20250925,19.23,28.83,49.92,108,25.61,12.57,6.5,13.52,12.74,24.08,13.99,57,50,1.14,106.87,63.88,170.75,4.15
301137,20241220,20260107,20250925,36.31,52.97,45.88,67,49.1,7.88,26.96,27.18,40.46,25.61,30.81,31,35,0.89,156.55,109.4,265.95,10.68
000155,20240126,20260314,20250924,10.12,15.16,49.8,109,12.18,24.47,1.98,4.55,20.55,21.25,12.18,59,46,1.28,137.52,92.47,229.99,3.76
600783,20240126,20260314,20250924,12.92,21.57,66.95,109,22.26,-3.1,4.64,8.36,16.95,13.16,11.15,56,52,1.08,225.58,161.75,387.32,-3.53
000969,20240126,20260314,20250924,13.15,22.65,72.24,109,21.44,5.64,3.12,51.86,78.86,46.39,49.12,55,51,1.08,194.16,130.78,324.94,-4.63
603703,20240126,20260314,20250924,11.31,13.33,17.86,109,14.64,-8.95,-0.71,3.27,12.73,3.71,5.4,52,55,0.95,144.81,121.78,266.58,-3.41
603156,20241220,20260107,20250924,23.25,31.09,33.72,68,28.02,10.96,26.75,26.28,22.84,18.45,23.78,36,27,1.33,97.41,63.97,161.38,18.94
002348,20240126,20260314,20250924,3.71,8.71,134.77,104,6.16,41.4,4.58,8.36,16.98,29.92,14.5,62,38,1.63,181.96,89.73,271.69,1.16
600236,20240126,20260314,20250924,6.39,9.84,53.99,109,7.89,24.71,2.03,11.11,16.59,14.71,11.66,54,49,1.1,119.63,72.59,192.22,-5.66
002967,20241220,20260107,20250924,18.87,23.12,22.55,68,22.31,3.63,-0.72,11.15,11.36,10.41,8.69,34,33,1.03,66.8,44.64,111.43,5.23
688625,20241220,20260107,20250924,32.96,51.96,57.65,68,42.38,22.61,15.17,15.59,14.68,24.7,17.06,41,26,1.58,93.48,45.18,138.67,26.15
000510,20240126,20260314,20250924,5.2,16.83,223.65,109,12.13,38.75,8.46,7.88,5.0,23.46,10.25,60,47,1.28,281.54,150.44,431.98,-12.53
300448,20240126,20260314,20250924,6.58,8.59,30.55,109,7.93,8.32,5.17,7.29,11.4,12.61,9.16,55,52,1.06,150.69,116.87,267.56,-25.04
002208,20240126,20260314,20250924,6.86,15.54,126.53,109,12.92,20.28,13.7,56.56,85.86,70.41,59.55,58,49,1.18,258.54,162.83,421.37,-2.08
600312,20240126,20260314,20250924,15.91,23.04,44.8,109,17.99,28.07,4.27,10.12,14.5,15.45,11.33,62,46,1.35,125.4,84.43,209.83,-7.99
600219,20240126,20260314,20250924,3.54,7.37,107.96,109,5.5,34.0,4.51,9.88,21.73,43.17,19.02,61,42,1.45,170.52,90.95,261.47,-1.07
605056,20241220,20260107,20250922,14.72,16.74,13.72,70,17.14,-2.33,7.0,16.37,11.14,15.29,12.71,35,34,1.03,68.75,54.22,122.97,1.09
002785,20240126,20260314,20250919,31.24,44.3,41.81,112,36.28,22.11,-2.53,19.75,8.93,14.92,11.08,57,54,1.06,160.5,119.35,279.85,0.34
603931,20241220,20260107,20250918,27.4,34.7,26.64,72,31.94,8.64,11.35,9.74,3.14,16.24,9.38,32,38,0.84,111.04,82.9,193.95,11.0
601179,20240126,20260314,20250917,6.49,17.65,171.83,114,9.45,86.77,-0.66,4.11,8.27,36.92,10.97,60,52,1.15,231.41,121.84,353.26,-12.49
603398,20241220,20260107,20250916,6.96,9.02,29.6,74,8.68,3.92,11.78,35.34,12.07,13.22,19.22,36,36,1.0,146.83,115.13,261.95,6.49
301629,20241220,20260107,20250916,164.18,255.0,55.32,74,236.99,7.6,14.64,35.46,15.66,16.03,21.47,37,36,1.03,144.64,93.15,237.79,17.88
603097,20241220,20260107,20250916,22.25,29.31,31.73,74,28.33,3.46,0.22,2.25,7.42,24.81,7.91,37,36,1.03,98.67,67.55,166.22,2.02
603730,20241220,20260107,20250915,5.85,8.89,51.97,75,8.61,3.25,1.37,3.59,19.66,33.5,13.95,41,33,1.24,103.23,58.55,161.78,2.07
300726,20241220,20260107,20250912,37.15,51.06,37.44,76,51.4,-0.66,7.59,4.31,1.08,15.24,6.18,33,42,0.79,120.99,83.0,203.99,0.35
603933,20241220,20260107,20250911,16.07,24.2,50.59,77,25.38,-4.65,5.1,7.34,13.01,31.3,13.39,43,33,1.3,170.17,120.32,290.49,-9.94
301557,20241220,20260107,20250911,74.0,123.33,66.66,77,126.06,-2.17,-0.24,8.59,21.68,23.05,13.64,43,32,1.34,117.06,62.21,179.27,-6.55
300179,20240126,20260314,20250911,9.88,24.8,151.01,118,15.55,59.49,8.4,10.22,30.26,39.68,21.76,58,59,0.98,310.22,199.47,509.69,0.0
301071,20241220,20260107,20250911,30.49,37.2,22.01,77,36.58,1.69,6.63,9.68,44.15,37.75,25.02,38,38,1.0,127.81,100.32,228.13,2.79
300520,20240126,20260314,20250911,24.49,41.1,67.82,118,36.95,11.23,2.33,3.72,10.58,87.1,22.18,64,53,1.21,258.88,190.7,449.58,-3.66
002713,20240126,20260314,20250909,3.56,10.83,204.3,116,9.43,14.85,-0.2,7.28,44.09,104.38,36.25,71,42,1.69,278.84,157.57,436.41,2.27
301607,20241220,20260107,20250908,35.89,45.73,27.42,80,41.87,9.22,-1.92,13.88,3.4,26.25,10.05,39,40,0.97,105.59,77.45,183.04,12.64
000949,20240126,20260314,20250908,4.06,7.51,84.98,121,5.44,38.05,5.42,4.19,7.39,5.42,5.64,68,50,1.36,200.14,130.22,330.36,8.84
603286,20240126,20260314,20250908,33.72,59.72,77.11,121,67.93,-12.09,4.77,15.75,29.89,22.92,19.23,58,62,0.94,230.09,162.53,392.62,-3.02
000400,20240126,20260314,20250905,22.71,31.0,36.49,122,26.5,16.98,3.04,3.43,22.9,11.92,10.89,69,51,1.35,134.95,99.93,234.88,-8.74
000917,20240126,20260314,20250905,7.56,9.97,31.88,122,10.88,-8.36,1.46,2.12,12.83,15.48,7.87,58,61,0.95,163.18,128.77,291.95,-2.25
301122,20241220,20260107,20250905,21.48,28.6,33.15,81,28.94,-1.17,11.13,27.33,13.97,23.37,19.29,42,37,1.14,119.93,85.99,205.91,5.57
688525,20241220,20260107,20250905,71.66,128.98,79.99,81,124.1,3.93,4.61,8.62,34.66,66.2,27.15,45,35,1.29,181.48,113.45,294.93,9.41
002647,20240126,20260314,20250905,5.7,9.94,74.39,122,7.62,30.45,2.63,15.96,23.68,20.53,16.52,67,53,1.26,169.67,109.33,279.0,5.74
001217,20241220,20260107,20250905,11.59,13.37,15.36,81,13.1,2.06,3.11,1.21,5.09,8.28,4.17,35,43,0.81,89.78,72.36,162.14,-7.41
603843,20240126,20260314,20250905,3.07,6.7,118.24,97,5.64,18.79,13.36,44.3,89.9,156.03,74.14,57,39,1.46,244.18,156.81,400.99,13.75
300062,20240126,20260314,20250905,5.45,9.19,68.62,122,8.64,6.37,2.2,2.75,5.5,11.19,5.15,60,57,1.05,240.98,173.57,414.55,-6.32
001309,20241220,20260107,20250905,95.57,250.0,161.59,81,249.9,0.04,4.43,34.13,107.18,126.97,68.67,44,36,1.22,227.13,119.51,346.64,3.88
688548,20241220,20260107,20250905,11.06,18.12,63.79,81,15.33,18.2,-0.99,0.9,12.2,13.44,6.42,38,42,0.9,108.04,54.74,162.78,28.97
001332,20241220,20260107,20250905,37.75,59.05,56.42,81,55.61,6.19,25.03,30.78,84.93,53.48,50.42,40,40,1.0,147.1,95.85,242.95,9.07
688646,20241220,20260107,20250905,31.0,35.93,15.9,81,35.87,0.17,4.19,2.58,1.26,4.32,2.85,43,37,1.16,65.69,49.5,115.19,0.84
603755,20241220,20260107,20250904,26.56,37.71,41.96,82,38.0,-0.76,5.53,4.97,18.25,18.51,11.77,44,36,1.22,100.27,62.3,162.57,2.39
002452,20240126,20260314,20250904,7.19,12.41,72.6,123,8.42,47.39,2.5,4.31,7.93,4.73,5.12,63,54,1.17,126.4,68.24,194.65,5.08
002350,20240126,20260314,20250904,6.84,13.83,102.19,123,8.23,68.04,1.9,5.26,7.31,11.11,6.37,75,44,1.7,173.25,96.94,270.19,-0.07
605098,20241220,20260107,20250904,35.83,42.12,17.56,82,42.28,-0.38,1.23,2.09,1.59,13.87,4.12,46,35,1.31,52.72,35.74,88.46,1.15
301019,20241220,20260107,20250904,16.51,23.65,43.25,82,23.45,0.85,2.24,2.73,12.78,13.45,7.79,41,40,1.02,144.06,100.7,244.76,2.65
300141,20240126,20260314,20250904,9.03,14.36,59.03,123,13.07,9.87,2.44,8.19,21.37,26.8,14.72,61,61,1.0,232.98,173.47,406.45,-10.42
002772,20240126,20260314,20250904,7.98,18.42,130.83,123,14.33,28.54,4.51,32.08,29.57,35.84,26.56,61,59,1.03,209.85,117.82,327.67,4.54
601126,20240126,20260314,20250903,16.77,46.73,178.65,124,30.34,54.02,3.28,2.5,20.39,57.54,19.03,65,58,1.12,236.65,124.8,361.45,-12.16
000035,20240126,20260314,20250901,4.45,7.99,79.55,126,5.62,42.17,4.72,11.01,12.13,29.44,13.77,61,56,1.09,151.18,87.23,238.41,3.23
001337,20241220,20260107,20250829,24.07,28.85,19.86,86,28.8,0.17,5.15,16.7,13.17,23.31,14.65,43,42,1.02,106.73,84.85,191.58,2.67
688559,20241220,20260107,20250828,33.68,54.13,60.72,87,50.05,8.15,13.36,21.5,36.05,16.75,23.29,46,40,1.15,170.13,114.38,284.51,7.96
000571,20240126,20260314,20250827,4.5,7.22,60.44,129,5.91,22.17,4.89,11.56,8.89,29.78,13.07,67,59,1.14,200.82,145.53,346.35,-3.48
603786,20241220,20260107,20250826,56.77,83.48,47.05,89,78.17,6.79,3.58,12.74,54.31,54.22,31.68,43,45,0.96,146.64,101.8,248.44,3.64
600988,20240126,20260314,20250825,25.3,40.91,61.7,131,31.99,27.88,2.65,10.08,9.09,26.88,11.66,72,58,1.24,207.52,150.76,358.28,0.89
300096,20240126,20260314,20250825,4.82,8.46,75.52,131,7.44,13.71,17.43,27.39,31.33,61.62,33.43,67,58,1.16,199.73,133.59,333.32,6.68
605117,20241220,20260107,20250822,57.4,88.24,53.72,91,87.13,1.27,6.41,17.72,20.21,29.88,18.64,47,43,1.09,129.13,81.75,210.88,2.13
600989,20241220,20260107,20250820,15.69,20.54,30.91,93,19.5,5.33,8.09,8.8,8.09,13.45,9.38,51,41,1.24,78.72,50.37,129.09,5.44
000592,20240126,20260314,20250818,3.06,11.03,260.46,133,15.23,-27.58,8.5,11.76,10.46,14.05,11.18,77,55,1.4,391.86,240.95,632.81,-5.08
688120,20241220,20260107,20250818,112.56,174.0,54.58,95,156.52,11.17,10.92,11.94,4.92,44.99,16.24,54,40,1.35,135.18,86.9,222.08,13.84
605100,20241220,20260107,20250818,21.52,45.97,113.62,95,44.76,2.7,8.18,30.44,17.89,40.94,24.32,57,35,1.63,171.46,89.2,260.66,9.32
000833,20240126,20260314,20250818,12.36,28.02,126.7,136,19.74,41.95,0.57,5.5,24.43,8.33,10.76,70,65,1.08,254.79,162.28,417.07,5.1
001215,20241220,20260107,20250815,28.65,40.84,42.55,96,38.28,6.69,5.41,1.92,15.53,40.84,14.49,52,43,1.21,107.54,69.19,176.73,10.44
300842,20241220,20260107,20250815,44.51,63.03,41.61,96,60.18,4.74,5.17,4.34,23.97,42.15,17.96,53,42,1.26,146.52,105.97,252.5,5.03
600226,20240126,20260314,20250815,2.91,6.02,106.87,137,5.21,15.55,9.97,15.12,25.43,54.64,25.09,75,59,1.27,206.66,127.06,333.72,5.43
300223,20240126,20260314,20250815,70.3,119.15,69.49,137,115.69,2.99,4.03,9.83,5.9,21.04,9.73,64,72,0.89,253.93,188.41,442.34,-0.11
002043,20240126,20260314,20250815,9.93,15.81,59.15,137,14.43,9.56,2.42,4.23,9.42,6.3,5.84,72,60,1.2,138.6,88.62,227.22,0.32
603505,20240126,20260314,20250815,16.66,20.9,25.45,137,18.66,12.0,0.84,-0.84,4.56,1.8,1.64,71,64,1.11,129.59,103.45,233.04,1.7
688123,20241220,20260107,20250815,77.1,151.0,95.85,96,136.01,11.02,4.15,16.07,6.93,71.15,21.96,54,41,1.32,193.73,117.46,311.19,18.29
688172,20241220,20260107,20250815,19.75,35.55,80.0,96,32.46,9.52,5.52,14.53,14.33,21.52,14.07,50,45,1.11,190.32,121.23,311.55,30.6
688766,20241220,20260107,20250815,68.08,183.0,168.8,86,152.65,19.88,12.88,17.76,14.92,53.86,23.15,45,40,1.12,256.89,141.62,398.51,43.42
603105,20241220,20260107,20250815,8.4,9.49,12.98,96,9.29,2.15,2.74,6.19,10.36,5.83,6.68,46,45,1.02,73.52,59.39,132.91,3.15
000703,20240126,20260314,20250815,6.09,12.8,110.18,137,10.4,23.08,3.12,5.42,10.67,4.93,6.44,71,64,1.11,205.36,124.0,329.36,1.83
002429,20240126,20260314,20250815,4.65,11.94,156.77,137,7.4,61.35,17.63,23.44,27.74,48.82,28.64,76,58,1.31,251.52,146.99,398.51,22.97
688472,20241220,20260107,20250815,9.42,15.88,68.58,96,15.34,3.52,3.08,2.76,31.42,32.59,17.39,53,42,1.26,197.73,133.52,331.25,3.32
300751,20241220,20260107,20250815,77.63,184.0,137.02,96,194.03,-5.17,2.86,13.86,20.16,26.73,16.12,46,46,1.0,224.41,125.07,349.49,-4.22
688361,20241220,20260107,20250814,85.1,179.0,110.34,97,165.44,8.2,9.4,12.28,0.76,34.25,12.64,49,47,1.04,188.41,106.35,294.76,17.86
688041,20241220,20260107,20250814,152.49,222.75,46.08,97,226.0,-1.44,2.16,25.88,20.68,70.43,28.49,44,52,0.85,173.85,125.87,299.72,-1.0
688981,20241220,20260107,20250814,89.46,129.98,45.29,91,129.95,0.02,3.15,13.47,36.54,43.02,24.24,44,45,0.98,136.17,92.45,228.63,3.75
300666,20240126,20260314,20250814,72.7,144.9,99.31,133,100.3,44.47,11.99,9.97,1.38,35.93,12.99,64,67,0.96,204.36,126.43,330.79,-4.36
688200,20241220,20260107,20250813,141.7,209.66,47.96,98,192.65,8.83,1.96,18.0,18.77,46.58,20.74,52,45,1.16,144.19,99.67,243.86,9.2
603986,20240126,20260314,20250813,121.46,278.33,129.15,139,235.68,18.1,1.48,27.12,29.38,59.78,29.2,72,66,1.09,283.89,188.66,472.55,0.81
002911,20241220,20260107,20250813,11.51,12.22,6.17,98,12.08,1.16,6.86,3.04,-3.13,1.22,1.59,44,51,0.86,92.42,82.91,175.34,0.41
688433,20241220,20260107,20250813,41.01,73.03,78.08,98,79.4,-8.02,1.93,5.83,21.82,38.5,16.38,51,45,1.13,179.94,114.36,294.3,11.67
300054,20240126,20260314,20250812,28.89,46.22,59.99,140,39.06,18.33,3.74,9.24,3.84,21.5,8.97,75,64,1.17,179.41,126.59,306.0,11.11
300857,20241220,20260107,20250812,85.66,194.99,127.63,99,185.73,4.99,10.67,25.38,31.5,104.33,40.06,52,46,1.13,213.45,121.2,334.65,24.28
002047,20240126,20260314,20250812,2.22,5.83,162.61,135,3.7,57.57,-1.35,-2.7,12.16,6.76,3.92,72,59,1.22,218.78,116.06,334.84,9.38
002409,20240126,20260314,20250812,55.86,89.17,59.63,140,77.77,14.66,7.07,8.74,5.03,18.74,9.29,71,68,1.04,195.84,142.06,337.9,1.43
688691,20241220,20260107,20250812,68.55,108.61,58.44,99,109.1,-0.45,6.75,18.56,1.27,19.68,11.24,48,50,0.96,244.39,182.13,426.52,0.04
688372,20241220,20260107,20250812,60.07,112.3,86.95,99,110.96,1.21,13.13,32.65,24.89,37.34,27.36,57,41,1.39,169.71,100.77,270.48,-0.85
688187,20241220,20260107,20250811,43.98,51.83,17.85,100,50.8,2.03,2.5,8.23,6.3,9.28,6.72,53,45,1.18,86.37,67.71,154.08,3.85
002158,20241220,20260107,20250811,18.36,24.91,35.68,100,25.53,-2.43,7.35,25.27,35.95,53.49,30.53,42,56,0.75,171.18,131.62,302.8,-0.95
301358,20241220,20260107,20250811,34.02,64.87,90.68,100,65.34,-0.72,3.64,1.65,18.96,25.34,11.98,53,46,1.15,216.67,140.8,357.47,-2.61
002897,20241220,20260107,20250811,40.7,53.48,31.4,100,52.52,1.83,2.09,10.69,9.14,26.88,11.74,51,47,1.09,125.43,94.13,219.56,1.5
300408,20240126,20260314,20250811,34.9,54.79,56.99,141,46.63,17.5,22.15,25.36,14.53,38.48,24.09,64,74,0.86,213.32,159.17,372.49,-3.84
603170,20241220,20260107,20250807,13.13,15.22,15.92,102,14.24,6.88,-0.46,3.88,7.08,8.83,4.96,47,53,0.89,80.78,64.17,144.95,7.18
603031,20240126,20260314,20250807,29.3,54.48,85.94,143,44.44,22.59,11.5,22.63,23.62,30.27,22.23,70,71,0.99,255.37,181.81,437.18,2.7
002518,20240126,20260314,20250807,24.5,53.69,119.14,143,48.92,9.75,10.69,31.84,39.14,56.61,34.75,71,71,1.0,267.15,176.83,443.97,-4.84
688005,20241220,20260107,20250807,21.97,34.8,58.4,102,34.86,-0.17,2.41,3.82,15.43,31.18,12.49,51,49,1.04,153.83,101.0,254.83,0.0
002937,20241220,20260107,20250806,17.79,24.71,38.9,103,23.77,3.95,6.8,12.03,5.34,7.14,8.0,50,51,0.98,102.22,66.81,169.03,1.94
600378,20240126,20260314,20250806,26.29,34.4,30.85,144,32.53,5.75,6.01,10.54,13.01,13.12,10.89,79,64,1.23,139.1,108.56,247.66,-5.39
002571,20240126,20260314,20250806,6.18,12.35,99.84,139,12.94,-4.56,10.68,16.34,21.2,27.18,18.83,70,65,1.08,215.09,137.5,352.59,-5.15
001301,20241220,20260107,20250806,52.0,85.98,65.35,103,88.86,-3.24,4.81,4.77,10.65,31.96,11.98,52,50,1.04,170.96,113.48,284.44,-0.49
688652,20241220,20260107,20250806,59.66,115.0,92.74,103,103.3,11.33,4.46,5.74,19.9,24.21,13.43,54,48,1.12,219.87,144.1,363.96,16.75
688416,20241220,20260107,20250806,40.59,75.02,84.82,103,66.16,13.39,4.66,4.8,6.92,12.61,6.97,54,48,1.12,218.8,145.19,363.99,33.49
002947,20241220,20260107,20250806,34.22,50.69,48.13,103,52.0,-2.52,11.28,19.08,21.65,26.68,19.81,56,45,1.24,133.27,89.83,223.1,-3.54
688234,20241220,20260107,20250806,61.39,94.05,53.2,103,88.19,6.64,0.26,8.93,9.71,43.18,14.28,51,51,1.0,170.2,119.84,290.04,1.23
000425,20240126,20260314,20250806,8.44,11.31,34.0,144,11.54,-1.99,4.15,1.18,14.45,15.76,8.67,72,71,1.01,139.93,106.91,246.84,-3.99
000807,20240126,20260314,20250805,15.59,34.75,122.9,145,33.78,2.87,5.45,9.04,22.45,30.92,16.72,79,62,1.27,208.59,121.87,330.45,3.42
002243,20240126,20260314,20250805,8.36,9.96,19.14,145,10.75,-7.35,1.32,2.75,6.1,8.85,4.69,72,66,1.09,134.28,112.41,246.69,0.71
688772,20241220,20260107,20250805,14.52,21.6,48.76,104,22.06,-2.09,6.96,16.67,51.52,56.2,33.09,50,52,0.96,147.78,102.2,249.97,-1.14
603667,20240126,20260314,20250805,38.07,72.19,89.62,145,74.2,-2.71,1.0,8.54,2.78,18.73,7.34,73,71,1.03,274.55,197.89,472.44,0.19
300346,20240126,20260314,20250805,31.6,50.38,59.43,145,44.67,12.78,1.46,10.7,15.73,8.32,9.88,71,73,0.97,219.54,163.15,382.68,0.22
601872,20240126,20260314,20250805,6.05,15.58,157.52,145,8.97,73.69,0.83,-0.33,8.76,47.11,12.12,73,65,1.12,259.33,153.43,412.77,-0.89
002812,20240126,20260314,20250805,30.87,72.99,136.44,135,56.25,29.76,2.75,3.89,5.6,41.11,11.62,74,57,1.3,230.27,134.27,364.54,11.18
002138,20240126,20260314,20250805,29.28,38.28,30.74,145,36.46,4.99,0.48,7.38,22.4,16.73,12.38,72,68,1.06,174.15,141.65,315.81,-1.49
601100,20240126,20260314,20250805,77.13,107.7,39.63,145,113.5,-5.11,-0.19,2.68,17.98,17.59,9.68,64,76,0.84,193.68,153.55,347.23,-1.55
688333,20241220,20260107,20250805,67.87,101.25,49.18,104,104.55,-3.16,4.14,12.98,21.08,8.72,12.79,53,50,1.06,164.52,117.77,282.29,-0.74
002171,20240126,20260314,20250804,9.08,12.4,36.56,146,13.08,-5.2,2.2,12.89,7.82,8.15,8.28,81,61,1.33,183.49,145.82,329.31,0.81
301631,20241220,20260107,20250804,84.49,103.44,22.43,105,106.0,-2.42,-1.08,-0.28,10.25,7.63,4.3,56,48,1.17,126.31,101.25,227.56,-0.02
300503,20240126,20260314,20250804,24.1,48.12,99.67,146,60.66,-20.67,1.41,3.94,26.22,28.3,14.99,74,71,1.04,280.25,195.49,475.74,-1.92
300137,20240126,20260314,20250804,6.2,13.43,116.61,145,10.3,30.39,12.58,11.45,9.68,14.19,11.69,82,58,1.41,174.21,92.46,266.68,5.25
300953,20241220,20260107,20250804,106.69,169.9,59.25,105,170.18,-0.16,0.09,17.26,32.35,43.13,23.53,52,52,1.0,172.61,118.84,291.46,0.54
000021,20240126,20260314,20250804,18.51,30.92,67.04,146,26.35,17.34,-0.11,4.16,17.99,17.77,10.18,76,69,1.1,224.92,164.55,389.47,-0.71
002922,20241220,20260107,20250804,16.99,35.62,109.65,105,31.08,14.61,2.41,8.24,37.02,24.19,18.9,54,50,1.08,204.29,121.77,326.06,14.5
300926,20241220,20260107,20250804,26.59,32.73,23.09,105,32.85,-0.37,0.08,5.53,9.03,6.62,5.71,54,50,1.08,94.17,71.0,165.17,0.77
300475,20240126,20260314,20250804,34.26,153.55,348.26,146,162.99,-5.79,1.34,5.31,22.92,115.43,31.82,83,62,1.34,420.08,243.69,663.78,-2.69
600877,20240126,20260314,20250804,12.44,17.46,40.35,146,17.37,0.52,2.01,16.8,17.77,15.76,13.92,77,65,1.18,194.62,152.42,347.04,-3.96
301307,20241220,20260107,20250801,24.25,34.59,42.64,106,35.1,-1.45,1.57,2.1,10.93,29.57,10.14,53,50,1.06,169.96,125.58,295.55,-2.76
600776,20240126,20260314,20250801,11.0,16.11,46.47,147,18.15,-11.24,3.01,1.37,11.19,26.74,9.72,77,67,1.15,199.03,151.78,350.82,-3.53
688390,20241220,20260107,20250801,44.08,76.65,73.89,106,63.7,20.33,-1.91,12.52,14.02,25.64,12.71,55,49,1.12,164.95,102.01,266.95,23.77
603162,20241220,20260107,20250801,8.56,12.38,44.63,106,11.98,3.34,2.1,2.34,2.8,6.31,3.22,60,43,1.4,145.07,101.79,246.86,0.73
600724,20240126,20260314,20250801,4.65,6.52,40.22,147,5.62,16.01,1.08,0.0,2.8,11.61,3.38,74,64,1.16,131.64,93.77,225.41,-0.76
603558,20240126,20260314,20250801,9.11,12.99,42.53,147,11.24,15.57,3.07,2.3,6.14,7.64,4.67,79,63,1.25,116.22,78.27,194.49,10.65
300724,20241220,20260107,20250801,66.19,98.0,48.06,106,96.08,2.0,-0.97,1.28,49.22,50.01,24.96,50,54,0.93,170.52,123.29,293.81,0.93
300816,20241220,20260107,20250801,31.88,46.73,46.6,106,47.66,-1.95,4.96,32.25,20.55,23.78,21.59,46,58,0.79,137.4,94.09,231.48,-2.56
000534,20240126,20260314,20250801,15.69,40.57,158.52,147,21.84,85.76,-0.38,4.51,6.1,4.82,4.07,80,65,1.23,295.77,187.17,482.94,-10.56
688568,20241220,20260107,20250801,36.64,58.21,58.87,106,59.59,-2.32,8.79,4.26,30.7,16.54,15.55,54,51,1.06,161.44,109.0,270.43,9.58
002811,20241220,20260107,20250731,10.36,15.41,48.79,107,15.21,1.31,12.75,8.11,10.62,17.28,11.62,55,48,1.15,139.26,94.38,233.64,3.91
001288,20241220,20260107,20250731,21.62,32.63,50.93,107,31.97,2.06,1.39,4.3,10.78,18.5,8.5,57,49,1.16,123.51,78.67,202.18,4.65
688228,20241220,20260107,20250731,62.04,230.7,271.86,97,221.84,3.99,2.97,83.27,114.68,209.41,101.86,51,45,1.13,339.28,181.81,521.09,12.82
002131,20240126,20260314,20250731,3.82,7.73,102.09,145,6.2,24.68,1.31,6.01,36.34,55.69,24.1,75,67,1.12,286.26,201.2,487.46,-10.22
300790,20241220,20260107,20250731,22.58,31.57,39.81,107,30.34,4.05,5.14,14.84,19.62,52.08,21.78,61,45,1.36,143.84,104.66,248.5,6.33
002150,20240126,20260314,20250730,12.28,33.53,173.05,149,20.03,67.4,2.12,1.38,7.82,27.85,8.75,79,67,1.18,293.84,179.36,473.2,19.71
603358,20240126,20260314,20250730,35.5,48.5,36.62,149,50.6,-4.15,5.86,7.58,19.01,18.03,12.76,82,65,1.26,129.26,94.55,223.81,-1.92
688205,20241220,20260107,20250729,64.38,158.78,146.63,109,137.44,15.53,5.09,8.68,54.5,51.96,30.36,55,52,1.06,332.65,217.35,550.01,11.13
688692,20241220,20260107,20250728,234.0,276.1,17.99,110,266.24,3.7,1.22,1.46,3.23,10.0,3.65,54,55,0.98,114.69,94.21,208.91,6.95
301600,20241220,20260107,20250728,109.49,140.83,28.62,110,132.2,6.53,7.86,10.51,9.13,10.01,9.47,52,56,0.93,156.81,124.73,281.54,6.46
002796,20240126,20260314,20250728,12.67,57.72,355.56,151,28.81,100.35,1.18,16.81,6.55,24.31,12.11,82,66,1.24,363.0,194.17,557.17,-3.48
688411,20241220,20260107,20250728,88.02,250.45,184.54,110,252.04,-0.63,-1.74,0.55,22.64,104.73,27.56,55,54,1.02,290.85,168.08,458.93,-0.98
601231,20240126,20260314,20250725,15.62,40.3,158.0,152,29.99,34.38,1.98,3.59,17.48,14.85,9.69,79,72,1.1,298.25,190.13,488.38,5.08
688702,20241220,20260107,20250725,69.28,130.98,89.06,111,141.34,-7.33,-0.42,-4.1,66.33,49.48,28.48,57,53,1.08,235.06,157.16,392.22,-6.51
605358,20241220,20260107,20250725,24.9,41.5,66.67,111,38.3,8.36,-1.24,2.89,3.53,-2.57,1.16,55,53,1.04,166.49,108.05,274.54,18.64
301128,20241220,20260107,20250725,52.72,97.4,84.75,111,100.0,-2.6,8.69,19.73,76.5,60.47,42.7,55,55,1.0,224.08,150.18,374.26,-4.92
688629,20241220,20260107,20250725,54.95,107.5,95.63,111,102.8,4.57,4.24,2.75,18.29,41.95,15.55,57,53,1.08,231.05,151.73,382.78,5.29
688312,20241220,20260107,20250725,26.07,35.01,34.29,111,34.43,1.68,2.26,6.56,16.0,8.09,8.84,53,57,0.93,139.89,105.36,245.24,5.04
002156,20240126,20260314,20250724,26.38,45.86,73.84,153,39.54,15.98,5.69,5.12,11.07,34.04,12.8,86,66,1.3,219.44,155.31,374.75,-1.9
688125,20241220,20260107,20250724,39.21,170.08,333.77,112,134.0,26.93,3.8,12.34,11.99,10.56,10.17,64,46,1.39,245.23,88.0,333.23,33.93
301308,20241220,20260107,20250724,85.79,292.95,241.47,112,283.36,3.38,5.71,4.01,8.15,7.32,6.25,61,50,1.22,277.08,138.35,415.43,15.0
300593,20240126,20260314,20250724,13.55,27.1,100.0,153,29.66,-8.63,27.31,25.83,47.6,34.76,34.44,72,79,0.91,334.68,244.92,579.6,-6.87
688275,20241220,20260107,20250724,42.0,74.96,78.48,112,76.19,-1.61,1.79,-0.24,11.95,15.6,6.99,57,54,1.06,222.8,151.09,373.89,-3.6
001330,20241220,20260107,20250724,4.88,7.7,57.79,112,7.51,2.53,0.61,1.02,0.61,6.76,1.96,57,49,1.16,213.79,156.11,369.9,-2.16
002008,20240126,20260314,20250724,26.87,68.7,155.68,153,42.71,60.85,-1.34,0.56,24.56,27.47,12.76,74,77,0.96,268.2,164.46,432.66,1.37
603650,20241220,20260107,20250724,32.97,51.57,56.41,112,45.3,13.84,1.18,1.21,7.98,11.8,5.35,58,51,1.14,149.66,99.9,249.55,16.02
603626,20240126,20260314,20250724,8.53,23.3,173.15,153,19.96,16.73,0.35,7.5,47.83,96.83,36.03,74,76,0.97,351.7,232.65,584.34,7.57
002222,20240126,20260314,20250723,34.38,62.75,82.52,154,57.33,9.45,15.94,18.96,20.54,29.29,20.9,79,72,1.1,249.99,179.76,429.74,1.28
688603,20241220,20260107,20250723,48.8,80.56,65.08,113,78.58,2.52,28.38,37.19,92.85,78.69,60.43,53,59,0.9,223.26,161.8,385.07,7.44
688545,20241220,20260107,20250723,28.59,44.85,56.87,113,39.04,14.88,0.77,6.3,15.01,16.12,9.77,52,58,0.9,170.42,116.86,287.28,22.91
300833,20241220,20260107,20250723,36.11,42.36,17.31,113,41.22,2.77,0.39,0.3,1.63,5.68,1.79,59,52,1.13,107.53,87.95,195.48,4.18
688409,20241220,20260107,20250723,52.99,79.73,50.46,113,69.51,14.7,6.15,16.83,14.7,29.99,16.69,52,60,0.87,162.94,115.19,278.12,17.54
688012,20241220,20260107,20250722,187.5,352.34,87.91,105,311.33,13.17,6.7,4.43,3.71,19.04,7.59,60,44,1.36,174.54,103.99,278.53,26.21
688087,20241220,20260107,20250722,26.49,31.38,18.46,114,31.39,-0.03,4.04,9.1,8.23,2.6,6.53,58,55,1.05,89.39,70.54,159.93,2.08
002371,20240126,20260314,20250722,322.14,457.88,42.14,155,474.51,-3.5,6.68,1.9,7.79,17.29,7.7,82,72,1.14,165.41,125.18,290.58,1.16
300596,20240126,20260314,20250722,29.91,47.3,58.14,155,42.17,12.17,1.77,6.52,11.94,20.7,10.03,81,73,1.11,172.11,121.37,293.48,-10.48
600309,20240126,20260314,20250722,63.05,84.5,34.02,155,77.33,9.27,-0.71,-4.08,-0.54,9.47,0.37,81,70,1.16,144.73,111.72,256.44,-6.07
688249,20241220,20260107,20250722,21.8,37.24,70.83,114,34.34,8.44,3.26,-0.37,5.28,14.17,4.96,54,58,0.93,181.95,119.78,301.74,11.6
600346,20240126,20260314,20250721,14.8,22.96,55.14,156,22.01,4.32,5.41,3.58,1.96,18.45,6.43,79,74,1.07,173.81,123.97,297.78,0.35
002918,20241220,20260107,20250721,8.82,15.53,76.08,115,14.4,7.85,2.61,0.45,22.45,46.15,16.62,57,54,1.06,141.77,81.01,222.79,8.83
000157,20240126,20260314,20250721,7.28,9.16,25.82,156,8.49,7.89,1.37,-2.75,0.27,-1.79,-0.83,83,65,1.28,117.34,91.58,208.92,-2.03
000933,20240126,20260314,20250721,18.08,36.88,103.98,156,28.47,29.54,5.42,-1.0,8.41,6.8,4.67,86,68,1.26,208.47,130.89,339.36,1.71
601226,20240126,20260314,20250721,6.72,10.94,62.8,156,7.86,39.19,-1.64,-4.17,0.74,2.68,-0.82,78,73,1.07,206.16,149.34,355.5,-2.32
600409,20240126,20260314,20250721,5.32,8.67,62.97,156,6.15,40.98,6.02,3.76,8.83,17.11,8.4,85,69,1.23,189.33,134.43,323.76,2.97
002534,20240126,20260314,20250721,12.67,18.91,49.25,156,16.7,13.23,-0.16,0.79,19.1,10.1,7.96,76,78,0.97,229.16,179.69,408.85,-5.17
002271,20240126,20260314,20250721,10.94,16.28,48.74,156,14.05,15.87,4.93,0.46,2.47,7.45,3.36,78,75,1.04,166.6,121.9,288.5,-1.03
603992,20241220,20260107,20250721,22.21,40.0,80.1,115,40.89,-2.18,21.52,32.28,21.88,31.43,26.84,57,55,1.04,169.88,104.82,274.7,-0.82
300136,20240126,20260314,20250721,22.91,64.13,179.92,156,65.61,-2.26,5.98,3.71,13.27,20.38,10.37,83,71,1.17,322.01,200.82,522.83,-7.38
000683,20240126,20260314,20250721,5.47,9.31,70.2,156,7.3,27.53,9.69,4.94,8.23,22.3,10.35,75,73,1.03,187.98,129.48,317.45,-2.51
002064,20240126,20260314,20250721,7.43,10.7,44.01,156,11.01,-2.82,2.83,-0.67,3.9,7.54,3.04,84,67,1.25,176.68,134.1,310.78,-4.8
603889,20240126,20260314,20250721,5.96,8.36,40.27,156,7.85,6.5,2.18,0.17,0.34,1.17,0.82,78,70,1.11,142.12,104.13,246.25,-0.71
688469,20241220,20260107,20250721,4.95,6.93,40.0,115,6.89,0.58,3.84,2.22,6.67,19.19,7.27,58,50,1.16,127.72,89.88,217.6,1.76
601233,20240126,20260314,20250721,11.5,20.35,76.96,156,16.86,20.7,8.0,6.78,13.91,27.57,13.32,82,71,1.15,201.91,137.9,339.81,-0.54
000830,20240126,20260314,20250721,11.39,19.74,73.31,156,16.39,20.44,4.74,1.49,7.64,27.74,9.24,74,77,0.96,212.92,150.15,363.06,-2.13
688330,20241220,20260107,20250718,26.2,38.04,45.17,116,36.8,3.37,2.14,0.61,2.58,22.12,5.81,61,53,1.15,153.75,109.73,263.48,4.11
601608,20240126,20260314,20250718,4.42,7.1,60.6,157,6.57,8.07,10.86,5.18,15.81,22.14,12.9,73,81,0.9,198.25,143.46,341.71,0.85
688072,20241220,20260107,20250718,164.16,380.99,132.08,116,354.31,7.53,7.71,3.9,-0.13,19.52,6.58,60,54,1.11,202.92,110.75,313.67,14.07
603516,20241220,20260107,20250718,45.3,252.62,457.66,116,225.02,12.27,9.82,33.51,139.49,148.7,83.6,74,41,1.8,342.99,153.53,496.52,9.74
301117,20241220,20260107,20250718,22.35,50.9,127.74,116,51.44,-1.05,4.83,7.38,90.6,56.64,41.69,63,52,1.21,292.28,190.93,483.21,0.57
605318,20241220,20260107,20250718,26.5,63.5,139.62,115,63.42,0.13,6.94,3.66,10.94,23.47,10.46,61,50,1.22,201.81,106.58,308.39,-5.08
300818,20241220,20260107,20250718,22.68,38.28,68.78,116,36.79,4.05,2.38,-0.44,6.75,16.05,5.58,59,54,1.09,164.61,105.77,270.38,7.71
002497,20240126,20260314,20250718,12.01,24.6,104.83,157,25.08,-1.91,23.15,15.99,16.65,15.15,17.45,86,68,1.26,261.46,179.29,440.74,1.95
603871,20241220,20260107,20250718,10.53,13.76,30.67,116,13.8,-0.29,9.59,3.51,3.8,15.0,7.11,54,60,0.9,119.28,89.26,208.54,-0.29
600885,20240126,20260314,20250718,23.48,29.93,27.47,157,30.83,-2.92,0.55,4.47,11.8,9.28,6.85,75,80,0.94,148.77,120.17,268.94,-7.25
600637,20240126,20260314,20250717,7.54,10.4,37.93,158,9.87,5.37,2.52,3.45,3.71,15.78,5.81,79,77,1.03,190.77,150.78,341.55,-2.35
688387,20241220,20260107,20250717,5.69,12.39,117.75,117,12.7,-2.44,0.18,1.41,9.31,20.04,7.26,60,51,1.18,177.16,92.14,269.3,3.86
688378,20241220,20260107,20250717,17.25,29.8,72.75,117,28.62,4.12,1.51,4.81,12.99,33.68,12.38,69,47,1.47,148.57,89.08,237.65,5.0
688283,20241220,20260107,20250717,27.04,44.77,65.57,117,44.09,1.54,2.22,4.59,8.8,19.42,8.35,65,50,1.3,155.62,100.09,255.71,14.79
601600,20240126,20260314,20250717,6.88,14.08,104.59,158,13.02,8.14,7.27,8.57,10.53,14.02,9.99,90,66,1.36,228.21,148.44,376.65,0.43
300012,20240126,20260314,20250717,12.04,15.17,26.0,158,14.25,6.46,0.58,3.07,2.99,12.62,4.46,77,79,0.97,121.01,95.17,216.17,-3.01
600487,20240126,20260314,20250717,15.81,49.68,214.23,158,24.8,100.32,0.25,3.29,14.67,19.54,9.35,89,68,1.31,283.83,158.48,442.31,8.66
688676,20241220,20260107,20250717,36.0,86.89,141.36,117,90.02,-3.48,3.53,4.17,31.08,54.28,22.14,64,52,1.23,272.81,169.96,442.77,-4.57
688400,20241220,20260107,20250717,29.81,46.47,55.89,117,43.51,6.8,0.74,1.24,7.48,18.28,6.42,61,54,1.13,197.24,144.17,341.42,7.59
000636,20240126,20260314,20250717,14.05,21.7,54.45,158,16.9,28.4,-0.71,0.78,2.35,7.97,2.39,83,72,1.15,198.21,146.99,345.2,-5.69
300390,20240126,20260314,20250717,19.97,52.65,163.65,158,56.01,-6.0,0.95,2.65,4.81,0.7,2.57,78,79,0.99,320.87,204.86,525.73,15.56
002851,20240126,20260314,20250717,53.07,117.64,121.67,158,91.03,29.23,2.86,6.95,30.88,62.11,24.34,80,77,1.04,304.06,210.45,514.51,-2.53
002709,20240126,20260314,20250717,19.41,48.77,151.26,158,47.99,1.63,-1.7,0.26,2.01,4.43,1.23,84,73,1.15,263.93,161.24,425.16,12.48
002756,20240126,20260314,20250717,33.7,69.81,107.12,158,55.41,25.99,4.87,6.88,7.15,2.61,5.7,82,74,1.11,241.0,158.88,399.88,0.88
300806,20241220,20260107,20250717,17.19,35.17,104.6,117,30.08,16.92,-1.4,7.27,26.76,44.27,18.78,61,54,1.13,212.43,131.09,343.51,13.63
002738,20240126,20260314,20250717,32.56,76.86,136.06,158,84.13,-8.64,9.28,16.46,26.97,22.27,19.34,82,75,1.09,287.8,190.03,477.83,-2.71
300814,20241220,20260107,20250717,33.86,81.53,140.79,117,76.65,6.37,-3.13,12.17,16.07,35.09,14.86,54,62,0.87,303.95,197.49,501.44,6.66
300456,20240126,20260314,20250717,17.13,48.03,180.39,158,53.09,-9.53,1.17,10.62,16.87,39.52,16.39,84,73,1.15,362.85,238.61,601.46,1.24
002548,20240126,20260314,20250716,3.89,6.37,63.75,159,5.96,6.88,8.48,4.37,7.97,13.62,8.12,78,71,1.1,198.46,142.41,340.87,-4.21
688257,20241220,20260107,20250716,14.62,38.83,165.6,118,35.61,9.04,32.42,17.03,13.89,15.73,18.91,66,49,1.35,190.89,85.98,276.87,11.07
688698,20241220,20260107,20250716,52.13,96.06,84.27,118,98.05,-2.03,2.76,3.63,3.87,12.87,5.38,57,58,0.98,227.22,155.81,383.03,-7.23
603816,20240126,20260314,20250716,24.82,33.97,36.87,159,31.87,6.59,2.74,4.83,8.86,19.26,8.51,87,70,1.24,124.26,90.02,214.28,2.94
301360,20241220,20260107,20250716,48.83,76.88,57.44,118,74.65,2.99,1.37,5.32,10.49,10.79,7.17,60,57,1.05,184.4,129.6,314.0,6.33
600388,20240126,20260314,20250716,11.89,19.21,61.56,159,16.32,17.71,2.78,2.35,2.86,6.39,3.4,88,67,1.31,132.85,82.06,214.91,-1.49
002884,20241220,20260107,20250716,16.14,17.8,10.29,118,17.73,0.39,1.92,1.05,6.69,9.6,4.63,62,52,1.19,64.22,53.39,117.61,0.28
300811,20241220,20260107,20250716,46.7,77.61,66.19,118,74.88,3.65,8.35,27.09,22.16,49.89,26.42,60,56,1.07,223.34,161.77,385.11,7.82
002001,20240126,20260314,20250716,21.34,38.67,81.2,159,25.12,53.94,4.03,2.95,4.69,16.21,6.34,89,67,1.33,137.52,75.26,212.78,6.82
688081,20241220,20260107,20250716,19.58,39.87,103.63,118,39.46,1.04,4.09,11.7,29.16,51.17,23.31,62,54,1.15,242.61,158.18,400.79,12.28
300769,20241220,20260107,20250716,31.8,45.65,43.55,118,45.25,0.88,5.19,8.96,13.99,16.19,11.16,52,63,0.83,170.48,126.6,297.08,0.71
688027,20241220,20260107,20250715,268.24,560.7,109.03,119,526.26,6.54,0.47,1.39,2.84,20.23,5.41,61,57,1.07,212.45,129.12,341.57,9.93
002533,20240126,20260314,20250714,9.97,15.34,53.86,161,12.58,21.94,0.1,2.01,13.54,16.45,7.98,78,76,1.03,163.29,115.35,278.63,-5.02
000680,20240126,20260314,20250714,9.49,11.95,25.98,161,12.27,-2.61,-2.86,5.37,5.79,3.68,3.51,81,76,1.07,161.21,133.02,294.23,-3.86
688028,20241220,20260107,20250714,22.29,66.9,200.13,120,68.72,-2.65,0.76,3.81,9.56,14.31,7.02,61,57,1.07,310.52,181.78,492.3,2.97
600618,20240126,20260314,20250714,9.93,14.96,50.65,161,11.98,24.87,3.93,6.55,2.82,6.55,4.91,87,70,1.24,198.21,149.54,347.75,-2.73
002028,20240126,20260314,20250714,76.99,211.4,174.58,161,151.15,39.86,-0.95,3.9,3.9,9.43,4.04,84,76,1.11,248.98,139.76,388.73,-7.71
001311,20241220,20260107,20250714,20.9,33.6,60.77,120,32.14,4.54,2.01,3.78,13.97,13.21,8.37,66,51,1.29,147.02,95.13,242.15,4.74
301086,20241220,20260107,20250714,46.87,122.31,160.96,120,115.11,6.25,0.7,-0.6,14.57,40.15,12.36,61,57,1.07,241.39,134.34,375.73,7.88
000739,20240126,20260314,20250711,14.5,18.0,24.18,162,16.31,10.36,-0.21,6.48,5.73,12.14,6.05,76,81,0.94,119.36,94.99,214.35,2.33
002428,20240126,20260314,20250711,20.48,43.36,111.72,162,30.94,40.14,-1.9,5.47,9.28,33.01,10.65,82,76,1.08,301.88,213.85,515.73,1.5
002353,20240126,20260314,20250710,34.94,105.23,201.16,163,71.78,46.6,6.95,11.88,14.82,30.85,15.57,91,71,1.28,278.42,157.91,436.33,-11.2
605598,20241220,20260107,20250710,21.22,65.97,210.94,122,65.65,0.49,1.84,21.89,14.21,26.46,16.49,61,59,1.03,279.69,152.35,432.04,-2.89
600966,20240126,20260314,20250710,4.57,8.5,86.0,163,6.73,26.3,0.44,5.91,14.88,16.19,9.56,84,69,1.22,177.08,110.4,287.48,6.92
002950,20241220,20260107,20250710,8.83,11.2,26.84,122,11.36,-1.41,2.04,3.06,7.47,10.53,5.67,61,57,1.07,102.98,75.95,178.93,2.66
600497,20240126,20260314,20250710,5.31,9.88,86.06,163,7.43,32.97,0.56,5.65,6.21,10.55,5.78,90,67,1.34,201.9,133.05,334.95,1.96
002430,20240126,20260314,20250710,20.44,31.67,54.94,163,30.6,3.5,7.0,9.74,8.95,15.02,10.01,91,71,1.28,183.37,133.83,317.2,1.67
601156,20241220,20260107,20250710,13.75,18.55,34.91,122,18.45,0.54,-1.75,2.25,4.65,6.47,3.01,67,49,1.37,76.26,45.22,121.48,1.53
399680,20240126,20260314,20250709,598.18,996.33,66.56,164,765.38,30.17,1.28,9.81,8.34,11.5,8.0,93,70,1.33,156.56,102.13,258.7,-5.37
200581,20240126,20260314,20250709,11.92,15.05,26.26,164,14.3,5.24,0.25,4.78,6.88,8.47,5.24,90,63,1.43,79.09,54.77,133.87,0.74
600938,20241220,20260107,20250709,24.89,28.59,14.87,123,29.04,-1.55,1.02,2.31,1.91,-0.22,1.43,60,60,1.0,74.03,58.89,132.92,-4.25
300938,20241220,20260107,20250709,23.16,32.36,39.72,123,31.8,1.76,-0.99,4.06,8.33,5.87,4.69,68,51,1.33,145.77,107.8,253.57,-0.37
300620,20240126,20260314,20250708,46.64,165.0,253.77,155,151.68,8.78,-1.8,9.26,107.98,137.05,62.22,81,73,1.11,420.97,267.38,688.34,9.2
600428,20240126,20260314,20250708,6.16,8.32,35.04,165,7.07,17.68,1.62,5.52,4.71,8.44,5.08,93,68,1.37,132.83,99.4,232.24,5.32
300285,20240126,20260314,20250708,18.15,37.98,109.26,165,29.0,30.97,-0.99,0.0,1.27,18.57,3.9,90,73,1.23,259.04,173.41,432.45,10.31
000049,20241220,20260107,20250708,22.55,27.4,21.51,124,27.02,1.41,-0.62,1.6,2.17,6.3,2.27,64,57,1.12,104.56,82.05,186.62,0.81
603920,20240126,20260314,20250708,30.44,55.03,80.78,165,52.65,4.52,-3.12,4.66,7.42,19.58,6.92,79,84,0.94,263.87,193.55,457.42,-0.49
300827,20241220,20260107,20250708,24.17,39.27,62.47,124,34.9,12.52,3.19,-1.74,-5.17,2.57,-0.92,65,58,1.12,202.45,142.55,345.0,11.18
301183,20241220,20260107,20250708,50.85,157.32,209.38,124,159.52,-1.38,19.12,46.49,27.02,44.31,34.74,56,67,0.84,339.62,204.41,544.03,-4.6
603185,20241220,20260107,20250708,16.39,31.73,93.59,124,31.54,0.6,13.3,17.45,18.18,28.19,18.99,58,64,0.91,219.29,144.09,363.38,2.35
605365,20241220,20260107,20250708,14.68,27.49,87.26,124,26.3,4.52,5.04,1.63,0.61,8.51,3.38,70,50,1.4,185.37,115.33,300.7,6.39
002837,20240126,20260314,20250708,30.86,97.22,215.04,165,106.0,-8.28,3.18,6.9,37.75,127.48,39.53,87,77,1.13,359.36,228.04,587.39,0.23
301031,20241220,20260107,20250708,81.17,114.18,40.67,124,113.42,0.67,1.54,0.47,6.04,11.75,4.61,66,57,1.16,156.19,115.58,271.77,0.98
688195,20241220,20260107,20250707,40.86,179.48,339.26,125,174.95,2.59,0.76,2.79,14.44,31.96,11.71,72,52,1.38,367.57,195.17,562.74,6.65
300235,20241220,20260107,20250707,11.05,16.58,50.05,125,16.17,2.54,7.42,9.32,19.46,18.82,13.88,64,59,1.08,166.61,119.84,286.45,3.17
688539,20241220,20260107,20250707,25.7,49.55,92.8,125,49.69,-0.28,2.22,4.44,8.6,37.78,11.91,66,58,1.14,201.58,127.28,328.86,1.62
301357,20241220,20260107,20250707,84.0,144.03,71.46,125,148.91,-3.28,-8.44,-0.46,13.87,76.87,17.71,62,62,1.0,343.05,259.17,602.21,-3.83
688819,20241220,20260107,20250707,27.03,33.58,24.23,125,33.7,-0.36,1.37,1.04,2.07,7.47,2.7,66,57,1.16,95.12,71.2,166.32,0.3
688720,20241220,20260107,20250707,42.53,74.93,76.18,125,71.81,4.34,-1.01,-1.46,2.63,6.23,1.4,61,61,1.0,195.66,129.4,325.06,7.35
300959,20241220,20260107,20250707,43.51,99.49,128.66,125,103.42,-3.8,-0.6,0.05,2.41,10.2,2.66,58,66,0.88,304.16,197.68,501.83,-0.97
603822,20240126,20260314,20250707,57.16,117.09,104.85,165,100.99,15.94,1.68,3.6,4.9,4.57,3.8,89,74,1.2,269.42,187.32,456.74,1.46
001226,20241220,20260107,20250707,28.37,44.14,55.59,125,43.86,0.64,1.87,2.75,29.5,25.27,15.1,64,60,1.07,164.83,113.58,278.41,1.66
301087,20241220,20260107,20250703,33.35,47.57,42.66,127,49.63,-4.15,-0.9,5.91,9.54,12.0,6.86,66,56,1.18,125.63,86.6,212.23,7.92
300131,20240126,20260314,20250703,7.89,14.62,85.3,158,14.72,-0.68,3.04,5.58,6.59,14.83,7.22,84,71,1.18,260.48,185.04,445.52,7.98
300684,20241220,20260107,20250703,24.91,49.56,98.96,127,49.67,-0.22,2.09,2.09,19.87,34.68,13.94,64,62,1.03,228.03,148.42,376.46,-2.23
301010,20241220,20260107,20250703,17.76,21.78,22.64,127,22.02,-1.09,11.66,2.31,2.25,24.21,8.54,66,59,1.12,195.19,164.5,359.69,-5.47
300444,20240126,20260314,20250702,7.38,16.32,121.14,169,9.87,65.35,2.71,-0.14,0.41,1.76,0.98,82,85,0.96,286.77,192.41,479.18,-10.13
600089,20240126,20260314,20250702,12.04,30.32,151.83,169,22.88,32.52,2.57,1.16,16.45,13.46,8.49,88,78,1.13,251.03,149.54,400.58,-7.45
600801,20240126,20260314,20250702,12.1,22.96,89.75,169,25.22,-8.96,1.9,6.69,33.97,26.03,17.78,94,71,1.32,199.84,129.0,328.84,1.15
301193,20241220,20260107,20250702,16.41,22.15,34.98,128,21.85,1.37,21.88,12.07,15.78,16.33,16.0,63,63,1.0,179.89,140.4,320.29,1.14
601598,20241220,20260107,20250702,4.8,6.15,28.26,128,6.02,2.16,1.88,4.59,9.86,14.04,7.52,65,55,1.18,99.1,71.59,170.69,1.15
600785,20240126,20260314,20250701,11.66,19.32,65.69,170,13.4,44.18,2.83,2.92,3.95,8.92,4.41,86,82,1.05,207.59,148.98,356.57,-0.41
600596,20240126,20260314,20250701,8.19,13.13,60.32,170,11.61,13.09,1.83,7.45,26.37,24.05,15.32,87,78,1.12,199.07,145.65,344.72,3.22
300677,20241220,20260107,20250701,24.32,39.29,61.55,129,40.06,-1.92,4.48,11.76,32.2,50.04,24.09,65,63,1.03,171.14,117.21,288.36,0.23
600348,20240126,20260314,20250701,6.46,10.15,57.1,170,8.24,23.18,0.93,4.33,8.81,15.31,7.19,89,74,1.2,171.34,121.62,292.96,1.7
600176,20240126,20260314,20250701,11.71,26.1,122.89,170,17.5,49.14,1.37,2.99,8.45,3.84,4.47,89,76,1.17,223.34,135.87,359.21,0.38
688350,20241220,20260107,20250630,15.94,27.89,74.97,130,26.12,6.78,-0.69,0.75,20.33,41.84,14.55,63,66,0.95,177.07,113.84,290.9,6.65
000922,20240126,20260314,20250630,11.38,16.2,42.36,171,13.69,18.33,-2.2,-2.28,6.06,2.28,1.15,89,78,1.14,165.53,125.15,290.68,3.71
301289,20241220,20260107,20250630,48.8,60.05,23.05,130,59.44,1.03,0.2,1.54,3.55,5.57,2.68,66,61,1.08,113.58,88.58,202.16,4.33
603396,20241220,20260107,20250630,25.5,34.91,36.9,130,32.91,6.08,2.24,5.41,9.76,10.55,7.11,68,58,1.17,146.47,110.04,256.51,3.44
000811,20240126,20260314,20250630,9.8,19.19,95.82,171,18.64,2.95,9.49,11.33,20.92,36.12,18.8,94,75,1.25,247.81,171.07,418.88,-5.19
000697,20240126,20260314,20250630,7.18,10.8,50.4,168,8.83,22.31,2.23,7.63,6.04,6.45,5.84,86,73,1.18,133.29,89.57,222.85,5.68
603268,20240126,20260314,20250630,39.41,123.17,212.53,171,83.85,46.89,2.0,11.65,16.06,32.86,15.28,98,71,1.38,284.51,162.21,446.72,3.14
688146,20241220,20260107,20250630,28.74,44.79,55.86,130,42.18,6.19,0.25,2.59,5.75,20.99,6.75,72,57,1.26,171.06,119.21,290.27,11.64
300481,20240126,20260314,20250630,14.11,18.01,27.64,171,16.23,10.97,-0.43,1.28,5.95,8.86,3.85,91,74,1.23,127.43,100.15,227.58,-2.91
688325,20241220,20260107,20250630,47.02,92.3,96.29,130,90.28,2.24,-0.21,0.5,16.41,28.41,10.71,66,61,1.08,194.64,116.75,311.39,3.94
301077,20241220,20260107,20250627,19.92,26.94,35.24,131,26.45,1.85,1.41,-1.36,7.08,10.24,4.05,65,62,1.05,143.27,108.68,251.96,2.36
000700,20240126,20260314,20250627,7.43,12.41,66.96,172,14.12,-12.13,-2.29,-4.57,-2.69,2.02,-2.23,85,84,1.01,278.9,214.55,493.45,0.32
000878,20240126,20260314,20250627,12.62,22.45,77.89,172,20.34,10.37,4.52,1.51,11.33,6.42,6.04,93,78,1.19,233.57,166.91,400.48,-2.9
600301,20240126,20260314,20250627,20.1,58.55,191.29,172,37.12,57.73,4.43,2.54,16.92,12.69,9.26,95,75,1.27,331.99,211.24,543.23,-6.83
603530,20241220,20260107,20250627,26.15,43.2,65.2,131,40.92,5.57,2.87,2.83,2.68,13.35,4.9,65,61,1.07,169.74,113.17,282.91,5.06
301133,20241220,20260107,20250627,22.32,38.12,70.79,131,39.97,-4.63,1.39,2.96,5.87,9.54,4.83,63,67,0.94,211.9,148.41,360.31,-0.81
603391,20241220,20260107,20250627,39.14,65.17,66.5,131,64.47,1.09,0.66,2.45,5.88,2.1,3.05,73,56,1.3,130.6,76.24,206.84,-1.42
002540,20240126,20260314,20250627,5.74,7.12,24.02,172,7.04,1.14,0.52,0.52,3.66,4.35,2.23,91,75,1.21,145.03,119.76,264.79,-0.7
301201,20241220,20260107,20250627,21.17,46.41,119.18,131,44.39,4.55,11.43,9.8,28.79,29.03,19.67,68,61,1.11,242.11,150.15,392.26,9.64
002460,20240126,20260314,20250626,33.35,70.03,109.99,173,64.35,8.83,3.09,3.09,9.39,7.86,5.93,88,83,1.06,261.71,177.24,438.95,3.35
688308,20241220,20260107,20250626,17.96,33.13,84.46,132,32.15,3.05,2.45,2.84,11.63,15.31,7.89,74,54,1.37,180.39,112.74,293.13,2.7
688037,20241220,20260107,20250626,104.94,190.79,81.81,132,154.0,23.89,2.24,6.12,4.54,9.25,5.5,72,59,1.22,210.54,141.74,352.29,31.59
300604,20240126,20260314,20250625,43.87,124.2,183.11,174,106.0,17.17,2.37,2.35,0.11,0.39,1.29,92,81,1.14,303.97,185.15,489.12,-2.13
601138,20241220,20260107,20250625,20.34,63.15,210.47,133,63.67,-0.82,2.06,26.55,29.4,72.32,31.66,74,58,1.28,292.65,166.52,459.17,-1.68
300750,20241220,20260107,20250625,253.9,371.01,46.13,133,377.5,-1.72,-1.34,3.31,12.51,4.25,5.33,68,64,1.06,135.72,93.7,229.42,0.49
601198,20240126,20260314,20250625,11.22,13.54,20.63,154,14.02,-3.42,-1.96,-1.69,-0.09,0.89,-0.75,75,72,1.04,100.35,79.41,179.76,0.82
000923,20240126,20260314,20250625,13.41,20.72,54.51,174,21.38,-3.09,5.59,5.15,11.41,5.52,7.19,95,76,1.25,191.13,141.64,332.77,-1.38
600517,20240126,20260314,20250625,5.11,7.2,40.98,174,6.15,17.07,-1.16,2.17,8.24,4.33,3.76,88,80,1.1,142.32,104.85,247.18,-4.89
301069,20241220,20260107,20250625,15.76,28.02,77.79,133,28.53,-1.79,1.46,1.59,5.33,13.71,5.11,62,68,0.91,221.2,153.62,374.82,-2.64
600773,20240126,20260314,20250625,9.88,18.25,84.72,174,12.55,45.42,2.02,2.63,24.19,8.3,10.11,89,82,1.09,214.42,145.89,360.3,10.47
600295,20240126,20260314,20250625,8.64,15.91,84.14,174,13.0,22.38,0.12,4.4,16.32,18.98,10.04,86,85,1.01,190.26,123.42,313.68,-7.93
605060,20241220,20260107,20250625,18.93,35.56,87.82,133,38.65,-7.99,7.08,5.28,8.98,32.04,12.1,60,71,0.85,211.43,139.69,351.11,-3.37
605389,20241220,20260107,20250625,37.97,79.8,110.17,128,77.73,2.66,23.15,1.47,17.33,17.2,13.71,69,57,1.21,214.44,131.14,345.57,7.61
601677,20240126,20260314,20250625,12.15,16.55,36.21,174,15.0,10.33,1.98,2.72,5.84,3.7,3.7,90,82,1.1,142.49,108.16,250.65,-0.84
600995,20240126,20260314,20250625,9.8,15.57,58.91,174,12.68,22.79,0.31,2.76,10.1,2.65,4.45,97,73,1.33,158.84,108.74,267.59,-3.83
601168,20240126,20260314,20250625,15.54,30.02,93.18,174,28.07,6.95,8.37,9.2,11.52,11.78,10.25,94,79,1.19,225.87,152.65,378.52,-3.16
603281,20241220,20260107,20250625,23.22,29.5,27.03,133,27.88,5.81,3.4,3.23,7.91,8.99,5.82,65,66,0.98,89.78,64.06,153.84,5.36
000973,20240126,20260314,20250624,6.4,17.12,167.5,175,14.82,15.52,11.25,6.56,8.28,3.75,7.45,91,80,1.14,301.11,190.26,491.38,18.07
603861,20240126,20260314,20250624,9.24,18.62,101.41,175,12.8,45.47,5.19,4.87,10.28,6.6,6.9,91,82,1.11,231.01,152.41,383.42,-8.95
002248,20240126,20260314,20250624,8.52,14.14,65.96,175,11.6,21.9,2.7,2.46,9.74,18.66,7.93,88,83,1.06,227.22,167.59,394.82,2.91
002192,20240126,20260314,20250624,30.49,57.1,87.25,175,54.46,4.85,-0.07,-0.13,14.55,14.12,7.14,90,84,1.07,247.02,174.81,421.83,2.7
000630,20240126,20260314,20250624,3.14,6.95,121.34,175,5.82,19.42,4.78,6.69,10.51,10.83,8.28,96,75,1.28,270.99,180.37,451.35,-4.53
301123,20241220,20260107,20250624,22.01,73.71,234.88,134,74.0,-0.39,3.18,2.73,10.49,25.58,9.72,71,61,1.16,340.02,196.74,536.76,-7.28
688147,20241220,20260107,20250624,29.34,75.71,158.08,134,63.88,18.52,2.88,3.01,6.46,15.15,6.45,73,60,1.22,274.79,165.69,440.48,18.72
600141,20240126,20260314,20250624,20.4,40.78,99.9,175,34.44,18.41,0.64,2.6,20.83,20.93,11.34,96,76,1.26,202.65,127.31,329.96,4.0
001225,20241220,20260107,20250624,33.55,69.63,107.54,134,62.89,10.72,3.79,4.59,8.94,22.86,9.39,65,67,0.97,202.3,121.55,323.85,25.46
002975,20241220,20260107,20250624,32.77,82.05,150.35,134,82.25,-0.24,4.29,2.92,6.21,27.66,9.13,69,63,1.1,241.42,139.32,380.74,4.79
001359,20241220,20260107,20250624,28.71,71.0,147.3,134,72.0,-1.39,21.49,27.97,70.11,77.46,49.21,65,68,0.96,234.38,134.48,368.87,-2.32
603312,20241220,20260107,20250624,35.69,48.45,35.75,134,47.44,2.13,1.65,1.04,7.48,19.36,6.76,69,62,1.11,150.07,114.16,264.23,3.37
301285,20241220,20260107,20250624,29.95,70.81,136.43,134,67.95,4.21,8.18,10.25,13.26,39.5,16.59,73,60,1.22,213.9,119.18,333.07,4.73
002792,20240126,20260314,20250624,14.98,40.31,169.09,175,45.81,-12.01,3.4,-0.33,5.81,7.61,3.85,90,80,1.12,352.65,235.64,588.29,-6.28
002407,20240126,20260314,20250624,11.8,30.85,161.55,175,34.99,-11.83,1.7,0.51,5.98,5.21,3.33,89,81,1.1,298.86,189.69,488.55,6.6
003016,20241220,20260107,20250624,7.49,9.63,28.57,134,9.73,-1.03,0.13,0.67,10.95,5.21,4.55,70,60,1.17,171.66,138.67,310.32,-3.31
000792,20240126,20260314,20250624,16.64,39.6,137.98,175,30.98,27.82,2.64,2.88,8.47,8.95,5.72,95,77,1.23,218.85,125.88,344.73,3.23
002240,20240126,20260314,20250624,12.93,40.37,212.22,175,36.6,10.3,-0.39,-2.55,10.36,20.34,6.33,96,78,1.23,346.57,217.87,564.45,1.82
001270,20241220,20260107,20250624,35.37,106.11,200.0,134,96.25,10.24,7.21,13.66,10.52,17.5,12.2,83,49,1.69,208.22,93.12,301.34,21.55
002108,20240126,20260314,20250624,3.4,5.08,49.41,175,4.89,3.89,13.53,8.24,12.06,7.35,10.27,85,80,1.06,199.61,151.94,351.55,1.8
300509,20240126,20260314,20250624,8.18,13.17,61.0,175,13.27,-0.75,4.65,4.16,9.05,11.86,7.26,82,89,0.92,205.43,149.7,355.14,-2.3
002885,20241220,20260107,20250624,13.81,26.8,94.06,134,25.75,4.08,2.46,1.09,5.5,5.72,3.61,68,64,1.06,226.36,150.04,376.39,-0.92
300803,20241220,20260107,20250624,65.6,143.09,118.13,134,135.73,5.42,22.96,20.06,28.06,32.94,25.62,69,64,1.08,261.3,169.63,430.93,6.16
301369,20241220,20260107,20250624,52.72,133.83,153.85,134,130.6,2.47,1.59,3.03,1.06,11.06,3.76,68,65,1.05,221.22,120.38,341.61,-0.39
688239,20241220,20260107,20250624,31.74,66.25,108.73,134,69.68,-4.92,10.21,4.32,13.11,21.99,11.67,69,63,1.1,218.15,135.95,354.09,-0.96
688511,20241220,20260107,20250624,16.83,31.75,88.65,134,29.26,8.51,10.52,6.18,14.68,43.97,17.16,75,57,1.32,172.78,102.89,275.67,12.47
300893,20241220,20260107,20250624,16.86,24.51,45.4,134,24.18,1.36,3.9,2.12,6.23,5.72,4.43,70,62,1.13,153.96,109.82,263.78,2.42
002782,20240126,20260314,20250624,12.61,25.24,100.16,175,18.34,37.62,2.93,3.89,5.87,10.86,5.69,91,82,1.11,236.08,158.0,394.08,1.45
605305,20241220,20260107,20250624,26.79,43.87,63.76,134,43.32,1.27,2.31,3.06,36.28,40.39,20.34,72,61,1.18,153.54,99.48,253.02,3.42
300259,20240126,20260314,20250624,3.4,5.16,51.63,175,4.51,14.39,1.47,3.76,9.05,7.88,5.71,93,71,1.31,155.34,109.16,264.5,2.99
600118,20240126,20260314,20250624,26.94,87.37,224.31,175,99.45,-12.15,6.05,4.49,3.64,9.76,5.6,93,81,1.15,319.79,188.25,508.04,-4.9
603813,20241220,20260107,20250624,13.36,39.65,196.78,134,39.29,0.92,2.17,-1.95,17.22,20.36,9.09,76,54,1.41,205.82,91.68,297.51,3.52
000726,20240126,20260314,20250624,6.11,7.6,24.39,175,7.11,6.89,2.13,4.75,11.95,10.31,7.5,94,71,1.32,90.65,67.42,158.07,2.15
000960,20240126,20260314,20250624,14.4,36.89,156.18,175,28.28,30.45,6.25,8.33,19.86,24.58,14.62,96,77,1.25,313.02,206.05,519.06,-5.07
601886,20240126,20260314,20250624,5.2,8.87,70.58,175,8.15,8.83,15.38,19.04,36.73,40.0,27.81,93,74,1.26,158.16,100.82,258.98,1.49
600510,20240126,20260314,20250624,4.93,8.94,81.38,175,8.64,3.47,2.43,2.86,5.9,8.14,4.74,86,82,1.05,213.99,147.47,361.46,-2.08
301550,20241220,20260107,20250624,55.88,174.26,211.87,134,161.0,8.24,9.96,3.06,18.86,16.86,11.94,68,65,1.05,281.14,154.71,435.85,28.71
300467,20240126,20260314,20250624,19.05,29.67,55.75,175,29.92,-0.84,12.7,6.77,16.17,23.46,14.11,88,84,1.05,218.96,166.61,385.57,-2.56
688733,20241220,20260107,20250624,19.1,31.0,62.3,134,29.98,3.4,-0.84,-1.41,0.68,4.19,0.45,69,63,1.1,247.12,184.06,431.19,3.75
300899,20241220,20260107,20250624,22.01,33.0,49.93,134,33.44,-1.32,1.82,3.18,4.09,13.86,5.32,80,49,1.63,122.01,78.54,200.54,2.33
301310,20241220,20260107,20250623,34.8,42.45,21.98,135,42.54,-0.21,4.4,3.45,12.87,14.74,8.72,62,70,0.89,114.3,91.01,205.31,-1.37
002928,20241220,20260107,20250623,7.87,10.95,39.14,135,10.91,0.37,5.34,1.78,8.77,7.24,5.68,65,62,1.05,129.55,93.23,222.78,1.67
001268,20241220,20260107,20250623,24.54,35.28,43.77,135,35.96,-1.89,2.49,3.5,13.24,14.75,8.47,70,64,1.09,172.89,130.59,303.48,-5.72
688779,20241220,20260107,20250623,5.21,7.93,52.21,135,7.73,2.59,5.18,1.15,5.76,8.06,4.72,73,60,1.22,166.27,118.34,284.61,4.76
301265,20241220,20260107,20250623,9.68,14.28,47.52,135,14.19,0.63,2.48,3.82,39.36,17.56,16.96,66,63,1.05,150.19,105.76,255.96,8.59
301489,20241220,20260107,20250623,59.98,196.5,227.61,135,204.58,-3.95,-3.6,-5.22,17.54,81.76,19.33,72,61,1.18,392.85,248.53,641.38,-5.98
301150,20241220,20260107,20250623,20.99,44.8,113.43,135,44.77,0.07,-4.14,16.1,11.34,33.44,14.09,63,71,0.89,317.44,221.57,539.01,7.0
688498,20241220,20260107,20250623,166.1,700.7,321.85,135,664.0,5.53,7.16,13.85,24.98,34.08,19.9,71,62,1.15,376.46,210.69,587.15,6.25
688663,20241220,20260107,20250623,26.91,42.44,57.71,135,40.99,3.54,0.0,-0.89,13.34,14.9,6.72,70,63,1.11,156.4,105.54,261.94,10.23
603500,20241220,20260107,20250623,8.6,12.12,40.93,135,12.15,-0.25,4.3,1.98,8.26,8.72,5.68,65,66,0.98,151.94,112.9,264.84,1.42
300692,20241220,20260107,20250623,6.5,8.6,32.29,132,8.56,0.47,2.61,0.62,-2.17,-2.17,-0.38,61,64,0.95,142.97,108.96,251.93,0.23
300756,20241220,20260107,20250623,27.27,54.7,100.59,135,56.54,-3.25,8.07,-3.92,-2.42,-3.26,-0.94,75,57,1.32,195.02,118.83,313.86,-7.04
300948,20241220,20260107,20250623,10.26,24.28,136.65,130,23.31,4.16,4.29,5.36,7.5,12.77,7.27,66,61,1.08,243.6,141.66,385.25,18.15
688101,20241220,20260107,20250623,13.99,17.04,21.8,135,16.81,1.37,-1.64,-1.5,3.29,3.65,0.94,68,64,1.06,109.96,86.53,196.5,4.54
605288,20241220,20260107,20250623,49.04,96.49,96.76,135,87.05,10.84,5.49,2.53,14.6,4.91,7.22,67,67,1.0,248.25,168.99,417.24,5.8
688167,20241220,20260107,20250623,78.89,193.5,145.28,135,180.93,6.95,0.52,0.7,4.2,5.73,2.72,67,67,1.0,287.56,181.49,469.04,9.44
605376,20241220,20260107,20250623,38.8,67.5,73.97,135,66.01,2.26,-2.65,-2.76,2.76,4.43,0.36,66,67,0.99,202.67,139.71,342.37,0.78
688800,20241220,20260107,20250623,45.4,82.85,82.49,135,83.3,-0.54,7.69,0.33,11.83,41.19,13.42,79,55,1.44,255.68,182.38,438.07,-4.12
688131,20241220,20260107,20250623,43.4,78.01,79.75,135,74.81,4.28,3.16,19.38,31.27,25.69,20.96,67,65,1.03,201.86,135.52,337.38,7.54
301168,20241220,20260107,20250623,32.64,44.5,36.34,135,45.87,-2.99,8.12,6.83,18.66,13.51,11.97,72,62,1.16,147.61,112.31,259.92,-3.47
001203,20241220,20260107,20250623,9.51,29.23,207.23,135,30.9,-5.4,2.27,1.85,17.51,20.56,10.37,71,59,1.2,280.95,155.96,436.91,-6.04
688063,20241220,20260107,20250623,42.63,60.69,42.36,135,58.96,2.93,4.11,6.87,2.46,1.69,3.96,70,64,1.09,169.31,126.94,296.25,3.55
002957,20241220,20260107,20250623,16.1,23.29,44.66,135,22.29,4.49,1.06,0.06,6.71,4.53,3.15,74,58,1.28,139.63,98.48,238.12,7.03
688607,20241220,20260107,20250623,18.6,44.62,139.89,135,44.49,0.29,0.0,-0.11,26.83,61.02,20.22,76,58,1.31,214.01,119.12,333.13,2.57
688485,20241220,20260107,20250623,10.1,17.87,76.97,135,17.65,1.25,3.76,6.04,11.51,17.65,9.55,72,62,1.16,153.72,92.21,245.93,0.79
301305,20241220,20260107,20250623,17.69,23.37,32.11,135,22.76,2.68,-0.62,1.53,3.56,4.86,2.38,67,65,1.03,123.64,91.99,215.63,3.87
300767,20241220,20260107,20250623,12.29,20.97,70.63,135,20.97,0.0,1.14,7.08,5.86,12.86,6.68,65,66,0.98,225.65,159.06,384.71,-1.08
300991,20241220,20260107,20250623,22.98,41.62,81.11,135,42.22,-1.42,26.07,29.5,29.2,33.68,29.56,70,63,1.11,208.02,139.33,347.35,3.38
688456,20241220,20260107,20250623,34.19,66.91,95.7,135,70.7,-5.36,3.48,4.45,24.33,17.96,12.92,77,57,1.35,196.8,121.64,318.44,-11.33
688679,20241220,20260107,20250623,14.63,25.46,74.03,135,25.94,-1.85,0.48,5.95,2.94,3.08,3.38,68,66,1.03,239.74,171.16,410.9,-4.57
603256,20241220,20260107,20250623,13.47,38.3,184.34,135,37.95,0.92,10.32,36.67,62.51,92.2,50.26,69,65,1.06,339.46,216.96,556.42,1.03
301012,20241220,20260107,20250623,19.74,27.63,39.97,133,27.58,0.18,-0.61,-3.8,16.41,14.03,6.47,61,69,0.88,181.45,139.5,320.95,7.34
688480,20241220,20260107,20250623,31.35,62.1,98.09,135,52.5,18.29,-0.1,0.99,22.52,37.35,14.5,71,63,1.13,221.73,142.89,364.62,22.7
603331,20241220,20260107,20250623,9.84,13.2,34.15,135,13.81,-4.42,2.34,3.86,7.22,10.98,5.99,68,61,1.11,104.74,73.17,177.91,1.93
301345,20241220,20260107,20250623,96.08,241.14,150.98,135,257.6,-6.39,6.68,38.96,42.9,62.17,38.33,78,56,1.39,231.69,131.05,362.74,-3.87
603182,20241220,20260107,20250623,12.6,15.64,24.13,135,15.75,-0.7,2.7,4.68,9.92,11.19,7.16,72,61,1.18,86.41,63.46,149.87,-2.01
301617,20241220,20260107,20250623,38.71,83.7,116.22,135,83.2,0.6,5.27,1.65,1.78,0.44,2.17,65,69,0.94,271.64,178.53,450.18,15.61
605268,20241220,20260107,20250623,9.28,10.45,12.61,135,10.61,-1.51,3.23,2.59,-0.65,12.07,3.64,64,67,0.96,111.04,95.4,206.43,-3.15
301391,20241220,20260107,20250623,41.12,85.78,108.61,135,84.34,1.71,4.38,-0.9,6.76,8.85,4.4,74,60,1.23,207.97,126.11,334.08,8.69
605338,20241220,20260107,20250623,18.83,32.28,71.43,135,31.1,3.79,-1.22,-0.85,-0.27,2.23,-0.13,68,65,1.05,161.19,102.45,263.64,13.38
301013,20241220,20260107,20250623,16.17,30.87,90.91,135,28.73,7.45,2.47,3.03,8.6,7.54,5.49,66,64,1.03,256.39,176.88,433.27,11.77
301365,20241220,20260107,20250623,15.83,23.92,51.11,135,23.93,-0.04,4.04,5.05,11.5,20.97,9.97,65,67,0.97,175.45,126.71,302.16,-3.0
600078,20240126,20260314,20250623,5.61,13.66,143.49,176,9.99,36.74,1.07,-0.53,9.63,11.23,5.19,87,84,1.04,306.43,202.51,508.94,5.73
688183,20241220,20260107,20250623,45.58,99.55,118.39,135,98.62,0.94,4.63,10.57,10.35,14.81,10.16,64,68,0.94,307.17,211.12,518.28,1.91
301603,20241220,20260107,20250623,47.42,77.46,63.35,135,76.28,1.55,4.53,3.67,13.96,19.97,10.19,75,59,1.27,154.44,100.39,254.83,0.72
001206,20241220,20260107,20250623,20.58,29.0,40.91,126,31.28,-7.29,-0.44,4.47,6.61,17.93,6.82,62,62,1.0,166.78,125.95,292.73,-4.89
300686,20241220,20260107,20250623,9.38,15.47,64.93,135,15.03,2.93,3.84,6.61,5.97,10.45,6.63,67,65,1.03,189.52,131.37,320.9,3.13
688335,20241220,20260107,20250623,11.76,32.24,174.15,135,28.35,13.72,0.68,1.11,3.49,20.24,5.56,73,60,1.22,273.27,157.81,431.07,20.34
301003,20241220,20260107,20250623,30.78,42.74,38.86,135,43.03,-0.67,-2.57,2.99,6.63,2.01,2.77,71,62,1.15,162.31,124.27,286.58,-1.95
603163,20241220,20260107,20250623,26.48,79.69,200.94,135,75.46,5.61,5.74,5.4,10.05,21.15,10.01,69,65,1.06,313.36,186.89,500.25,13.58
301468,20241220,20260107,20250623,22.23,58.18,161.67,135,50.54,15.12,3.36,5.78,7.27,18.74,8.33,71,62,1.15,248.44,138.43,386.87,9.2
300903,20241220,20260107,20250623,10.8,20.59,90.65,135,20.03,2.8,7.41,-0.65,4.91,7.69,4.3,63,70,0.9,256.61,177.97,434.58,13.13
301232,20241220,20260107,20250623,28.13,180.0,539.89,135,190.0,-5.26,5.23,6.11,13.97,15.25,10.12,80,53,1.51,337.54,134.11,471.65,26.05
603301,20241220,20260107,20250623,20.82,70.25,237.42,135,71.56,-1.83,0.19,1.25,0.86,6.58,1.99,82,50,1.64,221.09,91.1,312.19,-0.71
603083,20241220,20260107,20250623,46.88,126.0,168.74,135,130.03,-3.1,1.24,-6.33,8.89,8.4,2.7,65,69,0.94,312.23,197.37,509.6,-8.77
603978,20241220,20260107,20250623,16.26,28.1,72.82,135,29.1,-3.44,10.89,7.44,6.64,3.81,7.16,69,63,1.1,228.34,163.16,391.5,-2.7
301181,20241220,20260107,20250623,23.43,42.02,79.34,130,43.3,-2.96,3.2,3.41,11.4,11.01,7.28,70,57,1.23,223.43,152.32,375.76,-11.54
301626,20241220,20260107,20250623,100.0,187.01,87.01,135,185.5,0.81,0.47,7.46,8.51,45.0,13.88,68,66,1.03,224.63,150.35,374.98,-0.52
688307,20241220,20260107,20250623,27.04,45.92,69.82,135,44.95,2.16,3.59,3.88,36.76,43.05,21.52,72,62,1.16,211.98,150.59,362.57,3.99
605188,20241220,20260107,20250623,10.81,20.72,91.67,135,20.05,3.34,-0.37,-0.37,11.66,-0.09,3.3,66,67,0.99,297.07,214.85,511.92,5.98
301227,20241220,20260107,20250623,24.24,48.73,101.03,135,50.93,-4.32,-1.11,-5.53,15.92,18.52,6.6,79,54,1.46,182.95,107.31,290.26,-4.09
001259,20241220,20260107,20250623,24.75,28.92,16.85,135,29.82,-3.02,3.43,3.68,4.44,8.2,4.76,71,62,1.15,102.87,84.91,187.78,-3.6
688399,20241220,20260107,20250623,44.65,68.14,52.61,135,68.88,-1.07,4.37,9.25,16.44,23.85,13.35,73,60,1.22,154.07,106.35,260.42,-2.2
688233,20241220,20260107,20250623,29.51,82.0,177.87,135,74.56,9.98,-1.63,7.69,10.0,8.23,6.63,67,67,1.0,304.79,184.11,488.9,11.85
300837,20241220,20260107,20250623,21.65,41.01,89.42,135,34.3,19.56,3.05,6.74,14.13,12.75,9.42,78,56,1.39,158.75,89.11,247.86,25.6
688148,20241220,20260107,20250623,5.3,10.03,89.25,135,9.27,8.2,0.75,-2.64,2.83,5.09,1.23,67,66,1.02,251.86,173.46,425.32,11.2
603685,20241220,20260107,20250623,13.76,19.08,38.66,135,19.32,-1.24,2.11,-2.33,4.8,14.39,4.04,63,70,0.9,149.59,112.03,261.62,1.81
603282,20241220,20260107,20250623,16.14,20.2,25.18,135,20.21,-0.05,3.61,5.22,8.07,17.62,8.23,72,59,1.22,112.34,86.73,199.07,1.25
688353,20241220,20260107,20250623,25.85,114.18,341.7,135,122.29,-6.63,31.33,40.04,32.11,34.24,34.76,69,65,1.06,411.12,233.5,644.62,-2.49
300909,20241220,20260107,20250623,25.55,46.49,81.96,135,48.2,-3.55,2.94,2.47,4.11,15.58,5.68,70,64,1.09,163.63,99.42,263.04,-5.28
300097,20240126,20260314,20250623,4.88,8.08,65.57,176,7.36,9.78,3.07,4.92,4.51,2.66,3.97,103,67,1.54,153.02,99.44,252.46,-1.46
688102,20241220,20260107,20250623,13.09,43.13,229.49,135,41.55,3.8,1.3,3.82,4.35,9.93,4.7,81,53,1.53,263.39,133.26,396.65,14.95
688251,20241220,20260107,20250623,16.92,27.99,65.39,135,28.66,-2.34,5.71,5.15,13.09,22.02,11.02,68,65,1.05,178.35,121.0,299.35,-6.76
300836,20241220,20260107,20250623,42.55,56.08,31.8,135,55.64,0.79,1.1,-0.38,0.14,-2.19,-0.29,65,69,0.94,170.67,135.34,306.01,0.72
688237,20241220,20260107,20250623,27.99,50.06,78.85,130,48.93,2.31,2.82,2.89,8.82,15.08,7.09,70,58,1.21,167.79,103.2,270.99,5.79
300955,20241220,20260107,20250623,18.51,39.07,111.08,130,45.13,-13.43,0.92,-0.32,2.32,12.48,3.28,68,59,1.15,265.46,173.48,438.94,1.96
002169,20240126,20260314,20250623,6.05,15.53,156.69,168,11.76,32.06,4.3,5.45,5.29,3.8,4.84,102,64,1.59,237.57,135.23,372.8,0.98
603187,20241220,20260107,20250623,11.02,15.44,40.05,135,15.72,-1.78,3.22,7.03,10.66,8.75,7.7,66,66,1.0,109.24,73.18,182.41,-0.39
688385,20241220,20260107,20250623,46.33,82.02,77.03,135,82.98,-1.16,3.26,1.51,-0.09,7.08,2.49,70,63,1.11,196.52,131.41,327.93,10.63
603311,20240126,20260314,20250623,10.33,15.74,52.37,176,15.05,4.58,4.55,7.16,10.94,11.91,8.72,89,82,1.09,156.42,109.76,266.18,-3.55
688386,20241220,20260107,20250623,50.05,89.58,78.98,135,87.66,2.19,1.94,4.3,7.87,16.88,7.41,69,64,1.08,192.31,127.81,320.13,5.64
301148,20241220,20260107,20250623,24.82,48.8,96.62,125,47.61,2.5,9.02,-0.08,4.31,1.37,3.35,62,62,1.0,199.75,121.87,321.62,3.59
601869,20241220,20260107,20250623,37.87,117.76,210.94,135,115.19,2.23,4.33,0.03,11.43,33.24,10.95,70,64,1.09,322.47,192.77,515.24,-1.29
603119,20241220,20260107,20250623,39.01,110.5,183.26,135,116.24,-4.94,13.74,8.33,36.53,39.96,24.2,77,57,1.35,285.67,168.69,454.36,-6.2
301097,20241220,20260107,20250623,38.78,53.08,36.87,135,53.26,-0.34,1.86,3.15,10.68,16.63,7.85,73,61,1.2,140.68,103.76,244.44,2.67
688002,20241220,20260107,20250623,62.95,100.15,59.09,135,98.88,1.28,5.88,8.99,3.45,3.4,5.59,72,61,1.18,145.93,95.74,241.66,2.56
301158,20241220,20260107,20250623,19.08,22.89,19.96,135,22.8,0.39,-10.9,-10.17,-9.54,-4.56,-9.0,71,63,1.13,136.2,110.04,246.24,3.53
301075,20241220,20260107,20250623,27.32,55.57,103.4,130,58.47,-4.96,5.82,8.89,22.58,34.7,17.55,68,61,1.11,225.57,144.76,370.33,-5.32
601615,20241220,20260107,20250623,10.62,16.7,57.22,135,14.73,13.37,3.95,3.37,5.72,6.01,4.72,74,60,1.23,152.28,102.32,254.61,16.38
301237,20241220,20260107,20250623,25.63,55.33,115.88,135,54.53,1.47,8.0,11.43,43.82,59.58,30.09,75,58,1.29,209.11,123.84,332.95,-10.19
688778,20241220,20260107,20250623,45.41,81.65,79.81,135,79.91,2.18,4.41,1.75,5.82,9.26,5.0,67,67,1.0,237.95,167.86,405.8,8.63
300731,20241220,20260107,20250623,26.4,58.71,122.39,135,57.87,1.45,15.72,9.09,9.85,23.75,13.58,72,62,1.16,310.79,213.78,524.58,0.65
605196,20241220,20260107,20250623,16.79,36.25,115.94,135,35.29,2.72,7.62,6.14,5.68,3.06,5.68,71,61,1.16,232.98,146.9,379.88,3.01
301217,20241220,20260107,20250623,12.23,35.28,188.47,135,35.38,-0.28,1.88,9.24,75.8,105.15,46.92,59,74,0.8,362.7,232.64,595.34,-1.29
688585,20241220,20260107,20250623,7.28,127.33,1649.04,121,127.03,0.24,4.81,84.75,807.42,1124.04,493.42,74,43,1.72,566.06,228.38,794.44,7.3
688367,20241220,20260107,20250623,16.65,31.95,91.89,135,30.08,6.22,3.78,4.5,10.45,16.4,8.52,75,56,1.34,179.93,108.84,288.77,4.75
001296,20241220,20260107,20250623,20.38,26.26,28.88,135,26.76,-1.87,-3.04,-8.9,0.32,-2.42,-3.67,61,70,0.87,178.22,144.51,322.72,-0.11
603948,20241220,20260107,20250623,21.57,27.37,26.89,135,26.96,1.52,11.4,-0.23,1.07,2.32,3.0,72,61,1.18,170.61,137.78,308.39,3.09
003009,20241220,20260107,20250623,44.32,86.25,94.59,135,84.82,1.69,9.18,3.94,7.26,3.4,5.88,73,60,1.22,218.04,142.15,360.19,20.8
605090,20241220,20260107,20250623,25.81,42.65,65.24,135,44.63,-4.44,-0.97,-1.78,6.66,7.09,2.69,66,66,1.0,152.09,97.03,249.12,0.07
603687,20241220,20260107,20250623,7.11,10.55,48.38,135,9.68,8.99,3.94,3.66,7.45,6.47,5.42,72,56,1.29,127.18,84.44,211.62,8.99
605028,20241220,20260107,20250623,18.0,29.36,63.11,135,29.2,0.55,7.44,4.39,6.61,9.61,6.71,67,67,1.0,205.63,146.83,352.46,-3.77
001300,20241220,20260107,20250623,13.37,16.3,21.91,135,16.25,0.31,-1.12,-0.45,-3.14,-3.14,-1.93,71,60,1.18,119.93,96.82,216.74,7.1
001234,20241220,20260107,20250623,19.84,27.78,40.02,135,27.33,1.65,5.54,6.8,10.89,13.41,9.1,76,56,1.36,189.76,146.59,336.35,3.04
301488,20241220,20260107,20250623,65.58,167.11,154.82,135,157.17,6.32,7.06,4.39,12.32,9.93,8.41,63,71,0.89,295.23,183.75,478.98,2.91
300774,20241220,20260107,20250623,8.55,23.38,173.45,135,21.35,9.51,1.75,4.44,8.54,6.78,5.6,73,60,1.22,264.76,150.65,415.42,21.08
001210,20241220,20260107,20250623,12.74,20.9,64.05,135,18.84,10.93,4.55,17.58,11.77,13.81,12.48,76,56,1.36,144.17,90.5,234.68,19.22
300736,20241220,20260107,20250623,10.0,16.08,60.8,135,15.72,2.29,5.5,5.5,7.3,13.5,7.64,71,59,1.2,192.96,136.39,329.35,3.47
300935,20241220,20260107,20250623,23.81,35.57,49.39,135,32.22,10.4,2.06,1.6,7.69,13.82,5.96,69,64,1.08,157.6,111.51,269.11,14.63
688347,20241220,20260107,20250623,51.98,125.37,141.19,125,116.49,7.62,0.27,2.92,1.83,12.87,4.05,70,54,1.3,261.34,159.53,420.87,14.08
300772,20241220,20260107,20250623,12.62,19.99,58.4,135,19.8,0.96,1.74,-1.19,0.79,1.19,0.47,64,70,0.91,182.64,129.05,311.69,3.04
301377,20241220,20260107,20250623,30.1,146.65,387.21,135,142.91,2.62,10.0,14.29,48.11,70.1,34.74,67,65,1.03,370.62,190.72,561.34,1.56
301083,20241220,20260107,20250623,15.18,19.38,27.67,135,19.04,1.79,1.84,0.53,6.13,9.22,4.21,68,64,1.06,128.79,100.52,229.3,4.53
601020,20240126,20260314,20250623,17.22,31.87,85.08,176,28.22,12.93,2.56,10.05,14.34,14.98,10.82,95,80,1.19,281.7,208.49,490.19,-7.3
300236,20240126,20260314,20250623,37.23,83.44,124.12,176,71.22,17.16,0.97,1.61,6.74,11.12,4.92,89,86,1.03,269.75,177.6,447.35,14.24
001216,20241220,20260107,20250623,12.86,17.43,35.54,135,17.23,1.16,4.12,3.42,7.78,17.34,7.65,72,60,1.2,165.11,126.03,291.14,0.4
301005,20241220,20260107,20250623,33.21,160.22,382.43,135,150.88,6.19,3.73,6.44,12.88,25.62,11.67,77,57,1.35,366.83,187.44,554.27,9.22
300983,20241220,20260107,20250623,19.44,26.43,35.96,135,26.68,-0.94,0.0,-1.34,14.2,15.23,6.9,73,59,1.24,126.55,92.2,218.75,-3.12
300745,20241220,20260107,20250623,18.26,30.8,68.67,135,26.08,18.1,3.94,2.25,9.04,7.78,5.73,72,62,1.16,163.67,105.35,269.03,18.83
605178,20241220,20260107,20250623,18.17,55.6,206.0,121,54.47,2.07,7.87,5.78,28.01,26.58,17.03,70,50,1.4,283.38,158.01,441.39,4.95
603929,20240126,20260314,20250623,28.64,140.83,391.72,176,105.05,34.06,12.15,16.66,31.08,23.95,21.54,89,85,1.05,389.2,212.19,601.39,6.6
301093,20241220,20260107,20250623,25.54,48.05,88.14,135,49.45,-2.83,-5.09,-2.02,7.4,4.62,1.52,72,59,1.22,194.95,125.05,320.0,-1.38
603203,20240126,20260314,20250623,23.4,39.25,67.71,176,36.77,6.74,3.88,4.09,8.11,13.75,7.19,91,81,1.12,194.84,137.26,332.1,-1.63
603876,20241220,20260107,20250623,8.89,15.65,76.04,135,15.04,4.06,1.91,1.24,4.72,4.39,3.05,71,58,1.22,168.18,106.07,274.25,5.25
301200,20241220,20260107,20250623,42.19,134.41,218.58,135,124.8,7.7,-0.21,4.53,11.31,74.76,19.66,70,63,1.11,307.72,175.67,483.38,9.78
688110,20241220,20260107,20250623,29.8,134.33,350.77,132,130.48,2.95,2.62,4.56,15.67,92.62,25.12,78,53,1.47,389.47,210.44,599.91,-0.43
301043,20241220,20260107,20250623,28.16,58.97,109.41,135,60.16,-1.98,5.79,9.98,13.85,25.14,13.34,74,59,1.25,243.92,155.59,399.51,-9.0
688210,20241220,20260107,20250623,21.35,52.75,147.04,135,51.68,2.07,7.82,12.69,16.7,69.53,24.29,70,64,1.09,314.82,206.91,521.72,-7.42
688670,20241220,20260107,20250623,12.94,21.02,62.44,135,20.97,0.24,5.72,8.19,15.61,25.5,13.38,61,71,0.86,235.39,169.82,405.21,1.5
688109,20241220,20260107,20250623,28.78,131.72,357.65,130,133.51,-1.34,8.03,5.8,18.66,35.02,15.95,79,49,1.61,360.33,182.81,543.14,2.07
300696,20241220,20260107,20250623,20.57,30.11,46.38,135,30.3,-0.63,2.87,3.35,8.7,22.02,8.59,67,63,1.06,171.3,125.98,297.27,5.32
301518,20241220,20260107,20250623,20.93,37.6,79.61,135,35.65,5.47,1.46,0.32,10.35,4.81,4.46,69,64,1.08,215.09,145.72,360.81,9.43
605255,20241220,20260107,20250623,18.92,218.02,1052.02,104,0.0,0.0,1.74,0.0,4.91,35.4,8.9,69,33,2.09,386.78,123.53,510.31,40.12
301042,20241220,20260107,20250623,41.5,78.0,87.95,135,76.0,2.63,-2.63,2.77,-1.2,-2.27,-0.51,76,56,1.36,195.05,123.82,318.87,-3.69
605055,20241220,20260107,20250623,7.14,10.1,41.46,135,9.71,4.02,0.7,0.98,-1.96,-0.7,-0.29,60,67,0.9,180.86,138.28,319.14,0.3
001238,20241220,20260107,20250623,37.26,50.96,36.77,135,50.65,0.61,1.99,5.31,6.33,9.63,5.82,64,67,0.96,112.07,78.25,190.32,2.87
001331,20241220,20260107,20250623,10.58,56.03,429.58,127,50.94,9.99,-8.79,-7.28,-2.84,32.23,1.65,71,52,1.37,286.4,106.27,392.67,46.41
688191,20241220,20260107,20250623,20.65,31.9,54.48,135,32.39,-1.51,5.71,21.26,25.62,28.91,20.99,74,59,1.25,165.67,116.83,282.5,1.88
688011,20241220,20260107,20250623,26.62,60.0,125.39,135,65.65,-8.61,-8.38,-10.44,-5.15,62.32,6.11,72,60,1.2,290.73,192.96,483.69,-0.51
688623,20241220,20260107,20250623,61.19,105.5,72.4,135,96.85,8.93,3.71,3.35,6.96,10.46,5.93,73,60,1.22,125.48,67.93,193.41,10.24
600343,20240126,20260314,20250623,11.41,32.32,183.26,176,45.69,-29.26,4.21,12.36,21.03,38.21,18.5,98,74,1.32,351.3,230.04,581.34,-6.07
600869,20240126,20260314,20250623,4.8,13.38,178.75,176,8.21,62.97,5.63,6.88,17.71,19.58,12.42,99,69,1.43,280.57,167.49,448.06,-0.52
301283,20241220,20260107,20250623,31.4,49.59,57.92,135,48.67,1.89,4.46,6.69,17.67,24.39,13.08,72,59,1.22,149.24,99.06,248.3,5.58
688025,20241220,20260107,20250623,66.24,143.56,116.73,135,140.99,1.82,6.61,14.15,25.26,52.17,23.58,72,62,1.16,243.51,155.56,399.07,0.09
301189,20241220,20260107,20250623,25.9,43.66,68.57,135,42.99,1.56,1.31,1.7,7.18,7.68,4.46,69,63,1.1,166.81,108.26,275.07,3.14
688059,20241220,20260107,20250623,44.14,83.3,88.7,135,82.49,0.98,3.64,1.04,29.67,24.21,14.78,70,62,1.13,206.1,135.13,341.23,1.54
605298,20241220,20260107,20250623,14.34,40.13,179.85,135,39.35,1.98,0.0,-2.51,5.65,6.49,2.24,67,65,1.03,227.89,115.89,343.78,0.83
002634,20240126,20260314,20250623,3.77,6.86,81.96,176,5.77,18.89,11.94,9.02,13.26,15.12,12.1,89,82,1.09,250.8,181.48,432.28,-2.83
002004,20240126,20260314,20250623,3.9,5.63,44.32,176,4.81,17.05,2.56,3.85,7.95,7.95,5.64,91,77,1.18,126.71,86.81,213.52,3.3
688627,20241220,20260107,20250623,83.17,244.29,193.72,135,233.58,4.59,8.67,2.56,1.01,13.07,5.42,73,60,1.22,297.18,173.86,471.04,5.76
002895,20241220,20260107,20250623,22.35,38.23,71.04,135,37.5,1.95,-1.43,1.79,10.47,9.62,5.32,80,53,1.51,138.96,81.82,220.78,4.0
603610,20241220,20260107,20250623,11.66,19.22,64.84,135,20.6,-6.7,3.0,5.57,7.38,5.23,5.53,73,59,1.24,180.99,124.11,305.1,-1.94
603216,20241220,20260107,20250623,12.62,44.94,256.1,126,46.5,-3.35,0.4,-0.63,-0.4,2.06,0.18,66,56,1.18,279.97,140.32,420.29,-3.15
688008,20241220,20260107,20250623,77.81,135.7,74.39,135,127.75,6.22,2.75,4.64,9.83,5.37,5.96,68,64,1.06,181.77,119.66,301.43,13.17
002083,20240126,20260314,20250623,4.72,11.41,141.74,176,13.09,-12.83,1.69,2.75,3.6,3.39,2.92,93,69,1.35,272.16,170.44,442.61,1.88
688175,20241220,20260107,20250623,20.34,28.6,40.61,135,29.33,-2.49,0.39,-1.13,-1.87,4.47,0.07,70,62,1.13,140.88,102.14,243.02,-2.75
605566,20241220,20260107,20250623,20.22,31.0,53.31,135,32.01,-3.16,0.89,0.74,1.03,17.06,4.12,64,70,0.91,173.78,124.99,298.77,-0.48
603659,20241220,20260107,20250623,17.38,28.08,61.57,135,27.72,1.3,7.71,5.7,4.09,1.27,4.73,75,59,1.27,159.65,106.07,265.72,2.48
688388,20241220,20260107,20250623,17.95,42.6,137.33,135,42.8,-0.47,9.86,17.21,13.76,19.61,15.18,75,59,1.27,275.83,176.68,452.5,4.87
603080,20241220,20260107,20250623,18.5,24.43,32.05,135,24.79,-1.45,-6.92,-6.86,-5.78,1.73,-4.83,66,66,1.0,148.2,114.82,263.02,1.41
300889,20241220,20260107,20250623,12.6,20.65,63.89,125,20.66,-0.05,5.63,5.79,7.46,8.97,6.9,59,63,0.94,165.66,110.17,275.83,0.05
688020,20241220,20260107,20250623,35.42,82.48,132.86,135,77.58,6.32,10.5,11.97,10.47,51.92,19.22,68,66,1.03,273.69,175.01,448.69,18.18
603091,20241220,20260107,20250623,56.04,77.6,38.47,135,78.2,-0.77,6.92,15.17,15.81,12.58,13.19,70,64,1.09,142.47,105.51,247.98,-1.88
688377,20241220,20260107,20250623,23.82,36.6,53.65,135,37.03,-1.16,3.27,6.63,11.84,14.32,9.06,70,64,1.09,167.05,118.46,285.51,-0.03
688215,20241220,20260107,20250623,29.14,74.02,153.98,135,73.14,1.2,4.46,19.34,36.8,87.04,35.14,74,60,1.23,252.92,149.64,402.56,4.52
301045,20241220,20260107,20250623,22.04,30.0,36.12,135,27.03,10.99,2.59,3.86,12.75,11.62,7.82,66,68,0.97,140.73,105.74,246.48,12.91
000798,20240126,20260314,20250623,7.17,10.73,49.65,176,10.68,0.47,2.51,6.83,8.93,14.5,8.13,91,80,1.14,221.98,170.79,392.76,-3.42
000901,20240126,20260314,20250623,11.42,23.53,106.04,176,27.25,-13.65,5.87,6.65,13.05,12.78,9.64,94,79,1.19,330.67,242.2,572.87,-4.93
300749,20241220,20260107,20250623,7.81,11.82,51.34,135,12.28,-3.75,6.66,8.19,10.37,10.76,9.05,73,60,1.22,159.35,111.9,271.25,-2.96
301421,20241220,20260107,20250623,74.78,113.09,51.23,135,107.19,5.5,-2.33,-1.62,1.59,-1.04,-0.68,65,68,0.96,262.98,206.3,469.28,10.0
301319,20241220,20260107,20250623,24.08,53.1,120.51,135,52.99,0.21,30.4,24.13,18.56,22.55,23.4,68,65,1.05,226.45,136.19,362.64,3.51
688611,20241220,20260107,20250623,31.05,58.36,87.95,135,52.7,10.74,3.93,1.84,5.83,24.96,8.08,69,64,1.08,197.72,127.64,325.37,20.21
601279,20241220,20260107,20250623,3.73,5.1,36.73,135,5.21,-2.11,3.75,3.75,20.64,7.24,9.52,70,60,1.17,170.21,131.57,301.78,-3.77
003033,20241220,20260107,20250623,39.95,73.98,85.18,135,77.81,-4.92,4.88,2.08,7.18,10.84,5.92,69,65,1.06,224.43,153.51,377.94,-3.36
603681,20241220,20260107,20250623,14.38,18.99,32.01,135,19.19,-1.04,1.67,1.67,2.4,7.26,3.01,67,63,1.06,132.33,100.82,233.16,-1.15
605287,20241220,20260107,20250623,13.35,28.1,110.49,135,28.51,-1.44,6.22,10.26,14.46,16.25,11.91,68,65,1.05,189.1,108.6,297.7,8.33
301108,20241220,20260107,20250623,23.1,34.09,47.58,135,33.58,1.52,0.46,-0.25,4.24,11.77,3.64,69,65,1.06,163.9,119.37,283.27,0.68
688401,20241220,20260107,20250623,32.1,54.7,70.4,135,51.06,7.13,3.43,3.43,3.02,9.69,4.56,74,59,1.25,182.9,122.34,305.24,10.93
688231,20241220,20260107,20250623,16.44,27.19,65.35,135,28.9,-5.92,5.23,5.05,14.84,18.12,10.64,67,66,1.02,183.26,126.31,309.56,3.31
601061,20241220,20260107,20250623,7.61,15.13,98.77,135,15.09,0.27,3.65,6.02,6.94,3.39,5.3,71,59,1.2,163.7,90.29,254.0,5.88
001218,20241220,20260107,20250623,17.07,23.1,35.33,135,23.04,0.26,2.75,4.28,7.91,11.01,6.41,75,57,1.32,98.9,66.71,165.61,0.43
600151,20240126,20260314,20250623,7.02,13.79,96.44,176,19.31,-28.59,1.28,1.14,4.27,2.42,2.36,91,79,1.15,273.99,193.18,467.17,-4.44
301057,20241220,20260107,20250623,15.42,36.91,139.36,135,33.76,9.33,4.22,5.77,14.01,16.86,10.15,79,53,1.49,202.56,108.72,311.28,6.89
688313,20241220,20260107,20250623,38.95,88.8,127.98,126,88.83,-0.03,-2.31,34.09,38.9,44.88,30.41,62,63,0.98,333.83,229.21,563.04,-1.99
688082,20241220,20260107,20250623,108.89,198.0,81.84,135,183.75,7.76,3.09,2.96,2.33,13.93,4.99,75,59,1.27,188.08,119.79,307.87,11.89
603709,20241220,20260107,20250623,12.66,16.74,32.23,135,16.56,1.09,3.24,3.16,5.61,8.45,4.97,70,59,1.19,186.09,148.71,334.8,2.2
605289,20241220,20260107,20250623,28.5,68.25,139.47,135,67.56,1.02,6.84,10.74,23.4,29.44,17.5,74,60,1.23,237.83,141.19,379.02,1.8
300931,20241220,20260107,20250623,7.0,10.96,56.57,135,11.0,-0.36,6.43,9.43,14.43,21.86,12.82,71,59,1.2,143.24,94.56,237.8,-0.27
002487,20241220,20260107,20250623,30.95,52.91,70.93,135,53.35,-0.82,1.52,6.4,4.62,5.85,4.78,78,56,1.39,169.33,110.16,279.49,-0.45
688523,20241220,20260107,20250623,19.87,74.1,272.92,135,62.19,19.15,5.18,7.5,9.26,11.68,8.4,71,62,1.15,307.58,157.62,465.2,51.69
001267,20241220,20260107,20250623,9.1,22.4,146.15,131,22.71,-1.37,3.19,19.34,32.42,42.64,24.69,69,61,1.13,295.79,190.52,486.3,2.33
605155,20241220,20260107,20250623,11.7,17.0,45.3,135,18.64,-8.8,2.31,4.53,4.87,5.47,4.38,68,63,1.08,144.47,102.13,246.6,-1.79
603115,20241220,20260107,20250623,13.7,21.23,54.96,135,19.7,7.77,3.14,5.62,43.36,12.48,17.82,69,65,1.06,159.6,109.38,268.98,13.41
688392,20241220,20260107,20250623,63.74,122.9,92.82,135,114.77,7.08,7.6,8.05,15.31,27.9,14.11,70,64,1.09,245.09,168.27,413.36,7.35
301100,20241220,20260107,20250623,16.81,21.24,26.35,135,21.22,0.09,3.03,2.62,6.25,8.74,5.02,67,63,1.06,121.17,94.5,215.67,-0.05
603217,20241220,20260107,20250623,17.39,25.15,44.66,135,25.38,-0.91,1.61,1.75,6.36,6.53,4.06,69,64,1.08,126.78,86.6,213.38,-2.59
600338,20240126,20260314,20250623,10.26,18.4,79.42,176,15.34,19.95,6.83,6.63,6.92,13.6,8.15,92,82,1.12,244.59,176.85,421.44,3.2
688122,20241220,20260107,20250623,47.33,81.75,72.72,135,78.2,4.54,4.9,4.97,6.34,12.51,6.88,74,60,1.23,184.09,122.58,306.67,10.53
301120,20241220,20260107,20250623,9.89,19.0,92.11,135,17.93,5.97,1.62,4.75,26.19,22.04,14.01,66,67,0.99,277.48,196.27,473.75,5.56
301257,20241220,20260107,20250623,29.24,56.8,94.24,135,55.25,2.81,2.77,6.77,27.19,39.22,18.59,68,65,1.05,208.91,132.95,341.85,9.04
688019,20241220,20260107,20250623,138.75,278.39,100.64,135,227.0,22.64,4.06,12.36,6.59,6.31,7.76,75,59,1.27,197.74,120.53,318.27,28.77
300863,20241220,20260107,20250623,34.78,53.0,52.39,135,51.28,3.35,7.02,4.31,1.75,1.55,3.53,77,56,1.38,139.57,93.62,233.2,3.07
603061,20241220,20260107,20250623,79.47,173.42,118.22,135,154.44,12.29,1.48,7.59,12.27,14.79,9.21,72,61,1.18,194.76,109.81,304.58,24.75
002916,20241220,20260107,20250623,98.0,244.3,149.29,135,242.42,0.78,10.15,18.27,34.29,38.26,25.45,68,66,1.03,267.68,164.06,431.74,4.51
000893,20241220,20260107,20250623,29.74,53.18,78.82,135,49.92,6.53,0.77,1.28,5.21,6.05,3.31,75,58,1.29,148.72,87.21,235.94,10.93
300990,20241220,20260107,20250623,44.52,90.25,102.72,135,90.09,0.18,10.18,11.1,17.7,28.08,16.29,68,66,1.03,266.11,181.16,447.27,-4.21
601133,20241220,20260107,20250623,11.25,17.11,52.09,132,16.94,1.0,9.07,7.02,13.24,8.62,9.62,66,62,1.06,156.62,109.16,265.79,10.6
301105,20241220,20260107,20250623,35.19,47.27,34.33,135,47.12,0.32,4.6,4.63,6.22,10.57,6.29,76,58,1.31,118.64,86.2,204.84,-0.53
002643,20240126,20260314,20250620,10.92,16.63,52.29,177,15.21,9.34,3.48,4.85,13.64,15.93,9.43,92,82,1.12,172.3,125.38,297.68,0.79
300486,20240126,20260314,20250620,7.07,24.27,243.28,162,19.9,21.96,13.3,17.11,24.75,66.9,28.6,81,79,1.03,368.52,222.35,590.87,0.29
000688,20240126,20260314,20250620,12.21,36.4,198.12,177,28.85,26.17,2.78,8.85,8.44,13.92,8.53,95,80,1.19,328.59,204.6,533.2,3.76
601877,20240126,20260314,20250620,22.24,38.33,72.35,177,28.59,34.07,1.26,2.79,2.43,2.29,2.28,88,85,1.04,185.69,125.57,311.27,-1.84
600172,20240126,20260314,20250620,4.31,10.32,139.44,177,5.83,77.02,0.7,-0.23,-1.62,2.78,0.14,88,86,1.02,319.0,216.23,535.23,12.66
002436,20240126,20260314,20250619,11.91,23.94,101.01,178,22.27,7.5,7.47,7.89,18.98,56.09,20.77,97,79,1.23,288.97,207.77,496.74,0.8
300093,20240126,20260314,20250618,10.92,17.89,63.83,178,16.92,5.73,5.49,3.47,0.4,12.5,4.76,83,90,0.92,230.34,172.52,402.85,-1.11
002128,20240126,20260314,20250617,18.32,33.61,83.46,180,28.71,17.07,2.4,3.6,5.57,11.35,5.5,101,74,1.36,188.16,122.53,310.69,1.94
300490,20240126,20260314,20250617,8.08,17.73,119.43,180,12.52,41.61,6.68,8.29,7.55,22.15,10.52,87,91,0.96,307.91,213.4,521.31,-6.98
603196,20240126,20260314,20250616,14.82,27.71,86.98,181,25.58,8.33,-1.42,15.99,12.28,30.63,14.32,90,86,1.05,212.59,143.16,355.75,5.88
300551,20240126,20260314,20250616,9.82,18.67,90.12,176,16.49,13.22,3.16,11.0,24.44,17.82,14.83,84,87,0.97,262.79,186.85,449.63,-2.61
002759,20240126,20260314,20250616,8.15,36.79,351.41,181,51.07,-27.96,2.58,27.73,12.52,15.95,15.78,98,82,1.2,445.38,271.16,716.53,8.05
603186,20240126,20260314,20250616,26.09,68.61,162.97,181,51.02,34.48,4.41,13.11,17.98,20.7,14.35,85,95,0.89,329.16,218.98,548.14,4.18
600673,20240126,20260314,20250613,10.52,34.82,230.99,173,23.41,48.74,11.41,9.32,29.18,30.89,20.01,93,75,1.24,316.72,184.6,501.32,-12.95
000682,20240126,20260314,20250612,10.08,14.17,40.6,183,12.13,16.82,2.58,0.89,2.23,5.31,2.51,96,83,1.16,156.64,118.39,275.03,-7.39
601989,20240126,20260314,20250612,4.43,5.1,15.07,44,0.0,0.0,1.08,2.21,2.44,6.95,3.0,22,16,1.38,31.97,17.14,49.11,-0.97
002270,20240126,20260314,20250612,15.38,31.75,106.4,183,25.63,23.88,9.17,7.09,4.92,12.01,7.84,93,87,1.07,232.99,152.26,385.25,-13.37
002202,20240126,20260314,20250611,9.38,31.43,235.07,184,21.82,44.04,5.65,5.22,7.46,5.65,6.06,98,82,1.2,324.17,189.5,513.67,10.4
002214,20240126,20260314,20250611,10.85,18.1,66.82,184,18.91,-4.28,-1.29,-0.18,-3.69,-4.88,-2.4,88,92,0.96,164.85,109.74,274.59,0.33
002532,20240126,20260314,20250611,7.98,18.66,133.75,184,16.91,10.35,1.38,1.88,4.76,15.16,5.3,101,81,1.25,250.14,157.71,407.85,1.91
601969,20240126,20260314,20250611,7.03,13.56,92.89,176,11.58,17.1,4.98,0.85,3.7,16.79,5.72,89,86,1.03,269.31,192.14,461.45,0.3
300331,20240126,20260314,20250611,21.5,43.48,102.23,184,33.15,31.16,2.74,1.58,1.72,-2.05,1.13,89,94,0.95,307.19,220.11,527.3,-4.31
000708,20240126,20260314,20250610,11.18,17.38,55.46,185,16.1,7.95,1.07,0.0,9.75,16.19,6.38,100,82,1.22,145.51,98.3,243.8,-0.23
300308,20240126,20260314,20250609,107.65,542.02,403.5,186,623.51,-13.07,7.52,19.93,29.17,67.41,29.72,101,84,1.2,419.42,237.02,656.44,3.05
600331,20240126,20260314,20250606,7.26,17.57,142.01,187,13.2,33.11,5.65,4.96,22.87,19.56,13.39,104,78,1.33,264.79,167.54,432.33,-3.78
300389,20240126,20260314,20250606,10.88,18.88,73.53,187,16.84,12.11,3.86,0.09,4.78,6.89,3.61,93,91,1.02,213.33,146.94,360.26,0.16
002716,20240126,20260314,20250606,3.89,13.52,247.56,187,7.61,77.66,2.57,0.51,6.43,16.71,5.94,98,85,1.15,395.42,251.1,646.52,-8.34
300394,20240126,20260314,20250606,63.8,325.0,409.4,187,203.6,59.63,16.44,18.5,21.6,44.64,24.25,97,89,1.09,491.97,299.25,791.23,5.88
002213,20240126,20260314,20250605,14.99,28.38,89.33,188,27.5,3.2,7.4,20.88,21.41,14.34,17.04,95,92,1.03,331.46,252.06,583.52,2.09
600426,20240126,20260314,20250605,20.68,41.41,100.23,188,31.31,32.26,4.4,4.16,3.92,1.45,3.59,103,83,1.24,205.07,130.29,335.36,5.75
300376,20240126,20260314,20250605,3.62,7.49,106.96,187,6.35,17.95,2.49,4.42,10.22,12.74,7.44,99,78,1.27,215.95,137.33,353.28,-7.42
600863,20240126,20260314,20250604,3.94,5.37,36.29,189,4.45,20.67,1.78,1.52,0.0,2.79,1.37,99,79,1.25,101.7,69.37,171.07,-0.56
002636,20240126,20260314,20250604,8.56,29.05,239.37,189,17.01,70.78,1.99,1.75,14.25,44.39,14.08,97,89,1.09,361.25,222.41,583.65,14.64
002181,20240126,20260314,20250603,5.85,10.56,80.45,190,8.95,17.99,12.82,23.24,22.04,17.94,19.74,90,92,0.98,308.56,234.15,542.71,0.96
000603,20240126,20260314,20250603,13.79,44.3,221.25,190,32.65,35.68,14.07,11.68,7.98,20.74,12.86,103,85,1.21,368.87,235.51,604.37,-5.4
600549,20240126,20260314,20250603,19.25,62.4,224.22,190,42.0,48.57,3.64,6.13,7.74,12.31,7.35,106,82,1.29,299.88,171.79,471.67,-12.97
600362,20240126,20260314,20250603,20.36,50.74,149.26,190,54.3,-6.56,3.39,3.83,9.73,10.56,6.86,102,86,1.19,283.93,181.47,465.4,-1.99
601212,20240126,20260314,20250603,2.93,9.06,209.64,190,6.15,47.32,6.15,6.15,6.84,20.16,9.16,95,89,1.07,394.73,261.05,655.77,-8.67
002082,20240126,20260314,20250530,6.26,18.51,195.69,191,14.19,30.44,32.59,16.45,5.91,10.22,15.27,97,91,1.07,306.32,184.93,491.25,-0.8
601958,20240126,20260314,20250528,9.97,21.88,119.46,193,15.95,37.18,5.42,5.12,3.31,7.32,5.08,110,80,1.38,250.44,163.03,413.48,-8.8
300497,20240126,20260314,20250527,9.17,15.61,70.23,194,15.76,-0.95,4.36,4.47,-1.74,-0.76,1.54,93,96,0.97,263.49,197.8,461.29,-0.57
000407,20240126,20260314,20250527,3.29,5.09,54.81,184,4.95,2.83,-0.3,0.91,1.82,5.54,1.87,91,81,1.12,226.04,172.07,398.12,-4.14
600753,20240126,20260314,20250526,6.18,12.63,104.37,195,8.43,49.82,7.12,19.26,9.22,13.43,12.65,98,91,1.08,200.11,123.81,323.92,16.73
300082,20240126,20260314,20250523,6.75,10.69,58.37,196,10.83,-1.29,5.63,27.26,6.67,8.89,13.08,95,97,0.98,272.51,212.87,485.38,6.37
600459,20240126,20260314,20250521,13.7,21.45,56.57,198,19.2,11.72,2.04,4.09,8.1,10.73,6.21,99,96,1.03,239.25,185.32,424.57,-6.66
000612,20240126,20260314,20250515,7.14,13.94,95.24,202,11.32,23.14,7.42,2.8,9.94,5.88,6.48,108,88,1.23,248.53,173.51,422.04,-4.13
002816,20240126,20260314,20250515,16.02,23.86,48.94,202,23.19,2.89,15.86,14.86,16.79,10.36,14.74,95,101,0.94,238.61,191.48,430.09,-1.93
600352,20240126,20260314,20250513,9.4,14.94,58.94,204,10.76,38.85,-0.43,-0.11,5.43,3.94,2.3,104,91,1.14,152.37,101.89,254.25,-4.11
002114,20240126,20260314,20250512,6.46,9.52,47.37,201,8.45,12.66,1.7,1.7,5.57,10.06,4.53,103,92,1.12,244.61,195.84,440.46,-4.8
603993,20240126,20260314,20250512,7.03,19.76,181.2,205,20.44,-3.33,0.57,-0.71,3.13,8.11,2.46,121,80,1.51,306.34,191.76,498.11,-6.97
603239,20240126,20260314,20250512,13.93,21.93,57.43,205,20.82,5.33,9.69,1.87,2.73,7.11,4.74,98,106,0.92,256.25,201.03,457.28,-1.44
600064,20240126,20260314,20250509,7.21,8.89,23.3,206,8.74,1.72,-0.69,-0.14,1.11,1.11,0.38,101,88,1.15,97.99,75.54,173.53,3.25
000599,20240126,20260314,20250508,4.76,6.77,42.23,207,6.4,5.78,1.05,2.94,7.14,4.2,4.07,111,89,1.25,232.51,188.19,420.71,0.3
300483,20240126,20260314,20250508,9.17,21.54,134.9,207,14.92,44.37,-0.44,2.94,1.2,45.91,10.34,111,92,1.21,339.68,234.05,573.73,3.46
000593,20240126,20260314,20250508,5.58,15.03,169.35,205,10.97,37.01,1.08,2.15,5.91,4.66,3.57,104,94,1.11,335.55,220.61,556.17,5.92
601336,20240126,20260314,20250507,46.67,70.8,51.7,208,75.88,-6.69,1.78,4.33,6.77,14.23,6.53,102,104,0.98,183.64,137.63,321.27,-1.12
002066,20240126,20260314,20250507,10.81,19.35,79.0,208,18.68,3.59,0.56,6.01,9.44,2.31,5.21,104,101,1.03,228.09,162.5,390.59,-1.88
000751,20240126,20260314,20250507,2.95,6.05,105.08,208,4.12,46.84,-0.34,2.37,2.37,2.71,1.9,105,90,1.17,259.78,177.64,437.42,-7.49
002478,20240126,20260314,20250507,5.1,11.95,134.22,208,8.39,42.43,0.2,0.78,2.51,1.72,1.37,107,85,1.26,248.42,153.99,402.41,-9.88
000609,20240126,20260314,20250507,2.55,10.41,308.24,204,8.52,22.18,1.96,21.18,30.2,25.1,20.83,110,87,1.26,389.31,235.49,624.8,13.77
002443,20240126,20260314,20250507,5.97,9.57,60.22,208,8.11,18.0,-0.84,0.0,1.46,5.47,1.36,97,101,0.96,186.13,134.1,320.23,0.21
300471,20240126,20260314,20250507,9.91,15.37,55.1,208,12.64,21.6,-1.72,2.72,0.2,6.66,1.86,110,94,1.17,263.38,209.81,473.18,-0.39
000691,20240126,20260314,20250506,2.72,8.41,209.3,208,7.4,13.65,21.11,36.19,31.08,31.37,30.68,114,87,1.31,411.3,283.36,694.66,0.12
603389,20240126,20260314,20250506,6.43,43.4,574.96,187,45.4,-4.41,21.46,54.9,80.56,117.42,68.41,118,65,1.82,445.18,238.87,684.05,2.24
002769,20240126,20260314,20250506,7.52,11.17,48.54,199,11.78,-5.18,2.93,3.32,3.59,12.37,5.13,99,95,1.04,237.29,187.78,425.07,0.63
600493,20240126,20260314,20250506,5.45,7.72,41.63,209,7.39,4.47,3.3,5.14,5.87,5.5,5.06,107,94,1.14,213.33,170.92,384.25,-1.03
000559,20240126,20260314,20250506,6.57,16.95,157.99,209,17.02,-0.41,38.51,35.77,15.68,14.76,26.09,109,97,1.12,358.22,246.7,604.92,-4.02
600577,20240126,20260314,20250506,7.02,14.82,111.11,209,13.18,12.44,1.85,6.13,4.7,10.54,5.73,116,88,1.32,280.44,195.85,476.3,-0.47
002842,20240126,20260314,20250506,7.08,34.43,386.3,209,14.31,140.6,9.89,14.69,20.62,21.61,16.89,115,87,1.32,398.17,223.71,621.87,-16.82
600302,20240126,20260314,20250506,5.4,10.26,90.0,204,10.2,0.59,6.3,6.48,3.52,10.0,6.26,106,94,1.13,300.37,223.33,523.71,-11.17
000586,20240126,20260314,20250506,9.92,15.82,59.48,204,13.57,16.58,3.23,4.44,4.33,5.44,4.36,102,92,1.11,197.75,145.69,343.44,0.76
002297,20240126,20260314,20250506,6.92,11.79,70.38,209,12.18,-3.2,8.67,14.02,7.08,9.97,10.06,108,96,1.12,274.39,209.92,484.32,-3.2
600201,20240126,20260314,20250506,6.89,15.1,119.13,209,16.06,-5.98,2.03,3.48,8.13,10.45,5.98,110,89,1.24,248.16,161.11,409.28,1.41
300018,20240126,20260314,20250506,7.23,13.31,84.09,204,11.69,13.86,0.55,1.66,0.0,4.43,1.49,105,93,1.13,223.1,155.52,378.62,-6.53
002378,20240126,20260314,20250506,7.05,36.92,423.84,209,14.44,155.68,9.65,19.44,18.16,17.05,16.62,117,91,1.29,409.22,226.55,635.78,-17.79
000657,20240126,20260314,20250506,9.77,56.07,473.9,209,28.5,96.74,6.55,12.59,17.4,21.49,14.6,127,79,1.61,419.01,227.03,646.03,-13.88
600875,20240126,20260314,20250430,14.81,38.4,159.34,210,24.54,56.48,7.63,7.83,5.07,9.32,7.26,100,105,0.95,274.07,168.19,442.26,-10.7
002718,20240126,20260314,20250430,13.77,59.85,334.64,205,39.53,51.4,6.17,5.3,7.26,12.06,7.41,114,90,1.27,357.42,196.1,553.52,-2.08
000426,20240126,20260314,20250430,13.19,46.9,255.57,210,39.16,19.77,-1.74,3.03,-0.23,20.77,4.65,115,93,1.24,386.21,243.68,629.9,-5.6
000962,20240126,20260314,20250430,14.75,48.71,230.17,210,33.29,46.32,4.07,9.56,11.86,11.39,9.52,108,100,1.08,362.97,228.92,591.89,-11.48
002830,20240126,20260314,20250430,12.91,22.71,75.86,210,19.42,16.94,9.6,4.57,6.5,12.9,7.82,107,98,1.09,274.96,206.11,481.06,-1.26
002546,20240126,20260314,20250430,4.84,10.67,120.45,210,7.13,49.65,1.86,1.45,1.86,13.43,4.05,109,96,1.14,246.28,158.25,404.53,-8.57
002871,20240126,20260314,20250429,9.47,19.02,100.89,211,18.44,3.15,7.82,8.24,12.27,12.27,10.17,113,91,1.24,259.37,180.12,439.49,-7.49
600478,20240126,20260314,20250429,4.68,7.82,67.09,211,6.95,12.52,5.77,2.78,6.62,5.98,5.17,110,96,1.15,219.71,161.74,381.45,1.96
002046,20240126,20260314,20250429,14.84,47.2,218.06,211,42.3,11.58,8.83,5.26,4.38,9.91,6.64,108,101,1.07,355.21,223.82,579.03,-6.44
002326,20240126,20260314,20250429,10.16,24.11,137.3,206,26.08,-7.55,10.63,8.86,16.93,35.04,16.87,107,95,1.13,354.48,252.52,607.0,5.38
002414,20240126,20260314,20250429,7.91,14.12,78.51,211,16.14,-12.52,8.98,7.71,12.39,12.26,10.28,106,96,1.1,227.27,162.18,389.44,-4.53
300658,20240126,20260314,20250429,5.73,26.58,363.79,201,17.78,49.49,5.06,6.28,8.38,9.6,7.33,103,96,1.07,390.29,217.84,608.12,-3.94
300548,20240126,20260314,20250429,44.42,158.85,257.61,211,139.1,14.2,12.83,13.8,9.64,35.32,16.66,105,105,1.0,481.38,327.32,808.7,12.06
600531,20240126,20260314,20250428,6.8,15.4,126.3,212,12.59,22.32,0.59,0.73,-1.03,12.49,2.53,111,96,1.16,343.8,247.04,590.84,-6.04
600382,20240126,20260314,20250428,4.25,8.68,104.24,212,7.11,22.08,8.47,7.76,12.71,25.41,12.92,113,90,1.26,229.86,151.17,381.03,-4.51
002868,20240126,20260314,20250428,16.78,40.51,141.42,211,35.4,14.44,17.28,21.69,48.15,41.18,32.64,102,107,0.95,294.88,197.82,492.7,-0.95
002394,20240126,20260314,20250425,7.7,16.6,115.58,213,16.0,3.75,0.26,5.32,6.62,7.66,5.17,119,85,1.4,267.82,180.56,448.38,8.07
601218,20240126,20260314,20250425,3.4,6.94,104.12,213,5.08,36.61,2.06,5.88,6.18,6.76,5.38,109,93,1.17,276.38,193.78,470.17,19.24
002379,20240126,20260314,20250425,9.59,31.71,230.66,213,25.18,25.93,2.61,7.4,8.34,20.54,9.35,118,90,1.31,307.06,177.92,484.97,3.73
002539,20240126,20260314,20250424,7.78,15.87,103.98,214,11.95,32.8,5.78,7.46,8.1,7.07,7.24,115,93,1.24,229.98,151.9,381.88,2.06
603699,20240126,20260314,20250423,24.61,59.92,143.48,215,52.82,13.44,5.61,6.01,14.63,32.75,13.86,115,97,1.19,257.2,161.12,418.31,6.85
002448,20240126,20260314,20250423,7.13,16.18,126.93,215,13.26,22.02,5.19,10.66,9.54,21.32,11.36,110,100,1.1,264.85,174.66,439.52,-6.53
603926,20240126,20260314,20250423,9.69,19.94,105.78,215,17.15,16.27,2.17,11.76,34.06,28.69,19.92,107,102,1.05,258.9,177.84,436.74,-3.11
600096,20240126,20260314,20250423,20.68,43.13,108.57,215,33.81,27.57,0.05,3.34,6.53,6.29,4.23,108,104,1.04,217.95,138.32,356.27,2.64
000070,20240126,20260314,20250422,6.05,17.09,182.48,215,12.0,42.42,0.66,3.64,9.26,16.36,7.27,112,95,1.18,388.48,265.32,653.8,3.76
603823,20240126,20260314,20250422,10.06,16.88,67.79,216,15.46,9.18,-2.39,5.17,0.3,15.31,4.23,101,113,0.89,289.05,224.91,513.96,-4.04
300373,20240126,20260314,20250422,45.99,77.2,67.86,216,69.6,10.92,2.15,3.37,3.65,6.34,3.8,112,103,1.09,239.24,179.74,418.98,-1.15
002121,20240126,20260314,20250422,4.52,9.58,111.95,216,7.88,21.57,-0.22,5.53,5.75,11.5,5.64,110,99,1.11,287.51,201.6,489.1,-3.23
300300,20240126,20260314,20250422,3.03,13.18,334.98,212,15.17,-13.12,2.64,5.94,9.57,40.59,13.3,113,88,1.28,526.92,339.85,866.77,-5.65
002545,20240126,20260314,20250421,7.08,27.39,286.86,217,19.77,38.54,6.21,6.36,6.07,11.58,7.29,120,96,1.25,323.38,176.76,500.15,-0.29
601208,20240126,20260314,20250421,8.61,33.19,285.48,217,27.48,20.78,1.86,5.69,9.64,10.1,6.99,107,105,1.02,415.69,261.61,677.3,11.56
000139,20240126,20260314,20250421,369.89,437.37,18.24,217,434.96,0.55,0.59,1.1,2.6,3.13,1.85,128,88,1.45,61.17,43.96,105.13,-1.12
300435,20240126,20260314,20250421,13.38,28.19,110.69,217,23.69,19.0,-0.3,1.87,3.51,12.86,4.13,97,117,0.83,283.86,197.32,481.18,-4.08
603799,20240126,20260314,20250421,33.33,66.83,100.53,217,68.0,-1.72,0.84,1.47,5.22,0.81,2.34,106,108,0.98,280.51,200.95,481.46,-0.54
002080,20240126,20260314,20250421,13.32,45.98,245.32,217,37.98,21.06,6.16,6.16,25.16,28.88,16.4,111,102,1.09,391.98,251.79,643.77,3.09
002250,20240126,20260314,20250421,6.4,16.49,157.66,217,13.42,22.88,1.56,2.03,0.16,86.72,18.31,116,97,1.2,330.44,221.51,551.95,-1.26
002565,20240126,20260314,20250421,3.32,13.19,297.17,217,17.71,-25.52,6.93,11.44,17.16,46.67,19.3,117,97,1.21,447.47,287.99,735.46,-9.41
603040,20240126,20260314,20250421,24.74,86.32,248.91,217,92.83,-7.01,9.98,60.99,65.48,64.27,52.79,112,102,1.1,375.06,235.19,610.25,-5.64
600105,20240126,20260314,20250421,5.5,27.61,402.46,217,26.6,3.8,13.65,30.21,33.3,47.32,31.25,115,99,1.16,453.27,271.11,724.39,3.84
399413,20240126,20260314,20250417,155.51,188.72,21.36,219,185.21,1.9,1.03,0.82,2.57,2.75,1.77,128,89,1.44,65.88,46.02,111.9,-0.8
000832,20240126,20260314,20250417,418.48,508.67,21.55,219,499.01,1.94,1.03,0.82,2.61,2.89,1.81,129,89,1.45,66.21,46.19,112.4,-0.8
600499,20240126,20260314,20250417,8.01,17.68,120.83,209,14.22,24.33,2.12,10.87,26.48,26.9,17.01,111,87,1.28,231.36,145.36,376.72,2.67
000935,20240126,20260314,20250415,16.69,27.67,65.79,221,25.44,8.77,-4.19,-4.55,-3.77,2.16,-2.9,106,112,0.95,219.16,161.87,381.04,-1.74
002658,20240126,20260314,20250414,6.6,10.29,55.81,222,9.12,12.83,-1.36,2.88,4.03,8.27,3.46,109,108,1.01,221.05,168.67,389.72,-4.1
300132,20240126,20260314,20250414,5.27,8.95,69.83,222,8.58,4.31,3.42,5.31,1.14,26.38,7.9,120,95,1.26,244.58,182.63,427.21,-4.07
603665,20240126,20260314,20250414,16.65,32.09,92.73,222,32.0,0.28,-1.8,9.01,18.74,41.92,16.35,110,110,1.0,293.27,216.93,510.2,-1.81
300139,20240126,20260314,20250410,17.59,64.18,264.87,224,31.82,101.7,8.58,9.89,1.36,14.95,8.08,109,114,0.96,510.85,345.12,855.97,-13.27
600595,20240126,20260314,20250410,3.36,8.57,155.06,224,8.23,4.13,2.68,12.5,16.67,11.01,11.49,117,100,1.17,327.22,221.63,548.85,-0.46
601899,20240126,20260314,20250410,16.25,35.77,120.12,224,35.4,1.05,6.09,6.4,5.91,11.14,7.14,127,94,1.35,252.43,166.15,418.58,-1.73
600490,20240126,20260314,20250409,3.43,8.67,152.77,225,7.94,9.19,17.49,48.98,34.4,27.41,33.99,113,104,1.09,329.07,223.76,552.83,-5.66
600961,20240126,20260314,20250409,9.0,20.2,124.44,225,16.48,22.57,8.22,23.22,13.11,14.0,15.34,123,97,1.27,315.68,222.69,538.38,-8.72
600489,20240126,20260314,20250409,12.8,30.77,140.35,225,24.22,27.04,10.78,16.25,4.69,5.55,9.55,112,111,1.01,299.09,200.21,499.3,-2.01
603308,20240126,20260314,20250409,16.39,61.82,277.18,225,43.27,42.87,8.24,17.21,23.31,25.08,18.82,120,104,1.15,367.81,221.81,589.62,-9.45
002627,20240126,20260314,20250409,5.26,9.29,76.45,225,7.11,30.66,1.52,10.83,-1.14,-0.95,3.02,113,102,1.11,242.22,177.28,419.51,13.43
399307,20240126,20260314,20250409,300.43,377.35,25.6,225,363.06,3.94,0.43,0.55,2.13,2.09,1.31,126,98,1.29,76.41,53.0,129.41,-0.34
603090,20240126,20260314,20250409,19.05,67.46,254.12,225,56.56,19.27,17.27,33.28,26.88,22.1,25.92,113,109,1.04,416.96,272.04,689.0,-3.41
600251,20240126,20260314,20250408,7.27,11.84,62.86,226,9.33,26.9,-0.14,-0.69,1.79,0.0,0.3,120,96,1.25,168.49,116.11,284.6,3.23
600160,20240126,20260314,20250408,23.4,38.72,65.47,226,37.73,2.62,3.16,0.68,14.32,10.43,7.22,122,102,1.2,206.83,151.14,357.97,-5.49
000672,20240126,20260314,20250408,7.46,13.94,86.86,226,13.06,6.74,-0.94,-0.94,7.64,8.71,3.56,120,101,1.19,230.84,161.15,391.98,-0.43
002683,20240126,20260314,20250408,26.81,44.98,67.8,226,45.85,-1.9,6.9,16.45,17.05,15.0,14.43,115,109,1.06,283.33,221.99,505.32,-5.64
002346,20240126,20260314,20250408,10.47,20.6,96.72,226,19.94,3.31,13.08,15.28,34.0,25.88,22.58,123,100,1.23,241.68,166.46,408.14,-3.51
600547,20240126,20260314,20250314,25.01,46.51,85.99,242,40.19,15.73,7.32,2.56,17.28,21.31,11.68,125,115,1.09,295.23,222.55,517.78,-0.89
600063,20240126,20260314,20250307,4.0,7.74,93.5,247,5.95,30.08,3.5,16.5,11.75,5.75,10.32,133,105,1.27,257.17,183.09,440.27,9.48
601069,20240126,20260314,20250127,12.08,35.3,192.22,270,28.29,24.78,7.2,6.71,4.22,11.26,6.97,133,134,0.99,455.72,326.84,782.56,-7.76
603067,20240126,20260314,20250121,8.87,37.52,323.19,274,31.69,18.4,1.78,12.44,21.97,46.62,20.0,135,133,1.02,497.16,331.09,828.25,-14.92
002258,20240126,20260314,20250113,7.57,16.63,119.68,280,13.05,27.43,3.04,5.94,8.06,5.28,5.86,134,139,0.96,282.37,195.51,477.88,4.13
603011,20240126,20260314,20250107,6.88,26.93,291.42,284,24.78,8.68,-1.74,2.62,5.67,17.15,5.57,150,130,1.15,558.38,394.45,952.83,4.83
000506,20240126,20260314,20241023,2.04,18.14,789.22,336,13.22,37.22,21.57,54.9,69.12,67.65,55.05,179,151,1.19,652.01,407.76,1059.77,-10.51
002586,20240126,20260314,20241022,1.62,5.06,212.35,337,4.4,15.0,6.17,4.94,22.84,29.01,15.37,162,148,1.09,373.22,249.08,622.3,1.4
002290,20240126,20260314,20241018,13.16,63.3,381.0,340,49.39,28.16,9.35,15.5,46.88,22.49,25.08,183,156,1.17,546.26,365.26,911.52,3.6
600711,20240126,20260314,20241014,4.13,13.78,233.58,343,15.14,-8.98,3.63,20.82,21.79,11.14,15.74,178,150,1.19,452.18,315.56,767.73,-3.5
603608,20240126,20260314,20241014,2.89,11.46,296.54,338,10.47,9.46,7.61,17.99,18.69,23.53,17.23,172,155,1.11,453.39,300.11,753.5,-4.5
300114,20240126,20260208,20240926,43.3,72.18,66.7,90,0.0,0.0,40.32,66.28,78.85,86.63,68.93,45,43,1.05,202.52,138.28,340.8,1.81
000408,20240126,20260314,20240926,24.85,79.74,220.87,346,89.99,-11.39,0.0,5.51,12.11,18.63,9.01,190,154,1.23,365.21,238.07,603.28,-1.76
600234,20240126,20260314,20240925,3.07,14.92,385.99,351,12.89,15.75,3.58,4.56,38.76,43.32,22.38,184,151,1.22,513.34,336.32,849.66,9.79
002170,20240126,20260314,20240919,5.38,14.56,170.63,356,12.31,18.28,0.74,13.57,17.84,39.22,17.42,190,160,1.19,418.17,304.56,722.73,1.75
399298,20240126,20260314,20240729,204.75,215.38,5.19,392,214.08,0.61,0.07,0.16,0.29,0.36,0.22,327,39,8.38,5.7,0.64,6.34,0.04
000101,20240126,20260314,20240729,240.57,252.88,5.12,392,251.66,0.48,0.05,0.17,0.36,0.52,0.27,370,7,52.86,5.04,0.05,5.1,0.02
000013,20240126,20260314,20240729,288.97,304.51,5.38,392,302.88,0.54,0.04,0.16,0.31,0.44,0.24,366,12,30.5,5.32,0.08,5.41,0.03
200771,20240126,20260314,20240729,6.46,13.3,105.75,297,0.0,0.0,5.26,4.8,1.55,2.94,3.54,156,126,1.24,222.63,144.43,367.07,9.74
000923,20240126,20260314,20240729,243.24,255.41,5.0,392,254.11,0.51,0.03,0.16,0.32,0.42,0.23,344,20,17.2,5.06,0.17,5.23,0.03
399301,20240126,20260314,20240729,208.44,219.26,5.19,392,217.94,0.61,0.07,0.16,0.3,0.36,0.22,320,41,7.8,5.7,0.64,6.34,0.04
