ts_code,start_date,end_date,breakthrough_date,start_price,current_price,growth_rate,ret_from_break_pct,days,year_start_price,year_to_date_growth,growth_5d,growth_10d,growth_20d,growth_30d,score,up_days,down_days,up_down_ratio,up_rate_sum,down_rate_sum,rate_sum,nh_break_events,nh_lookback_n,recent_5d_growth
300747,20241220,20260421,20260403,29.85,36.6,22.61,22.61,11,30.2,21.19,6.26,16.75,0.0,0.0,6.28,7,3,2.33,27.72,6.57,34.29,1,60,8.93
301055,20241220,20260421,20260403,20.79,31.25,50.31,50.31,11,20.08,55.63,24.48,68.06,0.0,0.0,25.31,8,2,4.0,55.79,11.68,67.48,5,60,4.38
301172,20241220,20260421,20260403,26.84,30.66,14.23,14.23,11,23.52,30.36,7.94,12.78,0.0,0.0,5.42,7,3,2.33,19.09,5.34,24.43,0,60,1.69
688010,20241220,20260421,20260403,30.9,35.81,15.89,15.89,11,33.3,7.54,11.62,12.65,0.0,0.0,6.12,7,3,2.33,20.23,4.85,25.08,1,60,4.92
300504,20241220,20260421,20260403,14.91,16.07,7.78,7.78,11,14.95,7.49,8.05,7.91,0.0,0.0,3.98,5,5,1.0,11.29,3.63,14.92,0,60,1.07
603757,20241220,20260421,20260403,43.19,58.6,35.68,35.68,11,45.65,28.37,27.6,29.34,0.0,0.0,14.32,8,2,4.0,35.26,3.51,38.77,4,60,4.51
001211,20241220,20260421,20260403,28.01,32.06,14.46,14.46,11,26.81,19.58,9.53,13.53,0.0,0.0,5.96,6,4,1.5,18.64,4.53,23.18,3,60,3.09
002650,20240126,20260421,20260403,6.89,7.29,5.81,5.81,11,6.45,13.02,17.42,5.37,0.0,0.0,5.1,6,4,1.5,18.2,11.94,30.15,6,60,-6.42
688146,20241220,20260421,20260403,51.22,67.57,31.92,31.92,11,42.18,60.19,18.02,25.56,0.0,0.0,11.27,9,1,9.0,29.97,1.59,31.56,8,60,10.57
688003,20241220,20260421,20260403,61.41,71.94,17.15,17.15,11,62.25,15.57,11.56,20.29,0.0,0.0,8.4,6,4,1.5,21.85,5.46,27.32,0,60,2.99
605589,20241220,20260421,20260403,32.43,36.78,13.41,13.41,11,28.77,27.84,12.58,19.09,0.0,0.0,8.24,7,3,2.33,20.72,7.34,28.06,4,60,-1.0
688400,20241220,20260421,20260403,43.23,47.92,10.85,10.85,11,43.51,10.14,10.34,13.21,0.0,0.0,6.03,6,4,1.5,17.59,6.86,24.45,2,60,-1.2
300632,20240126,20260421,20260402,14.93,16.52,10.65,10.65,12,15.15,9.04,12.12,16.61,0.0,0.0,7.41,6,5,1.2,37.67,24.97,62.64,4,60,-7.24
688267,20241220,20260421,20260402,28.56,31.56,10.5,10.5,12,28.97,8.94,6.93,8.93,0.0,0.0,4.06,7,4,1.75,11.98,1.81,13.79,0,60,0.7
688356,20241220,20260421,20260401,98.9,109.37,10.59,10.59,13,91.88,19.04,1.4,5.01,0.0,0.0,1.78,7,5,1.4,20.57,9.99,30.57,0,60,6.73
002458,20240126,20260421,20260401,9.1,10.44,14.73,14.73,13,8.59,21.54,4.62,10.88,0.0,0.0,4.19,9,3,3.0,16.3,2.35,18.65,2,60,4.09
688180,20241220,20260421,20260401,38.4,43.18,12.45,12.45,13,36.42,18.56,2.16,13.28,0.0,0.0,4.42,7,5,1.4,20.33,7.91,28.25,4,60,4.55
300456,20240126,20260421,20260401,46.03,55.43,20.42,20.42,13,53.09,4.41,13.45,13.88,0.0,0.0,6.85,9,3,3.0,24.13,5.01,29.15,0,60,3.8
603458,20241220,20260421,20260401,10.16,12.4,22.05,22.05,13,11.02,12.52,5.12,12.2,0.0,0.0,4.68,10,2,5.0,24.66,4.24,28.9,0,60,12.32
603986,20240126,20260421,20260401,255.0,290.54,13.94,13.94,13,235.68,23.28,0.38,7.45,0.0,0.0,2.31,8,4,2.0,22.22,8.54,30.76,0,60,3.76
300559,20240126,20260421,20260401,13.6,15.23,11.99,11.99,13,12.96,17.52,4.63,7.94,0.0,0.0,3.31,8,4,2.0,23.46,11.51,34.97,2,60,10.36
003023,20241220,20260421,20260401,24.4,31.74,30.08,30.08,13,22.61,40.38,1.6,7.95,0.0,0.0,2.7,10,2,5.0,28.84,1.72,30.57,5,60,20.96
301568,20241220,20260421,20260401,50.48,56.0,10.94,10.94,13,49.6,12.9,6.68,9.35,0.0,0.0,4.14,6,6,1.0,17.65,6.77,24.42,0,60,0.9
002100,20240126,20260421,20260401,7.33,7.91,7.91,7.91,13,7.4,6.89,6.55,13.92,0.0,0.0,5.49,5,7,0.71,18.96,10.8,29.76,2,60,-2.47
688001,20241220,20260421,20260401,31.71,43.85,38.28,38.28,13,30.77,42.51,22.86,31.25,0.0,0.0,13.95,8,4,2.0,44.15,10.21,54.36,4,60,3.4
688079,20241220,20260421,20260401,12.5,16.25,30.0,30.0,13,11.5,41.3,14.24,22.32,0.0,0.0,9.54,7,4,1.75,33.26,5.79,39.05,4,60,6.77
600292,20240126,20260421,20260401,14.27,15.56,9.04,9.04,13,13.04,19.33,0.35,7.92,0.0,0.0,2.45,9,3,3.0,17.77,8.69,26.46,0,60,2.03
301326,20241220,20260421,20260401,130.69,161.35,23.46,23.46,13,110.58,45.91,11.88,21.81,0.0,0.0,8.92,9,3,3.0,27.0,5.21,32.21,3,60,1.93
688112,20241220,20260421,20260401,39.15,52.27,33.51,33.51,13,38.33,36.37,23.83,26.44,0.0,0.0,12.7,8,4,2.0,39.97,8.87,48.83,5,60,6.98
300592,20240126,20260421,20260401,12.36,13.73,11.08,11.08,13,11.01,24.7,6.72,4.29,0.0,0.0,2.63,6,6,1.0,19.41,8.46,27.86,0,60,5.86
688362,20241220,20260421,20260401,39.74,47.48,19.48,19.48,13,34.18,38.91,7.98,19.6,0.0,0.0,7.48,6,6,1.0,27.66,9.03,36.69,0,60,-0.38
688234,20241220,20260421,20260401,86.8,97.82,12.7,12.7,13,88.19,10.92,5.55,4.23,0.0,0.0,2.38,7,5,1.4,22.28,9.67,31.95,0,60,5.82
603010,20240126,20260421,20260401,11.68,12.91,10.53,10.53,13,10.6,21.79,1.11,6.76,0.0,0.0,2.25,7,5,1.4,13.55,3.3,16.85,3,60,2.38
300199,20240126,20260421,20260401,20.15,21.69,7.64,7.64,13,18.94,14.52,3.08,3.92,0.0,0.0,1.79,9,3,3.0,15.28,7.5,22.77,1,60,2.26
002107,20240126,20260421,20260401,6.75,7.7,14.07,14.07,13,6.59,16.84,2.96,17.78,0.0,0.0,5.93,7,5,1.4,30.13,15.6,45.74,2,60,-1.66
605100,20241220,20260421,20260401,41.39,48.98,18.34,18.34,13,44.76,9.43,5.82,8.29,0.0,0.0,3.65,9,3,3.0,24.11,6.73,30.85,0,60,6.94
301188,20241220,20260421,20260401,20.45,25.93,26.8,26.8,13,17.86,45.18,15.75,15.01,0.0,0.0,7.65,6,6,1.0,43.43,17.21,60.64,5,60,9.13
002579,20240126,20260421,20260401,12.29,13.25,7.81,7.81,13,12.24,8.25,6.18,3.42,0.0,0.0,2.26,8,4,2.0,14.26,6.51,20.77,0,60,1.69
688488,20241220,20260421,20260401,17.82,18.75,5.22,5.22,13,16.56,13.22,2.64,15.1,0.0,0.0,5.06,6,5,1.2,15.46,9.92,25.38,0,60,-3.5
688800,20241220,20260421,20260401,83.9,96.71,15.27,15.27,13,83.3,16.1,6.39,14.48,0.0,0.0,5.62,8,4,2.0,20.65,5.69,26.33,0,60,1.06
000301,20240126,20260421,20260401,10.89,12.37,13.59,13.59,13,10.7,15.61,5.14,5.23,0.0,0.0,2.6,9,3,3.0,18.94,5.83,24.77,0,60,8.51
603286,20240126,20260421,20260331,57.69,64.31,11.48,11.48,14,67.93,-5.33,3.09,6.81,0.0,0.0,2.66,8,5,1.6,19.61,8.32,27.94,0,60,4.37
605055,20241220,20260421,20260331,9.56,10.98,14.85,14.85,14,9.71,13.08,4.29,8.58,0.0,0.0,3.43,7,6,1.17,26.28,11.71,37.99,6,60,5.78
688758,20241220,20260421,20260331,19.65,21.47,9.26,9.26,14,18.35,17.0,-2.04,2.14,0.0,0.0,0.23,8,4,2.0,20.11,10.62,30.73,2,60,6.98
002454,20240126,20260421,20260331,9.24,10.6,14.72,14.72,14,8.68,22.12,0.43,13.42,0.0,0.0,4.11,9,4,2.25,19.19,5.11,24.3,5,60,1.15
600184,20240126,20260421,20260331,18.41,24.44,32.75,32.75,14,19.35,26.3,0.54,13.85,0.0,0.0,4.26,9,4,2.25,38.83,9.21,48.04,5,60,16.6
001313,20241220,20260421,20260331,7.77,8.41,8.24,8.24,14,7.41,13.5,-0.9,4.76,0.0,0.0,1.25,9,4,2.25,14.51,6.36,20.87,2,60,3.32
600713,20240126,20260421,20260331,5.28,5.78,9.47,9.47,14,5.52,4.71,7.2,13.07,0.0,0.0,5.36,8,5,1.6,28.39,18.16,46.56,3,60,-3.18
688383,20241220,20260421,20260330,73.58,97.8,32.92,32.92,15,80.71,21.17,18.9,30.42,0.0,0.0,12.91,10,4,2.5,33.83,4.53,38.36,6,60,2.75
600724,20240126,20260421,20260330,6.39,7.15,11.89,11.89,15,5.62,27.22,0.47,6.57,0.0,0.0,2.06,7,7,1.0,24.12,12.0,36.12,1,60,5.61
600502,20240126,20260421,20260330,5.12,5.89,15.04,15.04,15,4.69,25.59,2.73,10.16,0.0,0.0,3.59,9,5,1.8,24.75,9.86,34.61,3,60,1.2
301333,20241220,20260421,20260330,63.65,68.62,7.81,7.81,15,61.78,11.07,3.53,4.05,0.0,0.0,1.92,8,5,1.6,21.75,13.49,35.24,0,60,0.22
002850,20240126,20260421,20260330,177.32,199.61,12.57,12.57,15,159.74,24.96,2.07,4.27,0.0,0.0,1.69,9,5,1.8,22.3,9.71,32.01,4,60,5.62
688677,20241220,20260421,20260330,47.83,86.73,81.33,81.33,15,43.98,97.2,46.06,49.49,0.0,0.0,24.06,8,6,1.33,75.68,12.07,87.75,8,60,22.17
300762,20241220,20260421,20260330,35.55,41.81,17.61,17.61,15,43.1,-2.99,-1.83,1.69,0.0,0.0,0.14,10,4,2.5,24.79,7.88,32.67,0,60,8.85
000628,20240126,20260421,20260330,51.9,60.0,15.61,15.61,15,45.59,31.61,-5.13,7.75,0.0,0.0,1.3,9,5,1.8,24.67,9.55,34.22,2,60,5.58
300839,20241220,20260421,20260330,13.5,15.09,11.78,11.78,15,12.08,24.92,9.04,10.37,0.0,0.0,4.92,8,6,1.33,33.46,19.54,53.0,0,60,-0.07
300780,20241220,20260421,20260330,21.89,24.92,13.84,13.84,15,18.95,31.5,-3.84,6.49,0.0,0.0,1.18,9,5,1.8,25.7,11.7,37.39,0,60,3.4
002051,20240126,20260421,20260330,8.76,11.97,36.64,36.64,15,8.68,37.9,8.79,12.33,0.0,0.0,5.46,8,6,1.33,56.66,22.29,78.96,6,60,10.63
603585,20240126,20260421,20260327,20.74,23.59,13.74,13.74,16,19.38,21.72,7.43,8.87,0.0,0.0,4.15,8,7,1.14,43.33,27.96,71.29,3,60,-10.64
300834,20241220,20260421,20260327,24.58,44.69,81.81,81.81,16,24.5,82.41,76.93,56.43,0.0,0.0,32.32,9,6,1.5,86.96,20.34,107.3,4,60,6.97
000935,20240126,20260421,20260327,24.91,28.11,12.85,12.85,16,25.44,10.5,3.57,6.26,0.0,0.0,2.59,11,4,2.75,19.52,7.14,26.66,0,60,3.8
002876,20240126,20260421,20260327,25.16,29.44,17.01,17.01,16,23.84,23.49,4.57,10.57,0.0,0.0,4.08,8,7,1.14,28.17,11.54,39.71,2,60,-0.88
603271,20241220,20260421,20260327,44.29,51.01,15.17,15.17,16,41.19,23.84,7.59,8.2,0.0,0.0,3.98,8,7,1.14,23.54,8.74,32.28,0,60,6.96
603399,20240126,20260421,20260327,11.72,12.7,8.36,8.36,16,10.73,18.36,-2.56,0.68,0.0,0.0,-0.31,8,7,1.14,25.98,16.96,42.94,3,60,-0.47
600488,20240126,20260421,20260327,4.33,6.41,48.04,48.04,16,4.14,54.83,46.42,48.27,0.0,0.0,23.76,9,6,1.5,80.98,36.81,117.79,7,60,3.05
600007,20240126,20260421,20260327,20.14,21.4,6.26,6.26,16,19.78,8.19,5.46,6.16,0.0,0.0,2.94,10,5,2.0,9.5,3.36,12.86,6,60,0.71
603239,20240126,20260421,20260327,21.33,24.0,12.52,12.52,16,20.82,15.27,12.94,20.35,0.0,0.0,8.69,7,8,0.88,23.75,11.02,34.77,1,60,-1.32
002788,20240126,20260421,20260327,13.71,15.13,10.36,10.36,16,20.65,-26.73,24.29,11.38,0.0,0.0,8.27,8,7,1.14,46.51,33.72,80.23,0,60,4.34
002328,20240126,20260421,20260327,7.15,12.51,74.97,74.97,16,6.63,88.69,3.5,41.4,0.0,0.0,13.12,12,3,4.0,67.87,9.39,77.26,10,60,5.66
300871,20241220,20260421,20260327,23.83,27.92,17.16,17.16,16,21.25,31.39,11.12,3.4,0.0,0.0,3.24,9,6,1.5,29.38,12.56,41.94,0,60,10.31
002738,20240126,20260421,20260327,73.02,83.26,14.02,14.02,16,84.13,-1.03,0.94,6.49,0.0,0.0,2.14,9,6,1.5,23.18,9.41,32.59,0,60,-0.04
600769,20240126,20260421,20260327,13.6,14.98,10.15,10.15,16,12.72,17.77,2.72,7.72,0.0,0.0,2.86,8,7,1.14,21.5,11.17,32.67,1,60,3.67
300858,20241220,20260421,20260327,18.19,23.24,27.76,27.76,16,17.24,34.8,2.86,2.25,0.0,0.0,1.25,10,5,2.0,46.12,19.28,65.4,4,60,9.11
002821,20240126,20260421,20260327,99.9,113.72,13.83,13.83,16,95.88,18.61,26.78,21.39,0.0,0.0,11.77,7,8,0.88,27.2,13.03,40.23,3,60,-6.27
002272,20240126,20260421,20260327,17.66,20.64,16.87,16.87,16,16.8,22.86,-3.0,8.27,0.0,0.0,1.88,10,5,2.0,30.54,14.09,44.64,0,60,4.88
603020,20240126,20260421,20260327,10.82,11.47,6.01,6.01,16,10.16,12.89,6.1,4.44,0.0,0.0,2.55,10,5,2.0,14.93,8.79,23.72,0,60,2.59
001230,20241220,20260421,20260327,23.55,28.41,20.64,20.64,16,22.14,28.32,7.77,7.26,0.0,0.0,3.73,10,5,2.0,27.04,7.46,34.5,2,60,12.07
300006,20240126,20260421,20260327,5.07,6.49,28.01,28.01,16,5.27,23.15,7.1,14.0,0.0,0.0,5.62,11,4,2.75,40.82,13.63,54.44,3,60,5.02
603966,20240126,20260421,20260327,12.08,14.12,16.89,16.89,16,11.79,19.76,2.98,12.83,0.0,0.0,4.44,9,4,2.25,21.77,5.55,27.32,0,60,0.86
603132,20241220,20260421,20260327,16.73,19.48,16.44,16.44,16,14.66,32.88,2.09,10.58,0.0,0.0,3.59,11,4,2.75,22.17,6.57,28.74,0,60,5.87
603303,20240126,20260421,20260327,13.85,16.04,15.81,15.81,16,13.04,23.01,6.14,9.53,0.0,0.0,4.09,9,5,1.8,22.41,7.22,29.62,2,60,3.55
002849,20240126,20260421,20260327,16.46,17.97,9.17,9.17,16,16.42,9.44,0.85,9.66,0.0,0.0,3.07,9,6,1.5,18.08,8.98,27.06,0,60,0.45
688368,20241220,20260421,20260327,123.58,139.6,12.96,12.96,16,123.8,12.76,1.6,13.93,0.0,0.0,4.5,11,4,2.75,30.14,16.91,47.04,0,60,-3.94
002416,20240126,20260421,20260327,12.9,13.62,5.58,5.58,16,12.59,8.18,-1.55,3.33,0.0,0.0,0.69,9,6,1.5,13.04,7.42,20.45,0,60,2.95
300057,20240126,20260421,20260327,6.61,7.39,11.8,11.8,16,5.82,26.98,-1.82,7.11,0.0,0.0,1.77,10,5,2.0,25.82,13.88,39.7,2,60,2.35
688720,20241220,20260421,20260327,64.3,77.1,19.91,19.91,16,71.81,7.37,2.46,16.33,0.0,0.0,5.39,8,7,1.14,30.79,11.22,42.0,0,60,-0.52
300352,20240126,20260421,20260327,6.33,7.63,20.54,20.54,16,6.37,19.78,4.58,12.48,0.0,0.0,4.66,9,4,2.25,30.07,10.26,40.34,0,60,6.12
688337,20241220,20260421,20260327,40.66,62.4,53.47,53.47,16,38.15,63.56,8.04,29.66,0.0,0.0,10.51,10,4,2.5,48.06,3.18,51.23,7,60,13.17
300326,20240126,20260421,20260327,5.95,6.67,12.1,12.1,16,5.75,16.0,8.24,14.96,0.0,0.0,6.14,11,4,2.75,17.81,6.13,23.94,6,60,-1.77
600867,20240126,20260421,20260327,8.9,10.08,13.26,13.26,16,8.38,20.29,9.55,11.91,0.0,0.0,5.48,8,7,1.14,22.14,9.09,31.23,6,60,1.82
300082,20240126,20260421,20260327,10.83,11.38,5.08,5.08,16,10.83,5.08,0.0,-1.02,0.0,0.0,-0.31,8,6,1.33,19.76,14.14,33.9,3,60,-2.4
688157,20241220,20260421,20260326,36.97,39.5,6.84,6.84,17,37.7,4.77,4.0,14.31,0.0,0.0,5.09,6,9,0.67,19.03,11.85,30.88,0,60,-2.92
603819,20240126,20260421,20260326,12.57,14.62,16.31,16.31,17,11.82,23.69,11.22,6.92,0.0,0.0,4.32,10,6,1.67,24.62,8.9,33.52,4,60,4.95
601886,20240126,20260421,20260326,8.35,9.74,16.65,16.65,17,8.15,19.51,7.66,9.94,0.0,0.0,4.51,11,4,2.75,20.93,5.21,26.13,0,60,3.73
001367,20241220,20260421,20260326,24.12,25.41,5.35,5.35,17,22.33,13.79,7.5,4.44,0.0,0.0,2.83,8,8,1.0,21.11,15.32,36.43,4,60,-3.82
002468,20240126,20260421,20260326,14.91,16.99,13.95,13.95,17,13.53,25.57,1.61,4.09,0.0,0.0,1.55,8,8,1.0,28.63,14.34,42.97,6,60,14.03
002299,20240126,20260421,20260326,17.3,18.68,7.98,7.98,17,16.63,12.33,4.34,5.72,0.0,0.0,2.58,10,6,1.67,14.15,6.27,20.42,0,60,-1.16
688163,20241220,20260421,20260326,24.11,38.25,58.65,58.65,17,22.45,70.38,16.42,24.1,0.0,0.0,10.51,14,2,7.0,49.87,2.52,52.39,9,60,23.55
688799,20241220,20260421,20260326,49.06,55.5,13.13,13.13,17,48.55,14.32,27.6,28.74,0.0,0.0,14.14,9,7,1.29,30.14,16.17,46.31,4,60,-4.19
300254,20240126,20260421,20260326,11.0,12.44,13.09,13.09,17,10.33,20.43,7.55,2.73,0.0,0.0,2.33,10,6,1.67,30.25,17.05,47.3,0,60,5.87
002771,20240126,20260421,20260325,16.93,18.35,8.39,8.39,18,15.39,19.23,1.18,-0.53,0.0,0.0,0.08,8,9,0.89,25.14,16.24,41.38,6,60,7.88
688155,20241220,20260421,20260325,75.0,90.1,20.13,20.13,18,66.11,36.29,-3.32,3.6,0.0,0.0,0.42,11,6,1.83,30.85,11.69,42.53,0,60,10.61
002203,20240126,20260421,20260325,13.1,17.91,36.72,36.72,18,12.81,39.81,6.11,15.27,0.0,0.0,5.8,12,5,2.4,43.34,10.74,54.08,2,60,14.96
300807,20241220,20260421,20260325,50.75,56.02,10.38,10.38,17,59.07,-5.16,-0.06,3.45,0.0,0.0,1.02,11,5,2.2,16.31,6.18,22.49,0,60,7.01
603289,20241220,20260421,20260325,10.64,11.95,12.31,12.31,18,10.14,17.85,5.26,11.84,0.0,0.0,4.6,11,6,1.83,23.22,11.09,34.31,3,60,-1.81
600872,20240126,20260421,20260325,18.29,21.47,17.39,17.39,18,17.82,20.48,4.21,5.96,0.0,0.0,2.63,10,7,1.43,23.22,6.54,29.76,8,60,10.73
003043,20241220,20260421,20260325,51.21,56.55,10.43,10.43,18,47.0,20.32,8.77,8.42,0.0,0.0,4.28,11,6,1.83,24.96,14.34,39.29,3,60,-0.75
002624,20240126,20260421,20260325,18.11,20.15,11.26,11.26,18,16.91,19.16,-2.98,11.65,0.0,0.0,2.9,6,11,0.55,24.83,13.2,38.03,0,60,3.87
002692,20240126,20260421,20260325,5.44,7.26,33.46,33.46,18,5.1,42.35,11.58,13.05,0.0,0.0,6.23,9,8,1.12,47.74,16.79,64.53,3,60,4.61
300843,20241220,20260421,20260325,52.49,68.64,30.77,30.77,18,50.95,34.72,1.45,15.89,0.0,0.0,5.06,10,7,1.43,39.58,11.11,50.69,1,60,3.23
688388,20241220,20260421,20260325,40.16,49.77,23.93,23.93,18,42.8,16.29,3.29,14.17,0.0,0.0,4.91,11,6,1.83,32.65,10.4,43.05,1,60,3.58
300953,20241220,20260421,20260325,173.0,205.48,18.77,18.77,18,170.18,20.74,0.88,1.92,0.0,0.0,0.75,9,8,1.12,33.21,14.82,48.03,4,60,12.62
600191,20240126,20260421,20260325,11.98,12.74,6.34,6.34,18,12.91,-1.32,1.09,0.67,0.0,0.0,0.42,10,7,1.43,19.81,13.21,33.02,0,60,8.33
002466,20240126,20260421,20260325,53.46,66.82,24.99,24.99,18,57.0,17.23,3.78,9.0,0.0,0.0,3.46,11,6,1.83,34.14,10.97,45.1,2,60,3.55
688313,20241220,20260421,20260325,85.77,125.35,46.15,46.15,18,88.83,41.11,-3.01,15.2,0.0,0.0,3.96,12,5,2.4,59.32,18.79,78.12,7,60,3.86
688141,20241220,20260421,20260325,49.85,66.32,33.04,33.04,18,45.55,45.6,2.91,23.05,0.0,0.0,7.5,11,6,1.83,43.43,13.27,56.7,5,60,4.23
603730,20241220,20260421,20260325,8.57,10.04,17.15,17.15,18,8.61,16.61,3.85,9.22,0.0,0.0,3.54,11,5,2.2,23.48,7.13,30.61,0,60,11.18
301587,20241220,20260421,20260325,24.5,27.7,13.06,13.06,18,23.4,18.38,9.96,5.1,0.0,0.0,3.52,9,7,1.29,29.41,16.04,45.45,2,60,-0.18
300398,20240126,20260421,20260325,25.36,29.82,17.59,17.59,18,23.3,27.98,0.95,9.19,0.0,0.0,2.95,11,6,1.83,27.21,10.42,37.62,0,60,4.96
600338,20240126,20260421,20260325,15.81,21.35,35.04,35.04,18,15.34,39.18,7.65,11.95,0.0,0.0,5.12,11,6,1.83,42.53,11.05,53.59,1,60,11.72
603118,20240126,20260421,20260325,12.79,14.85,16.11,16.11,18,11.72,26.71,2.89,9.15,0.0,0.0,3.32,11,6,1.83,28.46,12.65,41.1,5,60,6.68
688618,20241220,20260421,20260325,30.13,41.55,37.9,37.9,18,27.66,50.22,5.28,23.9,0.0,0.0,8.23,10,7,1.43,47.57,13.31,60.88,5,60,18.85
300440,20240126,20260421,20260325,14.35,17.02,18.61,18.61,18,12.23,39.17,10.45,13.87,0.0,0.0,6.25,10,7,1.43,26.69,9.06,35.74,0,60,3.03
600346,20240126,20260421,20260325,21.5,23.81,10.74,10.74,18,22.01,8.18,0.7,8.09,0.0,0.0,2.57,11,6,1.83,26.95,16.04,42.99,0,60,4.48
600232,20240126,20260421,20260325,7.74,8.58,10.85,10.85,18,8.49,1.06,4.65,5.94,0.0,0.0,2.71,11,6,1.83,18.6,7.95,26.55,0,60,-1.94
002522,20240126,20260421,20260325,5.65,6.28,11.15,11.15,18,5.7,10.18,0.53,7.61,0.0,0.0,2.39,10,7,1.43,21.6,10.52,32.12,0,60,0.16
000762,20240126,20260421,20260325,27.23,36.0,32.21,32.21,18,27.38,31.48,6.65,12.93,0.0,0.0,5.21,10,7,1.43,46.69,16.63,63.32,5,60,4.86
000978,20240126,20260421,20260325,7.38,7.9,7.05,7.05,18,7.03,12.38,4.34,9.08,0.0,0.0,3.59,8,9,0.89,28.65,20.43,49.07,4,60,-1.25
603076,20241220,20260421,20260325,25.77,29.16,13.15,13.15,18,23.49,24.14,9.43,13.12,0.0,0.0,5.82,8,9,0.89,23.07,9.99,33.06,3,60,2.32
600382,20240126,20260421,20260324,7.69,9.76,26.92,26.92,19,7.11,37.27,16.38,13.52,0.0,0.0,7.33,12,6,2.0,36.22,11.38,47.6,2,60,2.95
301387,20241220,20260421,20260324,49.91,66.95,34.14,34.14,19,55.14,21.42,2.02,7.11,0.0,0.0,2.54,12,6,2.0,44.99,14.08,59.07,0,60,7.48
688338,20241220,20260421,20260324,28.5,30.48,6.95,6.95,19,26.61,14.54,4.81,3.05,0.0,0.0,1.88,10,7,1.43,19.39,12.31,31.7,0,60,4.46
688129,20241220,20260421,20260324,22.85,26.09,14.18,14.18,19,20.9,24.83,1.79,-0.66,0.0,0.0,0.16,10,8,1.25,26.49,12.61,39.1,1,60,13.68
600851,20240126,20260421,20260324,7.44,8.63,15.99,15.99,19,7.01,23.11,5.51,12.77,0.0,0.0,4.93,8,8,1.0,21.94,6.47,28.41,0,60,2.86
300489,20240126,20260421,20260324,45.0,76.0,68.89,68.89,19,51.0,49.02,6.44,11.09,0.0,0.0,4.62,13,5,2.6,61.27,5.89,67.16,6,60,13.16
605058,20241220,20260421,20260324,31.25,37.61,20.35,20.35,19,30.75,22.31,6.56,4.19,0.0,0.0,2.57,11,7,1.57,32.1,12.75,44.85,4,60,2.68
605298,20241220,20260421,20260324,43.52,54.2,24.54,24.54,19,39.35,37.74,3.79,10.18,0.0,0.0,3.81,10,8,1.25,31.78,8.92,40.71,2,60,13.67
002467,20240126,20260421,20260324,6.71,7.56,12.67,12.67,19,6.19,22.13,10.13,5.81,0.0,0.0,3.77,8,10,0.8,32.92,19.58,52.51,1,60,-2.2
301509,20241220,20260421,20260324,39.8,43.68,9.75,9.75,19,34.62,26.17,6.73,6.38,0.0,0.0,3.26,10,8,1.25,30.65,20.08,50.73,4,60,-7.38
301056,20241220,20260421,20260324,14.08,15.82,12.36,12.36,19,15.13,4.56,4.9,2.98,0.0,0.0,1.87,10,8,1.25,32.35,19.52,51.87,0,60,5.68
688513,20241220,20260421,20260324,60.77,66.13,8.82,8.82,19,60.7,8.95,9.18,29.6,0.0,0.0,10.72,8,10,0.8,33.2,22.97,56.17,2,60,-0.66
300227,20240126,20260421,20260324,10.76,11.76,9.29,9.29,19,9.94,18.31,1.58,1.49,0.0,0.0,0.76,6,11,0.55,26.61,16.6,43.21,0,60,-4.55
688428,20241220,20260421,20260324,24.46,30.15,23.26,23.26,19,21.49,40.3,10.75,21.34,0.0,0.0,8.55,9,9,1.0,33.85,11.85,45.7,10,60,4.4
301169,20241220,20260421,20260324,53.49,60.86,13.78,13.78,19,50.94,19.47,-1.87,-2.19,0.0,0.0,-1.03,10,8,1.25,29.11,15.39,44.5,0,60,7.07
605116,20241220,20260421,20260324,25.0,27.12,8.48,8.48,19,26.02,4.23,6.88,13.64,0.0,0.0,5.47,8,10,0.8,30.32,20.69,51.02,0,60,1.95
301021,20241220,20260421,20260324,51.09,62.83,22.98,22.98,19,48.36,29.92,3.97,6.67,0.0,0.0,2.8,11,7,1.57,27.37,6.18,33.56,0,60,6.51
002990,20241220,20260421,20260324,28.8,49.0,70.14,70.14,19,29.36,66.89,0.83,8.68,0.0,0.0,2.77,14,4,3.5,63.67,8.2,71.87,11,60,28.0
301295,20241220,20260421,20260324,34.17,42.61,24.7,24.7,19,30.1,41.56,4.36,7.37,0.0,0.0,3.08,12,6,2.0,32.25,9.49,41.75,3,60,16.39
688216,20241220,20260421,20260324,27.46,29.03,5.72,5.72,19,22.97,26.38,0.55,-2.0,0.0,0.0,-0.49,9,9,1.0,21.85,15.69,37.54,0,60,0.03
688359,20241220,20260421,20260324,76.99,96.84,25.78,25.78,19,70.77,36.84,2.25,-0.44,0.0,0.0,0.32,13,5,2.6,36.59,12.78,49.37,2,60,7.21
301446,20241220,20260421,20260324,37.2,39.3,5.65,5.65,19,32.25,21.86,1.91,-0.22,0.0,0.0,0.32,10,8,1.25,21.76,15.75,37.52,0,60,7.64
002686,20240126,20260421,20260324,6.89,8.47,22.93,22.93,15,6.55,29.31,14.51,0.0,0.0,0.0,2.9,8,6,1.33,41.26,18.71,59.97,3,60,11.74
601233,20240126,20260421,20260324,17.62,19.92,13.05,13.05,19,16.86,18.15,3.58,4.43,0.0,0.0,2.04,11,7,1.57,25.44,12.58,38.03,0,60,2.36
300931,20241220,20260421,20260324,11.95,13.17,10.21,10.21,19,11.0,19.73,6.28,5.94,0.0,0.0,3.04,10,8,1.25,21.4,11.2,32.6,0,60,3.29
301246,20241220,20260421,20260324,20.65,24.37,18.01,18.01,19,25.23,-3.41,17.87,9.1,0.0,0.0,6.3,9,9,1.0,37.09,18.9,56.0,0,60,-1.69
600078,20240126,20260421,20260324,10.9,12.46,14.31,14.31,19,9.99,24.72,8.9,4.68,0.0,0.0,3.18,11,7,1.57,33.8,19.35,53.15,0,60,-8.25
605319,20241220,20260421,20260324,23.45,27.2,15.99,15.99,19,21.23,28.12,5.33,12.54,0.0,0.0,4.83,11,7,1.57,27.1,11.72,38.82,6,60,-6.17
300311,20240126,20260421,20260324,5.04,5.37,6.55,6.55,19,4.55,18.02,3.37,0.0,0.0,0.0,0.67,12,5,2.4,16.08,9.49,25.58,0,60,2.29
301059,20241220,20260421,20260324,13.19,14.39,9.1,9.1,19,12.86,11.9,2.12,2.5,0.0,0.0,1.17,9,9,1.0,16.53,7.59,24.12,0,60,2.93
603515,20240126,20260421,20260324,19.16,20.77,8.4,8.4,19,18.64,11.43,0.37,0.89,0.0,0.0,0.34,10,8,1.25,16.09,7.83,23.91,1,60,7.56
688143,20241220,20260421,20260324,48.46,69.2,42.8,42.8,19,49.41,40.05,22.12,26.48,0.0,0.0,12.37,11,7,1.57,53.77,15.69,69.45,2,60,9.65
605222,20241220,20260421,20260324,20.27,31.24,54.12,54.12,19,18.55,68.41,10.31,9.03,0.0,0.0,4.77,12,6,2.0,59.15,13.66,72.81,6,60,33.22
001338,20241220,20260421,20260324,12.38,13.75,11.07,11.07,19,12.23,12.43,7.67,7.75,0.0,0.0,3.86,12,6,2.0,16.74,6.01,22.75,0,60,1.4
603808,20240126,20260421,20260324,9.47,10.54,11.3,11.3,19,8.47,24.44,10.45,8.55,0.0,0.0,4.65,8,9,0.89,31.39,19.27,50.67,1,60,1.35
002066,20240126,20260421,20260324,19.08,23.34,22.33,22.33,19,18.68,24.95,3.35,4.82,0.0,0.0,2.12,13,5,2.6,24.83,4.27,29.1,4,60,4.95
300497,20240126,20260421,20260324,17.0,18.84,10.82,10.82,19,15.76,19.54,14.24,10.71,0.0,0.0,6.06,10,7,1.43,32.82,21.33,54.14,2,60,-4.17
301222,20241220,20260421,20260324,31.86,38.58,21.09,21.09,19,29.08,32.67,7.53,6.18,0.0,0.0,3.36,10,8,1.25,27.66,7.92,35.58,4,60,4.98
688038,20241220,20260421,20260324,19.52,23.72,21.52,21.52,19,17.97,32.0,1.13,9.73,0.0,0.0,3.14,10,7,1.43,28.08,7.94,36.02,0,60,5.28
002229,20240126,20260421,20260324,17.57,19.38,10.3,10.3,19,15.79,22.74,4.44,1.48,0.0,0.0,1.33,8,10,0.8,35.24,24.03,59.27,4,60,-1.62
300464,20240126,20260421,20260324,7.47,8.31,11.24,11.24,19,6.36,30.66,2.28,5.35,0.0,0.0,2.06,11,7,1.57,31.59,19.87,51.46,4,60,9.63
300016,20240126,20260421,20260324,9.55,10.16,6.39,6.39,19,8.99,13.01,7.02,6.07,0.0,0.0,3.22,9,9,1.0,24.06,17.1,41.16,0,60,-2.4
003007,20241220,20260421,20260324,40.44,44.63,10.36,10.36,19,36.88,21.01,2.92,14.0,0.0,0.0,4.78,11,7,1.57,32.59,21.51,54.1,0,60,1.48
002560,20240126,20260421,20260324,9.59,15.27,59.23,59.23,19,9.9,54.24,2.29,38.16,0.0,0.0,11.91,12,6,2.0,61.24,12.32,73.56,5,60,10.57
603126,20240126,20260421,20260324,7.4,8.04,8.65,8.65,19,6.82,17.89,-0.54,0.81,0.0,0.0,0.13,8,9,0.89,19.35,10.66,30.02,0,60,-1.71
002643,20240126,20260421,20260324,15.36,16.75,9.05,9.05,19,15.21,10.12,3.39,3.19,0.0,0.0,1.64,9,6,1.5,15.54,6.67,22.21,0,60,0.24
000408,20240126,20260421,20260324,75.84,86.54,14.11,14.11,19,89.99,-3.83,6.84,6.8,0.0,0.0,3.41,9,9,1.0,24.43,10.72,35.15,0,60,3.87
300447,20240126,20260421,20260324,17.82,20.75,16.44,16.44,19,17.9,15.92,4.26,4.94,0.0,0.0,2.33,11,6,1.83,22.42,6.84,29.26,0,60,3.44
600539,20240126,20260421,20260324,11.74,16.58,41.23,41.23,19,10.26,61.6,33.13,19.34,0.0,0.0,12.43,12,6,2.0,56.77,19.6,76.37,8,60,3.95
001299,20241220,20260421,20260324,13.22,14.89,12.63,12.63,19,13.24,12.46,2.27,1.44,0.0,0.0,0.89,12,5,2.4,42.19,27.69,69.88,3,60,-19.69
688178,20241220,20260421,20260324,27.36,34.3,25.37,25.37,19,24.04,42.68,5.88,10.05,0.0,0.0,4.19,9,9,1.0,47.55,23.0,70.56,7,60,13.69
688355,20241220,20260421,20260324,20.13,24.12,19.82,19.82,19,18.4,31.09,9.09,3.43,0.0,0.0,2.85,10,8,1.25,30.07,10.97,41.04,0,60,7.77
000719,20240126,20260421,20260324,12.57,14.1,12.17,12.17,19,11.93,18.19,4.53,1.43,0.0,0.0,1.34,9,9,1.0,20.3,8.45,28.75,2,60,2.32
000430,20240126,20260421,20260324,7.2,7.91,9.86,9.86,19,7.64,3.53,3.19,1.67,0.0,0.0,1.14,11,7,1.57,16.7,7.08,23.78,2,60,1.54
000586,20240126,20260421,20260324,14.48,21.34,47.38,47.38,19,13.57,57.26,8.7,43.37,0.0,0.0,14.75,11,7,1.57,78.41,35.09,113.49,5,60,-7.98
688418,20241220,20260421,20260324,39.62,49.45,24.81,24.81,19,42.8,15.54,5.4,-1.31,0.0,0.0,0.69,9,9,1.0,35.65,12.15,47.8,0,60,3.45
002293,20240126,20260421,20260324,9.67,10.22,5.69,5.69,19,9.8,4.29,6.41,3.72,0.0,0.0,2.4,10,7,1.43,13.72,7.99,21.71,0,60,1.09
688037,20241220,20260421,20260324,159.09,181.82,14.29,14.29,19,154.0,18.06,10.77,6.53,0.0,0.0,4.11,9,9,1.0,36.33,21.66,57.99,0,60,-6.82
301560,20241220,20260421,20260324,37.52,42.32,12.79,12.79,19,34.54,22.52,3.12,9.01,0.0,0.0,3.33,10,7,1.43,28.29,15.39,43.68,0,60,-1.4
688450,20241220,20260421,20260324,30.63,44.03,43.75,43.75,19,27.95,57.53,16.39,17.11,0.0,0.0,8.41,13,5,2.6,48.25,10.59,58.84,5,60,6.15
603156,20241220,20260421,20260324,29.25,31.89,9.03,9.03,19,28.02,13.81,4.14,2.39,0.0,0.0,1.54,9,9,1.0,20.08,10.95,31.03,0,60,0.66
000807,20240126,20260421,20260324,27.81,35.14,26.36,26.36,19,33.78,4.03,13.12,18.52,0.0,0.0,8.18,11,7,1.57,39.89,15.3,55.18,0,60,-1.29
603203,20240126,20260421,20260324,35.37,46.23,30.7,30.7,19,36.77,25.73,2.26,8.2,0.0,0.0,2.91,10,8,1.25,46.28,17.77,64.05,4,60,5.14
603285,20241220,20260421,20260324,30.38,39.8,31.01,31.01,19,24.57,61.99,8.13,0.53,0.0,0.0,1.79,9,9,1.0,42.33,13.92,56.25,1,60,26.35
002966,20241220,20260421,20260324,8.22,8.76,6.57,6.57,19,8.27,5.93,1.46,0.97,0.0,0.0,0.58,12,5,2.4,11.39,4.87,16.26,4,60,5.67
301053,20241220,20260421,20260324,35.45,63.63,79.49,79.49,19,35.02,81.7,8.8,25.39,0.0,0.0,9.38,15,3,5.0,64.05,3.52,67.58,11,60,15.63
002645,20240126,20260421,20260324,16.45,22.88,39.09,39.09,19,15.09,51.62,3.59,14.16,0.0,0.0,4.97,10,8,1.25,51.38,16.58,67.96,9,60,9.74
688282,20241220,20260421,20260324,63.99,89.97,40.6,40.6,19,61.56,46.15,0.75,16.0,0.0,0.0,4.95,11,7,1.57,46.33,10.68,57.02,0,60,7.5
300501,20240126,20260421,20260324,16.45,19.56,18.91,18.91,19,15.78,23.95,7.9,10.7,0.0,0.0,4.79,11,7,1.57,25.84,7.79,33.63,4,60,2.35
002144,20240126,20260421,20260324,14.15,15.55,9.89,9.89,19,12.62,23.22,3.32,2.54,0.0,0.0,1.43,11,7,1.57,19.12,9.41,28.53,0,60,2.57
603519,20240126,20260421,20260324,12.88,13.97,8.46,8.46,19,12.14,15.07,4.58,2.95,0.0,0.0,1.8,11,7,1.57,16.54,8.13,24.67,2,60,-0.36
300700,20241220,20260421,20260324,13.14,16.12,22.68,22.68,19,12.34,30.63,1.67,3.65,0.0,0.0,1.43,13,5,2.6,31.48,10.33,41.82,5,60,5.02
688350,20241220,20260421,20260324,26.24,28.74,9.53,9.53,19,26.12,10.03,9.68,11.66,0.0,0.0,5.43,9,9,1.0,25.0,15.2,40.2,0,60,0.98
600066,20240126,20260421,20260323,31.41,35.98,14.55,14.55,20,33.54,7.27,2.39,18.27,14.55,0.0,10.32,9,9,1.0,25.35,11.01,36.36,3,60,-2.1
603906,20240126,20260421,20260323,18.57,27.31,47.07,47.07,20,20.39,33.94,20.68,16.21,47.07,0.0,23.12,14,5,2.8,52.51,12.25,64.77,6,60,15.33
002840,20240126,20260421,20260323,10.72,13.49,25.84,25.84,20,9.65,39.79,5.97,9.7,25.84,0.0,11.86,12,7,1.71,37.88,13.57,51.45,10,60,7.4
002460,20240126,20260421,20260320,67.43,82.71,22.66,22.66,21,64.35,28.53,7.42,18.54,24.66,0.0,14.44,12,8,1.5,38.02,16.33,54.36,8,60,-6.31
002902,20241220,20260421,20260319,23.96,30.2,26.04,26.04,22,22.54,33.98,8.31,20.12,27.8,0.0,16.04,9,12,0.75,61.78,35.18,96.96,7,60,-0.3
603580,20240126,20260421,20260319,17.31,20.03,15.71,15.71,22,16.44,21.84,-1.16,1.85,9.47,0.0,3.16,13,7,1.86,42.64,26.57,69.21,6,60,3.19
300022,20240126,20260421,20260317,8.36,9.97,19.26,19.26,23,7.67,29.99,5.98,11.84,16.15,0.0,9.59,15,6,2.5,27.69,9.46,37.15,7,60,3.1
688336,20241220,20260421,20260317,61.24,84.88,38.6,38.6,23,62.26,36.33,11.84,23.42,45.79,0.0,23.13,14,8,1.75,66.24,30.05,96.28,7,60,-1.35
603387,20241220,20260421,20260316,8.58,9.66,12.59,12.59,24,8.55,12.98,1.28,19.0,14.45,0.0,10.29,12,11,1.09,54.95,40.09,95.05,1,60,-1.63
002253,20240126,20260421,20260316,10.8,11.44,5.93,5.93,24,11.06,3.44,-1.39,7.22,3.98,0.0,3.08,12,10,1.2,34.44,27.64,62.08,0,60,1.87
601998,20240126,20260421,20260316,7.56,8.31,9.92,9.92,24,7.56,9.92,4.23,9.52,9.52,0.0,6.56,13,9,1.44,17.27,7.6,24.88,7,60,0.36
300603,20240126,20260421,20260316,10.72,11.79,9.98,9.98,24,9.95,18.49,-1.68,10.45,11.57,0.0,6.27,12,11,1.09,40.64,29.47,70.11,3,60,-1.42
002950,20241220,20260421,20260313,11.3,13.07,15.66,15.66,25,11.36,15.05,3.19,3.45,29.12,0.0,10.41,10,14,0.71,47.56,31.01,78.57,2,60,-9.49
600429,20240126,20260421,20260313,5.46,5.79,6.04,6.04,25,5.19,11.56,3.66,7.88,9.89,0.0,6.06,15,9,1.67,21.25,14.98,36.23,3,60,0.17
300432,20240126,20260421,20260313,17.65,25.7,45.61,45.61,25,17.84,44.06,20.28,41.98,43.06,0.0,29.57,16,8,2.0,58.67,19.35,78.02,9,60,0.27
002693,20240126,20260421,20260313,7.67,8.62,12.39,12.39,25,7.15,20.56,3.39,9.78,8.21,0.0,6.07,13,11,1.18,31.23,18.76,49.99,4,60,3.11
603026,20240126,20260421,20260311,67.92,96.11,41.5,41.5,27,79.19,21.37,8.08,14.19,13.99,0.0,10.07,15,11,1.36,70.98,32.71,103.69,5,60,-2.45
300750,20241220,20260421,20260310,376.3,432.5,14.93,14.93,28,377.5,14.57,8.53,5.5,3.99,0.0,4.55,15,12,1.25,36.62,21.69,58.31,8,60,0.4
003026,20241220,20260421,20260310,34.6,36.78,6.3,6.3,28,31.6,16.39,2.08,1.13,6.24,0.0,2.63,16,11,1.45,26.51,19.68,46.19,2,60,0.66
301511,20241220,20260421,20260310,35.69,52.86,48.11,48.11,28,36.63,44.31,14.57,4.2,15.41,0.0,8.8,18,9,2.0,71.55,29.64,101.2,8,60,15.29
300400,20240126,20260421,20260310,22.58,28.11,24.49,24.49,28,20.16,39.43,3.94,0.49,25.78,0.0,8.67,17,10,1.7,56.81,32.43,89.24,5,60,1.85
002789,20240126,20260421,20260310,10.32,13.36,29.46,29.46,28,10.55,26.64,11.05,13.86,16.28,0.0,11.25,15,11,1.36,48.19,21.09,69.29,8,60,3.17
603803,20240126,20260421,20260310,11.0,15.7,42.73,42.73,28,11.32,38.69,17.91,41.91,27.27,0.0,24.34,12,15,0.8,88.66,48.18,136.85,6,60,4.67
002947,20241220,20260421,20260310,47.0,71.8,52.77,52.77,28,52.0,38.08,3.04,6.83,26.38,0.0,10.57,20,6,3.33,53.18,9.28,62.46,8,60,5.95
301196,20241220,20260421,20260310,86.55,123.72,42.95,42.95,28,79.86,54.92,4.44,6.07,20.72,0.0,8.92,15,12,1.25,76.84,37.07,113.91,7,60,6.87
002183,20240126,20260421,20260309,5.11,6.22,21.72,21.72,29,5.04,23.41,0.98,1.37,10.37,0.0,3.72,16,11,1.45,44.6,23.71,68.3,1,60,5.07
603409,20241220,20260421,20260309,36.75,43.53,18.45,18.45,29,37.23,16.92,4.54,-0.14,5.01,0.0,2.37,15,12,1.25,33.15,15.52,48.67,2,60,5.2
603226,20240126,20260421,20260309,35.34,38.72,9.56,9.56,29,32.44,19.36,10.36,1.36,1.1,0.0,2.81,13,15,0.87,42.82,32.16,74.97,3,60,-2.64
603659,20241220,20260421,20260309,27.7,35.39,27.76,27.76,29,27.72,27.67,17.0,13.65,9.24,0.0,10.27,16,12,1.33,53.13,26.68,79.81,5,60,1.32
002580,20240126,20260421,20260309,13.4,33.0,146.27,146.27,29,12.83,157.21,0.82,3.43,20.07,0.0,7.21,19,9,2.11,120.4,24.54,144.94,14,60,43.67
301516,20241220,20260421,20260306,17.47,20.19,15.57,15.57,30,15.8,27.78,9.44,4.18,7.9,15.57,8.63,18,11,1.64,47.23,30.98,78.2,7,60,2.54
301309,20241220,20260421,20260306,30.39,35.4,16.49,16.49,20,29.28,20.9,1.65,7.77,16.49,0.0,7.61,9,10,0.9,46.21,28.3,74.51,4,60,8.29
603158,20240126,20260421,20260306,10.96,13.57,23.81,23.81,30,10.58,28.26,15.97,6.02,5.75,23.81,11.49,15,14,1.07,64.33,40.07,104.4,7,60,0.82
600186,20240126,20260421,20260306,6.24,7.87,26.12,26.12,30,6.17,27.55,3.04,4.97,12.02,26.12,10.93,13,15,0.87,66.34,39.86,106.19,9,60,7.51
603538,20240126,20260421,20260306,22.31,51.41,130.43,130.43,30,20.23,154.13,3.36,24.79,79.29,130.43,57.98,18,11,1.64,123.5,34.21,157.71,18,60,0.88
301349,20241220,20260421,20260306,48.25,63.43,31.46,31.46,30,48.06,31.98,7.52,7.11,18.34,31.46,15.43,19,10,1.9,50.93,22.16,73.08,9,60,1.93
688331,20241220,20260421,20260306,105.9,146.7,38.53,38.53,30,81.35,80.33,7.0,10.23,40.79,38.53,24.41,15,14,1.07,69.3,33.71,103.01,8,60,3.48
603701,20240126,20260421,20260305,19.98,25.0,25.13,25.13,31,20.1,24.38,13.51,10.31,16.62,24.42,15.66,21,7,3.0,43.41,19.71,63.13,6,60,4.34
002866,20240126,20260421,20260305,18.9,26.63,40.9,40.9,31,18.18,46.48,6.93,6.61,11.06,39.63,14.61,19,11,1.73,61.2,24.92,86.12,8,60,11.33
600602,20240126,20260421,20260305,19.8,23.72,19.8,19.8,31,18.81,26.1,14.9,14.6,11.97,21.62,15.28,14,16,0.88,65.53,44.38,109.91,4,60,-3.06
000420,20240126,20260421,20260305,4.34,5.4,24.42,24.42,31,4.44,21.62,5.07,10.6,7.83,20.51,10.64,17,12,1.42,63.45,38.99,102.44,2,60,7.36
300939,20241220,20260421,20260305,37.37,40.84,9.29,9.29,31,34.98,16.75,3.77,7.2,-2.65,8.13,3.75,15,14,1.07,46.55,35.66,82.2,6,60,0.57
300050,20240126,20260421,20260305,6.05,7.19,18.84,18.84,31,5.66,27.03,4.79,8.43,10.91,20.66,10.89,16,14,1.14,45.06,26.3,71.35,11,60,-5.64
688693,20241220,20260421,20260305,39.68,91.19,129.81,129.81,22,38.18,138.84,16.18,31.7,136.84,0.0,53.8,15,6,2.5,124.36,32.42,156.78,11,60,-4.61
301307,20241220,20260421,20260305,37.54,44.04,17.31,17.31,31,35.1,25.47,7.33,9.83,-0.45,20.94,8.47,18,12,1.5,55.15,37.08,92.24,10,60,6.84
603165,20240126,20260421,20260305,13.25,16.77,26.57,26.57,31,12.7,32.05,17.51,2.64,16.53,26.19,14.49,17,13,1.31,62.61,36.29,98.89,4,60,4.81
003036,20241220,20260421,20260305,18.26,27.7,51.7,51.7,31,16.02,72.91,7.45,11.99,36.58,55.26,27.11,16,14,1.14,79.94,34.91,114.85,13,60,2.59
688710,20241220,20260421,20260305,52.57,67.3,28.02,28.02,31,46.99,43.22,5.52,3.2,24.44,29.24,15.24,17,12,1.42,62.95,35.26,98.21,2,60,-6.67
300502,20240126,20260421,20260305,401.24,583.0,45.3,45.3,31,426.63,36.65,-2.0,9.76,11.53,46.79,15.34,17,13,1.31,75.7,35.37,111.07,8,60,12.12
300205,20240126,20260421,20260305,4.85,5.92,22.06,22.06,31,4.86,21.81,3.09,12.37,12.37,15.46,11.13,17,12,1.42,61.0,38.35,99.35,8,60,2.78
301399,20241220,20260421,20260305,19.87,25.34,27.53,27.53,31,19.77,28.17,9.76,10.92,14.09,20.89,13.63,17,13,1.31,67.15,40.24,107.39,9,60,2.59
300323,20240126,20260421,20260304,8.54,10.9,27.63,27.63,32,8.09,34.73,28.45,36.65,14.29,16.28,24.23,14,17,0.82,86.16,55.23,141.4,4,60,9.22
605268,20241220,20260421,20260304,11.52,12.64,9.72,9.72,32,10.61,19.13,46.35,11.2,6.25,8.94,16.29,17,12,1.42,58.03,45.29,103.32,5,60,1.85
601077,20241220,20260421,20260303,6.71,7.3,8.79,8.79,33,6.42,13.71,-1.04,4.92,5.07,7.6,4.31,19,12,1.58,22.95,14.18,37.13,10,60,-0.41
301658,20241220,20260421,20260303,36.09,42.4,17.48,17.48,33,29.05,45.96,13.6,37.55,31.62,13.8,26.23,14,18,0.78,91.81,67.57,159.38,7,60,-0.87
002528,20240126,20260421,20260303,2.93,5.51,88.05,88.05,33,2.69,104.83,14.33,21.5,29.35,66.55,31.43,23,8,2.88,92.97,27.03,120.0,16,60,10.87
002832,20240126,20260421,20260302,16.42,17.97,9.44,9.44,34,15.05,19.4,0.73,2.68,6.58,2.62,3.45,19,13,1.46,28.04,18.53,46.57,10,60,6.65
688032,20241220,20260421,20260227,107.42,113.3,5.47,5.47,35,101.24,11.91,0.74,14.33,28.01,9.95,14.84,16,17,0.94,55.77,47.87,103.64,4,60,-2.5
002039,20240126,20260421,20260227,18.04,20.96,16.19,16.19,35,17.99,16.51,4.38,8.81,13.3,15.02,10.51,20,14,1.43,50.07,33.22,83.29,3,60,0.29
688226,20241220,20260421,20260226,43.07,56.58,31.37,31.37,36,37.18,52.18,4.99,8.4,7.73,13.42,8.52,17,18,0.94,84.14,52.25,136.39,12,60,6.35
300693,20241220,20260421,20260226,40.04,52.54,31.22,31.22,36,38.99,34.75,12.26,25.5,10.61,18.38,16.96,21,13,1.62,64.2,34.78,98.98,7,60,2.48
001872,20241220,20260421,20260226,20.16,21.49,6.6,6.6,36,19.3,11.35,5.9,6.3,12.45,7.29,8.26,20,15,1.33,28.37,21.08,49.45,7,60,0.42
001339,20241220,20260421,20260226,59.14,71.22,20.43,20.43,36,53.13,34.05,10.37,27.73,3.67,8.37,13.17,21,14,1.5,63.08,41.9,104.98,6,60,6.01
300782,20241220,20260421,20260226,76.73,114.48,49.2,49.2,36,80.87,41.56,7.26,9.67,13.38,30.18,14.4,21,14,1.5,80.07,36.97,117.04,7,60,6.93
300763,20241220,20260421,20260225,79.25,95.32,20.28,20.28,37,72.98,30.61,17.36,16.5,43.66,14.51,24.42,20,16,1.25,71.57,49.67,121.24,5,60,-1.4
600023,20240126,20260421,20260225,5.1,5.61,10.0,10.0,37,4.96,13.1,5.88,7.06,8.04,6.86,7.08,22,13,1.69,27.63,17.66,45.29,8,60,1.63
002733,20240126,20260421,20260225,21.38,30.83,44.2,44.2,37,20.07,53.61,4.54,15.01,27.64,28.62,19.43,20,16,1.25,91.12,50.35,141.47,14,60,-2.71
000537,20240126,20260421,20260224,8.73,10.23,17.18,17.18,38,8.32,22.96,4.12,7.67,36.88,15.46,17.28,21,14,1.5,66.32,47.01,113.32,8,60,2.2
603693,20241220,20260421,20260224,12.65,14.51,14.7,14.7,38,11.99,21.02,6.09,9.41,47.11,9.17,20.01,20,16,1.25,62.13,45.4,107.53,15,60,2.69
600563,20240126,20260421,20260224,113.82,126.0,10.7,10.7,38,107.2,17.54,4.88,1.36,11.74,6.38,6.18,19,18,1.06,57.26,44.96,102.22,9,60,-0.21
000988,20240126,20260421,20260224,82.42,114.98,39.5,39.5,38,81.93,40.34,15.23,43.9,35.89,33.96,33.78,23,14,1.64,88.28,51.28,139.56,12,60,-4.68
002903,20241220,20260421,20260224,23.8,31.85,33.82,33.82,38,23.13,37.7,13.78,16.01,11.97,25.42,16.23,23,14,1.64,84.1,50.8,134.91,3,60,-2.27
301068,20241220,20260421,20260224,27.66,37.38,35.14,35.14,38,27.02,38.34,2.68,3.15,19.67,14.39,10.26,19,18,1.06,80.71,46.02,126.73,5,60,18.03
000791,20240126,20260421,20260224,6.8,8.22,20.88,20.88,38,6.49,26.66,20.74,24.26,23.68,8.24,20.18,20,17,1.18,70.69,48.7,119.38,8,60,0.86
601330,20241220,20260421,20260224,7.13,8.07,13.18,13.18,38,6.83,18.16,3.09,6.87,56.8,14.73,22.66,19,18,1.06,63.21,47.38,110.59,11,60,0.62
600982,20240126,20260421,20260224,4.74,5.95,25.53,25.53,38,4.37,36.16,5.49,10.97,32.28,13.29,16.73,21,15,1.4,82.67,55.16,137.83,11,60,2.76
301226,20241220,20260421,20260224,33.0,40.18,21.76,21.76,38,33.39,20.34,45.94,16.73,30.18,31.85,29.63,14,23,0.61,97.88,70.37,168.25,2,60,-5.12
300880,20241220,20260421,20260224,19.68,22.81,15.9,15.9,38,17.93,27.22,0.25,41.11,29.47,8.23,22.87,19,18,1.06,75.35,56.06,131.41,3,60,8.1
600744,20240126,20260421,20260224,6.54,8.08,23.55,23.55,38,5.99,34.89,22.02,42.51,34.1,13.46,30.08,23,14,1.64,74.94,49.97,124.91,6,60,9.63
002628,20240126,20260421,20260224,4.68,5.7,21.79,21.79,38,4.11,38.69,19.02,17.31,6.41,10.68,13.06,20,17,1.18,60.48,38.48,98.96,3,60,10.47
002463,20240126,20260421,20260224,72.36,98.0,35.43,35.43,38,75.95,29.03,13.14,2.53,13.72,16.18,10.74,22,15,1.47,76.73,43.17,119.9,8,60,0.47
603838,20240126,20260421,20260224,7.54,8.89,17.9,17.9,38,7.51,18.38,12.33,19.36,8.75,18.17,14.53,20,17,1.18,54.75,36.56,91.31,8,60,-1.55
600645,20240126,20260421,20260224,26.09,28.53,9.35,9.35,38,26.74,6.69,5.71,18.01,20.35,10.69,14.79,20,17,1.18,50.71,39.54,90.26,8,60,0.35
300677,20241220,20260421,20260224,41.55,53.88,29.68,29.68,38,40.06,34.5,8.21,16.99,37.18,39.66,25.82,23,14,1.64,79.73,49.29,129.02,8,60,-2.09
603565,20241220,20260421,20260224,10.57,11.78,11.45,11.45,38,10.05,17.21,4.64,1.99,5.39,8.33,4.81,25,11,2.27,30.59,19.23,49.82,10,60,2.88
600396,20240126,20260421,20260224,3.21,7.39,130.22,130.22,38,2.89,155.71,2.49,13.08,136.14,139.25,73.11,24,12,2.0,153.9,60.91,214.81,19,60,-7.97
000065,20240126,20260421,20260224,12.13,14.11,16.32,16.32,38,11.89,18.67,5.94,14.76,17.23,33.39,17.46,20,16,1.25,67.29,49.02,116.3,8,60,-1.88
600110,20240126,20260421,20260224,7.43,10.0,34.59,34.59,38,7.42,34.77,14.0,0.0,5.38,32.17,10.85,23,14,1.64,73.61,40.68,114.29,11,60,-3.57
688319,20241220,20260421,20260213,27.13,29.85,10.03,10.03,39,26.64,12.05,1.36,5.2,0.63,5.79,3.18,21,17,1.24,61.66,49.27,110.94,2,60,-3.27
002384,20240126,20260421,20260212,77.38,157.0,102.89,102.89,40,84.66,85.45,11.0,19.8,49.99,42.87,31.71,26,13,2.0,111.33,36.08,147.41,12,60,7.53
301217,20241220,20260421,20260212,36.96,46.79,26.6,26.6,40,35.38,32.25,34.88,19.45,2.35,-2.22,13.07,20,19,1.05,92.0,63.69,155.69,7,60,2.43
300499,20240126,20260421,20260212,30.75,44.97,46.24,46.24,40,31.79,41.46,24.07,25.72,27.61,10.02,22.82,24,15,1.6,97.54,54.18,151.71,7,60,7.33
002980,20241220,20260421,20260212,24.0,78.0,225.0,225.0,40,21.59,261.28,9.75,35.25,55.08,92.04,47.46,26,13,2.0,176.39,50.48,226.87,24,60,21.61
000601,20240126,20260421,20260211,5.17,6.84,32.3,32.3,41,4.73,44.61,4.26,6.38,43.13,27.66,21.24,21,19,1.11,101.1,66.67,167.77,13,60,3.48
002655,20240126,20260421,20260210,14.08,22.69,61.15,61.15,42,12.92,75.62,12.36,19.96,24.64,32.67,22.39,24,17,1.41,79.02,28.98,108.0,15,60,4.56
300166,20240126,20260421,20260209,12.07,16.3,35.05,35.05,43,10.42,56.43,19.14,6.3,4.23,17.23,10.43,21,21,1.0,122.86,84.51,207.37,5,60,-5.12
603400,20241220,20260421,20260209,58.76,67.69,15.2,15.2,43,54.77,23.59,3.76,24.32,20.27,14.02,16.93,22,20,1.1,57.18,41.03,98.21,5,60,-2.04
300831,20241220,20260421,20260209,13.81,17.11,23.9,23.9,43,11.18,53.04,7.46,16.8,33.67,14.7,19.57,22,20,1.1,81.85,56.6,138.45,8,60,0.0
002913,20241220,20260421,20260209,40.02,51.26,28.09,28.09,43,43.59,17.6,5.65,18.39,22.69,19.54,17.36,23,18,1.28,77.15,48.89,126.04,4,60,-2.27
301282,20241220,20260421,20260209,28.17,45.04,59.89,59.89,43,30.37,48.3,1.6,8.38,22.04,22.47,13.94,25,17,1.47,99.19,47.84,147.03,10,60,8.95
301606,20241220,20260421,20260209,65.8,75.0,13.98,13.98,43,60.71,23.54,-0.11,3.01,14.57,2.87,5.83,22,20,1.1,73.01,55.71,128.72,1,60,-2.6
002730,20240126,20260421,20260209,16.12,26.7,65.63,65.63,43,15.17,76.01,1.74,9.37,22.08,64.39,22.66,26,16,1.62,92.19,37.96,130.15,19,60,-1.48
603912,20241220,20260421,20260209,9.24,11.59,25.43,25.43,43,8.64,34.14,2.27,6.82,6.71,-1.62,4.19,21,20,1.05,70.49,44.74,115.23,12,60,12.42
603950,20241220,20260421,20260209,33.33,61.18,83.56,83.56,33,29.57,106.9,20.46,46.89,32.31,79.54,43.76,19,13,1.46,120.55,53.52,174.07,11,60,12.46
600666,20240126,20260421,20260209,3.78,7.16,89.42,89.42,43,3.39,111.21,3.7,2.38,11.9,50.79,15.18,27,15,1.8,124.22,53.55,177.77,13,60,10.49
002633,20240126,20260421,20260209,16.99,19.15,12.71,12.71,43,16.39,16.84,-0.24,7.06,13.07,3.18,6.63,20,22,0.91,60.4,46.1,106.5,4,60,6.04
300511,20240126,20260421,20260209,6.87,7.5,9.17,9.17,43,6.24,20.19,2.04,5.39,6.26,0.87,4.08,22,20,1.1,39.66,29.93,69.59,2,60,4.6
603936,20240126,20260421,20260209,12.15,14.99,23.37,23.37,43,12.97,15.57,0.41,12.18,26.83,4.28,12.64,23,19,1.21,67.0,43.32,110.31,6,60,5.12
603985,20240126,20260421,20260209,16.8,24.08,43.33,43.33,43,15.27,57.69,4.17,4.76,7.26,10.71,6.58,23,19,1.21,84.09,44.73,128.82,14,60,13.85
300804,20241220,20260421,20260209,43.19,48.51,12.32,12.32,43,35.43,36.92,4.95,10.86,18.11,6.04,10.89,23,18,1.28,90.86,73.42,164.28,6,60,0.5
300565,20240126,20260421,20260209,13.0,13.94,7.23,7.23,43,13.0,7.23,0.0,0.15,6.23,8.85,3.68,18,24,0.75,49.87,41.34,91.21,5,60,-6.13
600299,20240126,20260421,20260206,9.56,13.19,37.97,37.97,44,8.98,46.88,9.09,17.68,61.72,49.06,35.45,24,19,1.26,94.57,58.19,152.77,14,60,-13.05
301150,20241220,20260421,20260206,41.58,63.46,52.62,52.62,44,44.77,41.75,9.04,12.12,22.78,39.18,20.11,25,18,1.39,96.51,49.54,146.04,8,60,7.8
688251,20241220,20260421,20260206,26.83,35.17,31.08,31.08,44,28.66,22.71,2.94,9.17,24.93,42.23,19.26,25,18,1.39,66.07,37.17,103.24,10,60,0.43
002929,20241220,20260421,20260206,46.41,59.16,27.47,27.47,44,40.57,45.82,8.42,6.1,8.17,9.16,7.8,25,18,1.39,90.89,62.52,153.41,10,60,-1.1
002015,20240126,20260421,20260206,12.06,19.16,58.87,58.87,44,10.19,88.03,4.48,17.41,84.74,38.64,39.27,25,18,1.39,116.59,64.72,181.31,13,60,8.56
300037,20240126,20260421,20260206,50.17,62.53,24.64,24.64,44,53.68,16.49,11.92,13.83,18.4,18.0,15.65,22,21,1.05,61.23,37.35,98.57,5,60,-2.98
603897,20241220,20260421,20260206,26.34,50.71,92.52,92.52,44,26.79,89.29,2.47,16.32,20.24,24.87,16.44,29,14,2.07,117.75,47.17,164.92,13,60,18.26
603826,20240126,20260421,20260205,19.46,33.26,70.91,70.91,45,17.19,93.48,0.72,5.76,30.99,29.45,17.06,26,18,1.44,99.86,42.36,142.21,17,60,14.69
002875,20240126,20260421,20260204,17.27,22.71,31.5,31.5,46,17.6,29.03,2.66,11.0,14.24,11.35,10.37,24,20,1.2,64.17,34.59,98.76,6,60,16.34
601088,20240126,20260421,20260204,42.42,45.23,6.62,6.62,46,40.26,12.34,0.14,-0.57,12.75,12.42,6.17,20,25,0.8,35.31,28.07,63.39,8,60,-0.94
601225,20240126,20260421,20260204,22.68,24.52,8.11,8.11,46,21.62,13.41,1.68,2.6,12.08,15.7,7.88,21,24,0.88,38.49,29.87,68.36,8,60,-1.96
688655,20241220,20260421,20260204,20.45,35.79,75.01,75.01,46,17.7,102.2,2.15,0.24,45.48,26.21,19.39,26,19,1.37,123.61,60.15,183.76,12,60,8.22
600233,20240126,20260421,20260204,17.7,20.83,17.68,17.68,46,16.5,26.24,1.24,-0.23,12.43,12.94,6.5,23,21,1.1,50.35,32.67,83.01,10,60,4.52
603393,20240126,20260421,20260204,29.51,33.59,13.83,13.83,46,27.12,23.86,-2.41,7.22,35.72,32.97,18.99,22,22,1.0,78.34,62.13,140.47,7,60,1.24
000895,20240126,20260421,20260203,25.9,28.32,9.34,9.34,47,26.57,6.59,2.78,1.85,5.25,5.29,3.74,24,22,1.09,26.12,16.84,42.96,9,60,-0.32
601001,20240126,20260421,20260203,14.42,16.91,17.27,17.27,47,13.42,26.01,7.7,14.29,18.45,16.44,14.65,25,21,1.19,47.2,29.77,76.96,9,60,2.92
000967,20240126,20260421,20260203,7.04,14.1,100.28,100.28,47,7.32,92.62,1.99,7.95,25.0,27.84,15.85,30,15,2.0,103.75,31.08,134.83,16,60,20.62
002126,20240126,20260421,20260203,39.28,49.36,25.66,25.66,47,37.82,30.51,17.13,19.37,35.95,13.39,22.7,26,20,1.3,83.88,57.62,141.5,10,60,2.75
002382,20240126,20260421,20260203,5.86,7.32,24.91,24.91,47,5.74,27.53,2.73,0.51,13.14,33.96,11.43,24,22,1.09,57.5,33.4,90.89,11,60,-3.3
300243,20240126,20260421,20260203,11.12,17.36,56.12,56.12,47,10.42,66.6,4.23,6.74,9.35,26.8,11.03,29,16,1.81,108.09,57.79,165.88,5,60,15.66
600735,20241220,20260421,20260203,6.33,6.73,6.32,6.32,11,4.99,34.87,1.11,6.48,0.0,0.0,2.17,6,3,2.0,10.75,4.43,15.18,3,60,2.28
603088,20240126,20260421,20260203,11.3,13.87,22.74,22.74,47,10.38,33.62,2.92,15.22,17.88,12.3,12.97,26,20,1.3,67.81,44.58,112.39,4,60,1.91
300335,20240126,20260421,20260203,6.08,6.73,10.69,10.69,47,5.89,14.26,2.3,3.95,17.43,42.93,15.46,26,20,1.3,81.73,66.67,148.4,9,60,-4.13
603688,20240126,20260421,20260203,40.74,50.95,25.06,25.06,47,37.35,36.41,4.15,19.56,33.41,5.79,17.88,22,24,0.92,88.18,61.75,149.93,9,60,1.98
301132,20241220,20260421,20260203,36.35,41.77,14.91,14.91,47,34.51,21.04,0.03,3.08,17.14,7.76,7.62,21,25,0.84,57.14,41.4,98.54,5,60,-0.33
301419,20241220,20260421,20260203,34.71,47.12,35.75,35.75,47,34.14,38.02,0.49,4.29,9.71,26.16,9.53,26,19,1.37,92.98,57.77,150.74,11,60,-2.85
605006,20241220,20260421,20260203,7.91,10.44,31.98,31.98,47,7.33,42.43,8.09,31.23,21.62,11.88,19.85,23,23,1.0,104.7,71.73,176.44,5,60,-1.04
601898,20240126,20260421,20260203,12.8,16.19,26.48,26.48,47,12.5,29.52,9.84,17.11,31.25,36.17,23.71,21,25,0.84,78.31,51.67,129.98,8,60,-4.76
688063,20241220,20260421,20260203,61.64,76.06,23.39,23.39,47,58.96,29.0,1.77,0.71,13.14,33.16,11.14,22,24,0.92,75.55,51.83,127.38,4,60,-0.45
002360,20240126,20260421,20260203,5.22,6.4,22.61,22.61,47,4.79,33.61,3.07,8.81,13.41,25.67,12.41,25,19,1.32,63.66,40.81,104.47,8,60,-5.19
600289,20240126,20260421,20260203,6.65,7.27,9.32,9.32,47,6.68,8.83,1.2,4.96,21.8,19.7,12.21,19,24,0.79,53.7,43.14,96.84,5,60,-3.07
688156,20241220,20260421,20260203,19.13,25.51,33.35,33.35,47,16.35,56.02,3.08,6.27,22.43,10.45,11.32,24,22,1.09,78.19,45.65,123.84,14,60,1.15
301281,20241220,20260421,20260202,32.84,37.89,15.38,15.38,48,28.91,31.06,2.31,14.22,27.71,36.63,20.37,25,22,1.14,95.76,76.65,172.41,11,60,-0.13
301182,20241220,20260421,20260202,39.69,67.16,69.21,69.21,48,42.13,59.41,35.93,24.49,30.96,32.17,30.26,27,20,1.35,112.43,54.47,166.91,9,60,7.2
300264,20240126,20260421,20260202,6.52,8.55,31.13,31.13,48,7.52,13.7,23.93,42.64,56.6,50.46,44.65,22,23,0.96,92.29,60.7,152.98,8,60,-1.95
000042,20240126,20260421,20260130,8.37,8.88,6.09,6.09,49,7.74,14.73,7.29,9.32,3.94,0.48,5.53,24,22,1.09,49.92,42.29,92.21,6,60,0.23
603042,20240126,20260421,20260130,17.03,22.06,29.54,29.54,49,17.92,23.1,9.69,12.74,15.44,6.93,11.78,23,24,0.96,92.89,62.76,155.64,11,60,0.91
688025,20241220,20260421,20260130,161.7,279.56,72.89,72.89,49,140.99,98.28,9.88,39.76,58.82,22.36,36.02,23,25,0.92,149.37,84.02,233.39,11,60,5.43
688583,20241220,20260421,20260129,107.23,121.7,13.49,13.49,50,101.29,20.15,49.3,59.63,35.64,7.34,39.91,24,25,0.96,102.71,83.57,186.28,5,60,-3.57
300991,20241220,20260421,20260129,41.74,52.95,26.86,26.86,50,42.22,25.41,3.55,18.33,42.62,28.75,24.74,29,19,1.53,96.85,68.3,165.15,9,60,-1.38
002930,20241220,20260421,20260129,11.27,13.8,22.45,22.45,50,11.21,23.1,13.13,13.93,20.94,16.33,16.35,26,22,1.18,71.69,48.87,120.55,11,60,2.15
600158,20240126,20260421,20260129,9.6,11.32,17.92,17.92,50,8.78,28.93,0.1,1.87,5.21,10.21,4.19,23,22,1.05,67.24,47.9,115.14,10,60,-0.61
002831,20240126,20260421,20260128,28.5,36.84,29.26,29.26,51,28.39,29.76,-1.37,12.0,8.77,24.39,10.84,26,23,1.13,80.49,51.6,132.09,8,60,-0.03
603958,20240126,20260421,20260128,15.8,25.13,59.05,59.05,51,13.25,89.66,24.62,33.61,21.9,23.73,26.32,26,23,1.13,110.04,58.79,168.83,11,60,5.9
300798,20241220,20260421,20260128,9.58,11.65,21.61,21.61,51,7.22,61.36,0.84,3.03,-9.81,6.16,-0.63,26,24,1.08,118.29,91.56,209.85,7,60,16.27
000429,20240126,20260421,20260127,11.98,12.64,5.51,5.51,52,11.6,8.97,0.25,3.59,2.09,6.26,3.01,28,21,1.33,27.65,21.85,49.5,8,60,0.24
600926,20240126,20260421,20260126,15.58,17.26,10.78,10.78,53,15.45,11.72,3.72,5.65,5.71,11.17,6.39,32,19,1.68,26.94,16.37,43.32,9,60,-0.12
000815,20240126,20260421,20260126,13.17,21.95,66.67,66.67,53,11.4,92.54,8.2,2.51,9.34,26.42,10.48,25,27,0.93,153.19,93.43,246.62,13,60,4.97
301636,20241220,20260421,20260123,59.96,72.26,20.51,20.51,54,50.09,44.26,4.84,54.44,55.9,30.14,40.1,23,30,0.77,126.73,98.18,224.91,7,60,4.44
603139,20240126,20260421,20260123,22.45,32.54,44.94,44.94,54,20.97,55.17,6.9,4.68,19.64,24.37,13.55,29,24,1.21,91.26,50.46,141.72,12,60,14.3
600821,20240126,20260421,20260123,5.56,9.39,68.88,68.88,54,5.14,82.68,7.73,0.36,32.91,82.55,28.04,33,20,1.65,142.1,82.49,224.58,16,60,12.19
300113,20240126,20260421,20260123,22.45,28.97,29.04,29.04,54,20.83,39.08,8.73,15.14,26.41,19.91,18.19,30,23,1.3,125.15,91.17,216.32,5,60,-0.1
600256,20240126,20260421,20260122,5.25,6.14,16.95,16.95,55,4.97,23.54,8.57,7.24,9.52,45.33,15.81,25,28,0.89,91.77,71.83,163.6,11,60,-6.83
002455,20240126,20260421,20260122,7.26,11.46,57.85,57.85,55,7.13,60.73,9.23,48.48,94.21,122.59,69.17,26,28,0.93,153.89,99.49,253.38,13,60,-6.75
688726,20241220,20260421,20260122,46.28,66.06,42.74,42.74,55,36.34,81.78,43.17,59.68,58.12,40.67,52.11,29,25,1.16,151.33,105.37,256.7,8,60,9.08
000951,20240126,20260421,20260122,17.43,23.59,35.34,35.34,55,16.88,39.75,10.67,14.17,18.82,31.9,18.41,32,22,1.45,87.35,54.0,141.34,15,60,-2.24
603685,20241220,20260421,20260122,19.75,31.03,57.11,57.11,55,19.32,60.61,12.0,17.27,44.1,41.37,29.08,30,23,1.3,107.17,58.0,165.17,17,60,5.69
002531,20240126,20260421,20260122,7.31,12.25,67.58,67.58,55,6.94,76.51,0.96,20.38,42.0,54.45,29.8,36,18,2.0,96.2,41.59,137.79,17,60,2.6
300854,20241220,20260421,20260121,20.44,28.52,39.53,39.53,56,17.21,65.72,4.31,15.56,24.95,22.26,17.47,31,23,1.35,125.17,84.53,209.71,13,60,5.75
688398,20241220,20260421,20260121,20.15,28.66,42.23,42.23,56,17.42,64.52,7.84,14.04,23.23,23.33,17.42,32,23,1.39,75.51,38.26,113.77,12,60,3.95
300209,20240126,20260421,20260121,5.88,13.34,126.87,126.87,56,5.53,141.23,23.47,21.94,37.76,57.31,34.07,33,22,1.5,175.4,82.16,257.56,15,60,6.81
688700,20241220,20260421,20260121,41.3,60.23,45.84,45.84,56,36.75,63.89,2.91,3.03,4.48,6.34,4.1,32,23,1.39,108.01,65.56,173.57,16,60,-1.36
603220,20241220,20260421,20260121,23.0,30.88,34.26,34.26,56,21.75,41.98,11.3,14.13,8.43,24.91,14.01,31,24,1.29,101.57,67.81,169.38,9,60,9.46
603980,20240126,20260421,20260120,5.55,6.27,12.97,12.97,52,5.07,23.67,0.9,29.91,31.17,30.09,24.52,23,28,0.82,91.23,74.37,165.6,7,60,0.0
000968,20240126,20260421,20260120,7.24,9.01,24.45,24.45,57,6.76,33.28,15.61,7.46,19.61,29.56,17.15,25,31,0.81,141.83,111.79,253.63,9,60,-9.9
600683,20240126,20260421,20260120,4.43,12.05,172.01,172.01,57,4.27,182.2,2.48,11.74,60.5,64.79,35.13,36,19,1.89,171.29,63.26,234.55,17,60,33.74
600746,20240126,20260421,20260120,7.4,8.59,16.08,16.08,57,6.94,23.78,4.73,1.08,6.49,7.84,4.78,29,26,1.12,78.97,60.75,139.72,9,60,-12.79
002283,20240126,20260421,20260120,6.43,10.89,69.36,69.36,57,6.28,73.41,10.73,12.75,56.61,51.01,33.16,33,22,1.5,119.76,62.17,181.93,13,60,1.4
000930,20240126,20260421,20260120,6.11,6.43,5.24,5.24,57,5.81,10.67,6.55,3.27,9.33,18.17,8.72,33,23,1.43,68.4,60.8,129.2,7,60,-4.88
600642,20240126,20260421,20260120,8.27,9.17,10.88,10.88,57,7.83,17.11,0.36,-0.24,1.09,8.22,1.97,30,22,1.36,35.53,24.62,60.15,5,60,3.27
603806,20240126,20260421,20260119,15.32,17.23,12.47,12.47,58,13.97,23.34,12.99,11.03,17.75,13.71,13.97,27,30,0.9,88.74,72.79,161.53,5,60,-2.77
605366,20241220,20260421,20260119,6.45,13.46,108.68,108.68,58,6.22,116.4,8.53,8.99,24.03,55.81,22.77,33,24,1.38,149.86,69.8,219.66,18,60,10.42
600188,20240126,20260421,20260119,13.86,18.76,35.35,35.35,58,13.24,41.69,-0.07,5.63,25.18,46.32,18.49,28,28,1.0,96.76,62.93,159.69,12,60,-3.75
002986,20241220,20260421,20260119,11.81,13.71,16.09,16.09,58,10.8,26.94,3.13,6.1,13.21,49.62,16.34,32,23,1.39,76.5,58.48,134.98,14,60,-6.73
600722,20240126,20260421,20260119,6.49,13.67,110.63,110.63,58,6.04,126.32,8.94,34.51,36.36,103.85,43.82,33,24,1.38,183.08,98.31,281.39,17,60,-3.94
600313,20240126,20260421,20260119,6.63,7.44,12.22,12.22,58,6.43,15.71,2.26,33.18,9.35,28.51,18.91,30,27,1.11,102.26,85.26,187.52,6,60,0.13
600546,20240126,20260421,20260119,10.43,11.96,14.67,14.67,58,10.18,17.49,2.68,8.15,6.04,18.89,8.57,31,26,1.19,65.88,50.07,115.95,6,60,0.93
300157,20240126,20260421,20260119,4.9,6.38,30.2,30.2,58,4.64,37.5,4.69,15.92,14.9,66.73,23.53,26,31,0.84,137.46,100.12,237.58,8,60,-1.69
002408,20240126,20260421,20260119,5.06,6.55,29.45,29.45,58,4.87,34.5,20.36,16.6,13.64,25.1,18.16,29,26,1.12,87.55,58.26,145.81,9,60,-5.21
000539,20240126,20260421,20260119,4.71,5.81,23.35,23.35,58,4.47,29.98,1.91,3.82,1.06,9.98,3.84,33,23,1.43,88.38,62.42,150.8,11,60,3.57
002259,20240126,20260421,20260119,4.18,5.71,36.6,36.6,58,4.16,37.26,15.55,41.63,33.49,38.28,33.3,31,24,1.29,100.69,65.17,165.87,9,60,7.53
600791,20240126,20260421,20260119,5.04,12.47,147.42,147.42,58,4.61,170.5,7.74,21.23,44.64,58.33,32.97,36,20,1.8,143.11,46.93,190.04,20,60,5.23
600780,20240126,20260421,20260119,6.07,6.66,9.72,9.72,58,5.76,15.63,1.15,1.81,-1.32,10.21,2.42,30,25,1.2,62.99,51.16,114.15,10,60,2.46
000037,20240126,20260421,20260119,9.04,10.92,20.8,20.8,58,8.43,29.54,2.21,2.65,5.75,11.28,5.22,30,24,1.25,87.3,64.18,151.47,6,60,11.89
002159,20240126,20260421,20260119,15.85,17.5,10.41,10.41,58,15.25,14.75,1.01,2.97,13.5,20.19,9.18,33,24,1.38,67.81,55.29,123.1,10,60,0.46
600623,20240126,20260421,20260116,8.95,9.87,10.28,10.28,59,7.82,26.21,6.48,12.07,4.69,20.22,10.37,30,26,1.15,72.68,59.94,132.62,15,60,-0.9
301081,20241220,20260421,20260116,10.71,16.62,55.18,55.18,59,10.34,60.74,14.19,10.27,32.21,26.52,20.89,32,26,1.23,108.03,59.83,167.86,15,60,13.06
002887,20241220,20260421,20260116,9.41,11.74,24.76,24.76,59,9.49,23.71,4.57,1.59,19.45,22.53,11.73,34,21,1.62,71.95,47.49,119.44,14,60,3.16
600360,20240126,20260421,20260116,8.4,9.83,17.02,17.02,59,8.12,21.06,1.67,5.83,8.33,8.57,6.3,34,23,1.48,50.81,34.06,84.87,7,60,5.81
600841,20240126,20260421,20260116,6.8,9.51,39.85,39.85,59,6.08,56.41,13.24,31.47,61.18,53.68,41.18,31,27,1.15,122.85,83.62,206.47,12,60,2.15
300461,20240126,20260421,20260116,20.44,57.8,182.78,182.78,59,19.24,200.42,14.77,68.79,157.83,199.66,110.87,37,21,1.76,233.83,110.07,343.89,20,60,-8.02
600163,20240126,20260421,20260116,5.54,6.13,10.65,10.65,59,5.48,11.86,7.22,6.5,10.83,18.41,10.32,35,22,1.59,84.47,70.26,154.73,5,60,-0.33
605016,20241220,20260421,20260116,20.8,26.23,26.11,26.11,59,21.85,20.05,8.08,15.77,18.51,19.57,15.81,30,28,1.07,76.24,50.3,126.54,11,60,-3.17
003035,20241220,20260421,20260115,4.87,7.99,64.07,64.07,60,4.64,72.2,20.33,23.2,35.93,83.98,38.6,38,21,1.81,142.65,86.45,229.1,14,60,4.44
601096,20241220,20260421,20260115,4.39,5.62,28.02,28.02,60,4.19,34.13,17.77,22.32,32.8,48.75,29.84,31,28,1.11,101.36,72.29,173.65,8,60,2.0
603599,20240126,20260421,20260115,12.19,13.62,11.73,11.73,60,11.57,17.72,2.54,15.59,23.79,17.15,15.75,27,32,0.84,78.79,64.6,143.38,8,60,-6.65
600389,20240126,20260421,20260115,25.22,28.48,12.93,12.93,60,24.85,14.61,5.63,9.44,1.39,12.81,6.94,29,30,0.97,86.51,70.66,157.17,10,60,-5.38
300241,20240126,20260421,20260115,5.87,6.96,18.57,18.57,60,5.67,22.75,2.9,2.21,6.13,25.89,8.26,31,26,1.19,76.42,55.61,132.03,4,60,1.02
001258,20241220,20260421,20260115,7.43,9.03,21.53,21.53,60,7.19,25.59,3.36,2.96,1.75,9.96,4.08,30,29,1.03,91.14,67.64,158.78,12,60,1.12
301500,20241220,20260421,20260115,16.4,24.7,50.61,50.61,60,15.85,55.84,5.61,28.72,21.34,53.66,26.87,35,23,1.52,144.75,93.77,238.52,5,60,4.26
600777,20240126,20260421,20260115,4.11,5.87,42.82,42.82,60,3.88,51.29,-1.7,3.41,-0.49,16.79,3.89,37,20,1.85,79.86,41.76,121.61,8,60,2.8
300715,20241220,20260421,20260115,11.68,13.6,16.44,16.44,60,11.2,21.43,0.17,0.86,5.31,22.43,6.37,31,26,1.19,66.55,49.3,115.85,4,60,3.34
688170,20241220,20260421,20260115,36.66,60.24,64.32,64.32,60,33.52,79.71,6.93,6.22,9.38,45.91,15.25,31,28,1.11,128.91,73.4,202.31,8,60,6.13
300196,20240126,20260421,20260115,15.55,19.11,22.89,22.89,60,14.87,28.51,6.05,6.75,30.74,23.67,17.19,28,31,0.9,104.74,79.43,184.17,9,60,-4.35
002648,20240126,20260421,20260114,18.98,26.26,38.36,38.36,61,17.76,47.86,9.54,17.18,18.07,24.66,17.42,32,27,1.19,107.08,70.25,177.33,14,60,-12.41
300279,20240126,20260421,20260114,7.57,8.68,14.66,14.66,61,7.23,20.06,23.38,14.4,21.93,36.06,22.79,28,31,0.9,93.16,74.51,167.67,10,60,1.52
300936,20241220,20260421,20260114,41.15,72.91,77.18,77.18,61,39.2,85.99,-1.58,4.33,2.67,17.25,5.23,31,29,1.07,149.11,82.9,232.01,17,60,4.16
300651,20240126,20260421,20260114,23.05,30.43,32.02,32.02,61,20.61,47.65,1.3,-0.48,12.89,25.25,9.03,35,24,1.46,122.35,86.41,208.76,5,60,3.68
688628,20241220,20260421,20260114,34.9,81.15,132.52,132.52,61,32.28,151.39,9.43,13.7,9.17,17.08,12.16,37,23,1.61,139.06,48.8,187.85,21,60,22.4
688530,20241220,20260421,20260114,17.75,33.5,88.73,88.73,61,16.86,98.7,3.49,7.61,69.41,98.99,43.6,32,28,1.14,179.81,105.41,285.22,17,60,3.36
000554,20240126,20260421,20260113,6.87,7.97,16.01,16.01,62,6.56,21.49,0.73,12.66,18.2,57.93,20.99,31,28,1.11,103.12,83.12,186.24,8,60,-3.28
600084,20240126,20260421,20260113,5.7,6.59,15.61,15.61,62,5.3,24.34,3.51,8.25,28.42,20.88,15.88,34,27,1.26,82.44,64.36,146.8,6,60,-4.63
301317,20241220,20260421,20260112,34.71,63.17,81.99,81.99,63,33.17,90.44,11.55,17.98,9.65,63.93,23.38,32,30,1.07,163.84,94.35,258.2,10,60,0.22
001896,20240126,20260421,20260112,6.01,18.79,212.65,212.65,63,5.25,257.9,5.49,6.49,8.32,135.27,32.6,41,21,1.95,206.3,81.81,288.1,17,60,24.77
002606,20240126,20260421,20260112,9.19,12.46,35.58,35.58,63,8.87,40.47,7.18,18.82,28.94,39.28,23.62,31,31,1.0,109.97,74.9,184.87,10,60,7.32
600452,20240126,20260421,20260112,10.42,12.01,15.26,15.26,63,9.51,26.29,-2.11,8.06,10.75,40.21,13.26,32,29,1.1,97.95,79.23,177.18,13,60,-0.91
603138,20240126,20260421,20260112,15.78,20.91,32.51,32.51,63,14.5,44.21,4.69,13.69,15.46,41.32,17.95,27,35,0.77,140.07,104.27,244.33,8,60,-0.71
300617,20240126,20260421,20260112,34.96,65.16,86.38,86.38,63,33.83,92.61,19.57,25.83,40.19,61.78,36.08,33,29,1.14,179.68,106.54,286.22,13,60,10.91
300881,20241220,20260421,20260112,35.79,49.42,38.08,38.08,63,34.21,44.46,1.68,15.45,17.27,50.32,20.22,34,27,1.26,106.68,70.22,176.89,9,60,8.69
300257,20240126,20260421,20260112,14.85,29.27,97.1,97.1,63,14.13,107.15,9.7,20.81,19.46,62.63,26.55,32,29,1.1,140.47,65.05,205.52,10,60,-2.47
000591,20240126,20260421,20260112,4.63,5.39,16.41,16.41,63,4.43,21.75,8.86,22.89,20.09,25.05,19.68,35,27,1.3,89.85,71.13,160.98,10,60,0.94
301362,20241220,20260421,20260112,43.43,149.13,243.38,243.38,53,41.98,255.24,3.57,123.62,155.63,154.43,115.38,31,20,1.55,207.01,69.98,276.99,19,60,0.02
688179,20241220,20260421,20260112,14.04,18.05,28.56,28.56,63,12.95,39.38,15.03,19.66,15.31,28.92,19.28,31,30,1.03,119.29,87.97,207.26,10,60,1.23
688479,20241220,20260421,20260109,19.53,36.55,87.15,87.15,64,19.18,90.56,31.08,11.98,14.49,53.92,24.94,39,24,1.62,130.51,61.95,192.46,12,60,12.74
605162,20241220,20260421,20260109,9.29,14.01,50.81,50.81,64,8.69,61.22,1.72,2.48,-1.83,5.06,1.55,36,26,1.38,111.34,64.71,176.06,10,60,-0.28
688253,20241220,20260421,20260109,32.03,44.81,39.9,39.9,64,30.77,45.63,8.52,10.37,9.93,13.77,10.55,32,31,1.03,95.68,57.69,153.37,8,60,18.64
600032,20241220,20260421,20260109,7.69,9.87,28.35,28.35,64,7.46,32.31,1.82,3.77,2.73,7.93,3.9,34,28,1.21,93.79,64.4,158.19,15,60,0.71
002995,20241220,20260421,20260109,18.64,24.25,30.1,30.1,64,17.38,39.53,4.02,16.09,96.46,37.88,42.14,30,32,0.94,155.81,119.83,275.64,13,60,-0.25
301203,20241220,20260421,20260109,33.95,42.43,24.98,24.98,64,33.3,27.42,2.8,6.48,5.48,43.48,12.84,39,24,1.62,72.65,48.32,120.97,10,60,4.48
300191,20240126,20260421,20260109,20.04,39.23,95.76,95.76,64,19.02,106.26,11.68,15.42,55.39,83.93,40.36,30,33,0.91,211.48,127.59,339.07,9,60,0.82
688345,20241220,20260421,20260109,33.45,54.2,62.03,62.03,64,32.48,66.87,7.32,7.38,4.84,15.93,8.32,36,27,1.33,121.47,67.7,189.17,11,60,-0.37
688021,20241220,20260421,20260109,19.14,24.4,27.48,27.48,64,18.68,30.62,3.66,13.17,23.3,29.21,17.52,33,29,1.14,106.61,75.48,182.08,17,60,0.91
300017,20240126,20260421,20260109,11.31,18.66,64.99,64.99,64,10.58,76.37,5.39,0.71,58.89,78.6,34.68,26,36,0.72,167.08,105.9,272.98,14,60,-0.05
300277,20240126,20260421,20260109,13.7,19.53,42.55,42.55,64,12.99,50.35,8.47,37.01,33.94,83.43,39.67,27,36,0.75,162.47,115.78,278.25,11,60,2.9
600590,20240126,20260421,20260108,10.39,17.42,67.66,67.66,65,9.4,85.32,-2.6,-3.75,19.25,45.14,13.16,33,29,1.14,168.83,108.46,277.29,15,60,15.44
300828,20241220,20260421,20260108,16.99,22.03,29.66,29.66,55,17.12,28.68,2.41,6.06,55.92,20.13,23.1,28,26,1.08,92.79,61.99,154.78,13,60,-0.9
688277,20241220,20260421,20260108,17.76,21.35,20.21,20.21,65,16.81,27.01,40.48,34.46,35.08,38.85,36.73,29,35,0.83,124.97,98.73,223.7,6,60,-2.56
300051,20240126,20260421,20260108,7.23,17.01,135.27,135.27,65,6.59,158.12,19.64,18.67,54.22,38.04,33.4,34,30,1.13,183.75,87.23,270.99,12,60,20.04
301179,20241220,20260421,20260108,16.44,28.1,70.92,70.92,65,16.14,74.1,5.72,7.66,4.38,8.39,6.43,33,31,1.06,132.97,72.84,205.82,9,60,11.29
300776,20241220,20260421,20260108,67.1,106.66,58.96,58.96,65,63.82,67.13,7.79,18.18,36.38,37.42,25.41,35,29,1.21,151.83,96.92,248.75,9,60,33.01
300383,20240126,20260421,20260108,14.27,17.81,24.81,24.81,65,12.96,37.42,11.42,-1.05,5.12,15.98,6.7,32,32,1.0,144.55,113.87,258.42,9,60,-2.84
300912,20241220,20260421,20260108,17.57,27.21,54.87,54.87,55,16.43,65.61,11.55,35.57,98.98,52.82,53.24,27,27,1.0,141.76,86.74,228.51,6,60,8.15
301115,20241220,20260421,20260108,16.41,21.42,30.53,30.53,65,16.08,33.21,4.57,11.64,11.52,22.97,12.46,38,25,1.52,73.34,44.96,118.3,15,60,3.88
688777,20241220,20260421,20260108,52.76,71.4,35.33,35.33,65,50.07,42.6,29.45,31.5,69.45,49.98,46.17,31,32,0.97,117.97,82.3,200.27,7,60,4.89
688229,20241220,20260421,20260108,68.22,88.35,29.51,29.51,65,64.56,36.85,13.72,-0.66,8.47,21.68,9.42,32,32,1.0,182.69,142.41,325.1,7,60,-2.43
002952,20241220,20260421,20260108,21.24,24.81,16.81,16.81,65,20.04,23.8,-0.19,0.42,15.25,7.44,6.15,31,32,0.97,89.28,69.99,159.27,3,60,-4.21
300044,20240126,20260421,20260108,4.31,6.23,44.55,44.55,65,3.94,58.12,43.16,33.87,50.35,89.1,51.72,34,27,1.26,158.19,111.62,269.81,9,60,-11.0
688309,20241220,20260421,20260108,24.97,77.04,208.53,208.53,65,24.12,219.4,-0.56,14.22,27.83,61.15,24.73,44,20,2.2,160.13,41.77,201.9,27,60,8.66
002216,20240126,20260421,20260108,11.51,13.09,13.73,13.73,65,11.38,15.03,0.17,1.82,4.43,0.78,2.06,28,33,0.85,48.37,34.36,82.74,3,60,3.64
300246,20240126,20260421,20260108,9.1,17.15,88.46,88.46,65,8.61,99.19,50.88,43.74,48.46,43.52,46.54,31,31,1.0,153.85,80.79,234.64,10,60,8.68
300296,20241220,20260421,20260108,6.66,7.75,16.37,16.37,65,6.45,20.16,3.75,0.9,9.16,25.83,8.93,31,33,0.94,86.38,67.69,154.07,9,60,-0.26
603318,20240126,20260421,20260108,6.84,8.47,23.83,23.83,65,6.69,26.61,1.46,2.49,3.95,6.58,3.54,32,30,1.07,97.57,71.22,168.79,6,60,6.81
603272,20241220,20260421,20260108,20.65,27.54,33.37,33.37,65,19.33,42.47,2.32,7.36,10.9,22.76,10.49,33,30,1.1,127.27,91.72,218.99,13,60,-17.5
300065,20240126,20260421,20260108,22.5,28.33,25.91,25.91,65,18.68,51.66,7.2,-0.67,30.13,19.51,14.18,31,32,0.97,132.68,102.75,235.43,6,60,6.18
601918,20240126,20260421,20260107,7.02,7.47,6.41,6.41,66,6.64,12.5,1.0,0.57,-1.28,6.98,1.38,31,33,0.94,58.48,50.67,109.15,7,60,0.95
301216,20241220,20260421,20260107,17.68,29.27,65.55,65.55,66,17.6,66.31,15.55,33.77,29.58,25.96,27.31,35,29,1.21,112.45,57.21,169.67,18,60,2.88
002541,20240126,20260421,20260107,18.63,20.27,8.8,8.8,66,16.3,24.36,14.28,15.94,21.95,23.03,18.83,31,34,0.91,94.46,82.25,176.71,11,60,-4.61
301373,20241220,20260421,20260107,33.41,97.61,192.16,192.16,66,32.35,201.73,1.29,3.47,4.58,32.48,9.17,36,29,1.24,204.95,84.18,289.13,15,60,9.53
603191,20241220,20260421,20260107,15.55,21.41,37.68,37.68,66,15.11,41.69,12.09,24.76,36.27,56.66,32.06,33,31,1.06,115.97,79.25,195.22,14,60,3.53
603488,20240126,20260421,20260107,8.7,11.26,29.43,29.43,66,7.82,43.99,34.94,15.4,14.37,12.53,18.42,32,32,1.0,98.08,67.75,165.83,6,60,3.59
688717,20241220,20260421,20260107,68.85,108.65,57.81,57.81,66,63.65,70.7,7.33,20.77,47.58,44.07,30.78,29,36,0.81,153.23,99.66,252.88,12,60,-7.57
002859,20240126,20260421,20260107,29.22,48.97,67.59,67.59,56,29.22,67.59,1.78,19.88,31.18,46.75,25.02,32,23,1.39,110.01,53.97,163.99,15,60,14.42
001286,20241220,20260421,20260107,9.51,11.04,16.09,16.09,66,9.36,17.95,1.58,4.42,2.0,6.62,3.57,35,30,1.17,53.13,37.23,90.36,11,60,-1.95
603078,20240126,20260421,20260107,19.25,23.63,22.75,22.75,61,18.31,29.06,22.39,50.81,27.06,23.38,32.52,27,31,0.87,91.22,66.4,157.62,6,60,2.65
002620,20240126,20260421,20260106,5.5,9.35,70.0,70.0,67,5.29,76.75,9.27,10.0,7.27,19.64,10.96,37,28,1.32,118.18,61.64,179.82,14,60,0.32
601117,20240126,20260421,20260106,7.75,8.6,10.97,10.97,67,7.55,13.91,5.42,3.1,6.97,12.13,6.53,28,34,0.82,73.83,60.68,134.51,10,60,-2.71
300042,20240126,20260421,20260106,27.56,49.22,78.59,78.59,67,26.97,82.5,5.77,7.55,21.84,30.73,16.12,39,27,1.44,155.64,89.36,245.0,7,60,-4.98
600589,20240126,20260421,20260106,7.98,11.13,39.47,39.47,67,7.39,50.61,29.32,19.92,23.93,49.0,28.82,33,33,1.0,169.8,126.39,296.18,9,60,-2.37
603057,20241220,20260421,20260106,20.87,28.55,36.8,36.8,67,19.8,44.19,31.43,35.12,32.25,40.2,34.54,40,26,1.54,119.48,82.56,202.04,13,60,14.89
688419,20241220,20260421,20260106,28.9,48.21,66.82,66.82,67,28.57,68.74,22.28,36.33,40.24,66.23,40.67,36,30,1.2,150.38,91.4,241.79,13,60,0.79
600259,20240126,20260421,20260106,58.21,103.77,78.27,78.27,67,57.04,81.92,21.35,29.67,31.76,49.58,32.61,36,30,1.2,155.15,90.42,245.57,12,60,12.85
601678,20240126,20260421,20260106,4.75,5.04,6.11,6.11,67,4.32,16.67,-2.11,1.05,7.16,16.84,5.41,34,31,1.1,78.15,69.26,147.41,7,60,-2.89
603881,20240126,20260421,20260106,31.84,39.47,23.96,23.96,67,31.49,25.34,12.22,7.6,19.0,22.42,14.91,38,27,1.41,123.49,95.94,219.43,5,60,-4.18
600482,20240126,20260421,20260106,23.27,38.2,64.16,64.16,67,21.81,75.15,1.2,6.75,10.06,42.63,13.81,36,30,1.2,128.99,74.35,203.34,16,60,-1.24
002112,20240126,20260421,20260106,14.16,22.12,56.21,56.21,67,13.59,62.77,12.22,55.16,52.75,77.47,50.31,32,33,0.97,175.53,121.1,296.63,9,60,4.0
000899,20240126,20260421,20260105,9.97,13.44,34.8,34.8,68,9.97,34.8,2.51,4.91,8.02,5.32,5.44,40,27,1.48,104.05,69.54,173.58,5,60,3.78
300164,20240126,20260421,20260105,5.87,13.86,136.12,136.12,68,5.87,136.12,11.93,20.95,119.42,81.94,60.89,35,32,1.09,259.58,152.15,411.73,14,60,-4.94
300895,20241220,20260421,20260105,48.01,64.03,33.37,33.37,68,48.01,33.37,12.81,7.14,11.52,27.06,13.57,35,31,1.13,157.81,118.4,276.22,10,60,3.37
300986,20241220,20260421,20260105,13.42,25.36,88.97,88.97,65,13.42,88.97,107.3,159.31,218.93,121.61,159.25,32,32,1.0,228.83,143.57,372.4,11,60,3.3
002440,20240126,20260421,20260105,7.48,11.77,57.35,57.35,68,7.48,57.35,4.14,4.01,68.32,97.73,42.07,36,31,1.16,130.14,79.03,209.17,15,60,-0.84
301536,20241220,20260421,20260105,61.74,78.83,27.68,27.68,68,61.74,27.68,2.67,13.59,12.65,14.93,11.39,40,27,1.48,108.43,79.01,187.44,8,60,3.81
600676,20240126,20260421,20260105,5.94,7.93,33.5,33.5,68,5.94,33.5,14.31,59.26,31.14,38.05,37.59,33,33,1.0,111.28,77.28,188.56,6,60,4.62
688380,20241220,20260421,20260105,33.87,46.9,38.47,38.47,68,33.87,38.47,2.66,3.96,70.8,46.5,32.26,37,30,1.23,122.2,82.0,204.19,6,60,-0.85
301580,20241220,20260421,20260105,46.58,77.9,67.24,67.24,68,46.58,67.24,2.9,2.81,9.73,36.43,11.63,35,32,1.09,140.15,81.88,222.04,13,60,8.72
002490,20240126,20260421,20260105,7.15,8.88,24.2,24.2,68,7.15,24.2,7.13,9.79,25.87,7.69,13.66,34,33,1.03,155.14,124.58,279.72,9,60,-4.21
600268,20240126,20260421,20260105,10.75,16.24,51.07,51.07,68,10.75,51.07,5.67,13.86,18.88,19.81,14.92,41,26,1.58,124.25,77.85,202.1,5,60,9.36
002246,20240126,20260421,20260105,18.92,27.05,42.97,42.97,68,18.92,42.97,8.46,4.92,13.4,6.5,8.49,40,27,1.48,107.66,67.92,175.58,11,60,6.29
301628,20241220,20260421,20260105,92.86,112.99,21.68,21.68,68,92.86,21.68,1.14,7.08,2.26,18.46,6.72,38,29,1.31,96.81,73.72,170.53,10,60,2.7
300975,20241220,20260421,20260105,13.09,20.45,56.23,56.23,68,13.09,56.23,3.36,5.88,33.61,15.2,15.56,41,26,1.58,127.22,76.43,203.66,8,60,-2.39
300480,20240126,20260421,20260105,17.08,33.94,98.71,98.71,68,17.08,98.71,11.36,22.48,32.73,63.93,31.62,36,30,1.2,157.43,80.05,237.48,14,60,4.01
688268,20241220,20260421,20260105,59.45,99.2,66.86,66.86,68,59.45,66.86,12.45,15.34,10.85,10.19,12.38,37,30,1.23,144.18,86.18,230.36,8,60,-1.64
603002,20240126,20260421,20260105,7.57,13.28,75.43,75.43,68,7.57,75.43,1.98,6.74,22.46,28.01,14.76,39,28,1.39,126.48,65.21,191.69,15,60,3.27
603727,20240126,20260421,20260105,14.39,18.23,26.69,26.69,68,14.39,26.69,4.24,3.96,14.18,12.86,8.86,39,28,1.39,100.69,72.39,173.08,8,60,-11.5
688314,20241220,20260421,20260105,39.67,47.6,19.99,19.99,68,39.67,19.99,-2.8,-2.6,-5.72,-1.84,-3.42,37,30,1.23,99.57,77.13,176.7,9,60,-5.87
600406,20240126,20260421,20260105,23.15,27.24,17.67,17.67,68,23.15,17.67,2.29,5.4,8.86,12.87,7.31,38,29,1.31,64.75,46.98,111.72,10,60,4.09
688517,20241220,20260421,20260105,15.88,21.87,37.72,37.72,68,15.88,37.72,3.4,9.07,10.2,12.53,8.97,40,27,1.48,84.08,49.89,133.98,9,60,5.14
600583,20240126,20260421,20260105,5.56,6.99,25.72,25.72,68,5.56,25.72,6.47,7.19,19.96,23.38,14.12,31,33,0.94,96.63,69.95,166.58,15,60,-2.1
688069,20241220,20260421,20260105,23.35,36.39,55.85,55.85,68,23.35,55.85,-0.43,1.76,2.44,11.13,3.4,37,29,1.28,91.74,44.74,136.49,16,60,4.63
002432,20240126,20260421,20260105,40.92,80.28,96.19,96.19,68,40.92,96.19,2.03,1.74,1.64,0.76,1.57,42,25,1.68,137.68,63.42,201.1,17,60,3.19
688515,20241220,20260421,20260105,105.88,130.08,22.86,22.86,68,105.88,22.86,11.4,13.53,15.35,22.85,15.51,36,31,1.16,103.18,78.61,181.78,10,60,2.87
300599,20240126,20260421,20251231,8.15,11.61,42.45,42.45,69,9.78,18.71,20.25,25.4,27.36,21.47,24.17,45,23,1.96,117.16,76.27,193.44,5,60,10.99
301396,20241220,20260421,20251231,66.3,289.0,335.9,335.9,69,67.33,329.23,3.15,24.6,53.98,56.26,35.46,37,31,1.19,287.82,119.44,407.26,21,60,29.78
600410,20240126,20260421,20251231,17.88,28.99,62.14,62.14,69,18.65,55.44,7.89,36.58,22.65,25.11,24.37,39,28,1.39,164.75,108.1,272.86,8,60,6.11
603533,20241220,20260421,20251231,22.12,26.36,19.17,19.17,69,22.68,16.23,15.73,17.9,12.52,54.61,23.19,33,34,0.97,123.74,99.82,223.56,8,60,2.01
603507,20241220,20260421,20251231,26.31,45.45,72.75,72.75,69,28.94,57.05,8.7,4.71,8.36,22.73,10.21,37,31,1.19,116.06,57.58,173.65,14,60,-1.3
600525,20240126,20260421,20251231,3.53,5.27,49.29,49.29,69,3.71,42.05,17.85,21.81,27.48,27.76,23.91,37,30,1.23,100.39,57.66,158.05,15,60,-6.23
603021,20240126,20260421,20251231,4.67,8.02,71.73,71.73,69,4.68,71.37,3.0,1.07,15.42,30.84,11.72,39,28,1.39,128.49,70.51,199.0,16,60,-1.72
603012,20240126,20260421,20251231,6.04,8.88,47.02,47.02,69,6.03,47.26,13.25,18.21,32.12,34.44,24.64,39,26,1.5,94.38,52.72,147.1,12,60,4.96
603045,20241220,20260421,20251231,19.65,36.55,86.01,86.01,69,20.05,82.29,5.75,23.77,36.39,44.68,28.13,41,26,1.58,134.01,67.0,201.01,14,60,12.84
688610,20241220,20260421,20251231,61.81,113.06,82.92,82.92,69,63.44,78.22,8.69,11.68,42.08,23.78,22.62,35,33,1.06,163.05,93.54,256.59,6,60,3.53
603103,20241220,20260421,20251231,16.58,23.71,43.0,43.0,69,16.8,41.13,12.73,13.87,39.81,97.41,38.13,41,26,1.58,138.3,94.9,233.2,17,60,3.13
300442,20240126,20260421,20251230,51.42,95.2,85.14,85.14,64,55.99,70.03,17.81,76.41,57.23,101.07,63.87,29,33,0.88,160.67,89.04,249.71,9,60,4.45
688593,20241220,20260421,20251230,20.9,32.08,53.49,53.49,70,20.46,56.79,2.87,10.38,17.75,38.33,16.68,38,30,1.27,123.91,76.22,200.13,12,60,-0.31
002921,20241220,20260421,20251230,16.36,24.51,49.82,49.82,70,16.85,45.46,4.71,14.43,42.6,45.84,27.22,38,29,1.31,103.98,59.87,163.85,15,60,-12.78
300992,20241220,20260421,20251230,26.33,33.35,26.66,26.66,65,26.95,23.75,8.62,18.15,24.12,18.95,18.2,30,34,0.88,109.04,79.6,188.63,9,60,4.55
688521,20241220,20260421,20251230,140.99,251.39,78.3,78.3,70,144.23,74.3,7.98,28.36,56.75,68.67,40.86,37,32,1.16,184.16,116.94,301.1,10,60,2.4
688669,20241220,20260421,20251230,23.02,27.38,18.94,18.94,70,23.0,19.04,8.51,10.9,12.64,11.29,11.02,35,34,1.03,92.97,72.15,165.12,2,60,1.6
600671,20240126,20260421,20251229,17.39,19.78,13.74,13.74,71,17.39,13.74,0.58,0.86,9.89,16.04,6.55,36,32,1.12,88.11,71.14,159.25,5,60,0.66
300125,20240126,20260421,20251229,7.46,9.37,25.6,25.6,71,7.39,26.79,-3.35,0.0,6.84,4.69,2.32,37,31,1.19,89.0,63.53,152.53,4,60,3.65
002092,20240126,20260421,20251229,4.8,6.2,29.17,29.17,71,4.93,25.76,12.92,13.96,29.79,50.42,25.79,36,32,1.12,130.09,98.5,228.59,16,60,-5.92
300868,20241220,20260421,20251229,30.41,78.41,157.84,157.84,71,31.71,147.27,4.74,14.93,17.49,3.58,11.39,42,27,1.56,162.28,60.18,222.46,23,60,7.38
603007,20240126,20260421,20251226,5.3,6.86,29.43,29.43,71,5.75,19.3,8.49,11.32,9.81,12.26,10.49,39,27,1.44,93.4,64.91,158.31,8,60,3.31
300846,20241220,20260421,20251226,21.7,30.44,40.28,40.28,72,23.48,29.64,8.2,21.34,18.71,24.15,18.48,37,34,1.09,174.64,129.7,304.34,10,60,-0.72
688158,20241220,20260421,20251226,29.71,48.43,63.01,63.01,72,30.72,57.65,3.4,9.69,31.71,19.22,16.94,35,36,0.97,194.69,131.23,325.93,10,60,4.65
002342,20240126,20260421,20251226,8.17,19.47,138.31,138.31,72,8.67,124.57,6.12,47.86,67.81,144.55,64.84,40,31,1.29,238.25,137.37,375.62,15,60,13.53
600893,20240126,20260421,20251225,41.34,49.98,20.9,20.9,73,40.16,24.45,-3.17,6.36,15.38,17.3,9.35,37,35,1.06,121.45,96.96,218.42,14,60,-2.61
002009,20240126,20260421,20251225,17.6,24.8,40.91,40.91,73,22.21,11.66,28.52,26.7,34.89,80.0,40.18,41,30,1.37,154.07,111.74,265.81,14,60,-0.04
002025,20240126,20260421,20251225,47.87,80.46,68.08,68.08,73,51.68,55.69,4.72,37.37,16.63,8.31,18.81,43,29,1.48,159.06,99.63,258.69,12,60,2.26
301079,20241220,20260421,20251225,30.47,51.13,67.8,67.8,73,32.86,55.6,3.74,91.83,64.26,41.35,55.85,39,33,1.18,204.05,135.89,339.94,5,60,7.01
603016,20240126,20260421,20251224,27.58,50.21,82.05,82.05,74,30.09,66.87,5.95,10.95,15.59,20.63,13.28,41,32,1.28,128.09,63.0,191.09,21,60,14.48
300099,20240126,20260421,20251224,7.19,9.69,34.77,34.77,74,7.71,25.68,2.78,12.38,11.96,14.6,10.78,45,26,1.73,103.31,69.49,172.8,8,60,7.31
605118,20241220,20260421,20251224,29.96,46.5,55.21,55.21,74,30.06,54.69,0.4,3.14,39.62,42.89,21.49,41,31,1.32,100.94,53.36,154.3,11,60,6.24
002848,20240126,20260421,20251224,8.18,14.97,83.01,83.01,74,9.43,58.75,4.52,19.56,45.48,36.06,27.63,49,23,2.13,123.93,60.14,184.07,20,60,6.17
300606,20240126,20260421,20251224,22.77,38.6,69.52,69.52,74,23.02,67.68,5.27,17.08,58.1,30.96,29.8,35,37,0.95,180.07,115.07,295.14,6,60,-0.21
605007,20241220,20260421,20251224,12.9,15.52,20.31,20.31,74,13.54,14.62,6.43,3.33,5.27,7.75,5.42,37,36,1.03,109.93,86.17,196.09,7,60,11.02
300393,20240126,20260421,20251224,6.67,10.71,60.57,60.57,74,6.71,59.61,-0.3,7.2,9.45,49.33,14.8,41,32,1.28,155.22,99.84,255.07,6,60,16.16
600152,20240126,20260421,20251224,6.98,13.93,99.57,99.57,74,7.26,91.87,8.31,6.88,8.6,9.17,8.14,38,34,1.12,158.5,82.43,240.93,14,60,17.16
688033,20241220,20260421,20251224,7.05,8.31,17.87,17.87,74,7.9,5.19,8.65,21.99,23.12,13.62,17.99,41,31,1.32,136.66,111.85,248.51,12,60,-3.03
603738,20240126,20260421,20251224,15.58,31.52,102.31,102.31,74,15.92,97.99,0.71,7.38,7.77,1.8,5.05,42,29,1.45,140.1,64.0,204.1,15,60,12.93
001400,20241220,20260421,20251223,66.15,212.96,221.93,221.93,75,77.58,174.5,15.37,41.9,64.02,72.34,49.32,46,28,1.64,260.04,128.58,388.62,20,60,26.24
301252,20241220,20260421,20251223,28.26,39.4,39.42,39.42,75,33.16,18.82,6.76,11.57,14.44,12.14,11.58,37,37,1.0,119.17,81.28,200.46,6,60,2.47
301157,20241220,20260421,20251223,50.94,81.8,60.58,60.58,75,53.14,53.93,0.96,4.65,7.26,4.24,4.61,39,35,1.11,130.29,76.94,207.23,12,60,5.28
000668,20240126,20260421,20251223,9.65,14.35,48.7,48.7,75,10.31,39.19,3.52,16.99,43.32,47.77,28.35,39,33,1.18,111.81,68.82,180.63,8,60,-4.08
603052,20241220,20260421,20251223,32.74,91.69,180.05,180.05,75,34.71,164.16,-1.1,23.43,55.31,109.71,45.34,40,34,1.18,204.15,91.27,295.42,17,60,30.91
301312,20241220,20260421,20251223,49.11,117.13,138.51,138.51,75,51.89,125.73,1.81,5.27,17.29,43.96,15.92,42,32,1.31,193.11,94.89,288.0,18,60,-4.54
300594,20241220,20260421,20251223,19.12,28.48,48.95,48.95,75,19.99,42.47,5.39,3.66,27.98,37.97,18.16,37,36,1.03,147.8,100.98,248.79,11,60,-7.2
688667,20241220,20260421,20251223,67.05,145.71,117.32,117.32,75,69.93,108.37,5.01,9.25,20.34,20.13,13.9,39,34,1.15,158.12,73.68,231.8,18,60,4.9
300819,20241220,20260421,20251222,26.71,52.12,95.13,95.13,76,34.33,51.82,29.43,27.26,37.63,50.09,35.37,42,33,1.27,196.43,118.37,314.81,13,60,0.23
600350,20240126,20260421,20251222,9.42,10.34,9.77,9.77,76,9.65,7.15,3.08,0.21,8.07,8.07,4.71,38,36,1.06,43.93,33.93,77.86,15,60,4.66
688519,20241220,20260421,20251222,65.65,148.95,126.88,126.88,76,80.35,85.38,23.98,20.03,16.09,22.54,20.14,42,33,1.27,210.2,116.88,327.08,12,60,-6.67
301018,20241220,20260421,20251222,58.35,126.96,117.58,117.58,76,66.0,92.36,10.49,15.05,6.22,24.88,13.45,45,30,1.5,192.46,104.94,297.4,18,60,1.31
300201,20240126,20260421,20251222,5.93,12.02,102.7,102.7,76,6.84,75.73,10.96,14.0,26.14,40.98,22.43,40,33,1.21,141.05,65.11,206.16,22,60,3.35
002810,20240126,20260421,20251222,14.54,26.21,80.26,80.26,76,14.56,80.01,6.33,0.21,20.29,23.59,12.13,37,38,0.97,141.12,76.57,217.68,18,60,11.77
688689,20241220,20260421,20251222,26.79,37.07,38.37,38.37,76,29.39,26.13,6.42,6.91,20.38,19.86,13.44,41,34,1.21,114.45,77.92,192.37,8,60,3.29
600714,20240126,20260421,20251222,12.55,18.88,50.44,50.44,76,12.34,53.0,0.4,0.8,9.96,21.67,7.64,40,35,1.14,164.33,114.3,278.63,15,60,8.82
300757,20241220,20260421,20251222,213.0,523.46,145.76,145.76,76,262.16,99.67,8.92,18.15,37.09,99.44,38.24,41,34,1.21,218.12,116.41,334.53,23,60,8.54
002380,20240126,20260421,20251222,27.29,33.99,24.55,24.55,76,27.79,22.31,-0.88,2.78,13.74,11.21,7.02,35,39,0.9,101.99,76.13,178.12,11,60,1.22
301027,20241220,20260421,20251222,17.55,23.13,31.79,31.79,76,18.62,24.22,3.87,19.6,12.48,2.85,10.97,44,30,1.47,113.64,80.67,194.31,9,60,0.3
000423,20240126,20260421,20251222,49.25,53.97,9.58,9.58,76,49.73,8.53,0.2,3.43,1.22,7.41,2.92,36,38,0.95,45.39,35.37,80.76,13,60,-1.41
688280,20241220,20260421,20251222,8.38,11.23,34.01,34.01,76,8.76,28.2,1.55,8.23,10.14,26.25,11.07,37,37,1.0,117.33,82.21,199.55,6,60,8.61
688448,20241220,20260421,20251222,42.49,64.8,52.51,52.51,76,49.5,30.91,5.88,19.68,17.67,59.73,24.33,42,33,1.27,117.41,71.66,189.07,10,60,12.46
002569,20240126,20260421,20251222,10.29,13.89,34.99,34.99,72,13.04,6.52,14.87,33.04,38.0,36.83,31.65,35,35,1.0,111.45,77.77,189.22,8,60,10.77
300462,20240126,20260421,20251219,11.18,12.91,15.47,15.47,77,11.8,9.41,0.0,5.55,4.29,1.97,3.35,41,32,1.28,73.82,57.35,131.17,7,60,0.23
600468,20240126,20260421,20251219,7.14,8.19,14.71,14.71,77,7.15,14.55,1.96,0.14,13.45,0.84,4.64,42,33,1.27,106.88,89.03,195.91,7,60,5.81
601118,20240126,20260421,20251219,5.53,6.68,20.8,20.8,77,5.61,19.07,4.34,1.45,9.58,21.52,8.48,37,38,0.97,122.66,98.06,220.73,7,60,-1.18
688328,20241220,20260421,20251219,26.1,41.11,57.51,57.51,77,29.6,38.89,5.75,13.41,27.01,20.31,17.34,42,34,1.24,146.36,94.12,240.48,11,60,-0.02
688176,20241220,20260421,20251219,11.36,13.53,19.1,19.1,77,11.73,15.35,-1.76,3.26,16.37,7.39,7.02,34,42,0.81,121.45,96.57,218.02,13,60,-4.31
603618,20240126,20260421,20251219,7.83,25.44,224.9,224.9,77,8.34,205.04,9.83,6.51,16.22,26.95,14.18,44,31,1.42,222.14,93.65,315.79,22,60,14.59
002135,20240126,20260421,20251219,4.59,7.48,62.96,62.96,77,4.75,57.47,0.44,3.49,18.08,32.9,13.14,44,31,1.42,122.2,69.38,191.58,21,60,-1.45
688150,20241220,20260421,20251219,25.4,50.26,97.87,97.87,77,27.23,84.58,16.1,7.2,15.35,7.13,11.41,44,32,1.38,154.91,80.78,235.69,22,60,4.53
600367,20240126,20260421,20251219,17.13,22.37,30.59,30.59,77,17.48,27.97,1.05,2.04,10.27,7.3,5.36,40,36,1.11,141.12,107.85,248.97,10,60,6.47
600598,20240126,20260421,20251219,14.94,16.16,8.17,8.17,77,14.93,8.24,-0.07,-0.07,4.02,5.49,2.27,42,33,1.27,68.39,58.18,126.58,7,60,0.37
002985,20241220,20260421,20251218,30.65,37.85,23.49,23.49,78,32.37,16.93,0.16,3.52,9.69,31.09,10.21,45,32,1.41,106.08,80.79,186.87,11,60,2.3
600397,20240126,20260421,20251218,7.04,15.01,113.21,113.21,78,7.5,100.13,9.23,7.95,33.81,42.33,22.84,48,29,1.66,187.28,102.86,290.15,20,60,3.02
002631,20240126,20260421,20251218,5.26,7.51,42.78,42.78,78,5.94,26.43,11.79,13.69,8.37,8.94,10.76,38,36,1.06,114.09,74.06,188.15,6,60,2.6
603588,20240126,20260421,20251218,7.01,15.42,119.97,119.97,78,8.2,88.05,6.56,10.13,28.67,44.79,21.91,51,25,2.04,158.97,74.4,233.37,22,60,-1.66
000990,20240126,20260421,20251218,7.91,11.12,40.58,40.58,78,7.89,40.94,1.01,0.13,2.15,15.68,4.02,40,34,1.18,97.67,59.6,157.27,12,60,3.25
603977,20241220,20260421,20251218,12.92,15.01,16.18,16.18,78,13.84,8.45,13.85,7.59,19.97,13.24,13.69,39,37,1.05,107.44,88.07,195.51,5,60,4.02
688090,20241220,20260421,20251218,37.3,72.86,95.34,95.34,78,47.42,53.65,6.27,19.25,28.63,27.02,21.02,45,32,1.41,173.54,98.26,271.8,15,60,4.13
301186,20241220,20260421,20251218,45.23,73.96,63.52,63.52,78,47.85,54.57,3.78,7.36,10.83,13.09,8.83,51,26,1.96,94.63,43.18,137.81,11,60,18.07
001316,20241220,20260421,20251218,34.39,50.64,47.25,47.25,78,40.05,26.44,10.76,14.8,15.53,48.36,20.92,39,38,1.03,146.64,100.69,247.34,13,60,3.24
300506,20240126,20260421,20251218,3.16,5.0,58.23,58.23,76,4.24,17.92,32.59,34.18,32.28,53.8,37.22,35,39,0.9,125.31,73.32,198.63,7,60,1.42
301180,20241220,20260421,20251218,15.77,20.08,27.33,27.33,78,17.46,15.01,10.08,5.9,17.82,11.48,11.43,41,34,1.21,106.39,78.17,184.56,11,60,-0.74
000803,20240126,20260421,20251218,7.11,8.71,22.5,22.5,78,7.52,15.82,-0.84,0.56,18.85,30.8,11.82,38,35,1.09,105.08,80.38,185.46,7,60,5.58
603150,20241220,20260421,20251218,36.95,59.12,60.0,60.0,78,39.02,51.51,8.61,2.79,20.16,26.2,13.85,43,34,1.26,133.05,81.07,214.12,10,60,13.04
605167,20241220,20260421,20251217,11.04,18.32,65.94,65.94,79,16.48,11.17,26.09,36.78,41.94,60.05,40.84,43,33,1.3,144.76,87.93,232.69,17,60,-6.72
688601,20241220,20260421,20251217,44.05,51.74,17.46,17.46,79,45.1,14.72,1.7,-2.41,13.17,20.18,7.6,37,41,0.9,113.0,92.54,205.54,3,60,-2.36
002865,20240126,20260421,20251217,43.31,78.2,80.56,80.56,79,52.7,48.39,2.86,23.83,90.76,142.51,63.45,40,37,1.08,202.73,132.89,335.63,18,60,9.92
688248,20241220,20260421,20251217,43.02,58.68,36.4,36.4,79,46.03,27.48,1.42,4.39,23.2,23.15,13.19,36,42,0.86,111.87,76.26,188.13,6,60,4.23
688668,20241220,20260421,20251217,100.5,211.19,110.14,110.14,79,121.9,73.25,24.49,28.97,9.0,65.43,29.38,38,40,0.95,200.21,113.09,313.3,10,60,23.36
601339,20240126,20260421,20251217,5.37,8.07,50.28,50.28,79,5.85,37.95,6.33,7.82,12.29,30.54,13.41,45,29,1.55,96.46,53.35,149.81,18,60,0.12
603261,20241220,20260421,20251217,22.23,36.71,65.14,65.14,79,25.36,44.76,3.46,6.57,25.06,26.86,15.55,42,32,1.31,120.07,66.5,186.58,10,60,2.03
688097,20241220,20260421,20251217,33.05,65.86,99.27,99.27,79,38.12,72.77,1.42,13.62,17.28,19.33,13.42,45,33,1.36,146.94,72.21,219.14,17,60,0.38
688258,20241220,20260421,20251217,64.48,116.09,80.04,80.04,79,91.88,26.35,5.41,11.63,103.47,140.69,63.75,42,36,1.17,222.67,147.27,369.94,7,60,5.68
603058,20240126,20260421,20251217,9.49,12.31,29.72,29.72,79,9.31,32.22,-0.63,-0.74,1.16,13.91,2.78,37,41,0.9,110.2,80.02,190.22,8,60,-2.84
600075,20240126,20260421,20251217,4.67,6.14,31.48,31.48,79,4.97,23.54,1.28,8.14,16.49,38.54,15.35,41,35,1.17,135.26,101.49,236.75,9,60,-4.51
002155,20240126,20260421,20251217,21.02,30.39,44.58,44.58,69,21.71,39.98,4.23,1.33,60.04,57.52,30.76,35,33,1.06,143.63,98.87,242.5,8,60,2.95
002970,20241220,20260421,20251217,49.13,62.15,26.5,26.5,79,50.69,22.61,-0.14,0.1,9.38,23.98,7.61,37,41,0.9,131.97,102.31,234.28,18,60,5.34
603124,20241220,20260421,20251217,75.33,122.75,62.95,62.95,79,83.38,47.22,7.65,8.14,19.08,31.38,15.97,42,36,1.17,136.72,82.96,219.68,9,60,1.32
600026,20240126,20260421,20251217,11.94,22.28,86.6,86.6,79,11.69,90.59,-0.67,-1.93,19.68,31.66,11.52,41,36,1.14,153.7,84.47,238.17,24,60,-2.07
600230,20240126,20260421,20251217,12.89,19.48,51.12,51.12,79,15.13,28.75,2.56,12.18,16.6,68.66,22.88,35,42,0.83,169.65,118.98,288.63,12,60,-1.57
688295,20241220,20260421,20251217,24.63,60.88,147.18,147.18,79,32.87,85.21,9.09,33.58,31.38,34.88,28.28,44,34,1.29,196.83,94.98,291.8,11,60,14.91
600710,20240126,20260421,20251215,10.52,13.26,26.05,26.05,81,10.77,23.12,2.66,2.57,3.04,7.13,3.64,41,37,1.11,94.95,68.69,163.63,8,60,4.41
002142,20240126,20260421,20251215,27.95,32.42,15.99,15.99,81,28.15,15.17,2.9,0.18,4.69,9.3,3.9,40,38,1.05,56.5,40.62,97.12,8,60,4.89
300980,20241220,20260421,20251215,26.73,36.65,37.11,37.11,81,33.0,11.06,-0.49,7.82,24.58,40.59,17.74,43,37,1.16,117.2,80.81,198.01,6,60,-3.12
601778,20241220,20260421,20251215,3.71,6.51,75.47,75.47,81,3.88,67.78,4.85,3.23,10.78,15.63,8.3,44,35,1.26,160.47,97.75,258.22,19,60,7.96
605599,20241220,20260421,20251215,15.25,23.32,52.92,52.92,81,17.02,37.02,6.1,6.1,13.57,29.44,13.01,46,31,1.48,110.43,63.87,174.31,17,60,1.52
688565,20241220,20260421,20251215,10.56,12.79,21.12,21.12,81,11.38,12.39,3.6,3.69,18.28,26.89,12.69,44,33,1.33,97.48,74.76,172.24,11,60,1.19
301548,20241220,20260421,20251212,53.0,82.44,55.55,55.55,82,55.38,48.86,-1.89,5.79,17.21,53.92,17.31,41,40,1.02,153.35,101.07,254.43,12,60,14.88
688106,20241220,20260421,20251212,19.21,29.1,51.48,51.48,82,20.29,43.42,-0.05,5.0,23.37,20.72,12.64,40,41,0.98,143.45,95.81,239.26,7,60,4.34
688510,20241220,20260421,20251212,25.27,33.6,32.96,32.96,82,26.89,24.95,-3.56,7.24,26.24,45.03,18.34,44,37,1.19,152.64,115.6,268.24,19,60,3.99
600391,20240126,20260421,20251211,28.54,42.11,47.55,47.55,83,35.95,17.13,-0.56,16.33,55.57,87.98,39.05,39,43,0.91,174.32,126.14,300.45,14,60,3.92
300118,20240126,20260421,20251211,10.7,17.34,62.06,62.06,83,14.46,19.92,15.51,31.59,58.69,94.02,48.99,40,42,0.95,204.13,142.9,347.03,10,60,4.9
002471,20240126,20260421,20251211,4.83,9.54,97.52,97.52,83,7.41,28.74,14.91,13.66,70.19,77.23,43.58,47,35,1.34,239.01,156.71,395.72,13,60,8.66
002879,20240126,20260421,20251211,17.22,22.87,32.81,32.81,83,18.63,22.76,2.85,12.66,11.09,34.03,14.5,45,37,1.22,118.96,86.63,205.59,9,60,9.11
002201,20240126,20260421,20251210,8.15,12.66,55.34,55.34,84,10.93,15.83,0.74,14.6,44.42,70.06,31.87,44,37,1.19,194.99,140.31,335.29,11,60,5.41
301611,20241220,20260421,20251210,56.68,100.11,76.62,76.62,84,86.75,15.4,14.86,47.62,109.53,131.26,76.37,39,43,0.91,208.59,139.54,348.13,13,60,-1.15
688503,20241220,20260421,20251209,54.59,96.37,76.53,76.53,85,62.83,53.38,5.88,8.44,28.59,42.06,20.7,39,45,0.87,173.19,107.47,280.67,11,60,6.26
603211,20241220,20260421,20251208,18.95,27.05,42.74,42.74,86,22.98,17.71,5.7,7.23,21.32,20.32,13.77,39,46,0.85,120.46,80.54,201.0,12,60,5.66
003031,20241220,20260421,20251208,59.37,119.01,100.45,100.45,86,74.89,58.91,27.86,23.6,23.46,24.98,24.69,45,40,1.12,201.55,122.61,324.16,18,60,13.99
301235,20241220,20260421,20251208,31.03,51.74,66.74,66.74,86,39.71,30.29,5.74,14.08,29.78,50.79,24.46,44,41,1.07,200.54,137.44,337.98,12,60,2.97
688662,20241220,20260421,20251208,44.09,68.3,54.91,54.91,86,53.34,28.05,33.82,6.53,16.67,22.43,18.21,39,46,0.85,201.72,145.3,347.02,5,60,5.13
600498,20240126,20260421,20251208,24.85,52.97,113.16,113.16,86,35.29,50.1,6.56,10.99,41.97,49.18,27.04,46,38,1.21,221.86,135.45,357.31,14,60,4.31
688661,20241220,20260421,20251208,46.69,86.2,84.62,84.62,86,57.09,50.99,12.02,10.28,20.84,95.97,30.93,46,39,1.18,203.6,131.01,334.6,12,60,0.58
688630,20241220,20260421,20251208,125.94,243.93,93.69,93.69,86,142.42,71.28,-0.3,-0.25,10.71,33.1,9.7,43,42,1.02,177.72,102.82,280.55,15,60,2.98
301486,20241220,20260421,20251205,91.85,174.22,89.68,89.68,87,128.59,35.48,12.5,15.42,40.0,57.1,30.55,43,43,1.0,233.46,153.24,386.7,18,60,-2.5
301218,20241220,20260421,20251205,22.31,36.27,62.57,62.57,82,23.61,53.62,3.0,7.08,5.83,48.86,14.24,39,42,0.93,158.39,101.1,259.49,8,60,3.22
688375,20241220,20260421,20251205,68.08,140.2,105.93,105.93,87,98.3,42.62,6.33,18.83,44.39,93.43,38.92,49,37,1.32,201.15,116.65,317.81,11,60,18.66
002536,20240126,20260421,20251205,21.8,40.96,87.89,87.89,87,30.81,32.94,10.46,36.01,41.33,36.83,32.66,44,40,1.1,205.97,133.17,339.14,11,60,13.02
300739,20241220,20260421,20251205,16.73,29.02,73.46,73.46,87,18.69,55.27,5.26,2.45,11.72,15.84,8.47,47,39,1.21,165.67,101.91,267.58,17,60,-7.17
603306,20240126,20260421,20251205,47.8,106.38,122.55,122.55,87,65.78,61.72,20.67,25.94,37.62,44.04,32.01,46,40,1.15,178.03,91.05,269.08,22,60,6.93
688516,20241220,20260421,20251205,39.55,80.98,104.75,104.75,87,49.4,63.93,6.83,10.09,24.91,68.39,25.54,43,43,1.0,209.09,124.82,333.91,15,60,11.73
300900,20241220,20260421,20251205,21.36,50.2,135.02,135.02,87,36.99,35.71,11.19,14.14,73.17,67.6,41.95,46,40,1.15,277.67,174.41,452.08,12,60,25.72
001208,20241220,20260421,20251204,12.12,22.85,88.53,88.53,88,23.45,-2.56,11.39,71.62,98.35,109.9,75.25,47,40,1.18,215.53,140.85,356.38,14,60,17.48
601698,20241220,20260421,20251204,21.54,37.38,73.54,73.54,88,39.3,-4.89,6.92,12.21,65.88,86.44,42.1,52,35,1.49,184.44,119.27,303.71,15,60,10.27
300265,20240126,20260421,20251204,9.8,21.38,118.16,118.16,88,13.65,56.63,2.14,31.12,36.73,43.88,29.56,45,42,1.07,262.28,165.26,427.54,13,60,12.47
688017,20241220,20260421,20251203,145.45,210.77,44.91,44.91,89,191.06,10.32,8.48,3.6,31.39,38.1,19.81,47,41,1.15,137.88,95.52,233.4,9,60,1.87
002498,20240126,20260421,20251203,3.61,9.4,160.39,160.39,89,3.82,146.07,2.77,8.03,6.65,9.7,6.9,44,44,1.0,223.48,116.23,339.71,15,60,21.6
002361,20240126,20260421,20251202,6.81,20.63,202.94,202.94,90,13.7,50.58,-1.32,4.85,112.78,166.08,68.24,50,39,1.28,294.98,166.55,461.54,20,60,22.43
600345,20240126,20260421,20251202,27.29,53.13,94.69,94.69,90,35.9,47.99,4.07,7.91,22.76,44.19,18.85,49,40,1.23,225.91,147.35,373.26,16,60,1.68
301191,20241220,20260421,20251202,112.2,146.03,30.15,30.15,90,110.0,32.75,-6.67,-8.47,3.52,6.33,-1.55,40,49,0.82,173.34,138.04,311.38,8,60,3.38
688376,20241220,20260421,20251202,46.0,71.59,55.63,55.63,90,62.65,14.27,4.57,13.76,29.67,36.54,21.25,46,43,1.07,182.0,127.36,309.37,5,60,1.32
002149,20240126,20260421,20251202,18.55,60.28,224.96,224.96,90,46.03,30.96,21.67,62.64,141.02,138.44,93.12,49,40,1.23,268.08,136.73,404.81,23,60,20.56
603698,20240126,20260421,20251128,18.86,45.7,142.31,142.31,92,38.4,19.01,7.69,23.17,98.41,156.63,69.34,51,40,1.27,242.39,141.04,383.43,15,60,27.16
002519,20240126,20260421,20251128,5.14,8.67,68.68,68.68,92,7.13,21.6,16.34,33.85,18.87,123.15,43.71,53,38,1.39,240.09,173.54,413.63,12,60,7.97
300567,20240126,20260421,20251128,67.03,128.88,92.27,92.27,92,95.02,35.63,0.03,14.61,25.7,63.46,24.79,48,42,1.14,177.88,104.39,282.27,18,60,-2.21
688586,20241220,20260421,20251128,11.42,14.44,26.44,26.44,92,12.85,12.37,4.47,5.52,14.01,59.02,18.56,43,47,0.91,142.57,111.58,254.16,8,60,2.27
603601,20240126,20260421,20251128,5.06,15.57,207.71,207.71,92,12.99,19.86,0.4,51.38,139.72,189.33,95.28,51,39,1.31,299.63,170.26,469.89,17,60,9.65
002358,20240126,20260421,20251128,5.38,7.7,43.12,43.12,92,5.46,41.03,2.42,2.79,5.76,8.55,4.76,46,44,1.05,139.66,98.07,237.73,9,60,4.48
300812,20241220,20260421,20251127,24.1,40.2,66.8,66.8,93,29.57,35.95,15.15,19.0,26.14,24.02,21.38,44,48,0.92,201.72,138.72,340.44,12,60,-4.08
301306,20241220,20260421,20251127,56.92,179.38,215.14,215.14,93,137.23,30.71,4.41,18.94,88.6,159.61,65.07,52,40,1.3,289.82,156.08,445.91,18,60,9.67
300129,20240126,20260421,20251127,7.88,13.03,65.36,65.36,93,10.59,23.04,5.58,10.03,13.32,94.92,27.11,53,39,1.36,179.28,119.47,298.75,9,60,3.09
300303,20240126,20260421,20251127,6.57,9.95,51.45,51.45,93,6.93,43.58,1.98,8.37,6.24,6.85,6.15,42,47,0.89,148.23,98.5,246.73,11,60,1.53
301571,20241220,20260421,20251127,47.51,77.14,62.37,62.37,93,56.44,36.68,2.42,6.08,10.42,28.23,11.08,53,39,1.36,135.52,82.82,218.34,21,60,7.89
688272,20241220,20260421,20251127,26.16,46.2,76.61,76.61,93,29.82,54.93,6.8,8.94,11.09,21.56,11.68,48,44,1.09,201.01,132.67,333.69,17,60,-8.3
300672,20241220,20260421,20251127,89.89,165.6,84.23,84.23,93,107.68,53.79,10.13,14.61,16.43,31.17,17.57,54,38,1.42,191.4,120.52,311.92,14,60,-4.0
600750,20240126,20260421,20251126,21.81,27.22,24.81,24.81,94,23.1,17.84,5.46,7.61,13.11,5.91,8.49,48,45,1.07,64.13,40.8,104.93,15,60,4.85
001389,20241220,20260421,20251125,68.13,148.3,117.67,117.67,95,82.64,79.45,2.72,5.75,17.36,22.38,11.95,54,39,1.38,172.47,87.88,260.35,20,60,11.44
688127,20241220,20260421,20251125,29.92,70.67,136.2,136.2,95,38.86,81.86,5.98,19.75,24.0,33.99,21.12,54,40,1.35,170.37,77.75,248.13,27,60,6.38
000975,20240126,20260421,20251125,20.64,30.37,47.14,47.14,95,24.68,23.06,8.67,6.01,21.37,20.98,14.14,49,45,1.09,155.24,109.71,264.95,12,60,-0.1
002300,20240126,20260421,20251124,6.68,10.42,55.99,55.99,96,9.14,14.0,4.79,55.09,59.73,37.57,42.92,51,44,1.16,203.39,148.3,351.69,5,60,9.8
301338,20241220,20260421,20251124,57.28,180.89,215.8,215.8,96,85.61,111.3,15.64,15.87,26.68,49.53,25.8,53,42,1.26,254.98,125.66,380.65,18,60,10.98
600768,20240126,20260421,20251124,12.58,17.6,39.9,39.9,96,14.17,24.21,5.72,8.35,5.09,13.91,7.96,56,39,1.44,121.53,84.35,205.88,17,60,8.71
002438,20240126,20260421,20251124,13.6,16.78,23.38,23.38,96,16.12,4.09,1.4,8.31,12.87,17.43,10.12,51,43,1.19,124.91,99.24,224.15,10,60,1.39
603017,20240126,20260421,20251124,10.07,14.21,41.11,41.11,96,11.0,29.18,7.15,11.12,0.2,9.63,6.75,46,47,0.98,177.39,133.38,310.77,8,60,6.44
300395,20240126,20260421,20251124,72.3,110.91,53.4,53.4,96,102.58,8.12,8.34,11.09,23.35,39.13,19.83,53,42,1.26,194.27,141.8,336.06,8,60,0.69
600522,20240126,20260421,20251124,15.71,30.95,97.01,97.01,96,18.3,69.13,0.76,6.68,16.93,16.23,10.48,54,40,1.35,167.06,93.24,260.3,14,60,9.25
002969,20241220,20260421,20251124,3.65,22.6,519.18,519.18,83,13.7,64.96,5.75,18.36,168.22,328.49,122.82,50,31,1.61,345.65,144.31,489.96,30,60,-7.07
300943,20241220,20260421,20251124,17.22,30.67,78.11,78.11,96,20.77,47.66,6.16,12.6,17.13,23.69,14.89,49,44,1.11,219.78,148.35,368.13,9,60,-9.26
688300,20241220,20260421,20251124,54.27,94.8,74.68,74.68,96,63.72,48.78,3.19,5.62,4.64,18.67,7.45,50,45,1.11,171.33,107.71,279.04,8,60,-0.47
300835,20241220,20260421,20251124,58.33,94.7,62.35,62.35,96,65.24,45.16,5.79,3.51,8.74,12.12,7.26,54,41,1.32,165.28,109.9,275.18,8,60,3.84
300342,20240126,20260421,20251124,18.05,63.02,249.14,249.14,96,33.15,90.11,9.03,16.45,58.34,92.19,42.68,57,38,1.5,279.36,138.16,417.52,21,60,17.6
600330,20240126,20260421,20251124,9.04,23.9,164.38,164.38,96,12.97,84.27,7.63,9.29,30.53,39.82,21.44,50,45,1.11,272.81,161.42,434.22,18,60,15.96
002491,20240126,20260421,20251124,5.49,16.64,203.1,203.1,96,6.02,176.41,2.37,4.01,30.42,12.2,13.24,54,40,1.35,249.8,127.05,376.85,17,60,10.27
688270,20241220,20260421,20251124,60.66,175.16,188.76,188.76,95,125.37,39.71,7.98,24.46,86.27,125.73,59.96,54,40,1.35,263.1,140.31,403.41,18,60,15.46
600879,20240126,20260421,20251124,10.9,25.53,134.22,134.22,96,21.75,17.38,0.64,16.42,65.78,119.54,48.7,51,44,1.16,221.77,125.87,347.64,22,60,13.42
000890,20240126,20260421,20251124,4.38,13.55,209.36,209.36,96,5.09,166.21,2.28,1.14,33.11,17.81,14.29,55,38,1.45,268.88,140.92,409.8,20,60,11.98
301070,20241220,20260421,20251124,52.77,93.13,76.48,76.48,96,64.2,45.06,7.28,10.59,11.31,25.05,13.04,47,47,1.0,149.84,86.6,236.44,4,60,-3.99
301526,20241220,20260421,20251124,5.54,13.87,150.36,150.36,96,7.18,93.18,3.25,30.87,15.88,30.32,20.74,48,45,1.07,237.18,131.56,368.74,12,60,-6.66
002281,20240126,20260421,20251124,56.95,120.05,110.8,110.8,96,70.83,69.49,6.46,10.11,20.25,22.0,14.8,53,42,1.26,190.74,108.46,299.2,16,60,7.76
300870,20241220,20260421,20251124,186.18,386.0,107.33,107.33,96,230.1,67.75,12.39,3.66,10.71,22.45,11.28,48,47,1.02,235.68,150.74,386.42,13,60,21.04
688543,20241220,20260421,20251121,52.86,72.7,37.53,37.53,97,62.18,16.92,-1.04,3.01,4.99,17.63,5.72,49,47,1.04,153.13,113.98,267.11,8,60,0.28
300855,20241220,20260421,20251120,27.1,42.1,55.35,55.35,98,32.29,30.38,-0.26,-0.3,10.33,19.19,6.8,51,45,1.13,161.69,110.58,272.27,16,60,-1.66
301248,20241220,20260421,20251117,27.66,60.31,118.04,118.04,101,33.97,77.54,-0.54,2.31,3.94,12.65,4.3,54,46,1.17,214.32,123.17,337.49,13,60,19.59
603829,20241220,20260421,20251113,19.66,29.62,50.66,50.66,103,22.28,32.94,22.02,25.48,66.53,25.79,37.16,60,41,1.46,181.25,131.06,312.31,9,60,7.2
301228,20241220,20260421,20251110,28.14,56.98,102.49,102.49,106,38.76,47.01,21.54,41.44,54.3,44.31,41.89,51,53,0.96,204.72,124.48,329.2,14,60,6.27
603345,20240126,20260421,20251110,78.08,92.77,18.81,18.81,106,81.41,13.95,4.42,0.58,2.51,6.57,3.12,53,52,1.02,90.4,71.21,161.61,15,60,-2.86
000039,20240126,20260421,20251107,8.03,11.45,42.59,42.59,107,10.27,11.49,1.25,5.85,13.95,11.08,8.41,52,52,1.0,148.04,106.42,254.45,13,60,-2.3
300102,20240126,20260421,20251107,14.56,35.51,143.89,143.89,107,26.07,36.21,-2.34,-3.71,43.96,70.81,25.77,50,56,0.89,290.03,181.36,471.39,14,60,6.96
300775,20241220,20260421,20251106,30.59,38.06,24.42,24.42,108,30.69,24.01,-4.45,-5.49,-8.43,-6.37,-6.34,48,57,0.84,169.92,138.81,308.73,10,60,1.28
002413,20240126,20260421,20251105,5.56,14.08,153.24,153.24,109,13.81,1.96,2.16,4.14,66.73,74.1,36.51,61,45,1.36,283.54,174.85,458.4,19,60,5.23
002667,20240126,20260421,20251105,12.45,28.83,131.57,131.57,104,13.21,118.24,8.35,24.5,17.99,9.48,16.31,59,43,1.37,232.4,137.22,369.62,19,60,0.24
300272,20240126,20260421,20251103,6.56,8.56,30.49,30.49,111,7.64,12.04,3.81,24.54,12.04,8.23,13.38,64,44,1.45,124.98,93.66,218.65,5,60,1.54
600754,20240126,20260421,20251103,23.06,27.14,17.69,17.69,111,24.38,11.32,-0.61,12.45,10.1,4.51,7.54,61,48,1.27,112.45,92.56,205.0,8,60,1.08
605299,20241220,20260421,20251103,9.42,20.53,117.94,117.94,111,11.4,80.09,2.23,5.2,8.17,30.68,10.59,62,48,1.29,218.98,129.88,348.86,18,60,14.56
002956,20241220,20260421,20251103,21.92,27.52,25.55,25.55,111,26.67,3.19,1.46,13.87,17.75,9.22,11.62,57,52,1.1,111.93,86.33,198.26,11,60,1.74
000533,20240126,20260421,20251103,7.19,15.98,122.25,122.25,111,8.5,88.0,25.73,29.76,12.24,21.28,22.0,58,51,1.14,248.87,156.0,404.86,17,60,7.1
600550,20240126,20260421,20251103,8.88,16.37,84.35,84.35,111,10.85,50.88,24.32,29.95,7.09,15.43,19.06,54,56,0.96,216.41,145.27,361.67,19,60,9.65
600135,20240126,20260421,20251031,7.55,11.19,48.21,48.21,112,9.87,13.37,1.06,3.31,3.18,17.62,5.68,59,51,1.16,183.46,135.43,318.89,11,60,9.92
000338,20240126,20260421,20251031,14.96,26.36,76.2,76.2,112,17.4,51.49,20.52,20.32,13.5,16.98,17.65,59,52,1.13,176.6,113.72,290.32,21,60,0.69
301286,20241220,20260421,20251031,27.01,50.63,87.45,87.45,112,42.45,19.27,-0.59,20.84,39.02,42.28,26.3,50,60,0.83,204.74,130.05,334.79,17,60,7.45
603489,20241220,20260421,20251031,27.96,38.35,37.16,37.16,112,29.9,28.26,8.37,7.8,13.66,9.23,9.96,60,50,1.2,135.83,99.91,235.74,10,60,12.17
603663,20240126,20260421,20251031,26.49,48.7,83.84,83.84,112,35.62,36.72,9.66,46.47,20.23,32.13,28.37,61,50,1.22,185.57,117.43,303.0,15,60,11.59
002853,20240126,20260421,20251031,13.1,26.39,101.45,101.45,107,20.95,25.97,2.37,5.8,7.25,65.04,17.4,56,49,1.14,178.19,100.74,278.93,23,60,2.84
603629,20241220,20260421,20251030,24.34,107.28,340.76,340.76,113,27.65,287.99,25.06,13.39,7.23,16.27,14.45,62,48,1.29,286.54,124.51,411.04,27,60,34.18
300058,20240126,20260421,20251030,6.76,19.53,188.91,188.91,113,13.82,41.32,18.93,17.31,61.69,35.95,34.68,62,50,1.24,314.92,187.79,502.71,18,60,13.09
300005,20240126,20260421,20251029,9.11,14.7,61.36,61.36,114,11.11,32.31,5.71,16.25,15.81,14.16,13.59,69,42,1.64,161.23,107.44,268.67,15,60,1.8
000007,20240126,20260421,20251029,7.99,13.83,73.09,73.09,114,11.52,20.05,7.38,14.64,18.52,27.16,16.86,63,49,1.29,154.73,94.96,249.69,25,60,3.52
000547,20240126,20260421,20251024,7.98,28.75,260.28,260.28,117,33.08,-13.09,7.77,8.4,72.68,134.34,52.75,67,49,1.37,333.45,187.2,520.66,24,60,5.82
603499,20241220,20260421,20251024,17.72,22.35,26.13,26.13,117,20.9,6.94,-2.77,-3.39,13.04,10.89,4.52,60,55,1.09,134.06,106.19,240.25,12,60,1.36
200429,20240126,20260421,20251024,8.34,8.93,7.07,7.07,118,8.69,2.76,3.0,4.92,2.76,4.32,3.77,57,47,1.21,30.08,23.03,53.11,10,60,-0.22
003041,20241220,20260421,20251024,28.53,61.37,115.11,115.11,112,54.98,11.62,17.0,30.7,106.98,50.89,54.88,61,50,1.22,278.97,186.13,465.1,15,60,17.91
300518,20240126,20260421,20251023,13.52,24.31,79.81,79.81,118,19.45,24.99,14.72,18.2,20.41,23.3,19.19,59,57,1.04,204.0,136.51,340.51,14,60,19.64
003018,20241220,20260421,20251021,11.87,43.14,263.44,263.44,120,17.14,151.69,1.6,4.63,15.25,90.14,24.31,70,48,1.46,318.17,172.38,490.55,20,60,15.47
002931,20241220,20260421,20251021,16.08,69.25,330.66,330.66,107,34.87,98.59,12.31,3.54,27.18,30.97,17.87,56,49,1.14,318.11,155.07,473.17,25,60,-0.69
300849,20241220,20260421,20251021,14.76,22.02,49.19,49.19,120,15.76,39.72,1.42,0.68,7.38,5.76,3.85,61,55,1.11,147.49,102.26,249.74,14,60,7.47
300385,20240126,20260421,20251021,5.34,16.51,209.18,209.18,116,6.3,162.06,3.18,5.99,17.04,24.16,12.38,61,52,1.17,281.57,150.07,431.64,19,60,20.34
301205,20241220,20260421,20251020,89.91,280.51,211.99,211.99,121,169.31,65.68,6.42,28.4,12.78,39.78,21.59,61,59,1.03,330.09,196.76,526.86,19,60,7.95
002795,20240126,20260421,20251020,5.17,8.38,62.09,62.09,121,6.23,34.51,2.13,0.97,17.99,34.24,12.96,56,60,0.93,192.22,135.7,327.92,8,60,2.32
300964,20241220,20260421,20251020,44.06,75.41,71.15,71.15,121,56.56,33.33,2.66,30.93,23.69,21.33,21.18,62,58,1.07,221.44,156.24,377.68,12,60,0.65
300720,20241220,20260421,20251020,23.32,64.03,174.57,174.57,121,34.78,84.1,5.79,11.45,24.06,23.71,16.55,67,50,1.34,257.59,142.73,400.31,19,60,16.44
300343,20240126,20260421,20251020,4.85,6.76,39.38,39.38,121,6.06,11.55,5.15,5.15,29.48,28.66,17.15,68,46,1.48,127.2,90.47,217.67,5,60,1.81
603991,20240126,20260421,20251020,66.48,117.24,76.35,76.35,121,74.22,57.96,0.62,-0.86,7.82,6.23,3.46,63,56,1.12,158.12,96.8,254.92,20,60,11.0
002729,20240126,20260421,20251020,14.28,20.25,41.79,41.79,121,16.15,25.39,4.2,0.91,9.73,15.61,7.15,60,60,1.0,140.23,100.48,240.71,16,60,-2.64
688455,20241220,20260421,20251020,14.57,29.85,104.87,104.87,121,20.07,48.73,3.09,10.09,19.08,17.23,12.82,67,51,1.31,180.38,102.16,282.54,21,60,3.04
001228,20241220,20260421,20251020,25.89,34.39,32.82,32.82,121,26.78,28.42,0.39,3.67,9.0,5.7,5.02,62,58,1.07,115.55,84.23,199.77,9,60,2.87
300626,20240126,20260421,20251020,12.66,28.75,127.09,127.09,121,15.05,91.03,2.37,5.61,3.87,17.85,6.89,63,55,1.15,246.17,152.5,398.66,20,60,4.28
688048,20241220,20260421,20251020,69.68,309.18,343.71,343.71,121,128.25,141.08,7.61,3.56,17.7,70.35,21.97,60,60,1.0,397.5,221.61,619.1,26,60,6.98
300668,20241220,20260421,20251020,17.87,59.46,232.74,232.74,121,29.02,104.89,6.32,5.82,8.95,9.07,7.51,68,51,1.33,229.59,98.86,328.45,23,60,3.91
003004,20241220,20260421,20251020,19.29,33.49,73.61,73.61,121,23.52,42.39,4.56,8.76,19.18,12.49,11.79,68,51,1.33,159.04,99.38,258.42,19,60,8.17
002218,20240126,20260421,20251020,3.57,5.65,58.26,58.26,121,4.24,33.25,-0.28,2.24,28.85,10.36,11.34,64,56,1.14,245.97,186.86,432.83,14,60,-0.18
000595,20240126,20260421,20251015,4.92,6.76,37.4,37.4,124,5.61,20.5,2.85,2.64,11.38,14.02,7.58,64,52,1.23,124.79,89.91,214.7,9,60,4.16
601187,20241220,20260421,20251014,6.55,7.75,18.32,18.32,125,7.33,5.73,3.21,1.37,11.45,3.51,5.19,55,64,0.86,97.28,77.99,175.27,8,60,1.57
601857,20240126,20260421,20251014,8.33,11.48,37.82,37.82,125,10.07,14.0,3.48,10.08,18.49,17.41,12.75,64,59,1.08,121.53,85.98,207.51,21,60,-3.77
600901,20241220,20260421,20251014,5.67,6.91,21.87,21.87,125,6.15,12.36,0.71,5.47,10.41,11.11,7.13,60,61,0.98,75.29,54.33,129.62,22,60,1.62
603778,20240126,20260421,20251014,3.58,26.68,645.25,645.25,122,19.36,37.81,20.67,24.3,62.29,125.98,55.31,75,46,1.63,488.49,257.72,746.21,36,60,-10.44
000582,20240126,20260421,20251010,8.54,11.0,28.82,28.82,127,9.36,17.52,1.64,5.16,5.52,2.94,4.12,66,59,1.12,106.41,78.55,184.96,12,60,2.71
603938,20241220,20260421,20251009,14.54,28.65,97.04,97.04,128,19.42,47.53,9.97,35.49,29.71,34.32,28.42,68,56,1.21,265.65,184.24,449.89,16,60,3.54
300055,20240126,20260421,20251009,6.01,11.49,91.18,91.18,128,8.07,42.38,17.3,18.14,29.62,43.59,26.51,73,53,1.38,180.92,109.69,290.61,19,60,-8.66
600759,20240126,20260421,20251009,2.31,5.22,125.97,125.97,128,3.04,71.71,0.87,8.23,22.08,19.05,13.08,65,60,1.08,297.06,199.58,496.64,25,60,-6.62
301292,20241220,20260421,20250929,20.31,91.5,350.52,350.52,130,68.5,33.58,30.18,53.72,53.77,279.71,94.22,61,68,0.9,436.25,251.63,687.88,21,60,-14.37
300970,20241220,20260421,20250929,14.87,33.46,125.02,125.02,130,20.1,66.47,1.28,1.28,15.74,22.46,9.85,77,52,1.48,190.78,103.31,294.09,23,60,11.35
002318,20240126,20260421,20250929,24.4,29.42,20.57,20.57,130,28.99,1.48,7.46,4.39,4.67,6.8,5.57,66,62,1.06,127.85,105.11,232.95,16,60,-2.1
603353,20241220,20260421,20250926,16.35,37.98,132.29,132.29,131,27.97,35.79,3.61,9.48,31.99,71.44,27.45,65,65,1.0,279.05,180.27,459.32,24,60,-4.57
002899,20241220,20260421,20250925,22.04,34.33,55.76,55.76,132,27.25,25.98,5.85,6.72,8.3,10.21,7.72,72,57,1.26,153.69,104.78,258.47,16,60,6.95
600219,20240126,20260421,20250924,3.54,6.21,75.23,75.23,133,5.5,12.91,4.51,9.88,21.73,43.17,19.02,71,54,1.31,200.25,135.27,335.52,21,60,-2.66
000510,20240126,20260421,20250924,5.2,15.1,190.38,190.38,133,12.13,24.48,8.46,7.88,5.0,23.46,10.25,72,59,1.22,322.21,199.06,521.26,33,60,1.21
000155,20240126,20260421,20250924,10.12,16.84,66.4,66.4,133,12.18,38.26,1.98,4.55,20.55,21.25,12.18,72,57,1.26,190.62,132.41,323.03,21,60,-0.47
002348,20240126,20260421,20250924,3.71,9.73,162.26,162.26,128,6.16,57.95,4.58,8.36,16.98,29.92,14.5,76,48,1.58,231.72,126.11,357.83,26,60,1.67
600236,20240126,20260421,20250924,6.39,10.21,59.78,59.78,133,7.89,29.4,2.03,11.11,16.59,14.71,11.66,69,58,1.19,146.87,95.41,242.29,22,60,4.18
688625,20241220,20260421,20250924,32.96,68.84,108.86,108.86,133,42.38,62.44,15.17,15.59,14.68,24.7,17.06,78,54,1.44,210.36,128.86,339.22,20,60,-0.48
600783,20240126,20260421,20250924,12.92,21.69,67.88,67.88,133,22.26,-2.56,4.64,8.36,16.95,13.16,11.15,66,65,1.02,247.29,182.29,429.58,19,60,3.83
605056,20241220,20260421,20250922,14.72,29.06,97.42,97.42,135,17.14,69.54,7.0,16.37,11.14,15.29,12.71,76,57,1.33,190.41,116.38,306.79,21,60,3.6
601179,20240126,20260421,20250917,6.49,18.22,180.61,180.61,138,9.45,92.8,-0.66,4.11,8.27,36.92,10.97,70,66,1.06,268.6,154.35,422.95,23,60,12.47
603097,20241220,20260421,20250916,22.25,33.76,51.73,51.73,139,28.33,19.17,0.22,2.25,7.42,24.81,7.91,71,67,1.06,195.82,146.45,342.27,23,60,4.33
603398,20241220,20260421,20250916,6.96,11.5,65.23,65.23,139,8.68,32.49,11.78,35.34,12.07,13.22,19.22,71,65,1.09,241.96,183.04,425.0,22,60,-9.8
300179,20240126,20260421,20250911,9.88,26.49,168.12,168.12,142,15.55,70.35,8.4,10.22,30.26,39.68,21.76,72,69,1.04,350.24,231.24,581.48,15,60,10.51
002713,20240126,20260421,20250909,3.56,14.3,301.8,301.8,140,9.43,51.64,-0.2,7.28,44.09,104.38,36.25,86,51,1.69,335.1,184.2,519.3,40,60,-4.16
000949,20240126,20260421,20250908,4.06,8.04,98.03,98.03,145,5.44,47.79,5.42,4.19,7.39,5.42,5.64,83,59,1.41,242.27,163.32,405.59,20,60,9.09
002647,20240126,20260421,20250905,5.7,11.54,102.46,102.46,145,7.62,51.44,2.63,15.96,23.68,20.53,16.52,77,66,1.17,214.1,137.08,351.19,21,60,10.85
001309,20241220,20260421,20250905,95.57,515.0,438.87,438.87,146,249.9,106.08,4.43,34.13,107.18,126.97,68.67,82,63,1.3,379.5,193.5,573.0,37,60,2.87
688548,20241220,20260421,20250905,11.06,26.28,137.55,137.55,146,15.33,71.43,-0.99,0.9,12.2,13.44,6.42,69,76,0.91,220.62,126.03,346.65,29,60,7.79
688646,20241220,20260421,20250905,31.0,53.77,73.45,73.45,146,35.87,49.9,4.19,2.58,1.26,4.32,2.85,85,60,1.42,157.0,97.48,254.47,20,60,4.41
603843,20240126,20260421,20250905,3.07,8.02,161.24,161.24,116,5.64,42.2,13.36,44.3,89.9,156.03,74.14,68,46,1.48,295.3,187.98,483.28,26,60,-5.2
688525,20241220,20260421,20250905,71.66,268.7,274.97,274.97,146,124.1,116.52,4.61,8.62,34.66,66.2,27.15,74,71,1.04,363.81,211.53,575.34,29,60,-6.73
605098,20241220,20260421,20250904,35.83,62.75,75.13,75.13,147,42.28,48.42,1.23,2.09,1.59,13.87,4.12,83,63,1.32,134.97,75.74,210.71,26,60,14.76
002452,20240126,20260421,20250904,7.19,11.15,55.08,55.08,147,8.42,32.42,2.5,4.31,7.93,4.73,5.12,72,69,1.04,153.82,104.99,258.82,16,60,3.72
002772,20240126,20260421,20250904,7.98,19.0,138.1,138.1,147,14.33,32.59,4.51,32.08,29.57,35.84,26.56,73,71,1.03,244.23,147.58,391.81,27,60,12.56
002350,20240126,20260421,20250904,6.84,13.77,101.32,101.32,147,8.23,67.31,1.9,5.26,7.31,11.11,6.37,88,55,1.6,201.86,124.81,326.66,21,60,-0.79
601126,20240126,20260421,20250903,16.77,48.83,191.17,191.17,148,30.34,60.94,3.28,2.5,20.39,57.54,19.03,81,66,1.23,271.04,153.31,424.36,27,60,10.73
000035,20240126,20260421,20250901,4.45,7.15,60.67,60.67,150,5.62,27.22,4.72,11.01,12.13,29.44,13.77,73,68,1.07,180.09,125.74,305.82,20,60,6.88
001337,20241220,20260421,20250829,24.07,48.46,101.33,101.33,151,28.8,68.26,5.15,16.7,13.17,23.31,14.65,79,71,1.11,278.25,194.47,472.72,18,60,-0.7
300096,20240126,20260421,20250825,4.82,9.68,100.83,100.83,155,7.44,30.11,17.43,27.39,31.33,61.62,33.43,82,67,1.22,236.91,155.99,392.9,13,60,4.2
600988,20240126,20260421,20250825,25.3,44.24,74.86,74.86,153,31.99,38.29,2.65,10.08,9.09,26.88,11.66,82,70,1.17,248.26,181.77,430.03,11,60,0.52
605117,20241220,20260421,20250822,57.4,143.07,149.23,149.23,156,87.13,64.2,6.41,17.72,20.21,29.88,18.64,81,74,1.09,251.38,150.82,402.2,29,60,-0.99
600989,20241220,20260421,20250820,15.69,27.36,74.38,74.38,158,19.5,40.31,8.09,8.8,8.09,13.45,9.38,87,70,1.24,187.84,126.31,314.14,34,60,-7.25
000833,20240126,20260421,20250818,12.36,26.33,113.03,113.03,160,19.74,33.38,0.57,5.5,24.43,8.33,10.76,81,78,1.04,287.26,199.52,486.78,22,60,4.28
688120,20241220,20260421,20250818,112.56,189.09,67.99,67.99,160,156.52,20.81,10.92,11.94,4.92,44.99,16.24,87,72,1.21,203.99,145.15,349.14,17,60,2.85
300751,20241220,20260421,20250815,77.63,238.94,207.79,207.79,161,194.03,23.15,2.86,13.86,20.16,26.73,16.12,75,82,0.91,392.85,255.84,648.69,29,60,10.72
688766,20241220,20260421,20250815,68.08,271.4,298.65,298.65,151,152.65,77.79,12.88,17.76,14.92,53.86,23.15,75,75,1.0,420.85,256.15,676.99,28,60,0.14
000703,20240126,20260421,20250815,6.09,15.3,151.23,151.23,161,10.4,47.12,3.12,5.42,10.67,4.93,6.44,85,74,1.15,260.4,158.47,418.86,37,60,-2.24
688172,20241220,20260421,20250815,19.75,40.35,104.3,104.3,161,32.46,24.31,5.52,14.53,14.33,21.52,14.07,85,74,1.15,317.79,228.64,546.43,20,60,2.78
603105,20241220,20260421,20250815,8.4,11.22,33.57,33.57,161,9.29,20.78,2.74,6.19,10.36,5.83,6.68,78,76,1.03,155.56,121.87,277.43,14,60,4.47
002429,20240126,20260421,20250815,4.65,10.96,135.7,135.7,161,7.4,48.11,17.63,23.44,27.74,48.82,28.64,87,70,1.24,281.2,183.6,464.8,25,60,4.58
300666,20240126,20260421,20250814,72.7,156.96,115.9,115.9,157,100.3,56.49,11.99,9.97,1.38,35.93,12.99,74,81,0.91,248.13,160.15,408.27,21,60,-3.06
002911,20241220,20260421,20250813,11.51,13.7,19.03,19.03,163,12.08,13.41,6.86,3.04,-3.13,1.22,1.59,77,83,0.93,155.7,132.68,288.38,19,60,-1.01
688433,20241220,20260421,20250813,41.01,83.69,104.07,104.07,163,79.4,5.4,1.93,5.83,21.82,38.5,16.38,82,79,1.04,302.11,216.34,518.45,31,60,4.22
688200,20241220,20260421,20250813,141.7,294.21,107.63,107.63,163,192.65,52.72,1.96,18.0,18.77,46.58,20.74,85,77,1.1,271.28,187.23,458.51,22,60,-0.92
002047,20240126,20260421,20250812,2.22,5.81,161.71,161.71,159,3.7,57.03,-1.35,-2.7,12.16,6.76,3.92,83,69,1.2,247.77,144.2,391.97,35,60,7.99
300054,20240126,20260421,20250812,28.89,52.52,81.79,81.79,164,39.06,34.46,3.74,9.24,3.84,21.5,8.97,84,79,1.06,223.84,155.7,379.54,20,60,-1.0
300857,20241220,20260421,20250812,85.66,307.99,259.55,259.55,164,185.73,65.83,10.67,25.38,31.5,104.33,40.06,81,82,0.99,371.74,222.99,594.73,31,60,23.39
688372,20241220,20260421,20250812,60.07,155.5,158.86,158.86,164,110.96,40.14,13.13,32.65,24.89,37.34,27.36,94,69,1.36,303.89,196.35,500.24,33,60,2.37
300408,20240126,20260421,20250811,34.9,63.49,81.92,81.92,165,46.63,36.16,22.15,25.36,14.53,38.48,24.09,78,84,0.93,248.31,178.47,426.78,15,60,-1.73
301358,20241220,20260421,20250811,34.02,83.13,144.36,144.36,165,65.34,27.23,3.64,1.65,18.96,25.34,11.98,86,78,1.1,313.13,208.83,521.96,28,60,-1.21
002897,20241220,20260421,20250811,40.7,67.29,65.33,65.33,165,52.52,28.12,2.09,10.69,9.14,26.88,11.74,87,76,1.14,228.29,170.06,398.35,15,60,2.22
603031,20240126,20260421,20250807,29.3,54.87,87.27,87.27,167,44.44,23.47,11.5,22.63,23.62,30.27,22.23,83,82,1.01,289.76,213.67,503.43,17,60,6.13
002571,20240126,20260421,20250806,6.18,12.08,95.47,95.47,163,12.94,-6.65,10.68,16.34,21.2,27.18,18.83,80,77,1.04,240.31,163.65,403.96,17,60,-0.41
002937,20241220,20260421,20250806,17.79,31.71,78.25,78.25,168,23.77,33.4,6.8,12.03,5.34,7.14,8.0,84,82,1.02,197.05,133.68,330.73,32,60,2.26
601872,20240126,20260421,20250805,6.05,19.08,215.37,215.37,169,8.97,112.71,0.83,-0.33,8.76,47.11,12.12,85,77,1.1,312.57,184.21,496.78,33,60,2.97
603667,20240126,20260421,20250805,38.07,70.16,84.29,84.29,169,74.2,-5.44,1.0,8.54,2.78,18.73,7.34,81,87,0.93,297.93,223.24,521.18,20,60,-1.53
002812,20240126,20260421,20250805,30.87,72.15,133.72,133.72,159,56.25,28.27,2.75,3.89,5.6,41.11,11.62,89,66,1.35,260.49,164.18,424.66,25,60,2.05
300137,20240126,20260421,20250804,6.2,15.25,145.97,145.97,169,10.3,48.06,12.58,11.45,9.68,14.19,11.69,96,68,1.41,221.55,124.93,346.47,32,60,2.9
002922,20241220,20260421,20250804,16.99,39.84,134.49,134.49,170,31.08,28.19,2.41,8.24,37.02,24.19,18.9,90,79,1.14,312.54,213.34,525.88,38,60,2.21
300503,20240126,20260421,20250804,24.1,62.44,159.09,159.09,170,60.66,2.93,1.41,3.94,26.22,28.3,14.99,87,82,1.06,333.05,220.55,553.6,16,60,10.53
300816,20241220,20260421,20250801,31.88,67.31,111.17,111.17,171,47.66,41.23,4.96,32.25,20.55,23.78,21.59,81,88,0.92,277.02,188.47,465.49,10,60,2.47
000534,20240126,20260421,20250801,15.69,44.52,183.69,183.69,171,21.84,103.85,-0.38,4.51,6.1,4.82,4.07,91,78,1.17,356.67,235.32,591.99,24,60,0.07
603162,20241220,20260421,20250801,8.56,14.05,64.14,64.14,171,11.98,17.28,2.1,2.34,2.8,6.31,3.22,93,75,1.24,231.7,172.36,404.06,16,60,1.37
688390,20241220,20260421,20250801,44.08,89.27,102.52,102.52,171,63.7,40.14,-1.91,12.52,14.02,25.64,12.71,90,79,1.14,267.68,184.4,452.08,19,60,-0.79
603558,20240126,20260421,20250801,9.11,13.53,48.45,48.45,171,11.24,20.37,3.07,2.3,6.14,7.64,4.67,91,75,1.21,153.84,110.33,264.17,25,60,0.07
688568,20241220,20260421,20250801,36.64,65.26,78.11,78.11,171,59.59,9.52,8.79,4.26,30.7,16.54,15.55,86,84,1.02,286.4,212.97,499.37,19,60,4.89
002131,20240126,20260421,20250731,3.82,8.31,117.25,117.25,169,6.2,34.03,1.31,6.01,36.34,55.69,24.1,88,78,1.13,320.52,226.96,547.48,19,60,2.34
002150,20240126,20260421,20250730,12.28,29.95,143.89,143.89,173,20.03,49.53,2.12,1.38,7.82,27.85,8.75,88,82,1.07,342.67,236.36,579.02,18,60,-8.72
688205,20241220,20260421,20250729,64.38,247.01,283.68,283.68,174,137.44,79.72,5.09,8.68,54.5,51.96,30.36,89,83,1.07,525.67,353.47,879.14,24,60,-1.68
002796,20240126,20260421,20250728,12.67,55.8,340.41,340.41,175,28.81,93.68,1.18,16.81,6.55,24.31,12.11,92,80,1.15,408.08,239.64,647.72,44,60,11.89
688702,20241220,20260421,20250725,69.28,235.88,240.47,240.47,176,141.34,66.89,-0.42,-4.1,66.33,49.48,28.48,92,82,1.12,407.08,260.74,667.82,28,60,5.98
601231,20240126,20260421,20250725,15.62,42.37,171.25,171.25,176,29.99,41.28,1.98,3.59,17.48,14.85,9.69,91,84,1.08,340.96,226.05,567.01,37,60,12.0
688629,20241220,20260421,20250725,54.95,138.5,152.05,152.05,176,102.8,34.73,4.24,2.75,18.29,41.95,15.55,91,84,1.08,362.21,250.73,612.94,21,60,8.63
301128,20241220,20260421,20250725,52.72,184.88,250.68,250.68,176,100.0,84.88,8.69,19.73,76.5,60.47,42.7,89,86,1.03,376.44,230.6,607.04,26,60,6.78
688312,20241220,20260421,20250725,26.07,63.15,142.23,142.23,176,34.43,83.42,2.26,6.56,16.0,8.09,8.84,88,86,1.02,295.2,193.83,489.03,29,60,0.62
603626,20240126,20260421,20250724,8.53,23.9,180.19,180.19,177,19.96,19.74,0.35,7.5,47.83,96.83,36.03,88,86,1.02,388.63,265.19,653.82,26,60,0.25
688125,20241220,20260421,20250724,39.21,247.6,531.47,531.47,177,134.0,84.78,3.8,12.34,11.99,10.56,10.17,98,77,1.27,401.59,197.4,598.99,53,60,-5.13
688275,20241220,20260421,20250724,42.0,135.99,223.79,223.79,177,76.19,78.49,1.79,-0.24,11.95,15.6,6.99,95,81,1.17,338.97,203.84,542.82,33,60,3.04
301308,20241220,20260421,20250724,85.79,375.21,337.36,337.36,177,283.36,32.41,5.71,4.01,8.15,7.32,6.25,95,81,1.17,416.16,245.31,661.47,26,60,-1.65
002008,20240126,20260421,20250724,26.87,89.18,231.89,231.89,177,42.71,108.8,-1.34,0.56,24.56,27.47,12.76,89,86,1.03,329.37,196.81,526.18,35,60,7.84
002222,20240126,20260421,20250723,34.38,91.72,166.78,166.78,178,57.33,59.99,15.94,18.96,20.54,29.29,20.9,95,80,1.19,314.56,203.88,518.44,32,60,7.25
688409,20241220,20260421,20250723,52.99,101.3,91.17,91.17,178,69.51,45.73,6.15,16.83,14.7,29.99,16.69,82,95,0.86,286.83,209.18,496.01,21,60,-1.15
688545,20241220,20260421,20250723,28.59,52.71,84.37,84.37,178,39.04,35.02,0.77,6.3,15.01,16.12,9.77,83,92,0.9,289.95,214.44,504.39,22,60,4.25
600309,20240126,20260421,20250722,63.05,87.54,38.84,38.84,179,77.33,13.2,-0.71,-4.08,-0.54,9.47,0.37,94,81,1.16,172.07,134.68,306.75,27,60,-3.46
688087,20241220,20260421,20250722,26.49,37.26,40.66,40.66,179,31.39,18.7,4.04,9.1,8.23,2.6,6.53,96,80,1.2,174.17,134.74,308.91,23,60,-4.8
000683,20240126,20260421,20250721,5.47,8.32,52.1,52.1,180,7.3,13.97,9.69,4.94,8.23,22.3,10.35,86,86,1.0,206.92,158.92,365.84,28,60,-2.8
300136,20240126,20260421,20250721,22.91,77.8,239.59,239.59,180,65.61,18.58,5.98,3.71,13.27,20.38,10.37,96,82,1.17,365.63,223.56,589.19,30,60,13.46
600409,20240126,20260421,20250721,5.32,7.05,32.52,32.52,180,6.15,14.63,6.02,3.76,8.83,17.11,8.4,95,83,1.14,214.53,178.33,392.85,25,60,-0.14
000933,20240126,20260421,20250721,18.08,33.69,86.34,86.34,180,28.47,18.34,5.42,-1.0,8.41,6.8,4.67,96,82,1.17,241.97,171.72,413.69,35,60,-3.22
605318,20241220,20260421,20250718,26.5,97.49,267.89,267.89,180,63.42,53.72,6.94,3.66,10.94,23.47,10.46,98,78,1.26,312.73,170.31,483.04,33,60,4.97
688330,20241220,20260421,20250718,26.2,50.05,91.01,91.01,181,36.8,36.01,2.14,0.61,2.58,22.12,5.81,94,85,1.11,257.6,180.83,438.43,27,60,-1.07
688072,20241220,20260421,20250718,164.16,398.44,142.71,142.71,181,354.31,12.46,7.71,3.9,-0.13,19.52,6.58,91,87,1.05,288.56,188.64,477.19,26,60,-2.49
300814,20241220,20260421,20250717,33.86,97.81,188.87,188.87,182,76.65,27.61,-3.13,12.17,16.07,35.09,14.86,87,94,0.93,417.48,287.55,705.03,20,60,1.55
300806,20241220,20260421,20250717,17.19,68.38,297.79,297.79,182,30.08,127.33,-1.4,7.27,26.76,44.27,18.78,97,83,1.17,378.84,221.28,600.11,27,60,30.3
688387,20241220,20260421,20250717,5.69,17.97,215.82,215.82,182,12.7,41.5,0.18,1.41,9.31,20.04,7.26,93,82,1.13,351.81,215.77,567.58,22,60,8.78
002756,20240126,20260421,20250717,33.7,74.74,121.75,121.75,182,55.41,34.89,4.87,6.88,7.15,2.61,5.7,93,86,1.08,290.66,198.69,489.35,25,60,-3.87
600487,20240126,20260421,20250717,15.81,60.89,285.14,285.14,182,24.8,145.52,0.25,3.29,14.67,19.54,9.35,100,81,1.23,342.26,193.76,536.03,43,60,15.61
300390,20240126,20260421,20250717,19.97,86.61,333.7,333.7,182,56.01,54.63,0.95,2.65,4.81,0.7,2.57,93,87,1.07,407.22,236.14,643.35,23,60,6.86
688378,20241220,20260421,20250717,17.25,38.45,122.9,122.9,182,28.62,34.35,1.51,4.81,12.99,33.68,12.38,106,73,1.45,244.05,156.0,400.05,39,60,2.23
002709,20240126,20260421,20250717,19.41,49.65,155.8,155.8,182,47.99,3.46,-1.7,0.26,2.01,4.43,1.23,96,85,1.13,299.61,193.44,493.05,33,60,0.61
688081,20241220,20260421,20250716,19.58,52.25,166.85,166.85,183,39.46,32.41,4.09,11.7,29.16,51.17,23.31,97,83,1.17,348.98,232.61,581.58,18,60,3.98
688257,20241220,20260421,20250716,14.62,77.02,426.81,426.81,183,35.61,116.29,32.42,17.03,13.89,15.73,18.91,108,72,1.5,360.34,178.75,539.09,51,60,-1.36
600388,20240126,20260421,20250716,11.89,18.99,59.71,59.71,183,16.32,16.36,2.78,2.35,2.86,6.39,3.4,101,78,1.29,157.33,106.78,264.11,36,60,2.87
002001,20240126,20260421,20250716,21.34,34.3,60.72,60.72,183,25.12,36.54,4.03,2.95,4.69,16.21,6.34,98,82,1.2,164.16,112.57,276.74,26,60,-10.14
002028,20240126,20260421,20250714,76.99,217.82,182.92,182.92,185,151.15,44.11,-0.95,3.9,3.9,9.43,4.04,95,89,1.07,278.16,165.12,443.28,42,60,5.73
301086,20241220,20260421,20250714,46.87,175.63,274.72,274.72,185,115.11,52.58,0.7,-0.6,14.57,40.15,12.36,101,82,1.23,368.14,219.0,587.14,35,60,15.44
688028,20241220,20260421,20250714,22.29,108.18,385.33,385.33,185,68.72,57.42,0.76,3.81,9.56,14.31,7.02,94,89,1.06,480.67,293.32,774.0,29,60,7.95
002428,20240126,20260421,20250711,20.48,68.2,233.01,233.01,186,30.94,120.43,-1.9,5.47,9.28,33.01,10.65,96,86,1.12,389.43,251.73,641.15,31,60,15.83
002353,20240126,20260421,20250710,34.94,118.02,237.77,237.77,187,71.78,64.42,6.95,11.88,14.82,30.85,15.57,102,84,1.21,328.81,194.59,523.4,46,60,6.56
300938,20241220,20260421,20250709,23.16,49.06,111.83,111.83,188,31.8,54.28,-0.99,4.06,8.33,5.87,4.69,101,82,1.23,272.34,186.34,458.68,27,60,8.97
600938,20241220,20260421,20250709,24.89,37.16,49.3,49.3,188,29.04,27.96,1.02,2.31,1.91,-0.22,1.43,94,91,1.03,166.35,121.5,287.85,25,60,-1.43
399680,20240126,20260421,20250709,598.18,992.29,65.88,65.88,189,765.38,29.65,1.28,9.81,8.34,11.5,8.0,102,86,1.19,179.63,124.97,304.6,43,60,2.87
300620,20240126,20260421,20250708,46.64,250.92,437.99,437.99,179,151.68,65.43,-1.8,9.26,107.98,137.05,62.22,96,82,1.17,495.07,296.36,791.43,31,60,8.81
301031,20241220,20260421,20250708,81.17,148.7,83.2,83.2,189,113.42,31.11,1.54,0.47,6.04,11.75,4.61,103,85,1.21,249.87,178.39,428.26,17,60,1.05
301183,20241220,20260421,20250708,50.85,193.19,279.92,279.92,189,159.52,21.11,19.12,46.49,27.02,44.31,34.74,90,98,0.92,480.9,317.23,798.13,22,60,0.1
300285,20240126,20260421,20250708,18.15,35.63,96.31,96.31,189,29.0,22.86,-0.99,0.0,1.27,18.57,3.9,102,85,1.2,288.89,208.26,497.15,26,60,4.55
600428,20240126,20260421,20250708,6.16,8.95,45.27,45.27,189,7.07,26.59,1.62,5.52,4.71,8.44,5.08,105,80,1.31,163.48,121.97,285.45,20,60,2.17
688195,20241220,20260421,20250707,40.86,353.62,765.44,765.44,190,174.95,102.13,0.76,2.79,14.44,31.96,11.71,106,83,1.28,564.39,312.43,876.81,39,60,6.1
301087,20241220,20260421,20250703,33.35,57.89,73.6,73.6,192,49.63,16.64,-0.9,5.91,9.54,12.0,6.86,101,86,1.17,201.79,140.23,342.02,16,60,7.9
600089,20240126,20260421,20250702,12.04,27.89,131.64,131.64,193,22.88,21.9,2.57,1.16,16.45,13.46,8.49,98,92,1.07,271.63,177.73,449.36,30,60,1.49
300444,20240126,20260421,20250702,7.38,15.92,115.72,115.72,193,9.87,61.3,2.71,-0.14,0.41,1.76,0.98,93,98,0.95,323.55,229.55,553.1,23,60,14.95
600176,20240126,20260421,20250701,11.71,31.71,170.79,170.79,194,17.5,81.2,1.37,2.99,8.45,3.84,4.47,103,86,1.2,274.3,165.44,439.74,41,60,-2.34
600785,20240126,20260421,20250701,11.66,17.7,51.8,51.8,194,13.4,32.09,2.83,2.92,3.95,8.92,4.41,97,95,1.02,229.42,178.68,408.09,15,60,0.51
600348,20240126,20260421,20250701,6.46,9.48,46.73,46.73,194,8.24,15.05,0.93,4.33,8.81,15.31,7.19,102,84,1.21,186.89,143.4,330.29,23,60,3.16
603268,20240126,20260421,20250630,39.41,133.34,238.34,238.34,194,83.85,59.02,2.0,11.65,16.06,32.86,15.28,110,82,1.34,327.68,195.66,523.34,34,60,19.37
000811,20240126,20260421,20250630,9.8,19.54,99.39,99.39,195,18.64,4.83,9.49,11.33,20.92,36.12,18.8,105,87,1.21,281.58,201.28,482.86,26,60,4.27
000697,20240126,20260421,20250630,7.18,10.28,43.16,43.16,192,8.83,16.42,2.23,7.63,6.04,6.45,5.84,96,85,1.13,154.07,114.51,268.57,14,60,0.88
688325,20241220,20260421,20250630,47.02,124.5,164.76,164.76,195,90.28,37.9,-0.21,0.5,16.41,28.41,10.71,98,94,1.04,320.35,205.31,525.66,28,60,2.51
603530,20241220,20260421,20250627,26.15,60.98,133.19,133.19,196,40.92,49.02,2.87,2.83,2.68,13.35,4.9,97,94,1.03,271.48,176.7,448.18,27,60,3.8
600301,20240126,20260421,20250627,20.1,51.85,157.96,157.96,196,37.12,39.68,4.43,2.54,16.92,12.69,9.26,106,88,1.2,369.6,258.65,628.26,33,60,2.65
301133,20241220,20260421,20250627,22.32,45.91,105.69,105.69,196,39.97,14.86,1.39,2.96,5.87,9.54,4.83,95,99,0.96,316.92,229.96,546.88,21,60,4.44
688308,20241220,20260421,20250626,17.96,98.07,446.02,446.02,197,32.15,205.04,2.45,2.84,11.63,15.31,7.89,112,81,1.38,417.94,225.36,643.3,40,60,-1.73
603281,20241220,20260421,20250625,23.22,37.96,63.47,63.47,198,27.88,36.15,3.4,3.23,7.91,8.99,5.82,100,96,1.04,167.35,113.98,281.33,27,60,4.98
600295,20240126,20260421,20250625,8.64,14.8,71.3,71.3,198,13.0,13.85,0.12,4.4,16.32,18.98,10.04,98,97,1.01,210.0,149.6,359.6,27,60,6.09
300604,20240126,20260421,20250625,43.87,151.8,246.02,246.02,198,106.0,43.21,2.37,2.35,0.11,0.39,1.29,107,90,1.19,350.25,209.61,559.86,25,60,8.57
600773,20240126,20260421,20250625,9.88,22.69,129.66,129.66,198,12.55,80.8,2.02,2.63,24.19,8.3,10.11,102,93,1.1,273.15,180.01,453.15,31,60,9.88
605060,20241220,20260421,20250625,18.93,61.97,227.31,227.31,198,38.65,60.34,7.08,5.28,8.98,32.04,12.1,95,101,0.94,377.39,241.75,619.14,31,60,12.2
001270,20241220,20260421,20250624,35.37,142.8,303.73,303.73,196,96.25,48.36,7.21,13.66,10.52,17.5,12.2,119,75,1.59,344.18,194.1,538.28,40,60,5.32
301369,20241220,20260421,20250624,52.72,168.07,218.79,218.79,199,130.6,28.69,1.59,3.03,1.06,11.06,3.76,101,97,1.04,327.53,199.13,526.66,33,60,8.51
002240,20240126,20260421,20250624,12.93,49.7,284.38,284.38,199,36.6,35.79,-0.39,-2.55,10.36,20.34,6.33,109,89,1.22,400.4,248.19,648.59,37,60,2.52
301285,20241220,20260421,20250624,29.95,103.4,245.24,245.24,199,67.95,52.17,8.18,10.25,13.26,39.5,16.59,110,88,1.25,326.37,189.72,516.09,41,60,8.27
600118,20240126,20260421,20250624,26.94,94.52,250.85,250.85,199,99.45,-4.96,6.05,4.49,3.64,9.76,5.6,104,94,1.11,354.29,213.56,567.85,33,60,12.0
002192,20240126,20260421,20250624,30.49,82.33,169.99,169.99,199,54.46,51.18,-0.07,-0.13,14.55,14.12,7.14,107,91,1.18,321.09,208.36,529.45,29,60,3.56
301550,20241220,20260421,20250624,55.88,158.24,183.2,183.2,199,161.0,-1.71,9.96,3.06,18.86,16.86,11.94,98,100,0.98,372.69,251.17,623.86,18,60,2.62
300899,20241220,20260421,20250624,22.01,40.6,84.46,84.46,199,33.44,21.41,1.82,3.18,4.09,13.86,5.32,116,75,1.55,214.2,146.74,360.94,21,60,6.84
001359,20241220,20260421,20250624,28.71,81.28,183.11,183.11,199,72.0,12.89,21.49,27.97,70.11,77.46,49.21,102,96,1.06,320.27,203.7,523.98,25,60,2.5
002792,20240126,20260421,20250624,14.98,52.88,253.0,253.0,199,45.81,15.43,3.4,-0.33,5.81,7.61,3.85,104,90,1.16,408.71,262.66,671.37,31,60,10.12
000792,20240126,20260421,20250624,16.64,37.51,125.42,125.42,199,30.98,21.08,2.64,2.88,8.47,8.95,5.72,108,88,1.23,247.9,158.82,406.72,39,60,-3.47
603861,20240126,20260421,20250624,9.24,17.1,84.96,84.96,199,12.8,33.59,5.19,4.87,10.28,6.6,6.9,105,92,1.14,260.2,188.63,448.83,25,60,3.32
000973,20240126,20260421,20250624,6.4,18.04,181.87,181.87,199,14.82,21.73,11.25,6.56,8.28,3.75,7.45,102,93,1.1,349.15,230.78,579.92,23,60,-4.45
603301,20241220,20260421,20250623,20.82,94.65,354.61,354.61,200,71.56,32.27,0.19,1.25,0.86,6.58,1.99,119,78,1.53,325.3,161.65,486.95,38,60,11.35
605376,20241220,20260421,20250623,38.8,108.05,178.48,178.48,200,66.01,63.69,-2.65,-2.76,2.76,4.43,0.36,97,100,0.97,338.12,222.36,560.47,25,60,-2.66
301012,20241220,20260421,20250623,19.74,35.77,81.21,81.21,198,27.58,29.7,-0.61,-3.8,16.41,14.03,6.47,95,100,0.95,280.0,208.37,488.37,11,60,17.66
603619,20241220,20260421,20250623,22.38,33.24,48.51,48.51,200,23.55,41.15,-14.88,-12.87,-15.68,-15.02,-14.54,99,98,1.01,280.3,228.12,508.42,19,60,-7.87
688485,20241220,20260421,20250623,10.1,43.14,327.21,327.21,200,17.65,144.42,3.76,6.04,11.51,17.65,9.55,111,88,1.26,336.11,176.01,512.12,47,60,0.77
603687,20241220,20260421,20250623,7.11,19.09,168.5,168.5,200,9.68,97.21,3.94,3.66,7.45,6.47,5.42,107,86,1.24,279.79,169.22,449.01,28,60,16.4
603163,20241220,20260421,20250623,26.48,110.92,318.88,318.88,200,75.46,46.99,5.74,5.4,10.05,21.15,10.01,97,102,0.95,470.73,302.77,773.5,32,60,0.09
688779,20241220,20260421,20250623,5.21,10.92,109.6,109.6,200,7.73,41.27,5.18,1.15,5.76,8.06,4.72,107,90,1.19,263.35,179.84,443.19,25,60,-2.15
688102,20241220,20260421,20250623,13.09,40.99,213.14,213.14,200,41.55,-1.35,1.3,3.82,4.35,9.93,4.7,111,88,1.26,386.13,253.32,639.45,28,60,12.76
301265,20241220,20260421,20250623,9.68,28.2,191.32,191.32,200,14.19,98.73,2.48,3.82,39.36,17.56,16.96,100,93,1.08,291.11,171.25,462.36,19,60,20.36
300903,20241220,20260421,20250623,10.8,37.57,247.87,247.87,200,20.03,87.57,7.41,-0.65,4.91,7.69,4.3,93,105,0.89,415.86,268.39,684.25,25,60,-0.61
301075,20241220,20260421,20250623,27.32,81.6,198.68,198.68,193,58.47,39.56,5.82,8.89,22.58,34.7,17.55,101,90,1.12,339.55,214.69,554.24,24,60,22.73
300097,20240126,20260421,20250623,4.88,9.95,103.89,103.89,199,7.36,35.19,3.07,4.92,4.51,2.66,3.97,119,74,1.61,208.8,131.31,340.11,31,60,18.88
600869,20240126,20260421,20250623,4.8,15.51,223.13,223.13,200,8.21,88.92,5.63,6.88,17.71,19.58,12.42,113,79,1.43,334.93,204.5,539.43,39,60,2.72
603115,20241220,20260421,20250623,13.7,44.26,223.07,223.07,200,19.7,124.67,3.14,5.62,43.36,12.48,17.82,104,95,1.09,321.01,190.25,511.25,35,60,0.36
002957,20241220,20260421,20250623,16.1,47.96,197.89,197.89,200,22.29,115.16,1.06,0.06,6.71,4.53,3.15,113,84,1.35,296.64,176.24,472.88,32,60,17.78
688607,20241220,20260421,20250623,18.6,69.0,270.97,270.97,200,44.49,55.09,0.0,-0.11,26.83,61.02,20.22,109,90,1.21,352.71,207.04,559.76,31,60,7.66
301365,20241220,20260421,20250623,15.83,30.96,95.58,95.58,200,23.93,29.38,4.04,5.05,11.5,20.97,9.97,100,95,1.05,263.44,186.21,449.65,12,60,1.81
600343,20240126,20260421,20250623,11.41,37.39,227.7,227.7,200,45.69,-18.17,4.21,12.36,21.03,38.21,18.5,109,86,1.27,391.61,254.3,645.91,32,60,10.07
605287,20241220,20260421,20250623,13.35,47.15,253.18,253.18,200,28.51,65.38,6.22,10.26,14.46,16.25,11.91,100,98,1.02,370.94,228.1,599.04,46,60,9.52
688002,20241220,20260421,20250623,62.95,131.31,108.59,108.59,200,98.88,32.8,5.88,8.99,3.45,3.4,5.59,104,94,1.11,244.17,162.31,406.48,29,60,9.08
301232,20241220,20260421,20250623,28.13,234.1,732.21,732.21,200,190.0,23.21,5.23,6.11,13.97,15.25,10.12,112,86,1.3,528.41,282.63,811.04,34,60,20.03
300731,20241220,20260421,20250623,26.4,77.75,194.51,194.51,200,57.87,34.35,15.72,9.09,9.85,23.75,13.58,106,93,1.14,456.68,322.98,779.66,22,60,4.56
688679,20241220,20260421,20250623,14.63,53.88,268.28,268.28,200,25.94,107.71,0.48,5.95,2.94,3.08,3.38,104,95,1.09,410.56,258.09,668.65,26,60,-8.8
603331,20241220,20260421,20250623,9.84,15.39,56.4,56.4,200,13.81,11.44,2.34,3.86,7.22,10.98,5.99,102,91,1.12,212.31,160.23,372.54,21,60,0.85
603311,20240126,20260421,20250623,10.33,18.96,83.54,83.54,200,15.05,25.98,4.55,7.16,10.94,11.91,8.72,104,91,1.14,203.8,136.33,340.13,26,60,-0.47
601133,20241220,20260421,20250623,11.25,24.55,118.22,118.22,197,16.94,44.92,9.07,7.02,13.24,8.62,9.62,97,96,1.01,292.54,202.56,495.1,18,60,2.94
688627,20241220,20260421,20250623,83.17,282.5,239.66,239.66,200,233.58,20.94,8.67,2.56,1.01,13.07,5.42,108,90,1.2,422.54,277.59,700.12,36,60,-0.06
002169,20240126,20260421,20250623,6.05,14.61,141.49,141.49,192,11.76,24.23,4.3,5.45,5.29,3.8,4.84,111,77,1.44,261.12,163.84,424.96,28,60,-4.82
301045,20241220,20260421,20250623,22.04,42.5,92.83,92.83,200,27.03,57.23,2.59,3.86,12.75,11.62,7.82,101,98,1.03,267.74,192.32,460.06,28,60,8.06
001203,20241220,20260421,20250623,9.51,45.66,379.92,379.92,200,30.9,47.77,2.27,1.85,17.51,20.56,10.37,103,92,1.12,428.37,250.73,679.1,27,60,3.82
300889,20241220,20260421,20250623,12.6,25.99,106.27,106.27,190,20.66,25.8,5.63,5.79,7.46,8.97,6.9,95,92,1.03,247.78,166.47,414.25,22,60,0.15
301189,20241220,20260421,20250623,25.9,85.84,231.43,231.43,200,42.99,99.67,1.31,1.7,7.18,7.68,4.46,103,94,1.1,311.05,176.67,487.72,33,60,19.24
603256,20241220,20260421,20250623,13.47,103.96,671.79,671.79,200,37.95,173.94,10.32,36.67,62.51,92.2,50.26,102,97,1.05,534.31,303.36,837.67,41,60,6.08
688307,20241220,20260421,20250623,27.04,89.04,229.29,229.29,200,44.95,98.09,3.59,3.88,36.76,43.05,21.52,106,93,1.14,372.06,235.27,607.33,20,60,6.15
605196,20241220,20260421,20250623,16.79,50.01,197.91,197.91,200,35.29,41.71,7.62,6.14,5.68,3.06,5.68,108,89,1.21,368.42,243.19,611.61,42,60,5.51
301148,20241220,20260421,20250623,24.82,68.3,175.18,175.18,190,47.61,43.46,9.02,-0.08,4.31,1.37,3.35,95,94,1.01,304.41,188.27,492.68,16,60,35.95
688059,20241220,20260421,20250623,44.14,122.29,177.03,177.03,200,82.49,48.25,3.64,1.04,29.67,24.21,14.78,106,91,1.16,338.75,223.99,562.75,30,60,-0.27
301626,20241220,20260421,20250623,100.0,261.0,161.0,161.0,200,185.5,40.7,0.47,7.46,8.51,45.0,13.88,106,93,1.14,346.7,233.64,580.34,22,60,-5.43
688480,20241220,20260421,20250623,31.35,99.66,217.89,217.89,200,52.5,89.83,-0.1,0.99,22.52,37.35,14.5,100,98,1.02,414.18,273.25,687.42,24,60,14.55
688175,20241220,20260421,20250623,20.34,36.41,79.01,79.01,191,29.33,24.14,0.39,-1.13,-1.87,4.47,0.07,101,86,1.17,229.84,163.63,393.47,30,60,1.2
688367,20241220,20260421,20250623,16.65,38.83,133.21,133.21,200,30.08,29.09,3.78,4.5,10.45,16.4,8.52,107,89,1.2,281.84,186.64,468.48,32,60,3.71
301093,20241220,20260421,20250623,25.54,80.93,216.89,216.89,200,49.45,63.66,-5.09,-2.02,7.4,4.62,1.52,107,89,1.2,358.7,226.77,585.47,39,60,6.28
603929,20240126,20260421,20250623,28.64,184.82,545.32,545.32,200,105.05,75.94,12.15,16.66,31.08,23.95,21.54,102,96,1.06,457.5,249.81,707.31,46,60,-2.91
605178,20241220,20260421,20250623,18.17,78.17,330.21,330.21,186,54.47,43.51,7.87,5.78,28.01,26.58,17.03,105,80,1.31,397.67,233.44,631.11,35,60,-3.68
000893,20241220,20260421,20250623,29.74,53.07,78.45,78.45,200,49.92,6.31,0.77,1.28,5.21,6.05,3.31,108,90,1.2,237.85,172.56,410.42,41,60,-1.81
300983,20241220,20260421,20250623,19.44,30.62,57.51,57.51,200,26.68,14.77,0.0,-1.34,14.2,15.23,6.9,110,87,1.26,202.87,151.14,354.01,14,60,5.7
002487,20241220,20260421,20250623,30.95,89.63,189.56,189.56,200,53.35,68.0,1.52,6.4,4.62,5.85,4.78,119,80,1.49,291.58,174.81,466.39,33,60,12.72
688231,20241220,20260421,20250623,16.44,34.26,108.34,108.34,200,28.9,18.55,5.23,5.05,14.84,18.12,10.64,104,94,1.11,295.17,209.98,505.15,25,60,4.39
300736,20241220,20260421,20250623,10.0,27.35,173.5,173.5,198,15.72,73.98,5.5,5.5,7.3,13.5,7.64,104,87,1.2,329.87,212.22,542.09,35,60,43.87
605289,20241220,20260421,20250623,28.5,128.18,349.75,349.75,200,67.56,89.73,6.84,10.74,23.4,29.44,17.5,111,88,1.26,399.31,231.8,631.11,45,60,11.36
001331,20241220,20260421,20250623,10.58,51.19,383.84,383.84,192,50.94,0.49,-8.79,-7.28,-2.84,32.23,1.65,104,84,1.24,396.78,219.55,616.33,22,60,-4.08
300749,20241220,20260421,20250623,7.81,25.8,230.35,230.35,200,12.28,110.1,6.66,8.19,10.37,10.76,9.05,106,92,1.15,352.75,215.05,567.79,30,60,-6.18
603061,20241220,20260421,20250623,79.47,240.78,202.98,202.98,200,154.44,55.91,1.48,7.59,12.27,14.79,9.21,110,88,1.25,357.0,225.34,582.33,36,60,3.37
300236,20240126,20260421,20250623,37.23,85.45,129.52,129.52,200,71.22,19.98,0.97,1.61,6.74,11.12,4.92,103,96,1.07,313.16,216.38,529.54,26,60,-0.06
001210,20241220,20260421,20250623,12.74,21.25,66.8,66.8,200,18.84,12.79,4.55,17.58,11.77,13.81,12.48,107,89,1.2,215.76,157.83,373.59,20,60,1.14
688011,20241220,20260421,20250623,26.62,70.81,166.0,166.0,200,65.65,7.86,-8.38,-10.44,-5.15,62.32,6.11,109,87,1.25,394.75,275.2,669.96,25,60,5.69
688335,20241220,20260421,20250623,11.76,31.86,170.92,170.92,200,28.35,12.38,0.68,1.11,3.49,20.24,5.56,100,98,1.02,379.51,257.97,637.48,26,60,-8.16
688353,20241220,20260421,20250623,25.85,124.99,383.52,383.52,200,122.29,2.21,31.33,40.04,32.11,34.24,34.76,102,97,1.05,518.12,325.86,843.98,19,60,-7.41
301042,20241220,20260421,20250623,41.5,95.65,130.48,130.48,200,76.0,25.86,-2.63,2.77,-1.2,-2.27,-0.51,110,85,1.29,261.85,168.69,430.54,17,60,1.76
688663,20241220,20260421,20250623,26.91,68.32,153.88,153.88,200,40.99,66.67,0.0,-0.89,13.34,14.9,6.72,109,89,1.22,274.95,171.72,446.67,22,60,8.96
688167,20241220,20260421,20250623,78.89,378.88,380.26,380.26,200,180.93,109.41,0.52,0.7,4.2,5.73,2.72,99,100,0.99,485.19,298.71,783.9,30,60,-2.45
001218,20241220,20260421,20250623,17.07,25.56,49.74,49.74,200,23.04,10.94,2.75,4.28,7.91,11.01,6.41,112,85,1.32,150.03,106.61,256.64,22,60,1.39
688020,20241220,20260421,20250623,35.42,93.54,164.09,164.09,200,77.58,20.57,10.5,11.97,10.47,51.92,19.22,102,97,1.05,391.24,274.61,665.84,27,60,1.28
001267,20241220,20260421,20250623,9.1,43.33,376.15,376.15,196,22.71,90.8,3.19,19.34,32.42,42.64,24.69,103,92,1.12,460.13,281.27,741.4,39,60,3.49
301105,20241220,20260421,20250623,35.19,59.3,68.51,68.51,200,47.12,25.85,4.6,4.63,6.22,10.57,6.29,110,88,1.25,205.88,147.45,353.34,17,60,1.18
301200,20241220,20260421,20250623,42.19,206.12,388.55,388.55,200,124.8,65.16,-0.21,4.53,11.31,74.76,19.66,105,93,1.13,449.65,267.12,716.77,31,60,7.11
601869,20241220,20260421,20250623,37.87,385.0,916.58,916.58,200,115.19,234.23,4.33,0.03,11.43,33.24,10.95,108,90,1.2,525.16,268.27,793.44,50,60,5.62
603876,20241220,20260421,20250623,8.89,26.18,194.49,194.49,200,15.04,74.07,1.91,1.24,4.72,4.39,3.05,110,84,1.31,292.28,173.62,465.9,42,60,5.14
301003,20241220,20260421,20250623,30.78,52.1,69.27,69.27,200,43.03,21.08,-2.57,2.99,6.63,2.01,2.77,107,91,1.18,243.85,183.22,427.07,23,60,-0.29
301005,20241220,20260421,20250623,33.21,178.25,436.72,436.72,200,150.88,18.14,3.73,6.44,12.88,25.62,11.67,109,90,1.21,521.25,319.96,841.2,26,60,8.74
688523,20241220,20260421,20250623,19.87,74.72,276.04,276.04,200,62.19,20.15,5.18,7.5,9.26,11.68,8.4,99,99,1.0,451.61,289.85,741.46,28,60,12.09
301120,20241220,20260421,20250623,9.89,23.68,139.43,139.43,200,17.93,32.07,1.62,4.75,26.19,22.04,14.01,99,99,1.0,402.7,292.91,695.6,17,60,2.07
002083,20240126,20260421,20250623,4.72,11.68,147.46,147.46,200,13.09,-10.77,1.69,2.75,3.6,3.39,2.92,105,81,1.3,325.96,218.59,544.56,16,60,-19.61
688191,20241220,20260421,20250623,20.65,43.11,108.77,108.77,190,32.39,33.1,5.71,21.26,25.62,28.91,20.99,104,84,1.24,278.15,192.4,470.55,32,60,6.68
301377,20241220,20260421,20250623,30.1,227.5,655.81,655.81,200,142.91,59.19,10.0,14.29,48.11,70.1,34.74,97,100,0.97,504.4,274.7,779.1,44,60,-0.46
000688,20240126,20260421,20250620,12.21,44.8,266.91,266.91,201,28.85,55.29,2.78,8.85,8.44,13.92,8.53,110,89,1.24,391.37,242.35,633.72,34,60,-1.45
300486,20240126,20260421,20250620,7.07,25.02,253.89,253.89,186,19.9,25.73,13.3,17.11,24.75,66.9,28.6,92,91,1.01,402.17,251.03,653.2,26,60,0.52
601877,20240126,20260421,20250620,22.24,33.0,48.38,48.38,201,28.59,15.42,1.26,2.79,2.43,2.29,2.28,99,98,1.01,202.54,156.66,359.19,30,60,-1.55
600172,20240126,20260421,20250620,4.31,8.96,107.89,107.89,201,5.83,53.69,0.7,-0.23,-1.62,2.78,0.14,100,96,1.04,345.55,255.18,600.73,22,60,2.05
300093,20240126,20260421,20250618,10.92,21.37,95.7,95.7,202,16.92,26.3,5.49,3.47,0.4,12.5,4.76,96,101,0.95,267.81,191.06,458.87,16,60,11.07
300490,20240126,20260421,20250617,8.08,20.5,153.71,153.71,204,12.52,63.74,6.68,8.29,7.55,22.15,10.52,103,99,1.04,353.56,242.74,596.3,22,60,8.35
002128,20240126,20260421,20250617,18.32,33.02,80.24,80.24,204,28.71,15.01,2.4,3.6,5.57,11.35,5.5,114,85,1.34,212.36,147.48,359.84,36,60,4.56
603196,20240126,20260421,20250616,14.82,32.28,117.81,117.81,205,25.58,26.19,-1.42,15.99,12.28,30.63,14.32,105,95,1.11,251.0,164.88,415.88,17,60,2.7
603186,20240126,20260421,20250616,26.09,75.25,188.42,188.42,205,51.02,47.49,4.41,13.11,17.98,20.7,14.35,97,107,0.91,373.07,251.92,624.99,38,60,0.87
600673,20240126,20260421,20250613,10.52,33.6,219.39,219.39,197,23.41,43.53,11.41,9.32,29.18,30.89,20.01,103,89,1.16,350.49,220.25,570.74,40,60,-0.77
601989,20240126,20260421,20250612,4.43,5.1,15.07,15.07,44,0.0,0.0,1.08,2.21,2.44,6.95,3.0,22,16,1.38,31.97,17.14,49.11,6,60,-0.97
002202,20240126,20260421,20250611,9.38,26.59,183.48,183.48,208,21.82,21.86,5.65,5.22,7.46,5.65,6.06,108,95,1.14,345.83,226.7,572.53,30,60,5.1
002532,20240126,20260421,20250611,7.98,18.89,136.63,136.63,208,16.91,11.71,1.38,1.88,4.76,15.16,5.3,115,91,1.26,288.52,192.65,481.17,48,60,0.0
002214,20240126,20260421,20250611,10.85,19.07,75.76,75.76,208,18.91,0.85,-1.29,-0.18,-3.69,-4.88,-2.4,101,102,0.99,184.37,123.55,307.92,29,60,0.63
300331,20240126,20260421,20250611,21.5,46.67,117.07,117.07,208,33.15,40.78,2.74,1.58,1.72,-2.05,1.13,103,104,0.99,346.1,250.29,596.38,18,60,3.67
000708,20240126,20260421,20250610,11.18,16.85,50.72,50.72,209,16.1,4.66,1.07,0.0,9.75,16.19,6.38,114,92,1.24,164.95,120.23,285.18,26,60,0.66
300308,20240126,20260421,20250609,107.65,850.0,689.6,689.6,210,623.51,36.32,7.52,19.93,29.17,67.41,29.72,118,91,1.3,481.47,252.19,733.66,56,60,9.96
002716,20240126,20260421,20250606,3.89,12.32,216.71,216.71,211,7.61,61.89,2.57,0.51,6.43,16.71,5.94,111,96,1.16,424.65,287.71,712.36,35,60,1.99
300394,20240126,20260421,20250606,63.8,374.5,486.99,486.99,211,203.6,83.94,16.44,18.5,21.6,44.64,24.25,109,101,1.08,551.57,341.64,893.21,33,60,8.29
600331,20240126,20260421,20250606,7.26,17.13,135.95,135.95,211,13.2,29.77,5.65,4.96,22.87,19.56,13.39,117,89,1.31,301.97,205.33,507.3,45,60,9.74
600426,20240126,20260421,20250605,20.68,35.03,69.38,69.38,212,31.31,11.88,4.4,4.16,3.92,1.45,3.59,112,98,1.14,225.77,166.54,392.31,27,60,-6.04
002636,20240126,20260421,20250604,8.56,39.57,362.27,362.27,213,17.01,132.63,1.99,1.75,14.25,44.39,14.08,113,97,1.16,439.36,265.37,704.72,34,60,2.01
600549,20240126,20260421,20250603,19.25,63.65,230.72,230.72,214,42.0,51.55,3.64,6.13,7.74,12.31,7.35,119,93,1.28,339.46,207.32,546.78,47,60,8.67
000603,20240126,20260421,20250603,13.79,41.19,198.69,198.69,214,32.65,26.16,14.07,11.68,7.98,20.74,12.86,115,96,1.2,398.68,270.83,669.51,34,60,0.15
601212,20240126,20260421,20250603,2.93,8.16,178.88,178.88,214,6.15,32.68,6.15,6.15,6.84,20.16,9.16,106,102,1.04,422.04,297.2,719.24,23,60,1.49
002181,20240126,20260421,20250603,5.85,14.12,141.29,141.29,214,8.95,57.77,12.82,23.24,22.04,17.94,19.74,103,103,1.0,367.08,261.21,628.3,15,60,5.77
002082,20240126,20260421,20250530,6.26,28.79,359.9,359.9,215,14.19,102.89,32.59,16.45,5.91,10.22,15.27,110,102,1.08,390.48,220.64,611.12,33,60,0.35
601958,20240126,20260421,20250528,9.97,19.97,100.3,100.3,217,15.95,25.2,5.42,5.12,3.31,7.32,5.08,121,92,1.32,276.76,197.03,473.79,33,60,3.58
600753,20240126,20260421,20250526,6.18,12.34,99.68,99.68,219,8.43,46.38,7.12,19.26,9.22,13.43,12.65,110,103,1.07,221.51,146.77,368.29,26,60,1.82
600352,20240126,20260421,20250513,9.4,13.0,38.3,38.3,228,10.76,20.82,-0.43,-0.11,5.43,3.94,2.3,114,105,1.09,173.38,135.81,309.19,24,60,0.39
300483,20240126,20260421,20250508,9.17,19.99,117.99,117.99,231,14.92,33.98,-0.44,2.94,1.2,45.91,10.34,122,105,1.16,389.83,288.05,677.88,13,60,-3.01
000593,20240126,20260421,20250508,5.58,18.34,228.67,228.67,229,10.97,67.18,1.08,2.15,5.91,4.66,3.57,118,104,1.13,387.22,250.01,637.23,39,60,10.15
000751,20240126,20260421,20250507,2.95,5.89,99.66,99.66,232,4.12,42.96,-0.34,2.37,2.37,2.71,1.9,118,101,1.17,297.57,216.25,513.82,26,60,8.67
002478,20240126,20260421,20250507,5.1,10.89,113.45,113.45,232,8.39,29.8,0.2,0.78,2.51,1.72,1.37,117,99,1.18,278.2,191.48,469.68,34,60,-0.64
002378,20240126,20260421,20250506,7.05,33.5,375.31,375.31,233,14.44,131.99,9.65,19.44,18.16,17.05,16.62,128,104,1.23,440.55,265.92,706.48,45,60,5.41
300018,20240126,20260421,20250506,7.23,14.33,98.2,98.2,228,11.69,22.58,0.55,1.66,0.0,4.43,1.49,119,103,1.16,263.95,187.29,451.24,22,60,11.26
600302,20240126,20260421,20250506,5.4,11.32,109.63,109.63,228,10.2,10.98,6.3,6.48,3.52,10.0,6.26,118,106,1.11,349.04,259.7,608.75,15,60,-4.23
002842,20240126,20260421,20250506,7.08,34.45,386.58,386.58,233,14.31,140.74,9.89,14.69,20.62,21.61,16.89,125,101,1.24,440.97,264.32,705.29,42,60,3.3
000657,20240126,20260421,20250506,9.77,58.54,499.18,499.18,233,28.5,105.4,6.55,12.59,17.4,21.49,14.6,139,91,1.53,462.8,264.35,727.15,48,60,17.22
002718,20240126,20260421,20250430,13.77,73.92,436.82,436.82,224,39.53,87.0,6.17,5.3,7.26,12.06,7.41,125,98,1.28,401.74,217.46,619.2,47,60,1.71
000962,20240126,20260421,20250430,14.75,48.76,230.51,230.51,234,33.29,46.47,4.07,9.56,11.86,11.39,9.52,120,112,1.07,404.14,267.65,671.78,33,60,8.72
002546,20240126,20260421,20250430,4.84,8.96,85.12,85.12,234,7.13,25.67,1.86,1.45,1.86,13.43,4.05,118,111,1.06,269.66,197.88,467.55,19,60,-4.88
600875,20240126,20260421,20250430,14.81,42.51,187.09,187.09,234,24.54,73.23,7.63,7.83,5.07,9.32,7.26,111,118,0.94,316.75,198.69,515.44,38,60,9.2
002046,20240126,20260421,20250429,14.84,54.04,264.15,264.15,235,42.3,27.75,8.83,5.26,4.38,9.91,6.64,122,111,1.1,397.5,250.76,648.26,31,60,10.4
300548,20240126,20260421,20250429,44.42,256.38,477.17,477.17,235,139.1,84.31,12.83,13.8,9.64,35.32,16.66,121,113,1.07,563.26,357.44,920.7,43,60,10.81
300658,20240126,20260421,20250429,5.73,21.89,281.96,281.96,225,17.78,23.12,5.06,6.28,8.38,9.6,7.33,113,110,1.03,441.6,283.53,725.13,35,60,-2.23
002868,20240126,20260421,20250428,16.78,40.16,139.33,139.33,235,35.4,13.45,17.28,21.69,48.15,41.18,32.64,114,119,0.96,316.41,219.67,536.08,26,60,-3.04
002379,20240126,20260421,20250425,9.59,28.31,195.2,195.2,237,25.18,12.43,2.61,7.4,8.34,20.54,9.35,130,102,1.27,337.06,217.49,554.55,42,60,-2.71
601218,20240126,20260421,20250425,3.4,6.31,85.59,85.59,237,5.08,24.21,2.06,5.88,6.18,6.76,5.38,122,103,1.18,313.15,237.83,550.98,15,60,4.82
002539,20240126,20260421,20250424,7.78,14.13,81.62,81.62,238,11.95,18.24,5.78,7.46,8.1,7.07,7.24,128,104,1.23,256.75,188.98,445.73,38,60,-9.65
002448,20240126,20260421,20250423,7.13,15.16,112.62,112.62,239,13.26,14.33,5.19,10.66,9.54,21.32,11.36,120,114,1.05,293.15,208.11,501.26,33,60,-2.51
000070,20240126,20260421,20250422,6.05,21.03,247.6,247.6,239,12.0,75.25,0.66,3.64,9.26,16.36,7.27,124,107,1.16,462.04,314.25,776.29,36,60,3.7
002545,20240126,20260421,20250421,7.08,21.79,207.77,207.77,241,19.77,10.22,6.21,6.36,6.07,11.58,7.29,133,107,1.24,346.18,220.54,566.72,41,60,-0.95
002565,20240126,20260421,20250421,3.32,20.29,510.96,510.96,241,17.71,14.57,6.93,11.44,17.16,46.67,19.3,132,106,1.25,532.57,325.15,857.72,46,60,17.28
002080,20240126,20260421,20250421,13.32,49.29,270.18,270.18,241,37.98,29.78,6.16,6.16,25.16,28.88,16.4,123,114,1.08,435.12,286.02,721.14,38,60,-4.66
600105,20240126,20260421,20250421,5.5,41.8,660.69,660.69,241,26.6,57.14,13.65,30.21,33.3,47.32,31.25,131,107,1.22,522.21,295.67,817.88,49,60,12.43
002250,20240126,20260421,20250421,6.4,16.69,160.78,160.78,241,13.42,24.37,1.56,2.03,0.16,86.72,18.31,130,107,1.21,352.67,241.94,594.61,17,60,-1.42
300435,20240126,20260421,20250421,13.38,27.72,107.17,107.17,241,23.69,17.01,-0.3,1.87,3.51,12.86,4.13,108,130,0.83,305.51,220.01,525.52,20,60,2.86
601208,20240126,20260421,20250421,8.61,35.65,314.05,314.05,241,27.48,29.73,1.86,5.69,9.64,10.1,6.99,120,116,1.03,455.87,293.14,749.01,33,60,4.79
600499,20240126,20260421,20250417,8.01,17.67,120.71,120.71,233,14.22,24.26,2.12,10.87,26.48,26.9,17.01,120,101,1.19,266.23,178.54,444.78,39,60,-3.18
300132,20240126,20260421,20250414,5.27,8.69,64.9,64.9,246,8.58,1.28,3.42,5.31,1.14,26.38,7.9,132,107,1.23,270.54,210.58,481.12,20,60,3.08
300139,20240126,20260421,20250410,17.59,57.35,226.04,226.04,248,31.82,80.23,8.58,9.89,1.36,14.95,8.08,119,127,0.94,547.09,389.7,936.79,23,60,0.3
603308,20240126,20260421,20250409,16.39,71.49,336.18,336.18,249,43.27,65.22,8.24,17.21,23.31,25.08,18.82,132,116,1.14,412.35,250.17,662.52,46,60,7.05
600251,20240126,20260421,20250408,7.27,11.29,55.3,55.3,250,9.33,21.01,-0.14,-0.69,1.79,0.0,0.3,131,109,1.2,200.14,150.86,350.99,23,60,2.54
000672,20240126,20260421,20250408,7.46,13.66,83.11,83.11,250,13.06,4.59,-0.94,-0.94,7.64,8.71,3.56,132,112,1.18,256.68,187.89,444.57,32,60,2.4
600063,20240126,20260421,20250307,4.0,7.06,76.5,76.5,271,5.95,18.66,3.5,16.5,11.75,5.75,10.32,144,117,1.23,279.97,213.72,493.69,19,60,-3.95
603067,20240126,20260421,20250121,8.87,35.5,300.41,300.41,298,31.69,12.02,1.78,12.44,21.97,46.62,20.0,146,146,1.0,546.99,383.48,930.47,47,60,-5.94
000506,20240126,20260421,20241023,2.04,17.4,752.94,752.94,360,13.22,31.62,21.57,54.9,69.12,67.65,55.05,190,164,1.16,694.18,451.83,1146.01,61,60,1.05
002586,20240126,20260421,20241022,1.62,5.08,213.58,213.58,361,4.4,15.45,6.17,4.94,22.84,29.01,15.37,174,159,1.09,390.54,265.6,656.14,40,60,5.39
002290,20240126,20260421,20241018,13.16,74.35,464.97,464.97,364,49.39,50.54,9.35,15.5,46.88,22.49,25.08,196,167,1.17,590.43,391.47,981.9,53,60,6.47
603608,20240126,20260421,20241014,2.89,12.16,320.76,320.76,362,10.47,16.14,7.61,17.99,18.69,23.53,17.23,185,166,1.11,495.0,334.09,829.1,59,60,6.48
300114,20240126,20260208,20240926,43.3,72.18,66.7,66.7,90,0.0,0.0,40.32,66.28,78.85,86.63,68.93,45,43,1.05,202.52,138.28,340.8,8,60,1.81
600234,20240126,20260421,20240925,3.07,21.91,613.68,613.68,375,12.89,69.98,3.58,4.56,38.76,43.32,22.38,200,159,1.26,577.51,359.46,936.97,49,60,24.35
002170,20240126,20260421,20240919,5.38,13.76,155.76,155.76,380,12.31,11.78,0.74,13.57,17.84,39.22,17.42,203,171,1.19,439.75,330.95,770.7,30,60,2.46
000101,20240126,20260421,20240729,240.57,254.02,5.59,5.59,417,251.66,0.94,0.05,0.17,0.36,0.52,0.27,395,7,56.43,5.49,0.05,5.55,391,60,0.06
399298,20240126,20260421,20240729,204.75,216.26,5.62,5.62,417,214.08,1.02,0.07,0.16,0.29,0.36,0.22,352,39,9.03,6.11,0.64,6.75,317,60,0.06
000013,20240126,20260421,20240729,288.97,305.75,5.81,5.81,417,302.88,0.95,0.04,0.16,0.31,0.44,0.24,391,12,32.58,5.73,0.08,5.81,385,60,0.06
399301,20240126,20260421,20240729,208.44,220.16,5.62,5.62,417,217.94,1.02,0.07,0.16,0.3,0.36,0.22,345,41,8.41,6.11,0.64,6.75,320,60,0.06
000923,20240126,20260314,20240729,243.24,255.41,5.0,5.0,392,254.11,0.51,0.03,0.16,0.32,0.42,0.23,344,20,17.2,5.06,0.17,5.23,323,60,0.03
200771,20240126,20260421,20240729,6.46,13.3,105.75,105.75,297,0.0,0.0,5.26,4.8,1.55,2.94,3.54,156,126,1.24,222.63,144.43,367.07,32,60,9.74
