breakthrough_date,breakthrough_price,breakthrough_ratio,final_gain,ma120,success,ts_code,volume_ratio
20240927,13.45,3.8579,1.26,12.95,False,sh603035,1.588
20240902,3.42,3.0534,1.75,3.32,False,sh600243,2.4432
20250716,52.13,2.4529,6.37,50.88,False,sh688698,5.2827
20240920,4.32,1.6698,7.17,4.25,False,sh600410,3.1898
20240927,8.5,5.6163,-1.06,8.05,False,sh600597,5.4525
20250716,30.15,1.1151,-0.3,29.82,False,sh688448,2.5022
20250624,61.81,0.7092,7.57,61.37,False,sh688581,0.6634
20250805,35.75,0.0666,6.41,35.73,False,sh688255,3.9268
20240807,5.85,6.8461,-1.54,5.48,False,sh600969,2.839
20240806,13.92,0.2292,1.36,13.89,False,sh600114,0.876
20240930,5307.28,10.15,-3.27,4818.23,False,sh000132,2.9712
20240927,1.92,3.2767,0.52,1.86,False,sh601996,1.7324
20250701,86.6,1.0326,-4.28,85.71,False,sh688361,0.7111
20240912,3.51,0.2683,-2.28,3.5,False,sh600020,0.5243
20240930,7.92,8.0177,1.89,7.33,False,sh600673,3.6863
20240731,5.89,2.3199,0.17,5.75,False,sh601222,1.3646
20240930,28.89,2.0126,-4.64,28.32,False,sh600547,3.6456
20240926,4731.33,6.9151,8.63,4425.32,False,sh000006,2.492
20250630,66.21,0.3548,-0.74,65.98,False,sh688606,0.6734
20240927,7.96,2.2222,1.0,7.79,False,sh603898,1.7737
20240926,5.24,0.6003,8.77,5.21,False,sh600509,1.5632
20240910,10.58,1.4143,-1.32,10.44,False,sh603218,1.2195
20240927,2.65,1.7795,2.26,2.6,False,sh600293,2.9097
20250819,5.92,0.5687,3.38,5.89,False,sh603730,1.5289
20251110,57.76,3.167,-10.98,55.99,False,sh688648,1.76
20251020,8.68,1.9543,9.22,8.51,False,sh688285,1.0235
20250627,31.28,0.1162,-1.53,31.24,False,sh688078,1.2802
20240801,3.15,0.4843,0.63,3.14,False,sh600339,1.0443
20240926,3.33,1.6791,1.29,3.27,False,sh900905,1.6943
20240927,4.86,0.7322,0.82,4.83,False,sh603101,1.3943
20240930,4.64,9.0759,-2.8,4.25,False,sh600610,2.538
20240927,2.38,0.4384,2.53,2.36,False,sh601388,2.1775
20251124,37.56,2.9055,1.28,36.5,False,sh688551,1.3298
20250804,84.1,2.5576,2.38,82.0,False,sh688036,3.0037
20240930,2.95,7.262,-4.75,2.75,False,sh601908,4.6372
20251212,66.28,1.3432,2.41,65.4,False,sh603087,1.5169
20241101,12.42,1.537,0.48,12.23,False,sh600377,0.8855
20240926,16.64,1.1316,16.29,16.45,False,sh600521,1.8831
20250624,8.4,3.3602,2.5,8.13,False,sh688660,1.7105
20250929,6.61,4.3121,9.23,6.34,False,sh688033,1.2526
20240927,1345.11,3.8816,4.58,1294.85,False,sh000853,1.8945
20260206,25.9,2.2897,-4.32,25.32,False,sh603978,1.0695
20260401,83.9,3.1563,4.15,81.33,False,sh688800,0.6343
20250724,25.3,1.8026,-2.25,24.85,False,sh688349,2.1258
20240930,3.62,7.0834,3.31,3.38,False,sh600792,5.5719
20251024,7.94,0.3232,12.97,7.91,False,sh688280,0.7171
20240902,2.66,2.7126,-1.13,2.59,False,sh600008,2.771
20240731,4.44,8.0545,-12.15,4.11,False,sh600638,5.4156
20240903,1.52,0.1263,-3.95,1.52,False,sh600462,2.1723
20251021,11.48,2.2262,1.66,11.23,False,sh688579,1.4653
20240926,39.43,6.1884,16.79,37.13,False,sh601689,1.3503
20250901,81.13,1.0288,1.57,80.3,False,sh688050,1.4674
20240930,3.5,6.192,-4.86,3.3,False,sh601113,5.1981
20240930,7.31,5.4682,-2.74,6.93,False,sh603167,5.8371
20260204,71.46,3.389,-4.11,69.12,False,sh688399,0.3745
20250711,13.09,0.6149,-1.07,13.01,False,sh605577,1.0269
20240926,7.36,3.5101,9.24,7.11,False,sh600742,2.5644
20251124,13.62,4.4265,8.44,13.04,False,sh688403,0.9305
20251027,29.26,0.7319,-0.34,29.05,False,sh603052,0.7752
20240801,11.92,0.9115,-2.85,11.81,False,sh601069,0.842
20240902,10.32,1.265,-7.56,10.19,False,sh603787,2.397
20240731,18.0,2.7477,0.06,17.52,False,sh600096,1.1592
20240927,9.8,1.2527,6.22,9.68,False,sh603519,3.3736
20240925,18.78,0.9681,16.35,18.6,False,sh601877,1.4344
20250804,46.9,0.0135,3.05,46.89,False,sh688080,0.6178
20251014,18.23,0.0594,0.93,18.22,False,sh601838,1.9168
20240930,6.58,7.1036,-2.13,6.14,False,sh603803,3.6547
20240826,7.76,0.9913,3.61,7.68,False,sh600415,1.838
20260401,70.43,0.0056,5.61,70.43,False,sh688233,1.041
20260325,20.3,0.3952,4.24,20.22,False,sh603282,0.522
20240926,6.37,1.3444,13.97,6.29,False,sh603528,1.0854
20240920,2.0,0.3428,32.0,1.99,True,sh600239,2.1715
20240819,24.15,3.3435,-6.13,23.37,False,sh603186,5.0336
20241008,14.09,0.7331,-15.62,13.98,False,sh603566,4.1172
20241008,17.14,7.3508,-12.02,15.97,False,sh601808,4.3817
20250905,42.27,2.6711,0.57,41.17,False,sh688136,0.8412
20240812,6.13,2.4455,3.75,5.98,False,sh600213,0.721
20240926,4.22,0.7521,9.95,4.19,False,sh603001,1.3904
20251124,58.91,0.005,2.85,58.91,False,sh688155,0.7036
20240731,3.46,0.6676,-1.44,3.44,False,sh600120,2.5944
20240806,11.36,1.1066,-2.11,11.24,False,sh600773,0.6989
20251218,18.23,2.1975,-2.19,17.84,False,sh601059,2.9166
20250630,41.25,0.8578,-2.79,40.9,False,sh688261,1.2882
20240731,9.12,6.3584,3.73,8.57,False,sh600894,1.2397
20250714,31.89,3.5236,-3.29,30.8,False,sh603063,1.1783
20240926,7440.93,2.6586,12.83,7248.23,False,sh000148,2.1291
20240731,10.2,0.9984,2.25,10.1,False,sh603998,1.5582
20240925,7.74,0.403,16.91,7.71,False,sh600827,1.3088
20240826,7.74,7.7407,-11.5,7.18,False,sh603118,8.4753
20250813,11.42,9.9908,-3.5,10.39,False,sh688548,10.3038
20240927,9.59,1.0395,4.38,9.49,False,sh600200,1.6413
20240731,9.22,1.6865,3.15,9.07,False,sh600573,0.8484
20260113,27.55,0.9466,-2.29,27.29,False,sh603683,2.7025
20240731,3.6,1.9637,-1.94,3.53,False,sh601216,1.8221
20250729,73.0,2.8832,-0.26,70.95,False,sh688798,2.096
20240812,36.06,0.5239,2.91,35.87,False,sh601088,0.6405
20240912,10.95,0.2734,0.0,10.92,False,sh603881,1.1202
20251015,52.97,5.1567,12.46,50.37,False,sh688336,0.9861
20240927,3.61,3.5398,0.28,3.49,False,sh600624,0.7557
20250710,8.1,0.5618,2.59,8.05,False,sh603387,0.9502
20250924,6.12,2.6257,-1.31,5.96,False,sh603880,1.0511
20240731,5.24,0.3863,-3.63,5.22,False,sh600497,0.6832
20250717,17.25,0.1128,2.2,17.23,False,sh688378,1.8046
20251126,24.53,9.6604,1.3,22.37,False,sh601089,1.9476
20240923,18.4,2.9054,8.75,17.88,False,sh600988,1.7691
20240930,14.47,5.2154,-3.73,13.75,False,sh600072,2.9738
20260105,35.19,5.0236,-6.31,33.51,False,sh603382,6.889
20250703,65.99,9.2238,-9.09,60.42,False,sh688333,3.3698
20240926,3.42,2.6527,2.64,3.33,False,sh600515,1.8351
20240731,13.44,1.9772,-4.46,13.18,False,sh600346,1.0691
20240930,12.97,2.5067,-9.33,12.65,False,sh601717,2.6732
20260324,26.24,3.9651,9.41,25.24,False,sh688350,0.7455
20250811,18.22,2.3619,1.92,17.8,False,sh688299,1.5037
20240930,88.81,8.3695,2.91,81.95,False,sh601127,2.9011
20240926,6.15,2.6596,4.88,5.99,False,sh600325,3.4555
20250624,27.04,1.0504,0.7,26.76,False,sh688819,2.0263
20240731,22.99,1.02,1.78,22.76,False,sh600196,1.957
20241008,21.47,1.2459,-13.78,21.21,False,sh603960,4.3248
20240807,5.04,1.0408,1.19,4.99,False,sh601169,1.1646
20250702,1.77,2.1891,4.52,1.73,False,sh601588,1.6716
20240830,0.27,1.8237,-0.75,0.26,False,sh900957,1.2318
20240926,3.87,0.864,5.43,3.83,False,sh600738,1.4901
20240930,15.28,6.8454,-4.71,14.3,False,sh603029,4.4131
20260105,3.5,0.1192,0.86,3.5,False,sh601326,1.0265
20240930,2.7,2.0376,-6.67,2.65,False,sh600396,3.8346
20240920,9.63,2.495,5.3,9.39,False,sh600776,2.0437
20250624,54.16,2.4732,6.67,52.85,False,sh603486,1.2395
20240814,32.38,1.0277,0.25,32.05,False,sh600211,2.2801
20240927,3.66,1.7491,3.55,3.6,False,sh601789,2.3569
20250624,14.98,0.1119,-1.0,14.96,False,sh688207,2.2383
20251013,14.03,2.2654,1.57,13.72,False,sh603836,1.8713
20240927,1841.66,1.8336,3.01,1808.5,False,sh000160,1.5314
20240930,5.48,9.5653,-5.29,5.0,False,sh603330,3.9955
20240819,6.66,3.2585,-4.35,6.45,False,sh600421,5.1378
20250725,28.48,1.6558,-1.44,28.02,False,sh688380,2.1524
20241107,6.98,1.558,-5.01,6.87,False,sh600975,1.61
20240926,2.54,2.1104,5.89,2.49,False,sh600108,2.2017
20250722,21.8,1.3962,1.97,21.5,False,sh688249,3.7291
20240918,5.33,1.0602,4.32,5.27,False,sh600692,1.3134
20240927,10.91,1.0002,1.38,10.8,False,sh603587,1.8955
20240925,2.74,1.3189,20.44,2.7,True,sh600816,7.676
20251020,23.99,2.3144,7.09,23.45,False,sh688199,0.5268
20250723,48.8,3.4164,31.15,47.19,True,sh688603,2.6585
20251103,8.08,0.1498,0.99,8.07,False,sh601921,1.1393
20240926,4.34,4.5446,1.61,4.15,False,sh600858,3.3603
20240821,3.54,1.9218,-9.04,3.47,False,sh600676,0.7161
20251216,6.14,1.4443,-2.12,6.05,False,sh600874,6.1621
20250721,39.64,0.8269,0.15,39.31,False,sh603082,1.2064
20240927,11.96,2.2689,3.85,11.69,False,sh600372,1.5073
20240927,48.44,2.2094,-10.92,47.39,False,sh603979,0.9637
20240802,8.75,4.9866,-6.0,8.33,False,sh600615,3.0159
20250702,8.35,1.3483,1.44,8.24,False,sh603105,2.7542
20240731,15.94,0.0466,-3.14,15.93,False,sh600875,1.144
20251215,18.68,0.8857,-0.32,18.52,False,sh603231,0.7796
20250806,69.49,4.2724,-1.71,66.64,False,sh603662,2.4794
20240731,9.3,2.1246,-4.52,9.1,False,sh600592,3.3561
20250624,5.72,0.9352,3.32,5.67,False,sh600173,0.9191
20240924,1.9,1.0549,53.68,1.88,True,sh600208,1.333
20250717,14.01,1.2558,-1.28,13.84,False,sh603305,2.209
20240927,6.94,0.6283,2.16,6.9,False,sh600888,2.0592
20250725,28.84,0.3517,1.25,28.74,False,sh688107,1.7624
20240926,7.15,0.27,10.07,7.13,False,sh600246,4.3154
20240801,13.98,0.0832,-6.36,13.97,False,sh603663,1.8884
20240730,6.19,6.5435,29.24,5.81,True,sh600721,1.2479
20240925,1.88,0.1465,12.77,1.88,False,sh603030,2.1123
20240927,2.3,1.9767,3.91,2.26,False,sh600172,1.8156
20251014,5.7,0.4671,-0.53,5.67,False,sh601658,1.6855
20240927,3454.09,1.3414,7.82,3408.37,False,sh000137,1.5495
20250826,56.77,2.5901,2.08,55.34,False,sh603786,3.1428
20240920,12.98,1.8705,10.09,12.74,False,sh600476,2.0056
20250924,21.39,0.8126,9.12,21.22,False,sh688737,1.1022
20250624,4.52,1.714,0.88,4.44,False,sh601068,2.1247
20240926,10.03,2.5641,15.95,9.78,False,sh603600,2.0312
20240927,18.72,4.0797,6.14,17.98,False,sh600111,3.0843
20240927,20.76,4.5566,-0.63,19.86,False,sh600438,1.5113
20251020,11.2,1.1591,0.0,11.07,False,sh603535,1.5166
20250624,17.72,1.0003,0.9,17.54,False,sh688584,0.6856
20241021,8.36,0.7846,0.48,8.29,False,sh603018,1.7206
20250627,26.15,3.4283,4.86,25.28,False,sh603530,3.6157
20251229,4.68,0.5425,-3.63,4.65,False,sh603363,0.7878
20250916,22.08,1.8317,-12.14,21.68,False,sh603057,0.6116
20250911,3.97,0.164,-2.52,3.96,False,sh600968,0.7868
20240801,13.35,1.6117,-0.52,13.14,False,sh601811,1.162
20250625,26.14,0.0692,-1.68,26.12,False,sh688161,1.0131
20260105,24.91,4.6204,-0.76,23.81,False,sh688236,3.0708
20240731,6.49,2.3999,0.0,6.34,False,sh600177,1.3377
20240731,3.66,2.7913,-3.45,3.56,False,sh601375,4.0676
20240926,3.71,0.7673,-0.54,3.68,False,sh600724,2.1849
20240927,1569.08,0.0459,0.78,1568.36,False,sh000151,1.4568
20240927,3.2,0.0545,7.81,3.2,False,sh601188,1.7091
20250709,24.34,0.0628,4.44,24.32,False,sh603629,2.6766
20250717,76.66,0.5242,-0.57,76.26,False,sh688278,1.7128
20240930,17.4,9.5897,-10.46,15.88,False,sh603806,2.5896
20240930,14.62,6.6041,-6.7,13.72,False,sh603628,2.812
20240816,7.74,0.3074,1.03,7.72,False,sh601872,1.747
20250627,15.77,0.2779,1.0,15.73,False,sh688085,0.879
20240926,17.76,4.7891,7.49,16.95,False,sh603286,3.6721
20240927,23.27,6.3915,-6.96,21.87,False,sh601595,1.315
20240927,4.07,0.5911,1.72,4.05,False,sh603086,1.5762
20240920,4.91,0.8818,8.76,4.87,False,sh600797,1.6412
20240927,5004.2,4.1266,5.9,4805.88,False,sh000856,1.9001
20251209,54.28,2.6627,-6.69,52.87,False,sh688302,8.5205
20260226,55.0,2.4932,-10.91,53.66,False,sh688665,1.6587
20250625,15.87,0.6128,2.84,15.77,False,sh603933,1.5108
20250624,36.18,0.324,0.14,36.06,False,sh603583,1.8583
20250804,15.55,0.9751,6.3,15.4,False,sh603219,2.1865
20250716,25.81,9.2846,-6.16,23.62,False,sh603950,2.9552
20250624,3.65,0.385,0.82,3.64,False,sh688055,1.9878
20240731,0.53,1.4318,-2.85,0.52,False,sh900928,2.3705
20240808,8.27,0.2424,-6.41,8.25,False,sh601116,3.4449
20251201,59.63,0.8774,-3.24,59.11,False,sh603257,0.7505
20240815,4.92,0.5686,-1.63,4.9,False,sh601158,1.244
20240807,7.61,0.6725,3.68,7.56,False,sh600642,0.7928
20250320,6.66,0.8327,-1.2,6.6,False,sh600011,1.1741
20250630,41.39,3.0236,10.82,40.18,False,sh688503,1.6648
20240906,5.28,4.6235,-11.55,5.05,False,sh600576,2.0553
20251114,42.92,1.6714,-8.67,42.21,False,sh688484,1.5498
20240926,8.36,0.5281,4.9,8.32,False,sh600822,1.5332
20240930,2590.19,5.312,-4.22,2459.54,False,sh000079,3.7473
20240806,7.54,2.3723,-0.66,7.37,False,sh603229,1.617
20241018,4.06,6.5897,4.68,3.81,False,sh600538,5.7511
20250624,29.22,1.4246,0.61,28.8,False,sh603205,0.8409
20240909,4.22,1.7399,-11.14,4.15,False,sh600841,5.3525
20241008,7.0,2.75,-8.71,6.81,False,sh603903,3.2281
20240926,3.38,2.0935,8.87,3.31,False,sh600308,2.1943
20251015,38.43,1.7099,0.29,37.78,False,sh688180,0.5873
20240830,1.4,1.8842,-2.29,1.37,False,sh900934,1.9774
20240731,31.44,2.3359,-3.78,30.72,False,sh603383,2.0424
20251201,54.83,4.309,-2.19,52.56,False,sh688049,1.7328
20250924,14.15,1.3544,5.72,13.96,False,sh688560,0.5545
20240731,13.48,1.7232,-2.97,13.26,False,sh600621,3.1559
20250707,15.75,0.0932,-1.21,15.74,False,sh600989,0.4209
20250902,9.03,1.2069,-2.32,8.93,False,sh601939,1.7823
20250729,15.72,2.3849,-2.1,15.35,False,sh688007,2.5889
20241025,2.85,4.2969,10.18,2.73,False,sh603879,2.8967
20240905,1.64,1.4745,0.0,1.61,False,sh600715,1.491
20240904,10.09,4.3467,-2.68,9.67,False,sh600272,2.3845
20260306,16.02,4.1015,-0.81,15.39,False,sh603182,1.4418
20250624,22.31,2.5688,6.01,21.75,False,sh688133,0.9822
20240927,7.61,2.8112,2.1,7.4,False,sh601369,1.8592
20250924,19.25,1.2391,-0.57,19.01,False,sh688479,1.1393
20250114,9.66,1.6767,-0.62,9.5,False,sh600958,1.1114
20240930,6.11,6.2008,-3.44,5.75,False,sh600125,4.0434
20240927,8.14,3.3225,-0.88,7.88,False,sh603067,0.8646
20250929,24.9,1.7583,-1.77,24.47,False,sh688150,1.1234
20250725,75.0,0.4034,-3.87,74.7,False,sh688099,1.3252
20240927,19.77,0.248,-2.93,19.72,False,sh603505,1.8347
20240731,2.9,0.763,-2.41,2.88,False,sh601016,1.412
20250708,11.26,1.0938,0.18,11.14,False,sh688432,1.5832
20240926,5.9,0.7288,10.34,5.86,False,sh603318,2.2403
20240924,13.66,0.3471,13.84,13.61,False,sh601058,1.4818
20251218,17.25,2.3405,2.14,16.86,False,sh688681,1.1897
20240927,5.33,1.9027,6.01,5.23,False,sh600409,1.3969
20250710,8.64,0.7561,-1.39,8.58,False,sh603357,1.8976
20251128,25.63,1.2167,-2.3,25.32,False,sh688178,0.6813
20240830,5.12,2.3503,-7.23,5.0,False,sh601668,1.7973
20240930,11.05,4.7973,-5.61,10.54,False,sh600970,3.7419
20240808,10.5,0.1916,-3.43,10.48,False,sh600697,3.9204
20240731,7.66,1.9247,-2.09,7.52,False,sh600710,1.1676
20250624,24.74,0.4062,1.41,24.64,False,sh688598,2.322
20240815,6.79,0.3905,-2.36,6.77,False,sh600143,0.9534
20260107,65.49,4.0783,10.02,62.92,False,sh688202,2.3108
20260323,31.11,0.598,2.89,30.93,False,sh603529,8.6142
20250711,35.0,0.2289,5.17,34.92,False,sh688651,1.8716
20240926,4.33,10.1125,2.08,3.93,False,sh600510,6.5988
20240919,8.26,4.2271,5.08,7.93,False,sh600343,3.3564
20240730,6.0,6.9106,-3.17,5.61,False,sh603766,2.4524
20251125,10.27,2.2323,1.46,10.05,False,sh688565,0.8494
20250815,18.95,0.2579,3.59,18.9,False,sh603949,0.5402
20250630,59.63,0.9151,-0.92,59.09,False,sh688185,0.8552
20240930,6.58,4.9005,5.32,6.28,False,sh600039,2.8198
20240927,2.55,0.1047,-3.53,2.55,False,sh600844,1.7242
20240927,8.22,1.8914,7.3,8.07,False,sh603906,1.6784
20240927,44.08,2.5518,0.32,42.98,False,sh603728,0.9732
20250117,0.11,1.3728,-4.46,0.11,False,sh900952,3.9978
20241101,3.52,5.5578,18.18,3.33,False,sh600193,1.3334
20240730,4.22,3.4166,-6.16,4.08,False,sh600609,1.8134
20240926,3.6,3.2329,11.68,3.48,False,sh600320,1.4737
20260108,34.5,1.001,3.19,34.16,False,sh688061,1.5546
20250625,17.4,0.4246,2.0,17.33,False,sh688355,1.7248
20240816,3.77,0.326,-0.53,3.76,False,sh600869,1.5016
20240930,2.95,1.4763,-6.78,2.91,False,sh600387,4.0877
20240927,7.93,0.9238,0.25,7.86,False,sh600596,2.0453
20250716,34.2,0.5082,-3.65,34.03,False,sh603666,2.1531
20250724,34.0,1.0134,12.15,33.66,False,sh688699,1.1257
20251110,17.52,0.9866,-0.29,17.35,False,sh605077,1.2913
20251105,63.29,1.1014,3.07,62.6,False,sh688103,0.7028
20240927,3.61,0.7545,6.09,3.58,False,sh603980,1.4366
20240801,10.36,0.1482,-3.57,10.34,False,sh600176,1.0541
20240930,16.53,7.7821,-6.11,15.34,False,sh603667,3.9765
20240930,2.83,0.9452,-1.41,2.8,False,sh600725,5.1536
20250624,19.1,4.6732,0.47,18.25,False,sh688733,3.2695
20240926,5.29,6.8741,7.75,4.95,False,sh601997,4.0343
20240927,3774.3,0.3796,6.03,3760.03,False,sh000133,1.4915
20240927,3.94,3.0896,-6.35,3.82,False,sh600115,2.8542
20240926,6.43,1.2995,7.93,6.35,False,sh600746,1.3841
20260114,15.44,0.9607,22.09,15.29,True,sh603056,0.6345
20251021,48.17,0.2084,9.8,48.07,False,sh688580,0.5437
20260126,9.8,0.4319,-3.67,9.76,False,sh601022,1.8742
20240927,13.01,3.9338,0.38,12.52,False,sh600508,2.9637
20240731,4.7,1.4443,4.04,4.63,False,sh600812,1.3757
20240927,31.21,1.8963,-1.03,30.63,False,sh603899,1.5986
20240806,7.13,1.4185,-1.54,7.03,False,sh601117,0.7651
20240807,8.91,0.4613,-2.69,8.87,False,sh600021,1.2605
20251024,21.15,0.6667,7.94,21.01,False,sh688360,0.3295
20240920,2.36,0.4968,27.54,2.35,True,sh600376,1.8237
20240904,4.28,1.4158,-0.23,4.22,False,sh600525,1.3817
20251212,45.84,1.4921,-4.32,45.17,False,sh688550,0.9016
20241218,7.95,0.9834,-11.19,7.87,False,sh600611,0.583
20240927,18.32,3.823,-1.53,17.64,False,sh603100,1.6998
20240926,0.49,0.0686,11.11,0.49,False,sh900904,1.0436
20240930,4.48,1.8915,-3.79,4.4,False,sh603429,1.8931
20250908,27.66,0.6239,-1.27,27.49,False,sh603235,0.8271
20240731,7.95,3.5426,-7.3,7.68,False,sh603936,1.2503
20240927,35.19,4.4717,-1.22,33.68,False,sh600009,2.9887
20240930,7.37,7.4257,-10.44,6.86,False,sh603718,5.3758
20240926,9.35,0.7163,5.03,9.28,False,sh600793,1.812
20250721,44.19,0.0436,2.2,44.17,False,sh688348,0.8963
20251124,36.05,0.7157,1.64,35.79,False,sh603757,0.6734
20240927,5136.44,3.1476,5.46,4979.7,False,sh000852,1.996
20250722,10.32,0.7222,-1.16,10.25,False,sh688306,1.9491
20250708,104.27,2.249,-3.14,101.98,False,sh688032,2.7514
20240830,18.17,1.5476,-2.2,17.89,False,sh600520,2.2742
20250326,176.31,0.138,0.14,176.07,False,sh000061,0.2942
20250723,137.38,3.2434,6.88,133.06,False,sh688536,1.6412
20240731,18.36,6.0791,-1.31,17.31,False,sh600990,3.9182
20240927,5.03,3.1689,0.4,4.88,False,sh603166,1.7224
20240926,3.59,0.5086,11.98,3.57,False,sh600310,1.6548
20251222,39.98,4.5295,-0.45,38.25,False,sh688051,1.4382
20240906,12.18,0.2951,-0.33,12.14,False,sh601688,3.6873
20260120,59.45,1.611,0.42,58.51,False,sh603400,2.6717
20251215,101.12,0.2435,1.38,100.87,False,sh688578,1.2156
20241008,9.38,3.4787,-11.3,9.06,False,sh603955,3.3483
20240927,5.61,1.0917,0.0,5.55,False,sh603128,1.505
20240925,9.89,0.4233,17.3,9.84,False,sh600639,2.706
20250821,9.28,0.0638,-1.4,9.27,False,sh600025,1.0183
20240930,8.72,7.0672,-5.16,8.14,False,sh600097,3.2063
20251031,21.21,5.0351,-3.91,20.19,False,sh603367,1.3901
20250916,11.72,0.6009,-5.89,11.65,False,sh603329,1.0268
20260206,26.83,1.3932,5.03,26.46,False,sh688251,0.994
20240927,2.92,5.0045,1.37,2.78,False,sh603601,1.7814
20240920,1.28,3.0942,16.41,1.24,False,sh600743,3.9238
20240930,3.81,10.1023,-6.04,3.46,False,sh600110,3.1713
20250701,23.2,1.3322,3.19,22.9,False,sh605011,3.9497
20250819,26.7,3.1386,-3.03,25.89,False,sh688165,3.1399
20240930,26.66,6.0328,-8.51,25.14,False,sh603031,8.124
20250801,37.89,4.2826,2.4,36.33,False,sh603283,4.6227
20260112,32.09,15.7564,-2.09,27.72,False,sh688232,13.5855
20250624,17.71,0.6039,0.06,17.6,False,sh688106,0.9172
20240801,2.78,0.2404,0.36,2.77,False,sh601616,0.8546
20240926,2627.37,3.5832,10.57,2536.48,False,sh000155,1.8488
20251113,2.85,1.3303,-9.82,2.81,False,sh603557,2.0459
20240927,6701.54,4.8532,3.01,6391.35,False,sh000966,2.1695
20240930,4.18,2.9687,-1.2,4.06,False,sh600711,2.2035
20250728,9.22,1.0256,-4.45,9.13,False,sh605377,3.1329
20240927,21.49,5.1464,-1.02,20.44,False,sh603000,1.9027
20260113,49.6,15.1854,-7.58,43.06,False,sh688137,13.8326
20240806,42.71,0.2053,-0.56,42.62,False,sh600276,0.773
20240806,11.09,0.8931,0.72,10.99,False,sh603567,1.0202
20240927,54.07,8.7499,-4.2,49.72,False,sh603833,1.6796
20251219,5.74,2.2687,-2.09,5.61,False,sh603335,0.9796
20240927,7.95,3.0683,-6.92,7.71,False,sh600238,2.0743
20240924,4.99,0.1231,21.86,4.98,True,sh603999,1.9212
20240731,4736.64,0.2392,-2.81,4725.34,False,sh000934,1.7438
20240816,3520.33,0.0313,1.51,3519.23,False,sh000149,0.9152
20240927,11.61,3.1908,4.31,11.25,False,sh603319,1.9406
20240927,1.76,2.5442,0.57,1.72,False,sh600408,2.0868
20260121,49.62,0.4223,5.46,49.41,False,sh603062,1.0461
20240927,8.97,3.6974,3.23,8.65,False,sh600392,2.3489
20260105,30.93,5.2109,16.55,29.4,False,sh688260,1.4283
20250902,8.85,1.5576,-3.84,8.71,False,sh601825,2.8577
20250625,35.25,0.2798,1.93,35.15,False,sh688433,0.7277
20240930,11.12,4.8906,-4.86,10.6,False,sh603630,5.4418
20240927,3.39,1.2192,11.21,3.35,False,sh600121,2.3494
20240927,4905.48,1.9328,2.11,4812.46,False,sh000107,1.4132
20240924,10.82,5.7717,40.11,10.23,True,sh600446,8.4508
20251020,14.0,2.101,0.29,13.71,False,sh688707,0.6352
20240816,5.8,0.5358,1.9,5.76,False,sh600015,1.1484
20240926,1.92,0.3047,9.38,1.91,False,sh600868,2.4731
20250625,5.56,0.8846,1.26,5.51,False,sh603682,0.8282
20240930,4.77,7.5601,-7.12,4.44,False,sh600572,4.1025
20250708,27.15,0.348,4.35,27.06,False,sh688633,1.5909
20240906,5.5,2.2006,-6.72,5.39,False,sh600826,10.8251
20250624,14.74,2.5645,1.24,14.37,False,sh603201,1.1649
20240926,2.57,3.6604,8.95,2.48,False,sh600496,2.6316
20250701,36.81,1.5957,-6.41,36.23,False,sh688337,2.6792
20250625,18.17,0.1336,2.75,18.15,False,sh605177,0.8741
20240926,1994.07,0.7323,21.06,1979.57,True,sh000828,2.6461
20240927,12.3,8.451,-3.17,11.34,False,sh603885,3.1728
20250819,109.0,3.5645,7.98,105.25,False,sh688332,2.0861
20240830,5.95,1.3222,0.84,5.87,False,sh600073,3.8334
20240926,79.97,0.1774,5.94,79.83,False,sh600309,1.8035
20250624,29.74,0.6805,4.61,29.54,False,sh688181,0.8601
20250624,53.66,0.5402,7.27,53.37,False,sh688048,1.2593
20251113,37.84,3.583,-5.44,36.53,False,sh603130,0.9202
20260121,14.12,0.2871,0.85,14.08,False,sh605208,0.9509
20250929,11.94,0.1047,-1.34,11.93,False,sh603700,0.6794
20240927,16.87,2.0841,-0.18,16.53,False,sh601168,1.1154
20240925,4.15,2.0011,7.23,4.07,False,sh600539,1.0301
20250905,53.77,3.0011,2.25,52.2,False,sh603267,0.7677
20240930,18.64,8.8525,-12.77,17.12,False,sh600197,4.3966
20240930,8.75,8.1072,-1.83,8.1,False,sh603686,4.6574
20250624,47.12,1.5238,0.02,46.41,False,sh688065,1.0918
20250729,32.79,1.7974,-1.19,32.21,False,sh605111,1.7684
20240730,0.26,0.2064,-1.52,0.26,False,sh900918,8.6057
20240816,10.85,2.1974,-0.74,10.62,False,sh603701,3.6435
20240919,4.1,0.6794,32.44,4.07,True,sh600643,1.9227
20240926,2.92,0.8787,5.14,2.89,False,sh601212,1.7845
20250630,27.35,1.2429,-1.86,27.01,False,sh688298,1.6498
20250711,281.46,5.231,4.62,267.47,False,sh688502,1.4881
20250701,8.23,0.0436,-0.73,8.23,False,sh600916,0.8516
20240924,15.02,1.9398,38.95,14.74,True,sh601788,4.3488
20251010,21.64,0.934,-1.94,21.44,False,sh688151,2.7578
20250725,69.28,5.4177,-3.12,65.72,False,sh688702,2.4116
20240927,15.96,2.0814,1.5,15.63,False,sh601012,1.9679
20240927,97.19,1.3918,14.34,95.86,False,sh603501,1.0641
20240925,4.95,0.2955,8.28,4.94,False,sh600210,1.8855
20240926,9.5,1.3515,7.69,9.37,False,sh603066,1.1601
20240924,2.05,2.151,19.51,2.01,False,sh600397,3.4432
20250624,54.37,2.5098,1.28,53.04,False,sh688685,0.7655
20240925,6.25,0.5872,4.32,6.21,False,sh603028,2.128
20241008,19.85,3.3132,-11.79,19.21,False,sh603855,2.2654
20240925,9.05,2.1937,37.13,8.86,True,sh600739,2.941
20250624,30.06,2.2211,0.83,29.41,False,sh688478,3.3306
20250904,30.68,0.6884,7.95,30.47,False,sh605296,0.6679
20240926,3189.28,6.7782,7.77,2986.83,False,sh000952,2.9428
20250624,21.36,1.5438,2.29,21.04,False,sh603004,0.4322
20240926,3.03,3.4512,4.29,2.93,False,sh600693,0.9739
20240925,7.74,1.1539,23.9,7.65,True,sh600109,4.5417
20240926,11.17,4.0045,7.97,10.74,False,sh600420,1.5629
20240927,1369.76,2.8543,4.85,1331.75,False,sh000161,1.6275
20251020,14.57,0.7149,4.46,14.47,False,sh688455,0.5536
20251126,33.77,0.1228,1.84,33.73,False,sh688206,0.9651
20240927,7.47,1.7526,4.15,7.34,False,sh600714,1.4909
20240930,11.45,6.6872,-0.26,10.73,False,sh603656,5.3861
20240927,5.16,1.8221,1.36,5.06,False,sh601226,1.464
20240731,14.52,9.3645,1.31,13.28,False,sh600859,1.8669
20251103,15.0,0.1079,-5.87,14.98,False,sh688365,1.2714
20250924,8.49,1.1507,3.77,8.39,False,sh688602,1.0878
20251119,253.73,5.0067,3.38,241.63,False,sh603129,1.852
20250729,110.34,2.2955,5.19,107.86,False,sh688198,1.6543
20240830,5.37,9.2092,-8.75,4.92,False,sh600543,0.3194
20240924,9.02,2.0194,32.7,8.84,True,sh600817,0.8255
20240821,12.52,2.8112,-14.22,12.18,False,sh603586,4.126
20251112,12.86,0.5178,-1.4,12.79,False,sh603230,1.8354
20250627,58.76,1.0468,-0.97,58.15,False,sh688281,1.944
20240926,0.5,1.3257,18.4,0.49,False,sh900901,1.679
20250820,20.73,0.7432,-2.46,20.58,False,sh605108,2.9736
20240926,13.75,0.2045,5.75,13.72,False,sh600373,0.9736
20260302,113.74,3.416,-2.17,109.98,False,sh603083,2.5297
20251208,46.69,5.4141,15.44,44.29,False,sh688661,2.3513
20250710,13.71,7.4583,-4.52,12.76,False,sh603719,5.3509
20251218,11.7,1.0036,2.91,11.58,False,sh603937,1.0857
20241008,13.08,2.0905,-17.89,12.81,False,sh603985,3.7844
20240927,9.03,0.0984,2.1,9.02,False,sh600720,1.2913
20240731,41.62,2.155,-3.36,40.74,False,sh603556,0.908
20250808,107.49,0.1726,-1.54,107.3,False,sh600941,2.1767
20240730,4.79,0.2931,0.42,4.78,False,sh600889,0.5925
20241008,8.22,4.548,-11.68,7.86,False,sh603518,4.0546
20250625,18.8,0.3108,6.06,18.74,False,sh688081,1.4544
20260316,8.97,4.4197,-9.81,8.59,False,sh688148,2.7118
20240930,19.93,5.3893,-12.34,18.91,False,sh600593,4.8554
20240926,7.94,0.7953,9.06,7.88,False,sh603861,1.5223
20260305,113.49,0.4749,14.54,112.95,False,sh688585,1.027
20250624,9.18,0.3754,1.53,9.15,False,sh603053,1.2677
20240913,2.39,5.5654,0.84,2.26,False,sh600439,2.2911
20240816,6.9,0.1235,-3.48,6.89,False,sh603328,0.7769
20260121,20.15,3.6829,13.65,19.43,False,sh688398,3.5468
20250905,30.96,1.1608,0.97,30.6,False,sh603860,0.7418
20240926,1.56,4.9474,7.69,1.49,False,sh601992,3.5715
20240926,2.35,0.5983,9.77,2.34,False,sh600477,2.2185
20240926,3.99,1.0598,5.52,3.94,False,sh603366,1.3822
20240930,12037.78,6.2427,-2.24,11330.46,False,sh000136,3.6144
20240930,1.29,7.8746,-10.08,1.2,False,sh600221,6.1018
20251021,14.81,1.7963,3.51,14.55,False,sh600927,1.3235
20250714,93.51,4.153,7.13,89.78,False,sh688160,2.8697
20250724,84.44,1.1493,-3.85,83.48,False,sh603605,2.3303
20250730,44.43,0.7854,-0.68,44.08,False,sh688449,1.7545
20240920,1.9,0.7156,23.16,1.89,True,sh600708,2.7638
20240924,11.64,0.8593,14.43,11.54,False,sh600926,1.2849
20240731,43.63,0.7809,-10.29,43.29,False,sh603019,1.178
20250624,14.87,4.2698,1.48,14.26,False,sh603848,2.8561
20250911,80.84,2.6608,8.42,78.74,False,sh688084,0.9514
20240927,10.07,1.1764,-2.58,9.95,False,sh600138,3.7963
20250818,216.62,0.1347,-1.25,216.33,False,sh688279,1.4258
20250626,21.0,3.7289,0.62,20.25,False,sh688750,3.3251
20251107,4.11,0.1076,0.97,4.11,False,sh601568,3.1752
20240930,5.36,2.158,-3.36,5.25,False,sh603300,4.3373
20240927,11670.05,0.5509,0.14,11606.11,False,sh000150,1.4576
20260209,49.85,0.9859,-0.44,49.36,False,sh688237,0.7572
20260324,159.09,0.1258,5.32,158.89,False,sh688037,0.6746
20240927,4963.64,2.1727,0.43,4858.09,False,sh000819,1.5754
20240925,3.96,0.4184,16.92,3.94,False,sh601727,2.5667
20250625,15.78,0.244,6.34,15.74,False,sh605277,1.2357
20251124,56.13,4.5446,-2.46,53.69,False,sh688499,2.2273
20250630,21.32,4.6218,11.26,20.38,False,sh688303,3.4078
20260113,11.98,0.3042,5.59,11.94,False,sh688079,2.3233
20240926,9.49,2.0328,9.69,9.31,False,sh600338,1.6099
20240927,9634.05,0.7133,4.49,9565.81,False,sh000857,1.8531
20240731,1.84,0.8173,1.09,1.83,False,sh600871,1.2589
20240927,4.46,0.3009,1.57,4.45,False,sh600796,1.8398
20250626,9.76,1.6226,1.74,9.6,False,sh603466,1.0781
20250702,8.71,1.4816,-2.87,8.58,False,sh603162,3.2009
20240924,5.1,2.4957,28.63,4.98,True,sh600292,3.0295
20240930,13.27,2.088,-4.22,13.0,False,sh600546,3.3823
20240930,18.57,5.2375,-8.02,17.65,False,sh600315,3.7774
20240926,0.98,2.5044,12.2,0.96,False,sh900929,2.9921
20250812,28.55,0.1224,0.7,28.52,False,sh688533,0.8782
20240815,9.73,0.099,-4.11,9.72,False,sh600995,2.0165
20240809,22.98,0.0708,1.04,22.96,False,sh603228,0.6506
20250711,17.58,0.2748,0.68,17.53,False,sh603153,1.3904
20250728,22.85,8.5335,0.22,21.05,False,sh688678,3.156
20240822,16.14,0.813,-4.28,16.01,False,sh601126,0.8494
20240924,4.32,3.1088,29.4,4.19,True,sh600577,1.4654
20240930,17.09,3.1014,0.0,16.58,False,sh603266,4.0624
20251023,33.39,1.7498,9.91,32.82,False,sh688636,1.2374
20250625,19.91,1.2154,-0.6,19.67,False,sh688351,1.4604
20240926,1.52,2.3026,11.86,1.48,False,sh600010,3.1837
20251217,28.09,1.7426,5.38,27.61,False,sh688006,0.7247
20260126,20.86,0.6004,-6.04,20.74,False,sh688655,1.3495
20240927,13.97,3.8107,5.87,13.45,False,sh603456,1.5455
20240927,14.51,3.8102,0.48,13.98,False,sh603131,1.5673
20240924,4.96,1.4641,24.62,4.88,True,sh600620,2.1689
20251020,33.99,0.3163,2.62,33.88,False,sh688561,0.808
20240924,240.1,0.1265,16.83,239.8,False,sh000003,1.9878
20240927,4.6,1.8071,-0.22,4.52,False,sh600493,1.0499
20251128,37.27,7.8243,-1.53,34.57,False,sh603657,2.3744
20250821,15.95,5.9232,-5.33,15.06,False,sh605008,2.394
20240927,4.6,0.9824,2.83,4.56,False,sh603618,1.8197
20250624,20.98,0.8222,3.1,20.81,False,sh688381,1.2284
20251217,43.02,0.3312,4.14,42.88,False,sh688248,0.9157
20250624,19.02,0.8354,4.05,18.86,False,sh688132,1.0569
20251124,4.5,1.0914,2.67,4.45,False,sh603183,1.3377
20240808,6.98,1.1037,2.15,6.9,False,sh600273,1.1414
20240813,18.98,1.3661,-2.21,18.72,False,sh603005,0.2795
20241118,6.07,1.4412,5.11,5.98,False,sh603878,4.5896
20260407,10.53,9.2711,-15.0,9.64,False,sh688098,13.9818
20260113,49.44,4.108,-5.89,47.49,False,sh688265,3.7545
20240828,2.13,3.156,-13.62,2.06,False,sh600777,0.1961
20240924,2.85,2.0938,21.07,2.79,True,sh600959,2.0329
20250908,16.48,1.4341,-0.3,16.25,False,sh603353,0.5609
20240730,4.36,2.1113,-2.75,4.27,False,sh601368,2.4649
20240927,5.61,1.2525,2.14,5.54,False,sh600917,1.9313
20250624,13.44,0.8719,1.56,13.32,False,sh603356,1.0712
20251107,45.78,0.3135,0.63,45.64,False,sh688680,1.112
20240730,19.0,2.0068,-5.16,18.62,False,sh600895,1.5424
20251105,25.75,0.8624,6.06,25.53,False,sh605020,0.4995
20241028,6.76,0.8974,7.39,6.7,False,sh600215,1.7216
20251013,27.87,2.9937,-0.93,27.06,False,sh688450,1.4437
20251031,13.19,1.1148,0.53,13.04,False,sh688203,0.7177
20250708,15.75,0.7618,-2.79,15.63,False,sh688599,2.3689
20240926,3.28,2.4706,8.23,3.2,False,sh600425,2.0532
20240927,8.59,0.1516,11.87,8.58,False,sh600696,0.1739
20250924,6.88,0.0594,0.15,6.88,False,sh600971,1.0897
20250704,16.77,0.4341,0.66,16.7,False,sh605339,0.9964
20240927,5.05,0.7002,7.12,5.02,False,sh601669,1.5025
20250708,7.32,0.6107,12.7,7.28,False,sh601512,1.1818
20250630,12.72,1.6508,0.94,12.51,False,sh688179,3.2345
20251124,45.13,0.6717,3.59,44.83,False,sh688379,0.5945
20240930,14.85,3.8807,-6.87,14.3,False,sh603729,3.4505
20240813,40.58,0.9753,-5.47,40.18,False,sh600038,0.581
20240930,32.39,5.7684,-9.63,30.62,False,sh600845,5.5151
20250818,11.06,0.7722,-2.44,10.98,False,sh688184,2.4604
20240927,1992.75,5.2009,7.4,1894.23,False,sh000863,2.1285
20240924,2.63,4.3996,54.75,2.52,True,sh600705,2.7183
20250624,9.65,0.8741,2.38,9.57,False,sh603135,0.4379
20240930,11.71,0.4051,-3.25,11.66,False,sh603767,5.2008
20251203,13.76,0.8422,31.83,13.65,True,sh603386,3.7507
20240926,1.71,6.8861,8.77,1.6,False,sh600076,4.1546
20240930,21.33,4.9666,-6.8,20.32,False,sh603200,2.4594
20251031,52.08,4.118,-7.49,50.02,False,sh688799,2.3056
20240930,33.75,7.3162,-4.95,31.45,False,sh600511,2.2623
20250729,50.46,3.3368,-2.5,48.83,False,sh688003,2.0788
20250717,77.8,2.7317,9.65,75.73,False,sh688507,5.627
20250624,35.89,1.035,1.03,35.52,False,sh688060,0.9773
20240927,3131.2,1.7628,0.93,3076.96,False,sh000987,1.8414
20240925,2.8,0.5627,-3.21,2.78,False,sh600608,0.9026
20240806,4.53,4.7641,26.49,4.32,True,sh600192,1.0068
20240930,6.31,6.6599,2.22,5.92,False,sh601390,3.5798
20250724,7.88,1.2414,-0.76,7.78,False,sh688549,1.6554
20250625,20.91,0.2505,-0.29,20.86,False,sh603156,0.7723
20251125,23.14,0.5737,-0.13,23.01,False,sh688163,0.5942
20240926,11262.03,0.2307,6.75,11236.11,False,sh000130,2.0438
20250716,20.4,1.0104,-3.19,20.2,False,sh603360,0.8082
20240927,7.01,1.2162,3.57,6.93,False,sh600116,2.1566
20250725,10.23,3.3795,-5.38,9.9,False,sh603055,5.4096
20250805,12.5,2.3379,4.8,12.21,False,sh688219,1.9282
20250829,9.16,1.6084,0.87,9.01,False,sh603982,1.3414
20250722,26.49,0.9976,3.21,26.23,False,sh688087,0.867
20240930,3.03,8.1531,-0.66,2.8,False,sh600595,3.6775
20250708,15.02,1.8771,-5.19,14.74,False,sh688429,3.6761
20240930,4.89,6.2508,4.09,4.6,False,sh601339,4.8594
20240909,5.99,0.1017,-4.34,5.98,False,sh600241,4.1801
20240801,10.41,0.3014,3.46,10.37,False,sh603303,1.3508
20240927,11.62,0.631,-0.69,11.55,False,sh600388,2.0308
20250630,36.8,4.3493,-3.34,35.27,False,sh688100,1.7225
20250724,60.71,0.3373,-2.65,60.51,False,sh688234,1.5809
20240730,9.49,4.707,-5.41,9.07,False,sh603037,2.2408
20251201,25.18,0.2685,-1.87,25.11,False,sh603285,0.6842
20240807,2.12,0.6409,-2.36,2.11,False,sh600726,0.8862
20240826,4.28,0.0856,19.11,4.27,False,sh600375,1.1732
20240926,7.34,0.166,9.81,7.33,False,sh601177,1.642
20251124,66.66,9.762,-10.53,60.73,False,sh688667,1.1281
20251009,10.83,0.1724,0.65,10.81,False,sh600873,1.2428
20250717,10.13,1.6371,0.3,9.97,False,sh603278,2.7629
20250624,45.26,1.1492,1.88,44.75,False,sh688300,1.6195
20260109,22.0,2.0819,-4.55,21.55,False,sh688553,3.1483
20240731,15.76,5.4898,0.13,14.94,False,sh603699,1.0162
20240930,60.81,2.1024,-9.01,59.56,False,sh600612,2.1438
20240927,6.78,0.0738,3.98,6.78,False,sh601139,1.3402
20250717,55.09,4.7569,-7.61,52.59,False,sh688629,1.7299
20251201,94.25,4.5175,-2.73,90.18,False,sh603236,2.939
20250805,5.22,0.9069,0.38,5.17,False,sh688287,0.786
20240930,22.91,3.9914,-5.5,22.03,False,sh600872,4.1052
20251219,13.54,1.4856,1.18,13.34,False,sh603161,0.9992
20260310,23.27,0.5777,-2.36,23.14,False,sh605259,1.7208
20240926,1.6,0.3502,6.25,1.59,False,sh600545,3.0145
20241008,7.58,2.0795,3.69,7.43,False,sh600671,3.5545
20240731,1.31,1.6292,-1.53,1.29,False,sh600022,2.2069
20251027,53.27,0.088,-0.28,53.22,False,sh688363,0.6921
20250710,17.16,0.829,-1.46,17.02,False,sh688530,2.5546
20250718,78.9,0.1364,5.96,78.79,False,sh688535,0.4846
20240731,25.76,3.6369,3.49,24.86,False,sh600993,1.3316
20240927,11.32,3.0668,-1.33,10.98,False,sh603918,1.1176
20240830,23.27,1.0493,-7.99,23.03,False,sh601225,1.8691
20240902,17.32,0.9172,0.12,17.16,False,sh600674,1.7907
20240805,7.38,0.464,-2.44,7.35,False,sh601111,2.7017
20250729,174.0,1.5201,2.39,171.39,False,sh688052,2.0836
20250624,39.86,0.0565,0.0,39.84,False,sh688601,1.0058
20240927,13.95,0.2179,-1.43,13.92,False,sh600489,1.0881
20251125,25.61,1.0499,1.02,25.34,False,sh688328,0.7286
20240927,3.19,3.2195,-1.57,3.09,False,sh603778,1.2941
20251124,27.35,3.48,0.22,26.43,False,sh688786,1.3676
20250630,29.43,1.4379,15.39,29.01,False,sh605168,2.6752
20240912,10.84,0.2907,0.46,10.81,False,sh603585,0.4087
20250926,46.46,1.6944,34.91,45.69,True,sh688282,2.0903
20240801,11.6,0.3207,-3.53,11.56,False,sh600877,2.3059
20240924,3.26,1.502,15.96,3.21,False,sh600790,2.2593
20240930,10.15,5.6981,-4.43,9.61,False,sh603081,4.0349
20250716,15.9,0.6998,-0.5,15.79,False,sh603107,1.598
20240927,68.88,4.8549,2.11,65.69,False,sh601888,2.7555
20240926,12941.68,1.3216,10.23,12772.88,False,sh000851,1.9724
20240823,4.94,2.0556,0.0,4.84,False,sh600839,2.9458
20250716,56.76,0.1518,0.6,56.67,False,sh688305,1.1858
20240801,10.62,0.8929,-2.83,10.52,False,sh600523,2.3246
20240924,10.93,0.6237,24.79,10.86,True,sh603232,1.8887
20251121,40.15,6.843,5.55,37.58,False,sh603280,0.6924
20240927,2.17,1.3821,1.84,2.14,False,sh600170,1.1987
20251205,14.51,0.7476,-7.51,14.4,False,sh688718,0.4237
20240927,4.17,2.6504,3.36,4.06,False,sh600590,1.2184
20240927,8591.07,1.1888,2.04,8490.14,False,sh000118,1.4364
20240930,14.41,7.2612,-4.16,13.43,False,sh600459,4.9477
20240802,3.63,1.9556,-6.33,3.56,False,sh600094,2.4132
20250625,8.15,1.4007,-2.82,8.04,False,sh601990,4.4133
20250919,10.93,1.0633,-2.29,10.81,False,sh688586,0.7893
20240819,4.55,0.0421,-2.64,4.55,False,sh600269,1.0405
20240930,12.48,5.5138,-5.77,11.83,False,sh603578,5.6254
20251124,28.55,2.4794,1.75,27.86,False,sh688128,0.7923
20260408,53.37,4.0757,-1.44,51.28,False,sh688401,1.3644
20240927,4.1,2.1383,0.73,4.01,False,sh600740,2.0465
20240911,1.69,5.3671,-2.96,1.6,False,sh600227,2.9149
20240924,8.75,3.4544,12.57,8.46,False,sh603536,3.4814
20240927,19.32,0.175,4.5,19.28,False,sh601858,1.8406
20260401,50.94,0.9034,0.47,50.48,False,sh688166,1.1341
20250707,2.23,0.3782,3.13,2.23,False,sh601868,1.8096
20251020,12.98,0.2742,4.62,12.94,False,sh603506,0.5697
20240822,2661.41,1.065,-3.1,2633.36,False,sh000937,0.8095
20241008,7.66,5.0342,-12.14,7.3,False,sh603633,4.2782
20250715,28.83,0.3107,5.33,28.74,False,sh688157,1.8624
20240806,3.73,0.3093,-6.7,3.72,False,sh600712,2.2941
20250729,144.29,3.3574,-0.91,139.6,False,sh688200,2.4407
20240930,16.96,3.4459,-7.67,16.39,False,sh600088,4.1727
20251016,6.12,0.2402,1.63,6.11,False,sh603378,3.1813
20240927,26.34,8.6554,4.67,24.24,False,sh603799,2.0729
20250702,15.29,1.9231,14.78,15.0,False,sh603185,3.0706
20240930,25.34,2.6055,-9.23,24.7,False,sh600426,2.7333
20251124,10.26,0.7925,1.85,10.18,False,sh603565,0.924
20240930,4.63,8.0396,-5.18,4.29,False,sh600468,4.592
20240926,42.18,3.6415,24.06,40.7,True,sh603179,1.1082
20240801,7.23,2.0572,0.69,7.09,False,sh600668,14.9139
20250624,17.49,0.409,1.2,17.42,False,sh688529,2.0871
20260121,96.41,0.124,-3.0,96.29,False,sh603202,3.2085
20240919,3.44,2.6514,1.46,3.35,False,sh600495,3.7196
20250729,31.04,0.0126,-1.0,31.04,False,sh603882,1.6187
20240903,3.89,0.4238,-3.86,3.87,False,sh600075,0.8882
20240830,2.86,1.5415,2.8,2.82,False,sh600626,1.0079
20260313,69.82,2.237,5.36,68.29,False,sh605389,1.3905
20240930,12.48,6.1037,-10.02,11.76,False,sh603599,3.4794
20240731,20.57,1.4027,-6.12,20.29,False,sh603203,0.7513
20251229,34.43,0.3018,-1.68,34.33,False,sh688357,2.1332
20240813,21.14,1.2157,-7.76,20.89,False,sh603929,0.5617
20240925,3.32,1.3624,5.72,3.28,False,sh600016,2.0866
20240801,16.72,0.3677,5.68,16.66,False,sh600645,1.2777
20240925,10.11,3.7009,17.3,9.75,False,sh600571,2.7657
20250822,57.4,0.8236,10.7,56.94,False,sh605117,1.4759
20260203,61.64,3.1858,0.16,59.74,False,sh688063,0.7753
20251218,7.03,1.6888,3.27,6.91,False,sh601121,0.5693
20250702,21.65,0.7668,-2.59,21.49,False,sh603261,1.5282
20240731,5.03,1.5,-1.59,4.96,False,sh600191,2.7645
20240920,4.13,2.1932,11.87,4.04,False,sh600825,7.8169
20240927,7.16,1.5759,0.14,7.05,False,sh600058,2.4111
20251031,15.83,1.8165,11.18,15.55,False,sh603155,1.2378
20260323,39.24,0.1672,3.64,39.17,False,sh605090,1.3906
20250624,32.45,2.6855,0.0,31.6,False,sh603150,0.9224
20240731,3.82,3.3411,-3.14,3.7,False,sh600369,3.8716
20260304,11.52,7.834,39.5,10.68,True,sh605268,2.1958
20250625,19.14,1.964,-0.57,18.77,False,sh688066,2.1056
20240927,3.58,2.8105,13.13,3.48,False,sh600327,1.3236
20240927,10.84,0.6631,3.04,10.77,False,sh600640,1.5913
20250924,27.77,0.6008,2.45,27.6,False,sh688501,0.4959
20240924,4.46,4.2056,32.92,4.28,True,sh600517,2.0427
20260105,156.99,0.5659,3.83,156.11,False,sh688656,1.7823
20241107,13.2,1.9043,-2.42,12.95,False,sh603886,1.7313
20240923,12.9,2.387,10.31,12.6,False,sh601028,1.6959
20240731,6.08,1.4221,-3.29,5.99,False,sh600623,1.1156
20251201,36.68,0.8399,-0.71,36.37,False,sh603380,1.6376
20240731,1159.41,0.4366,-2.89,1154.37,False,sh000865,1.7884
20250805,28.5,8.5916,-2.63,26.25,False,sh688182,3.2466
20240926,18.65,1.7347,9.12,18.33,False,sh600559,3.0561
20240912,7.42,2.8761,-6.74,7.21,False,sh600843,1.0402
20250626,25.1,0.1966,-0.32,25.05,False,sh600938,0.6756
20250616,5.27,0.4896,5.31,5.25,False,sh601988,2.0637
20240731,25.28,0.4779,-7.08,25.16,False,sh600690,1.7955
20250801,29.86,2.614,5.63,29.1,False,sh688418,4.0329
20240927,11.24,4.161,-2.49,10.79,False,sh600977,2.0767
20241008,2.67,6.9604,-13.48,2.5,False,sh600759,6.7646
20240927,2.54,1.0309,-0.79,2.51,False,sh600423,1.4839
20240926,2525.66,2.3032,15.29,2468.8,False,sh000162,1.9635
20260203,53.58,0.8924,1.66,53.11,False,sh603049,0.7487
20240926,2.44,1.3991,8.2,2.41,False,sh600939,2.8566
20240926,18.62,0.9883,2.2,18.44,False,sh603298,1.0069
20250630,46.86,2.9946,-7.79,45.5,False,sh688152,1.9099
20251128,15.93,0.9863,-2.39,15.77,False,sh603679,1.2939
20240927,1.96,4.8642,11.22,1.87,False,sh601011,1.3358
20240930,2.84,0.4806,-9.51,2.83,False,sh603818,2.3781
20240930,8.02,6.7554,-7.98,7.51,False,sh600774,3.4891
20250711,34.27,3.342,1.84,33.16,False,sh688435,3.4602
20251225,127.05,4.6843,-1.22,121.36,False,sh688686,1.9675
20260105,25.82,0.5142,0.7,25.69,False,sh605068,0.6889
20250625,34.75,0.077,-1.06,34.72,False,sh603350,0.7766
20250923,16.77,0.2756,-3.7,16.72,False,sh603233,0.7131
20251205,23.4,0.1998,-3.12,23.35,False,sh688518,0.4477
20240926,7.24,2.3742,10.36,7.07,False,sh601208,1.2195
20240918,0.12,0.6171,3.2,0.12,False,sh900902,1.3636
20240304,53.97,1.5384,-5.15,53.15,False,sh688008,1.2956
20250630,7.18,1.3862,-0.42,7.08,False,sh688556,1.578
20240731,2.47,0.8431,-3.64,2.45,False,sh600617,1.0823
20240926,1.52,1.4348,4.61,1.5,False,sh600370,1.6453
20250708,38.18,3.6216,0.68,36.85,False,sh688662,3.5332
20250725,53.69,4.0838,-0.56,51.58,False,sh688031,2.307
20241223,5.54,1.4033,-2.17,5.46,False,sh600027,2.1456
20240926,9.57,0.0033,5.64,9.57,False,sh603165,1.6282
20250724,54.63,0.936,-2.6,54.12,False,sh688366,2.5273
20250718,46.38,1.2016,2.52,45.83,False,sh605588,0.8154
20240930,6.39,7.9878,-5.16,5.92,False,sh600313,6.3262
20240927,3.75,2.8713,1.6,3.65,False,sh600540,1.3753
20240806,5.99,0.5864,-2.67,5.96,False,sh600814,2.0319
20250722,9.77,0.2026,-1.54,9.75,False,sh605368,1.7725
20240903,7.55,0.3356,3.05,7.52,False,sh600113,0.6598
20240902,7.41,0.4882,-3.37,7.37,False,sh601311,4.8466
20240926,7.4,1.2239,8.38,7.31,False,sh600689,1.0467
20240926,58.76,2.5947,7.86,57.27,False,sh603198,2.347
20250625,24.4,0.5922,-3.48,24.26,False,sh688252,1.6285
20250707,15.07,0.031,2.32,15.07,False,sh603863,2.277
20240930,2.85,1.425,-4.21,2.81,False,sh601991,3.0464
20240926,4541.32,4.8315,16.41,4332.02,False,sh000135,2.3024
20240930,88.03,8.9113,-2.56,80.83,False,sh603986,3.4644
20240911,15.35,3.3238,-9.64,14.86,False,sh603032,3.5703
20240902,19.25,0.3558,17.61,19.18,False,sh603306,6.4442
20250630,22.63,1.7403,-0.35,22.24,False,sh688105,1.0423
20260109,42.55,3.3187,-4.18,41.18,False,sh603307,2.9787
20240927,3.55,0.377,1.97,3.54,False,sh601008,2.4101
20240925,7.66,2.6615,6.01,7.46,False,sh600768,1.8059
20251031,11.06,0.1464,-0.54,11.04,False,sh603551,0.6674
20240930,3140.48,7.553,-4.48,2919.94,False,sh000153,4.1107
20240731,5.18,0.6819,-3.09,5.14,False,sh601377,3.0355
20240806,4.9,3.5986,-5.11,4.73,False,sh600222,5.111
20240830,11.56,1.6507,-9.17,11.37,False,sh601020,0.8109
20260122,10.97,0.6222,-2.46,10.9,False,sh603648,1.0088
20250624,14.08,1.3129,3.34,13.9,False,sh688257,1.1574
20240927,29.75,2.222,4.2,29.1,False,sh600745,1.6809
20251204,92.62,0.4004,-4.18,92.25,False,sh688583,2.6587
20240930,8.14,4.3241,-4.42,7.8,False,sh600158,4.9747
20240906,3.08,1.8912,2.6,3.02,False,sh600358,2.3942
20260325,235.22,2.4035,7.77,229.7,False,sh688019,1.0182
20240730,20.67,6.0475,2.24,19.49,False,sh603580,2.0911
20250624,29.78,4.3914,4.1,28.53,False,sh603255,2.6375
20240927,6.28,1.0338,4.78,6.22,False,sh601969,0.9812
20251020,70.34,2.5175,6.72,68.61,False,sh605123,1.5918
20250409,35.68,5.7776,3.08,33.73,False,sh600316,1.5832
20251020,12.43,1.6734,2.98,12.23,False,sh688057,0.9923
20240731,7.68,1.5638,2.73,7.56,False,sh600996,1.2047
20240731,62.23,0.9335,-6.75,61.65,False,sh603160,1.0644
20251021,25.64,0.8321,1.01,25.43,False,sh605089,0.3101
20250630,26.62,0.9538,-2.97,26.37,False,sh603931,1.6203
20240927,4.01,2.8271,2.99,3.9,False,sh600526,0.9962
20250625,20.34,3.4961,0.88,19.65,False,sh601138,1.2316
20240930,15.75,4.822,-3.68,15.03,False,sh600188,2.8165
20250904,42.28,0.8804,9.56,41.91,False,sh603102,0.9374
20240813,1.39,0.3429,-6.47,1.39,False,sh600568,2.3928
20240927,3661.99,0.5507,2.1,3641.93,False,sh000854,2.0467
20240902,5.14,0.6955,-7.39,5.1,False,sh600795,1.6108
20250624,22.81,7.1067,-1.4,21.3,False,sh688005,2.5456
20250905,17.44,2.0808,2.64,17.08,False,sh688562,0.4331
20260107,91.24,5.5232,13.26,86.46,False,sh688331,2.5715
20251015,24.35,0.3448,7.23,24.27,False,sh688618,0.6496
20240920,2.82,2.3624,6.74,2.75,False,sh600490,6.2018
20240731,0.76,0.2899,-2.62,0.76,False,sh900936,1.4452
20240930,7.18,1.0823,-7.79,7.11,False,sh603901,3.461
20240926,7042.16,2.4408,13.92,6874.37,False,sh000806,2.1107
20250714,22.29,1.8568,3.59,21.88,False,sh688028,1.993
20240930,6.22,4.3391,3.38,5.96,False,sh600820,2.3526
20250820,75.72,5.4938,-3.86,71.78,False,sh688486,2.4968
20240731,10.16,0.1487,-3.64,10.14,False,sh601958,1.1993
20240730,6.98,3.9192,28.09,6.71,True,sh600789,2.4705
20240927,8.58,5.386,-1.28,8.14,False,sh603098,1.0186
20250721,11.52,0.5396,1.82,11.46,False,sh688352,0.95
20250303,17.45,1.5091,1.03,17.19,False,sh601211,1.549
20260119,9.68,2.9532,14.98,9.4,False,sh688701,1.4217
20240930,3.38,4.5145,-1.78,3.23,False,sh600589,2.924
20250820,105.9,0.1037,-3.21,105.79,False,sh688266,0.835
20240925,36.16,0.3919,15.04,36.02,False,sh600893,1.6386
20250716,32.56,2.1198,-3.59,31.88,False,sh605488,2.4624
20240912,8.62,2.4505,6.15,8.41,False,sh603636,3.0422
20240903,6.4,1.1778,-3.44,6.33,False,sh600127,2.6547
20250911,9.39,0.3,-5.86,9.36,False,sh601577,1.142
20250624,58.58,1.2863,0.12,57.84,False,sh688228,0.9238
20240930,25.03,9.876,3.92,22.78,False,sh603678,3.3051
20240926,2.0,2.219,11.5,1.96,False,sh600169,2.1062
20260410,75.3,1.6134,0.27,74.1,False,sh688131,1.1363
20240925,4.36,1.5393,5.97,4.29,False,sh600717,1.685
20240930,10.31,10.5887,-7.86,9.32,False,sh603006,6.5539
20241023,3.19,1.7206,6.9,3.14,False,sh601515,1.5039
20250729,64.38,14.3682,4.21,56.29,False,sh688205,3.1685
20260408,56.05,1.0385,0.82,55.47,False,sh688456,1.9295
20240903,18.67,0.8009,-6.21,18.52,False,sh600141,1.9151
20240819,25.08,2.5818,-2.71,24.45,False,sh603337,1.0538
20251212,16.07,3.1456,-5.23,15.58,False,sh605189,2.3717
20251203,38.99,0.3696,0.21,38.85,False,sh688767,0.9927
20250711,5.66,0.1209,0.53,5.65,False,sh688387,1.0387
20260105,25.93,1.5211,2.93,25.54,False,sh688729,2.7005
20240801,16.22,1.0828,-0.62,16.05,False,sh600391,2.4161
20251211,4.94,13.8796,3.64,4.34,False,sh688119,7.8063
20251124,30.1,0.195,6.31,30.04,False,sh688683,0.734
20240926,12.79,0.2842,1.64,12.75,False,sh600258,4.4271
20240828,7.03,8.3978,-14.8,6.48,False,sh603060,1.5536
20240930,22.33,9.6655,-8.33,20.36,False,sh600771,4.4601
20250107,15.2,0.2632,-0.13,15.16,False,sh600216,0.9759
20251201,117.08,1.0633,7.57,115.85,False,sh688630,1.5925
20240926,3494.98,0.4444,14.53,3479.52,False,sh000984,2.0031
20240816,1.64,2.3082,-19.51,1.6,False,sh600322,5.8232
20251124,22.72,0.3874,12.76,22.63,False,sh688319,1.0541
20240731,7.3,4.0133,-7.95,7.02,False,sh603680,1.2428
20260122,20.95,0.0422,2.2,20.94,False,sh603706,1.5203
20240924,7.04,0.8595,21.16,6.98,True,sh600846,1.0994
20250722,43.98,1.0373,-0.7,43.53,False,sh688187,1.7628
20251217,12.68,2.6312,-5.05,12.35,False,sh603136,3.7955
20241104,19.23,9.9504,0.73,17.49,False,sh603883,2.3165
20251125,18.78,0.0854,-0.43,18.76,False,sh688334,0.5335
20240926,2.17,2.5924,5.07,2.12,False,sh600808,3.6827
20250624,10.46,0.8985,1.24,10.37,False,sh601696,3.8438
20240731,2.11,2.7347,-6.16,2.05,False,sh600512,6.4727
20250724,12.68,1.7534,1.1,12.46,False,sh688653,1.735
20240924,7.31,3.5768,28.59,7.06,True,sh600288,2.4276
20250721,22.4,0.1125,-1.03,22.37,False,sh688218,1.7452
20241025,2.18,1.7899,-1.38,2.14,False,sh603388,1.6006
20250805,65.99,3.2335,-0.3,63.93,False,sh688582,1.5849
20240920,2.45,4.5185,10.2,2.34,False,sh600159,5.6957
20251125,28.77,0.9804,8.45,28.49,False,sh605058,1.1644
20250725,673.3,4.4715,2.35,644.48,False,sh688256,1.9235
20240829,46.97,2.4371,0.98,45.85,False,sh603606,1.5621
20240930,3.37,3.6471,-5.04,3.25,False,sh600744,6.157
20240926,2.46,8.0013,3.25,2.28,False,sh600117,6.6862
20251103,20.55,0.0518,4.82,20.54,False,sh605016,1.0727
20240927,1771.86,3.1951,12.66,1717.0,False,sh000131,1.6356
20240902,4.3,0.5162,-2.33,4.28,False,sh600470,1.8224
20260119,29.1,2.5605,-0.07,28.37,False,sh603867,2.9701
20240927,6.68,0.5595,2.1,6.64,False,sh600727,1.8915
20240930,10.57,4.9965,2.93,10.07,False,sh603036,3.7863
20260310,19.08,0.157,-2.73,19.05,False,sh688466,0.8458
20240927,13.56,0.8222,-1.33,13.45,False,sh600389,1.3057
20260203,17.0,1.2925,-0.29,16.78,False,sh688101,0.4464
20240927,3.57,4.9105,-0.56,3.4,False,sh600594,1.6377
20250929,5.83,0.2795,1.89,5.81,False,sh600908,0.7238
20250804,39.71,0.1918,4.58,39.63,False,sh603983,1.0459
20250625,69.76,0.8854,0.24,69.15,False,sh688286,1.4744
20250825,18.1,0.0725,-0.94,18.09,False,sh603237,1.8377
20250905,16.72,5.9731,6.52,15.78,False,sh603103,1.8318
20250724,34.78,0.4851,-1.67,34.61,False,sh688628,1.3029
20240816,0.12,0.2155,-5.65,0.12,False,sh900906,6.8804
20240927,5.67,1.6387,-0.18,5.58,False,sh600613,1.9902
20250910,33.43,0.6622,6.94,33.21,False,sh688552,0.3403
20240924,7.43,0.6514,18.17,7.38,False,sh600189,4.6511
20250723,16.04,2.9387,-3.62,15.58,False,sh603279,6.6566
20251215,48.2,0.2964,2.41,48.06,False,sh688035,1.7876
20240830,1.62,5.1343,0.0,1.54,False,sh900948,7.7051
20250818,63.94,0.9554,4.52,63.33,False,sh688605,2.2462
20240926,6.75,3.9442,3.26,6.5,False,sh600810,1.3601
20251020,31.18,0.8683,10.87,30.91,False,sh605258,0.5518
20240930,9.67,5.3138,-5.89,9.18,False,sh600295,2.9842
20240924,2.17,9.2374,21.2,1.99,True,sh600225,8.3991
20260303,15.37,6.4816,-10.67,14.43,False,sh605169,3.6714
20250624,102.83,0.6982,-3.92,102.12,False,sh688787,0.8853
20250912,6.98,1.9735,6.73,6.84,False,sh603398,1.3776
20251205,32.54,4.0536,11.99,31.27,False,sh688053,3.2218
20241119,18.21,0.4437,-6.7,18.13,False,sh600312,0.4663
20240924,2.71,2.0126,20.66,2.66,True,sh600675,1.8429
20240731,14.97,0.6685,-4.01,14.87,False,sh600026,1.0838
20240927,19.5,5.6896,-4.31,18.45,False,sh603919,2.9868
20240913,14.27,2.1847,3.5,13.96,False,sh600992,3.2136
20251028,29.97,0.842,-10.94,29.72,False,sh605589,1.078
20240906,6.24,4.9076,5.93,5.95,False,sh600838,12.0227
20251021,10.19,1.1005,0.39,10.08,False,sh603106,1.1651
20251222,65.65,5.8975,27.45,61.99,True,sh688519,1.8098
20240930,10.58,6.1974,-4.35,9.96,False,sh600876,2.304
20240930,10.52,6.7005,-7.7,9.86,False,sh600458,3.988
20240927,3185.01,1.301,4.9,3144.11,False,sh000119,1.63
20250729,65.55,0.597,1.66,65.16,False,sh688083,1.3843
20250905,38.3,7.7455,6.66,35.55,False,sh688719,1.2777
20240927,10.84,2.0844,4.98,10.62,False,sh600416,1.5512
20250709,10.99,3.1328,-6.82,10.66,False,sh603801,8.4989
20251021,27.89,2.0162,9.68,27.34,False,sh688757,0.5983
20240927,6.57,2.3083,0.46,6.42,False,sh603987,1.7776
20251124,65.86,1.6894,5.24,64.77,False,sh688230,0.9735
20250725,34.95,0.0336,-1.69,34.94,False,sh600171,1.8015
20240927,5.56,0.8022,9.53,5.52,False,sh603660,1.4655
20240927,4.13,3.7211,0.48,3.98,False,sh600722,2.8062
20240930,2.27,5.733,-7.05,2.15,False,sh600226,5.9232
20240930,17.29,6.1067,-9.31,16.3,False,sh603050,3.1149
20240910,14.83,0.8278,2.83,14.71,False,sh600741,1.6024
20250724,32.41,1.6693,-0.99,31.88,False,sh688253,2.4227
20250819,16.01,0.8287,1.19,15.88,False,sh603602,0.9484
20241008,14.7,3.3211,-12.99,14.23,False,sh603579,3.1917
20240805,7.14,6.6813,-12.18,6.69,False,sh600095,7.602
20250904,17.01,1.0638,-0.12,16.83,False,sh603365,0.4932
20260119,19.26,0.7467,0.52,19.12,False,sh688156,3.6001
20240730,12.68,3.3043,14.98,12.27,False,sh600444,6.6068
20240930,22.59,3.7067,-0.44,21.78,False,sh603355,4.8649
20240926,8.9,0.7633,6.18,8.83,False,sh600123,1.4897
20251010,8.33,0.5346,-0.84,8.29,False,sh601827,1.0451
20250729,27.8,1.1734,0.43,27.48,False,sh688262,1.7323
20240924,4.51,7.755,61.92,4.18,True,sh600390,4.9162
20240930,4.12,6.6065,-0.97,3.87,False,sh601608,4.7051
20240927,27.28,1.489,1.69,26.88,False,sh600259,3.3977
20250725,24.9,4.2317,-0.8,23.89,False,sh605358,4.0696
20240913,15.9,1.4005,3.02,15.68,False,sh601038,1.797
20250701,32.59,1.0141,-0.64,32.26,False,sh603650,1.8363
20251014,7.16,3.8697,-1.26,6.89,False,sh601077,2.085
20260408,84.03,2.7883,-6.5,81.75,False,sh688386,1.5524
20250624,19.21,1.8459,6.3,18.86,False,sh688135,0.9735
20250731,69.89,1.2668,1.23,69.02,False,sh688766,2.9013
20240930,8.44,1.2112,-6.99,8.34,False,sh603798,4.3096
20251203,53.06,0.6478,7.6,52.72,False,sh603379,1.0429
20240926,1.24,9.589,12.9,1.13,False,sh600340,3.9342
20240829,1.34,0.6447,2.99,1.33,False,sh600289,3.3428
20251203,8.1,2.2002,-3.09,7.93,False,sh605388,3.8766
20260401,31.4,3.7762,1.08,30.26,False,sh688566,2.6304
20250626,0.44,0.2487,0.23,0.44,False,sh900932,0.7878
20240927,5.61,2.1734,-1.07,5.49,False,sh603385,1.9854
20251128,11.58,1.4055,-3.71,11.42,False,sh688528,1.0256
20240930,22.46,1.9611,-6.86,22.03,False,sh603178,3.3786
20240927,5693.53,3.4484,4.52,5503.74,False,sh000802,1.5469
20240924,3.13,1.1514,16.28,3.1,False,sh600824,1.7795
20240926,8.31,1.7811,4.81,8.16,False,sh600059,3.3152
20240927,7.05,1.8492,1.13,6.92,False,sh603966,1.2503
20250625,124.01,15.8509,-10.32,107.04,False,sh688318,5.3161
20250721,91.1,1.6288,-1.9,89.64,False,sh688631,1.4818
20250904,11.64,1.6794,1.2,11.45,False,sh603967,1.0164
20250624,20.71,1.1738,2.61,20.47,False,sh605116,0.6845
20240926,18.8,2.7622,34.89,18.29,True,sh600570,3.151
20240925,2.65,0.7538,8.3,2.63,False,sh600017,2.0588
20251124,68.12,4.6422,-6.12,65.1,False,sh688500,0.9138
20240927,11.61,2.6541,9.22,11.31,False,sh600641,1.929
20260122,19.75,5.8022,6.99,18.67,False,sh603685,2.3955
20250108,6.37,1.5315,-6.59,6.27,False,sh600326,1.072
20251208,25.5,0.8602,-5.18,25.28,False,sh688067,0.7005
20241008,7.48,1.4715,-14.04,7.37,False,sh600195,4.6327
20240816,5.26,0.2286,-7.04,5.24,False,sh600821,2.9956
20240927,3.48,2.0444,1.44,3.41,False,sh600368,2.0046
20250624,64.78,0.3806,6.73,64.54,False,sh688029,0.829
20251208,15.2,0.414,-7.89,15.14,False,sh688619,1.4228
20240930,3.71,6.2543,-2.43,3.49,False,sh600558,3.9952
20260226,90.8,0.2173,-10.79,90.6,False,sh688183,2.178
20250801,21.37,1.2288,-0.8,21.11,False,sh603381,1.0357
20240910,16.8,0.51,2.62,16.71,False,sh600071,1.0841
20240930,350.1,1.8417,-1.13,343.77,False,sh000139,3.1291
20250625,7.82,2.7809,-1.92,7.61,False,sh601108,3.4942
20250724,2.95,1.0649,-3.39,2.92,False,sh601975,1.6416
20240807,5.4,1.3799,4.63,5.33,False,sh603887,0.8868
20250624,42.21,0.5462,0.5,41.98,False,sh688657,1.1387
20240927,4.55,1.5055,11.65,4.48,False,sh600516,1.1977
20240927,3046.5,1.4299,5.94,3003.55,False,sh000057,1.4804
20240930,18.64,8.4934,-3.81,17.18,False,sh600345,2.7062
20240905,3.13,4.3464,15.32,3.0,False,sh603007,0.9186
20251020,19.64,3.4094,1.73,18.99,False,sh603048,0.6102
20240927,3.44,1.1666,1.45,3.4,False,sh603333,1.2508
20241210,15.06,0.8651,5.58,14.93,False,sh600422,1.307
20251201,64.26,0.1906,11.5,64.14,False,sh688383,0.859
20241008,51.72,1.8207,-16.57,50.8,False,sh600976,4.5183
20240930,19.82,7.6116,-8.78,18.42,False,sh603180,4.2217
20240925,1.99,5.8698,10.05,1.88,False,sh600691,3.1791
20260106,28.9,1.0216,16.89,28.61,False,sh688419,1.4779
20250624,49.5,0.1823,2.1,49.41,False,sh688229,0.8685
20251031,28.92,1.1799,-0.73,28.58,False,sh603351,2.1862
20251024,10.75,0.1599,-2.6,10.73,False,sh605069,0.8014
20251029,28.2,1.6201,-3.87,27.75,False,sh688267,2.0367
20240926,4.29,0.5469,-0.47,4.27,False,sh600892,0.845
20240927,8.4,2.1297,-2.26,8.22,False,sh600775,1.1033
20241021,5.89,3.9091,32.26,5.67,True,sh600212,3.35
20240926,1.77,4.1639,8.48,1.7,False,sh601010,2.8291
20250905,41.0,7.0638,4.88,38.29,False,sh688700,0.9866
20240927,10.45,4.4748,5.84,10.0,False,sh600588,2.338
20240827,9.24,6.7291,2.06,8.65,False,sh603299,5.4744
20250806,34.22,2.9315,-0.64,33.25,False,sh688153,2.0098
20250714,16.29,0.711,7.31,16.17,False,sh688030,1.4326
20240807,13.79,0.3243,-6.89,13.75,False,sh600522,0.8181
20240927,7.3,2.4406,-0.55,7.13,False,sh600371,3.4578
20240926,4.94,1.0053,3.44,4.89,False,sh600616,3.7942
20251124,35.44,1.4158,7.05,34.95,False,sh688557,0.5033
20250714,26.3,0.1894,0.11,26.25,False,sh603755,1.1475
20240809,0.17,1.3802,9.3,0.17,False,sh900903,0.3061
20250717,27.04,4.259,2.81,25.94,False,sh688283,4.2928
20240918,3.62,5.3448,18.51,3.44,False,sh600658,7.624
20240905,3.58,3.2295,-7.54,3.47,False,sh600791,9.3135
20251218,21.55,1.4225,0.74,21.25,False,sh688329,1.1986
20240926,2.07,0.2098,3.86,2.07,False,sh600815,4.7947
20240924,8.59,0.5452,20.25,8.54,True,sh603779,2.1171
20250626,7.06,2.8293,-4.67,6.87,False,sh603956,1.3972
20240926,6.74,0.6659,5.79,6.7,False,sh603399,1.1477
20250923,21.74,0.0398,1.89,21.73,False,sh688600,0.7499
20240808,3.71,1.578,-1.89,3.65,False,sh600488,1.4083
20250703,4.17,0.0861,3.36,4.16,False,sh601096,1.0707
20240927,24.9,3.1381,1.15,24.14,False,sh603737,1.9234
20240809,824.43,0.0718,3.13,823.84,False,sh000134,0.6159
20240930,5089.83,7.4363,-6.52,4737.53,False,sh000949,3.9247
20240731,11.95,4.8747,-4.35,11.4,False,sh601677,0.9084
20240927,8.62,0.5069,0.0,8.58,False,sh600475,1.3603
20240821,32.91,1.3424,-0.24,32.47,False,sh603199,0.9181
20250624,5.61,0.0252,-0.71,5.61,False,sh601816,1.838
20240731,2.72,0.6382,-1.1,2.7,False,sh600688,1.4547
20250717,29.81,3.9186,0.54,28.69,False,sh688400,2.4277
20240918,5.58,1.4152,6.27,5.5,False,sh600268,3.2636
20251125,21.21,0.2036,-1.65,21.17,False,sh603051,0.6663
20250916,24.28,0.4413,-4.37,24.17,False,sh688129,0.4914
20250702,19.68,1.4034,-0.66,19.41,False,sh605369,2.909
20250624,28.27,2.5343,5.8,27.57,False,sh603661,6.0673
20250325,9.86,0.1209,-0.2,9.84,False,sh601009,0.6562
20240930,21.45,6.623,-14.78,20.12,False,sh603800,3.7754
20250625,23.22,1.1044,2.71,22.97,False,sh603281,3.7198
20240919,12.1,0.0579,11.24,12.09,False,sh603033,2.5055
20250819,21.82,0.6763,1.37,21.67,False,sh603348,1.9119
20250709,226.46,0.718,5.95,224.85,False,sh688235,1.0733
20240731,4.54,4.9226,-2.42,4.33,False,sh600909,2.6371
20241126,17.3,0.3694,7.05,17.24,False,sh603665,1.4574
20240926,2555.47,3.2715,5.06,2474.52,False,sh000152,1.8347
20240930,8.21,7.87,2.8,7.61,False,sh601611,3.5484
20251015,17.57,1.2714,2.68,17.35,False,sh603079,1.4133
20240514,46.5,2.0752,-3.18,45.55,False,sh600085,1.6002
20260210,25.06,1.6788,-6.66,24.65,False,sh688428,1.4286
20240927,12.9,2.3048,7.75,12.61,False,sh603078,2.3068
20250811,17.49,5.6026,7.6,16.56,False,sh603499,3.1828
20240906,6.8,1.8867,-1.47,6.67,False,sh600769,2.3879
20240926,5.66,5.3693,10.07,5.37,False,sh603866,2.4568
20250716,21.39,5.2424,-2.1,20.32,False,sh603533,2.0977
20251113,19.66,4.5872,19.94,18.8,False,sh603829,1.7519
20251015,24.03,0.0948,0.71,24.01,False,sh603607,0.6214
20240926,1.77,0.7256,20.34,1.76,True,sh603828,0.9444
20250805,5.01,0.0429,-0.2,5.01,False,sh600925,1.2874
20250624,26.52,2.7741,2.64,25.8,False,sh688162,1.266
20241024,1.47,0.2957,4.08,1.47,False,sh600804,0.5593
20240805,54.02,0.0056,-5.57,54.01,False,sh601021,3.7158
20240927,7.08,1.69,-2.82,6.96,False,sh600223,1.3398
20240930,6.39,4.1621,-5.79,6.13,False,sh600023,3.3061
20250627,29.8,0.4384,-5.44,29.67,False,sh688362,2.3207
20240930,7.07,5.1624,-4.53,6.72,False,sh600997,3.4633
20251217,61.23,3.2944,13.16,59.28,False,sh688531,2.0761
20251021,35.39,1.2532,3.39,34.95,False,sh688056,0.6273
20251124,13.99,2.838,-6.15,13.6,False,sh605122,2.1858
20240926,4.93,4.6269,5.7,4.71,False,sh601968,3.3276
20250721,21.0,1.3379,1.1,20.72,False,sh603733,1.5515
20250710,156.48,2.7806,-0.63,152.25,False,sh688018,1.9772
20240924,6.04,1.5126,15.23,5.95,False,sh600359,1.3157
20240930,9.48,7.8631,-7.07,8.79,False,sh603085,1.5296
20240927,3.19,0.7257,1.88,3.17,False,sh600794,1.4189
20240926,1247.09,1.8537,12.78,1224.39,False,sh000855,1.9505
20240925,1.59,2.0321,3.14,1.56,False,sh600569,12.3244
20250806,87.28,1.921,11.19,85.63,False,sh688301,1.009
20240801,12.59,2.3895,-1.27,12.29,False,sh603698,4.0225
20240927,2571.19,1.1549,2.33,2541.83,False,sh000066,1.5198
20250724,91.75,1.557,-2.45,90.34,False,sh688981,2.1097
20240927,1.5,3.4661,6.67,1.45,False,sh600527,3.0894
20250829,37.86,2.7483,3.43,36.85,False,sh605088,1.4059
20250716,17.39,0.3824,-1.15,17.32,False,sh603206,3.0815
20240802,5.53,5.4773,5.97,5.24,False,sh603900,1.871
20240910,0.14,0.7003,2.07,0.14,False,sh900937,0.2164
20240731,2.7,0.0247,-4.07,2.7,False,sh600491,1.4149
20251125,13.36,0.6877,2.25,13.27,False,sh603132,0.8332
20250718,26.2,0.3376,2.48,26.11,False,sh688330,0.8992
20251009,55.07,0.2403,-4.21,54.94,False,sh688563,1.3898
20240925,2.01,0.5503,27.36,2.0,True,sh600622,3.3783
20260109,25.64,1.7198,1.4,25.21,False,sh688004,1.5607
20240802,10.41,2.2801,-12.3,10.18,False,sh603703,8.1029
20241107,13.71,0.8457,-3.65,13.59,False,sh600012,1.3657
20240806,22.81,1.1401,-5.7,22.55,False,sh603099,1.5882
20260311,3.06,0.7546,1.63,3.04,False,sh601916,1.3313
20240927,7.22,0.6137,2.63,7.18,False,sh601890,1.2994
20240731,7426.3,0.8129,-4.05,7366.42,False,sh000849,2.5734
20250410,7.83,4.4162,4.09,7.5,False,sh601777,1.4241
20240924,3.42,0.9594,14.62,3.39,False,sh600575,1.6446
20240927,20770.19,4.3043,0.82,19913.07,False,sh000807,2.7165
20240930,4.37,7.7397,1.37,4.06,False,sh600168,7.449
20250908,8.75,0.4697,-2.4,8.71,False,sh603065,0.6496
20240930,5.83,4.3229,-5.66,5.59,False,sh600395,4.225
20240927,7754.54,4.2104,4.71,7441.23,False,sh000933,2.3284
20240930,4.37,5.352,-5.95,4.15,False,sh600126,3.9686
20241107,9.86,0.7467,15.31,9.79,False,sh603819,0.9802
20240926,6.06,0.2151,8.58,6.05,False,sh603637,1.286
20250908,11.63,1.0196,-0.52,11.52,False,sh603856,0.5438
20240926,5231.15,3.6815,8.33,5045.4,False,sh000100,2.0503
20240913,2.81,0.8434,1.07,2.79,False,sh600716,8.9709
20260115,16.19,1.9543,2.53,15.88,False,sh603181,1.9375
20240919,8.25,1.0206,7.52,8.16,False,sh600271,1.2477
20251021,22.9,2.6177,2.97,22.32,False,sh688130,0.4646
20250918,14.74,4.9957,-11.19,14.04,False,sh603332,1.7363
20240926,2.98,1.3758,10.75,2.94,False,sh600758,2.6226
20240927,5.08,1.3427,4.92,5.01,False,sh601989,1.0166
20251217,35.6,0.5761,5.62,35.4,False,sh603655,0.9285
20251021,16.0,1.9609,2.06,15.69,False,sh688728,0.7325
20240731,5.49,1.9436,-4.92,5.39,False,sh600469,0.7685
20240927,3.74,0.9719,3.21,3.7,False,sh600973,1.4178
20240731,13.73,0.6428,0.34,13.64,False,sh600694,1.8036
20260203,20.16,0.9001,-3.92,19.98,False,sh605188,0.7056
20240819,3.76,5.8774,-14.08,3.56,False,sh603336,1.7175
20240806,4.28,1.0924,1.17,4.23,False,sh600713,1.26
20240801,5.07,2.5434,-7.1,4.94,False,sh603002,1.6466
20251124,13.33,1.2956,1.58,13.16,False,sh688201,0.5893
20240927,13.44,1.1033,-1.19,13.29,False,sh600089,2.2336
20240902,4.49,3.3697,-2.67,4.34,False,sh600217,3.7197
20240927,3.18,4.3792,5.03,3.05,False,sh601015,2.5142
20240731,12.88,2.0919,-0.39,12.62,False,sh600897,1.6633
20251124,10.0,1.4844,3.8,9.85,False,sh601609,0.7116
20240924,2.65,0.1606,32.08,2.65,True,sh600770,4.7432
20250905,29.1,1.1404,2.23,28.77,False,sh688682,0.6143
20250716,28.43,19.173,-8.62,23.86,False,sh688118,3.9092
20250627,24.64,0.4139,-0.93,24.54,False,sh603507,0.8119
20250722,8.7,1.2099,6.21,8.6,False,sh605158,1.3759
20250730,11.94,0.0363,-4.27,11.94,False,sh603707,2.2118
20250722,52.86,2.9522,4.63,51.35,False,sh603260,2.0667
20240925,18.94,1.1946,8.08,18.72,False,sh600323,1.9999
20260107,45.2,6.4341,-5.75,42.47,False,sh688062,2.8646
20250929,9.08,0.1738,-0.66,9.06,False,sh688505,0.548
20260105,91.88,1.1287,8.71,90.85,False,sh688356,6.0414
20240930,8.14,5.8506,-4.67,7.69,False,sh603928,4.4903
20250702,15.18,0.2874,0.53,15.14,False,sh605222,1.5615
20240930,6.3,1.4547,-2.7,6.21,False,sh600644,6.3954
20250728,27.51,1.8628,-1.05,27.01,False,sh688001,1.6321
20250724,59.84,2.1826,-5.45,58.56,False,sh688652,2.0476
20240927,13.16,0.4076,-4.94,13.11,False,sh603598,1.797
20240806,8.48,0.1023,-0.83,8.47,False,sh600513,1.9457
20240930,212.83,4.9008,-7.87,202.89,False,sh600809,2.3833
20250924,14.08,0.2742,-0.64,14.04,False,sh603137,0.934
20250919,26.4,2.2236,2.08,25.83,False,sh688186,1.3164
20240906,7.69,7.7924,-1.17,7.13,False,sh600847,2.041
20240927,8.22,3.0366,-0.73,7.98,False,sh601238,2.2355
20251022,40.83,2.4907,3.8,39.84,False,sh603194,1.1473
20240930,12.44,7.9453,1.04,11.53,False,sh600703,5.0848
20240905,7.66,4.6396,-4.05,7.32,False,sh600099,7.0231
20240927,11.83,4.1511,5.49,11.36,False,sh603788,1.4205
20240809,1.34,0.8277,8.21,1.33,False,sh600070,0.0442
20250625,46.85,0.4256,1.69,46.66,False,sh688396,1.2604
20250630,9.25,1.0925,-1.3,9.15,False,sh603327,1.2455
20240813,3.13,0.025,2.23,3.13,False,sh601618,0.725
20240731,1941.91,0.555,-1.86,1931.19,False,sh000926,1.4884
20240927,9.42,1.842,1.7,9.25,False,sh603558,1.1969
20250905,6.96,0.2773,1.15,6.94,False,sh601330,1.0696
20240930,11.67,6.944,-5.83,10.91,False,sh600380,3.0511
20250708,13.74,1.5759,-1.16,13.53,False,sh603070,1.3154
20241216,28.34,1.913,1.02,27.81,False,sh600900,1.4044
20250904,5.46,0.2264,-0.18,5.45,False,sh600901,0.8527
20250630,28.74,1.1202,3.18,28.42,False,sh688146,2.0248
20240930,9.86,8.165,-4.87,9.11,False,sh600133,2.6677
20240927,13.24,0.0317,8.91,13.23,False,sh600560,1.2332
20240926,950.3,3.8683,7.25,914.91,False,sh000021,1.7814
20250707,162.69,2.6317,-1.73,158.52,False,sh688072,1.8918
20251112,61.42,0.6687,-7.02,61.01,False,sh688621,2.4972
20250815,103.9,6.7076,0.36,97.37,False,sh688515,2.8786
20240730,7.14,2.708,-5.6,6.95,False,sh603716,5.1171
20240927,5638.91,6.2422,5.17,5307.6,False,sh000812,1.9324
20260126,11.83,1.8752,-10.48,11.61,False,sh605081,1.7236
20240906,7.23,2.116,-9.12,7.08,False,sh600834,2.0242
20240930,7.74,3.332,-9.69,7.49,False,sh603758,4.8602
20240924,0.39,0.1146,19.69,0.39,False,sh900922,1.722
20250625,153.03,0.337,-5.2,152.52,False,sh603893,2.4943
20240930,7.68,2.814,-6.38,7.47,False,sh603168,3.251
20240806,9.39,2.0208,-1.81,9.2,False,sh600679,0.661
20251222,2.66,0.1757,0.38,2.66,False,sh688538,0.8161
20260113,13.61,0.7135,0.81,13.51,False,sh603213,6.0383
20240918,9.94,1.4717,-0.5,9.8,False,sh600299,1.2119
20240930,5.42,1.7814,-8.54,5.33,False,sh603588,2.7427
20240923,6.09,0.1164,19.54,6.08,False,sh600637,0.7405
20250630,63.6,0.6799,1.21,63.17,False,sh688576,1.4487
20250624,31.84,6.4066,9.02,29.92,False,sh605398,1.9104
20250630,47.02,2.3483,0.09,45.94,False,sh688325,3.9132
20250624,47.99,8.1739,-1.96,44.36,False,sh688320,1.7163
20240919,5.79,0.2914,19.51,5.78,False,sh600061,1.7543
20250625,38.89,0.0892,0.03,38.86,False,sh603391,0.8969
20240927,12.07,0.5254,2.57,12.01,False,sh600506,1.1705
20250710,13.75,1.4118,-2.04,13.56,False,sh601156,2.818
20251127,47.9,0.2951,-2.57,47.76,False,sh688193,0.6522
20240930,10.43,5.7645,-4.89,9.86,False,sh600548,2.9187
20241017,5.11,1.3554,1.96,5.04,False,sh603003,0.9069
20250630,10.47,0.7465,-6.3,10.39,False,sh688609,0.9322
20250703,6.79,0.0786,1.33,6.78,False,sh603122,0.9221
20240925,5.18,1.1176,14.09,5.12,False,sh600185,2.1164
20260113,50.54,2.5499,-3.84,49.28,False,sh603275,2.112
20250919,21.45,2.7311,-1.59,20.88,False,sh603712,1.2177
20250625,32.22,0.3322,2.11,32.11,False,sh688039,1.3634
20240927,28.86,1.4893,-0.49,28.44,False,sh600378,1.3359
20240730,3.0,0.7078,-4.33,2.98,False,sh600651,3.6735
20250709,7.51,0.3639,-0.67,7.48,False,sh601728,1.7008
20251106,33.23,1.1418,-2.92,32.85,False,sh688077,0.3175
20240730,4.95,6.5968,5.45,4.64,False,sh600336,6.5296
20240829,30.48,1.9166,3.51,29.91,False,sh601567,1.5545
20240927,18.43,2.0364,6.84,18.06,False,sh600765,1.3272
20240731,13.55,0.1269,2.8,13.53,False,sh600882,1.2503
20260108,17.76,4.2712,28.94,17.03,True,sh688277,3.2494
20250630,34.52,0.085,-1.01,34.49,False,sh688710,1.8345
20241010,4.58,2.2626,-1.31,4.48,False,sh601000,2.0854
20240926,3.95,0.4408,8.1,3.93,False,sh600202,1.2865
20250812,41.32,0.1537,4.5,41.26,False,sh603341,1.9403
20250624,13.08,3.2399,1.76,12.67,False,sh688697,1.4593
20250627,54.23,3.2562,-3.65,52.52,False,sh688409,1.6979
20240927,3.14,0.2018,-0.95,3.14,False,sh600681,3.0341
20240930,4.88,1.774,-0.61,4.8,False,sh600966,3.3889
20240923,5.42,0.2868,17.53,5.4,False,sh601999,0.5909
20240925,6.61,2.7821,25.87,6.43,True,sh600155,4.9983
20240930,8.71,0.5442,-5.51,8.67,False,sh603017,4.3939
20250707,12.84,0.4983,7.09,12.78,False,sh603191,1.24
20240819,4.16,4.4409,-0.89,3.98,False,sh603323,1.4629
20250711,12.98,0.8723,-6.86,12.87,False,sh603825,2.5379
20250704,112.15,3.224,0.27,108.65,False,sh688120,1.6729
20240927,40.79,7.4407,-0.81,37.96,False,sh600779,3.4355
20250624,6.33,0.9133,1.11,6.27,False,sh600918,2.2354
20240925,29.65,2.2108,32.04,29.01,True,sh600584,1.9527
20240926,8.69,3.0649,15.65,8.43,False,sh600737,1.7575
20240924,8.25,0.5423,15.03,8.21,False,sh600250,2.3493
20250731,313.5,2.1672,-1.79,306.85,False,sh688111,1.8432
20250905,7.73,3.3112,4.14,7.48,False,sh600956,1.7852
20240731,7.88,0.6632,2.41,7.83,False,sh603488,0.835
20241008,5.28,2.3372,0.57,5.16,False,sh603838,2.7396
20240918,3.93,4.4634,10.18,3.76,False,sh600107,2.5299
20240927,3.16,2.2957,11.71,3.09,False,sh603616,1.7143
20240926,26.41,7.1584,3.33,24.65,False,sh600754,3.2384
20240930,392.77,1.9764,-0.99,385.16,False,sh000832,2.7425
20250701,30.36,0.0343,-2.34,30.35,False,sh688246,1.8653
20250708,19.85,0.5827,-5.54,19.73,False,sh688172,1.5915
20240924,10.42,4.3047,3.84,9.99,False,sh601985,1.3353
20260309,27.7,0.3963,16.46,27.59,False,sh603659,2.0199
20250807,48.29,4.2821,11.24,46.31,False,sh688721,5.0521
20251210,20.33,1.1007,-3.44,20.11,False,sh603790,0.8967
20240926,19.4,2.9078,35.82,18.85,True,sh600460,1.8711
20260121,7.79,1.3674,2.18,7.68,False,sh605006,2.276
20240829,15.11,1.824,2.98,14.84,False,sh600233,2.5566
20240919,3.57,0.6035,4.76,3.55,False,sh600149,4.4865
20251215,43.3,2.2841,-3.58,42.33,False,sh688592,2.6376
20240930,46.9,4.6183,-8.02,44.83,False,sh603658,4.1235
20251212,35.31,0.0917,2.01,35.28,False,sh688208,2.141
20240926,2.23,1.2984,8.97,2.2,False,sh600800,1.541
20250701,7.57,0.2703,2.24,7.55,False,sh600032,1.3999
20250807,13.13,2.2944,-0.91,12.84,False,sh603170,2.493
20240805,2.87,5.7382,8.36,2.71,False,sh600280,0.8876
20240926,2.65,3.7995,7.92,2.55,False,sh601718,2.9378
20240925,3.27,0.2452,1.53,3.26,False,sh600033,1.3842
20251224,137.0,1.8145,-0.02,134.56,False,sh688521,1.6085
20250715,169.77,3.3103,-3.05,164.33,False,sh688615,2.2814
20240927,13.29,3.1892,-1.73,12.88,False,sh600199,3.9195
20241008,5.61,0.2741,7.49,5.59,False,sh600603,2.4662
20240930,3.66,6.5476,-3.28,3.44,False,sh603226,4.3986
20251020,19.63,2.4998,4.58,19.15,False,sh605151,0.5511
20240920,15.19,0.0955,13.76,15.18,False,sh601166,1.1178
20250813,36.12,0.3389,2.35,36.0,False,sh605098,1.543
20250624,12.25,0.497,7.1,12.19,False,sh688296,1.0676
20240926,14.0,4.4049,50.14,13.41,True,sh603268,1.5223
20250219,0.35,0.352,1.13,0.35,False,sh900916,0.4689
20240930,6.3,4.1314,2.16,6.05,False,sh601128,2.9853
20240731,15.98,1.103,-6.88,15.81,False,sh601899,1.1207
20240926,5.08,0.2318,14.37,5.07,False,sh600866,2.6797
20250625,4.5,6.4753,3.56,4.23,False,sh601162,5.6124
20241107,16.75,0.5553,11.04,16.66,False,sh603090,1.0148
20240730,7.82,2.542,3.71,7.62,False,sh603223,2.5297
20240926,13.09,0.3841,9.17,13.04,False,sh600055,3.0202
20240909,2.79,2.7189,-14.7,2.72,False,sh600828,7.9726
20240829,49.46,2.8152,1.72,48.11,False,sh601100,1.9826
20240730,5.31,6.6622,4.33,4.98,False,sh603389,1.2874
20251212,59.14,0.0611,-0.24,59.1,False,sh688610,0.97
20250901,14.59,1.9882,-0.07,14.31,False,sh605599,1.8639
20241008,8.64,3.8857,2.55,8.32,False,sh603909,2.0321
20250717,19.72,3.1615,0.05,19.12,False,sh603595,1.1186
20240919,2.62,7.3441,8.78,2.44,False,sh600665,1.6146
20241008,12.31,0.2637,-12.18,12.28,False,sh603727,4.279
20240807,2.51,3.6726,-6.37,2.42,False,sh601933,3.8339
20250819,20.8,0.2111,11.1,20.76,False,sh605179,2.8811
20241008,6.49,2.7742,-8.01,6.31,False,sh600078,3.6123
20240909,5.46,0.2007,-0.55,5.45,False,sh600278,2.2431
20240930,7.36,4.5913,-7.61,7.04,False,sh603569,6.0677
20251125,23.35,2.0296,-0.26,22.89,False,sh603612,0.6171
20250722,32.11,0.6468,3.67,31.9,False,sh688139,2.1755
20251125,41.5,4.2253,-7.28,39.82,False,sh603375,2.2431
20251219,25.78,8.7546,14.82,23.7,False,sh605003,1.2394
20240808,1.47,6.6183,-8.16,1.38,False,sh600811,1.4601
20260414,24.9,2.9085,-7.51,24.2,False,sh688177,2.0531
20260311,6.37,1.0991,4.55,6.3,False,sh600930,4.9088
20251021,14.73,0.4127,0.81,14.67,False,sh688410,0.6952
20240924,2.27,2.0148,20.26,2.23,True,sh600751,2.0551
20240903,18.57,2.3752,-0.92,18.14,False,sh603040,1.3666
20240927,6861.61,4.3266,2.18,6577.05,False,sh000147,1.8006
20250625,18.93,0.5799,7.45,18.82,False,sh605060,2.4772
20250818,12.3,0.2806,1.54,12.27,False,sh603291,0.6947
20240821,23.69,0.0497,-2.15,23.68,False,sh600161,0.6974
20240905,11.88,1.7784,-0.42,11.67,False,sh603997,2.9819
20250729,88.46,4.4884,1.74,84.66,False,sh688220,2.7529
20250708,17.47,0.1964,-6.98,17.44,False,sh601865,2.46
20250624,32.43,1.3762,0.99,31.99,False,sh688709,0.8163
20251201,34.93,0.1221,1.91,34.89,False,sh688093,0.941
20240731,5253.33,0.6683,-2.82,5218.46,False,sh000974,1.7933
20240930,10616.02,9.8003,-5.46,9668.48,False,sh000109,2.6715
20240925,2.19,2.0266,10.05,2.15,False,sh600448,1.7533
20241028,2.6,1.6022,-5.77,2.56,False,sh600831,0.9413
20251031,23.26,0.2485,7.27,23.2,False,sh688510,0.8896
20240930,3.05,6.8769,-3.93,2.85,False,sh600798,5.2872
20240930,8.4,1.3891,-4.76,8.28,False,sh603089,4.0206
20250730,56.33,0.5914,10.05,56.0,False,sh688343,2.322
20240829,7.34,0.8922,-1.63,7.28,False,sh601200,1.1137
20240926,1.33,3.6719,6.78,1.28,False,sh601880,3.0905
20240906,7.0,5.138,-8.14,6.66,False,sh603123,7.4581
20240807,169.51,3.3132,2.52,164.07,False,sh603444,2.9477
20240920,3.3,1.8309,6.36,3.24,False,sh600355,3.6248
20260324,32.64,3.7538,-2.21,31.46,False,sh603216,0.9291
20241008,5.08,2.49,-15.35,4.96,False,sh600481,4.0181
20240925,0.34,0.9981,14.75,0.34,False,sh900927,2.4552
20240924,2.7,0.0871,26.67,2.7,True,sh600748,2.5533
20250701,29.54,2.0838,-1.79,28.94,False,sh688393,1.7861
20250710,5.14,0.4402,-0.78,5.12,False,sh600929,1.4335
20240930,10.5,1.7384,-14.1,10.32,False,sh600706,5.2718
20240930,2.82,7.2345,-2.13,2.63,False,sh600261,4.5725
20250916,292.78,0.652,-2.87,290.88,False,sh605499,0.6803
20260105,17.64,0.0184,3.85,17.64,False,sh605303,0.5529
20240930,1.51,2.5815,-6.62,1.47,False,sh600136,7.0922
20250127,13.68,1.057,0.51,13.54,False,sh600598,0.8884
20251021,42.76,5.4412,-0.61,40.55,False,sh688143,0.8794
20250909,5.53,0.1555,-1.45,5.52,False,sh601528,0.7961
20250624,31.74,2.1281,10.05,31.08,False,sh688239,1.5853
20240930,4.84,6.4048,-10.95,4.55,False,sh603669,2.5735
20240927,9.53,2.8274,0.1,9.27,False,sh600178,0.8966
20251201,22.49,1.1563,-0.49,22.23,False,sh603075,0.9622
20260105,23.09,0.9024,2.6,22.88,False,sh688108,3.9308
20250728,234.0,1.7103,2.05,230.07,False,sh688692,1.8905
20240925,4.0,0.5067,12.25,3.98,False,sh600249,2.0581
20250624,24.86,1.3546,2.01,24.53,False,sh603344,1.4249
20240823,10.97,3.3398,0.64,10.62,False,sh601878,1.5034
20240926,78.72,4.3805,20.92,75.42,True,sh603345,2.9493
20240926,4.05,0.3717,8.15,4.04,False,sh600207,1.6397
20240822,39.19,1.0164,3.78,38.8,False,sh600760,0.7234
20250806,17.5,2.7599,-0.91,17.03,False,sh605555,2.0656
20260408,5.22,1.6421,5.94,5.14,False,sh601619,0.7712
20240926,23.82,0.8229,8.82,23.63,False,sh600887,2.7225
20250905,25.13,0.1049,1.47,25.1,False,sh688272,0.5738
20240926,5.5,5.5021,4.55,5.21,False,sh603326,2.3784
20250718,38.35,0.53,8.42,38.15,False,sh688125,1.0456
20250916,47.95,5.1341,-6.8,45.61,False,sh605198,1.808
20250801,89.72,3.7515,-3.9,86.48,False,sh688776,1.544
20251015,32.2,0.3806,-2.17,32.08,False,sh688211,0.9312
20250630,14.73,0.7082,-1.63,14.63,False,sh605365,1.2158
20240927,38.14,0.6999,5.48,37.87,False,sh600150,1.2253
20240927,4.57,0.115,1.53,4.56,False,sh603012,2.2376
20240808,10.19,0.8944,0.88,10.1,False,sh600479,1.0288
20240930,18.33,3.5822,-7.75,17.7,False,sh603368,2.5245
20240807,6884.19,0.0173,0.95,6883.0,False,sh000138,0.8471
20251125,22.06,0.5981,-0.05,21.93,False,sh603013,2.5293
20240801,3.07,8.6822,-6.51,2.82,False,sh600684,2.7871
20240924,4.09,2.048,19.8,4.01,False,sh600963,1.8431
20251020,46.65,3.215,-4.33,45.2,False,sh688196,2.0556
20251211,31.23,1.6513,14.31,30.72,False,sh603127,2.1639
20240801,3.18,1.0871,-1.57,3.15,False,sh601228,1.5801
20240927,6.09,0.8779,-0.66,6.04,False,sh600857,1.114
20240925,8.52,2.3362,-6.46,8.33,False,sh600350,1.4
20240926,2.02,5.6522,4.46,1.91,False,sh600503,2.403
20240927,5.5,0.2592,5.27,5.49,False,sh603126,1.9505
20240809,5.75,1.0293,-0.17,5.69,False,sh600064,1.4219
20240730,4.75,5.8149,-4.21,4.49,False,sh600819,2.1432
20251014,8.3,1.0531,4.1,8.21,False,sh603759,1.8844
20240822,2706.85,0.4106,-2.74,2695.78,False,sh000995,0.8123
20250626,12.32,0.9367,1.38,12.21,False,sh603977,5.8033
20240923,3.93,1.3866,15.01,3.88,False,sh600333,1.2778
20240927,2.36,2.1092,-1.69,2.31,False,sh600654,2.4616
20240731,20.28,1.7289,-1.82,19.94,False,sh600007,1.7133
20240730,0.32,1.3342,1.25,0.31,False,sh900941,2.186
20240926,3.98,0.0872,8.54,3.98,False,sh600180,2.8079
20250626,17.96,0.1333,1.61,17.94,False,sh688308,1.6873
20250708,24.7,0.4977,2.91,24.58,False,sh603270,0.5632
20240927,15.57,1.3296,3.6,15.37,False,sh600498,1.6621
20240919,3.83,0.5403,7.83,3.81,False,sh600302,1.7009
20240829,7.36,0.5363,2.58,7.32,False,sh600551,1.0471
20240808,28.92,0.8108,2.87,28.68,False,sh600036,0.688
20240930,3.76,7.685,-4.26,3.49,False,sh600982,5.5505
20240808,22.35,4.4584,0.76,21.4,False,sh600285,1.7055
20240927,5700.07,2.1214,0.95,5581.66,False,sh000823,1.5622
20240927,3.88,0.5572,1.55,3.86,False,sh600805,2.1822
20250709,22.59,1.6442,-0.27,22.22,False,sh688339,3.1354
20240925,0.22,0.432,11.52,0.22,False,sh900913,5.8531
20240926,4572.53,3.5528,11.04,4415.65,False,sh000989,1.7911
20251021,5.08,16.9878,-4.53,4.34,False,sh688509,8.3058
20240731,8.85,2.9349,-2.26,8.6,False,sh600648,1.7815
20240930,10.94,4.1257,-3.02,10.51,False,sh603159,4.0368
20260113,55.76,0.8084,-0.09,55.31,False,sh688293,2.8626
20260410,77.6,1.5608,2.35,76.41,False,sh603091,1.6924
20240731,4.18,4.1418,-9.82,4.01,False,sh600361,1.0161
20240930,15.43,6.6221,-4.73,14.47,False,sh601163,4.4025
20250624,29.27,1.1703,7.52,28.93,False,sh688314,0.4894
20240926,1.72,8.5516,12.79,1.58,False,sh600606,3.8069
20250212,6.18,4.4507,3.24,5.92,False,sh603117,1.2358
20240807,23.11,0.8206,-2.03,22.92,False,sh600406,0.934
20240801,1.83,1.091,-1.64,1.81,False,sh600255,1.1519
20250822,74.63,1.1596,-4.03,73.77,False,sh688114,1.7049
20240930,2.15,2.6702,-0.93,2.09,False,sh603023,3.196
20251224,23.27,2.2295,6.57,22.76,False,sh605507,1.0407
20240930,10.3,3.178,-8.54,9.98,False,sh600732,2.9968
20240924,2.99,7.1301,16.05,2.79,False,sh600581,8.6391
20240930,2857.05,4.3617,-3.53,2737.64,False,sh000917,3.5892
20250624,7.79,0.7965,1.93,7.73,False,sh688597,1.4301
20240930,6.78,2.8121,-6.63,6.6,False,sh600236,4.8095
20251110,12.93,0.6623,-0.62,12.84,False,sh605337,2.8595
20240904,4.08,7.491,-2.45,3.8,False,sh600698,6.0387
20240823,11.77,0.642,4.84,11.69,False,sh603189,1.6036
20251010,2.45,0.3653,1.63,2.44,False,sh600935,0.9348
20240930,6.71,5.9873,-5.66,6.33,False,sh600080,6.6721
20240926,2.42,2.4009,2.89,2.37,False,sh601518,1.784
20250707,7.37,0.9923,0.27,7.3,False,sh603617,3.2503
20240924,6.6,2.9122,3.34,6.41,False,sh601328,1.7472
20250624,27.14,4.5401,-0.07,25.96,False,sh603489,1.0728
20260108,8.96,2.7415,4.69,8.72,False,sh688096,1.8961
20241226,5.25,0.5955,-3.43,5.22,False,sh601366,0.55
20240930,36.14,4.0062,-9.66,34.75,False,sh603026,2.9752
20240807,6.72,1.2177,0.3,6.64,False,sh600919,0.9799
20260324,43.52,2.8515,7.03,42.31,False,sh605298,0.7117
20250820,21.89,1.273,-1.55,21.61,False,sh688225,0.7974
20251021,2.94,0.0567,-1.02,2.94,False,sh601860,1.038
20240927,5.71,0.2155,4.55,5.7,False,sh600399,2.021
20250514,33.65,7.3534,-2.26,31.35,False,sh601601,3.4423
20240927,8178.57,2.5488,2.32,7975.29,False,sh000142,1.4754
20240925,2.76,0.1633,6.88,2.76,False,sh600403,4.25
20240816,4.46,2.3999,1.34,4.36,False,sh600050,2.0941
20241009,34.57,3.7565,-19.53,33.32,False,sh603688,4.868
20250725,37.48,0.6337,-0.91,37.24,False,sh688311,0.6692
20260116,145.0,5.4351,-0.34,137.53,False,sh688025,1.2566
20250717,36.0,0.7111,12.17,35.75,False,sh688676,1.0964
20240930,2.99,3.6395,-7.02,2.89,False,sh600537,3.1892
20240902,4.15,0.6783,-5.54,4.12,False,sh600863,1.563
20240923,4.8,0.5249,17.9,4.78,False,sh600784,0.7168
20251128,40.41,0.4119,-7.45,40.24,False,sh688638,1.1745
20240802,6.08,0.3397,-12.5,6.06,False,sh600579,6.5628
20240923,6.83,1.5387,9.81,6.73,False,sh600987,1.0437
20250625,59.27,5.2586,-2.56,56.31,False,sh688372,2.579
20240808,14.48,0.5858,3.18,14.4,False,sh601231,0.6721
20251113,47.31,0.7051,-6.0,46.98,False,sh603590,0.9674
20240730,42.73,1.3191,-5.99,42.17,False,sh600660,2.4539
20251014,11.63,1.6571,4.9,11.44,False,sh601083,2.2999
20240829,28.29,0.8454,1.94,28.06,False,sh603416,1.11
20240919,1.25,0.2808,8.0,1.25,False,sh600307,1.8497
20250627,13.28,1.6171,8.13,13.07,False,sh688046,1.2702
20260109,32.44,5.8036,-5.52,30.66,False,sh688443,4.9164
20240930,7.74,7.7932,-5.3,7.18,False,sh603789,3.6117
20240806,5.81,0.852,0.86,5.76,False,sh600098,0.8012
20240930,5.37,3.2037,-6.89,5.2,False,sh601500,3.3541
20240930,59.44,0.2723,8.9,59.28,False,sh600702,0.2477
20260225,43.97,0.4793,-3.89,43.76,False,sh603195,1.0399
20260320,14.43,1.5762,1.59,14.21,False,sh605050,8.8871
20240930,15.44,3.4575,-5.12,14.92,False,sh600265,3.5396
20250806,49.07,0.3463,-1.51,48.9,False,sh688777,1.861
20240926,58.1,0.1969,6.37,57.99,False,sh600132,3.4641
20251201,37.47,1.9378,-5.71,36.76,False,sh688273,2.0364
20240913,16.32,0.7594,5.15,16.2,False,sh600455,1.2452
20240927,1207.97,0.3069,1.97,1204.27,False,sh000114,1.4691
20240730,2.71,0.4014,1.48,2.7,False,sh603843,0.8619
20250718,45.3,6.4287,11.13,42.56,False,sh603516,1.8722
20250702,1.41,6.4486,0.71,1.32,False,sh601005,8.9204
20251201,13.53,0.0327,-1.48,13.53,False,sh603071,0.878
20241025,2.83,0.1268,-2.83,2.83,False,sh600381,1.2855
20240926,3545.32,2.4435,12.76,3460.76,False,sh000300,2.0031
20250625,32.81,0.6583,9.72,32.6,False,sh688693,2.1347
20240926,8.95,6.0813,10.17,8.44,False,sh600048,2.678
20240925,11.16,0.4516,13.89,11.11,False,sh600835,3.4543
20251020,38.0,0.5625,7.74,37.79,False,sh603271,0.3949
20250710,10.45,0.0646,7.94,10.45,False,sh601456,1.1608
20250701,28.38,1.062,-1.91,28.08,False,sh605080,1.5677
20240927,2702.34,1.8379,0.37,2653.57,False,sh000813,1.9337
20240930,6.04,0.0469,-4.8,6.04,False,sh603717,3.1445
20240930,7.04,4.7467,-8.52,6.73,False,sh600006,3.2823
20260410,121.61,0.879,2.47,120.55,False,sh688347,0.8775
20250806,12.98,0.0263,5.93,12.98,False,sh688620,1.1275
20251020,19.52,0.5589,2.2,19.41,False,sh603976,0.8287
20240821,4.58,4.5722,-8.73,4.38,False,sh600561,0.7469
20250924,12.59,0.4321,0.87,12.54,False,sh605399,0.8061
20251222,95.19,0.6768,-4.93,94.55,False,sh688577,1.6157
20240925,8.14,0.1261,7.13,8.13,False,sh600636,1.7855
20240930,6.08,9.7209,-6.74,5.54,False,sh600351,5.9045
20240926,4.19,1.769,12.89,4.12,False,sh600502,1.808
20251020,11.18,0.5463,1.25,11.12,False,sh603212,0.462
20250624,25.49,0.1428,4.16,25.45,False,sh688539,1.0467
20240927,5.5,2.2511,7.27,5.38,False,sh600678,2.4274
20240820,4.99,1.0735,-14.43,4.94,False,sh603169,9.643
20240802,0.41,0.3094,-2.21,0.41,False,sh900923,1.6801
20240807,8.47,0.0522,-0.48,8.47,False,sh600837,0.5216
20250819,259.99,0.3816,10.35,259.0,False,sh688608,1.4142
20240827,4.73,0.1253,0.42,4.72,False,sh601118,1.546
20240910,16.93,1.436,-4.37,16.69,False,sh603258,1.7759
20260415,60.2,2.8903,-1.89,58.51,False,sh688192,1.1867
20250624,22.75,0.8974,5.49,22.55,False,sh603897,1.5
20240927,3.29,0.513,3.04,3.27,False,sh600853,2.3776
20240926,3.97,1.2783,3.78,3.92,False,sh600507,2.5603
20251219,13.1,0.3114,-0.99,13.06,False,sh603390,2.9332
20240930,21.5,1.6957,-12.14,21.14,False,sh600060,1.7896
20240930,24.39,4.6039,-9.8,23.32,False,sh603896,3.8826
20251031,30.87,3.2263,-1.49,29.91,False,sh688321,3.1469
20241028,1.82,0.6552,12.1,1.81,False,sh600337,0.9222
20250624,30.77,3.3999,0.1,29.76,False,sh688625,1.2671
20260324,26.47,2.4123,1.28,25.85,False,sh688511,1.0835
20240930,7.02,1.663,-5.27,6.91,False,sh603088,3.4651
20250110,14.28,5.4319,1.47,13.54,False,sh600650,1.2904
20240731,0.18,0.3759,-1.69,0.18,False,sh900945,1.5093
20240919,8.99,9.9748,0.45,8.17,False,sh600379,2.9628
20260106,60.59,3.1736,-2.28,58.73,False,sh603713,1.9616
20250821,120.38,1.3242,4.49,118.81,False,sh688696,2.1127
20251205,10.22,0.5279,-2.64,10.17,False,sh603289,0.5982
20240923,7.08,9.7533,13.84,6.45,False,sh600203,4.5243
20240827,9.82,1.9333,6.42,9.63,False,sh600599,1.9218
20250625,4.21,0.2558,0.47,4.2,False,sh600905,1.2271
20240830,35.88,2.1892,-4.21,35.11,False,sh603288,7.2032
20240927,5.98,1.7468,1.51,5.88,False,sh600883,1.5614
20250708,4.01,0.0062,0.5,4.01,False,sh688425,1.1454
20240801,20.24,0.9611,-5.78,20.05,False,sh600764,4.725
20240827,6.16,7.0219,61.2,5.76,True,sh603626,5.2063
20241008,8.25,0.2045,-14.55,8.23,False,sh601566,3.4058
20250625,14.9,0.417,-7.25,14.84,False,sh688772,2.368
20251222,31.5,0.2062,-4.38,31.44,False,sh603059,1.7831
20240930,29.4,7.5046,3.74,27.35,False,sh603322,3.2086
20260203,9.25,1.4097,6.49,9.12,False,sh605055,0.6553
20240925,2.73,0.2663,10.99,2.72,False,sh600433,1.9103
20240912,15.41,0.9513,12.85,15.26,False,sh603016,3.5364
20260115,72.22,2.1002,5.26,70.73,False,sh688215,1.1281
20240813,37.3,0.441,3.06,37.14,False,sh601318,0.3727
20240731,7.82,1.2967,-4.86,7.72,False,sh603058,0.4654
20240731,7.33,0.6796,2.59,7.28,False,sh600967,1.4258
20260414,119.0,0.4038,1.88,118.52,False,sh688110,0.998
20240926,4.51,4.8792,2.22,4.3,False,sh600736,3.5157
20241008,10.59,2.6914,-13.28,10.31,False,sh603027,2.7888
20240926,22.14,1.7487,8.49,21.76,False,sh600585,2.4629
20250630,27.82,2.4741,-3.67,27.15,False,sh688097,1.9164
20250624,21.06,0.7611,2.9,20.9,False,sh603992,1.6178
20240805,4.24,1.9027,-4.72,4.16,False,sh600778,3.0325
20240926,16.5,0.3767,3.45,16.44,False,sh603069,2.1151
20250624,35.69,1.6886,1.82,35.1,False,sh603312,1.98
20250630,58.25,3.9146,-5.67,56.06,False,sh688439,1.9683
20260121,15.43,0.7361,-1.56,15.32,False,sh605180,2.4353
20250725,18.55,1.277,-0.16,18.32,False,sh688209,1.167
20240731,12.95,1.4069,0.08,12.77,False,sh600148,3.0644
20240731,4.28,0.8285,0.0,4.24,False,sh600232,0.9213
20250707,11.77,0.4745,0.59,11.71,False,sh605007,1.3333
20250401,8.97,0.0511,5.8,8.96,False,sh600461,1.7133
20250627,10.12,0.1173,5.53,10.11,False,sh688247,0.7095
20240924,4.76,0.4438,16.58,4.74,False,sh600106,2.0188
20250722,32.5,5.1984,4.03,30.89,False,sh605333,2.7668
20240930,8.16,0.5464,-5.51,8.12,False,sh600348,3.8282
20240927,1397.0,3.847,5.12,1345.25,False,sh000827,2.0071
20240911,3.21,7.2503,-7.79,2.99,False,sh600281,2.9679
20250624,40.45,0.959,6.72,40.07,False,sh603171,1.8063
20240813,13.07,0.1808,-8.65,13.05,False,sh600801,0.523
20240926,0.22,0.6948,19.46,0.22,False,sh900917,2.6995
20240829,18.21,1.045,17.19,18.02,False,sh603920,1.0219
20250922,48.82,0.1835,-1.84,48.73,False,sh688297,0.6724
20241104,11.61,2.257,-1.46,11.35,False,sh600785,2.0496
20251201,45.44,1.3292,2.93,44.84,False,sh688677,1.6298
20240903,2.67,2.7714,-7.12,2.6,False,sh600365,3.2502
20250624,16.04,2.4316,0.56,15.66,False,sh603095,1.0679
20240930,5.54,4.4423,-4.51,5.31,False,sh603113,4.1076
20240924,8.28,0.7115,9.3,8.22,False,sh603689,2.9988
20240913,5.81,8.7319,60.93,5.34,True,sh600198,5.1843
20250708,14.63,0.8485,4.17,14.51,False,sh688315,1.2846
20240927,11.4,1.9313,-3.95,11.18,False,sh600054,2.6845
20240905,6.48,8.7394,-17.9,5.96,False,sh600829,10.8824
20240909,6.49,7.8192,-17.87,6.02,False,sh603222,7.2825
20241008,3.74,2.4296,-1.07,3.65,False,sh600360,2.9177
20240925,2.02,0.3976,12.38,2.01,False,sh600533,4.4694
20251219,18.43,0.1263,-0.71,18.41,False,sh688021,1.2862
20240802,7.51,3.6545,-11.58,7.25,False,sh603158,3.9646
20240927,7489.16,5.6753,4.43,7086.95,False,sh000841,2.2017
20251128,26.73,0.9566,-2.13,26.48,False,sh688338,0.6145
20240919,3.04,1.3024,9.54,3.0,False,sh600664,1.0634
20240806,21.32,1.557,-7.5,20.99,False,sh603908,9.3497
20240930,7.88,6.5227,-5.2,7.4,False,sh600983,3.8879
20251202,46.0,2.1517,2.11,45.03,False,sh688376,0.9074
20250904,10.07,3.0311,6.36,9.77,False,sh605136,1.4118
20241024,2.74,1.2627,0.0,2.71,False,sh600303,1.6382
20240822,4.53,0.323,-2.65,4.52,False,sh600550,0.7539
20240816,7.92,0.5734,-4.92,7.88,False,sh601101,1.2201
20240930,10.61,5.9609,-4.52,10.01,False,sh603041,3.7353
20260128,240.4,2.5608,-5.57,234.4,False,sh688411,1.1489
20240926,5.31,2.2908,8.1,5.19,False,sh600237,1.9945
20250708,27.08,2.891,-1.11,26.32,False,sh688138,1.2533
20250819,24.58,0.2621,7.73,24.52,False,sh603613,1.1223
20240927,19.29,0.8023,8.66,19.14,False,sh603568,1.2886
20240926,3.78,0.6111,7.41,3.76,False,sh600279,2.1453
20240927,11.78,0.8965,0.34,11.68,False,sh600449,0.9898
20250408,33.99,1.6164,4.91,33.45,False,sh603358,1.3526
20250624,21.52,2.1867,4.37,21.06,False,sh688092,1.0903
20250701,55.72,0.2137,1.51,55.6,False,sh688708,1.512
20251201,8.73,0.1606,-4.01,8.72,False,sh601019,0.9607
20251015,14.8,5.5102,-2.23,14.03,False,sh688221,1.804
20240930,22.04,5.9119,-8.12,20.81,False,sh600160,2.3419
20250724,85.62,0.7369,0.15,84.99,False,sh603290,3.0286
20240920,4.19,3.9251,10.5,4.03,False,sh603316,1.3238
20240927,6120.73,3.3999,4.56,5919.47,False,sh000146,1.4366
20250904,15.08,0.3872,1.99,15.02,False,sh603810,0.8414
20240830,10.72,0.1775,3.45,10.71,False,sh601881,3.7747
20240927,5553.45,6.125,11.63,5232.93,False,sh000858,1.9377
20240924,6.99,2.3014,18.45,6.83,False,sh601766,1.2905
20250901,15.85,0.2298,0.13,15.81,False,sh688038,0.8375
20251027,8.93,0.1964,-19.93,8.91,False,sh688496,1.0526
20250207,9.94,1.7695,-0.3,9.77,False,sh600830,1.2576
20240807,9.14,0.3435,-4.92,9.11,False,sh600184,1.1335
20250708,6.65,0.1444,0.03,6.64,False,sh601949,0.9376
20240927,1.51,0.2678,1.66,1.5,False,sh900926,2.6891
20240927,17.36,1.7779,4.84,17.06,False,sh601965,0.8799
20240924,17.3,0.1989,20.87,17.26,True,sh600549,1.5835
20240930,6.9,2.5112,-4.57,6.73,False,sh600480,3.4184
20260306,24.88,0.4174,-3.34,24.78,False,sh603217,0.8233
20240926,5.01,0.2735,7.58,5.0,False,sh600354,2.0673
20250825,32.82,4.6259,-4.72,31.37,False,sh688646,1.6906
20251124,22.7,0.3341,3.96,22.62,False,sh688015,0.9077
20251210,92.75,0.2016,-2.33,92.56,False,sh603259,0.8377
20240927,9.4,8.5659,2.02,8.66,False,sh600633,2.3635
20250624,22.59,3.3296,1.11,21.86,False,sh603190,1.1506
20251021,12.87,1.8223,1.32,12.64,False,sh688121,0.8132
20251014,8.1,0.3695,5.93,8.07,False,sh601319,2.588
20240930,7.48,7.9404,-4.55,6.93,False,sh600707,2.4163
20251104,3.99,1.3483,3.76,3.94,False,sh600928,1.2864
20240815,5.89,1.373,4.42,5.81,False,sh601998,1.2382
20250717,51.06,1.7024,2.13,50.21,False,sh688408,1.7105
20260408,130.0,10.4084,-2.09,117.74,False,sh688392,2.2097
20240806,11.35,1.2963,-5.37,11.2,False,sh600749,1.4725
20250905,14.37,0.1692,3.9,14.35,False,sh603809,0.458
20240809,7.96,0.5728,0.88,7.91,False,sh601186,0.8837
20240925,2.23,0.1534,9.87,2.23,False,sh600179,2.3284
20240926,12.26,1.2377,-0.82,12.11,False,sh603668,1.8696
20260112,7.8,3.4106,-2.44,7.54,False,sh688238,4.1542
20250624,17.02,1.8791,3.76,16.71,False,sh688711,1.5899
20241112,1.94,1.6683,-12.37,1.91,False,sh600190,3.1007
20240926,15.1,0.7324,3.51,14.99,False,sh601001,1.4685
20240731,5901.27,3.48,-5.67,5702.81,False,sh000111,1.454
20240927,12.43,2.9653,4.18,12.08,False,sh600137,1.5088
20240930,7.17,7.667,-7.39,6.66,False,sh603808,3.8761
20250909,6.31,0.1428,-0.48,6.3,False,sh601187,0.6356
20250717,22.24,1.4607,9.26,21.92,False,sh688276,1.7752
20240930,16.49,3.0438,-4.61,16.01,False,sh600886,3.1308
20251020,24.89,1.6091,5.26,24.5,False,sh688420,0.7269
20240930,21.06,5.8176,-7.08,19.9,False,sh600761,1.8132
20240926,9.43,2.5319,19.72,9.2,False,sh600206,1.6558
20250707,19.42,0.2551,-0.88,19.37,False,sh605033,0.4366
20240930,16.41,7.2368,-7.5,15.3,False,sh603517,2.9629
20250624,29.34,2.4504,3.42,28.63,False,sh688147,1.8398
20240925,3.59,2.4251,5.85,3.51,False,sh600248,2.4146
20240805,3.25,2.6766,10.21,3.17,False,sh603559,0.6553
20260320,130.66,1.634,-2.3,128.56,False,sh688109,1.3873
20240926,9970.5,0.7484,12.19,9896.43,False,sh000093,1.8398
20240920,11.55,2.3112,7.36,11.29,False,sh600962,1.1762
20250625,24.36,1.5663,-2.63,23.98,False,sh601066,3.8631
20240813,27.04,0.9548,-4.59,26.78,False,sh600685,0.8276
20251020,26.79,0.2133,1.9,26.73,False,sh688739,0.702
20240930,50.34,8.0254,-7.75,46.6,False,sh603369,2.3959
20240930,4.11,7.9803,-4.38,3.81,False,sh600478,2.538
20240801,5.06,2.842,-3.16,4.92,False,sh600151,2.5701
20251103,9.46,2.2297,3.17,9.25,False,sh605199,3.3442
20240926,221.01,4.1756,11.19,212.15,False,sh600436,2.6962
20250821,36.46,5.7269,7.41,34.49,False,sh603395,5.9574
20251127,6.41,4.1613,1.56,6.15,False,sh601686,1.5912
20241008,16.38,3.7639,-11.78,15.79,False,sh600818,1.9876
20250716,15.7,0.9365,-1.66,15.55,False,sh603915,2.2953
20250805,35.99,2.4389,-4.72,35.13,False,sh688010,2.3274
20240808,29.93,1.4775,-0.23,29.49,False,sh600298,2.7914
20240926,39.9,8.0501,7.19,36.93,False,sh603589,5.4612
20240930,4.42,4.6308,-0.9,4.23,False,sh601700,4.0667
20240910,6.33,1.2665,-4.42,6.25,False,sh601229,0.7971
20260310,40.29,1.1685,-5.01,39.82,False,sh688197,1.388
20240930,22.44,1.6616,-2.27,22.07,False,sh603690,4.0489
20251205,23.41,0.8788,-2.43,23.21,False,sh688309,0.6063
20240920,0.21,1.2161,22.82,0.2,True,sh900940,2.9919
20250905,14.55,2.1634,-2.82,14.24,False,sh603938,0.9298
20241008,26.61,1.3248,-17.66,26.26,False,sh603939,2.6451
20240926,5.56,5.2369,6.11,5.28,False,sh600655,2.4693
20240806,28.57,0.3438,0.56,28.47,False,sh600332,0.7486
20260107,67.58,0.28,9.54,67.39,False,sh688073,2.999
20240731,19.46,4.4814,3.49,18.63,False,sh600079,1.6402
20240920,12.22,1.3097,6.22,12.06,False,sh603768,1.9297
20240802,5.37,0.0287,-2.98,5.37,False,sh600284,1.0874
20250624,65.3,1.3592,3.83,64.42,False,sh688525,1.1687
20250625,21.42,0.6218,-2.1,21.28,False,sh605598,1.5258
20240925,6.35,2.9439,6.93,6.17,False,sh600037,3.4249
20240925,12.53,0.4505,10.13,12.47,False,sh603726,0.6989
20240926,6059.39,3.3011,13.08,5865.76,False,sh000011,2.4234
20240930,8.5,6.0807,-10.0,8.01,False,sh600499,3.8979
20260324,52.79,3.2079,-1.95,51.15,False,sh688611,1.0389
20240927,4.3,2.4402,1.63,4.2,False,sh603116,1.4481
20240930,8.52,1.9266,-9.97,8.36,False,sh600867,4.362
20250718,21.61,4.4355,2.41,20.69,False,sh688292,4.8373
20240927,2.95,2.1854,2.71,2.89,False,sh601218,1.6178
20240809,3.55,0.6895,-6.48,3.53,False,sh600649,1.8926
20251225,62.0,0.3748,1.15,61.77,False,sh688508,1.6061
20240927,5.94,0.0225,-2.86,5.94,False,sh600780,1.1723
20240807,11.1,0.6536,6.67,11.03,False,sh601898,1.499
20240830,0.65,1.4001,-2.16,0.64,False,sh900912,2.8668
20240927,6.75,2.4564,5.48,6.59,False,sh603811,1.1622
20250818,12.03,0.408,3.24,11.98,False,sh603317,1.7994
20240930,10.48,2.4222,-4.37,10.23,False,sh600580,3.7567
20241029,2.32,2.8293,-6.9,2.26,False,sh600083,0.6407
20240926,3.36,0.34,6.84,3.35,False,sh601018,1.3264
20240930,8.07,6.9334,-7.43,7.55,False,sh600733,2.5394
20240930,7.34,4.539,-5.58,7.02,False,sh603022,3.7349
20251125,7.91,0.9852,4.68,7.83,False,sh603359,1.399
20250815,9.42,0.4828,5.73,9.37,False,sh688472,2.1545
20251022,62.81,18.7671,2.88,52.88,False,sh688115,2.9103
20240806,2.67,3.3582,-4.87,2.58,False,sh603188,1.2743
20240927,15.44,2.7909,5.31,15.02,False,sh600699,1.762
20240930,21.9,0.3678,-3.2,21.82,False,sh600750,3.2906
20251224,16.2,1.1715,-2.84,16.01,False,sh605336,3.4954
20240926,1.89,1.5445,6.89,1.86,False,sh600103,2.5059
20241129,9.8,1.1822,0.51,9.69,False,sh601666,1.4682
20240926,10503.67,3.018,7.67,10195.96,False,sh000125,1.7529
20251219,11.36,5.6597,-2.64,10.75,False,sh688176,3.6655
20240927,5.29,2.9066,-4.16,5.14,False,sh600084,1.6557
20260112,11.49,1.7009,0.35,11.3,False,sh603527,2.2244
20250729,36.84,1.0238,-5.02,36.47,False,sh688596,1.5436
20240815,29.31,0.5319,4.06,29.16,False,sh601628,1.2815
20251212,19.39,0.006,-1.29,19.39,False,sh603045,1.0893
20240808,1.34,3.3419,8.21,1.3,False,sh600898,2.4781
20240930,13.88,2.6411,-7.71,13.52,False,sh603877,3.8505
20240924,6.28,5.2455,46.5,5.97,True,sh601519,6.3164
20250807,17.62,0.6953,-4.43,17.5,False,sh688593,1.7898
20240923,9.04,0.9746,12.5,8.95,False,sh600081,6.7964
20251113,14.88,0.6442,-5.91,14.78,False,sh688173,0.6597
20260325,63.89,0.9585,6.75,63.28,False,sh688720,0.6464
20240814,4.89,0.2442,-6.75,4.88,False,sh603839,2.4672
20240927,6.55,2.0329,2.44,6.42,False,sh600755,2.0871
20240930,7.65,5.0223,-2.48,7.28,False,sh600251,3.9263
20241008,7.29,2.0211,-13.31,7.15,False,sh603313,4.2277
20240924,6.91,0.2587,21.13,6.89,True,sh601600,1.6663
20240930,7.4,1.667,-16.35,7.28,False,sh600398,5.1498
20250625,34.66,1.3729,-2.08,34.19,False,sh603068,0.9802
20250630,7.25,4.0345,3.73,6.97,False,sh603815,2.6152
20240926,7.87,1.0835,1.02,7.78,False,sh603993,1.3173
20251015,9.29,0.7082,-1.29,9.22,False,sh605299,0.381
20240819,1.43,1.5048,4.88,1.41,False,sh600165,1.2141
20240930,6.12,0.5416,-4.9,6.09,False,sh603269,3.0584
20240813,3.16,1.785,0.0,3.1,False,sh600578,0.8506
20250925,32.9,1.0868,7.42,32.55,False,sh688639,0.8693
20250924,16.67,0.4563,3.96,16.6,False,sh603112,0.4678
20240927,19.39,3.1797,7.01,18.79,False,sh600862,1.6257
20240731,3297.19,1.1999,-6.05,3258.09,False,sh000077,1.2955
20250303,8.56,3.6435,1.99,8.26,False,sh603227,4.4708
20240731,30.9,1.8765,-3.82,30.33,False,sh600536,1.2332
20251015,30.58,0.3179,3.43,30.48,False,sh605099,0.472
20260209,17.7,0.7514,0.62,17.57,False,sh688310,1.1004
20250930,51.18,1.4177,-1.39,50.46,False,sh688543,1.3284
20240926,11.0,0.9395,30.74,10.89,True,sh600602,1.6045
20240925,5.44,2.1868,9.19,5.32,False,sh600051,2.687
20250627,139.01,7.4628,-4.36,129.36,False,sh688047,5.9355
20251118,36.29,0.4891,-5.68,36.11,False,sh605133,0.4541
20240805,10.67,0.5063,-1.87,10.62,False,sh600661,2.0783
20240926,4.4,2.2721,10.0,4.3,False,sh600986,1.9536
20260416,45.01,0.3405,-1.69,44.86,False,sh688520,1.8482
20250924,8.63,6.1522,0.81,8.13,False,sh603458,1.5348
20250724,41.11,0.3879,-1.7,40.95,False,sh603722,1.2373
20250714,5.26,0.0507,2.09,5.26,False,sh688009,1.4382
20260325,26.93,3.9297,-10.58,25.91,False,sh688793,3.2841
20240925,17.57,3.3269,1.2,17.0,False,sh600131,2.0253
20240924,3.27,1.134,14.68,3.23,False,sh601333,1.192
20240828,25.66,0.8747,1.6,25.44,False,sh600456,1.7465
20240927,13.75,2.7466,-2.62,13.38,False,sh603989,1.4114
20251013,53.83,2.3162,-6.93,52.61,False,sh603072,3.2716
20250305,34.83,0.4053,-2.64,34.69,False,sh600418,0.7804
20240731,10.68,2.4149,2.43,10.43,False,sh603309,2.218
20240926,2750.55,1.1718,11.46,2718.69,False,sh000159,2.0393
20251024,83.73,1.5615,-6.84,82.44,False,sh603325,1.6674
20240904,9.83,6.0057,-11.6,9.27,False,sh603823,4.8872
20240925,5.18,0.8338,8.49,5.14,False,sh600228,3.5112
20250714,162.89,2.0253,-1.61,159.66,False,sh688169,3.5852
20240903,5.6,6.7429,-5.89,5.25,False,sh600152,3.2852
20240926,7.05,1.7211,7.51,6.93,False,sh603577,1.089
20240806,4.06,2.411,3.69,3.96,False,sh600266,1.8166
20240905,3.05,5.0733,-6.55,2.91,False,sh600635,1.8898
20241022,2.0,0.7472,15.0,1.99,False,sh603959,1.2479
20240918,20.98,0.06,5.34,20.97,False,sh600066,1.2269
20250711,68.97,0.1486,-3.29,68.87,False,sh688789,1.0662
20251225,52.94,8.5827,-3.25,48.76,False,sh688013,2.8277
20250813,18.26,6.7555,-1.53,17.1,False,sh601702,3.1988
20240927,0.17,0.0695,3.57,0.17,False,sh900920,3.5598
20240927,56.37,3.7813,2.55,54.32,False,sh600486,1.379
20251205,19.27,0.8496,-5.14,19.11,False,sh603272,1.0537
20251212,15.89,1.8954,-1.07,15.59,False,sh688517,1.1693
20260324,87.87,0.603,-3.36,87.34,False,sh688623,0.8053
20240926,6.2,0.4401,7.26,6.17,False,sh600331,1.0723
20240731,13.49,3.0931,0.37,13.08,False,sh600562,1.9537
20240912,0.46,0.4303,0.43,0.46,False,sh900908,1.066
20250630,37.57,0.8324,0.98,37.26,False,sh688075,1.358
20251021,11.4,0.795,4.82,11.31,False,sh688512,0.5198
20250711,28.5,0.278,1.72,28.42,False,sh688288,1.5093
20240925,1.38,2.5006,7.25,1.35,False,sh600653,4.8726
20240903,0.14,5.6471,-1.43,0.13,False,sh900946,4.7648
20251120,87.7,0.7871,9.32,87.02,False,sh688668,0.5436
20240927,7.28,1.1439,-0.27,7.2,False,sh603696,2.2795
20250221,3.75,4.3527,-4.27,3.59,False,sh600187,2.8713
20250722,16.4,1.5076,-0.18,16.16,False,sh603277,1.7328
20251024,40.61,0.6126,-2.29,40.36,False,sh603120,0.605
20240924,17.67,1.7222,28.47,17.37,True,sh600850,1.6955
20250625,22.57,1.3693,-2.35,22.27,False,sh605218,1.4265
20251124,8.9,0.8946,4.04,8.82,False,sh605162,0.8855
20250624,57.79,3.1202,2.92,56.04,False,sh688322,1.7016
20250922,14.72,2.2083,12.09,14.4,False,sh605056,4.7185
20240927,1.22,0.2705,6.56,1.22,False,sh600157,2.5262
20260105,41.49,4.172,0.22,39.83,False,sh603014,1.965
20240819,30.59,1.0691,14.09,30.27,False,sh603826,1.9072
20240924,6.47,0.9203,18.55,6.41,False,sh600119,1.6761
20250716,31.21,2.7216,-2.72,30.38,False,sh688695,5.4341
20250801,38.59,1.1381,-0.52,38.16,False,sh605286,0.9212
20250624,7.24,1.2323,1.66,7.15,False,sh688468,1.0041
20240927,21.52,6.8367,-0.42,20.14,False,sh600729,1.5538
20240827,8.41,5.0587,-7.25,8.01,False,sh603038,3.545
20240925,3.1,1.1282,10.32,3.07,False,sh601002,1.9307
20240927,5.54,3.4274,1.26,5.36,False,sh601798,1.2962
20250624,6.61,0.8596,2.27,6.55,False,sh600906,1.9418
20240925,3.9,0.5306,12.05,3.88,False,sh600880,3.1627
20250724,42.0,1.1813,-1.62,41.51,False,sh688275,1.7966
20250630,22.17,0.6675,2.3,22.02,False,sh688426,0.694
20251225,19.78,0.3936,1.37,19.7,False,sh605183,1.3225
20250625,21.16,5.0471,-7.47,20.14,False,sh688590,2.0225
20240829,2.38,0.4785,-3.78,2.37,False,sh600936,6.9734
20260112,36.27,1.2167,3.47,35.83,False,sh688170,1.6098
20250821,28.35,1.5932,-2.33,27.91,False,sh688244,1.308
20251124,38.32,0.2048,1.91,38.24,False,sh688113,0.9275
20240806,2.29,0.6409,2.18,2.28,False,sh600252,1.0863
20251103,9.28,1.1022,0.54,9.18,False,sh605500,0.9668
20241008,20.32,4.0677,-10.58,19.53,False,sh603859,2.8996
20251010,11.65,1.4738,-0.09,11.48,False,sh603676,0.8428
20240930,6.04,5.5006,-7.61,5.73,False,sh600586,4.1002
20240801,9.78,0.6502,1.12,9.71,False,sh601579,1.1532
20240926,4.86,0.979,9.25,4.82,False,sh603817,1.3294
20240730,7.29,0.9814,1.24,7.22,False,sh600328,1.1563
20250717,0.54,0.8593,3.36,0.53,False,sh900914,1.8249
20250715,268.24,0.4621,-0.31,267.01,False,sh688027,0.8866
20240923,11.14,1.2973,22.08,11.0,True,sh601919,1.5425
20240924,5.7,1.9708,24.91,5.59,True,sh600366,1.6015
20240826,2.7,0.1391,2.96,2.7,False,sh600601,0.6051
20260310,82.99,3.2474,-4.81,80.38,False,sh688313,1.1095
20240927,4.06,5.6326,1.23,3.84,False,sh600556,1.5189
20250825,283.6,0.7058,7.72,281.61,False,sh688617,1.5745
20250624,19.0,0.8439,7.53,18.84,False,sh688370,1.7086
20240809,14.74,0.2519,-0.81,14.71,False,sh600031,1.3269
20240801,1.95,0.55,-3.59,1.94,False,sh600518,0.7723
20240926,1990.87,0.5982,4.24,1979.03,False,sh000824,1.8647
20251218,17.98,2.0142,0.72,17.63,False,sh603172,1.7366
20240930,4.65,4.8108,-2.8,4.43,False,sh600282,4.0801
20251128,10.15,1.3244,-2.46,10.02,False,sh688659,0.629
20240930,7.12,7.0529,-4.78,6.65,False,sh603889,3.6173
20240924,3.09,2.0616,24.27,3.03,True,sh600802,8.5069
20240926,4.63,3.1884,9.51,4.48,False,sh600629,1.267
20240927,5.74,2.71,2.96,5.59,False,sh600667,1.8547
20240925,13.26,0.1117,11.62,13.24,False,sh600980,2.1359
20251127,65.93,0.078,-0.05,65.88,False,sh688375,0.7759
20251027,16.96,0.0359,-4.89,16.95,False,sh688526,1.4518
20260209,4.64,0.3605,-1.72,4.62,False,sh601279,0.6234
20250729,143.0,0.0022,-0.38,143.0,False,sh688041,1.8395
20240927,2.51,3.5965,0.8,2.42,False,sh600300,1.8674
20250708,63.2,2.6193,8.59,61.59,False,sh688316,0.8721
20240930,6.06,4.5923,-4.62,5.8,False,sh600057,4.7292
20250918,7.7,2.4154,4.16,7.52,False,sh600530,1.6119
20251125,22.13,0.7577,13.92,21.96,False,sh688671,1.0683
20250704,20.58,1.1,-2.53,20.36,False,sh603927,3.8211
20250822,23.3,0.0759,2.32,23.28,False,sh603220,1.7332
20250630,28.65,0.7044,0.94,28.45,False,sh688358,1.017
20240927,8.51,0.5896,0.35,8.46,False,sh603708,0.8493
20240731,5.23,2.2749,-5.16,5.11,False,sh600864,3.9654
20240930,6.72,7.8754,-0.15,6.23,False,sh600019,3.0855
20251201,28.65,0.1529,1.82,28.61,False,sh605118,1.6976
20240808,3.07,0.4958,0.0,3.06,False,sh600219,0.6463
20250718,24.62,2.2482,7.15,24.08,False,sh688158,2.1318
20240930,5.62,0.78,-2.49,5.58,False,sh600583,3.9819
20251124,22.9,4.4569,1.88,21.92,False,sh688222,1.0127
20240926,3.01,2.3258,7.31,2.94,False,sh603021,0.991
20240927,5389.98,1.0946,1.36,5331.62,False,sh000145,1.424
20241008,10.64,3.9143,-12.79,10.24,False,sh603315,4.488
20260304,34.46,3.6679,3.28,33.24,False,sh603813,1.0117
20260407,30.38,2.7181,0.95,29.58,False,sh605566,1.612
20250630,43.1,0.3,3.09,42.97,False,sh688726,1.2961
20251125,7.55,0.4813,-0.13,7.51,False,sh605001,0.4589
20260206,18.34,1.1374,-1.91,18.13,False,sh603610,1.5889
20240926,3.98,1.5191,5.78,3.92,False,sh600429,2.1745
20240923,3.68,1.592,15.49,3.62,False,sh600319,1.3638
20240819,0.8,1.1279,0.13,0.79,False,sh900925,1.9556
20240930,19.72,8.3778,-4.16,18.19,False,sh601966,3.1089
20240807,9.87,0.2752,-0.3,9.84,False,sh600483,1.2255
20250630,24.59,4.196,2.24,23.6,False,sh603773,3.5775
20250716,31.45,6.3803,-5.18,29.56,False,sh688058,6.9798
20250114,17.35,1.1705,1.84,17.15,False,sh600999,1.2544
20250729,20.61,0.8169,-6.99,20.44,False,sh603214,5.4661
20240808,9.79,0.1202,-1.12,9.78,False,sh601155,1.4284
20240814,10.05,2.4152,2.39,9.81,False,sh601928,1.8583
20250701,94.24,1.2897,-2.82,93.04,False,sh688016,4.7415
20250901,35.55,0.0603,-0.34,35.53,False,sh603409,0.3841
20250924,7.8,0.9702,2.69,7.73,False,sh688571,0.8191
20240930,8.81,8.2046,-5.56,8.14,False,sh600630,3.5162
20240927,3.59,2.1337,2.51,3.52,False,sh600063,1.7211
20251219,54.01,5.3229,2.37,51.28,False,sh688626,3.0623
20240930,23.83,4.0006,-9.23,22.91,False,sh601882,3.8149
20250904,13.76,0.1516,0.94,13.74,False,sh603970,0.7006
20240926,1.66,5.1853,1.2,1.58,False,sh600567,5.9407
20250904,12.47,1.8569,-1.04,12.24,False,sh603697,1.6203
20250408,9.79,1.0842,2.76,9.69,False,sh600000,2.9712
20250718,27.81,2.2644,0.97,27.19,False,sh605086,8.4906
20240927,21180.43,4.2457,1.01,20317.79,False,sh000815,2.5604
20240927,2847.04,0.5792,1.93,2830.64,False,sh000068,1.4437
20240927,10.1,3.9959,-2.38,9.71,False,sh603238,2.915
20240926,25.6,2.6446,6.84,24.94,False,sh600529,1.3119
20240829,10.63,0.4299,1.6,10.58,False,sh600833,0.9299
20240930,25.94,9.4183,1.85,23.7,False,sh603496,2.5617
20250630,32.58,0.6436,-8.59,32.37,False,sh688141,1.7088
20250624,46.43,2.8054,4.01,45.16,False,sh688088,1.646
20240731,27.92,2.4844,-7.2,27.24,False,sh601336,1.7781
20250724,34.26,3.6799,-7.5,33.04,False,sh603193,5.2152
20260112,24.29,0.3115,10.79,24.21,False,sh688216,1.2172
20240930,42.95,5.9874,-8.85,40.52,False,sh603868,2.5995
20240927,7.19,0.4985,4.73,7.15,False,sh603015,1.4572
20240731,4.15,0.2334,0.72,4.14,False,sh600704,1.4903
20250908,12.09,0.6006,-0.41,12.02,False,sh605018,0.5061
20240920,4.05,1.5589,17.53,3.99,False,sh600683,2.9515
20251212,65.5,2.6219,0.96,63.83,False,sh688258,1.1184
20250630,29.09,1.368,-1.93,28.7,False,sh688391,1.4793
20240923,3.12,0.8675,-3.21,3.09,False,sh603608,0.3102
20241008,9.08,0.6773,-12.22,9.02,False,sh600961,3.7139
20240927,34.95,2.951,6.44,33.95,False,sh603197,1.2786
20250710,8.35,0.5408,-0.24,8.31,False,sh601065,1.0349
20241202,12.13,1.6126,8.66,11.94,False,sh600686,0.5539
20250704,8.68,0.0682,-0.69,8.67,False,sh601298,1.0511
20241008,8.87,0.8012,-10.26,8.8,False,sh601857,3.5478
20250721,22.06,0.8602,2.45,21.87,False,sh688589,1.1404
20240930,9.68,6.5547,-3.72,9.09,False,sh603010,7.3367
20250805,100.1,3.4662,-3.75,96.75,False,sh688213,1.3203
20250630,25.71,1.274,-3.15,25.39,False,sh688127,0.9277
20240730,9.14,2.9028,1.64,8.88,False,sh600435,1.7305
20240731,19.21,2.77,-0.93,18.69,False,sh600885,1.017
20251124,60.66,3.755,9.22,58.46,False,sh688270,1.6746
20240806,6.59,1.0969,-6.07,6.52,False,sh601007,2.9557
20251125,68.43,4.6904,-5.48,65.37,False,sh688717,1.5436
20251010,7.01,0.7622,1.43,6.96,False,sh600903,2.2784
20260109,27.31,0.0424,-0.81,27.3,False,sh688690,1.7431
20240926,3.58,3.3599,-1.4,3.46,False,sh600382,4.1872
20250722,32.45,3.9392,-0.46,31.22,False,sh688559,2.0096
20240930,13.09,1.6515,-3.44,12.88,False,sh600182,7.5828
20240731,8.77,4.353,-8.89,8.4,False,sh600618,1.581
20240910,12.36,0.8126,-1.29,12.26,False,sh601900,1.1155
20240806,0.42,1.983,-2.62,0.41,False,sh900943,2.8331
20251020,49.6,1.1454,7.06,49.04,False,sh688070,0.6139
20250630,25.5,0.8673,3.57,25.28,False,sh603396,1.2007
20240927,9.77,1.5663,-1.33,9.62,False,sh603777,2.8531
20250725,15.88,7.7798,2.27,14.73,False,sh688327,3.8083
20251105,10.22,0.0792,-0.68,10.21,False,sh603916,0.7147
20240731,3.41,5.4177,-4.99,3.23,False,sh601099,4.9512
20250107,17.86,0.2549,-3.92,17.81,False,sh600501,0.6841
20250922,10.55,0.0137,-0.38,10.55,False,sh605167,0.4557
20240819,8.01,0.5671,4.12,7.96,False,sh600352,0.567
20240924,9.4,1.8253,26.6,9.23,True,sh600855,1.1984
20240912,5.96,0.0392,4.97,5.95,False,sh600028,0.763
20250624,18.04,1.7719,0.94,17.73,False,sh603211,0.9442
20250716,28.79,0.8845,0.73,28.54,False,sh688369,2.7712
20251020,16.62,1.1635,1.5,16.43,False,sh603125,0.5672
20240930,10.35,1.4068,-8.31,10.21,False,sh603968,3.0634
20240730,4.08,4.6847,-6.62,3.9,False,sh600604,2.146
20250624,13.97,4.077,8.66,13.42,False,sh688022,2.0737
20260325,17.17,1.6753,-0.23,16.89,False,sh603709,1.3027
20260302,21.0,5.4292,4.43,19.92,False,sh603093,6.7796
20240930,28.57,4.2455,-5.64,27.4,False,sh600363,5.0863
20240930,8.72,7.0683,-5.16,8.14,False,sh603926,4.2078
20251124,34.84,8.0814,2.67,32.23,False,sh688291,5.9584
20240903,10.27,1.7419,-3.21,10.09,False,sh600783,3.0614
20240808,9.34,0.6773,0.96,9.28,False,sh601952,1.3516
20240731,0.8,0.4284,0.25,0.79,False,sh900911,2.0813
20250630,36.01,0.3297,-1.75,35.89,False,sh688568,1.1283
20240830,11.8,0.1485,-1.86,11.78,False,sh603138,4.0799
20240816,3.04,2.7201,-15.46,2.96,False,sh600807,7.342
20240925,5948.3,0.1099,4.97,5941.77,False,sh000821,1.8602
20241008,3.61,1.3215,-6.93,3.56,False,sh600287,2.1975
20250722,136.02,1.5107,-1.79,134.0,False,sh688188,1.8289
20240930,17.77,7.6784,-6.64,16.51,False,sh603611,3.2737
20240927,5.94,1.4749,4.21,5.85,False,sh600753,1.1118
20240920,10.16,0.4441,8.17,10.12,False,sh603042,1.1367
20240925,5.32,0.3837,20.86,5.3,True,sh600100,1.9
20260325,40.16,0.3655,6.52,40.01,False,sh688388,1.1363
20240925,3.07,2.6784,-1.63,2.99,False,sh600234,1.7719
20240926,1.72,3.7059,8.72,1.66,False,sh600467,2.2636
20250625,38.08,2.656,-4.49,37.09,False,sh688595,2.5921
20240930,58.26,3.9556,-9.54,56.04,False,sh603338,2.7978
20250801,48.92,1.108,7.65,48.38,False,sh688768,1.2476
20250627,20.53,0.2356,-0.05,20.48,False,sh605186,0.8542
20250624,15.57,0.7061,0.58,15.46,False,sh603043,0.5455
20250718,26.5,1.693,11.58,26.06,False,sh605318,1.5512
20250717,10.77,2.5576,-1.11,10.5,False,sh601360,4.1597
20251103,58.19,0.7385,-10.04,57.76,False,sh688091,1.8409
20240930,2.58,8.1852,-6.59,2.38,False,sh601866,3.2073
20240813,15.81,1.122,2.21,15.64,False,sh603508,0.4831
20240806,4.59,1.7588,-10.46,4.51,False,sh600730,4.1239
20240930,4.96,4.973,3.23,4.72,False,sh600163,3.7548
20250624,45.91,8.6572,-1.53,42.26,False,sh688116,2.6618
20240930,5.21,5.519,-9.98,4.94,False,sh600257,3.6677
20250624,22.51,1.0483,2.53,22.28,False,sh688689,2.1505
20250512,5.29,0.4033,-0.76,5.27,False,sh601199,1.4216
20240926,9.2,2.4328,8.48,8.98,False,sh603990,1.1795
20250818,34.26,1.0985,9.19,33.89,False,sh688227,1.9713
20250625,74.5,1.1116,4.4,73.68,False,sh603296,2.0622
20240927,2.54,2.893,-1.97,2.47,False,sh600166,1.8957
20240930,11.69,4.4862,-2.91,11.19,False,sh603677,3.6383
20251124,37.31,0.2586,0.54,37.21,False,sh688269,0.47
20240919,6.71,1.6051,6.41,6.6,False,sh600128,3.48
20240930,12.32,2.1319,-6.17,12.06,False,sh603639,2.626
20240801,8.23,2.4764,-1.7,8.03,False,sh601800,2.0149
20240731,17.0,7.6326,-0.59,15.8,False,sh603009,1.8418
20240731,8.07,2.3527,-4.58,7.88,False,sh600718,1.229
20250630,9.57,0.1352,0.42,9.56,False,sh688459,1.153
20240913,2.22,0.8434,9.01,2.2,False,sh600082,6.3988
20241008,10.09,3.5199,-15.66,9.75,False,sh603520,3.9839
20240924,1.63,9.1213,19.02,1.49,False,sh600231,7.2413
20240927,3.94,3.9561,1.27,3.79,False,sh600105,1.5298
20240920,10.83,1.0772,21.98,10.71,True,sh600756,3.2336
20240806,0.32,3.0252,12.62,0.31,False,sh900939,1.9514
20240926,7.53,2.2066,4.78,7.37,False,sh600305,3.1168
20240819,4.87,2.2036,-2.05,4.77,False,sh601107,1.8491
20250107,12.3,1.2656,-2.28,12.15,False,sh601233,1.6644
20240731,4.13,0.7727,-2.66,4.1,False,sh600662,1.9394
20240926,15.5,0.6946,2.45,15.39,False,sh600985,1.5036
20250901,21.41,2.9038,1.87,20.81,False,sh603721,1.3942
20240927,2700.64,1.0158,3.94,2673.48,False,sh000847,1.8378
20251128,22.31,0.3279,1.21,22.24,False,sh688069,0.9324
20240927,16.67,3.5548,4.92,16.1,False,sh600861,2.2846
20240805,14.14,2.0208,-5.52,13.86,False,sh600535,6.2241
20250728,22.17,4.7319,-3.47,21.17,False,sh603922,2.6596
20251215,3.71,3.6713,3.77,3.58,False,sh601778,4.2398
20251128,7.19,1.034,-0.42,7.12,False,sh601956,0.7265
20251128,45.24,0.5439,-6.32,45.0,False,sh688489,1.4664
20240731,3.94,0.7329,-2.79,3.91,False,sh600052,0.7159
20240930,1253.5,10.9606,-5.26,1129.68,False,sh000158,3.8211
20240927,8.29,0.4264,0.72,8.25,False,sh600419,4.177
20251218,18.33,1.2087,4.2,18.11,False,sh603073,0.8125
20240903,3.77,3.1817,-4.24,3.65,False,sh600383,1.6917
20250416,20.84,0.8619,-1.2,20.66,False,sh603988,1.0427
20240926,15.58,0.9197,9.76,15.44,False,sh603515,1.6585
20250714,37.16,0.0455,4.63,37.14,False,sh688716,3.2671
20250722,133.39,2.2422,2.85,130.47,False,sh688271,2.1046
20240903,3.46,3.4122,-5.78,3.35,False,sh600130,5.7764
20250624,26.79,2.1324,2.61,26.23,False,sh605305,1.1981
20250708,18.55,0.508,1.08,18.46,False,sh688126,0.9624
20240802,7.56,1.6026,0.13,7.44,False,sh600267,3.1688
20240904,2.87,0.0834,-1.74,2.87,False,sh601818,0.978
20250904,6.18,0.5546,2.43,6.15,False,sh605366,0.682
20240930,6.66,7.6886,-4.2,6.18,False,sh603011,5.3218
20251031,77.08,0.9759,8.78,76.34,False,sh688168,1.6172
20240925,6.71,0.0761,6.41,6.7,False,sh600229,2.1894
20240926,3.59,0.2467,8.36,3.58,False,sh601678,2.7319
20240805,20.56,0.0357,3.65,20.55,False,sh603822,1.2654
20260112,25.15,0.7619,3.9,24.96,False,sh688395,1.4676
20240904,8.82,3.2497,-1.25,8.54,False,sh603196,1.8747
20250630,25.28,0.4035,-0.97,25.17,False,sh603324,2.0208
20251217,75.33,3.3559,9.15,72.88,False,sh603124,2.4995
20240927,0.11,3.0606,0.91,0.11,False,sh900921,4.1604
20250710,12.12,1.6516,1.65,11.92,False,sh603890,2.5235
20250624,27.63,1.0393,10.97,27.35,False,sh605128,1.177
20240730,13.25,1.2394,-4.0,13.09,False,sh603738,0.8683
20251009,21.01,0.1466,0.48,20.98,False,sh603210,0.8494
20250730,92.58,0.3299,0.32,92.28,False,sh688368,2.5266
20250722,187.5,0.3822,10.07,186.79,False,sh688012,1.6148
20250624,13.23,1.6285,1.13,13.02,False,sh603739,0.5798
20251208,58.78,0.3591,5.48,58.57,False,sh688788,1.0422
20250806,11.77,0.6218,3.99,11.7,False,sh605166,3.3103
20240930,6.22,5.8859,0.16,5.87,False,sh600353,3.8037
20250724,15.6,1.9697,0.77,15.3,False,sh688575,2.5346
20240927,6.77,1.4667,0.59,6.67,False,sh600330,2.0205
20251015,29.96,3.0747,-1.47,29.07,False,sh603109,1.3777
20250630,78.67,0.4144,-0.66,78.35,False,sh688622,1.2836
20250806,35.1,0.6774,2.02,34.86,False,sh688516,1.152
20240927,9.62,1.6353,-2.18,9.47,False,sh600004,2.2828
20240927,6135.24,2.3973,0.84,5991.6,False,sh000811,1.5821
20260115,17.84,2.4826,2.97,17.41,False,sh603276,1.7283
20250707,13.88,0.0589,-0.79,13.87,False,sh603711,1.5816
20251128,22.9,2.3757,-8.73,22.37,False,sh688669,0.853
20240829,0.19,0.4816,0.52,0.19,False,sh900947,0.4634
20240930,14.09,3.0008,-5.54,13.68,False,sh603239,3.8071
20250702,4.8,1.0271,3.13,4.75,False,sh601598,2.7854
20250715,21.01,2.2903,1.05,20.54,False,sh688289,2.4292
20240731,4683.33,1.3766,-6.89,4619.74,False,sh000993,1.1603
20240930,6.56,8.5386,-5.03,6.05,False,sh600335,4.2257
20240910,0.4,0.2652,1.51,0.4,False,sh900909,0.3357
20240927,15.4,3.4277,1.04,14.89,False,sh601137,1.2604
20250624,13.87,0.7341,4.11,13.77,False,sh688323,1.0201
20250722,11.68,1.0636,0.0,11.56,False,sh603408,1.5543
20240827,19.88,1.7699,4.93,19.53,False,sh600062,1.7238
20240926,3489.86,1.1051,12.22,3451.71,False,sh000044,1.8813
20240730,9.2,1.3796,-2.93,9.07,False,sh600505,0.8301
20250806,140.13,0.6565,-1.16,139.22,False,sh688017,2.124
20250626,90.02,0.1253,1.38,89.91,False,sh688190,1.4306
20240903,21.35,3.8412,3.79,20.56,False,sh600482,2.544
20240902,33.2,0.3155,-4.97,33.1,False,sh603393,1.4316
20251209,19.01,0.0952,14.36,18.99,False,sh603121,2.3333
20240911,5.55,0.2241,-5.76,5.54,False,sh600682,3.8857
20250718,40.79,0.1621,2.43,40.72,False,sh688259,0.9961
20240930,4.1,6.1095,-3.41,3.87,False,sh600965,4.3849
20250801,44.08,4.9738,0.43,41.99,False,sh688390,2.5589
20240731,7.04,0.7819,-2.13,6.98,False,sh603609,0.7354
20260105,28.48,1.0544,6.99,28.18,False,sh688217,3.334
20240830,3.61,1.4686,-4.71,3.56,False,sh600156,5.0714
20240809,12.95,0.2328,-0.31,12.92,False,sh603320,0.3033
20240926,4697.73,4.5205,9.74,4494.55,False,sh000170,2.1878
20240925,24.31,0.84,19.0,24.11,False,sh601633,1.7072
20240905,5.62,4.4642,-7.47,5.38,False,sh600135,2.5563
20240926,1.83,0.0,12.01,1.83,False,sh603077,1.8903
20240923,1.17,0.9128,61.54,1.16,True,sh600881,4.0113
20240906,124.61,0.0195,-6.66,124.58,False,sh601799,1.5868
20240925,2.77,1.6452,7.58,2.73,False,sh601003,2.8156
20240927,9.93,5.0214,-4.03,9.46,False,sh600452,1.5197
20240927,33.77,7.1884,2.72,31.5,False,sh603039,1.2252
20240924,4.04,0.6887,26.73,4.01,True,sh600728,1.9168
20250711,4.81,0.2101,0.0,4.8,False,sh688469,1.7372
20260210,25.44,0.9804,4.6,25.19,False,sh603076,2.5675
20240731,14.23,0.9407,-3.51,14.09,False,sh600104,0.9826
20240930,3.49,5.4958,-1.72,3.31,False,sh600979,4.4548
20240905,13.69,0.0451,-0.88,13.68,False,sh603615,0.6621
20251229,20.4,3.8675,-2.99,19.64,False,sh688722,2.6432
20240730,8.69,9.5988,6.1,7.93,False,sh600463,5.7873
20240807,10.68,1.5526,-5.71,10.52,False,sh600230,3.4402
20240930,1534.65,6.429,-6.05,1441.95,False,sh000122,3.7641
20251106,46.29,0.1124,-2.44,46.24,False,sh688591,0.732
20250711,57.89,0.3146,0.45,57.71,False,sh689009,0.8493
20251010,15.97,1.7116,1.0,15.7,False,sh601033,1.243
20240924,5571.65,0.6799,23.83,5534.02,True,sh000911,1.7007
20250625,48.23,0.4736,2.59,48.0,False,sh688268,1.13
20250721,18.61,1.6496,-2.31,18.31,False,sh603310,1.8816
20240927,28.25,0.7408,-0.53,28.04,False,sh603816,1.8339
20260130,26.53,0.6036,0.57,26.37,False,sh605028,0.6288
20240806,16.42,1.8245,-0.61,16.13,False,sh600587,0.72
20251103,7.69,4.2747,-9.49,7.37,False,sh600735,0.2882
20250725,35.0,0.1765,0.83,34.94,False,sh688475,1.1162
20241227,50.39,2.4843,-5.42,49.17,False,sh603991,0.7949
20250714,31.64,1.7962,16.06,31.08,False,sh688226,1.4728
20240924,15.16,0.3358,19.46,15.11,False,sh603858,2.1988
20240930,13.35,8.1979,-2.32,12.34,False,sh603025,3.0087
20240819,3.03,0.0303,-6.93,3.03,False,sh600734,1.1776
20251009,7.56,0.7978,2.25,7.5,False,sh605066,1.1678
20240801,8.47,0.6885,-1.18,8.41,False,sh603311,0.9303
20250624,14.57,3.2991,-1.99,14.1,False,sh600955,12.2782
20250725,26.07,0.8687,2.45,25.85,False,sh688312,1.3363
20250923,7.26,1.7332,-1.38,7.14,False,sh601398,1.4512
20251022,14.77,1.8141,-0.14,14.51,False,sh688488,0.9523
20240927,69.03,1.5919,-0.84,67.95,False,sh600600,2.5253
20240801,5.56,1.44,-4.31,5.49,False,sh603111,1.9552
20260122,18.2,0.1665,-1.48,18.17,False,sh688026,0.8185
20240924,0.48,1.5028,24.43,0.47,True,sh900915,2.2283
20240927,30.99,1.4937,7.81,30.53,False,sh600329,1.3843
20251015,170.79,1.22,0.8,168.73,False,sh688068,1.2241
20240807,17.27,0.345,2.9,17.21,False,sh600803,0.8768
20240926,16.25,1.2788,13.82,16.04,False,sh603888,2.0725
20250929,22.75,0.6121,-6.64,22.61,False,sh688658,0.7079
20240930,8.85,6.2154,-3.28,8.33,False,sh600283,6.2119
20260109,45.19,1.9467,1.31,44.33,False,sh603173,1.2295
20240930,20.81,7.5943,-8.94,19.34,False,sh603208,4.547
20240926,3012.28,2.5356,6.1,2937.79,False,sh000825,1.8194
20240926,1453.56,1.0584,7.64,1438.34,False,sh600519,2.6219
20240731,18.8,2.618,-4.41,18.33,False,sh600030,2.0879
20260227,21.94,0.4157,-6.61,21.85,False,sh688371,0.8355
20251020,12.72,1.2786,3.38,12.56,False,sh688616,0.7391
20241008,15.93,0.2021,-14.63,15.9,False,sh600557,3.9839
20240930,17.24,0.1579,-6.15,17.21,False,sh601699,3.8036
20240924,1.95,2.8074,24.62,1.9,True,sh600981,2.3711
20240927,7.55,0.9662,0.53,7.48,False,sh603177,1.9695
20250917,54.53,3.3481,-2.97,52.76,False,sh603596,1.9398
20260119,10.14,2.5226,-0.2,9.89,False,sh603725,2.4181
20251110,8.8,0.5915,-1.59,8.75,False,sh601236,0.5667
20250707,20.81,0.4869,1.63,20.71,False,sh688569,1.4048
20250630,20.47,2.8323,-2.1,19.91,False,sh601698,2.0129
20240731,6.0,1.179,-0.83,5.93,False,sh600628,2.0954
20240731,6.63,0.5701,1.81,6.59,False,sh600865,1.4291
20240924,5.68,1.7186,13.92,5.58,False,sh600018,1.2062
20240930,3.6,7.0685,1.11,3.36,False,sh600782,2.8901
20260225,19.95,0.0568,-8.17,19.94,False,sh688670,0.3237
20240927,6.22,2.1126,7.08,6.09,False,sh600531,1.4342
20240812,10.67,1.3532,-3.56,10.53,False,sh600056,3.7653
20260126,25.55,11.8917,-15.46,22.83,False,sh688317,8.047
20240927,6.08,3.2408,12.18,5.89,False,sh600256,1.6411
20240913,17.91,0.4886,4.97,17.82,False,sh601607,0.9286
20240926,3.76,0.1154,7.18,3.76,False,sh600405,0.8812
20240927,6.8,1.0337,0.88,6.73,False,sh603020,2.0562
20240925,1.39,1.7831,12.96,1.36,False,sh600162,3.6694
20250825,5.73,0.6691,-0.7,5.69,False,sh688223,1.5378
20250702,3.06,1.8388,-1.31,3.0,False,sh601828,4.3045
20240731,5.56,1.5362,-3.96,5.48,False,sh600428,1.1935
20250718,6.27,2.7932,-1.44,6.1,False,sh601665,1.7327
20240930,3.75,10.1265,-3.73,3.41,False,sh603797,5.5846
20240926,4.76,1.7635,8.4,4.68,False,sh600235,1.8914
20250729,17.0,2.7092,11.18,16.55,False,sh600933,2.8464
20250929,10.1,0.1802,-0.5,10.08,False,sh605567,0.8456
20250724,13.82,0.1692,-1.59,13.8,False,sh688389,1.9094
20250905,20.5,1.7799,-1.46,20.14,False,sh688570,1.0357
20250714,8.94,0.2636,1.01,8.92,False,sh603912,4.0565
20240923,1.18,1.7388,26.27,1.16,True,sh601929,3.7247
20240924,6.29,1.5487,15.58,6.19,False,sh600356,1.5128
20240801,5.28,2.3008,5.3,5.16,False,sh600851,2.7558
20251125,20.04,0.9759,3.49,19.85,False,sh603215,1.4159
20240927,5.05,0.917,2.97,5.01,False,sh600998,0.9434
20250624,26.33,3.3975,-2.16,25.46,False,sh603895,2.0849
20240731,0.3,1.6342,-4.36,0.29,False,sh900924,3.8542
20240924,6.6,7.0082,39.7,6.17,True,sh600318,3.4926
20250724,20.4,2.1276,-2.99,19.98,False,sh601136,2.2875
20240930,3.89,7.3251,5.14,3.62,False,sh600186,3.8682
20240926,7.4,1.7701,14.47,7.27,False,sh600528,2.591
20240830,6.78,1.0179,0.15,6.71,False,sh601179,2.1854
20240927,7544.73,4.6812,4.44,7207.34,False,sh000814,2.0155
20251127,53.48,0.2356,1.55,53.35,False,sh688513,0.4791
20240925,3.13,2.1902,6.39,3.06,False,sh601599,1.7498
20241107,30.34,1.6549,-5.41,29.85,False,sh600566,1.277
20250624,19.77,3.1662,0.2,19.16,False,sh605100,1.5093
20250626,13.89,0.2097,1.08,13.86,False,sh605300,0.4761
20251010,26.42,1.1605,-9.8,26.12,False,sh688089,1.3455
20241107,7.06,0.3803,-4.39,7.03,False,sh600201,1.174
20251201,16.15,1.6629,-1.24,15.89,False,sh603511,1.1981
20240821,3.39,2.4092,-4.42,3.31,False,sh600386,0.7526
20240802,24.97,4.593,-10.05,23.87,False,sh600118,6.1706
20251015,7.99,0.0829,1.75,7.98,False,sh603321,0.783
20240930,5.24,1.2647,-4.77,5.17,False,sh603869,4.1847
20250729,75.98,0.3902,-2.2,75.68,False,sh688123,2.1206
20251128,23.67,0.9127,-1.23,23.46,False,sh603192,0.4216
20240927,17.25,3.0646,3.25,16.74,False,sh600262,1.3263
20240930,2594.73,3.6783,-3.22,2502.67,False,sh000908,3.5394
20240930,6.32,0.2396,-7.59,6.31,False,sh601636,3.1956
20250924,48.0,0.1746,5.75,47.92,False,sh688212,1.0646
20240926,8.2,3.5659,7.32,7.92,False,sh600153,4.3831
20250624,13.9,4.1624,2.73,13.34,False,sh688588,1.9065
20240930,12.62,5.5272,-3.49,11.96,False,sh603538,5.2911
20240926,2.97,2.3138,8.08,2.9,False,sh600960,1.9846
20251016,18.62,7.1439,3.92,17.38,False,sh688758,7.1881
20250807,65.85,2.0547,2.51,64.52,False,sh688691,2.2257
20240930,12.38,0.6791,-1.13,12.3,False,sh603308,3.5687
20240808,6.58,0.3645,-0.76,6.56,False,sh601006,0.5454
20240731,44.12,3.7546,1.16,42.52,False,sh600763,1.6265
20240930,9.32,4.6711,-12.23,8.9,False,sh600884,4.1393
20240927,4.56,3.0955,5.7,4.42,False,sh601886,1.0041
20250625,36.34,1.3503,-2.83,35.86,False,sh688071,0.7013
20240911,84.52,0.9259,-1.18,83.74,False,sh600563,1.4756
20240913,5.04,0.8677,20.04,5.0,True,sh603421,5.3552
20250905,13.36,0.005,-1.57,13.36,False,sh603693,0.8843
20240923,3.27,2.4463,39.76,3.19,True,sh600657,1.9056
20240926,7.53,1.1662,12.35,7.44,False,sh600879,1.5481
20251124,33.0,5.1424,-0.79,31.39,False,sh688345,1.5855
20240731,0.71,0.857,-1.12,0.71,False,sh900942,2.682
20240926,7.68,1.2728,12.63,7.59,False,sh601901,3.2407
20240731,5.6,1.7698,-2.86,5.5,False,sh600619,2.0239
20240927,16.04,6.3525,2.99,15.08,False,sh603108,1.4134
20250707,17.5,0.1042,1.71,17.48,False,sh603273,0.7935
20240813,17.82,0.029,-3.59,17.81,False,sh600183,0.583
20251127,28.99,1.9961,-1.1,28.42,False,sh688558,1.8165
20240813,13.81,0.145,-5.07,13.79,False,sh600487,0.4503
20240801,3.79,0.6261,-2.37,3.77,False,sh600854,0.9282
20240926,5.85,2.0393,2.56,5.73,False,sh600029,2.2452
20240828,2658.97,0.0329,-4.11,2658.1,False,sh000041,1.0193
20240924,3.9,1.2352,23.59,3.85,True,sh600500,2.1318
20240808,11.52,0.4702,6.68,11.47,False,sh601098,1.1089
20250801,13.21,0.3946,4.84,13.16,False,sh603917,0.4246
20250716,88.55,0.1503,4.47,88.42,False,sh688326,0.9171
20250804,10.2,1.3035,0.1,10.07,False,sh601963,1.1982
20240927,10.25,2.5453,-0.2,10.0,False,sh603776,1.3312
20240919,9.63,3.6422,13.71,9.29,False,sh603958,2.0516
20240731,1.76,1.5968,-3.99,1.73,False,sh600067,0.7264
20240918,0.26,7.0546,2.69,0.24,False,sh900910,9.8288
20251128,12.27,2.1075,-1.3,12.02,False,sh603221,0.9673
20251021,60.08,1.0794,22.0,59.44,True,sh688359,1.3491
20250630,52.01,0.0744,-6.5,51.97,False,sh688290,0.8447
20240930,23.32,7.1602,-5.1,21.76,False,sh600362,3.5908
20250626,54.49,5.5588,-5.56,51.62,False,sh688023,3.222
20240924,26.93,1.9358,16.15,26.42,False,sh600605,1.6707
20240930,4.91,2.1586,0.2,4.81,False,sh603969,4.7852
20251222,22.04,2.194,-6.53,21.57,False,sh688613,3.308
20240930,17.62,2.5208,-2.33,17.19,False,sh600301,2.7173
20240823,10.56,2.853,26.52,10.27,True,sh600552,2.0387
20240812,1.45,1.5406,5.52,1.43,False,sh600666,0.1644
20240926,9.62,3.0898,9.67,9.33,False,sh600848,2.2049
20240930,4.17,2.0371,-4.32,4.09,False,sh600035,3.1053
20250630,4.78,0.2694,2.78,4.76,False,sh603176,0.3453
20240930,4872.62,5.1589,-4.05,4633.58,False,sh000820,3.9146
20240809,13.83,2.8412,-11.86,13.45,False,sh603139,2.9434
20240925,9.48,0.2538,9.18,9.46,False,sh603339,1.9814
20250701,10.71,0.1961,-2.52,10.69,False,sh603871,1.9054
20241024,1.54,0.2332,22.08,1.54,True,sh603377,2.06
20240930,8.5,2.1936,-2.47,8.32,False,sh600101,2.5655
20251119,38.28,0.4057,9.98,38.13,False,sh688117,1.0404
20240924,4.75,1.833,19.16,4.66,False,sh600731,0.9776
20250625,32.63,0.4434,0.67,32.49,False,sh688090,1.2846
20240927,7.19,4.2848,-0.14,6.89,False,sh600218,2.5421
20250625,17.92,1.1908,-2.06,17.71,False,sh603995,2.5032
20260130,59.18,0.2059,-19.28,59.06,False,sh688159,2.3043
20240930,6.2,1.7566,-2.9,6.1,False,sh600582,3.5796
20251217,47.1,0.192,1.15,47.01,False,sh601606,0.4387
20250804,22.58,1.3916,9.3,22.27,False,sh605319,2.3332
20240830,15.14,0.986,-1.98,14.99,False,sh603638,3.5995
20241107,28.7,3.2148,-5.89,27.81,False,sh600129,1.4157
20250630,67.91,1.2181,-2.5,67.09,False,sh688095,1.2996
20240806,5.26,0.7963,2.28,5.22,False,sh600167,1.2496
20250725,90.32,0.8941,-3.52,89.52,False,sh603297,1.4567
20221205,3211.81,0.8574,-1.02,3184.51,False,sh000001,1.4136
20240730,7.91,0.4222,4.05,7.87,False,sh601198,0.8189
20251023,37.53,1.7852,5.09,36.87,False,sh688112,0.8671
20240927,2694.97,0.5391,5.31,2680.52,False,sh000141,1.6409
20240927,2.3,0.1706,-1.74,2.3,False,sh600400,2.0841
20250624,40.0,0.1423,1.07,39.94,False,sh688416,1.3978
20250114,8.31,1.2386,-1.68,8.21,False,sh600757,0.9379
20240920,5.78,0.3211,24.57,5.76,True,sh601555,1.07
20251015,18.25,0.1679,-0.22,18.22,False,sh605005,0.5448
20251124,44.81,7.5065,12.92,41.68,False,sh688171,0.7962
20260226,46.02,3.0862,-9.97,44.64,False,sh603373,3.1091
20251021,43.8,1.1434,-3.26,43.3,False,sh688458,1.0683
20241028,7.87,3.2842,-2.41,7.62,False,sh600719,1.1048
20240927,16.3,3.3723,4.11,15.77,False,sh603008,1.1819
20240927,6.6,3.7111,-0.91,6.36,False,sh601801,1.048
20250825,48.17,0.2659,2.53,48.04,False,sh688522,1.6784
20240927,2.65,1.0615,-1.51,2.62,False,sh600984,2.9059
20250716,15.17,0.3257,-0.33,15.12,False,sh603209,0.2946
20240731,8.87,1.0477,-6.43,8.78,False,sh600663,1.4555
20240925,2.47,1.2157,30.77,2.44,True,sh601106,2.8305
20240926,0.14,2.7759,17.73,0.14,False,sh900938,4.8646
20250627,33.9,0.7355,-1.0,33.65,False,sh688045,1.9541
20250624,20.9,1.291,0.72,20.63,False,sh605266,0.4609
20240920,13.87,2.6027,14.2,13.52,False,sh600053,6.3554
20250710,13.02,7.102,0.08,12.16,False,sh603439,7.2512
20250722,6.83,3.9139,-4.25,6.57,False,sh601918,4.8625
20250708,22.2,0.4809,-1.94,22.09,False,sh603097,1.1468
20240927,7859.03,2.9777,4.78,7631.78,False,sh000808,2.2903
20240927,6421.16,1.4009,4.86,6332.45,False,sh000075,1.4669
20250106,11.41,0.3555,2.72,11.37,False,sh603225,1.9147
20240930,11.05,6.7238,-6.15,10.35,False,sh600367,3.9691
20240927,8.58,0.2005,-2.1,8.56,False,sh600860,1.877
20250624,10.97,2.7167,2.82,10.68,False,sh605228,1.0822
20250625,20.04,0.0982,0.55,20.02,False,sh688295,0.9767
20240731,4.85,0.8854,-1.24,4.81,False,sh600787,1.5697
20250908,21.77,4.0482,5.14,20.92,False,sh603477,2.288
20240927,15.97,2.8061,0.5,15.53,False,sh603096,1.1447
20250822,16.69,0.9099,-4.13,16.54,False,sh603110,3.2873
20250630,3.0,0.9478,1.33,2.97,False,sh601399,0.8152
20240926,1143.57,0.51,13.51,1137.77,False,sh000846,1.8915
20250725,23.43,2.8816,2.56,22.77,False,sz003005,3.0631
20240930,7.1,6.6373,-7.61,6.66,False,sz002381,4.0441
20240919,2.94,1.112,0.34,2.91,False,sz000692,2.5437
20240925,53.1,1.8711,27.17,52.13,True,sz300347,2.2135
20240925,4.89,2.3423,7.57,4.78,False,sz000421,2.5057
20240926,9160.71,0.9469,12.07,9074.78,False,sz399648,1.9304
20240925,2.26,1.4813,11.53,2.22,False,sz002132,1.7493
20260413,4.95,2.2851,-5.66,4.84,False,sz300072,0.5435
20250916,41.15,0.9191,-9.02,40.78,False,sz301270,1.3809
20240807,7.58,3.7784,17.43,7.3,False,sz300493,0.8533
20250107,7.68,0.8845,-0.65,7.61,False,sz002098,0.7396
20251219,25.83,4.9865,-2.52,24.6,False,sz001368,1.3399
20250624,16.08,0.5466,4.98,15.99,False,sz301127,1.215
20240924,1985.69,3.6032,53.63,1916.63,True,sz399805,2.499
20240930,3.82,3.9503,-6.81,3.67,False,sz002702,3.3414
20240923,9.27,0.9795,14.02,9.18,False,sz002265,1.4551
20240919,11.77,0.2153,13.17,11.74,False,sz000776,1.3043
20240821,8.22,0.6658,-7.91,8.16,False,sz300539,5.2285
20251215,14.45,0.5987,3.46,14.36,False,sz002963,0.8223
20240731,2.62,2.3404,12.21,2.56,False,sz300010,2.2756
20251225,42.14,1.613,12.36,41.47,False,sz001326,1.3771
20240930,5.23,4.8042,-5.16,4.99,False,sz002478,6.8101
20240926,19.66,1.0972,11.95,19.44,False,sz000738,1.5814
20240927,6911.19,3.792,6.51,6658.7,False,sz399551,2.4279
20240731,17.78,1.3881,-3.99,17.54,False,sz300577,1.7318
20251024,49.67,2.4993,0.28,48.46,False,sz001212,0.423
20240927,53.89,5.6323,7.48,51.02,False,sz300124,2.8013
20240926,3.87,0.113,7.49,3.87,False,sz002678,0.9321
20250624,52.72,2.0629,7.36,51.66,False,sz301369,2.0804
20250625,20.18,2.0221,-2.92,19.78,False,sz300738,2.0105
20240808,2.83,0.7446,3.53,2.81,False,sz002485,0.6423
20240927,17.46,4.9875,7.04,16.63,False,sz300443,2.3097
20251020,12.39,2.208,11.7,12.12,False,sz000823,0.6343
20240930,12.15,4.5274,-0.82,11.62,False,sz002351,3.2157
20240930,10.15,11.0838,17.14,9.14,False,sz300397,4.5572
20251009,9.58,1.6221,-1.36,9.43,False,sz300891,0.5826
20240814,10.57,1.1326,-2.08,10.45,False,sz002655,1.3222
20240930,13.58,8.1114,-4.42,12.56,False,sz002006,3.7354
20260109,86.05,2.0282,-5.8,84.34,False,sz302132,2.8608
20251124,52.77,3.3191,6.77,51.07,False,sz301070,1.02
20250624,9.83,2.5463,-1.83,9.59,False,sz300715,0.9643
20240730,8.03,0.6045,4.23,7.98,False,sz002561,3.34
20240930,16.03,2.6638,0.75,15.62,False,sz002835,2.9337
20240731,12.61,3.1519,-5.31,12.23,False,sz002048,1.6806
20240925,3.4,0.4646,7.05,3.39,False,sz002181,2.6255
20240926,30.16,0.9157,15.48,29.89,False,sz000988,1.6769
20260402,8.63,0.0938,-3.82,8.62,False,sz300692,2.199
20240930,8.82,5.3485,-4.88,8.37,False,sz000039,3.0728
20250904,14.27,1.0916,2.73,14.12,False,sz300970,1.2894
20240927,7409.61,4.1144,3.5,7116.79,False,sz399403,2.2696
20240924,4.27,2.8063,23.87,4.16,True,sz300425,6.7652
20240926,6375.89,3.0725,12.39,6185.83,False,sz399399,1.9062
20240927,12.23,0.749,21.5,12.14,True,sz300142,3.811
20240926,9.38,1.4328,4.9,9.25,False,sz002184,2.5692
20250624,41.41,2.1877,1.4,40.52,False,sz301512,1.8187
20250922,19.48,0.6714,-1.28,19.35,False,sz300710,1.9829
20240926,4.04,1.9083,9.16,3.96,False,sz002337,1.3707
20250708,12.85,0.6784,-0.39,12.76,False,sz301288,0.6465
20240927,3.31,4.0226,-0.6,3.18,False,sz000510,1.9229
20250811,34.9,0.2421,25.76,34.82,True,sz300408,0.961
20251029,48.3,2.2669,-4.93,47.23,False,sz301571,4.3401
20240924,12.48,2.9328,19.55,12.12,False,sz002507,2.215
20240926,22.17,0.7373,9.11,22.01,False,sz000869,3.2435
20240926,9.82,4.3878,-0.2,9.41,False,sz000014,2.7131
20251020,29.81,0.1809,3.86,29.76,False,sz301322,0.3872
20240927,3.52,0.4686,1.99,3.5,False,sz002060,2.4131
20240925,2.34,1.9793,8.55,2.29,False,sz000573,2.0318
20240801,6.89,0.9191,4.06,6.83,False,sz002633,0.7498
20240930,1.65,5.9816,0.0,1.55,False,sz200055,5.6301
20240806,4.84,1.4191,3.72,4.78,False,sz300215,0.8458
20250626,44.78,2.4369,1.2,43.72,False,sz300913,2.891
20240919,5.93,2.3325,5.9,5.79,False,sz002549,2.4807
20240927,2241.56,5.8334,5.69,2118.01,False,sz399233,2.1998
20241008,18.91,7.9598,-14.54,17.51,False,sz300321,5.3111
20260115,35.03,1.5247,6.62,34.5,False,sz301258,1.6137
20240809,14.17,0.8122,-6.63,14.06,False,sz000913,1.1407
20250708,24.17,5.0449,-1.2,23.01,False,sz300827,2.8187
20240927,1788.38,6.3822,7.11,1681.09,False,sz399660,2.919
20240927,8.12,2.6051,3.2,7.91,False,sz000409,2.4632
20240927,6086.6,1.9074,0.05,5972.68,False,sz399987,3.0044
20251014,8.36,1.4378,-1.32,8.24,False,sz002966,1.5539
20251124,16.56,0.8306,1.21,16.42,False,sz300869,0.577
20240731,10.97,17.4089,21.7,9.34,True,sz300192,6.0762
20241129,4.57,9.858,7.88,4.16,False,sz002154,3.2221
20240924,9.89,2.4022,60.16,9.66,True,sz300608,1.358
20250708,65.18,2.0297,8.16,63.88,False,sz300624,2.2131
20240812,8.25,1.8162,-8.0,8.1,False,sz000710,1.6195
20240927,5.23,1.4533,10.52,5.16,False,sz002599,2.4771
20251230,11.62,9.2996,-4.73,10.63,False,sz002905,1.9462
20251027,60.08,1.2768,-3.23,59.32,False,sz301141,0.7033
20260408,51.8,0.1532,3.55,51.72,False,sz301468,1.7988
20240806,13.58,0.5093,-2.13,13.52,False,sz300342,0.9585
20240801,6.26,0.4944,-9.82,6.22,False,sz000697,2.4332
20250604,29.9,0.9251,4.85,29.63,False,sz002384,1.3295
20240815,3.75,1.6054,0.53,3.69,False,sz300076,3.517
20250124,8.95,1.0158,1.45,8.86,False,sz002461,0.9321
20240826,2.47,0.213,-4.45,2.46,False,sz000415,0.5569
20240930,9.32,0.4707,-0.11,9.28,False,sz002106,2.673
20251114,45.08,0.086,1.11,45.04,False,sz300875,1.0253
20251224,185.3,4.5295,-4.32,177.27,False,sz301590,2.6115
20240927,38.43,4.8221,11.45,36.66,False,sz300373,2.5142
20250801,25.89,0.9006,-1.04,25.66,False,sz300792,2.0046
20240920,4.99,6.5671,3.6,4.69,False,sz002148,3.151
20240930,9.8,2.6572,-3.88,9.55,False,sz000096,1.4239
20240930,5.66,9.1997,-6.18,5.18,False,sz002585,3.7426
20250624,16.64,0.8734,4.57,16.5,False,sz002919,1.2034
20240816,7.46,0.0212,-5.09,7.46,False,sz300543,3.9681
20250801,31.88,0.0129,7.69,31.87,False,sz300816,0.6993
20240927,10.63,2.5476,10.25,10.37,False,sz002778,1.6418
20250811,6.44,1.1293,2.95,6.37,False,sz300296,1.5442
20240927,10.56,6.3141,14.39,9.93,False,sz300024,4.495
20241028,3.22,2.8015,4.04,3.13,False,sz002251,1.6008
20250724,52.87,0.3561,0.61,52.68,False,sz300676,1.8902
20251022,17.68,2.7668,-0.45,17.2,False,sz300858,5.5439
20240913,8.3,1.0942,9.4,8.21,False,sz002736,1.1783
20251218,22.98,0.3936,8.53,22.89,False,sz301113,1.0316
20240813,6.45,9.9369,3.72,5.87,False,sz300639,11.2327
20240816,9.62,3.9104,-9.46,9.25,False,sz300439,2.6081
20240930,10.06,6.4456,2.19,9.45,False,sz002536,4.0564
20240919,6.23,3.3825,11.72,6.03,False,sz000676,3.1242
20240731,7.12,0.1522,0.84,7.11,False,sz002365,1.5774
20240925,7.06,0.4913,12.03,7.03,False,sz002051,2.965
20240904,6.5,0.3074,-5.54,6.48,False,sz300097,1.5479
20240927,5201.67,4.2241,5.17,4990.85,False,sz399905,2.0165
20240927,3.79,3.9923,1.58,3.64,False,sz002602,2.1408
20260226,34.16,0.0015,-6.38,34.16,False,sz001268,0.8829
20240930,6.87,4.5238,-8.44,6.57,False,sz002198,4.6469
20240927,2.77,4.8217,5.05,2.64,False,sz300477,2.8332
20240924,3.92,0.3413,23.47,3.91,True,sz000638,0.9834
20250625,15.76,2.061,0.63,15.44,False,sz301069,1.8763
20240816,3.55,5.616,-12.68,3.36,False,sz300110,3.6194
20250624,27.89,0.6048,0.97,27.72,False,sz001226,0.9194
20240806,4.77,0.4549,0.99,4.74,False,sz000875,0.8232
20240801,2.34,7.0,-10.68,2.19,False,sz000008,2.6007
20250908,25.85,1.2381,1.28,25.54,False,sz300941,0.3705
20251231,21.53,1.3308,-3.07,21.25,False,sz002987,2.5728
20240927,2.59,2.1461,11.97,2.54,False,sz002348,2.0241
20240926,2.64,2.0421,16.67,2.59,False,sz300247,1.3706
20240910,20.04,3.2474,-10.18,19.41,False,sz002801,4.9629
20240925,13.23,3.3297,20.49,12.8,True,sz002555,2.4111
20250630,10.65,0.4507,0.56,10.6,False,sz301370,1.0264
20240730,10.19,2.2814,2.85,9.96,False,sz300593,1.3588
20240912,49.22,0.1214,2.68,49.16,False,sz002032,1.0153
20240903,8.39,1.5667,-2.38,8.26,False,sz000521,1.2278
20240930,13.8,8.3025,-6.81,12.74,False,sz002664,5.2184
20251020,26.75,2.9676,9.42,25.98,False,sz301041,1.7474
20240927,2005.32,1.6049,0.93,1973.65,False,sz399684,3.0598
20260109,18.76,0.7005,-2.72,18.63,False,sz301188,2.1986
20240930,9.32,11.7749,-5.26,8.34,False,sz300138,3.9758
20250729,57.71,1.0315,17.71,57.12,False,sz300724,1.2642
20240926,12.56,0.9991,1.11,12.44,False,sz000610,3.6036
20240820,2.12,3.1125,-1.41,2.06,False,sz002303,0.8128
20251125,68.13,0.3944,2.36,67.86,False,sz001389,1.2064
20240821,4.85,0.4626,-6.6,4.83,False,sz300176,2.4448
20240930,12.95,3.4503,-5.79,12.52,False,sz300411,3.0196
20240924,4792.53,4.3716,44.93,4591.79,True,sz399437,3.6271
20240927,9.93,1.3515,0.6,9.8,False,sz002780,1.7083
20240809,2.93,1.5129,-10.24,2.89,False,sz000509,5.4293
20241113,11.51,2.2156,0.0,11.26,False,sz002867,1.2034
20240905,2.54,0.25,-3.15,2.53,False,sz000813,1.083
20251111,30.95,7.7665,-13.7,28.72,False,sz300927,4.29
20240923,5.38,1.4775,18.03,5.3,False,sz300221,1.5402
20240930,11.06,11.9598,-2.89,9.88,False,sz300092,4.3282
20240830,18.56,0.1403,-6.09,18.53,False,sz002829,0.6498
20240930,5.42,8.2641,-5.17,5.01,False,sz002054,4.2984
20240930,5.17,3.6183,-3.29,4.99,False,sz002360,5.3191
20260109,51.7,2.6033,-4.99,50.39,False,sz301316,3.1991
20251110,25.69,0.7034,-3.31,25.51,False,sz300747,1.1473
20240731,9.12,2.2211,-6.36,8.93,False,sz002533,1.1317
20240731,1316.12,2.9816,-2.99,1278.01,False,sz399249,2.1542
20240823,11.97,3.8619,-8.1,11.52,False,sz000020,5.9279
20250624,67.19,8.6992,0.15,61.81,False,sz300969,6.0532
20250812,32.96,5.8231,20.12,31.15,True,sz003019,3.3538
20250624,28.71,0.7024,22.26,28.51,True,sz001359,1.7471
20240924,3.18,1.741,22.01,3.13,True,sz002160,1.4871
20240927,11.58,3.2974,3.97,11.21,False,sz002733,3.0425
20240731,8.38,3.5079,-1.67,8.1,False,sz000969,1.4988
20240930,12.32,4.9308,-6.41,11.75,False,sz002407,3.7678
20250724,20.72,0.7063,-1.35,20.57,False,sz002952,0.4575
20250807,31.25,3.0943,2.94,30.31,False,sz301091,2.1323
20240927,1989.23,6.4512,4.73,1868.68,False,sz399654,2.8418
20240801,7.03,1.4833,-5.41,6.93,False,sz002449,1.6415
20240926,2.51,2.6657,7.56,2.45,False,sz000927,2.2972
20260320,28.21,0.1352,6.91,28.17,False,sz300813,3.9687
20240904,6.55,0.8652,-2.6,6.49,False,sz002580,2.4294
20240926,4.47,0.8176,16.11,4.43,False,sz300315,1.5725
20240806,4.32,1.4819,8.1,4.26,False,sz000597,1.2526
20240823,2.87,6.751,-12.54,2.69,False,sz002084,5.9068
20240920,11.98,0.1453,10.35,11.96,False,sz300525,2.0697
20250625,120.97,1.3703,3.12,119.34,False,sz300870,2.2961
20240912,5.01,3.4429,4.99,4.84,False,sz002279,4.5038
20250625,5.11,0.5271,1.96,5.08,False,sz301175,0.7539
20251125,31.98,2.4836,-1.88,31.21,False,sz301388,1.0511
20240801,11.31,1.2206,-6.63,11.17,False,sz002237,1.0334
20251229,26.59,5.8667,-0.94,25.12,False,sz300773,4.7961
20240930,3.44,8.8407,-4.94,3.16,False,sz002354,1.8764
20250723,14.24,3.9985,0.98,13.69,False,sz300894,5.6527
20260407,31.06,0.647,-0.84,30.86,False,sz001259,0.8796
20240930,4.14,2.5239,-5.31,4.04,False,sz001896,4.4731
20250905,19.14,9.8817,10.03,17.42,False,sz301016,1.5492
20241024,2.03,4.2273,15.27,1.95,False,sz000609,2.1822
20240827,3.51,1.8498,-1.42,3.45,False,sz002480,3.9162
20240801,14.29,5.6386,-8.05,13.53,False,sz300446,2.7189
20250729,92.94,2.9932,-1.99,90.24,False,sz301191,2.7739
20250905,11.59,0.9531,2.5,11.48,False,sz001217,0.822
20240926,7.62,0.7032,11.41,7.57,False,sz300121,2.7969
20250701,11.05,0.0641,1.27,11.04,False,sz301058,0.9781
20240927,7.82,3.3125,-1.79,7.57,False,sz002853,2.2218
20240821,3.76,0.1465,-10.37,3.75,False,sz300276,5.0431
20251124,15.45,0.9498,5.95,15.3,False,sz300697,0.3915
20240731,5.34,4.5078,-5.62,5.11,False,sz002379,1.4257
20240926,10.12,2.8279,8.69,9.85,False,sz002830,1.1472
20240830,9.84,1.1912,-3.66,9.72,False,sz300238,3.0043
20241016,3.53,3.6584,13.31,3.41,False,sz002564,1.2163
20240830,2.33,2.7979,-9.01,2.27,False,sz002650,3.6833
20241206,12.24,0.2341,1.47,12.21,False,sz002003,0.8958
20240912,6.64,1.6703,2.71,6.53,False,sz002799,1.6835
20240926,8.23,2.3735,3.89,8.04,False,sz002203,2.0593
20240930,52.49,18.2978,17.62,44.37,False,sz300496,4.0121
20260106,54.97,0.1867,8.62,54.87,False,sz301275,1.8857
20240829,5.11,2.9723,-0.78,4.96,False,sz002137,3.1625
20250924,13.96,1.7613,-2.58,13.72,False,sz301088,0.7911
20240926,433.52,0.3284,15.4,432.1,False,sz399244,2.0597
20240819,3.66,8.5892,-23.5,3.37,False,sz300511,4.166
20240926,8.48,2.6148,11.67,8.26,False,sz000970,2.3894
20250930,48.6,5.8105,2.88,45.93,False,sz300844,1.5915
20251020,29.43,0.4226,4.45,29.31,False,sz002882,0.3595
20240828,35.6,1.5689,3.9,35.05,False,sz002179,1.8626
20250701,16.25,1.5734,2.03,16.0,False,sz001289,2.2127
20250722,12.85,1.0928,-1.63,12.71,False,sz003000,1.8591
20240930,11.35,8.7286,-2.82,10.44,False,sz300625,6.687
20240926,6638.15,3.8495,9.48,6392.08,False,sz399554,1.915
20260203,10.48,1.5578,9.83,10.32,False,sz002928,0.8104
20240807,12.37,0.3705,3.31,12.32,False,sz300572,1.3619
20260227,77.89,0.3459,4.26,77.62,False,sz301391,1.457
20240926,11.26,3.7721,34.9,10.85,True,sz300015,3.5666
20250722,28.41,0.311,3.74,28.33,False,sz001323,1.1379
20241120,12.92,0.8312,-3.79,12.81,False,sz002749,1.097
20251124,17.01,3.4179,10.05,16.45,False,sz301216,1.2892
20250624,21.18,3.5275,1.56,20.46,False,sz301122,2.4973
20240926,6.6,3.3349,6.06,6.39,False,sz002707,1.9499
20240925,1.49,0.0952,35.57,1.49,True,sz300197,2.7668
20240930,27.9,9.62,-0.65,25.45,False,sz002151,5.2983
20250625,31.1,0.078,-2.51,31.08,False,sz003028,1.7128
20250725,153.53,0.5846,-1.13,152.64,False,sz301589,1.1572
20250910,53.88,0.931,1.26,53.38,False,sz301213,0.5786
20240815,3.67,0.5239,-5.45,3.65,False,sz000958,1.0534
20240930,10.62,5.0255,-3.48,10.11,False,sz002436,2.5545
20240927,1729.7,3.4218,3.36,1672.47,False,sz399665,3.0238
20251021,42.3,0.9255,5.06,41.91,False,sz301169,1.0626
20240815,11.13,0.338,-5.75,11.09,False,sz300643,0.544
20240821,2.95,1.3194,-4.07,2.91,False,sz002685,0.4122
20240920,2.3,0.1706,15.65,2.3,False,sz300324,1.3031
20251225,220.38,0.003,0.09,220.37,False,sz399302,1.8808
20250815,19.92,0.3097,1.0,19.86,False,sz300822,2.598
20240930,42.06,13.6242,-1.81,37.02,False,sz300620,3.8413
20240927,35.92,0.6852,11.8,35.68,False,sz300073,1.841
20251219,9.37,1.798,0.53,9.2,False,sz002887,1.0056
20240808,6.9,8.0926,-2.32,6.38,False,sz002248,1.0815
20240731,17.42,3.3352,-2.81,16.85,False,sz000975,0.7615
20251124,22.5,0.4475,5.78,22.4,False,sz300988,0.603
20240930,14.3,9.3774,-5.94,13.07,False,sz300514,4.9404
20240926,8.1,0.3469,9.38,8.07,False,sz002761,2.6714
20240927,3.86,2.563,-0.26,3.76,False,sz002206,2.6494
20240926,4.05,0.2686,4.56,4.04,False,sz000715,2.0021
20240731,7.96,1.4939,-4.9,7.84,False,sz002455,0.8535
20250912,14.2,0.6997,-6.69,14.1,False,sz002900,0.6942
20240930,13.31,12.5209,-9.09,11.83,False,sz300109,4.8523
20251124,44.01,2.8032,8.07,42.81,False,sz301517,0.8753
20240919,10.96,0.1058,5.38,10.95,False,sz002332,1.1324
20240731,4.06,8.5949,107.64,3.74,True,sz300147,4.3355
20251103,17.01,0.3214,0.12,16.96,False,sz301559,0.5675
20251125,12.6,0.1033,0.63,12.59,False,sz300975,0.4641
20240927,11682.74,3.4479,2.56,11293.36,False,sz399406,1.9869
20240927,2.39,3.3085,6.28,2.31,False,sz300420,3.0972
20240808,49.59,3.3866,0.95,47.97,False,sz000538,2.4457
20240926,7.83,1.3844,20.05,7.72,True,sz002856,1.605
20240913,9.06,0.9293,-10.93,8.98,False,sz300210,4.9953
20240930,6.04,1.1034,-7.12,5.97,False,sz000822,5.1893
20250630,29.07,0.2293,-2.13,29.0,False,sz300916,1.4863
20240926,1028.81,2.557,12.69,1003.16,False,sz399236,1.4722
20240927,11.04,1.1159,1.45,10.92,False,sz002818,1.7481
20240924,4.76,0.8119,31.09,4.72,True,sz002065,1.771
20240927,6.26,0.0146,3.51,6.26,False,sz000576,2.3247
20251027,48.59,0.0848,0.84,48.55,False,sz001395,0.7956
20240801,6.44,0.1777,-4.97,6.42,False,sz002636,0.5825
20240927,4.38,0.5972,-0.68,4.35,False,sz002298,2.5292
20240802,8.21,3.9943,14.37,7.89,False,sz000011,12.2361
20250904,12.68,0.1956,3.08,12.66,False,sz300958,0.7576
20250625,50.68,0.3779,0.0,50.49,False,sz301327,1.7799
20250724,58.99,0.6086,4.85,58.63,False,sz300776,0.9048
20240912,8.73,4.8038,0.92,8.33,False,sz002649,0.9559
20240814,10.77,0.5986,-0.09,10.71,False,sz300115,1.0234
20251212,51.29,3.2013,-6.45,49.7,False,sz001223,1.3299
20240806,5.34,1.4518,-4.12,5.26,False,sz300472,2.1998
20250815,43.38,3.0432,-0.35,42.1,False,sz301291,5.3385
20250811,34.02,3.9565,2.41,32.73,False,sz301358,3.2533
20250624,38.5,0.0156,1.01,38.49,False,sz300709,1.0932
20240801,7.19,6.2732,8.48,6.77,False,sz000547,1.9639
20251015,35.02,2.0567,0.63,34.31,False,sz301022,0.6845
20240806,2.43,0.6142,-19.34,2.42,False,sz002607,4.1512
20240807,6.59,3.2727,20.79,6.38,True,sz002037,2.5831
20240925,8.77,0.6224,3.76,8.72,False,sz000524,1.8976
20240731,5.33,5.2228,2.25,5.07,False,sz002550,1.6495
20251124,5.54,0.4776,4.51,5.51,False,sz301526,0.436
20240927,26.4,1.1059,4.28,26.11,False,sz300596,1.8884
20240912,8.56,0.1421,-6.19,8.55,False,sz002079,5.0006
20250625,38.32,3.0108,-1.88,37.2,False,sz301568,2.6523
20250908,15.5,0.2131,1.94,15.47,False,sz002982,0.679
20240808,2.55,0.1735,0.0,2.55,False,sz000797,0.9565
20240807,7.14,0.409,-2.94,7.11,False,sz002284,0.7859
20240819,2.4,3.2443,-15.0,2.32,False,sz300242,2.4508
20240807,8.23,1.1582,-2.07,8.14,False,sz300611,0.3709
20240930,21.99,7.7356,-0.55,20.41,False,sz300042,3.1474
20240927,2169.46,5.4896,3.72,2056.56,False,sz399350,1.8303
20241008,3.94,6.3213,-16.5,3.7,False,sz300376,4.4964
20251113,40.75,2.2612,-9.94,39.85,False,sz301595,3.1366
20251124,16.25,2.5436,0.68,15.85,False,sz300797,0.5878
20240731,6.7,0.6737,-0.45,6.66,False,sz000410,1.7137
20240925,5.33,0.8213,5.07,5.29,False,sz002103,1.3915
20240927,4029.62,5.2986,5.7,3826.85,False,sz399679,2.4999
20240902,2.15,2.7193,9.77,2.09,False,sz300338,0.8083
20250730,17.34,5.5033,-1.04,16.44,False,sz002931,3.0235
20250807,11.58,0.1348,-0.86,11.56,False,sz301116,1.3317
20240806,1.75,1.9615,8.57,1.72,False,sz200706,4.2685
20260121,17.34,0.3419,-3.86,17.28,False,sz300994,1.4366
20240730,20.88,4.119,-0.81,20.05,False,sz300508,2.3921
20251020,29.28,1.6602,3.31,28.8,False,sz301222,0.3676
20240930,10.01,8.6577,-3.5,9.21,False,sz002254,5.0107
20250701,17.0,3.172,-4.88,16.48,False,sz300673,1.5407
20240816,3.58,4.1303,-1.96,3.44,False,sz300292,4.4594
20260407,24.33,2.4208,2.34,23.75,False,sz301158,0.5067
20251103,47.16,0.9773,-2.8,46.7,False,sz001317,1.0972
20240930,3.86,12.9223,0.52,3.42,False,sz300021,5.2609
20240815,11.36,0.2116,-6.34,11.34,False,sz300546,0.5394
20240927,1.99,2.2742,6.03,1.95,False,sz000709,2.0632
20241028,11.61,1.2955,-4.22,11.46,False,sz000922,1.9239
20250818,116.47,0.1315,7.01,116.32,False,sz301269,2.3481
20240816,4.04,0.5142,5.45,4.02,False,sz300310,3.1013
20240926,1348.08,0.6503,12.37,1339.37,False,sz399651,1.8953
20240927,10.36,0.2289,1.83,10.34,False,sz002402,2.3834
20240827,3.78,0.2111,-10.84,3.77,False,sz002398,10.8963
20260129,41.74,6.1499,0.98,39.32,False,sz300991,3.3123
20240731,3.44,2.6406,0.58,3.35,False,sz002165,0.6104
20240919,14.8,0.3373,26.76,14.75,True,sz002232,0.4817
20240926,7.62,1.1751,6.43,7.53,False,sz000721,3.9645
20251021,27.13,0.3109,4.5,27.05,False,sz301170,0.8348
20240731,9.73,1.1689,8.63,9.62,False,sz002755,0.9425
20240930,9.58,11.7752,-6.26,8.57,False,sz300009,5.7969
20240930,18.5,12.8622,-0.81,16.39,False,sz300520,4.3009
20240830,11.23,1.5248,5.52,11.06,False,sz000888,0.6393
20250624,41.37,3.6929,5.56,39.9,False,sz301459,0.5266
20240823,7.12,0.5959,1.26,7.08,False,sz300047,4.6098
20250625,47.69,0.4093,10.59,47.5,False,sz003031,0.9812
20240926,1.65,1.3047,9.09,1.63,False,sz000592,1.6907
20240926,3.19,4.7533,6.9,3.05,False,sz002081,3.1288
20251110,43.3,4.2101,-3.76,41.55,False,sz300888,2.3917
20240902,7.04,1.9557,-8.52,6.9,False,sz300414,4.7944
20240930,33.35,2.4197,-1.44,32.56,False,sz002281,2.8765
20240927,17.22,6.7488,-0.41,16.13,False,sz000792,2.1008
20240927,4076.07,8.1718,6.56,3768.14,False,sz399432,2.0685
20240927,3.8,2.7791,8.42,3.7,False,sz300173,2.4783
20250414,4.73,2.443,9.09,4.62,False,sz300209,1.2466
20250724,15.07,2.4119,-0.86,14.72,False,sz300721,1.214
20241014,1.77,1.4413,-1.41,1.75,False,sz000615,1.5736
20240927,2.82,0.1776,-3.19,2.82,False,sz002306,3.3072
20240731,4532.07,0.2954,-3.88,4518.72,False,sz399966,2.8269
20240919,7.6,1.1208,8.55,7.52,False,sz002661,0.866
20240927,822.0,1.4404,1.1,810.33,False,sz399681,2.3898
20250624,24.0,1.6924,0.0,23.6,False,sz301313,0.9499
20240926,125.99,2.273,14.03,123.19,False,sz000858,3.1986
20240925,14.15,0.0395,11.1,14.14,False,sz000025,2.1574
20260302,206.8,6.1961,-10.66,194.73,False,sz301489,2.0927
20250818,15.6,0.6473,-1.28,15.5,False,sz301027,1.4147
20240924,1.97,0.246,27.92,1.97,True,sz000816,1.8817
20250905,24.25,0.9371,0.58,24.02,False,sz300922,0.5012
20240927,2.78,0.1381,0.0,2.78,False,sz002578,2.4603
20240927,9.25,0.8288,8.65,9.17,False,sz300224,4.3803
20240731,25.46,0.4514,19.32,25.35,False,sz002785,1.216
20240731,9.66,0.5671,-2.51,9.61,False,sz002862,0.8395
20240930,62.07,1.6997,-14.79,61.03,False,sz300492,2.379
20240927,2636.75,3.2461,1.95,2553.85,False,sz399649,2.456
20240926,2.41,6.6067,0.83,2.26,False,sz002133,3.8971
20250624,18.74,0.5853,0.16,18.63,False,sz002886,0.7212
20250630,22.3,1.1579,-7.09,22.04,False,sz300840,3.3792
20240927,4161.98,5.1791,8.55,3957.04,False,sz399360,1.9244
20240815,22.0,0.2069,-4.28,21.96,False,sz300346,0.486
20240809,7.98,0.069,-6.39,7.97,False,sz300621,4.7822
20240813,28.34,0.2545,-3.5,28.27,False,sz300576,0.3029
20251028,11.39,0.6382,-0.18,11.32,False,sz301395,0.8761
20240926,6714.91,3.4633,10.18,6490.14,False,sz399550,1.9355
20240924,13.75,1.5667,26.32,13.54,True,sz000739,1.6115
20260130,44.18,0.8277,-0.43,43.82,False,sz301168,1.92
20240731,5.63,0.0874,-0.36,5.63,False,sz300011,1.551
20250625,15.51,1.5284,-2.26,15.28,False,sz002962,3.0575
20240927,15.41,3.135,3.31,14.94,False,sz300538,1.9813
20240815,15.9,2.7925,-13.27,15.46,False,sz000777,2.1724
20240927,5.3,1.0851,-6.98,5.25,False,sz002264,4.8925
20240927,1343.71,5.0726,2.72,1278.84,False,sz399804,1.9785
20240927,10.23,3.1047,4.3,9.93,False,sz300196,2.0086
20240927,11.6,2.086,10.26,11.36,False,sz002703,3.3162
20250624,10.78,1.1008,3.62,10.66,False,sz301126,0.9993
20240912,13.41,1.4289,0.3,13.22,False,sz002150,3.7298
20240902,5.64,0.9848,-4.26,5.59,False,sz002099,2.465
20241008,13.56,2.1548,-9.88,13.28,False,sz002299,4.9283
20251128,32.58,0.5605,-6.11,32.4,False,sz300890,0.5477
20241008,20.37,5.8512,-23.37,19.24,False,sz300396,3.4976
20250624,69.1,2.8553,17.68,67.18,False,sz301326,1.0548
20250908,35.7,0.2002,-1.65,35.63,False,sz300777,0.7468
20240802,8.46,0.1305,0.0,8.45,False,sz002637,0.777
20240926,13.42,1.0543,8.72,13.28,False,sz002484,1.4969
20240930,5.03,1.0649,-6.56,4.98,False,sz000539,4.952
20240926,7.38,0.8285,3.52,7.32,False,sz002679,1.6379
20250624,4.0,0.7855,1.03,3.97,False,sz001213,1.0152
20240926,53.18,0.308,25.03,53.02,True,sz002049,5.1525
20250624,16.4,0.2685,5.98,16.36,False,sz301516,1.9025
20260203,217.57,0.9075,0.46,215.61,False,sz301345,1.7106
20240815,3.35,0.1321,-7.77,3.34,False,sz000514,1.7252
20240930,17.21,6.9797,-9.41,16.09,False,sz002007,5.0948
20250929,79.58,0.1945,4.78,79.43,False,sz301622,0.5559
20240801,5.56,0.6912,16.37,5.52,False,sz002651,1.9906
20250630,48.8,0.8153,1.02,48.41,False,sz301289,0.5609
20250630,22.88,2.225,-3.54,22.38,False,sz300711,2.1226
20240930,14.54,6.847,-10.6,13.6,False,sz000625,3.75
20240815,2.68,0.763,-13.43,2.66,False,sz002565,5.3791
20241112,11.79,0.661,-10.43,11.71,False,sz300630,1.4825
20240930,24.39,6.5017,-4.33,22.9,False,sz002831,2.9454
20240927,8.43,5.7956,11.74,7.97,False,sz002185,2.6287
20240909,8.72,12.3,-17.78,7.76,False,sz300143,19.4902
20240912,7.09,9.215,5.81,6.49,False,sz300277,13.7447
20240927,9833.64,4.3294,2.59,9425.57,False,sz399398,2.2821
20240927,13.02,4.5573,6.91,12.45,False,sz300424,2.9954
20240925,2662.42,1.2985,18.44,2628.29,False,sz399402,2.4137
20251031,25.25,0.6143,-3.45,25.1,False,sz301190,1.4191
20250624,11.13,3.0144,9.25,10.8,False,sz301059,1.2619
20240930,7.41,6.0242,-4.59,6.99,False,sz002852,2.6574
20240930,4.34,6.3443,-6.68,4.08,False,sz002548,5.0707
20240930,2702.59,7.6038,-3.64,2511.61,False,sz399232,3.2007
20240927,1.83,4.806,0.55,1.75,False,sz000826,2.7641
20240930,5.53,5.1801,2.53,5.26,False,sz300214,7.2338
20240930,13.58,11.2417,3.68,12.21,False,sz300447,4.4755
20250929,7.25,1.4109,2.76,7.15,False,sz001258,4.5386
20240927,3.44,2.8785,-2.33,3.34,False,sz000572,2.4805
20250724,6.93,0.4117,-3.17,6.9,False,sz001391,1.1885
20240926,3.64,2.6773,7.68,3.55,False,sz002061,2.2571
20251219,54.05,0.2229,3.24,53.93,False,sz301323,0.8654
20240826,4.6,3.3379,-6.3,4.45,False,sz000868,0.4488
20240927,6.72,5.8162,6.99,6.35,False,sz300393,2.5724
20240927,2.1,1.2536,1.43,2.07,False,sz002506,2.878
20250624,43.74,1.1538,2.63,43.24,False,sz300895,0.8519
20240730,19.24,3.7332,5.77,18.55,False,sz300609,1.157
20240731,6.87,0.2297,-1.75,6.86,False,sz300193,1.313
20240926,23.54,4.5653,1.74,22.51,False,sz000895,2.4001
20240829,4.37,9.8565,-2.52,3.98,False,sz002681,0.5025
20240815,6128.17,0.6418,3.55,6089.09,False,sz399986,0.9159
20240731,4.78,0.7394,-5.44,4.74,False,sz300647,1.9443
20240926,4845.8,0.7316,10.92,4810.6,False,sz399661,2.5751
20240919,3.83,1.605,6.01,3.77,False,sz000912,1.8883
20250626,16.52,1.3278,4.84,16.3,False,sz300826,1.0269
20250724,45.09,0.2622,-11.42,44.97,False,sz301259,0.8994
20250822,49.98,1.1756,8.9,49.4,False,sz002929,1.7235
20240806,7.49,3.1003,-5.21,7.27,False,sz300320,1.2457
20240906,10.04,5.9053,-4.78,9.48,False,sz300077,2.9469
20240911,4.62,18.6187,-18.18,3.89,False,sz300510,9.4257
20240911,5.4,4.1332,-26.11,5.19,False,sz300343,7.6611
20251224,29.3,2.1612,3.65,28.68,False,sz301469,2.1889
20240731,4.84,0.5679,-4.13,4.81,False,sz002765,1.0547
20240812,5.78,1.7486,-4.67,5.68,False,sz300039,4.1152
20240902,3.11,3.8455,2.25,2.99,False,sz000851,0.2685
20240927,7.62,2.2247,-0.13,7.45,False,sz002598,2.398
20241101,1.81,3.8936,6.63,1.74,False,sz000711,2.8741
20240927,9.15,1.3392,0.22,9.03,False,sz300497,2.6279
20251015,19.54,3.3806,0.82,18.9,False,sz003030,2.5179
20240927,4.97,1.7348,5.63,4.89,False,sz000593,2.1397
20240807,11.24,8.1636,6.23,10.39,False,sz300615,5.038
20240930,12.54,0.203,-4.3,12.52,False,sz002080,3.4925
20250625,18.16,3.1714,-3.63,17.6,False,sz300793,1.5551
20250630,38.32,0.5181,3.91,38.12,False,sz301591,0.8457
20240926,6737.44,0.818,11.4,6682.77,False,sz399354,1.9071
20260112,42.96,0.2813,-5.26,42.84,False,sz301112,1.8283
20250106,20.89,1.23,-8.66,20.64,False,sz002737,3.9118
20250624,27.3,3.0493,-0.62,26.49,False,sz301226,1.9582
20260325,81.61,0.4624,-1.97,81.23,False,sz300990,0.5559
20240927,9.37,1.5626,-5.98,9.23,False,sz300025,3.3683
20240809,7421.46,0.1432,-0.3,7410.85,False,sz399003,0.334
20240807,23.13,1.5575,5.74,22.77,False,sz002779,1.0052
20240930,16.35,4.543,-7.34,15.64,False,sz000923,2.7692
20240730,12.08,0.3682,6.29,12.04,False,sz300542,1.7098
20250721,8.82,0.4674,2.49,8.78,False,sz002918,1.6913
20240924,6.41,1.2351,26.53,6.33,True,sz002584,2.8472
20240920,3.85,0.5091,14.03,3.83,False,sz300311,4.8035
20251022,2.44,0.0236,-0.82,2.44,False,sz001227,1.0075
20240808,2.42,5.8579,-0.83,2.29,False,sz300111,2.5567
20240927,2.72,2.0,0.74,2.67,False,sz000639,2.5304
20240927,7.21,2.4451,2.91,7.04,False,sz002579,1.5095
20240927,33.7,8.6232,19.44,31.03,False,sz300476,1.6253
20240820,6.17,2.3062,3.4,6.03,False,sz002199,1.0611
20250630,25.6,7.4066,4.22,23.83,False,sz001269,1.2238
20240905,3.02,4.8035,-8.94,2.88,False,sz300096,2.3381
20240930,17.72,7.6707,-6.94,16.46,False,sz002603,4.7998
20251029,27.13,0.3944,-2.17,27.02,False,sz301026,0.6519
20240731,5.9,2.5255,0.51,5.75,False,sz002364,0.6395
20251126,48.45,4.0835,-1.03,46.55,False,sz301312,3.4483
20251110,19.68,1.7469,-3.05,19.34,False,sz300743,3.7312
20240731,2.69,0.3451,-2.6,2.68,False,sz000677,1.599
20240822,23.63,8.3419,15.07,21.81,False,sz300438,6.7501
20251124,49.15,0.0835,4.11,49.11,False,sz301616,0.4247
20240926,2.52,0.7496,10.71,2.5,False,sz000520,2.8787
20240927,8.74,0.8879,-5.72,8.66,False,sz002033,4.0221
20251015,23.46,2.993,3.84,22.78,False,sz300720,0.7329
20250721,25.97,0.4938,1.85,25.84,False,sz301371,1.355
20240926,2.4,0.8636,8.75,2.38,False,sz002554,1.3679
20240923,9.7,0.3255,16.19,9.67,False,sz002800,1.1151
20240924,4739.96,4.5629,43.49,4533.12,True,sz399707,2.9455
20240912,1.31,3.3666,8.4,1.27,False,sz000793,3.6588
20240930,9.58,7.9959,-6.58,8.87,False,sz000009,3.4436
20251113,26.14,0.95,-6.2,25.89,False,sz300940,0.7434
20240930,4613.72,5.2783,-4.53,4382.4,False,sz399436,3.9454
20240816,5.81,4.798,-11.19,5.54,False,sz300410,10.3733
20240930,9.46,1.2126,4.65,9.35,False,sz300243,3.7321
20240826,6.17,0.4954,-0.97,6.14,False,sz300177,0.2897
20240926,4.39,6.4673,5.92,4.12,False,sz000042,1.7484
20240826,5.78,4.3753,15.21,5.54,False,sz002302,1.6358
20250624,34.9,1.8019,9.48,34.28,False,sz300725,0.5742
20240927,1677.85,1.2745,5.39,1656.73,False,sz399685,2.9619
20250912,23.95,1.0858,-7.27,23.69,False,sz301040,1.2931
20240731,14.2,3.6087,-7.32,13.71,False,sz000021,0.9425
20250818,15.59,1.6535,2.18,15.34,False,sz300968,1.3109
20240927,714.1,3.4076,0.36,690.57,False,sz399248,2.2837
20240826,5.98,0.0092,-4.01,5.98,False,sz000672,3.2334
20240731,3.18,0.7764,3.46,3.16,False,sz002361,1.6507
20240904,4.75,1.5301,0.0,4.68,False,sz000546,2.6038
20240930,8.77,2.2325,0.91,8.58,False,sz002828,4.2124
20240731,6.79,1.303,-7.51,6.7,False,sz002055,0.8296
20250107,9.01,0.1493,1.11,9.0,False,sz002606,0.9359
20240731,7.26,2.0607,-2.07,7.11,False,sz300220,0.8911
20240807,4.08,1.4015,-8.08,4.03,False,sz000812,6.485
20250624,26.14,2.1087,0.73,25.6,False,sz300926,2.7693
20251024,20.7,0.7567,-0.97,20.54,False,sz301359,0.6994
20240927,17.01,0.0716,2.76,17.0,False,sz002648,2.1599
20240925,10.89,3.0258,10.74,10.57,False,sz300314,2.5482
20240930,12.93,1.9132,-6.42,12.69,False,sz000708,3.1413
20240926,2.3,1.6256,6.96,2.26,False,sz000926,3.5948
20240927,9464.7,2.9699,3.27,9191.71,False,sz399655,2.626
20251022,33.23,2.0395,4.39,32.57,False,sz001316,2.8925
20250924,7.67,0.6177,-1.04,7.62,False,sz301090,0.6376
20251218,17.87,0.1438,4.81,17.84,False,sz301223,0.8044
20251106,85.59,0.0897,19.46,85.51,False,sz300672,0.537
20240926,5.03,1.3619,8.55,4.96,False,sz002406,1.0994
20240731,4.6,0.0606,-2.61,4.59,False,sz002161,1.0583
20240927,4.1,2.8622,0.98,3.99,False,sz000725,2.9698
20240927,15.35,4.9256,-0.52,14.63,False,sz002236,3.6465
20250729,86.57,1.4761,-2.07,85.31,False,sz301413,2.4062
20260226,20.16,0.1403,4.41,20.13,False,sz001872,1.0243
20251217,53.47,4.3073,7.5,51.26,False,sz301389,2.2386
20240924,4.34,1.0144,21.43,4.3,True,sz002278,1.429
20250905,22.35,0.2546,0.0,22.29,False,sz300871,0.6308
20240927,13.8,0.9319,-4.71,13.67,False,sz002085,1.5584
20241008,217.29,5.9776,-15.29,205.03,False,sz000596,2.7415
20240830,2.73,7.0588,-8.79,2.55,False,sz300043,4.0733
20251128,4.82,0.2182,-2.9,4.81,False,sz003035,0.4905
20240926,1638.36,0.3293,16.6,1632.98,False,sz399106,1.7815
20240807,5.43,1.1267,-0.74,5.37,False,sz300120,0.4043
20260330,17.59,0.277,7.79,17.54,False,sz001216,0.3312
20240926,4.27,1.6606,10.54,4.2,False,sz002481,2.7502
20251224,16.85,1.8891,-2.08,16.54,False,sz300912,0.8896
20240924,1.71,2.8417,61.4,1.66,True,sz000608,2.9224
20251031,12.27,0.4852,2.04,12.21,False,sz301017,2.8777
20240828,7.02,0.1058,4.99,7.01,False,sz002632,2.489
20240903,9.14,0.662,-1.75,9.08,False,sz300409,1.5879
20240813,4.47,0.0541,-2.91,4.47,False,sz002355,0.3048
20260206,18.59,1.9347,1.13,18.24,False,sz300772,1.1573
20240926,3.61,3.0423,3.05,3.5,False,sz002798,2.4515
20240930,1.75,2.6995,3.43,1.7,False,sz200037,10.1412
20250206,9.84,0.2291,1.02,9.82,False,sz200550,0.8075
20240927,4.99,3.6929,3.21,4.81,False,sz300239,2.6832
20251225,24.09,2.2207,0.75,23.57,False,sz300971,0.6588
20240927,6.18,4.3846,2.1,5.92,False,sz002378,2.3051
20260409,30.07,5.5109,13.93,28.5,False,sz300696,2.5626
20250714,27.67,0.1616,11.06,27.63,False,sz003001,1.7111
20250722,21.75,3.1207,-8.28,21.09,False,sz001288,6.013
20240926,3.75,1.0918,31.73,3.71,True,sz002178,1.1226
20240926,824.18,0.5681,14.19,819.52,False,sz399602,1.7928
20250624,11.1,3.8467,1.53,10.69,False,sz002883,1.2885
20250924,11.08,3.0675,-2.62,10.75,False,sz300845,0.7541
20240927,4.28,2.5977,-2.57,4.17,False,sz002385,2.848
20251022,32.75,0.056,-4.4,32.73,False,sz301089,2.2975
20240930,10.1,6.2161,-5.45,9.51,False,sz002136,4.9193
20240826,6.58,0.052,-5.78,6.57,False,sz000425,1.0994
20240826,7.82,6.9767,4.09,7.31,False,sz002202,3.9227
20240925,5.29,0.3827,15.5,5.27,False,sz002451,2.0998
20240927,6.65,0.6993,-1.65,6.6,False,sz002706,1.7747
20250624,22.01,0.5991,2.09,21.88,False,sz301123,1.5467
20240807,12.12,1.3727,-2.28,11.96,False,sz002155,0.7145
20250709,18.39,1.33,-5.0,18.14,False,sz002967,1.5531
20240903,12.32,0.3114,-1.06,12.28,False,sz002261,1.9383
20260212,36.96,13.8755,28.38,32.46,True,sz301217,5.7086
20250725,32.09,3.8384,-4.49,30.9,False,sz300868,1.9155
20240808,40.99,0.0953,-1.68,40.95,False,sz002432,3.5246
20240930,5.91,0.12,-5.75,5.9,False,sz002748,12.0293
20240926,24.85,2.2332,1.09,24.31,False,sz000408,1.3428
20250916,8.44,0.0682,-5.81,8.43,False,sz001322,0.7489
20240731,37.65,0.5706,-0.85,37.43,False,sz300014,0.8816
20250905,36.05,1.5042,2.16,35.52,False,sz301390,0.6879
20250324,55.85,0.4704,-2.44,55.59,False,sz300573,1.7154
20240926,4713.72,3.9218,9.04,4535.84,False,sz399555,2.1687
20240925,5.61,7.8898,7.13,5.2,False,sz000917,5.0369
20251020,15.39,2.6002,6.63,15.0,False,sz300823,0.9928
20240927,6368.0,2.7642,5.64,6196.71,False,sz399303,1.9853
20240822,3.7,0.5845,-3.24,3.68,False,sz002479,12.6087
20240926,2346.81,5.7047,6.01,2220.16,False,sz399983,2.9428
20240816,14.0,11.4973,-15.14,12.56,False,sz300642,7.4295
20240927,861.66,4.3042,3.63,826.1,False,sz399664,2.2857
20240925,1.94,0.2368,10.31,1.94,False,sz002437,2.9171
20240925,2.9,0.6366,13.8,2.88,False,sz000959,2.9629
20250908,27.11,2.5441,1.66,26.44,False,sz301212,1.382
20250703,18.74,0.4687,0.37,18.65,False,sz301588,1.1615
20240926,3.03,5.9997,2.64,2.86,False,sz000890,2.8479
20251015,25.48,0.6322,4.67,25.32,False,sz003029,2.8213
20251201,49.46,1.4056,-1.94,48.77,False,sz002901,1.676
20240926,128.78,4.5379,25.65,123.19,True,sz300308,1.1545
20240927,5.7,3.156,1.58,5.53,False,sz002454,2.2982
20240812,5.01,3.3398,-8.18,4.85,False,sz002207,3.4751
20240930,3.42,3.7648,-8.19,3.3,False,sz000420,4.6804
20240822,15.28,5.4354,-12.04,14.49,False,sz002760,3.6127
20240930,145.91,1.9275,-1.02,143.15,False,sz399413,2.9204
20240731,9.31,2.7212,-3.98,9.06,False,sz300515,0.8407
20240731,16.95,2.8748,-3.42,16.48,False,sz002380,0.7457
20250627,16.38,1.9751,1.83,16.06,False,sz300989,1.6305
20240919,4.55,0.6855,4.39,4.52,False,sz002249,1.0212
20250908,19.74,0.9538,3.34,19.55,False,sz003004,0.6681
20240927,6.68,0.0624,0.6,6.68,False,sz000989,4.1297
20240802,4.75,0.1834,-4.0,4.74,False,sz300272,2.3512
20250716,31.67,0.8254,-2.02,31.41,False,sz300693,1.4105
20240731,8.7,0.8569,-3.33,8.63,False,sz300421,2.2253
20240927,1866.55,6.9318,8.97,1745.55,False,sz399407,2.3255
20250625,8.86,1.0531,-0.45,8.77,False,sz301558,0.6701
20240924,25.5,0.1181,30.67,25.47,True,sz002180,2.639
20240930,14.54,10.4419,-10.93,13.17,False,sz300146,5.6609
20240930,5.71,3.1462,-5.95,5.54,False,sz002333,4.6457
20240930,1.86,10.0429,-11.83,1.69,False,sz000620,3.751
20240927,5.57,0.0539,3.23,5.57,False,sz002560,2.9617
20240927,10.54,4.6206,-0.38,10.07,False,sz002654,2.8369
20250811,30.97,1.2202,-0.26,30.6,False,sz301071,1.6667
20240801,5.07,0.1267,-3.94,5.07,False,sz002350,0.8848
20240924,1.87,4.1976,20.86,1.79,True,sz000010,3.5796
20250707,43.51,1.0189,-0.64,43.07,False,sz300959,0.4094
20250908,12.03,0.8953,2.24,11.92,False,sz001914,0.7107
20240830,23.22,1.6703,0.82,22.83,False,sz002819,0.7666
20240819,7.15,1.1184,-2.24,7.07,False,sz002064,0.9988
20250819,76.39,13.0937,-6.9,67.55,False,sz301368,3.7507
20251020,15.19,0.322,8.76,15.14,False,sz300739,0.7509
20240731,940.33,0.9866,-1.43,931.14,False,sz399237,2.2848
20250710,49.36,7.6515,-9.62,45.85,False,sz300917,3.8538
20240814,6.16,2.3284,-14.12,6.02,False,sz300211,4.2595
20240925,24.22,0.8532,37.03,24.02,True,sz300442,2.4374
20250908,35.78,1.7677,-3.13,35.16,False,sz301195,0.9399
20240807,3.65,1.9602,-21.9,3.58,False,sz300125,2.1655
20240930,11.76,6.0646,-7.73,11.09,False,sz002857,3.0793
20251027,33.43,0.0183,-2.0,33.42,False,sz301317,2.9162
20260120,14.24,0.1759,-1.69,14.21,False,sz300746,1.5599
20240926,7.01,3.6913,6.57,6.76,False,sz002532,1.7867
20240919,10.19,8.1358,18.06,9.42,False,sz000995,1.8945
20240927,13.12,9.7367,8.45,11.96,False,sz300093,2.3012
20250624,42.07,1.0149,1.26,41.65,False,sz301023,1.8967
20250708,8.58,0.8383,3.84,8.51,False,sz300708,0.9388
20251111,26.68,0.2568,2.29,26.61,False,sz301290,0.4446
20240802,15.4,4.1749,-4.48,14.78,False,sz300473,4.2741
20260120,23.92,1.1787,-4.43,23.64,False,sz001222,1.3814
20240912,13.61,3.137,1.98,13.2,False,sz002866,1.4823
20240808,1.97,8.3162,1.52,1.82,False,sz002285,4.0838
20240731,3.31,1.1975,-2.42,3.27,False,sz000796,0.8068
20251016,20.51,0.0899,0.34,20.49,False,sz002983,0.7298
20260126,20.21,8.0537,-8.26,18.7,False,sz300945,3.5212
20240930,14.8,7.8011,-9.12,13.73,False,sz000338,2.8117
20240905,11.71,2.8042,-6.49,11.39,False,sz002805,4.2665
20240927,13.84,2.6395,-1.66,13.48,False,sz002078,2.4768
20260119,45.91,0.3841,-0.78,45.73,False,sz001388,2.1612
20240930,3.45,4.1268,-4.93,3.31,False,sz002498,3.2882
20240807,7.15,0.9847,-0.28,7.08,False,sz300597,2.3741
20240926,2.72,4.3812,9.18,2.61,False,sz002551,1.2056
20251010,53.55,0.4868,-7.82,53.29,False,sz301613,1.1719
20240808,6.32,0.8162,18.62,6.27,False,sz000525,1.7051
20240906,7.43,5.18,-8.21,7.06,False,sz002036,4.4682
20240906,12.63,1.2553,-1.11,12.47,False,sz300139,1.0103
20250922,10.83,0.7106,-4.25,10.75,False,sz002930,0.6238
20240920,22.12,4.8496,40.46,21.1,True,sz300339,2.4378
20240930,10.56,7.3134,-1.61,9.84,False,sz002465,2.9777
20240930,2.7,6.4109,-8.15,2.54,False,sz002102,3.7876
20240927,9.57,1.7292,0.73,9.4,False,sz000411,3.2424
20240927,13.24,4.8229,-1.13,12.63,False,sz002698,2.3714
20240314,68.34,0.9446,3.35,67.7,False,sz002594,1.4817
20250905,10.45,0.859,-0.77,10.36,False,sz300796,0.4078
20240731,6.08,5.7468,-8.88,5.75,False,sz300377,3.7495
20240930,9.53,10.9535,-3.36,8.59,False,sz300610,5.1245
20240930,6.22,8.9253,-5.95,5.71,False,sz002448,4.5076
20251021,24.25,7.0487,8.45,22.65,False,sz300812,1.7286
20240930,17.18,10.5317,-1.86,15.55,False,sz300547,2.5219
20240930,10.8,4.5895,-6.11,10.33,False,sz002581,3.4796
20241022,2.39,1.6625,12.55,2.35,False,sz300020,1.4055
20251021,34.54,1.4602,2.2,34.04,False,sz301159,0.9414
20240930,6.68,7.8594,-3.14,6.19,False,sz000968,4.0454
20240830,15.47,5.427,2.2,14.67,False,sz300293,2.5081
20240930,5.04,2.828,-4.36,4.9,False,sz002255,4.5056
20250708,10.7,0.5284,-0.37,10.64,False,sz002953,1.6531
20240830,4.67,0.6339,-0.86,4.64,False,sz300509,1.7263
20251020,46.76,4.0255,0.43,44.96,False,sz300995,1.0222
20251021,11.87,1.0822,3.71,11.74,False,sz003018,0.6704
20251124,26.5,0.71,1.96,26.31,False,sz001358,0.7154
20250626,22.32,1.0317,-0.31,22.09,False,sz301117,2.2266
20240927,15.25,2.9831,-1.31,14.81,False,sz002732,6.165
20240925,4.2,3.8148,6.43,4.05,False,sz002164,3.5358
20240930,14.5,2.4401,-4.14,14.16,False,sz300638,3.658
20240925,9.31,0.3945,23.2,9.27,True,sz002399,1.2345
20251029,21.8,1.1628,1.79,21.55,False,sz002956,1.8217
20240927,5.4,4.1606,-1.48,5.18,False,sz002250,2.6908
20250701,24.32,1.8167,4.11,23.89,False,sz300677,1.5249
20240821,7.7,3.846,-16.88,7.42,False,sz002403,9.5
20250721,37.21,0.9998,2.36,36.84,False,sz300859,0.9564
20240927,1966.19,4.6427,3.32,1878.96,False,sz399650,2.431
20251111,7.64,0.2594,8.38,7.62,False,sz001313,2.3506
20260105,74.58,0.2166,6.32,74.42,False,sz301095,1.8599
20251113,20.72,1.5952,-3.72,20.39,False,sz301268,1.1103
20250624,22.52,3.597,2.93,21.74,False,sz300817,1.8572
20240920,15.16,0.5296,14.05,15.08,False,sz300046,1.1
20240927,13.49,1.163,2.37,13.33,False,sz002149,2.255
20250714,34.49,2.2424,3.65,33.73,False,sz301458,1.2261
20240731,1.72,0.9686,5.81,1.7,False,sz000889,0.756
20240806,10.41,2.992,-1.34,10.11,False,sz300521,0.9204
20240926,1.48,5.0825,0.0,1.41,False,sz200761,2.1495
20240731,3.91,3.6196,-1.79,3.77,False,sz300008,2.3
20240927,4.15,4.4003,4.1,3.98,False,sz002107,2.0536
20250718,27.6,0.3128,3.55,27.52,False,sz301171,2.4518
20260120,15.08,5.5844,1.86,14.28,False,sz300614,5.2733
20240924,2.66,0.8722,21.43,2.64,True,sz000720,2.3484
20240925,6.8,2.8795,4.27,6.61,False,sz002233,1.7725
20240927,31.19,3.7548,0.83,30.06,False,sz002460,2.6002
20250905,15.31,0.7745,3.46,15.19,False,sz002935,0.7902
20240927,9227.7,3.5275,6.99,8913.28,False,sz399967,1.9905
20240911,7.4,0.6221,-2.43,7.35,False,sz002660,5.2761
20250630,35.61,1.5804,-1.57,35.06,False,sz301522,0.7635
20240827,3.46,4.9518,-12.72,3.3,False,sz002307,5.4036
20240927,12.23,4.2054,2.45,11.74,False,sz300592,1.5111
20240930,5.35,11.4564,-2.43,4.8,False,sz300172,6.0276
20251103,32.98,1.1573,0.73,32.6,False,sz301658,1.1004
20250717,10.88,0.188,4.87,10.86,False,sz002986,0.4083
20240731,1612.95,0.4786,-0.9,1605.27,False,sz399433,1.6402
20240812,7.42,2.9965,-8.35,7.21,False,sz002349,6.5282
20240926,19.56,0.4727,16.16,19.47,False,sz300415,1.4843
20240926,6.45,2.1374,13.33,6.32,False,sz300246,0.8751
20240927,4.06,0.7695,2.71,4.03,False,sz002863,1.8902
20251201,30.66,3.4614,-5.19,29.63,False,sz301068,2.8423
20251128,27.16,0.0912,-0.04,27.14,False,sz301295,0.7693
20240903,5.49,1.1624,-2.91,5.43,False,sz300225,1.7251
20251124,25.98,0.2476,0.46,25.92,False,sz300923,1.2589
20241206,7.96,0.3087,-3.14,7.94,False,sz000543,1.4984
20240927,21.2,10.1038,1.65,19.26,False,sz002050,2.207
20240927,7.48,2.9204,4.14,7.27,False,sz000990,3.5957
20240902,3.87,7.2517,-13.18,3.61,False,sz000859,4.6082
20240801,5.35,0.1826,-3.55,5.34,False,sz002537,1.5008
20240925,4.31,1.5332,22.51,4.24,True,sz300326,1.9586
20240927,6.02,1.8799,4.32,5.91,False,sz300575,3.5492
20240926,6382.74,1.3328,12.0,6298.79,False,sz399553,1.8165
20251009,19.69,0.7403,0.86,19.55,False,sz001324,1.1491
20240812,11.77,0.2228,-5.52,11.74,False,sz300012,1.5392
20251128,22.29,3.0922,19.83,21.62,False,sz002961,0.6314
20240927,6.78,1.1827,5.9,6.7,False,sz002267,1.9916
20240819,1262.52,1.021,-2.85,1249.76,False,sz399807,1.0783
20241015,8.21,3.3782,-2.92,7.95,False,sz002700,0.8515
20251210,18.69,1.1136,-8.13,18.48,False,sz301125,1.0658
20240930,5.28,4.652,-6.63,5.05,False,sz000589,4.4736
20240930,16.74,11.2179,-6.27,15.05,False,sz300491,3.0039
20250624,35.13,0.4025,2.56,34.99,False,sz301272,1.1328
20240806,7.82,1.1922,1.92,7.73,False,sz002457,0.5288
20251105,21.58,0.3803,-1.39,21.5,False,sz002902,1.1666
20250702,86.93,1.173,-0.16,85.92,False,sz001309,1.3341
20240930,13.82,2.6855,12.52,13.45,False,sz002130,1.8523
20250624,13.81,1.5762,1.59,13.6,False,sz002885,1.6529
20240926,4.4,0.2868,8.41,4.39,False,sz002419,1.8712
20240927,37.57,4.9896,4.71,35.78,False,sz000977,4.3681
20240807,7.3,5.9648,-4.93,6.89,False,sz300345,4.9846
20240731,6.3,0.843,0.79,6.25,False,sz002383,2.6816
20240930,4.7,1.6253,-7.23,4.62,False,sz000690,3.0807
20250617,36.03,1.3636,-1.3,35.55,False,sz300622,3.13
20250624,17.62,1.6846,3.46,17.33,False,sz300977,1.159
20250624,23.3,4.1515,3.22,22.37,False,sz300690,1.8471
20240926,5.18,2.0572,28.57,5.08,True,sz300271,1.3685
20240919,3.16,0.7878,6.96,3.14,False,sz002183,4.4439
20240909,4.51,0.2352,5.32,4.5,False,sz000559,1.547
20240731,17.83,4.023,-8.2,17.14,False,sz002837,1.395
20240927,5.24,4.6936,16.41,5.01,False,sz002563,1.8276
20240812,3.96,0.2425,2.78,3.95,False,sz002004,1.3427
20240926,2.35,4.3015,-0.85,2.25,False,sz000517,2.7095
20250624,16.86,1.4465,2.88,16.62,False,sz300893,0.8746
20240927,1226.95,4.1509,4.22,1178.05,False,sz399429,2.3295
20250624,27.93,1.5473,1.47,27.5,False,sz301011,0.4375
20241024,3.65,0.7105,36.16,3.62,True,sz002634,1.1001
20240924,5.42,2.3124,61.25,5.3,True,sz300168,1.61
20240731,5.92,0.6532,-3.89,5.88,False,sz300441,1.2832
20250624,52.79,2.6741,-0.25,51.42,False,sz301538,0.4105
20240927,4.75,2.9215,5.47,4.62,False,sz300126,2.1253
20260224,87.11,2.6388,-1.26,84.87,False,sz301196,1.6256
20250702,16.41,3.1454,27.0,15.91,True,sz301193,3.6377
20250220,3.23,0.7991,-0.62,3.2,False,sz200019,0.3012
20260120,52.69,10.3793,0.93,47.74,False,sz301609,5.2945
20240926,24.77,1.6613,12.8,24.37,False,sz002851,1.5955
20240930,21.86,3.3736,-2.97,21.14,False,sz002318,2.145
20240828,6.04,1.8585,18.22,5.93,False,sz000058,3.3748
20240927,3.59,1.348,3.06,3.54,False,sz000825,2.5044
20260227,41.59,0.4608,3.68,41.4,False,sz300911,4.3256
20240930,1304.81,6.6056,-5.84,1223.96,False,sz399231,3.8022
20240925,3.97,0.7004,24.95,3.94,True,sz300217,3.1514
20240927,6.24,1.2467,6.73,6.16,False,sz300444,2.41
20240926,4.12,2.4005,7.77,4.02,False,sz002631,0.7935
20240930,3.86,8.1245,0.26,3.57,False,sz002062,4.3727
20240910,3.01,0.2721,1.99,3.0,False,sz000571,2.2462
20250905,18.96,0.0162,-0.42,18.96,False,sz301320,0.582
20250904,6.78,1.937,2.36,6.65,False,sz002999,1.3535
20240927,19.97,15.4175,11.07,17.3,False,sz300390,4.2187
20240802,3.06,9.185,-25.49,2.8,False,sz000016,0.6282
20240927,2.71,4.8563,12.16,2.59,False,sz300259,2.9589
20240731,1.38,0.934,-0.73,1.36,False,sz200530,2.6849
20241227,3.02,2.0816,-13.58,2.96,False,sz002652,0.5307
20240918,18.18,0.1397,2.15,18.16,False,sz002001,0.8051
20250627,19.92,3.306,1.46,19.28,False,sz301077,3.1605
20260305,52.0,1.2218,-4.04,51.37,False,sz001238,0.6542
20240821,13.5,8.4875,-13.56,12.44,False,sz300469,1.6138
20250624,23.88,0.5263,0.08,23.75,False,sz300712,1.7766
20240801,4.96,0.0572,-12.5,4.96,False,sz000626,2.9962
20240930,23.83,9.5129,-3.06,21.76,False,sz002335,2.4818
20250815,34.26,2.6434,0.47,33.38,False,sz301510,2.3234
20250708,8.4,0.0745,-0.6,8.39,False,sz301039,1.1381
20240930,23.75,2.2099,-13.64,23.24,False,sz002832,2.9757
20240926,9.53,2.8676,1.05,9.26,False,sz002186,4.3352
20240930,6.26,12.2551,-2.4,5.58,False,sz300140,3.1713
20240809,4.23,0.1124,-3.55,4.23,False,sz300427,2.9292
20240927,3420.21,4.0045,5.51,3288.52,False,sz399401,2.0221
20241024,2.71,5.4611,15.87,2.57,False,sz002528,2.0466
20240930,8.56,2.6084,-5.61,8.34,False,sz002728,4.2643
20240927,3.53,3.0582,6.23,3.43,False,sz300074,2.2436
20250819,14.66,0.7808,0.95,14.55,False,sz002949,0.9869
20240927,8.39,4.576,5.13,8.02,False,sz300513,2.2027
20250725,21.91,2.047,-6.34,21.47,False,sz300846,2.0742
20240912,4.21,0.1844,-5.7,4.2,False,sz300289,2.5287
20240927,4.16,3.2288,1.68,4.03,False,sz002135,3.5408
20240813,4.55,1.1036,-5.71,4.5,False,sz002766,0.3123
20250924,16.53,0.4904,-1.75,16.45,False,sz002907,0.7314
20240731,4.41,0.1172,-2.27,4.41,False,sz000088,1.7785
20240903,7.14,0.0054,-4.06,7.14,False,sz002452,0.7887
20240813,11.1,8.6682,0.9,10.21,False,sz000712,1.2662
20240730,22.12,0.0108,-5.06,22.12,False,sz002156,0.8506
20240925,3.01,0.8488,19.6,2.98,False,sz300190,2.414
20240927,1.76,3.4128,2.84,1.7,False,sz002431,3.1004
20240731,4.39,4.0141,-7.74,4.22,False,sz002682,1.2664
20240927,7.74,1.5124,9.17,7.62,False,sz300017,4.4884
20240927,1390.85,6.3505,7.88,1307.8,False,sz399662,2.5095
20240924,6.81,0.3081,11.75,6.79,False,sz000911,1.5171
20250717,11.65,5.0204,-1.37,11.09,False,sz300825,4.4229
20240903,11.15,17.448,-4.3,9.49,False,sz300068,9.2291
20250624,15.65,0.4321,3.0,15.58,False,sz301111,0.4665
20240802,6.91,10.1643,-8.25,6.27,False,sz002734,8.8572
20240808,9.46,0.6981,0.0,9.39,False,sz300295,2.1308
20250811,26.13,2.2102,4.98,25.56,False,sz300674,0.6635
20251020,26.26,1.8497,5.71,25.78,False,sz002955,0.6227
20240812,3.65,3.0467,-8.22,3.54,False,sz300026,5.5899
20250717,33.86,4.08,-2.16,32.53,False,sz300814,1.2143
20240924,9.11,2.7787,57.18,8.87,True,sz300541,1.209
20240816,5.92,2.2732,-7.09,5.79,False,sz002587,1.035
20240926,12.5,18.9504,2.96,10.5,False,sz300616,8.2259
20240826,4.25,1.4586,-1.41,4.18,False,sz002083,0.9392
20250731,22.58,0.0813,8.64,22.56,False,sz300790,1.9155
20240816,9.43,8.6083,-1.27,8.68,False,sz300371,5.8106
20260304,127.16,1.2345,-5.92,125.61,False,sz301592,3.6323
20251205,25.6,1.1728,0.04,25.3,False,sz300877,0.6423
20250911,44.42,3.3346,-2.7,42.99,False,sz301208,0.6185
20240924,4.22,0.4164,21.33,4.2,True,sz000417,1.7634
20240905,5.72,4.2385,-5.77,5.49,False,sz002104,1.6805
20250624,20.22,3.2447,1.58,19.58,False,sz301172,1.9982
20240927,2358.07,0.5541,0.98,2345.08,False,sz399319,1.7575
20240930,6.42,8.6011,-7.32,5.91,False,sz002030,2.6091
20240926,2.92,4.1339,-2.74,2.8,False,sz000523,4.5805
20240926,3.38,0.9231,47.93,3.35,True,sz300591,0.854
20260113,26.82,0.3667,2.98,26.72,False,sz301372,1.9391
20240926,29.06,3.2184,0.34,28.16,False,sz002557,2.0015
20240826,1.94,2.4513,20.1,1.89,True,sz000584,0.2414
20240815,2.34,1.9571,-7.26,2.3,False,sz000839,1.3554
20240927,11.89,3.7828,-2.61,11.46,False,sz002803,3.0078
20240731,6.14,3.5719,-4.72,5.93,False,sz300245,0.608
20240927,3.74,3.0421,-1.07,3.63,False,sz000790,2.5745
20240930,5.7,3.479,0.7,5.51,False,sz000877,1.573
20240923,7.17,1.4575,21.76,7.07,True,sz300112,1.643
20240930,3.48,9.4569,-7.47,3.18,False,sz002329,4.8012
20240930,32.27,5.6744,-0.09,30.53,False,sz300475,3.808
20250625,9.68,3.312,-1.86,9.37,False,sz301296,4.2303
20250114,8.07,4.3624,4.83,7.73,False,sz002600,1.6687
20251126,10.93,4.2491,2.93,10.48,False,sz301025,5.0644
20251126,19.85,0.8608,1.06,19.68,False,sz300740,0.7868
20240927,5.94,3.866,-1.35,5.72,False,sz002367,3.2108
20240930,9.27,1.3946,-2.37,9.14,False,sz000993,5.2544
20251124,42.9,1.5168,5.69,42.26,False,sz301314,1.1631
20240927,12.16,1.7297,3.45,11.95,False,sz002056,2.1059
20240903,2.09,3.8767,-7.18,2.01,False,sz000545,1.3942
20240930,64.82,18.1153,4.72,54.88,False,sz300223,4.8832
20250806,23.84,0.2638,0.96,23.78,False,sz300925,0.6788
20250930,36.76,0.4957,0.22,36.58,False,sz301509,0.8903
20240926,10.56,0.7244,13.73,10.49,False,sz002782,1.3079
20240930,11.53,0.2776,-3.64,11.5,False,sz300389,3.5033
20240930,3908.64,6.5438,-6.38,3668.58,False,sz399435,3.8381
20250804,18.11,2.1491,-0.17,17.73,False,sz300768,2.3069
20251125,23.65,3.5625,-4.95,22.84,False,sz002980,2.15
20240926,21.22,0.9711,16.31,21.02,False,sz300413,2.7884
20240930,15.53,12.6027,-7.6,13.79,False,sz300174,4.8883
20250912,37.15,4.4931,7.11,35.55,False,sz300726,1.5051
20240930,6.9,8.767,-5.65,6.34,False,sz000612,2.5908
20240926,5.02,2.1354,11.35,4.92,False,sz002301,1.7824
20240924,1469.53,1.5802,51.45,1446.67,True,sz399686,2.9722
20260313,54.71,1.2439,-1.21,54.04,False,sz301043,1.4849
20240925,7.42,3.6904,7.82,7.16,False,sz002848,2.2859
20240927,3.85,2.6904,1.3,3.75,False,sz002666,1.7761
20240924,4.42,0.3785,25.79,4.4,True,sz002235,1.6355
20240927,5.74,1.4926,0.52,5.66,False,sz000726,3.0328
20240930,35.2,8.9328,-3.78,32.31,False,sz002466,2.3785
20240927,4.62,4.0974,8.23,4.44,False,sz300569,5.2913
20250624,33.23,0.5992,8.82,33.03,False,sz002933,2.1095
20240930,5.32,9.5045,-4.14,4.86,False,sz002752,3.2084
20250804,28.2,1.5948,4.79,27.76,False,sz301177,1.1643
20240828,23.69,1.513,1.98,23.34,False,sz000768,0.9421
20240924,11.54,2.7628,30.42,11.23,True,sz002428,0.8806
20240806,6.72,1.2435,-1.79,6.63,False,sz300527,0.9566
20250826,12.58,0.9415,-3.02,12.46,False,sz001376,3.3617
20240930,2.26,2.4169,-11.06,2.21,False,sz002086,4.1281
20240807,5.84,15.3797,-3.42,5.06,False,sz300040,4.6195
20251128,17.0,1.3368,1.18,16.78,False,sz003036,0.3945
20260112,20.48,2.6211,-2.34,19.96,False,sz301139,3.0594
20240930,4.2,12.5327,-4.05,3.73,False,sz300317,4.7964
20240927,3.37,8.8121,0.0,3.1,False,sz002218,2.1829
20240930,6.58,7.3236,-4.03,6.13,False,sz000925,3.7898
20240826,7.19,3.0221,2.92,6.98,False,sz000158,7.5362
20250710,46.31,0.0546,2.81,46.28,False,sz300811,1.2568
20240927,5223.82,6.2972,5.13,4914.35,False,sz399656,3.1932
20240730,4.48,1.0298,15.4,4.43,False,sz300359,1.3781
20250703,8.79,0.3722,0.46,8.76,False,sz002950,0.8133
20260306,40.38,2.2156,7.68,39.5,False,sz301220,5.8706
20240730,6.99,0.8852,-5.01,6.93,False,sz002405,2.6674
20240926,3.12,1.753,7.37,3.07,False,sz002162,1.3187
20240926,6.34,0.0644,7.73,6.34,False,sz002566,0.985
20240926,1.96,1.3575,10.2,1.93,False,sz200553,4.2143
20251127,173.24,0.9259,3.79,171.65,False,sz300972,0.5735
20240911,6.9,1.6712,-3.48,6.79,False,sz000668,7.4385
20251119,92.72,0.589,-2.97,92.18,False,sz300695,0.4031
20240731,66.82,0.7437,3.23,66.33,False,sz300274,0.9189
20240902,9.83,0.7783,-7.93,9.75,False,sz300379,1.9921
20240802,5.16,0.4477,-7.56,5.14,False,sz300123,2.8829
20250702,28.55,0.0058,0.25,28.55,False,sz001215,0.6346
20240927,1.73,2.6909,-6.36,1.68,False,sz002482,4.5463
20250630,173.62,0.0424,-2.22,173.54,False,sz300896,0.9418
20251015,12.57,1.8729,0.64,12.34,False,sz300771,1.4762
20240930,3.37,4.1007,-11.28,3.24,False,sz002356,3.5906
20240927,4492.74,5.0754,5.9,4275.73,False,sz399802,2.5438
20240927,14.1,1.0948,-1.28,13.95,False,sz002705,1.5806
20240924,11.9,4.0149,104.2,11.44,True,sz300059,5.5714
20240924,24.41,2.5221,13.64,23.81,False,sz002262,1.7098
20240815,5.09,9.1318,-11.98,4.66,False,sz300323,4.3701
20251029,54.46,0.7626,-2.48,54.04,False,sz301393,3.8088
20240930,36.24,13.7637,-0.41,31.86,False,sz300570,3.0648
20240926,2196.92,1.0528,13.65,2174.03,False,sz399556,1.6079
20240903,19.99,0.7652,1.36,19.84,False,sz300627,0.9896
20250808,26.1,0.3734,-2.76,26.0,False,sz003002,0.8744
20250725,43.05,0.1924,-3.6,42.97,False,sz301239,3.1501
20250715,17.92,0.2943,1.62,17.87,False,sz300668,1.4724
20240926,2.65,1.6332,4.53,2.61,False,sz000972,2.0011
20240904,8.7,16.0722,-9.08,7.5,False,sz300340,3.6437
20240926,4.12,1.125,5.83,4.07,False,sz002386,2.3429
20241226,10.38,0.2205,-7.03,10.36,False,sz000695,0.237
20240731,12.76,4.5291,-9.56,12.21,False,sz000426,0.7765
20240930,5.01,3.283,-6.79,4.85,False,sz002201,4.4318
20250908,13.96,0.0824,0.86,13.95,False,sz301277,0.4239
20240930,11.75,12.1134,-7.32,10.48,False,sz300494,3.44
20250905,29.57,1.2729,-3.08,29.2,False,sz300808,0.5986
20240905,37.14,0.7068,5.55,36.88,False,sz300558,1.6118
20260226,99.69,0.025,-6.68,99.67,False,sz301421,0.785
20240927,4.37,2.1779,4.12,4.28,False,sz002204,2.4571
20240923,1.95,1.7834,62.05,1.92,True,sz000717,4.5478
20240927,56.57,2.9878,0.05,54.93,False,sz000423,2.4051
20240930,6.51,4.5112,-4.61,6.23,False,sz002763,4.0853
20251103,5.16,7.3472,-7.75,4.81,False,sz300344,4.0611
20240830,28.33,2.1426,-4.41,27.74,False,sz300516,0.9995
20250627,31.5,3.6431,-2.7,30.39,False,sz300843,2.6295
20240808,3.45,0.7005,-14.2,3.43,False,sz000759,3.7101
20260205,33.86,3.3062,-5.43,32.78,False,sz301108,1.6718
20250625,30.66,0.5776,-4.27,30.48,False,sz003007,1.7179
20240830,2.55,4.5689,-2.35,2.44,False,sz300071,3.4512
20250701,49.0,1.884,-1.31,48.09,False,sz300820,2.8289
20241008,12.8,2.6999,-15.23,12.46,False,sz002229,2.6026
20250814,59.43,3.0153,2.29,57.69,False,sz301396,2.5947
20240930,4.61,5.0914,-7.38,4.39,False,sz002687,3.891
20240930,23.19,10.9019,-0.82,20.91,False,sz300641,2.435
20240926,2581.39,0.5442,31.01,2567.42,True,sz399667,2.5095
20240926,5.24,4.7127,8.02,5.0,False,sz002434,2.1461
20250624,12.24,0.0105,2.98,12.23,False,sz301211,0.5001
20240930,3.59,20.0234,14.48,2.99,False,sz300368,3.5479
20240926,6.25,5.0302,15.36,5.95,False,sz002153,1.5411
20240926,4.47,1.8049,16.11,4.39,False,sz300195,1.0804
20250708,60.21,1.5383,-1.35,59.3,False,sz301325,0.4737
20240930,31.94,3.8995,0.88,30.74,False,sz002353,2.2806
20240828,30.35,0.9396,4.45,30.07,False,sz300395,1.0286
20240731,4.83,0.8526,-2.48,4.79,False,sz002500,2.8294
20240926,4.81,1.4992,4.78,4.74,False,sz000789,2.7398
20240806,2.81,0.2721,-2.49,2.8,False,sz002067,2.0346
20240823,9.18,10.6224,-5.23,8.3,False,sz300588,6.7619
20240813,2.81,1.316,-14.95,2.77,False,sz000820,6.2397
20240930,873.63,5.9302,-3.64,824.72,False,sz399234,3.7345
20240927,20.55,15.9614,23.6,17.72,True,sz300212,4.9614
20240925,5.11,0.0636,12.71,5.11,False,sz002029,1.9957
20240816,4.71,0.9592,-12.53,4.67,False,sz300422,1.4716
20250630,87.49,2.7801,-5.7,85.12,False,sz301308,1.4015
20240807,5765.17,0.0371,-0.18,5763.03,False,sz399404,0.7271
20250708,24.86,0.3478,6.64,24.77,False,sz300759,1.3439
20240930,2.95,11.7742,1.02,2.64,False,sz300145,5.3839
20251128,20.0,0.2624,-1.7,19.95,False,sz300717,0.6988
20240924,12.99,1.7308,41.42,12.77,True,sz000623,3.2525
20240926,3.93,0.0,5.09,3.93,False,sz002330,2.4427
20241022,4.87,0.4659,17.86,4.85,False,sz000070,1.5648
20250624,30.0,0.233,0.83,29.93,False,sz300939,1.764
20251125,21.78,0.6158,1.61,21.65,False,sz301515,1.2029
20240924,12.1,1.4867,44.55,11.92,True,sz002657,3.2192
20240801,13.15,0.5974,-1.45,13.07,False,sz002879,1.359
20251020,23.83,1.1779,4.62,23.55,False,sz301072,0.6703
20240826,5.66,0.1726,2.47,5.65,False,sz300240,0.3067
20240731,5.55,3.3297,-3.79,5.37,False,sz000795,1.2769
20240924,6.06,0.8172,29.4,6.01,True,sz002286,0.9939
20260114,15.7,0.0648,-3.06,15.69,False,sz301339,2.4337
20251204,58.6,11.146,-7.08,52.72,False,sz300946,9.5212
20240826,2.29,1.4247,-4.37,2.26,False,sz002628,3.9061
20240930,143.75,4.4749,-5.91,137.59,False,sz000568,2.1276
20240926,9.17,1.571,27.59,9.03,True,sz002806,0.5812
20240930,12.48,0.3942,-4.89,12.43,False,sz002552,3.8512
20250624,29.99,1.9822,1.0,29.41,False,sz300908,1.542
20240731,6.29,3.6091,-2.55,6.07,False,sz002035,3.3671
20240806,61.94,4.1983,-7.68,59.44,False,sz000526,0.9636
20260316,26.19,0.4147,-8.93,26.08,False,sz300745,0.6145
20240927,17.08,2.8033,2.93,16.61,False,sz002362,2.5747
20240926,2730.97,0.7266,23.68,2711.27,True,sz399418,2.1219
20241008,9.1,3.9431,-11.98,8.75,False,sz002531,3.2755
20260105,31.66,1.0415,8.05,31.33,False,sz002864,0.76
20240823,1.88,0.5622,2.72,1.87,False,sz300159,0.4246
20240911,20.49,1.6256,-8.05,20.16,False,sz002605,0.8398
20251020,22.25,0.9013,5.98,22.05,False,sz301020,0.7049
20240930,7.74,7.3712,-7.75,7.21,False,sz000811,3.1248
20251225,57.47,0.9953,23.16,56.9,True,sz301293,2.2787
20240926,31.39,0.8656,10.38,31.12,False,sz300470,2.8754
20260324,64.29,2.3835,6.55,62.79,False,sz001221,0.6153
20240930,47.9,8.1927,-4.32,44.27,False,sz002865,2.2302
20240926,4.53,10.0884,4.2,4.11,False,sz002582,4.3787
20240814,9.27,0.3165,-4.85,9.24,False,sz300290,0.6648
20240904,1.82,1.8277,-7.14,1.79,False,sz002256,1.2804
20250630,32.75,0.5992,-3.88,32.55,False,sz300671,0.9091
20250625,23.05,2.4623,0.22,22.5,False,sz002899,0.988
20250709,15.9,0.1722,31.45,15.87,True,sz300996,3.2389
20240926,43.3,1.461,61.66,42.68,True,sz300114,2.2478
20240930,8.89,3.9604,-7.65,8.55,False,sz002731,3.1145
20250205,4.33,1.8085,0.23,4.25,False,sz000908,0.9236
20240926,10.91,4.1705,11.37,10.47,False,sz002101,2.1926
20250905,11.7,0.0527,0.26,11.69,False,sz001338,0.7468
20250709,15.67,0.4641,-0.7,15.6,False,sz300795,4.7766
20240927,14.98,1.7415,20.49,14.72,True,sz300374,2.1629
20240731,7004.81,0.229,-4.18,6988.8,False,sz399352,1.381
20251020,22.41,1.3514,0.94,22.11,False,sz300872,0.6495
20240927,1333.35,5.7719,10.97,1260.59,False,sz399635,3.5926
20240924,2.2,1.1417,43.18,2.18,True,sz300189,1.1791
20240926,33.95,1.2543,39.29,33.53,True,sz300613,1.857
20240822,4.15,0.8832,0.24,4.11,False,sz000595,3.1448
20250625,29.43,1.4909,2.55,29.0,False,sz001373,1.1141
20240926,5.79,0.0317,7.77,5.79,False,sz000590,1.0171
20240927,18.28,1.0447,12.8,18.09,False,sz300045,2.4659
20240927,6.48,1.0133,2.16,6.41,False,sz002719,2.8496
20250721,30.85,0.3074,0.45,30.76,False,sz002978,2.9798
20240927,10.82,0.4814,16.64,10.77,False,sz300522,1.6328
20240924,4.48,1.9262,33.92,4.4,True,sz300658,1.0288
20240926,11.67,0.6071,9.94,11.6,False,sz002757,1.6239
20250905,14.96,3.3048,0.4,14.48,False,sz301246,1.3135
20240927,40.3,1.0931,6.23,39.86,False,sz002230,3.5637
20240930,5.19,4.523,-8.48,4.97,False,sz000723,3.4871
20240809,31.91,0.717,4.17,31.68,False,sz002463,1.0565
20260209,13.22,1.3609,6.58,13.04,False,sz300839,2.6642
20251021,2.05,0.482,-0.98,2.04,False,sz002936,0.9525
20240930,6.37,4.4277,-2.35,6.1,False,sz002167,1.8962
20251121,86.0,1.4698,16.28,84.75,False,sz301225,2.4172
20240927,10.84,2.9073,2.31,10.53,False,sz002253,2.341
20240926,2235.51,2.8908,15.76,2172.7,False,sz399653,2.2622
20240927,9.42,3.2008,-0.74,9.13,False,sz002129,2.633
20251226,55.93,0.1038,3.45,55.87,False,sz301096,2.4909
20240930,22.09,11.3258,-3.94,19.84,False,sz300488,7.9097
20240924,7.6,1.2829,20.26,7.51,True,sz000920,0.9424
20240930,8.71,4.4093,-1.84,8.34,False,sz002860,4.9861
20240927,7.07,3.7198,9.47,6.82,False,sz002787,1.9088
20240930,14.32,5.5253,0.42,13.57,False,sz200028,6.4665
20240927,19.8,11.9097,23.28,17.69,True,sz300226,5.3544
20240926,2.41,7.4414,12.86,2.24,False,sz000069,4.9892
20251230,46.77,1.138,-5.79,46.24,False,sz300920,2.0956
20240930,12.07,6.6404,0.0,11.32,False,sz002053,2.6302
20240927,6.04,6.2213,6.45,5.69,False,sz300095,3.4004
20260127,53.3,3.163,9.62,51.67,False,sz300689,4.2841
20240930,7.26,2.8499,-5.65,7.06,False,sz300268,8.5599
20240731,10.16,0.6995,-1.87,10.09,False,sz002534,0.8772
20240930,6.84,3.2479,-2.78,6.62,False,sz000027,3.8187
20250905,19.8,0.6198,1.72,19.68,False,sz301311,0.5095
20250624,17.42,2.7974,2.18,16.95,False,sz001209,0.5649
20240925,1557.34,1.9884,14.36,1526.98,False,sz399683,1.7981
20250702,7.58,0.6997,0.66,7.53,False,sz002282,1.7289
20250624,19.55,0.1477,1.53,19.52,False,sz301046,1.7194
20240924,1.42,2.9421,24.65,1.38,True,sz002663,3.0482
20250929,56.96,1.6662,-6.99,56.03,False,sz300723,0.5823
20240819,5.45,0.4323,-5.69,5.42,False,sz000617,3.198
20240926,80.62,1.897,4.13,79.12,False,sz002304,3.5355
20250624,13.46,1.3393,4.09,13.28,False,sz002802,0.9359
20240830,16.84,3.2403,-6.99,16.31,False,sz300458,1.0868
20240930,13.46,10.8479,-8.4,12.14,False,sz300171,5.0028
20250624,22.4,1.5035,1.7,22.07,False,sz301008,1.3451
20240930,5.28,7.1664,0.57,4.93,False,sz002519,3.7765
20251124,17.22,1.5021,7.43,16.97,False,sz300943,0.2828
20240813,1.76,0.2325,7.95,1.76,False,sz000659,0.9426
20250930,29.21,4.4722,8.11,27.96,False,sz002985,3.0224
20240930,12.9,7.3661,-4.19,12.01,False,sz300416,2.6898
20240927,4.29,1.2159,0.7,4.24,False,sz002283,2.4665
20240927,983.21,3.6359,5.77,948.72,False,sz399806,2.1599
20240731,4.16,1.6678,-0.72,4.09,False,sz002701,1.9885
20240926,2.94,0.2728,9.86,2.93,False,sz002266,1.5978
20250624,9.72,1.1319,0.1,9.61,False,sz002960,0.675
20240802,2.9,2.0288,-8.97,2.84,False,sz000892,3.7567
20240918,4.49,2.7519,12.25,4.37,False,sz002686,4.8399
20240812,2.48,14.1542,-8.87,2.17,False,sz300013,5.2815
20240926,7861.26,3.5452,8.53,7592.1,False,sz399552,2.0702
20240918,2.23,0.8817,4.48,2.21,False,sz002228,1.5651
20251225,36.64,0.8925,-4.26,36.32,False,sz301397,3.1814
20250725,29.21,9.7367,-11.16,26.62,False,sz003006,2.036
20240924,17.35,1.8851,73.43,17.03,True,sz300623,1.4508
20240807,2.9,1.1461,0.0,2.87,False,sz000691,0.8851
20250624,43.54,1.5968,0.76,42.86,False,sz300842,1.6673
20240925,2.12,1.6137,8.96,2.09,False,sz002418,2.9189
20250714,16.18,0.7791,0.25,16.05,False,sz002884,1.4056
20240924,11.7,3.2163,25.21,11.34,True,sz000422,1.2638
20240930,10.27,8.394,-7.11,9.47,False,sz300559,2.411
20250624,19.21,1.659,1.82,18.9,False,sz002903,0.9884
20240906,8.85,4.7079,-8.93,8.45,False,sz002456,3.3082
20240927,21.92,4.3791,4.7,21.0,False,sz000938,3.0959
20251124,27.26,0.948,3.34,27.0,False,sz301273,1.6914
20240930,5.46,9.2127,-3.48,5.0,False,sz000516,2.0897
20240730,1.13,4.5006,3.54,1.08,False,sz002005,0.7555
20240930,12.35,3.2961,-8.26,11.96,False,sz002878,1.7645
20250314,3.25,0.5056,0.62,3.23,False,sz200030,0.7945
20240911,3.41,2.6696,-4.69,3.32,False,sz002562,2.328
20240812,6.0,0.4106,-2.83,5.97,False,sz002836,2.4184
20240805,2.43,0.2579,-3.29,2.42,False,sz000558,3.3777
20240927,6.22,4.9258,5.63,5.93,False,sz300270,2.2618
20250728,19.43,0.0425,0.46,19.42,False,sz300691,1.8396
20251126,58.46,0.1169,1.52,58.39,False,sz300976,1.4034
20240930,16.41,13.4234,-4.27,14.47,False,sz300127,7.5245
20240807,65.69,2.9173,0.32,63.83,False,sz002028,0.9965
20250703,19.02,1.7956,1.05,18.68,False,sz301539,1.9614
20240923,1.76,0.0426,22.16,1.76,True,sz002486,1.1506
20240731,5.94,11.8311,-8.08,5.31,False,sz300169,3.2852
20240731,14.18,2.6898,-8.96,13.81,False,sz002635,0.8966
20240918,8.39,3.576,-1.91,8.1,False,sz002066,3.5312
20250703,17.76,4.1698,7.71,17.05,False,sz301010,5.2513
20240927,2402.1,2.5094,5.07,2343.3,False,sz399428,1.8067
20240830,34.06,1.5545,-0.06,33.54,False,sz002352,3.0923
20251014,58.67,1.5261,2.66,57.79,False,sz301577,1.557
20250624,33.1,2.1672,4.23,32.4,False,sz300892,0.4472
20240930,9.05,10.4327,-5.53,8.19,False,sz300258,5.2522
20240930,6.63,3.8791,-9.2,6.38,False,sz000017,1.6608
20260120,8.13,0.9113,0.49,8.06,False,sz002998,2.3595
20251201,16.3,0.0757,3.68,16.29,False,sz301321,1.6474
20240926,4.67,0.9233,6.0,4.63,False,sz000570,1.2991
20240731,5.32,0.6819,-2.07,5.28,False,sz002063,1.3881
20240930,1.0,4.8951,-3.0,0.95,False,sz200056,12.1123
20240927,4.39,0.2408,-0.68,4.38,False,sz000059,2.7559
20250806,57.14,1.6223,3.76,56.23,False,sz300910,1.1052
20250811,83.48,1.1754,2.67,82.51,False,sz301608,2.5234
20251211,30.38,0.9501,-4.38,30.09,False,sz301192,1.1711
20240927,1.43,1.3705,-1.4,1.41,False,sz000669,2.0866
20240926,3127.31,1.982,13.23,3066.53,False,sz399400,2.0723
20240808,8.19,4.1047,-1.22,7.87,False,sz300426,5.4232
20240822,7.84,0.2207,-2.04,7.82,False,sz300141,0.7883
20250314,23.26,1.0949,-4.51,23.01,False,sz001696,0.4419
20251112,44.4,2.7441,-8.11,43.21,False,sz001277,6.524
20240926,4.9,8.6314,1.63,4.51,False,sz002187,2.4417
20251126,25.42,1.7519,-7.12,24.98,False,sz301038,2.2996
20240930,17.39,3.0229,-10.93,16.88,False,sz002833,3.3291
20240930,6.72,9.5681,-4.61,6.13,False,sz002334,5.3617
20251020,18.26,2.4567,-2.63,17.82,False,sz300713,1.7282
20240731,8.47,0.5461,-7.91,8.42,False,sz300468,1.0737
20250630,14.94,0.6213,0.54,14.85,False,sz001239,0.8042
20250624,26.04,5.261,1.39,24.74,False,sz301076,1.3523
20240806,27.94,0.6818,-0.25,27.76,False,sz002653,1.0828
20240925,5.82,0.0573,7.73,5.82,False,sz000713,1.7245
20240930,4.92,2.801,-1.08,4.79,False,sz002200,6.6709
20240801,6.53,0.9014,-1.38,6.47,False,sz000089,1.8291
20250624,32.86,2.0077,-2.04,32.21,False,sz002906,1.4817
20240930,28.46,2.9714,-6.29,27.64,False,sz002880,4.0422
20240827,12.22,0.1573,3.93,12.2,False,sz002767,2.5779
20260121,31.65,4.5285,1.64,30.28,False,sz300669,2.6753
20240924,11.46,0.0091,45.4,11.45,True,sz300288,1.6438
20240816,3.82,0.1623,-7.08,3.81,False,sz000973,3.9089
20240816,6.08,0.6027,-3.95,6.04,False,sz300512,3.5081
20250923,4.84,0.6028,-1.65,4.81,False,sz002948,0.7643
20240826,7.5,0.8649,4.8,7.44,False,sz300626,1.0549
20240930,16.1,14.7292,8.32,14.03,False,sz300075,4.8779
20240814,10.84,18.3449,-11.81,9.16,False,sz300322,1.77
20240925,6.37,2.7378,7.54,6.2,False,sz000910,2.4605
20251027,12.86,3.0511,-0.86,12.48,False,sz300824,2.416
20240806,11.12,0.3754,-0.45,11.08,False,sz002119,0.5522
20240927,1631.98,3.3564,1.58,1578.98,False,sz399663,2.6701
20240920,12.93,5.3006,8.43,12.28,False,sz300645,2.3547
20240919,19.87,2.2113,2.61,19.44,False,sz002683,1.2209
20240806,4.73,0.8045,-0.63,4.69,False,sz300016,2.5096
20251205,6.45,0.9737,-3.1,6.39,False,sz301215,0.6136
20240930,23.23,6.1389,-8.14,21.89,False,sz002430,3.3756
20251212,28.88,0.7729,8.41,28.66,False,sz301446,0.8007
20240802,2.84,0.1263,-2.82,2.84,False,sz002157,1.7883
20240926,4.1,1.4559,19.85,4.04,False,sz300058,1.9223
20240930,16.38,9.4973,2.53,14.96,False,sz300540,5.5763
20240806,18.76,0.2003,-0.48,18.72,False,sz300489,0.5272
20250624,15.8,1.5751,5.0,15.55,False,sz301439,1.1879
20240930,18.96,1.7536,-3.53,18.63,False,sz002128,2.9157
20250630,20.67,0.218,-1.16,20.63,False,sz001311,0.9549
20240814,1.96,1.8182,35.2,1.93,True,sz300027,6.6137
20250710,8.07,1.0729,-3.47,7.98,False,sz002400,3.0889
20240930,12.19,9.4443,-4.27,11.14,False,sz000688,3.1276
20250624,14.67,0.7169,0.07,14.57,False,sz300675,0.9356
20240927,7.34,1.1008,-3.17,7.26,False,sz002252,2.6371
20240731,31.26,2.5924,1.66,30.47,False,sz300294,1.303
20240930,10.09,1.6495,-7.24,9.92,False,sz002735,3.3497
20250624,54.69,0.2585,1.77,54.55,False,sz301110,0.7112
20240801,11.11,4.7364,0.99,10.61,False,sz300069,2.4579
20240926,11.33,1.1765,8.47,11.2,False,sz002462,1.39
20250708,14.8,0.4866,0.54,14.73,False,sz300838,1.2603
20250806,17.79,0.6891,17.54,17.67,False,sz002937,1.9474
20240923,13.52,1.2551,27.59,13.35,True,sz300659,2.7885
20240930,2377.1,5.1558,-4.22,2260.55,False,sz399998,3.953
20240927,36.8,0.0774,-4.46,36.77,False,sz002756,2.4008
20240927,4.36,1.9704,7.34,4.28,False,sz002105,1.8051
20251027,92.75,0.7352,-3.87,92.07,False,sz301209,1.3312
20250702,25.93,0.0601,-2.43,25.91,False,sz300876,0.6949
20240924,7991.4,1.2932,29.25,7889.38,True,sz399356,2.0327
20240815,1.96,4.3571,-11.73,1.88,False,sz300370,3.3786
20251015,23.8,1.9698,-4.79,23.34,False,sz300791,0.6659
20240927,4.52,1.8433,2.65,4.44,False,sz000591,4.1456
20240812,4.59,0.3741,-3.7,4.57,False,sz002082,2.6552
20240801,4.9,1.024,-12.65,4.85,False,sz300044,1.0589
20250821,6.91,2.2504,-1.59,6.76,False,sz003032,1.9399
20240930,11.23,7.0196,11.58,10.49,False,sz002718,2.347
20240930,19.75,7.9928,-8.46,18.29,False,sz002518,4.0369
20240731,9.45,1.8757,1.16,9.27,False,sz000876,0.972
20250930,10.55,0.6613,-2.75,10.48,False,sz300942,0.5448
20250826,20.27,2.8242,-5.38,19.71,False,sz002984,4.1578
20240930,13.41,14.5353,-4.1,11.7,False,sz300244,3.5797
20240829,8.64,2.5492,-2.2,8.42,False,sz000045,1.3148
20240926,2.54,1.5492,0.79,2.5,False,sz000838,2.3924
20240808,4.92,7.4903,-7.73,4.57,False,sz002556,0.6395
20240813,10.52,0.8433,-2.0,10.43,False,sz300590,0.4577
20250624,10.23,1.7047,4.2,10.06,False,sz001208,0.4561
20240920,2.69,1.7398,6.69,2.64,False,sz002031,3.8539
20240930,3.86,3.7263,-5.7,3.72,False,sz002366,4.3321
20251212,18.76,0.4032,0.85,18.68,False,sz300741,3.0932
20250926,41.8,1.6335,-1.29,41.13,False,sz301024,1.4261
20240926,17.6,0.0521,8.29,17.6,False,sz002601,1.86
20240805,3.59,0.0953,1.67,3.59,False,sz000488,2.6301
20250630,41.27,1.6146,-1.09,40.62,False,sz301297,1.5952
20240927,63.97,1.6232,22.35,62.95,True,sz300474,3.6578
20240925,5.55,0.4093,29.37,5.53,True,sz300227,2.1594
20240919,7.81,0.9479,8.83,7.74,False,sz000815,1.5722
20250624,33.55,2.9318,2.53,32.59,False,sz001225,1.3999
20240927,7.54,2.22,1.86,7.38,False,sz002783,3.7526
20240806,12.18,0.7368,-0.82,12.09,False,sz002019,0.8468
20240816,9.94,4.5739,9.46,9.51,False,sz000810,7.4457
20240807,5.79,0.1095,-2.76,5.78,False,sz300222,0.4936
20250924,18.36,1.8797,38.13,18.02,True,sz301292,0.4099
20240913,1.57,0.2501,0.0,1.57,False,sz300091,1.3818
20240731,7.29,1.0815,-3.7,7.21,False,sz000544,1.3786
20250725,30.57,4.0843,0.65,29.37,False,sz301021,1.9629
20240930,7.13,5.4796,-1.54,6.76,False,sz002057,5.9582
20250627,58.5,7.9573,-6.6,54.19,False,sz301315,5.2323
20240927,7.23,3.4569,4.15,6.99,False,sz002530,3.6002
20240731,2.06,0.5963,-0.97,2.05,False,sz200505,1.9886
20250724,56.24,0.4021,-4.36,56.01,False,sz301611,3.6098
20240927,12.19,8.0107,-4.68,11.29,False,sz002849,1.8394
20240926,2191.76,0.1039,21.6,2189.49,True,sz399687,1.6593
20250702,27.68,0.7146,-2.53,27.48,False,sz300727,4.2351
20250714,74.48,0.9487,4.05,73.78,False,sz301525,0.8639
20240926,1.97,1.3114,18.27,1.94,False,sz002629,1.0187
20241008,6.73,1.428,-14.41,6.64,False,sz300175,3.1054
20240731,3.95,2.0298,-4.3,3.87,False,sz300241,0.682
20240816,3.51,5.1685,-13.96,3.34,False,sz300412,4.7613
20250624,33.51,4.2231,-2.63,32.15,False,sz300769,2.5863
20251124,57.28,0.6139,12.95,56.93,False,sz301338,0.6046
20240926,1423.48,0.1534,14.11,1421.3,False,sz399434,1.9412
20240814,5.68,0.6027,-3.88,5.64,False,sz300388,1.3211
20251022,36.76,2.4108,1.82,35.89,False,sz301138,2.4164
20240927,7.83,1.9085,5.75,7.68,False,sz300041,2.5954
20240731,4.94,1.6493,-6.88,4.86,False,sz002429,1.2037
20240930,6.95,2.236,-7.77,6.8,False,sz002100,3.8769
20251015,26.21,0.7802,3.24,26.01,False,sz301176,0.4243
20240927,5.87,1.8148,1.02,5.77,False,sz002753,2.2683
20250908,19.73,2.6722,-1.47,19.22,False,sz002932,0.9736
20240927,8.6,0.4981,10.12,8.56,False,sz300568,2.3362
20240924,3.44,0.0145,26.16,3.44,True,sz002467,1.9334
20240927,2.17,3.5058,0.92,2.1,False,sz000727,1.7143
20240930,9.16,1.4256,-4.69,9.03,False,sz002234,5.8598
20240926,6.6,5.5353,6.36,6.25,False,sz002163,1.7712
20260108,16.41,0.8052,4.39,16.28,False,sz301115,1.3561
20240927,6.82,2.8567,2.79,6.63,False,sz002730,2.923
20240730,5.06,0.3414,0.4,5.04,False,sz002404,0.7797
20251029,52.75,0.2842,-2.54,52.6,False,sz301221,0.8637
20251022,13.21,4.4069,1.36,12.65,False,sz002898,1.0663
20240930,7.92,6.0135,-7.95,7.47,False,sz300358,4.7073
20240924,3.8,0.0175,28.95,3.8,True,sz300022,1.2015
20251010,31.36,1.6756,-4.11,30.84,False,sz301092,1.9564
20240927,5314.32,5.0008,4.54,5061.22,False,sz399657,2.7991
20240730,5.68,5.5386,9.86,5.38,False,sz000159,5.5775
20260209,43.64,0.4242,-1.63,43.46,False,sz300810,1.1352
20240930,31.99,12.1616,4.81,28.52,False,sz300316,4.4917
20250114,13.15,3.8452,2.05,12.66,False,sz300275,0.8484
20250624,14.68,2.3799,0.2,14.34,False,sz300694,2.5081
20240912,6.4,7.8243,-6.88,5.94,False,sz002529,2.6648
20250730,46.36,3.2902,-1.77,44.89,False,sz300973,1.3324
20240826,4.83,1.7317,13.66,4.75,False,sz300088,3.8763
20240826,2.13,3.7127,-0.94,2.05,False,sz000809,1.3362
20251124,30.68,2.0495,8.25,30.06,False,sz301511,0.6083
20240930,5.77,2.3655,-9.19,5.64,False,sz002567,3.9357
20240808,36.2,0.9403,-0.77,35.86,False,sz000513,1.2238
20240930,5.94,8.7962,-2.53,5.46,False,sz002357,2.9353
20251205,43.01,0.1729,-0.67,42.94,False,sz300770,0.9634
20240806,4.29,2.9579,-8.62,4.17,False,sz300391,0.6492
20251203,28.1,5.4844,-12.28,26.64,False,sz300897,4.2166
20240815,2.44,1.112,-1.23,2.41,False,sz002630,1.8785
20250703,21.51,3.5701,0.51,20.77,False,sz301015,1.337
20240930,10.35,4.773,-10.63,9.88,False,sz002319,1.6889
20240926,4.3,0.7596,8.6,4.27,False,sz002483,1.8238
20240930,16.89,6.9247,-4.5,15.8,False,sz300445,4.8361
20240930,33.18,15.9025,-4.37,28.63,False,sz300122,4.3864
20240927,86.32,6.6738,4.15,80.92,False,sz002850,1.912
20251027,13.47,0.9064,0.3,13.35,False,sz301408,1.6307
20240926,1319.64,0.4025,18.13,1314.35,False,sz399557,2.2553
20240927,22.17,3.3896,5.64,21.44,False,sz300571,1.9971
20260121,155.4,5.3524,-4.79,147.5,False,sz301392,1.9776
20251224,34.09,0.2468,8.27,34.01,False,sz300644,1.0444
20240927,2.13,0.0626,0.47,2.13,False,sz002263,2.6481
20250624,38.72,3.1883,-0.65,37.52,False,sz002965,1.1856
20240925,2.06,0.5804,11.14,2.05,False,sz000897,3.0438
20250724,39.65,0.3886,3.28,39.5,False,sz301121,0.3979
20240806,13.37,0.0817,0.45,13.36,False,sz300191,2.2006
20240927,3201.89,3.3811,7.19,3097.17,False,sz399803,2.5329
20240924,4.61,1.0669,22.34,4.56,True,sz002453,5.2674
20250626,37.53,1.1968,-4.77,37.09,False,sz300809,4.4582
20251104,21.14,0.8214,2.84,20.97,False,sz301276,0.9404
20240806,8.08,0.4413,-0.25,8.04,False,sz002134,0.6
20240902,6.85,1.2689,-2.04,6.76,False,sz002387,6.4911
20240909,9.03,2.6691,3.21,8.8,False,sz300341,8.3838
20250905,17.98,0.6362,0.61,17.87,False,sz300847,0.3837
20250625,45.35,0.7114,-1.7,45.03,False,sz002881,1.3139
20250804,18.31,0.3861,3.17,18.24,False,sz301238,0.7057
20240924,10.66,0.532,34.13,10.61,True,sz002729,0.9315
20250929,12.18,0.1847,1.23,12.16,False,sz003003,0.836
20240930,4.87,14.1302,8.63,4.26,False,sz300070,5.0513
20250804,14.26,2.2633,-0.63,13.94,False,sz301109,1.4219
20240930,5.13,6.9323,-5.06,4.8,False,sz000758,3.8678
20240815,8.55,0.5754,-2.69,8.5,False,sz300517,0.4392
20240927,4.89,2.4924,4.7,4.77,False,sz002382,2.6611
20250703,22.35,0.7574,0.45,22.18,False,sz001308,0.9846
20240927,3488.8,4.4276,12.15,3340.88,False,sz399018,2.6625
20240924,5.55,0.0406,34.23,5.55,True,sz002762,1.119
20240927,1.68,5.8601,-1.19,1.58,False,sz002131,5.4015
20240927,4.07,2.9402,0.74,3.95,False,sz000716,3.7833
20240918,6.76,0.4868,3.11,6.73,False,sz002205,1.8227
20240930,8.5,11.3306,-4.59,7.63,False,sz300490,3.5163
20240925,3.89,0.9079,17.74,3.85,False,sz300194,1.8904
20240927,10.27,2.862,6.72,9.98,False,sz002152,3.3894
20240919,5.85,4.6777,4.79,5.59,False,sz300369,1.6435
20250630,31.76,0.5824,-2.42,31.58,False,sz300788,2.5968
20250708,41.1,3.3,-3.28,39.79,False,sz301210,1.5244
20240927,1170.62,6.8246,10.56,1095.83,False,sz399666,2.3014
20240925,4.16,0.2873,15.38,4.15,False,sz300640,0.9464
20240730,19.43,0.4849,-2.11,19.34,False,sz300327,0.991
20240927,27.05,0.0592,2.4,27.03,False,sz000915,2.9283
20250630,7.86,1.2033,15.14,7.77,False,sz300821,2.6743
20240930,21.88,7.7099,-3.56,20.31,False,sz002855,1.8453
20251020,19.55,1.5671,4.81,19.25,False,sz301197,0.6149
20250624,22.29,2.7569,1.79,21.69,False,sz001211,1.0337
20240924,5.3,0.706,36.96,5.27,True,sz300440,1.4717
20240801,6.43,7.1116,-9.18,6.0,False,sz300213,15.4679
20240926,764.87,0.5326,13.27,760.82,False,sz399235,2.02
20240930,12.36,6.1639,-5.99,11.64,False,sz000821,3.4554
20250624,23.83,0.6244,3.48,23.68,False,sz300915,0.3414
20240930,12.8,11.8783,3.2,11.44,False,sz300589,6.0891
20240731,5.29,2.788,3.4,5.15,False,sz000788,1.4881
20240926,5.16,2.1104,5.62,5.05,False,sz000012,1.6162
20240731,70.24,2.6875,-16.0,68.4,False,sz300394,1.2191
20240925,1.12,2.1121,13.39,1.1,False,sz002501,4.3113
20251027,25.72,0.405,0.43,25.62,False,sz300775,1.6456
20250805,22.3,0.2732,2.87,22.23,False,sz301073,0.4939
20240806,1.35,3.4813,20.0,1.3,True,sz002656,0.8469
20250709,23.16,3.4465,0.39,22.39,False,sz300938,2.1487
20240806,6.96,2.8508,-4.6,6.77,False,sz002331,1.0357
20250818,8.6,1.0121,12.56,8.51,False,sz300716,1.3768
20240927,8.57,0.1227,4.78,8.56,False,sz300144,3.0191
20240930,11.56,3.1322,-9.69,11.21,False,sz002182,3.8527
20250707,14.78,2.2973,1.76,14.45,False,sz300758,1.1627
20260119,30.14,1.4505,0.8,29.71,False,sz301309,1.1782
20240926,1872.69,1.8405,20.85,1838.85,True,sz399405,2.7481
20240925,5.5,0.7587,18.18,5.46,False,sz300423,1.8262
20240812,13.1,1.2678,-1.45,12.94,False,sz002034,2.3305
20240903,6.31,1.0341,0.63,6.25,False,sz002667,1.6394
20240927,9.4,0.3121,-1.49,9.37,False,sz002553,2.3367
20240930,5.45,6.9414,-6.97,5.1,False,sz002300,5.4745
20240927,17.07,6.2508,9.02,16.07,False,sz300595,5.3332
20250812,18.69,1.105,4.28,18.49,False,sz301376,1.5882
20250908,17.87,0.7963,0.34,17.73,False,sz300594,0.7325
20240819,3.47,1.1809,0.58,3.43,False,sz002807,1.6323
20250901,21.55,0.8934,-1.02,21.36,False,sz300947,0.7924
20251201,32.57,9.2797,-5.04,29.8,False,sz002981,5.7695
20240926,19.42,0.7034,19.98,19.29,False,sz002287,1.9041
20240830,9.09,0.1892,-8.58,9.07,False,sz300471,1.3376
20250624,32.78,0.128,2.87,32.74,False,sz301508,1.0738
20240808,4.6,2.7091,-8.7,4.48,False,sz300158,4.7077
20240927,2253.84,5.4064,4.54,2138.24,False,sz399383,1.8392
20240926,13.93,1.6906,14.07,13.7,False,sz000997,1.6851
20240926,5.98,1.9246,7.19,5.87,False,sz002363,1.1219
20240801,1616.42,0.3578,-4.11,1610.66,False,sz399419,1.5085
20240802,5.28,6.1449,-11.55,4.97,False,sz000670,7.5019
20251014,17.0,0.6554,-0.06,16.89,False,sz300997,0.4339
20251225,16.82,9.3907,-11.36,15.38,False,sz002951,6.8041
20251124,7.77,1.3236,16.47,7.67,False,sz300670,0.9066
20240927,4.57,4.5089,1.97,4.37,False,sz300291,2.298
20250625,48.23,0.4225,-5.47,48.03,False,sz001314,1.2191
20240920,4.33,7.7539,39.95,4.02,True,sz002583,0.879
20240926,3.77,0.1638,4.77,3.76,False,sz000090,3.1142
20240829,24.38,1.9892,-1.8,23.9,False,sz300545,5.3178
20240927,2.09,2.9176,24.88,2.03,True,sz002219,1.4699
20240925,13.7,1.5109,12.48,13.5,False,sz300612,5.1958
20251020,8.0,0.553,8.75,7.96,False,sz003037,0.3336
20240923,11.88,1.3998,25.67,11.72,True,sz300188,5.268
20250624,19.28,0.2174,2.7,19.24,False,sz300873,0.8685
20240731,4.23,1.0561,-6.38,4.19,False,sz300375,1.2044
20250804,91.2,0.5249,-2.8,90.72,False,sz301596,2.5868
20250625,47.3,1.205,0.34,46.74,False,sz001339,1.0403
20240801,3.9,1.7767,0.26,3.83,False,sz000909,1.1574
20240927,9.41,1.6858,-2.02,9.25,False,sz000722,3.0083
20240823,4.51,1.5728,-1.33,4.44,False,sz002231,5.8238
20251024,47.44,0.5099,3.35,47.2,False,sz301173,1.0298
20240930,18.98,12.7307,1.21,16.84,False,sz300523,5.0245
20250624,44.32,2.7961,-1.04,43.11,False,sz002979,1.6394
20240930,27.56,8.4252,-1.81,25.41,False,sz300617,7.2443
20240927,31.13,2.9405,-4.69,30.24,False,sz000921,1.9256
20260113,24.83,1.5989,0.77,24.44,False,sz300815,3.4741
20240924,1.74,0.0479,0.57,1.74,False,sz002586,0.7742
20240930,7.06,13.77,-3.12,6.21,False,sz300313,3.8737
20260408,55.2,0.4327,3.35,54.96,False,sz301097,0.9065
20240927,2388.48,8.6834,12.23,2197.65,False,sz399652,2.4559
20240926,14.88,1.926,17.88,14.6,False,sz002401,3.3244
20251015,25.85,1.133,1.24,25.56,False,sz300992,0.6047
20240806,7.1,0.7235,-4.93,7.05,False,sz002166,1.6586
20260316,26.03,0.1396,-7.8,25.99,False,sz001296,0.4668
20260112,42.76,1.2075,-0.87,42.25,False,sz301310,2.1198
20240926,9.0,1.6499,7.33,8.85,False,sz000026,1.6158
20240926,3.39,1.5477,12.39,3.34,False,sz002535,1.408
20240815,4.0,13.7791,-28.75,3.52,False,sz300269,5.5702
20250624,30.35,1.1967,4.18,29.99,False,sz300688,1.0283
20240926,3.09,5.7073,14.89,2.92,False,sz300094,2.4374
20240926,4.81,0.074,7.69,4.81,False,sz000541,1.6075
20240809,1.62,0.6003,-8.02,1.61,False,sz002052,1.1185
20240930,4.89,7.6308,-4.5,4.55,False,sz002328,5.8996
20240910,3.18,2.8461,-2.52,3.09,False,sz000068,0.854
20251013,22.57,0.6215,-2.08,22.43,False,sz300921,0.982
20241008,21.43,18.4911,-23.19,18.09,False,sz300280,2.8548
20240919,8.76,2.8984,6.05,8.51,False,sz002786,2.6772
20240829,2.16,0.5041,-1.39,2.15,False,sz200029,1.9949
20240820,11.31,4.092,-3.54,10.87,False,sz300113,5.5463
20240809,9.22,0.4221,10.52,9.18,False,sz002861,1.0507
20240927,5.93,0.6691,0.34,5.89,False,sz000791,2.5924
20240731,7.95,2.0419,-4.53,7.79,False,sz300417,0.6483
20240815,6420.35,0.7706,3.57,6371.25,False,sz399431,0.9138
20251015,13.92,0.067,-0.29,13.91,False,sz301009,1.7715
20240829,6.39,2.5537,0.47,6.23,False,sz300170,2.7724
20240926,3.75,2.6741,22.93,3.65,True,sz300459,2.275
20240809,1.68,0.0248,-8.93,1.68,False,sz002305,4.1347
20251010,32.14,1.6322,-2.33,31.62,False,sz301373,1.1743
20250908,32.87,0.26,-1.83,32.78,False,sz300722,0.5097
20251114,43.96,0.1953,-9.92,43.87,False,sz301520,1.2141
20240925,2475.9,0.5999,19.81,2461.14,False,sz399965,2.3586
20240930,3.16,8.4757,-3.17,2.91,False,sz002662,4.2887
20260109,72.09,1.1047,8.0,71.3,False,sz301047,1.8615
20240926,1161.13,1.152,20.1,1147.91,True,sz399682,1.645
20250904,3.45,0.2324,4.06,3.44,False,sz002969,1.0806
20250715,38.0,1.0444,-1.68,37.61,False,sz300781,1.8102
20240927,14.0,2.6914,6.43,13.63,False,sz300360,2.4767
20251015,119.98,3.3942,1.8,116.04,False,sz300866,0.7409
20240808,5.81,5.4223,-11.7,5.51,False,sz000952,5.0997
20251125,60.94,0.8674,0.95,60.42,False,sz301219,0.6452
20240801,21.66,0.3471,-5.59,21.59,False,sz300054,0.7979
20251205,19.17,2.3237,-1.51,18.73,False,sz003022,0.5456
20240930,12.49,4.99,-3.76,11.9,False,sz300607,5.5444
20240930,4.0,1.6518,-5.0,3.93,False,sz002092,5.1049
20240731,22.27,0.1135,-7.37,22.24,False,sz002472,1.5592
20260327,56.26,3.4929,4.51,54.36,False,sz301257,1.6813
20240927,4.97,2.3915,0.2,4.85,False,sz002115,1.7023
20240930,11.47,11.7135,3.14,10.27,False,sz300649,4.0622
20240930,8.15,11.6846,15.21,7.3,False,sz300284,2.6281
20240930,11.32,7.2251,-5.92,10.56,False,sz002242,3.6352
20251031,18.98,0.7126,5.8,18.85,False,sz300982,0.5355
20240816,4.47,0.8915,-2.01,4.43,False,sz300079,7.3872
20260203,21.3,0.4425,-0.89,21.21,False,sz301100,0.9755
20260107,9.51,0.4259,0.21,9.47,False,sz001286,1.2546
20240927,8.53,0.749,-1.41,8.47,False,sz002725,2.5533
20251124,19.4,0.5537,2.53,19.29,False,sz301429,2.918
20240731,11.59,0.8564,-6.21,11.49,False,sz300499,1.1288
20240802,10.6,1.4458,3.87,10.44,False,sz300550,1.3773
20240906,1.71,1.2234,9.94,1.69,False,sz002596,3.6014
20240815,4.77,0.6131,-2.73,4.74,False,sz300303,1.7361
20250701,27.72,1.6135,0.22,27.28,False,sz003041,0.9034
20250721,51.9,0.1712,2.5,51.81,False,sz001301,1.2399
20250701,32.91,0.047,1.12,32.89,False,sz301087,1.3219
20240927,28.81,2.8269,10.07,28.02,False,sz002338,1.5495
20260324,11.95,6.0478,3.93,11.27,False,sz300931,0.9559
20251015,39.42,0.044,0.25,39.4,False,sz301287,0.6806
20240807,8.93,2.4925,-3.47,8.71,False,sz002796,1.7287
20240801,4.38,4.7054,-2.51,4.18,False,sz300103,1.4969
20240923,3.66,1.2495,14.75,3.61,False,sz000665,3.3987
20240910,5.38,0.3944,0.93,5.36,False,sz002376,0.9422
20250709,7.27,0.4264,0.28,7.24,False,sz002797,3.1875
20240816,4.59,1.633,-7.19,4.52,False,sz300279,2.2959
20240927,19819.08,4.3214,1.14,18998.1,False,sz399396,2.6436
20240925,5.13,2.7169,9.36,4.99,False,sz000498,2.7819
20240731,6.5,8.7441,-11.54,5.98,False,sz002611,2.7013
20240927,15.33,0.8459,1.04,15.2,False,sz300580,3.8926
20250724,19.07,0.5406,-3.57,18.97,False,sz301363,0.9307
20240925,8.91,1.5101,18.17,8.78,False,sz000828,3.4054
20240926,3.56,0.0656,7.87,3.56,False,sz000055,2.7071
20240927,1.86,2.8334,-2.15,1.81,False,sz002021,3.8825
20240731,12.4,6.178,-5.89,11.68,False,sz000532,2.6563
20240927,8.66,1.6209,2.89,8.53,False,sz200869,5.4164
20240927,6.15,1.1014,-2.11,6.08,False,sz002292,1.7939
20250624,27.35,2.9891,3.14,26.56,False,sz300952,0.5941
20240927,20.45,0.1978,-0.98,20.41,False,sz002508,2.7761
20240926,2.87,1.6649,20.56,2.82,True,sz300165,1.6109
20251209,66.9,3.4059,-5.47,64.7,False,sz001400,3.3125
20240927,5.6,1.4876,2.14,5.52,False,sz002639,2.2226
20251015,181.59,2.1812,-2.75,177.71,False,sz300779,1.1349
20240930,15.2,11.7045,-4.34,13.61,False,sz300402,5.7723
20240927,2501.54,6.8704,11.82,2340.72,False,sz399697,2.3313
20240930,9.64,7.6697,-8.82,8.95,False,sz000537,4.9881
20240930,20.25,8.2881,-5.13,18.7,False,sz002859,3.2771
20240927,2616.65,7.1869,9.32,2441.2,False,sz399970,2.8121
20241008,7.9,3.1623,-11.39,7.66,False,sz002677,5.1801
20251219,20.69,2.3206,0.97,20.22,False,sz301535,3.6661
20251105,5.04,0.2171,4.76,5.03,False,sz300737,0.9817
20240903,1.39,1.3674,3.6,1.37,False,sz002310,2.2716
20250625,81.08,3.3244,-4.54,78.47,False,sz301031,2.2307
20251224,122.0,0.6767,-1.41,121.18,False,sz301662,1.0882
20240925,5.34,5.6641,20.41,5.05,True,sz300081,3.8523
20240904,4.49,0.528,12.92,4.47,False,sz002520,2.8733
20260324,24.83,5.7924,-5.88,23.47,False,sz301305,1.2861
20240930,4.45,7.7852,-4.72,4.13,False,sz002793,3.3151
20251020,22.26,1.6602,4.99,21.9,False,sz001230,0.7499
20240815,17.52,7.2418,23.0,16.34,True,sz300461,1.6149
20251113,25.75,0.5689,-4.27,25.61,False,sz301282,0.6384
20240924,5.17,2.4806,43.9,5.05,True,sz300232,1.1887
20240731,8.42,1.2344,-6.53,8.32,False,sz000800,1.9396
20240927,8027.49,1.7613,5.75,7888.55,False,sz399647,3.0613
20250829,18.86,2.3873,-3.61,18.42,False,sz301082,1.8336
20240927,61.46,8.9256,12.89,56.43,False,sz300661,3.0533
20240829,9.33,4.5642,-1.72,8.92,False,sz300306,5.4022
20251124,11.74,0.9386,2.47,11.63,False,sz300800,1.0567
20250701,57.0,1.6696,4.35,56.06,False,sz001283,2.0133
20240927,7.07,1.9124,-4.24,6.94,False,sz002173,2.2938
20240731,7.85,4.1247,-6.49,7.54,False,sz300348,0.6805
20250624,17.95,1.333,0.78,17.71,False,sz002888,1.4219
20251017,24.71,1.1865,53.1,24.42,True,sz301231,2.148
20240805,6.84,4.9302,-10.23,6.52,False,sz002414,0.7993
20240926,3.95,2.9448,6.33,3.84,False,sz002743,2.0595
20250924,30.74,0.2224,1.14,30.67,False,sz301166,0.8208
20250630,24.93,1.4037,2.01,24.58,False,sz301252,1.752
20240927,4.04,0.0764,1.24,4.04,False,sz002224,2.6115
20240731,8.93,3.2569,-6.27,8.65,False,sz000737,0.9546
20240814,14.09,1.2673,2.13,13.91,False,sz300578,0.9355
20240930,6.52,3.5304,-3.99,6.3,False,sz002097,4.6071
20240926,7.44,1.5931,8.6,7.32,False,sz000779,1.0788
20241024,7.68,1.2925,-2.6,7.58,False,sz300536,1.6729
20240926,6.13,2.5595,4.24,5.98,False,sz002772,2.6701
20250728,50.23,1.5272,0.48,49.47,False,sz301157,2.7152
20240927,3.98,3.2358,1.01,3.86,False,sz002121,2.5106
20260120,32.71,1.3876,5.32,32.26,False,sz301263,2.6059
20240926,5.52,0.5161,12.86,5.49,False,sz000928,2.0882
20240927,6.05,3.279,0.83,5.86,False,sz002446,2.2957
20251203,37.73,2.7652,14.47,36.71,False,sz002913,2.784
20240930,36.21,0.7535,-8.04,35.94,False,sz300633,3.2995
20250624,7.49,0.9468,0.13,7.42,False,sz003016,0.7782
20250624,31.48,1.2564,1.87,31.09,False,sz300852,1.5116
20240930,4.76,7.925,-5.04,4.41,False,sz000966,5.6073
20240930,36.28,6.5584,-7.63,34.05,False,sz300354,7.7834
20240926,3.27,0.9917,18.97,3.24,False,sz002392,1.3548
20240927,12.19,3.2701,-0.49,11.8,False,sz000681,3.1964
20251023,38.82,1.2102,-3.17,38.36,False,sz001335,2.3782
20240930,12.88,0.83,-7.61,12.77,False,sz300003,4.2774
20240927,8.15,0.4426,-3.31,8.11,False,sz002238,2.4238
20250703,14.72,0.2366,-0.27,14.69,False,sz300831,1.5108
20240926,21.4,4.8339,13.13,20.41,False,sz002142,2.1595
20241008,7.21,1.3477,-1.53,7.12,False,sz000598,3.0939
20240925,1.25,2.6413,21.6,1.22,True,sz000882,5.6131
20260121,8.18,2.1957,17.11,8.0,False,sz300798,4.8334
20240927,7.43,0.9001,1.08,7.36,False,sz002276,4.3496
20250804,44.98,3.7344,4.4,43.36,False,sz301000,1.364
20240910,18.81,6.7868,1.33,17.61,False,sz002625,3.236
20250630,17.94,17.2166,-3.85,15.3,False,sz300882,9.2039
20240830,12.66,0.1622,-0.24,12.64,False,sz300384,6.2776
20250905,41.12,0.8434,0.27,40.78,False,sz301567,0.6044
20240731,33.7,1.5262,1.34,33.19,False,sz000651,1.2815
20250918,51.8,4.4666,-1.99,49.59,False,sz300765,1.4582
20240814,2020.01,0.538,-1.42,2009.2,False,sz399438,0.8519
20251110,16.21,0.3177,-0.19,16.16,False,sz001201,1.2828
20240930,19.29,8.6767,-4.82,17.75,False,sz300450,4.3493
20240930,2.46,0.0983,-16.67,2.46,False,sz002496,5.6856
20250624,30.94,3.5279,4.49,29.89,False,sz301529,0.7508
20240813,5.8,5.1639,-13.62,5.52,False,sz300599,3.0683
20240927,34.27,6.9625,-2.16,32.04,False,sz002192,2.696
20240731,4.23,0.4552,-1.89,4.21,False,sz000548,2.3191
20240731,8.17,0.1235,3.3,8.16,False,sz002826,1.4985
20251125,21.61,1.3955,-2.22,21.31,False,sz300966,0.6847
20260408,47.2,3.1818,16.95,45.74,False,sz301319,2.2949
20250815,32.02,3.1322,-0.06,31.05,False,sz300681,1.4489
20240930,24.22,16.8914,-4.13,20.72,False,sz300260,2.6073
20240904,2.36,0.3153,-4.66,2.35,False,sz200020,3.4679
20250923,8.16,0.3764,0.86,8.13,False,sz200429,0.9259
20260116,191.37,4.0685,-2.04,183.89,False,sz301630,2.6748
20240926,14.31,0.0082,7.62,14.31,False,sz002572,2.8708
20250702,34.45,1.5208,-0.99,33.93,False,sz300928,3.9205
20240919,5.45,2.7333,5.5,5.31,False,sz000061,1.5627
20260302,148.14,3.7081,-13.46,142.84,False,sz301357,3.8372
20260309,9.94,0.0109,3.12,9.94,False,sz001965,1.7826
20240820,9.04,3.1787,-22.46,8.76,False,sz300478,9.9794
20240926,3.3,0.7685,3.03,3.27,False,sz000637,3.2267
20251105,27.01,0.3859,2.7,26.91,False,sz300703,0.5943
20240930,9.18,4.8277,-12.09,8.76,False,sz002324,4.261
20250624,15.07,2.2021,2.39,14.75,False,sz301066,0.4637
20250703,32.88,0.0601,0.49,32.86,False,sz001229,1.4977
20250626,10.62,0.5555,4.71,10.56,False,sz000856,2.5074
20240807,7.82,16.4095,-11.76,6.72,False,sz300265,4.1212
20251205,91.85,13.4463,19.23,80.96,False,sz301486,5.6152
20240806,17.44,0.6783,16.97,17.32,False,sz300436,5.0776
20240927,1605.9,2.2259,8.29,1570.93,False,sz399410,1.9838
20240805,3.43,3.7325,-5.83,3.31,False,sz000679,0.6668
20240926,7.37,1.9446,10.31,7.23,False,sz002539,1.0482
20250624,11.97,3.6798,1.84,11.55,False,sz301028,0.7642
20241017,4.12,0.9742,16.26,4.08,False,sz002197,1.3789
20240731,15.6,3.7425,1.41,15.03,False,sz300151,1.9939
20240911,8.94,0.6866,-1.9,8.88,False,sz300206,0.7866
20240808,3.82,1.3173,-4.71,3.77,False,sz300132,3.3866
20250630,59.65,1.3078,-1.93,58.88,False,sz301618,0.4866
20260206,31.3,1.5138,-7.64,30.83,False,sz301331,3.776
20251020,41.59,2.0177,-2.84,40.77,False,sz002988,0.8534
20240902,5.29,4.8199,-18.15,5.05,False,sz002514,6.895
20240903,6.77,0.0431,-0.89,6.77,False,sz300248,1.7991
20250506,4.03,0.2158,0.5,4.02,False,sz200521,0.9852
20240926,2.79,0.5979,8.6,2.77,False,sz002620,1.3706
20240927,7.4,2.1535,-0.54,7.24,False,sz002073,2.3325
20250624,89.88,1.7014,2.81,88.38,False,sz300454,0.8958
20240830,2.5,5.0137,-2.0,2.38,False,sz000560,1.2206
20240923,5.11,2.5572,14.87,4.98,False,sz002420,2.9976
20240930,14.86,7.7063,-1.41,13.79,False,sz300181,1.9648
20240925,3.58,0.4231,11.17,3.56,False,sz000900,4.6998
20240930,6.0,11.0248,-4.0,5.4,False,sz300332,4.394
20240927,1262.04,7.4092,9.69,1174.98,False,sz399994,2.2257
20240909,2.76,4.3577,3.26,2.64,False,sz300006,5.1323
20240927,7.28,3.3745,16.91,7.04,False,sz300655,2.5103
20241028,3.17,3.0922,-1.26,3.07,False,sz002109,1.1544
20240926,1686.83,2.5282,31.27,1645.24,True,sz399673,2.4364
20260209,3.22,0.1348,-2.8,3.22,False,sz002958,1.4391
20250812,85.66,6.8196,14.2,80.19,False,sz300857,4.3715
20240806,23.6,1.7165,1.99,23.21,False,sz300298,1.3757
20250819,48.93,0.4083,3.54,48.73,False,sz300679,1.2525
20251106,28.12,2.0758,7.47,27.55,False,sz301228,1.0304
20240930,12.49,4.3464,-15.53,11.97,False,sz002739,4.0382
20260401,231.0,2.0487,5.19,226.36,False,sz002916,1.2725
20240927,17.09,0.0638,-2.81,17.08,False,sz000099,1.7989
20250905,25.12,0.388,-3.3,25.02,False,sz300819,0.6867
20240806,1.54,0.0867,-3.25,1.54,False,sz002210,1.8255
20250924,27.06,2.3549,16.22,26.44,False,sz301152,0.6246
20240927,15.46,1.5096,7.12,15.23,False,sz002777,2.5248
20240815,3.01,10.5263,-13.62,2.72,False,sz300148,6.0006
20240927,5.89,1.8414,1.02,5.78,False,sz002614,3.3394
20240927,5.22,2.3381,5.36,5.1,False,sz000554,2.2423
20240927,1.75,4.639,0.57,1.67,False,sz002047,2.0304
20240930,9.43,7.3288,-0.85,8.79,False,sz002373,3.7919
20240927,3731.02,4.9633,10.68,3554.59,False,sz399409,2.0639
20250703,91.66,2.7651,-3.4,89.2,False,sz301556,3.3141
20240924,5.21,5.4894,40.49,4.94,True,sz000987,2.8638
20240924,2669.22,0.0464,31.33,2667.98,True,sz399393,2.0767
20240823,7.0,7.7683,9.0,6.5,False,sz300106,4.6599
20240930,12.78,8.0251,-4.07,11.83,False,sz002009,3.3545
20260408,39.99,2.36,1.45,39.07,False,sz301518,0.6221
20240927,5.69,2.0628,0.53,5.58,False,sz002817,2.8199
20240930,8.7,9.277,-10.23,7.96,False,sz300251,4.2243
20240731,6.37,0.9482,2.2,6.31,False,sz002297,3.8647
20251110,59.68,2.4185,3.28,58.27,False,sz002991,2.6016
20250627,41.82,1.0849,-2.32,41.37,False,sz301328,2.0956
20251009,45.81,1.5243,2.95,45.12,False,sz300957,0.6245
20240926,3.62,4.5588,-1.38,3.46,False,sz000863,3.0386
20240731,12.3,2.4313,-7.97,12.0,False,sz300398,1.0065
20250718,34.89,1.3086,0.63,34.44,False,sz301601,1.5291
20240919,1.38,0.6993,4.35,1.37,False,sz002024,1.1081
20240802,3.64,0.7868,3.57,3.61,False,sz200011,3.6944
20250725,37.7,1.6538,0.98,37.09,False,sz301366,0.6449
20240813,12.26,2.2334,4.24,11.99,False,sz300585,0.9808
20240930,12.98,6.821,1.16,12.15,False,sz000603,3.3625
20240930,10.03,7.2352,-1.52,9.36,False,sz002543,3.2061
20240925,1222.2,0.6938,36.33,1213.78,True,sz399239,1.9605
20250718,33.46,0.0173,4.06,33.45,False,sz300919,0.9727
20240927,7.37,1.4197,2.44,7.27,False,sz000050,1.1238
20250317,16.65,1.2698,-0.64,16.44,False,sz000403,1.2628
20240926,3.31,5.5148,-1.21,3.14,False,sz002110,6.1265
20250724,16.92,0.5086,-4.37,16.83,False,sz002922,2.4988
20240806,6.5,0.2558,2.31,6.48,False,sz000919,1.2202
20250703,49.29,0.822,-1.46,48.89,False,sz301128,0.9187
20240925,1.44,3.4854,60.42,1.39,True,sz300198,1.8545
20240927,7.88,6.3667,-1.9,7.41,False,sz300051,1.8367
20251215,19.67,0.3729,3.61,19.6,False,sz003027,0.3396
20240821,15.06,0.7116,-2.12,14.96,False,sz300602,2.5638
20251031,23.88,0.5153,-2.68,23.76,False,sz001367,1.2362
20250721,54.83,1.0232,-0.33,54.27,False,sz300784,1.6114
20250901,54.07,0.6918,-5.59,53.7,False,sz301586,0.9045
20240830,5.23,2.8187,-9.37,5.09,False,sz300365,3.794
20240930,17.19,7.2075,-4.07,16.03,False,sz002439,3.465
20260324,50.98,0.508,1.69,50.72,False,sz300863,1.0367
20240927,10.0,1.0161,-2.5,9.9,False,sz000957,2.227
20240815,3.73,2.4303,-7.24,3.64,False,sz300032,3.976
20240806,8.37,2.6988,-8.01,8.15,False,sz002209,4.0092
20240805,6.09,0.6847,3.61,6.05,False,sz300555,5.4198
20240930,3.13,8.1548,-5.11,2.89,False,sz002593,4.287
20240910,4.57,0.9443,-4.81,4.53,False,sz300281,1.9794
20240801,1.46,0.4702,0.0,1.45,False,sz002247,0.684
20250625,11.17,0.8714,-0.72,11.07,False,sz002941,1.0201
20251104,18.61,1.1234,-2.85,18.4,False,sz300987,1.7579
20240930,3.25,3.9501,-5.54,3.13,False,sz000698,3.7512
20240927,2.81,1.5999,2.49,2.77,False,sz000751,3.3923
20251210,43.91,9.5577,0.2,40.08,False,sz301234,4.5921
20241022,1.43,7.5795,9.79,1.33,False,sz300117,1.3452
20240930,8.6,4.6006,-9.3,8.22,False,sz002176,3.3425
20250630,11.0,1.5346,0.09,10.83,False,sz300805,0.7931
20240806,4.11,0.649,-1.46,4.08,False,sz000931,1.1068
20240927,1541.24,5.9959,4.27,1454.06,False,sz399642,2.3716
20240927,25.56,2.8706,3.44,24.85,False,sz002138,2.359
20240830,32.12,0.9818,-1.06,31.8,False,sz300037,1.6487
20240930,17.05,16.0634,-7.21,14.69,False,sz300533,3.6186
20240731,15.79,2.0909,-5.26,15.46,False,sz000581,0.9349
20240930,8.16,5.9901,-5.64,7.7,False,sz002708,2.978
20240926,8.72,1.4711,3.9,8.59,False,sz002221,1.7473
20250912,16.61,0.2833,-3.07,16.56,False,sz300828,0.7105
20250627,14.19,1.0276,1.83,14.05,False,sz002927,0.6717
20240927,5.5,0.7726,-0.91,5.46,False,sz002746,3.0618
20251124,27.42,0.1283,3.83,27.38,False,sz301163,0.9455
20240927,3.34,3.2963,3.29,3.23,False,sz002546,2.4007
20240927,26.15,0.9136,0.31,25.91,False,sz002315,1.9709
20240813,4.41,0.4365,7.48,4.39,False,sz300449,0.3916
20240927,2839.86,2.8429,8.52,2761.36,False,sz399692,3.4987
20260408,32.59,1.8674,-1.81,31.99,False,sz301057,0.5846
20240924,618.55,4.4882,43.49,591.98,True,sz399975,2.9456
20240927,3.92,1.0136,4.08,3.88,False,sz002672,2.36
20240828,7.49,0.2304,3.87,7.47,False,sz300407,0.5704
20240805,8.68,1.8879,3.11,8.52,False,sz300254,3.1374
20240927,4.81,1.3645,6.03,4.75,False,sz300160,1.6492
20250627,21.64,1.1814,-2.36,21.39,False,sz001256,1.7585
20240930,34.21,3.4894,-2.22,33.06,False,sz002812,2.513
20250624,16.17,0.9247,5.81,16.02,False,sz301019,0.5305
20240819,3.9,0.8555,-10.26,3.87,False,sz300464,5.7672
20240805,1.31,0.0318,-0.76,1.31,False,sz300237,1.767
20240806,2.42,2.9459,-0.83,2.35,False,sz000078,0.7142
20240913,8.12,3.5959,-3.08,7.84,False,sz002871,2.8074
20250916,164.18,2.152,37.56,160.72,True,sz301629,1.3582
20251028,44.05,1.0534,8.22,43.59,False,sz300698,0.5113
20240731,3.05,0.2163,-2.62,3.04,False,sz000036,1.3346
20251020,39.01,4.6525,3.15,37.27,False,sz301300,1.594
20250813,76.37,0.5748,4.64,75.94,False,sz300751,2.0776
20241008,3.84,4.3986,-14.58,3.68,False,sz002042,5.2299
20240826,7.5,0.2936,-0.56,7.48,False,sz000551,0.6986
20240927,5.55,3.021,10.81,5.39,False,sz300084,1.9379
20240927,11.66,5.1156,11.24,11.09,False,sz300455,2.2703
20240930,10.26,7.0038,-8.68,9.58,False,sz002493,4.592
20250825,21.8,0.9322,-3.58,21.6,False,sz300900,2.1199
20240820,1.88,4.5655,12.23,1.8,False,sz002309,2.0207
20241128,13.57,0.0098,-0.52,13.57,False,sz002840,1.7078
20250624,35.71,1.617,1.51,35.14,False,sz301182,2.9238
20251015,8.13,0.569,-1.48,8.08,False,sz300887,0.8841
20240815,4.63,1.0752,-7.78,4.58,False,sz000007,0.5741
20240730,6.24,7.0381,6.57,5.83,False,sz300381,5.1346
20250724,229.41,0.4119,-0.38,228.47,False,sz300760,1.8047
20240806,4.34,3.2166,-16.13,4.2,False,sz002347,2.2491
20240731,59.79,1.0688,-5.12,59.16,False,sz000333,1.4978
20240815,13.56,5.8541,5.31,12.81,False,sz002577,11.208
20240809,15.86,2.3892,2.02,15.49,False,sz000819,1.619
20240731,3.46,1.099,-2.02,3.42,False,sz200025,2.0913
20240926,3.86,0.4503,8.29,3.84,False,sz002010,2.415
20240920,7.58,0.1034,12.01,7.57,False,sz000503,3.8348
20240930,10.27,3.9535,-4.28,9.88,False,sz002643,3.6389
20250905,18.61,2.7741,-0.11,18.11,False,sz300963,0.7039
20240926,1106.2,0.3034,23.31,1102.85,True,sz399243,1.3508
20250703,24.91,3.7415,2.29,24.01,False,sz300684,2.8792
20240924,11.83,2.1332,30.1,11.58,True,sz002823,0.8738
20240905,3.88,1.1229,-5.67,3.84,False,sz300098,1.4891
20251110,60.46,2.9829,-1.27,58.71,False,sz002891,1.5998
20240819,29.35,0.516,-3.51,29.2,False,sz000963,1.9593
20240930,17.74,14.8598,-3.16,15.44,False,sz300351,2.7928
20240910,65.83,1.2164,5.7,65.04,False,sz300502,1.4066
20240927,2.24,4.3033,-0.45,2.15,False,sz002397,2.0243
20240930,9.19,1.0668,-8.81,9.09,False,sz300636,3.6617
20251128,15.13,0.1302,-0.26,15.11,False,sz003013,0.636
20240924,6.67,1.1411,59.82,6.59,True,sz300065,2.5968
20240930,6.96,4.3089,-7.18,6.68,False,sz000703,2.5844
20250630,33.43,0.9677,2.3,33.11,False,sz301266,1.1781
20240926,6.82,0.0712,16.13,6.82,False,sz300485,1.2282
20240927,5.49,2.2794,20.94,5.37,True,sz002443,2.9031
20241008,2.39,0.0977,6.69,2.39,False,sz002124,4.1725
20240731,11.93,1.9063,-7.88,11.71,False,sz000887,1.0524
20250624,32.77,0.7021,2.7,32.55,False,sz002975,1.0096
20240913,15.72,0.0923,2.16,15.71,False,sz002273,1.1151
20251020,89.91,0.9037,8.79,89.1,False,sz301205,0.709
20250717,10.91,1.3642,5.04,10.76,False,sz300654,2.3325
20250624,24.01,1.5517,1.37,23.64,False,sz301456,1.5437
20240926,4335.97,0.4128,24.03,4318.14,True,sz399813,1.7064
20240731,41.42,1.2777,-0.85,40.89,False,sz002714,0.929
20251021,48.12,1.6808,1.37,47.32,False,sz301131,0.7742
20240927,4.82,1.874,3.53,4.73,False,sz300048,2.8424
20250625,29.76,0.3093,-1.74,29.67,False,sz301382,1.8837
20240731,8.76,1.1195,-7.64,8.67,False,sz300561,1.256
20251021,22.65,0.3696,0.75,22.57,False,sz300834,0.6897
20251021,36.29,0.0276,4.68,36.28,False,sz301418,0.4398
20250624,5.04,0.7228,-4.56,5.0,False,sz001330,1.6622
20240805,5.28,2.4364,-4.17,5.15,False,sz002693,10.5523
20240927,4.31,2.3773,3.02,4.21,False,sz002696,2.1693
20240927,2035.84,2.6302,4.31,1983.67,False,sz399991,1.631
20240801,9.74,0.2659,-7.29,9.71,False,sz300650,0.8173
20240927,2771.44,2.6983,4.81,2698.62,False,sz399676,2.3336
20240927,5.87,2.3522,3.75,5.73,False,sz000905,3.6201
20251015,39.46,0.6019,2.0,39.22,False,sz301387,0.4672
20240815,7.06,0.0851,5.81,7.05,False,sz300337,0.6763
20240925,4352.5,0.1618,24.36,4345.47,True,sz399638,1.917
20240801,4.84,0.1362,-6.2,4.83,False,sz300184,2.765
20240819,3.19,5.4458,-16.61,3.03,False,sz002425,3.3019
20250630,49.0,0.5569,0.8,48.73,False,sz002970,1.3565
20240927,1164.08,5.3941,3.26,1104.5,False,sz399008,2.4094
20250624,12.48,0.3242,5.21,12.44,False,sz001318,0.3113
20240927,14.27,2.075,5.05,13.98,False,sz300549,2.9024
20240927,10.37,1.9423,2.41,10.17,False,sz000155,3.4872
20240919,7.45,3.1582,2.55,7.22,False,sz002215,1.1676
20240930,14.99,2.9545,-5.74,14.56,False,sz300480,3.8235
20250708,34.93,0.3863,-0.23,34.8,False,sz301119,0.7874
20250805,14.95,0.2846,0.33,14.91,False,sz001356,0.4164
20240926,5.33,0.6483,21.39,5.3,True,sz300507,1.7489
20240731,5.22,2.1139,-3.64,5.11,False,sz002408,1.033
20240930,7.96,6.8026,-4.65,7.45,False,sz002608,3.3487
20240927,5.26,2.706,6.46,5.12,False,sz300154,2.4626
20240924,15.56,0.3854,52.89,15.5,True,sz300433,1.4361
20240926,5523.92,1.9122,9.52,5420.28,False,sz399415,1.7265
20251217,33.05,0.5723,2.33,32.86,False,sz300748,0.8374
20240927,10.42,0.861,-5.09,10.33,False,sz002646,4.4881
20241023,2.04,6.9136,27.45,1.91,True,sz000506,0.015
20240930,15.28,8.2632,-5.17,14.11,False,sz002868,0.7896
20240930,8.35,3.2407,-7.18,8.09,False,sz002015,3.9123
20250905,26.96,1.6709,3.23,26.52,False,sz301063,0.7677
20240925,2.92,1.7126,8.22,2.87,False,sz000632,2.0148
20251208,37.4,2.9953,-2.86,36.31,False,sz300706,1.2739
20240905,1.69,2.0737,3.55,1.66,False,sz002321,5.2981
20240927,7.0,2.2123,5.86,6.85,False,sz300179,3.3336
20240926,1.71,2.2472,5.26,1.67,False,sz002076,2.0042
20240920,4.36,2.3351,6.43,4.26,False,sz000565,6.9348
20240926,3.12,0.9371,8.97,3.09,False,sz002342,2.1917
20240930,7.89,8.1872,-8.88,7.29,False,sz002511,5.0623
20240925,7.31,0.9576,27.77,7.24,True,sz000002,2.7084
20240808,6.57,0.0431,-0.76,6.57,False,sz000798,1.6537
20250624,26.72,2.8876,2.13,25.97,False,sz301187,0.8861
20240930,4.78,5.4276,10.46,4.53,False,sz300137,6.1665
20240930,13.39,6.4221,-4.26,12.58,False,sz002845,2.4845
20240930,7.9,6.5659,-8.1,7.41,False,sz002038,5.4161
20251119,33.59,2.1516,-6.73,32.88,False,sz300905,1.5024
20240927,25.74,2.0187,0.82,25.23,False,sz000831,3.762
20240731,11.87,0.5088,-3.29,11.81,False,sz300203,1.104
20240911,18.39,0.8763,-2.99,18.23,False,sz300648,1.4679
20240927,6443.84,5.059,5.9,6133.55,False,sz399989,2.8176
20240920,4.84,0.6028,8.68,4.81,False,sz002114,1.0375
20240925,2.75,0.0136,9.46,2.75,False,sz000407,2.409
20250806,11.04,5.3703,3.17,10.48,False,sz301256,3.4247
20250808,18.37,2.3849,0.38,17.94,False,sz300829,3.0912
20240926,4.3,0.5401,19.51,4.28,False,sz300055,3.2048
20240930,18.37,5.0952,-9.8,17.48,False,sz002709,2.5084
20250908,17.37,0.0669,-0.63,17.36,False,sz300867,0.5381
20240731,3.33,5.4827,31.53,3.16,True,sz000953,2.8552
20250709,45.79,0.1513,0.9,45.72,False,sz301086,0.996
20260324,16.88,5.1397,-1.66,16.05,False,sz001300,1.125
20240927,15.24,6.6922,12.73,14.28,False,sz300036,3.0978
20240731,19.75,1.6544,4.61,19.43,False,sz002597,3.1707
20240920,7.8,3.7177,17.31,7.52,False,sz300551,3.8503
20250624,39.99,0.0288,0.95,39.98,False,sz301428,1.5042
20260209,43.19,13.4777,5.09,38.06,False,sz300804,7.7828
20240930,5.79,6.7855,8.98,5.42,False,sz000930,4.1702
20240927,4.7,1.038,2.13,4.65,False,sz002724,1.949
20250820,49.09,1.1445,-0.84,48.53,False,sz301101,1.8694
20240802,2.9,4.0421,-7.24,2.79,False,sz300078,5.6201
20250625,14.68,0.3898,-3.34,14.62,False,sz002945,4.3802
20240906,3.15,3.568,-4.76,3.04,False,sz000750,4.3475
20251010,5.39,1.6677,-0.93,5.3,False,sz300664,1.2961
20251125,30.06,1.5003,-3.43,29.62,False,sz301235,0.7657
20240918,5.76,1.0748,3.99,5.7,False,sz002243,2.8622
20260120,78.6,8.1929,1.46,72.65,False,sz301035,3.768
20240927,3.36,2.573,0.59,3.28,False,sz200625,4.1629
20240927,1731.66,6.1793,3.83,1630.88,False,sz399397,2.7888
20240930,9.3,5.5174,-8.17,8.82,False,sz000983,3.188
20250630,38.26,3.1765,-2.77,37.08,False,sz301552,1.8713
20240930,8.74,2.8124,-7.44,8.5,False,sz000037,5.1668
20240930,2.14,9.4349,-5.14,1.96,False,sz002377,4.1774
20250626,88.39,2.9376,2.55,85.87,False,sz301628,2.7878
20260206,27.98,0.0623,0.64,27.96,False,sz001234,0.7011
20240819,8.24,11.5901,-10.19,7.38,False,sz300465,10.5241
20240730,32.16,0.6487,-3.86,31.95,False,sz300236,1.1337
20240923,5.98,0.7384,14.38,5.94,False,sz002339,2.8826
20240930,27.25,0.4997,-1.32,27.11,False,sz002813,3.2498
20250714,39.3,0.1225,1.09,39.25,False,sz301018,1.4091
20240912,10.42,1.9927,-4.32,10.22,False,sz300255,1.5573
20251222,11.68,2.8894,33.9,11.35,True,sz301056,2.6952
20240802,10.33,0.2442,0.39,10.3,False,sz002020,0.9021
20240801,8.43,1.87,-1.54,8.28,False,sz000829,2.5046
20240902,3.19,1.4201,-14.11,3.15,False,sz002547,2.0038
20240801,8.18,3.4573,-4.28,7.91,False,sz300581,4.5893
20240930,46.72,7.8492,-8.39,43.32,False,sz002311,3.0946
20240927,999.42,5.4581,1.63,947.69,False,sz399971,2.3686
20240731,4.28,0.7711,-1.87,4.25,False,sz002676,1.1036
20240823,43.52,1.2207,5.74,43.0,False,sz002025,0.6334
20240927,2250.07,4.1536,9.49,2160.34,False,sz399696,2.104
20240927,6.91,4.277,7.38,6.63,False,sz300403,3.0228
20250904,13.43,0.8094,2.01,13.32,False,sz300778,0.649
20250908,29.64,0.202,1.82,29.58,False,sz002990,0.5227
20240731,10.74,12.445,-5.59,9.55,False,sz300399,2.7962
20240920,1.78,1.1459,12.36,1.76,False,sz002638,1.3984
20260416,32.64,1.1351,1.93,32.27,False,sz300935,1.757
20240801,10.99,2.1621,-9.46,10.76,False,sz000801,5.8441
20241008,15.14,7.3361,-15.66,14.1,False,sz300233,4.8148
20240927,15.62,7.1147,12.93,14.58,False,sz000032,2.3526
20240930,11.6,7.4057,-13.02,10.8,False,sz002521,3.7028
20240926,8916.65,0.2174,17.43,8897.31,False,sz399001,1.7815
20240924,3.43,4.0235,53.94,3.3,True,sz300080,2.0582
20240927,10.3,2.5787,2.72,10.04,False,sz000555,3.3169
20240930,31.19,8.6366,-5.99,28.71,False,sz002415,4.5398
20251103,35.05,0.3554,-7.56,34.93,False,sz301230,2.0592
20240812,8.53,3.0235,5.04,8.28,False,sz002246,4.2334
20250630,15.01,2.3802,-1.33,14.66,False,sz002889,2.2066
20240930,12.87,13.8309,2.72,11.31,False,sz300349,3.4659
20250819,13.8,1.693,3.33,13.57,False,sz300986,1.2931
20240927,2.75,3.6269,-1.09,2.65,False,sz002172,1.3507
20250801,19.52,0.7063,7.22,19.38,False,sz001282,0.3507
20251223,27.08,0.1976,3.66,27.03,False,sz300801,1.4228
20240926,5.53,1.4059,23.15,5.45,True,sz300307,1.4188
20240927,17.98,3.947,5.28,17.3,False,sz300660,3.2897
20260304,19.38,0.7359,2.53,19.24,False,sz301083,2.82
20240926,7288.74,0.5038,12.15,7252.2,False,sz399646,1.8571
20240730,15.66,0.0303,-3.38,15.66,False,sz300537,0.918
20250624,22.66,1.8,-2.25,22.26,False,sz301587,2.1483
20240801,11.08,0.0128,-2.44,11.07,False,sz002438,2.1421
20240930,3.8,7.9903,5.53,3.52,False,sz000778,4.4324
20250630,26.92,19.1509,-6.65,22.59,False,sz301129,3.1408
20240930,11.95,12.9854,-8.37,10.58,False,sz300199,4.3681
20251024,35.11,1.6725,-1.25,34.53,False,sz003026,0.6547
20240923,7.53,0.692,27.09,7.48,True,sz300603,1.073
20240807,11.3,0.1536,2.57,11.28,False,sz002096,2.3582
20250924,12.51,2.5823,-0.88,12.2,False,sz001366,1.2069
20250716,13.17,8.81,-2.58,12.1,False,sz002923,2.0132
20240806,20.67,0.3666,-4.79,20.59,False,sz300579,0.4318
20240918,8.98,0.7291,14.81,8.92,False,sz000736,3.6678
20240927,3.68,1.2632,2.99,3.64,False,sz002225,1.8434
20250924,15.64,0.8068,6.01,15.51,False,sz301167,0.7179
20240730,2.25,0.0608,15.35,2.25,False,sz002742,0.5068
20250805,44.44,1.7452,0.63,43.68,False,sz001328,1.6659
20240927,7.7,1.6231,-1.43,7.57,False,sz000680,2.269
20240923,1.67,5.1425,19.83,1.59,False,sz300506,1.9475
20240808,16.3,0.3507,0.86,16.25,False,sz002393,1.7242
20240927,2.63,5.8686,69.31,2.48,True,sz300355,3.4842
20250624,24.2,2.4028,-3.1,23.63,False,sz300853,3.5175
20240930,60.8,6.2083,-2.42,57.25,False,sz002409,2.9795
20260325,38.4,6.1133,1.43,36.19,False,sz002895,1.1949
20240927,2366.92,1.1347,1.38,2340.36,False,sz399614,2.3678
20240902,2.09,0.6744,38.76,2.08,True,sz000627,6.5931
20260105,32.85,3.3263,-4.69,31.79,False,sz003017,4.6651
20240930,22.39,13.7395,-4.51,19.69,False,sz300548,4.3166
20240927,6.6,1.9712,-4.09,6.47,False,sz000929,1.8841
20240930,12.94,6.6244,-1.93,12.14,False,sz002214,3.9782
20250905,24.95,1.2099,1.84,24.65,False,sz301262,0.4125
20240927,13.45,2.0206,6.91,13.19,False,sz300481,1.9517
20240903,7.31,0.4373,-2.46,7.28,False,sz002120,1.9467
20240925,2.44,4.724,12.7,2.33,False,sz002277,2.8037
20251225,31.06,0.1944,-3.67,31.0,False,sz002971,1.2416
20241218,5.04,0.9447,-1.98,4.99,False,sz000883,1.4819
20240924,4.0,4.8882,13.25,3.81,False,sz000599,4.6752
20240731,2.5,0.6573,-2.4,2.48,False,sz200725,1.1382
20251022,28.06,0.4694,4.67,27.93,False,sz301135,0.6597
20240927,108.0,4.2045,-0.47,103.64,False,sz200596,3.9643
20240926,2.49,0.0563,7.24,2.49,False,sz002239,2.4542
20251125,23.68,0.3291,2.45,23.6,False,sz301386,0.3569
20240830,8.81,0.6732,1.14,8.75,False,sz300002,1.4954
20240930,13.69,9.2033,-5.77,12.54,False,sz300651,4.8158
20251218,61.61,1.4001,13.54,60.76,False,sz301528,1.0056
20240927,9.85,4.9281,-1.02,9.39,False,sz002497,3.4466
20240926,3.68,1.1568,41.03,3.64,True,sz300451,1.2802
20251015,43.03,0.1181,-0.65,42.98,False,sz301186,0.7191
20240813,16.64,0.6137,2.16,16.54,False,sz002039,1.1251
20240930,1798.07,5.1404,-2.5,1710.16,False,sz399439,3.6377
20240927,6.0,1.7855,-4.83,5.89,False,sz002343,2.2933
20240930,6.24,7.4396,-6.89,5.81,False,sz000650,4.5223
20251024,17.35,0.6619,3.86,17.24,False,sz301566,1.9794
20251219,6.83,2.0355,1.17,6.69,False,sz300883,1.3206
20250725,31.84,0.0521,2.29,31.82,False,sz301001,1.1536
20251217,21.51,2.6489,1.16,20.95,False,sz301356,1.6402
20260112,11.24,0.3609,3.2,11.2,False,sz300929,0.9415
20240926,4.36,1.6412,11.23,4.29,False,sz000060,1.4045
20240930,4.07,4.8201,0.0,3.88,False,sz002573,3.8681
20240820,3.88,9.2203,-8.18,3.55,False,sz002647,3.2993
20250728,83.31,0.1325,1.42,83.2,False,sz301631,1.0102
20240926,4.61,0.7257,6.73,4.57,False,sz000507,1.6967
20240830,23.62,0.0612,-4.06,23.6,False,sz002869,0.8056
20240930,9.12,6.3216,-2.85,8.58,False,sz002014,4.5138
20240812,6.21,5.223,-10.31,5.9,False,sz300261,6.2882
20240924,4.84,0.2633,64.01,4.83,True,sz300432,1.2171
20250624,37.7,4.3498,-0.88,36.13,False,sz300680,1.2429
20250911,31.76,0.2153,0.0,31.69,False,sz301318,0.4271
20251022,21.26,1.5908,0.14,20.93,False,sz300967,0.6654
20250224,27.75,1.2601,-2.67,27.4,False,sz002827,1.6965
20240819,3.47,17.3255,-23.05,2.96,False,sz300150,3.3858
20251020,27.81,2.0404,6.44,27.25,False,sz001266,0.5986
20240731,4.91,0.4912,-8.76,4.89,False,sz002196,6.5791
20250728,23.98,0.1437,0.92,23.95,False,sz301029,1.0382
20240805,5.15,13.4688,-15.55,4.54,False,sz300099,10.1791
20240821,4.55,1.7669,-7.47,4.47,False,sz000678,3.995
20240927,3384.01,1.2431,0.87,3342.46,False,sz399411,1.7028
20240930,10.07,13.7896,0.0,8.85,False,sz300437,5.4298
20240816,4.86,0.2889,-6.38,4.85,False,sz300264,2.6357
20250716,30.7,1.4493,-3.39,30.26,False,sz301067,0.4652
20240819,5.83,0.1976,8.75,5.82,False,sz002642,4.923
20240930,10.47,2.6314,-2.67,10.2,False,sz000065,4.0732
20240919,12.8,0.4553,7.34,12.74,False,sz000636,0.7788
20251022,25.07,0.9005,1.91,24.85,False,sz300702,0.7055
20240905,16.54,8.8958,-8.71,15.19,False,sz300479,7.9926
20251009,21.52,0.0659,1.58,21.51,False,sz001382,1.8364
20240823,7.03,1.7734,-10.95,6.91,False,sz000561,8.9532
20240806,3.84,7.8727,5.47,3.56,False,sz002072,0.3144
20240909,6.84,0.7141,-7.02,6.79,False,sz300249,2.764
20240801,3.85,0.8888,0.52,3.82,False,sz000006,1.6995
20240805,4.32,0.3523,-1.62,4.3,False,sz002515,7.0471
20250826,31.22,1.0408,12.68,30.9,False,sz002989,1.2815
20251118,29.78,0.9453,-2.52,29.5,False,sz301330,1.6992
20240830,30.79,0.6873,1.66,30.58,False,sz002841,4.2084
20240919,15.27,1.1977,9.23,15.09,False,sz300207,0.8164
20251013,15.63,0.3966,0.58,15.57,False,sz300901,0.7987
20240927,14.26,1.707,-4.07,14.02,False,sz000048,2.746
20240927,3.19,1.8383,2.19,3.13,False,sz002108,3.0544
20240927,3747.87,0.9705,1.63,3711.84,False,sz399672,2.5881
20240927,3491.51,0.5789,6.16,3471.41,False,sz399995,1.7383
20240731,4.86,1.2799,-6.38,4.8,False,sz300333,0.81
20250210,11.35,2.1035,-0.88,11.12,False,sz000901,1.2904
20251128,31.9,0.2732,1.79,31.81,False,sz301419,0.683
20240815,3.66,0.5763,5.46,3.64,False,sz300180,0.6062
20240926,1.47,0.017,6.8,1.47,False,sz002146,3.9993
20240816,5.34,2.3315,-14.42,5.22,False,sz002272,3.8476
20240924,2.46,0.8558,31.24,2.44,True,sz002421,1.1871
20250624,26.41,3.1543,-3.07,25.6,False,sz301153,2.8483
20240802,4.48,0.6082,9.82,4.45,False,sz000702,2.4317
20240927,2.81,3.8305,51.6,2.71,True,sz002211,1.5136
20250714,14.24,0.0478,8.85,14.23,False,sz002917,2.7483
20250630,34.58,2.0608,-3.96,33.88,False,sz300678,0.7794
20240805,4.24,2.9647,-10.38,4.12,False,sz300299,5.8443
20240926,10.54,1.8164,12.81,10.35,False,sz000962,1.8235
20251027,49.44,0.962,-6.45,48.97,False,sz002959,1.2526
20240807,8.73,2.8874,2.06,8.48,False,sz300460,0.684
20260305,46.91,0.5779,3.39,46.64,False,sz301283,0.5508
20250924,13.97,3.3691,-0.93,13.51,False,sz301519,1.5847
20240905,11.9,3.3539,-1.09,11.51,False,sz002875,3.7284
20240815,19.85,0.2331,-8.31,19.8,False,sz002008,0.4778
20240807,10.98,0.5705,1.82,10.92,False,sz002792,3.473
20240815,8.84,1.0893,-7.58,8.75,False,sz300107,0.5226
20251219,21.76,0.9066,2.99,21.56,False,sz001231,0.6125
20240927,2148.58,6.255,6.55,2022.1,False,sz399392,2.4293
20250905,73.75,0.1961,-0.77,73.61,False,sz301557,1.5616
20240930,14.37,2.3607,-6.26,14.04,False,sz002372,2.4845
20240926,12521.9,0.5962,9.1,12447.69,False,sz399408,2.3531
20240927,97.34,2.0304,4.22,95.4,False,sz000661,3.7931
20250624,18.69,4.4334,4.33,17.9,False,sz300755,1.6664
20250811,19.35,0.5212,-0.41,19.25,False,sz301030,1.2484
20240808,8.73,0.1578,-0.69,8.71,False,sz001979,1.2577
20240927,10.24,3.4535,4.88,9.9,False,sz002046,2.6089
20240912,6.62,1.2556,-1.21,6.54,False,sz002615,1.4801
20240802,5.02,4.3985,0.6,4.81,False,sz300149,3.5446
20251015,21.18,2.2822,-3.97,20.71,False,sz300918,0.5148
20240927,1.76,1.2027,-1.7,1.74,False,sz002542,2.7341
20240926,1239.66,1.3148,4.03,1223.57,False,sz399238,3.8915
20240802,16.48,0.3114,1.46,16.43,False,sz300584,3.2219
20250924,84.89,1.3707,-3.24,83.74,False,sz301367,0.7904
20240816,2.52,5.5718,-13.1,2.39,False,sz000536,5.0496
20251124,33.17,0.9806,3.11,32.85,False,sz301053,0.9297
20240927,10.66,0.521,-3.28,10.6,False,sz002858,2.2143
20250728,109.49,3.029,9.78,106.27,False,sz301600,1.4438
20250819,17.6,0.8803,1.14,17.45,False,sz300956,1.3709
20240930,5.04,5.4044,-5.56,4.78,False,sz000862,5.0677
20250708,19.94,0.3358,-0.1,19.88,False,sz301329,1.8582
20240731,2.07,0.8682,-0.97,2.05,False,sz200539,1.4508
20240930,9.01,4.9841,-5.88,8.58,False,sz002296,3.9277
20240926,2.63,0.5672,3.42,2.62,False,sz000785,2.4406
20240910,13.34,9.7799,-5.85,12.15,False,sz300250,4.1829
20240930,4.28,12.3188,7.71,3.81,False,sz300164,4.544
20240912,9.87,0.1327,13.27,9.86,False,sz002816,13.7194
20250630,26.48,0.2531,-6.08,26.41,False,sz300862,0.9259
20240927,20.62,0.8407,7.42,20.45,False,sz300364,2.6841
20250716,33.81,0.3763,-0.15,33.68,False,sz300785,2.7644
20240814,3.39,7.2587,41.59,3.16,True,sz300050,3.126
20240927,3.83,0.6989,-0.78,3.8,False,sz002476,3.0981
20240930,10.69,5.943,-1.4,10.09,False,sz002111,2.8905
20240925,2.63,3.2993,31.94,2.55,True,sz000402,1.8267
20251031,39.63,3.5514,-5.12,38.27,False,sz002940,1.422
20240820,4.34,4.3144,5.3,4.16,False,sz000755,7.973
20240906,2.51,0.1996,-0.8,2.5,False,sz002721,2.2594
20240930,4.39,3.5581,-2.96,4.24,False,sz002592,4.3926
20240930,23.58,4.4684,-6.57,22.57,False,sz300554,2.8078
20240905,4.75,0.885,54.95,4.71,True,sz002208,2.9983
20240927,12.61,0.5969,9.44,12.54,False,sz000935,2.4587
20240927,1918.25,4.6123,7.82,1833.68,False,sz399015,2.2642
20240924,111.83,6.1998,104.66,105.3,True,sz300033,4.495
20251014,20.95,1.9692,-0.53,20.55,False,sz003040,1.6075
20240927,5.56,1.6856,5.22,5.47,False,sz300665,1.6093
20240926,2047.57,1.0633,30.63,2026.03,True,sz399643,2.1457
20240927,10.32,4.5401,3.88,9.87,False,sz002139,2.5345
20240731,19.29,0.9555,-0.62,19.11,False,sz300498,1.1149
20240730,10.62,2.0222,-2.92,10.41,False,sz300302,1.5484
20240819,3.5,0.7439,-8.85,3.48,False,sz002177,1.3831
20250715,20.26,5.8422,1.58,19.14,False,sz001287,5.6733
20240731,18.72,1.9533,-6.73,18.36,False,sz300285,1.0442
20240926,11.02,6.79,22.41,10.32,True,sz002410,2.0511
20251124,55.97,3.0804,-3.61,54.3,False,sz301162,0.8414
20240930,15.49,10.0207,-7.1,14.08,False,sz002747,3.9053
20240930,43.49,5.5971,1.52,41.18,False,sz000733,3.8684
20260116,24.2,1.9942,-0.87,23.73,False,sz003023,2.5469
20240826,19.8,4.3404,0.15,18.98,False,sz300606,2.3294
20240926,6.2,2.1772,12.9,6.07,False,sz002093,1.8736
20241211,1.55,0.4862,-14.19,1.54,False,sz000040,0.8472
20240820,9.01,6.1276,-0.91,8.49,False,sz300532,6.0743
20251215,11.35,0.1412,5.03,11.33,False,sz002968,0.8784
20250624,15.27,1.2001,4.72,15.09,False,sz300780,1.3481
20250626,21.25,0.5247,-0.71,21.14,False,sz301218,1.3896
20240930,27.49,15.5949,-3.64,23.78,False,sz300161,4.1298
20241008,15.36,8.0845,-19.73,14.21,False,sz300406,4.1266
20241008,7.11,0.0434,-8.72,7.11,False,sz002293,4.7259
20250716,20.41,5.3415,-4.31,19.38,False,sz002995,4.0985
20240731,1064.4,0.4692,-3.93,1059.43,False,sz399420,2.5985
20250624,96.85,1.5508,2.43,95.37,False,sz300953,1.6205
20240926,1571.82,0.7822,11.05,1559.62,False,sz399974,2.074
20240924,6.6,2.8425,42.88,6.42,True,sz002673,2.5124
20240927,3.47,2.3372,0.86,3.39,False,sz000533,2.1705
20240926,3130.45,2.0578,25.71,3067.33,True,sz399693,1.9147
20250624,13.22,0.7513,2.04,13.12,False,sz001219,0.451
20240730,4.09,1.1862,13.19,4.05,False,sz300448,0.4355
20240925,2.18,0.4107,9.63,2.17,False,sz002314,2.1443
20251114,42.64,0.0649,-2.63,42.61,False,sz301362,0.835
20240926,3.39,2.1464,6.19,3.32,False,sz000607,1.9461
20251015,18.8,1.2027,-2.29,18.58,False,sz300733,0.603
20240919,10.26,13.7451,122.03,9.02,True,sz300085,1.7179
20240927,24.76,5.9332,12.52,23.38,False,sz000550,2.2214
20240924,9.41,2.7305,21.11,9.16,True,sz002043,1.9406
20250625,253.9,2.3375,-1.75,248.1,False,sz300750,1.9295
20250701,12.25,0.1076,-0.65,12.24,False,sz301301,1.0996
20240926,3.67,2.3401,4.36,3.59,False,sz002524,0.9922
20240821,3.27,3.5329,-10.7,3.16,False,sz300278,5.0508
20250625,31.03,0.2272,0.06,30.96,False,sz300699,1.3975
20240802,6.36,0.861,11.78,6.31,False,sz300102,4.0259
20240927,31.01,2.6241,-0.48,30.22,False,sz002870,2.4892
20251120,31.23,0.0107,-4.03,31.23,False,sz300930,0.6084
20250722,28.2,1.0132,-4.43,27.92,False,sz301286,1.6732
20250624,22.5,0.6689,0.0,22.35,False,sz000049,2.9967
20250703,73.37,3.5267,-3.22,70.87,False,sz301004,2.848
20240926,7.75,3.4704,4.0,7.49,False,sz002346,5.4042
20240927,5.52,1.1746,-0.54,5.46,False,sz000655,2.8312
20250904,19.27,0.8131,24.13,19.11,True,sz300761,0.9159
20240821,16.53,0.1778,-3.63,16.5,False,sz300380,0.3704
20250924,28.24,1.2528,2.97,27.89,False,sz300886,0.5533
20250916,16.65,1.0135,-2.28,16.48,False,sz001205,1.1954
20250624,50.56,0.0958,-0.54,50.52,False,sz301183,1.3352
20240930,6.98,11.4406,-10.89,6.26,False,sz300133,3.8645
20240927,4.56,1.4254,1.1,4.5,False,sz002492,3.9656
20240826,1.73,4.8064,1.62,1.65,False,sz002822,1.418
20251124,23.7,1.1409,-0.55,23.43,False,sz301487,0.5365
20250708,22.84,5.3781,2.45,21.67,False,sz300685,2.6864
20240813,4.57,0.0073,-2.84,4.57,False,sz002538,0.7575
20240926,906.04,4.1717,12.66,869.76,False,sz399242,2.3245
20250924,16.62,0.104,1.62,16.6,False,sz300962,0.574
20240927,10.97,1.4934,-0.55,10.81,False,sz002011,2.8727
20250905,23.49,0.6053,0.6,23.35,False,sz001228,0.8071
20251225,27.03,0.0018,-0.7,27.03,False,sz301353,0.754
20241106,20.02,1.0248,-0.15,19.82,False,sz000818,1.6152
20251105,16.12,0.4707,0.56,16.04,False,sz301500,0.3253
20240801,12.85,2.0374,-7.24,12.59,False,sz002576,2.8306
20240930,10.46,8.1797,-8.22,9.67,False,sz002125,3.9331
20240927,4.34,1.5106,0.69,4.28,False,sz002442,2.2963
20250718,22.68,2.1633,0.75,22.2,False,sz300818,2.6357
20240909,10.26,1.5222,-1.36,10.11,False,sz000151,2.8558
20240930,14.85,7.0894,1.21,13.87,False,sz300484,2.0055
20250625,18.98,0.6575,-0.58,18.86,False,sz301267,1.8215
20240926,1931.86,1.5293,21.59,1902.76,True,sz399611,2.0192
20240926,30.07,1.9524,10.97,29.49,False,sz002738,1.0914
20241024,1.71,0.534,5.85,1.7,False,sz000622,0.8713
20250721,5.96,1.6482,4.53,5.86,False,sz003012,1.9965
20240813,9.09,3.3757,-5.5,8.79,False,sz300637,0.6345
20240808,6.99,0.6553,0.0,6.94,False,sz000685,0.6936
20240731,14.03,2.5097,-6.84,13.68,False,sz300503,2.9432
20240920,13.72,0.2238,9.62,13.69,False,sz002396,0.7097
20240927,4.86,1.2535,8.64,4.8,False,sz300350,3.0168
20250820,15.63,0.1408,-3.39,15.61,False,sz300856,1.2179
20251212,14.64,0.2013,-0.34,14.61,False,sz002890,1.7117
20251020,20.7,0.6553,6.52,20.56,False,sz301229,0.814
20240919,3.58,0.3809,1.12,3.57,False,sz002692,2.8004
20240927,14.13,4.5698,11.32,13.51,False,sz300007,2.785
20251124,58.33,6.2094,5.09,54.92,False,sz300835,2.4675
20240910,12.24,2.8788,-8.74,11.9,False,sz300560,1.9051
20250820,42.56,2.9159,-1.79,41.35,False,sz301383,2.378
20240930,48.33,1.5669,-0.27,47.58,False,sz300049,2.2543
20250924,29.73,0.0264,-0.13,29.72,False,sz301130,0.5925
20240927,5479.95,4.7316,2.48,5232.38,False,sz399812,1.9545
20241008,12.7,2.9109,-6.85,12.34,False,sz002715,2.5364
20240925,2.87,2.895,13.24,2.79,False,sz000761,4.6676
20240731,4.58,3.1048,-3.49,4.44,False,sz000886,4.1363
20240910,16.65,0.796,-0.36,16.52,False,sz300378,1.082
20250627,21.17,2.8472,8.93,20.59,False,sz301201,1.1128
20241024,3.73,0.5188,2.68,3.71,False,sz002424,1.3169
20240927,2.04,5.0625,13.73,1.94,False,sz300185,3.4709
20240930,1689.01,8.1455,-5.6,1561.79,False,sz399639,3.0877
20251125,16.22,0.2452,-1.91,16.18,False,sz300564,0.6829
20240807,10.72,0.2088,3.54,10.7,False,sz300565,1.7208
20251020,10.4,1.033,1.25,10.29,False,sz300830,0.4979
20240924,3176.53,1.5572,51.57,3127.82,True,sz399677,1.7103
20240926,4.61,0.1033,4.99,4.6,False,sz002697,2.0432
20240930,3017.57,7.466,-3.61,2807.93,False,sz399990,3.953
20240927,4.15,0.1347,3.61,4.15,False,sz000967,1.941
20240731,9.33,0.1653,-3.75,9.32,False,sz300632,0.6661
20250114,12.42,7.5208,-4.67,11.55,False,sz300061,1.2621
20250904,22.64,0.6284,4.37,22.5,False,sz301118,0.6168
20240926,6.88,1.3506,9.89,6.79,False,sz000707,1.6383
20250711,26.08,4.288,4.6,25.01,False,sz002912,4.7912
20250716,27.4,3.087,-2.55,26.58,False,sz001319,2.5956
20240927,3383.93,4.6293,5.65,3234.21,False,sz399009,2.4999
20240930,20.84,4.8984,-5.66,19.87,False,sz002773,2.9285
20250901,19.45,0.4316,-1.85,19.37,False,sz301156,0.823
20251124,22.58,2.4182,0.09,22.05,False,sz301505,0.6572
20240930,5.74,4.7891,-6.97,5.48,False,sz002320,3.7054
20240926,4.54,0.265,4.63,4.53,False,sz000633,0.5002
20250717,14.3,0.0326,0.35,14.3,False,sz300707,1.7484
20250626,6.64,0.535,1.81,6.6,False,sz000852,0.8284
20250806,8.77,0.5744,-0.46,8.72,False,sz301062,1.9039
20240905,3.96,5.9603,-8.84,3.74,False,sz300155,2.3729
20240806,3.84,3.4181,-8.85,3.71,False,sz002193,1.1911
20240927,7.58,1.4194,3.03,7.47,False,sz002609,1.7975
20250730,54.88,0.4014,8.75,54.66,False,sz300904,2.5342
20240731,10.95,3.4572,-4.11,10.58,False,sz000830,1.2049
20240823,30.33,2.0507,-0.99,29.72,False,sz300598,2.5051
20240730,18.91,0.3068,-8.46,18.85,False,sz300136,0.518
20240927,46.39,5.0118,6.49,44.18,False,sz000799,2.8227
20240819,4.17,5.1327,-18.23,3.97,False,sz300385,4.1092
20240924,3.86,2.2313,17.36,3.78,False,sz002510,2.441
20260114,32.01,2.802,-4.03,31.14,False,sz301335,3.2106
20240920,1.82,1.421,8.79,1.79,False,sz000564,5.3906
20250624,13.53,2.0728,1.18,13.26,False,sz001387,1.2277
20240927,12.34,1.6516,3.73,12.14,False,sz002077,3.1457
20240926,8.18,1.1841,8.2,8.08,False,sz002624,1.6907
20240927,4236.57,5.2399,2.98,4025.63,False,sz399013,2.4811
20240927,5.51,0.3765,-2.18,5.49,False,sz002769,1.9053
20250620,13.32,0.9507,-3.98,13.19,False,sz000429,0.8864
20240826,47.72,0.1794,2.12,47.63,False,sz300666,0.4343
20240927,8.8,4.0312,10.45,8.46,False,sz300035,2.7892
20251201,47.8,1.5349,2.49,47.08,False,sz003043,0.8611
20260105,10.73,1.6139,6.62,10.56,False,sz002908,10.2217
20240927,31.85,4.586,4.43,30.45,False,sz300552,2.0761
20250916,41.36,1.0656,-7.16,40.92,False,sz300807,0.5424
20240930,19.28,3.4935,-4.93,18.63,False,sz000933,1.8228
20241106,14.4,0.5803,-0.28,14.32,False,sz002727,2.0232
20250625,10.8,0.729,0.74,10.72,False,sz301102,1.0529
20250804,16.62,0.5331,4.69,16.53,False,sz002946,0.8448
20240927,3.04,3.8717,0.33,2.92,False,sz000753,2.1871
20250805,16.37,1.916,3.18,16.06,False,sz300667,1.6374
20240930,20.37,6.2479,-8.89,19.17,False,sz300286,4.5148
20240927,3.9,1.3623,5.64,3.85,False,sz002413,3.5006
20250910,14.38,0.8521,-4.66,14.26,False,sz300849,3.4564
20240814,4.78,0.9184,-0.63,4.74,False,sz300018,3.6729
20240902,5.86,0.2466,-3.24,5.85,False,sz000404,1.3652
20240930,7.27,6.8653,-3.85,6.8,False,sz002117,4.9756
20250624,30.46,4.8251,-0.2,29.06,False,sz301255,2.4936
20240926,1.46,2.3723,7.53,1.43,False,sz002470,3.0672
20240826,9.95,0.4171,-7.34,9.91,False,sz300605,1.2278
20240927,6320.64,5.2783,3.25,6003.75,False,sz399623,2.3561
20240926,4912.19,1.5193,17.38,4838.68,False,sz399344,2.1674
20250624,19.72,0.1562,1.12,19.69,False,sz300864,1.1385
20240925,5.04,0.8706,3.77,5.0,False,sz000950,4.6956
20250708,53.64,1.0005,-1.86,53.11,False,sz301581,0.5557
20241008,8.97,1.1734,-8.03,8.87,False,sz000899,5.0012
20250825,27.91,1.5971,-4.12,27.47,False,sz300783,3.2712
20240904,1.51,1.5778,-8.63,1.48,False,sz200058,8.2764
20240904,6.04,1.1161,-6.79,5.97,False,sz000019,5.937
20250929,7.37,2.0913,6.65,7.22,False,sz002996,1.14
20240731,5.03,0.5983,-2.78,5.0,False,sz000783,3.223
20241104,2.25,1.2639,27.11,2.22,True,sz002750,1.3889
20240809,2.08,3.0298,73.08,2.02,True,sz300256,4.8949
20240926,0.66,1.865,24.24,0.65,True,sz200016,2.1639
20251020,20.77,2.7177,8.47,20.22,False,sz301055,1.2313
20240930,9.97,6.9618,2.21,9.32,False,sz002023,4.2212
20240925,3.78,0.4318,10.85,3.76,False,sz000530,1.5867
20240930,21.0,6.8901,11.38,19.65,False,sz002544,5.3846
20250707,32.0,3.5519,2.44,30.9,False,sz301361,2.7686
20240830,8.83,1.1934,0.57,8.73,False,sz300582,1.9339
20240903,14.43,0.1347,-4.16,14.41,False,sz300218,1.5257
20250701,38.19,0.261,-2.7,38.09,False,sz301036,3.6937
20240927,3.59,0.0139,0.84,3.59,False,sz002613,2.6952
20250624,39.99,0.0428,0.95,39.97,False,sz001279,0.5496
20240731,15.03,0.2618,-2.93,14.99,False,sz002189,1.1947
20240930,17.97,3.9877,-4.45,17.28,False,sz300428,3.6147
20240805,2.02,2.4601,-23.27,1.97,False,sz000980,1.6481
20240927,8104.03,3.1108,4.83,7859.53,False,sz399394,2.32
20250806,49.88,0.0893,0.96,49.83,False,sz301551,0.8683
20250924,29.56,4.5376,-0.1,28.28,False,sz300753,0.7795
20240926,2.09,1.6537,1.91,2.06,False,sz002374,3.8601
20250626,13.42,1.1222,1.19,13.27,False,sz301078,0.8304
20240926,14.48,0.7078,20.17,14.38,True,sz300101,5.1846
20240924,6.5,1.2553,41.08,6.42,True,sz300466,1.8251
20240911,6.05,0.8095,5.62,6.0,False,sz002569,2.3837
20240926,12.81,2.4281,7.65,12.51,False,sz000807,1.5664
20240930,1173.31,8.6484,-2.73,1079.91,False,sz399440,3.9711
20240927,2.68,0.986,1.49,2.65,False,sz000629,2.9009
20240924,5.37,1.4532,13.78,5.29,False,sz000802,2.1902
20240926,3.38,0.4215,20.38,3.37,True,sz300230,1.5039
20240927,27.99,0.3303,2.36,27.9,False,sz002791,2.2708
20240802,2.34,4.3439,-12.39,2.24,False,sz000518,7.8147
20250624,10.95,3.9787,1.55,10.53,False,sz300978,1.6763
20240920,2.5,0.634,22.0,2.48,True,sz000031,2.1727
20240821,6.09,2.6924,-5.75,5.93,False,sz300083,1.8286
20240927,9.86,2.8572,0.41,9.59,False,sz002838,4.7082
20240802,5.14,2.1277,20.23,5.03,True,sz002488,2.2868
20250731,27.55,0.2529,4.9,27.48,False,sz300735,3.8531
20240828,7.01,2.2528,10.7,6.85,False,sz002312,4.2208
20241008,16.23,6.6213,-11.71,15.22,False,sz002541,2.59
20240926,3938.74,1.2406,17.58,3890.47,False,sz399972,2.317
20240927,12.84,2.5614,-1.17,12.52,False,sz002675,2.6481
20250625,50.83,0.0539,0.65,50.8,False,sz301050,1.6889
20240927,1879.73,3.8435,5.27,1810.16,False,sz399695,2.6317
20240805,1.85,4.3037,-8.65,1.77,False,sz300167,2.0305
20240806,7.89,1.3281,-1.14,7.79,False,sz300534,1.9118
20240927,15.3,5.5506,5.36,14.5,False,sz002268,3.3812
20240927,1878.2,4.1081,5.16,1804.09,False,sz399808,2.0901
20240730,10.81,7.9273,7.49,10.02,False,sz300053,5.7443
20240924,13.07,3.2807,29.76,12.65,True,sz002095,1.9215
20250812,113.91,5.8322,0.04,107.63,False,sz002920,4.8297
20240930,4.5,3.0126,-3.55,4.37,False,sz002226,2.2938
20240731,4.97,2.5782,-1.21,4.85,False,sz000735,1.8133
20240912,9.2,4.9041,-1.41,8.77,False,sz002112,4.379
20240731,11.3,2.4347,-6.46,11.03,False,sz002741,0.5644
20251022,54.82,0.1112,2.59,54.76,False,sz301233,0.736
20251224,22.25,0.6673,-3.15,22.1,False,sz003008,0.4992
20240930,6.83,4.3158,-5.56,6.55,False,sz002171,3.6943
20251020,19.89,2.7213,8.04,19.36,False,sz300802,0.5318
20240930,6.67,10.0887,-4.05,6.06,False,sz000936,3.5933
20240731,6.25,1.0191,-5.6,6.19,False,sz300304,1.4827
20240902,10.48,2.835,-2.39,10.19,False,sz300663,4.8617
20251203,55.75,0.4907,-1.15,55.48,False,sz301080,0.8808
20240926,8193.03,0.174,12.66,8178.8,False,sz399645,2.3146
20240731,3.54,1.6896,0.56,3.48,False,sz000949,1.1911
20240926,7.05,0.2061,6.95,7.04,False,sz002274,1.2509
20240927,2.46,1.4398,0.41,2.43,False,sz000767,2.5899
20240805,7.39,0.6378,-4.6,7.34,False,sz300528,2.0178
20251201,12.54,1.1597,2.07,12.4,False,sz002972,2.4035
20240821,6.05,2.5101,-3.9,5.9,False,sz000880,0.7388
20240930,3.91,4.1009,-0.77,3.75,False,sz200726,9.5091
20250714,20.82,0.7123,1.54,20.67,False,sz001379,1.456
20251027,12.4,2.5577,3.06,12.09,False,sz301136,4.8038
20240927,978.62,3.9578,2.4,941.36,False,sz399814,2.1832
20250924,7.02,3.1531,-1.14,6.81,False,sz300334,1.2654
20240924,9.34,1.9002,16.06,9.17,False,sz000729,2.036
20240926,13.98,0.0116,28.61,13.98,True,sz300566,0.79
20240926,3.96,0.3908,17.68,3.94,False,sz300335,1.5624
20240731,19.88,0.4589,-3.12,19.79,False,sz300001,0.8263
20260114,56.43,0.135,-5.37,56.35,False,sz301178,1.8651
20240930,3.59,7.137,-6.68,3.35,False,sz002390,4.0737
20260105,43.44,3.6989,2.6,41.89,False,sz300850,1.3689
20240930,2.65,0.4962,-13.58,2.64,False,sz002259,4.9854
20250711,61.44,0.6929,30.62,61.02,True,sz002896,3.5907
20240930,21.42,13.9008,-5.46,18.81,False,sz300631,2.7703
20250716,10.67,0.2662,-2.25,10.64,False,sz002911,1.8814
20240802,4.97,0.8233,1.01,4.93,False,sz300318,2.2093
20240930,7.08,4.6241,-6.78,6.77,False,sz000157,3.419
20240829,24.47,0.8394,10.5,24.27,False,sz002444,1.1608
20250709,78.17,1.5773,18.65,76.96,False,sz301261,5.3638
20240930,26.0,7.4278,-7.27,24.2,False,sz300482,3.7042
20240927,3230.26,5.1196,5.5,3072.94,False,sz399659,2.6545
20240923,7.35,3.5078,14.83,7.1,False,sz002123,2.2496
20250624,11.8,0.8324,1.01,11.7,False,sz301355,0.543
20240924,2.69,0.6674,39.78,2.67,True,sz002570,2.5682
20240731,26.8,2.3217,-5.15,26.19,False,sz000063,1.0663
20240913,8.31,0.6574,8.55,8.25,False,sz002017,6.0512
20240902,7.65,3.3632,3.4,7.4,False,sz000504,5.2332
20240930,13.81,17.7792,-8.98,11.73,False,sz300118,3.889
20251017,36.47,4.4245,-7.92,34.92,False,sz300683,3.1473
20240906,3.38,9.8386,5.03,3.08,False,sz000850,19.0206
20250624,47.02,1.8695,3.45,46.16,False,sz301548,0.5939
20240731,5.08,1.0526,3.74,5.03,False,sz002059,4.6227
20240820,13.86,0.1695,-3.54,13.84,False,sz002824,2.723
20250819,14.76,0.1006,2.91,14.75,False,sz300729,1.2395
20240730,4.65,0.1884,4.3,4.64,False,sz000833,0.4995
20240927,3.36,2.1639,0.3,3.29,False,sz002494,2.2495
20240930,4.0,12.1653,1.0,3.57,False,sz300201,4.5409
20240927,11.48,1.1066,6.18,11.36,False,sz300452,3.2304
20240930,911.27,2.9643,-4.28,885.03,False,sz399689,3.6615
20240802,2.72,0.2057,-6.25,2.71,False,sz300135,3.1006
20240927,8.62,0.104,0.46,8.61,False,sz002669,2.5116
20260123,21.1,0.893,-9.86,20.91,False,sz300767,1.073
20240731,6.12,2.2783,-5.55,5.99,False,sz002340,1.5735
20250624,21.39,0.1647,20.85,21.35,True,sz301565,1.1817
20240830,8.34,4.9255,26.86,7.95,True,sz300386,1.2315
20240919,9.76,0.5736,9.74,9.7,False,sz200581,1.1762
20240731,4.78,0.7115,-0.42,4.74,False,sz002627,2.0141
20251218,30.78,3.0891,14.85,29.86,False,sz301002,2.8101
20251104,38.43,5.0746,0.99,36.57,False,sz301560,4.5446
20240926,8.47,1.8029,23.73,8.32,True,sz300383,1.8587
20240925,3.83,0.3217,18.54,3.82,False,sz002516,1.9806
20240927,12.5,2.1854,4.56,12.23,False,sz000878,2.7226
20250625,22.18,2.2905,-0.9,21.68,False,sz300762,1.2712
20240930,3.93,8.556,-3.82,3.62,False,sz002491,3.5789
20240802,7.36,14.8355,-5.84,6.41,False,sz300204,5.7102
20250707,18.85,0.8732,4.19,18.69,False,sz300902,2.2487
20240926,9.83,4.3083,14.7,9.43,False,sz002558,1.5827
20240903,6.08,1.1072,-3.62,6.01,False,sz300153,5.2784
20240927,2.58,1.455,5.81,2.54,False,sz002195,2.6256
20240927,75.03,7.7665,-0.57,69.62,False,sz002821,2.6339
20240930,20.44,7.2117,7.19,19.06,False,sz002368,2.666
20240926,2011.51,0.6377,19.24,1998.76,False,sz399412,1.5519
20240927,7.86,1.1375,4.45,7.77,False,sz300434,1.3807
20240926,7.46,0.28,12.6,7.44,False,sz002788,1.2866
20240927,4.18,3.1518,2.87,4.05,False,sz002641,2.5841
20250625,37.4,0.4609,-0.13,37.23,False,sz301503,1.3123
20240925,6.24,0.0428,4.33,6.24,False,sz000635,1.6775
20250625,10.07,0.2738,2.38,10.04,False,sz300701,1.1319
20240927,8.92,4.4293,3.7,8.54,False,sz002326,4.9538
20240808,4.52,6.9401,-8.41,4.23,False,sz300029,3.5876
20240822,2.32,0.9208,-4.74,2.3,False,sz002775,1.5287
20240926,17.11,0.7839,19.87,16.98,False,sz002126,1.3061
20240927,5.15,3.2286,5.24,4.99,False,sz002212,2.2486
20240924,42.68,0.542,44.02,42.45,True,sz300487,1.5779
20240927,4.05,2.3956,0.0,3.96,False,sz000701,2.1735
20240813,6.4,0.6228,3.28,6.36,False,sz002588,0.905
20240913,4.07,0.4587,-2.7,4.05,False,sz300067,3.7675
20250624,22.16,0.2129,6.5,22.11,False,sz300855,1.0654
20251023,93.35,0.1481,0.48,93.21,False,sz301479,0.656
20240827,10.6,6.3438,-7.83,9.97,False,sz300500,2.2278
20240927,6991.29,2.6907,5.51,6808.1,False,sz399671,3.0543
20240930,17.06,12.1926,-0.18,15.21,False,sz300657,2.6086
20240902,5.18,1.8265,-5.21,5.09,False,sz002691,3.4435
20240731,2437.69,0.1125,-5.49,2434.95,False,sz399996,1.2238
20260408,56.36,0.6339,10.2,56.01,False,sz300836,1.3405
20240808,11.35,2.4014,1.76,11.08,False,sz000902,1.75
20240815,13.03,12.4391,-5.76,11.59,False,sz300183,4.3679
20240930,3.5,6.5828,-6.29,3.28,False,sz002716,4.2613
20250627,22.32,0.4109,0.04,22.23,False,sz301133,1.2893
20240927,3.92,6.1844,1.28,3.69,False,sz002145,3.6394
20240912,20.19,4.2686,-13.26,19.37,False,sz300619,1.5914
20240927,21.3,9.5754,1.64,19.44,False,sz000762,3.1628
20240927,10.69,1.8734,2.53,10.49,False,sz002271,3.2778
20250701,16.32,0.2023,0.31,16.28,False,sz301207,1.212
20251219,23.98,4.9174,6.67,22.86,False,sz300878,2.4087
20240731,29.16,0.8072,2.37,28.92,False,sz002422,1.2779
20240926,3986.3,1.5228,15.62,3926.51,False,sz399358,1.5692
20240927,4.23,3.2439,11.34,4.1,False,sz300587,2.8486
20240731,3.63,2.4414,-0.83,3.55,False,sz000601,0.8584
20240927,7.17,3.1618,3.21,6.95,False,sz300129,2.7432
20250624,24.28,2.8893,4.32,23.6,False,sz301199,1.8363
20240927,8.22,2.3683,5.96,8.03,False,sz002026,2.6348
20260227,75.01,0.3689,-5.41,74.73,False,sz301603,0.8671
20260310,35.85,0.4298,-1.28,35.7,False,sz300955,1.5943
20250627,39.74,3.4469,0.88,38.42,False,sz002993,2.0127
20240926,28.28,2.6285,6.26,27.56,False,sz000786,1.9959
20240730,10.92,4.2105,-7.33,10.48,False,sz300400,2.3696
20240930,5.97,7.2243,-4.85,5.57,False,sz002295,3.5391
20240927,6.28,6.541,9.4,5.89,False,sz300253,3.6643
20241028,7.18,0.6695,-1.11,7.13,False,sz002068,2.6956
20240731,8.64,4.2157,-7.99,8.29,False,sz002815,0.8306
20240812,12.71,4.5409,-5.59,12.16,False,sz300463,7.1873
20250624,38.37,2.7069,1.64,37.36,False,sz301280,1.4999
20250624,38.26,0.6037,0.08,38.03,False,sz300936,2.549
20250624,39.52,16.7234,-1.85,33.86,False,sz301349,7.959
20250715,77.08,1.3625,26.69,76.05,True,sz300718,3.108
20240930,23.08,3.329,-2.9,22.34,False,sz002876,3.1711
20240813,5.54,0.6969,-11.9,5.51,False,sz002658,5.9559
20240903,13.64,3.5024,-5.72,13.18,False,sz000985,5.5335
20240926,3028.91,0.8321,8.54,3003.92,False,sz399391,2.2103
20240927,3.42,1.7453,3.21,3.37,False,sz002522,2.5464
20240830,234.98,1.7372,-6.36,230.97,False,sz002371,2.1622
20250624,23.76,1.5591,1.39,23.4,False,sz301307,1.4918
20251111,70.2,1.2836,-5.68,69.31,False,sz301033,1.3889
20240802,4.33,2.4165,-4.62,4.23,False,sz002616,2.8294
20251021,18.62,2.2108,3.22,18.22,False,sz300985,0.8263
20240801,12.72,12.2138,-1.73,11.34,False,sz300519,7.0493
20251126,32.19,1.103,-1.58,31.84,False,sz002943,0.7349
20240813,8.06,1.1798,-5.08,7.97,False,sz002245,0.5015
20240812,16.22,5.6208,-7.22,15.35,False,sz000756,5.7813
20240807,4.81,0.0139,-3.33,4.81,False,sz300283,1.4565
20240805,9.36,0.0383,-9.08,9.36,False,sz002416,4.3077
20240927,6.38,2.0066,-6.74,6.25,False,sz000978,4.556
20240920,11.81,1.3189,18.71,11.66,False,sz002722,2.8081
20251021,29.01,2.5519,5.41,28.29,False,sz301107,1.2201
20240911,4.23,1.3821,-1.18,4.17,False,sz002591,3.5968
20240926,17.98,1.5973,18.6,17.7,False,sz300557,1.4804
20240923,1.71,0.9892,33.33,1.69,True,sz000718,1.2782
20240930,9.12,6.2471,-4.17,8.58,False,sz002458,5.1461
20240927,3516.86,5.0231,8.49,3348.65,False,sz399016,2.4857
20251111,11.71,2.8832,-2.22,11.38,False,sz301149,4.7929
20250716,80.24,2.9274,1.45,77.96,False,sz001306,3.9517
20240909,4.86,13.5802,25.51,4.28,True,sz300030,2.4174
20260109,15.74,0.1708,0.0,15.71,False,sz300861,2.9195
20240925,3.63,3.306,1.65,3.51,False,sz000955,2.5162
20251223,16.69,2.6566,-3.06,16.26,False,sz300786,3.3535
20240927,6.16,0.5933,8.12,6.12,False,sz300600,2.1527
20240927,8.13,1.8053,-0.98,7.99,False,sz000586,1.5944
20250624,13.25,0.8077,3.09,13.14,False,sz003025,1.7095
20240926,1128.76,0.411,24.36,1124.14,True,sz399626,2.086
20240731,4.43,2.2092,-0.68,4.33,False,sz000166,2.6189
20241127,38.93,1.0094,1.18,38.54,False,sz002475,1.4964
20240805,4.64,6.8212,-12.51,4.34,False,sz300329,4.2086
20251022,19.11,0.2265,2.46,19.07,False,sz301399,0.6511
20240802,3.75,0.4416,-1.6,3.74,False,sz002688,1.9879
20250625,3.6,0.5719,0.55,3.58,False,sz003816,1.1838
20240924,4.56,0.7253,21.71,4.53,True,sz000401,1.7554
20240926,3171.45,2.0868,25.96,3106.62,True,sz399668,1.785
20250624,21.72,1.1072,3.68,21.48,False,sz301161,1.1915
20251125,18.15,0.6297,1.71,18.04,False,sz002925,1.1191
20250722,18.11,0.8904,-4.36,17.95,False,sz002158,1.4543
20240930,37.08,6.0314,-1.83,34.97,False,sz002223,2.3401
20240903,13.63,0.2071,-3.01,13.6,False,sz002159,1.1482
20240926,9.51,8.0897,44.69,8.8,True,sz300056,2.7818
20251124,15.97,3.2482,5.76,15.47,False,sz001360,0.8698
20240930,8.49,5.1122,-5.3,8.08,False,sz002090,4.4567
20240731,10.77,2.1097,-7.89,10.55,False,sz300531,2.2104
20250813,62.5,0.2052,6.18,62.37,False,sz301085,1.4081
20240926,1610.34,0.3391,28.56,1604.9,True,sz399640,1.6996
20250630,33.33,1.3686,1.05,32.88,False,sz301278,1.3405
20240812,1.92,7.3125,-4.17,1.79,False,sz200468,1.2526
20240927,1.3,1.1345,9.23,1.29,False,sz300301,2.2869
20240910,31.7,0.3805,4.35,31.58,False,sz300628,1.1491
20240927,8.44,4.2838,-2.37,8.09,False,sz002174,2.4467
20240927,4.21,1.3562,-1.43,4.15,False,sz000100,2.7517
20250818,57.82,1.9066,5.83,56.74,False,sz301236,3.7672
20240930,15.29,5.7618,-5.43,14.46,False,sz002240,3.7717
20240806,15.0,0.9669,-5.6,14.86,False,sz002389,4.2142
20250805,24.42,0.6183,-0.74,24.27,False,sz300980,1.8042
20251027,30.47,1.4897,0.07,30.02,False,sz301665,5.2821
20240906,4.17,1.3571,2.16,4.11,False,sz300086,7.7313
20240925,5.62,0.7594,7.3,5.57,False,sz002040,1.9169
20240926,5.1,0.1981,4.31,5.09,False,sz000553,2.9514
20250717,24.03,2.1742,1.46,23.52,False,sz301302,0.6476
20240926,6.5,0.653,11.85,6.46,False,sz002527,1.4667
20240926,25.7,1.5685,19.76,25.31,False,sz000034,1.0315
20241226,3.45,2.9176,-1.45,3.36,False,sz200512,1.298
20240930,9.83,7.1409,-8.44,9.18,False,sz002873,2.8761
20250624,7.44,2.9425,0.81,7.23,False,sz300933,1.5106
20250624,29.95,0.1709,7.78,29.9,False,sz301285,0.6215
20240927,12.85,3.5445,4.9,12.41,False,sz002810,2.1414
20240731,6.32,3.0253,-1.9,6.13,False,sz300162,1.0315
20240926,3.99,1.7014,13.53,3.92,False,sz300405,1.4311
20241008,13.34,3.5835,-5.47,12.88,False,sz002290,4.4617
20240926,1877.49,0.1608,20.74,1874.48,True,sz399423,1.8494
20251124,58.74,0.4774,5.04,58.46,False,sz301606,0.4058
20240731,10.27,7.2744,-7.89,9.57,False,sz002670,3.5538
20250731,10.36,2.8241,16.7,10.07,False,sz002811,2.8433
20260408,14.78,3.0246,2.3,14.35,False,sz300730,1.3927
20240930,13.4,9.0813,-8.36,12.28,False,sz002317,2.8346
20240808,2.69,11.518,-11.52,2.41,False,sz300267,7.8357
20260306,15.73,4.0516,-1.78,15.12,False,sz300686,1.9039
20251016,17.86,1.8452,-5.49,17.54,False,sz300961,3.5379
20240930,31.26,0.4202,-11.23,31.13,False,sz000028,3.2279
20240923,1071.68,0.2802,32.96,1068.69,True,sz399241,1.288
20240912,3.68,1.9391,1.09,3.61,False,sz002012,1.4403
20240920,6.81,0.2269,13.36,6.79,False,sz000501,1.1089
20240927,13.92,4.9055,13.0,13.27,False,sz300229,3.1366
20250625,63.3,1.375,-3.63,62.44,False,sz301299,1.8007
20240927,5.05,3.8988,4.75,4.86,False,sz002575,1.7181
20240925,8.74,0.1681,16.93,8.73,False,sz000066,2.0603
20240910,1.72,3.2103,-8.14,1.67,False,sz002622,0.8092
20251231,40.52,1.9717,-3.08,39.74,False,sz301007,3.5724
20240926,1.25,0.7252,-8.8,1.24,False,sz000656,1.9905
20250708,50.97,3.7062,3.12,49.15,False,sz301333,1.6574
20240927,4.65,1.521,1.08,4.58,False,sz002345,1.7922
20250624,12.69,0.2732,9.61,12.66,False,sz300885,1.1697
20240925,5.3,1.3417,30.19,5.23,True,sz300419,3.4834
20250905,14.7,3.0259,1.36,14.27,False,sz301180,1.008
20260114,28.5,0.8163,-1.16,28.27,False,sz001206,1.1945
20240925,17.05,1.6969,50.32,16.77,True,sz300130,2.5978
20250624,23.25,0.9472,2.28,23.03,False,sz301049,0.8966
20240927,5.69,2.4011,-0.7,5.56,False,sz002842,2.2553
20240925,16.32,4.5957,17.52,15.61,False,sz300457,4.582
20240820,4.84,6.7274,-16.53,4.53,False,sz300004,8.9714
20250905,37.75,3.0461,28.42,36.63,True,sz001332,1.8187
20240927,7.86,0.2083,6.87,7.84,False,sz002758,2.6875
20251205,10.38,1.5222,-3.37,10.23,False,sz002939,2.378
20240925,29.57,6.1023,66.95,27.87,True,sz300563,1.7205
20251023,36.36,0.5618,-4.18,36.16,False,sz301380,1.2664
20240927,2888.32,5.4476,13.18,2739.1,False,sz399811,1.988
20251124,38.28,4.3057,2.69,36.7,False,sz002977,4.658
20240927,11.56,1.9468,1.73,11.34,False,sz000885,2.3465
20260203,41.55,2.8582,8.35,40.4,False,sz301150,0.7717
20250701,36.63,2.3337,-0.62,35.8,False,sz301099,2.3412
20240930,7.12,2.1203,-4.63,6.97,False,sz002441,3.5953
20241106,2.52,1.1642,6.75,2.49,False,sz002168,1.519
20260119,32.66,0.3248,-2.3,32.55,False,sz001298,2.3461
20260108,21.89,1.6271,1.92,21.54,False,sz003011,1.2404
20240930,15.18,5.6619,-4.68,14.37,False,sz002395,2.647
20240924,6.01,2.3836,46.42,5.87,True,sz000686,3.2525
20240919,8.02,0.4048,16.58,7.99,False,sz300353,1.0095
20250624,10.37,1.7743,3.11,10.19,False,sz002893,0.9231
20250724,31.01,0.081,-2.55,30.98,False,sz300999,1.5214
20240731,6.49,5.1835,-5.55,6.17,False,sz000683,1.6953
20240930,13.94,11.6898,1.29,12.48,False,sz300505,3.2265
20240806,4.85,0.48,3.51,4.83,False,sz300062,0.5313
20251204,79.19,0.9604,5.44,78.44,False,sz301155,1.3276
20250707,15.29,0.1977,2.22,15.26,False,sz300504,0.3473
20240925,5.36,2.0935,7.63,5.25,False,sz000430,6.0594
20250806,63.71,1.7194,0.24,62.63,False,sz301598,1.5245
20250704,41.06,0.5311,0.95,40.84,False,sz301202,2.7157
20240930,3.53,9.8007,-3.4,3.21,False,sz002427,3.8057
20240930,2.37,9.5025,-3.42,2.16,False,sz002713,1.8285
20240930,7.84,6.92,-3.32,7.33,False,sz002140,3.6526
20250901,13.77,0.5715,-0.44,13.69,False,sz003039,0.7483
20240930,5.25,5.0648,-5.71,5.0,False,sz002469,6.1637
20250709,35.85,0.2204,-2.54,35.77,False,sz300833,5.1008
20240927,1767.95,1.3521,5.11,1744.36,False,sz399674,2.3336
20240926,15.32,0.3842,22.25,15.26,True,sz300652,1.4582
20250804,23.77,0.7018,-0.76,23.6,False,sz001337,1.4042
20240930,3.94,2.4374,-4.06,3.85,False,sz002694,4.424
20240927,2293.23,3.2603,6.14,2220.82,False,sz399993,2.1469
20251125,33.09,2.9289,-9.4,32.15,False,sz300907,1.914
20250626,28.65,0.8563,-2.3,28.41,False,sz301378,3.0397
20240930,5.99,2.8444,-8.35,5.82,False,sz000529,4.1716
20250905,19.27,1.5043,-0.16,18.98,False,sz301185,0.5097
20240927,3.25,1.1437,-4.92,3.21,False,sz002289,1.0119
20250707,21.55,0.4912,-2.51,21.44,False,sz300880,2.3355
20240924,3.86,3.6914,10.62,3.72,False,sz002513,3.5217
20251022,40.45,0.0916,-0.27,40.41,False,sz300949,0.6908
20251201,59.12,7.5347,-4.04,54.98,False,sz301336,5.5748
20240731,19.43,0.7731,-1.65,19.28,False,sz002074,1.4142
20240807,7.4,0.9768,-13.11,7.33,False,sz002809,1.8145
20240926,5.83,3.7334,27.44,5.62,True,sz000567,7.6615
20240930,276.91,2.1795,-0.87,271.0,False,sz399307,2.6253
20240927,3.41,0.8945,-1.47,3.38,False,sz000630,1.5885
20240923,1.25,0.9489,24.0,1.24,True,sz002323,7.2488
20251119,90.21,0.929,14.31,89.38,False,sz301061,0.915
20240807,7.32,1.2265,-2.87,7.23,False,sz002644,8.9404
20251020,44.06,2.2778,4.13,43.08,False,sz300964,1.5545
20240926,2191.46,0.1833,22.12,2187.45,True,sz399417,1.5203
20240812,32.11,1.5054,-1.85,31.64,False,sz000999,1.8212
20251015,27.12,0.8825,-1.03,26.88,False,sz000062,0.3465
20240926,14.71,0.1807,12.17,14.68,False,sz002190,2.0575
20251124,20.1,1.8383,1.99,19.74,False,sz001260,1.5404
20240730,2.87,13.4163,-7.67,2.53,False,sz300287,1.6102
20240905,6.63,0.4368,3.02,6.6,False,sz000752,1.0615
20240920,18.25,1.3079,12.6,18.01,False,sz002241,0.9543
20251031,13.14,0.1467,2.05,13.12,False,sz300981,1.1906
20251103,22.08,0.6887,-0.5,21.93,False,sz301103,1.5827
20240927,6.93,1.7409,-0.72,6.81,False,sz002726,1.9536
20250630,16.5,0.4587,-5.82,16.42,False,sz300806,1.252
20240930,18.78,5.0812,3.56,17.87,False,sz300553,4.5289
20251020,6.46,0.8612,2.79,6.4,False,sz002909,0.8832
20240731,36.0,2.3761,-3.64,35.16,False,sz002595,1.3991
20240930,17.11,11.0159,-0.88,15.41,False,sz300034,4.9565
20240926,2450.19,0.2514,29.39,2444.04,True,sz399012,1.9828
20240927,19.58,1.6562,4.75,19.26,False,sz002768,2.6878
20240927,14.02,3.6343,8.06,13.53,False,sz300363,3.8279
20251103,33.02,7.5424,-2.91,30.7,False,sz300865,2.279
20240927,4.59,6.1804,4.79,4.32,False,sz300057,2.2409
20250721,121.75,2.5065,-5.7,118.77,False,sz003021,1.5465
20240731,7.38,0.4554,-0.14,7.35,False,sz000582,1.7003
20240924,22.41,0.3185,30.17,22.34,True,sz002222,1.6634
20240927,9.25,1.5851,8.32,9.11,False,sz002116,2.9683
20240830,5.86,0.8425,-6.14,5.82,False,sz300219,2.5489
20240930,1.93,4.3356,1.04,1.85,False,sz200570,7.2289
20240730,15.3,11.3294,-13.99,13.74,False,sz300583,9.3208
20250714,48.8,0.2982,3.07,48.65,False,sz301360,0.6315
20240926,2.01,2.6296,7.96,1.96,False,sz000056,2.5835
20240930,5.47,7.9199,-3.47,5.07,False,sz000531,5.1523
20240927,6.17,0.5869,0.49,6.13,False,sz002022,1.7483
20240925,1.72,0.0436,8.72,1.72,False,sz200017,2.134
20240930,469.53,9.3018,-4.01,429.57,False,sz399678,3.1666
20240924,4.88,1.4149,24.8,4.81,True,sz002291,3.565
20240927,4.31,0.3921,-2.32,4.29,False,sz000782,5.2887
20240927,3.52,2.939,1.42,3.42,False,sz002358,1.9666
20250717,39.13,0.6654,0.2,38.87,False,sz002997,1.6018
20260112,36.8,1.5679,0.22,36.23,False,sz300951,2.1893
20240927,2057.95,4.0141,5.52,1978.53,False,sz399441,2.6941
20240820,14.28,3.9093,-14.43,13.74,False,sz300467,7.0684
20250924,11.24,0.3228,-2.31,11.2,False,sz001236,0.5897
20240927,3.93,1.5067,-2.8,3.87,False,sz002795,2.6095
20250916,48.69,3.4025,-6.41,47.09,False,sz300100,1.9685
20240926,3.43,1.6394,10.49,3.38,False,sz002375,1.9247
20250728,20.26,2.0548,-3.36,19.85,False,sz300752,2.2529
20240730,4.42,0.4698,1.13,4.4,False,sz000035,0.9743
20240927,5210.18,2.135,0.66,5101.27,False,sz399395,1.6801
20240802,1.41,2.3965,-11.35,1.38,False,sz000981,10.2761
20240930,12.73,17.1418,0.86,10.87,False,sz300429,3.5551
20240926,4.48,3.2853,-0.45,4.34,False,sz002188,2.6375
20250624,17.0,3.3586,0.65,16.45,False,sz001278,1.1117
20240927,14.84,4.4985,-1.82,14.2,False,sz002612,3.5766
20250624,10.93,0.579,1.01,10.87,False,sz300235,1.1639
20250624,12.69,6.4463,3.07,11.92,False,sz301037,2.0835
20240823,4.39,3.1929,-5.92,4.25,False,sz000557,3.1244
20240927,3.93,0.2276,-0.25,3.92,False,sz002044,2.7843
20240819,3.69,1.0244,-0.81,3.65,False,sz002839,1.5038
20250725,56.22,0.4408,-9.32,55.97,False,sz300979,1.0417
20240731,4.97,2.0653,-6.24,4.87,False,sz000030,1.6274
20240926,2.46,0.1206,7.33,2.45,False,sz002523,2.8391
20250717,165.96,3.4973,8.42,160.35,False,sz300757,1.401
20240930,8.0,9.3544,-6.37,7.32,False,sz002877,3.8205
20240806,13.39,0.8783,-4.85,13.27,False,sz000519,1.2633
20241127,7.81,0.3931,0.26,7.78,False,sz002790,1.1026
20240930,10.18,10.1195,-3.83,9.24,False,sz300462,2.4112
20250624,31.13,0.1123,4.69,31.1,False,sz301281,0.32
20240912,7.71,1.4841,4.93,7.6,False,sz300231,2.0174
20250904,27.78,0.0117,0.86,27.78,False,sz300937,0.5283
20250701,22.54,12.8149,-8.44,19.98,False,sz301348,9.5849
20250708,36.2,0.8746,-2.51,35.89,False,sz301578,1.618
20240927,13.59,5.617,0.81,12.86,False,sz300401,2.3454
20240904,3.49,1.0618,-6.3,3.45,False,sz300128,4.6711
20240926,2113.75,3.4953,35.35,2042.36,True,sz399694,1.6202
20250701,20.02,0.2862,4.4,19.96,False,sz301051,1.3211
20240927,10.33,2.3319,-2.23,10.1,False,sz000534,2.5965
20240927,1266.27,3.7143,6.55,1220.92,False,sz399973,2.0896
20241008,10.02,3.4937,-13.77,9.68,False,sz002674,3.7329
20240930,7.65,7.953,-5.49,7.09,False,sz002313,2.6952
20241112,5.16,0.238,-2.71,5.15,False,sz000600,1.2879
20240731,2.6,1.9708,-0.38,2.55,False,sz002489,1.3931
20251125,73.74,2.6259,2.39,71.85,False,sz301165,2.1255
20240911,9.04,9.7809,-4.87,8.23,False,sz002227,10.1577
20250624,39.49,7.7348,2.71,36.65,False,sz301398,6.7767
20240819,2.37,0.3883,-10.97,2.36,False,sz002094,2.7197
20240927,12.53,2.212,7.34,12.26,False,sz300052,2.1624
20240815,1699.06,0.479,1.97,1690.96,False,sz399809,0.8342
20240930,2.26,11.8997,-3.98,2.02,False,sz300208,2.1648
20240828,1.39,0.036,-0.72,1.39,False,sz002269,0.9741
20240930,681.55,2.8728,-5.32,662.52,False,sz399680,3.1126
20240926,11.98,1.2401,14.69,11.83,False,sz300535,1.0197
20240926,3190.51,0.5948,11.53,3171.64,False,sz399644,2.0078
20240926,17.0,0.0873,15.06,16.99,False,sz300662,2.9494
20240930,6.09,5.4107,-2.63,5.78,False,sz300305,3.3451
20240814,9.87,0.9039,-1.72,9.78,False,sz000719,1.709
20250624,65.6,6.3849,18.72,61.66,False,sz300803,4.5047
20240930,5.86,3.313,-4.1,5.67,False,sz000937,2.5411
20240927,12.32,1.5876,4.79,12.13,False,sz002459,2.7227
20260317,61.9,0.0176,-7.93,61.89,False,sz003009,0.1218
20240820,11.22,19.6492,-28.52,9.38,False,sz300518,9.1636
20251218,23.93,1.82,11.53,23.5,False,sz001336,0.796
20240731,6.41,3.9712,-2.65,6.17,False,sz000728,3.0229
20240731,8.91,5.1737,-3.59,8.48,False,sz002468,1.6443
20240927,4.16,2.5831,-1.2,4.06,False,sz002712,1.7253
20250904,30.16,0.3257,5.07,30.06,False,sz301137,0.7044
20250624,21.72,1.6889,1.15,21.36,False,sz001378,1.0333
20240930,11.52,3.0819,-6.77,11.18,False,sz002088,4.0507
20240927,6.6,1.8388,2.42,6.48,False,sz000881,2.4743
20260119,14.61,0.7378,-0.96,14.5,False,sz002973,1.9478
20240926,26.01,2.0075,26.14,25.5,True,sz300529,1.9094
20240902,16.29,0.0333,-11.17,16.28,False,sz000766,5.602
20240829,12.74,0.7553,1.18,12.64,False,sz002275,6.2033
20260109,33.95,0.4215,3.06,33.81,False,sz301203,1.6102
20240910,17.95,3.1659,-3.9,17.4,False,sz002771,2.0453
20240927,3542.0,4.9396,2.74,3375.27,False,sz399658,2.2991
20240927,2.4,0.0,0.0,2.4,False,sz002122,1.559
20240927,11.12,1.8813,-2.79,10.91,False,sz002216,4.2261
20240925,1.78,0.8403,17.42,1.77,False,sz002445,4.839
20240926,6.45,3.7116,7.44,6.22,False,sz000156,1.9941
20240829,8.66,3.5823,0.35,8.37,False,sz300319,0.9402
20251219,3.12,0.7399,-0.96,3.1,False,sz002217,0.5056
20251021,16.85,1.9784,3.09,16.52,False,sz003015,0.8173
20241024,3.29,5.3784,14.29,3.12,False,sz002336,1.7587
20250624,27.0,1.5483,2.07,26.59,False,sz300851,1.0646
20240920,2.8,1.1226,18.93,2.77,False,sz000965,3.089
20240930,24.02,17.9699,-4.04,20.36,False,sz300357,4.6304
20240903,10.56,0.8547,-2.75,10.47,False,sz000682,1.0662
20240926,4.72,1.2047,5.08,4.66,False,sz002391,1.5374
20240814,2.59,10.0255,-18.15,2.35,False,sz300157,9.4999
20240924,8.29,0.827,25.81,8.22,True,sz002058,1.2444
20240926,6.42,1.2778,8.39,6.34,False,sz002825,0.8639
20251208,65.87,5.7402,5.97,62.29,False,sz300965,4.529
20260114,19.41,2.3127,-2.37,18.97,False,sz300682,4.9156
20240926,5.74,0.8815,18.81,5.69,False,sz300263,1.4336
20240919,5.95,4.8965,1.51,5.67,False,sz000505,1.8947
20250210,6.81,0.2758,-1.47,6.79,False,sz002016,2.8668
20240930,7.76,4.2065,-5.8,7.45,False,sz002645,2.9407
20250721,86.2,11.8553,-8.18,77.06,False,sz301633,10.0156
20240731,13.74,0.2743,4.8,13.7,False,sz002626,1.7515
20251110,76.68,1.759,-0.34,75.35,False,sz002847,2.065
20240819,6.21,1.5619,1.45,6.11,False,sz300387,2.4732
20240924,3.32,5.0605,31.63,3.16,True,sz000652,6.0355
20250812,40.88,3.2662,4.79,39.59,False,sz300766,2.3695
20240731,9.11,3.6995,-3.95,8.78,False,sz002668,2.4397
20240830,7.51,1.345,-1.86,7.41,False,sz300134,2.5491
20251218,15.16,0.1597,3.56,15.14,False,sz001202,0.6985
20240926,2067.09,1.2885,24.28,2040.79,True,sz399688,1.6113
20240927,6.5,1.8194,9.38,6.38,False,sz300453,2.6497
20240926,1.64,1.1499,7.92,1.62,False,sz002495,2.2162
20240930,8.38,6.9743,-3.94,7.83,False,sz002559,4.1387
20240927,7.87,1.8518,4.07,7.73,False,sz000837,3.4894
20240927,2.08,1.5997,1.92,2.05,False,sz002490,1.2798
20240927,16.39,1.264,12.75,16.19,False,sz300456,2.161
20260330,39.65,0.0966,1.01,39.61,False,sz301181,0.9011
20240930,15.42,8.5807,6.36,14.2,False,sz002843,1.1898
20240930,9.64,2.6897,-6.74,9.39,False,sz000657,3.3615
20250624,55.02,2.4877,3.62,53.68,False,sz300763,1.6285
20250627,10.31,2.1984,5.24,10.09,False,sz301332,3.3697
20240823,11.53,0.1375,4.34,11.51,False,sz000004,1.6273
20240926,10.1,3.0976,13.07,9.8,False,sz002517,1.6305
20240829,3.29,6.4972,-3.95,3.09,False,sz200045,16.4998
20240731,2.82,1.3234,-2.13,2.78,False,sz000563,2.1407
20250804,20.52,0.3154,19.64,20.46,False,sz001380,0.9084
20251015,16.79,2.2378,2.8,16.42,False,sz301298,1.2758
20240806,1.44,1.1591,-1.39,1.42,False,sz200488,1.2148
20240930,8.78,1.0715,-10.02,8.69,False,sz002327,3.9798
20250624,39.82,0.5987,0.93,39.58,False,sz301502,1.2146
20240909,1.95,3.111,-7.18,1.89,False,sz002640,4.3165
20240926,1.66,0.6772,19.88,1.65,False,sz200992,3.1705
20251111,57.0,2.2371,-8.44,55.75,False,sz301636,4.2533
20251010,23.13,0.0411,-1.95,23.12,False,sz301065,0.733
20240924,8.91,0.2372,20.43,8.89,True,sz002789,1.715
20240815,4.15,2.7694,-6.51,4.04,False,sz002369,0.4564
20240830,8.72,3.2462,-7.91,8.45,False,sz002194,6.715
20240925,1.99,3.6773,149.25,1.92,True,sz300152,2.6088
20240926,4.01,1.301,39.15,3.96,True,sz300352,1.23
20260121,20.44,8.7914,5.04,18.79,False,sz300854,2.6851
20240926,4.72,2.8535,13.98,4.59,False,sz002169,2.5091
20251125,13.0,8.1651,-8.54,12.02,False,sz001299,2.1688
20240819,3.48,3.6177,-10.92,3.36,False,sz300066,5.2869
20251230,24.99,1.5929,-4.0,24.6,False,sz002915,3.4638
20240925,2.46,1.8617,22.37,2.41,True,sz002589,1.6584
20240808,5.73,0.3585,-3.66,5.71,False,sz002440,0.8468
20240924,5.14,0.2081,28.42,5.13,True,sz000700,1.7199
20250624,26.04,1.3371,3.99,25.7,False,sz300634,0.7257
20240926,10.0,0.0117,16.6,10.0,False,sz002213,1.6413
20240806,5.3,1.1981,-3.21,5.24,False,sz300486,0.5756
20260226,20.51,1.244,-4.1,20.26,False,sz301151,1.1001
20240930,6.18,4.4654,-3.88,5.92,False,sz002774,3.2735
20240731,7.92,3.9252,-1.77,7.62,False,sz002423,3.1778
20250929,29.11,0.0739,-3.68,29.09,False,sz301206,0.5272
20240927,28.06,6.3779,19.42,26.38,False,sz300618,4.9703
20251020,33.86,0.1872,9.24,33.8,False,sz301132,0.6146
20240925,4.28,2.5836,24.09,4.17,True,sz300182,2.3508
20260324,35.57,3.3681,0.79,34.41,False,sz300837,1.0016
20240918,2.02,2.0503,5.94,1.98,False,sz000903,5.4753
20240930,15.27,1.9063,-5.24,14.98,False,sz002690,1.4292
20240927,10991.39,1.1123,0.12,10870.48,False,sz399997,3.0373
20240816,5.21,1.4166,5.76,5.14,False,sz300005,2.6305
20240809,21.02,8.2873,-5.23,19.41,False,sz300656,2.0651
20240830,4.19,0.9598,1.19,4.15,False,sz000419,1.788
20240926,2797.8,3.5887,19.01,2700.87,False,sz399670,2.4279
20240926,2.78,0.6669,5.76,2.76,False,sz002069,1.6476
20240923,6.55,0.3998,34.5,6.52,True,sz300166,1.3221
20240807,7.65,7.9175,-11.63,7.09,False,sz300252,2.5059
20240827,28.84,4.0676,7.0,27.71,False,sz002294,2.8991
20250630,63.66,1.6329,9.19,62.64,False,sz002992,2.0179
20240927,18.24,7.4511,-4.5,16.98,False,sz000860,4.8044
20250908,25.88,0.4237,-2.55,25.77,False,sz301602,0.6404
20240926,5.89,5.7656,14.09,5.57,False,sz002027,2.3128
20250624,10.99,2.5928,1.27,10.71,False,sz301198,1.2169
20240826,2.15,0.7802,0.46,2.14,False,sz200012,0.7527
20240927,6.8,2.6919,4.85,6.62,False,sz300586,1.8568
20240927,4.98,0.8686,5.62,4.94,False,sz002540,2.1731
20250818,63.78,4.3742,2.38,61.11,False,sz301536,2.651
20240902,5.68,17.6938,-11.44,4.83,False,sz300082,3.1511
20240730,5.57,3.6134,-1.8,5.38,False,sz002617,2.3548
20250624,12.33,2.369,6.65,12.04,False,sz301032,1.1251
20240816,3.06,2.3611,-10.78,2.99,False,sz002370,6.2291
20251024,59.45,14.9549,-1.09,51.72,False,sz301306,4.3388
20240926,5.03,5.4489,6.76,4.77,False,sz000663,3.871
20251205,31.13,0.1021,-0.42,31.1,False,sz301555,0.4213
20240822,2736.25,0.7187,-2.81,2716.72,False,sz399390,0.8018
20240930,6.68,9.2232,-0.15,6.12,False,sz300105,4.4467
20240805,3.74,1.2818,-9.63,3.69,False,sz002659,1.7076
20251124,17.97,2.8267,-6.79,17.48,False,sz300719,4.1321
20240927,3.69,0.529,2.71,3.67,False,sz000803,1.6527
20250806,16.16,0.5543,1.86,16.07,False,sz002045,3.9905
20240815,15.15,4.6879,-5.54,14.47,False,sz300031,1.7486
20260116,10.71,0.8111,12.42,10.62,False,sz301081,1.1162
20240927,3049.4,3.8532,4.33,2936.26,False,sz399017,2.2768
20240927,17.86,2.6147,6.33,17.4,False,sz300556,1.2762
20240801,13.52,0.8121,-10.58,13.41,False,sz002590,1.6898
20240828,5.33,0.5866,2.06,5.3,False,sz002170,0.9291
20250624,28.94,1.5599,2.73,28.5,False,sz301106,1.6231
20241107,6.08,1.1098,10.86,6.01,False,sz002723,0.8486
20240730,3.18,3.085,-6.92,3.08,False,sz000757,3.891
20250210,9.14,3.195,6.46,8.86,False,sz002244,2.5235
20251124,19.07,0.353,8.02,19.0,False,sz002942,0.4884
20251106,64.0,3.5089,-5.08,61.83,False,sz300984,1.0782
20240927,7834.31,1.3564,0.58,7729.47,False,sz399669,2.5499
20240903,29.46,4.5954,-3.02,28.17,False,sz000400,1.4978
20240904,2.75,0.5944,-6.18,2.73,False,sz002689,5.3271
20251015,15.47,2.4305,0.97,15.1,False,sz002921,1.1352
20240809,5.29,8.65,2.46,4.87,False,sz300328,8.0173
20240920,4.65,0.7802,15.27,4.61,False,sz002474,2.5294
20251223,55.01,4.4029,-2.09,52.69,False,sz301251,2.6281
20240927,16.81,1.2142,6.31,16.61,False,sz300601,3.5258
20251020,13.55,1.3104,7.75,13.37,False,sz300787,0.808
20250821,36.3,1.1359,-4.08,35.89,False,sz301585,2.8742
20240920,7.86,1.0467,10.94,7.78,False,sz300366,2.919
20250630,26.68,0.1037,1.01,26.65,False,sz300860,0.4943
20240731,14.36,0.0209,-2.85,14.36,False,sz000951,2.225
20250624,38.67,0.0232,5.74,38.66,False,sz301580,0.7728
20240927,2.24,1.7411,3.57,2.2,False,sz000898,2.7394
20240927,19.1,11.1289,0.16,17.19,False,sz300530,2.3548
20250807,77.9,0.9724,-0.13,77.15,False,sz300782,2.3309
20240830,30.45,1.1074,-5.81,30.12,False,sz300604,1.474
20240925,6.35,0.2355,7.72,6.34,False,sz002091,2.0033
20240924,6.35,0.6271,17.0,6.31,False,sz000731,1.7882
20240930,2.38,8.8187,-0.42,2.19,False,sz002471,4.7526
20240930,13.88,13.0447,1.01,12.28,False,sz300019,4.0157
20240731,7.77,5.981,-7.85,7.33,False,sz002745,1.636
20250625,57.82,0.686,-8.33,57.42,False,sz301160,2.0002
20240819,3.86,2.3307,1.04,3.77,False,sz002388,7.8963
20250703,34.92,3.6061,4.24,33.7,False,sz002947,2.1016
20260330,54.53,0.8678,-4.68,54.06,False,sz301237,0.6781
20240731,5.45,0.4994,3.12,5.42,False,sz002412,1.2118
20250625,17.32,0.0597,-1.33,17.31,False,sz300848,0.6922
20240927,1.99,4.3433,1.01,1.91,False,sz002175,2.4739
20240930,19.2,10.0333,-0.62,17.45,False,sz300629,7.323
20240926,1.65,1.5541,43.64,1.62,True,sz300300,1.5194
20251020,22.59,1.9955,3.28,22.15,False,sz301279,0.8132
20240930,4.6,3.3313,-6.09,4.45,False,sz000932,2.9344
20240925,3.15,4.2672,2.86,3.02,False,sz000428,4.7978
20240926,1752.77,0.9575,20.13,1736.15,True,sz399641,1.9147
20250904,16.55,1.081,2.66,16.37,False,sz003042,1.1763
20240927,4.04,0.571,6.94,4.01,False,sz300234,3.7295
20240926,19.01,4.1119,12.2,18.26,False,sz002568,3.8488
20250905,11.82,1.6172,-0.08,11.63,False,sz300932,0.7015
20240927,44.92,2.0347,9.73,44.03,False,sz000628,1.7455
20240819,4.06,0.684,-5.91,4.03,False,sz002872,1.8558
20250908,29.0,0.0411,-3.93,28.99,False,sz301079,0.4475
20240926,1714.14,0.4295,29.1,1706.81,True,sz399006,1.582
20251023,28.31,4.672,-3.07,27.05,False,sz301499,5.3254
20240807,7.84,0.4838,-0.64,7.8,False,sz000848,1.4804
20240930,2.6,2.7374,-6.92,2.53,False,sz002526,5.1013
20250624,55.88,5.6289,9.91,52.9,False,sz301550,1.968
20251020,15.39,1.1264,6.3,15.22,False,sz301303,0.7116
20241008,2.99,0.1227,-9.02,2.99,False,sz000552,3.3157
20240927,8.81,1.3487,-0.34,8.69,False,sz002041,3.1386
20240927,8.55,0.9902,-3.51,8.47,False,sz000301,2.8499
20240926,6.66,0.2911,15.92,6.64,False,sz300087,2.0552
20240930,6.55,3.485,-3.97,6.33,False,sz002545,3.4337
20251024,38.02,0.5584,5.55,37.81,False,sz301533,0.8912
20241028,3.16,1.8233,0.0,3.1,False,sz002316,0.5986
20240801,4.79,0.094,-1.88,4.79,False,sz000605,1.1621
20240927,2622.89,6.897,5.53,2453.66,False,sz399976,2.4607
20250815,34.23,1.5637,5.11,33.7,False,sz301607,0.969
20240927,3.8,1.6405,6.58,3.74,False,sz002671,2.5989
20240927,2564.68,4.9756,7.07,2443.12,False,sz399422,2.1658
20240731,7.52,0.9681,4.39,7.45,False,sz300404,1.0407
20250728,28.59,0.4309,-5.28,28.47,False,sz300898,1.8171
20241008,10.9,9.9742,-20.83,9.91,False,sz300257,5.0292
20240903,1.71,0.6376,-4.68,1.7,False,sz300163,2.6303
20251020,32.08,1.2029,4.27,31.7,False,sz001255,2.1219
20240927,4.56,0.7178,-0.44,4.53,False,sz002574,2.6701
20251106,11.72,0.8389,2.65,11.62,False,sz300700,0.7315
20250402,2.47,0.3623,-8.91,2.46,False,sz200541,0.1237
20240927,6.12,1.284,8.66,6.04,False,sz300228,2.1407
20240925,6.19,0.39,4.68,6.17,False,sz200026,4.2791
20240924,1015.59,2.8327,52.98,987.61,True,sz399240,2.8294
20251020,25.94,0.968,3.93,25.69,False,sz300960,0.4854
20240830,11.13,1.1956,0.45,11.0,False,sz000029,1.8464
20240930,11.74,3.3671,-5.96,11.36,False,sz300435,4.6678
20250625,26.3,1.884,-0.42,25.81,False,sz300687,1.4373
20240924,1.52,2.2766,61.84,1.49,True,sz300266,2.597
20240927,7.68,1.2423,0.0,7.59,False,sz002820,2.7035
20260116,79.54,5.372,5.13,75.48,False,sz301678,3.9157
20241011,6.52,2.2277,-11.04,6.38,False,sz300205,1.2839
20240925,4.37,1.2043,6.86,4.32,False,sz000619,3.6827
20251124,11.97,1.0475,-1.84,11.85,False,sz301048,0.4245
20240816,4.89,3.9651,0.61,4.7,False,sz300131,6.5334
20250908,23.03,0.4154,-0.09,22.94,False,sz001207,0.6187
20240930,37.55,16.0609,-3.6,32.35,False,sz300418,2.8758
20250924,13.18,2.8315,-0.08,12.82,False,sz300884,0.8725
20240904,7.28,14.126,-10.71,6.38,False,sz300382,11.5228
20240925,3.28,1.8401,10.05,3.22,False,sz002344,2.5438
20260105,16.92,0.2409,2.36,16.88,False,sz301006,1.5876
20240930,17.16,3.8892,-8.74,16.51,False,sz002623,3.947
20251015,24.43,0.0772,0.08,24.41,False,sz002976,0.8144
20240806,18.2,0.3101,0.82,18.14,False,sz002270,0.6397
20240926,2131.03,1.0516,12.74,2108.85,False,sz399810,1.9776
20240913,1.49,6.7909,26.17,1.4,True,sz002717,1.0685
20240731,9.07,4.8262,-5.73,8.65,False,sz002144,9.678
20240830,17.01,3.6295,-7.05,16.41,False,sz300331,3.7627
20250728,21.97,4.2167,-7.1,21.08,False,sz301381,5.3623
20240807,8.42,1.1601,0.95,8.33,False,sz300562,1.7486
20250701,33.78,1.5349,16.34,33.27,False,sz002938,1.8576
20251020,25.75,2.4981,2.6,25.12,False,sz301248,0.4153
20240930,8.06,7.8188,-10.55,7.48,False,sz002759,4.1399
20250624,20.11,2.1737,2.39,19.68,False,sz001333,1.3514
20250630,13.93,0.0077,-3.73,13.93,False,sz002892,0.8731
20240802,2.05,9.7724,-6.83,1.87,False,sz300108,1.353
20240930,16.01,7.3578,-1.37,14.91,False,sz000960,3.5064
20240822,11.14,4.0436,-3.05,10.71,False,sz300501,4.1882
20240926,6.46,1.2024,10.06,6.38,False,sz002394,3.5388
20240910,8.2,1.5899,9.27,8.07,False,sz300635,5.1603
20260112,39.46,1.5411,-2.86,38.86,False,sz003010,1.9287
20240930,3048.22,4.9422,-4.69,2904.67,False,sz399613,3.2777
20240808,5.46,1.1843,-2.75,5.4,False,sz000153,2.1581
20250904,8.93,0.9534,2.46,8.85,False,sz301098,1.0046
20240925,2.74,1.4126,13.5,2.7,False,sz002127,1.7509
20250929,9.64,0.9636,11.93,9.55,False,sz002910,0.8452
20240808,7.6,1.0582,-3.82,7.52,False,sz000705,2.1737
20240930,8.72,11.0852,5.16,7.85,False,sz300483,4.3473
20240903,4.38,0.549,-0.23,4.36,False,sz300063,1.3618
20251023,24.09,0.9886,-2.62,23.85,False,sz300998,0.9904
20240930,8.38,7.3224,-8.35,7.81,False,sz002258,5.3082
20250811,40.7,0.4827,5.36,40.5,False,sz002897,1.1626
20240926,6.88,0.165,4.94,6.87,False,sz002695,2.0853
20240926,1399.32,1.03,18.81,1385.05,False,sz399992,2.2563
20240809,24.01,9.2751,-15.83,21.97,False,sz300653,14.3539
20260108,16.44,0.668,3.35,16.33,False,sz301179,1.3755
20240926,2094.4,2.9059,27.02,2035.26,True,sz399675,1.6704
20250724,57.26,0.42,-3.04,57.02,False,sz300832,3.2231
20241112,6.11,1.0836,17.84,6.04,False,sz000906,1.7173
20240801,61.18,0.3654,-6.83,60.96,False,sz300567,1.2654
20250624,19.35,1.7794,0.67,19.01,False,sz003038,0.8461
20240827,1.31,3.5641,6.87,1.26,False,sz002141,1.2342
20240812,4.83,0.9117,-8.9,4.79,False,sz300187,11.0381
20240815,1.7,2.3634,-5.88,1.66,False,sz002426,4.506
20240905,13.13,1.9991,12.34,12.87,False,sz000948,3.7124
20240813,3.47,3.197,-9.8,3.36,False,sz000566,1.8019
20250210,6.08,3.0516,-2.47,5.9,False,sz002075,1.6035
20240905,2.24,4.3397,-8.48,2.15,False,sz002808,0.5347
20250630,29.21,0.209,-1.47,29.15,False,sz301337,0.8601
20240809,9.2,0.1571,0.98,9.18,False,sz000001,0.8291
20240926,3.61,1.17,23.27,3.57,True,sz002512,1.365
20250701,30.64,1.3295,18.05,30.24,False,sz300881,1.6579
20240930,7.57,4.0905,-5.68,7.27,False,sz002846,3.5457
20240731,9.78,5.2462,-3.99,9.29,False,sz000528,1.2769
20250905,23.58,1.501,7.97,23.23,False,sz301379,0.6296
20251021,29.25,2.2158,3.32,28.62,False,sz300906,0.8878
20240806,7.04,0.1967,0.57,7.03,False,sz300200,0.7828
20240927,3.89,4.7355,3.86,3.71,False,sz002191,2.1271
20240930,11.37,8.3881,-8.0,10.49,False,sz000998,5.5587
20240930,13.73,1.754,-5.39,13.49,False,sz300430,2.8994
20240927,2782.64,1.2947,6.16,2747.07,False,sz399416,1.8627
20250625,9.51,0.0003,2.1,9.51,False,sz301060,0.8575
20240930,14.79,7.8286,-7.3,13.71,False,sz300119,4.6939
20240924,13.68,2.0624,12.79,13.41,False,sz002322,1.3117
20240926,2.54,3.2192,3.15,2.46,False,sz000631,2.6653
20250701,16.51,1.2314,-2.24,16.31,False,sz300705,2.6675
20250904,14.21,1.14,0.99,14.05,False,sz301507,0.883
20240926,4.27,2.7183,5.39,4.16,False,sz002571,0.9705
