ts_code,breakthrough_date,roe,netprofit_yoy,final_gain,success
sh603035,20240927,,,0.82,False
sh600243,20240902,,,0.0,False
sh688698,20250716,,,2.9,False
sh600410,20240920,,,16.66,False
sh600597,20240927,,,-3.18,False
sh688448,20250716,,,17.68,False
sh688581,20250624,,,2.96,False
sh688255,20250805,,,2.21,False
sh600969,20240807,,,-11.11,False
sh600114,20240806,,,3.74,False
sh000132,20240930,,,-2.36,False
sh601996,20240927,,,1.56,False
sh688361,20250701,,,-6.89,False
sh600020,20240912,,,15.67,False
sh600673,20240930,,,-2.15,False
sh601222,20240731,,,0.51,False
sh600547,20240930,,,-1.49,False
sh000006,20240926,,,8.65,False
sh688606,20250630,,,0.54,False
sh603898,20240927,,,3.27,False
sh600509,20240926,,,9.34,False
sh603218,20240910,,,1.7,False
sh600293,20240927,,,4.53,False
sh603730,20250819,,,-2.03,False
sh688648,20251110,,,-13.63,False
sh688285,20251020,,,7.14,False
sh688078,20250627,,,4.03,False
sh600339,20240801,,,4.44,False
sh900905,20240926,,,2.55,False
sh603101,20240927,,,5.35,False
sh600610,20240930,,,-2.16,False
sh601388,20240927,,,5.89,False
sh688551,20251124,,,3.89,False
sh688036,20250804,,,-2.73,False
sh601908,20240930,,,-6.1,False
sh603087,20251212,,,3.03,False
sh600377,20241101,,,3.22,False
sh600521,20240926,,,7.09,False
sh688660,20250624,,,3.81,False
sh688033,20250929,,,7.11,False
sh000853,20240927,,,4.27,False
sh603978,20260206,,,-1.81,False
sh688800,20260401,,,15.24,False
sh688349,20250724,,,-0.91,False
sh600792,20240930,,,-3.31,False
sh688280,20251024,,,10.96,False
sh600008,20240902,,,-4.14,False
sh600638,20240731,,,-13.27,False
sh600462,20240903,,,-3.29,False
sh688579,20251021,,,6.53,False
sh601689,20240926,,,4.41,False
sh688050,20250901,,,-4.86,False
sh601113,20240930,,,-7.14,False
sh603167,20240930,,,-3.97,False
sh688399,20260204,,,-12.85,False
sh605577,20250711,,,1.38,False
sh600742,20240926,,,1.49,False
sh688403,20251124,,,17.18,False
sh603052,20251027,,,20.23,True
sh601069,20240801,,,-3.1,False
sh603787,20240902,,,-8.53,False
sh600096,20240731,,,3.61,False
sh603519,20240927,,,7.86,False
sh601877,20240925,,,6.82,False
sh688080,20250804,,,9.3,False
sh601838,20251014,,,-0.66,False
sh603803,20240930,,,1.52,False
sh600415,20240826,,,7.09,False
sh688233,20260401,,,5.59,False
sh603282,20260325,,,1.77,False
sh603528,20240926,,,11.93,False
sh600239,20240920,,,49.0,True
sh603186,20240819,,,0.91,False
sh603566,20241008,,,-12.64,False
sh601808,20241008,,,-11.26,False
sh688136,20250905,,,-0.92,False
sh600213,20240812,,,3.75,False
sh603001,20240926,,,7.11,False
sh688155,20251124,,,4.02,False
sh600120,20240731,,,-1.44,False
sh600773,20240806,,,0.18,False
sh601059,20251218,,,-2.41,False
sh688261,20250630,,,0.58,False
sh600894,20240731,,,3.18,False
sh603063,20250714,,,-7.28,False
sh000148,20240926,,,6.77,False
sh603998,20240731,,,3.53,False
sh600827,20240925,,,7.36,False
sh603118,20240826,,,-18.48,False
sh688548,20250813,,,-4.9,False
sh600200,20240927,,,9.49,False
sh600573,20240731,,,4.77,False
sh603683,20260113,,,-0.76,False
sh601216,20240731,,,-0.83,False
sh688798,20250729,,,2.23,False
sh601088,20240812,,,2.91,False
sh603881,20240912,,,21.6,True
sh688336,20251015,,,16.46,False
sh600624,20240927,,,7.2,False
sh603387,20250710,,,5.68,False
sh603880,20250924,,,0.0,False
sh600497,20240731,,,-5.72,False
sh688378,20250717,,,4.0,False
sh601089,20251126,,,1.22,False
sh600988,20240923,,,2.39,False
sh600072,20240930,,,-5.87,False
sh603382,20260105,,,-8.53,False
sh688333,20250703,,,-3.68,False
sh600515,20240926,,,-3.51,False
sh600346,20240731,,,-6.4,False
sh601717,20240930,,,-11.72,False
sh688350,20260324,,,9.49,False
sh688299,20250811,,,4.83,False
sh601127,20240930,,,-0.05,False
sh600325,20240926,,,6.34,False
sh688819,20250624,,,0.92,False
sh600196,20240731,,,0.13,False
sh603960,20241008,,,-8.85,False
sh601169,20240807,,,3.17,False
sh601588,20250702,,,1.69,False
sh900957,20240830,,,-0.37,False
sh600738,20240926,,,1.81,False
sh603029,20240930,,,-2.36,False
sh601326,20260105,,,-1.43,False
sh600396,20240930,,,-9.26,False
sh600776,20240920,,,7.06,False
sh603486,20250624,,,3.62,False
sh600211,20240814,,,0.09,False
sh601789,20240927,,,6.56,False
sh688207,20250624,,,-2.34,False
sh603836,20251013,,,6.2,False
sh000160,20240927,,,2.18,False
sh603330,20240930,,,-4.56,False
sh600421,20240819,,,-7.66,False
sh688380,20250725,,,-0.7,False
sh600975,20241107,,,-5.87,False
sh600108,20240926,,,2.75,False
sh688249,20250722,,,-0.18,False
sh600692,20240918,,,9.38,False
sh603587,20240927,,,0.46,False
sh600816,20240925,,,11.68,False
sh688199,20251020,,,3.04,False
sh688603,20250723,,,31.45,True
sh601921,20251103,,,-0.5,False
sh600858,20240926,,,-1.61,False
sh600676,20240821,,,-10.45,False
sh600874,20251216,,,-3.42,False
sh603082,20250721,,,1.56,False
sh600372,20240927,,,5.35,False
sh603979,20240927,,,-12.8,False
sh600615,20240802,,,-13.14,False
sh603105,20250702,,,0.48,False
sh600875,20240731,,,-12.42,False
sh603231,20251215,,,-2.3,False
sh603662,20250806,,,3.83,False
sh600592,20240731,,,-10.22,False
sh600173,20250624,,,5.59,False
sh600208,20240924,,,38.95,True
sh603305,20250717,,,-5.07,False
sh600888,20240927,,,2.59,False
sh688107,20250725,,,2.64,False
sh600246,20240926,,,9.23,False
sh603663,20240801,,,-8.58,False
sh600721,20240730,,,7.92,False
sh603030,20240925,,,11.17,False
sh600172,20240927,,,3.91,False
sh601658,20251014,,,6.49,False
sh000137,20240927,,,14.39,False
sh603786,20250826,,,10.22,False
sh600476,20240920,,,11.17,False
sh688737,20250924,,,4.72,False
sh601068,20250624,,,1.55,False
sh603600,20240926,,,13.26,False
sh600111,20240927,,,2.94,False
sh600438,20240927,,,-1.59,False
sh603535,20251020,,,2.23,False
sh688584,20250624,,,0.28,False
sh603018,20241021,,,8.37,False
sh603530,20250627,,,2.1,False
sh603363,20251229,,,-5.77,False
sh603057,20250916,,,-12.45,False
sh600968,20250911,,,-3.53,False
sh601811,20240801,,,3.37,False
sh688161,20250625,,,-0.77,False
sh688236,20260105,,,4.26,False
sh600177,20240731,,,6.01,False
sh601375,20240731,,,-3.17,False
sh600724,20240926,,,-1.35,False
sh000151,20240927,,,1.48,False
sh601188,20240927,,,7.81,False
sh603629,20250709,,,-1.85,False
sh688278,20250717,,,19.14,False
sh603806,20240930,,,-5.06,False
sh603628,20240930,,,-4.72,False
sh601872,20240816,,,-7.23,False
sh688085,20250627,,,4.6,False
sh603286,20240926,,,1.46,False
sh601595,20240927,,,6.83,False
sh603086,20240927,,,2.7,False
sh600797,20240920,,,12.42,False
sh000856,20240927,,,9.68,False
sh688302,20251209,,,-3.41,False
sh688665,20260226,,,-11.45,False
sh603933,20250625,,,2.77,False
sh603583,20250624,,,-4.59,False
sh603219,20250804,,,20.9,True
sh603950,20250716,,,-10.19,False
sh688055,20250624,,,0.0,False
sh900928,20240731,,,-0.19,False
sh601116,20240808,,,-14.03,False
sh603257,20251201,,,-3.42,False
sh601158,20240815,,,-6.3,False
sh600642,20240807,,,2.5,False
sh600011,20250320,,,2.55,False
sh688503,20250630,,,8.87,False
sh600576,20240906,,,-2.65,False
sh688484,20251114,,,-4.17,False
sh600822,20240926,,,4.07,False
sh000079,20240930,,,-6.77,False
sh603229,20240806,,,-7.96,False
sh600538,20241018,,,17.0,False
sh603205,20250624,,,2.45,False
sh600841,20240909,,,-6.64,False
sh603903,20241008,,,-7.71,False
sh600308,20240926,,,4.14,False
sh688180,20251015,,,1.38,False
sh900934,20240830,,,-6.3,False
sh603383,20240731,,,-9.16,False
sh688049,20251201,,,-6.88,False
sh688560,20250924,,,0.71,False
sh600621,20240731,,,-2.8,False
sh600989,20250707,,,2.41,False
sh601939,20250902,,,-2.32,False
sh688007,20250729,,,4.71,False
sh603879,20241025,,,34.39,True
sh600715,20240905,,,-3.12,False
sh600272,20240904,,,4.16,False
sh603182,20260306,,,-13.17,False
sh688133,20250624,,,10.89,False
sh601369,20240927,,,4.73,False
sh688479,20250924,,,-0.26,False
sh600958,20250114,,,-1.45,False
sh600125,20240930,,,-5.73,False
sh603067,20240927,,,-0.7,False
sh688150,20250929,,,1.04,False
sh688099,20250725,,,-5.76,False
sh603505,20240927,,,-8.56,False
sh601016,20240731,,,-2.07,False
sh688432,20250708,,,2.13,False
sh603318,20240926,,,5.59,False
sh601058,20240924,,,1.17,False
sh688681,20251218,,,3.3,False
sh600409,20240927,,,3.0,False
sh603357,20250710,,,2.31,False
sh688178,20251128,,,-3.04,False
sh601668,20240830,,,-12.11,False
sh600970,20240930,,,-8.33,False
sh600697,20240808,,,-9.14,False
sh600710,20240731,,,-3.26,False
sh688598,20250624,,,3.56,False
sh600143,20240815,,,7.36,False
sh688202,20260107,,,-3.11,False
sh603529,20260323,,,-5.43,False
sh688651,20250711,,,5.91,False
sh600510,20240926,,,3.23,False
sh600343,20240919,,,15.25,False
sh603766,20240730,,,-6.83,False
sh688565,20251125,,,2.34,False
sh603949,20250815,,,-0.84,False
sh688185,20250630,,,3.69,False
sh600039,20240930,,,13.78,False
sh600844,20240927,,,-3.14,False
sh603906,20240927,,,29.32,True
sh603728,20240927,,,5.22,False
sh900952,20250117,,,-12.5,False
sh600193,20241101,,,1.42,False
sh600609,20240730,,,-9.0,False
sh600320,20240926,,,3.89,False
sh688061,20260108,,,9.07,False
sh688355,20250625,,,1.2,False
sh600869,20240816,,,-1.06,False
sh600387,20240930,,,-6.1,False
sh600596,20240927,,,-1.01,False
sh603666,20250716,,,-5.03,False
sh688699,20250724,,,16.97,False
sh605077,20251110,,,-8.79,False
sh688103,20251105,,,-5.07,False
sh603980,20240927,,,5.82,False
sh600176,20240801,,,-5.21,False
sh603667,20240930,,,-1.57,False
sh600725,20240930,,,9.89,False
sh688733,20250624,,,0.31,False
sh601997,20240926,,,11.53,False
sh000133,20240927,,,12.23,False
sh600115,20240927,,,-8.12,False
sh600746,20240926,,,5.91,False
sh603056,20260114,,,22.09,True
sh688580,20251021,,,8.2,False
sh601022,20260126,,,-2.76,False
sh600508,20240927,,,-1.23,False
sh600812,20240731,,,4.47,False
sh603899,20240927,,,-7.21,False
sh601117,20240806,,,-3.92,False
sh600021,20240807,,,-6.06,False
sh688360,20251024,,,0.71,False
sh600376,20240920,,,11.44,False
sh600525,20240904,,,3.97,False
sh688550,20251212,,,-3.03,False
sh600611,20241218,,,-16.6,False
sh603100,20240927,,,2.68,False
sh900904,20240926,,,6.38,False
sh603429,20240930,,,5.8,False
sh603235,20250908,,,-2.53,False
sh603936,20240731,,,-8.81,False
sh600009,20240927,,,-2.56,False
sh603718,20240930,,,-15.33,False
sh600793,20240926,,,6.52,False
sh688348,20250721,,,2.2,False
sh603757,20251124,,,4.24,False
sh000852,20240927,,,11.93,False
sh688306,20250722,,,-1.07,False
sh688032,20250708,,,-1.55,False
sh600520,20240830,,,-7.32,False
sh000061,20250326,,,0.57,False
sh688536,20250723,,,8.49,False
sh600990,20240731,,,-10.46,False
sh603166,20240927,,,1.79,False
sh600310,20240926,,,10.31,False
sh688051,20251222,,,1.33,False
sh601688,20240906,,,6.98,False
sh603400,20260120,,,-3.26,False
sh688578,20251215,,,5.49,False
sh603955,20241008,,,0.43,False
sh603128,20240927,,,-2.5,False
sh600639,20240925,,,12.75,False
sh600025,20250821,,,0.22,False
sh600097,20240930,,,-4.24,False
sh603367,20251031,,,1.93,False
sh603329,20250916,,,-4.95,False
sh688251,20260206,,,10.7,False
sh603601,20240927,,,4.79,False
sh600743,20240920,,,12.5,False
sh600110,20240930,,,-6.82,False
sh605011,20250701,,,-0.26,False
sh688165,20250819,,,4.61,False
sh603031,20240930,,,3.11,False
sh603283,20250801,,,12.91,False
sh688232,20260112,,,-5.58,False
sh688106,20250624,,,-1.58,False
sh601616,20240801,,,-0.36,False
sh000155,20240926,,,5.67,False
sh603557,20251113,,,-12.28,False
sh000966,20240927,,,4.68,False
sh600711,20240930,,,7.65,False
sh605377,20250728,,,-1.19,False
sh603000,20240927,,,0.98,False
sh688137,20260113,,,-0.2,False
sh600276,20240806,,,-1.55,False
sh603567,20240806,,,-3.16,False
sh603833,20240927,,,-2.46,False
sh603335,20251219,,,-2.09,False
sh600238,20240927,,,-7.17,False
sh603999,20240924,,,9.02,False
sh000934,20240731,,,-2.58,False
sh000149,20240816,,,-1.77,False
sh603319,20240927,,,15.13,False
sh600408,20240927,,,1.7,False
sh603062,20260121,,,1.39,False
sh600392,20240927,,,3.68,False
sh688260,20260105,,,11.02,False
sh601825,20250902,,,-5.99,False
sh688433,20250625,,,8.37,False
sh603630,20240930,,,-4.23,False
sh600121,20240927,,,6.19,False
sh000107,20240927,,,1.31,False
sh600446,20240924,,,21.63,True
sh688707,20251020,,,1.79,False
sh600015,20240816,,,-4.83,False
sh600868,20240926,,,7.81,False
sh603682,20250625,,,6.83,False
sh600572,20240930,,,-7.33,False
sh688633,20250708,,,4.75,False
sh600826,20240906,,,-2.18,False
sh603201,20250624,,,3.51,False
sh600496,20240926,,,2.72,False
sh688337,20250701,,,-9.59,False
sh605177,20250625,,,5.5,False
sh000828,20240926,,,13.2,False
sh603885,20240927,,,-2.68,False
sh688332,20250819,,,3.36,False
sh600073,20240830,,,-1.68,False
sh600309,20240926,,,-5.25,False
sh688181,20250624,,,1.88,False
sh688048,20250624,,,6.75,False
sh603130,20251113,,,7.9,False
sh605208,20260121,,,-4.89,False
sh603700,20250929,,,0.75,False
sh601168,20240927,,,-2.79,False
sh600539,20240925,,,11.08,False
sh603267,20250905,,,9.54,False
sh600197,20240930,,,-12.61,False
sh603686,20240930,,,-3.54,False
sh688065,20250624,,,-2.16,False
sh605111,20250729,,,3.26,False
sh900918,20240730,,,-1.14,False
sh603701,20240816,,,-1.84,False
sh600643,20240919,,,34.88,True
sh601212,20240926,,,4.8,False
sh688298,20250630,,,2.71,False
sh688502,20250711,,,25.36,True
sh600916,20250701,,,-0.49,False
sh601788,20240924,,,12.45,False
sh688151,20251010,,,0.18,False
sh688702,20250725,,,-6.18,False
sh601012,20240927,,,3.07,False
sh603501,20240927,,,12.54,False
sh600210,20240925,,,6.67,False
sh603066,20240926,,,3.16,False
sh600397,20240924,,,8.29,False
sh688685,20250624,,,-2.51,False
sh603028,20240925,,,0.64,False
sh603855,20241008,,,-5.19,False
sh600739,20240925,,,22.1,True
sh688478,20250624,,,3.13,False
sh605296,20250904,,,2.05,False
sh000952,20240926,,,8.78,False
sh603004,20250624,,,2.9,False
sh600693,20240926,,,0.99,False
sh600109,20240925,,,14.99,False
sh600420,20240926,,,2.42,False
sh000161,20240927,,,6.39,False
sh688455,20251020,,,9.33,False
sh688206,20251126,,,4.86,False
sh600714,20240927,,,4.42,False
sh603656,20240930,,,13.97,False
sh601226,20240927,,,-0.19,False
sh600859,20240731,,,-6.96,False
sh688365,20251103,,,-8.6,False
sh688602,20250924,,,-2.36,False
sh603129,20251119,,,6.67,False
sh688198,20250729,,,9.02,False
sh600543,20240830,,,6.33,False
sh600817,20240924,,,14.41,False
sh603586,20240821,,,-12.06,False
sh603230,20251112,,,-1.71,False
sh688281,20250627,,,-0.9,False
sh900901,20240926,,,17.2,False
sh605108,20250820,,,-0.63,False
sh600373,20240926,,,3.56,False
sh603083,20260302,,,4.52,False
sh688661,20251208,,,12.42,False
sh603719,20250710,,,-6.56,False
sh603937,20251218,,,4.79,False
sh603985,20241008,,,-12.61,False
sh600720,20240927,,,3.99,False
sh603556,20240731,,,-1.56,False
sh600941,20250808,,,-0.42,False
sh600889,20240730,,,18.37,False
sh603518,20241008,,,-8.88,False
sh688081,20250625,,,0.69,False
sh688148,20260316,,,-11.82,False
sh600593,20240930,,,-6.02,False
sh603861,20240926,,,2.52,False
sh688585,20260305,,,8.85,False
sh603053,20250624,,,2.4,False
sh600439,20240913,,,18.83,False
sh603328,20240816,,,8.69,False
sh688398,20260121,,,15.04,False
sh603860,20250905,,,-1.58,False
sh601992,20240926,,,3.21,False
sh600477,20240926,,,2.55,False
sh603366,20240926,,,1.25,False
sh000136,20240930,,,-3.87,False
sh600221,20240930,,,-12.4,False
sh600927,20251021,,,4.86,False
sh688160,20250714,,,3.95,False
sh603605,20250724,,,-2.78,False
sh688449,20250730,,,5.72,False
sh600708,20240920,,,17.37,False
sh600926,20240924,,,12.8,False
sh603019,20240731,,,-10.98,False
sh603848,20250624,,,3.23,False
sh688084,20250911,,,8.46,False
sh600138,20240927,,,-2.28,False
sh688279,20250818,,,-5.47,False
sh688750,20250626,,,0.48,False
sh601568,20251107,,,-4.87,False
sh603300,20240930,,,-9.32,False
sh000150,20240927,,,1.37,False
sh688237,20260209,,,-4.17,False
sh688037,20260324,,,13.14,False
sh000819,20240927,,,1.46,False
sh601727,20240925,,,10.86,False
sh605277,20250625,,,49.05,True
sh688499,20251124,,,14.29,False
sh688303,20250630,,,20.68,True
sh688079,20260113,,,6.59,False
sh600338,20240926,,,7.27,False
sh000857,20240927,,,4.39,False
sh600871,20240731,,,2.17,False
sh600796,20240927,,,3.81,False
sh603466,20250626,,,7.27,False
sh603162,20250702,,,-1.49,False
sh600292,20240924,,,107.06,True
sh600546,20240930,,,-6.63,False
sh600315,20240930,,,-9.53,False
sh900929,20240926,,,7.11,False
sh688533,20250812,,,2.8,False
sh600995,20240815,,,-5.34,False
sh603228,20240809,,,-1.22,False
sh603153,20250711,,,1.48,False
sh688678,20250728,,,13.13,False
sh601126,20240822,,,-1.36,False
sh600577,20240924,,,24.31,True
sh603266,20240930,,,1.23,False
sh688636,20251023,,,7.43,False
sh688351,20250625,,,-1.36,False
sh600010,20240926,,,3.95,False
sh688006,20251217,,,4.27,False
sh688655,20260126,,,1.05,False
sh603456,20240927,,,4.22,False
sh603131,20240927,,,7.44,False
sh600620,20240924,,,6.86,False
sh688561,20251020,,,16.74,False
sh000003,20240924,,,13.45,False
sh600493,20240927,,,1.52,False
sh603657,20251128,,,-12.13,False
sh605008,20250821,,,-4.26,False
sh603618,20240927,,,4.13,False
sh688381,20250624,,,3.15,False
sh688248,20251217,,,4.0,False
sh688132,20250624,,,-0.32,False
sh603183,20251124,,,2.89,False
sh600273,20240808,,,-1.0,False
sh603005,20240813,,,-8.54,False
sh603878,20241118,,,5.11,False
sh688098,20260407,,,-14.62,False
sh688265,20260113,,,-2.71,False
sh600777,20240828,,,-15.96,False
sh600959,20240924,,,7.02,False
sh603353,20250908,,,2.06,False
sh601368,20240730,,,-1.15,False
sh600917,20240927,,,5.17,False
sh603356,20250624,,,2.98,False
sh688680,20251107,,,-16.49,False
sh600895,20240730,,,-6.9,False
sh605020,20251105,,,1.24,False
sh600215,20241028,,,15.08,False
sh688450,20251013,,,2.8,False
sh688203,20251031,,,2.05,False
sh688599,20250708,,,2.73,False
sh600425,20240926,,,7.93,False
sh600696,20240927,,,22.24,True
sh600971,20250924,,,3.92,False
sh605339,20250704,,,2.21,False
sh601669,20240927,,,6.53,False
sh601512,20250708,,,8.2,False
sh688179,20250630,,,7.23,False
sh688379,20251124,,,8.64,False
sh603729,20240930,,,-2.56,False
sh600038,20240813,,,-7.99,False
sh600845,20240930,,,-11.42,False
sh688184,20250818,,,-4.25,False
sh000863,20240927,,,8.01,False
sh600705,20240924,,,30.04,True
sh603135,20250624,,,2.07,False
sh603767,20240930,,,-5.64,False
sh603386,20251203,,,9.52,False
sh600076,20240926,,,4.09,False
sh603200,20240930,,,-6.89,False
sh688799,20251031,,,-0.25,False
sh600511,20240930,,,-5.63,False
sh688003,20250729,,,1.21,False
sh688507,20250717,,,21.66,True
sh688060,20250624,,,1.78,False
sh000987,20240927,,,1.52,False
sh600608,20240925,,,-5.71,False
sh600192,20240806,,,7.51,False
sh601390,20240930,,,1.74,False
sh688549,20250724,,,3.55,False
sh603156,20250625,,,-1.29,False
sh688163,20251125,,,-1.94,False
sh000130,20240926,,,3.68,False
sh603360,20250716,,,-2.21,False
sh600116,20240927,,,4.14,False
sh603055,20250725,,,-3.32,False
sh688219,20250805,,,16.08,False
sh603982,20250829,,,6.88,False
sh688087,20250722,,,11.48,False
sh600595,20240930,,,-5.28,False
sh688429,20250708,,,-2.33,False
sh601339,20240930,,,2.25,False
sh600241,20240909,,,17.7,False
sh603303,20240801,,,5.67,False
sh600388,20240927,,,11.7,False
sh688100,20250630,,,-2.77,False
sh688234,20250724,,,2.95,False
sh603037,20240730,,,-2.78,False
sh603285,20251201,,,-0.91,False
sh600726,20240807,,,-3.77,False
sh600375,20240826,,,7.25,False
sh601177,20240926,,,5.72,False
sh688667,20251124,,,-12.17,False
sh600873,20251009,,,-0.37,False
sh603278,20250717,,,-1.18,False
sh688300,20250624,,,11.89,False
sh688553,20260109,,,-5.77,False
sh603699,20240731,,,-0.38,False
sh600612,20240930,,,-11.84,False
sh601139,20240927,,,2.06,False
sh688629,20250717,,,3.98,False
sh603236,20251201,,,-4.54,False
sh688287,20250805,,,-2.49,False
sh600872,20240930,,,-8.9,False
sh603161,20251219,,,3.1,False
sh605259,20260310,,,-8.04,False
sh600545,20240926,,,0.0,False
sh600671,20241008,,,11.48,False
sh600022,20240731,,,-2.29,False
sh688363,20251027,,,-3.4,False
sh688530,20250710,,,1.52,False
sh688535,20250718,,,-0.1,False
sh600993,20240731,,,3.77,False
sh603918,20240927,,,4.24,False
sh601225,20240830,,,-10.27,False
sh600674,20240902,,,-1.04,False
sh601111,20240805,,,-2.3,False
sh688052,20250729,,,-0.34,False
sh688601,20250624,,,1.25,False
sh600489,20240927,,,2.44,False
sh688328,20251125,,,1.95,False
sh603778,20240927,,,8.15,False
sh688786,20251124,,,2.01,False
sh605168,20250630,,,8.49,False
sh603585,20240912,,,13.93,False
sh688282,20250926,,,26.56,True
sh600877,20240801,,,-7.5,False
sh600790,20240924,,,7.67,False
sh603081,20240930,,,-6.99,False
sh603107,20250716,,,-0.25,False
sh601888,20240927,,,-3.14,False
sh000851,20240926,,,5.93,False
sh600839,20240823,,,-0.61,False
sh688305,20250716,,,2.61,False
sh600523,20240801,,,-5.09,False
sh603232,20240924,,,10.98,False
sh603280,20251121,,,2.59,False
sh600170,20240927,,,4.15,False
sh688718,20251205,,,-6.2,False
sh600590,20240927,,,29.74,True
sh000118,20240927,,,3.44,False
sh600459,20240930,,,-4.16,False
sh600094,20240802,,,-13.22,False
sh601990,20250625,,,-2.33,False
sh688586,20250919,,,4.12,False
sh600269,20240819,,,-7.03,False
sh603578,20240930,,,-5.37,False
sh688128,20251124,,,0.7,False
sh688401,20260408,,,6.97,False
sh600740,20240927,,,-0.49,False
sh600227,20240911,,,5.33,False
sh603536,20240924,,,-2.06,False
sh601858,20240927,,,3.26,False
sh688166,20260401,,,14.29,False
sh601868,20250707,,,12.98,False
sh603506,20251020,,,-0.85,False
sh000937,20240822,,,-5.99,False
sh603633,20241008,,,-7.83,False
sh688157,20250715,,,16.95,False
sh600712,20240806,,,-8.85,False
sh688200,20250729,,,-3.56,False
sh600088,20240930,,,-2.77,False
sh603378,20251016,,,63.56,True
sh603799,20240927,,,8.05,False
sh603185,20250702,,,17.99,False
sh600426,20240930,,,-11.21,False
sh603565,20251124,,,1.27,False
sh600468,20240930,,,-4.97,False
sh603179,20240926,,,4.86,False
sh600668,20240801,,,-1.38,False
sh688529,20250624,,,0.51,False
sh603202,20260121,,,-3.66,False
sh600495,20240919,,,13.1,False
sh603882,20250729,,,-2.38,False
sh600075,20240903,,,-3.86,False
sh600626,20240830,,,5.59,False
sh605389,20260313,,,1.59,False
sh603599,20240930,,,-15.14,False
sh603203,20240731,,,-6.12,False
sh688357,20251229,,,-0.49,False
sh603929,20240813,,,-8.8,False
sh600016,20240925,,,9.03,False
sh600645,20240801,,,1.61,False
sh600571,20240925,,,14.24,False
sh605117,20250822,,,29.68,True
sh688063,20260203,,,3.8,False
sh601121,20251218,,,5.55,False
sh603261,20250702,,,-5.77,False
sh600191,20240731,,,-1.39,False
sh600825,20240920,,,8.72,False
sh600058,20240927,,,-2.09,False
sh603155,20251031,,,12.19,False
sh605090,20260323,,,-0.89,False
sh603150,20250624,,,0.06,False
sh600369,20240731,,,-3.4,False
sh605268,20260304,,,13.54,False
sh688066,20250625,,,-0.37,False
sh600327,20240927,,,5.03,False
sh600640,20240927,,,11.35,False
sh688501,20250924,,,6.81,False
sh600517,20240924,,,13.66,False
sh688656,20260105,,,-3.31,False
sh603886,20241107,,,0.45,False
sh601028,20240923,,,3.64,False
sh600623,20240731,,,-3.29,False
sh603380,20251201,,,-3.63,False
sh000865,20240731,,,-4.25,False
sh688182,20250805,,,-2.84,False
sh600559,20240926,,,3.06,False
sh600843,20240912,,,15.09,False
sh600938,20250626,,,2.91,False
sh601988,20250616,,,4.55,False
sh600690,20240731,,,-9.3,False
sh688418,20250801,,,1.11,False
sh600977,20240927,,,-2.13,False
sh600759,20241008,,,-11.99,False
sh600423,20240927,,,-0.39,False
sh000162,20240926,,,10.34,False
sh603049,20260203,,,2.8,False
sh600939,20240926,,,53.69,True
sh603298,20240926,,,-12.67,False
sh688152,20250630,,,-6.25,False
sh603679,20251128,,,1.0,False
sh601011,20240927,,,6.63,False
sh603818,20240930,,,-11.62,False
sh600774,20240930,,,-8.1,False
sh688435,20250711,,,2.19,False
sh688686,20251225,,,4.02,False
sh605068,20260105,,,2.48,False
sh603350,20250625,,,5.44,False
sh603233,20250923,,,0.06,False
sh688518,20251205,,,-4.19,False
sh601208,20240926,,,3.73,False
sh900902,20240918,,,21.6,True
sh688008,20240304,,,-3.98,False
sh688556,20250630,,,2.92,False
sh600617,20240731,,,-3.24,False
sh600370,20240926,,,0.66,False
sh688662,20250708,,,20.19,True
sh688031,20250725,,,-4.19,False
sh600027,20241223,,,-11.19,False
sh603165,20240926,,,0.84,False
sh688366,20250724,,,-1.41,False
sh605588,20250718,,,2.93,False
sh600313,20240930,,,-1.25,False
sh600540,20240927,,,5.07,False
sh600814,20240806,,,-5.51,False
sh605368,20250722,,,-1.33,False
sh600113,20240903,,,3.58,False
sh601311,20240902,,,-4.86,False
sh600689,20240926,,,7.98,False
sh603198,20240926,,,1.77,False
sh688252,20250625,,,-2.87,False
sh603863,20250707,,,3.85,False
sh601991,20240930,,,-6.31,False
sh000135,20240926,,,10.38,False
sh603986,20240930,,,1.76,False
sh603032,20240911,,,2.28,False
sh603306,20240902,,,-10.6,False
sh688105,20250630,,,2.87,False
sh603307,20260109,,,1.41,False
sh601008,20240927,,,3.66,False
sh600768,20240925,,,9.92,False
sh603551,20251031,,,3.44,False
sh000153,20240930,,,-6.28,False
sh601377,20240731,,,-4.05,False
sh600222,20240806,,,-9.19,False
sh601020,20240830,,,-10.64,False
sh603648,20260122,,,-2.28,False
sh688257,20250624,,,1.49,False
sh600745,20240927,,,9.95,False
sh688583,20251204,,,5.42,False
sh600158,20240930,,,-6.88,False
sh600358,20240906,,,4.87,False
sh688019,20260325,,,14.24,False
sh603580,20240730,,,0.83,False
sh603255,20250624,,,0.91,False
sh601969,20240927,,,5.41,False
sh605123,20251020,,,-1.59,False
sh600316,20250409,,,1.43,False
sh688057,20251020,,,1.61,False
sh600996,20240731,,,-0.91,False
sh603160,20240731,,,-5.82,False
sh605089,20251021,,,2.54,False
sh603931,20250630,,,-3.08,False
sh600526,20240927,,,3.49,False
sh601138,20250625,,,27.63,True
sh600188,20240930,,,-3.56,False
sh603102,20250904,,,11.4,False
sh600568,20240813,,,-6.47,False
sh000854,20240927,,,3.46,False
sh600795,20240902,,,-11.09,False
sh688005,20250624,,,-1.49,False
sh688562,20250905,,,-0.4,False
sh688331,20260107,,,13.47,False
sh688618,20251015,,,13.76,False
sh600490,20240920,,,1.42,False
sh900936,20240731,,,-3.01,False
sh603901,20240930,,,-9.46,False
sh000806,20240926,,,8.32,False
sh688028,20250714,,,6.91,False
sh600820,20240930,,,3.86,False
sh688486,20250820,,,-6.02,False
sh601958,20240731,,,-8.46,False
sh600789,20240730,,,8.31,False
sh603098,20240927,,,-0.7,False
sh688352,20250721,,,-1.56,False
sh601211,20250303,,,-0.46,False
sh688701,20260119,,,9.71,False
sh600589,20240930,,,-3.85,False
sh688266,20250820,,,0.98,False
sh600893,20240925,,,13.11,False
sh605488,20250716,,,-3.29,False
sh603636,20240912,,,19.95,False
sh600127,20240903,,,1.72,False
sh601577,20250911,,,-6.07,False
sh688228,20250624,,,4.83,False
sh603678,20240930,,,18.54,False
sh600169,20240926,,,5.5,False
sh688131,20260410,,,0.27,False
sh600717,20240925,,,7.58,False
sh603006,20240930,,,-8.83,False
sh601515,20241023,,,18.18,False
sh688205,20250729,,,12.97,False
sh688456,20260408,,,3.53,False
sh600141,20240903,,,-8.68,False
sh603337,20240819,,,-1.04,False
sh605189,20251212,,,-5.72,False
sh688767,20251203,,,-3.85,False
sh688387,20250711,,,3.0,False
sh688729,20260105,,,6.79,False
sh600391,20240801,,,-4.93,False
sh688119,20251211,,,10.73,False
sh688683,20251124,,,1.5,False
sh600258,20240926,,,-3.52,False
sh603060,20240828,,,-19.21,False
sh600771,20240930,,,-10.61,False
sh600216,20250107,,,-5.2,False
sh688630,20251201,,,6.05,False
sh000984,20240926,,,8.08,False
sh600322,20240816,,,-19.51,False
sh688319,20251124,,,21.3,True
sh603680,20240731,,,-8.63,False
sh603706,20260122,,,-0.24,False
sh600846,20240924,,,7.24,False
sh688187,20250722,,,-2.5,False
sh603136,20251217,,,-7.1,False
sh603883,20241104,,,-9.41,False
sh688334,20251125,,,2.13,False
sh600808,20240926,,,0.46,False
sh601696,20250624,,,3.06,False
sh600512,20240731,,,-5.69,False
sh688653,20250724,,,6.78,False
sh600288,20240924,,,9.58,False
sh688218,20250721,,,1.07,False
sh603388,20241025,,,22.94,True
sh688582,20250805,,,20.46,True
sh600159,20240920,,,3.27,False
sh605058,20251125,,,17.03,False
sh688256,20250725,,,2.9,False
sh603606,20240829,,,-0.26,False
sh600744,20240930,,,-6.82,False
sh600117,20240926,,,11.38,False
sh605016,20251103,,,1.17,False
sh000131,20240927,,,23.83,True
sh600470,20240902,,,-7.67,False
sh603867,20260119,,,-0.89,False
sh600727,20240927,,,1.2,False
sh603036,20240930,,,9.65,False
sh688466,20260310,,,-7.02,False
sh600389,20240927,,,-5.38,False
sh688101,20260203,,,3.53,False
sh600594,20240927,,,-1.68,False
sh600908,20250929,,,3.6,False
sh603983,20250804,,,8.16,False
sh688286,20250625,,,-2.31,False
sh603237,20250825,,,2.49,False
sh603103,20250905,,,6.58,False
sh688628,20250724,,,3.16,False
sh900906,20240816,,,15.32,False
sh600613,20240927,,,2.29,False
sh688552,20250910,,,18.13,False
sh600189,20240924,,,7.94,False
sh603279,20250723,,,-4.61,False
sh688035,20251215,,,2.12,False
sh900948,20240830,,,0.87,False
sh688605,20250818,,,2.17,False
sh600810,20240926,,,-3.11,False
sh605258,20251020,,,21.58,True
sh600295,20240930,,,-8.27,False
sh600225,20240924,,,61.29,True
sh605169,20260303,,,-13.99,False
sh688787,20250624,,,-3.14,False
sh603398,20250912,,,28.51,True
sh688053,20251205,,,11.4,False
sh600312,20241119,,,0.99,False
sh600675,20240924,,,5.9,False
sh600026,20240731,,,-7.55,False
sh603919,20240927,,,-3.54,False
sh600992,20240913,,,18.01,False
sh605589,20251028,,,-8.81,False
sh600838,20240906,,,15.23,False
sh603106,20251021,,,0.98,False
sh688519,20251222,,,21.4,True
sh600876,20240930,,,-6.33,False
sh600458,20240930,,,-2.38,False
sh000119,20240927,,,7.45,False
sh688083,20250729,,,4.36,False
sh688719,20250905,,,-3.08,False
sh600416,20240927,,,8.39,False
sh603801,20250709,,,-6.1,False
sh688757,20251021,,,2.08,False
sh603987,20240927,,,1.37,False
sh688230,20251124,,,7.62,False
sh600171,20250725,,,-1.57,False
sh603660,20240927,,,33.27,True
sh600722,20240927,,,4.12,False
sh600226,20240930,,,-0.44,False
sh603050,20240930,,,-11.76,False
sh600741,20240910,,,4.52,False
sh688253,20250724,,,1.17,False
sh603602,20250819,,,7.62,False
sh603579,20241008,,,-8.35,False
sh600095,20240805,,,-12.04,False
sh603365,20250904,,,-1.23,False
sh688156,20260119,,,-1.87,False
sh600444,20240730,,,-3.47,False
sh603355,20240930,,,-0.97,False
sh600123,20240926,,,-2.36,False
sh601827,20251010,,,-0.72,False
sh688262,20250729,,,3.6,False
sh600390,20240924,,,49.45,True
sh601608,20240930,,,-3.64,False
sh600259,20240927,,,1.17,False
sh605358,20250725,,,-0.76,False
sh601038,20240913,,,19.43,False
sh603650,20250701,,,-2.76,False
sh601077,20251014,,,-2.79,False
sh688386,20260408,,,-5.39,False
sh688135,20250624,,,9.89,False
sh688766,20250731,,,-4.41,False
sh603798,20240930,,,-6.99,False
sh603379,20251203,,,7.99,False
sh600340,20240926,,,18.55,False
sh600289,20240829,,,-2.24,False
sh605388,20251203,,,0.25,False
sh688566,20260401,,,2.52,False
sh900932,20250626,,,4.32,False
sh603385,20240927,,,1.78,False
sh688528,20251128,,,-10.54,False
sh603178,20240930,,,-7.66,False
sh000802,20240927,,,6.87,False
sh600824,20240924,,,5.43,False
sh600059,20240926,,,-0.48,False
sh603966,20240927,,,8.94,False
sh688318,20250625,,,-13.38,False
sh688631,20250721,,,6.25,False
sh603967,20250904,,,-1.29,False
sh605116,20250624,,,3.04,False
sh600570,20240926,,,36.49,True
sh600017,20240925,,,9.05,False
sh688500,20251124,,,4.15,False
sh600641,20240927,,,20.68,True
sh603685,20260122,,,22.68,True
sh600326,20250108,,,-4.87,False
sh688067,20251208,,,-2.67,False
sh600195,20241008,,,-9.09,False
sh600821,20240816,,,-7.42,False
sh600368,20240927,,,2.3,False
sh688029,20250624,,,9.18,False
sh688619,20251208,,,-8.49,False
sh600558,20240930,,,3.23,False
sh688183,20260226,,,-13.17,False
sh603381,20250801,,,1.26,False
sh600071,20240910,,,10.71,False
sh000139,20240930,,,0.63,False
sh601108,20250625,,,0.9,False
sh601975,20250724,,,-1.36,False
sh603887,20240807,,,6.48,False
sh688657,20250624,,,0.73,False
sh600516,20240927,,,11.21,False
sh000057,20240927,,,7.74,False
sh600345,20240930,,,-1.34,False
sh603007,20240905,,,11.36,False
sh603048,20251020,,,4.94,False
sh603333,20240927,,,10.76,False
sh600422,20241210,,,7.57,False
sh688383,20251201,,,17.46,False
sh600976,20241008,,,-13.11,False
sh603180,20240930,,,-10.19,False
sh600691,20240925,,,4.02,False
sh688419,20260106,,,32.01,True
sh688229,20250624,,,-0.34,False
sh603351,20251031,,,4.15,False
sh605069,20251024,,,-0.84,False
sh688267,20251029,,,4.68,False
sh600892,20240926,,,4.2,False
sh600775,20240927,,,5.12,False
sh600212,20241021,,,46.52,True
sh601010,20240926,,,5.66,False
sh688700,20250905,,,-1.44,False
sh600588,20240927,,,5.74,False
sh603299,20240827,,,0.65,False
sh688153,20250806,,,3.65,False
sh688030,20250714,,,11.6,False
sh600522,20240807,,,-7.9,False
sh600371,20240927,,,5.21,False
sh600616,20240926,,,0.0,False
sh688557,20251124,,,7.08,False
sh603755,20250714,,,0.49,False
sh900903,20240809,,,3.49,False
sh688283,20250717,,,3.03,False
sh600658,20240918,,,16.3,False
sh600791,20240905,,,3.63,False
sh688329,20251218,,,6.87,False
sh600815,20240926,,,0.48,False
sh603779,20240924,,,14.32,False
sh603956,20250626,,,-1.27,False
sh603399,20240926,,,5.64,False
sh688600,20250923,,,6.85,False
sh600488,20240808,,,-5.66,False
sh601096,20250703,,,3.12,False
sh603737,20240927,,,9.58,False
sh000134,20240809,,,6.04,False
sh000949,20240930,,,-7.12,False
sh601677,20240731,,,-7.87,False
sh600475,20240927,,,-0.12,False
sh603199,20240821,,,-0.43,False
sh601816,20250624,,,-1.07,False
sh600688,20240731,,,0.0,False
sh688400,20250717,,,2.82,False
sh600268,20240918,,,17.56,False
sh603051,20251125,,,-2.59,False
sh688129,20250916,,,-3.67,False
sh605369,20250702,,,-0.05,False
sh603661,20250624,,,5.8,False
sh601009,20250325,,,-1.12,False
sh603800,20240930,,,-15.85,False
sh603281,20250625,,,1.85,False
sh603033,20240919,,,18.43,False
sh603348,20250819,,,-1.24,False
sh688235,20250709,,,5.15,False
sh600909,20240731,,,-1.54,False
sh603665,20241126,,,-1.56,False
sh000152,20240926,,,2.93,False
sh601611,20240930,,,2.07,False
sh603079,20251015,,,3.93,False
sh600085,20240514,,,-5.98,False
sh688428,20260210,,,-14.96,False
sh603078,20240927,,,15.97,False
sh603499,20250811,,,6.06,False
sh600769,20240906,,,3.24,False
sh603866,20240926,,,4.06,False
sh603533,20250716,,,-1.82,False
sh603829,20251113,,,23.3,True
sh603607,20251015,,,-1.71,False
sh603828,20240926,,,18.64,False
sh600925,20250805,,,-0.4,False
sh688162,20250624,,,1.7,False
sh600804,20241024,,,18.37,False
sh601021,20240805,,,-9.2,False
sh600223,20240927,,,-2.82,False
sh600023,20240930,,,-9.55,False
sh688362,20250627,,,-4.9,False
sh600997,20240930,,,-7.21,False
sh688531,20251217,,,7.84,False
sh688056,20251021,,,5.48,False
sh605122,20251124,,,-6.79,False
sh601968,20240926,,,2.86,False
sh603733,20250721,,,4.76,False
sh688018,20250710,,,-1.3,False
sh600359,20240924,,,6.62,False
sh603085,20240930,,,-3.16,False
sh600794,20240927,,,1.57,False
sh000855,20240926,,,6.91,False
sh600569,20240925,,,4.4,False
sh688301,20250806,,,26.2,True
sh603698,20240801,,,-0.16,False
sh000066,20240927,,,2.72,False
sh688981,20250724,,,-1.26,False
sh600527,20240927,,,4.67,False
sh605088,20250829,,,4.33,False
sh603206,20250716,,,0.29,False
sh603900,20240802,,,-3.8,False
sh900937,20240910,,,4.14,False
sh600491,20240731,,,-4.44,False
sh603132,20251125,,,2.69,False
sh688330,20250718,,,2.1,False
sh688563,20251009,,,-5.16,False
sh600622,20240925,,,76.12,True
sh688004,20260109,,,3.0,False
sh603703,20240802,,,-7.2,False
sh600012,20241107,,,1.61,False
sh603099,20240806,,,0.13,False
sh601916,20260311,,,1.31,False
sh601890,20240927,,,3.05,False
sh000849,20240731,,,-4.5,False
sh601777,20250410,,,3.19,False
sh600575,20240924,,,10.23,False
sh000807,20240927,,,-2.38,False
sh600168,20240930,,,-0.46,False
sh603065,20250908,,,-5.26,False
sh600395,20240930,,,-7.2,False
sh000933,20240927,,,3.89,False
sh600126,20240930,,,-8.92,False
sh603819,20241107,,,31.03,True
sh603637,20240926,,,8.42,False
sh603856,20250908,,,-3.09,False
sh000100,20240926,,,5.34,False
sh600716,20240913,,,32.38,True
sh603181,20260115,,,1.17,False
sh600271,20240919,,,20.25,True
sh688130,20251021,,,-0.48,False
sh603332,20250918,,,-9.91,False
sh600758,20240926,,,2.69,False
sh601989,20240927,,,0.39,False
sh603655,20251217,,,17.42,False
sh688728,20251021,,,-5.81,False
sh600469,20240731,,,-6.92,False
sh600973,20240927,,,2.94,False
sh600694,20240731,,,-0.52,False
sh605188,20260203,,,-9.62,False
sh603336,20240819,,,-14.08,False
sh600713,20240806,,,-1.4,False
sh603002,20240801,,,-8.28,False
sh688201,20251124,,,0.98,False
sh600089,20240927,,,-5.06,False
sh600217,20240902,,,-5.12,False
sh601015,20240927,,,1.26,False
sh600897,20240731,,,-1.94,False
sh601609,20251124,,,7.2,False
sh600770,20240924,,,29.06,True
sh688682,20250905,,,-1.34,False
sh688118,20250716,,,-7.63,False
sh603507,20250627,,,-0.93,False
sh605158,20250722,,,11.72,False
sh603707,20250730,,,-3.85,False
sh603260,20250722,,,-0.26,False
sh600323,20240925,,,14.63,False
sh688062,20260107,,,-11.48,False
sh688505,20250929,,,0.22,False
sh688356,20260105,,,13.19,False
sh603928,20240930,,,-1.97,False
sh605222,20250702,,,0.92,False
sh600644,20240930,,,1.75,False
sh688001,20250728,,,2.0,False
sh688652,20250724,,,1.75,False
sh603598,20240927,,,9.27,False
sh600513,20240806,,,-5.07,False
sh600809,20240930,,,-12.1,False
sh603137,20250924,,,-0.36,False
sh688186,20250919,,,13.33,False
sh600847,20240906,,,5.2,False
sh601238,20240927,,,-1.7,False
sh603194,20251022,,,-3.75,False
sh600703,20240930,,,7.39,False
sh600099,20240905,,,-3.39,False
sh603788,20240927,,,4.48,False
sh600070,20240809,,,32.09,True
sh688396,20250625,,,-0.81,False
sh603327,20250630,,,5.19,False
sh601618,20240813,,,0.0,False
sh000926,20240731,,,-2.81,False
sh603558,20240927,,,7.53,False
sh601330,20250905,,,-3.16,False
sh600380,20240930,,,-8.48,False
sh603070,20250708,,,2.33,False
sh600900,20241216,,,0.46,False
sh600901,20250904,,,-0.55,False
sh688146,20250630,,,3.53,False
sh600133,20240930,,,2.64,False
sh600560,20240927,,,6.87,False
sh000021,20240926,,,3.11,False
sh688072,20250707,,,0.32,False
sh688621,20251112,,,11.61,False
sh688515,20250815,,,3.44,False
sh603716,20240730,,,-1.82,False
sh000812,20240927,,,5.36,False
sh605081,20260126,,,-15.89,False
sh600834,20240906,,,-4.84,False
sh603758,20240930,,,-10.59,False
sh900922,20240924,,,11.92,False
sh603893,20250625,,,-3.52,False
sh603168,20240930,,,-8.46,False
sh600679,20240806,,,-6.71,False
sh688538,20251222,,,1.88,False
sh603213,20260113,,,0.73,False
sh600299,20240918,,,14.39,False
sh603588,20240930,,,-9.83,False
sh600637,20240923,,,13.96,False
sh688576,20250630,,,2.03,False
sh605398,20250624,,,4.96,False
sh688325,20250630,,,0.57,False
sh688320,20250624,,,-0.4,False
sh600061,20240919,,,31.76,True
sh603391,20250625,,,3.21,False
sh600506,20240927,,,4.81,False
sh601156,20250710,,,3.35,False
sh688193,20251127,,,-6.41,False
sh600548,20240930,,,-7.58,False
sh603003,20241017,,,-2.15,False
sh688609,20250630,,,-6.78,False
sh603122,20250703,,,5.01,False
sh600185,20240925,,,31.85,True
sh603275,20260113,,,1.92,False
sh603712,20250919,,,3.36,False
sh688039,20250625,,,2.89,False
sh600378,20240927,,,5.37,False
sh600651,20240730,,,-6.67,False
sh601728,20250709,,,-1.46,False
sh688077,20251106,,,-6.32,False
sh600336,20240730,,,-2.63,False
sh601567,20240829,,,4.66,False
sh600765,20240927,,,10.85,False
sh600882,20240731,,,1.99,False
sh688277,20260108,,,32.04,True
sh688710,20250630,,,11.27,False
sh601000,20241010,,,-0.22,False
sh600202,20240926,,,4.56,False
sh603341,20250812,,,9.85,False
sh688697,20250624,,,0.15,False
sh688409,20250627,,,-3.21,False
sh600681,20240927,,,0.95,False
sh600966,20240930,,,-8.39,False
sh601999,20240923,,,9.41,False
sh600155,20240925,,,13.31,False
sh603017,20240930,,,-2.41,False
sh603191,20250707,,,8.57,False
sh603323,20240819,,,-5.7,False
sh603825,20250711,,,-6.24,False
sh688120,20250704,,,-0.71,False
sh600779,20240927,,,-1.15,False
sh600918,20250624,,,4.11,False
sh600584,20240925,,,24.89,True
sh600737,20240926,,,10.82,False
sh600250,20240924,,,0.85,False
sh688111,20250731,,,-8.04,False
sh600956,20250905,,,0.13,False
sh603488,20240731,,,8.63,False
sh603838,20241008,,,9.85,False
sh600107,20240918,,,18.83,False
sh603616,20240927,,,12.66,False
sh600754,20240926,,,0.57,False
sh000832,20240930,,,1.04,False
sh688246,20250701,,,6.79,False
sh688172,20250708,,,-3.68,False
sh601985,20240924,,,-1.73,False
sh603659,20260309,,,15.16,False
sh688721,20250807,,,10.46,False
sh603790,20251210,,,-1.43,False
sh600460,20240926,,,25.15,True
sh605006,20260121,,,6.8,False
sh600233,20240829,,,-2.65,False
sh600149,20240919,,,9.8,False
sh688592,20251215,,,-3.88,False
sh603658,20240930,,,-10.49,False
sh688208,20251212,,,1.3,False
sh600800,20240926,,,3.59,False
sh600032,20250701,,,0.53,False
sh603170,20250807,,,2.74,False
sh600280,20240805,,,-12.89,False
sh601718,20240926,,,2.64,False
sh600033,20240925,,,3.06,False
sh688521,20251224,,,24.07,True
sh688615,20250715,,,6.6,False
sh600199,20240927,,,-3.54,False
sh600603,20241008,,,31.02,True
sh603226,20240930,,,0.0,False
sh605151,20251020,,,5.96,False
sh601166,20240920,,,18.1,False
sh605098,20250813,,,-0.94,False
sh688296,20250624,,,8.0,False
sh603268,20240926,,,141.79,True
sh900916,20250219,,,5.65,False
sh601128,20240930,,,-0.44,False
sh601899,20240731,,,-6.76,False
sh600866,20240926,,,9.25,False
sh601162,20250625,,,8.67,False
sh603090,20241107,,,10.99,False
sh603223,20240730,,,4.73,False
sh600055,20240926,,,-0.15,False
sh600828,20240909,,,-5.02,False
sh601100,20240829,,,3.17,False
sh603389,20240730,,,5.27,False
sh688610,20251212,,,3.89,False
sh605599,20250901,,,-2.26,False
sh603909,20241008,,,7.99,False
sh603595,20250717,,,-3.4,False
sh600665,20240919,,,8.4,False
sh603727,20241008,,,-7.63,False
sh601933,20240807,,,-9.96,False
sh605179,20250819,,,15.0,False
sh600078,20241008,,,-9.09,False
sh600278,20240909,,,4.76,False
sh603569,20240930,,,-8.42,False
sh603612,20251125,,,2.96,False
sh688139,20250722,,,5.23,False
sh603375,20251125,,,-7.35,False
sh605003,20251219,,,17.77,False
sh600811,20240808,,,-8.84,False
sh688177,20260414,,,-7.51,False
sh600930,20260311,,,13.5,False
sh688410,20251021,,,14.8,False
sh600751,20240924,,,7.05,False
sh603040,20240903,,,-2.1,False
sh000147,20240927,,,0.29,False
sh605060,20250625,,,6.55,False
sh603291,20250818,,,-4.07,False
sh600161,20240821,,,0.13,False
sh603997,20240905,,,-0.42,False
sh688220,20250729,,,5.25,False
sh601865,20250708,,,-2.29,False
sh688709,20250624,,,-2.28,False
sh688093,20251201,,,0.17,False
sh000974,20240731,,,-2.48,False
sh000109,20240930,,,-4.42,False
sh600448,20240925,,,9.13,False
sh600831,20241028,,,12.31,False
sh688510,20251031,,,3.4,False
sh600798,20240930,,,-4.59,False
sh603089,20240930,,,-4.76,False
sh688343,20250730,,,13.4,False
sh601200,20240829,,,-1.91,False
sh601880,20240926,,,6.03,False
sh603123,20240906,,,2.71,False
sh603444,20240807,,,-7.19,False
sh600355,20240920,,,3.64,False
sh603216,20260324,,,1.72,False
sh600481,20241008,,,-11.22,False
sh900927,20240925,,,10.91,False
sh600748,20240924,,,14.07,False
sh688393,20250701,,,4.6,False
sh600929,20250710,,,6.42,False
sh600706,20240930,,,-12.29,False
sh600261,20240930,,,-2.13,False
sh605499,20250916,,,3.76,False
sh605303,20260105,,,1.76,False
sh600136,20240930,,,-4.64,False
sh600598,20250127,,,-0.66,False
sh688143,20251021,,,-12.54,False
sh601528,20250909,,,-3.25,False
sh688239,20250624,,,6.14,False
sh603669,20240930,,,-8.88,False
sh600178,20240927,,,0.84,False
sh603075,20251201,,,-3.47,False
sh688108,20260105,,,-1.65,False
sh688692,20250728,,,1.13,False
sh600249,20240925,,,9.75,False
sh603344,20250624,,,1.09,False
sh601878,20240823,,,-1.19,False
sh603345,20240926,,,9.44,False
sh600207,20240926,,,11.6,False
sh600760,20240822,,,3.88,False
sh605555,20250806,,,3.2,False
sh601619,20260408,,,18.58,False
sh600887,20240926,,,0.0,False
sh688272,20250905,,,-2.51,False
sh603326,20240926,,,-1.45,False
sh688125,20250718,,,9.86,False
sh605198,20250916,,,-7.38,False
sh688776,20250801,,,-1.86,False
sh688211,20251015,,,0.5,False
sh605365,20250630,,,4.68,False
sh600150,20240927,,,1.99,False
sh603012,20240927,,,2.63,False
sh600479,20240808,,,-4.51,False
sh603368,20240930,,,-10.2,False
sh000138,20240807,,,1.9,False
sh603013,20251125,,,-1.45,False
sh600684,20240801,,,-4.89,False
sh600963,20240924,,,18.58,False
sh688196,20251020,,,8.42,False
sh603127,20251211,,,19.69,False
sh601228,20240801,,,-0.31,False
sh600857,20240927,,,1.48,False
sh600350,20240925,,,-1.41,False
sh600503,20240926,,,3.47,False
sh603126,20240927,,,6.36,False
sh600064,20240809,,,-4.35,False
sh600819,20240730,,,-5.47,False
sh603759,20251014,,,25.18,True
sh000995,20240822,,,-5.4,False
sh603977,20250626,,,-1.7,False
sh600333,20240923,,,11.7,False
sh600654,20240927,,,0.42,False
sh600007,20240731,,,-0.59,False
sh900941,20240730,,,1.25,False
sh600180,20240926,,,4.12,False
sh688308,20250626,,,3.28,False
sh603270,20250708,,,6.44,False
sh600498,20240927,,,8.03,False
sh600302,20240919,,,15.14,False
sh600551,20240829,,,2.58,False
sh600036,20240808,,,4.74,False
sh600982,20240930,,,-5.85,False
sh600285,20240808,,,5.15,False
sh000823,20240927,,,1.93,False
sh600805,20240927,,,2.32,False
sh688339,20250709,,,0.31,False
sh900913,20240925,,,15.21,False
sh000989,20240926,,,4.06,False
sh688509,20251021,,,-4.53,False
sh600648,20240731,,,-2.03,False
sh603159,20240930,,,-2.47,False
sh688293,20260113,,,-1.54,False
sh603091,20260410,,,2.35,False
sh600361,20240731,,,-10.78,False
sh601163,20240930,,,-7.0,False
sh688314,20250624,,,11.89,False
sh600606,20240926,,,12.21,False
sh603117,20250212,,,-1.13,False
sh600406,20240807,,,-1.47,False
sh600255,20240801,,,-2.19,False
sh688114,20250822,,,-10.42,False
sh603023,20240930,,,1.86,False
sh605507,20251224,,,9.88,False
sh600732,20240930,,,-8.06,False
sh600581,20240924,,,6.35,False
sh000917,20240930,,,-7.52,False
sh688597,20250624,,,3.98,False
sh600236,20240930,,,-12.53,False
sh605337,20251110,,,-8.43,False
sh600698,20240904,,,1.72,False
sh603189,20240823,,,3.23,False
sh600935,20251010,,,7.35,False
sh600080,20240930,,,-6.85,False
sh601518,20240926,,,2.89,False
sh603617,20250707,,,16.15,False
sh601328,20240924,,,3.64,False
sh603489,20250624,,,-0.18,False
sh688096,20260108,,,4.35,False
sh601366,20241226,,,-4.57,False
sh603026,20240930,,,-9.8,False
sh600919,20240807,,,7.0,False
sh605298,20260324,,,15.17,False
sh688225,20250820,,,-4.16,False
sh601860,20251021,,,-2.38,False
sh600399,20240927,,,35.89,True
sh601601,20250514,,,-1.58,False
sh000142,20240927,,,3.09,False
sh600403,20240925,,,7.97,False
sh600050,20240816,,,-2.02,False
sh603688,20241009,,,-11.4,False
sh688311,20250725,,,17.88,False
sh688025,20260116,,,11.52,False
sh688676,20250717,,,5.28,False
sh600537,20240930,,,0.67,False
sh600863,20240902,,,-5.54,False
sh600784,20240923,,,21.86,True
sh688638,20251128,,,-11.09,False
sh600579,20240802,,,-13.16,False
sh600987,20240923,,,4.54,False
sh688372,20250625,,,-4.79,False
sh601231,20240808,,,6.35,False
sh603590,20251113,,,-6.11,False
sh600660,20240730,,,-0.96,False
sh601083,20251014,,,5.16,False
sh603416,20240829,,,-3.22,False
sh600307,20240919,,,12.8,False
sh688046,20250627,,,10.92,False
sh688443,20260109,,,-9.86,False
sh603789,20240930,,,-1.55,False
sh600098,20240806,,,-0.69,False
sh601500,20240930,,,-8.38,False
sh600702,20240930,,,8.31,False
sh603195,20260225,,,-0.73,False
sh605050,20260320,,,-11.85,False
sh600265,20240930,,,-3.04,False
sh688777,20250806,,,4.36,False
sh600132,20240926,,,-5.49,False
sh688273,20251201,,,-8.62,False
sh600455,20240913,,,26.16,True
sh000114,20240927,,,0.15,False
sh603843,20240730,,,11.07,False
sh603516,20250718,,,46.87,True
sh601005,20250702,,,-0.71,False
sh603071,20251201,,,-3.4,False
sh600381,20241025,,,13.43,False
sh000300,20240926,,,6.85,False
sh688693,20250625,,,7.41,False
sh600048,20240926,,,13.4,False
sh600835,20240925,,,19.89,False
sh603271,20251020,,,13.97,False
sh601456,20250710,,,10.81,False
sh605080,20250701,,,-6.67,False
sh000813,20240927,,,-0.3,False
sh603717,20240930,,,-4.8,False
sh600006,20240930,,,-7.52,False
sh688347,20260410,,,2.47,False
sh688620,20250806,,,7.4,False
sh603976,20251020,,,3.38,False
sh600561,20240821,,,-8.73,False
sh605399,20250924,,,0.32,False
sh688577,20251222,,,-1.88,False
sh600636,20240925,,,14.74,False
sh600351,20240930,,,-7.4,False
sh600502,20240926,,,10.5,False
sh603212,20251020,,,5.1,False
sh688539,20250624,,,3.37,False
sh600678,20240927,,,72.73,True
sh603169,20240820,,,-12.42,False
sh900923,20240802,,,-3.19,False
sh600837,20240807,,,2.23,False
sh688608,20250819,,,1.53,False
sh601118,20240827,,,0.21,False
sh603258,20240910,,,2.01,False
sh688192,20260415,,,-1.89,False
sh603897,20250624,,,3.82,False
sh600853,20240927,,,5.78,False
sh600507,20240926,,,4.54,False
sh603390,20251219,,,4.58,False
sh600060,20240930,,,-17.26,False
sh603896,20240930,,,-10.13,False
sh688321,20251031,,,-3.34,False
sh600337,20241028,,,15.4,False
sh688625,20250624,,,-0.71,False
sh688511,20260324,,,-20.74,False
sh603088,20240930,,,-5.27,False
sh600650,20250110,,,-2.24,False
sh900945,20240731,,,-3.37,False
sh600379,20240919,,,8.35,False
sh603713,20260106,,,6.35,False
sh688696,20250821,,,5.5,False
sh603289,20251205,,,-3.62,False
sh600203,20240923,,,11.58,False
sh600599,20240827,,,25.05,True
sh600905,20250625,,,0.95,False
sh603288,20240830,,,-3.21,False
sh600883,20240927,,,8.86,False
sh688425,20250708,,,45.58,True
sh600764,20240801,,,-7.36,False
sh603626,20240827,,,73.7,True
sh601566,20241008,,,-11.64,False
sh688772,20250625,,,-7.72,False
sh603059,20251222,,,-2.51,False
sh603322,20240930,,,12.24,False
sh605055,20260203,,,11.46,False
sh600433,20240925,,,7.69,False
sh603016,20240912,,,37.06,True
sh688215,20260115,,,-0.93,False
sh601318,20240813,,,6.35,False
sh603058,20240731,,,-6.26,False
sh600967,20240731,,,0.0,False
sh688110,20260414,,,1.88,False
sh600736,20240926,,,2.22,False
sh603027,20241008,,,-11.69,False
sh600585,20240926,,,8.54,False
sh688097,20250630,,,-3.42,False
sh603992,20250624,,,-2.47,False
sh600778,20240805,,,1.42,False
sh603069,20240926,,,3.64,False
sh603312,20250624,,,1.85,False
sh688439,20250630,,,-5.42,False
sh605180,20260121,,,1.88,False
sh688209,20250725,,,2.21,False
sh600148,20240731,,,-2.86,False
sh600232,20240731,,,0.47,False
sh605007,20250707,,,0.76,False
sh600461,20250401,,,9.15,False
sh688247,20250627,,,7.41,False
sh600106,20240924,,,32.12,True
sh605333,20250722,,,7.82,False
sh600348,20240930,,,-9.31,False
sh000827,20240927,,,5.38,False
sh600281,20240911,,,-0.62,False
sh603171,20250624,,,-6.06,False
sh600801,20240813,,,-21.88,False
sh900917,20240926,,,14.93,False
sh603920,20240829,,,3.84,False
sh688297,20250922,,,2.62,False
sh600785,20241104,,,-6.72,False
sh688677,20251201,,,-1.21,False
sh600365,20240903,,,-4.87,False
sh603095,20250624,,,-4.43,False
sh603113,20240930,,,-9.02,False
sh603689,20240924,,,3.5,False
sh600198,20240913,,,52.5,True
sh688315,20250708,,,6.29,False
sh600054,20240927,,,-1.75,False
sh600829,20240905,,,-19.6,False
sh603222,20240909,,,-14.18,False
sh600360,20241008,,,6.69,False
sh600533,20240925,,,13.86,False
sh688021,20251219,,,-0.05,False
sh603158,20240802,,,-9.85,False
sh000841,20240927,,,4.02,False
sh688338,20251128,,,-4.34,False
sh600664,20240919,,,21.38,True
sh603908,20240806,,,-10.93,False
sh600983,20240930,,,-6.47,False
sh688376,20251202,,,14.11,False
sh605136,20250904,,,6.75,False
sh600303,20241024,,,11.31,False
sh600550,20240822,,,27.37,True
sh601101,20240816,,,3.53,False
sh603041,20240930,,,-3.11,False
sh688411,20260128,,,-8.9,False
sh600237,20240926,,,13.56,False
sh688138,20250708,,,1.29,False
sh603613,20250819,,,16.15,False
sh603568,20240927,,,5.24,False
sh600279,20240926,,,23.02,True
sh600449,20240927,,,5.26,False
sh603358,20250408,,,2.68,False
sh688092,20250624,,,4.93,False
sh688708,20250701,,,9.87,False
sh601019,20251201,,,0.0,False
sh688221,20251015,,,-2.36,False
sh600160,20240930,,,-7.53,False
sh603290,20250724,,,10.02,False
sh603316,20240920,,,32.46,True
sh000146,20240927,,,5.15,False
sh603810,20250904,,,-3.38,False
sh601881,20240830,,,0.56,False
sh000858,20240927,,,22.17,True
sh601766,20240924,,,11.73,False
sh688038,20250901,,,-3.6,False
sh688496,20251027,,,-22.96,False
sh600830,20250207,,,-2.31,False
sh600184,20240807,,,-9.3,False
sh601949,20250708,,,1.38,False
sh900926,20240927,,,3.58,False
sh601965,20240927,,,3.17,False
sh600549,20240924,,,7.52,False
sh600480,20240930,,,-6.8,False
sh603217,20260306,,,-13.38,False
sh600354,20240926,,,4.19,False
sh688646,20250825,,,-0.46,False
sh688015,20251124,,,6.52,False
sh603259,20251210,,,-2.08,False
sh600633,20240927,,,6.28,False
sh603190,20250624,,,2.88,False
sh688121,20251021,,,-0.39,False
sh601319,20251014,,,7.66,False
sh600707,20240930,,,-5.75,False
sh600928,20251104,,,0.75,False
sh601998,20240815,,,-0.85,False
sh688408,20250717,,,-3.0,False
sh688392,20260408,,,1.42,False
sh600749,20240806,,,-8.81,False
sh603809,20250905,,,8.98,False
sh601186,20240809,,,0.13,False
sh600179,20240925,,,8.97,False
sh603668,20240926,,,-2.61,False
sh688238,20260112,,,-1.28,False
sh688711,20250624,,,4.52,False
sh600190,20241112,,,-13.4,False
sh601001,20240926,,,1.59,False
sh000111,20240731,,,-7.73,False
sh600137,20240927,,,9.57,False
sh603808,20240930,,,-6.83,False
sh601187,20250909,,,1.43,False
sh688276,20250717,,,5.04,False
sh600886,20240930,,,-8.06,False
sh688420,20251020,,,5.38,False
sh600761,20240930,,,-15.86,False
sh600206,20240926,,,9.12,False
sh605033,20250707,,,32.08,True
sh603517,20240930,,,-3.6,False
sh688147,20250624,,,5.13,False
sh600248,20240925,,,18.66,False
sh603559,20240805,,,20.17,True
sh688109,20260320,,,-6.41,False
sh000093,20240926,,,6.8,False
sh600962,20240920,,,21.21,True
sh601066,20250625,,,-1.48,False
sh600685,20240813,,,-9.06,False
sh688739,20251020,,,2.65,False
sh603369,20240930,,,-11.14,False
sh600478,20240930,,,-4.87,False
sh600151,20240801,,,9.29,False
sh605199,20251103,,,5.29,False
sh600436,20240926,,,-1.01,False
sh603395,20250821,,,-0.03,False
sh601686,20251127,,,1.87,False
sh600818,20241008,,,-9.77,False
sh603915,20250716,,,-4.33,False
sh688010,20250805,,,-1.83,False
sh600298,20240808,,,-2.44,False
sh603589,20240926,,,-2.61,False
sh601700,20240930,,,-4.75,False
sh601229,20240910,,,5.06,False
sh688197,20260310,,,-10.65,False
sh603690,20240930,,,5.97,False
sh688309,20251205,,,0.73,False
sh900940,20240920,,,19.9,False
sh603938,20250905,,,-5.57,False
sh603939,20241008,,,-9.77,False
sh600655,20240926,,,-1.98,False
sh600332,20240806,,,-0.63,False
sh688073,20260107,,,0.53,False
sh600079,20240731,,,-0.92,False
sh603768,20240920,,,9.74,False
sh600284,20240802,,,-5.4,False
sh688525,20250624,,,0.37,False
sh605598,20250625,,,-1.59,False
sh600037,20240925,,,3.78,False
sh603726,20240925,,,13.25,False
sh000011,20240926,,,7.75,False
sh600499,20240930,,,-15.54,False
sh688611,20260324,,,1.82,False
sh603116,20240927,,,0.7,False
sh600867,20240930,,,-9.27,False
sh688292,20250718,,,3.1,False
sh601218,20240927,,,3.73,False
sh600649,20240809,,,-10.42,False
sh688508,20251225,,,4.81,False
sh600780,20240927,,,-5.05,False
sh601898,20240807,,,9.23,False
sh900912,20240830,,,-4.17,False
sh603811,20240927,,,6.37,False
sh603317,20250818,,,0.83,False
sh600580,20240930,,,3.11,False
sh600083,20241029,,,4.74,False
sh601018,20240926,,,2.68,False
sh600733,20240930,,,-8.67,False
sh603022,20240930,,,-5.58,False
sh603359,20251125,,,16.06,False
sh688472,20250815,,,7.43,False
sh688115,20251022,,,0.54,False
sh603188,20240806,,,-9.36,False
sh600699,20240927,,,4.27,False
sh600750,20240930,,,-3.2,False
sh605336,20251224,,,3.27,False
sh600103,20240926,,,1.59,False
sh601666,20241129,,,0.0,False
sh000125,20240926,,,3.04,False
sh688176,20251219,,,3.43,False
sh600084,20240927,,,-3.21,False
sh603527,20260112,,,3.22,False
sh688596,20250729,,,-4.29,False
sh601628,20240815,,,7.85,False
sh603045,20251212,,,2.17,False
sh600898,20240808,,,11.19,False
sh603877,20240930,,,-7.06,False
sh601519,20240924,,,22.45,True
sh688593,20250807,,,4.88,False
sh600081,20240923,,,6.19,False
sh688173,20251113,,,2.49,False
sh688720,20260325,,,19.11,False
sh603839,20240814,,,-16.97,False
sh600755,20240927,,,2.75,False
sh600251,20240930,,,-6.01,False
sh603313,20241008,,,-8.5,False
sh601600,20240924,,,18.23,False
sh600398,20240930,,,-19.19,False
sh603068,20250625,,,-3.35,False
sh603815,20250630,,,4.69,False
sh603993,20240926,,,-3.05,False
sh605299,20251015,,,0.11,False
sh600165,20240819,,,25.03,True
sh603269,20240930,,,7.94,False
sh600578,20240813,,,-1.9,False
sh688639,20250925,,,-5.47,False
sh603112,20250924,,,-1.44,False
sh600862,20240927,,,15.06,False
sh000077,20240731,,,-7.53,False
sh603227,20250303,,,4.67,False
sh600536,20240731,,,-7.93,False
sh605099,20251015,,,14.45,False
sh688310,20260209,,,-7.46,False
sh688543,20250930,,,-7.62,False
sh600602,20240926,,,30.83,True
sh600051,20240925,,,9.93,False
sh688047,20250627,,,-4.32,False
sh605133,20251118,,,2.37,False
sh600661,20240805,,,4.69,False
sh600986,20240926,,,6.14,False
sh688520,20260416,,,-1.69,False
sh603458,20250924,,,-1.39,False
sh603722,20250724,,,1.51,False
sh688009,20250714,,,3.99,False
sh688793,20260325,,,-20.61,False
sh600131,20240925,,,1.37,False
sh601333,20240924,,,10.4,False
sh600456,20240828,,,1.75,False
sh603989,20240927,,,-0.29,False
sh603072,20251013,,,-10.03,False
sh600418,20250305,,,-3.9,False
sh603309,20240731,,,-0.19,False
sh000159,20240926,,,6.62,False
sh603325,20251024,,,-6.65,False
sh603823,20240904,,,-16.68,False
sh600228,20240925,,,8.49,False
sh688169,20250714,,,3.7,False
sh600152,20240903,,,-9.29,False
sh603577,20240926,,,3.26,False
sh600266,20240806,,,0.25,False
sh600635,20240905,,,-6.88,False
sh603959,20241022,,,47.0,True
sh600066,20240918,,,9.63,False
sh688789,20250711,,,1.58,False
sh688013,20251225,,,-7.56,False
sh601702,20250813,,,-4.98,False
sh900920,20240927,,,5.95,False
sh600486,20240927,,,2.15,False
sh603272,20251205,,,-1.45,False
sh688517,20251212,,,0.63,False
sh688623,20260324,,,-0.19,False
sh600331,20240926,,,12.74,False
sh600562,20240731,,,-3.71,False
sh900908,20240912,,,18.44,False
sh688075,20250630,,,4.74,False
sh688512,20251021,,,2.28,False
sh688288,20250711,,,0.74,False
sh600653,20240925,,,4.35,False
sh900946,20240903,,,-1.43,False
sh688668,20251120,,,4.81,False
sh603696,20240927,,,-0.55,False
sh600187,20250221,,,-6.4,False
sh603277,20250722,,,0.91,False
sh603120,20251024,,,0.57,False
sh600850,20240924,,,16.75,False
sh605218,20250625,,,-1.64,False
sh605162,20251124,,,2.36,False
sh688322,20250624,,,5.23,False
sh605056,20250922,,,12.57,False
sh600157,20240927,,,4.1,False
sh603014,20260105,,,-0.6,False
sh603826,20240819,,,4.41,False
sh600119,20240924,,,5.72,False
sh688695,20250716,,,0.7,False
sh605286,20250801,,,13.99,False
sh688468,20250624,,,2.62,False
sh600729,20240927,,,-1.81,False
sh603038,20240827,,,-10.94,False
sh601002,20240925,,,7.42,False
sh601798,20240927,,,6.5,False
sh600906,20250624,,,5.3,False
sh600880,20240925,,,12.56,False
sh688275,20250724,,,-0.81,False
sh688426,20250630,,,1.17,False
sh605183,20251225,,,1.16,False
sh688590,20250625,,,-6.29,False
sh600936,20240829,,,-5.04,False
sh688170,20260112,,,7.2,False
sh688244,20250821,,,-14.46,False
sh688113,20251124,,,1.49,False
sh600252,20240806,,,0.0,False
sh605500,20251103,,,0.97,False
sh603859,20241008,,,-0.89,False
sh603676,20251010,,,0.77,False
sh600586,20240930,,,-8.77,False
sh601579,20240801,,,-0.82,False
sh603817,20240926,,,5.96,False
sh600328,20240730,,,6.04,False
sh900914,20250717,,,2.8,False
sh688027,20250715,,,5.16,False
sh601919,20240923,,,19.12,False
sh600366,20240924,,,9.65,False
sh600601,20240826,,,-1.11,False
sh688313,20260310,,,3.35,False
sh600556,20240927,,,4.43,False
sh688617,20250825,,,11.88,False
sh688370,20250624,,,7.16,False
sh600031,20240809,,,3.66,False
sh600518,20240801,,,-4.62,False
sh000824,20240926,,,3.0,False
sh603172,20251218,,,-0.39,False
sh600282,20240930,,,-8.18,False
sh688659,20251128,,,-8.67,False
sh603889,20240930,,,-9.97,False
sh600802,20240924,,,8.41,False
sh600629,20240926,,,3.46,False
sh600667,20240927,,,9.23,False
sh600980,20240925,,,9.73,False
sh688375,20251127,,,9.8,False
sh688526,20251027,,,-3.83,False
sh601279,20260209,,,-7.54,False
sh688041,20250729,,,-2.94,False
sh600300,20240927,,,-0.4,False
sh688316,20250708,,,13.01,False
sh600057,20240930,,,-4.78,False
sh600530,20250918,,,9.74,False
sh688671,20251125,,,28.11,True
sh603927,20250704,,,-2.48,False
sh603220,20250822,,,-3.3,False
sh688358,20250630,,,3.59,False
sh603708,20240927,,,-1.29,False
sh600864,20240731,,,-5.74,False
sh600019,20240930,,,-6.25,False
sh605118,20251201,,,0.49,False
sh600219,20240808,,,3.58,False
sh688158,20250718,,,5.12,False
sh600583,20240930,,,-7.65,False
sh688222,20251124,,,1.31,False
sh603021,20240926,,,6.98,False
sh000145,20240927,,,1.53,False
sh603315,20241008,,,-9.68,False
sh603813,20260304,,,-11.11,False
sh605566,20260407,,,4.48,False
sh688726,20250630,,,7.26,False
sh605001,20251125,,,-1.19,False
sh603610,20260206,,,5.13,False
sh600429,20240926,,,3.52,False
sh600319,20240923,,,18.48,False
sh900925,20240819,,,0.25,False
sh601966,20240930,,,-3.25,False
sh600483,20240807,,,-5.68,False
sh603773,20250630,,,-2.11,False
sh688058,20250716,,,-1.62,False
sh600999,20250114,,,0.52,False
sh603214,20250729,,,-6.84,False
sh601155,20240808,,,-4.8,False
sh601928,20240814,,,2.69,False
sh688016,20250701,,,3.33,False
sh603409,20250901,,,0.93,False
sh688571,20250924,,,1.79,False
sh600630,20240930,,,-3.4,False
sh600063,20240927,,,0.84,False
sh688626,20251219,,,61.3,True
sh601882,20240930,,,-9.95,False
sh603970,20250904,,,-1.16,False
sh600567,20240926,,,-6.02,False
sh603697,20250904,,,-6.98,False
sh600000,20250408,,,5.21,False
sh605086,20250718,,,0.97,False
sh000815,20240927,,,-2.2,False
sh000068,20240927,,,1.68,False
sh603238,20240927,,,3.07,False
sh600529,20240926,,,1.99,False
sh600833,20240829,,,-1.98,False
sh603496,20240930,,,11.07,False
sh688141,20250630,,,-9.12,False
sh688088,20250624,,,0.56,False
sh601336,20240731,,,-7.88,False
sh603193,20250724,,,-7.06,False
sh688216,20260112,,,13.22,False
sh603868,20240930,,,-11.04,False
sh603015,20240927,,,7.79,False
sh600704,20240731,,,-0.72,False
sh605018,20250908,,,-0.25,False
sh600683,20240920,,,5.43,False
sh688258,20251212,,,11.05,False
sh688391,20250630,,,-0.07,False
sh603608,20240923,,,-7.37,False
sh600961,20241008,,,-7.49,False
sh603197,20240927,,,4.06,False
sh601065,20250710,,,3.71,False
sh600686,20241202,,,26.88,True
sh601298,20250704,,,-0.69,False
sh601857,20241008,,,-9.92,False
sh688589,20250721,,,6.35,False
sh603010,20240930,,,-3.51,False
sh688213,20250805,,,-0.24,False
sh688127,20250630,,,-4.24,False
sh600435,20240730,,,-8.21,False
sh600885,20240731,,,0.52,False
sh688270,20251124,,,22.55,True
sh601007,20240806,,,-6.83,False
sh688717,20251125,,,-5.19,False
sh600903,20251010,,,2.28,False
sh688690,20260109,,,4.14,False
sh600382,20240926,,,-5.31,False
sh688559,20250722,,,-3.54,False
sh600182,20240930,,,-2.9,False
sh600618,20240731,,,-10.6,False
sh601900,20240910,,,2.67,False
sh900943,20240806,,,-4.52,False
sh688070,20251020,,,4.52,False
sh603396,20250630,,,6.04,False
sh603777,20240927,,,-2.05,False
sh688327,20250725,,,-2.9,False
sh603916,20251105,,,-3.33,False
sh601099,20240731,,,-4.99,False
sh600501,20250107,,,2.35,False
sh605167,20250922,,,7.58,False
sh600352,20240819,,,6.37,False
sh600855,20240924,,,16.38,False
sh600028,20240912,,,13.03,False
sh603211,20250624,,,-1.0,False
sh688369,20250716,,,3.2,False
sh603125,20251020,,,-0.66,False
sh603968,20240930,,,-5.31,False
sh600604,20240730,,,-11.76,False
sh688022,20250624,,,3.29,False
sh603709,20260325,,,-3.32,False
sh603093,20260302,,,-2.43,False
sh600363,20240930,,,13.09,False
sh603926,20240930,,,-5.05,False
sh688291,20251124,,,2.38,False
sh600783,20240903,,,-1.27,False
sh601952,20240808,,,-5.57,False
sh900911,20240731,,,-1.51,False
sh688568,20250630,,,-0.5,False
sh603138,20240830,,,0.17,False
sh600807,20240816,,,-11.51,False
sh000821,20240925,,,9.92,False
sh600287,20241008,,,2.22,False
sh688188,20250722,,,-0.51,False
sh603611,20240930,,,-8.95,False
sh600753,20240927,,,22.05,True
sh603042,20240920,,,8.96,False
sh600100,20240925,,,16.73,False
sh688388,20260325,,,12.45,False
sh600234,20240925,,,6.51,False
sh600467,20240926,,,1.16,False
sh688595,20250625,,,-6.88,False
sh603338,20240930,,,-19.7,False
sh688768,20250801,,,9.48,False
sh605186,20250627,,,8.04,False
sh603043,20250624,,,0.39,False
sh605318,20250718,,,3.66,False
sh601360,20250717,,,3.99,False
sh688091,20251103,,,-8.04,False
sh601866,20240930,,,-5.43,False
sh603508,20240813,,,-9.93,False
sh600730,20240806,,,-10.68,False
sh600163,20240930,,,-0.4,False
sh688116,20250624,,,-5.08,False
sh600257,20240930,,,-7.68,False
sh688689,20250624,,,3.64,False
sh601199,20250512,,,-2.84,False
sh603990,20240926,,,11.3,False
sh688227,20250818,,,3.56,False
sh603296,20250625,,,12.67,False
sh600166,20240927,,,-1.97,False
sh603677,20240930,,,-1.63,False
sh688269,20251124,,,2.2,False
sh600128,20240919,,,13.71,False
sh603639,20240930,,,-6.66,False
sh601800,20240801,,,0.85,False
sh603009,20240731,,,-6.47,False
sh600718,20240731,,,-7.56,False
sh688459,20250630,,,1.67,False
sh600082,20240913,,,27.03,True
sh603520,20241008,,,-12.88,False
sh600231,20240924,,,5.52,False
sh600105,20240927,,,7.12,False
sh600756,20240920,,,23.27,True
sh900939,20240806,,,0.32,False
sh600305,20240926,,,-1.59,False
sh601107,20240819,,,-7.39,False
sh601233,20250107,,,-3.82,False
sh600662,20240731,,,-7.02,False
sh600985,20240926,,,2.77,False
sh603721,20250901,,,3.41,False
sh000847,20240927,,,5.08,False
sh688069,20251128,,,-4.84,False
sh600861,20240927,,,3.18,False
sh600535,20240805,,,-6.44,False
sh603922,20250728,,,1.04,False
sh601778,20251215,,,1.89,False
sh601956,20251128,,,-3.48,False
sh688489,20251128,,,-4.62,False
sh600052,20240731,,,-5.58,False
sh000158,20240930,,,-5.54,False
sh600419,20240927,,,-1.09,False
sh603073,20251218,,,4.42,False
sh600383,20240903,,,6.9,False
sh603988,20250416,,,-2.69,False
sh603515,20240926,,,2.76,False
sh688716,20250714,,,5.68,False
sh688271,20250722,,,-3.73,False
sh600130,20240903,,,-3.18,False
sh605305,20250624,,,4.26,False
sh688126,20250708,,,3.61,False
sh600267,20240802,,,-0.93,False
sh601818,20240904,,,1.04,False
sh605366,20250904,,,-0.81,False
sh603011,20240930,,,7.81,False
sh688168,20251031,,,25.42,True
sh600229,20240925,,,5.22,False
sh601678,20240926,,,0.28,False
sh603822,20240805,,,11.87,False
sh688395,20260112,,,4.69,False
sh603196,20240904,,,-5.56,False
sh603324,20250630,,,5.83,False
sh603124,20251217,,,4.7,False
sh900921,20240927,,,3.64,False
sh603890,20250710,,,0.66,False
sh605128,20250624,,,11.83,False
sh603738,20240730,,,-4.75,False
sh603210,20251009,,,0.52,False
sh688368,20250730,,,-1.5,False
sh688012,20250722,,,4.1,False
sh603739,20250624,,,1.59,False
sh688788,20251208,,,17.39,False
sh605166,20250806,,,10.45,False
sh600353,20240930,,,13.67,False
sh688575,20250724,,,1.35,False
sh600330,20240927,,,4.43,False
sh603109,20251015,,,-3.6,False
sh688622,20250630,,,4.84,False
sh688516,20250806,,,11.85,False
sh600004,20240927,,,-3.84,False
sh000811,20240927,,,2.12,False
sh603276,20260115,,,1.96,False
sh603711,20250707,,,-1.51,False
sh688669,20251128,,,-11.66,False
sh900947,20240829,,,-1.04,False
sh603239,20240930,,,-9.79,False
sh601598,20250702,,,5.42,False
sh688289,20250715,,,6.66,False
sh000993,20240731,,,-7.36,False
sh600335,20240930,,,-9.6,False
sh900909,20240910,,,11.08,False
sh601137,20240927,,,7.21,False
sh688323,20250624,,,8.0,False
sh603408,20250722,,,1.11,False
sh600062,20240827,,,4.23,False
sh000044,20240926,,,8.11,False
sh600505,20240730,,,-5.87,False
sh688017,20250806,,,6.34,False
sh688190,20250626,,,-0.8,False
sh600482,20240903,,,2.06,False
sh603393,20240902,,,-8.77,False
sh603121,20251209,,,12.62,False
sh600682,20240911,,,11.52,False
sh688259,20250718,,,1.62,False
sh600965,20240930,,,-0.24,False
sh688390,20250801,,,13.43,False
sh603609,20240731,,,-2.7,False
sh688217,20260105,,,13.45,False
sh600156,20240830,,,1.66,False
sh603320,20240809,,,-7.18,False
sh000170,20240926,,,3.99,False
sh601633,20240925,,,10.12,False
sh600135,20240905,,,-5.87,False
sh603077,20240926,,,4.8,False
sh600881,20240923,,,40.17,True
sh601799,20240906,,,6.24,False
sh601003,20240925,,,9.39,False
sh600452,20240927,,,1.11,False
sh603039,20240927,,,10.28,False
sh600728,20240924,,,12.62,False
sh688469,20250711,,,6.86,False
sh603076,20260210,,,0.94,False
sh600104,20240731,,,-9.49,False
sh600979,20240930,,,-2.58,False
sh603615,20240905,,,-11.76,False
sh688722,20251229,,,2.11,False
sh600463,20240730,,,-0.81,False
sh600230,20240807,,,-9.36,False
sh000122,20240930,,,-7.61,False
sh688591,20251106,,,-9.31,False
sh689009,20250711,,,1.28,False
sh601033,20251010,,,1.88,False
sh000911,20240924,,,13.46,False
sh688268,20250625,,,3.86,False
sh603310,20250721,,,-1.56,False
sh603816,20240927,,,-4.14,False
sh605028,20260130,,,1.24,False
sh600587,20240806,,,-4.63,False
sh600735,20251103,,,-17.3,False
sh688475,20250725,,,-3.49,False
sh603991,20241227,,,9.59,False
sh688226,20250714,,,15.96,False
sh603858,20240924,,,7.85,False
sh603025,20240930,,,-1.8,False
sh600734,20240819,,,-6.27,False
sh605066,20251009,,,0.0,False
sh603311,20240801,,,-0.71,False
sh600955,20250624,,,-2.06,False
sh688312,20250725,,,5.75,False
sh601398,20250923,,,0.83,False
sh688488,20251022,,,1.49,False
sh600600,20240927,,,-3.95,False
sh603111,20240801,,,-5.57,False
sh688026,20260122,,,0.71,False
sh900915,20240924,,,13.99,False
sh600329,20240927,,,6.91,False
sh688068,20251015,,,-9.47,False
sh600803,20240807,,,-2.84,False
sh603888,20240926,,,6.2,False
sh688658,20250929,,,-4.35,False
sh600283,20240930,,,-2.03,False
sh603173,20260109,,,7.52,False
sh603208,20240930,,,-11.29,False
sh000825,20240926,,,3.28,False
sh600519,20240926,,,-2.37,False
sh600030,20240731,,,-5.05,False
sh688371,20260227,,,-6.43,False
sh688616,20251020,,,2.91,False
sh600557,20241008,,,-9.73,False
sh601699,20240930,,,-9.86,False
sh600981,20240924,,,5.64,False
sh603177,20240927,,,0.53,False
sh603596,20250917,,,-4.46,False
sh603725,20260119,,,-0.49,False
sh601236,20251110,,,-3.52,False
sh688569,20250707,,,3.32,False
sh601698,20250630,,,-3.57,False
sh600628,20240731,,,-4.67,False
sh600865,20240731,,,-2.71,False
sh600018,20240924,,,4.58,False
sh600782,20240930,,,-1.94,False
sh688670,20260225,,,-5.16,False
sh600531,20240927,,,7.08,False
sh600056,20240812,,,-6.93,False
sh688317,20260126,,,-15.54,False
sh600256,20240927,,,17.44,False
sh601607,20240913,,,19.99,False
sh600405,20240926,,,6.12,False
sh603020,20240927,,,2.65,False
sh600162,20240925,,,15.84,False
sh688223,20250825,,,6.28,False
sh601828,20250702,,,-2.29,False
sh600428,20240731,,,-8.27,False
sh601665,20250718,,,-3.83,False
sh603797,20240930,,,-6.4,False
sh600235,20240926,,,8.61,False
sh600933,20250729,,,7.88,False
sh605567,20250929,,,2.38,False
sh688389,20250724,,,1.16,False
sh688570,20250905,,,-4.05,False
sh603912,20250714,,,0.34,False
sh601929,20240923,,,20.34,True
sh600356,20240924,,,5.41,False
sh600851,20240801,,,-2.65,False
sh603215,20251125,,,2.3,False
sh600998,20240927,,,0.2,False
sh603895,20250624,,,-2.32,False
sh900924,20240731,,,-2.68,False
sh600318,20240924,,,7.73,False
sh601136,20250724,,,-2.01,False
sh600186,20240930,,,13.11,False
sh600528,20240926,,,6.35,False
sh601179,20240830,,,2.65,False
sh000814,20240927,,,4.08,False
sh688513,20251127,,,9.54,False
sh601599,20240925,,,8.31,False
sh600566,20241107,,,-8.37,False
sh605100,20250624,,,-2.33,False
sh605300,20250626,,,1.51,False
sh688089,20251010,,,-8.97,False
sh600201,20241107,,,-2.69,False
sh603511,20251201,,,-4.95,False
sh600386,20240821,,,-3.24,False
sh600118,20240802,,,-13.94,False
sh603321,20251015,,,-0.75,False
sh603869,20240930,,,-2.67,False
sh688123,20250729,,,-1.9,False
sh603192,20251128,,,-0.84,False
sh600262,20240927,,,5.16,False
sh000908,20240930,,,-6.63,False
sh601636,20240930,,,-6.64,False
sh688212,20250924,,,-2.1,False
sh600153,20240926,,,8.9,False
sh688588,20250624,,,6.55,False
sh603538,20240930,,,-5.15,False
sh600960,20240926,,,2.69,False
sh688758,20251016,,,5.69,False
sh688691,20250807,,,21.47,True
sh603308,20240930,,,2.34,False
sh601006,20240808,,,-2.13,False
sh600763,20240731,,,-2.29,False
sh600884,20240930,,,-12.45,False
sh601886,20240927,,,6.36,False
sh688071,20250625,,,-6.0,False
sh600563,20240911,,,9.95,False
sh603421,20240913,,,38.1,True
sh603693,20250905,,,-5.01,False
sh600657,20240923,,,36.39,True
sh600879,20240926,,,8.9,False
sh688345,20251124,,,1.55,False
sh900942,20240731,,,-2.11,False
sh601901,20240926,,,5.31,False
sh600619,20240731,,,-6.43,False
sh603108,20240927,,,11.78,False
sh603273,20250707,,,7.77,False
sh600183,20240813,,,-6.34,False
sh688558,20251127,,,-2.41,False
sh600487,20240813,,,-12.38,False
sh600854,20240801,,,-1.32,False
sh600029,20240926,,,-0.85,False
sh000041,20240828,,,-9.23,False
sh600500,20240924,,,8.72,False
sh601098,20240808,,,7.55,False
sh603917,20250801,,,2.57,False
sh688326,20250716,,,3.41,False
sh601963,20250804,,,-2.75,False
sh603776,20240927,,,2.93,False
sh603958,20240919,,,3.53,False
sh600067,20240731,,,-6.27,False
sh900910,20240918,,,37.69,True
sh603221,20251128,,,2.04,False
sh688359,20251021,,,23.02,True
sh688290,20250630,,,-5.74,False
sh600362,20240930,,,-5.92,False
sh688023,20250626,,,-5.29,False
sh600605,20240924,,,13.15,False
sh603969,20240930,,,9.37,False
sh688613,20251222,,,-2.0,False
sh600301,20240930,,,-5.62,False
sh600552,20240823,,,29.83,True
sh600666,20240812,,,-4.83,False
sh600848,20240926,,,5.72,False
sh600035,20240930,,,-5.52,False
sh603176,20250630,,,28.74,True
sh000820,20240930,,,-7.02,False
sh603139,20240809,,,-18.58,False
sh603339,20240925,,,7.6,False
sh603871,20250701,,,-1.21,False
sh603377,20241024,,,53.25,True
sh600101,20240930,,,5.65,False
sh688117,20251119,,,2.4,False
sh600731,20240924,,,7.58,False
sh688090,20250625,,,-0.89,False
sh600218,20240927,,,0.14,False
sh603995,20250625,,,-3.74,False
sh688159,20260130,,,-16.98,False
sh600582,20240930,,,-7.42,False
sh601606,20251217,,,2.17,False
sh605319,20250804,,,9.36,False
sh603638,20240830,,,-3.63,False
sh600129,20241107,,,-10.24,False
sh688095,20250630,,,-1.38,False
sh600167,20240806,,,1.52,False
sh603297,20250725,,,-3.08,False
sh000001,20221205,,,-3.26,False
sh601198,20240730,,,4.07,False
sh688112,20251023,,,4.02,False
sh000141,20240927,,,9.55,False
sh600400,20240927,,,-3.91,False
sh688416,20250624,,,-5.02,False
sh600757,20250114,,,1.81,False
sh601555,20240920,,,27.16,True
sh605005,20251015,,,0.38,False
sh688171,20251124,,,3.68,False
sh603373,20260226,,,-8.63,False
sh688458,20251021,,,-9.13,False
sh600719,20241028,,,4.7,False
sh603008,20240927,,,3.37,False
sh601801,20240927,,,1.06,False
sh688522,20250825,,,-6.37,False
sh600984,20240927,,,6.04,False
sh603209,20250716,,,0.86,False
sh600663,20240731,,,-7.33,False
sh601106,20240925,,,21.46,True
sh900938,20240926,,,14.18,False
sh688045,20250627,,,-0.35,False
sh605266,20250624,,,-0.29,False
sh600053,20240920,,,7.35,False
sh603439,20250710,,,-1.77,False
sh601918,20250722,,,-6.44,False
sh603097,20250708,,,0.81,False
sh000808,20240927,,,4.25,False
sh000075,20240927,,,5.29,False
sh603225,20250106,,,3.86,False
sh600367,20240930,,,-4.98,False
sh600860,20240927,,,0.58,False
sh605228,20250624,,,9.66,False
sh688295,20250625,,,-0.1,False
sh600787,20240731,,,-2.68,False
sh603477,20250908,,,-4.55,False
sh603096,20240927,,,2.57,False
sh603110,20250822,,,3.12,False
sh601399,20250630,,,2.67,False
sh000846,20240926,,,7.0,False
sz003005,20250725,,,1.92,False
sz002381,20240930,,,-7.61,False
sz000692,20240919,,,4.76,False
sz300347,20240925,,,12.45,False
sz000421,20240925,,,6.75,False
sz399648,20240926,,,7.18,False
sz002132,20240925,,,11.97,False
sz300072,20260413,,,-5.66,False
sz301270,20250916,,,-9.16,False
sz300493,20240807,,,12.94,False
sz002098,20250107,,,4.82,False
sz001368,20251219,,,-5.15,False
sz301127,20250624,,,6.84,False
sz399805,20240924,,,47.9,True
sz002702,20240930,,,-9.16,False
sz002265,20240923,,,11.54,False
sz000776,20240919,,,34.07,True
sz300539,20240821,,,-4.99,False
sz002963,20251215,,,5.4,False
sz300010,20240731,,,-3.82,False
sz001326,20251225,,,27.74,True
sz002478,20240930,,,-7.84,False
sz000738,20240926,,,8.24,False
sz399551,20240927,,,10.64,False
sz300577,20240731,,,-1.29,False
sz001212,20251024,,,-6.08,False
sz300124,20240927,,,7.79,False
sz002678,20240926,,,11.89,False
sz301369,20250624,,,3.13,False
sz300738,20250625,,,3.48,False
sz002485,20240808,,,4.24,False
sz300443,20240927,,,9.28,False
sz000823,20251020,,,4.76,False
sz002351,20240930,,,9.88,False
sz300397,20240930,,,39.7,True
sz300891,20251009,,,-1.88,False
sz002655,20240814,,,-4.45,False
sz002006,20240930,,,-3.76,False
sz302132,20260109,,,-6.33,False
sz301070,20251124,,,14.88,False
sz300715,20250624,,,0.81,False
sz002561,20240730,,,-9.71,False
sz002835,20240930,,,3.99,False
sz002048,20240731,,,-7.45,False
sz002181,20240925,,,8.82,False
sz000988,20240926,,,4.97,False
sz300692,20260402,,,0.35,False
sz000039,20240930,,,-8.17,False
sz300970,20250904,,,0.0,False
sz399403,20240927,,,2.27,False
sz300425,20240924,,,29.48,True
sz399399,20240926,,,6.58,False
sz300142,20240927,,,20.85,True
sz002184,20240926,,,2.13,False
sz301512,20250624,,,1.93,False
sz300710,20250922,,,11.55,False
sz002337,20240926,,,6.19,False
sz301288,20250708,,,6.61,False
sz000510,20240927,,,17.52,False
sz300408,20250811,,,22.78,True
sz301571,20251029,,,-7.87,False
sz002507,20240924,,,6.73,False
sz000869,20240926,,,2.07,False
sz000014,20240926,,,-0.92,False
sz301322,20251020,,,3.05,False
sz002060,20240927,,,1.99,False
sz000573,20240925,,,10.26,False
sz002633,20240801,,,-5.22,False
sz200055,20240930,,,0.61,False
sz300215,20240806,,,-3.51,False
sz300913,20250626,,,10.06,False
sz002549,20240919,,,20.57,True
sz399233,20240927,,,9.44,False
sz300321,20241008,,,-7.35,False
sz301258,20260115,,,-1.71,False
sz000913,20240809,,,-8.61,False
sz300827,20250708,,,2.03,False
sz399660,20240927,,,10.63,False
sz000409,20240927,,,10.84,False
sz399987,20240927,,,-2.68,False
sz002966,20251014,,,-3.47,False
sz300869,20251124,,,-4.47,False
sz300192,20240731,,,-1.73,False
sz002154,20241129,,,13.35,False
sz300608,20240924,,,33.97,True
sz300624,20250708,,,6.35,False
sz000710,20240812,,,-15.52,False
sz002599,20240927,,,17.02,False
sz002905,20251230,,,-3.87,False
sz301141,20251027,,,-5.34,False
sz301468,20260408,,,2.74,False
sz300342,20240806,,,-0.52,False
sz000697,20240801,,,-12.53,False
sz002384,20250604,,,22.47,True
sz300076,20240815,,,-6.13,False
sz002461,20250124,,,0.34,False
sz000415,20240826,,,-13.77,False
sz002106,20240930,,,2.58,False
sz300875,20251114,,,1.91,False
sz301590,20251224,,,3.89,False
sz300373,20240927,,,23.86,True
sz300792,20250801,,,13.17,False
sz002148,20240920,,,2.2,False
sz000096,20240930,,,10.4,False
sz002585,20240930,,,-5.83,False
sz002919,20250624,,,0.54,False
sz300543,20240816,,,4.16,False
sz300816,20250801,,,33.57,True
sz002778,20240927,,,32.83,True
sz300296,20250811,,,6.06,False
sz300024,20240927,,,21.59,True
sz002251,20241028,,,19.25,False
sz300676,20250724,,,1.15,False
sz300858,20251022,,,-1.3,False
sz002736,20240913,,,52.53,True
sz301113,20251218,,,12.49,False
sz300639,20240813,,,-5.58,False
sz300439,20240816,,,-3.54,False
sz002536,20240930,,,3.28,False
sz000676,20240919,,,30.02,True
sz002365,20240731,,,1.68,False
sz002051,20240925,,,13.87,False
sz300097,20240904,,,-16.0,False
sz399905,20240927,,,8.43,False
sz002602,20240927,,,8.71,False
sz001268,20260226,,,-9.07,False
sz002198,20240930,,,-12.23,False
sz300477,20240927,,,10.11,False
sz000638,20240924,,,13.27,False
sz301069,20250625,,,0.76,False
sz300110,20240816,,,-9.3,False
sz001226,20250624,,,3.16,False
sz000875,20240806,,,-2.58,False
sz000008,20240801,,,-11.11,False
sz300941,20250908,,,-1.93,False
sz002987,20251231,,,-2.88,False
sz002348,20240927,,,3.09,False
sz300247,20240926,,,18.56,False
sz002801,20240910,,,-8.93,False
sz002555,20240925,,,13.0,False
sz301370,20250630,,,3.47,False
sz300593,20240730,,,-2.75,False
sz002032,20240912,,,13.23,False
sz000521,20240903,,,9.89,False
sz002664,20240930,,,-6.67,False
sz301041,20251020,,,5.12,False
sz399684,20240927,,,-1.37,False
sz301188,20260109,,,1.28,False
sz300138,20240930,,,-8.26,False
sz300724,20250729,,,16.37,False
sz000610,20240926,,,-3.98,False
sz002303,20240820,,,8.48,False
sz001389,20251125,,,9.6,False
sz300176,20240821,,,-0.21,False
sz300411,20240930,,,26.8,True
sz399437,20240924,,,25.87,True
sz002780,20240927,,,1.31,False
sz000509,20240809,,,-17.75,False
sz002867,20241113,,,1.74,False
sz000813,20240905,,,-3.54,False
sz300927,20251111,,,-16.87,False
sz300221,20240923,,,7.99,False
sz300092,20240930,,,5.79,False
sz002829,20240830,,,-16.06,False
sz002054,20240930,,,-5.9,False
sz002360,20240930,,,-6.0,False
sz301316,20260109,,,-4.72,False
sz300747,20251110,,,-3.81,False
sz002533,20240731,,,-8.44,False
sz399249,20240731,,,-0.79,False
sz000020,20240823,,,-5.43,False
sz300969,20250624,,,-3.3,False
sz003019,20250812,,,22.66,True
sz001359,20250624,,,40.75,True
sz002160,20240924,,,10.06,False
sz002733,20240927,,,3.8,False
sz000969,20240731,,,-3.46,False
sz002407,20240930,,,-6.9,False
sz002952,20250724,,,1.5,False
sz301091,20250807,,,0.96,False
sz399654,20240927,,,12.36,False
sz002449,20240801,,,-1.0,False
sz000927,20240926,,,1.19,False
sz300813,20260320,,,-4.47,False
sz002580,20240904,,,-2.14,False
sz300315,20240926,,,18.12,False
sz000597,20240806,,,-1.62,False
sz002084,20240823,,,-14.29,False
sz300525,20240920,,,22.54,True
sz300870,20250625,,,-1.1,False
sz002279,20240912,,,21.96,True
sz301175,20250625,,,3.33,False
sz301388,20251125,,,-2.47,False
sz002237,20240801,,,-8.58,False
sz300773,20251229,,,20.65,True
sz002354,20240930,,,2.03,False
sz300894,20250723,,,2.11,False
sz001259,20260407,,,1.55,False
sz001896,20240930,,,-6.52,False
sz301016,20250905,,,17.29,False
sz000609,20241024,,,22.17,True
sz002480,20240827,,,10.26,False
sz300446,20240801,,,-10.43,False
sz301191,20250729,,,1.55,False
sz001217,20250905,,,2.24,False
sz300121,20240926,,,25.84,True
sz301058,20250701,,,2.81,False
sz002853,20240927,,,1.15,False
sz300276,20240821,,,-10.37,False
sz300697,20251124,,,16.63,False
sz002379,20240731,,,-6.74,False
sz002830,20240926,,,7.31,False
sz300238,20240830,,,5.89,False
sz002564,20241016,,,20.96,True
sz002650,20240830,,,-16.31,False
sz002003,20241206,,,9.89,False
sz002799,20240912,,,19.58,False
sz002203,20240926,,,0.97,False
sz300496,20240930,,,24.67,True
sz301275,20260106,,,21.7,True
sz002137,20240829,,,-3.72,False
sz301088,20250924,,,-0.93,False
sz399244,20240926,,,13.1,False
sz300511,20240819,,,-19.67,False
sz000970,20240926,,,4.01,False
sz300844,20250930,,,6.58,False
sz002882,20251020,,,4.18,False
sz002179,20240828,,,4.61,False
sz001289,20250701,,,-0.31,False
sz003000,20250722,,,-1.71,False
sz300625,20240930,,,-1.15,False
sz399554,20240926,,,4.63,False
sz002928,20260203,,,5.44,False
sz300572,20240807,,,2.18,False
sz301391,20260227,,,-1.28,False
sz300015,20240926,,,22.2,True
sz001323,20250722,,,2.14,False
sz002749,20241120,,,-4.57,False
sz301216,20251124,,,7.0,False
sz301122,20250624,,,2.79,False
sz002707,20240926,,,9.24,False
sz300197,20240925,,,24.83,True
sz002151,20240930,,,4.84,False
sz003028,20250625,,,-1.45,False
sz301589,20250725,,,0.43,False
sz301213,20250910,,,2.28,False
sz000958,20240815,,,-11.44,False
sz002436,20240930,,,1.32,False
sz399665,20240927,,,5.32,False
sz301169,20251021,,,10.64,False
sz300643,20240815,,,-8.53,False
sz002685,20240821,,,6.78,False
sz300324,20240920,,,27.83,True
sz399302,20251225,,,0.09,False
sz300822,20250815,,,-2.31,False
sz300620,20240930,,,7.87,False
sz300073,20240927,,,16.45,False
sz002887,20251219,,,0.32,False
sz002248,20240808,,,-9.13,False
sz000975,20240731,,,-2.93,False
sz300988,20251124,,,9.11,False
sz300514,20240930,,,-3.71,False
sz002761,20240926,,,7.9,False
sz002206,20240927,,,-1.82,False
sz000715,20240926,,,3.8,False
sz002455,20240731,,,-9.55,False
sz002900,20250912,,,-10.21,False
sz300109,20240930,,,-4.28,False
sz301517,20251124,,,18.86,False
sz002332,20240919,,,14.69,False
sz300147,20240731,,,163.05,True
sz301559,20251103,,,-1.65,False
sz300975,20251125,,,1.11,False
sz399406,20240927,,,2.68,False
sz300420,20240927,,,9.21,False
sz000538,20240808,,,0.48,False
sz002856,20240926,,,22.48,True
sz300210,20240913,,,32.56,True
sz000822,20240930,,,-9.11,False
sz300916,20250630,,,-1.41,False
sz399236,20240926,,,10.24,False
sz002818,20240927,,,3.17,False
sz002065,20240924,,,20.8,True
sz000576,20240927,,,8.31,False
sz001395,20251027,,,-1.23,False
sz002636,20240801,,,-1.09,False
sz002298,20240927,,,4.11,False
sz000011,20240802,,,-6.94,False
sz300958,20250904,,,5.28,False
sz301327,20250625,,,4.81,False
sz300776,20250724,,,12.65,False
sz002649,20240912,,,20.16,True
sz300115,20240814,,,-0.46,False
sz001223,20251212,,,-6.71,False
sz300472,20240806,,,6.74,False
sz301291,20250815,,,3.27,False
sz301358,20250811,,,2.82,False
sz300709,20250624,,,9.56,False
sz000547,20240801,,,-5.7,False
sz301022,20251015,,,0.74,False
sz002607,20240806,,,-23.46,False
sz002037,20240807,,,14.87,False
sz000524,20240925,,,3.31,False
sz002550,20240731,,,3.75,False
sz301526,20251124,,,39.35,True
sz300596,20240927,,,9.2,False
sz002079,20240912,,,17.4,False
sz301568,20250625,,,-2.95,False
sz002982,20250908,,,-4.58,False
sz000797,20240808,,,-5.88,False
sz002284,20240807,,,-5.18,False
sz300242,20240819,,,-8.75,False
sz300611,20240807,,,-3.04,False
sz300042,20240930,,,5.05,False
sz399350,20240927,,,5.28,False
sz300376,20241008,,,-13.96,False
sz301595,20251113,,,-11.56,False
sz300797,20251124,,,0.49,False
sz000410,20240731,,,-7.61,False
sz002103,20240925,,,6.94,False
sz399679,20240927,,,9.98,False
sz300338,20240902,,,5.12,False
sz002931,20250730,,,-2.77,False
sz301116,20250807,,,1.99,False
sz200706,20240806,,,5.14,False
sz300994,20260121,,,-2.83,False
sz300508,20240730,,,-2.63,False
sz301222,20251020,,,4.54,False
sz002254,20240930,,,-0.9,False
sz300673,20250701,,,-7.41,False
sz300292,20240816,,,-4.47,False
sz301158,20260407,,,-5.63,False
sz001317,20251103,,,-4.9,False
sz300021,20240930,,,2.07,False
sz300546,20240815,,,-1.67,False
sz000709,20240927,,,6.03,False
sz000922,20241028,,,6.89,False
sz301269,20250818,,,11.62,False
sz300310,20240816,,,20.54,True
sz399651,20240926,,,6.86,False
sz002402,20240927,,,5.69,False
sz002398,20240827,,,-12.7,False
sz300991,20260129,,,24.94,True
sz002165,20240731,,,-0.29,False
sz002232,20240919,,,30.2,True
sz000721,20240926,,,-1.84,False
sz301170,20251021,,,5.2,False
sz002755,20240731,,,15.31,False
sz300009,20240930,,,-6.58,False
sz300520,20240930,,,9.46,False
sz000888,20240830,,,-4.27,False
sz301459,20250624,,,1.23,False
sz300047,20240823,,,21.89,True
sz003031,20250625,,,10.57,False
sz000592,20240926,,,7.88,False
sz002081,20240926,,,5.64,False
sz300888,20251110,,,-8.29,False
sz300414,20240902,,,-11.93,False
sz002281,20240930,,,10.46,False
sz000792,20240927,,,-0.06,False
sz399432,20240927,,,8.79,False
sz300173,20240927,,,13.95,False
sz300209,20250414,,,4.23,False
sz300721,20250724,,,2.79,False
sz000615,20241014,,,10.04,False
sz002306,20240927,,,5.67,False
sz399966,20240731,,,-4.27,False
sz002661,20240919,,,16.3,False
sz399681,20240927,,,2.5,False
sz301313,20250624,,,2.04,False
sz000858,20240926,,,2.89,False
sz000025,20240925,,,9.26,False
sz301489,20260302,,,-11.32,False
sz301027,20250818,,,-6.67,False
sz000816,20240924,,,12.18,False
sz300922,20250905,,,14.14,False
sz002578,20240927,,,1.8,False
sz300224,20240927,,,7.57,False
sz002785,20240731,,,5.54,False
sz002862,20240731,,,-4.07,False
sz300492,20240930,,,-13.1,False
sz399649,20240927,,,2.71,False
sz002133,20240926,,,-2.07,False
sz002886,20250624,,,2.08,False
sz300840,20250630,,,-6.1,False
sz399360,20240927,,,18.13,False
sz300346,20240815,,,-5.07,False
sz300621,20240809,,,-11.65,False
sz300576,20240813,,,-8.85,False
sz301395,20251028,,,1.58,False
sz399550,20240926,,,5.57,False
sz000739,20240924,,,14.03,False
sz301168,20260130,,,-4.37,False
sz300011,20240731,,,-5.86,False
sz002962,20250625,,,-2.45,False
sz300538,20240927,,,14.54,False
sz000777,20240815,,,-14.03,False
sz002264,20240927,,,-5.09,False
sz399804,20240927,,,7.39,False
sz300196,20240927,,,5.96,False
sz002703,20240927,,,5.17,False
sz301126,20250624,,,5.4,False
sz002150,20240912,,,14.02,False
sz002099,20240902,,,-8.33,False
sz002299,20241008,,,-8.26,False
sz300890,20251128,,,-9.33,False
sz300396,20241008,,,-17.28,False
sz301326,20250624,,,9.06,False
sz300777,20250908,,,-0.56,False
sz002637,20240802,,,0.35,False
sz002484,20240926,,,2.68,False
sz000539,20240930,,,-8.35,False
sz002679,20240926,,,2.03,False
sz001213,20250624,,,2.03,False
sz002049,20240926,,,23.99,True
sz301516,20250624,,,4.7,False
sz301345,20260203,,,-3.62,False
sz000514,20240815,,,-9.5,False
sz002007,20240930,,,-10.05,False
sz301622,20250929,,,1.45,False
sz002651,20240801,,,-5.76,False
sz301289,20250630,,,1.89,False
sz300711,20250630,,,-3.72,False
sz000625,20240930,,,-11.7,False
sz002565,20240815,,,-10.82,False
sz300630,20241112,,,-11.54,False
sz002831,20240930,,,-5.88,False
sz002185,20240927,,,24.07,True
sz300143,20240909,,,-12.16,False
sz300277,20240912,,,35.0,True
sz399398,20240927,,,2.99,False
sz300424,20240927,,,19.2,False
sz399402,20240925,,,13.69,False
sz301190,20251031,,,-4.67,False
sz301059,20250624,,,6.56,False
sz002852,20240930,,,0.14,False
sz002548,20240930,,,-6.45,False
sz399232,20240930,,,-2.47,False
sz000826,20240927,,,14.21,False
sz300214,20240930,,,1.27,False
sz300447,20240930,,,10.38,False
sz001258,20250929,,,3.03,False
sz000572,20240927,,,-1.45,False
sz001391,20250724,,,-2.02,False
sz002061,20240926,,,6.86,False
sz301323,20251219,,,5.81,False
sz000868,20240826,,,0.22,False
sz300393,20240927,,,8.04,False
sz002506,20240927,,,1.43,False
sz300895,20250624,,,2.88,False
sz300609,20240730,,,5.46,False
sz300193,20240731,,,-2.47,False
sz000895,20240926,,,-1.32,False
sz002681,20240829,,,-13.27,False
sz399986,20240815,,,0.32,False
sz300647,20240731,,,20.71,True
sz399661,20240926,,,5.13,False
sz000912,20240919,,,10.7,False
sz300826,20250626,,,10.17,False
sz301259,20250724,,,-5.5,False
sz002929,20250822,,,-5.92,False
sz300320,20240806,,,-8.14,False
sz300077,20240906,,,2.39,False
sz300510,20240911,,,-9.09,False
sz300343,20240911,,,-8.52,False
sz301469,20251224,,,6.69,False
sz002765,20240731,,,-5.58,False
sz300039,20240812,,,-10.38,False
sz000851,20240902,,,-16.08,False
sz002598,20240927,,,2.89,False
sz000711,20241101,,,-4.97,False
sz300497,20240927,,,8.2,False
sz003030,20251015,,,4.4,False
sz000593,20240927,,,8.25,False
sz300615,20240807,,,-8.1,False
sz002080,20240930,,,-5.82,False
sz300793,20250625,,,-5.56,False
sz301591,20250630,,,5.61,False
sz399354,20240926,,,5.84,False
sz301112,20260112,,,-6.01,False
sz002737,20250106,,,-13.12,False
sz301226,20250624,,,0.95,False
sz300990,20260325,,,0.82,False
sz300025,20240927,,,-3.84,False
sz399003,20240809,,,-3.96,False
sz002779,20240807,,,0.18,False
sz000923,20240930,,,-11.74,False
sz300542,20240730,,,0.0,False
sz002918,20250721,,,2.83,False
sz002584,20240924,,,7.49,False
sz300311,20240920,,,27.01,True
sz001227,20251022,,,0.0,False
sz300111,20240808,,,-9.09,False
sz000639,20240927,,,0.0,False
sz002579,20240927,,,7.91,False
sz300476,20240927,,,47.24,True
sz002199,20240820,,,14.91,False
sz001269,20250630,,,9.02,False
sz300096,20240905,,,-9.93,False
sz002603,20240930,,,-6.38,False
sz301026,20251029,,,-2.4,False
sz002364,20240731,,,0.0,False
sz301312,20251126,,,3.84,False
sz300743,20251110,,,-9.35,False
sz000677,20240731,,,-5.58,False
sz300438,20240822,,,5.59,False
sz301616,20251124,,,4.37,False
sz000520,20240926,,,24.21,True
sz002033,20240927,,,-4.46,False
sz300720,20251015,,,9.55,False
sz301371,20250721,,,2.08,False
sz002554,20240926,,,2.08,False
sz002800,20240923,,,15.67,False
sz399707,20240924,,,25.11,True
sz000793,20240912,,,47.33,True
sz000009,20240930,,,-8.77,False
sz300940,20251113,,,2.07,False
sz399436,20240930,,,-7.52,False
sz300410,20240816,,,-13.6,False
sz300243,20240930,,,12.58,False
sz300177,20240826,,,4.05,False
sz000042,20240926,,,12.3,False
sz002302,20240826,,,-1.21,False
sz300725,20250624,,,11.81,False
sz399685,20240927,,,5.24,False
sz301040,20250912,,,-7.89,False
sz000021,20240731,,,-7.89,False
sz300968,20250818,,,1.8,False
sz399248,20240927,,,7.66,False
sz000672,20240826,,,-7.86,False
sz002361,20240731,,,-0.63,False
sz000546,20240904,,,7.16,False
sz002828,20240930,,,-3.53,False
sz002055,20240731,,,-8.1,False
sz002606,20250107,,,7.55,False
sz300220,20240731,,,-2.2,False
sz000812,20240807,,,-14.94,False
sz300926,20250624,,,1.11,False
sz301359,20251024,,,0.53,False
sz002648,20240927,,,3.76,False
sz300314,20240925,,,7.07,False
sz000708,20240930,,,-10.52,False
sz000926,20240926,,,6.52,False
sz399655,20240927,,,4.83,False
sz001316,20251022,,,3.76,False
sz301090,20250924,,,-2.74,False
sz301223,20251218,,,4.48,False
sz300672,20251106,,,21.22,True
sz002406,20240926,,,7.55,False
sz002161,20240731,,,-3.05,False
sz000725,20240927,,,0.24,False
sz002236,20240927,,,2.8,False
sz301413,20250729,,,7.43,False
sz001872,20260226,,,10.02,False
sz301389,20251217,,,2.08,False
sz002278,20240924,,,11.52,False
sz300871,20250905,,,-4.97,False
sz002085,20240927,,,10.94,False
sz000596,20241008,,,-14.46,False
sz300043,20240830,,,-13.19,False
sz003035,20251128,,,-2.9,False
sz399106,20240926,,,11.81,False
sz300120,20240807,,,7.18,False
sz001216,20260330,,,9.21,False
sz002481,20240926,,,6.56,False
sz300912,20251224,,,13.06,False
sz000608,20240924,,,20.47,True
sz301017,20251031,,,35.78,True
sz002632,20240828,,,-5.13,False
sz300409,20240903,,,-2.08,False
sz002355,20240813,,,-6.04,False
sz300772,20260206,,,4.57,False
sz002798,20240926,,,3.32,False
sz200037,20240930,,,4.57,False
sz200550,20250206,,,0.91,False
sz300239,20240927,,,4.21,False
sz300971,20251225,,,7.35,False
sz002378,20240927,,,4.37,False
sz300696,20260409,,,16.1,False
sz003001,20250714,,,14.56,False
sz001288,20250722,,,0.32,False
sz002178,20240926,,,34.67,True
sz399602,20240926,,,8.55,False
sz002883,20250624,,,2.88,False
sz300845,20250924,,,-2.71,False
sz002385,20240927,,,0.0,False
sz301089,20251022,,,-1.04,False
sz002136,20240930,,,-5.94,False
sz000425,20240826,,,-11.41,False
sz002202,20240826,,,2.94,False
sz002451,20240925,,,16.26,False
sz002706,20240927,,,1.05,False
sz301123,20250624,,,23.35,True
sz002155,20240807,,,0.38,False
sz002967,20250709,,,-6.69,False
sz002261,20240903,,,2.35,False
sz301217,20260212,,,15.94,False
sz300868,20250725,,,-4.14,False
sz002432,20240808,,,1.73,False
sz002748,20240930,,,-5.75,False
sz000408,20240926,,,4.75,False
sz001322,20250916,,,-2.96,False
sz300014,20240731,,,-1.73,False
sz301390,20250905,,,-0.36,False
sz300573,20250324,,,-12.69,False
sz399555,20240926,,,4.46,False
sz000917,20240925,,,6.6,False
sz300823,20251020,,,6.5,False
sz399303,20240927,,,12.1,False
sz002479,20240822,,,-1.08,False
sz399983,20240926,,,5.83,False
sz300642,20240816,,,-13.14,False
sz399664,20240927,,,9.71,False
sz002437,20240925,,,8.76,False
sz000959,20240925,,,13.11,False
sz301212,20250908,,,-4.09,False
sz301588,20250703,,,-0.64,False
sz000890,20240926,,,0.33,False
sz003029,20251015,,,9.77,False
sz002901,20251201,,,-1.05,False
sz300308,20240926,,,16.17,False
sz002454,20240927,,,2.1,False
sz002207,20240812,,,-10.58,False
sz000420,20240930,,,-6.14,False
sz002760,20240822,,,-11.13,False
sz399413,20240930,,,1.01,False
sz300515,20240731,,,-5.37,False
sz002380,20240731,,,-5.84,False
sz300989,20250627,,,8.06,False
sz002249,20240919,,,12.52,False
sz003004,20250908,,,1.52,False
sz000989,20240927,,,0.6,False
sz300272,20240802,,,-0.63,False
sz300693,20250716,,,2.31,False
sz300421,20240731,,,-6.44,False
sz399407,20240927,,,16.31,False
sz301558,20250625,,,5.08,False
sz002180,20240924,,,14.2,False
sz300146,20240930,,,-13.61,False
sz002333,20240930,,,-9.28,False
sz000620,20240930,,,-15.05,False
sz002560,20240927,,,4.85,False
sz002654,20240927,,,4.65,False
sz301071,20250811,,,2.62,False
sz002350,20240801,,,-3.55,False
sz000010,20240924,,,10.16,False
sz300959,20250707,,,0.32,False
sz001914,20250908,,,-0.5,False
sz002819,20240830,,,-3.4,False
sz002064,20240819,,,0.28,False
sz301368,20250819,,,-3.04,False
sz300739,20251020,,,13.1,False
sz399237,20240731,,,-3.66,False
sz300917,20250710,,,-7.13,False
sz300211,20240814,,,-6.98,False
sz300442,20240925,,,21.84,True
sz301195,20250908,,,-3.47,False
sz300125,20240807,,,-9.54,False
sz002857,20240930,,,-5.27,False
sz301317,20251027,,,-2.63,False
sz300746,20260120,,,-3.51,False
sz002532,20240926,,,7.14,False
sz000995,20240919,,,19.92,False
sz300093,20240927,,,17.78,False
sz301023,20250624,,,1.21,False
sz300708,20250708,,,1.55,False
sz301290,20251111,,,-1.8,False
sz300473,20240802,,,3.51,False
sz001222,20260120,,,-6.65,False
sz002866,20240912,,,19.76,False
sz002285,20240808,,,-7.61,False
sz000796,20240731,,,-6.34,False
sz002983,20251016,,,-0.63,False
sz300945,20260126,,,-2.92,False
sz000338,20240930,,,-13.31,False
sz002805,20240905,,,-14.6,False
sz002078,20240927,,,-3.47,False
sz001388,20260119,,,-5.18,False
sz002498,20240930,,,-7.83,False
sz300597,20240807,,,1.4,False
sz002551,20240926,,,4.41,False
sz301613,20251010,,,-4.28,False
sz000525,20240808,,,24.3,True
sz002036,20240906,,,-6.19,False
sz300139,20240906,,,2.45,False
sz002930,20250922,,,-2.68,False
sz300339,20240920,,,127.44,True
sz002465,20240930,,,8.33,False
sz002102,20240930,,,-5.19,False
sz000411,20240927,,,1.99,False
sz002698,20240927,,,2.72,False
sz002594,20240314,,,-1.8,False
sz300796,20250905,,,-3.54,False
sz300377,20240731,,,-12.01,False
sz300610,20240930,,,3.04,False
sz002448,20240930,,,-7.72,False
sz300812,20251021,,,9.77,False
sz300547,20240930,,,10.07,False
sz002581,20240930,,,-8.33,False
sz300020,20241022,,,16.74,False
sz301159,20251021,,,5.59,False
sz000968,20240930,,,-5.39,False
sz300293,20240830,,,-6.46,False
sz002255,20240930,,,-2.18,False
sz002953,20250708,,,1.31,False
sz300509,20240830,,,-0.64,False
sz300995,20251020,,,-7.33,False
sz003018,20251021,,,6.32,False
sz001358,20251124,,,0.0,False
sz301117,20250626,,,-2.02,False
sz002732,20240927,,,-1.97,False
sz002164,20240925,,,6.43,False
sz300638,20240930,,,5.38,False
sz002399,20240925,,,12.46,False
sz002956,20251029,,,10.28,False
sz002250,20240927,,,-1.85,False
sz300677,20250701,,,16.24,False
sz002403,20240821,,,-15.97,False
sz300859,20250721,,,-1.13,False
sz399650,20240927,,,6.19,False
sz001313,20251111,,,-1.05,False
sz301095,20260105,,,7.76,False
sz301268,20251113,,,-5.55,False
sz300817,20250624,,,-0.44,False
sz300046,20240920,,,59.45,True
sz002149,20240927,,,8.6,False
sz301458,20250714,,,4.18,False
sz000889,20240731,,,0.0,False
sz300521,20240806,,,-1.15,False
sz200761,20240926,,,0.0,False
sz300008,20240731,,,-4.6,False
sz002107,20240927,,,7.95,False
sz301171,20250718,,,27.46,True
sz300614,20260120,,,0.27,False
sz000720,20240924,,,15.41,False
sz002233,20240925,,,8.09,False
sz002460,20240927,,,-1.22,False
sz002935,20250905,,,2.22,False
sz399967,20240927,,,14.12,False
sz002660,20240911,,,4.19,False
sz301522,20250630,,,-1.15,False
sz002307,20240827,,,-15.32,False
sz300592,20240927,,,4.99,False
sz300172,20240930,,,-0.75,False
sz301658,20251103,,,2.43,False
sz002986,20250717,,,9.83,False
sz399433,20240731,,,-3.09,False
sz002349,20240812,,,-12.53,False
sz300415,20240926,,,7.67,False
sz300246,20240926,,,9.46,False
sz002863,20240927,,,2.95,False
sz301068,20251201,,,-13.18,False
sz301295,20251128,,,-4.42,False
sz300225,20240903,,,9.84,False
sz300923,20251124,,,0.27,False
sz000543,20241206,,,-3.64,False
sz002050,20240927,,,3.68,False
sz000990,20240927,,,2.41,False
sz000859,20240902,,,-15.76,False
sz002537,20240801,,,-4.49,False
sz300326,20240925,,,14.85,False
sz300575,20240927,,,3.82,False
sz399553,20240926,,,4.04,False
sz001324,20251009,,,2.34,False
sz300012,20240812,,,-10.11,False
sz002961,20251128,,,28.58,True
sz002267,20240927,,,7.23,False
sz399807,20240819,,,-10.45,False
sz002700,20241015,,,11.81,False
sz301125,20251210,,,-3.53,False
sz000589,20240930,,,-8.33,False
sz300491,20240930,,,-4.0,False
sz301272,20250624,,,5.18,False
sz002457,20240806,,,5.75,False
sz002902,20251105,,,0.05,False
sz001309,20250702,,,-3.88,False
sz002130,20240930,,,36.55,True
sz002885,20250624,,,4.34,False
sz002419,20240926,,,2.95,False
sz000977,20240927,,,15.09,False
sz300345,20240807,,,-8.9,False
sz002383,20240731,,,-6.83,False
sz000690,20240930,,,-9.36,False
sz300622,20250617,,,-5.13,False
sz300977,20250624,,,6.13,False
sz300690,20250624,,,5.67,False
sz300271,20240926,,,23.94,True
sz002183,20240919,,,22.15,True
sz000559,20240909,,,6.65,False
sz002837,20240731,,,-9.62,False
sz002563,20240927,,,10.11,False
sz002004,20240812,,,0.0,False
sz000517,20240926,,,0.0,False
sz300893,20250624,,,2.12,False
sz399429,20240927,,,6.93,False
sz301011,20250624,,,-0.11,False
sz002634,20241024,,,18.08,False
sz300168,20240924,,,38.38,True
sz300441,20240731,,,-4.9,False
sz301538,20250624,,,-2.06,False
sz300126,20240927,,,9.68,False
sz301196,20260224,,,-0.64,False
sz301193,20250702,,,14.38,False
sz200019,20250220,,,0.62,False
sz301609,20260120,,,-4.82,False
sz002851,20240926,,,24.06,True
sz002318,20240930,,,1.1,False
sz000058,20240828,,,9.44,False
sz000825,20240927,,,3.34,False
sz300911,20260227,,,-2.52,False
sz399231,20240930,,,-5.78,False
sz300217,20240925,,,19.66,False
sz300444,20240927,,,8.65,False
sz002631,20240926,,,10.92,False
sz002062,20240930,,,-3.63,False
sz000571,20240910,,,9.3,False
sz301320,20250905,,,-2.37,False
sz002999,20250904,,,-1.33,False
sz300390,20240927,,,14.32,False
sz000016,20240802,,,-20.92,False
sz300259,20240927,,,16.22,False
sz200530,20240731,,,-2.18,False
sz002652,20241227,,,-12.58,False
sz002001,20240918,,,20.46,True
sz301077,20250627,,,-0.75,False
sz001238,20260305,,,-7.63,False
sz300469,20240821,,,-0.52,False
sz300712,20250624,,,8.04,False
sz000626,20240801,,,-13.51,False
sz002335,20240930,,,-1.43,False
sz301510,20250815,,,0.26,False
sz301039,20250708,,,7.86,False
sz002832,20240930,,,-15.75,False
sz002186,20240926,,,-2.73,False
sz300140,20240930,,,-3.99,False
sz300427,20240809,,,-2.6,False
sz399401,20240927,,,9.02,False
sz002528,20241024,,,14.76,False
sz002728,20240930,,,-6.07,False
sz300074,20240927,,,15.01,False
sz002949,20250819,,,-9.48,False
sz300513,20240927,,,13.95,False
sz300846,20250725,,,-9.36,False
sz300289,20240912,,,23.52,True
sz002135,20240927,,,7.21,False
sz002766,20240813,,,-7.91,False
sz002907,20250924,,,1.88,False
sz000088,20240731,,,-2.95,False
sz002452,20240903,,,0.28,False
sz000712,20240813,,,-7.93,False
sz002156,20240730,,,-6.28,False
sz300190,20240925,,,17.61,False
sz002431,20240927,,,6.25,False
sz002682,20240731,,,-14.58,False
sz300017,20240927,,,14.86,False
sz399662,20240927,,,14.66,False
sz000911,20240924,,,4.55,False
sz300825,20250717,,,-0.69,False
sz300068,20240903,,,-0.72,False
sz301111,20250624,,,5.81,False
sz002734,20240802,,,-10.42,False
sz300295,20240808,,,-2.75,False
sz300674,20250811,,,7.81,False
sz002955,20251020,,,2.97,False
sz300026,20240812,,,-13.97,False
sz300814,20250717,,,6.08,False
sz300541,20240924,,,44.89,True
sz002587,20240816,,,-6.25,False
sz300616,20240926,,,-2.8,False
sz002083,20240826,,,-3.06,False
sz300790,20250731,,,15.28,False
sz300371,20240816,,,1.06,False
sz301592,20260304,,,-10.74,False
sz300877,20251205,,,3.52,False
sz301208,20250911,,,-4.1,False
sz000417,20240924,,,13.03,False
sz002104,20240905,,,-5.07,False
sz301172,20250624,,,3.86,False
sz399319,20240927,,,0.84,False
sz002030,20240930,,,-8.41,False
sz000523,20240926,,,-3.77,False
sz300591,20240926,,,56.51,True
sz301372,20260113,,,5.7,False
sz002557,20240926,,,-3.44,False
sz000584,20240826,,,12.37,False
sz000839,20240815,,,-4.7,False
sz002803,20240927,,,-1.93,False
sz300245,20240731,,,-7.82,False
sz000790,20240927,,,1.34,False
sz000877,20240930,,,-0.88,False
sz300112,20240923,,,15.9,False
sz002329,20240930,,,-8.33,False
sz300475,20240930,,,3.16,False
sz301296,20250625,,,-1.17,False
sz002600,20250114,,,9.54,False
sz301025,20251126,,,-2.29,False
sz300740,20251126,,,2.42,False
sz002367,20240927,,,-2.19,False
sz000993,20240930,,,-6.26,False
sz301314,20251124,,,9.56,False
sz002056,20240927,,,4.03,False
sz000545,20240903,,,-12.92,False
sz300223,20240930,,,13.41,False
sz300925,20250806,,,4.36,False
sz301509,20250930,,,-1.28,False
sz002782,20240926,,,7.2,False
sz300389,20240930,,,0.87,False
sz399435,20240930,,,-6.69,False
sz300768,20250804,,,1.16,False
sz002980,20251125,,,-4.19,False
sz300413,20240926,,,8.25,False
sz300174,20240930,,,-6.95,False
sz300726,20250912,,,1.97,False
sz000612,20240930,,,1.59,False
sz002301,20240926,,,5.97,False
sz399686,20240924,,,31.29,True
sz301043,20260313,,,-1.32,False
sz002848,20240925,,,6.33,False
sz002666,20240927,,,3.9,False
sz002235,20240924,,,11.76,False
sz000726,20240927,,,1.39,False
sz002466,20240930,,,-3.64,False
sz300569,20240927,,,9.96,False
sz002933,20250624,,,3.94,False
sz002752,20240930,,,-6.95,False
sz301177,20250804,,,4.01,False
sz000768,20240828,,,-2.11,False
sz002428,20240924,,,18.54,False
sz300527,20240806,,,-4.02,False
sz001376,20250826,,,-3.18,False
sz002086,20240930,,,-13.27,False
sz300040,20240807,,,-15.58,False
sz003036,20251128,,,-6.06,False
sz301139,20260112,,,-0.63,False
sz300317,20240930,,,-1.9,False
sz002218,20240927,,,0.0,False
sz000925,20240930,,,-1.75,False
sz000158,20240826,,,-1.39,False
sz300811,20250710,,,25.83,True
sz399656,20240927,,,6.22,False
sz300359,20240730,,,-2.01,False
sz002950,20250703,,,2.84,False
sz301220,20260306,,,-1.83,False
sz002405,20240730,,,1.57,False
sz002162,20240926,,,2.24,False
sz002566,20240926,,,4.26,False
sz200553,20240926,,,5.61,False
sz300972,20251127,,,3.25,False
sz000668,20240911,,,5.94,False
sz300695,20251119,,,-1.48,False
sz300274,20240731,,,-0.66,False
sz300379,20240902,,,-4.88,False
sz300123,20240802,,,-8.72,False
sz001215,20250702,,,-1.19,False
sz002482,20240927,,,-6.94,False
sz300896,20250630,,,0.6,False
sz300771,20251015,,,13.21,False
sz002356,20240930,,,-2.37,False
sz399802,20240927,,,10.16,False
sz002705,20240927,,,-1.42,False
sz300059,20240924,,,68.91,True
sz002262,20240924,,,10.24,False
sz300323,20240815,,,-15.52,False
sz301393,20251029,,,1.46,False
sz300570,20240930,,,27.92,True
sz399556,20240926,,,5.03,False
sz300627,20240903,,,0.22,False
sz003002,20250808,,,1.15,False
sz301239,20250725,,,-2.79,False
sz300668,20250715,,,1.9,False
sz000972,20240926,,,0.38,False
sz300340,20240904,,,-15.4,False
sz002386,20240926,,,2.91,False
sz000695,20241226,,,-8.96,False
sz000426,20240731,,,-10.82,False
sz002201,20240930,,,-6.79,False
sz301277,20250908,,,-5.87,False
sz300494,20240930,,,0.6,False
sz300808,20250905,,,-1.72,False
sz300558,20240905,,,-7.81,False
sz301421,20260226,,,-6.02,False
sz002204,20240927,,,6.18,False
sz000717,20240923,,,29.74,True
sz000423,20240927,,,-1.87,False
sz002763,20240930,,,-6.3,False
sz300344,20251103,,,-4.26,False
sz300516,20240830,,,-2.79,False
sz300843,20250627,,,-0.89,False
sz000759,20240808,,,-18.55,False
sz301108,20260205,,,-2.54,False
sz003007,20250625,,,-2.38,False
sz300071,20240830,,,-1.96,False
sz300820,20250701,,,0.33,False
sz002229,20241008,,,-3.05,False
sz301396,20250814,,,38.2,True
sz002687,20240930,,,-8.24,False
sz300641,20240930,,,11.73,False
sz399667,20240926,,,22.66,True
sz002434,20240926,,,-1.53,False
sz301211,20250624,,,1.8,False
sz300368,20240930,,,8.91,False
sz002153,20240926,,,12.64,False
sz300195,20240926,,,12.3,False
sz301325,20250708,,,5.68,False
sz002353,20240930,,,-4.92,False
sz300395,20240828,,,1.94,False
sz002500,20240731,,,-1.86,False
sz000789,20240926,,,9.36,False
sz002067,20240806,,,1.42,False
sz300588,20240823,,,-6.64,False
sz000820,20240813,,,-12.81,False
sz399234,20240930,,,-4.43,False
sz300212,20240927,,,52.02,True
sz002029,20240925,,,10.75,False
sz300422,20240816,,,-11.46,False
sz301308,20250630,,,-7.01,False
sz399404,20240807,,,1.53,False
sz300759,20250708,,,4.67,False
sz300145,20240930,,,-0.68,False
sz300717,20251128,,,-8.7,False
sz000623,20240924,,,20.02,True
sz002330,20240926,,,1.53,False
sz000070,20241022,,,16.43,False
sz300939,20250624,,,1.3,False
sz301515,20251125,,,-1.38,False
sz002657,20240924,,,24.05,True
sz002879,20240801,,,-1.37,False
sz301072,20251020,,,3.4,False
sz300240,20240826,,,-0.71,False
sz000795,20240731,,,-4.69,False
sz002286,20240924,,,13.05,False
sz301339,20260114,,,-5.8,False
sz300946,20251204,,,-15.63,False
sz002628,20240826,,,-7.42,False
sz000568,20240930,,,-10.78,False
sz002806,20240926,,,17.67,False
sz002552,20240930,,,-4.81,False
sz300908,20250624,,,-0.8,False
sz002035,20240731,,,-4.93,False
sz000526,20240806,,,-6.2,False
sz300745,20260316,,,4.43,False
sz002362,20240927,,,10.71,False
sz399418,20240926,,,23.52,True
sz002531,20241008,,,-4.29,False
sz002864,20260105,,,18.67,False
sz300159,20240823,,,0.91,False
sz002605,20240911,,,9.91,False
sz301020,20251020,,,5.48,False
sz000811,20240930,,,-10.84,False
sz301293,20251225,,,71.39,True
sz300470,20240926,,,10.48,False
sz001221,20260324,,,-0.47,False
sz002865,20240930,,,-0.35,False
sz002582,20240926,,,-0.88,False
sz300290,20240814,,,-12.94,False
sz002256,20240904,,,-8.79,False
sz300671,20250630,,,-4.09,False
sz002899,20250625,,,6.68,False
sz300996,20250709,,,20.06,True
sz300114,20240926,,,64.87,True
sz002731,20240930,,,-7.31,False
sz000908,20250205,,,-2.54,False
sz002101,20240926,,,2.11,False
sz001338,20250905,,,-1.79,False
sz300795,20250709,,,3.06,False
sz300374,20240927,,,19.69,False
sz399352,20240731,,,-4.88,False
sz300872,20251020,,,-1.74,False
sz399635,20240927,,,17.53,False
sz300189,20240924,,,28.18,True
sz300613,20240926,,,29.13,True
sz000595,20240822,,,16.87,False
sz001373,20250625,,,3.94,False
sz000590,20240926,,,6.39,False
sz300045,20240927,,,53.67,True
sz002719,20240927,,,2.31,False
sz002978,20250721,,,-3.7,False
sz300522,20240927,,,20.24,True
sz300658,20240924,,,16.96,False
sz002757,20240926,,,5.57,False
sz301246,20250905,,,-3.41,False
sz002230,20240927,,,13.47,False
sz000723,20240930,,,-12.33,False
sz002463,20240809,,,3.17,False
sz300839,20260209,,,30.11,True
sz002936,20251021,,,-0.49,False
sz002167,20240930,,,-0.63,False
sz301225,20251121,,,23.56,True
sz002253,20240927,,,33.95,True
sz399653,20240926,,,7.27,False
sz002129,20240927,,,-2.34,False
sz301096,20251226,,,7.12,False
sz300488,20240930,,,0.72,False
sz000920,20240924,,,9.6,False
sz002860,20240930,,,-3.1,False
sz002787,20240927,,,25.17,True
sz200028,20240930,,,1.96,False
sz300226,20240927,,,46.21,True
sz000069,20240926,,,11.2,False
sz300920,20251230,,,-8.42,False
sz002053,20240930,,,-6.96,False
sz300095,20240927,,,14.39,False
sz300689,20260127,,,-5.82,False
sz300268,20240930,,,-5.37,False
sz002534,20240731,,,-3.64,False
sz000027,20240930,,,-5.41,False
sz301311,20250905,,,-1.01,False
sz001209,20250624,,,2.7,False
sz399683,20240925,,,10.84,False
sz002282,20250702,,,2.24,False
sz301046,20250624,,,6.8,False
sz002663,20240924,,,10.56,False
sz300723,20250929,,,-7.06,False
sz000617,20240819,,,-9.18,False
sz002304,20240926,,,-3.56,False
sz002802,20250624,,,3.42,False
sz300458,20240830,,,-7.9,False
sz300171,20240930,,,-6.24,False
sz301008,20250624,,,2.19,False
sz002519,20240930,,,15.91,False
sz300943,20251124,,,12.6,False
sz000659,20240813,,,7.95,False
sz002985,20250930,,,0.51,False
sz300416,20240930,,,3.95,False
sz002283,20240927,,,1.63,False
sz399806,20240927,,,9.45,False
sz002701,20240731,,,3.12,False
sz002266,20240926,,,4.76,False
sz002960,20250624,,,2.26,False
sz000892,20240802,,,-7.93,False
sz002686,20240918,,,14.03,False
sz300013,20240812,,,-18.55,False
sz399552,20240926,,,2.73,False
sz002228,20240918,,,12.09,False
sz301397,20251225,,,-3.19,False
sz003006,20250725,,,-8.42,False
sz300623,20240924,,,100.86,True
sz000691,20240807,,,-2.93,False
sz300842,20250624,,,6.11,False
sz002418,20240925,,,4.72,False
sz002884,20250714,,,0.93,False
sz000422,20240924,,,9.74,False
sz300559,20240930,,,-2.14,False
sz002903,20250624,,,2.76,False
sz002456,20240906,,,-5.2,False
sz000938,20240927,,,11.54,False
sz301273,20251124,,,2.82,False
sz000516,20240930,,,-4.58,False
sz002005,20240730,,,0.88,False
sz002878,20240930,,,-5.43,False
sz200030,20250314,,,0.0,False
sz002562,20240911,,,7.62,False
sz002836,20240812,,,-5.34,False
sz000558,20240805,,,-6.17,False
sz300270,20240927,,,15.27,False
sz300691,20250728,,,2.88,False
sz300976,20251126,,,2.26,False
sz300127,20240930,,,5.91,False
sz002028,20240807,,,-2.45,False
sz301539,20250703,,,3.79,False
sz002486,20240923,,,17.05,False
sz300169,20240731,,,-9.6,False
sz002635,20240731,,,-7.19,False
sz002066,20240918,,,8.46,False
sz301010,20250703,,,2.31,False
sz399428,20240927,,,11.29,False
sz002352,20240830,,,-0.68,False
sz301577,20251014,,,8.78,False
sz300892,20250624,,,3.23,False
sz300258,20240930,,,-4.31,False
sz000017,20240930,,,-7.69,False
sz002998,20260120,,,3.69,False
sz301321,20251201,,,5.52,False
sz000570,20240926,,,1.28,False
sz002063,20240731,,,-4.32,False
sz200056,20240930,,,2.0,False
sz000059,20240927,,,-3.87,False
sz300910,20250806,,,4.83,False
sz301608,20250811,,,7.47,False
sz301192,20251211,,,-1.15,False
sz000669,20240927,,,-0.7,False
sz399400,20240926,,,7.44,False
sz300426,20240808,,,-14.77,False
sz300141,20240822,,,-2.81,False
sz001696,20250314,,,-6.53,False
sz001277,20251112,,,-14.68,False
sz002187,20240926,,,-2.04,False
sz301038,20251126,,,-7.63,False
sz002833,20240930,,,-9.09,False
sz002334,20240930,,,-3.57,False
sz300713,20251020,,,2.03,False
sz300468,20240731,,,-9.45,False
sz001239,20250630,,,4.15,False
sz301076,20250624,,,3.51,False
sz002653,20240806,,,3.9,False
sz000713,20240925,,,5.84,False
sz002200,20240930,,,-2.52,False
sz000089,20240801,,,-1.99,False
sz002906,20250624,,,-4.9,False
sz002880,20240930,,,-7.06,False
sz002767,20240827,,,-4.09,False
sz300669,20260121,,,4.14,False
sz300288,20240924,,,22.17,True
sz000973,20240816,,,-1.83,False
sz300512,20240816,,,14.64,False
sz002948,20250923,,,1.24,False
sz300626,20240826,,,0.27,False
sz300075,20240930,,,12.61,False
sz300322,20240814,,,-14.94,False
sz000910,20240925,,,11.46,False
sz300824,20251027,,,0.08,False
sz002119,20240806,,,-1.35,False
sz399663,20240927,,,2.62,False
sz300645,20240920,,,15.62,False
sz002683,20240919,,,19.22,False
sz300016,20240806,,,-3.17,False
sz301215,20251205,,,5.74,False
sz002430,20240930,,,0.09,False
sz301446,20251212,,,11.53,False
sz002157,20240802,,,-3.52,False
sz300058,20240926,,,18.8,False
sz300540,20240930,,,7.63,False
sz300489,20240806,,,1.81,False
sz301439,20250624,,,9.81,False
sz002128,20240930,,,-5.54,False
sz001311,20250630,,,1.11,False
sz300027,20240814,,,0.0,False
sz002400,20250710,,,-3.35,False
sz000688,20240930,,,-0.74,False
sz300675,20250624,,,4.84,False
sz002252,20240927,,,-1.95,False
sz300294,20240731,,,5.6,False
sz002735,20240930,,,-3.17,False
sz301110,20250624,,,-1.99,False
sz300069,20240801,,,-2.43,False
sz002462,20240926,,,5.12,False
sz300838,20250708,,,2.77,False
sz002937,20250806,,,9.95,False
sz300659,20240923,,,18.64,False
sz399998,20240930,,,-7.3,False
sz002756,20240927,,,-4.19,False
sz002105,20240927,,,8.49,False
sz301209,20251027,,,-1.02,False
sz300876,20250702,,,0.66,False
sz399356,20240924,,,17.57,False
sz300370,20240815,,,-10.2,False
sz300791,20251015,,,0.84,False
sz000591,20240927,,,0.44,False
sz002082,20240812,,,-8.06,False
sz300044,20240801,,,-10.82,False
sz003032,20250821,,,-6.37,False
sz002718,20240930,,,-2.85,False
sz002518,20240930,,,-9.11,False
sz000876,20240731,,,1.27,False
sz300942,20250930,,,2.09,False
sz002984,20250826,,,-2.76,False
sz300244,20240930,,,-5.22,False
sz000045,20240829,,,-8.33,False
sz000838,20240926,,,11.42,False
sz002556,20240808,,,-12.41,False
sz300590,20240813,,,-7.13,False
sz001208,20250624,,,10.07,False
sz002031,20240920,,,4.09,False
sz002366,20240930,,,11.4,False
sz300741,20251212,,,1.01,False
sz301024,20250926,,,-4.59,False
sz002601,20240926,,,-0.74,False
sz000488,20240805,,,0.84,False
sz301297,20250630,,,-2.42,False
sz300474,20240927,,,45.27,True
sz300227,20240925,,,34.59,True
sz000815,20240919,,,19.46,False
sz001225,20250624,,,3.79,False
sz002783,20240927,,,6.76,False
sz002019,20240806,,,-10.51,False
sz000810,20240816,,,14.99,False
sz300222,20240807,,,-3.8,False
sz301292,20250924,,,41.61,True
sz300091,20240913,,,71.34,True
sz000544,20240731,,,-3.02,False
sz301021,20250725,,,4.51,False
sz002057,20240930,,,-4.91,False
sz301315,20250627,,,-5.33,False
sz002530,20240927,,,6.5,False
sz200505,20240731,,,-0.49,False
sz301611,20250724,,,-1.71,False
sz002849,20240927,,,9.43,False
sz399687,20240926,,,18.6,False
sz300727,20250702,,,1.52,False
sz301525,20250714,,,5.61,False
sz002629,20240926,,,9.14,False
sz300175,20241008,,,-8.47,False
sz300241,20240731,,,0.25,False
sz300412,20240816,,,-8.55,False
sz300769,20250624,,,-2.48,False
sz301338,20251124,,,17.53,False
sz399434,20240926,,,13.62,False
sz300388,20240814,,,-3.7,False
sz301138,20251022,,,2.61,False
sz300041,20240927,,,10.86,False
sz002429,20240731,,,-6.68,False
sz002100,20240930,,,-9.64,False
sz301176,20251015,,,9.23,False
sz002753,20240927,,,2.04,False
sz002932,20250908,,,-3.9,False
sz300568,20240927,,,9.88,False
sz002467,20240924,,,11.34,False
sz000727,20240927,,,4.61,False
sz002234,20240930,,,-8.19,False
sz002163,20240926,,,4.39,False
sz301115,20260108,,,14.26,False
sz002730,20240927,,,6.3,False
sz002404,20240730,,,0.99,False
sz301221,20251029,,,-5.52,False
sz002898,20251022,,,4.84,False
sz300358,20240930,,,-7.07,False
sz300022,20240924,,,14.21,False
sz301092,20251010,,,-0.38,False
sz399657,20240927,,,7.13,False
sz000159,20240730,,,8.98,False
sz300810,20260209,,,-6.97,False
sz300316,20240930,,,13.41,False
sz300275,20250114,,,4.11,False
sz300694,20250624,,,-4.29,False
sz002529,20240912,,,11.72,False
sz300973,20250730,,,-6.25,False
sz300088,20240826,,,-1.24,False
sz000809,20240826,,,-3.76,False
sz301511,20251124,,,11.96,False
sz002567,20240930,,,-11.44,False
sz000513,20240808,,,-4.25,False
sz002357,20240930,,,-1.35,False
sz300770,20251205,,,-0.05,False
sz300391,20240806,,,-16.32,False
sz300897,20251203,,,-11.21,False
sz002630,20240815,,,0.41,False
sz301015,20250703,,,0.88,False
sz002319,20240930,,,-3.38,False
sz002483,20240926,,,1.4,False
sz300445,20240930,,,-0.59,False
sz300122,20240930,,,-1.96,False
sz002850,20240927,,,8.72,False
sz301408,20251027,,,11.36,False
sz399557,20240926,,,13.65,False
sz300571,20240927,,,14.3,False
sz301392,20260121,,,-22.78,False
sz300644,20251224,,,9.15,False
sz002263,20240927,,,2.35,False
sz002965,20250624,,,-8.45,False
sz000897,20240925,,,16.95,False
sz301121,20250724,,,7.57,False
sz300191,20240806,,,-4.26,False
sz399803,20240927,,,11.87,False
sz002453,20240924,,,3.47,False
sz300809,20250626,,,-8.29,False
sz301276,20251104,,,7.28,False
sz002134,20240806,,,-0.99,False
sz002387,20240902,,,-13.58,False
sz300341,20240909,,,11.07,False
sz300847,20250905,,,-2.73,False
sz002881,20250625,,,-0.82,False
sz301238,20250804,,,3.71,False
sz002729,20240924,,,15.85,False
sz003003,20250929,,,3.2,False
sz300070,20240930,,,2.26,False
sz301109,20250804,,,0.42,False
sz000758,20240930,,,-5.84,False
sz300517,20240815,,,-0.35,False
sz002382,20240927,,,3.68,False
sz001308,20250703,,,1.7,False
sz399018,20240927,,,21.19,True
sz002762,20240924,,,28.29,True
sz002131,20240927,,,-1.19,False
sz000716,20240927,,,-1.47,False
sz002205,20240918,,,17.31,False
sz300490,20240930,,,-2.94,False
sz300194,20240925,,,16.97,False
sz002152,20240927,,,11.78,False
sz300369,20240919,,,43.93,True
sz300788,20250630,,,0.63,False
sz301210,20250708,,,-0.12,False
sz399666,20240927,,,20.64,True
sz300640,20240925,,,15.14,False
sz300327,20240730,,,-2.11,False
sz000915,20240927,,,4.4,False
sz300821,20250630,,,31.68,True
sz002855,20240930,,,11.52,False
sz301197,20251020,,,5.37,False
sz001211,20250624,,,4.21,False
sz300440,20240924,,,20.18,True
sz300213,20240801,,,-8.86,False
sz399235,20240926,,,11.89,False
sz000821,20240930,,,-5.34,False
sz300915,20250624,,,20.86,True
sz300589,20240930,,,7.27,False
sz000788,20240731,,,3.78,False
sz000012,20240926,,,0.58,False
sz300394,20240731,,,-16.96,False
sz002501,20240925,,,7.14,False
sz300775,20251027,,,22.74,True
sz301073,20250805,,,5.92,False
sz002656,20240806,,,7.41,False
sz300938,20250709,,,2.29,False
sz002331,20240806,,,-6.75,False
sz300716,20250818,,,26.86,True
sz300144,20240927,,,7.93,False
sz002182,20240930,,,-6.83,False
sz300758,20250707,,,1.69,False
sz301309,20260119,,,0.2,False
sz399405,20240926,,,12.82,False
sz300423,20240925,,,13.82,False
sz002034,20240812,,,-3.74,False
sz002667,20240903,,,5.07,False
sz002553,20240927,,,1.7,False
sz002300,20240930,,,-8.44,False
sz300595,20240927,,,11.01,False
sz301376,20250812,,,5.94,False
sz300594,20250908,,,0.0,False
sz002807,20240819,,,-2.59,False
sz300947,20250901,,,0.7,False
sz002981,20251201,,,-11.94,False
sz002287,20240926,,,14.98,False
sz300471,20240830,,,-9.46,False
sz301508,20250624,,,2.59,False
sz300158,20240808,,,-13.91,False
sz399383,20240927,,,5.69,False
sz000997,20240926,,,17.94,False
sz002363,20240926,,,4.01,False
sz399419,20240801,,,-4.43,False
sz000670,20240802,,,-10.61,False
sz300997,20251014,,,0.65,False
sz002951,20251225,,,-10.94,False
sz300670,20251124,,,5.02,False
sz300291,20240927,,,10.07,False
sz001314,20250625,,,-5.87,False
sz002583,20240920,,,92.61,True
sz000090,20240926,,,3.18,False
sz300545,20240829,,,-5.05,False
sz002219,20240927,,,23.44,True
sz300612,20240925,,,13.65,False
sz003037,20251020,,,3.37,False
sz300188,20240923,,,26.18,True
sz300873,20250624,,,3.01,False
sz300375,20240731,,,-7.79,False
sz301596,20250804,,,1.83,False
sz001339,20250625,,,3.7,False
sz000909,20240801,,,-1.28,False
sz000722,20240927,,,1.17,False
sz002231,20240823,,,-3.55,False
sz301173,20251024,,,7.67,False
sz300523,20240930,,,28.56,True
sz002979,20250624,,,-7.08,False
sz300617,20240930,,,-0.47,False
sz000921,20240927,,,-8.87,False
sz300815,20260113,,,2.05,False
sz002586,20240924,,,-5.17,False
sz300313,20240930,,,-7.79,False
sz301097,20260408,,,7.36,False
sz399652,20240927,,,24.77,True
sz002401,20240926,,,11.63,False
sz300992,20251015,,,-2.98,False
sz002166,20240806,,,-6.2,False
sz001296,20260316,,,-7.57,False
sz301310,20260112,,,-5.12,False
sz000026,20240926,,,1.44,False
sz002535,20240926,,,7.67,False
sz300269,20240815,,,-27.5,False
sz300688,20250624,,,11.37,False
sz300094,20240926,,,9.06,False
sz000541,20240926,,,3.33,False
sz002052,20240809,,,14.81,False
sz002328,20240930,,,1.02,False
sz000068,20240910,,,2.83,False
sz300921,20251013,,,4.83,False
sz300280,20241008,,,-11.39,False
sz002786,20240919,,,33.33,True
sz200029,20240829,,,-1.39,False
sz300113,20240820,,,-4.07,False
sz002861,20240809,,,8.13,False
sz000791,20240927,,,5.73,False
sz300417,20240731,,,-1.38,False
sz399431,20240815,,,0.4,False
sz301009,20251015,,,-3.38,False
sz300170,20240829,,,1.41,False
sz300459,20240926,,,32.27,True
sz002305,20240809,,,-13.1,False
sz301373,20251010,,,1.31,False
sz300722,20250908,,,-3.22,False
sz301520,20251114,,,-4.57,False
sz399965,20240925,,,25.28,True
sz002662,20240930,,,-5.38,False
sz301047,20260109,,,7.88,False
sz399682,20240926,,,10.74,False
sz002969,20250904,,,2.61,False
sz300781,20250715,,,20.26,True
sz300360,20240927,,,11.21,False
sz300866,20251015,,,2.65,False
sz000952,20240808,,,-14.11,False
sz301219,20251125,,,5.09,False
sz300054,20240801,,,-8.73,False
sz003022,20251205,,,-3.55,False
sz300607,20240930,,,1.68,False
sz002092,20240930,,,-3.5,False
sz002472,20240731,,,-12.57,False
sz301257,20260327,,,2.44,False
sz002115,20240927,,,6.64,False
sz300649,20240930,,,2.18,False
sz300284,20240930,,,89.08,True
sz002242,20240930,,,-9.19,False
sz300982,20251031,,,6.01,False
sz300079,20240816,,,-4.92,False
sz301100,20260203,,,18.03,False
sz001286,20260107,,,3.36,False
sz002725,20240927,,,16.3,False
sz301429,20251124,,,2.58,False
sz300499,20240731,,,-4.83,False
sz300550,20240802,,,7.55,False
sz002596,20240906,,,6.43,False
sz300303,20240815,,,2.1,False
sz003041,20250701,,,0.07,False
sz001301,20250721,,,-1.1,False
sz301087,20250701,,,7.99,False
sz002338,20240927,,,24.26,True
sz300931,20260324,,,8.62,False
sz301287,20251015,,,3.17,False
sz002796,20240807,,,1.12,False
sz300103,20240801,,,2.28,False
sz000665,20240923,,,3.28,False
sz002376,20240910,,,5.01,False
sz002797,20250709,,,1.79,False
sz300279,20240816,,,2.4,False
sz399396,20240927,,,-1.98,False
sz000498,20240925,,,16.39,False
sz002611,20240731,,,-15.08,False
sz300580,20240927,,,8.81,False
sz301363,20250724,,,-2.41,False
sz000828,20240925,,,8.64,False
sz000055,20240926,,,4.49,False
sz002021,20240927,,,0.0,False
sz000532,20240731,,,-4.03,False
sz200869,20240927,,,2.77,False
sz002292,20240927,,,4.23,False
sz300952,20250624,,,-0.51,False
sz002508,20240927,,,7.73,False
sz300165,20240926,,,25.44,True
sz001400,20251209,,,-1.12,False
sz002639,20240927,,,3.93,False
sz300779,20251015,,,-11.3,False
sz300402,20240930,,,1.12,False
sz399697,20240927,,,22.49,True
sz000537,20240930,,,-11.31,False
sz002859,20240930,,,-3.36,False
sz399970,20240927,,,17.43,False
sz002677,20241008,,,-8.86,False
sz301535,20251219,,,9.62,False
sz300737,20251105,,,1.39,False
sz002310,20240903,,,-5.76,False
sz301031,20250625,,,-0.94,False
sz301662,20251224,,,12.14,False
sz300081,20240925,,,16.29,False
sz002520,20240904,,,-10.69,False
sz301305,20260324,,,2.22,False
sz002793,20240930,,,9.89,False
sz001230,20251020,,,5.62,False
sz300461,20240815,,,8.62,False
sz301282,20251113,,,-4.58,False
sz300232,20240924,,,22.43,True
sz000800,20240731,,,-8.43,False
sz399647,20240927,,,5.72,False
sz301082,20250829,,,-1.11,False
sz300661,20240927,,,19.26,False
sz300306,20240829,,,-2.47,False
sz300800,20251124,,,2.21,False
sz001283,20250701,,,9.42,False
sz002173,20240927,,,3.68,False
sz300348,20240731,,,-11.21,False
sz002888,20250624,,,2.4,False
sz301231,20251017,,,60.26,True
sz002414,20240805,,,-10.82,False
sz002743,20240926,,,4.3,False
sz301166,20250924,,,0.29,False
sz301252,20250630,,,7.34,False
sz002224,20240927,,,5.94,False
sz000737,20240731,,,-7.05,False
sz300578,20240814,,,-3.83,False
sz002097,20240930,,,-0.61,False
sz000779,20240926,,,9.54,False
sz300536,20241024,,,-7.42,False
sz002772,20240926,,,0.65,False
sz301157,20250728,,,10.11,False
sz002121,20240927,,,0.25,False
sz301263,20260120,,,-3.82,False
sz000928,20240926,,,8.15,False
sz002446,20240927,,,7.11,False
sz002913,20251203,,,15.08,False
sz300633,20240930,,,-10.3,False
sz003016,20250624,,,1.47,False
sz300852,20250624,,,5.24,False
sz000966,20240930,,,-6.94,False
sz300354,20240930,,,-2.32,False
sz002392,20240926,,,11.32,False
sz000681,20240927,,,4.84,False
sz001335,20251023,,,-0.31,False
sz300003,20240930,,,-7.77,False
sz002238,20240927,,,0.74,False
sz300831,20250703,,,1.29,False
sz002142,20240926,,,14.21,False
sz000598,20241008,,,1.25,False
sz000882,20240925,,,13.6,False
sz300798,20260121,,,11.74,False
sz002276,20240927,,,-1.75,False
sz301000,20250804,,,5.56,False
sz002625,20240910,,,12.81,False
sz300882,20250630,,,-7.86,False
sz300384,20240830,,,-0.32,False
sz301567,20250905,,,1.53,False
sz000651,20240731,,,0.3,False
sz300765,20250918,,,-15.06,False
sz399438,20240814,,,-2.11,False
sz001201,20251110,,,-5.74,False
sz300450,20240930,,,-0.67,False
sz002496,20240930,,,-19.92,False
sz301529,20250624,,,5.24,False
sz300599,20240813,,,-16.21,False
sz002192,20240927,,,-1.4,False
sz000548,20240731,,,-3.55,False
sz002826,20240731,,,3.79,False
sz300966,20251125,,,-4.58,False
sz301319,20260408,,,44.89,True
sz300681,20250815,,,-0.69,False
sz300260,20240930,,,8.51,False
sz200020,20240904,,,-0.85,False
sz200429,20250923,,,1.1,False
sz301630,20260116,,,-6.27,False
sz002572,20240926,,,12.09,False
sz300928,20250702,,,-1.94,False
sz000061,20240919,,,13.39,False
sz301357,20260302,,,-17.92,False
sz001965,20260309,,,-0.1,False
sz300478,20240820,,,-21.57,False
sz000637,20240926,,,1.82,False
sz300703,20251105,,,-5.29,False
sz002324,20240930,,,-12.96,False
sz301066,20250624,,,7.63,False
sz001229,20250703,,,0.94,False
sz000856,20250626,,,1.51,False
sz300265,20240807,,,-16.24,False
sz301486,20251205,,,9.95,False
sz300436,20240806,,,32.91,True
sz399410,20240927,,,12.64,False
sz000679,20240805,,,-14.58,False
sz002539,20240926,,,4.21,False
sz301028,20250624,,,2.84,False
sz002197,20241017,,,17.96,False
sz300151,20240731,,,-3.27,False
sz300206,20240911,,,9.28,False
sz300132,20240808,,,-8.12,False
sz301618,20250630,,,0.47,False
sz301331,20260206,,,-10.48,False
sz002988,20251020,,,-5.89,False
sz002514,20240902,,,-22.12,False
sz300248,20240903,,,0.0,False
sz200521,20250506,,,1.99,False
sz002620,20240926,,,9.32,False
sz002073,20240927,,,6.08,False
sz300454,20250624,,,-1.0,False
sz000560,20240830,,,-2.0,False
sz002420,20240923,,,12.72,False
sz300181,20240930,,,4.78,False
sz000900,20240925,,,9.78,False
sz300332,20240930,,,-6.17,False
sz399994,20240927,,,19.62,False
sz300006,20240909,,,7.61,False
sz300655,20240927,,,48.25,True
sz002109,20241028,,,6.62,False
sz399673,20240926,,,20.4,True
sz002958,20260209,,,-2.8,False
sz300857,20250812,,,17.88,False
sz300298,20240806,,,-1.36,False
sz300679,20250819,,,-2.66,False
sz301228,20251106,,,41.93,True
sz002739,20240930,,,-10.01,False
sz002916,20260401,,,16.94,False
sz000099,20240927,,,11.76,False
sz300819,20250905,,,-5.29,False
sz002210,20240806,,,-6.49,False
sz301152,20250924,,,7.17,False
sz002777,20240927,,,28.4,True
sz300148,20240815,,,-11.96,False
sz002614,20240927,,,1.7,False
sz000554,20240927,,,7.47,False
sz002047,20240927,,,6.29,False
sz002373,20240930,,,9.44,False
sz399409,20240927,,,19.82,False
sz301556,20250703,,,11.84,False
sz000987,20240924,,,28.4,True
sz399393,20240924,,,22.75,True
sz300106,20240823,,,-4.71,False
sz002009,20240930,,,-3.6,False
sz301518,20260408,,,5.03,False
sz002817,20240927,,,1.93,False
sz300251,20240930,,,-5.75,False
sz002297,20240731,,,-5.02,False
sz002991,20251110,,,0.02,False
sz301328,20250627,,,-1.43,False
sz300957,20251009,,,-0.41,False
sz000863,20240926,,,-2.21,False
sz300398,20240731,,,-8.21,False
sz301601,20250718,,,-2.06,False
sz002024,20240919,,,10.87,False
sz200011,20240802,,,-1.37,False
sz301366,20250725,,,3.45,False
sz300585,20240813,,,-4.65,False
sz000603,20240930,,,14.33,False
sz002543,20240930,,,-6.0,False
sz399239,20240925,,,33.28,True
sz300919,20250718,,,-0.39,False
sz000050,20240927,,,3.12,False
sz000403,20250317,,,-1.99,False
sz002110,20240926,,,-3.93,False
sz002922,20250724,,,2.96,False
sz000919,20240806,,,-2.0,False
sz301128,20250703,,,6.43,False
sz300198,20240925,,,48.61,True
sz300051,20240927,,,10.41,False
sz003027,20251215,,,17.69,False
sz300602,20240821,,,-2.19,False
sz001367,20251031,,,0.5,False
sz300784,20250721,,,-0.6,False
sz301586,20250901,,,-8.42,False
sz300365,20240830,,,-10.33,False
sz002439,20240930,,,1.8,False
sz300863,20260324,,,4.65,False
sz000957,20240927,,,1.0,False
sz300032,20240815,,,-12.06,False
sz002209,20240806,,,-8.48,False
sz300555,20240805,,,0.16,False
sz002593,20240930,,,-6.39,False
sz300281,20240910,,,13.13,False
sz002247,20240801,,,6.85,False
sz002941,20250625,,,-0.27,False
sz300987,20251104,,,-1.77,False
sz000698,20240930,,,-8.31,False
sz000751,20240927,,,2.85,False
sz301234,20251210,,,-5.31,False
sz300117,20241022,,,26.57,True
sz002176,20240930,,,-10.58,False
sz300805,20250630,,,0.45,False
sz000931,20240806,,,-3.41,False
sz399642,20240927,,,8.39,False
sz002138,20240927,,,10.56,False
sz300037,20240830,,,-5.76,False
sz300533,20240930,,,2.93,False
sz000581,20240731,,,-6.08,False
sz002708,20240930,,,7.84,False
sz002221,20240926,,,-2.64,False
sz300828,20250912,,,-3.37,False
sz002927,20250627,,,6.84,False
sz002746,20240927,,,-1.09,False
sz301163,20251124,,,3.17,False
sz002546,20240927,,,3.89,False
sz002315,20240927,,,8.8,False
sz300449,20240813,,,0.45,False
sz399692,20240927,,,12.51,False
sz301057,20260408,,,-1.41,False
sz399975,20240924,,,25.09,True
sz002672,20240927,,,12.5,False
sz300407,20240828,,,4.54,False
sz300254,20240805,,,0.46,False
sz300160,20240927,,,11.85,False
sz001256,20250627,,,0.55,False
sz002812,20240930,,,-4.5,False
sz301019,20250624,,,4.51,False
sz300464,20240819,,,-9.23,False
sz300237,20240805,,,5.34,False
sz000078,20240806,,,-6.2,False
sz002871,20240913,,,14.78,False
sz301629,20250916,,,30.65,True
sz300698,20251028,,,6.7,False
sz000036,20240731,,,-5.25,False
sz301300,20251020,,,5.74,False
sz300751,20250813,,,11.54,False
sz002042,20241008,,,-8.85,False
sz000551,20240826,,,-6.11,False
sz300084,20240927,,,7.03,False
sz300455,20240927,,,24.88,True
sz002493,20240930,,,-11.99,False
sz300900,20250825,,,-10.37,False
sz002309,20240820,,,3.19,False
sz002840,20241128,,,6.56,False
sz301182,20250624,,,0.48,False
sz300887,20251015,,,-1.11,False
sz000007,20240815,,,0.22,False
sz300381,20240730,,,-2.08,False
sz300760,20250724,,,-0.56,False
sz002347,20240806,,,-16.36,False
sz000333,20240731,,,-4.78,False
sz002577,20240815,,,-4.72,False
sz000819,20240809,,,-2.02,False
sz200025,20240731,,,-3.76,False
sz002010,20240926,,,2.85,False
sz000503,20240920,,,27.97,True
sz002643,20240930,,,-2.34,False
sz300963,20250905,,,-4.35,False
sz399243,20240926,,,16.01,False
sz300684,20250703,,,4.98,False
sz002823,20240924,,,14.17,False
sz300098,20240905,,,-2.84,False
sz002891,20251110,,,-7.62,False
sz000963,20240819,,,-6.06,False
sz300351,20240930,,,8.79,False
sz300502,20240910,,,18.84,False
sz002397,20240927,,,2.23,False
sz300636,20240930,,,-7.94,False
sz003013,20251128,,,-4.89,False
sz300065,20240924,,,41.23,True
sz000703,20240930,,,-10.77,False
sz301266,20250630,,,10.5,False
sz300485,20240926,,,10.7,False
sz002443,20240927,,,13.84,False
sz002124,20241008,,,8.79,False
sz000887,20240731,,,-10.9,False
sz002975,20250624,,,5.11,False
sz002273,20240913,,,27.86,True
sz301205,20251020,,,27.46,True
sz300654,20250717,,,4.22,False
sz301456,20250624,,,2.92,False
sz399813,20240926,,,23.57,True
sz002714,20240731,,,0.68,False
sz301131,20251021,,,1.31,False
sz300048,20240927,,,7.05,False
sz301382,20250625,,,-0.47,False
sz300561,20240731,,,-10.04,False
sz300834,20251021,,,0.53,False
sz301418,20251021,,,4.66,False
sz001330,20250624,,,-6.75,False
sz002693,20240805,,,-9.28,False
sz002696,20240927,,,4.64,False
sz399991,20240927,,,3.99,False
sz300650,20240801,,,-3.8,False
sz399676,20240927,,,8.22,False
sz000905,20240927,,,4.09,False
sz301387,20251015,,,1.62,False
sz300337,20240815,,,23.37,True
sz399638,20240925,,,14.22,False
sz300184,20240801,,,5.17,False
sz002425,20240819,,,-12.54,False
sz002970,20250630,,,-5.29,False
sz399008,20240927,,,6.88,False
sz001318,20250624,,,4.81,False
sz300549,20240927,,,11.42,False
sz000155,20240927,,,8.58,False
sz002215,20240919,,,11.14,False
sz300480,20240930,,,3.67,False
sz301119,20250708,,,14.11,False
sz001356,20250805,,,0.2,False
sz300507,20240926,,,15.01,False
sz002408,20240731,,,-3.64,False
sz002608,20240930,,,-7.91,False
sz300154,20240927,,,12.55,False
sz300433,20240924,,,30.72,True
sz399415,20240926,,,4.13,False
sz300748,20251217,,,3.21,False
sz002646,20240927,,,-4.22,False
sz000506,20241023,,,62.75,True
sz002868,20240930,,,2.36,False
sz002015,20240930,,,-9.1,False
sz301063,20250905,,,-2.6,False
sz000632,20240925,,,11.99,False
sz300706,20251208,,,-6.15,False
sz002321,20240905,,,5.92,False
sz300179,20240927,,,9.43,False
sz002076,20240926,,,1.17,False
sz000565,20240920,,,8.04,False
sz002342,20240926,,,3.21,False
sz002511,20240930,,,-11.92,False
sz000002,20240925,,,36.8,True
sz000798,20240808,,,-3.96,False
sz301187,20250624,,,7.04,False
sz300137,20240930,,,22.59,True
sz002845,20240930,,,10.98,False
sz002038,20240930,,,-5.82,False
sz300905,20251119,,,-8.57,False
sz000831,20240927,,,0.54,False
sz300203,20240731,,,-4.21,False
sz300648,20240911,,,9.03,False
sz399989,20240927,,,5.43,False
sz002114,20240920,,,10.12,False
sz000407,20240925,,,9.1,False
sz301256,20250806,,,2.17,False
sz300829,20250808,,,4.95,False
sz300055,20240926,,,12.31,False
sz002709,20240930,,,-9.96,False
sz300867,20250908,,,8.12,False
sz000953,20240731,,,12.61,False
sz301086,20250709,,,-0.31,False
sz001300,20260324,,,-4.62,False
sz300036,20240927,,,29.33,True
sz002597,20240731,,,-1.32,False
sz300551,20240920,,,80.0,True
sz301428,20250624,,,3.83,False
sz300804,20260209,,,0.39,False
sz000930,20240930,,,1.21,False
sz002724,20240927,,,6.38,False
sz301101,20250820,,,-6.36,False
sz300078,20240802,,,-1.38,False
sz002945,20250625,,,-2.45,False
sz000750,20240906,,,3.49,False
sz300664,20251010,,,4.08,False
sz301235,20251125,,,7.78,False
sz002243,20240918,,,21.01,True
sz301035,20260120,,,2.56,False
sz200625,20240927,,,1.19,False
sz399397,20240927,,,7.88,False
sz000983,20240930,,,-10.53,False
sz301552,20250630,,,-1.59,False
sz000037,20240930,,,-6.18,False
sz002377,20240930,,,21.03,True
sz301628,20250626,,,-0.17,False
sz001234,20260206,,,3.79,False
sz300465,20240819,,,-8.62,False
sz300236,20240730,,,-4.57,False
sz002339,20240923,,,7.02,False
sz002813,20240930,,,-0.95,False
sz301018,20250714,,,7.56,False
sz300255,20240912,,,25.24,True
sz301056,20251222,,,33.65,True
sz002020,20240802,,,8.42,False
sz000829,20240801,,,-3.56,False
sz002547,20240902,,,-19.75,False
sz300581,20240801,,,-6.48,False
sz002311,20240930,,,-7.19,False
sz399971,20240927,,,7.57,False
sz002676,20240731,,,-1.87,False
sz002025,20240823,,,6.43,False
sz399696,20240927,,,16.94,False
sz300403,20240927,,,15.48,False
sz300778,20250904,,,-2.08,False
sz002990,20250908,,,-3.27,False
sz300399,20240731,,,-9.12,False
sz002638,20240920,,,6.18,False
sz300935,20260416,,,1.93,False
sz000801,20240801,,,-14.29,False
sz300233,20241008,,,-11.03,False
sz000032,20240927,,,16.77,False
sz002521,20240930,,,-18.53,False
sz399001,20240926,,,10.94,False
sz300080,20240924,,,13.41,False
sz000555,20240927,,,10.19,False
sz002415,20240930,,,-5.0,False
sz301230,20251103,,,-9.5,False
sz002246,20240812,,,2.11,False
sz002889,20250630,,,0.87,False
sz300349,20240930,,,14.37,False
sz300986,20250819,,,-11.59,False
sz002172,20240927,,,0.36,False
sz001282,20250801,,,6.71,False
sz300801,20251223,,,14.81,False
sz300307,20240926,,,28.21,True
sz300660,20240927,,,12.08,False
sz301083,20260304,,,-0.83,False
sz399646,20240926,,,4.18,False
sz300537,20240730,,,-4.73,False
sz301587,20250624,,,-1.32,False
sz002438,20240801,,,5.24,False
sz000778,20240930,,,0.26,False
sz301129,20250630,,,-3.53,False
sz300199,20240930,,,2.26,False
sz003026,20251024,,,-8.0,False
sz300603,20240923,,,22.18,True
sz002096,20240807,,,-2.83,False
sz001366,20250924,,,-1.44,False
sz002923,20250716,,,2.73,False
sz300579,20240806,,,-6.53,False
sz000736,20240918,,,27.39,True
sz002225,20240927,,,-3.26,False
sz301167,20250924,,,2.56,False
sz002742,20240730,,,15.75,False
sz001328,20250805,,,1.53,False
sz000680,20240927,,,-1.69,False
sz300506,20240923,,,43.25,True
sz002393,20240808,,,-4.91,False
sz300355,20240927,,,105.1,True
sz300853,20250624,,,-3.43,False
sz002409,20240930,,,4.95,False
sz002895,20260325,,,3.67,False
sz399614,20240927,,,3.15,False
sz000627,20240902,,,46.89,True
sz003017,20260105,,,-1.13,False
sz300548,20240930,,,7.95,False
sz000929,20240927,,,1.21,False
sz002214,20240930,,,-0.85,False
sz301262,20250905,,,-0.28,False
sz300481,20240927,,,10.41,False
sz002120,20240903,,,-0.41,False
sz002277,20240925,,,7.58,False
sz002971,20251225,,,3.06,False
sz000883,20241218,,,-6.15,False
sz000599,20240924,,,9.0,False
sz200725,20240731,,,-2.8,False
sz301135,20251022,,,1.39,False
sz200596,20240927,,,3.18,False
sz002239,20240926,,,0.8,False
sz301386,20251125,,,3.55,False
sz300002,20240830,,,1.25,False
sz300651,20240930,,,-5.33,False
sz301528,20251218,,,8.72,False
sz002497,20240927,,,0.71,False
sz300451,20240926,,,32.34,True
sz301186,20251015,,,7.58,False
sz002039,20240813,,,1.56,False
sz399439,20240930,,,-5.08,False
sz002343,20240927,,,4.33,False
sz000650,20240930,,,-8.65,False
sz301566,20251024,,,2.13,False
sz300883,20251219,,,-1.61,False
sz301001,20250725,,,0.03,False
sz301356,20251217,,,-1.49,False
sz300929,20260112,,,6.32,False
sz000060,20240926,,,4.58,False
sz002573,20240930,,,-1.97,False
sz002647,20240820,,,-7.04,False
sz301631,20250728,,,2.96,False
sz000507,20240926,,,3.26,False
sz002869,20240830,,,-9.19,False
sz002014,20240930,,,-4.28,False
sz300261,20240812,,,-15.94,False
sz300432,20240924,,,47.35,True
sz300680,20250624,,,-6.63,False
sz301318,20250911,,,-2.08,False
sz300967,20251022,,,-0.38,False
sz002827,20250224,,,-2.49,False
sz300150,20240819,,,-12.39,False
sz001266,20251020,,,21.0,True
sz002196,20240731,,,-12.02,False
sz301029,20250728,,,4.34,False
sz300099,20240805,,,-13.02,False
sz000678,20240821,,,-12.53,False
sz399411,20240927,,,1.38,False
sz300437,20240930,,,-0.6,False
sz300264,20240816,,,-7.82,False
sz301067,20250716,,,14.95,False
sz002642,20240819,,,4.97,False
sz000065,20240930,,,-3.53,False
sz000636,20240919,,,20.0,False
sz300702,20251022,,,0.52,False
sz300479,20240905,,,-10.1,False
sz001382,20251009,,,0.79,False
sz000561,20240823,,,-13.37,False
sz002072,20240806,,,-0.78,False
sz300249,20240909,,,1.17,False
sz000006,20240801,,,1.3,False
sz002515,20240805,,,0.93,False
sz002989,20250826,,,21.52,True
sz301330,20251118,,,-1.95,False
sz002841,20240830,,,1.85,False
sz300207,20240919,,,44.72,True
sz300901,20251013,,,17.08,False
sz000048,20240927,,,-3.44,False
sz002108,20240927,,,3.13,False
sz399672,20240927,,,2.01,False
sz399995,20240927,,,9.1,False
sz300333,20240731,,,-8.64,False
sz000901,20250210,,,-0.09,False
sz301419,20251128,,,1.32,False
sz300180,20240815,,,5.18,False
sz002146,20240926,,,6.8,False
sz002272,20240816,,,-6.37,False
sz002421,20240924,,,14.6,False
sz301153,20250624,,,-1.4,False
sz000702,20240802,,,6.25,False
sz002211,20240927,,,33.81,True
sz002917,20250714,,,6.6,False
sz300678,20250630,,,-2.98,False
sz300299,20240805,,,39.62,True
sz000962,20240926,,,6.55,False
sz002959,20251027,,,-7.93,False
sz300460,20240807,,,25.32,True
sz301283,20260305,,,-5.14,False
sz301519,20250924,,,-1.79,False
sz002875,20240905,,,9.75,False
sz002008,20240815,,,-7.26,False
sz002792,20240807,,,-3.1,False
sz300107,20240815,,,-9.38,False
sz001231,20251219,,,38.65,True
sz399392,20240927,,,8.55,False
sz301557,20250905,,,3.16,False
sz002372,20240930,,,-5.15,False
sz399408,20240926,,,5.17,False
sz000661,20240927,,,2.87,False
sz300755,20250624,,,-1.93,False
sz301030,20250811,,,0.98,False
sz001979,20240808,,,2.06,False
sz002046,20240927,,,9.37,False
sz002615,20240912,,,15.71,False
sz300149,20240802,,,-0.4,False
sz300918,20251015,,,-6.85,False
sz002542,20240927,,,18.18,False
sz399238,20240926,,,0.2,False
sz300584,20240802,,,42.23,True
sz301367,20250924,,,0.95,False
sz000536,20240816,,,-12.7,False
sz301053,20251124,,,4.31,False
sz002858,20240927,,,0.38,False
sz301600,20250728,,,11.4,False
sz300956,20250819,,,-1.88,False
sz000862,20240930,,,-6.35,False
sz301329,20250708,,,0.8,False
sz200539,20240731,,,-3.87,False
sz002296,20240930,,,-1.66,False
sz000785,20240926,,,-3.04,False
sz300250,20240910,,,-1.57,False
sz300164,20240930,,,4.21,False
sz002816,20240912,,,25.84,True
sz300862,20250630,,,-7.59,False
sz300364,20240927,,,24.2,True
sz300785,20250716,,,0.38,False
sz300050,20240814,,,47.2,True
sz002476,20240927,,,2.09,False
sz002111,20240930,,,15.63,False
sz000402,20240925,,,31.94,True
sz002940,20251031,,,18.34,False
sz000755,20240820,,,-7.14,False
sz002721,20240906,,,-1.59,False
sz002592,20240930,,,-3.64,False
sz300554,20240930,,,10.69,False
sz002208,20240905,,,57.05,True
sz000935,20240927,,,41.16,True
sz399015,20240927,,,16.16,False
sz300033,20240924,,,59.89,True
sz003040,20251014,,,0.29,False
sz300665,20240927,,,13.31,False
sz399643,20240926,,,21.15,True
sz002139,20240927,,,6.39,False
sz300498,20240731,,,-0.83,False
sz300302,20240730,,,-5.08,False
sz002177,20240819,,,-9.42,False
sz001287,20250715,,,2.91,False
sz300285,20240731,,,-11.59,False
sz002410,20240926,,,24.59,True
sz301162,20251124,,,-6.93,False
sz002747,20240930,,,-4.39,False
sz000733,20240930,,,17.43,False
sz003023,20260116,,,-3.6,False
sz300606,20240826,,,-8.79,False
sz002093,20240926,,,26.44,True
sz000040,20241211,,,-24.52,False
sz300532,20240820,,,6.05,False
sz002968,20251215,,,9.69,False
sz300780,20250624,,,4.65,False
sz301218,20250626,,,0.89,False
sz300161,20240930,,,1.82,False
sz300406,20241008,,,-14.33,False
sz002293,20241008,,,-9.56,False
sz002995,20250716,,,-3.87,False
sz399420,20240731,,,-4.32,False
sz300953,20250624,,,-2.56,False
sz399974,20240926,,,5.9,False
sz002673,20240924,,,19.09,False
sz000533,20240927,,,5.48,False
sz399693,20240926,,,28.37,True
sz001219,20250624,,,6.51,False
sz300448,20240730,,,8.31,False
sz002314,20240925,,,13.3,False
sz301362,20251114,,,-2.63,False
sz000607,20240926,,,2.95,False
sz300733,20251015,,,3.51,False
sz300085,20240919,,,268.03,True
sz000550,20240927,,,10.98,False
sz002043,20240924,,,15.38,False
sz300750,20250625,,,6.26,False
sz301301,20250701,,,-2.04,False
sz002524,20240926,,,0.54,False
sz300278,20240821,,,-7.65,False
sz300699,20250625,,,-1.22,False
sz300102,20240802,,,-0.79,False
sz002870,20240927,,,3.71,False
sz300930,20251120,,,-7.27,False
sz301286,20250722,,,-4.65,False
sz000049,20250624,,,0.22,False
sz301004,20250703,,,-4.17,False
sz002346,20240926,,,2.19,False
sz000655,20240927,,,2.72,False
sz300761,20250904,,,17.7,False
sz300380,20240821,,,1.15,False
sz300886,20250924,,,1.56,False
sz001205,20250916,,,-3.9,False
sz301183,20250624,,,0.56,False
sz300133,20240930,,,1.58,False
sz002492,20240927,,,2.41,False
sz002822,20240826,,,1.1,False
sz301487,20251124,,,-3.16,False
sz300685,20250708,,,2.28,False
sz002538,20240813,,,-2.84,False
sz399242,20240926,,,11.64,False
sz300962,20250924,,,1.99,False
sz002011,20240927,,,-1.55,False
sz001228,20250905,,,-0.47,False
sz301353,20251225,,,1.29,False
sz000818,20241106,,,6.84,False
sz301500,20251105,,,-3.23,False
sz002576,20240801,,,-5.99,False
sz002125,20240930,,,-5.07,False
sz002442,20240927,,,2.76,False
sz300818,20250718,,,0.75,False
sz000151,20240909,,,9.55,False
sz300484,20240930,,,13.0,False
sz301267,20250625,,,1.0,False
sz399611,20240926,,,12.81,False
sz002738,20240926,,,4.09,False
sz000622,20241024,,,25.15,True
sz003012,20250721,,,-0.34,False
sz300637,20240813,,,-11.88,False
sz000685,20240808,,,-2.86,False
sz300503,20240731,,,-7.98,False
sz002396,20240920,,,12.17,False
sz300350,20240927,,,20.37,True
sz300856,20250820,,,-11.07,False
sz002890,20251212,,,1.37,False
sz301229,20251020,,,6.47,False
sz002692,20240919,,,7.82,False
sz300007,20240927,,,19.82,False
sz300835,20251124,,,7.06,False
sz300560,20240910,,,7.11,False
sz301383,20250820,,,-13.25,False
sz300049,20240930,,,11.96,False
sz301130,20250924,,,2.15,False
sz399812,20240927,,,3.02,False
sz002715,20241008,,,15.2,False
sz000761,20240925,,,17.07,False
sz000886,20240731,,,-5.68,False
sz300378,20240910,,,7.33,False
sz301201,20250627,,,10.75,False
sz002424,20241024,,,12.33,False
sz300185,20240927,,,18.15,False
sz399639,20240930,,,-6.52,False
sz300564,20251125,,,-3.76,False
sz300565,20240807,,,2.43,False
sz300830,20251020,,,5.87,False
sz399677,20240924,,,34.07,True
sz002697,20240926,,,1.95,False
sz399990,20240930,,,-6.95,False
sz000967,20240927,,,3.61,False
sz300632,20240731,,,-3.21,False
sz300061,20250114,,,-3.22,False
sz301118,20250904,,,10.38,False
sz000707,20240926,,,4.22,False
sz002912,20250711,,,4.26,False
sz001319,20250716,,,-1.06,False
sz399009,20240927,,,9.9,False
sz002773,20240930,,,-6.33,False
sz301156,20250901,,,-5.66,False
sz301505,20251124,,,-3.81,False
sz002320,20240930,,,-8.89,False
sz000633,20240926,,,3.08,False
sz300707,20250717,,,1.26,False
sz000852,20250626,,,5.42,False
sz301062,20250806,,,4.33,False
sz300155,20240905,,,-6.06,False
sz002193,20240806,,,-11.46,False
sz002609,20240927,,,8.31,False
sz300904,20250730,,,6.32,False
sz000830,20240731,,,-5.3,False
sz300598,20240823,,,-0.56,False
sz300136,20240730,,,-7.4,False
sz000799,20240927,,,11.32,False
sz300385,20240819,,,-17.99,False
sz002510,20240924,,,7.77,False
sz301335,20260114,,,-7.37,False
sz000564,20240920,,,0.55,False
sz001387,20250624,,,7.1,False
sz002077,20240927,,,11.83,False
sz002624,20240926,,,5.26,False
sz399013,20240927,,,5.06,False
sz002769,20240927,,,2.0,False
sz000429,20250620,,,-3.53,False
sz300666,20240826,,,1.63,False
sz300035,20240927,,,13.64,False
sz003043,20251201,,,-1.78,False
sz002908,20260105,,,-0.28,False
sz300552,20240927,,,25.24,True
sz300807,20250916,,,-5.22,False
sz000933,20240930,,,-7.62,False
sz002727,20241106,,,-4.1,False
sz301102,20250625,,,4.91,False
sz002946,20250804,,,4.51,False
sz000753,20240927,,,2.64,False
sz300667,20250805,,,2.87,False
sz300286,20240930,,,-5.65,False
sz002413,20240927,,,12.31,False
sz300849,20250910,,,-8.34,False
sz300018,20240814,,,-2.51,False
sz000404,20240902,,,-0.85,False
sz002117,20240930,,,1.1,False
sz301255,20250624,,,0.62,False
sz002470,20240926,,,1.37,False
sz300605,20240826,,,-10.35,False
sz399623,20240927,,,6.95,False
sz399344,20240926,,,10.07,False
sz300864,20250624,,,2.79,False
sz000950,20240925,,,2.18,False
sz301581,20250708,,,-1.42,False
sz000899,20241008,,,-5.02,False
sz300783,20250825,,,-5.7,False
sz200058,20240904,,,-6.64,False
sz000019,20240904,,,-5.3,False
sz002996,20250929,,,3.93,False
sz000783,20240731,,,-2.78,False
sz002750,20241104,,,20.0,True
sz300256,20240809,,,20.67,True
sz200016,20240926,,,19.7,False
sz301055,20251020,,,1.01,False
sz002023,20240930,,,10.63,False
sz000530,20240925,,,8.47,False
sz002544,20240930,,,21.76,True
sz301361,20250707,,,2.31,False
sz300582,20240830,,,-0.11,False
sz300218,20240903,,,-6.51,False
sz301036,20250701,,,-5.79,False
sz002613,20240927,,,3.06,False
sz001279,20250624,,,-0.55,False
sz002189,20240731,,,-2.13,False
sz300428,20240930,,,-4.78,False
sz000980,20240805,,,-19.31,False
sz399394,20240927,,,4.23,False
sz301551,20250806,,,3.73,False
sz300753,20250924,,,1.66,False
sz002374,20240926,,,12.92,False
sz301078,20250626,,,-4.62,False
sz300101,20240926,,,19.34,False
sz300466,20240924,,,19.69,False
sz002569,20240911,,,5.62,False
sz000807,20240926,,,8.67,False
sz399440,20240930,,,-4.82,False
sz000629,20240927,,,1.49,False
sz000802,20240924,,,2.79,False
sz300230,20240926,,,17.43,False
sz002791,20240927,,,5.82,False
sz000518,20240802,,,-7.69,False
sz300978,20250624,,,2.37,False
sz000031,20240920,,,21.2,True
sz300083,20240821,,,-1.15,False
sz002838,20240927,,,8.42,False
sz002488,20240802,,,14.4,False
sz300735,20250731,,,-0.29,False
sz002312,20240828,,,8.42,False
sz002541,20241008,,,-13.18,False
sz399972,20240926,,,9.36,False
sz002675,20240927,,,0.47,False
sz301050,20250625,,,0.26,False
sz399695,20240927,,,7.94,False
sz300167,20240805,,,-11.35,False
sz300534,20240806,,,-5.07,False
sz002268,20240927,,,14.05,False
sz399808,20240927,,,5.69,False
sz300053,20240730,,,-0.09,False
sz002095,20240924,,,10.1,False
sz002920,20250812,,,9.65,False
sz002226,20240930,,,-3.55,False
sz000735,20240731,,,-0.8,False
sz002112,20240912,,,15.11,False
sz002741,20240731,,,-10.18,False
sz301233,20251022,,,0.99,False
sz003008,20251224,,,-0.54,False
sz002171,20240930,,,-6.15,False
sz300802,20251020,,,6.13,False
sz000936,20240930,,,0.45,False
sz300304,20240731,,,-6.56,False
sz300663,20240902,,,3.63,False
sz301080,20251203,,,-6.49,False
sz399645,20240926,,,6.08,False
sz000949,20240731,,,5.08,False
sz002274,20240926,,,1.7,False
sz000767,20240927,,,2.03,False
sz300528,20240805,,,-6.9,False
sz002972,20251201,,,-7.5,False
sz000880,20240821,,,-2.96,False
sz200726,20240930,,,-1.28,False
sz001379,20250714,,,0.77,False
sz301136,20251027,,,18.23,False
sz399814,20240927,,,1.45,False
sz300334,20250924,,,-1.57,False
sz000729,20240924,,,8.99,False
sz300566,20240926,,,27.03,True
sz300335,20240926,,,15.15,False
sz300001,20240731,,,-6.29,False
sz301178,20260114,,,0.23,False
sz002390,20240930,,,-8.07,False
sz300850,20260105,,,9.55,False
sz002259,20240930,,,-13.58,False
sz002896,20250711,,,34.46,True
sz300631,20240930,,,-3.27,False
sz002911,20250716,,,-2.25,False
sz300318,20240802,,,20.93,True
sz000157,20240930,,,-10.45,False
sz002444,20240829,,,10.34,False
sz301261,20250709,,,7.85,False
sz300482,20240930,,,-3.65,False
sz399659,20240927,,,10.07,False
sz002123,20240923,,,34.29,True
sz301355,20250624,,,13.04,False
sz002570,20240924,,,16.73,False
sz000063,20240731,,,-6.34,False
sz002017,20240913,,,33.23,True
sz000504,20240902,,,-8.89,False
sz300118,20240930,,,-0.51,False
sz300683,20251017,,,-5.51,False
sz000850,20240906,,,3.84,False
sz301548,20250624,,,2.45,False
sz002059,20240731,,,-2.56,False
sz002824,20240820,,,5.19,False
sz300729,20250819,,,-0.75,False
sz000833,20240730,,,6.67,False
sz002494,20240927,,,4.76,False
sz300201,20240930,,,-1.0,False
sz300452,20240927,,,6.53,False
sz399689,20240930,,,-5.67,False
sz300135,20240802,,,-1.47,False
sz002669,20240927,,,4.29,False
sz300767,20260123,,,-12.04,False
sz002340,20240731,,,-7.51,False
sz301565,20250624,,,10.52,False
sz300386,20240830,,,2.76,False
sz200581,20240919,,,19.57,False
sz002627,20240731,,,-4.4,False
sz301002,20251218,,,25.08,True
sz301560,20251104,,,-4.71,False
sz300383,20240926,,,17.47,False
sz002516,20240925,,,20.89,True
sz000878,20240927,,,4.32,False
sz300762,20250625,,,1.08,False
sz002491,20240930,,,-1.02,False
sz300204,20240802,,,-1.49,False
sz300902,20250707,,,8.65,False
sz002558,20240926,,,10.83,False
sz300153,20240903,,,-0.49,False
sz002195,20240927,,,10.08,False
sz002821,20240927,,,-0.19,False
sz002368,20240930,,,23.14,True
sz399412,20240926,,,8.4,False
sz300434,20240927,,,11.19,False
sz002788,20240926,,,6.43,False
sz002641,20240927,,,4.31,False
sz301503,20250625,,,3.74,False
sz000635,20240925,,,7.05,False
sz300701,20250625,,,3.18,False
sz002326,20240927,,,2.58,False
sz300029,20240808,,,-10.62,False
sz002775,20240822,,,-6.03,False
sz002126,20240926,,,4.21,False
sz002212,20240927,,,16.11,False
sz300487,20240924,,,21.86,True
sz000701,20240927,,,4.44,False
sz002588,20240813,,,7.51,False
sz300067,20240913,,,52.83,True
sz300855,20250624,,,4.87,False
sz301479,20251023,,,-2.79,False
sz300500,20240827,,,-9.43,False
sz399671,20240927,,,5.31,False
sz300657,20240930,,,6.86,False
sz002691,20240902,,,-4.44,False
sz399996,20240731,,,-6.21,False
sz300836,20260408,,,10.57,False
sz000902,20240808,,,0.62,False
sz300183,20240815,,,-5.99,False
sz002716,20240930,,,1.43,False
sz301133,20250627,,,3.09,False
sz002145,20240927,,,0.26,False
sz300619,20240912,,,17.53,False
sz000762,20240927,,,3.33,False
sz002271,20240927,,,9.73,False
sz301207,20250701,,,1.59,False
sz300878,20251219,,,20.39,True
sz002422,20240731,,,2.74,False
sz399358,20240926,,,6.29,False
sz300587,20240927,,,10.63,False
sz000601,20240731,,,-0.83,False
sz300129,20240927,,,5.16,False
sz301199,20250624,,,3.21,False
sz002026,20240927,,,5.35,False
sz301603,20260227,,,-3.77,False
sz300955,20260310,,,-11.16,False
sz002993,20250627,,,-1.94,False
sz000786,20240926,,,6.22,False
sz300400,20240730,,,1.28,False
sz002295,20240930,,,-4.18,False
sz300253,20240927,,,18.17,False
sz002068,20241028,,,31.06,True
sz002815,20240731,,,-5.79,False
sz300463,20240812,,,-10.7,False
sz301280,20250624,,,4.12,False
sz300936,20250624,,,14.77,False
sz301349,20250624,,,-2.86,False
sz300718,20250715,,,22.12,True
sz002876,20240930,,,1.17,False
sz002658,20240813,,,-9.02,False
sz000985,20240903,,,2.35,False
sz399391,20240926,,,2.54,False
sz002522,20240927,,,4.09,False
sz002371,20240830,,,-7.96,False
sz301307,20250624,,,-2.27,False
sz301033,20251111,,,-7.04,False
sz002616,20240802,,,-5.31,False
sz300985,20251021,,,17.67,False
sz300519,20240801,,,-5.19,False
sz002943,20251126,,,18.45,False
sz002245,20240813,,,-9.67,False
sz000756,20240812,,,-12.09,False
sz300283,20240807,,,-6.03,False
sz002416,20240805,,,-4.91,False
sz000978,20240927,,,-5.49,False
sz002722,20240920,,,16.43,False
sz301107,20251021,,,-0.59,False
sz002591,20240911,,,10.64,False
sz300557,20240926,,,18.78,False
sz000718,20240923,,,23.98,True
sz002458,20240930,,,-5.81,False
sz399016,20240927,,,15.23,False
sz301149,20251111,,,-6.23,False
sz001306,20250716,,,-2.48,False
sz300030,20240909,,,8.44,False
sz300861,20260109,,,22.62,True
sz000955,20240925,,,0.0,False
sz300786,20251223,,,2.52,False
sz300600,20240927,,,15.1,False
sz000586,20240927,,,8.36,False
sz003025,20250624,,,2.42,False
sz399626,20240926,,,14.97,False
sz000166,20240731,,,0.9,False
sz002475,20241127,,,5.45,False
sz300329,20240805,,,-8.62,False
sz301399,20251022,,,2.77,False
sz002688,20240802,,,-2.13,False
sz003816,20250625,,,2.64,False
sz000401,20240924,,,12.94,False
sz399668,20240926,,,16.52,False
sz301161,20250624,,,7.18,False
sz002925,20251125,,,11.4,False
sz002158,20250722,,,-4.53,False
sz002223,20240930,,,-7.77,False
sz002159,20240903,,,-6.53,False
sz300056,20240926,,,61.41,True
sz001360,20251124,,,29.74,True
sz002090,20240930,,,-3.83,False
sz300531,20240731,,,-8.08,False
sz301085,20250813,,,6.13,False
sz399640,20240926,,,22.38,True
sz301278,20250630,,,4.98,False
sz200468,20240812,,,-2.08,False
sz300301,20240927,,,9.23,False
sz300628,20240910,,,4.6,False
sz002174,20240927,,,11.14,False
sz000100,20240927,,,-2.85,False
sz301236,20250818,,,3.91,False
sz002240,20240930,,,-5.1,False
sz002389,20240806,,,-11.6,False
sz300980,20250805,,,2.58,False
sz301665,20251027,,,0.49,False
sz300086,20240906,,,-7.19,False
sz002040,20240925,,,9.97,False
sz000553,20240926,,,-1.96,False
sz301302,20250717,,,3.95,False
sz002527,20240926,,,8.0,False
sz000034,20240926,,,19.92,False
sz200512,20241226,,,-2.03,False
sz002873,20240930,,,-4.78,False
sz300933,20250624,,,3.9,False
sz301285,20250624,,,13.36,False
sz002810,20240927,,,9.18,False
sz300162,20240731,,,-0.16,False
sz300405,20240926,,,15.79,False
sz002290,20241008,,,-0.6,False
sz399423,20240926,,,15.97,False
sz301606,20251124,,,5.72,False
sz002670,20240731,,,-9.06,False
sz002811,20250731,,,4.83,False
sz300730,20260408,,,-2.5,False
sz002317,20240930,,,-6.94,False
sz300267,20240808,,,-18.59,False
sz300686,20260306,,,-15.07,False
sz300961,20251016,,,-10.25,False
sz000028,20240930,,,-10.24,False
sz399241,20240923,,,24.5,True
sz002012,20240912,,,16.87,False
sz000501,20240920,,,17.01,False
sz300229,20240927,,,25.5,True
sz301299,20250625,,,0.57,False
sz002575,20240927,,,23.96,True
sz000066,20240925,,,8.7,False
sz002622,20240910,,,1.16,False
sz301007,20251231,,,1.6,False
sz000656,20240926,,,-8.0,False
sz301333,20250708,,,4.63,False
sz002345,20240927,,,-0.43,False
sz300885,20250624,,,7.01,False
sz300419,20240925,,,31.32,True
sz301180,20250905,,,1.7,False
sz001206,20260114,,,-10.53,False
sz300130,20240925,,,50.97,True
sz301049,20250624,,,3.57,False
sz002842,20240927,,,5.62,False
sz300457,20240925,,,8.7,False
sz300004,20240820,,,-11.98,False
sz001332,20250905,,,37.83,True
sz002758,20240927,,,10.05,False
sz002939,20251205,,,-2.83,False
sz300563,20240925,,,78.92,True
sz301380,20251023,,,-3.58,False
sz399811,20240927,,,22.42,True
sz002977,20251124,,,16.01,False
sz000885,20240927,,,2.16,False
sz301150,20260203,,,18.89,False
sz301099,20250701,,,-1.79,False
sz002441,20240930,,,-6.32,False
sz002168,20241106,,,3.97,False
sz001298,20260119,,,-7.56,False
sz003011,20260108,,,7.63,False
sz002395,20240930,,,-1.91,False
sz000686,20240924,,,18.97,False
sz300353,20240919,,,47.13,True
sz002893,20250624,,,7.64,False
sz300999,20250724,,,-2.32,False
sz000683,20240731,,,-8.78,False
sz300505,20240930,,,4.45,False
sz300062,20240806,,,0.82,False
sz301155,20251204,,,-0.75,False
sz300504,20250707,,,2.55,False
sz000430,20240925,,,-0.97,False
sz301598,20250806,,,2.43,False
sz301202,20250704,,,5.7,False
sz002427,20240930,,,-5.67,False
sz002713,20240930,,,8.74,False
sz002140,20240930,,,-4.08,False
sz003039,20250901,,,0.44,False
sz002469,20240930,,,-5.71,False
sz300833,20250709,,,0.73,False
sz399674,20240927,,,6.34,False
sz300652,20240926,,,26.32,True
sz001337,20250804,,,-1.68,False
sz002694,20240930,,,-5.58,False
sz399993,20240927,,,7.26,False
sz300907,20251125,,,-9.43,False
sz301378,20250626,,,19.83,False
sz000529,20240930,,,-9.35,False
sz301185,20250905,,,-2.18,False
sz002289,20240927,,,2.46,False
sz300880,20250707,,,-2.23,False
sz002513,20240924,,,-3.63,False
sz300949,20251022,,,6.95,False
sz301336,20251201,,,-12.35,False
sz002074,20240731,,,-5.92,False
sz002809,20240807,,,-14.46,False
sz000567,20240926,,,21.78,True
sz399307,20240930,,,1.58,False
sz000630,20240927,,,-2.35,False
sz002323,20240923,,,8.0,False
sz301061,20251119,,,18.28,False
sz002644,20240807,,,-9.02,False
sz300964,20251020,,,27.19,True
sz399417,20240926,,,10.43,False
sz000999,20240812,,,0.55,False
sz000062,20251015,,,3.13,False
sz002190,20240926,,,13.39,False
sz001260,20251124,,,4.03,False
sz300287,20240730,,,-15.68,False
sz000752,20240905,,,0.75,False
sz002241,20240920,,,19.13,False
sz300981,20251031,,,4.79,False
sz301103,20251103,,,-0.32,False
sz002726,20240927,,,-2.74,False
sz300806,20250630,,,1.33,False
sz300553,20240930,,,5.49,False
sz002909,20251020,,,3.25,False
sz002595,20240731,,,-6.28,False
sz300034,20240930,,,5.2,False
sz399012,20240926,,,22.05,True
sz002768,20240927,,,4.6,False
sz300363,20240927,,,9.2,False
sz300865,20251103,,,-7.63,False
sz300057,20240927,,,25.49,True
sz003021,20250721,,,-5.3,False
sz000582,20240731,,,1.9,False
sz002222,20240924,,,13.74,False
sz002116,20240927,,,4.76,False
sz300219,20240830,,,-7.33,False
sz200570,20240930,,,0.0,False
sz300583,20240730,,,-17.06,False
sz301360,20250714,,,4.92,False
sz000056,20240926,,,7.46,False
sz000531,20240930,,,-6.76,False
sz002022,20240927,,,-0.32,False
sz200017,20240925,,,7.56,False
sz399678,20240930,,,0.82,False
sz002291,20240924,,,6.56,False
sz000782,20240927,,,-1.62,False
sz002358,20240927,,,2.27,False
sz002997,20250717,,,-0.38,False
sz300951,20260112,,,0.11,False
sz399441,20240927,,,5.54,False
sz300467,20240820,,,-12.46,False
sz001236,20250924,,,-3.11,False
sz002795,20240927,,,-1.53,False
sz300100,20250916,,,-8.67,False
sz002375,20240926,,,5.83,False
sz300752,20250728,,,19.05,False
sz000035,20240730,,,2.94,False
sz399395,20240927,,,1.72,False
sz000981,20240802,,,-19.86,False
sz300429,20240930,,,14.61,False
sz002188,20240926,,,-0.67,False
sz001278,20250624,,,2.24,False
sz002612,20240927,,,-1.01,False
sz300235,20250624,,,1.83,False
sz301037,20250624,,,4.65,False
sz000557,20240823,,,-10.25,False
sz002044,20240927,,,0.0,False
sz002839,20240819,,,-4.88,False
sz300979,20250725,,,-8.93,False
sz000030,20240731,,,-7.65,False
sz002523,20240926,,,2.44,False
sz300757,20250717,,,8.85,False
sz002877,20240930,,,-4.75,False
sz000519,20240806,,,-9.56,False
sz002790,20241127,,,4.74,False
sz300462,20240930,,,9.82,False
sz301281,20250624,,,3.79,False
sz300231,20240912,,,52.01,True
sz300937,20250904,,,1.51,False
sz301348,20250701,,,-10.66,False
sz301578,20250708,,,-0.83,False
sz300401,20240927,,,8.91,False
sz300128,20240904,,,-6.88,False
sz399694,20240926,,,37.52,True
sz301051,20250701,,,1.65,False
sz000534,20240927,,,-0.29,False
sz399973,20240927,,,14.95,False
sz002674,20241008,,,-11.78,False
sz002313,20240930,,,0.0,False
sz000600,20241112,,,-6.01,False
sz002489,20240731,,,-0.38,False
sz301165,20251125,,,19.41,False
sz002227,20240911,,,0.44,False
sz301398,20250624,,,2.79,False
sz002094,20240819,,,-8.86,False
sz300052,20240927,,,59.62,True
sz399809,20240815,,,2.59,False
sz300208,20240930,,,-7.08,False
sz002269,20240828,,,0.0,False
sz399680,20240930,,,-8.47,False
sz300535,20240926,,,29.55,True
sz399644,20240926,,,5.05,False
sz300662,20240926,,,8.94,False
sz300305,20240930,,,-0.82,False
sz000719,20240814,,,0.3,False
sz300803,20250624,,,23.63,True
sz000937,20240930,,,-5.63,False
sz002459,20240927,,,11.28,False
sz003009,20260317,,,-7.32,False
sz300518,20240820,,,-24.06,False
sz001336,20251218,,,6.23,False
sz000728,20240731,,,-3.74,False
sz002468,20240731,,,-6.28,False
sz002712,20240927,,,4.81,False
sz301137,20250904,,,1.16,False
sz001378,20250624,,,2.9,False
sz002088,20240930,,,-9.29,False
sz000881,20240927,,,5.45,False
sz002973,20260119,,,0.27,False
sz300529,20240926,,,12.3,False
sz000766,20240902,,,-15.47,False
sz002275,20240829,,,-1.18,False
sz301203,20260109,,,6.54,False
sz002771,20240910,,,3.45,False
sz399658,20240927,,,5.17,False
sz002122,20240927,,,0.83,False
sz002216,20240927,,,-3.51,False
sz002445,20240925,,,15.73,False
sz000156,20240926,,,3.57,False
sz300319,20240829,,,-4.85,False
sz002217,20251219,,,1.28,False
sz003015,20251021,,,0.47,False
sz002336,20241024,,,29.48,True
sz300851,20250624,,,4.0,False
sz000965,20240920,,,9.29,False
sz300357,20240930,,,-3.96,False
sz000682,20240903,,,-1.8,False
sz002391,20240926,,,1.69,False
sz300157,20240814,,,-20.08,False
sz002058,20240924,,,22.8,True
sz002825,20240926,,,4.34,False
sz300965,20251208,,,-1.05,False
sz300682,20260114,,,-7.88,False
sz300263,20240926,,,12.02,False
sz000505,20240919,,,7.56,False
sz002016,20250210,,,-10.28,False
sz002645,20240930,,,1.42,False
sz301633,20250721,,,-9.76,False
sz002626,20240731,,,0.73,False
sz002847,20251110,,,-6.51,False
sz300387,20240819,,,4.83,False
sz000652,20240924,,,18.37,False
sz300766,20250812,,,18.62,False
sz002668,20240731,,,-2.41,False
sz300134,20240830,,,34.75,True
sz001202,20251218,,,5.01,False
sz399688,20240926,,,15.85,False
sz300453,20240927,,,16.0,False
sz002495,20240926,,,10.96,False
sz002559,20240930,,,1.07,False
sz000837,20240927,,,6.35,False
sz002490,20240927,,,2.4,False
sz300456,20240927,,,21.11,True
sz301181,20260330,,,17.0,False
sz002843,20240930,,,21.4,True
sz000657,20240930,,,-8.3,False
sz300763,20250624,,,11.69,False
sz301332,20250627,,,6.98,False
sz000004,20240823,,,1.21,False
sz002517,20240926,,,17.23,False
sz200045,20240829,,,-4.86,False
sz000563,20240731,,,-0.71,False
sz001380,20250804,,,18.42,False
sz301298,20251015,,,4.05,False
sz200488,20240806,,,-5.56,False
sz002327,20240930,,,-9.79,False
sz301502,20250624,,,6.81,False
sz002640,20240909,,,13.33,False
sz200992,20240926,,,20.48,True
sz301636,20251111,,,-14.16,False
sz301065,20251010,,,2.2,False
sz002789,20240924,,,16.84,False
sz002369,20240815,,,0.96,False
sz002194,20240830,,,-5.85,False
sz300152,20240925,,,111.56,True
sz300352,20240926,,,52.62,True
sz300854,20260121,,,12.18,False
sz002169,20240926,,,25.64,True
sz001299,20251125,,,-11.46,False
sz300066,20240819,,,-12.64,False
sz002915,20251230,,,-4.52,False
sz002589,20240925,,,19.11,False
sz002440,20240808,,,-6.45,False
sz000700,20240924,,,7.79,False
sz300634,20250624,,,0.35,False
sz002213,20240926,,,10.2,False
sz300486,20240806,,,2.64,False
sz301151,20260226,,,-3.32,False
sz002774,20240930,,,-4.37,False
sz002423,20240731,,,-1.89,False
sz301206,20250929,,,-2.82,False
sz300618,20240927,,,27.62,True
sz301132,20251020,,,7.12,False
sz300182,20240925,,,20.58,True
sz300837,20260324,,,4.89,False
sz000903,20240918,,,13.37,False
sz002690,20240930,,,-5.17,False
sz399997,20240927,,,-2.73,False
sz300005,20240816,,,3.07,False
sz300656,20240809,,,-10.42,False
sz000419,20240830,,,0.0,False
sz399670,20240926,,,10.74,False
sz002069,20240926,,,2.16,False
sz300166,20240923,,,48.85,True
sz300252,20240807,,,-13.99,False
sz002294,20240827,,,9.78,False
sz002992,20250630,,,-3.93,False
sz000860,20240927,,,-3.56,False
sz301602,20250908,,,-3.55,False
sz002027,20240926,,,11.88,False
sz301198,20250624,,,3.73,False
sz200012,20240826,,,-1.39,False
sz300586,20240927,,,6.18,False
sz002540,20240927,,,6.02,False
sz301536,20250818,,,6.9,False
sz300082,20240902,,,-17.08,False
sz002617,20240730,,,4.67,False
sz301032,20250624,,,5.92,False
sz002370,20240816,,,-0.65,False
sz301306,20251024,,,4.58,False
sz000663,20240926,,,10.14,False
sz301555,20251205,,,0.8,False
sz399390,20240822,,,-5.51,False
sz300105,20240930,,,8.53,False
sz002659,20240805,,,-6.95,False
sz300719,20251124,,,-4.73,False
sz000803,20240927,,,6.5,False
sz002045,20250806,,,10.15,False
sz300031,20240815,,,-3.3,False
sz301081,20260116,,,10.83,False
sz399017,20240927,,,8.61,False
sz300556,20240927,,,13.77,False
sz002590,20240801,,,-10.13,False
sz002170,20240828,,,3.19,False
sz301106,20250624,,,8.15,False
sz002723,20241107,,,9.05,False
sz000757,20240730,,,-9.43,False
sz002244,20250210,,,14.01,False
sz002942,20251124,,,11.9,False
sz300984,20251106,,,-8.91,False
sz399669,20240927,,,-0.18,False
sz000400,20240903,,,1.22,False
sz002689,20240904,,,-0.36,False
sz002921,20251015,,,2.13,False
sz300328,20240809,,,16.83,False
sz002474,20240920,,,17.63,False
sz301251,20251223,,,-1.56,False
sz300601,20240927,,,8.09,False
sz300787,20251020,,,-7.38,False
sz301585,20250821,,,-4.74,False
sz300366,20240920,,,23.66,True
sz300860,20250630,,,15.37,False
sz000951,20240731,,,-4.11,False
sz301580,20250624,,,4.97,False
sz000898,20240927,,,4.02,False
sz300530,20240927,,,7.43,False
sz300782,20250807,,,2.72,False
sz300604,20240830,,,-8.44,False
sz002091,20240925,,,2.36,False
sz000731,20240924,,,8.82,False
sz002471,20240930,,,-0.84,False
sz300019,20240930,,,3.89,False
sz002745,20240731,,,-5.92,False
sz301160,20250625,,,-9.37,False
sz002388,20240819,,,9.84,False
sz002947,20250703,,,-0.77,False
sz301237,20260330,,,6.55,False
sz002412,20240731,,,1.65,False
sz300848,20250625,,,-2.48,False
sz002175,20240927,,,4.02,False
sz300629,20240930,,,10.42,False
sz300300,20240926,,,32.12,True
sz301279,20251020,,,17.35,False
sz000932,20240930,,,-9.56,False
sz000428,20240925,,,-1.27,False
sz399641,20240926,,,12.07,False
sz003042,20250904,,,-2.36,False
sz300234,20240927,,,11.65,False
sz002568,20240926,,,7.05,False
sz300932,20250905,,,-4.4,False
sz000628,20240927,,,38.53,True
sz002872,20240819,,,-6.9,False
sz301079,20250908,,,-6.97,False
sz399006,20240926,,,18.63,False
sz301499,20251023,,,2.47,False
sz000848,20240807,,,-4.72,False
sz002526,20240930,,,-1.92,False
sz301550,20250624,,,2.75,False
sz301303,20251020,,,6.89,False
sz000552,20241008,,,-8.02,False
sz002041,20240927,,,1.93,False
sz000301,20240927,,,-4.44,False
sz300087,20240926,,,19.07,False
sz002545,20240930,,,-7.63,False
sz301533,20251024,,,9.42,False
sz002316,20241028,,,8.54,False
sz000605,20240801,,,-2.3,False
sz399976,20240927,,,7.39,False
sz301607,20250815,,,7.01,False
sz002671,20240927,,,9.47,False
sz399422,20240927,,,13.2,False
sz300404,20240731,,,0.27,False
sz300898,20250728,,,-5.18,False
sz300257,20241008,,,-15.5,False
sz300163,20240903,,,-9.36,False
sz001255,20251020,,,2.49,False
sz002574,20240927,,,-0.22,False
sz300700,20251106,,,-2.13,False
sz200541,20250402,,,-9.72,False
sz300228,20240927,,,13.73,False
sz200026,20240925,,,2.1,False
sz399240,20240924,,,31.88,True
sz300960,20251020,,,0.39,False
sz000029,20240830,,,2.16,False
sz300435,20240930,,,-5.62,False
sz300687,20250625,,,1.83,False
sz300266,20240924,,,44.08,True
sz002820,20240927,,,1.04,False
sz301678,20260116,,,-2.41,False
sz300205,20241011,,,-5.98,False
sz000619,20240925,,,10.53,False
sz301048,20251124,,,-3.51,False
sz300131,20240816,,,17.38,False
sz001207,20250908,,,-2.04,False
sz300418,20240930,,,12.6,False
sz300884,20250924,,,-2.28,False
sz300382,20240904,,,-5.77,False
sz002344,20240925,,,11.27,False
sz301006,20260105,,,5.67,False
sz002623,20240930,,,-6.3,False
sz002976,20251015,,,2.74,False
sz002270,20240806,,,-5.44,False
sz399810,20240926,,,12.12,False
sz002717,20240913,,,71.14,True
sz002144,20240731,,,-5.07,False
sz300331,20240830,,,-12.87,False
sz301381,20250728,,,-6.01,False
sz300562,20240807,,,0.59,False
sz002938,20250701,,,28.57,True
sz301248,20251020,,,3.73,False
sz002759,20240930,,,-11.04,False
sz001333,20250624,,,3.18,False
sz002892,20250630,,,-0.86,False
sz300108,20240802,,,4.39,False
sz000960,20240930,,,-3.37,False
sz300501,20240822,,,-0.63,False
sz002394,20240926,,,5.73,False
sz300635,20240910,,,13.9,False
sz003010,20260112,,,-4.74,False
sz399613,20240930,,,-6.76,False
sz000153,20240808,,,-8.06,False
sz301098,20250904,,,0.0,False
sz002127,20240925,,,9.85,False
sz002910,20250929,,,8.92,False
sz000705,20240808,,,-9.87,False
sz300483,20240930,,,2.06,False
sz300063,20240903,,,-4.34,False
sz300998,20251023,,,-5.02,False
sz002258,20240930,,,-9.43,False
sz002897,20250811,,,10.42,False
sz002695,20240926,,,0.73,False
sz399992,20240926,,,16.21,False
sz300653,20240809,,,-23.62,False
sz301179,20260108,,,8.27,False
sz399675,20240926,,,31.92,True
sz300832,20250724,,,-2.95,False
sz000906,20241112,,,17.18,False
sz300567,20240801,,,-7.81,False
sz003038,20250624,,,-6.05,False
sz002141,20240827,,,4.58,False
sz300187,20240812,,,-16.55,False
sz002426,20240815,,,4.12,False
sz000948,20240905,,,45.47,True
sz000566,20240813,,,-12.97,False
sz002075,20250210,,,-1.32,False
sz002808,20240905,,,-12.5,False
sz301337,20250630,,,1.61,False
sz000001,20240809,,,4.68,False
sz002512,20240926,,,32.96,True
sz300881,20250701,,,19.48,False
sz002846,20240930,,,-4.36,False
sz000528,20240731,,,-5.12,False
sz301379,20250905,,,25.28,True
sz300906,20251021,,,16.85,False
sz300200,20240806,,,-7.67,False
sz002191,20240927,,,5.4,False
sz000998,20240930,,,-8.71,False
sz300430,20240930,,,12.53,False
sz399416,20240927,,,12.06,False
sz301060,20250625,,,6.31,False
sz300119,20240930,,,-8.66,False
sz002322,20240924,,,2.12,False
sz000631,20240926,,,2.36,False
sz300705,20250701,,,-2.67,False
sz301507,20250904,,,-1.13,False
sz002571,20240926,,,3.04,False
