breakthrough_date,breakthrough_price,broke_ma_count,broke_p0_count,final_gain,held_ma120,held_ma120_days,held_p0,held_p0_days,ma120_at_breakthrough,max_gain,min_deviation_ma,min_deviation_p0,success,ts_code
20240927,13.45,0,3,0.82,True,10,False,7,12.95,16.28,0.0,-2.08,False,sh603035
20240902,3.42,0,0,0.0,True,10,True,10,3.32,5.56,0.0,0.0,False,sh600243
20250716,52.13,0,0,2.9,True,10,True,10,50.88,7.81,0.0,0.0,False,sh688698
20240920,4.32,0,0,16.66,True,10,True,10,4.25,30.53,0.0,0.0,False,sh600410
20240927,8.5,0,8,-3.18,True,10,False,2,8.05,7.76,0.0,-4.94,False,sh600597
20250716,30.15,0,1,17.68,True,10,False,9,29.82,17.68,0.0,-0.3,False,sh688448
20250624,61.81,0,0,2.96,True,10,True,10,61.37,7.57,0.0,0.0,False,sh688581
20250805,35.75,0,0,2.21,True,10,True,10,35.73,7.3,0.0,0.0,False,sh688255
20240807,5.85,4,10,-11.11,False,6,False,0,5.48,0.0,-5.94,-11.11,False,sh600969
20240806,13.92,2,0,3.74,False,8,True,10,13.89,6.9,-0.44,0.0,False,sh600114
20240930,5307.28,0,9,-2.36,True,10,False,1,4818.23,6.91,0.0,-6.97,False,sh000132
20240927,1.92,0,0,1.56,True,10,True,10,1.86,12.5,0.0,0.0,False,sh601996
20250701,86.6,10,10,-6.89,False,0,False,0,85.71,0.0,-5.72,-6.89,False,sh688361
20240912,3.51,4,4,15.67,False,6,False,6,3.5,15.67,-2.37,-2.56,False,sh600020
20240930,7.92,0,6,-2.15,True,10,False,4,7.33,3.54,0.0,-4.29,False,sh600673
20240731,5.89,1,5,0.51,False,9,False,5,5.75,1.19,-0.32,-2.21,False,sh601222
20240930,28.89,8,10,-1.49,False,2,False,0,28.32,0.0,-6.2,-8.24,False,sh600547
20240926,4731.33,0,0,8.65,True,10,True,10,4425.32,15.6,0.0,0.0,False,sh000006
20250630,66.21,8,8,0.54,False,2,False,2,65.98,0.54,-1.78,-1.66,False,sh688606
20240927,7.96,0,0,3.27,True,10,True,10,7.79,10.05,0.0,0.0,False,sh603898
20240926,5.24,0,0,9.34,True,10,True,10,5.21,14.3,0.0,0.0,False,sh600509
20240910,10.58,3,7,1.7,False,7,False,3,10.44,1.7,-2.75,-4.25,False,sh603218
20240927,2.65,0,0,4.53,True,10,True,10,2.6,14.72,0.0,0.0,False,sh600293
20250819,5.92,2,2,-2.03,False,8,False,8,5.89,3.55,-2.42,-3.38,False,sh603730
20251110,57.76,10,10,-13.63,False,0,False,0,55.99,0.0,-12.92,-15.18,False,sh688648
20251020,8.68,0,0,7.14,True,10,True,10,8.51,10.37,0.0,0.0,False,sh688285
20250627,31.28,7,4,4.03,False,3,False,6,31.24,4.03,-2.01,-1.53,False,sh688078
20240801,3.15,3,4,4.44,False,7,False,6,3.14,4.76,-0.95,-1.27,False,sh600339
20240926,3.33,0,0,2.55,True,10,True,10,3.27,7.78,0.0,0.0,False,sh900905
20240927,4.86,0,0,5.35,True,10,True,10,4.83,9.67,0.0,0.0,False,sh603101
20240930,4.64,0,9,-2.16,True,10,False,1,4.25,6.47,0.0,-6.68,False,sh600610
20240927,2.38,0,1,5.89,True,10,False,9,2.36,13.89,0.0,-0.84,False,sh601388
20251124,37.56,1,4,3.89,False,9,False,6,36.5,3.89,-0.75,-2.05,False,sh688551
20250804,84.1,2,5,-2.73,False,8,False,5,82.0,2.38,-1.4,-4.98,False,sh688036
20240930,2.95,2,8,-6.1,False,8,False,2,2.75,10.17,-2.03,-10.51,False,sh601908
20251212,66.28,1,2,3.03,False,9,False,8,65.4,3.03,-0.74,-1.45,False,sh603087
20241101,12.42,3,4,3.22,False,7,False,6,12.23,3.22,-1.26,-1.93,False,sh600377
20240926,16.64,0,0,7.09,True,10,True,10,16.45,18.99,0.0,0.0,False,sh600521
20250624,8.4,0,0,3.81,True,10,True,10,8.13,3.81,0.0,0.0,False,sh688660
20250929,6.61,0,0,7.11,True,10,True,10,6.34,9.83,0.0,0.0,False,sh688033
20240927,1345.11,0,0,4.27,True,10,True,10,1294.85,14.17,0.0,0.0,False,sh000853
20260206,25.9,8,9,-1.81,False,2,False,1,25.32,2.08,-3.47,-5.02,False,sh603978
20260401,83.9,0,3,15.24,True,10,False,7,81.33,15.24,0.0,-2.26,False,sh688800
20250724,25.3,1,7,-0.91,False,9,False,3,24.85,0.91,-0.33,-2.25,False,sh688349
20240930,3.62,1,6,-3.31,False,9,False,4,3.38,3.31,-0.53,-7.46,False,sh600792
20251024,7.94,0,0,10.96,True,10,True,10,7.91,14.74,0.0,0.0,False,sh688280
20240902,2.66,5,8,-4.14,False,5,False,2,2.59,0.0,-2.21,-4.51,False,sh600008
20240731,4.44,9,10,-13.27,False,1,False,0,4.11,0.0,-5.82,-13.27,False,sh600638
20240903,1.52,2,7,-3.29,False,8,False,3,1.52,5.26,-1.74,-5.26,False,sh600462
20251021,11.48,0,3,6.53,True,10,False,7,11.23,9.06,0.0,-1.66,False,sh688579
20240926,39.43,0,0,4.41,True,10,True,10,37.13,24.47,0.0,0.0,False,sh601689
20250901,81.13,6,9,-4.86,False,4,False,1,80.3,1.57,-2.44,-4.86,False,sh688050
20240930,3.5,6,9,-7.14,False,4,False,1,3.3,4.29,-1.88,-8.0,False,sh601113
20240930,7.31,1,9,-3.97,False,9,False,1,6.93,0.68,-2.93,-8.07,False,sh603167
20260204,71.46,6,10,-12.85,False,4,False,0,69.12,0.0,-10.58,-12.85,False,sh688399
20250711,13.09,5,8,1.38,False,5,False,2,13.01,1.38,-1.71,-2.29,False,sh605577
20240926,7.36,0,0,1.49,True,10,True,10,7.11,15.35,0.0,0.0,False,sh600742
20251124,13.62,0,0,17.18,True,10,True,10,13.04,17.18,0.0,0.0,False,sh688403
20251027,29.26,4,5,20.23,False,6,False,5,29.05,29.22,-3.81,-4.1,True,sh603052
20240801,11.92,9,9,-3.1,False,1,False,1,11.81,2.1,-3.61,-3.61,False,sh601069
20240902,10.32,9,9,-8.53,False,1,False,1,10.19,0.97,-6.88,-8.53,False,sh603787
20240731,18.0,2,4,3.61,False,8,False,6,17.52,3.61,-1.7,-3.72,False,sh600096
20240927,9.8,0,0,7.86,True,10,True,10,9.68,17.65,0.0,0.0,False,sh603519
20240925,18.78,0,0,6.82,True,10,True,10,18.6,25.4,0.0,0.0,False,sh601877
20250804,46.9,0,0,9.3,True,10,True,10,46.89,9.3,0.0,0.0,False,sh688080
20251014,18.23,3,2,-0.66,False,7,False,8,18.22,2.3,-2.1,-1.48,False,sh601838
20240930,6.58,0,8,1.52,True,10,False,2,6.14,6.38,0.0,-3.65,False,sh603803
20240826,7.76,0,0,7.09,True,10,True,10,7.68,8.25,0.0,0.0,False,sh600415
20260401,70.43,3,3,5.59,False,7,False,7,70.43,6.94,-5.09,-4.87,False,sh688233
20260325,20.3,2,3,1.77,False,8,False,7,20.22,4.24,-2.37,-2.02,False,sh603282
20240926,6.37,0,0,11.93,True,10,True,10,6.29,26.06,0.0,0.0,False,sh603528
20240920,2.0,0,0,49.0,True,10,True,10,1.99,49.0,0.0,0.0,True,sh600239
20240819,24.15,8,9,0.91,False,2,False,1,23.37,0.91,-8.42,-11.39,False,sh603186
20241008,14.09,10,10,-12.64,False,0,False,0,13.98,0.0,-15.31,-17.46,False,sh603566
20241008,17.14,10,10,-11.26,False,0,False,0,15.97,0.0,-6.62,-14.0,False,sh601808
20250905,42.27,7,7,-0.92,False,3,False,3,41.17,1.28,-3.19,-4.31,False,sh688136
20240812,6.13,0,0,3.75,True,3,True,3,5.98,3.75,0.0,0.0,False,sh600213
20240926,4.22,0,0,7.11,True,10,True,10,4.19,20.38,0.0,0.0,False,sh603001
20251124,58.91,5,5,4.02,False,5,False,5,58.91,4.02,-4.03,-2.72,False,sh688155
20240731,3.46,8,8,-1.44,False,2,False,2,3.44,0.29,-1.94,-2.31,False,sh600120
20240806,11.36,7,8,0.18,False,3,False,2,11.24,1.41,-7.23,-7.04,False,sh600773
20251218,18.23,9,10,-2.41,False,1,False,0,17.84,0.0,-1.98,-2.85,False,sh601059
20250630,41.25,5,8,0.58,False,5,False,2,40.9,0.58,-2.15,-3.2,False,sh688261
20240731,9.12,1,4,3.18,False,9,False,6,8.57,8.67,-2.24,-7.46,False,sh600894
20250714,31.89,6,10,-7.28,False,4,False,0,30.8,0.0,-3.71,-7.28,False,sh603063
20240926,7440.93,0,0,6.77,True,10,True,10,7248.23,19.67,0.0,0.0,False,sh000148
20240731,10.2,0,0,3.53,True,10,True,10,10.1,5.78,0.0,0.0,False,sh603998
20240925,7.74,0,0,7.36,True,10,True,10,7.71,28.02,0.0,0.0,False,sh600827
20240826,7.74,9,10,-18.48,False,1,False,0,7.18,0.0,-9.98,-18.48,False,sh603118
20250813,11.42,0,10,-4.9,True,10,False,0,10.39,0.0,0.0,-4.99,False,sh688548
20240927,9.59,0,0,9.49,True,10,True,10,9.49,15.12,0.0,0.0,False,sh600200
20240731,9.22,0,0,4.77,True,10,True,10,9.07,4.77,0.0,0.0,False,sh600573
20260113,27.55,7,7,-0.76,False,3,False,3,27.29,3.45,-2.6,-2.83,False,sh603683
20240731,3.6,3,8,-0.83,False,7,False,2,3.53,0.83,-0.6,-1.94,False,sh601216
20250729,73.0,0,5,2.23,True,10,False,5,70.95,2.23,0.0,-2.42,False,sh688798
20240812,36.06,2,2,2.91,False,8,False,8,35.87,3.41,-0.12,-0.61,False,sh601088
20240912,10.95,2,2,21.6,False,8,False,8,10.92,21.6,-0.94,-1.52,True,sh603881
20251015,52.97,0,0,16.46,True,10,True,10,50.37,16.46,0.0,0.0,False,sh688336
20240927,3.61,0,0,7.2,True,10,True,10,3.49,18.56,0.0,0.0,False,sh600624
20250710,8.1,0,0,5.68,True,10,True,10,8.05,5.68,0.0,0.0,False,sh603387
20250924,6.12,0,5,0.0,True,10,False,5,5.96,1.96,0.0,-1.96,False,sh603880
20240731,5.24,9,9,-5.72,False,1,False,1,5.22,0.57,-6.24,-5.72,False,sh600497
20250717,17.25,0,0,4.0,True,10,True,10,17.23,5.91,0.0,0.0,False,sh688378
20251126,24.53,0,1,1.22,True,10,False,9,22.37,5.42,0.0,-2.04,False,sh601089
20240923,18.4,2,3,2.39,False,8,False,7,17.88,8.75,-1.11,-3.42,False,sh600988
20240930,14.47,5,8,-5.87,False,5,False,2,13.75,4.7,-3.61,-9.19,False,sh600072
20260105,35.19,9,10,-8.53,False,1,False,0,33.51,0.0,-5.76,-9.97,False,sh603382
20250703,65.99,5,10,-3.68,False,5,False,0,60.42,0.0,-4.63,-10.62,False,sh688333
20240926,3.42,1,2,-3.51,False,9,False,8,3.33,13.47,-1.15,-3.51,False,sh600515
20240731,13.44,9,10,-6.4,False,1,False,0,13.18,0.0,-5.71,-6.4,False,sh600346
20240930,12.97,9,10,-11.72,False,1,False,0,12.65,0.0,-10.04,-13.26,False,sh601717
20260324,26.24,0,0,9.49,True,10,True,10,25.24,13.0,0.0,0.0,False,sh688350
20250811,18.22,0,2,4.83,True,10,False,8,17.8,4.83,0.0,-1.87,False,sh688299
20240930,88.81,0,5,-0.05,True,10,False,5,81.95,8.65,0.0,-1.82,False,sh601127
20240926,6.15,0,0,6.34,True,10,True,10,5.99,17.57,0.0,0.0,False,sh600325
20250624,27.04,1,2,0.92,False,9,False,8,26.76,2.66,-0.13,-1.18,False,sh688819
20240731,22.99,0,0,0.13,True,10,True,10,22.76,2.44,0.0,0.0,False,sh600196
20241008,21.47,10,10,-8.85,False,0,False,0,21.21,0.0,-12.77,-14.9,False,sh603960
20240807,5.04,0,1,3.17,True,10,False,9,4.99,5.36,0.0,-0.4,False,sh601169
20250702,1.77,0,0,1.69,True,10,True,10,1.73,9.04,0.0,0.0,False,sh601588
20240830,0.27,1,5,-0.37,False,9,False,5,0.26,11.19,-1.85,-4.1,False,sh900957
20240926,3.87,0,0,1.81,True,10,True,10,3.83,15.0,0.0,0.0,False,sh600738
20240930,15.28,1,9,-2.36,False,9,False,1,14.3,4.06,-1.05,-8.05,False,sh603029
20260105,3.5,6,3,-1.43,False,4,False,7,3.5,1.43,-1.78,-1.43,False,sh601326
20240930,2.7,9,9,-9.26,False,1,False,1,2.65,3.33,-7.28,-9.26,False,sh600396
20240920,9.63,0,0,7.06,True,10,True,10,9.39,23.37,0.0,0.0,False,sh600776
20250624,54.16,0,0,3.62,True,10,True,10,52.85,7.51,0.0,0.0,False,sh603486
20240814,32.38,0,3,0.09,True,10,False,7,32.05,2.35,0.0,-0.65,False,sh600211
20240927,3.66,0,0,6.56,True,10,True,10,3.6,17.76,0.0,0.0,False,sh601789
20250624,14.98,6,6,-2.34,False,4,False,4,14.96,1.8,-4.24,-4.34,False,sh688207
20251013,14.03,0,2,6.2,True,10,False,8,13.72,6.56,0.0,-0.93,False,sh603836
20240927,1841.66,0,0,2.18,True,10,True,10,1808.5,10.89,0.0,0.0,False,sh000160
20240930,5.48,0,9,-4.56,True,10,False,1,5.0,5.47,0.0,-8.94,False,sh603330
20240819,6.66,9,10,-7.66,False,1,False,0,6.45,0.0,-9.51,-12.76,False,sh600421
20250725,28.48,0,7,-0.7,True,10,False,3,28.02,2.67,0.0,-1.44,False,sh688380
20241107,6.98,7,10,-5.87,False,3,False,0,6.87,0.0,-5.84,-9.17,False,sh600975
20240926,2.54,0,0,2.75,True,10,True,10,2.49,14.15,0.0,0.0,False,sh600108
20250722,21.8,0,3,-0.18,True,10,False,7,21.5,3.26,0.0,-1.06,False,sh688249
20240918,5.33,0,0,9.38,True,10,True,10,5.27,21.76,0.0,0.0,False,sh600692
20240927,10.91,1,3,0.46,False,9,False,7,10.8,11.64,-0.01,-1.38,False,sh603587
20240925,2.74,0,0,11.68,True,10,True,10,2.7,31.39,0.0,0.0,False,sh600816
20251020,23.99,0,0,3.04,True,10,True,10,23.45,7.09,0.0,0.0,False,sh688199
20250723,48.8,0,0,31.45,True,10,True,10,47.19,37.27,0.0,0.0,True,sh688603
20251103,8.08,2,1,-0.5,False,8,False,9,8.07,1.11,-0.79,-0.5,False,sh601921
20240926,4.34,0,4,-1.61,True,10,False,6,4.15,11.75,0.0,-1.61,False,sh600858
20240821,3.54,10,10,-10.45,False,0,False,0,3.47,0.0,-8.03,-10.45,False,sh600676
20251216,6.14,8,10,-3.42,False,2,False,0,6.05,0.0,-2.24,-3.42,False,sh600874
20250721,39.64,6,7,1.56,False,4,False,3,39.31,1.56,-2.43,-2.7,False,sh603082
20240927,11.96,0,0,5.35,True,10,True,10,11.69,16.14,0.0,0.0,False,sh600372
20240927,48.44,9,9,-12.8,False,1,False,1,47.39,2.42,-10.74,-13.98,False,sh603979
20240802,8.75,10,10,-13.14,False,0,False,0,8.33,0.0,-9.5,-13.14,False,sh600615
20250702,8.35,0,2,0.48,True,10,False,8,8.24,2.16,0.0,-1.32,False,sh603105
20240731,15.94,10,10,-12.42,False,0,False,0,15.93,0.0,-13.14,-12.42,False,sh600875
20251215,18.68,7,9,-2.3,False,3,False,1,18.52,0.0,-2.36,-2.3,False,sh603231
20250806,69.49,0,6,3.83,True,10,False,4,66.64,3.83,0.0,-3.74,False,sh603662
20240731,9.3,10,10,-10.22,False,0,False,0,9.1,0.0,-8.99,-10.22,False,sh600592
20250624,5.72,0,0,5.59,True,10,True,10,5.67,5.59,0.0,0.0,False,sh600173
20240924,1.9,0,0,38.95,True,10,True,10,1.88,53.68,0.0,0.0,True,sh600208
20250717,14.01,8,10,-5.07,False,2,False,0,13.84,0.0,-2.89,-5.07,False,sh603305
20240927,6.94,0,0,2.59,True,10,True,10,6.9,12.68,0.0,0.0,False,sh600888
20250725,28.84,0,0,2.64,True,10,True,10,28.74,6.07,0.0,0.0,False,sh688107
20240926,7.15,0,0,9.23,True,10,True,10,7.13,13.99,0.0,0.0,False,sh600246
20240801,13.98,9,9,-8.58,False,1,False,1,13.97,0.93,-11.51,-9.58,False,sh603663
20240730,6.19,0,0,7.92,True,10,True,10,5.81,29.24,0.0,0.0,False,sh600721
20240925,1.88,0,0,11.17,True,10,True,10,1.88,25.0,0.0,0.0,False,sh603030
20240927,2.3,0,0,3.91,True,10,True,10,2.26,18.7,0.0,0.0,False,sh600172
20251014,5.7,2,3,6.49,False,8,False,7,5.67,6.49,-0.45,-0.53,False,sh601658
20240927,3454.09,0,0,14.39,True,10,True,10,3408.37,27.13,0.0,0.0,False,sh000137
20250826,56.77,0,1,10.22,True,10,False,9,55.34,12.74,0.0,-1.88,False,sh603786
20240920,12.98,0,1,11.17,True,10,False,9,12.74,27.04,0.0,-0.23,False,sh600476
20250924,21.39,0,0,4.72,True,10,True,10,21.22,9.12,0.0,0.0,False,sh688737
20250624,4.52,0,0,1.55,True,10,True,10,4.44,3.32,0.0,0.0,False,sh601068
20240926,10.03,0,0,13.26,True,10,True,10,9.78,16.25,0.0,0.0,False,sh603600
20240927,18.72,0,0,2.94,True,10,True,10,17.98,19.34,0.0,0.0,False,sh600111
20240927,20.76,0,3,-1.59,True,10,False,7,19.86,17.44,0.0,-3.52,False,sh600438
20251020,11.2,3,3,2.23,False,7,False,7,11.07,2.86,-1.6,-1.87,False,sh603535
20250624,17.72,0,6,0.28,True,10,False,4,17.54,0.9,0.0,-1.07,False,sh688584
20241021,8.36,5,5,8.37,False,5,False,5,8.29,11.0,-3.71,-4.67,False,sh603018
20250627,26.15,0,2,2.1,True,10,False,8,25.28,5.39,0.0,-0.88,False,sh603530
20251229,4.68,9,9,-5.77,False,1,False,1,4.65,0.43,-6.66,-5.77,False,sh603363
20250916,22.08,10,10,-12.45,False,0,False,0,21.68,0.0,-11.14,-12.45,False,sh603057
20250911,3.97,10,10,-3.53,False,0,False,0,3.96,0.0,-3.87,-4.03,False,sh600968
20240801,13.35,3,7,3.37,False,7,False,3,13.14,3.37,-1.61,-2.32,False,sh601811
20250625,26.14,6,5,-0.77,False,4,False,5,26.12,2.1,-1.93,-1.87,False,sh688161
20260105,24.91,0,2,4.26,True,10,False,8,23.81,9.84,0.0,-0.76,False,sh688236
20240731,6.49,0,2,6.01,True,10,False,8,6.34,6.01,0.0,-0.46,False,sh600177
20240731,3.66,8,10,-3.17,False,2,False,0,3.56,0.0,-1.66,-4.27,False,sh601375
20240926,3.71,3,5,-1.35,False,7,False,5,3.68,8.89,-1.2,-2.16,False,sh600724
20240927,1569.08,1,1,1.48,False,9,False,9,1568.36,5.49,-1.96,-1.97,False,sh000151
20240927,3.2,0,0,7.81,True,10,True,10,3.2,13.75,0.0,0.0,False,sh601188
20250709,24.34,6,5,-1.85,False,4,False,5,24.32,4.44,-4.0,-3.86,False,sh603629
20250717,76.66,4,6,19.14,False,6,False,4,76.26,19.14,-1.08,-1.58,False,sh688278
20240930,17.4,6,9,-5.06,False,4,False,1,15.88,6.55,-4.86,-13.85,False,sh603806
20240930,14.62,6,9,-4.72,False,4,False,1,13.72,5.81,-4.48,-10.87,False,sh603628
20240816,7.74,2,2,-7.23,False,8,False,8,7.72,3.1,-8.06,-7.23,False,sh601872
20250627,15.77,0,0,4.6,True,10,True,10,15.73,4.7,0.0,0.0,False,sh688085
20240926,17.76,0,0,1.46,True,10,True,10,16.95,24.38,0.0,0.0,False,sh603286
20240927,23.27,1,4,6.83,False,9,False,6,21.87,10.62,-0.24,-6.96,False,sh601595
20240927,4.07,0,0,2.7,True,10,True,10,4.05,13.02,0.0,0.0,False,sh603086
20240920,4.91,0,0,12.42,True,10,True,10,4.87,26.88,0.0,0.0,False,sh600797
20240927,5004.2,0,0,9.68,True,10,True,10,4805.88,19.34,0.0,0.0,False,sh000856
20251209,54.28,7,8,-3.41,False,3,False,2,52.87,5.01,-4.55,-6.69,False,sh688302
20260226,55.0,9,10,-11.45,False,1,False,0,53.66,0.0,-9.35,-12.2,False,sh688665
20250625,15.87,0,1,2.77,True,10,False,9,15.77,8.13,0.0,-0.5,False,sh603933
20250624,36.18,7,6,-4.59,False,3,False,4,36.06,2.24,-7.87,-6.08,False,sh603583
20250804,15.55,0,0,20.9,True,10,True,10,15.4,20.9,0.0,0.0,True,sh603219
20250716,25.81,4,9,-10.19,False,6,False,1,23.62,0.81,-3.88,-10.19,False,sh603950
20250624,3.65,2,5,0.0,False,8,False,5,3.64,1.37,-0.71,-2.19,False,sh688055
20240731,0.53,4,10,-0.19,False,6,False,0,0.52,0.0,-1.5,-3.04,False,sh900928
20240808,8.27,10,10,-14.03,False,0,False,0,8.25,0.0,-13.06,-14.03,False,sh601116
20251201,59.63,10,10,-3.42,False,0,False,0,59.11,0.0,-5.03,-5.15,False,sh603257
20240815,4.92,7,9,-6.3,False,3,False,1,4.9,0.61,-5.07,-6.3,False,sh601158
20240807,7.61,2,3,2.5,False,8,False,7,7.56,5.39,-0.88,-1.45,False,sh600642
20250320,6.66,2,4,2.55,False,8,False,6,6.6,2.55,-1.49,-2.1,False,sh600011
20250630,41.39,0,0,8.87,True,10,True,10,40.18,13.82,0.0,0.0,False,sh688503
20240906,5.28,8,9,-2.65,False,2,False,1,5.05,5.3,-6.35,-11.55,False,sh600576
20251114,42.92,10,10,-4.17,False,0,False,0,42.21,0.0,-7.87,-8.67,False,sh688484
20240926,8.36,0,0,4.07,True,10,True,10,8.32,13.64,0.0,0.0,False,sh600822
20240930,2590.19,7,9,-6.77,False,3,False,1,2459.54,1.04,-2.5,-7.45,False,sh000079
20240806,7.54,5,8,-7.96,False,5,False,2,7.37,0.53,-6.21,-7.96,False,sh603229
20241018,4.06,0,4,17.0,True,10,False,6,3.81,21.67,0.0,-4.93,False,sh600538
20250624,29.22,0,1,2.45,True,10,False,9,28.8,2.45,0.0,-0.53,False,sh603205
20240909,4.22,10,10,-6.64,False,0,False,0,4.15,0.0,-7.95,-12.09,False,sh600841
20241008,7.0,10,10,-7.71,False,0,False,0,6.81,0.0,-7.22,-10.43,False,sh603903
20240926,3.38,0,0,4.14,True,10,True,10,3.31,15.08,0.0,0.0,False,sh600308
20251015,38.43,2,2,1.38,False,8,False,8,37.78,1.46,-1.9,-2.39,False,sh688180
20240830,1.4,6,10,-6.3,False,4,False,0,1.37,0.0,-3.91,-6.3,False,sh900934
20240731,31.44,7,10,-9.16,False,3,False,0,30.72,0.0,-7.98,-9.76,False,sh603383
20251201,54.83,4,9,-6.88,False,6,False,1,52.56,0.33,-4.49,-6.88,False,sh688049
20250924,14.15,0,0,0.71,True,10,True,10,13.96,6.43,0.0,0.0,False,sh688560
20240731,13.48,7,9,-2.8,False,3,False,1,13.26,1.93,-3.53,-5.17,False,sh600621
20250707,15.75,9,9,2.41,False,1,False,1,15.74,2.41,-2.55,-2.73,False,sh600989
20250902,9.03,7,10,-2.32,False,3,False,0,8.93,0.0,-1.85,-2.44,False,sh601939
20250729,15.72,2,5,4.71,False,8,False,5,15.35,4.71,-1.1,-3.37,False,sh688007
20241025,2.85,0,0,34.39,True,10,True,10,2.73,34.39,0.0,0.0,True,sh603879
20240905,1.64,1,5,-3.12,False,9,False,5,1.61,2.69,-0.11,-3.12,False,sh600715
20240904,10.09,1,5,4.16,False,9,False,5,9.67,6.94,-1.29,-5.95,False,sh600272
20260306,16.02,3,8,-13.17,False,7,False,2,15.39,1.31,-10.37,-13.17,False,sh603182
20250624,22.31,0,0,10.89,True,10,True,10,21.75,10.89,0.0,0.0,False,sh688133
20240927,7.61,0,0,4.73,True,10,True,10,7.4,11.43,0.0,0.0,False,sh601369
20250924,19.25,1,8,-0.26,False,9,False,2,19.01,0.78,-0.98,-2.08,False,sh688479
20250114,9.66,3,8,-1.45,False,7,False,2,9.5,0.31,-1.35,-1.45,False,sh600958
20240930,6.11,3,9,-5.73,False,7,False,1,5.75,2.13,-1.99,-7.36,False,sh600125
20240927,8.14,2,5,-0.7,False,8,False,5,7.88,12.66,-0.85,-2.37,False,sh603067
20250929,24.9,4,5,1.04,False,6,False,5,24.47,3.49,-1.97,-2.41,False,sh688150
20250725,75.0,8,10,-5.76,False,2,False,0,74.7,0.0,-4.07,-5.76,False,sh688099
20240927,19.77,8,8,-8.56,False,2,False,2,19.72,5.53,-10.64,-11.88,False,sh603505
20240731,2.9,9,10,-2.07,False,1,False,0,2.88,0.0,-3.11,-3.45,False,sh601016
20250708,11.26,0,1,2.13,True,10,False,9,11.14,2.31,0.0,-0.8,False,sh688432
20240926,5.9,0,0,5.59,True,10,True,10,5.86,17.28,0.0,0.0,False,sh603318
20240924,13.66,1,1,1.17,False,9,False,9,13.61,13.84,-0.14,-0.51,False,sh601058
20251218,17.25,0,1,3.3,True,10,False,9,16.86,3.3,0.0,-0.12,False,sh688681
20240927,5.33,0,0,3.0,True,10,True,10,5.23,14.45,0.0,0.0,False,sh600409
20250710,8.64,5,5,2.31,False,5,False,5,8.58,4.05,-0.81,-1.39,False,sh603357
20251128,25.63,7,9,-3.04,False,3,False,1,25.32,0.2,-3.4,-4.56,False,sh688178
20240830,5.12,9,10,-12.11,False,1,False,0,5.0,0.0,-10.05,-12.11,False,sh601668
20240930,11.05,8,10,-8.33,False,2,False,0,10.54,0.0,-6.0,-10.77,False,sh600970
20240808,10.5,10,10,-9.14,False,0,False,0,10.48,0.0,-8.82,-9.14,False,sh600697
20240731,7.66,8,10,-3.26,False,2,False,0,7.52,0.0,-2.47,-4.05,False,sh600710
20250624,24.74,2,2,3.56,False,8,False,8,24.64,3.56,-0.89,-0.44,False,sh688598
20240815,6.79,7,7,7.36,False,3,False,3,6.77,7.36,-3.12,-3.68,False,sh600143
20260107,65.49,2,2,-3.11,False,8,False,8,62.92,10.09,-0.97,-3.53,False,sh688202
20260323,31.11,2,2,-5.43,False,8,False,8,30.93,4.11,-4.12,-5.43,False,sh603529
20250711,35.0,0,0,5.91,True,10,True,10,34.92,7.4,0.0,0.0,False,sh688651
20240926,4.33,0,0,3.23,True,10,True,10,3.93,15.02,0.0,0.0,False,sh600510
20240919,8.26,0,2,15.25,True,10,False,8,7.93,26.51,0.0,-2.78,False,sh600343
20240730,6.0,3,7,-6.83,False,7,False,3,5.61,3.33,-3.33,-6.83,False,sh603766
20251125,10.27,1,3,2.34,False,9,False,7,10.05,3.02,-0.23,-1.36,False,sh688565
20250815,18.95,3,3,-0.84,False,7,False,7,18.9,4.33,-2.61,-0.84,False,sh603949
20250630,59.63,1,2,3.69,False,9,False,8,59.09,3.96,-0.12,-1.07,False,sh688185
20240930,6.58,1,2,13.78,False,9,False,8,6.28,29.92,-0.61,-5.32,False,sh600039
20240927,2.55,8,8,-3.14,False,2,False,2,2.55,10.2,-3.99,-5.1,False,sh600844
20240927,8.22,0,0,29.32,True,10,True,10,8.07,29.32,0.0,0.0,True,sh603906
20240927,44.08,2,3,5.22,False,8,False,7,42.98,17.92,-1.56,-4.67,False,sh603728
20250117,0.11,9,10,-12.5,False,1,False,0,0.11,0.0,-10.11,-13.39,False,sh900952
20241101,3.52,0,1,1.42,True,10,False,9,3.33,30.68,0.0,-1.99,False,sh600193
20240730,4.22,8,8,-9.0,False,2,False,2,4.08,3.08,-8.99,-11.37,False,sh600609
20240926,3.6,0,0,3.89,True,10,True,10,3.48,16.97,0.0,0.0,False,sh600320
20260108,34.5,0,0,9.07,True,10,True,10,34.16,9.07,0.0,0.0,False,sh688061
20250625,17.4,2,2,1.2,False,8,False,8,17.33,2.17,-1.08,-1.51,False,sh688355
20240816,3.77,9,9,-1.06,False,1,False,1,3.76,0.8,-4.65,-5.31,False,sh600869
20240930,2.95,7,9,-6.1,False,3,False,1,2.91,2.03,-2.93,-9.83,False,sh600387
20240927,7.93,3,4,-1.01,False,7,False,6,7.86,13.87,-3.01,-4.04,False,sh600596
20250716,34.2,10,10,-5.03,False,0,False,0,34.03,0.0,-5.98,-5.03,False,sh603666
20250724,34.0,0,0,16.97,True,10,True,10,33.66,16.97,0.0,0.0,False,sh688699
20251110,17.52,5,6,-8.79,False,5,False,4,17.35,3.14,-8.35,-8.79,False,sh605077
20251105,63.29,3,4,-5.07,False,7,False,6,62.6,3.07,-5.48,-5.07,False,sh688103
20240927,3.61,0,0,5.82,True,10,True,10,3.58,16.34,0.0,0.0,False,sh603980
20240801,10.36,10,10,-5.21,False,0,False,0,10.34,0.0,-7.69,-7.05,False,sh600176
20240930,16.53,4,8,-1.57,False,6,False,2,15.34,7.02,-2.92,-10.04,False,sh603667
20240930,2.83,5,5,9.89,False,5,False,5,2.8,11.31,-4.36,-5.3,False,sh600725
20250624,19.1,0,8,0.31,True,10,False,2,18.25,0.47,0.0,-3.77,False,sh688733
20240926,5.29,0,0,11.53,True,10,True,10,4.95,14.18,0.0,0.0,False,sh601997
20240927,3774.3,0,0,12.23,True,10,True,10,3760.03,21.93,0.0,0.0,False,sh000133
20240927,3.94,8,8,-8.12,False,2,False,2,3.82,5.08,-7.31,-9.64,False,sh600115
20240926,6.43,0,0,5.91,True,10,True,10,6.35,14.77,0.0,0.0,False,sh600746
20260114,15.44,0,0,22.09,True,4,True,4,15.29,22.15,0.0,0.0,True,sh603056
20251021,48.17,2,2,8.2,False,8,False,8,48.07,12.37,-2.77,-2.66,False,sh688580
20260126,9.8,6,6,-2.76,False,4,False,4,9.76,2.04,-3.4,-3.67,False,sh601022
20240927,13.01,0,5,-1.23,True,10,False,5,12.52,7.69,0.0,-3.15,False,sh600508
20240731,4.7,0,0,4.47,True,10,True,10,4.63,7.45,0.0,0.0,False,sh600812
20240927,31.21,4,6,-7.21,False,6,False,4,30.63,13.68,-6.96,-9.39,False,sh603899
20240806,7.13,10,10,-3.92,False,0,False,0,7.03,0.0,-3.47,-3.92,False,sh601117
20240807,8.91,10,10,-6.06,False,0,False,0,8.87,0.0,-6.36,-6.06,False,sh600021
20251024,21.15,1,0,0.71,False,9,True,10,21.01,10.83,-0.08,0.0,False,sh688360
20240920,2.36,1,1,11.44,False,9,False,9,2.35,40.25,-0.26,-0.85,False,sh600376
20240904,4.28,2,4,3.97,False,8,False,6,4.22,5.84,-1.87,-3.5,False,sh600525
20251212,45.84,9,10,-3.03,False,1,False,0,45.17,0.0,-3.1,-4.32,False,sh688550
20241218,7.95,10,10,-16.6,False,0,False,0,7.87,0.0,-19.61,-16.6,False,sh600611
20240927,18.32,0,2,2.68,True,10,False,8,17.64,12.89,0.0,-1.53,False,sh603100
20240926,0.49,0,0,6.38,True,10,True,10,0.49,18.11,0.0,0.0,False,sh900904
20240930,4.48,4,8,5.8,False,6,False,2,4.4,5.8,-2.95,-5.8,False,sh603429
20250908,27.66,9,10,-2.53,False,1,False,0,27.49,0.0,-2.2,-2.53,False,sh603235
20240731,7.95,9,9,-8.81,False,1,False,1,7.68,0.13,-7.19,-9.69,False,sh603936
20240927,35.19,1,7,-2.56,False,9,False,3,33.68,9.18,-0.73,-5.03,False,sh600009
20240930,7.37,9,9,-15.33,False,1,False,1,6.86,3.12,-10.44,-18.04,False,sh603718
20240926,9.35,0,0,6.52,True,10,True,10,9.28,11.66,0.0,0.0,False,sh600793
20250721,44.19,0,0,2.2,True,10,True,10,44.17,4.64,0.0,0.0,False,sh688348
20251124,36.05,3,1,4.24,False,7,False,9,35.79,4.24,-3.62,-1.75,False,sh603757
20240927,5136.44,0,0,11.93,True,10,True,10,4979.7,20.74,0.0,0.0,False,sh000852
20250722,10.32,9,9,-1.07,False,1,False,1,10.25,0.68,-4.76,-5.04,False,sh688306
20250708,104.27,5,10,-1.55,False,5,False,0,101.98,0.0,-1.42,-3.54,False,sh688032
20240830,18.17,3,8,-7.32,False,7,False,2,17.89,1.43,-2.37,-7.32,False,sh600520
20250326,176.31,0,0,0.57,True,10,True,10,176.07,0.57,0.0,0.0,False,sh000061
20250723,137.38,0,0,8.49,True,10,True,10,133.06,9.03,0.0,0.0,False,sh688536
20240731,18.36,5,8,-10.46,False,5,False,2,17.31,3.0,-7.08,-10.46,False,sh600990
20240927,5.03,0,1,1.79,True,10,False,9,4.88,12.52,0.0,-0.4,False,sh603166
20240926,3.59,0,0,10.31,True,10,True,10,3.57,25.63,0.0,0.0,False,sh600310
20251222,39.98,1,5,1.33,False,9,False,5,38.25,8.33,-0.4,-4.13,False,sh688051
20240906,12.18,1,4,6.98,False,9,False,6,12.14,6.98,-0.05,-0.41,False,sh601688
20260120,59.45,5,8,-3.26,False,5,False,2,58.51,1.09,-4.27,-5.4,False,sh603400
20251215,101.12,3,3,5.49,False,7,False,7,100.87,7.8,-1.06,-1.15,False,sh688578
20241008,9.38,9,9,0.43,False,1,False,1,9.06,0.43,-8.86,-13.01,False,sh603955
20240927,5.61,3,4,-2.5,False,7,False,6,5.55,10.16,-2.14,-4.1,False,sh603128
20240925,9.89,0,0,12.75,True,10,True,10,9.84,30.65,0.0,0.0,False,sh600639
20250821,9.28,9,7,0.22,False,1,False,3,9.27,1.19,-2.67,-2.26,False,sh600025
20240930,8.72,0,9,-4.24,True,10,False,1,8.14,2.29,0.0,-6.88,False,sh600097
20251031,21.21,1,6,1.93,False,9,False,4,20.19,2.12,-0.69,-3.91,False,sh603367
20250916,11.72,10,10,-4.95,False,0,False,0,11.65,0.0,-5.56,-5.89,False,sh603329
20260206,26.83,0,1,10.7,True,10,False,9,26.46,10.7,0.0,-0.26,False,sh688251
20240927,2.92,0,0,4.79,True,10,True,10,2.78,14.73,0.0,0.0,False,sh603601
20240920,1.28,0,1,12.5,True,10,False,9,1.24,26.56,0.0,-1.56,False,sh600743
20240930,3.81,0,9,-6.82,True,10,False,1,3.46,9.97,0.0,-10.76,False,sh600110
20250701,23.2,2,3,-0.26,False,8,False,7,22.9,7.5,-2.06,-3.32,False,sh605011
20250819,26.7,1,9,4.61,False,9,False,1,25.89,4.61,-2.66,-7.45,False,sh688165
20240930,26.66,3,5,3.11,False,7,False,5,25.14,10.05,-3.48,-9.19,False,sh603031
20250801,37.89,0,0,12.91,True,10,True,10,36.33,12.91,0.0,0.0,False,sh603283
20260112,32.09,0,7,-5.58,True,10,False,3,27.72,3.18,0.0,-5.58,False,sh688232
20250624,17.71,7,7,-1.58,False,3,False,3,17.6,1.02,-2.38,-2.88,False,sh688106
20240801,2.78,9,9,-0.36,False,1,False,1,2.77,0.36,-3.75,-3.96,False,sh601616
20240926,2627.37,0,0,5.67,True,10,True,10,2536.48,15.55,0.0,0.0,False,sh000155
20251113,2.85,10,10,-12.28,False,0,False,0,2.81,0.0,-12.74,-14.39,False,sh603557
20240927,6701.54,0,0,4.68,True,10,True,10,6391.35,15.22,0.0,0.0,False,sh000966
20240930,4.18,2,7,7.65,False,8,False,3,4.06,7.65,-1.78,-5.02,False,sh600711
20250728,9.22,9,10,-1.19,False,1,False,0,9.13,0.0,-3.37,-4.56,False,sh605377
20240927,21.49,0,4,0.98,True,10,False,6,20.44,17.22,0.0,-1.3,False,sh603000
20260113,49.6,0,8,-0.2,True,10,False,2,43.06,7.26,0.0,-7.58,False,sh688137
20240806,42.71,8,7,-1.55,False,2,False,3,42.62,1.69,-1.93,-1.87,False,sh600276
20240806,11.09,6,7,-3.16,False,4,False,3,10.99,0.72,-2.73,-3.16,False,sh603567
20240927,54.07,0,6,-2.46,True,10,False,4,49.72,8.75,0.0,-5.31,False,sh603833
20251219,5.74,8,10,-2.09,False,2,False,0,5.61,0.0,-1.18,-2.61,False,sh603335
20240927,7.95,8,8,-7.17,False,2,False,2,7.71,7.3,-5.11,-8.55,False,sh600238
20240924,4.99,0,0,9.02,True,10,True,10,4.98,21.86,0.0,0.0,False,sh603999
20240731,4736.64,9,10,-2.58,False,1,False,0,4725.34,0.0,-2.69,-2.82,False,sh000934
20240816,3520.33,2,2,-1.77,False,8,False,8,3519.23,2.21,-1.89,-1.77,False,sh000149
20240927,11.61,0,0,15.13,True,10,True,10,11.25,15.13,0.0,0.0,False,sh603319
20240927,1.76,0,0,1.7,True,10,True,10,1.72,13.07,0.0,0.0,False,sh600408
20260121,49.62,3,2,1.39,False,7,False,8,49.41,5.46,-0.52,-0.85,False,sh603062
20240927,8.97,0,0,3.68,True,10,True,10,8.65,17.5,0.0,0.0,False,sh600392
20260105,30.93,0,3,11.02,True,10,False,7,29.4,17.62,0.0,-3.07,False,sh688260
20250902,8.85,10,10,-5.99,False,0,False,0,8.71,0.0,-5.28,-5.99,False,sh601825
20250625,35.25,2,1,8.37,False,8,False,9,35.15,11.86,-2.58,-2.55,False,sh688433
20240930,11.12,4,9,-4.23,False,6,False,1,10.6,5.21,-1.56,-6.65,False,sh603630
20240927,3.39,0,0,6.19,True,10,True,10,3.35,12.68,0.0,0.0,False,sh600121
20240927,4905.48,0,1,1.31,True,10,False,9,4812.46,11.46,0.0,-1.92,False,sh000107
20240924,10.82,0,0,21.63,True,10,True,10,10.23,40.11,0.0,0.0,True,sh600446
20251020,14.0,0,3,1.79,True,10,False,7,13.71,6.0,0.0,-0.86,False,sh688707
20240816,5.8,2,2,-4.83,False,8,False,8,5.76,2.93,-4.83,-4.83,False,sh600015
20240926,1.92,0,0,7.81,True,10,True,10,1.91,19.79,0.0,0.0,False,sh600868
20250625,5.56,1,2,6.83,False,9,False,8,5.51,6.83,-0.21,-1.08,False,sh603682
20240930,4.77,6,9,-7.33,False,4,False,1,4.44,3.98,-2.64,-9.64,False,sh600572
20250708,27.15,0,0,4.75,True,10,True,10,27.06,4.75,0.0,0.0,False,sh688633
20240906,5.5,8,9,-2.18,False,2,False,1,5.39,2.36,-4.27,-6.72,False,sh600826
20250624,14.74,0,0,3.51,True,10,True,10,14.37,3.51,0.0,0.0,False,sh603201
20240926,2.57,0,0,2.72,True,10,True,10,2.48,16.73,0.0,0.0,False,sh600496
20250701,36.81,10,10,-9.59,False,0,False,0,36.23,0.0,-7.73,-9.59,False,sh688337
20250625,18.17,0,0,5.5,True,10,True,10,18.15,6.99,0.0,0.0,False,sh605177
20240926,1994.07,0,0,13.2,True,10,True,10,1979.57,34.62,0.0,0.0,False,sh000828
20240927,12.3,0,6,-2.68,True,10,False,4,11.34,9.92,0.0,-6.1,False,sh603885
20250819,109.0,0,0,3.36,True,10,True,10,105.25,17.43,0.0,0.0,False,sh688332
20240830,5.95,1,2,-1.68,False,9,False,8,5.87,1.51,-0.25,-1.68,False,sh600073
20240926,79.97,3,3,-5.25,False,7,False,7,79.83,16.32,-5.03,-5.25,False,sh600309
20250624,29.74,1,1,1.88,False,9,False,9,29.54,4.64,-0.18,-0.94,False,sh688181
20250624,53.66,2,1,6.75,False,8,False,9,53.37,7.6,-1.86,-0.07,False,sh688048
20251113,37.84,4,6,7.9,False,6,False,4,36.53,7.9,-5.38,-7.53,False,sh603130
20260121,14.12,4,4,-4.89,False,6,False,6,14.08,1.7,-5.26,-4.89,False,sh605208
20250929,11.94,8,7,0.75,False,2,False,3,11.93,0.75,-3.0,-2.51,False,sh603700
20240927,16.87,2,6,-2.79,False,8,False,4,16.53,6.52,-1.64,-4.45,False,sh601168
20240925,4.15,0,0,11.08,True,10,True,10,4.07,18.55,0.0,0.0,False,sh600539
20250905,53.77,0,4,9.54,True,10,False,6,52.2,9.54,0.0,-2.31,False,sh603267
20240930,18.64,9,10,-12.61,False,1,False,0,17.12,0.0,-7.52,-15.88,False,sh600197
20240930,8.75,0,7,-3.54,True,10,False,3,8.1,3.54,0.0,-5.48,False,sh603686
20250624,47.12,5,8,-2.16,False,5,False,2,46.41,1.49,-2.83,-3.16,False,sh688065
20250729,32.79,1,6,3.26,False,9,False,4,32.21,3.26,-0.65,-2.44,False,sh605111
20240730,0.26,10,10,-1.14,False,0,False,0,0.26,0.0,-2.0,-2.28,False,sh900918
20240816,10.85,4,7,-1.84,False,6,False,3,10.62,1.11,-2.35,-4.42,False,sh603701
20240919,4.1,0,1,34.88,True,10,False,9,4.07,66.34,0.0,-0.49,True,sh600643
20240926,2.92,0,0,4.8,True,10,True,10,2.89,11.66,0.0,0.0,False,sh601212
20250630,27.35,1,3,2.71,False,9,False,7,27.01,2.71,-0.3,-1.86,False,sh688298
20250711,281.46,0,3,25.36,True,10,False,7,267.47,25.36,0.0,-1.31,True,sh688502
20250701,8.23,9,9,-0.49,False,1,False,1,8.23,0.49,-0.78,-0.85,False,sh600916
20240924,15.02,0,0,12.45,True,10,True,10,14.74,38.95,0.0,0.0,False,sh601788
20251010,21.64,5,6,0.18,False,5,False,4,21.44,3.51,-2.05,-1.94,False,sh688151
20250725,69.28,0,8,-6.18,True,10,False,2,65.72,0.61,0.0,-6.18,False,sh688702
20240927,15.96,0,2,3.07,True,10,False,8,15.63,20.8,0.0,-2.19,False,sh601012
20240927,97.19,0,0,12.54,True,10,True,10,95.86,20.49,0.0,0.0,False,sh603501
20240925,4.95,0,0,6.67,True,10,True,10,4.94,18.79,0.0,0.0,False,sh600210
20240926,9.5,0,0,3.16,True,10,True,10,9.37,16.42,0.0,0.0,False,sh603066
20240924,2.05,0,0,8.29,True,10,True,10,2.01,19.51,0.0,0.0,False,sh600397
20250624,54.37,5,5,-2.51,False,5,False,5,53.04,2.72,-5.17,-4.7,False,sh688685
20240925,6.25,0,1,0.64,True,10,False,9,6.21,15.84,0.0,-1.28,False,sh603028
20241008,19.85,10,10,-5.19,False,0,False,0,19.21,0.0,-9.96,-13.15,False,sh603855
20240925,9.05,0,0,22.1,True,10,True,10,8.86,40.55,0.0,0.0,True,sh600739
20250624,30.06,1,6,3.13,False,9,False,4,29.41,3.13,-0.69,-2.86,False,sh688478
20250904,30.68,0,0,2.05,True,10,True,10,30.47,11.18,0.0,0.0,False,sh605296
20240926,3189.28,0,0,8.78,True,10,True,10,2986.83,20.64,0.0,0.0,False,sh000952
20250624,21.36,0,2,2.9,True,10,False,8,21.04,2.9,0.0,-1.17,False,sh603004
20240926,3.03,0,0,0.99,True,10,True,10,2.93,13.2,0.0,0.0,False,sh600693
20240925,7.74,0,0,14.99,True,10,True,10,7.65,37.86,0.0,0.0,False,sh600109
20240926,11.17,0,0,2.42,True,10,True,10,10.74,23.9,0.0,0.0,False,sh600420
20240927,1369.76,0,0,6.39,True,10,True,10,1331.75,19.04,0.0,0.0,False,sh000161
20251020,14.57,0,0,9.33,True,10,True,10,14.47,10.09,0.0,0.0,False,sh688455
20251126,33.77,0,0,4.86,True,10,True,10,33.73,8.59,0.0,0.0,False,sh688206
20240927,7.47,0,0,4.42,True,10,True,10,7.34,15.66,0.0,0.0,False,sh600714
20240930,11.45,0,7,13.97,True,10,False,3,10.73,13.97,0.0,-6.11,False,sh603656
20240927,5.16,0,2,-0.19,True,10,False,8,5.06,11.83,0.0,-1.55,False,sh601226
20240731,14.52,0,6,-6.96,True,10,False,4,13.28,4.82,0.0,-6.96,False,sh600859
20251103,15.0,10,10,-8.6,False,0,False,0,14.98,0.0,-11.53,-11.0,False,sh688365
20250924,8.49,3,1,-2.36,False,7,False,9,8.39,3.77,-3.01,-2.36,False,sh688602
20251119,253.73,0,4,6.67,True,10,False,6,241.63,6.67,0.0,-3.04,False,sh603129
20250729,110.34,1,3,9.02,False,9,False,7,107.86,11.37,-2.34,-4.5,False,sh688198
20240830,5.37,1,7,6.33,False,9,False,3,4.92,6.33,-1.06,-9.5,False,sh600543
20240924,9.02,0,0,14.41,True,10,True,10,8.84,32.7,0.0,0.0,False,sh600817
20240821,12.52,10,10,-12.06,False,0,False,0,12.18,0.0,-11.79,-14.54,False,sh603586
20251112,12.86,5,5,-1.71,False,5,False,5,12.79,2.02,-4.92,-5.21,False,sh603230
20250627,58.76,1,8,-0.9,False,9,False,2,58.15,2.76,-0.97,-2.57,False,sh688281
20240926,0.5,0,0,17.2,True,10,True,10,0.49,24.0,0.0,0.0,False,sh900901
20250820,20.73,4,5,-0.63,False,6,False,5,20.58,4.25,-1.51,-2.46,False,sh605108
20240926,13.75,0,0,3.56,True,10,True,10,13.72,12.44,0.0,0.0,False,sh600373
20260302,113.74,1,4,4.52,False,9,False,6,109.98,11.01,-0.99,-4.0,False,sh603083
20251208,46.69,0,0,12.42,True,10,True,10,44.29,17.05,0.0,0.0,False,sh688661
20250710,13.71,0,10,-6.56,True,10,False,0,12.76,0.0,0.0,-6.56,False,sh603719
20251218,11.7,0,0,4.79,True,10,True,10,11.58,4.79,0.0,0.0,False,sh603937
20241008,13.08,10,10,-12.61,False,0,False,0,12.81,0.0,-15.21,-19.8,False,sh603985
20240927,9.03,0,0,3.99,True,10,True,10,9.02,11.52,0.0,0.0,False,sh600720
20240731,41.62,8,9,-1.56,False,2,False,1,40.74,0.29,-4.64,-5.91,False,sh603556
20250808,107.49,10,10,-0.42,False,0,False,0,107.3,0.0,-2.57,-2.78,False,sh600941
20240730,4.79,1,1,18.37,False,9,False,9,4.78,18.37,-0.83,-1.04,False,sh600889
20241008,8.22,10,10,-8.88,False,0,False,0,7.86,0.0,-8.9,-14.11,False,sh603518
20250625,18.8,3,0,0.69,False,7,True,10,18.74,10.69,-0.83,0.0,False,sh688081
20260316,8.97,9,10,-11.82,False,1,False,0,8.59,0.0,-9.83,-12.71,False,sh688148
20240930,19.93,8,10,-6.02,False,2,False,0,18.91,0.0,-8.38,-14.3,False,sh600593
20240926,7.94,0,0,2.52,True,10,True,10,7.88,16.49,0.0,0.0,False,sh603861
20260305,113.49,0,0,8.85,True,10,True,10,112.95,19.83,0.0,0.0,False,sh688585
20250624,9.18,0,0,2.4,True,10,True,10,9.15,2.51,0.0,0.0,False,sh603053
20240913,2.39,0,1,18.83,True,10,False,9,2.26,18.83,0.0,-0.42,False,sh600439
20240816,6.9,8,8,8.69,False,2,False,2,6.89,8.69,-4.73,-4.64,False,sh603328
20260121,20.15,0,1,15.04,True,10,False,9,19.43,16.03,0.0,-1.24,False,sh688398
20250905,30.96,1,2,-1.58,False,9,False,8,30.6,1.55,-0.54,-1.58,False,sh603860
20240926,1.56,0,0,3.21,True,10,True,10,1.49,16.67,0.0,0.0,False,sh601992
20240926,2.35,0,0,2.55,True,10,True,10,2.34,19.97,0.0,0.0,False,sh600477
20240926,3.99,0,0,1.25,True,10,True,10,3.94,16.31,0.0,0.0,False,sh603366
20240930,12037.78,0,9,-3.87,True,10,False,1,11330.46,1.68,0.0,-5.7,False,sh000136
20240930,1.29,8,9,-12.4,False,2,False,1,1.2,2.33,-6.22,-13.95,False,sh600221
20251021,14.81,0,1,4.86,True,10,False,9,14.55,5.81,0.0,-0.68,False,sh600927
20250714,93.51,0,1,3.95,True,10,False,9,89.78,7.13,0.0,-1.8,False,sh688160
20250724,84.44,10,10,-2.78,False,0,False,0,83.48,0.0,-2.79,-3.85,False,sh603605
20250730,44.43,4,6,5.72,False,6,False,4,44.08,6.77,-1.84,-2.68,False,sh688449
20240920,1.9,1,1,17.37,False,9,False,9,1.89,33.68,-0.29,-1.05,False,sh600708
20240924,11.64,0,0,12.8,True,10,True,10,11.54,16.41,0.0,0.0,False,sh600926
20240731,43.63,9,10,-10.98,False,1,False,0,43.29,0.0,-11.86,-11.37,False,sh603019
20250624,14.87,0,1,3.23,True,10,False,9,14.26,3.23,0.0,-1.08,False,sh603848
20250911,80.84,1,3,8.46,False,9,False,7,78.74,12.07,-0.99,-3.3,False,sh688084
20240927,10.07,6,7,-2.28,False,4,False,3,9.95,9.43,-2.35,-4.27,False,sh600138
20250818,216.62,7,7,-5.47,False,3,False,3,216.33,2.97,-3.69,-5.48,False,sh688279
20250626,21.0,0,3,0.48,True,10,False,7,20.25,7.29,0.0,-1.52,False,sh688750
20251107,4.11,3,3,-4.87,False,7,False,7,4.11,1.95,-4.73,-4.87,False,sh601568
20240930,5.36,9,9,-9.32,False,1,False,1,5.25,1.3,-7.91,-10.25,False,sh603300
20240927,11670.05,1,1,1.37,False,9,False,9,11606.11,7.57,-0.75,-1.25,False,sh000150
20260209,49.85,10,8,-4.17,False,0,False,2,49.36,0.74,-5.67,-4.17,False,sh688237
20260324,159.09,0,0,13.14,True,10,True,10,158.89,13.14,0.0,0.0,False,sh688037
20240927,4963.64,0,2,1.46,True,10,False,8,4858.09,9.78,0.0,-0.8,False,sh000819
20240925,3.96,0,0,10.86,True,10,True,10,3.94,23.23,0.0,0.0,False,sh601727
20250625,15.78,0,0,49.05,True,10,True,10,15.74,49.05,0.0,0.0,True,sh605277
20251124,56.13,5,8,14.29,False,5,False,2,53.69,14.29,-6.82,-8.16,False,sh688499
20250630,21.32,0,1,20.68,True,10,False,9,20.38,25.23,0.0,-3.71,True,sh688303
20260113,11.98,0,0,6.59,True,10,True,10,11.94,6.59,0.0,0.0,False,sh688079
20240926,9.49,0,0,7.27,True,10,True,10,9.31,23.59,0.0,0.0,False,sh600338
20240927,9634.05,0,0,4.39,True,10,True,10,9565.81,18.84,0.0,0.0,False,sh000857
20240731,1.84,0,0,2.17,True,10,True,10,1.83,2.72,0.0,0.0,False,sh600871
20240927,4.46,0,0,3.81,True,10,True,10,4.45,11.66,0.0,0.0,False,sh600796
20250626,9.76,0,1,7.27,True,10,False,9,9.6,8.3,0.0,-0.2,False,sh603466
20250702,8.71,9,10,-1.49,False,1,False,0,8.58,0.0,-1.88,-3.44,False,sh603162
20240924,5.1,0,0,107.06,True,10,True,10,4.98,107.06,0.0,0.0,True,sh600292
20240930,13.27,8,9,-6.63,False,2,False,1,13.0,0.0,-7.22,-9.27,False,sh600546
20240930,18.57,9,9,-9.53,False,1,False,1,17.65,3.45,-7.66,-12.33,False,sh600315
20240926,0.98,0,0,7.11,True,10,True,10,0.96,17.89,0.0,0.0,False,sh900929
20250812,28.55,2,3,2.8,False,8,False,7,28.52,3.22,-2.94,-3.5,False,sh688533
20240815,9.73,10,10,-5.34,False,0,False,0,9.72,0.0,-6.05,-6.27,False,sh600995
20240809,22.98,5,4,-1.22,False,5,False,6,22.96,2.31,-2.79,-1.22,False,sh603228
20250711,17.58,1,2,1.48,False,9,False,8,17.53,4.15,-0.37,-0.63,False,sh603153
20250728,22.85,0,3,13.13,True,10,False,7,21.05,18.07,0.0,-5.3,False,sh688678
20240822,16.14,8,8,-1.36,False,2,False,2,16.01,1.73,-5.54,-6.01,False,sh601126
20240924,4.32,0,0,24.31,True,10,True,10,4.19,29.4,0.0,0.0,True,sh600577
20240930,17.09,0,6,1.23,True,10,False,4,16.58,7.9,0.0,-2.75,False,sh603266
20251023,33.39,0,0,7.43,True,10,True,10,32.82,13.45,0.0,0.0,False,sh688636
20250625,19.91,3,9,-1.36,False,7,False,1,19.67,0.9,-0.37,-1.51,False,sh688351
20240926,1.52,0,0,3.95,True,10,True,10,1.48,20.42,0.0,0.0,False,sh600010
20251217,28.09,1,2,4.27,False,9,False,8,27.61,6.27,-0.05,-1.46,False,sh688006
20260126,20.86,6,9,1.05,False,4,False,1,20.74,1.05,-7.01,-8.15,False,sh688655
20240927,13.97,0,0,4.22,True,10,True,10,13.45,21.77,0.0,0.0,False,sh603456
20240927,14.51,0,0,7.44,True,10,True,10,13.98,15.58,0.0,0.0,False,sh603131
20240924,4.96,0,1,6.86,True,10,False,9,4.88,24.62,0.0,-0.2,False,sh600620
20251020,33.99,2,2,16.74,False,8,False,8,33.88,16.74,-1.11,-1.21,False,sh688561
20240924,240.1,0,0,13.45,True,10,True,10,239.8,16.83,0.0,0.0,False,sh000003
20240927,4.6,0,1,1.52,True,10,False,9,4.52,12.82,0.0,-0.22,False,sh600493
20251128,37.27,2,10,-12.13,False,8,False,0,34.57,0.0,-6.16,-12.13,False,sh603657
20250821,15.95,4,10,-4.26,False,6,False,0,15.06,0.0,-1.3,-6.14,False,sh605008
20240927,4.6,0,0,4.13,True,10,True,10,4.56,14.13,0.0,0.0,False,sh603618
20250624,20.98,0,0,3.15,True,10,True,10,20.81,3.24,0.0,0.0,False,sh688381
20251217,43.02,0,1,4.0,True,10,False,9,42.88,4.79,0.0,-0.05,False,sh688248
20250624,19.02,3,3,-0.32,False,7,False,7,18.86,6.73,-1.19,-1.37,False,sh688132
20251124,4.5,0,0,2.89,True,10,True,10,4.45,4.22,0.0,0.0,False,sh603183
20240808,6.98,0,2,-1.0,True,10,False,8,6.9,2.15,0.0,-1.0,False,sh600273
20240813,18.98,8,9,-8.54,False,2,False,1,18.72,0.63,-7.52,-8.54,False,sh603005
20241118,6.07,0,1,5.11,True,10,False,9,5.98,10.21,0.0,-0.33,False,sh603878
20260407,10.53,7,8,-14.62,False,1,False,0,9.64,0.0,-7.18,-15.38,False,sh688098
20260113,49.44,4,6,-2.71,False,6,False,4,47.49,11.25,-3.13,-5.89,False,sh688265
20240828,2.13,10,10,-15.96,False,0,False,0,2.06,0.0,-12.07,-16.9,False,sh600777
20240924,2.85,0,0,7.02,True,10,True,10,2.79,21.07,0.0,0.0,False,sh600959
20250908,16.48,0,3,2.06,True,10,False,7,16.25,2.31,0.0,-0.55,False,sh603353
20240730,4.36,6,10,-1.15,False,4,False,0,4.27,0.0,-1.4,-3.9,False,sh601368
20240927,5.61,0,0,5.17,True,10,True,10,5.54,10.15,0.0,0.0,False,sh600917
20250624,13.44,2,3,2.98,False,8,False,7,13.32,4.69,-1.65,-2.53,False,sh603356
20251107,45.78,5,6,-16.49,False,5,False,4,45.64,1.4,-16.39,-16.49,False,sh688680
20240730,19.0,8,8,-6.9,False,2,False,2,18.62,0.58,-5.98,-6.95,False,sh600895
20251105,25.75,0,0,1.24,True,10,True,10,25.53,9.51,0.0,0.0,False,sh605020
20241028,6.76,1,2,15.08,False,9,False,8,6.7,15.23,-0.23,-2.37,False,sh600215
20251013,27.87,0,5,2.8,True,10,False,5,27.06,2.8,0.0,-2.12,False,sh688450
20251031,13.19,1,2,2.05,False,9,False,8,13.04,2.35,-0.49,-1.21,False,sh688203
20250708,15.75,3,7,2.73,False,7,False,3,15.63,2.73,-1.46,-3.11,False,sh688599
20240926,3.28,0,0,7.93,True,10,True,10,3.2,14.63,0.0,0.0,False,sh600425
20240927,8.59,0,0,22.24,True,10,True,10,8.58,31.43,0.0,0.0,True,sh600696
20250924,6.88,4,4,3.92,False,6,False,6,6.88,3.92,-1.3,-1.74,False,sh600971
20250704,16.77,1,1,2.21,False,9,False,9,16.7,2.21,-0.06,-0.12,False,sh605339
20240927,5.05,0,0,6.53,True,10,True,10,5.02,16.03,0.0,0.0,False,sh601669
20250708,7.32,0,0,8.2,True,10,True,10,7.28,24.04,0.0,0.0,False,sh601512
20250630,12.72,2,3,7.23,False,8,False,7,12.51,7.23,-0.96,-2.28,False,sh688179
20251124,45.13,4,4,8.64,False,6,False,6,44.83,8.64,-3.25,-1.88,False,sh688379
20240930,14.85,5,9,-2.56,False,5,False,1,14.3,5.32,-6.18,-11.18,False,sh603729
20240813,40.58,10,10,-7.99,False,0,False,0,40.18,0.0,-7.71,-7.99,False,sh600038
20240930,32.39,7,9,-11.42,False,3,False,1,30.62,5.96,-11.23,-16.09,False,sh600845
20250818,11.06,6,10,-4.25,False,4,False,0,10.98,0.0,-1.06,-4.25,False,sh688184
20240927,1992.75,0,0,8.01,True,10,True,10,1894.23,26.74,0.0,0.0,False,sh000863
20240924,2.63,0,0,30.04,True,10,True,10,2.52,54.75,0.0,0.0,True,sh600705
20250624,9.65,0,1,2.07,True,10,False,9,9.57,2.38,0.0,-0.52,False,sh603135
20240930,11.71,9,9,-5.64,False,1,False,1,11.66,4.18,-6.6,-8.37,False,sh603767
20251203,13.76,0,0,9.52,True,10,True,10,13.65,46.44,0.0,0.0,False,sh603386
20240926,1.71,0,0,4.09,True,10,True,10,1.6,17.54,0.0,0.0,False,sh600076
20240930,21.33,9,9,-6.89,False,1,False,1,20.32,4.27,-5.36,-10.74,False,sh603200
20251031,52.08,7,9,-0.25,False,3,False,1,50.02,0.42,-5.25,-7.49,False,sh688799
20240930,33.75,1,9,-5.63,False,9,False,1,31.45,2.73,-0.14,-6.93,False,sh600511
20250729,50.46,4,5,1.21,False,6,False,5,48.83,7.21,-2.29,-5.29,False,sh688003
20250717,77.8,0,0,21.66,True,10,True,10,75.73,21.66,0.0,0.0,True,sh688507
20250624,35.89,1,4,1.78,False,9,False,6,35.52,1.95,-0.3,-1.42,False,sh688060
20240927,3131.2,0,1,1.52,True,10,False,9,3076.96,10.93,0.0,-0.87,False,sh000987
20240925,2.8,6,7,-5.71,False,4,False,3,2.78,3.21,-5.13,-8.21,False,sh600608
20240806,4.53,0,0,7.51,True,10,True,10,4.32,26.49,0.0,0.0,False,sh600192
20240930,6.31,0,3,1.74,True,10,False,7,5.92,4.6,0.0,-5.23,False,sh601390
20250724,7.88,0,4,3.55,True,10,False,6,7.78,3.55,0.0,-1.4,False,sh688549
20250625,20.91,9,10,-1.29,False,1,False,0,20.86,0.0,-2.05,-2.34,False,sh603156
20251125,23.14,8,8,-1.94,False,2,False,2,23.01,1.17,-2.82,-2.68,False,sh688163
20240926,11262.03,0,0,3.68,True,10,True,10,11236.11,13.87,0.0,0.0,False,sh000130
20250716,20.4,9,10,-2.21,False,1,False,0,20.2,0.0,-4.47,-4.51,False,sh603360
20240927,7.01,0,0,4.14,True,10,True,10,6.93,10.98,0.0,0.0,False,sh600116
20250725,10.23,5,10,-3.32,False,5,False,0,9.9,0.0,-2.42,-5.77,False,sh603055
20250805,12.5,0,0,16.08,True,10,True,10,12.21,18.16,0.0,0.0,False,sh688219
20250829,9.16,0,3,6.88,True,10,False,7,9.01,6.88,0.0,-1.2,False,sh603982
20250722,26.49,0,0,11.48,True,10,True,10,26.23,11.48,0.0,0.0,False,sh688087
20240930,3.03,0,9,-5.28,True,10,False,1,2.8,4.29,0.0,-7.92,False,sh600595
20250708,15.02,7,10,-2.33,False,3,False,0,14.74,0.0,-3.06,-5.19,False,sh688429
20240930,4.89,0,1,2.25,True,10,False,9,4.6,5.93,0.0,-2.66,False,sh601339
20240909,5.99,5,6,17.7,False,5,False,4,5.98,17.7,-3.21,-4.34,False,sh600241
20240801,10.41,1,1,5.67,False,9,False,9,10.37,7.21,-1.43,-1.44,False,sh603303
20240927,11.62,1,2,11.7,False,9,False,8,11.55,12.39,-0.81,-1.46,False,sh600388
20250630,36.8,3,10,-2.77,False,7,False,0,35.27,0.0,-0.26,-4.46,False,sh688100
20250724,60.71,6,6,2.95,False,4,False,4,60.51,2.95,-2.56,-2.65,False,sh688234
20240730,9.49,6,7,-2.78,False,4,False,3,9.07,5.41,-3.85,-6.92,False,sh603037
20251201,25.18,10,10,-0.91,False,0,False,0,25.11,0.0,-4.21,-4.29,False,sh603285
20240807,2.12,9,10,-3.77,False,1,False,0,2.11,0.0,-3.57,-3.77,False,sh600726
20240826,4.28,0,0,7.25,True,10,True,10,4.27,19.11,0.0,0.0,False,sh600375
20240926,7.34,0,0,5.72,True,10,True,10,7.33,16.21,0.0,0.0,False,sh601177
20251124,66.66,9,10,-12.17,False,1,False,0,60.73,0.0,-6.13,-14.04,False,sh688667
20251009,10.83,5,5,-0.37,False,5,False,5,10.81,1.48,-1.74,-1.66,False,sh600873
20250717,10.13,3,4,-1.18,False,7,False,6,9.97,2.96,-0.71,-2.17,False,sh603278
20250624,45.26,0,2,11.89,True,10,False,8,44.75,11.89,0.0,-1.24,False,sh688300
20260109,22.0,8,9,-5.77,False,2,False,1,21.55,0.05,-5.26,-7.23,False,sh688553
20240731,15.76,0,8,-0.38,True,10,False,2,14.94,1.84,0.0,-4.19,False,sh603699
20240930,60.81,9,10,-11.84,False,1,False,0,59.56,0.0,-8.76,-12.96,False,sh600612
20240927,6.78,0,1,2.06,True,10,False,9,6.78,11.21,0.0,-0.15,False,sh601139
20250717,55.09,3,7,3.98,False,7,False,3,52.59,3.98,-5.49,-8.99,False,sh688629
20251201,94.25,4,10,-4.54,False,6,False,0,90.18,0.0,-1.74,-5.01,False,sh603236
20250805,5.22,4,5,-2.49,False,6,False,5,5.17,2.87,-1.72,-3.26,False,sh688287
20240930,22.91,9,9,-8.9,False,1,False,1,22.03,1.0,-7.06,-11.92,False,sh600872
20251219,13.54,0,1,3.1,True,10,False,9,13.34,3.1,0.0,-0.44,False,sh603161
20260310,23.27,7,9,-8.04,False,3,False,1,23.14,1.55,-10.71,-12.33,False,sh605259
20240926,1.6,0,0,0.0,True,10,True,10,1.59,18.75,0.0,0.0,False,sh600545
20241008,7.58,0,2,11.48,True,10,False,8,7.43,11.48,0.0,-1.58,False,sh600671
20240731,1.31,1,9,-2.29,False,9,False,1,1.29,0.0,-0.51,-2.29,False,sh600022
20251027,53.27,7,7,-3.4,False,3,False,3,53.22,1.35,-6.94,-6.55,False,sh688363
20250710,17.16,4,6,1.52,False,6,False,4,17.02,1.52,-0.81,-1.69,False,sh688530
20250718,78.9,0,2,-0.1,True,10,False,8,78.79,5.96,0.0,-0.27,False,sh688535
20240731,25.76,0,0,3.77,True,10,True,10,24.86,6.48,0.0,0.0,False,sh600993
20240927,11.32,0,1,4.24,True,10,False,9,10.98,21.02,0.0,-1.33,False,sh603918
20240830,23.27,7,9,-10.27,False,3,False,1,23.03,0.6,-10.19,-11.3,False,sh601225
20240902,17.32,7,8,-1.04,False,3,False,2,17.16,2.25,-3.57,-3.81,False,sh600674
20240805,7.38,6,7,-2.3,False,4,False,3,7.35,1.36,-2.28,-2.71,False,sh601111
20250729,174.0,3,5,-0.34,False,7,False,5,171.39,5.75,-0.5,-1.82,False,sh688052
20250624,39.86,4,4,1.25,False,6,False,6,39.84,4.92,-1.35,-1.93,False,sh688601
20240927,13.95,6,5,2.44,False,4,False,5,13.92,6.16,-5.27,-5.23,False,sh600489
20251125,25.61,3,4,1.95,False,7,False,6,25.34,3.75,-1.74,-1.52,False,sh688328
20240927,3.19,0,1,8.15,True,10,False,9,3.09,13.48,0.0,-1.57,False,sh603778
20251124,27.35,1,4,2.01,False,9,False,6,26.43,3.03,-0.28,-2.38,False,sh688786
20250630,29.43,0,0,8.49,True,10,True,10,29.01,15.43,0.0,0.0,False,sh605168
20240912,10.84,6,6,13.93,False,4,False,4,10.81,13.93,-3.68,-4.43,False,sh603585
20250926,46.46,0,0,26.56,True,10,True,10,45.69,34.91,0.0,0.0,True,sh688282
20240801,11.6,10,10,-7.5,False,0,False,0,11.56,0.0,-8.65,-8.71,False,sh600877
20240924,3.26,0,0,7.67,True,10,True,10,3.21,15.96,0.0,0.0,False,sh600790
20240930,10.15,7,9,-6.99,False,3,False,1,9.61,3.15,-4.79,-10.05,False,sh603081
20250716,15.9,0,3,-0.25,True,10,False,7,15.79,1.32,0.0,-0.5,False,sh603107
20240927,68.88,2,4,-3.14,False,8,False,6,65.69,21.36,-1.86,-6.88,False,sh601888
20240926,12941.68,0,0,5.93,True,10,True,10,12772.88,17.63,0.0,0.0,False,sh000851
20240823,4.94,3,5,-0.61,False,7,False,5,4.84,5.06,-2.11,-4.66,False,sh600839
20250716,56.76,0,0,2.61,True,10,True,10,56.67,3.81,0.0,0.0,False,sh688305
20240801,10.62,9,9,-5.09,False,1,False,1,10.52,0.19,-5.11,-5.37,False,sh600523
20240924,10.93,0,1,10.98,True,10,False,9,10.86,24.79,0.0,-0.27,False,sh603232
20251121,40.15,0,1,2.59,True,10,False,9,37.58,10.01,0.0,-1.12,False,sh603280
20240927,2.17,0,0,4.15,True,10,True,10,2.14,11.98,0.0,0.0,False,sh600170
20251205,14.51,9,9,-6.2,False,1,False,1,14.4,1.86,-9.67,-9.58,False,sh688718
20240927,4.17,0,0,29.74,True,10,True,10,4.06,29.74,0.0,0.0,True,sh600590
20240927,8591.07,0,0,3.44,True,10,True,10,8490.14,9.65,0.0,0.0,False,sh000118
20240930,14.41,1,9,-4.16,False,9,False,1,13.43,4.44,-0.27,-7.63,False,sh600459
20240802,3.63,9,10,-13.22,False,1,False,0,3.56,0.0,-12.88,-13.22,False,sh600094
20250625,8.15,10,10,-2.33,False,0,False,0,8.04,0.0,-1.16,-3.07,False,sh601990
20250919,10.93,5,7,4.12,False,5,False,3,10.81,4.12,-2.0,-2.38,False,sh688586
20240819,4.55,9,8,-7.03,False,1,False,2,4.55,0.88,-7.5,-7.03,False,sh600269
20240930,12.48,4,9,-5.37,False,6,False,1,11.83,3.21,-3.31,-9.13,False,sh603578
20251124,28.55,0,5,0.7,True,10,False,5,27.86,1.75,0.0,-1.09,False,sh688128
20260408,53.37,0,5,6.97,True,7,False,2,51.28,6.97,0.0,-1.44,False,sh688401
20240927,4.1,0,5,-0.49,True,10,False,5,4.01,10.0,0.0,-2.2,False,sh600740
20240911,1.69,0,5,5.33,True,10,False,5,1.6,5.33,0.0,-5.92,False,sh600227
20240924,8.75,0,4,-2.06,True,10,False,6,8.46,12.57,0.0,-3.09,False,sh603536
20240927,19.32,0,0,3.26,True,10,True,10,19.28,19.67,0.0,0.0,False,sh601858
20260401,50.94,2,2,14.29,False,8,False,8,50.48,14.29,-3.95,-5.67,False,sh688166
20250707,2.23,0,0,12.98,True,10,True,10,2.23,12.98,0.0,0.0,False,sh601868
20251020,12.98,4,4,-0.85,False,6,False,6,12.94,4.62,-4.58,-3.39,False,sh603506
20240822,2661.41,10,10,-5.99,False,0,False,0,2633.36,0.0,-5.27,-5.99,False,sh000937
20241008,7.66,10,10,-7.83,False,0,False,0,7.3,0.0,-9.41,-13.96,False,sh603633
20250715,28.83,0,0,16.95,True,10,True,10,28.74,16.95,0.0,0.0,False,sh688157
20240806,3.73,8,8,-8.85,False,2,False,2,3.72,4.29,-9.19,-9.12,False,sh600712
20250729,144.29,3,10,-3.56,False,7,False,0,139.6,0.0,-1.52,-3.62,False,sh688200
20240930,16.96,7,9,-2.77,False,3,False,1,16.39,2.24,-7.1,-10.79,False,sh600088
20251016,6.12,2,2,63.56,False,8,False,8,6.11,63.56,-2.77,-3.1,True,sh603378
20240927,26.34,0,0,8.05,True,10,True,10,24.24,21.38,0.0,0.0,False,sh603799
20250702,15.29,1,3,17.99,False,9,False,7,15.0,26.29,-0.54,-2.55,False,sh603185
20240930,25.34,9,9,-11.21,False,1,False,1,24.7,1.62,-11.47,-14.29,False,sh600426
20251124,10.26,0,0,1.27,True,10,True,10,10.18,4.19,0.0,0.0,False,sh603565
20240930,4.63,1,9,-4.97,False,9,False,1,4.29,7.34,-0.24,-7.78,False,sh600468
20240926,42.18,0,0,4.86,True,10,True,10,40.7,24.06,0.0,0.0,False,sh603179
20240801,7.23,4,6,-1.38,False,6,False,4,7.09,3.58,-2.06,-4.26,False,sh600668
20250624,17.49,3,2,0.51,False,7,False,8,17.42,2.57,-1.33,-1.09,False,sh688529
20260121,96.41,9,9,-3.66,False,1,False,1,96.29,0.05,-4.03,-4.58,False,sh603202
20240919,3.44,0,3,13.1,True,10,False,7,3.35,16.88,0.0,-2.04,False,sh600495
20250729,31.04,9,9,-2.38,False,1,False,1,31.04,1.29,-2.71,-2.71,False,sh603882
20240903,3.89,10,10,-3.86,False,0,False,0,3.87,0.0,-5.55,-6.43,False,sh600075
20240830,2.86,0,0,5.59,True,10,True,10,2.82,7.69,0.0,0.0,False,sh600626
20260313,69.82,2,2,1.59,False,8,False,8,68.29,11.44,-0.49,-2.39,False,sh605389
20240930,12.48,9,9,-15.14,False,1,False,1,11.76,0.64,-8.34,-15.14,False,sh603599
20240731,20.57,10,10,-6.12,False,0,False,0,20.29,0.0,-6.85,-8.02,False,sh603203
20251229,34.43,8,7,-0.49,False,2,False,3,34.33,3.72,-3.97,-4.01,False,sh688357
20240813,21.14,10,10,-8.8,False,0,False,0,20.89,0.0,-9.69,-9.51,False,sh603929
20240925,3.32,0,0,9.03,True,10,True,10,3.28,14.45,0.0,0.0,False,sh600016
20240801,16.72,1,1,1.61,False,9,False,9,16.66,5.68,-0.06,-0.3,False,sh600645
20240925,10.11,0,0,14.24,True,10,True,10,9.75,26.11,0.0,0.0,False,sh600571
20250822,57.4,0,0,29.68,True,10,True,10,56.94,29.68,0.0,0.0,True,sh605117
20260203,61.64,0,3,3.8,True,10,False,7,59.74,4.36,0.0,-1.65,False,sh688063
20251218,7.03,0,0,5.55,True,10,True,10,6.91,7.4,0.0,0.0,False,sh601121
20250702,21.65,6,8,-5.77,False,4,False,2,21.49,4.25,-3.15,-5.77,False,sh603261
20240731,5.03,7,10,-1.39,False,3,False,0,4.96,0.0,-1.35,-2.98,False,sh600191
20240920,4.13,0,0,8.72,True,10,True,10,4.04,25.68,0.0,0.0,False,sh600825
20240927,7.16,3,4,-2.09,False,7,False,6,7.05,11.17,-1.36,-4.47,False,sh600058
20251031,15.83,0,0,12.19,True,10,True,10,15.55,14.02,0.0,0.0,False,sh603155
20260323,39.24,9,9,-0.89,False,1,False,1,39.17,3.64,-3.89,-2.83,False,sh605090
20250624,32.45,1,7,0.06,False,9,False,3,31.6,0.28,-0.29,-1.76,False,sh603150
20240731,3.82,4,9,-3.4,False,6,False,1,3.7,0.52,-1.0,-3.92,False,sh600369
20260304,11.52,0,0,13.54,True,10,True,10,10.68,46.35,0.0,0.0,False,sh605268
20250625,19.14,1,7,-0.37,False,9,False,3,18.77,2.3,-0.57,-2.98,False,sh688066
20240927,3.58,0,0,5.03,True,10,True,10,3.48,13.13,0.0,0.0,False,sh600327
20240927,10.84,0,0,11.35,True,10,True,10,10.77,14.76,0.0,0.0,False,sh600640
20250924,27.77,2,3,6.81,False,8,False,7,27.6,6.81,-1.48,-1.26,False,sh688501
20240924,4.46,0,0,13.66,True,10,True,10,4.28,32.92,0.0,0.0,False,sh600517
20260105,156.99,4,4,-3.31,False,6,False,6,156.11,3.83,-3.84,-3.31,False,sh688656
20241107,13.2,3,9,0.45,False,7,False,1,12.95,0.45,-0.52,-3.11,False,sh603886
20240923,12.9,0,2,3.64,True,10,False,8,12.6,12.17,0.0,-0.08,False,sh601028
20240731,6.08,9,10,-3.29,False,1,False,0,5.99,0.0,-2.98,-4.28,False,sh600623
20251201,36.68,10,10,-3.63,False,0,False,0,36.37,0.0,-5.51,-4.14,False,sh603380
20240731,1159.41,9,10,-4.25,False,1,False,0,1154.37,0.0,-3.85,-4.25,False,sh000865
20250805,28.5,1,10,-2.84,False,9,False,0,26.25,0.0,-0.66,-6.67,False,sh688182
20240926,18.65,0,0,3.06,True,10,True,10,18.33,22.73,0.0,0.0,False,sh600559
20240912,7.42,5,6,15.09,False,5,False,4,7.21,15.09,-4.63,-6.74,False,sh600843
20250626,25.1,5,9,2.91,False,5,False,1,25.05,2.91,-0.7,-1.51,False,sh600938
20250616,5.27,0,1,4.55,True,10,False,9,5.25,7.97,0.0,-0.19,False,sh601988
20240731,25.28,10,10,-9.3,False,0,False,0,25.16,0.0,-9.61,-9.3,False,sh600690
20250801,29.86,0,1,1.11,True,10,False,9,29.1,8.51,0.0,-0.57,False,sh688418
20240927,11.24,0,7,-2.13,True,10,False,3,10.79,7.2,0.0,-3.82,False,sh600977
20241008,2.67,8,10,-11.99,False,2,False,0,2.5,0.0,-9.74,-16.1,False,sh600759
20240927,2.54,0,3,-0.39,True,10,False,7,2.51,11.02,0.0,-1.57,False,sh600423
20240926,2525.66,0,0,10.34,True,10,True,10,2468.8,26.22,0.0,0.0,False,sh000162
20260203,53.58,0,0,2.8,True,10,True,10,53.11,3.94,0.0,0.0,False,sh603049
20240926,2.44,0,0,53.69,True,10,True,10,2.41,53.69,0.0,0.0,True,sh600939
20240926,18.62,4,4,-12.67,False,6,False,6,18.44,15.84,-11.13,-12.67,False,sh603298
20250630,46.86,9,10,-6.25,False,1,False,0,45.5,0.0,-7.25,-9.3,False,sh688152
20251128,15.93,7,9,1.0,False,3,False,1,15.77,1.0,-3.48,-4.39,False,sh603679
20240927,1.96,0,0,6.63,True,10,True,10,1.87,21.43,0.0,0.0,False,sh601011
20240930,2.84,9,9,-11.62,False,1,False,1,2.83,3.17,-10.93,-12.68,False,sh603818
20240930,8.02,9,9,-8.1,False,1,False,1,7.51,2.62,-4.64,-10.6,False,sh600774
20250711,34.27,0,0,2.19,True,10,True,10,33.16,6.89,0.0,0.0,False,sh688435
20251225,127.05,0,7,4.02,True,10,False,3,121.36,4.02,0.0,-3.19,False,sh688686
20260105,25.82,5,2,2.48,False,5,False,8,25.69,4.8,-3.38,-1.86,False,sh605068
20250625,34.75,4,6,5.44,False,6,False,4,34.72,5.44,-2.28,-2.42,False,sh603350
20250923,16.77,6,6,0.06,False,4,False,4,16.72,0.6,-3.59,-3.7,False,sh603233
20251205,23.4,8,8,-4.19,False,2,False,2,23.35,3.03,-7.53,-6.67,False,sh688518
20240926,7.24,0,0,3.73,True,10,True,10,7.07,23.2,0.0,0.0,False,sh601208
20240918,0.12,0,1,21.6,True,10,False,9,0.12,32.8,0.0,-0.8,True,sh900902
20240304,53.97,9,10,-3.98,False,1,False,0,53.15,0.0,-5.2,-6.58,False,sh688008
20250630,7.18,0,3,2.92,True,10,False,7,7.08,3.76,0.0,-0.84,False,sh688556
20240731,2.47,9,10,-3.24,False,1,False,0,2.45,0.0,-3.74,-4.05,False,sh600617
20240926,1.52,0,0,0.66,True,10,True,10,1.5,16.45,0.0,0.0,False,sh600370
20250708,38.18,0,2,20.19,True,10,False,8,36.85,20.19,0.0,-0.76,True,sh688662
20250725,53.69,3,7,-4.19,False,7,False,3,51.58,2.96,-3.61,-7.26,False,sh688031
20241223,5.54,6,6,-11.19,False,4,False,4,5.46,2.71,-8.65,-11.19,False,sh600027
20240926,9.57,0,0,0.84,True,10,True,10,9.57,16.2,0.0,0.0,False,sh603165
20250724,54.63,4,10,-1.41,False,6,False,0,54.12,0.0,-1.48,-2.6,False,sh688366
20250718,46.38,1,3,2.93,False,9,False,7,45.83,6.81,-1.37,-2.41,False,sh605588
20240930,6.39,0,9,-1.25,True,10,False,1,5.92,3.91,0.0,-7.67,False,sh600313
20240927,3.75,0,0,5.07,True,10,True,10,3.65,11.2,0.0,0.0,False,sh600540
20240806,5.99,8,8,-5.51,False,2,False,2,5.96,0.83,-5.41,-5.51,False,sh600814
20250722,9.77,10,10,-1.33,False,0,False,0,9.75,0.0,-2.02,-2.46,False,sh605368
20240903,7.55,0,0,3.58,True,10,True,10,7.52,3.58,0.0,0.0,False,sh600113
20240902,7.41,8,9,-4.86,False,2,False,1,7.37,0.27,-4.35,-4.86,False,sh601311
20240926,7.4,0,0,7.98,True,10,True,10,7.31,17.44,0.0,0.0,False,sh600689
20240926,58.76,0,0,1.77,True,10,True,10,57.27,21.55,0.0,0.0,False,sh603198
20250625,24.4,7,10,-2.87,False,3,False,0,24.26,0.0,-3.79,-4.51,False,sh688252
20250707,15.07,4,4,3.85,False,6,False,6,15.07,3.85,-1.84,-2.99,False,sh603863
20240930,2.85,9,9,-6.31,False,1,False,1,2.81,1.4,-6.19,-8.06,False,sh601991
20240926,4541.32,0,0,10.38,True,10,True,10,4332.02,26.25,0.0,0.0,False,sh000135
20240930,88.03,0,7,1.76,True,10,False,3,80.83,10.04,0.0,-6.79,False,sh603986
20240911,15.35,7,9,2.28,False,3,False,1,14.86,2.28,-6.19,-10.94,False,sh603032
20240902,19.25,5,5,-10.6,False,5,False,5,19.18,17.61,-9.72,-10.6,False,sh603306
20250630,22.63,0,4,2.87,True,10,False,6,22.24,3.54,0.0,-1.37,False,sh688105
20260109,42.55,5,9,1.41,False,5,False,1,41.18,1.41,-1.66,-4.7,False,sh603307
20240927,3.55,0,0,3.66,True,10,True,10,3.54,11.83,0.0,0.0,False,sh601008
20240925,7.66,0,0,9.92,True,10,True,10,7.46,18.02,0.0,0.0,False,sh600768
20251031,11.06,4,4,3.44,False,6,False,6,11.04,3.44,-1.29,-1.27,False,sh603551
20240930,3140.48,1,9,-6.28,False,9,False,1,2919.94,2.56,-0.39,-7.58,False,sh000153
20240731,5.18,9,10,-4.05,False,1,False,0,5.14,0.0,-3.44,-4.25,False,sh601377
20240806,4.9,9,10,-9.19,False,1,False,0,4.73,0.0,-6.2,-9.19,False,sh600222
20240830,11.56,10,10,-10.64,False,0,False,0,11.37,0.0,-10.62,-10.64,False,sh601020
20260122,10.97,8,10,-2.28,False,2,False,0,10.9,0.0,-2.11,-2.92,False,sh603648
20250624,14.08,0,0,1.49,True,10,True,10,13.9,3.76,0.0,0.0,False,sh688257
20240927,29.75,0,0,9.95,True,10,True,10,29.1,21.01,0.0,0.0,False,sh600745
20251204,92.62,7,7,5.42,False,3,False,3,92.25,5.42,-4.61,-4.23,False,sh688583
20240930,8.14,7,9,-6.88,False,3,False,1,7.8,3.93,-4.54,-8.85,False,sh600158
20240906,3.08,3,3,4.87,False,7,False,7,3.02,10.39,-4.58,-7.79,False,sh600358
20260325,235.22,1,1,14.24,False,9,False,9,229.7,14.24,-0.01,-2.22,False,sh688019
20240730,20.67,2,7,0.83,False,8,False,3,19.49,2.24,-2.87,-7.1,False,sh603580
20250624,29.78,0,1,0.91,True,10,False,9,28.53,4.9,0.0,-1.38,False,sh603255
20240927,6.28,0,0,5.41,True,10,True,10,6.22,18.63,0.0,0.0,False,sh601969
20251020,70.34,2,4,-1.59,False,8,False,6,68.61,6.72,-1.1,-1.59,False,sh605123
20250409,35.68,0,2,1.43,True,10,False,8,33.73,5.69,0.0,-0.25,False,sh600316
20251020,12.43,0,0,1.61,True,10,True,10,12.23,2.98,0.0,0.0,False,sh688057
20240731,7.68,4,5,-0.91,False,6,False,5,7.56,2.73,-2.23,-2.99,False,sh600996
20240731,62.23,9,9,-5.82,False,1,False,1,61.65,0.29,-6.42,-6.75,False,sh603160
20251021,25.64,0,2,2.54,True,10,False,8,25.43,4.52,0.0,-0.31,False,sh605089
20250630,26.62,7,7,-3.08,False,3,False,3,26.37,5.6,-4.22,-4.21,False,sh603931
20240927,4.01,0,0,3.49,True,10,True,10,3.9,14.21,0.0,0.0,False,sh600526
20250625,20.34,0,0,27.63,True,10,True,10,19.65,27.63,0.0,0.0,True,sh601138
20240930,15.75,5,10,-3.56,False,5,False,0,15.03,0.0,-4.64,-9.21,False,sh600188
20250904,42.28,0,0,11.4,True,10,True,10,41.91,14.71,0.0,0.0,False,sh603102
20240813,1.39,10,10,-6.47,False,0,False,0,1.39,0.0,-6.12,-7.19,False,sh600568
20240927,3661.99,0,0,3.46,True,10,True,10,3641.93,12.89,0.0,0.0,False,sh000854
20240902,5.14,10,10,-11.09,False,0,False,0,5.1,0.0,-11.46,-11.87,False,sh600795
20250624,22.81,0,6,-1.49,True,10,False,4,21.3,2.76,0.0,-2.32,False,sh688005
20250905,17.44,0,3,-0.4,True,10,False,7,17.08,3.44,0.0,-0.75,False,sh688562
20260107,91.24,0,0,13.47,True,10,True,10,86.46,25.45,0.0,0.0,False,sh688331
20251015,24.35,3,3,13.76,False,7,False,7,24.27,15.93,-2.93,-3.0,False,sh688618
20240920,2.82,1,2,1.42,False,9,False,8,2.75,18.79,-0.6,-2.84,False,sh600490
20240731,0.76,10,10,-3.01,False,0,False,0,0.76,0.0,-3.8,-3.01,False,sh900936
20240930,7.18,9,9,-9.46,False,1,False,1,7.11,5.98,-10.6,-12.67,False,sh603901
20240926,7042.16,0,0,8.32,True,10,True,10,6874.37,22.11,0.0,0.0,False,sh000806
20250714,22.29,0,1,6.91,True,10,False,9,21.88,6.91,0.0,-0.4,False,sh688028
20240930,6.22,0,0,3.86,True,10,True,10,5.96,4.34,0.0,0.0,False,sh600820
20250820,75.72,0,10,-6.02,True,10,False,0,71.78,0.0,0.0,-6.23,False,sh688486
20240731,10.16,10,10,-8.46,False,0,False,0,10.14,0.0,-9.27,-8.46,False,sh601958
20240730,6.98,0,0,8.31,True,10,True,10,6.71,28.09,0.0,0.0,False,sh600789
20240927,8.58,0,5,-0.7,True,10,False,5,8.14,14.34,0.0,-3.26,False,sh603098
20250721,11.52,4,4,-1.56,False,6,False,6,11.46,2.08,-2.45,-2.95,False,sh688352
20250303,17.45,1,1,-0.46,False,9,False,9,17.19,2.98,-0.96,-0.46,False,sh601211
20260119,9.68,0,0,9.71,True,10,True,10,9.4,18.8,0.0,0.0,False,sh688701
20240930,3.38,2,9,-3.85,False,8,False,1,3.23,6.51,-0.56,-7.1,False,sh600589
20250820,105.9,6,3,0.98,False,4,False,7,105.79,5.01,-5.33,-4.44,False,sh688266
20240925,36.16,0,0,13.11,True,10,True,10,36.02,21.4,0.0,0.0,False,sh600893
20250716,32.56,8,9,-3.29,False,2,False,1,31.88,0.46,-3.93,-3.59,False,sh605488
20240912,8.62,1,2,19.95,False,9,False,8,8.41,19.95,-0.97,-3.6,False,sh603636
20240903,6.4,6,8,1.72,False,4,False,2,6.33,1.87,-2.57,-4.06,False,sh600127
20250911,9.39,10,10,-6.07,False,0,False,0,9.36,0.0,-6.21,-6.18,False,sh601577
20250624,58.58,3,3,4.83,False,7,False,7,57.84,4.83,-2.13,-2.15,False,sh688228
20240930,25.03,0,1,18.54,True,10,False,9,22.78,18.54,0.0,-1.08,False,sh603678
20240926,2.0,0,0,5.5,True,10,True,10,1.96,18.5,0.0,0.0,False,sh600169
20260410,75.3,0,1,0.27,True,5,False,4,74.1,1.5,0.0,-0.08,False,sh688131
20240925,4.36,0,0,7.58,True,10,True,10,4.29,15.61,0.0,0.0,False,sh600717
20240930,10.31,1,9,-8.83,False,9,False,1,9.32,5.82,-0.28,-11.64,False,sh603006
20241023,3.19,1,1,18.18,False,9,False,9,3.14,18.18,-0.14,-1.88,False,sh601515
20250729,64.38,0,1,12.97,True,10,False,9,56.29,12.97,0.0,-0.3,False,sh688205
20260408,56.05,1,2,3.53,False,6,False,5,55.47,3.53,-0.64,-1.43,False,sh688456
20240903,18.67,10,10,-8.68,False,0,False,0,18.52,0.0,-8.24,-8.84,False,sh600141
20240819,25.08,10,10,-1.04,False,0,False,0,24.45,0.0,-3.47,-4.94,False,sh603337
20251212,16.07,9,10,-5.72,False,1,False,0,15.58,0.0,-5.82,-8.03,False,sh605189
20251203,38.99,9,8,-3.85,False,1,False,2,38.85,1.1,-5.43,-4.8,False,sh688767
20250711,5.66,1,1,3.0,False,9,False,9,5.65,3.0,-0.29,-0.35,False,sh688387
20260105,25.93,0,0,6.79,True,10,True,10,25.54,8.52,0.0,0.0,False,sh688729
20240801,16.22,7,7,-4.93,False,3,False,3,16.05,5.55,-4.41,-4.99,False,sh600391
20251211,4.94,0,1,10.73,True,10,False,9,4.34,10.73,0.0,-1.21,False,sh688119
20251124,30.1,7,5,1.5,False,3,False,5,30.04,6.31,-3.1,-2.92,False,sh688683
20240926,12.79,4,4,-3.52,False,6,False,6,12.75,12.9,-2.33,-3.52,False,sh600258
20240828,7.03,8,9,-19.21,False,2,False,1,6.48,3.7,-11.24,-19.21,False,sh603060
20240930,22.33,6,9,-10.61,False,4,False,1,20.36,4.75,-4.86,-14.24,False,sh600771
20250107,15.2,10,10,-5.2,False,0,False,0,15.16,0.0,-6.62,-5.2,False,sh600216
20251201,117.08,4,4,6.05,False,6,False,6,115.85,11.06,-3.07,-3.57,False,sh688630
20240926,3494.98,0,0,8.08,True,10,True,10,3479.52,23.36,0.0,0.0,False,sh000984
20240816,1.64,10,10,-19.51,False,0,False,0,1.6,0.0,-21.24,-24.39,False,sh600322
20251124,22.72,0,0,21.3,True,10,True,10,22.63,23.2,0.0,0.0,True,sh688319
20240731,7.3,8,9,-8.63,False,2,False,1,7.02,2.47,-5.93,-9.32,False,sh603680
20260122,20.95,5,5,-0.24,False,5,False,5,20.94,2.2,-1.21,-1.24,False,sh603706
20240924,7.04,0,0,7.24,True,10,True,10,6.98,21.16,0.0,0.0,False,sh600846
20250722,43.98,6,9,-2.5,False,4,False,1,43.53,0.05,-2.78,-3.84,False,sh688187
20251217,12.68,7,10,-7.1,False,3,False,0,12.35,0.0,-4.21,-7.33,False,sh603136
20241104,19.23,0,4,-9.41,True,10,False,6,17.49,6.81,0.0,-9.41,False,sh603883
20251125,18.78,4,3,2.13,False,6,False,7,18.76,2.13,-1.02,-1.01,False,sh688334
20240926,2.17,0,0,0.46,True,10,True,10,2.12,11.06,0.0,0.0,False,sh600808
20250624,10.46,0,0,3.06,True,10,True,10,10.37,4.01,0.0,0.0,False,sh601696
20240731,2.11,6,7,-5.69,False,4,False,3,2.05,3.79,-4.03,-6.64,False,sh600512
20250724,12.68,0,0,6.78,True,10,True,10,12.46,7.81,0.0,0.0,False,sh688653
20240924,7.31,0,0,9.58,True,10,True,10,7.06,28.59,0.0,0.0,False,sh600288
20250721,22.4,9,9,1.07,False,1,False,1,22.37,1.07,-5.43,-5.54,False,sh688218
20241025,2.18,0,1,22.94,True,10,False,9,2.14,22.94,0.0,-1.38,True,sh603388
20250805,65.99,0,4,20.46,True,10,False,6,63.93,31.59,0.0,-2.61,True,sh688582
20240920,2.45,0,3,3.27,True,10,False,7,2.34,18.37,0.0,-1.22,False,sh600159
20251125,28.77,0,0,17.03,True,10,True,10,28.49,20.96,0.0,0.0,False,sh605058
20250725,673.3,0,0,2.9,True,10,True,10,644.48,5.57,0.0,0.0,False,sh688256
20240829,46.97,2,5,-0.26,False,8,False,5,45.85,3.04,-1.52,-3.34,False,sh603606
20240930,3.37,9,9,-6.82,False,1,False,1,3.25,4.45,-3.9,-7.72,False,sh600744
20240926,2.46,0,1,11.38,True,10,False,9,2.28,17.48,0.0,-0.81,False,sh600117
20251103,20.55,2,2,1.17,False,8,False,8,20.54,6.33,-1.82,-1.75,False,sh605016
20240927,1771.86,0,0,23.83,True,10,True,10,1717.0,33.1,0.0,0.0,True,sh000131
20240902,4.3,8,9,-7.67,False,2,False,1,4.28,0.7,-6.54,-7.67,False,sh600470
20260119,29.1,0,8,-0.89,True,10,False,2,28.37,1.89,0.0,-1.2,False,sh603867
20240927,6.68,3,1,1.2,False,7,False,9,6.64,18.71,-1.64,-0.6,False,sh600727
20240930,10.57,0,0,9.65,True,10,True,10,10.07,10.69,0.0,0.0,False,sh603036
20260310,19.08,10,10,-7.02,False,0,False,0,19.05,0.0,-13.25,-14.62,False,sh688466
20240927,13.56,5,6,-5.38,False,5,False,4,13.45,12.54,-7.01,-7.74,False,sh600389
20260203,17.0,3,7,3.53,False,7,False,3,16.78,3.53,-0.62,-1.71,False,sh688101
20240927,3.57,0,5,-1.68,True,10,False,5,3.4,10.64,0.0,-3.64,False,sh600594
20250929,5.83,4,4,3.6,False,6,False,6,5.81,3.77,-0.95,-1.03,False,sh600908
20250804,39.71,1,0,8.16,False,9,True,10,39.63,8.16,-0.18,0.0,False,sh603983
20250625,69.76,4,5,-2.31,False,6,False,5,69.15,1.56,-2.27,-2.31,False,sh688286
20250825,18.1,6,6,2.49,False,4,False,4,18.09,2.93,-3.64,-3.59,False,sh603237
20250905,16.72,0,0,6.58,True,10,True,10,15.78,10.89,0.0,0.0,False,sh603103
20250724,34.78,1,2,3.16,False,9,False,8,34.61,3.22,-1.15,-1.67,False,sh688628
20240816,0.12,5,5,15.32,False,5,False,5,0.12,15.32,-3.41,-5.65,False,sh900906
20240927,5.67,0,1,2.29,True,10,False,9,5.58,13.76,0.0,-0.18,False,sh600613
20250910,33.43,0,0,18.13,True,10,True,10,33.21,18.13,0.0,0.0,False,sh688552
20240924,7.43,0,0,7.94,True,10,True,10,7.38,18.98,0.0,0.0,False,sh600189
20250723,16.04,9,10,-4.61,False,1,False,0,15.58,0.0,-3.11,-5.99,False,sh603279
20251215,48.2,4,4,2.12,False,6,False,6,48.06,6.8,-2.62,-2.78,False,sh688035
20240830,1.62,0,3,0.87,True,10,False,7,1.54,1.42,0.0,-0.49,False,sh900948
20250818,63.94,1,2,2.17,False,9,False,8,63.33,5.51,-0.47,-1.6,False,sh688605
20240926,6.75,0,4,-3.11,True,10,False,6,6.5,11.4,0.0,-3.11,False,sh600810
20251020,31.18,0,0,21.58,True,10,True,10,30.91,21.58,0.0,0.0,True,sh605258
20240930,9.67,9,9,-8.27,False,1,False,1,9.18,1.34,-4.75,-9.93,False,sh600295
20240924,2.17,0,2,61.29,True,10,False,8,1.99,61.29,0.0,-2.76,True,sh600225
20260303,15.37,9,10,-13.99,False,1,False,0,14.43,0.0,-7.88,-13.99,False,sh605169
20250624,102.83,6,6,-3.14,False,4,False,4,102.12,3.32,-6.31,-7.38,False,sh688787
20250912,6.98,1,3,28.51,False,9,False,7,6.84,28.51,-2.01,-5.01,True,sh603398
20251205,32.54,0,0,11.4,True,10,True,10,31.27,16.26,0.0,0.0,False,sh688053
20241119,18.21,9,9,0.99,False,1,False,1,18.13,0.99,-7.15,-6.7,False,sh600312
20240924,2.71,0,0,5.9,True,10,True,10,2.66,23.25,0.0,0.0,False,sh600675
20240731,14.97,10,10,-7.55,False,0,False,0,14.87,0.0,-7.91,-7.55,False,sh600026
20240927,19.5,1,7,-3.54,False,9,False,3,18.45,12.87,-1.5,-6.51,False,sh603919
20240913,14.27,0,2,18.01,True,10,False,8,13.96,18.01,0.0,-1.47,False,sh600992
20251028,29.97,9,9,-8.81,False,1,False,1,29.72,1.4,-10.39,-10.94,False,sh605589
20240906,6.24,0,1,15.23,True,10,False,9,5.95,21.16,0.0,-1.12,False,sh600838
20251021,10.19,4,5,0.98,False,6,False,5,10.08,0.98,-1.49,-1.47,False,sh603106
20251222,65.65,0,0,21.4,True,10,True,10,61.99,27.45,0.0,0.0,True,sh688519
20240930,10.58,3,9,-6.33,False,7,False,1,9.96,7.18,-1.9,-8.7,False,sh600876
20240930,10.52,7,9,-2.38,False,3,False,1,9.86,4.18,-4.1,-10.74,False,sh600458
20240927,3185.01,0,0,7.45,True,10,True,10,3144.11,19.3,0.0,0.0,False,sh000119
20250729,65.55,2,2,4.36,False,8,False,8,65.16,4.94,-4.07,-4.62,False,sh688083
20250905,38.3,0,2,-3.08,True,10,False,8,35.55,8.9,0.0,-3.08,False,sh688719
20240927,10.84,0,0,8.39,True,10,True,10,10.62,18.91,0.0,0.0,False,sh600416
20250709,10.99,9,10,-6.1,False,1,False,0,10.66,0.0,-4.51,-7.64,False,sh603801
20251021,27.89,0,0,2.08,True,10,True,10,27.34,11.15,0.0,0.0,False,sh688757
20240927,6.57,0,1,1.37,True,10,False,9,6.42,15.07,0.0,-0.91,False,sh603987
20251124,65.86,0,0,7.62,True,10,True,10,64.77,7.62,0.0,0.0,False,sh688230
20250725,34.95,6,7,-1.57,False,4,False,3,34.94,1.63,-1.99,-2.23,False,sh600171
20240927,5.56,0,0,33.27,True,10,True,10,5.52,33.27,0.0,0.0,True,sh603660
20240927,4.13,0,1,4.12,True,10,False,9,3.98,13.32,0.0,-0.24,False,sh600722
20240930,2.27,8,9,-0.44,False,2,False,1,2.15,3.96,-2.7,-9.25,False,sh600226
20240930,17.29,9,9,-11.76,False,1,False,1,16.3,0.0,-7.27,-12.51,False,sh603050
20240910,14.83,0,2,4.52,True,10,False,8,14.71,4.52,0.0,-0.47,False,sh600741
20250724,32.41,0,4,1.17,True,10,False,6,31.88,1.45,0.0,-0.99,False,sh688253
20250819,16.01,0,2,7.62,True,10,False,8,15.88,7.62,0.0,-0.94,False,sh603602
20241008,14.7,10,10,-8.35,False,0,False,0,14.23,0.0,-9.93,-13.31,False,sh603579
20240805,7.14,9,10,-12.04,False,1,False,0,6.69,0.0,-6.15,-12.18,False,sh600095
20250904,17.01,5,7,-1.23,False,5,False,3,16.83,0.65,-1.27,-1.41,False,sh603365
20260119,19.26,3,4,-1.87,False,7,False,6,19.12,2.6,-1.51,-2.65,False,sh688156
20240730,12.68,3,4,-3.47,False,7,False,6,12.27,14.98,-3.99,-6.07,False,sh600444
20240930,22.59,2,8,-0.97,False,8,False,2,21.78,6.64,-0.39,-4.03,False,sh603355
20240926,8.9,0,1,-2.36,True,10,False,9,8.83,11.35,0.0,-2.36,False,sh600123
20251010,8.33,6,7,-0.72,False,4,False,3,8.29,0.24,-0.85,-1.08,False,sh601827
20250729,27.8,0,2,3.6,True,10,False,8,27.48,3.6,0.0,-0.25,False,sh688262
20240924,4.51,0,0,49.45,True,10,True,10,4.18,78.12,0.0,0.0,True,sh600390
20240930,4.12,0,8,-3.64,True,10,False,2,3.87,6.07,0.0,-6.55,False,sh601608
20240927,27.28,0,1,1.17,True,10,False,9,26.88,15.4,0.0,-1.65,False,sh600259
20250725,24.9,0,8,-0.76,True,10,False,2,23.89,2.89,0.0,-1.24,False,sh605358
20240913,15.9,0,0,19.43,True,10,True,10,15.68,19.43,0.0,0.0,False,sh601038
20250701,32.59,7,10,-2.76,False,3,False,0,32.26,0.0,-1.64,-2.76,False,sh603650
20251014,7.16,1,8,-2.79,False,9,False,2,6.89,1.68,-0.06,-3.21,False,sh601077
20260408,84.03,7,7,-5.39,False,0,False,0,81.75,0.0,-5.6,-8.21,False,sh688386
20250624,19.21,0,0,9.89,True,10,True,10,18.86,9.89,0.0,0.0,False,sh688135
20250731,69.89,6,9,-4.41,False,4,False,1,69.02,1.23,-2.17,-4.41,False,sh688766
20240930,8.44,9,9,-6.99,False,1,False,1,8.34,2.73,-5.85,-8.77,False,sh603798
20251203,53.06,0,0,7.99,True,10,True,10,52.72,7.99,0.0,0.0,False,sh603379
20240926,1.24,0,0,18.55,True,10,True,10,1.13,33.06,0.0,0.0,False,sh600340
20240829,1.34,2,4,-2.24,False,8,False,6,1.33,12.69,-1.72,-2.99,False,sh600289
20251203,8.1,6,9,0.25,False,4,False,1,7.93,0.25,-8.56,-11.48,False,sh605388
20260401,31.4,0,1,2.52,True,10,False,9,30.26,4.01,0.0,-1.11,False,sh688566
20250626,0.44,1,1,4.32,False,9,False,9,0.44,4.32,-0.12,-0.45,False,sh900932
20240927,5.61,0,1,1.78,True,10,False,9,5.49,11.23,0.0,-1.07,False,sh603385
20251128,11.58,10,10,-10.54,False,0,False,0,11.42,0.0,-10.11,-10.54,False,sh688528
20240930,22.46,9,9,-7.66,False,1,False,1,22.03,6.81,-8.04,-10.73,False,sh603178
20240927,5693.53,0,0,6.87,True,10,True,10,5503.74,16.33,0.0,0.0,False,sh000802
20240924,3.13,0,0,5.43,True,10,True,10,3.1,16.28,0.0,0.0,False,sh600824
20240926,8.31,0,1,-0.48,True,10,False,9,8.16,12.15,0.0,-0.48,False,sh600059
20240927,7.05,0,0,8.94,True,10,True,10,6.92,14.61,0.0,0.0,False,sh603966
20250625,124.01,2,10,-13.38,False,8,False,0,107.04,0.0,-2.71,-16.98,False,sh688318
20250721,91.1,2,3,6.25,False,8,False,7,89.64,6.25,-0.37,-1.91,False,sh688631
20250904,11.64,1,2,-1.29,False,9,False,8,11.45,1.55,-0.8,-1.29,False,sh603967
20250624,20.71,0,2,3.04,True,10,False,8,20.47,5.55,0.0,-0.19,False,sh605116
20240926,18.8,0,0,36.49,True,10,True,10,18.29,46.7,0.0,0.0,True,sh600570
20240925,2.65,0,0,9.05,True,10,True,10,2.63,16.22,0.0,0.0,False,sh600017
20251124,68.12,6,9,4.15,False,4,False,1,65.1,4.15,-4.86,-6.49,False,sh688500
20240927,11.61,0,0,20.68,True,10,True,10,11.31,37.04,0.0,0.0,True,sh600641
20260122,19.75,0,1,22.68,True,10,False,9,18.67,22.68,0.0,-0.91,True,sh603685
20250108,6.37,10,10,-4.87,False,0,False,0,6.27,0.0,-6.94,-7.85,False,sh600326
20251208,25.5,10,10,-2.67,False,0,False,0,25.28,0.0,-6.83,-6.94,False,sh688067
20241008,7.48,10,10,-9.09,False,0,False,0,7.37,0.0,-12.58,-15.25,False,sh600195
20240816,5.26,10,10,-7.42,False,0,False,0,5.24,0.0,-7.22,-7.8,False,sh600821
20240927,3.48,0,0,2.3,True,10,True,10,3.41,9.77,0.0,0.0,False,sh600368
20250624,64.78,0,0,9.18,True,10,True,10,64.54,9.18,0.0,0.0,False,sh688029
20251208,15.2,10,10,-8.49,False,0,False,0,15.14,0.0,-11.11,-10.99,False,sh688619
20240930,3.71,0,6,3.23,True,10,False,4,3.49,6.47,0.0,-5.12,False,sh600558
20260226,90.8,10,10,-13.17,False,0,False,0,90.6,0.0,-15.1,-14.99,False,sh688183
20250801,21.37,0,5,1.26,True,10,False,5,21.11,1.26,0.0,-1.22,False,sh603381
20240910,16.8,1,3,10.71,False,9,False,7,16.71,10.71,-1.72,-2.38,False,sh600071
20240930,350.1,1,7,0.63,False,9,False,3,343.77,1.82,-0.65,-2.45,False,sh000139
20250625,7.82,0,8,0.9,True,10,False,2,7.61,0.9,0.0,-1.92,False,sh601108
20250724,2.95,8,10,-1.36,False,2,False,0,2.92,0.0,-2.11,-3.73,False,sh601975
20240807,5.4,3,4,6.48,False,7,False,6,5.33,6.85,-2.13,-2.96,False,sh603887
20250624,42.21,1,2,0.73,False,9,False,8,41.98,1.37,-0.47,-0.5,False,sh688657
20240927,4.55,0,0,11.21,True,10,True,10,4.48,17.8,0.0,0.0,False,sh600516
20240927,3046.5,0,0,7.74,True,10,True,10,3003.55,17.14,0.0,0.0,False,sh000057
20240930,18.64,0,9,-1.34,True,10,False,1,17.18,6.28,0.0,-6.92,False,sh600345
20240905,3.13,0,2,11.36,True,10,False,8,3.0,21.18,0.0,-0.35,False,sh603007
20251020,19.64,0,1,4.94,True,10,False,9,18.99,4.94,0.0,-0.2,False,sh603048
20240927,3.44,0,0,10.76,True,10,True,10,3.4,14.24,0.0,0.0,False,sh603333
20241210,15.06,0,0,7.57,True,10,True,10,14.93,13.08,0.0,0.0,False,sh600422
20251201,64.26,3,3,17.46,False,7,False,7,64.14,17.46,-2.45,-2.49,False,sh688383
20241008,51.72,10,10,-13.11,False,0,False,0,50.8,0.0,-16.34,-18.68,False,sh600976
20240930,19.82,9,9,-10.19,False,1,False,1,18.42,1.26,-5.23,-12.46,False,sh603180
20240925,1.99,0,0,4.02,True,10,True,10,1.88,22.11,0.0,0.0,False,sh600691
20260106,28.9,0,0,32.01,True,10,True,10,28.61,38.58,0.0,0.0,True,sh688419
20250624,49.5,5,5,-0.34,False,5,False,5,49.41,2.93,-2.63,-1.7,False,sh688229
20251031,28.92,3,5,4.15,False,7,False,5,28.58,4.15,-0.53,-1.56,False,sh603351
20251024,10.75,10,10,-0.84,False,0,False,0,10.73,0.0,-3.73,-3.53,False,sh605069
20251029,28.2,2,5,4.68,False,8,False,5,27.75,4.68,-2.74,-3.87,False,sh688267
20240926,4.29,1,2,4.2,False,9,False,8,4.27,14.22,-2.59,-3.96,False,sh600892
20240927,8.4,0,1,5.12,True,10,False,9,8.22,14.4,0.0,-2.26,False,sh600775
20241021,5.89,0,0,46.52,True,10,True,10,5.67,46.52,0.0,0.0,True,sh600212
20240926,1.77,0,0,5.66,True,10,True,10,1.7,17.53,0.0,0.0,False,sh601010
20250905,41.0,0,7,-1.44,True,10,False,3,38.29,4.88,0.0,-3.76,False,sh688700
20240927,10.45,0,0,5.74,True,10,True,10,10.0,21.05,0.0,0.0,False,sh600588
20240827,9.24,0,1,0.65,True,10,False,9,8.65,2.06,0.0,-0.43,False,sh603299
20250806,34.22,0,6,3.65,True,10,False,4,33.25,3.65,0.0,-3.1,False,sh688153
20250714,16.29,0,0,11.6,True,10,True,10,16.17,11.6,0.0,0.0,False,sh688030
20240807,13.79,10,10,-7.9,False,0,False,0,13.75,0.0,-8.34,-7.9,False,sh600522
20240927,7.3,0,2,5.21,True,10,False,8,7.13,9.45,0.0,-0.55,False,sh600371
20240926,4.94,0,0,0.0,True,10,True,10,4.89,13.77,0.0,0.0,False,sh600616
20251124,35.44,0,0,7.08,True,10,True,10,34.95,7.08,0.0,0.0,False,sh688557
20250714,26.3,4,4,0.49,False,6,False,6,26.25,1.1,-1.7,-1.86,False,sh603755
20240809,0.17,0,0,3.49,True,10,True,10,0.17,10.47,0.0,0.0,False,sh900903
20250717,27.04,0,2,3.03,True,10,False,8,25.94,6.88,0.0,-0.48,False,sh688283
20240918,3.62,0,0,16.3,True,10,True,10,3.44,29.28,0.0,0.0,False,sh600658
20240905,3.58,7,8,3.63,False,3,False,2,3.47,3.63,-4.11,-7.54,False,sh600791
20251218,21.55,4,5,6.87,False,6,False,5,21.25,6.87,-1.18,-2.23,False,sh688329
20240926,2.07,0,0,0.48,True,10,True,10,2.07,13.53,0.0,0.0,False,sh600815
20240924,8.59,0,1,14.32,True,10,False,9,8.54,20.25,0.0,-0.58,False,sh603779
20250626,7.06,8,9,-1.27,False,2,False,1,6.87,0.57,-2.83,-4.67,False,sh603956
20240926,6.74,0,0,5.64,True,10,True,10,6.7,21.07,0.0,0.0,False,sh603399
20250923,21.74,3,0,6.85,False,7,True,10,21.73,6.85,-0.9,0.0,False,sh688600
20240808,3.71,5,10,-5.66,False,5,False,0,3.65,0.0,-4.22,-5.66,False,sh600488
20250703,4.17,0,0,3.12,True,10,True,10,4.16,4.8,0.0,0.0,False,sh601096
20240927,24.9,0,0,9.58,True,10,True,10,24.14,17.76,0.0,0.0,False,sh603737
20240809,824.43,1,1,6.04,False,9,False,9,823.84,6.04,-0.02,-0.04,False,sh000134
20240930,5089.83,5,9,-7.12,False,5,False,1,4737.53,2.02,-3.55,-10.43,False,sh000949
20240731,11.95,8,10,-7.87,False,2,False,0,11.4,0.0,-4.89,-7.87,False,sh601677
20240927,8.62,1,4,-0.12,False,9,False,6,8.58,12.41,-0.98,-2.43,False,sh600475
20240821,32.91,2,6,-0.43,False,8,False,4,32.47,1.79,-0.11,-1.34,False,sh603199
20250624,5.61,7,7,-1.07,False,3,False,3,5.61,1.43,-0.77,-1.25,False,sh601816
20240731,2.72,2,6,0.0,False,8,False,4,2.7,1.1,-0.88,-1.47,False,sh600688
20250717,29.81,0,1,2.82,True,10,False,9,28.69,3.96,0.0,-1.04,False,sh688400
20240918,5.58,0,0,17.56,True,10,True,10,5.5,25.81,0.0,0.0,False,sh600268
20251125,21.21,10,10,-2.59,False,0,False,0,21.17,0.0,-4.91,-4.38,False,sh603051
20250916,24.28,9,9,-3.67,False,1,False,1,24.17,0.08,-6.14,-5.23,False,sh688129
20250702,19.68,0,6,-0.05,True,10,False,4,19.41,5.28,0.0,-1.12,False,sh605369
20250624,28.27,0,4,5.8,True,10,False,6,27.57,6.3,0.0,-0.88,False,sh603661
20250325,9.86,6,6,-1.12,False,4,False,4,9.84,1.42,-1.97,-2.03,False,sh601009
20240930,21.45,9,9,-15.85,False,1,False,1,20.12,0.33,-12.88,-19.53,False,sh603800
20250625,23.22,0,0,1.85,True,10,True,10,22.97,4.09,0.0,0.0,False,sh603281
20240919,12.1,0,0,18.43,True,10,True,10,12.09,30.08,0.0,0.0,False,sh603033
20250819,21.82,4,5,-1.24,False,6,False,5,21.67,1.74,-0.71,-2.15,False,sh603348
20250709,226.46,1,1,5.15,False,9,False,9,224.85,10.77,-0.28,-0.23,False,sh688235
20240731,4.54,0,9,-1.54,True,10,False,1,4.33,0.0,0.0,-2.86,False,sh600909
20241126,17.3,3,8,-1.56,False,7,False,2,17.24,7.05,-2.89,-3.82,False,sh603665
20240926,2555.47,0,1,2.93,True,10,False,9,2474.52,7.81,0.0,-0.08,False,sh000152
20240930,8.21,0,3,2.07,True,10,False,7,7.61,4.87,0.0,-3.53,False,sh601611
20251015,17.57,1,2,3.93,False,9,False,8,17.35,7.85,-0.38,-1.42,False,sh603079
20240514,46.5,9,10,-5.98,False,1,False,0,45.55,0.0,-3.87,-6.34,False,sh600085
20260210,25.06,10,10,-14.96,False,0,False,0,24.65,0.0,-11.41,-14.96,False,sh688428
20240927,12.9,0,0,15.97,True,10,True,10,12.61,21.16,0.0,0.0,False,sh603078
20250811,17.49,0,2,6.06,True,10,False,8,16.56,15.95,0.0,-4.4,False,sh603499
20240906,6.8,3,7,3.24,False,7,False,3,6.67,4.71,-3.81,-6.18,False,sh600769
20240926,5.66,0,0,4.06,True,10,True,10,5.37,18.02,0.0,0.0,False,sh603866
20250716,21.39,0,8,-1.82,True,10,False,2,20.32,2.76,0.0,-2.1,False,sh603533
20251113,19.66,0,0,23.3,True,10,True,10,18.8,31.94,0.0,0.0,True,sh603829
20251015,24.03,10,6,-1.71,False,0,False,4,24.01,1.12,-3.78,-3.45,False,sh603607
20240926,1.77,0,0,18.64,True,10,True,10,1.76,26.55,0.0,0.0,False,sh603828
20250805,5.01,9,9,-0.4,False,1,False,1,5.01,0.0,-0.85,-0.8,False,sh600925
20250624,26.52,0,1,1.7,True,10,False,9,25.8,2.71,0.0,-0.04,False,sh688162
20241024,1.47,0,1,18.37,True,10,False,9,1.47,18.37,0.0,-0.68,False,sh600804
20240805,54.02,10,10,-9.2,False,0,False,0,54.01,0.0,-9.25,-9.39,False,sh601021
20240927,7.08,4,5,-2.82,False,6,False,5,6.96,12.71,-2.5,-4.8,False,sh600223
20240930,6.39,9,10,-9.55,False,1,False,0,6.13,0.0,-5.65,-9.55,False,sh600023
20250627,29.8,9,10,-4.9,False,1,False,0,29.67,0.0,-4.3,-5.84,False,sh688362
20240930,7.07,7,9,-7.21,False,3,False,1,6.72,2.12,-3.49,-8.35,False,sh600997
20251217,61.23,0,1,7.84,True,10,False,9,59.28,13.16,0.0,-1.27,False,sh688531
20251021,35.39,0,3,5.48,True,10,False,7,34.95,5.48,0.0,-1.24,False,sh688056
20251124,13.99,10,10,-6.79,False,0,False,0,13.6,0.0,-6.71,-8.79,False,sh605122
20240926,4.93,0,0,2.86,True,10,True,10,4.71,9.95,0.0,0.0,False,sh601968
20250721,21.0,0,0,4.76,True,10,True,10,20.72,4.76,0.0,0.0,False,sh603733
20250710,156.48,0,9,-1.3,True,10,False,1,152.25,1.04,0.0,-2.37,False,sh688018
20240924,6.04,0,0,6.62,True,10,True,10,5.95,15.23,0.0,0.0,False,sh600359
20240930,9.48,2,9,-3.16,False,8,False,1,8.79,3.59,-1.49,-8.76,False,sh603085
20240927,3.19,0,0,1.57,True,10,True,10,3.17,10.66,0.0,0.0,False,sh600794
20240926,1247.09,0,0,6.91,True,10,True,10,1224.39,19.92,0.0,0.0,False,sh000855
20240925,1.59,0,0,4.4,True,10,True,10,1.56,14.47,0.0,0.0,False,sh600569
20250806,87.28,0,0,26.2,True,10,True,10,85.63,26.2,0.0,0.0,True,sh688301
20240801,12.59,1,7,-0.16,False,9,False,3,12.29,4.13,-2.06,-4.29,False,sh603698
20240927,2571.19,0,0,2.72,True,10,True,10,2541.83,10.53,0.0,0.0,False,sh000066
20250724,91.75,2,7,-1.26,False,8,False,3,90.34,1.87,-1.81,-3.77,False,sh688981
20240927,1.5,0,0,4.67,True,10,True,10,1.45,21.33,0.0,0.0,False,sh600527
20250829,37.86,2,4,4.33,False,8,False,6,36.85,4.6,-1.7,-4.52,False,sh605088
20250716,17.39,4,2,0.29,False,6,False,8,17.32,1.67,-1.31,-1.15,False,sh603206
20240802,5.53,1,4,-3.8,False,9,False,6,5.24,8.86,-1.26,-3.8,False,sh603900
20240910,0.14,4,3,4.14,False,6,False,7,0.14,4.14,-1.66,-2.07,False,sh900937
20240731,2.7,9,9,-4.44,False,1,False,1,2.7,2.22,-4.32,-4.81,False,sh600491
20251125,13.36,2,2,2.69,False,8,False,8,13.27,4.42,-0.44,-0.9,False,sh603132
20250718,26.2,0,0,2.1,True,10,True,10,26.11,4.27,0.0,0.0,False,sh688330
20251009,55.07,8,9,-5.16,False,2,False,1,54.94,0.51,-5.7,-5.83,False,sh688563
20240925,2.01,0,0,76.12,True,10,True,10,2.0,76.12,0.0,0.0,True,sh600622
20260109,25.64,0,0,3.0,True,10,True,10,25.21,3.63,0.0,0.0,False,sh688004
20240802,10.41,10,10,-7.2,False,0,False,0,10.18,0.0,-11.92,-13.93,False,sh603703
20241107,13.71,5,5,1.61,False,5,False,5,13.59,3.94,-4.36,-5.03,False,sh600012
20240806,22.81,3,3,0.13,False,7,False,7,22.55,2.59,-6.12,-7.37,False,sh603099
20260311,3.06,1,1,1.31,False,9,False,9,3.04,2.61,-1.86,-2.61,False,sh601916
20240927,7.22,0,0,3.05,True,10,True,10,7.18,13.43,0.0,0.0,False,sh601890
20240731,7426.3,9,10,-4.5,False,1,False,0,7366.42,0.0,-3.74,-4.67,False,sh000849
20250410,7.83,0,0,3.19,True,10,True,10,7.5,9.58,0.0,0.0,False,sh601777
20240924,3.42,0,0,10.23,True,10,True,10,3.39,14.62,0.0,0.0,False,sh600575
20240927,20770.19,1,4,-2.38,False,9,False,6,19913.07,10.82,-0.88,-5.24,False,sh000807
20240930,4.37,0,3,-0.46,True,10,False,7,4.06,4.34,0.0,-5.03,False,sh600168
20250908,8.75,9,9,-5.26,False,1,False,1,8.71,0.0,-5.55,-5.26,False,sh603065
20240930,5.83,9,9,-7.2,False,1,False,1,5.59,0.86,-3.76,-7.89,False,sh600395
20240927,7754.54,0,0,3.89,True,10,True,10,7441.23,19.99,0.0,0.0,False,sh000933
20240930,4.37,8,9,-8.92,False,2,False,1,4.15,2.97,-2.83,-8.92,False,sh600126
20241107,9.86,1,1,31.03,False,9,False,9,9.79,31.03,-0.36,-1.32,True,sh603819
20240926,6.06,0,0,8.42,True,10,True,10,6.05,15.84,0.0,0.0,False,sh603637
20250908,11.63,3,6,-3.09,False,7,False,4,11.52,0.43,-2.36,-3.09,False,sh603856
20240926,5231.15,0,0,5.34,True,10,True,10,5045.4,13.29,0.0,0.0,False,sh000100
20240913,2.81,3,4,32.38,False,7,False,6,2.79,32.38,-0.85,-2.14,True,sh600716
20260115,16.19,1,2,1.17,False,9,False,8,15.88,3.89,-0.12,-1.91,False,sh603181
20240919,8.25,0,0,20.25,True,10,True,10,8.16,30.08,0.0,0.0,True,sh600271
20251021,22.9,0,3,-0.48,True,10,False,7,22.32,3.23,0.0,-0.96,False,sh688130
20250918,14.74,9,10,-9.91,False,1,False,0,14.04,0.0,-9.94,-12.48,False,sh603332
20240926,2.98,0,0,2.69,True,10,True,10,2.94,15.78,0.0,0.0,False,sh600758
20240927,5.08,1,1,0.39,False,9,False,9,5.01,12.4,-1.24,-1.38,False,sh601989
20251217,35.6,0,0,17.42,True,10,True,10,35.4,17.42,0.0,0.0,False,sh603655
20251021,16.0,2,5,-5.81,False,8,False,5,15.69,3.56,-4.92,-5.81,False,sh688728
20240731,5.49,8,9,-6.92,False,2,False,1,5.39,0.18,-6.15,-6.92,False,sh600469
20240927,3.74,0,0,2.94,True,10,True,10,3.7,12.3,0.0,0.0,False,sh600973
20240731,13.73,4,5,-0.52,False,6,False,5,13.64,2.05,-1.41,-1.52,False,sh600694
20260203,20.16,8,8,-9.62,False,2,False,2,19.98,7.99,-11.43,-10.17,False,sh605188
20240819,3.76,10,10,-14.08,False,0,False,0,3.56,0.0,-11.87,-17.26,False,sh603336
20240806,4.28,1,1,-1.4,False,9,False,9,4.23,1.4,-0.92,-1.4,False,sh600713
20240801,5.07,10,10,-8.28,False,0,False,0,4.94,0.0,-8.31,-10.06,False,sh603002
20251124,13.33,4,5,0.98,False,6,False,5,13.16,3.0,-4.23,-3.9,False,sh688201
20240927,13.44,4,7,-5.06,False,6,False,3,13.29,9.6,-6.41,-7.89,False,sh600089
20240902,4.49,3,10,-5.12,False,7,False,0,4.34,0.0,-1.31,-5.12,False,sh600217
20240927,3.18,0,1,1.26,True,10,False,9,3.05,16.04,0.0,-1.57,False,sh601015
20240731,12.88,2,8,-1.94,False,8,False,2,12.62,0.31,-0.69,-1.94,False,sh600897
20251124,10.0,0,0,7.2,True,10,True,10,9.85,7.2,0.0,0.0,False,sh601609
20240924,2.65,0,0,29.06,True,10,True,10,2.65,41.13,0.0,0.0,True,sh600770
20250905,29.1,2,4,-1.34,False,8,False,6,28.77,3.26,-1.48,-1.34,False,sh688682
20250716,28.43,0,10,-7.63,True,10,False,0,23.86,0.0,0.0,-10.41,False,sh688118
20250627,24.64,4,4,-0.93,False,6,False,6,24.54,3.33,-1.09,-0.93,False,sh603507
20250722,8.7,0,0,11.72,True,10,True,10,8.6,13.91,0.0,0.0,False,sh605158
20250730,11.94,10,10,-3.85,False,0,False,0,11.94,0.0,-4.86,-5.78,False,sh603707
20250722,52.86,0,4,-0.26,True,10,False,6,51.35,5.32,0.0,-1.25,False,sh603260
20240925,18.94,0,0,14.63,True,10,True,10,18.72,16.37,0.0,0.0,False,sh600323
20260107,45.2,5,8,-11.48,False,5,False,2,42.47,1.81,-7.49,-11.48,False,sh688062
20250929,9.08,6,3,0.22,False,4,False,7,9.06,1.21,-2.49,-1.54,False,sh688505
20260105,91.88,0,0,13.19,True,10,True,10,90.85,22.98,0.0,0.0,False,sh688356
20240930,8.14,1,9,-1.97,False,9,False,1,7.69,3.32,-1.1,-6.63,False,sh603928
20250702,15.18,1,4,0.92,False,9,False,6,15.14,0.92,-1.02,-1.32,False,sh605222
20240930,6.3,5,5,1.75,False,5,False,5,6.21,7.62,-5.25,-6.67,False,sh600644
20250728,27.51,0,5,2.0,True,10,False,5,27.01,2.0,0.0,-2.22,False,sh688001
20250724,59.84,7,9,1.75,False,3,False,1,58.56,1.75,-5.7,-7.65,False,sh688652
20240927,13.16,2,2,9.27,False,8,False,8,13.11,13.37,-3.85,-4.94,False,sh603598
20240806,8.48,8,8,-5.07,False,2,False,2,8.47,0.71,-5.45,-5.07,False,sh600513
20240930,212.83,8,9,-12.1,False,2,False,1,202.89,5.6,-11.06,-16.3,False,sh600809
20250924,14.08,9,6,-0.36,False,1,False,4,14.04,0.71,-1.43,-0.71,False,sh603137
20250919,26.4,1,3,13.33,False,9,False,7,25.83,14.47,-0.19,-2.27,False,sh688186
20240906,7.69,0,3,5.2,True,10,False,7,7.13,11.83,0.0,-6.89,False,sh600847
20240927,8.22,2,6,-1.7,False,8,False,4,7.98,9.73,-1.7,-4.99,False,sh601238
20251022,40.83,5,7,-3.75,False,5,False,3,39.84,3.8,-3.21,-4.26,False,sh603194
20240930,12.44,0,3,7.39,True,10,False,7,11.53,10.05,0.0,-1.93,False,sh600703
20240905,7.66,2,10,-3.39,False,8,False,0,7.32,0.0,-2.92,-7.31,False,sh600099
20240927,11.83,0,0,4.48,True,10,True,10,11.36,13.1,0.0,0.0,False,sh603788
20240809,1.34,0,0,32.09,True,10,True,10,1.33,32.09,0.0,0.0,True,sh600070
20250625,46.85,4,4,-0.81,False,6,False,6,46.66,1.94,-1.69,-2.09,False,sh688396
20250630,9.25,1,3,5.19,False,9,False,7,9.15,8.54,-0.24,-1.3,False,sh603327
20240813,3.13,0,0,0.0,True,10,True,10,3.13,2.55,0.0,0.0,False,sh601618
20240731,1941.91,9,9,-2.81,False,1,False,1,1931.19,0.22,-2.84,-2.97,False,sh000926
20240927,9.42,0,0,7.53,True,10,True,10,9.25,8.38,0.0,0.0,False,sh603558
20250905,6.96,2,2,-3.16,False,8,False,8,6.94,2.3,-3.71,-3.16,False,sh601330
20240930,11.67,5,9,-8.48,False,5,False,1,10.91,2.49,-3.41,-9.77,False,sh600380
20250708,13.74,0,8,2.33,True,10,False,2,13.53,2.33,0.0,-1.67,False,sh603070
20241216,28.34,0,3,0.46,True,10,False,7,27.81,1.87,0.0,-0.28,False,sh600900
20250904,5.46,9,9,-0.55,False,1,False,1,5.45,0.92,-3.31,-2.75,False,sh600901
20250630,28.74,0,0,3.53,True,10,True,10,28.42,4.07,0.0,0.0,False,sh688146
20240930,9.86,1,8,2.64,False,9,False,2,9.11,5.48,-2.67,-10.45,False,sh600133
20240927,13.24,0,0,6.87,True,10,True,10,13.23,23.94,0.0,0.0,False,sh600560
20240926,950.3,0,0,3.11,True,10,True,10,914.91,11.46,0.0,0.0,False,sh000021
20250707,162.69,3,6,0.32,False,7,False,4,158.52,0.9,-1.81,-3.77,False,sh688072
20251112,61.42,7,7,11.61,False,3,False,3,61.01,11.61,-7.14,-7.02,False,sh688621
20250815,103.9,0,4,3.44,True,10,False,6,97.37,4.35,0.0,-3.95,False,sh688515
20240730,7.14,5,9,-1.82,False,5,False,1,6.95,0.56,-7.8,-11.34,False,sh603716
20240927,5638.91,0,0,5.36,True,10,True,10,5307.6,22.06,0.0,0.0,False,sh000812
20260126,11.83,9,9,-15.89,False,1,False,1,11.61,0.51,-13.58,-16.06,False,sh605081
20240906,7.23,10,10,-4.84,False,0,False,0,7.08,0.0,-6.88,-9.12,False,sh600834
20240930,7.74,9,9,-10.59,False,1,False,1,7.49,0.78,-7.41,-11.89,False,sh603758
20240924,0.39,0,0,11.92,True,10,True,10,0.39,19.69,0.0,0.0,False,sh900922
20250625,153.03,10,10,-3.52,False,0,False,0,152.52,0.0,-5.88,-5.2,False,sh603893
20240930,7.68,9,9,-8.46,False,1,False,1,7.47,3.39,-5.38,-9.51,False,sh603168
20240806,9.39,7,10,-6.71,False,3,False,0,9.2,0.0,-5.06,-6.71,False,sh600679
20251222,2.66,3,2,1.88,False,7,False,8,2.66,2.63,-1.16,-0.75,False,sh688538
20260113,13.61,1,2,0.73,False,9,False,8,13.51,1.84,-0.41,-1.03,False,sh603213
20240918,9.94,2,3,14.39,False,8,False,7,9.8,17.4,-2.8,-3.82,False,sh600299
20240930,5.42,8,9,-9.83,False,2,False,1,5.33,4.79,-10.96,-13.33,False,sh603588
20240923,6.09,0,0,13.96,True,10,True,10,6.08,24.3,0.0,0.0,False,sh600637
20250630,63.6,0,0,2.03,True,10,True,10,63.17,2.03,0.0,0.0,False,sh688576
20250624,31.84,0,0,4.96,True,10,True,10,29.92,12.82,0.0,0.0,False,sh605398
20250630,47.02,0,2,0.57,True,10,False,8,45.94,1.44,0.0,-0.85,False,sh688325
20250624,47.99,0,7,-0.4,True,10,False,3,44.36,3.79,0.0,-4.63,False,sh688320
20240919,5.79,0,0,31.76,True,10,True,10,5.78,52.82,0.0,0.0,True,sh600061
20250625,38.89,1,1,3.21,False,9,False,9,38.86,4.01,-0.48,-0.62,False,sh603391
20240927,12.07,0,0,4.81,True,10,True,10,12.01,12.76,0.0,0.0,False,sh600506
20250710,13.75,0,5,3.35,True,10,False,5,13.56,3.35,0.0,-2.04,False,sh601156
20251127,47.9,8,8,-6.41,False,2,False,2,47.76,1.34,-7.34,-6.41,False,sh688193
20240930,10.43,7,10,-7.58,False,3,False,0,9.86,0.0,-2.49,-7.58,False,sh600548
20241017,5.11,0,1,-2.15,True,10,False,9,5.04,12.33,0.0,-2.15,False,sh603003
20250630,10.47,9,10,-6.78,False,1,False,0,10.39,0.0,-6.47,-7.26,False,sh688609
20250703,6.79,1,1,5.01,False,9,False,9,6.78,5.01,-0.36,-0.44,False,sh603122
20240925,5.18,0,0,31.85,True,10,True,10,5.12,31.85,0.0,0.0,True,sh600185
20260113,50.54,5,9,1.92,False,5,False,1,49.28,1.92,-3.37,-6.11,False,sh603275
20250919,21.45,0,3,3.36,True,10,False,7,20.88,3.4,0.0,-1.59,False,sh603712
20250625,32.22,6,5,2.89,False,4,False,5,32.11,4.22,-3.15,-2.55,False,sh688039
20240927,28.86,3,4,5.37,False,7,False,6,28.44,12.2,-2.35,-4.3,False,sh600378
20240730,3.0,9,9,-6.67,False,1,False,1,2.98,0.33,-6.3,-7.0,False,sh600651
20250709,7.51,9,9,-1.46,False,1,False,1,7.48,0.0,-2.04,-2.26,False,sh601728
20251106,33.23,10,10,-6.32,False,0,False,0,32.85,0.0,-6.74,-6.32,False,sh688077
20240730,4.95,0,5,-2.63,True,10,False,5,4.64,7.47,0.0,-4.24,False,sh600336
20240829,30.48,0,0,4.66,True,10,True,10,29.91,5.68,0.0,0.0,False,sh601567
20240927,18.43,0,0,10.85,True,10,True,10,18.06,20.08,0.0,0.0,False,sh600765
20240731,13.55,0,0,1.99,True,10,True,10,13.53,4.65,0.0,0.0,False,sh600882
20260108,17.76,0,0,32.04,True,10,True,10,17.03,40.48,0.0,0.0,True,sh688277
20250630,34.52,3,5,11.27,False,7,False,5,34.49,11.91,-1.99,-2.26,False,sh688710
20241010,4.58,0,5,-0.22,True,10,False,5,4.48,3.28,0.0,-1.31,False,sh601000
20240926,3.95,0,0,4.56,True,10,True,10,3.93,15.95,0.0,0.0,False,sh600202
20250812,41.32,1,3,9.85,False,9,False,7,41.26,10.84,-1.55,-1.98,False,sh603341
20250624,13.08,0,2,0.15,True,10,False,8,12.67,1.99,0.0,-1.53,False,sh688697
20250627,54.23,5,8,-3.21,False,5,False,2,52.52,1.16,-1.53,-4.39,False,sh688409
20240927,3.14,2,3,0.95,False,8,False,7,3.14,12.08,-0.58,-0.95,False,sh600681
20240930,4.88,8,9,-8.39,False,2,False,1,4.8,2.66,-7.83,-10.44,False,sh600966
20240923,5.42,0,0,9.41,True,10,True,10,5.4,21.59,0.0,0.0,False,sh601999
20240925,6.61,0,0,13.31,True,10,True,10,6.43,39.79,0.0,0.0,False,sh600155
20240930,8.71,9,9,-2.41,False,1,False,1,8.67,3.1,-9.31,-9.64,False,sh603017
20250707,12.84,0,0,8.57,True,10,True,10,12.78,8.57,0.0,0.0,False,sh603191
20240819,4.16,3,10,-5.7,False,7,False,0,3.98,0.0,-2.31,-5.7,False,sh603323
20250711,12.98,10,10,-6.24,False,0,False,0,12.87,0.0,-6.07,-7.09,False,sh603825
20250704,112.15,0,5,-0.71,True,10,False,5,108.65,0.68,0.0,-1.24,False,sh688120
20240927,40.79,0,5,-1.15,True,10,False,5,37.96,20.28,0.0,-3.9,False,sh600779
20250624,6.33,0,0,4.11,True,10,True,10,6.27,4.11,0.0,0.0,False,sh600918
20240925,29.65,0,0,24.89,True,10,True,10,29.01,32.04,0.0,0.0,True,sh600584
20240926,8.69,0,0,10.82,True,10,True,10,8.43,17.03,0.0,0.0,False,sh600737
20240924,8.25,0,1,0.85,True,10,False,9,8.21,16.0,0.0,-0.48,False,sh600250
20250731,313.5,5,10,-8.04,False,5,False,0,306.85,0.0,-4.85,-8.04,False,sh688111
20250905,7.73,0,0,0.13,True,10,True,10,7.48,4.14,0.0,0.0,False,sh600956
20240731,7.88,1,2,8.63,False,9,False,8,7.83,8.76,-0.06,-0.76,False,sh603488
20241008,5.28,4,4,9.85,False,6,False,6,5.16,9.85,-7.78,-10.04,False,sh603838
20240918,3.93,0,1,18.83,True,10,False,9,3.76,29.77,0.0,-2.8,False,sh600107
20240927,3.16,0,0,12.66,True,10,True,10,3.09,23.42,0.0,0.0,False,sh603616
20240926,26.41,0,0,0.57,True,10,True,10,24.65,17.19,0.0,0.0,False,sh600754
20240930,392.77,1,7,1.04,False,9,False,3,385.16,2.26,-0.55,-2.48,False,sh000832
20250701,30.36,8,7,6.79,False,2,False,3,30.35,6.79,-6.51,-5.47,False,sh688246
20250708,19.85,10,10,-3.68,False,0,False,0,19.73,0.0,-5.19,-5.79,False,sh688172
20240924,10.42,0,4,-1.73,True,10,False,6,9.99,5.09,0.0,-2.69,False,sh601985
20260309,27.7,0,0,15.16,True,10,True,10,27.59,17.0,0.0,0.0,False,sh603659
20250807,48.29,0,4,10.46,True,10,False,6,46.31,19.24,0.0,-1.74,False,sh688721
20251210,20.33,7,8,-1.43,False,3,False,2,20.11,1.28,-2.73,-3.44,False,sh603790
20240926,19.4,0,0,25.15,True,10,True,10,18.85,40.88,0.0,0.0,True,sh600460
20260121,7.79,1,1,6.8,False,9,False,9,7.68,6.8,-0.04,-1.03,False,sh605006
20240829,15.11,1,2,-2.65,False,9,False,8,14.84,3.31,-1.85,-2.65,False,sh600233
20240919,3.57,2,3,9.8,False,8,False,7,3.55,19.05,-1.63,-2.52,False,sh600149
20251215,43.3,9,9,-3.88,False,1,False,1,42.33,1.13,-5.66,-7.04,False,sh688592
20240930,46.9,8,9,-10.49,False,2,False,1,44.83,4.12,-7.13,-12.28,False,sh603658
20251212,35.31,3,2,1.3,False,7,False,8,35.28,3.57,-0.93,-0.88,False,sh688208
20240926,2.23,0,0,3.59,True,10,True,10,2.2,17.04,0.0,0.0,False,sh600800
20250701,7.57,1,2,0.53,False,9,False,8,7.55,3.17,-0.28,-0.53,False,sh600032
20250807,13.13,0,4,2.74,True,10,False,6,12.84,3.88,0.0,-0.91,False,sh603170
20240805,2.87,3,5,-12.89,False,7,False,5,2.71,33.45,-8.82,-12.89,False,sh600280
20240926,2.65,0,0,2.64,True,10,True,10,2.55,14.72,0.0,0.0,False,sh601718
20240925,3.27,0,0,3.06,True,10,True,10,3.26,10.7,0.0,0.0,False,sh600033
20251224,137.0,3,4,24.07,False,7,False,6,134.56,24.07,-5.42,-6.82,True,sh688521
20250715,169.77,2,4,6.6,False,8,False,6,164.33,8.0,-0.48,-3.09,False,sh688615
20240927,13.29,2,6,-3.54,False,8,False,4,12.88,14.97,-3.03,-7.0,False,sh600199
20241008,5.61,1,2,31.02,False,9,False,8,5.59,31.02,-4.12,-4.63,True,sh600603
20240930,3.66,1,8,0.0,False,9,False,2,3.44,4.37,-0.62,-7.65,False,sh603226
20251020,19.63,0,0,5.96,True,10,True,10,19.15,5.96,0.0,0.0,False,sh605151
20240920,15.19,0,0,18.1,True,10,True,10,15.18,24.75,0.0,0.0,False,sh601166
20250813,36.12,3,3,-0.94,False,7,False,7,36.0,2.35,-1.04,-1.47,False,sh605098
20250624,12.25,0,0,8.0,True,10,True,10,12.19,8.0,0.0,0.0,False,sh688296
20240926,14.0,0,0,141.79,True,10,True,10,13.41,141.79,0.0,0.0,True,sh603268
20250219,0.35,0,0,5.65,True,10,True,10,0.35,6.78,0.0,0.0,False,sh900916
20240930,6.3,0,6,-0.44,True,10,False,4,6.05,2.16,0.0,-1.73,False,sh601128
20240731,15.98,9,9,-6.76,False,1,False,1,15.81,0.31,-8.66,-8.57,False,sh601899
20240926,5.08,0,0,9.25,True,10,True,10,5.07,28.54,0.0,0.0,False,sh600866
20250625,4.5,0,0,8.67,True,10,True,10,4.23,12.44,0.0,0.0,False,sh601162
20241107,16.75,0,0,10.99,True,10,True,10,16.66,22.33,0.0,0.0,False,sh603090
20240730,7.82,0,0,4.73,True,10,True,10,7.62,5.5,0.0,0.0,False,sh603223
20240926,13.09,0,1,-0.15,True,10,False,9,13.04,21.08,0.0,-0.15,False,sh600055
20240909,2.79,10,10,-5.02,False,0,False,0,2.72,0.0,-11.19,-14.7,False,sh600828
20240829,49.46,0,0,3.17,True,10,True,10,48.11,3.78,0.0,0.0,False,sh601100
20240730,5.31,0,3,5.27,True,10,False,7,4.98,19.21,0.0,-1.51,False,sh603389
20251212,59.14,7,5,3.89,False,3,False,5,59.1,6.15,-3.34,-2.82,False,sh688610
20250901,14.59,3,7,-2.26,False,7,False,3,14.31,3.36,-2.25,-2.26,False,sh605599
20241008,8.64,4,4,7.99,False,6,False,6,8.32,13.31,-5.35,-9.38,False,sh603909
20250717,19.72,1,3,-3.4,False,9,False,7,19.12,1.67,-1.21,-3.4,False,sh603595
20240919,2.62,0,0,8.4,True,10,True,10,2.44,21.37,0.0,0.0,False,sh600665
20241008,12.31,10,10,-7.63,False,0,False,0,12.28,0.0,-11.1,-12.26,False,sh603727
20240807,2.51,7,8,-9.96,False,3,False,2,2.42,9.96,-6.64,-10.36,False,sh601933
20250819,20.8,0,0,15.0,True,10,True,10,20.76,17.3,0.0,0.0,False,sh605179
20241008,6.49,10,10,-9.09,False,0,False,0,6.31,0.0,-11.96,-14.79,False,sh600078
20240909,5.46,2,4,4.76,False,8,False,6,5.45,4.76,-0.67,-1.1,False,sh600278
20240930,7.36,9,9,-8.42,False,1,False,1,7.04,3.67,-4.61,-10.33,False,sh603569
20251125,23.35,0,1,2.96,True,10,False,9,22.89,4.2,0.0,-0.26,False,sh603612
20250722,32.11,0,0,5.23,True,10,True,10,31.9,5.23,0.0,0.0,False,sh688139
20251125,41.5,10,10,-7.35,False,0,False,0,39.82,0.0,-4.63,-8.0,False,sh603375
20251219,25.78,0,2,17.77,True,10,False,8,23.7,37.9,0.0,-7.25,False,sh605003
20240808,1.47,6,10,-8.84,False,4,False,0,1.38,0.0,-10.24,-16.33,False,sh600811
20260414,24.9,3,3,-7.51,False,0,False,0,24.2,0.0,-4.46,-7.51,False,sh688177
20260311,6.37,0,0,13.5,True,10,True,10,6.3,16.48,0.0,0.0,False,sh600930
20251021,14.73,2,2,14.8,False,8,False,8,14.67,15.14,-1.15,-1.43,False,sh688410
20240924,2.27,0,1,7.05,True,10,False,9,2.23,20.26,0.0,-0.44,False,sh600751
20240903,18.57,1,7,-2.1,False,9,False,3,18.14,1.08,-0.51,-3.55,False,sh603040
20240927,6861.61,0,2,0.29,True,10,False,8,6577.05,13.04,0.0,-2.37,False,sh000147
20250625,18.93,0,0,6.55,True,10,True,10,18.82,8.19,0.0,0.0,False,sh605060
20250818,12.3,4,5,-4.07,False,6,False,5,12.27,1.95,-2.54,-4.07,False,sh603291
20240821,23.69,10,9,0.13,False,0,False,1,23.68,0.13,-2.21,-2.15,False,sh600161
20240905,11.88,1,8,-0.42,False,9,False,2,11.67,1.85,-0.38,-3.2,False,sh603997
20250729,88.46,0,5,5.25,True,10,False,5,84.66,5.25,0.0,-3.12,False,sh688220
20250708,17.47,10,10,-2.29,False,0,False,0,17.44,0.0,-6.98,-8.07,False,sh601865
20250624,32.43,5,6,-2.28,False,5,False,4,31.99,2.07,-2.37,-3.64,False,sh688709
20251201,34.93,8,5,0.17,False,2,False,5,34.89,1.91,-2.66,-2.2,False,sh688093
20240731,5253.33,9,10,-2.48,False,1,False,0,5218.46,0.0,-2.32,-2.82,False,sh000974
20240930,10616.02,0,9,-4.42,True,10,False,1,9668.48,7.1,0.0,-8.65,False,sh000109
20240925,2.19,0,0,9.13,True,10,True,10,2.15,21.92,0.0,0.0,False,sh600448
20241028,2.6,4,7,12.31,False,6,False,3,2.56,12.31,-3.67,-6.92,False,sh600831
20251031,23.26,1,1,3.4,False,9,False,9,23.2,10.23,-1.42,-1.55,False,sh688510
20240930,3.05,0,9,-4.59,True,10,False,1,2.85,2.95,0.0,-5.9,False,sh600798
20240930,8.4,9,9,-4.76,False,1,False,1,8.28,4.64,-4.22,-6.31,False,sh603089
20250730,56.33,0,0,13.4,True,10,True,10,56.0,15.41,0.0,0.0,False,sh688343
20240829,7.34,9,10,-1.91,False,1,False,0,7.28,0.0,-1.98,-2.86,False,sh601200
20240926,1.33,0,0,6.03,True,10,True,10,1.28,14.32,0.0,0.0,False,sh601880
20240906,7.0,3,7,2.71,False,7,False,3,6.66,10.0,-4.31,-9.86,False,sh603123
20240807,169.51,6,8,-7.19,False,4,False,2,164.07,4.11,-3.55,-7.19,False,sh603444
20240920,3.3,0,1,3.64,True,10,False,9,3.24,20.3,0.0,-0.3,False,sh600355
20260324,32.64,4,7,1.72,False,6,False,3,31.46,1.72,-3.02,-2.94,False,sh603216
20241008,5.08,10,10,-11.22,False,0,False,0,4.96,0.0,-13.17,-18.11,False,sh600481
20240925,0.34,0,0,10.91,True,10,True,10,0.34,20.35,0.0,0.0,False,sh900927
20240924,2.7,0,0,14.07,True,10,True,10,2.7,27.41,0.0,0.0,False,sh600748
20250701,29.54,8,8,4.6,False,2,False,2,28.94,4.6,-3.67,-3.83,False,sh688393
20250710,5.14,3,4,6.42,False,7,False,6,5.12,6.42,-0.3,-0.78,False,sh600929
20240930,10.5,10,10,-12.29,False,0,False,0,10.32,0.0,-13.07,-16.38,False,sh600706
20240930,2.82,0,9,-2.13,True,10,False,1,2.63,6.74,0.0,-4.61,False,sh600261
20250916,292.78,6,6,3.76,False,4,False,4,290.88,3.76,-3.0,-2.87,False,sh605499
20260105,17.64,4,0,1.76,False,6,True,10,17.64,10.43,-1.25,0.0,False,sh605303
20240930,1.51,9,10,-4.64,False,1,False,0,1.47,0.0,-5.22,-7.95,False,sh600136
20250127,13.68,2,3,-0.66,False,8,False,7,13.54,1.39,-0.24,-0.8,False,sh600598
20251021,42.76,4,8,-12.54,False,6,False,2,40.55,1.29,-9.48,-12.54,False,sh688143
20250909,5.53,8,8,-3.25,False,2,False,2,5.52,1.08,-4.14,-3.98,False,sh601528
20250624,31.74,0,0,6.14,True,10,True,10,31.08,10.21,0.0,0.0,False,sh688239
20240930,4.84,9,9,-8.88,False,1,False,1,4.55,2.48,-9.49,-14.26,False,sh603669
20240927,9.53,0,3,0.84,True,10,False,7,9.27,13.22,0.0,-3.67,False,sh600178
20251201,22.49,5,8,-3.47,False,5,False,2,22.23,0.76,-3.39,-3.47,False,sh603075
20260105,23.09,6,5,-1.65,False,4,False,5,22.88,4.81,-5.13,-5.2,False,sh688108
20250728,234.0,0,2,1.13,True,10,False,8,230.07,4.35,0.0,-1.59,False,sh688692
20240925,4.0,0,0,9.75,True,10,True,10,3.98,23.0,0.0,0.0,False,sh600249
20250624,24.86,0,2,1.09,True,10,False,8,24.53,2.33,0.0,-1.05,False,sh603344
20240823,10.97,1,9,-1.19,False,9,False,1,10.62,0.64,-0.15,-3.01,False,sh601878
20240926,78.72,0,0,9.44,True,10,True,10,75.42,26.51,0.0,0.0,False,sh603345
20240926,4.05,0,0,11.6,True,10,True,10,4.04,19.51,0.0,0.0,False,sh600207
20240822,39.19,1,2,3.88,False,9,False,8,38.8,4.34,-0.1,-1.05,False,sh600760
20250806,17.5,0,6,3.2,True,10,False,4,17.03,3.2,0.0,-2.8,False,sh605555
20260408,5.22,0,2,18.58,True,7,False,5,5.14,18.58,0.0,-0.57,False,sh601619
20240926,23.82,0,0,0.0,True,10,True,10,23.63,14.9,0.0,0.0,False,sh600887
20250905,25.13,1,2,-2.51,False,9,False,8,25.1,3.18,-1.79,-2.51,False,sh688272
20240926,5.5,0,2,-1.45,True,10,False,8,5.21,18.55,0.0,-1.45,False,sh603326
20250718,38.35,1,3,9.86,False,9,False,7,38.15,9.96,-0.77,-1.49,False,sh688125
20250916,47.95,8,10,-7.38,False,2,False,0,45.61,0.0,-7.07,-10.41,False,sh605198
20250801,89.72,6,8,-1.86,False,4,False,2,86.48,1.75,-3.11,-3.9,False,sh688776
20251015,32.2,9,7,0.5,False,1,False,3,32.08,0.9,-4.5,-4.66,False,sh688211
20250630,14.73,2,5,4.68,False,8,False,5,14.63,4.68,-0.74,-1.63,False,sh605365
20240927,38.14,1,1,1.99,False,9,False,9,37.87,12.87,-0.4,-0.03,False,sh600150
20240927,4.57,0,0,2.63,True,10,True,10,4.56,13.35,0.0,0.0,False,sh603012
20240808,10.19,3,4,-4.51,False,7,False,6,10.1,1.96,-4.38,-4.51,False,sh600479
20240930,18.33,9,9,-10.2,False,1,False,1,17.7,4.42,-8.21,-12.06,False,sh603368
20240807,6884.19,1,0,1.9,False,9,True,10,6883.0,3.17,-0.07,0.0,False,sh000138
20251125,22.06,6,5,-1.45,False,4,False,5,21.93,2.67,-2.56,-1.54,False,sh603013
20240801,3.07,2,9,-4.89,False,8,False,1,2.82,4.23,-2.1,-9.77,False,sh600684
20240924,4.09,0,0,18.58,True,10,True,10,4.01,26.65,0.0,0.0,False,sh600963
20251020,46.65,6,8,8.42,False,4,False,2,45.2,8.42,-2.08,-4.52,False,sh688196
20251211,31.23,0,0,19.69,True,10,True,10,30.72,19.69,0.0,0.0,False,sh603127
20240801,3.18,7,10,-0.31,False,3,False,0,3.15,0.0,-2.64,-3.46,False,sh601228
20240927,6.09,0,2,1.48,True,10,False,8,6.04,12.97,0.0,-0.66,False,sh600857
20240925,8.52,6,8,-1.41,False,4,False,2,8.33,3.17,-4.7,-6.46,False,sh600350
20240926,2.02,0,0,3.47,True,10,True,10,1.91,16.83,0.0,0.0,False,sh600503
20240927,5.5,0,0,6.36,True,10,True,10,5.49,13.81,0.0,0.0,False,sh603126
20240809,5.75,4,6,-4.35,False,6,False,4,5.69,0.7,-3.28,-4.35,False,sh600064
20240730,4.75,3,10,-5.47,False,7,False,0,4.49,0.0,-1.54,-6.52,False,sh600819
20251014,8.3,0,0,25.18,True,10,True,10,8.21,25.18,0.0,0.0,True,sh603759
20240822,2706.85,10,10,-5.4,False,0,False,0,2695.78,0.0,-5.26,-5.4,False,sh000995
20250626,12.32,3,5,-1.7,False,7,False,5,12.21,5.52,-1.19,-2.27,False,sh603977
20240923,3.93,0,0,11.7,True,10,True,10,3.88,20.87,0.0,0.0,False,sh600333
20240927,2.36,2,4,0.42,False,8,False,6,2.31,13.56,-0.83,-3.39,False,sh600654
20240731,20.28,3,7,-0.59,False,7,False,3,19.94,0.94,-1.19,-1.82,False,sh600007
20240730,0.32,0,1,1.25,True,10,False,9,0.31,3.45,0.0,-0.94,False,sh900941
20240926,3.98,0,0,4.12,True,10,True,10,3.98,20.35,0.0,0.0,False,sh600180
20250626,17.96,0,0,3.28,True,10,True,10,17.94,3.84,0.0,0.0,False,sh688308
20250708,24.7,2,2,6.44,False,8,False,8,24.58,6.56,-0.63,-0.73,False,sh603270
20240927,15.57,0,0,8.03,True,10,True,10,15.37,17.73,0.0,0.0,False,sh600498
20240919,3.83,1,2,15.14,False,9,False,8,3.81,24.02,-0.05,-0.78,False,sh600302
20240829,7.36,0,0,2.58,True,10,True,10,7.32,3.8,0.0,0.0,False,sh600551
20240808,28.92,0,1,4.74,True,10,False,9,28.68,5.36,0.0,-0.24,False,sh600036
20240930,3.76,0,9,-5.85,True,10,False,1,3.49,2.93,0.0,-6.65,False,sh600982
20240808,22.35,0,2,5.15,True,10,False,8,21.4,5.15,0.0,-0.94,False,sh600285
20240927,5700.07,0,1,1.93,True,10,False,9,5581.66,9.86,0.0,-0.34,False,sh000823
20240927,3.88,0,0,2.32,True,10,True,10,3.86,14.95,0.0,0.0,False,sh600805
20250709,22.59,0,3,0.31,True,10,False,7,22.22,3.01,0.0,-0.58,False,sh688339
20240925,0.22,0,0,15.21,True,10,True,10,0.22,23.04,0.0,0.0,False,sh900913
20240926,4572.53,0,0,4.06,True,10,True,10,4415.65,17.78,0.0,0.0,False,sh000989
20251021,5.08,0,10,-4.53,True,10,False,0,4.34,0.0,0.0,-7.87,False,sh688509
20240731,8.85,0,10,-2.03,True,10,False,0,8.6,0.0,0.0,-2.82,False,sh600648
20240930,10.94,1,9,-2.47,False,9,False,1,10.51,5.39,-0.05,-4.75,False,sh603159
20260113,55.76,1,2,-1.54,False,9,False,8,55.31,5.33,-0.95,-1.54,False,sh688293
20260410,77.6,0,2,2.35,True,5,False,3,76.41,3.23,0.0,-1.17,False,sh603091
20240731,4.18,8,10,-10.78,False,2,False,0,4.01,0.0,-6.78,-10.78,False,sh600361
20240930,15.43,3,9,-7.0,False,7,False,1,14.47,2.46,-2.05,-8.68,False,sh601163
20250624,29.27,0,0,11.89,True,10,True,10,28.93,12.88,0.0,0.0,False,sh688314
20240926,1.72,0,0,12.21,True,10,True,10,1.58,33.14,0.0,0.0,False,sh600606
20250212,6.18,0,3,-1.13,True,10,False,7,5.92,11.81,0.0,-1.46,False,sh603117
20240807,23.11,8,10,-1.47,False,2,False,0,22.92,0.0,-1.51,-2.03,False,sh600406
20240801,1.83,10,10,-2.19,False,0,False,0,1.81,0.0,-3.0,-3.83,False,sh600255
20250822,74.63,8,10,-10.42,False,2,False,0,73.77,0.0,-8.82,-11.83,False,sh688114
20240930,2.15,2,8,1.86,False,8,False,2,2.09,1.86,-1.13,-5.58,False,sh603023
20251224,23.27,0,0,9.88,True,10,True,10,22.76,9.88,0.0,0.0,False,sh605507
20240930,10.3,9,9,-8.06,False,1,False,1,9.98,6.99,-9.08,-14.27,False,sh600732
20240924,2.99,0,1,6.35,True,10,False,9,2.79,16.05,0.0,-2.01,False,sh600581
20240930,2857.05,6,10,-7.52,False,4,False,0,2737.64,0.0,-3.81,-7.52,False,sh000917
20250624,7.79,0,2,3.98,True,10,False,8,7.73,4.24,0.0,-0.51,False,sh688597
20240930,6.78,9,10,-12.53,False,1,False,0,6.6,0.0,-10.58,-12.53,False,sh600236
20251110,12.93,6,6,-8.43,False,4,False,4,12.84,3.02,-7.75,-8.43,False,sh605337
20240904,4.08,0,3,1.72,True,10,False,7,3.8,6.13,0.0,-4.66,False,sh600698
20240823,11.77,0,0,3.23,True,10,True,10,11.69,14.1,0.0,0.0,False,sh603189
20251010,2.45,0,0,7.35,True,10,True,10,2.44,10.2,0.0,0.0,False,sh600935
20240930,6.71,6,9,-6.85,False,4,False,1,6.33,2.83,-1.77,-7.9,False,sh600080
20240926,2.42,0,1,2.89,True,10,False,9,2.37,9.9,0.0,-0.41,False,sh601518
20250707,7.37,0,3,16.15,True,10,False,7,7.3,19.95,0.0,-0.81,False,sh603617
20240924,6.6,0,1,3.64,True,10,False,9,6.41,6.07,0.0,-1.21,False,sh601328
20250624,27.14,0,8,-0.18,True,10,False,2,25.96,0.22,0.0,-2.1,False,sh603489
20260108,8.96,0,4,4.35,True,10,False,6,8.72,4.69,0.0,-2.01,False,sh688096
20241226,5.25,10,10,-4.57,False,0,False,0,5.22,0.0,-3.87,-4.57,False,sh601366
20240930,36.14,8,9,-9.8,False,2,False,1,34.75,9.85,-8.99,-14.19,False,sh603026
20240807,6.72,0,3,7.0,True,10,False,7,6.64,7.44,0.0,-1.04,False,sh600919
20260324,43.52,0,0,15.17,True,10,True,10,42.31,15.17,0.0,0.0,False,sh605298
20250820,21.89,1,3,-4.16,False,9,False,7,21.61,4.66,-1.47,-4.16,False,sh688225
20251021,2.94,8,8,-2.38,False,2,False,2,2.94,1.36,-4.2,-3.74,False,sh601860
20240927,5.71,0,0,35.89,True,10,True,10,5.7,35.89,0.0,0.0,True,sh600399
20250514,33.65,0,10,-1.58,True,10,False,0,31.35,0.0,0.0,-3.86,False,sh601601
20240927,8178.57,0,0,3.09,True,10,True,10,7975.29,11.47,0.0,0.0,False,sh000142
20240925,2.76,0,0,7.97,True,10,True,10,2.76,18.84,0.0,0.0,False,sh600403
20240816,4.46,0,2,-2.02,True,10,False,8,4.36,1.79,0.0,-2.02,False,sh600050
20241009,34.57,10,10,-11.4,False,0,False,0,33.32,0.0,-14.39,-20.94,False,sh603688
20250725,37.48,3,3,17.88,False,7,False,7,37.24,17.88,-1.25,-0.91,False,sh688311
20260116,145.0,2,6,11.52,False,8,False,4,137.53,11.52,-4.53,-7.07,False,sh688025
20250717,36.0,0,0,5.28,True,10,True,10,35.75,12.17,0.0,0.0,False,sh688676
20240930,2.99,7,8,0.67,False,3,False,2,2.89,8.36,-5.41,-10.03,False,sh600537
20240902,4.15,8,10,-5.54,False,2,False,0,4.12,0.0,-8.2,-8.92,False,sh600863
20240923,4.8,0,0,21.86,True,10,True,10,4.78,23.52,0.0,0.0,True,sh600784
20251128,40.41,10,10,-11.09,False,0,False,0,40.24,0.0,-11.84,-11.21,False,sh688638
20240802,6.08,10,10,-13.16,False,0,False,0,6.06,0.0,-13.79,-14.14,False,sh600579
20240923,6.83,0,0,4.54,True,10,True,10,6.73,9.96,0.0,0.0,False,sh600987
20250625,59.27,1,8,-4.79,False,9,False,2,56.31,2.68,-1.73,-4.79,False,sh688372
20240808,14.48,0,0,6.35,True,10,True,10,14.4,6.35,0.0,0.0,False,sh601231
20251113,47.31,9,9,-6.11,False,1,False,1,46.98,0.23,-10.44,-9.62,False,sh603590
20240730,42.73,8,9,-0.96,False,2,False,1,42.17,0.07,-5.58,-6.34,False,sh600660
20251014,11.63,0,0,5.16,True,10,True,10,11.44,5.16,0.0,0.0,False,sh601083
20240829,28.29,6,6,-3.22,False,4,False,4,28.06,4.35,-2.18,-3.22,False,sh603416
20240919,1.25,0,0,12.8,True,10,True,10,1.25,23.2,0.0,0.0,False,sh600307
20250627,13.28,0,0,10.92,True,10,True,10,13.07,14.68,0.0,0.0,False,sh688046
20260109,32.44,6,10,-9.86,False,4,False,0,30.66,0.0,-5.31,-11.07,False,sh688443
20240930,7.74,1,9,-1.55,False,9,False,1,7.18,4.26,-0.24,-7.88,False,sh603789
20240806,5.81,4,5,-0.69,False,6,False,5,5.76,1.38,-1.25,-0.69,False,sh600098
20240930,5.37,9,9,-8.38,False,1,False,1,5.2,5.4,-7.32,-10.61,False,sh601500
20240930,59.44,0,0,8.31,True,10,True,10,59.28,21.73,0.0,0.0,False,sh600702
20260225,43.97,7,9,-0.73,False,3,False,1,43.76,0.27,-2.95,-3.89,False,sh603195
20260320,14.43,2,7,-11.85,False,8,False,3,14.21,1.59,-7.2,-11.85,False,sh605050
20240930,15.44,8,9,-3.04,False,2,False,1,14.92,0.52,-4.07,-8.03,False,sh600265
20250806,49.07,6,7,4.36,False,4,False,3,48.9,4.36,-2.35,-3.24,False,sh688777
20240926,58.1,3,3,-5.49,False,7,False,7,57.99,14.34,-5.33,-5.49,False,sh600132
20251201,37.47,10,10,-8.62,False,0,False,0,36.76,0.0,-8.3,-8.78,False,sh688273
20240913,16.32,0,0,26.16,True,10,True,10,16.2,26.16,0.0,0.0,True,sh600455
20240927,1207.97,2,2,0.15,False,8,False,8,1204.27,10.34,-1.64,-1.96,False,sh000114
20240730,2.71,1,1,11.07,False,9,False,9,2.7,11.07,-0.56,-1.11,False,sh603843
20250718,45.3,0,0,46.87,True,10,True,10,42.56,46.87,0.0,0.0,True,sh603516
20250702,1.41,0,2,-0.71,True,10,False,8,1.32,4.26,0.0,-2.13,False,sh601005
20251201,13.53,10,10,-3.4,False,0,False,0,13.53,0.0,-4.17,-3.7,False,sh603071
20241025,2.83,1,3,13.43,False,9,False,7,2.83,13.43,-0.6,-2.83,False,sh600381
20240926,3545.32,0,0,6.85,True,10,True,10,3460.76,20.05,0.0,0.0,False,sh000300
20250625,32.81,1,2,7.41,False,9,False,8,32.6,20.73,-1.0,-1.83,False,sh688693
20240926,8.95,0,0,13.4,True,10,True,10,8.44,25.36,0.0,0.0,False,sh600048
20240925,11.16,0,0,19.89,True,10,True,10,11.11,24.64,0.0,0.0,False,sh600835
20251020,38.0,0,1,13.97,True,10,False,9,37.79,15.5,0.0,-0.26,False,sh603271
20250710,10.45,0,0,10.81,True,10,True,10,10.45,10.81,0.0,0.0,False,sh601456
20250701,28.38,9,9,-6.67,False,1,False,1,28.08,4.12,-6.3,-6.67,False,sh605080
20240927,2702.34,1,4,-0.3,False,9,False,6,2653.57,12.82,-0.99,-3.05,False,sh000813
20240930,6.04,9,9,-4.8,False,1,False,1,6.04,2.65,-7.15,-7.45,False,sh603717
20240930,7.04,9,9,-7.52,False,1,False,1,6.73,2.41,-6.47,-11.36,False,sh600006
20260410,121.61,1,1,2.47,False,4,False,4,120.55,2.89,-1.16,-2.13,False,sh688347
20250806,12.98,0,0,7.4,True,10,True,10,12.98,7.4,0.0,0.0,False,sh688620
20251020,19.52,2,1,3.38,False,8,False,9,19.41,3.38,-1.42,-0.87,False,sh603976
20240821,4.58,9,9,-8.73,False,1,False,1,4.38,1.53,-5.89,-10.04,False,sh600561
20250924,12.59,4,2,0.32,False,6,False,8,12.54,1.35,-1.01,-1.43,False,sh605399
20251222,95.19,9,6,-1.88,False,1,False,4,94.55,5.76,-6.19,-4.93,False,sh688577
20240925,8.14,0,0,14.74,True,10,True,10,8.13,17.57,0.0,0.0,False,sh600636
20240930,6.08,1,9,-7.4,False,9,False,1,5.54,5.26,-1.21,-10.03,False,sh600351
20240926,4.19,0,0,10.5,True,10,True,10,4.12,16.23,0.0,0.0,False,sh600502
20251020,11.18,1,1,5.1,False,9,False,9,11.12,5.1,-0.15,-0.45,False,sh603212
20250624,25.49,1,1,3.37,False,9,False,9,25.45,4.35,-0.33,-0.24,False,sh688539
20240927,5.5,0,0,72.73,True,10,True,10,5.38,72.73,0.0,0.0,True,sh600678
20240820,4.99,10,10,-12.42,False,0,False,0,4.94,0.0,-12.82,-14.43,False,sh603169
20240802,0.41,10,10,-3.19,False,0,False,0,0.41,0.0,-2.61,-3.68,False,sh900923
20240807,8.47,3,3,2.23,False,7,False,7,8.47,2.82,-0.33,-0.48,False,sh600837
20250819,259.99,0,0,1.53,True,10,True,10,259.0,18.03,0.0,0.0,False,sh688608
20240827,4.73,1,0,0.21,False,9,True,10,4.72,2.33,-0.0,0.0,False,sh601118
20240910,16.93,8,9,2.01,False,2,False,1,16.69,2.01,-4.32,-7.21,False,sh603258
20260415,60.2,0,1,-1.89,True,2,False,1,58.51,1.41,0.0,-1.89,False,sh688192
20250624,22.75,0,0,3.82,True,10,True,10,22.55,5.49,0.0,0.0,False,sh603897
20240927,3.29,0,0,5.78,True,10,True,10,3.27,10.64,0.0,0.0,False,sh600853
20240926,3.97,0,0,4.54,True,10,True,10,3.92,11.09,0.0,0.0,False,sh600507
20251219,13.1,4,6,4.58,False,6,False,4,13.06,4.58,-1.31,-1.83,False,sh603390
20240930,21.5,10,10,-17.26,False,0,False,0,21.14,0.0,-15.23,-17.58,False,sh600060
20240930,24.39,9,9,-10.13,False,1,False,1,23.32,2.83,-7.83,-12.3,False,sh603896
20251031,30.87,6,9,-3.34,False,4,False,1,29.91,1.23,-4.91,-5.22,False,sh688321
20241028,1.82,2,2,15.4,False,8,False,8,1.81,22.55,-3.47,-4.4,False,sh600337
20250624,30.77,2,8,-0.71,False,8,False,2,29.76,0.55,-0.6,-3.15,False,sh688625
20260324,26.47,2,3,-20.74,False,8,False,7,25.85,5.21,-23.09,-23.99,False,sh688511
20240930,7.02,9,9,-5.27,False,1,False,1,6.91,6.84,-6.63,-8.69,False,sh603088
20250110,14.28,0,4,-2.24,True,10,False,6,13.54,5.67,0.0,-3.22,False,sh600650
20240731,0.18,7,7,-3.37,False,3,False,3,0.18,0.56,-2.73,-3.37,False,sh900945
20240919,8.99,0,2,8.35,True,10,False,8,8.17,16.25,0.0,-1.34,False,sh600379
20260106,60.59,2,8,6.35,False,8,False,2,58.73,6.35,-1.75,-4.26,False,sh603713
20250821,120.38,0,0,5.5,True,10,True,10,118.81,10.98,0.0,0.0,False,sh688696
20251205,10.22,7,7,-3.62,False,3,False,3,10.17,1.57,-7.08,-7.05,False,sh603289
20240923,7.08,0,2,11.58,True,10,False,8,6.45,25.28,0.0,-1.41,False,sh600203
20240827,9.82,0,1,25.05,True,10,False,9,9.63,25.05,0.0,-0.41,True,sh600599
20250625,4.21,2,4,0.95,False,8,False,6,4.2,1.42,-0.13,-0.47,False,sh600905
20240830,35.88,8,10,-3.21,False,2,False,0,35.11,0.0,-2.1,-4.82,False,sh603288
20240927,5.98,0,0,8.86,True,10,True,10,5.88,12.04,0.0,0.0,False,sh600883
20250708,4.01,0,0,45.58,True,10,True,10,4.01,45.58,0.0,0.0,True,sh688425
20240801,20.24,9,9,-7.36,False,1,False,1,20.05,0.15,-6.6,-7.36,False,sh600764
20240827,6.16,0,0,73.7,True,10,True,10,5.76,114.45,0.0,0.0,True,sh603626
20241008,8.25,10,10,-11.64,False,0,False,0,8.23,0.0,-13.69,-15.15,False,sh601566
20250625,14.9,10,10,-7.72,False,0,False,0,14.84,0.0,-7.01,-8.12,False,sh688772
20251222,31.5,10,9,-2.51,False,0,False,1,31.44,0.16,-5.48,-4.86,False,sh603059
20240930,29.4,0,2,12.24,True,10,False,8,27.35,12.24,0.0,-5.51,False,sh603322
20260203,9.25,0,0,11.46,True,10,True,10,9.12,11.46,0.0,0.0,False,sh605055
20240925,2.73,0,0,7.69,True,10,True,10,2.72,21.25,0.0,0.0,False,sh600433
20240912,15.41,0,0,37.06,True,10,True,10,15.26,37.06,0.0,0.0,True,sh603016
20260115,72.22,1,1,-0.93,False,9,False,9,70.73,8.29,-1.83,-0.93,False,sh688215
20240813,37.3,1,1,6.35,False,9,False,9,37.14,6.89,-0.33,-0.78,False,sh601318
20240731,7.82,9,10,-6.26,False,1,False,0,7.72,0.0,-6.51,-7.16,False,sh603058
20240731,7.33,0,1,0.0,True,10,False,9,7.28,2.59,0.0,-0.14,False,sh600967
20260414,119.0,1,1,1.88,False,2,False,2,118.52,1.88,-0.34,-0.67,False,sh688110
20240926,4.51,0,0,2.22,True,10,True,10,4.3,13.3,0.0,0.0,False,sh600736
20241008,10.59,10,10,-11.69,False,0,False,0,10.31,0.0,-12.73,-16.33,False,sh603027
20240926,22.14,0,0,8.54,True,10,True,10,21.76,14.23,0.0,0.0,False,sh600585
20250630,27.82,6,10,-3.42,False,4,False,0,27.15,0.0,-2.02,-4.03,False,sh688097
20250624,21.06,6,6,-2.47,False,4,False,4,20.9,3.28,-3.21,-2.85,False,sh603992
20240805,4.24,3,4,1.42,False,7,False,6,4.16,12.74,-3.24,-4.72,False,sh600778
20240926,16.5,0,0,3.64,True,10,True,10,16.44,10.85,0.0,0.0,False,sh603069
20250624,35.69,0,1,1.85,True,10,False,9,35.1,1.85,0.0,-0.64,False,sh603312
20250630,58.25,7,10,-5.42,False,3,False,0,56.06,0.0,-2.68,-5.67,False,sh688439
20260121,15.43,3,4,1.88,False,7,False,6,15.32,2.33,-1.02,-1.56,False,sh605180
20250725,18.55,0,1,2.21,True,10,False,9,18.32,3.45,0.0,-0.16,False,sh688209
20240731,12.95,6,7,-2.86,False,4,False,3,12.77,2.7,-2.59,-3.63,False,sh600148
20240731,4.28,4,4,0.47,False,6,False,6,4.24,0.93,-1.09,-2.1,False,sh600232
20250707,11.77,4,7,0.76,False,6,False,3,11.71,0.76,-0.75,-1.27,False,sh605007
20250401,8.97,0,0,9.15,True,10,True,10,8.96,9.15,0.0,0.0,False,sh600461
20250627,10.12,0,0,7.41,True,10,True,10,10.11,7.7,0.0,0.0,False,sh688247
20240924,4.76,1,1,32.12,False,9,False,9,4.74,32.12,-2.23,-2.94,True,sh600106
20250722,32.5,1,4,7.82,False,9,False,6,30.89,10.0,-1.07,-6.4,False,sh605333
20240930,8.16,9,9,-9.31,False,1,False,1,8.12,0.74,-8.58,-9.93,False,sh600348
20240927,1397.0,0,0,5.38,True,10,True,10,1345.25,21.26,0.0,0.0,False,sh000827
20240911,3.21,4,10,-0.62,False,6,False,0,2.99,0.0,-2.85,-9.97,False,sh600281
20250624,40.45,2,2,-6.06,False,8,False,8,40.07,6.72,-7.37,-6.06,False,sh603171
20240813,13.07,10,10,-21.88,False,0,False,0,13.05,0.0,-21.26,-21.88,False,sh600801
20240926,0.22,0,0,14.93,True,10,True,10,0.22,25.79,0.0,0.0,False,sh900917
20240829,18.21,0,0,3.84,True,10,True,10,18.02,17.19,0.0,0.0,False,sh603920
20250922,48.82,4,4,2.62,False,6,False,6,48.73,5.35,-2.57,-1.84,False,sh688297
20241104,11.61,3,9,-6.72,False,7,False,1,11.35,2.58,-2.19,-6.72,False,sh600785
20251201,45.44,5,6,-1.21,False,5,False,4,44.84,2.93,-3.09,-3.68,False,sh688677
20240903,2.67,7,9,-4.87,False,3,False,1,2.6,1.12,-5.57,-8.99,False,sh600365
20250624,16.04,4,7,-4.43,False,6,False,3,15.66,0.56,-4.03,-5.92,False,sh603095
20240930,5.54,6,9,-9.02,False,4,False,1,5.31,6.67,-5.4,-10.82,False,sh603113
20240924,8.28,2,2,3.5,False,8,False,8,8.22,9.3,-0.79,-1.45,False,sh603689
20240913,5.81,0,0,52.5,True,10,True,10,5.34,60.93,0.0,0.0,True,sh600198
20250708,14.63,0,0,6.29,True,10,True,10,14.51,8.61,0.0,0.0,False,sh688315
20240927,11.4,6,8,-1.75,False,4,False,2,11.18,9.39,-1.95,-4.47,False,sh600054
20240905,6.48,9,9,-19.6,False,1,False,1,5.96,0.15,-12.2,-19.91,False,sh600829
20240909,6.49,10,10,-14.18,False,0,False,0,6.02,0.0,-10.82,-18.18,False,sh603222
20241008,3.74,0,4,6.69,True,10,False,6,3.65,8.03,0.0,-2.68,False,sh600360
20240925,2.02,0,0,13.86,True,10,True,10,2.01,24.75,0.0,0.0,False,sh600533
20251219,18.43,7,6,-0.05,False,3,False,4,18.41,1.36,-1.88,-1.19,False,sh688021
20240802,7.51,10,10,-9.85,False,0,False,0,7.25,0.0,-9.45,-12.25,False,sh603158
20240927,7489.16,0,0,4.02,True,10,True,10,7086.95,17.85,0.0,0.0,False,sh000841
20251128,26.73,9,10,-4.34,False,1,False,0,26.48,0.0,-3.99,-4.34,False,sh688338
20240919,3.04,0,1,21.38,True,10,False,9,3.0,31.25,0.0,-0.33,True,sh600664
20240806,21.32,10,10,-10.93,False,0,False,0,20.99,0.0,-10.07,-10.93,False,sh603908
20240930,7.88,5,9,-6.47,False,5,False,1,7.4,3.43,-2.14,-8.63,False,sh600983
20251202,46.0,0,0,14.11,True,10,True,10,45.03,16.46,0.0,0.0,False,sh688376
20250904,10.07,0,0,6.75,True,10,True,10,9.77,11.22,0.0,0.0,False,sh605136
20241024,2.74,2,3,11.31,False,8,False,7,2.71,11.31,-0.13,-2.92,False,sh600303
20240822,4.53,6,6,27.37,False,4,False,4,4.52,30.46,-5.49,-5.74,True,sh600550
20240816,7.92,5,5,3.53,False,5,False,5,7.88,4.29,-5.74,-5.68,False,sh601101
20240930,10.61,1,9,-3.11,False,9,False,1,10.01,4.24,-0.1,-6.03,False,sh603041
20260128,240.4,9,10,-8.9,False,1,False,0,234.4,0.0,-10.73,-9.06,False,sh688411
20240926,5.31,0,0,13.56,True,10,True,10,5.19,19.21,0.0,0.0,False,sh600237
20250708,27.08,0,8,1.29,True,10,False,2,26.32,1.29,0.0,-2.03,False,sh688138
20250819,24.58,0,0,16.15,True,10,True,10,24.52,20.38,0.0,0.0,False,sh603613
20240927,19.29,0,0,5.24,True,10,True,10,19.14,17.57,0.0,0.0,False,sh603568
20240926,3.78,0,0,23.02,True,10,True,10,3.76,23.02,0.0,0.0,True,sh600279
20240927,11.78,0,0,5.26,True,10,True,10,11.68,11.71,0.0,0.0,False,sh600449
20250408,33.99,0,0,2.68,True,10,True,10,33.45,7.53,0.0,0.0,False,sh603358
20250624,21.52,0,0,4.93,True,10,True,10,21.06,4.93,0.0,0.0,False,sh688092
20250701,55.72,1,3,9.87,False,9,False,7,55.6,9.87,-2.42,-2.76,False,sh688708
20251201,8.73,8,9,0.0,False,2,False,1,8.72,0.0,-3.67,-4.58,False,sh601019
20251015,14.8,5,10,-2.36,False,5,False,0,14.03,0.0,-2.41,-5.27,False,sh688221
20240930,22.04,9,10,-7.53,False,1,False,0,20.81,0.0,-7.84,-13.57,False,sh600160
20250724,85.62,3,3,10.02,False,7,False,7,84.99,10.02,-0.2,-0.99,False,sh603290
20240920,4.19,0,0,32.46,True,10,True,10,4.03,37.47,0.0,0.0,True,sh603316
20240927,6120.73,0,0,5.15,True,10,True,10,5919.47,16.56,0.0,0.0,False,sh000146
20250904,15.08,5,2,-3.38,False,5,False,8,15.02,4.71,-4.47,-3.38,False,sh603810
20240830,10.72,4,4,0.56,False,6,False,6,10.71,3.45,-3.95,-4.2,False,sh601881
20240927,5553.45,0,0,22.17,True,10,True,10,5232.93,27.97,0.0,0.0,True,sh000858
20240924,6.99,0,0,11.73,True,10,True,10,6.83,18.45,0.0,0.0,False,sh601766
20250901,15.85,9,9,-3.6,False,1,False,1,15.81,0.13,-3.01,-3.6,False,sh688038
20251027,8.93,9,8,-22.96,False,1,False,2,8.91,1.68,-28.74,-28.67,False,sh688496
20250207,9.94,4,5,-2.31,False,6,False,5,9.77,3.82,-2.89,-3.32,False,sh600830
20240807,9.14,10,10,-9.3,False,0,False,0,9.11,0.0,-8.86,-9.3,False,sh600184
20250708,6.65,0,0,1.38,True,10,True,10,6.64,1.81,0.0,0.0,False,sh601949
20240927,1.51,2,2,3.58,False,8,False,8,1.5,10.15,-1.63,-1.66,False,sh900926
20240927,17.36,0,1,3.17,True,10,False,9,17.06,11.0,0.0,-0.63,False,sh601965
20240924,17.3,1,1,7.52,False,9,False,9,17.26,20.87,-0.66,-0.93,False,sh600549
20240930,6.9,8,9,-6.8,False,2,False,1,6.73,5.91,-8.01,-10.26,False,sh600480
20260306,24.88,8,8,-13.38,False,2,False,2,24.78,1.13,-13.98,-13.38,False,sh603217
20240926,5.01,0,0,4.19,True,10,True,10,5.0,13.37,0.0,0.0,False,sh600354
20250825,32.82,6,10,-0.46,False,4,False,0,31.37,0.0,-3.63,-9.41,False,sh688646
20251124,22.7,0,0,6.52,True,10,True,10,22.62,6.78,0.0,0.0,False,sh688015
20251210,92.75,8,8,-2.08,False,2,False,2,92.56,1.4,-4.65,-3.91,False,sh603259
20240927,9.4,0,0,6.28,True,10,True,10,8.66,15.85,0.0,0.0,False,sh600633
20250624,22.59,0,2,2.88,True,10,False,8,21.86,2.88,0.0,-0.13,False,sh603190
20251021,12.87,0,5,-0.39,True,10,False,5,12.64,2.18,0.0,-0.7,False,sh688121
20251014,8.1,0,0,7.66,True,10,True,10,8.07,8.77,0.0,0.0,False,sh601319
20240930,7.48,3,8,-5.75,False,7,False,2,6.93,7.22,-1.96,-9.63,False,sh600707
20251104,3.99,0,3,0.75,True,10,False,7,3.94,3.76,0.0,-0.75,False,sh600928
20240815,5.89,1,1,-0.85,False,9,False,9,5.81,4.42,-0.13,-0.85,False,sh601998
20250717,51.06,2,6,-3.0,False,8,False,4,50.21,2.13,-0.07,-3.06,False,sh688408
20260408,130.0,0,6,1.42,True,7,False,1,117.74,1.42,0.0,-3.19,False,sh688392
20240806,11.35,10,10,-8.81,False,0,False,0,11.2,0.0,-8.68,-8.81,False,sh600749
20250905,14.37,0,0,8.98,True,10,True,10,14.35,21.36,0.0,0.0,False,sh603809
20240809,7.96,2,4,0.13,False,8,False,6,7.91,1.51,-0.58,-1.13,False,sh601186
20240925,2.23,0,0,8.97,True,10,True,10,2.23,21.52,0.0,0.0,False,sh600179
20240926,12.26,3,6,-2.61,False,7,False,4,12.11,13.78,-1.26,-2.61,False,sh603668
20260112,7.8,1,10,-1.28,False,9,False,0,7.54,0.0,-1.47,-4.62,False,sh688238
20250624,17.02,0,0,4.52,True,10,True,10,16.71,4.52,0.0,0.0,False,sh688711
20241112,1.94,10,10,-13.4,False,0,False,0,1.91,0.0,-9.41,-13.4,False,sh600190
20240926,15.1,1,1,1.59,False,9,False,9,14.99,7.95,-2.57,-3.11,False,sh601001
20240731,5901.27,8,9,-7.73,False,2,False,1,5702.81,0.35,-5.13,-7.73,False,sh000111
20240927,12.43,0,0,9.57,True,10,True,10,12.08,15.12,0.0,0.0,False,sh600137
20240930,7.17,3,9,-6.83,False,7,False,1,6.66,3.9,-1.15,-8.92,False,sh603808
20250909,6.31,5,5,1.43,False,5,False,5,6.3,2.69,-3.14,-2.38,False,sh601187
20250717,22.24,0,0,5.04,True,10,True,10,21.92,9.26,0.0,0.0,False,sh688276
20240930,16.49,10,10,-8.06,False,0,False,0,16.01,0.0,-5.73,-8.06,False,sh600886
20251020,24.89,0,0,5.38,True,10,True,10,24.5,5.38,0.0,0.0,False,sh688420
20240930,21.06,9,9,-15.86,False,1,False,1,19.9,1.85,-12.22,-17.66,False,sh600761
20240926,9.43,0,0,9.12,True,10,True,10,9.2,25.77,0.0,0.0,False,sh600206
20250707,19.42,5,6,32.08,False,5,False,4,19.37,32.08,-1.81,-2.37,True,sh605033
20240930,16.41,6,9,-3.6,False,4,False,1,15.3,1.34,-6.69,-14.14,False,sh603517
20250624,29.34,0,1,5.13,True,10,False,9,28.63,5.13,0.0,-0.05,False,sh688147
20240925,3.59,0,0,18.66,True,10,True,10,3.51,18.66,0.0,0.0,False,sh600248
20240805,3.25,0,0,20.17,True,10,True,10,3.17,20.17,0.0,0.0,True,sh603559
20260320,130.66,9,9,-6.41,False,1,False,1,128.56,0.95,-9.51,-6.41,False,sh688109
20240926,9970.5,0,0,6.8,True,10,True,10,9896.43,18.65,0.0,0.0,False,sh000093
20240920,11.55,0,0,21.21,True,10,True,10,11.29,27.01,0.0,0.0,True,sh600962
20250625,24.36,7,10,-1.48,False,3,False,0,23.98,0.0,-0.6,-2.63,False,sh601066
20240813,27.04,8,10,-9.06,False,2,False,0,26.78,0.0,-8.37,-9.06,False,sh600685
20251020,26.79,0,0,2.65,True,10,True,10,26.73,2.65,0.0,0.0,False,sh688739
20240930,50.34,6,9,-11.14,False,4,False,1,46.6,5.94,-6.61,-14.48,False,sh603369
20240930,4.11,1,8,-4.87,False,9,False,2,3.81,9.98,-1.78,-9.25,False,sh600478
20240801,5.06,4,6,9.29,False,6,False,4,4.92,9.29,-3.96,-6.72,False,sh600151
20251103,9.46,0,1,5.29,True,10,False,9,9.25,7.82,0.0,-0.42,False,sh605199
20240926,221.01,0,1,-1.01,True,10,False,9,212.15,21.46,0.0,-1.01,False,sh600436
20250821,36.46,0,2,-0.03,True,10,False,8,34.49,7.41,0.0,-2.36,False,sh603395
20251127,6.41,0,2,1.87,True,10,False,8,6.15,1.87,0.0,-1.72,False,sh601686
20241008,16.38,10,10,-9.77,False,0,False,0,15.79,0.0,-8.05,-12.52,False,sh600818
20250716,15.7,6,8,-4.33,False,4,False,2,15.55,1.08,-4.7,-4.33,False,sh603915
20250805,35.99,5,8,-1.83,False,5,False,2,35.13,5.58,-3.87,-6.34,False,sh688010
20240808,29.93,1,7,-2.44,False,9,False,3,29.49,1.3,-0.22,-2.44,False,sh600298
20240926,39.9,0,2,-2.61,True,10,False,8,36.93,17.17,0.0,-2.61,False,sh603589
20240930,4.42,7,9,-4.75,False,3,False,1,4.23,5.43,-2.01,-6.56,False,sh601700
20240910,6.33,7,7,5.06,False,3,False,3,6.25,5.06,-3.67,-4.42,False,sh601229
20260310,40.29,10,10,-10.65,False,0,False,0,39.82,0.0,-13.69,-15.76,False,sh688197
20240930,22.44,5,5,5.97,False,5,False,5,22.07,10.03,-3.3,-5.61,False,sh603690
20251205,23.41,7,6,0.73,False,3,False,4,23.21,3.46,-5.79,-5.08,False,sh688309
20240920,0.21,0,1,19.9,True,10,False,9,0.2,32.04,0.0,-0.97,False,sh900940
20250905,14.55,8,9,-5.57,False,2,False,1,14.24,0.62,-5.0,-5.84,False,sh603938
20241008,26.61,10,10,-9.77,False,0,False,0,26.26,0.0,-15.88,-18.83,False,sh603939
20240926,5.56,0,1,-1.98,True,10,False,9,5.28,14.75,0.0,-1.98,False,sh600655
20240806,28.57,4,5,-0.63,False,6,False,5,28.47,1.09,-1.26,-1.44,False,sh600332
20260107,67.58,3,2,0.53,False,7,False,8,67.39,9.54,-3.36,-3.61,False,sh688073
20240731,19.46,0,2,-0.92,True,10,False,8,18.63,3.49,0.0,-0.92,False,sh600079
20240920,12.22,0,0,9.74,True,10,True,10,12.06,20.54,0.0,0.0,False,sh603768
20240802,5.37,10,10,-5.4,False,0,False,0,5.37,0.0,-5.03,-5.4,False,sh600284
20250624,65.3,1,2,0.37,False,9,False,8,64.42,3.83,-0.0,-1.19,False,sh688525
20250625,21.42,7,9,-1.59,False,3,False,1,21.28,0.28,-1.42,-2.15,False,sh605598
20240925,6.35,0,0,3.78,True,10,True,10,6.17,16.84,0.0,0.0,False,sh600037
20240925,12.53,0,0,13.25,True,10,True,10,12.47,21.79,0.0,0.0,False,sh603726
20240926,6059.39,0,0,7.75,True,10,True,10,5865.76,20.01,0.0,0.0,False,sh000011
20240930,8.5,8,9,-15.54,False,2,False,1,8.01,3.88,-10.71,-17.3,False,sh600499
20260324,52.79,4,6,1.82,False,6,False,4,51.15,1.82,-3.87,-5.51,False,sh688611
20240927,4.3,0,1,0.7,True,10,False,9,4.2,10.92,0.0,-0.46,False,sh603116
20240930,8.52,9,9,-9.27,False,1,False,1,8.36,1.99,-9.11,-12.09,False,sh600867
20250718,21.61,0,5,3.1,True,10,False,5,20.69,3.24,0.0,-3.7,False,sh688292
20240927,2.95,0,0,3.73,True,10,True,10,2.89,13.9,0.0,0.0,False,sh601218
20240809,3.55,10,10,-10.42,False,0,False,0,3.53,0.0,-9.35,-10.42,False,sh600649
20251225,62.0,4,4,4.81,False,6,False,6,61.77,4.81,-1.69,-1.77,False,sh688508
20240927,5.94,6,6,-5.05,False,4,False,4,5.94,10.77,-4.93,-6.57,False,sh600780
20240807,11.1,0,1,9.23,True,10,False,9,11.03,11.08,0.0,-0.63,False,sh601898
20240830,0.65,7,10,-4.17,False,3,False,0,0.64,0.0,-3.44,-4.64,False,sh900912
20240927,6.75,0,0,6.37,True,10,True,10,6.59,17.63,0.0,0.0,False,sh603811
20250818,12.03,1,1,0.83,False,9,False,9,11.98,3.24,-0.42,-0.83,False,sh603317
20240930,10.48,6,8,3.11,False,4,False,2,10.23,6.93,-5.1,-8.19,False,sh600580
20241029,2.32,4,6,4.74,False,6,False,4,2.26,6.47,-5.8,-11.21,False,sh600083
20240926,3.36,0,0,2.68,True,10,True,10,3.35,13.98,0.0,0.0,False,sh601018
20240930,8.07,9,9,-8.67,False,1,False,1,7.55,3.84,-6.4,-12.02,False,sh600733
20240930,7.34,7,9,-5.58,False,3,False,1,7.02,3.95,-2.62,-7.35,False,sh603022
20251125,7.91,2,2,16.06,False,8,False,8,7.83,16.06,-1.47,-2.4,False,sh603359
20250815,9.42,0,0,7.43,True,10,True,10,9.37,7.43,0.0,0.0,False,sh688472
20251022,62.81,0,3,0.54,True,10,False,7,52.88,5.97,0.0,-2.15,False,sh688115
20240806,2.67,8,9,-9.36,False,2,False,1,2.58,0.75,-6.71,-9.36,False,sh603188
20240927,15.44,0,0,4.27,True,10,True,10,15.02,17.94,0.0,0.0,False,sh600699
20240930,21.9,9,9,-3.2,False,1,False,1,21.82,2.65,-6.56,-7.44,False,sh600750
20251224,16.2,5,6,3.27,False,5,False,4,16.01,3.4,-4.55,-6.3,False,sh605336
20240926,1.89,0,0,1.59,True,10,True,10,1.86,15.36,0.0,0.0,False,sh600103
20241129,9.8,0,2,0.0,True,10,False,8,9.69,2.45,0.0,-0.51,False,sh601666
20240926,10503.67,0,0,3.04,True,10,True,10,10195.96,11.71,0.0,0.0,False,sh000125
20251219,11.36,0,5,3.43,True,10,False,5,10.75,3.43,0.0,-3.08,False,sh688176
20240927,5.29,2,7,-3.21,False,8,False,3,5.14,10.02,-0.52,-4.35,False,sh600084
20260112,11.49,1,5,3.22,False,9,False,5,11.3,3.22,-0.26,-1.91,False,sh603527
20250729,36.84,10,10,-4.29,False,0,False,0,36.47,0.0,-6.09,-7.19,False,sh688596
20240815,29.31,0,0,7.85,True,10,True,10,29.16,8.87,0.0,0.0,False,sh601628
20251212,19.39,8,6,2.17,False,2,False,4,19.39,2.32,-4.75,-4.49,False,sh603045
20240808,1.34,0,2,11.19,True,10,False,8,1.3,14.18,0.0,-2.24,False,sh600898
20240930,13.88,9,9,-7.06,False,1,False,1,13.52,6.2,-7.13,-10.66,False,sh603877
20240924,6.28,0,0,22.45,True,10,True,10,5.97,46.66,0.0,0.0,True,sh601519
20250807,17.62,5,6,4.88,False,5,False,4,17.5,6.58,-3.07,-4.43,False,sh688593
20240923,9.04,0,0,6.19,True,10,True,10,8.95,16.15,0.0,0.0,False,sh600081
20251113,14.88,9,9,2.49,False,1,False,1,14.78,2.49,-10.61,-11.09,False,sh688173
20260325,63.89,1,1,19.11,False,9,False,9,63.28,21.3,-1.92,-2.68,False,sh688720
20240814,4.89,6,6,-16.97,False,4,False,4,4.88,15.54,-18.15,-18.61,False,sh603839
20240927,6.55,0,0,2.75,True,10,True,10,6.42,14.05,0.0,0.0,False,sh600755
20240930,7.65,3,9,-6.01,False,7,False,1,7.28,4.18,-0.77,-6.14,False,sh600251
20241008,7.29,10,10,-8.5,False,0,False,0,7.15,0.0,-12.21,-15.5,False,sh603313
20240924,6.91,0,0,18.23,True,10,True,10,6.89,26.63,0.0,0.0,False,sh601600
20240930,7.4,10,10,-19.19,False,0,False,0,7.28,0.0,-16.7,-19.59,False,sh600398
20250625,34.66,8,9,-3.35,False,2,False,1,34.19,0.43,-3.19,-3.35,False,sh603068
20250630,7.25,0,0,4.69,True,10,True,10,6.97,4.69,0.0,0.0,False,sh603815
20240926,7.87,3,5,-3.05,False,7,False,5,7.78,7.37,-1.59,-3.05,False,sh603993
20251015,9.29,10,9,0.11,False,0,False,1,9.22,0.11,-4.17,-4.74,False,sh605299
20240819,1.43,0,0,25.03,True,10,True,10,1.41,25.03,0.0,0.0,True,sh600165
20240930,6.12,8,8,7.94,False,2,False,2,6.09,7.94,-7.41,-7.92,False,sh603269
20240813,3.16,5,5,-1.9,False,5,False,5,3.1,2.22,-1.65,-2.53,False,sh600578
20250925,32.9,2,2,-5.47,False,8,False,8,32.55,7.42,-5.81,-5.47,False,sh688639
20250924,16.67,8,7,-1.44,False,2,False,3,16.6,3.96,-4.14,-4.5,False,sh603112
20240927,19.39,0,0,15.06,True,10,True,10,18.79,20.32,0.0,0.0,False,sh600862
20240731,3297.19,9,9,-7.53,False,1,False,1,3258.09,0.34,-6.72,-7.53,False,sh000077
20250303,8.56,0,0,4.67,True,10,True,10,8.26,5.72,0.0,0.0,False,sh603227
20240731,30.9,6,8,-7.93,False,4,False,2,30.33,1.68,-6.98,-7.93,False,sh600536
20251015,30.58,2,1,14.45,False,8,False,9,30.48,14.45,-1.23,-1.21,False,sh605099
20260209,17.7,6,6,-7.46,False,4,False,4,17.57,0.73,-6.31,-7.46,False,sh688310
20250930,51.18,7,7,-7.62,False,3,False,3,50.46,1.21,-7.08,-7.62,False,sh688543
20240926,11.0,0,0,30.83,True,10,True,10,10.89,37.2,0.0,0.0,True,sh600602
20240925,5.44,0,0,9.93,True,10,True,10,5.32,18.01,0.0,0.0,False,sh600051
20250627,139.01,0,8,-4.32,True,10,False,2,129.36,2.13,0.0,-5.33,False,sh688047
20251118,36.29,6,6,2.37,False,4,False,4,36.11,9.2,-5.83,-5.68,False,sh605133
20240805,10.67,5,3,4.69,False,5,False,7,10.62,20.99,-3.28,-1.87,False,sh600661
20240926,4.4,0,0,6.14,True,10,True,10,4.3,22.27,0.0,0.0,False,sh600986
20260416,45.01,1,1,-1.69,False,0,False,0,44.86,0.0,-1.2,-1.69,False,sh688520
20250924,8.63,0,7,-1.39,True,10,False,3,8.13,0.93,0.0,-3.01,False,sh603458
20250724,41.11,3,5,1.51,False,7,False,5,40.95,2.36,-1.47,-1.95,False,sh603722
20250714,5.26,4,4,3.99,False,6,False,6,5.26,4.18,-1.86,-2.09,False,sh688009
20260325,26.93,8,8,-20.61,False,2,False,2,25.91,4.72,-15.86,-20.61,False,sh688793
20240925,17.57,0,0,1.37,True,10,True,10,17.0,11.1,0.0,0.0,False,sh600131
20240924,3.27,0,0,10.4,True,10,True,10,3.23,14.68,0.0,0.0,False,sh601333
20240828,25.66,0,2,1.75,True,10,False,8,25.44,2.69,0.0,-0.55,False,sh600456
20240927,13.75,0,6,-0.29,True,10,False,4,13.38,13.82,0.0,-3.05,False,sh603989
20251013,53.83,10,10,-10.03,False,0,False,0,52.61,0.0,-8.19,-10.72,False,sh603072
20250305,34.83,9,9,-3.9,False,1,False,1,34.69,0.49,-6.64,-5.2,False,sh600418
20240731,10.68,0,4,-0.19,True,10,False,6,10.43,4.03,0.0,-1.22,False,sh603309
20240926,2750.55,0,0,6.62,True,10,True,10,2718.69,18.07,0.0,0.0,False,sh000159
20251024,83.73,9,9,-6.65,False,1,False,1,82.44,2.47,-6.64,-7.85,False,sh603325
20240904,9.83,8,10,-16.68,False,2,False,0,9.27,0.0,-12.89,-16.99,False,sh603823
20240925,5.18,0,0,8.49,True,10,True,10,5.14,20.46,0.0,0.0,False,sh600228
20250714,162.89,0,5,3.7,True,10,False,5,159.66,3.7,0.0,-1.88,False,sh688169
20240903,5.6,3,8,-9.29,False,7,False,2,5.25,10.0,-5.62,-12.5,False,sh600152
20240926,7.05,0,0,3.26,True,10,True,10,6.93,16.45,0.0,0.0,False,sh603577
20240806,4.06,0,1,0.25,True,10,False,9,3.96,10.34,0.0,-1.72,False,sh600266
20240905,3.05,8,9,-6.88,False,2,False,1,2.91,10.15,-3.99,-8.51,False,sh600635
20241022,2.0,0,0,47.0,True,10,True,10,1.99,47.0,0.0,0.0,True,sh603959
20240918,20.98,4,3,9.63,False,6,False,7,20.97,16.06,-1.3,-0.95,False,sh600066
20250711,68.97,9,8,1.58,False,1,False,2,68.87,1.58,-3.47,-3.29,False,sh688789
20251225,52.94,7,9,-7.56,False,3,False,1,48.76,3.14,-4.21,-9.27,False,sh688013
20250813,18.26,0,8,-4.98,True,10,False,2,17.1,3.18,0.0,-4.98,False,sh601702
20240927,0.17,0,0,5.95,True,10,True,10,0.17,16.07,0.0,0.0,False,sh900920
20240927,56.37,0,1,2.15,True,10,False,9,54.32,8.36,0.0,-1.51,False,sh600486
20251205,19.27,8,8,-1.45,False,2,False,2,19.11,3.27,-4.9,-5.14,False,sh603272
20251212,15.89,2,7,0.63,False,8,False,3,15.59,1.01,-0.98,-2.45,False,sh688517
20260324,87.87,8,8,-0.19,False,2,False,2,87.34,2.32,-3.74,-3.36,False,sh688623
20240926,6.2,0,0,12.74,True,10,True,10,6.17,16.94,0.0,0.0,False,sh600331
20240731,13.49,4,6,-3.71,False,6,False,4,13.08,2.22,-2.23,-3.78,False,sh600562
20240912,0.46,0,0,18.44,True,10,True,10,0.46,18.44,0.0,0.0,False,sh900908
20250630,37.57,0,0,4.74,True,10,True,10,37.26,4.74,0.0,0.0,False,sh688075
20251021,11.4,1,2,2.28,False,9,False,8,11.31,4.82,-2.07,-2.63,False,sh688512
20250711,28.5,8,3,0.74,False,2,False,7,28.42,4.04,-3.4,-2.95,False,sh688288
20240925,1.38,0,0,4.35,True,10,True,10,1.35,18.84,0.0,0.0,False,sh600653
20240903,0.14,0,8,-1.43,True,10,False,2,0.13,2.86,0.0,-3.57,False,sh900946
20251120,87.7,1,1,4.81,False,9,False,9,87.02,11.6,-4.99,-5.44,False,sh688668
20240927,7.28,0,5,-0.55,True,10,False,5,7.2,12.36,0.0,-1.79,False,sh603696
20250221,3.75,6,9,-6.4,False,4,False,1,3.59,2.4,-3.45,-6.67,False,sh600187
20250722,16.4,2,5,0.91,False,8,False,5,16.16,3.54,-0.07,-1.77,False,sh603277
20251024,40.61,8,8,0.57,False,2,False,2,40.36,1.08,-3.91,-4.14,False,sh603120
20240924,17.67,0,1,16.75,True,10,False,9,17.37,28.47,0.0,-0.96,False,sh600850
20250625,22.57,4,10,-1.64,False,6,False,0,22.27,0.0,-0.5,-2.92,False,sh605218
20251124,8.9,0,0,2.36,True,10,True,10,8.82,4.72,0.0,0.0,False,sh605162
20250624,57.79,0,2,5.23,True,10,False,8,56.04,5.23,0.0,-0.24,False,sh688322
20250922,14.72,0,0,12.57,True,10,True,10,14.4,16.37,0.0,0.0,False,sh605056
20240927,1.22,0,0,4.1,True,10,True,10,1.22,19.67,0.0,0.0,False,sh600157
20260105,41.49,0,8,-0.6,True,10,False,2,39.83,1.18,0.0,-1.59,False,sh603014
20240819,30.59,0,0,4.41,True,10,True,10,30.27,14.09,0.0,0.0,False,sh603826
20240924,6.47,0,0,5.72,True,10,True,10,6.41,18.55,0.0,0.0,False,sh600119
20250716,31.21,1,7,0.7,False,9,False,3,30.38,0.8,-0.34,-2.72,False,sh688695
20250801,38.59,1,3,13.99,False,9,False,7,38.16,13.99,-0.06,-0.52,False,sh605286
20250624,7.24,0,0,2.62,True,10,True,10,7.15,2.62,0.0,0.0,False,sh688468
20240927,21.52,1,4,-1.81,False,9,False,6,20.14,14.13,-0.92,-7.39,False,sh600729
20240827,8.41,7,9,-10.94,False,3,False,1,8.01,1.9,-7.7,-13.44,False,sh603038
20240925,3.1,0,0,7.42,True,10,True,10,3.07,19.68,0.0,0.0,False,sh601002
20240927,5.54,0,0,6.5,True,10,True,10,5.36,12.82,0.0,0.0,False,sh601798
20250624,6.61,0,0,5.3,True,10,True,10,6.55,5.3,0.0,0.0,False,sh600906
20240925,3.9,0,0,12.56,True,10,True,10,3.88,24.62,0.0,0.0,False,sh600880
20250724,42.0,0,6,-0.81,True,10,False,4,41.51,4.69,0.0,-1.62,False,sh688275
20250630,22.17,0,0,1.17,True,10,True,10,22.02,3.74,0.0,0.0,False,sh688426
20251225,19.78,1,1,1.16,False,9,False,9,19.7,2.53,-0.2,-0.51,False,sh605183
20250625,21.16,7,10,-6.29,False,3,False,0,20.14,0.0,-3.29,-7.47,False,sh688590
20240829,2.38,9,9,-5.04,False,1,False,1,2.37,10.08,-5.69,-7.98,False,sh600936
20260112,36.27,2,2,7.2,False,8,False,8,35.83,16.93,-2.64,-3.69,False,sh688170
20250821,28.35,6,8,-14.46,False,4,False,2,27.91,3.0,-11.27,-15.56,False,sh688244
20251124,38.32,4,3,1.49,False,6,False,7,38.24,2.17,-1.96,-1.33,False,sh688113
20240806,2.29,0,1,0.0,True,10,False,9,2.28,2.62,0.0,-0.44,False,sh600252
20251103,9.28,1,1,0.97,False,9,False,9,9.18,1.29,-0.01,-0.11,False,sh605500
20241008,20.32,7,9,-0.89,False,3,False,1,19.53,2.21,-7.33,-12.4,False,sh603859
20251010,11.65,2,3,0.77,False,8,False,7,11.48,1.72,-0.35,-1.46,False,sh603676
20240930,6.04,9,9,-8.77,False,1,False,1,5.73,4.47,-6.26,-11.41,False,sh600586
20240801,9.78,5,4,-0.82,False,5,False,6,9.71,1.12,-1.7,-1.12,False,sh601579
20240926,4.86,0,0,5.96,True,10,True,10,4.82,15.01,0.0,0.0,False,sh603817
20240730,7.29,0,0,6.04,True,10,True,10,7.22,6.04,0.0,0.0,False,sh600328
20250717,0.54,0,1,2.8,True,10,False,9,0.53,4.48,0.0,-0.19,False,sh900914
20250715,268.24,0,1,5.16,True,10,False,9,267.01,5.16,0.0,-0.31,False,sh688027
20240923,11.14,0,0,19.12,True,10,True,10,11.0,30.16,0.0,0.0,False,sh601919
20240924,5.7,0,1,9.65,True,10,False,9,5.59,24.91,0.0,-0.35,False,sh600366
20240826,2.7,4,4,-1.11,False,6,False,6,2.7,3.33,-2.43,-2.59,False,sh600601
20260310,82.99,4,7,3.35,False,6,False,3,80.38,3.35,-4.03,-6.41,False,sh688313
20240927,4.06,0,0,4.43,True,10,True,10,3.84,19.7,0.0,0.0,False,sh600556
20250825,283.6,2,2,11.88,False,8,False,8,281.61,11.88,-0.71,-1.23,False,sh688617
20250624,19.0,0,3,7.16,True,10,False,7,18.84,7.53,0.0,-0.11,False,sh688370
20240809,14.74,5,5,3.66,False,5,False,5,14.71,3.66,-2.82,-2.85,False,sh600031
20240801,1.95,10,10,-4.62,False,0,False,0,1.94,0.0,-4.28,-4.62,False,sh600518
20240926,1990.87,0,0,3.0,True,10,True,10,1979.03,9.4,0.0,0.0,False,sh000824
20251218,17.98,2,4,-0.39,False,8,False,6,17.63,1.78,-0.7,-2.06,False,sh603172
20240930,4.65,6,10,-8.18,False,4,False,0,4.43,0.0,-3.6,-8.18,False,sh600282
20251128,10.15,9,10,-8.67,False,1,False,0,10.02,0.0,-8.74,-8.67,False,sh688659
20240930,7.12,5,9,-9.97,False,5,False,1,6.65,2.11,-4.18,-9.97,False,sh603889
20240924,3.09,0,1,8.41,True,10,False,9,3.03,24.27,0.0,-0.65,False,sh600802
20240926,4.63,0,0,3.46,True,10,True,10,4.48,15.99,0.0,0.0,False,sh600629
20240927,5.74,0,0,9.23,True,10,True,10,5.59,20.19,0.0,0.0,False,sh600667
20240925,13.26,0,0,9.73,True,10,True,10,13.24,19.99,0.0,0.0,False,sh600980
20251127,65.93,3,2,9.8,False,7,False,8,65.88,9.8,-1.54,-1.03,False,sh688375
20251027,16.96,8,8,-3.83,False,2,False,2,16.95,2.12,-6.02,-5.9,False,sh688526
20260209,4.64,10,10,-7.54,False,0,False,0,4.62,0.0,-7.64,-7.54,False,sh601279
20250729,143.0,10,10,-2.94,False,0,False,0,143.0,0.0,-5.14,-4.96,False,sh688041
20240927,2.51,0,4,-0.4,True,10,False,6,2.42,11.94,0.0,-2.39,False,sh600300
20250708,63.2,1,2,13.01,False,9,False,8,61.59,14.56,-0.49,-2.22,False,sh688316
20240930,6.06,5,10,-4.78,False,5,False,0,5.8,0.0,-3.33,-7.75,False,sh600057
20250918,7.7,0,0,9.74,True,10,True,10,7.52,9.74,0.0,0.0,False,sh600530
20251125,22.13,1,1,28.11,False,9,False,9,21.96,28.11,-0.01,-0.68,True,sh688671
20250704,20.58,10,10,-2.48,False,0,False,0,20.36,0.0,-2.72,-3.69,False,sh603927
20250822,23.3,4,4,-3.3,False,6,False,6,23.28,3.91,-3.73,-5.32,False,sh603220
20250630,28.65,3,4,3.59,False,7,False,6,28.45,3.59,-0.74,-1.12,False,sh688358
20240927,8.51,1,3,-1.29,False,9,False,7,8.46,12.22,-0.69,-2.47,False,sh603708
20240731,5.23,9,10,-5.74,False,1,False,0,5.11,0.0,-2.75,-5.74,False,sh600864
20240930,6.72,1,9,-6.25,False,9,False,1,6.23,1.34,-1.04,-8.18,False,sh600019
20251201,28.65,7,6,0.49,False,3,False,4,28.61,1.82,-2.75,-2.44,False,sh605118
20240808,3.07,6,3,3.58,False,4,False,7,3.06,3.58,-2.2,-1.95,False,sh600219
20250718,24.62,2,1,5.12,False,8,False,9,24.08,7.15,-0.96,-2.36,False,sh688158
20240930,5.62,9,9,-7.65,False,1,False,1,5.58,3.92,-6.69,-8.36,False,sh600583
20251124,22.9,0,5,1.31,True,10,False,5,21.92,2.36,0.0,-2.66,False,sh688222
20240926,3.01,0,0,6.98,True,10,True,10,2.94,18.94,0.0,0.0,False,sh603021
20240927,5389.98,0,1,1.53,True,10,False,9,5331.62,8.84,0.0,-0.53,False,sh000145
20241008,10.64,10,10,-9.68,False,0,False,0,10.24,0.0,-9.22,-13.91,False,sh603315
20260304,34.46,4,4,-11.11,False,6,False,6,33.24,10.24,-11.2,-11.11,False,sh603813
20260407,30.38,0,0,4.48,True,8,True,8,29.58,4.48,0.0,0.0,False,sh605566
20250630,43.1,2,2,7.26,False,8,False,8,42.97,12.48,-1.85,-2.34,False,sh688726
20251125,7.55,4,5,-1.19,False,6,False,5,7.51,0.66,-1.35,-1.32,False,sh605001
20260206,18.34,3,4,5.13,False,7,False,6,18.13,5.13,-1.59,-1.91,False,sh603610
20240926,3.98,0,0,3.52,True,10,True,10,3.92,13.32,0.0,0.0,False,sh600429
20240923,3.68,0,0,18.48,True,10,True,10,3.62,28.53,0.0,0.0,False,sh600319
20240819,0.8,3,5,0.25,False,7,False,5,0.79,0.25,-1.13,-2.51,False,sh900925
20240930,19.72,0,9,-3.25,True,10,False,1,18.19,1.52,0.0,-7.35,False,sh601966
20240807,9.87,9,7,-5.68,False,1,False,3,9.84,0.71,-6.7,-5.68,False,sh600483
20250630,24.59,0,5,-2.11,True,10,False,5,23.6,3.33,0.0,-2.48,False,sh603773
20250716,31.45,1,10,-1.62,False,9,False,0,29.56,0.0,-0.04,-5.69,False,sh688058
20250114,17.35,1,2,0.52,False,9,False,8,17.15,3.11,-0.01,-0.52,False,sh600999
20250729,20.61,9,9,-6.84,False,1,False,1,20.44,4.27,-5.78,-6.99,False,sh603214
20240808,9.79,9,9,-4.8,False,1,False,1,9.78,4.7,-4.31,-4.8,False,sh601155
20240814,10.05,0,2,2.69,True,10,False,8,9.81,3.08,0.0,-0.7,False,sh601928
20250701,94.24,3,8,3.33,False,7,False,2,93.04,3.33,-1.91,-3.66,False,sh688016
20250901,35.55,7,9,0.93,False,3,False,1,35.53,0.93,-1.99,-2.33,False,sh603409
20250924,7.8,0,0,1.79,True,10,True,10,7.73,5.77,0.0,0.0,False,sh688571
20240930,8.81,0,9,-3.4,True,10,False,1,8.14,4.43,0.0,-7.04,False,sh600630
20240927,3.59,0,1,0.84,True,10,False,9,3.52,14.76,0.0,-1.39,False,sh600063
20251219,54.01,0,3,61.3,True,10,False,7,51.28,61.3,0.0,-1.2,True,sh688626
20240930,23.83,9,9,-9.95,False,1,False,1,22.91,5.08,-8.79,-13.72,False,sh601882
20250904,13.76,1,1,-1.16,False,9,False,9,13.74,1.38,-1.24,-1.16,False,sh603970
20240926,1.66,1,5,-6.02,False,9,False,5,1.58,15.06,-0.37,-6.02,False,sh600567
20250904,12.47,8,10,-6.98,False,2,False,0,12.24,0.0,-6.96,-6.98,False,sh603697
20250408,9.79,3,4,5.21,False,7,False,6,9.69,6.23,-0.93,-2.04,False,sh600000
20250718,27.81,0,5,0.97,True,10,False,5,27.19,3.99,0.0,-1.65,False,sh605086
20240927,21180.43,1,4,-2.2,False,9,False,6,20317.79,11.05,-0.83,-5.11,False,sh000815
20240927,2847.04,0,1,1.68,True,10,False,9,2830.64,8.81,0.0,-0.06,False,sh000068
20240927,10.1,0,5,3.07,True,10,False,5,9.71,9.7,0.0,-2.38,False,sh603238
20240926,25.6,0,0,1.99,True,10,True,10,24.94,11.95,0.0,0.0,False,sh600529
20240829,10.63,4,4,-1.98,False,6,False,6,10.58,1.79,-2.07,-1.98,False,sh600833
20240930,25.94,0,1,11.07,True,10,False,9,23.7,11.07,0.0,-0.27,False,sh603496
20250630,32.58,10,10,-9.12,False,0,False,0,32.37,0.0,-10.37,-10.9,False,sh688141
20250624,46.43,0,1,0.56,True,10,False,9,45.16,4.01,0.0,-0.32,False,sh688088
20240731,27.92,9,10,-7.88,False,1,False,0,27.24,0.0,-6.12,-8.27,False,sh601336
20250724,34.26,7,9,-7.06,False,3,False,1,33.04,4.2,-5.21,-7.5,False,sh603193
20260112,24.29,2,2,13.22,False,8,False,8,24.21,19.47,-1.01,-1.28,False,sh688216
20240930,42.95,9,9,-11.04,False,1,False,1,40.52,3.1,-5.75,-11.99,False,sh603868
20240927,7.19,0,0,7.79,True,10,True,10,7.15,17.11,0.0,0.0,False,sh603015
20240731,4.15,5,4,-0.72,False,5,False,6,4.14,1.69,-1.04,-1.2,False,sh600704
20250908,12.09,0,3,-0.25,True,10,False,7,12.02,4.3,0.0,-0.41,False,sh605018
20240920,4.05,0,2,5.43,True,10,False,8,3.99,24.94,0.0,-0.99,False,sh600683
20251212,65.5,1,2,11.05,False,9,False,8,63.83,11.05,-0.88,-2.9,False,sh688258
20250630,29.09,2,9,-0.07,False,8,False,1,28.7,0.52,-0.44,-1.93,False,sh688391
20240923,3.12,7,10,-7.37,False,3,False,0,3.09,0.0,-3.14,-9.29,False,sh603608
20241008,9.08,10,10,-7.49,False,0,False,0,9.02,0.0,-10.45,-12.89,False,sh600961
20240927,34.95,0,2,4.06,True,10,False,8,33.95,17.05,0.0,-0.77,False,sh603197
20250710,8.35,1,4,3.71,False,9,False,6,8.31,3.71,-0.08,-0.6,False,sh601065
20241202,12.13,4,4,26.88,False,6,False,6,11.94,31.16,-2.21,-3.13,True,sh600686
20250704,8.68,5,5,-0.69,False,5,False,5,8.67,1.27,-0.79,-0.81,False,sh601298
20241008,8.87,10,10,-9.92,False,0,False,0,8.8,0.0,-9.56,-11.16,False,sh601857
20250721,22.06,0,1,6.35,True,10,False,9,21.87,6.35,0.0,-0.5,False,sh688589
20240930,9.68,2,8,-3.51,False,8,False,2,9.09,5.06,-2.1,-7.95,False,sh603010
20250805,100.1,3,8,-0.24,False,7,False,2,96.75,1.81,-2.38,-5.39,False,sh688213
20250630,25.71,5,7,-4.24,False,5,False,3,25.39,4.12,-2.98,-4.24,False,sh688127
20240730,9.14,4,5,-8.21,False,6,False,5,8.88,2.84,-7.26,-9.41,False,sh600435
20240731,19.21,4,5,0.52,False,6,False,5,18.69,4.98,-2.77,-5.02,False,sh600885
20251124,60.66,0,0,22.55,True,10,True,10,58.46,24.46,0.0,0.0,True,sh688270
20240806,6.59,10,10,-6.83,False,0,False,0,6.52,0.0,-6.06,-6.83,False,sh601007
20251125,68.43,7,10,-5.19,False,3,False,0,65.37,0.0,-5.66,-8.87,False,sh688717
20251010,7.01,0,0,2.28,True,10,True,10,6.96,7.42,0.0,0.0,False,sh600903
20260109,27.31,1,1,4.14,False,9,False,9,27.3,10.03,-1.19,-0.81,False,sh688690
20240926,3.58,4,7,-5.31,False,6,False,3,3.46,9.22,-1.41,-5.31,False,sh600382
20250722,32.45,3,10,-3.54,False,7,False,0,31.22,0.0,-0.52,-4.19,False,sh688559
20240930,13.09,8,9,-2.9,False,2,False,1,12.88,4.2,-4.0,-5.81,False,sh600182
20240731,8.77,8,10,-10.6,False,2,False,0,8.4,0.0,-7.48,-10.6,False,sh600618
20240910,12.36,5,8,2.67,False,5,False,2,12.26,2.67,-5.31,-6.63,False,sh601900
20240806,0.42,6,9,-4.52,False,4,False,1,0.41,0.24,-2.05,-4.52,False,sh900943
20251020,49.6,0,2,4.52,True,10,False,8,49.04,7.06,0.0,-0.4,False,sh688070
20250630,25.5,0,0,6.04,True,10,True,10,25.28,6.86,0.0,0.0,False,sh603396
20240927,9.77,2,8,-2.05,False,8,False,2,9.62,10.13,-1.14,-3.48,False,sh603777
20250725,15.88,0,3,-2.9,True,10,False,7,14.73,6.68,0.0,-2.9,False,sh688327
20251105,10.22,6,4,-3.33,False,4,False,6,10.21,0.88,-4.34,-3.33,False,sh603916
20240731,3.41,2,10,-4.99,False,8,False,0,3.23,0.0,-1.84,-6.74,False,sh601099
20250107,17.86,8,7,2.35,False,2,False,3,17.81,2.35,-9.25,-8.57,False,sh600501
20250922,10.55,5,4,7.58,False,5,False,6,10.55,8.44,-1.05,-0.95,False,sh605167
20240819,8.01,4,4,6.37,False,6,False,6,7.96,6.37,-1.93,-2.37,False,sh600352
20240924,9.4,0,0,16.38,True,10,True,10,9.23,26.6,0.0,0.0,False,sh600855
20240912,5.96,0,0,13.03,True,10,True,10,5.95,13.03,0.0,0.0,False,sh600028
20250624,18.04,3,7,-1.0,False,7,False,3,17.73,1.94,-1.67,-2.38,False,sh603211
20250716,28.79,1,1,3.2,False,9,False,9,28.54,7.09,-0.67,-0.31,False,sh688369
20251020,16.62,3,5,-0.66,False,7,False,5,16.43,1.5,-0.78,-1.08,False,sh603125
20240930,10.35,9,9,-5.31,False,1,False,1,10.21,4.25,-7.67,-9.86,False,sh603968
20240730,4.08,7,9,-11.76,False,3,False,1,3.9,1.47,-6.92,-11.76,False,sh600604
20250624,13.97,0,1,3.29,True,10,False,9,13.42,9.23,0.0,-0.36,False,sh688022
20260325,17.17,7,9,-3.32,False,3,False,1,16.89,0.35,-6.0,-6.76,False,sh603709
20260302,21.0,0,1,-2.43,True,10,False,9,19.92,9.38,0.0,-2.43,False,sh603093
20240930,28.57,3,7,13.09,False,7,False,3,27.4,13.09,-3.51,-7.6,False,sh600363
20240930,8.72,1,9,-5.05,False,9,False,1,8.14,9.29,-0.52,-7.34,False,sh603926
20251124,34.84,1,4,2.38,False,9,False,6,32.23,9.53,-0.23,-5.42,False,sh688291
20240903,10.27,5,10,-1.27,False,5,False,0,10.09,0.0,-1.12,-3.41,False,sh600783
20240808,9.34,4,5,-5.57,False,6,False,5,9.28,0.96,-4.98,-5.57,False,sh601952
20240731,0.8,7,8,-1.51,False,3,False,2,0.79,0.38,-2.13,-2.51,False,sh900911
20250630,36.01,6,6,-0.5,False,4,False,4,35.89,0.94,-2.52,-2.55,False,sh688568
20240830,11.8,3,3,0.17,False,7,False,7,11.78,4.07,-1.34,-2.54,False,sh603138
20240816,3.04,9,10,-11.51,False,1,False,0,2.96,0.0,-13.29,-15.46,False,sh600807
20240925,5948.3,0,0,9.92,True,10,True,10,5941.77,12.44,0.0,0.0,False,sh000821
20241008,3.61,8,9,2.22,False,2,False,1,3.56,2.22,-3.82,-6.93,False,sh600287
20250722,136.02,7,10,-0.51,False,3,False,0,134.0,0.0,-2.25,-3.97,False,sh688188
20240930,17.77,6,9,-8.95,False,4,False,1,16.51,5.51,-4.08,-11.87,False,sh603611
20240927,5.94,0,0,22.05,True,10,True,10,5.85,22.9,0.0,0.0,True,sh600753
20240920,10.16,0,0,8.96,True,10,True,10,10.12,28.05,0.0,0.0,False,sh603042
20240925,5.32,0,0,16.73,True,10,True,10,5.3,29.89,0.0,0.0,False,sh600100
20260325,40.16,0,1,12.45,True,10,False,9,40.01,14.17,0.0,-0.15,False,sh688388
20240925,3.07,0,4,6.51,True,10,False,6,2.99,6.51,0.0,-2.28,False,sh600234
20240926,1.72,0,0,1.16,True,10,True,10,1.66,19.76,0.0,0.0,False,sh600467
20250625,38.08,6,10,-6.88,False,4,False,0,37.09,0.0,-5.1,-6.88,False,sh688595
20240930,58.26,9,10,-19.7,False,1,False,0,56.04,0.0,-15.16,-19.7,False,sh603338
20250801,48.92,0,0,9.48,True,10,True,10,48.38,14.6,0.0,0.0,False,sh688768
20250627,20.53,0,1,8.04,True,10,False,9,20.48,8.04,0.0,-0.05,False,sh605186
20250624,15.57,0,2,0.39,True,10,False,8,15.46,0.58,0.0,-0.32,False,sh603043
20250718,26.5,0,0,3.66,True,10,True,10,26.06,11.58,0.0,0.0,False,sh605318
20250717,10.77,1,7,3.99,False,9,False,3,10.5,3.99,-0.48,-2.79,False,sh601360
20251103,58.19,10,10,-8.04,False,0,False,0,57.76,0.0,-11.38,-11.14,False,sh688091
20240930,2.58,5,9,-5.43,False,5,False,1,2.38,3.88,-3.28,-10.47,False,sh601866
20240813,15.81,5,5,-9.93,False,5,False,5,15.64,13.03,-11.5,-9.93,False,sh603508
20240806,4.59,10,10,-10.68,False,0,False,0,4.51,0.0,-9.38,-11.11,False,sh600730
20240930,4.96,0,5,-0.4,True,10,False,5,4.72,3.63,0.0,-1.82,False,sh600163
20250624,45.91,0,9,-5.08,True,10,False,1,42.26,1.59,0.0,-6.37,False,sh688116
20240930,5.21,8,9,-7.68,False,2,False,1,4.94,1.73,-5.23,-12.09,False,sh600257
20250624,22.51,0,2,3.64,True,10,False,8,22.28,3.64,0.0,-0.89,False,sh688689
20250512,5.29,7,9,-2.84,False,3,False,1,5.27,0.0,-2.07,-3.02,False,sh601199
20240926,9.2,0,0,11.3,True,10,True,10,8.98,23.37,0.0,0.0,False,sh603990
20250818,34.26,2,3,3.56,False,8,False,7,33.89,15.09,-2.26,-4.09,False,sh688227
20250625,74.5,0,0,12.67,True,10,True,10,73.68,16.09,0.0,0.0,False,sh603296
20240927,2.54,2,7,-1.97,False,8,False,3,2.47,9.45,-1.1,-4.33,False,sh600166
20240930,11.69,2,9,-1.63,False,8,False,1,11.19,4.45,-1.49,-5.73,False,sh603677
20251124,37.31,5,5,2.2,False,5,False,5,37.21,2.2,-1.82,-1.74,False,sh688269
20240919,6.71,1,1,13.71,False,9,False,9,6.6,25.93,-0.07,-1.79,False,sh600128
20240930,12.32,9,9,-6.66,False,1,False,1,12.06,4.06,-5.75,-9.09,False,sh603639
20240801,8.23,1,7,0.85,False,9,False,3,8.03,0.85,-0.11,-2.19,False,sh601800
20240731,17.0,3,8,-6.47,False,7,False,2,15.8,0.06,-3.56,-7.76,False,sh603009
20240731,8.07,8,9,-7.56,False,2,False,1,7.88,0.5,-5.91,-7.56,False,sh600718
20250630,9.57,1,1,1.67,False,9,False,9,9.56,1.67,-0.1,-0.21,False,sh688459
20240913,2.22,0,0,27.03,True,10,True,10,2.2,27.03,0.0,0.0,True,sh600082
20241008,10.09,10,10,-12.88,False,0,False,0,9.75,0.0,-12.89,-17.44,False,sh603520
20240924,1.63,0,0,5.52,True,10,True,10,1.49,19.02,0.0,0.0,False,sh600231
20240927,3.94,0,0,7.12,True,10,True,10,3.79,19.31,0.0,0.0,False,sh600105
20240920,10.83,0,0,23.27,True,10,True,10,10.71,42.94,0.0,0.0,True,sh600756
20240806,0.32,0,0,0.32,True,10,True,10,0.31,19.24,0.0,0.0,False,sh900939
20240926,7.53,0,2,-1.59,True,10,False,8,7.37,14.61,0.0,-1.59,False,sh600305
20240819,4.87,7,8,-7.39,False,3,False,2,4.77,0.62,-8.04,-8.83,False,sh601107
20250107,12.3,8,10,-3.82,False,2,False,0,12.15,0.0,-3.08,-4.88,False,sh601233
20240731,4.13,8,9,-7.02,False,2,False,1,4.1,0.0,-6.32,-7.02,False,sh600662
20240926,15.5,1,1,2.77,False,9,False,9,15.39,11.35,-1.18,-1.74,False,sh600985
20250901,21.41,0,3,3.41,True,10,False,7,20.81,6.07,0.0,-0.98,False,sh603721
20240927,2700.64,0,0,5.08,True,10,True,10,2673.48,14.41,0.0,0.0,False,sh000847
20251128,22.31,7,7,-4.84,False,3,False,3,22.24,2.69,-5.67,-4.84,False,sh688069
20240927,16.67,0,0,3.18,True,10,True,10,16.1,12.96,0.0,0.0,False,sh600861
20240805,14.14,10,10,-6.44,False,0,False,0,13.86,0.0,-5.48,-7.28,False,sh600535
20250728,22.17,0,2,1.04,True,10,False,8,21.17,3.07,0.0,-3.47,False,sh603922
20251215,3.71,0,0,1.89,True,10,True,10,3.58,4.85,0.0,0.0,False,sh601778
20251128,7.19,3,10,-3.48,False,7,False,0,7.12,0.0,-2.6,-3.48,False,sh601956
20251128,45.24,10,10,-4.62,False,0,False,0,45.0,0.0,-7.8,-7.78,False,sh688489
20240731,3.94,9,9,-5.58,False,1,False,1,3.91,1.02,-5.83,-5.58,False,sh600052
20240930,1253.5,1,9,-5.54,False,9,False,1,1129.68,9.28,-0.52,-10.76,False,sh000158
20240927,8.29,3,5,-1.09,False,7,False,5,8.25,9.89,-1.25,-2.9,False,sh600419
20251218,18.33,0,0,4.42,True,10,True,10,18.11,4.42,0.0,0.0,False,sh603073
20240903,3.77,4,7,6.9,False,6,False,3,3.65,6.9,-3.33,-6.9,False,sh600383
20250416,20.84,8,8,-2.69,False,2,False,2,20.66,1.92,-5.06,-4.22,False,sh603988
20240926,15.58,0,0,2.76,True,10,True,10,15.44,19.32,0.0,0.0,False,sh603515
20250714,37.16,1,1,5.68,False,9,False,9,37.14,5.68,-1.3,-1.35,False,sh688716
20250722,133.39,2,5,-3.73,False,8,False,5,130.47,3.13,-2.31,-3.73,False,sh688271
20240903,3.46,8,10,-3.18,False,2,False,0,3.35,0.0,-4.11,-8.67,False,sh600130
20250624,26.79,0,0,4.26,True,10,True,10,26.23,7.35,0.0,0.0,False,sh605305
20250708,18.55,0,0,3.61,True,10,True,10,18.46,3.61,0.0,0.0,False,sh688126
20240802,7.56,1,4,-0.93,False,9,False,6,7.44,2.12,-0.05,-1.32,False,sh600267
20240904,2.87,5,5,1.04,False,5,False,5,2.87,1.04,-1.64,-1.74,False,sh601818
20250904,6.18,1,1,-0.81,False,9,False,9,6.15,5.18,-0.68,-0.81,False,sh605366
20240930,6.66,0,7,7.81,True,10,False,3,6.18,7.81,0.0,-7.06,False,sh603011
20251031,77.08,0,0,25.42,True,10,True,10,76.34,33.17,0.0,0.0,True,sh688168
20240925,6.71,0,0,5.22,True,10,True,10,6.7,16.69,0.0,0.0,False,sh600229
20240926,3.59,0,0,0.28,True,10,True,10,3.58,17.83,0.0,0.0,False,sh601678
20240805,20.56,0,0,11.87,True,10,True,10,20.55,13.08,0.0,0.0,False,sh603822
20260112,25.15,0,1,4.69,True,10,False,9,24.96,6.6,0.0,-0.52,False,sh688395
20240904,8.82,2,9,-5.56,False,8,False,1,8.54,0.57,-2.67,-6.35,False,sh603196
20250630,25.28,3,3,5.83,False,7,False,7,25.17,5.83,-0.87,-1.41,False,sh603324
20251217,75.33,0,0,4.7,True,10,True,10,72.88,12.15,0.0,0.0,False,sh603124
20240927,0.11,0,0,3.64,True,10,True,10,0.11,12.73,0.0,0.0,False,sh900921
20250710,12.12,0,1,0.66,True,10,False,9,11.92,1.9,0.0,-0.25,False,sh603890
20250624,27.63,0,0,11.83,True,10,True,10,27.35,13.43,0.0,0.0,False,sh605128
20240730,13.25,7,8,-4.75,False,3,False,2,13.09,2.87,-4.97,-5.13,False,sh603738
20251009,21.01,2,4,0.52,False,8,False,6,20.98,2.28,-1.28,-1.81,False,sh603210
20250730,92.58,5,5,-1.5,False,5,False,5,92.28,3.51,-3.07,-3.11,False,sh688368
20250722,187.5,0,0,4.1,True,10,True,10,186.79,10.07,0.0,0.0,False,sh688012
20250624,13.23,0,3,1.59,True,10,False,7,13.02,2.04,0.0,-1.13,False,sh603739
20251208,58.78,3,3,17.39,False,7,False,7,58.57,18.53,-2.06,-1.87,False,sh688788
20250806,11.77,0,1,10.45,True,10,False,9,11.7,10.45,0.0,-0.34,False,sh605166
20240930,6.22,0,2,13.67,True,10,False,8,5.87,13.67,0.0,-1.93,False,sh600353
20250724,15.6,0,0,1.35,True,10,True,10,15.3,3.65,0.0,0.0,False,sh688575
20240927,6.77,0,0,4.43,True,10,True,10,6.67,15.37,0.0,0.0,False,sh600330
20251015,29.96,6,10,-3.6,False,4,False,0,29.07,0.0,-3.5,-3.6,False,sh603109
20250630,78.67,3,1,4.84,False,7,False,9,78.35,5.5,-1.36,-0.66,False,sh688622
20250806,35.1,2,2,11.85,False,8,False,8,34.86,16.52,-0.53,-1.45,False,sh688516
20240927,9.62,6,6,-3.84,False,4,False,4,9.47,7.48,-3.51,-5.3,False,sh600004
20240927,6135.24,0,1,2.12,True,10,False,9,5991.6,10.03,0.0,-0.24,False,sh000811
20260115,17.84,0,1,1.96,True,10,False,9,17.41,3.36,0.0,-0.56,False,sh603276
20250707,13.88,7,7,-1.51,False,3,False,3,13.87,0.72,-2.0,-2.31,False,sh603711
20251128,22.9,10,10,-11.66,False,0,False,0,22.37,0.0,-10.02,-11.66,False,sh688669
20240829,0.19,4,4,-1.04,False,6,False,6,0.19,1.04,-1.28,-1.55,False,sh900947
20240930,14.09,9,9,-9.79,False,1,False,1,13.68,3.19,-6.17,-9.79,False,sh603239
20250702,4.8,0,0,5.42,True,10,True,10,4.75,5.42,0.0,0.0,False,sh601598
20250715,21.01,0,0,6.66,True,10,True,10,20.54,7.95,0.0,0.0,False,sh688289
20240731,4683.33,9,10,-7.36,False,1,False,0,4619.74,0.0,-6.57,-7.36,False,sh000993
20240930,6.56,4,9,-9.6,False,6,False,1,6.05,5.33,-2.03,-10.51,False,sh600335
20240910,0.4,0,0,11.08,True,10,True,10,0.4,11.08,0.0,0.0,False,sh900909
20240927,15.4,0,0,7.21,True,10,True,10,14.89,17.01,0.0,0.0,False,sh601137
20250624,13.87,0,0,8.0,True,10,True,10,13.77,8.0,0.0,0.0,False,sh688323
20250722,11.68,1,3,1.11,False,9,False,7,11.56,1.11,-0.79,-2.4,False,sh603408
20240827,19.88,0,0,4.23,True,10,True,10,19.53,6.94,0.0,0.0,False,sh600062
20240926,3489.86,0,0,8.11,True,10,True,10,3451.71,18.24,0.0,0.0,False,sh000044
20240730,9.2,7,7,-5.87,False,3,False,3,9.07,3.91,-6.82,-5.87,False,sh600505
20250806,140.13,5,6,6.34,False,5,False,4,139.22,7.89,-3.35,-4.23,False,sh688017
20250626,90.02,5,4,-0.8,False,5,False,6,89.91,2.68,-1.36,-1.27,False,sh688190
20240903,21.35,0,3,2.06,True,10,False,7,20.56,7.96,0.0,-1.12,False,sh600482
20240902,33.2,10,10,-8.77,False,0,False,0,33.1,0.0,-10.59,-10.24,False,sh603393
20251209,19.01,0,0,12.62,True,10,True,10,18.99,20.04,0.0,0.0,False,sh603121
20240911,5.55,7,7,11.52,False,3,False,3,5.54,11.52,-6.63,-7.2,False,sh600682
20250718,40.79,3,3,1.62,False,7,False,7,40.72,3.6,-1.35,-1.2,False,sh688259
20240930,4.1,1,6,-0.24,False,9,False,4,3.87,6.34,-0.14,-6.34,False,sh600965
20250801,44.08,0,4,13.43,True,10,False,6,41.99,15.25,0.0,-1.91,False,sh688390
20240731,7.04,8,10,-2.7,False,2,False,0,6.98,0.0,-1.94,-2.7,False,sh603609
20260105,28.48,0,0,13.45,True,10,True,10,28.18,14.15,0.0,0.0,False,sh688217
20240830,3.61,3,4,1.66,False,7,False,6,3.56,4.99,-5.53,-7.2,False,sh600156
20240809,12.95,7,6,-7.18,False,3,False,4,12.92,2.55,-8.31,-7.18,False,sh603320
20240926,4697.73,0,0,3.99,True,10,True,10,4494.55,12.79,0.0,0.0,False,sh000170
20240925,24.31,0,0,10.12,True,10,True,10,24.11,29.91,0.0,0.0,False,sh601633
20240905,5.62,10,10,-5.87,False,0,False,0,5.38,0.0,-5.73,-10.85,False,sh600135
20240926,1.83,0,0,4.8,True,10,True,10,1.83,19.65,0.0,0.0,False,sh603077
20240923,1.17,0,0,40.17,True,10,True,10,1.16,77.78,0.0,0.0,True,sh600881
20240906,124.61,5,6,6.24,False,5,False,4,124.58,6.24,-5.87,-6.66,False,sh601799
20240925,2.77,0,0,9.39,True,10,True,10,2.73,18.77,0.0,0.0,False,sh601003
20240927,9.93,0,3,1.11,True,10,False,7,9.46,9.67,0.0,-4.03,False,sh600452
20240927,33.77,0,0,10.28,True,10,True,10,31.5,21.14,0.0,0.0,False,sh603039
20240924,4.04,0,0,12.62,True,10,True,10,4.01,26.73,0.0,0.0,False,sh600728
20250711,4.81,1,0,6.86,False,9,True,10,4.8,6.86,-0.0,0.0,False,sh688469
20260210,25.44,0,0,0.94,True,10,True,10,25.19,6.84,0.0,0.0,False,sh603076
20240731,14.23,9,9,-9.49,False,1,False,1,14.09,0.35,-8.63,-9.49,False,sh600104
20240930,3.49,2,7,-2.58,False,8,False,3,3.31,4.29,-0.32,-5.44,False,sh600979
20240905,13.69,7,10,-11.76,False,3,False,0,13.68,0.0,-10.91,-13.37,False,sh603615
20251229,20.4,1,6,2.11,False,9,False,4,19.64,5.05,-0.28,-4.17,False,sh688722
20240730,8.69,0,2,-0.81,True,10,False,8,7.93,8.52,0.0,-1.73,False,sh600463
20240807,10.68,9,9,-9.36,False,1,False,1,10.52,2.06,-7.94,-9.36,False,sh600230
20240930,1534.65,6,9,-7.61,False,4,False,1,1441.95,2.07,-2.72,-9.15,False,sh000122
20251106,46.29,10,10,-9.31,False,0,False,0,46.24,0.0,-10.16,-9.31,False,sh688591
20250711,57.89,4,2,1.28,False,6,False,8,57.71,2.73,-1.15,-0.54,False,sh689009
20251010,15.97,0,3,1.88,True,10,False,7,15.7,2.07,0.0,-1.63,False,sh601033
20240924,5571.65,0,0,13.46,True,10,True,10,5534.02,23.83,0.0,0.0,False,sh000911
20250625,48.23,2,2,3.86,False,8,False,8,48.0,5.72,-0.72,-1.2,False,sh688268
20250721,18.61,9,10,-1.56,False,1,False,0,18.31,0.0,-3.64,-4.94,False,sh603310
20240927,28.25,3,5,-4.14,False,7,False,5,28.04,5.1,-4.03,-5.77,False,sh603816
20260130,26.53,3,2,1.24,False,7,False,8,26.37,5.2,-1.37,-1.77,False,sh605028
20240806,16.42,5,8,-4.63,False,5,False,2,16.13,1.77,-3.46,-4.63,False,sh600587
20251103,7.69,9,9,-17.3,False,1,False,1,7.37,0.13,-14.87,-18.34,False,sh600735
20250725,35.0,2,3,-3.49,False,8,False,7,34.94,1.63,-2.74,-3.49,False,sh688475
20241227,50.39,4,4,9.59,False,6,False,6,49.17,9.59,-4.75,-5.42,False,sh603991
20250714,31.64,0,0,15.96,True,10,True,10,31.08,18.87,0.0,0.0,False,sh688226
20240924,15.16,0,0,7.85,True,10,True,10,15.11,19.46,0.0,0.0,False,sh603858
20240930,13.35,2,7,-1.8,False,8,False,3,12.34,10.26,-0.66,-6.97,False,sh603025
20240819,3.03,10,10,-6.27,False,0,False,0,3.03,0.0,-7.63,-7.92,False,sh600734
20251009,7.56,4,4,0.0,False,6,False,6,7.5,2.25,-2.56,-2.78,False,sh605066
20240801,8.47,10,10,-0.71,False,0,False,0,8.41,0.0,-2.53,-3.19,False,sh603311
20250624,14.57,0,9,-2.06,True,10,False,1,14.1,0.21,0.0,-3.5,False,sh600955
20250725,26.07,0,0,5.75,True,10,True,10,25.85,10.2,0.0,0.0,False,sh688312
20250923,7.26,4,6,0.83,False,6,False,4,7.14,1.38,-0.73,-1.79,False,sh601398
20251022,14.77,5,6,1.49,False,5,False,4,14.51,4.33,-3.54,-5.08,False,sh688488
20240927,69.03,4,6,-3.95,False,6,False,4,67.95,10.31,-4.23,-6.1,False,sh600600
20240801,5.56,10,10,-5.57,False,0,False,0,5.49,0.0,-6.93,-6.83,False,sh603111
20260122,18.2,4,4,0.71,False,6,False,6,18.17,1.15,-1.73,-2.25,False,sh688026
20240924,0.48,0,0,13.99,True,10,True,10,0.47,24.43,0.0,0.0,False,sh900915
20240927,30.99,0,0,6.91,True,10,True,10,30.53,18.68,0.0,0.0,False,sh600329
20251015,170.79,5,5,-9.47,False,5,False,5,168.73,6.73,-10.1,-9.47,False,sh688068
20240807,17.27,4,4,-2.84,False,6,False,6,17.21,3.88,-3.14,-2.84,False,sh600803
20240926,16.25,0,0,6.2,True,10,True,10,16.04,22.01,0.0,0.0,False,sh603888
20250929,22.75,10,10,-4.35,False,0,False,0,22.61,0.0,-7.33,-6.64,False,sh688658
20240930,8.85,1,9,-2.03,False,9,False,1,8.33,2.6,-0.3,-6.1,False,sh600283
20260109,45.19,0,1,7.52,True,10,False,9,44.33,8.98,0.0,-1.39,False,sh603173
20240930,20.81,8,9,-11.29,False,2,False,1,19.34,0.14,-4.77,-13.07,False,sh603208
20240926,3012.28,0,0,3.28,True,10,True,10,2937.79,9.54,0.0,0.0,False,sh000825
20240926,1453.56,1,2,-2.37,False,9,False,8,1438.34,15.07,-1.18,-2.37,False,sh600519
20240731,18.8,9,10,-5.05,False,1,False,0,18.33,0.0,-1.9,-5.05,False,sh600030
20260227,21.94,10,10,-6.43,False,0,False,0,21.85,0.0,-8.02,-8.71,False,sh688371
20251020,12.72,0,0,2.91,True,10,True,10,12.56,3.38,0.0,0.0,False,sh688616
20241008,15.93,10,10,-9.73,False,0,False,0,15.9,0.0,-13.5,-15.51,False,sh600557
20240930,17.24,10,10,-9.86,False,0,False,0,17.21,0.0,-11.01,-12.35,False,sh601699
20240924,1.95,0,0,5.64,True,10,True,10,1.9,24.62,0.0,0.0,False,sh600981
20240927,7.55,0,1,0.53,True,10,False,9,7.48,13.77,0.0,-0.79,False,sh603177
20250917,54.53,4,10,-4.46,False,6,False,0,52.76,0.0,-2.51,-6.11,False,sh603596
20260119,10.14,1,6,-0.49,False,9,False,4,9.89,1.58,-0.64,-2.76,False,sh603725
20251110,8.8,9,10,-3.52,False,1,False,0,8.75,0.0,-3.49,-3.75,False,sh601236
20250707,20.81,0,0,3.32,True,10,True,10,20.71,3.32,0.0,0.0,False,sh688569
20250630,20.47,2,8,-3.57,False,8,False,2,19.91,3.22,-1.1,-3.57,False,sh601698
20240731,6.0,5,10,-4.67,False,5,False,0,5.93,0.0,-3.44,-4.67,False,sh600628
20240731,6.63,5,6,-2.71,False,5,False,4,6.59,1.81,-2.99,-2.71,False,sh600865
20240924,5.68,0,0,4.58,True,10,True,10,5.58,13.92,0.0,0.0,False,sh600018
20240930,3.6,1,7,-1.94,False,9,False,3,3.36,1.67,-0.58,-7.22,False,sh600782
20260225,19.95,10,10,-5.16,False,0,False,0,19.94,0.0,-8.65,-8.17,False,sh688670
20240927,6.22,0,0,7.08,True,10,True,10,6.09,20.92,0.0,0.0,False,sh600531
20240812,10.67,10,10,-6.93,False,0,False,0,10.53,0.0,-5.21,-7.03,False,sh600056
20260126,25.55,7,9,-15.54,False,3,False,1,22.83,3.21,-5.48,-15.93,False,sh688317
20240927,6.08,0,0,17.44,True,10,True,10,5.89,17.6,0.0,0.0,False,sh600256
20240913,17.91,0,0,19.99,True,10,True,10,17.82,19.99,0.0,0.0,False,sh601607
20240926,3.76,0,0,6.12,True,10,True,10,3.76,18.09,0.0,0.0,False,sh600405
20240927,6.8,0,0,2.65,True,10,True,10,6.73,11.17,0.0,0.0,False,sh603020
20240925,1.39,0,0,15.84,True,10,True,10,1.36,25.92,0.0,0.0,False,sh600162
20250825,5.73,4,7,6.28,False,6,False,3,5.69,6.28,-2.38,-3.32,False,sh688223
20250702,3.06,5,7,-2.29,False,5,False,3,3.0,1.96,-1.34,-3.27,False,sh601828
20240731,5.56,9,10,-8.27,False,1,False,0,5.48,0.0,-7.83,-8.27,False,sh600428
20250718,6.27,2,8,-3.83,False,8,False,2,6.1,0.8,-2.14,-3.83,False,sh601665
20240930,3.75,0,9,-6.4,True,10,False,1,3.41,5.07,0.0,-8.0,False,sh603797
20240926,4.76,0,0,8.61,True,10,True,10,4.68,16.17,0.0,0.0,False,sh600235
20250729,17.0,0,1,7.88,True,10,False,9,16.55,11.18,0.0,-0.47,False,sh600933
20250929,10.1,9,6,2.38,False,1,False,4,10.08,2.38,-1.63,-1.58,False,sh605567
20250724,13.82,3,3,1.16,False,7,False,7,13.8,1.23,-1.37,-1.59,False,sh688389
20250905,20.5,5,10,-4.05,False,5,False,0,20.14,0.0,-1.87,-4.05,False,sh688570
20250714,8.94,6,3,0.34,False,4,False,7,8.92,2.35,-1.71,-1.34,False,sh603912
20240923,1.18,0,0,20.34,True,10,True,10,1.16,31.36,0.0,0.0,True,sh601929
20240924,6.29,0,0,5.41,True,10,True,10,6.19,15.58,0.0,0.0,False,sh600356
20240801,5.28,4,4,-2.65,False,6,False,6,5.16,7.58,-4.42,-6.63,False,sh600851
20251125,20.04,0,0,2.3,True,10,True,10,19.85,4.69,0.0,0.0,False,sh603215
20240927,5.05,0,1,0.2,True,10,False,9,5.01,14.45,0.0,-0.79,False,sh600998
20250624,26.33,5,10,-2.32,False,5,False,0,25.46,0.0,-2.41,-4.52,False,sh603895
20240731,0.3,7,8,-2.68,False,3,False,2,0.29,2.68,-4.52,-5.7,False,sh900924
20240924,6.6,0,0,7.73,True,10,True,10,6.17,39.7,0.0,0.0,False,sh600318
20250724,20.4,3,8,-2.01,False,7,False,2,19.98,0.83,-1.53,-3.53,False,sh601136
20240930,3.89,0,2,13.11,True,10,False,8,3.62,13.11,0.0,-4.37,False,sh600186
20240926,7.4,0,0,6.35,True,10,True,10,7.27,14.87,0.0,0.0,False,sh600528
20240830,6.78,2,2,2.65,False,8,False,8,6.71,3.98,-1.18,-0.74,False,sh601179
20240927,7544.73,0,0,4.08,True,10,True,10,7207.34,17.65,0.0,0.0,False,sh000814
20251127,53.48,2,0,9.54,False,8,True,10,53.35,9.54,-0.22,0.0,False,sh688513
20240925,3.13,0,0,8.31,True,10,True,10,3.06,17.89,0.0,0.0,False,sh601599
20241107,30.34,7,9,-8.37,False,3,False,1,29.85,0.4,-6.09,-8.9,False,sh600566
20250624,19.77,3,3,-2.33,False,7,False,7,19.16,4.05,-1.8,-2.73,False,sh605100
20250626,13.89,2,2,1.51,False,8,False,8,13.86,4.18,-0.67,-0.72,False,sh605300
20251010,26.42,10,10,-8.97,False,0,False,0,26.12,0.0,-9.32,-10.22,False,sh688089
20241107,7.06,6,10,-2.69,False,4,False,0,7.03,0.0,-2.9,-5.95,False,sh600201
20251201,16.15,8,10,-4.95,False,2,False,0,15.89,0.0,-4.31,-5.26,False,sh603511
20240821,3.39,9,10,-3.24,False,1,False,0,3.31,0.0,-5.09,-7.37,False,sh600386
20240802,24.97,9,10,-13.94,False,1,False,0,23.87,0.0,-9.59,-13.94,False,sh600118
20251015,7.99,4,4,-0.75,False,6,False,6,7.98,1.88,-2.7,-2.63,False,sh603321
20240930,5.24,7,9,-2.67,False,3,False,1,5.17,1.34,-3.32,-6.3,False,sh603869
20250729,75.98,10,10,-1.9,False,0,False,0,75.68,0.0,-4.33,-4.54,False,sh688123
20251128,23.67,9,9,-0.84,False,1,False,1,23.46,0.38,-2.0,-2.62,False,sh603192
20240927,17.25,0,0,5.16,True,10,True,10,16.74,12.17,0.0,0.0,False,sh600262
20240930,2594.73,7,10,-6.63,False,3,False,0,2502.67,0.0,-3.97,-7.41,False,sh000908
20240930,6.32,9,9,-6.64,False,1,False,1,6.31,4.9,-8.9,-9.64,False,sh601636
20250924,48.0,4,3,-2.1,False,6,False,7,47.92,7.88,-3.35,-2.1,False,sh688212
20240926,8.2,0,0,8.9,True,10,True,10,7.92,16.83,0.0,0.0,False,sh600153
20250624,13.9,0,0,6.55,True,10,True,10,13.34,6.55,0.0,0.0,False,sh688588
20240930,12.62,4,8,-5.15,False,6,False,2,11.96,8.72,-2.44,-8.0,False,sh603538
20240926,2.97,0,0,2.69,True,10,True,10,2.9,15.82,0.0,0.0,False,sh600960
20251016,18.62,0,1,5.69,True,10,False,9,17.38,9.94,0.0,-0.27,False,sh688758
20250807,65.85,2,2,21.47,False,8,False,8,64.52,26.79,-6.18,-8.31,True,sh688691
20240930,12.38,5,5,2.34,False,5,False,5,12.3,9.13,-4.59,-5.41,False,sh603308
20240808,6.58,9,10,-2.13,False,1,False,0,6.56,0.0,-1.32,-2.13,False,sh601006
20240731,44.12,0,4,-2.29,True,10,False,6,42.52,5.37,0.0,-2.58,False,sh600763
20240930,9.32,8,9,-12.45,False,2,False,1,8.9,6.33,-10.48,-16.63,False,sh600884
20240927,4.56,0,0,6.36,True,10,True,10,4.42,17.76,0.0,0.0,False,sh601886
20250625,36.34,9,9,-6.0,False,1,False,1,35.86,0.3,-6.54,-6.38,False,sh688071
20240911,84.52,4,6,9.95,False,6,False,4,83.74,9.95,-1.59,-2.86,False,sh600563
20240913,5.04,0,0,38.1,True,10,True,10,5.0,38.1,0.0,0.0,True,sh603421
20250905,13.36,8,8,-5.01,False,2,False,2,13.36,1.5,-6.07,-5.01,False,sh603693
20240923,3.27,0,0,36.39,True,10,True,10,3.19,42.81,0.0,0.0,True,sh600657
20240926,7.53,0,0,8.9,True,10,True,10,7.44,18.33,0.0,0.0,False,sh600879
20251124,33.0,1,7,1.55,False,9,False,3,31.39,1.55,-0.16,-3.18,False,sh688345
20240731,0.71,8,10,-2.11,False,2,False,0,0.71,0.0,-2.46,-2.95,False,sh900942
20240926,7.68,0,0,5.31,True,10,True,10,7.59,31.5,0.0,0.0,False,sh601901
20240731,5.6,8,9,-6.43,False,2,False,1,5.5,0.54,-5.27,-6.43,False,sh600619
20240927,16.04,0,0,11.78,True,10,True,10,15.08,15.02,0.0,0.0,False,sh603108
20250707,17.5,0,0,7.77,True,10,True,10,17.48,7.77,0.0,0.0,False,sh603273
20240813,17.82,10,10,-6.34,False,0,False,0,17.81,0.0,-7.26,-6.34,False,sh600183
20251127,28.99,3,5,-2.41,False,7,False,5,28.42,5.55,-1.85,-2.41,False,sh688558
20240813,13.81,10,10,-12.38,False,0,False,0,13.79,0.0,-12.89,-12.38,False,sh600487
20240801,3.79,10,10,-1.32,False,0,False,0,3.77,0.0,-2.72,-3.43,False,sh600854
20240926,5.85,1,5,-0.85,False,9,False,5,5.73,11.79,-0.04,-1.54,False,sh600029
20240828,2658.97,10,10,-9.23,False,0,False,0,2658.1,0.0,-9.32,-9.23,False,sh000041
20240924,3.9,0,0,8.72,True,10,True,10,3.85,23.59,0.0,0.0,False,sh600500
20240808,11.52,1,1,7.55,False,9,False,9,11.47,9.38,-3.63,-4.08,False,sh601098
20250801,13.21,0,0,2.57,True,10,True,10,13.16,6.06,0.0,0.0,False,sh603917
20250716,88.55,3,3,3.41,False,7,False,7,88.42,8.81,-0.9,-0.64,False,sh688326
20250804,10.2,4,4,-2.75,False,6,False,6,10.07,2.75,-2.74,-2.75,False,sh601963
20240927,10.25,0,2,2.93,True,10,False,8,10.0,13.27,0.0,-0.49,False,sh603776
20240919,9.63,0,1,3.53,True,10,False,9,9.29,21.29,0.0,-1.45,False,sh603958
20240731,1.76,9,10,-6.27,False,1,False,0,1.73,0.0,-4.53,-6.27,False,sh600067
20240918,0.26,0,0,37.69,True,10,True,10,0.24,37.69,0.0,0.0,True,sh900910
20251128,12.27,1,3,2.04,False,9,False,7,12.02,2.77,-0.92,-2.69,False,sh603221
20251021,60.08,0,0,23.02,True,10,True,10,59.44,23.02,0.0,0.0,True,sh688359
20250630,52.01,10,10,-5.74,False,0,False,0,51.97,0.0,-9.33,-8.36,False,sh688290
20240930,23.32,5,9,-5.92,False,5,False,1,21.76,2.32,-2.56,-9.69,False,sh600362
20250626,54.49,7,9,-5.29,False,3,False,1,51.62,4.13,-3.02,-6.99,False,sh688023
20240924,26.93,0,0,13.15,True,10,True,10,26.42,16.56,0.0,0.0,False,sh600605
20240930,4.91,0,1,9.37,True,10,False,9,4.81,14.05,0.0,-1.43,False,sh603969
20251222,22.04,10,10,-2.0,False,0,False,0,21.57,0.0,-6.46,-7.99,False,sh688613
20240930,17.62,9,9,-5.62,False,1,False,1,17.19,5.45,-6.09,-7.78,False,sh600301
20240823,10.56,0,0,29.83,True,10,True,10,10.27,51.61,0.0,0.0,True,sh600552
20240812,1.45,4,4,-4.83,False,6,False,6,1.43,12.41,-2.9,-4.83,False,sh600666
20240926,9.62,0,0,5.72,True,10,True,10,9.33,21.52,0.0,0.0,False,sh600848
20240930,4.17,9,9,-5.52,False,1,False,1,4.09,1.2,-4.3,-6.24,False,sh600035
20250630,4.78,0,0,28.74,True,10,True,10,4.76,28.74,0.0,0.0,True,sh603176
20240930,4872.62,7,10,-7.02,False,3,False,0,4633.58,0.0,-3.7,-8.49,False,sh000820
20240809,13.83,9,9,-18.58,False,1,False,1,13.45,7.74,-16.28,-18.58,False,sh603139
20240925,9.48,0,0,7.6,True,10,True,10,9.46,19.09,0.0,0.0,False,sh603339
20250701,10.71,5,10,-1.21,False,5,False,0,10.69,0.0,-2.26,-3.36,False,sh603871
20241024,1.54,0,0,53.25,True,10,True,10,1.54,53.25,0.0,0.0,True,sh603377
20240930,8.5,5,5,5.65,False,5,False,5,8.32,9.65,-5.65,-7.29,False,sh600101
20251119,38.28,3,2,2.4,False,7,False,8,38.13,9.98,-1.51,-1.65,False,sh688117
20240924,4.75,0,0,7.58,True,10,True,10,4.66,19.16,0.0,0.0,False,sh600731
20250625,32.63,4,4,-0.89,False,6,False,6,32.49,5.39,-2.85,-2.18,False,sh688090
20240927,7.19,0,3,0.14,True,10,False,7,6.89,11.82,0.0,-1.67,False,sh600218
20250625,17.92,9,10,-3.74,False,1,False,0,17.71,0.0,-2.7,-3.96,False,sh603995
20260130,59.18,10,10,-16.98,False,0,False,0,59.06,0.0,-18.61,-19.28,False,sh688159
20240930,6.2,9,9,-7.42,False,1,False,1,6.1,2.26,-5.51,-8.06,False,sh600582
20251217,47.1,5,1,2.17,False,5,False,9,47.01,6.71,-1.42,-0.04,False,sh601606
20250804,22.58,0,0,9.36,True,10,True,10,22.27,11.99,0.0,0.0,False,sh605319
20240830,15.14,7,10,-3.63,False,3,False,0,14.99,0.0,-2.23,-3.76,False,sh603638
20241107,28.7,6,10,-10.24,False,4,False,0,27.81,0.0,-5.77,-10.94,False,sh600129
20250630,67.91,5,7,-1.38,False,5,False,3,67.09,2.64,-1.44,-2.5,False,sh688095
20240806,5.26,0,0,1.52,True,10,True,10,5.22,3.61,0.0,0.0,False,sh600167
20250725,90.32,8,10,-3.08,False,2,False,0,89.52,0.0,-2.8,-3.91,False,sh603297
20221205,3211.81,6,9,-3.26,False,4,False,1,3184.51,0.02,-2.12,-3.26,False,sh000001
20240730,7.91,0,0,4.07,True,10,True,10,7.87,7.59,0.0,0.0,False,sh601198
20251023,37.53,0,0,4.02,True,10,True,10,36.87,6.5,0.0,0.0,False,sh688112
20240927,2694.97,0,0,9.55,True,10,True,10,2680.52,20.75,0.0,0.0,False,sh000141
20240927,2.3,5,5,-3.91,False,5,False,5,2.3,10.87,-3.97,-5.22,False,sh600400
20250624,40.0,6,6,-5.02,False,4,False,4,39.94,1.2,-6.55,-6.75,False,sh688416
20250114,8.31,2,6,1.81,False,8,False,4,8.21,3.85,-1.69,-2.41,False,sh600757
20240920,5.78,1,1,27.16,False,9,False,9,5.76,52.42,-0.33,-0.69,True,sh601555
20251015,18.25,7,4,0.38,False,3,False,6,18.22,1.26,-1.79,-1.64,False,sh605005
20251124,44.81,0,0,3.68,True,10,True,10,41.68,13.77,0.0,0.0,False,sh688171
20260226,46.02,8,10,-8.63,False,2,False,0,44.64,0.0,-7.42,-11.02,False,sh603373
20251021,43.8,10,10,-9.13,False,0,False,0,43.3,0.0,-8.67,-9.13,False,sh688458
20241028,7.87,1,3,4.7,False,9,False,7,7.62,5.72,-3.92,-6.73,False,sh600719
20240927,16.3,0,0,3.37,True,10,True,10,15.77,13.87,0.0,0.0,False,sh603008
20240927,6.6,0,2,1.06,True,10,False,8,6.36,10.15,0.0,-1.52,False,sh601801
20250825,48.17,6,6,-6.37,False,4,False,4,48.04,2.53,-8.13,-8.35,False,sh688522
20240927,2.65,0,1,6.04,True,10,False,9,2.62,13.21,0.0,-1.51,False,sh600984
20250716,15.17,1,1,0.86,False,9,False,9,15.12,0.86,-0.11,-0.33,False,sh603209
20240731,8.87,10,10,-7.33,False,0,False,0,8.78,0.0,-6.25,-7.33,False,sh600663
20240925,2.47,0,0,21.46,True,10,True,10,2.44,33.6,0.0,0.0,True,sh601106
20240926,0.14,0,0,14.18,True,10,True,10,0.14,22.7,0.0,0.0,False,sh900938
20250627,33.9,5,5,-0.35,False,5,False,5,33.65,2.3,-1.64,-1.8,False,sh688045
20250624,20.9,0,5,-0.29,True,10,False,5,20.63,0.91,0.0,-1.91,False,sh605266
20240920,13.87,1,1,7.35,False,9,False,9,13.52,36.63,-1.48,-4.11,False,sh600053
20250710,13.02,0,8,-1.77,True,10,False,2,12.16,3.38,0.0,-3.0,False,sh603439
20250722,6.83,7,10,-6.44,False,3,False,0,6.57,0.0,-4.1,-7.91,False,sh601918
20250708,22.2,7,8,0.81,False,3,False,2,22.09,0.81,-2.16,-2.39,False,sh603097
20240927,7859.03,0,0,4.25,True,10,True,10,7631.78,19.9,0.0,0.0,False,sh000808
20240927,6421.16,0,0,5.29,True,10,True,10,6332.45,19.08,0.0,0.0,False,sh000075
20250106,11.41,1,2,3.86,False,9,False,8,11.37,4.82,-1.5,-2.8,False,sh603225
20240930,11.05,4,9,-4.98,False,6,False,1,10.35,5.79,-2.35,-8.78,False,sh600367
20240927,8.58,3,3,0.58,False,7,False,7,8.56,14.8,-1.22,-2.1,False,sh600860
20250624,10.97,0,3,9.66,True,10,False,7,10.68,9.66,0.0,-2.28,False,sh605228
20250625,20.04,4,4,-0.1,False,6,False,6,20.02,3.79,-1.87,-1.9,False,sh688295
20240731,4.85,8,8,-2.68,False,2,False,2,4.81,0.62,-2.2,-2.68,False,sh600787
20250908,21.77,3,5,-4.55,False,7,False,5,20.92,5.14,-1.59,-4.55,False,sh603477
20240927,15.97,0,0,2.57,True,10,True,10,15.53,15.78,0.0,0.0,False,sh603096
20250822,16.69,3,6,3.12,False,7,False,4,16.54,3.24,-2.67,-4.13,False,sh603110
20250630,3.0,0,0,2.67,True,10,True,10,2.97,3.0,0.0,0.0,False,sh601399
20240926,1143.57,0,0,7.0,True,10,True,10,1137.77,22.5,0.0,0.0,False,sh000846
20250725,23.43,0,3,1.92,True,10,False,7,22.77,4.65,0.0,-1.49,False,sz003005
20240930,7.1,8,9,-7.61,False,2,False,1,6.66,2.82,-3.3,-10.42,False,sz002381
20240919,2.94,3,4,4.76,False,7,False,6,2.91,11.9,-1.96,-3.06,False,sz000692
20240925,53.1,0,0,12.45,True,10,True,10,52.13,48.62,0.0,0.0,False,sz300347
20240925,4.89,0,0,6.75,True,10,True,10,4.78,19.63,0.0,0.0,False,sz000421
20240926,9160.71,0,0,7.18,True,10,True,10,9074.78,21.06,0.0,0.0,False,sz399648
20240925,2.26,0,0,11.97,True,10,True,10,2.22,24.39,0.0,0.0,False,sz002132
20260413,4.95,3,4,-5.66,False,1,False,0,4.84,0.0,-4.24,-5.86,False,sz300072
20250916,41.15,9,9,-9.16,False,1,False,1,40.78,1.8,-10.11,-10.16,False,sz301270
20240807,7.58,0,0,12.94,True,10,True,10,7.3,17.56,0.0,0.0,False,sz300493
20250107,7.68,6,5,4.82,False,4,False,5,7.61,5.86,-4.74,-4.95,False,sz002098
20251219,25.83,4,10,-5.15,False,6,False,0,24.6,0.0,-1.33,-5.5,False,sz001368
20250624,16.08,0,0,6.84,True,10,True,10,15.99,8.21,0.0,0.0,False,sz301127
20240924,1985.69,0,0,47.9,True,10,True,10,1916.63,53.63,0.0,0.0,True,sz399805
20240930,3.82,9,9,-9.16,False,1,False,1,3.67,2.09,-4.87,-10.47,False,sz002702
20240923,9.27,0,2,11.54,True,10,False,8,9.18,20.28,0.0,-0.11,False,sz002265
20240919,11.77,0,0,34.07,True,10,True,10,11.74,50.98,0.0,0.0,True,sz000776
20240821,8.22,10,10,-4.99,False,0,False,0,8.16,0.0,-9.31,-10.23,False,sz300539
20251215,14.45,1,1,5.4,False,9,False,9,14.36,5.4,-2.04,-2.49,False,sz002963
20240731,2.62,3,3,-3.82,False,7,False,7,2.56,17.56,-4.01,-3.82,False,sz300010
20251225,42.14,0,0,27.74,True,10,True,10,41.47,27.74,0.0,0.0,True,sz001326
20240930,5.23,7,9,-7.84,False,3,False,1,4.99,3.82,-2.08,-7.84,False,sz002478
20240926,19.66,0,0,8.24,True,10,True,10,19.44,19.13,0.0,0.0,False,sz000738
20240927,6911.19,0,0,10.64,True,10,True,10,6658.7,22.6,0.0,0.0,False,sz399551
20240731,17.78,10,10,-1.29,False,0,False,0,17.54,0.0,-4.88,-5.4,False,sz300577
20251024,49.67,6,8,-6.08,False,4,False,2,48.46,1.89,-4.79,-6.08,False,sz001212
20240927,53.89,0,0,7.79,True,10,True,10,51.02,38.23,0.0,0.0,False,sz300124
20240926,3.87,0,0,11.89,True,10,True,10,3.87,17.31,0.0,0.0,False,sz002678
20250624,52.72,0,3,3.13,True,10,False,7,51.66,7.36,0.0,-1.67,False,sz301369
20250625,20.18,1,2,3.48,False,9,False,8,19.78,5.47,-2.11,-2.92,False,sz300738
20240808,2.83,1,2,4.24,False,9,False,8,2.81,4.24,-0.4,-1.06,False,sz002485
20240927,17.46,0,0,9.28,True,10,True,10,16.63,30.12,0.0,0.0,False,sz300443
20251020,12.39,0,0,4.76,True,10,True,10,12.12,12.43,0.0,0.0,False,sz000823
20240930,12.15,1,6,9.88,False,9,False,4,11.62,9.88,-0.58,-4.61,False,sz002351
20240930,10.15,0,0,39.7,True,10,True,10,9.14,39.7,0.0,0.0,True,sz300397
20251009,9.58,6,8,-1.88,False,4,False,2,9.43,1.25,-3.57,-4.28,False,sz300891
20240814,10.57,8,8,-4.45,False,2,False,2,10.45,2.74,-4.34,-5.01,False,sz002655
20240930,13.58,2,8,-3.76,False,8,False,2,12.56,9.5,-0.76,-8.17,False,sz002006
20260109,86.05,9,9,-6.33,False,1,False,1,84.34,2.28,-4.75,-6.83,False,sz302132
20251124,52.77,0,0,14.88,True,10,True,10,51.07,14.88,0.0,0.0,False,sz301070
20250624,9.83,4,6,0.81,False,6,False,4,9.59,1.32,-1.6,-2.14,False,sz300715
20240730,8.03,4,5,-9.71,False,6,False,5,7.98,4.23,-8.93,-9.71,False,sz002561
20240930,16.03,4,4,3.99,False,6,False,6,15.62,6.99,-1.68,-3.93,False,sz002835
20240731,12.61,8,9,-7.45,False,2,False,1,12.23,0.95,-5.61,-7.45,False,sz002048
20240925,3.4,0,0,8.82,True,10,True,10,3.39,17.34,0.0,0.0,False,sz002181
20240926,30.16,0,0,4.97,True,10,True,10,29.89,25.9,0.0,0.0,False,sz000988
20260402,8.63,8,9,0.35,False,2,False,1,8.62,0.35,-6.78,-6.84,False,sz300692
20240930,8.82,6,9,-8.17,False,4,False,1,8.37,0.23,-6.56,-12.02,False,sz000039
20250904,14.27,1,0,0.0,False,9,True,10,14.12,3.08,-0.11,0.0,False,sz300970
20240927,7409.61,0,2,2.27,True,10,False,8,7116.79,15.37,0.0,-1.29,False,sz399403
20240924,4.27,0,1,29.48,True,10,False,9,4.16,37.44,0.0,-0.7,True,sz300425
20240926,6375.89,0,0,6.58,True,10,True,10,6185.83,19.69,0.0,0.0,False,sz399399
20240927,12.23,0,0,20.85,True,10,True,10,12.14,44.07,0.0,0.0,True,sz300142
20240926,9.38,0,1,2.13,True,10,False,9,9.25,18.23,0.0,-0.21,False,sz002184
20250624,41.41,0,1,1.93,True,10,False,9,40.52,3.02,0.0,-0.43,False,sz301512
20250922,19.48,5,6,11.55,False,5,False,4,19.35,11.55,-2.13,-2.41,False,sz300710
20240926,4.04,0,0,6.19,True,10,True,10,3.96,18.07,0.0,0.0,False,sz002337
20250708,12.85,0,2,6.61,True,10,False,8,12.76,7.08,0.0,-0.39,False,sz301288
20240927,3.31,0,1,17.52,True,10,False,9,3.18,17.52,0.0,-0.6,False,sz000510
20250811,34.9,0,0,22.78,True,10,True,10,34.82,25.76,0.0,0.0,True,sz300408
20251029,48.3,10,10,-7.87,False,0,False,0,47.23,0.0,-5.83,-7.87,False,sz301571
20240924,12.48,0,1,6.73,True,10,False,9,12.12,20.35,0.0,-1.28,False,sz002507
20240926,22.17,0,0,2.07,True,10,True,10,22.01,17.0,0.0,0.0,False,sz000869
20240926,9.82,0,4,-0.92,True,10,False,6,9.41,14.05,0.0,-1.02,False,sz000014
20251020,29.81,1,0,3.05,False,9,True,10,29.76,4.36,-0.93,0.0,False,sz301322
20240927,3.52,0,0,1.99,True,10,True,10,3.5,13.64,0.0,0.0,False,sz002060
20240925,2.34,0,0,10.26,True,10,True,10,2.29,20.94,0.0,0.0,False,sz000573
20240801,6.89,5,5,-5.22,False,5,False,5,6.83,6.97,-4.66,-5.22,False,sz002633
20240930,1.65,0,5,0.61,True,10,False,5,1.55,4.25,0.0,-1.82,False,sz200055
20240806,4.84,3,3,-3.51,False,7,False,7,4.78,12.18,-4.63,-3.51,False,sz300215
20250626,44.78,0,2,10.06,True,10,False,8,43.72,10.06,0.0,-1.61,False,sz300913
20240919,5.93,1,1,20.57,False,9,False,9,5.79,31.7,-1.23,-3.71,True,sz002549
20240927,2241.56,0,0,9.44,True,10,True,10,2118.01,21.01,0.0,0.0,False,sz399233
20241008,18.91,9,10,-7.35,False,1,False,0,17.51,0.0,-8.69,-16.13,False,sz300321
20260115,35.03,1,2,-1.71,False,9,False,8,34.5,6.62,-0.53,-1.71,False,sz301258
20240809,14.17,10,10,-8.61,False,0,False,0,14.06,0.0,-9.87,-8.68,False,sz000913
20250708,24.17,0,6,2.03,True,10,False,4,23.01,3.52,0.0,-2.28,False,sz300827
20240927,1788.38,0,0,10.63,True,10,True,10,1681.09,25.35,0.0,0.0,False,sz399660
20240927,8.12,0,0,10.84,True,10,True,10,7.91,19.7,0.0,0.0,False,sz000409
20240927,6086.6,4,4,-2.68,False,6,False,6,5972.68,11.89,-3.29,-5.68,False,sz399987
20251014,8.36,6,9,-3.47,False,4,False,1,8.24,0.48,-2.71,-3.47,False,sz002966
20251124,16.56,6,6,-4.47,False,4,False,4,16.42,1.21,-4.68,-4.47,False,sz300869
20240731,10.97,0,4,-1.73,True,10,False,6,9.34,21.7,0.0,-5.38,False,sz300192
20241129,4.57,0,3,13.35,True,10,False,7,4.16,13.35,0.0,-3.06,False,sz002154
20240924,9.89,0,0,33.97,True,10,True,10,9.66,60.16,0.0,0.0,True,sz300608
20250708,65.18,0,0,6.35,True,10,True,10,63.88,10.8,0.0,0.0,False,sz300624
20240812,8.25,10,10,-15.52,False,0,False,0,8.1,0.0,-15.82,-17.58,False,sz000710
20240927,5.23,0,0,17.02,True,10,True,10,5.16,19.31,0.0,0.0,False,sz002599
20251230,11.62,0,10,-3.87,True,10,False,0,10.63,0.0,0.0,-5.85,False,sz002905
20251027,60.08,8,8,-5.34,False,2,False,2,59.32,5.93,-6.79,-5.34,False,sz301141
20260408,51.8,3,2,2.74,False,4,False,5,51.72,4.11,-4.22,-4.0,False,sz301468
20240806,13.58,7,7,-0.52,False,3,False,3,13.52,20.1,-4.27,-2.94,False,sz300342
20240801,6.26,10,10,-12.53,False,0,False,0,6.22,0.0,-13.34,-13.14,False,sz000697
20250604,29.9,0,0,22.47,True,10,True,10,29.63,22.47,0.0,0.0,True,sz002384
20240815,3.75,5,6,-6.13,False,5,False,4,3.69,4.0,-6.34,-8.8,False,sz300076
20250124,8.95,0,2,0.34,True,10,False,8,8.86,2.57,0.0,-0.78,False,sz002461
20240826,2.47,9,9,-13.77,False,1,False,1,2.46,0.4,-14.05,-13.77,False,sz000415
20240930,9.32,4,5,2.58,False,6,False,5,9.28,9.87,-2.79,-3.0,False,sz002106
20251114,45.08,3,0,1.91,False,7,True,10,45.04,11.47,-1.2,0.0,False,sz300875
20251224,185.3,3,6,3.89,False,7,False,4,177.27,8.52,-0.69,-4.55,False,sz301590
20240927,38.43,0,0,23.86,True,10,True,10,36.66,39.63,0.0,0.0,True,sz300373
20250801,25.89,0,5,13.17,True,10,False,5,25.66,13.17,0.0,-1.04,False,sz300792
20240920,4.99,0,3,2.2,True,10,False,7,4.69,19.02,0.0,-2.0,False,sz002148
20240930,9.8,5,7,10.4,False,5,False,3,9.55,10.4,-3.05,-6.02,False,sz000096
20240930,5.66,1,9,-5.83,False,9,False,1,5.18,7.42,-0.98,-10.42,False,sz002585
20250624,16.64,3,5,0.54,False,7,False,5,16.5,4.57,-0.97,-1.8,False,sz002919
20240816,7.46,7,7,4.16,False,3,False,3,7.46,5.09,-8.97,-9.12,False,sz300543
20250801,31.88,0,0,33.57,True,10,True,10,31.87,33.57,0.0,0.0,True,sz300816
20240927,10.63,0,0,32.83,True,10,True,10,10.37,32.83,0.0,0.0,True,sz002778
20250811,6.44,0,3,6.06,True,10,False,7,6.37,6.06,0.0,-1.09,False,sz300296
20240927,10.56,0,0,21.59,True,10,True,10,9.93,40.44,0.0,0.0,True,sz300024
20241028,3.22,0,0,19.25,True,10,True,10,3.13,19.25,0.0,0.0,False,sz002251
20250724,52.87,6,4,1.15,False,4,False,6,52.68,1.68,-1.64,-1.57,False,sz300676
20251022,17.68,5,9,-1.3,False,5,False,1,17.2,0.06,-1.47,-4.07,False,sz300858
20240913,8.3,0,0,52.53,True,10,True,10,8.21,52.53,0.0,0.0,True,sz002736
20251218,22.98,0,0,12.49,True,10,True,10,22.89,12.49,0.0,0.0,False,sz301113
20240813,6.45,3,5,-5.58,False,7,False,5,5.87,25.58,-4.46,-13.95,False,sz300639
20240816,9.62,8,10,-3.54,False,2,False,0,9.25,0.0,-5.89,-9.46,False,sz300439
20240930,10.06,0,6,3.28,True,10,False,4,9.45,6.36,0.0,-5.67,False,sz002536
20240919,6.23,0,0,30.02,True,10,True,10,6.03,44.46,0.0,0.0,True,sz000676
20240731,7.12,1,1,1.68,False,9,False,9,7.11,4.07,-1.0,-1.26,False,sz002365
20240925,7.06,0,0,13.87,True,10,True,10,7.03,22.51,0.0,0.0,False,sz002051
20240904,6.5,10,10,-16.0,False,0,False,0,6.48,0.0,-15.15,-17.54,False,sz300097
20240927,5201.67,0,0,8.43,True,10,True,10,4990.85,18.34,0.0,0.0,False,sz399905
20240927,3.79,0,0,8.71,True,10,True,10,3.64,20.32,0.0,0.0,False,sz002602
20260226,34.16,10,10,-9.07,False,0,False,0,34.16,0.0,-8.36,-9.07,False,sz001268
20240930,6.87,9,9,-12.23,False,1,False,1,6.57,1.16,-7.87,-12.37,False,sz002198
20240927,2.77,0,0,10.11,True,10,True,10,2.64,40.43,0.0,0.0,False,sz300477
20240924,3.92,0,0,13.27,True,10,True,10,3.91,23.47,0.0,0.0,False,sz000638
20250625,15.76,0,2,0.76,True,10,False,8,15.44,1.9,0.0,-0.7,False,sz301069
20240816,3.55,8,10,-9.3,False,2,False,0,3.36,0.0,-7.42,-12.68,False,sz300110
20250624,27.89,3,4,3.16,False,7,False,6,27.72,3.16,-0.52,-0.68,False,sz001226
20240806,4.77,5,3,-2.58,False,5,False,7,4.74,2.1,-3.67,-2.58,False,sz000875
20240801,2.34,9,10,-11.11,False,1,False,0,2.19,0.0,-6.91,-12.82,False,sz000008
20250908,25.85,4,5,-1.93,False,6,False,5,25.54,3.56,-1.66,-2.05,False,sz300941
20251231,21.53,6,8,-2.88,False,4,False,2,21.25,2.37,-4.48,-6.27,False,sz002987
20240927,2.59,0,0,3.09,True,10,True,10,2.54,18.92,0.0,0.0,False,sz002348
20240926,2.64,0,0,18.56,True,10,True,10,2.59,34.09,0.0,0.0,False,sz300247
20240910,20.04,8,8,-8.93,False,2,False,2,19.41,0.75,-9.27,-12.62,False,sz002801
20240925,13.23,0,0,13.0,True,10,True,10,12.8,34.78,0.0,0.0,False,sz002555
20250630,10.65,0,1,3.47,True,10,False,9,10.6,3.47,0.0,-0.38,False,sz301370
20240730,10.19,3,5,-2.75,False,7,False,5,9.96,4.71,-2.13,-3.73,False,sz300593
20240912,49.22,0,0,13.23,True,10,True,10,49.16,13.23,0.0,0.0,False,sz002032
20240903,8.39,4,6,9.89,False,6,False,4,8.26,9.89,-2.54,-4.05,False,sz000521
20240930,13.8,2,9,-6.67,False,8,False,1,12.74,5.14,-1.47,-9.71,False,sz002664
20251020,26.75,0,0,5.12,True,10,True,10,25.98,9.57,0.0,0.0,False,sz301041
20240927,2005.32,2,4,-1.37,False,8,False,6,1973.65,12.44,-2.65,-4.47,False,sz399684
20260109,18.76,6,9,1.28,False,4,False,1,18.63,1.28,-1.59,-2.72,False,sz301188
20240930,9.32,1,9,-8.26,False,9,False,1,8.34,8.05,-0.65,-11.91,False,sz300138
20250729,57.71,2,2,16.37,False,8,False,8,57.12,19.56,-3.28,-4.42,False,sz300724
20240926,12.56,5,6,-3.98,False,5,False,4,12.44,13.38,-3.61,-5.65,False,sz000610
20240820,2.12,0,3,8.48,True,10,False,7,2.06,8.48,0.0,-2.83,False,sz002303
20251125,68.13,0,0,9.6,True,10,True,10,67.86,9.6,0.0,0.0,False,sz001389
20240821,4.85,8,9,-0.21,False,2,False,1,4.83,0.21,-6.89,-7.42,False,sz300176
20240930,12.95,7,7,26.8,False,3,False,3,12.52,26.8,-8.25,-11.43,True,sz300411
20240924,4792.53,0,0,25.87,True,10,True,10,4591.79,44.93,0.0,0.0,True,sz399437
20240927,9.93,0,2,1.31,True,10,False,8,9.8,10.78,0.0,-0.1,False,sz002780
20240809,2.93,6,7,-17.75,False,4,False,3,2.89,20.82,-16.12,-17.75,False,sz000509
20241113,11.51,0,6,1.74,True,10,False,4,11.26,1.74,0.0,-3.91,False,sz002867
20240905,2.54,10,10,-3.54,False,0,False,0,2.53,0.0,-3.77,-5.12,False,sz000813
20251111,30.95,7,10,-16.87,False,3,False,0,28.72,0.0,-10.29,-18.58,False,sz300927
20240923,5.38,0,2,7.99,True,10,False,8,5.3,27.88,0.0,-0.74,False,sz300221
20240930,11.06,0,5,5.79,True,10,False,5,9.88,9.31,0.0,-6.15,False,sz300092
20240830,18.56,10,10,-16.06,False,0,False,0,18.53,0.0,-13.97,-16.06,False,sz002829
20240930,5.42,0,9,-5.9,True,10,False,1,5.01,3.5,0.0,-7.38,False,sz002054
20240930,5.17,5,9,-6.0,False,5,False,1,4.99,4.26,-1.31,-6.0,False,sz002360
20260109,51.7,8,9,-4.72,False,2,False,1,50.39,4.45,-7.07,-8.57,False,sz301316
20251110,25.69,10,10,-3.81,False,0,False,0,25.51,0.0,-8.59,-8.06,False,sz300747
20240731,9.12,9,10,-8.44,False,1,False,0,8.93,0.0,-7.63,-8.55,False,sz002533
20240731,1316.12,5,10,-0.79,False,5,False,0,1278.01,0.0,-1.49,-3.93,False,sz399249
20240823,11.97,5,8,-5.43,False,5,False,2,11.52,9.44,-6.03,-10.44,False,sz000020
20250624,67.19,0,8,-3.3,True,10,False,2,61.81,0.25,0.0,-4.33,False,sz300969
20250812,32.96,0,0,22.66,True,10,True,10,31.15,32.13,0.0,0.0,True,sz003019
20250624,28.71,0,0,40.75,True,10,True,10,28.51,40.75,0.0,0.0,True,sz001359
20240924,3.18,0,0,10.06,True,10,True,10,3.13,22.01,0.0,0.0,False,sz002160
20240927,11.58,0,0,3.8,True,10,True,10,11.21,15.28,0.0,0.0,False,sz002733
20240731,8.38,3,9,-3.46,False,7,False,1,8.1,0.72,-1.36,-3.46,False,sz000969
20240930,12.32,7,9,-6.9,False,3,False,1,11.75,9.82,-4.9,-10.71,False,sz002407
20250724,20.72,1,2,1.5,False,9,False,8,20.57,1.79,-0.63,-1.35,False,sz002952
20250807,31.25,0,1,0.96,True,10,False,9,30.31,7.23,0.0,-0.06,False,sz301091
20240927,1989.23,0,0,12.36,True,10,True,10,1868.68,23.34,0.0,0.0,False,sz399654
20240801,7.03,10,10,-1.0,False,0,False,0,6.93,0.0,-5.99,-6.83,False,sz002449
20240926,2.51,0,0,1.19,True,10,True,10,2.45,12.73,0.0,0.0,False,sz000927
20260320,28.21,2,4,-4.47,False,8,False,6,28.17,9.46,-2.76,-4.47,False,sz300813
20240904,6.55,10,10,-2.14,False,0,False,0,6.49,0.0,-4.12,-5.65,False,sz002580
20240926,4.47,0,0,18.12,True,10,True,10,4.43,39.6,0.0,0.0,False,sz300315
20240806,4.32,2,2,-1.62,False,8,False,8,4.26,34.03,-1.22,-1.62,False,sz000597
20240823,2.87,9,10,-14.29,False,1,False,0,2.69,0.0,-9.15,-14.98,False,sz002084
20240920,11.98,1,1,22.54,False,9,False,9,11.96,42.4,-0.3,-0.5,True,sz300525
20250625,120.97,4,5,-1.1,False,6,False,5,119.34,4.55,-2.24,-3.49,False,sz300870
20240912,5.01,0,1,21.96,True,10,False,9,4.84,21.96,0.0,-1.4,True,sz002279
20250625,5.11,0,2,3.33,True,10,False,8,5.08,3.72,0.0,-0.39,False,sz301175
20251125,31.98,10,10,-2.47,False,0,False,0,31.21,0.0,-2.74,-3.75,False,sz301388
20240801,11.31,9,10,-8.58,False,1,False,0,11.17,0.0,-9.03,-9.02,False,sz002237
20251229,26.59,0,2,20.65,True,10,False,8,25.12,20.65,0.0,-1.02,True,sz300773
20240930,3.44,1,8,2.03,False,9,False,2,3.16,9.01,-0.49,-9.59,False,sz002354
20250723,14.24,0,4,2.11,True,10,False,6,13.69,4.49,0.0,-0.56,False,sz300894
20260407,31.06,3,4,1.55,False,5,False,4,30.86,2.41,-1.16,-0.93,False,sz001259
20240930,4.14,9,9,-6.52,False,1,False,1,4.04,2.42,-4.03,-7.0,False,sz001896
20250905,19.14,0,0,17.29,True,10,True,10,17.42,25.65,0.0,0.0,False,sz301016
20241024,2.03,0,0,22.17,True,10,True,10,1.95,22.17,0.0,0.0,True,sz000609
20240827,3.51,3,6,10.26,False,7,False,4,3.45,10.26,-1.46,-3.7,False,sz002480
20240801,14.29,8,10,-10.43,False,2,False,0,13.53,0.0,-7.15,-10.99,False,sz300446
20250729,92.94,3,9,1.55,False,7,False,1,90.24,1.55,-1.38,-4.23,False,sz301191
20250905,11.59,0,0,2.24,True,10,True,10,11.48,4.66,0.0,0.0,False,sz001217
20240926,7.62,0,0,25.84,True,10,True,10,7.57,29.25,0.0,0.0,True,sz300121
20250701,11.05,2,2,2.81,False,8,False,8,11.04,4.98,-1.16,-1.09,False,sz301058
20240927,7.82,0,1,1.15,True,10,False,9,7.57,13.55,0.0,-1.79,False,sz002853
20240821,3.76,10,10,-10.37,False,0,False,0,3.75,0.0,-11.1,-11.97,False,sz300276
20251124,15.45,0,0,16.63,True,10,True,10,15.3,16.63,0.0,0.0,False,sz300697
20240731,5.34,10,10,-6.74,False,0,False,0,5.11,0.0,-4.12,-7.87,False,sz002379
20240926,10.12,0,0,7.31,True,10,True,10,9.85,13.63,0.0,0.0,False,sz002830
20240830,9.84,1,1,5.89,False,9,False,9,9.72,20.02,-2.47,-3.66,False,sz300238
20241016,3.53,0,0,20.96,True,10,True,10,3.41,20.96,0.0,0.0,True,sz002564
20240830,2.33,9,10,-16.31,False,1,False,0,2.27,0.0,-10.68,-16.31,False,sz002650
20241206,12.24,1,1,9.89,False,9,False,9,12.21,9.89,-0.18,-0.41,False,sz002003
20240912,6.64,0,0,19.58,True,10,True,10,6.53,19.58,0.0,0.0,False,sz002799
20240926,8.23,0,0,0.97,True,10,True,10,8.04,11.78,0.0,0.0,False,sz002203
20240930,52.49,0,0,24.67,True,10,True,10,44.37,24.67,0.0,0.0,True,sz300496
20260106,54.97,1,1,21.7,False,9,False,9,54.87,43.7,-1.07,-1.31,True,sz301275
20240829,5.11,2,8,-3.72,False,8,False,2,4.96,0.78,-0.53,-3.91,False,sz002137
20250924,13.96,8,9,-0.93,False,2,False,1,13.72,0.21,-1.57,-2.72,False,sz301088
20240926,433.52,0,0,13.1,True,10,True,10,432.1,24.33,0.0,0.0,False,sz399244
20240819,3.66,10,10,-19.67,False,0,False,0,3.37,0.0,-16.44,-23.77,False,sz300511
20240926,8.48,0,0,4.01,True,10,True,10,8.26,19.34,0.0,0.0,False,sz000970
20250930,48.6,0,0,6.58,True,10,True,10,45.93,8.77,0.0,0.0,False,sz300844
20251020,29.43,1,1,4.18,False,9,False,9,29.31,8.29,-0.61,-0.31,False,sz002882
20240828,35.6,0,0,4.61,True,10,True,10,35.05,4.61,0.0,0.0,False,sz002179
20250701,16.25,0,1,-0.31,True,10,False,9,16.0,2.03,0.0,-0.31,False,sz001289
20250722,12.85,7,8,-1.71,False,3,False,2,12.71,0.23,-1.72,-2.33,False,sz003000
20240930,11.35,0,9,-1.15,True,10,False,1,10.44,10.57,0.0,-5.2,False,sz300625
20240926,6638.15,0,0,4.63,True,10,True,10,6392.08,15.36,0.0,0.0,False,sz399554
20260203,10.48,0,0,5.44,True,10,True,10,10.32,13.26,0.0,0.0,False,sz002928
20240807,12.37,4,3,2.18,False,6,False,7,12.32,9.38,-2.0,-1.78,False,sz300572
20260227,77.89,2,2,-1.28,False,8,False,8,77.62,13.61,-3.76,-1.28,False,sz301391
20240926,11.26,0,0,22.2,True,10,True,10,10.85,67.4,0.0,0.0,True,sz300015
20250722,28.41,0,1,2.14,True,10,False,9,28.33,4.93,0.0,-0.16,False,sz001323
20241120,12.92,8,9,-4.57,False,2,False,1,12.81,3.56,-2.91,-4.88,False,sz002749
20251124,17.01,0,0,7.0,True,10,True,10,16.45,10.05,0.0,0.0,False,sz301216
20250624,21.18,0,2,2.79,True,10,False,8,20.46,2.79,0.0,-0.47,False,sz301122
20240926,6.6,0,0,9.24,True,10,True,10,6.39,14.85,0.0,0.0,False,sz002707
20240925,1.49,0,0,24.83,True,10,True,10,1.49,52.35,0.0,0.0,True,sz300197
20240930,27.9,0,7,4.84,True,10,False,3,25.45,9.93,0.0,-4.66,False,sz002151
20250625,31.1,10,10,-1.45,False,0,False,0,31.08,0.0,-3.99,-3.54,False,sz003028
20250725,153.53,2,2,0.43,False,8,False,8,152.64,2.02,-0.96,-1.85,False,sz301589
20250910,53.88,4,4,2.28,False,6,False,6,53.38,2.28,-3.39,-3.66,False,sz301213
20240815,3.67,9,10,-11.44,False,1,False,0,3.65,0.0,-11.1,-11.99,False,sz000958
20240930,10.62,4,7,1.32,False,6,False,3,10.11,10.08,-3.37,-8.38,False,sz002436
20240927,1729.7,0,0,5.32,True,10,True,10,1672.47,16.8,0.0,0.0,False,sz399665
20251021,42.3,0,0,10.64,True,10,True,10,41.91,10.64,0.0,0.0,False,sz301169
20240815,11.13,9,9,-8.53,False,1,False,1,11.09,0.0,-9.74,-9.25,False,sz300643
20240821,2.95,5,5,6.78,False,5,False,5,2.91,7.12,-4.07,-5.76,False,sz002685
20240920,2.3,0,0,27.83,True,10,True,10,2.3,62.17,0.0,0.0,True,sz300324
20251225,220.38,0,0,0.09,True,10,True,10,220.37,0.09,0.0,0.0,False,sz399302
20250815,19.92,2,3,-2.31,False,8,False,7,19.86,3.41,-1.15,-2.31,False,sz300822
20240930,42.06,0,5,7.87,True,10,False,5,37.02,18.9,0.0,-6.09,False,sz300620
20240927,35.92,0,0,16.45,True,10,True,10,35.68,44.15,0.0,0.0,False,sz300073
20251219,9.37,1,4,0.32,False,9,False,6,9.2,1.49,-0.51,-1.6,False,sz002887
20240808,6.9,3,9,-9.13,False,7,False,1,6.38,0.14,-2.5,-9.13,False,sz002248
20240731,17.42,6,8,-2.93,False,4,False,2,16.85,1.55,-1.85,-3.96,False,sz000975
20251124,22.5,0,0,9.11,True,10,True,10,22.4,9.11,0.0,0.0,False,sz300988
20240930,14.3,0,9,-3.71,True,10,False,1,13.07,13.78,0.0,-8.39,False,sz300514
20240926,8.1,0,0,7.9,True,10,True,10,8.07,18.15,0.0,0.0,False,sz002761
20240927,3.86,1,5,-1.82,False,9,False,5,3.76,12.71,-1.44,-4.15,False,sz002206
20240926,4.05,0,0,3.8,True,10,True,10,4.04,11.96,0.0,0.0,False,sz000715
20240731,7.96,9,10,-9.55,False,1,False,0,7.84,0.0,-10.97,-9.55,False,sz002455
20250912,14.2,10,10,-10.21,False,0,False,0,14.1,0.0,-10.92,-10.21,False,sz002900
20240930,13.31,3,9,-4.28,False,7,False,1,11.83,10.07,-0.72,-12.1,False,sz300109
20251124,44.01,0,0,18.86,True,10,True,10,42.81,19.52,0.0,0.0,False,sz301517
20240919,10.96,0,0,14.69,True,10,True,10,10.95,22.08,0.0,0.0,False,sz002332
20240731,4.06,0,0,163.05,True,10,True,10,3.74,163.05,0.0,0.0,True,sz300147
20251103,17.01,6,6,-1.65,False,4,False,4,16.96,0.88,-1.55,-1.65,False,sz301559
20251125,12.6,4,4,1.11,False,6,False,6,12.59,2.62,-2.66,-2.78,False,sz300975
20240927,11682.74,0,0,2.68,True,10,True,10,11293.36,12.69,0.0,0.0,False,sz399406
20240927,2.39,0,0,9.21,True,10,True,10,2.31,28.03,0.0,0.0,False,sz300420
20240808,49.59,0,0,0.48,True,10,True,10,47.97,1.96,0.0,0.0,False,sz000538
20240926,7.83,0,0,22.48,True,10,True,10,7.72,28.74,0.0,0.0,True,sz002856
20240913,9.06,7,7,32.56,False,3,False,3,8.98,32.56,-14.25,-15.67,True,sz300210
20240930,6.04,9,9,-9.11,False,1,False,1,5.97,2.98,-7.83,-10.26,False,sz000822
20250630,29.07,10,10,-1.41,False,0,False,0,29.0,0.0,-2.84,-3.06,False,sz300916
20240926,1028.81,0,0,10.24,True,10,True,10,1003.16,23.55,0.0,0.0,False,sz399236
20240927,11.04,0,1,3.17,True,10,False,9,10.92,7.7,0.0,-0.18,False,sz002818
20240924,4.76,0,0,20.8,True,10,True,10,4.72,31.09,0.0,0.0,True,sz002065
20240927,6.26,0,0,8.31,True,10,True,10,6.26,22.84,0.0,0.0,False,sz000576
20251027,48.59,4,4,-1.23,False,6,False,6,48.55,2.57,-1.68,-1.69,False,sz001395
20240801,6.44,10,10,-1.09,False,0,False,0,6.42,0.0,-7.07,-7.3,False,sz002636
20240927,4.38,0,1,4.11,True,10,False,9,4.35,18.04,0.0,-0.68,False,sz002298
20240802,8.21,5,7,-6.94,False,5,False,3,7.89,14.37,-3.48,-6.94,False,sz000011
20250904,12.68,0,0,5.28,True,10,True,10,12.66,9.62,0.0,0.0,False,sz300958
20250625,50.68,0,1,4.81,True,10,False,9,50.49,5.52,0.0,-0.1,False,sz301327
20250724,58.99,2,2,12.65,False,8,False,8,58.63,13.75,-0.61,-1.2,False,sz300776
20240912,8.73,1,4,20.16,False,9,False,6,8.33,20.16,-0.94,-5.96,True,sz002649
20240814,10.77,8,9,-0.46,False,2,False,1,10.71,1.11,-2.52,-2.51,False,sz300115
20251212,51.29,9,10,-6.71,False,1,False,0,49.7,0.0,-4.83,-7.45,False,sz001223
20240806,5.34,4,5,6.74,False,6,False,5,5.26,22.28,-8.17,-8.99,False,sz300472
20250815,43.38,0,1,3.27,True,10,False,9,42.1,3.69,0.0,-0.35,False,sz301291
20250811,34.02,0,2,2.82,True,10,False,8,32.73,3.64,0.0,-2.15,False,sz301358
20250624,38.5,2,2,9.56,False,8,False,8,38.49,9.56,-0.22,-0.39,False,sz300709
20240801,7.19,3,8,-5.7,False,7,False,2,6.77,9.6,-1.43,-6.54,False,sz000547
20251015,35.02,4,6,0.74,False,6,False,4,34.31,1.74,-2.65,-4.14,False,sz301022
20240806,2.43,9,9,-23.46,False,1,False,1,2.42,9.88,-19.96,-23.46,False,sz002607
20240807,6.59,0,2,14.87,True,10,False,8,6.38,24.89,0.0,-0.76,False,sz002037
20240925,8.77,0,0,3.31,True,10,True,10,8.72,16.19,0.0,0.0,False,sz000524
20240731,5.33,0,0,3.75,True,10,True,10,5.07,4.13,0.0,0.0,False,sz002550
20251124,5.54,0,0,39.35,True,10,True,10,5.51,39.35,0.0,0.0,True,sz301526
20240927,26.4,0,0,9.2,True,10,True,10,26.11,25.3,0.0,0.0,False,sz300596
20240912,8.56,7,7,17.4,False,3,False,3,8.55,17.4,-5.33,-6.19,False,sz002079
20250625,38.32,3,9,-2.95,False,7,False,1,37.2,2.43,-1.02,-3.63,False,sz301568
20250908,15.5,8,7,-4.58,False,2,False,3,15.47,1.94,-5.34,-4.58,False,sz002982
20240808,2.55,8,8,-5.88,False,2,False,2,2.55,1.57,-5.57,-5.88,False,sz000797
20240807,7.14,10,9,-5.18,False,0,False,1,7.11,0.0,-5.36,-5.18,False,sz002284
20240819,2.4,10,10,-8.75,False,0,False,0,2.32,0.0,-14.26,-18.33,False,sz300242
20240807,8.23,9,9,-3.04,False,1,False,1,8.14,0.73,-3.14,-3.77,False,sz300611
20240930,21.99,0,5,5.05,True,10,False,5,20.41,20.01,0.0,-5.78,False,sz300042
20240927,2169.46,0,0,5.28,True,10,True,10,2056.56,19.37,0.0,0.0,False,sz399350
20241008,3.94,9,10,-13.96,False,1,False,0,3.7,0.0,-13.01,-20.82,False,sz300376
20251113,40.75,10,10,-11.56,False,0,False,0,39.85,0.0,-11.62,-14.04,False,sz301595
20251124,16.25,2,6,0.49,False,8,False,4,15.85,0.68,-0.97,-2.46,False,sz300797
20240731,6.7,8,10,-7.61,False,2,False,0,6.66,0.0,-7.7,-7.61,False,sz000410
20240925,5.33,0,0,6.94,True,10,True,10,5.29,16.7,0.0,0.0,False,sz002103
20240927,4029.62,0,0,9.98,True,10,True,10,3826.85,20.52,0.0,0.0,False,sz399679
20240902,2.15,0,0,5.12,True,10,True,10,2.09,20.0,0.0,0.0,False,sz300338
20250730,17.34,0,9,-2.77,True,10,False,1,16.44,0.46,0.0,-3.81,False,sz002931
20250807,11.58,2,2,1.99,False,8,False,8,11.56,2.85,-0.79,-0.86,False,sz301116
20240806,1.75,0,0,5.14,True,10,True,10,1.72,12.0,0.0,0.0,False,sz200706
20260121,17.34,9,9,-2.83,False,1,False,1,17.28,0.06,-5.31,-5.65,False,sz300994
20240730,20.88,0,8,-2.63,True,10,False,2,20.05,4.02,0.0,-3.4,False,sz300508
20251020,29.28,0,0,4.54,True,10,True,10,28.8,5.16,0.0,0.0,False,sz301222
20240930,10.01,0,9,-0.9,True,10,False,1,9.21,4.2,0.0,-6.39,False,sz002254
20250701,17.0,8,10,-7.41,False,2,False,0,16.48,0.0,-3.9,-7.41,False,sz300673
20240816,3.58,8,10,-4.47,False,2,False,0,3.44,0.0,-6.2,-9.5,False,sz300292
20260407,24.33,1,1,-5.63,False,7,False,7,23.75,3.08,-5.1,-5.63,False,sz301158
20251103,47.16,7,8,-4.9,False,3,False,2,46.7,3.56,-4.61,-4.9,False,sz001317
20240930,3.86,0,4,2.07,True,10,False,6,3.42,9.58,0.0,-4.4,False,sz300021
20240815,11.36,8,9,-1.67,False,2,False,1,11.34,0.18,-6.01,-6.34,False,sz300546
20240927,1.99,0,0,6.03,True,10,True,10,1.95,14.57,0.0,0.0,False,sz000709
20241028,11.61,7,7,6.89,False,3,False,3,11.46,6.89,-3.8,-5.25,False,sz000922
20250818,116.47,1,1,11.62,False,9,False,9,116.32,11.62,-1.43,-1.58,False,sz301269
20240816,4.04,2,2,20.54,False,8,False,8,4.02,20.54,-3.0,-3.47,True,sz300310
20240926,1348.08,0,0,6.86,True,10,True,10,1339.37,20.15,0.0,0.0,False,sz399651
20240927,10.36,0,0,5.69,True,10,True,10,10.34,18.15,0.0,0.0,False,sz002402
20240827,3.78,10,10,-12.7,False,0,False,0,3.77,0.0,-12.04,-12.96,False,sz002398
20260129,41.74,0,0,24.94,True,10,True,10,39.32,24.94,0.0,0.0,True,sz300991
20240731,3.44,0,3,-0.29,True,10,False,7,3.35,1.74,0.0,-1.74,False,sz002165
20240919,14.8,0,0,30.2,True,10,True,10,14.75,57.3,0.0,0.0,True,sz002232
20240926,7.62,0,5,-1.84,True,10,False,5,7.53,17.98,0.0,-2.62,False,sz000721
20251021,27.13,0,0,5.2,True,10,True,10,27.05,5.2,0.0,0.0,False,sz301170
20240731,9.73,0,0,15.31,True,10,True,10,9.62,15.31,0.0,0.0,False,sz002755
20240930,9.58,1,9,-6.58,False,9,False,1,8.57,9.39,-0.19,-10.75,False,sz300009
20240930,18.5,0,5,9.46,True,10,False,5,16.39,17.35,0.0,-6.11,False,sz300520
20240830,11.23,3,4,-4.27,False,7,False,6,11.06,6.14,-4.15,-4.27,False,sz000888
20250624,41.37,0,1,1.23,True,10,False,9,39.9,5.56,0.0,-0.6,False,sz301459
20240823,7.12,4,4,21.89,False,6,False,6,7.08,37.47,-4.19,-5.19,True,sz300047
20250625,47.69,1,1,10.57,False,9,False,9,47.5,16.65,-0.06,-0.59,False,sz003031
20240926,1.65,0,0,7.88,True,10,True,10,1.63,22.42,0.0,0.0,False,sz000592
20240926,3.19,0,0,5.64,True,10,True,10,3.05,17.24,0.0,0.0,False,sz002081
20251110,43.3,3,10,-8.29,False,7,False,0,41.55,0.0,-3.28,-8.41,False,sz300888
20240902,7.04,10,10,-11.93,False,0,False,0,6.9,0.0,-8.66,-11.93,False,sz300414
20240930,33.35,5,7,10.46,False,5,False,3,32.56,10.46,-6.73,-9.03,False,sz002281
20240927,17.22,0,3,-0.06,True,10,False,7,16.13,10.34,0.0,-2.26,False,sz000792
20240927,4076.07,0,0,8.79,True,10,True,10,3768.14,25.54,0.0,0.0,False,sz399432
20240927,3.8,0,0,13.95,True,10,True,10,3.7,32.89,0.0,0.0,False,sz300173
20250414,4.73,0,0,4.23,True,10,True,10,4.62,12.47,0.0,0.0,False,sz300209
20250724,15.07,0,3,2.79,True,10,False,7,14.72,3.12,0.0,-0.86,False,sz300721
20241014,1.77,0,2,10.04,True,10,False,8,1.75,11.0,0.0,-1.41,False,sz000615
20240927,2.82,2,2,5.67,False,8,False,8,2.82,8.87,-1.81,-3.19,False,sz002306
20240731,4532.07,10,10,-4.27,False,0,False,0,4518.72,0.0,-4.12,-4.58,False,sz399966
20240919,7.6,1,2,16.3,False,9,False,8,7.52,26.04,-0.29,-1.32,False,sz002661
20240927,822.0,0,0,2.5,True,10,True,10,810.33,13.1,0.0,0.0,False,sz399681
20250624,24.0,0,2,2.04,True,10,False,8,23.6,2.04,0.0,-0.29,False,sz301313
20240926,125.99,0,0,2.89,True,10,True,10,123.19,23.61,0.0,0.0,False,sz000858
20240925,14.15,0,0,9.26,True,10,True,10,14.14,23.53,0.0,0.0,False,sz000025
20260302,206.8,5,10,-11.32,False,5,False,0,194.73,0.0,-8.3,-13.75,False,sz301489
20250818,15.6,8,10,-6.67,False,2,False,0,15.5,0.0,-6.28,-6.67,False,sz301027
20240924,1.97,0,0,12.18,True,10,True,10,1.97,27.92,0.0,0.0,False,sz000816
20250905,24.25,4,5,14.14,False,6,False,5,24.02,14.14,-2.43,-2.23,False,sz300922
20240927,2.78,0,0,1.8,True,10,True,10,2.78,12.59,0.0,0.0,False,sz002578
20240927,9.25,0,0,7.57,True,10,True,10,9.17,25.4,0.0,0.0,False,sz300224
20240731,25.46,1,1,5.54,False,9,False,9,25.35,21.56,-0.37,-0.82,False,sz002785
20240731,9.66,10,10,-4.07,False,0,False,0,9.61,0.0,-7.67,-7.17,False,sz002862
20240930,62.07,9,9,-13.1,False,1,False,1,61.03,3.38,-15.54,-17.1,False,sz300492
20240927,2636.75,0,0,2.71,True,10,True,10,2553.85,12.85,0.0,0.0,False,sz399649
20240926,2.41,0,3,-2.07,True,10,False,7,2.26,12.44,0.0,-2.07,False,sz002133
20250624,18.74,4,4,2.08,False,6,False,6,18.63,2.08,-2.47,-2.35,False,sz002886
20250630,22.3,10,10,-6.1,False,0,False,0,22.04,0.0,-6.34,-7.22,False,sz300840
20240927,4161.98,0,0,18.13,True,10,True,10,3957.04,25.31,0.0,0.0,False,sz399360
20240815,22.0,10,10,-5.07,False,0,False,0,21.96,0.0,-6.46,-6.36,False,sz300346
20240809,7.98,10,10,-11.65,False,0,False,0,7.97,0.0,-11.36,-11.65,False,sz300621
20240813,28.34,9,9,-8.85,False,1,False,1,28.27,0.32,-9.24,-8.85,False,sz300576
20251028,11.39,4,5,1.58,False,6,False,5,11.32,1.58,-1.77,-2.28,False,sz301395
20240926,6714.91,0,0,5.57,True,10,True,10,6490.14,16.01,0.0,0.0,False,sz399550
20240924,13.75,0,1,14.03,True,10,False,9,13.54,26.32,0.0,-0.58,False,sz000739
20260130,44.18,6,6,-4.37,False,4,False,4,43.82,5.12,-4.29,-4.37,False,sz301168
20240731,5.63,8,8,-5.86,False,2,False,2,5.63,5.33,-7.91,-7.82,False,sz300011
20250625,15.51,5,10,-2.45,False,5,False,0,15.28,0.0,-1.02,-3.55,False,sz002962
20240927,15.41,0,0,14.54,True,10,True,10,14.94,32.19,0.0,0.0,False,sz300538
20240815,15.9,8,10,-14.03,False,2,False,0,15.46,0.0,-15.15,-17.11,False,sz000777
20240927,5.3,8,8,-5.09,False,2,False,2,5.25,10.18,-6.68,-6.98,False,sz002264
20240927,1343.71,0,0,7.39,True,10,True,10,1278.84,21.01,0.0,0.0,False,sz399804
20240927,10.23,0,0,5.96,True,10,True,10,9.93,23.06,0.0,0.0,False,sz300196
20240927,11.6,0,0,5.17,True,10,True,10,11.36,17.93,0.0,0.0,False,sz002703
20250624,10.78,0,1,5.4,True,10,False,9,10.66,5.4,0.0,-0.28,False,sz301126
20240912,13.41,1,2,14.02,False,9,False,8,13.22,14.02,-2.05,-3.58,False,sz002150
20240902,5.64,10,10,-8.33,False,0,False,0,5.59,0.0,-6.96,-8.33,False,sz002099
20241008,13.56,9,10,-8.26,False,1,False,0,13.28,0.0,-10.5,-13.2,False,sz002299
20251128,32.58,10,10,-9.33,False,0,False,0,32.4,0.0,-9.13,-9.33,False,sz300890
20241008,20.37,10,10,-17.28,False,0,False,0,19.24,0.0,-18.65,-24.59,False,sz300396
20250624,69.1,0,0,9.06,True,10,True,10,67.18,17.68,0.0,0.0,False,sz301326
20250908,35.7,9,9,-0.56,False,1,False,1,35.63,0.0,-2.7,-2.94,False,sz300777
20240802,8.46,4,2,0.35,False,6,False,8,8.45,3.43,-1.0,-0.35,False,sz002637
20240926,13.42,0,0,2.68,True,10,True,10,13.28,16.32,0.0,0.0,False,sz002484
20240930,5.03,9,9,-8.35,False,1,False,1,4.98,1.59,-7.48,-9.34,False,sz000539
20240926,7.38,0,1,2.03,True,10,False,9,7.32,12.87,0.0,-0.27,False,sz002679
20250624,4.0,0,0,2.03,True,10,True,10,3.97,2.28,0.0,0.0,False,sz001213
20240926,53.18,0,0,23.99,True,10,True,10,53.02,33.11,0.0,0.0,True,sz002049
20250624,16.4,0,0,4.7,True,10,True,10,16.36,5.98,0.0,0.0,False,sz301516
20260203,217.57,4,4,-3.62,False,6,False,6,215.61,1.58,-4.93,-4.39,False,sz301345
20240815,3.35,10,10,-9.5,False,0,False,0,3.34,0.0,-9.06,-9.5,False,sz000514
20240930,17.21,7,9,-10.05,False,3,False,1,16.09,4.59,-5.94,-12.78,False,sz002007
20250929,79.58,3,1,1.45,False,7,False,9,79.43,8.95,-2.02,-0.85,False,sz301622
20240801,5.56,6,6,-5.76,False,4,False,4,5.52,17.63,-6.52,-6.12,False,sz002651
20250630,48.8,0,0,1.89,True,10,True,10,48.41,2.32,0.0,0.0,False,sz301289
20250630,22.88,9,10,-3.72,False,1,False,0,22.38,0.0,-1.99,-4.24,False,sz300711
20240930,14.54,9,9,-11.7,False,1,False,1,13.6,2.2,-6.18,-13.83,False,sz000625
20240815,2.68,10,10,-10.82,False,0,False,0,2.66,0.0,-13.14,-14.17,False,sz002565
20241112,11.79,10,10,-11.54,False,0,False,0,11.71,0.0,-10.36,-13.4,False,sz300630
20240930,24.39,5,10,-5.88,False,5,False,0,22.9,0.0,-2.9,-8.71,False,sz002831
20240927,8.43,0,0,24.07,True,10,True,10,7.97,24.07,0.0,0.0,True,sz002185
20240909,8.72,7,10,-12.16,False,3,False,0,7.76,0.0,-7.09,-17.78,False,sz300143
20240912,7.09,0,0,35.0,True,10,True,10,6.49,35.0,0.0,0.0,True,sz300277
20240927,9833.64,0,1,2.99,True,10,False,9,9425.57,15.39,0.0,-0.3,False,sz399398
20240927,13.02,0,0,19.2,True,10,True,10,12.45,35.56,0.0,0.0,False,sz300424
20240925,2662.42,0,0,13.69,True,10,True,10,2628.29,29.12,0.0,0.0,False,sz399402
20251031,25.25,9,9,-4.67,False,1,False,1,25.1,6.06,-5.09,-4.67,False,sz301190
20250624,11.13,0,0,6.56,True,10,True,10,10.8,12.31,0.0,0.0,False,sz301059
20240930,7.41,0,8,0.14,True,10,False,2,6.99,4.86,0.0,-5.94,False,sz002852
20240930,4.34,7,9,-6.45,False,3,False,1,4.08,1.15,-2.91,-9.22,False,sz002548
20240930,2702.59,0,9,-2.47,True,10,False,1,2511.61,3.01,0.0,-6.59,False,sz399232
20240927,1.83,0,0,14.21,True,10,True,10,1.75,21.31,0.0,0.0,False,sz000826
20240930,5.53,1,6,1.27,False,9,False,4,5.26,6.15,-2.4,-7.23,False,sz300214
20240930,13.58,0,1,10.38,True,10,False,9,12.21,15.32,0.0,-3.68,False,sz300447
20250929,7.25,1,1,3.03,False,9,False,9,7.15,3.86,-0.24,-1.66,False,sz001258
20240927,3.44,1,7,-1.45,False,9,False,3,3.34,9.59,-0.51,-4.07,False,sz000572
20250724,6.93,9,10,-2.02,False,1,False,0,6.9,0.0,-2.63,-3.17,False,sz001391
20240926,3.64,0,0,6.86,True,10,True,10,3.55,13.99,0.0,0.0,False,sz002061
20251219,54.05,1,0,5.81,False,9,True,10,53.93,5.81,-0.35,0.0,False,sz301323
20240826,4.6,8,9,0.22,False,2,False,1,4.45,0.22,-4.7,-7.83,False,sz000868
20240927,6.72,0,0,8.04,True,10,True,10,6.35,36.01,0.0,0.0,False,sz300393
20240927,2.1,0,1,1.43,True,10,False,9,2.07,17.14,0.0,-1.9,False,sz002506
20250624,43.74,1,1,2.88,False,9,False,9,43.24,5.6,-1.81,-1.14,False,sz300895
20240730,19.24,0,0,5.46,True,10,True,10,18.55,10.6,0.0,0.0,False,sz300609
20240731,6.87,9,9,-2.47,False,1,False,1,6.86,1.02,-3.94,-3.35,False,sz300193
20240926,23.54,0,4,-1.32,True,10,False,6,22.51,9.13,0.0,-1.36,False,sz000895
20240829,4.37,4,7,-13.27,False,6,False,3,3.98,12.59,-3.75,-13.27,False,sz002681
20240815,6128.17,0,0,0.32,True,10,True,10,6089.09,4.52,0.0,0.0,False,sz399986
20240731,4.78,5,5,20.71,False,5,False,5,4.74,20.71,-7.85,-8.58,True,sz300647
20240926,4845.8,0,0,5.13,True,10,True,10,4810.6,20.04,0.0,0.0,False,sz399661
20240919,3.83,0,0,10.7,True,10,True,10,3.77,16.45,0.0,0.0,False,sz000912
20250626,16.52,0,0,10.17,True,10,True,10,16.3,10.17,0.0,0.0,False,sz300826
20250724,45.09,10,10,-5.5,False,0,False,0,44.97,0.0,-14.37,-15.06,False,sz301259
20250822,49.98,3,3,-5.92,False,7,False,7,49.4,13.33,-4.36,-6.7,False,sz002929
20240806,7.49,9,10,-8.14,False,1,False,0,7.27,0.0,-7.15,-8.14,False,sz300320
20240906,10.04,1,7,2.39,False,9,False,3,9.48,2.39,-1.21,-7.27,False,sz300077
20240911,4.62,3,9,-9.09,False,7,False,1,3.89,8.87,-2.11,-18.18,False,sz300510
20240911,5.4,9,10,-8.52,False,1,False,0,5.19,0.0,-22.35,-26.11,False,sz300343
20251224,29.3,0,0,6.69,True,10,True,10,28.68,20.0,0.0,0.0,False,sz301469
20240731,4.84,9,10,-5.58,False,1,False,0,4.81,0.0,-6.2,-5.99,False,sz002765
20240812,5.78,10,10,-10.38,False,0,False,0,5.68,0.0,-8.88,-11.25,False,sz300039
20240902,3.11,3,6,-16.08,False,7,False,4,2.99,5.14,-6.98,-16.08,False,sz000851
20240927,7.62,0,1,2.89,True,10,False,9,7.45,14.17,0.0,-0.13,False,sz002598
20241101,1.81,1,4,-4.97,False,9,False,6,1.74,6.63,-1.41,-4.97,False,sz000711
20240927,9.15,0,0,8.2,True,10,True,10,9.03,20.98,0.0,0.0,False,sz300497
20251015,19.54,0,4,4.4,True,10,False,6,18.9,13.31,0.0,-3.17,False,sz003030
20240927,4.97,0,0,8.25,True,10,True,10,4.89,14.69,0.0,0.0,False,sz000593
20240807,11.24,3,5,-8.1,False,7,False,5,10.39,44.22,-3.0,-9.16,False,sz300615
20240930,12.54,8,8,-5.82,False,2,False,2,12.52,9.33,-7.5,-9.25,False,sz002080
20250625,18.16,3,10,-5.56,False,7,False,0,17.6,0.0,-1.64,-5.56,False,sz300793
20250630,38.32,0,0,5.61,True,10,True,10,38.12,6.45,0.0,0.0,False,sz301591
20240926,6737.44,0,0,5.84,True,10,True,10,6682.77,18.58,0.0,0.0,False,sz399354
20260112,42.96,10,10,-6.01,False,0,False,0,42.84,0.0,-7.44,-7.5,False,sz301112
20250106,20.89,10,10,-13.12,False,0,False,0,20.64,0.0,-10.76,-13.12,False,sz002737
20250624,27.3,1,8,0.95,False,9,False,2,26.49,0.95,-0.54,-2.67,False,sz301226
20260325,81.61,8,9,0.82,False,2,False,1,81.23,0.82,-6.33,-7.06,False,sz300990
20240927,9.37,7,8,-3.84,False,3,False,2,9.23,19.74,-5.6,-6.72,False,sz300025
20240809,7421.46,10,10,-3.96,False,0,False,0,7410.85,0.0,-4.38,-4.18,False,sz399003
20240807,23.13,2,2,0.18,False,8,False,8,22.77,6.82,-2.25,-3.52,False,sz002779
20240930,16.35,9,10,-11.74,False,1,False,0,15.64,0.0,-6.95,-11.93,False,sz000923
20240730,12.08,2,1,0.0,False,8,False,9,12.04,17.47,-3.34,-1.32,False,sz300542
20250721,8.82,0,0,2.83,True,10,True,10,8.78,2.83,0.0,0.0,False,sz002918
20240924,6.41,0,0,7.49,True,10,True,10,6.33,26.53,0.0,0.0,False,sz002584
20240920,3.85,0,0,27.01,True,10,True,10,3.83,63.9,0.0,0.0,True,sz300311
20251022,2.44,9,7,0.0,False,1,False,3,2.44,0.82,-2.04,-1.64,False,sz001227
20240808,2.42,4,9,-9.09,False,6,False,1,2.29,2.48,-3.74,-9.09,False,sz300111
20240927,2.72,0,3,0.0,True,10,False,7,2.67,14.34,0.0,-1.47,False,sz000639
20240927,7.21,0,0,7.91,True,10,True,10,7.04,20.94,0.0,0.0,False,sz002579
20240927,33.7,0,0,47.24,True,10,True,10,31.03,47.24,0.0,0.0,True,sz300476
20240820,6.17,0,0,14.91,True,10,True,10,6.03,14.91,0.0,0.0,False,sz002199
20250630,25.6,0,1,9.02,True,10,False,9,23.83,15.86,0.0,-0.16,False,sz001269
20240905,3.02,7,9,-9.93,False,3,False,1,2.88,0.66,-6.92,-13.58,False,sz300096
20240930,17.72,4,9,-6.38,False,6,False,1,16.46,4.8,-1.68,-9.59,False,sz002603
20251029,27.13,10,10,-2.4,False,0,False,0,27.02,0.0,-3.58,-3.17,False,sz301026
20240731,5.9,2,4,0.0,False,8,False,6,5.75,1.53,-1.97,-4.41,False,sz002364
20251126,48.45,0,3,3.84,True,10,False,7,46.55,5.92,0.0,-1.71,False,sz301312
20251110,19.68,10,10,-9.35,False,0,False,0,19.34,0.0,-10.0,-10.92,False,sz300743
20240731,2.69,9,9,-5.58,False,1,False,1,2.68,1.86,-6.27,-5.58,False,sz000677
20240822,23.63,0,2,5.59,True,10,False,8,21.81,18.87,0.0,-4.53,False,sz300438
20251124,49.15,4,2,4.37,False,6,False,8,49.11,4.5,-0.99,-0.79,False,sz301616
20240926,2.52,0,0,24.21,True,10,True,10,2.5,25.0,0.0,0.0,True,sz000520
20240927,8.74,8,8,-4.46,False,2,False,2,8.66,8.7,-5.37,-7.09,False,sz002033
20251015,23.46,1,3,9.55,False,9,False,7,22.78,9.55,-0.91,-3.45,False,sz300720
20250721,25.97,0,1,2.08,True,10,False,9,25.84,2.58,0.0,-0.04,False,sz301371
20240926,2.4,0,0,2.08,True,10,True,10,2.38,18.75,0.0,0.0,False,sz002554
20240923,9.7,0,0,15.67,True,10,True,10,9.67,20.72,0.0,0.0,False,sz002800
20240924,4739.96,0,0,25.11,True,10,True,10,4533.12,43.49,0.0,0.0,True,sz399707
20240912,1.31,0,1,47.33,True,10,False,9,1.27,47.33,0.0,-0.76,True,sz000793
20240930,9.58,5,8,-8.77,False,5,False,2,8.87,7.72,-3.93,-12.0,False,sz000009
20251113,26.14,7,7,2.07,False,3,False,3,25.89,2.75,-10.23,-9.64,False,sz300940
20240930,4613.72,7,10,-7.52,False,3,False,0,4382.4,0.0,-3.33,-8.78,False,sz399436
20240816,5.81,10,10,-13.6,False,0,False,0,5.54,0.0,-12.34,-17.21,False,sz300410
20240930,9.46,3,3,12.58,False,7,False,7,9.35,12.58,-5.52,-6.45,False,sz300243
20240826,6.17,5,5,4.05,False,5,False,5,6.14,11.83,-4.12,-4.38,False,sz300177
20240926,4.39,0,0,12.3,True,10,True,10,4.12,19.13,0.0,0.0,False,sz000042
20240826,5.78,0,1,-1.21,True,10,False,9,5.54,33.88,0.0,-1.21,False,sz002302
20250624,34.9,0,1,11.81,True,10,False,9,34.28,11.81,0.0,-0.8,False,sz300725
20240927,1677.85,0,0,5.24,True,10,True,10,1656.73,23.25,0.0,0.0,False,sz399685
20250912,23.95,9,9,-7.89,False,1,False,1,23.69,1.25,-11.58,-10.98,False,sz301040
20240731,14.2,8,9,-7.89,False,2,False,1,13.71,1.13,-6.02,-8.87,False,sz000021
20250818,15.59,0,0,1.8,True,10,True,10,15.34,5.26,0.0,0.0,False,sz300968
20240927,714.1,0,0,7.66,True,10,True,10,690.57,24.88,0.0,0.0,False,sz399248
20240826,5.98,10,10,-7.86,False,0,False,0,5.98,0.0,-6.86,-7.86,False,sz000672
20240731,3.18,4,3,-0.63,False,6,False,7,3.16,3.46,-1.19,-1.26,False,sz002361
20240904,4.75,4,4,7.16,False,6,False,6,4.68,8.63,-6.59,-9.05,False,sz000546
20240930,8.77,5,7,-3.53,False,5,False,3,8.58,8.55,-3.01,-6.27,False,sz002828
20240731,6.79,9,10,-8.1,False,1,False,0,6.7,0.0,-10.6,-11.34,False,sz002055
20250107,9.01,3,2,7.55,False,7,False,8,9.0,7.55,-4.25,-4.0,False,sz002606
20240731,7.26,9,10,-2.2,False,1,False,0,7.11,0.0,-4.08,-6.06,False,sz300220
20240807,4.08,10,10,-14.94,False,0,False,0,4.03,0.0,-16.04,-17.88,False,sz000812
20250624,26.14,0,5,1.11,True,10,False,5,25.6,1.38,0.0,-0.99,False,sz300926
20251024,20.7,2,4,0.53,False,8,False,6,20.54,0.82,-1.54,-1.93,False,sz301359
20240927,17.01,0,0,3.76,True,10,True,10,17.0,10.29,0.0,0.0,False,sz002648
20240925,10.89,0,1,7.07,True,10,False,9,10.57,33.23,0.0,-0.28,False,sz300314
20240930,12.93,9,9,-10.52,False,1,False,1,12.69,2.63,-7.53,-10.52,False,sz000708
20240926,2.3,0,0,6.52,True,10,True,10,2.26,20.0,0.0,0.0,False,sz000926
20240927,9464.7,0,0,4.83,True,10,True,10,9191.71,17.57,0.0,0.0,False,sz399655
20251022,33.23,0,1,3.76,True,10,False,9,32.57,5.84,0.0,-0.54,False,sz001316
20250924,7.67,10,10,-2.74,False,0,False,0,7.62,0.0,-2.84,-2.74,False,sz301090
20251218,17.87,0,0,4.48,True,10,True,10,17.84,4.81,0.0,0.0,False,sz301223
20251106,85.59,0,0,21.22,True,10,True,10,85.51,31.87,0.0,0.0,True,sz300672
20240926,5.03,0,0,7.55,True,10,True,10,4.96,20.08,0.0,0.0,False,sz002406
20240731,4.6,9,9,-3.05,False,1,False,1,4.59,0.87,-6.08,-5.44,False,sz002161
20240927,4.1,0,2,0.24,True,10,False,8,3.99,13.9,0.0,-1.46,False,sz000725
20240927,15.35,0,3,2.8,True,10,False,7,14.63,16.28,0.0,-0.52,False,sz002236
20250729,86.57,4,5,7.43,False,6,False,5,85.31,7.43,-7.5,-8.87,False,sz301413
20260226,20.16,0,0,10.02,True,10,True,10,20.13,12.25,0.0,0.0,False,sz001872
20251217,53.47,1,3,2.08,False,9,False,7,51.26,7.5,-2.66,-5.85,False,sz301389
20240924,4.34,0,0,11.52,True,10,True,10,4.3,21.43,0.0,0.0,False,sz002278
20250905,22.35,8,5,-4.97,False,2,False,5,22.29,2.01,-7.1,-4.97,False,sz300871
20240927,13.8,1,1,10.94,False,9,False,9,13.67,17.39,-4.03,-4.71,False,sz002085
20241008,217.29,10,10,-14.46,False,0,False,0,205.03,0.0,-11.64,-18.01,False,sz000596
20240830,2.73,8,10,-13.19,False,2,False,0,2.55,0.0,-5.21,-13.19,False,sz300043
20251128,4.82,10,10,-2.9,False,0,False,0,4.81,0.0,-4.34,-4.77,False,sz003035
20240926,1638.36,0,0,11.81,True,10,True,10,1632.98,28.1,0.0,0.0,False,sz399106
20240807,5.43,4,4,7.18,False,6,False,6,5.37,7.18,-2.86,-3.31,False,sz300120
20260330,17.59,1,1,9.21,False,9,False,9,17.54,10.63,-0.68,-0.85,False,sz001216
20240926,4.27,0,0,6.56,True,10,True,10,4.2,18.97,0.0,0.0,False,sz002481
20251224,16.85,6,8,13.06,False,4,False,2,16.54,13.06,-3.18,-4.45,False,sz300912
20240924,1.71,0,0,20.47,True,10,True,10,1.66,61.4,0.0,0.0,True,sz000608
20251031,12.27,1,1,35.78,False,9,False,9,12.21,35.78,-0.14,-0.57,True,sz301017
20240828,7.02,4,4,-5.13,False,6,False,6,7.01,4.99,-4.07,-5.13,False,sz002632
20240903,9.14,6,8,-2.08,False,4,False,2,9.08,1.97,-3.77,-4.6,False,sz300409
20240813,4.47,7,7,-6.04,False,3,False,3,4.47,4.47,-6.53,-6.04,False,sz002355
20260206,18.59,0,0,4.57,True,10,True,10,18.24,8.28,0.0,0.0,False,sz300772
20240926,3.61,0,0,3.32,True,10,True,10,3.5,14.13,0.0,0.0,False,sz002798
20240930,1.75,0,0,4.57,True,10,True,10,1.7,6.86,0.0,0.0,False,sz200037
20250206,9.84,0,0,0.91,True,10,True,10,9.82,2.44,0.0,0.0,False,sz200550
20240927,4.99,0,0,4.21,True,10,True,10,4.81,20.26,0.0,0.0,False,sz300239
20251225,24.09,0,0,7.35,True,10,True,10,23.57,7.35,0.0,0.0,False,sz300971
20240927,6.18,0,0,4.37,True,10,True,10,5.92,17.16,0.0,0.0,False,sz002378
20260409,30.07,0,2,16.1,True,6,False,4,28.5,16.1,0.0,-3.16,False,sz300696
20250714,27.67,0,2,14.56,True,10,False,8,27.63,34.37,0.0,-0.22,False,sz003001
20250722,21.75,6,8,0.32,False,4,False,2,21.09,0.32,-5.19,-8.28,False,sz001288
20240926,3.75,0,0,34.67,True,10,True,10,3.71,46.4,0.0,0.0,True,sz002178
20240926,824.18,0,0,8.55,True,10,True,10,819.52,22.38,0.0,0.0,False,sz399602
20250624,11.1,0,0,2.88,True,10,True,10,10.69,2.88,0.0,0.0,False,sz002883
20250924,11.08,5,10,-2.71,False,5,False,0,10.75,0.0,-1.66,-2.98,False,sz300845
20240927,4.28,0,4,0.0,True,10,False,6,4.17,11.44,0.0,-2.57,False,sz002385
20251022,32.75,10,10,-1.04,False,0,False,0,32.73,0.0,-7.72,-6.96,False,sz301089
20240930,10.1,4,9,-5.94,False,6,False,1,9.51,3.17,-2.04,-7.92,False,sz002136
20240826,6.58,10,10,-11.41,False,0,False,0,6.57,0.0,-11.73,-11.41,False,sz000425
20240826,7.82,0,0,2.94,True,10,True,10,7.31,5.88,0.0,0.0,False,sz002202
20240925,5.29,0,0,16.26,True,10,True,10,5.27,29.68,0.0,0.0,False,sz002451
20240927,6.65,3,4,1.05,False,7,False,6,6.6,14.59,-0.98,-1.81,False,sz002706
20250624,22.01,0,0,23.35,True,10,True,10,21.88,23.35,0.0,0.0,True,sz301123
20240807,12.12,9,8,0.38,False,1,False,2,11.96,2.47,-2.42,-3.23,False,sz002155
20250709,18.39,10,10,-6.69,False,0,False,0,18.14,0.0,-5.84,-6.69,False,sz002967
20240903,12.32,4,6,2.35,False,6,False,4,12.28,5.68,-6.05,-7.55,False,sz002261
20260212,36.96,0,0,15.94,True,10,True,10,32.46,34.88,0.0,0.0,False,sz301217
20250725,32.09,5,10,-4.14,False,5,False,0,30.9,0.0,-1.58,-4.83,False,sz300868
20240808,40.99,4,4,1.73,False,6,False,6,40.95,3.49,-2.17,-2.15,False,sz002432
20240930,5.91,9,9,-5.75,False,1,False,1,5.9,0.17,-5.04,-6.43,False,sz002748
20240926,24.85,0,1,4.75,True,10,False,9,24.31,11.67,0.0,-0.28,False,sz000408
20250916,8.44,10,10,-2.96,False,0,False,0,8.43,0.0,-5.79,-5.81,False,sz001322
20240731,37.65,10,10,-1.73,False,0,False,0,37.43,0.0,-4.71,-4.91,False,sz300014
20250905,36.05,0,1,-0.36,True,10,False,9,35.52,3.0,0.0,-0.36,False,sz301390
20250324,55.85,7,7,-12.69,False,3,False,3,55.59,5.22,-12.53,-13.58,False,sz300573
20240926,4713.72,0,0,4.46,True,10,True,10,4535.84,14.93,0.0,0.0,False,sz399555
20240925,5.61,0,0,6.6,True,10,True,10,5.2,18.89,0.0,0.0,False,sz000917
20251020,15.39,0,0,6.5,True,10,True,10,15.0,8.25,0.0,0.0,False,sz300823
20240927,6368.0,0,0,12.1,True,10,True,10,6196.71,21.38,0.0,0.0,False,sz399303
20240822,3.7,9,10,-1.08,False,1,False,0,3.68,0.0,-5.34,-5.95,False,sz002479
20240926,2346.81,0,0,5.83,True,10,True,10,2220.16,18.87,0.0,0.0,False,sz399983
20240816,14.0,8,9,-13.14,False,2,False,1,12.56,7.14,-9.68,-19.14,False,sz300642
20240927,861.66,0,0,9.71,True,10,True,10,826.1,18.8,0.0,0.0,False,sz399664
20240925,1.94,0,0,8.76,True,10,True,10,1.94,22.16,0.0,0.0,False,sz002437
20240925,2.9,0,0,13.11,True,10,True,10,2.88,21.05,0.0,0.0,False,sz000959
20250908,27.11,3,6,-4.09,False,7,False,4,26.44,1.66,-2.41,-4.09,False,sz301212
20250703,18.74,3,6,-0.64,False,7,False,4,18.65,0.96,-0.88,-1.39,False,sz301588
20240926,3.03,0,1,0.33,True,10,False,9,2.86,15.18,0.0,-0.66,False,sz000890
20251015,25.48,2,2,9.77,False,8,False,8,25.32,10.09,-4.92,-5.22,False,sz003029
20251201,49.46,9,10,-1.05,False,1,False,0,48.77,0.0,-5.75,-5.48,False,sz002901
20240926,128.78,0,0,16.17,True,10,True,10,123.19,43.6,0.0,0.0,False,sz300308
20240927,5.7,0,1,2.1,True,10,False,9,5.53,13.68,0.0,-0.35,False,sz002454
20240812,5.01,7,8,-10.58,False,3,False,2,4.85,9.98,-12.95,-15.97,False,sz002207
20240930,3.42,9,9,-6.14,False,1,False,1,3.3,3.51,-7.74,-11.7,False,sz000420
20240822,15.28,9,9,-11.13,False,1,False,1,14.49,1.31,-11.71,-16.56,False,sz002760
20240930,145.91,1,7,1.01,False,9,False,3,143.15,2.26,-0.61,-2.49,False,sz399413
20240731,9.31,9,10,-5.37,False,1,False,0,9.06,0.0,-4.92,-7.31,False,sz300515
20240731,16.95,9,10,-5.84,False,1,False,0,16.48,0.0,-5.61,-7.85,False,sz002380
20250627,16.38,0,0,8.06,True,10,True,10,16.06,14.16,0.0,0.0,False,sz300989
20240919,4.55,0,2,12.52,True,10,False,8,4.52,22.85,0.0,-0.66,False,sz002249
20250908,19.74,0,0,1.52,True,10,True,10,19.55,6.79,0.0,0.0,False,sz003004
20240927,6.68,0,3,0.6,True,10,False,7,6.68,6.43,0.0,-0.9,False,sz000989
20240802,4.75,10,10,-0.63,False,0,False,0,4.74,0.0,-4.7,-4.84,False,sz300272
20250716,31.67,5,5,2.31,False,5,False,5,31.41,4.45,-1.85,-2.02,False,sz300693
20240731,8.7,10,10,-6.44,False,0,False,0,8.63,0.0,-7.54,-7.7,False,sz300421
20240927,1866.55,0,0,16.31,True,10,True,10,1745.55,26.43,0.0,0.0,False,sz399407
20250625,8.86,0,5,5.08,True,10,False,5,8.77,5.08,0.0,-0.79,False,sz301558
20240924,25.5,1,1,14.2,False,9,False,9,25.47,30.67,-1.08,-1.14,False,sz002180
20240930,14.54,7,9,-13.61,False,3,False,1,13.17,7.56,-7.05,-16.5,False,sz300146
20240930,5.71,9,9,-9.28,False,1,False,1,5.54,1.93,-5.68,-9.63,False,sz002333
20240930,1.86,8,9,-15.05,False,2,False,1,1.69,1.61,-6.05,-15.05,False,sz000620
20240927,5.57,0,0,4.85,True,10,True,10,5.57,14.36,0.0,0.0,False,sz002560
20240927,10.54,0,2,4.65,True,10,False,8,10.07,19.83,0.0,-0.47,False,sz002654
20250811,30.97,2,6,2.62,False,8,False,4,30.6,2.81,-1.39,-2.87,False,sz301071
20240801,5.07,10,10,-3.55,False,0,False,0,5.07,0.0,-6.37,-6.51,False,sz002350
20240924,1.87,0,0,10.16,True,10,True,10,1.79,20.86,0.0,0.0,False,sz000010
20250707,43.51,0,5,0.32,True,10,False,5,43.07,0.85,0.0,-1.01,False,sz300959
20250908,12.03,2,3,-0.5,False,8,False,7,11.92,3.91,-2.17,-2.74,False,sz001914
20240830,23.22,2,4,-3.4,False,8,False,6,22.83,5.38,-0.3,-3.4,False,sz002819
20240819,7.15,8,8,0.28,False,2,False,2,7.07,0.84,-1.94,-2.8,False,sz002064
20250819,76.39,0,10,-3.04,True,10,False,0,67.55,0.0,0.0,-9.66,False,sz301368
20251020,15.19,0,0,13.1,True,10,True,10,15.14,14.55,0.0,0.0,False,sz300739
20240731,940.33,8,9,-3.66,False,2,False,1,931.14,0.26,-3.18,-3.66,False,sz399237
20250710,49.36,7,10,-7.13,False,3,False,0,45.85,0.0,-3.06,-9.97,False,sz300917
20240814,6.16,8,8,-6.98,False,2,False,2,6.02,19.97,-13.78,-16.4,False,sz300211
20240925,24.22,0,0,21.84,True,10,True,10,24.02,54.95,0.0,0.0,True,sz300442
20250908,35.78,7,10,-3.47,False,3,False,0,35.16,0.0,-1.79,-3.47,False,sz301195
20240807,3.65,9,9,-9.54,False,1,False,1,3.58,1.73,-24.45,-27.99,False,sz300125
20240930,11.76,7,9,-5.27,False,3,False,1,11.09,2.8,-5.51,-11.22,False,sz002857
20251027,33.43,10,10,-2.63,False,0,False,0,33.42,0.0,-3.43,-2.63,False,sz301317
20260120,14.24,7,7,-3.51,False,3,False,3,14.21,0.35,-4.28,-5.34,False,sz300746
20240926,7.01,0,0,7.14,True,10,True,10,6.76,13.7,0.0,0.0,False,sz002532
20240919,10.19,0,0,19.92,True,10,True,10,9.42,44.75,0.0,0.0,False,sz000995
20240927,13.12,0,0,17.78,True,10,True,10,11.96,42.95,0.0,0.0,False,sz300093
20250624,42.07,3,5,1.21,False,7,False,5,41.65,2.14,-3.18,-2.88,False,sz301023
20250708,8.58,0,0,1.55,True,10,True,10,8.51,6.86,0.0,0.0,False,sz300708
20251111,26.68,4,4,-1.8,False,6,False,6,26.61,2.66,-3.94,-3.6,False,sz301290
20240802,15.4,1,4,3.51,False,9,False,6,14.78,4.48,-1.19,-4.48,False,sz300473
20260120,23.92,7,10,-6.65,False,3,False,0,23.64,0.0,-7.33,-7.65,False,sz001222
20240912,13.61,3,4,19.76,False,7,False,6,13.2,19.76,-2.91,-6.32,False,sz002866
20240808,1.97,3,7,-7.61,False,7,False,3,1.82,10.15,-4.08,-11.17,False,sz002285
20240731,3.31,8,9,-6.34,False,2,False,1,3.27,0.0,-5.53,-6.34,False,sz000796
20251016,20.51,6,4,-0.63,False,4,False,6,20.49,2.05,-2.9,-2.83,False,sz002983
20260126,20.21,2,7,-2.92,False,8,False,3,18.7,22.22,-1.35,-8.26,False,sz300945
20240930,14.8,8,9,-13.31,False,2,False,1,13.73,0.54,-7.56,-15.61,False,sz000338
20240905,11.71,9,10,-14.6,False,1,False,0,11.39,0.0,-14.36,-17.25,False,sz002805
20240927,13.84,2,8,-3.47,False,8,False,2,13.48,6.07,-0.69,-3.76,False,sz002078
20260119,45.91,8,9,-5.18,False,2,False,1,45.73,0.17,-4.65,-5.18,False,sz001388
20240930,3.45,7,9,-7.83,False,3,False,1,3.31,6.96,-4.83,-9.28,False,sz002498
20240807,7.15,4,6,1.4,False,6,False,4,7.08,1.4,-3.07,-3.64,False,sz300597
20240926,2.72,0,0,4.41,True,10,True,10,2.61,21.31,0.0,0.0,False,sz002551
20251010,53.55,10,10,-4.28,False,0,False,0,53.29,0.0,-7.86,-7.82,False,sz301613
20240808,6.32,0,0,24.3,True,10,True,10,6.27,24.3,0.0,0.0,True,sz000525
20240906,7.43,6,7,-6.19,False,4,False,3,7.06,21.0,-7.73,-12.65,False,sz002036
20240906,12.63,7,7,2.45,False,3,False,3,12.47,2.85,-4.65,-5.07,False,sz300139
20250922,10.83,9,10,-2.68,False,1,False,0,10.75,0.0,-5.19,-5.72,False,sz002930
20240920,22.12,0,0,127.44,True,10,True,10,21.1,142.94,0.0,0.0,True,sz300339
20240930,10.56,0,5,8.33,True,10,False,5,9.84,8.33,0.0,-4.07,False,sz002465
20240930,2.7,4,9,-5.19,False,6,False,1,2.54,4.44,-3.75,-9.63,False,sz002102
20240927,9.57,0,0,1.99,True,10,True,10,9.4,12.75,0.0,0.0,False,sz000411
20240927,13.24,0,4,2.72,True,10,False,6,12.63,16.99,0.0,-1.66,False,sz002698
20240314,68.34,1,3,-1.8,False,9,False,7,67.7,3.67,-0.17,-1.8,False,sz002594
20250905,10.45,4,7,-3.54,False,6,False,3,10.36,1.72,-2.86,-3.54,False,sz300796
20240731,6.08,9,10,-12.01,False,1,False,0,5.75,0.0,-8.24,-13.16,False,sz300377
20240930,9.53,0,7,3.04,True,10,False,3,8.59,9.65,0.0,-4.62,False,sz300610
20240930,6.22,1,9,-7.72,False,9,False,1,5.71,4.66,-0.88,-9.16,False,sz002448
20251021,24.25,0,0,9.77,True,10,True,10,22.65,17.65,0.0,0.0,False,sz300812
20240930,17.18,0,4,10.07,True,10,False,6,15.55,10.65,0.0,-7.27,False,sz300547
20240930,10.8,7,7,-8.33,False,3,False,3,10.33,10.0,-3.93,-9.72,False,sz002581
20241022,2.39,0,1,16.74,True,10,False,9,2.35,23.43,0.0,-0.84,False,sz300020
20251021,34.54,0,0,5.59,True,10,True,10,34.04,5.59,0.0,0.0,False,sz301159
20240930,6.68,0,9,-5.39,True,10,False,1,6.19,4.19,0.0,-6.44,False,sz000968
20240830,15.47,1,7,-6.46,False,9,False,3,14.67,3.04,-0.79,-6.46,False,sz300293
20240930,5.04,6,9,-2.18,False,4,False,1,4.9,5.16,-4.28,-7.14,False,sz002255
20250708,10.7,6,7,1.31,False,4,False,3,10.64,1.31,-1.0,-1.4,False,sz002953
20240830,4.67,1,4,-0.64,False,9,False,6,4.64,1.93,-0.0,-0.86,False,sz300509
20251020,46.76,4,6,-7.33,False,6,False,4,44.96,2.8,-6.52,-8.55,False,sz300995
20251021,11.87,0,0,6.32,True,10,True,10,11.74,6.32,0.0,0.0,False,sz003018
20251124,26.5,3,2,0.0,False,7,False,8,26.31,2.3,-1.19,-1.17,False,sz001358
20250626,22.32,5,7,-2.02,False,5,False,3,22.09,1.48,-1.44,-2.02,False,sz301117
20240927,15.25,0,6,-1.97,True,10,False,4,14.81,9.44,0.0,-3.34,False,sz002732
20240925,4.2,0,0,6.43,True,10,True,10,4.05,18.33,0.0,0.0,False,sz002164
20240930,14.5,5,5,5.38,False,5,False,5,14.16,19.65,-5.15,-7.38,False,sz300638
20240925,9.31,0,0,12.46,True,10,True,10,9.27,29.32,0.0,0.0,False,sz002399
20251029,21.8,2,3,10.28,False,8,False,7,21.55,10.28,-3.0,-4.04,False,sz002956
20240927,5.4,0,5,-1.85,True,10,False,5,5.18,14.07,0.0,-3.52,False,sz002250
20250701,24.32,0,0,16.24,True,10,True,10,23.89,16.24,0.0,0.0,False,sz300677
20240821,7.7,8,9,-15.97,False,2,False,1,7.42,10.0,-13.3,-17.14,False,sz002403
20250721,37.21,2,4,-1.13,False,8,False,6,36.84,4.81,-0.95,-1.26,False,sz300859
20240927,1966.19,0,0,6.19,True,10,True,10,1878.96,14.95,0.0,0.0,False,sz399650
20251111,7.64,2,2,-1.05,False,8,False,8,7.62,12.83,-0.86,-1.05,False,sz001313
20260105,74.58,0,0,7.76,True,10,True,10,74.42,11.28,0.0,0.0,False,sz301095
20251113,20.72,8,9,-5.55,False,2,False,1,20.39,1.11,-7.57,-8.3,False,sz301268
20250624,22.52,3,3,-0.44,False,7,False,7,21.74,6.13,-1.26,-1.51,False,sz300817
20240920,15.16,1,1,59.45,False,9,False,9,15.08,90.6,-1.04,-1.39,True,sz300046
20240927,13.49,0,0,8.6,True,10,True,10,13.33,14.6,0.0,0.0,False,sz002149
20250714,34.49,0,1,4.18,True,10,False,9,33.73,6.7,0.0,-0.09,False,sz301458
20240731,1.72,0,0,0.0,True,10,True,10,1.7,5.81,0.0,0.0,False,sz000889
20240806,10.41,1,7,-1.15,False,9,False,3,10.11,1.06,-0.96,-3.07,False,sz300521
20240926,1.48,0,2,0.0,True,10,False,8,1.41,6.08,0.0,-0.68,False,sz200761
20240731,3.91,6,10,-4.6,False,4,False,0,3.77,0.0,-3.15,-5.88,False,sz300008
20240927,4.15,0,0,7.95,True,10,True,10,3.98,15.9,0.0,0.0,False,sz002107
20250718,27.6,4,4,27.46,False,6,False,6,27.52,27.46,-2.83,-3.33,True,sz301171
20260120,15.08,0,6,0.27,True,10,False,4,14.28,3.85,0.0,-1.92,False,sz300614
20240924,2.66,0,0,15.41,True,10,True,10,2.64,21.43,0.0,0.0,False,sz000720
20240925,6.8,0,0,8.09,True,10,True,10,6.61,13.98,0.0,0.0,False,sz002233
20240927,31.19,0,4,-1.22,True,10,False,6,30.06,21.1,0.0,-4.42,False,sz002460
20250905,15.31,0,0,2.22,True,10,True,10,15.19,3.46,0.0,0.0,False,sz002935
20240927,9227.7,0,0,14.12,True,10,True,10,8913.28,20.5,0.0,0.0,False,sz399967
20240911,7.4,6,8,4.19,False,4,False,2,7.35,4.19,-6.37,-7.43,False,sz002660
20250630,35.61,2,10,-1.15,False,8,False,0,35.06,0.0,-0.66,-2.25,False,sz301522
20240827,3.46,10,10,-15.32,False,0,False,0,3.3,0.0,-10.06,-15.61,False,sz002307
20240927,12.23,0,0,4.99,True,10,True,10,11.74,27.88,0.0,0.0,False,sz300592
20240930,5.35,0,9,-0.75,True,10,False,1,4.8,9.72,0.0,-6.17,False,sz300172
20251103,32.98,2,2,2.43,False,8,False,8,32.6,5.37,-1.95,-2.46,False,sz301658
20250717,10.88,0,0,9.83,True,10,True,10,10.86,15.35,0.0,0.0,False,sz002986
20240731,1612.95,8,8,-3.09,False,2,False,2,1605.27,0.54,-3.09,-3.09,False,sz399433
20240812,7.42,10,10,-12.53,False,0,False,0,7.21,0.0,-9.7,-12.8,False,sz002349
20240926,19.56,0,0,7.67,True,10,True,10,19.47,32.98,0.0,0.0,False,sz300415
20240926,6.45,0,0,9.46,True,10,True,10,6.32,29.61,0.0,0.0,False,sz300246
20240927,4.06,0,0,2.95,True,10,True,10,4.03,15.01,0.0,0.0,False,sz002863
20251201,30.66,8,10,-13.18,False,2,False,0,29.63,0.0,-9.27,-13.18,False,sz301068
20251128,27.16,6,6,-4.42,False,4,False,4,27.14,1.66,-5.45,-4.42,False,sz301295
20240903,5.49,6,8,9.84,False,4,False,2,5.43,9.84,-3.22,-5.46,False,sz300225
20251124,25.98,6,5,0.27,False,4,False,5,25.92,1.73,-2.8,-2.58,False,sz300923
20241206,7.96,5,5,-3.64,False,5,False,5,7.94,2.64,-3.04,-3.64,False,sz000543
20240927,21.2,0,3,3.68,True,10,False,7,19.26,17.4,0.0,-4.01,False,sz002050
20240927,7.48,0,0,2.41,True,10,True,10,7.27,15.51,0.0,0.0,False,sz000990
20240902,3.87,8,9,-15.76,False,2,False,1,3.61,10.08,-10.2,-17.31,False,sz000859
20240801,5.35,10,10,-4.49,False,0,False,0,5.34,0.0,-6.22,-6.17,False,sz002537
20240925,4.31,0,0,14.85,True,10,True,10,4.24,39.21,0.0,0.0,False,sz300326
20240927,6.02,0,0,3.82,True,10,True,10,5.91,21.26,0.0,0.0,False,sz300575
20240926,6382.74,0,0,4.04,True,10,True,10,6298.79,19.54,0.0,0.0,False,sz399553
20251009,19.69,1,1,2.34,False,9,False,9,19.55,2.44,-0.6,-0.56,False,sz001324
20240812,11.77,10,10,-10.11,False,0,False,0,11.74,0.0,-9.09,-10.19,False,sz300012
20251128,22.29,0,2,28.58,True,10,False,8,21.62,36.52,0.0,-1.03,True,sz002961
20240927,6.78,0,0,7.23,True,10,True,10,6.7,13.27,0.0,0.0,False,sz002267
20240819,1262.52,10,10,-10.45,False,0,False,0,1249.76,0.0,-9.55,-10.45,False,sz399807
20241015,8.21,3,5,11.81,False,7,False,5,7.95,11.81,-1.72,-3.77,False,sz002700
20251210,18.69,9,9,-3.53,False,1,False,1,18.48,0.54,-8.37,-8.13,False,sz301125
20240930,5.28,8,9,-8.33,False,2,False,1,5.05,4.73,-5.18,-10.04,False,sz000589
20240930,16.74,0,9,-4.0,True,10,False,1,15.05,11.95,0.0,-9.8,False,sz300491
20250624,35.13,1,1,5.18,False,9,False,9,34.99,5.69,-0.13,-0.54,False,sz301272
20240806,7.82,2,4,5.75,False,8,False,6,7.73,5.75,-0.68,-1.15,False,sz002457
20251105,21.58,6,5,0.05,False,4,False,5,21.5,2.59,-2.29,-1.9,False,sz002902
20250702,86.93,8,10,-3.88,False,2,False,0,85.92,0.0,-7.06,-6.71,False,sz001309
20240930,13.82,0,0,36.55,True,10,True,10,13.45,36.55,0.0,0.0,True,sz002130
20250624,13.81,0,1,4.34,True,10,False,9,13.6,4.34,0.0,-0.43,False,sz002885
20240926,4.4,0,0,2.95,True,10,True,10,4.39,15.23,0.0,0.0,False,sz002419
20240927,37.57,0,0,15.09,True,10,True,10,35.78,21.08,0.0,0.0,False,sz000977
20240807,7.3,6,10,-8.9,False,4,False,0,6.89,0.0,-3.89,-9.18,False,sz300345
20240731,6.3,8,8,-6.83,False,2,False,2,6.25,1.9,-7.17,-7.46,False,sz002383
20240930,4.7,9,9,-9.36,False,1,False,1,4.62,2.34,-8.6,-10.85,False,sz000690
20250617,36.03,6,8,-5.13,False,4,False,2,35.55,2.75,-6.12,-7.6,False,sz300622
20250624,17.62,0,0,6.13,True,10,True,10,17.33,6.13,0.0,0.0,False,sz300977
20250624,23.3,0,0,5.67,True,10,True,10,22.37,5.67,0.0,0.0,False,sz300690
20240926,5.18,0,0,23.94,True,10,True,10,5.08,50.97,0.0,0.0,True,sz300271
20240919,3.16,0,0,22.15,True,10,True,10,3.14,35.44,0.0,0.0,True,sz002183
20240909,4.51,0,0,6.65,True,10,True,10,4.5,6.87,0.0,0.0,False,sz000559
20240731,17.83,8,9,-9.62,False,2,False,1,17.14,2.42,-8.34,-10.4,False,sz002837
20240927,5.24,0,0,10.11,True,10,True,10,5.01,19.27,0.0,0.0,False,sz002563
20240812,3.96,2,3,0.0,False,8,False,7,3.95,2.78,-0.41,-0.76,False,sz002004
20240926,2.35,0,1,0.0,True,10,False,9,2.25,14.04,0.0,-0.85,False,sz000517
20250624,16.86,0,0,2.12,True,10,True,10,16.62,3.9,0.0,0.0,False,sz300893
20240927,1226.95,0,0,6.93,True,10,True,10,1178.05,15.94,0.0,0.0,False,sz399429
20250624,27.93,2,8,-0.11,False,8,False,2,27.5,2.76,-1.57,-2.76,False,sz301011
20241024,3.65,0,0,18.08,True,10,True,10,3.62,36.16,0.0,0.0,False,sz002634
20240924,5.42,0,0,38.38,True,10,True,10,5.3,61.25,0.0,0.0,True,sz300168
20240731,5.92,10,10,-4.9,False,0,False,0,5.88,0.0,-5.76,-6.08,False,sz300441
20250624,52.79,0,8,-2.06,True,10,False,2,51.42,0.78,0.0,-3.26,False,sz301538
20240927,4.75,0,0,9.68,True,10,True,10,4.62,24.63,0.0,0.0,False,sz300126
20260224,87.11,1,6,-0.64,False,9,False,4,84.87,7.89,-3.33,-6.69,False,sz301196
20250702,16.41,0,2,14.38,True,10,False,8,15.91,27.0,0.0,-2.38,False,sz301193
20250220,3.23,5,7,0.62,False,5,False,3,3.2,0.62,-0.91,-1.55,False,sz200019
20260120,52.69,0,8,-4.82,True,10,False,2,47.74,5.2,0.0,-8.12,False,sz301609
20240926,24.77,0,0,24.06,True,10,True,10,24.37,24.06,0.0,0.0,True,sz002851
20240930,21.86,4,8,1.1,False,6,False,2,21.14,3.89,-6.06,-9.15,False,sz002318
20240828,6.04,1,2,9.44,False,9,False,8,5.93,35.11,-0.26,-2.32,False,sz000058
20240927,3.59,0,0,3.34,True,10,True,10,3.54,13.65,0.0,0.0,False,sz000825
20260227,41.59,0,1,-2.52,True,10,False,9,41.4,16.52,0.0,-2.52,False,sz300911
20240930,1304.81,6,9,-5.78,False,4,False,1,1223.96,2.74,-4.33,-10.34,False,sz399231
20240925,3.97,0,1,19.66,True,10,False,9,3.94,49.14,0.0,-0.76,False,sz300217
20240927,6.24,0,0,8.65,True,10,True,10,6.16,29.17,0.0,0.0,False,sz300444
20240926,4.12,0,0,10.92,True,10,True,10,4.02,19.42,0.0,0.0,False,sz002631
20240930,3.86,0,7,-3.63,True,10,False,3,3.57,5.96,0.0,-3.63,False,sz002062
20240910,3.01,0,0,9.3,True,10,True,10,3.0,9.3,0.0,0.0,False,sz000571
20250905,18.96,7,7,-2.37,False,3,False,3,18.96,1.58,-2.4,-2.37,False,sz301320
20250904,6.78,1,1,-1.33,False,9,False,9,6.65,2.51,-0.23,-1.33,False,sz002999
20240927,19.97,0,0,14.32,True,10,True,10,17.3,45.32,0.0,0.0,False,sz300390
20240802,3.06,9,10,-20.92,False,1,False,0,2.8,0.0,-19.93,-27.12,False,sz000016
20240927,2.71,0,0,16.22,True,10,True,10,2.59,35.02,0.0,0.0,False,sz300259
20240731,1.38,4,9,-2.18,False,6,False,1,1.36,0.0,-1.42,-2.18,False,sz200530
20241227,3.02,10,10,-12.58,False,0,False,0,2.96,0.0,-12.72,-13.58,False,sz002652
20240918,18.18,3,3,20.46,False,7,False,7,18.16,22.39,-1.64,-1.43,True,sz002001
20250627,19.92,0,4,-0.75,True,10,False,6,19.28,3.36,0.0,-1.36,False,sz301077
20260305,52.0,10,10,-7.63,False,0,False,0,51.37,0.0,-6.44,-7.63,False,sz001238
20240821,13.5,6,10,-0.52,False,4,False,0,12.44,0.0,-6.72,-13.56,False,sz300469
20250624,23.88,1,4,8.04,False,9,False,6,23.75,8.04,-0.34,-0.96,False,sz300712
20240801,4.96,10,10,-13.51,False,0,False,0,4.96,0.0,-15.65,-16.13,False,sz000626
20240930,23.83,0,7,-1.43,True,10,False,3,21.76,10.03,0.0,-7.43,False,sz002335
20250815,34.26,0,2,0.26,True,10,False,8,33.38,3.3,0.0,-1.49,False,sz301510
20250708,8.4,4,5,7.86,False,6,False,5,8.39,7.86,-1.09,-1.19,False,sz301039
20240930,23.75,9,9,-15.75,False,1,False,1,23.24,0.08,-14.14,-17.52,False,sz002832
20240926,9.53,0,6,-2.73,True,10,False,4,9.26,11.02,0.0,-2.73,False,sz002186
20240930,6.26,0,8,-3.99,True,10,False,2,5.58,12.14,0.0,-6.71,False,sz300140
20240809,4.23,10,10,-2.6,False,0,False,0,4.23,0.0,-5.95,-5.44,False,sz300427
20240927,3420.21,0,0,9.02,True,10,True,10,3288.52,18.61,0.0,0.0,False,sz399401
20241024,2.71,0,0,14.76,True,10,True,10,2.57,21.77,0.0,0.0,False,sz002528
20240930,8.56,9,9,-6.07,False,1,False,1,8.34,6.54,-4.54,-8.64,False,sz002728
20240927,3.53,0,0,15.01,True,10,True,10,3.43,29.75,0.0,0.0,False,sz300074
20250819,14.66,5,7,-9.48,False,5,False,3,14.55,0.95,-6.89,-9.48,False,sz002949
20240927,8.39,0,0,13.95,True,10,True,10,8.02,28.01,0.0,0.0,False,sz300513
20250725,21.91,10,10,-9.36,False,0,False,0,21.47,0.0,-7.98,-9.36,False,sz300846
20240912,4.21,5,5,23.52,False,5,False,5,4.2,23.52,-4.84,-5.7,True,sz300289
20240927,4.16,0,0,7.21,True,10,True,10,4.03,14.66,0.0,0.0,False,sz002135
20240813,4.55,7,8,-7.91,False,3,False,2,4.5,3.52,-7.24,-7.91,False,sz002766
20250924,16.53,7,7,1.88,False,3,False,3,16.45,1.88,-2.4,-2.12,False,sz002907
20240731,4.41,8,8,-2.95,False,2,False,2,4.41,0.91,-3.01,-2.95,False,sz000088
20240903,7.14,10,9,0.28,False,0,False,1,7.14,0.28,-4.46,-4.34,False,sz002452
20240813,11.1,1,5,-7.93,False,9,False,5,10.21,7.84,-0.84,-9.37,False,sz000712
20240730,22.12,8,8,-6.28,False,2,False,2,22.12,2.62,-8.26,-7.59,False,sz002156
20240925,3.01,0,0,17.61,True,10,True,10,2.98,35.22,0.0,0.0,False,sz300190
20240927,1.76,0,0,6.25,True,10,True,10,1.7,15.34,0.0,0.0,False,sz002431
20240731,4.39,7,8,-14.58,False,3,False,2,4.22,3.42,-12.73,-16.17,False,sz002682
20240927,7.74,0,0,14.86,True,10,True,10,7.62,38.76,0.0,0.0,False,sz300017
20240927,1390.85,0,0,14.66,True,10,True,10,1307.8,27.86,0.0,0.0,False,sz399662
20240924,6.81,1,1,4.55,False,9,False,9,6.79,11.75,-0.36,-0.73,False,sz000911
20250717,11.65,0,7,-0.69,True,10,False,3,11.09,0.52,0.0,-3.52,False,sz300825
20240903,11.15,0,4,-0.72,True,10,False,6,9.49,20.0,0.0,-4.3,False,sz300068
20250624,15.65,2,3,5.81,False,8,False,7,15.58,5.81,-0.74,-1.28,False,sz301111
20240802,6.91,4,10,-10.42,False,6,False,0,6.27,0.0,-2.69,-10.42,False,sz002734
20240808,9.46,6,4,-2.75,False,4,False,6,9.39,4.65,-5.99,-6.13,False,sz300295
20250811,26.13,0,1,7.81,True,10,False,9,25.56,7.81,0.0,-0.57,False,sz300674
20251020,26.26,0,0,2.97,True,10,True,10,25.78,13.9,0.0,0.0,False,sz002955
20240812,3.65,10,10,-13.97,False,0,False,0,3.54,0.0,-10.13,-13.97,False,sz300026
20250717,33.86,0,3,6.08,True,10,False,7,32.53,12.17,0.0,-3.13,False,sz300814
20240924,9.11,0,0,44.89,True,10,True,10,8.87,57.18,0.0,0.0,True,sz300541
20240816,5.92,10,10,-6.25,False,0,False,0,5.79,0.0,-7.13,-9.97,False,sz002587
20240926,12.5,0,3,-2.8,True,10,False,7,10.5,28.09,0.0,-2.8,False,sz300616
20240826,4.25,8,10,-3.06,False,2,False,0,4.18,0.0,-2.56,-3.3,False,sz002083
20250731,22.58,0,0,15.28,True,10,True,10,22.56,15.28,0.0,0.0,False,sz300790
20240816,9.43,1,5,1.06,False,9,False,5,8.68,17.92,-0.61,-8.27,False,sz300371
20260304,127.16,10,10,-10.74,False,0,False,0,125.61,0.0,-8.27,-10.74,False,sz301592
20251205,25.6,4,0,3.52,False,6,True,10,25.3,3.87,-1.52,0.0,False,sz300877
20250911,44.42,5,7,-4.1,False,5,False,3,42.99,0.59,-2.89,-5.43,False,sz301208
20240924,4.22,0,0,13.03,True,10,True,10,4.2,21.33,0.0,0.0,False,sz000417
20240905,5.72,5,8,-5.07,False,5,False,2,5.49,10.14,-4.39,-9.44,False,sz002104
20250624,20.22,0,0,3.86,True,10,True,10,19.58,3.86,0.0,0.0,False,sz301172
20240927,2358.07,1,2,0.84,False,9,False,8,2345.08,8.13,-0.25,-1.2,False,sz399319
20240930,6.42,2,9,-8.41,False,8,False,1,5.91,6.54,-0.99,-10.28,False,sz002030
20240926,2.92,0,7,-3.77,True,10,False,3,2.8,9.93,0.0,-3.77,False,sz000523
20240926,3.38,0,0,56.51,True,10,True,10,3.35,56.51,0.0,0.0,True,sz300591
20260113,26.82,1,1,5.7,False,9,False,9,26.72,7.68,-0.08,-0.26,False,sz301372
20240926,29.06,0,6,-3.44,True,10,False,4,28.16,10.98,0.0,-3.44,False,sz002557
20240826,1.94,0,0,12.37,True,10,True,10,1.89,24.23,0.0,0.0,False,sz000584
20240815,2.34,9,10,-4.7,False,1,False,0,2.3,0.0,-5.81,-7.26,False,sz000839
20240927,11.89,0,7,-1.93,True,10,False,3,11.46,13.54,0.0,-3.78,False,sz002803
20240731,6.14,9,10,-7.82,False,1,False,0,5.93,0.0,-7.65,-10.75,False,sz300245
20240927,3.74,0,3,1.34,True,10,False,7,3.63,12.57,0.0,-1.07,False,sz000790
20240930,5.7,0,7,-0.88,True,10,False,3,5.51,7.89,0.0,-3.68,False,sz000877
20240923,7.17,0,0,15.9,True,10,True,10,7.07,34.87,0.0,0.0,False,sz300112
20240930,3.48,0,9,-8.33,True,10,False,1,3.18,3.74,0.0,-10.34,False,sz002329
20240930,32.27,1,4,3.16,False,9,False,6,30.53,20.05,-0.34,-6.2,False,sz300475
20250625,9.68,0,10,-1.17,True,10,False,0,9.37,0.0,0.0,-3.03,False,sz301296
20250114,8.07,0,3,9.54,True,10,False,7,7.73,9.54,0.0,-1.12,False,sz002600
20251126,10.93,0,6,-2.29,True,10,False,4,10.48,7.41,0.0,-3.66,False,sz301025
20251126,19.85,0,0,2.42,True,10,True,10,19.68,3.48,0.0,0.0,False,sz300740
20240927,5.94,0,7,-2.19,True,10,False,3,5.72,10.61,0.0,-3.7,False,sz002367
20240930,9.27,9,9,-6.26,False,1,False,1,9.14,3.02,-5.19,-6.8,False,sz000993
20251124,42.9,0,0,9.56,True,10,True,10,42.26,9.56,0.0,0.0,False,sz301314
20240927,12.16,0,0,4.03,True,10,True,10,11.95,15.79,0.0,0.0,False,sz002056
20240903,2.09,7,10,-12.92,False,3,False,0,2.01,0.0,-11.32,-15.79,False,sz000545
20240930,64.82,0,2,13.41,True,10,False,8,54.88,21.18,0.0,-1.4,False,sz300223
20250806,23.84,2,3,4.36,False,8,False,7,23.78,5.96,-2.2,-2.81,False,sz300925
20250930,36.76,9,8,-1.28,False,1,False,2,36.58,0.38,-5.54,-4.3,False,sz301509
20240926,10.56,0,0,7.2,True,10,True,10,10.49,24.43,0.0,0.0,False,sz002782
20240930,11.53,7,8,0.87,False,3,False,2,11.5,16.48,-6.43,-7.46,False,sz300389
20240930,3908.64,8,9,-6.69,False,2,False,1,3668.58,2.05,-4.25,-10.36,False,sz399435
20250804,18.11,1,6,1.16,False,9,False,4,17.73,1.82,-0.02,-2.26,False,sz300768
20251125,23.65,8,10,-4.19,False,2,False,0,22.84,0.0,-4.34,-6.98,False,sz002980
20240926,21.22,0,0,8.25,True,10,True,10,21.02,38.27,0.0,0.0,False,sz300413
20240930,15.53,0,9,-6.95,True,10,False,1,13.79,8.82,0.0,-11.52,False,sz300174
20250912,37.15,0,2,1.97,True,10,False,8,35.55,7.59,0.0,-1.67,False,sz300726
20240930,6.9,2,7,1.59,False,8,False,3,6.34,2.75,-2.77,-10.87,False,sz000612
20240926,5.02,0,0,5.97,True,10,True,10,4.92,20.51,0.0,0.0,False,sz002301
20240924,1469.53,0,0,31.29,True,10,True,10,1446.67,51.45,0.0,0.0,True,sz399686
20260313,54.71,4,4,-1.32,False,6,False,6,54.04,9.69,-3.27,-2.23,False,sz301043
20240925,7.42,0,0,6.33,True,10,True,10,7.16,19.81,0.0,0.0,False,sz002848
20240927,3.85,0,0,3.9,True,10,True,10,3.75,12.21,0.0,0.0,False,sz002666
20240924,4.42,0,0,11.76,True,10,True,10,4.4,25.79,0.0,0.0,False,sz002235
20240927,5.74,0,0,1.39,True,10,True,10,5.66,12.37,0.0,0.0,False,sz000726
20240930,35.2,0,7,-3.64,True,10,False,3,32.31,10.0,0.0,-9.72,False,sz002466
20240927,4.62,0,0,9.96,True,10,True,10,4.44,28.79,0.0,0.0,False,sz300569
20250624,33.23,0,0,3.94,True,10,True,10,33.03,8.82,0.0,0.0,False,sz002933
20240930,5.32,1,9,-6.95,False,9,False,1,4.86,5.26,-0.25,-8.46,False,sz002752
20250804,28.2,0,1,4.01,True,10,False,9,27.76,4.79,0.0,-0.5,False,sz301177
20240828,23.69,2,4,-2.11,False,8,False,6,23.34,3.04,-1.38,-2.11,False,sz000768
20240924,11.54,0,1,18.54,True,10,False,9,11.23,30.42,0.0,-0.35,False,sz002428
20240806,6.72,9,9,-4.02,False,1,False,1,6.63,0.89,-3.21,-4.02,False,sz300527
20250826,12.58,10,10,-3.18,False,0,False,0,12.46,0.0,-3.03,-4.37,False,sz001376
20240930,2.26,9,10,-13.27,False,1,False,0,2.21,0.0,-10.59,-13.27,False,sz002086
20240807,5.84,2,10,-15.58,False,8,False,0,5.06,0.0,-4.93,-15.58,False,sz300040
20251128,17.0,6,7,-6.06,False,4,False,3,16.78,2.65,-6.83,-6.47,False,sz003036
20260112,20.48,4,8,-0.63,False,6,False,2,19.96,0.73,-1.54,-3.56,False,sz301139
20240930,4.2,0,9,-1.9,True,10,False,1,3.73,11.9,0.0,-7.62,False,sz300317
20240927,3.37,0,2,0.0,True,10,False,8,3.1,13.95,0.0,-1.78,False,sz002218
20240930,6.58,0,9,-1.75,True,10,False,1,6.13,7.15,0.0,-6.46,False,sz000925
20240826,7.19,0,3,-1.39,True,10,False,7,6.98,8.34,0.0,-2.78,False,sz000158
20250710,46.31,3,3,25.83,False,7,False,7,46.28,25.83,-1.23,-1.62,True,sz300811
20240927,5223.82,0,0,6.22,True,10,True,10,4914.35,20.58,0.0,0.0,False,sz399656
20240730,4.48,2,2,-2.01,False,8,False,8,4.43,18.3,-2.13,-2.01,False,sz300359
20250703,8.79,3,3,2.84,False,7,False,7,8.76,2.84,-0.21,-0.57,False,sz002950
20260306,40.38,0,1,-1.83,True,10,False,9,39.5,19.81,0.0,-1.83,False,sz301220
20240730,6.99,5,5,1.57,False,5,False,5,6.93,4.15,-5.68,-6.29,False,sz002405
20240926,3.12,0,0,2.24,True,10,True,10,3.07,24.04,0.0,0.0,False,sz002162
20240926,6.34,0,0,4.26,True,10,True,10,6.34,16.09,0.0,0.0,False,sz002566
20240926,1.96,0,0,5.61,True,10,True,10,1.93,13.78,0.0,0.0,False,sz200553
20251127,173.24,0,0,3.25,True,10,True,10,171.65,7.91,0.0,0.0,False,sz300972
20240911,6.9,7,8,5.94,False,3,False,2,6.79,5.94,-3.49,-6.67,False,sz000668
20251119,92.72,10,10,-1.48,False,0,False,0,92.18,0.0,-5.59,-4.79,False,sz300695
20240731,66.82,5,5,-0.66,False,5,False,5,66.33,3.23,-3.04,-3.49,False,sz300274
20240902,9.83,3,6,-4.88,False,7,False,4,9.75,5.8,-5.28,-7.93,False,sz300379
20240802,5.16,8,8,-8.72,False,2,False,2,5.14,3.1,-10.45,-10.66,False,sz300123
20250702,28.55,3,3,-1.19,False,7,False,7,28.55,1.19,-1.9,-1.86,False,sz001215
20240927,1.73,8,8,-6.94,False,2,False,2,1.68,6.94,-4.96,-7.51,False,sz002482
20250630,173.62,8,8,0.6,False,2,False,2,173.54,0.74,-2.01,-2.22,False,sz300896
20251015,12.57,3,3,13.21,False,7,False,7,12.34,13.21,-3.66,-5.09,False,sz300771
20240930,3.37,8,9,-2.37,False,2,False,1,3.24,1.48,-7.87,-12.46,False,sz002356
20240927,4492.74,0,0,10.16,True,10,True,10,4275.73,20.58,0.0,0.0,False,sz399802
20240927,14.1,2,5,-1.42,False,8,False,5,13.95,12.19,-1.3,-3.9,False,sz002705
20240924,11.9,0,0,68.91,True,10,True,10,11.44,108.74,0.0,0.0,True,sz300059
20240924,24.41,0,2,10.24,True,10,False,8,23.81,13.64,0.0,-1.97,False,sz002262
20240815,5.09,9,9,-15.52,False,1,False,1,4.66,5.7,-8.81,-17.49,False,sz300323
20251029,54.46,7,7,1.46,False,3,False,3,54.04,4.41,-3.21,-3.31,False,sz301393
20240930,36.24,0,5,27.92,True,10,False,5,31.86,27.92,0.0,-5.38,True,sz300570
20240926,2196.92,0,0,5.03,True,10,True,10,2174.03,22.89,0.0,0.0,False,sz399556
20240903,19.99,1,1,0.22,False,9,False,9,19.84,2.5,-0.1,-0.18,False,sz300627
20250808,26.1,7,8,1.15,False,3,False,2,26.0,2.68,-3.99,-3.95,False,sz003002
20250725,43.05,10,10,-2.79,False,0,False,0,42.97,0.0,-3.41,-3.62,False,sz301239
20250715,17.92,1,2,1.9,False,9,False,8,17.87,2.62,-0.28,-0.78,False,sz300668
20240926,2.65,0,2,0.38,True,10,False,8,2.61,13.58,0.0,-0.38,False,sz000972
20240904,8.7,3,9,-15.4,False,7,False,1,7.5,8.28,-2.97,-17.24,False,sz300340
20240926,4.12,0,0,2.91,True,10,True,10,4.07,16.75,0.0,0.0,False,sz002386
20241226,10.38,8,8,-8.96,False,2,False,2,10.36,2.7,-10.23,-8.96,False,sz000695
20240731,12.76,8,10,-10.82,False,2,False,0,12.21,0.0,-8.92,-10.89,False,sz000426
20240930,5.01,8,9,-6.79,False,2,False,1,4.85,8.39,-6.35,-10.19,False,sz002201
20250908,13.96,9,8,-5.87,False,1,False,2,13.95,0.86,-7.03,-5.87,False,sz301277
20240930,11.75,0,8,0.6,True,10,False,2,10.48,13.7,0.0,-10.04,False,sz300494
20250905,29.57,6,6,-1.72,False,4,False,4,29.2,7.81,-1.91,-3.21,False,sz300808
20240905,37.14,3,4,-7.81,False,7,False,6,36.88,7.59,-5.62,-7.81,False,sz300558
20260226,99.69,10,10,-6.02,False,0,False,0,99.67,0.0,-10.98,-10.82,False,sz301421
20240927,4.37,0,0,6.18,True,10,True,10,4.28,14.87,0.0,0.0,False,sz002204
20240923,1.95,0,0,29.74,True,10,True,10,1.92,63.08,0.0,0.0,True,sz000717
20240927,56.57,0,5,-1.87,True,10,False,5,54.93,4.58,0.0,-2.67,False,sz000423
20240930,6.51,8,9,-6.3,False,2,False,1,6.23,3.53,-2.56,-7.07,False,sz002763
20251103,5.16,7,10,-4.26,False,3,False,0,4.81,0.0,-4.71,-10.85,False,sz300344
20240830,28.33,9,10,-2.79,False,1,False,0,27.74,0.0,-3.36,-5.37,False,sz300516
20250627,31.5,0,6,-0.89,True,10,False,4,30.39,0.41,0.0,-3.62,False,sz300843
20240808,3.45,10,10,-18.55,False,0,False,0,3.43,0.0,-17.38,-18.55,False,sz000759
20260205,33.86,4,9,-2.54,False,6,False,1,32.78,1.48,-3.15,-5.43,False,sz301108
20250625,30.66,10,10,-2.38,False,0,False,0,30.48,0.0,-3.47,-4.27,False,sz003007
20240830,2.55,5,10,-1.96,False,5,False,0,2.44,0.0,-3.89,-8.24,False,sz300071
20250701,49.0,4,6,0.33,False,6,False,4,48.09,3.06,-2.26,-4.45,False,sz300820
20241008,12.8,9,10,-3.05,False,1,False,0,12.46,0.0,-13.71,-17.89,False,sz002229
20250814,59.43,0,0,38.2,True,10,True,10,57.69,39.85,0.0,0.0,True,sz301396
20240930,4.61,9,9,-8.24,False,1,False,1,4.39,2.39,-2.8,-9.11,False,sz002687
20240930,23.19,2,4,11.73,False,8,False,6,20.91,13.75,-1.88,-10.09,False,sz300641
20240926,2581.39,0,0,22.66,True,10,True,10,2567.42,50.08,0.0,0.0,True,sz399667
20240926,5.24,0,1,-1.53,True,10,False,9,5.0,20.42,0.0,-1.53,False,sz002434
20250624,12.24,4,4,1.8,False,6,False,6,12.23,2.98,-2.21,-2.54,False,sz301211
20240930,3.59,0,0,8.91,True,10,True,10,2.99,22.01,0.0,0.0,False,sz300368
20240926,6.25,0,0,12.64,True,10,True,10,5.95,28.8,0.0,0.0,False,sz002153
20240926,4.47,0,0,12.3,True,10,True,10,4.39,34.23,0.0,0.0,False,sz300195
20250708,60.21,3,6,5.68,False,7,False,4,59.3,6.39,-1.1,-2.38,False,sz301325
20240930,31.94,4,5,-4.92,False,6,False,5,30.74,9.55,-4.05,-7.39,False,sz002353
20240828,30.35,0,0,1.94,True,10,True,10,30.07,4.45,0.0,0.0,False,sz300395
20240731,4.83,9,9,-1.86,False,1,False,1,4.79,0.83,-1.88,-2.69,False,sz002500
20240926,4.81,0,0,9.36,True,10,True,10,4.74,17.27,0.0,0.0,False,sz000789
20240806,2.81,9,9,1.42,False,1,False,1,2.8,1.42,-3.75,-3.56,False,sz002067
20240823,9.18,0,9,-6.64,True,10,False,1,8.3,12.75,0.0,-8.93,False,sz300588
20240813,2.81,10,10,-12.81,False,0,False,0,2.77,0.0,-12.64,-14.95,False,sz000820
20240930,873.63,0,9,-4.43,True,10,False,1,824.72,3.39,0.0,-5.47,False,sz399234
20240927,20.55,0,0,52.02,True,10,True,10,17.72,53.58,0.0,0.0,True,sz300212
20240925,5.11,0,0,10.75,True,10,True,10,5.11,22.68,0.0,0.0,False,sz002029
20240816,4.71,10,10,-11.46,False,0,False,0,4.67,0.0,-11.6,-12.53,False,sz300422
20250630,87.49,8,10,-7.01,False,2,False,0,85.12,0.0,-5.33,-7.96,False,sz301308
20240807,5765.17,2,2,1.53,False,8,False,8,5763.03,2.39,-0.36,-0.18,False,sz399404
20250708,24.86,0,0,4.67,True,10,True,10,24.77,8.73,0.0,0.0,False,sz300759
20240930,2.95,0,6,-0.68,True,10,False,4,2.64,16.27,0.0,-6.78,False,sz300145
20251128,20.0,9,9,-8.7,False,1,False,1,19.95,0.6,-9.28,-8.7,False,sz300717
20240924,12.99,0,0,20.02,True,10,True,10,12.77,41.42,0.0,0.0,True,sz000623
20240926,3.93,0,0,1.53,True,10,True,10,3.93,13.49,0.0,0.0,False,sz002330
20241022,4.87,0,0,16.43,True,10,True,10,4.85,17.86,0.0,0.0,False,sz000070
20250624,30.0,0,5,1.3,True,10,False,5,29.93,1.33,0.0,-0.67,False,sz300939
20251125,21.78,4,4,-1.38,False,6,False,6,21.65,1.84,-1.56,-1.47,False,sz301515
20240924,12.1,0,0,24.05,True,10,True,10,11.92,44.55,0.0,0.0,True,sz002657
20240801,13.15,9,9,-1.37,False,1,False,1,13.07,0.46,-2.62,-2.81,False,sz002879
20251020,23.83,0,0,3.4,True,10,True,10,23.55,8.18,0.0,0.0,False,sz301072
20240826,5.66,3,3,-0.71,False,7,False,7,5.65,4.42,-1.0,-0.88,False,sz300240
20240731,5.55,8,10,-4.69,False,2,False,0,5.37,0.0,-2.9,-4.69,False,sz000795
20240924,6.06,0,0,13.05,True,10,True,10,6.01,29.4,0.0,0.0,False,sz002286
20260114,15.7,10,10,-5.8,False,0,False,0,15.69,0.0,-4.64,-5.8,False,sz301339
20251204,58.6,4,8,-15.63,False,6,False,2,52.72,2.88,-7.26,-15.63,False,sz300946
20240826,2.29,9,9,-7.42,False,1,False,1,2.26,3.49,-4.78,-7.42,False,sz002628
20240930,143.75,8,9,-10.78,False,2,False,1,137.59,6.47,-7.63,-12.88,False,sz000568
20240926,9.17,0,0,17.67,True,10,True,10,9.03,33.59,0.0,0.0,False,sz002806
20240930,12.48,9,9,-4.81,False,1,False,1,12.43,3.53,-7.49,-8.33,False,sz002552
20250624,29.99,0,6,-0.8,True,10,False,4,29.41,1.0,0.0,-1.23,False,sz300908
20240731,6.29,3,9,-4.93,False,7,False,1,6.07,0.48,-3.27,-4.93,False,sz002035
20240806,61.94,9,10,-6.2,False,1,False,0,59.44,0.0,-6.2,-9.61,False,sz000526
20260316,26.19,8,8,4.43,False,2,False,2,26.08,4.43,-13.29,-13.29,False,sz300745
20240927,17.08,0,0,10.71,True,10,True,10,16.61,20.9,0.0,0.0,False,sz002362
20240926,2730.97,0,0,23.52,True,10,True,10,2711.27,36.0,0.0,0.0,True,sz399418
20241008,9.1,9,10,-4.29,False,1,False,0,8.75,0.0,-10.89,-15.27,False,sz002531
20260105,31.66,0,0,18.67,True,10,True,10,31.33,18.67,0.0,0.0,False,sz002864
20240823,1.88,2,2,0.91,False,8,False,8,1.87,13.1,-1.65,-1.81,False,sz300159
20240911,20.49,7,7,9.91,False,3,False,3,20.16,9.91,-5.67,-8.1,False,sz002605
20251020,22.25,0,0,5.48,True,10,True,10,22.05,6.74,0.0,0.0,False,sz301020
20240930,7.74,7,9,-10.84,False,3,False,1,7.21,4.86,-4.68,-12.03,False,sz000811
20251225,57.47,1,1,71.39,False,9,False,9,56.9,72.05,-1.12,-2.0,True,sz301293
20240926,31.39,0,0,10.48,True,10,True,10,31.12,25.64,0.0,0.0,False,sz300470
20260324,64.29,2,4,-0.47,False,8,False,6,62.79,7.33,-2.0,-3.95,False,sz001221
20240930,47.9,3,9,-0.35,False,7,False,1,44.27,8.35,-1.55,-10.61,False,sz002865
20240926,4.53,0,1,-0.88,True,10,False,9,4.11,17.46,0.0,-0.88,False,sz002582
20240814,9.27,8,8,-12.94,False,2,False,2,9.24,2.8,-15.8,-14.24,False,sz300290
20240904,1.82,8,8,-8.79,False,2,False,2,1.79,4.95,-7.64,-11.54,False,sz002256
20250630,32.75,9,9,-4.09,False,1,False,1,32.55,0.15,-3.6,-4.76,False,sz300671
20250625,23.05,3,3,6.68,False,7,False,7,22.5,7.98,-2.76,-4.99,False,sz002899
20250709,15.9,0,0,20.06,True,10,True,10,15.87,35.91,0.0,0.0,True,sz300996
20240926,43.3,0,0,64.87,True,10,True,10,42.68,71.69,0.0,0.0,True,sz300114
20240930,8.89,9,9,-7.31,False,1,False,1,8.55,4.05,-4.19,-9.79,False,sz002731
20250205,4.33,7,8,-2.54,False,3,False,2,4.25,2.54,-4.56,-3.0,False,sz000908
20240926,10.91,0,0,2.11,True,10,True,10,10.47,25.03,0.0,0.0,False,sz002101
20250905,11.7,5,5,-1.79,False,5,False,5,11.69,1.2,-2.38,-2.31,False,sz001338
20250709,15.67,6,6,3.06,False,4,False,4,15.6,3.06,-2.84,-2.68,False,sz300795
20240927,14.98,0,0,19.69,True,10,True,10,14.72,30.24,0.0,0.0,False,sz300374
20240731,7004.81,10,10,-4.88,False,0,False,0,6988.8,0.0,-4.98,-4.88,False,sz399352
20251020,22.41,5,7,-1.74,False,5,False,3,22.11,1.2,-3.08,-2.59,False,sz300872
20240927,1333.35,0,0,17.53,True,10,True,10,1260.59,35.66,0.0,0.0,False,sz399635
20240924,2.2,0,0,28.18,True,10,True,10,2.18,43.18,0.0,0.0,True,sz300189
20240926,33.95,0,0,29.13,True,10,True,10,33.53,52.58,0.0,0.0,True,sz300613
20240822,4.15,0,0,16.87,True,10,True,10,4.11,16.87,0.0,0.0,False,sz000595
20250625,29.43,0,1,3.94,True,10,False,9,29.0,3.94,0.0,-0.54,False,sz001373
20240926,5.79,0,0,6.39,True,10,True,10,5.79,16.41,0.0,0.0,False,sz000590
20240927,18.28,0,0,53.67,True,10,True,10,18.09,53.67,0.0,0.0,True,sz300045
20240927,6.48,0,0,2.31,True,10,True,10,6.41,11.11,0.0,0.0,False,sz002719
20250721,30.85,6,6,-3.7,False,4,False,4,30.76,3.05,-4.1,-4.02,False,sz002978
20240927,10.82,0,0,20.24,True,10,True,10,10.77,28.28,0.0,0.0,True,sz300522
20240924,4.48,0,0,16.96,True,10,True,10,4.4,33.92,0.0,0.0,False,sz300658
20240926,11.67,0,0,5.57,True,10,True,10,11.6,20.91,0.0,0.0,False,sz002757
20250905,14.96,2,3,-3.41,False,8,False,7,14.48,4.48,-0.79,-3.41,False,sz301246
20240927,40.3,0,0,13.47,True,10,True,10,39.86,21.04,0.0,0.0,False,sz002230
20240930,5.19,8,9,-12.33,False,2,False,1,4.97,4.43,-9.01,-14.84,False,sz000723
20240809,31.91,0,0,3.17,True,10,True,10,31.68,5.52,0.0,0.0,False,sz002463
20260209,13.22,0,1,30.11,True,10,False,9,13.04,30.11,0.0,-0.76,True,sz300839
20251021,2.05,7,7,-0.49,False,3,False,3,2.04,0.49,-2.12,-1.95,False,sz002936
20240930,6.37,1,8,-0.63,False,9,False,2,6.1,10.05,-0.24,-5.97,False,sz002167
20251121,86.0,0,0,23.56,True,10,True,10,84.75,23.56,0.0,0.0,True,sz301225
20240927,10.84,0,0,33.95,True,10,True,10,10.53,34.32,0.0,0.0,True,sz002253
20240926,2235.51,0,0,7.27,True,10,True,10,2172.7,26.13,0.0,0.0,False,sz399653
20240927,9.42,2,5,-2.34,False,8,False,5,9.13,18.58,-1.62,-5.73,False,sz002129
20251226,55.93,0,0,7.12,True,10,True,10,55.87,7.96,0.0,0.0,False,sz301096
20240930,22.09,0,7,0.72,True,10,False,3,19.84,10.77,0.0,-5.79,False,sz300488
20240924,7.6,0,1,9.6,True,10,False,9,7.51,20.26,0.0,-0.66,False,sz000920
20240930,8.71,1,7,-3.1,False,9,False,3,8.34,10.1,-1.1,-5.85,False,sz002860
20240927,7.07,0,0,25.17,True,10,True,10,6.82,25.17,0.0,0.0,True,sz002787
20240930,14.32,0,1,1.96,True,10,False,9,13.57,4.61,0.0,-0.84,False,sz200028
20240927,19.8,0,0,46.21,True,10,True,10,17.69,46.21,0.0,0.0,True,sz300226
20240926,2.41,0,0,11.2,True,10,True,10,2.24,33.2,0.0,0.0,False,sz000069
20251230,46.77,9,9,-8.42,False,1,False,1,46.24,0.79,-6.86,-8.42,False,sz300920
20240930,12.07,3,8,-6.96,False,7,False,2,11.32,5.47,-1.74,-7.54,False,sz002053
20240927,6.04,0,0,14.39,True,10,True,10,5.69,26.8,0.0,0.0,False,sz300095
20260127,53.3,1,3,-5.82,False,9,False,7,51.67,9.62,-2.27,-5.82,False,sz300689
20240930,7.26,9,9,-5.37,False,1,False,1,7.06,8.13,-6.45,-10.61,False,sz300268
20240731,10.16,9,9,-3.64,False,1,False,1,10.09,0.79,-3.97,-4.33,False,sz002534
20240930,6.84,5,7,-5.41,False,5,False,3,6.62,10.23,-4.04,-7.31,False,sz000027
20250905,19.8,4,4,-1.01,False,6,False,6,19.68,1.82,-0.54,-1.01,False,sz301311
20250624,17.42,0,0,2.7,True,10,True,10,16.95,2.87,0.0,0.0,False,sz001209
20240925,1557.34,0,0,10.84,True,10,True,10,1526.98,23.35,0.0,0.0,False,sz399683
20250702,7.58,1,2,2.24,False,9,False,8,7.53,2.24,-0.58,-1.19,False,sz002282
20250624,19.55,0,0,6.8,True,10,True,10,19.52,6.8,0.0,0.0,False,sz301046
20240924,1.42,0,0,10.56,True,10,True,10,1.38,24.65,0.0,0.0,False,sz002663
20250929,56.96,7,7,-7.06,False,3,False,3,56.03,8.53,-8.19,-7.06,False,sz300723
20240819,5.45,10,10,-9.18,False,0,False,0,5.42,0.0,-8.42,-9.54,False,sz000617
20240926,80.62,1,3,-3.56,False,9,False,7,79.12,17.27,-1.42,-3.56,False,sz002304
20250624,13.46,0,0,3.42,True,10,True,10,13.28,4.09,0.0,0.0,False,sz002802
20240830,16.84,10,10,-7.9,False,0,False,0,16.31,0.0,-5.21,-7.9,False,sz300458
20240930,13.46,4,9,-6.24,False,6,False,1,12.14,9.36,-3.22,-13.15,False,sz300171
20250624,22.4,0,0,2.19,True,10,True,10,22.07,2.32,0.0,0.0,False,sz301008
20240930,5.28,0,1,15.91,True,10,False,9,4.93,15.91,0.0,-3.6,False,sz002519
20251124,17.22,0,1,12.6,True,10,False,9,16.97,12.6,0.0,-0.64,False,sz300943
20240813,1.76,0,0,7.95,True,10,True,10,1.76,8.52,0.0,0.0,False,sz000659
20250930,29.21,0,0,0.51,True,10,True,10,27.96,8.73,0.0,0.0,False,sz002985
20240930,12.9,1,8,3.95,False,9,False,2,12.01,15.27,-0.58,-7.44,False,sz300416
20240927,4.29,0,2,1.63,True,10,False,8,4.24,12.81,0.0,-1.4,False,sz002283
20240927,983.21,0,0,9.45,True,10,True,10,948.72,18.0,0.0,0.0,False,sz399806
20240731,4.16,0,5,3.12,True,10,False,5,4.09,3.12,0.0,-1.2,False,sz002701
20240926,2.94,0,0,4.76,True,10,True,10,2.93,15.98,0.0,0.0,False,sz002266
20250624,9.72,0,4,2.26,True,10,False,6,9.61,2.26,0.0,-0.72,False,sz002960
20240802,2.9,10,10,-7.93,False,0,False,0,2.84,0.0,-8.55,-10.34,False,sz000892
20240918,4.49,0,0,14.03,True,10,True,10,4.37,26.73,0.0,0.0,False,sz002686
20240812,2.48,2,9,-18.55,False,8,False,1,2.17,0.4,-5.86,-18.55,False,sz300013
20240926,7861.26,0,0,2.73,True,10,True,10,7592.1,13.8,0.0,0.0,False,sz399552
20240918,2.23,0,0,12.09,True,10,True,10,2.21,25.97,0.0,0.0,False,sz002228
20251225,36.64,9,9,-3.19,False,1,False,1,36.32,1.26,-4.78,-5.08,False,sz301397
20250725,29.21,8,10,-8.42,False,2,False,0,26.62,0.0,-4.48,-12.53,False,sz003006
20240924,17.35,0,1,100.86,True,10,False,9,17.03,117.0,0.0,-1.21,True,sz300623
20240807,2.9,3,3,-2.93,False,7,False,7,2.87,1.62,-3.18,-2.93,False,sz000691
20250624,43.54,0,3,6.11,True,10,False,7,42.86,6.11,0.0,-1.36,False,sz300842
20240925,2.12,0,0,4.72,True,10,True,10,2.09,21.23,0.0,0.0,False,sz002418
20250714,16.18,1,4,0.93,False,9,False,6,16.05,2.41,-0.07,-0.87,False,sz002884
20240924,11.7,0,1,9.74,True,10,False,9,11.34,25.21,0.0,-1.2,False,sz000422
20240930,10.27,2,9,-2.14,False,8,False,1,9.47,12.46,-3.32,-11.3,False,sz300559
20250624,19.21,0,0,2.76,True,10,True,10,18.9,5.83,0.0,0.0,False,sz002903
20240906,8.85,7,10,-5.2,False,3,False,0,8.45,0.0,-5.37,-10.73,False,sz002456
20240927,21.92,0,0,11.54,True,10,True,10,21.0,20.81,0.0,0.0,False,sz000938
20251124,27.26,2,3,2.82,False,8,False,7,27.0,3.78,-2.17,-2.13,False,sz301273
20240930,5.46,0,7,-4.58,True,10,False,3,5.0,10.07,0.0,-6.96,False,sz000516
20240730,1.13,0,4,0.88,True,10,False,6,1.08,3.54,0.0,-1.77,False,sz002005
20240930,12.35,9,9,-5.43,False,1,False,1,11.96,4.86,-7.29,-10.61,False,sz002878
20250314,3.25,3,0,0.0,False,7,True,10,3.23,0.92,-0.43,0.0,False,sz200030
20240911,3.41,5,7,7.62,False,5,False,3,3.32,7.62,-3.32,-5.87,False,sz002562
20240812,6.0,10,10,-5.34,False,0,False,0,5.97,0.0,-7.25,-7.5,False,sz002836
20240805,2.43,8,8,-6.17,False,2,False,2,2.42,4.53,-6.09,-6.58,False,sz000558
20240927,6.22,0,0,15.27,True,10,True,10,5.93,28.62,0.0,0.0,False,sz300270
20250728,19.43,4,4,2.88,False,6,False,6,19.42,3.45,-2.08,-2.01,False,sz300691
20251126,58.46,1,0,2.26,False,9,True,10,58.39,4.33,-0.17,0.0,False,sz300976
20240930,16.41,0,6,5.91,True,10,False,4,14.47,10.3,0.0,-8.04,False,sz300127
20240807,65.69,2,3,-2.45,False,8,False,7,63.83,3.49,-0.98,-2.45,False,sz002028
20250703,19.02,1,2,3.79,False,9,False,8,18.68,3.94,-0.26,-2.0,False,sz301539
20240923,1.76,0,0,17.05,True,10,True,10,1.76,30.68,0.0,0.0,False,sz002486
20240731,5.94,2,10,-9.6,False,8,False,0,5.31,0.0,-4.07,-13.8,False,sz300169
20240731,14.18,9,10,-7.19,False,1,False,0,13.81,0.0,-8.9,-10.86,False,sz002635
20240918,8.39,1,4,8.46,False,9,False,6,8.1,20.38,-1.03,-4.53,False,sz002066
20250703,17.76,0,0,2.31,True,10,True,10,17.05,11.66,0.0,0.0,False,sz301010
20240927,2402.1,0,0,11.29,True,10,True,10,2343.3,22.0,0.0,0.0,False,sz399428
20240830,34.06,0,6,-0.68,True,10,False,4,33.54,2.53,0.0,-0.68,False,sz002352
20251014,58.67,0,0,8.78,True,10,True,10,57.79,8.88,0.0,0.0,False,sz301577
20250624,33.1,0,0,3.23,True,10,True,10,32.4,6.71,0.0,0.0,False,sz300892
20240930,9.05,0,9,-4.31,True,10,False,1,8.19,9.95,0.0,-9.18,False,sz300258
20240930,6.63,9,9,-7.69,False,1,False,1,6.38,4.07,-6.81,-11.92,False,sz000017
20260120,8.13,0,0,3.69,True,10,True,10,8.06,10.46,0.0,0.0,False,sz002998
20251201,16.3,4,4,5.52,False,6,False,6,16.29,11.72,-3.14,-3.01,False,sz301321
20240926,4.67,0,0,1.28,True,10,True,10,4.63,14.56,0.0,0.0,False,sz000570
20240731,5.32,9,9,-4.32,False,1,False,1,5.28,0.19,-4.41,-4.7,False,sz002063
20240930,1.0,0,5,2.0,True,10,False,5,0.95,4.0,0.0,-3.0,False,sz200056
20240927,4.39,2,4,-3.87,False,8,False,6,4.38,12.07,-3.96,-5.69,False,sz000059
20250806,57.14,0,0,4.83,True,10,True,10,56.23,5.36,0.0,0.0,False,sz300910
20250811,83.48,1,1,7.47,False,9,False,9,82.51,8.41,-0.4,-1.35,False,sz301608
20251211,30.38,10,10,-1.15,False,0,False,0,30.09,0.0,-5.92,-6.22,False,sz301192
20240927,1.43,2,5,-0.7,False,8,False,5,1.41,4.9,-0.65,-2.1,False,sz000669
20240926,3127.31,0,0,7.44,True,10,True,10,3066.53,20.8,0.0,0.0,False,sz399400
20240808,8.19,8,10,-14.77,False,2,False,0,7.87,0.0,-10.8,-14.77,False,sz300426
20240822,7.84,10,10,-2.81,False,0,False,0,7.82,0.0,-6.16,-6.51,False,sz300141
20250314,23.26,9,9,-6.53,False,1,False,1,23.01,0.04,-8.98,-6.66,False,sz001696
20251112,44.4,8,9,-14.68,False,2,False,1,43.21,10.0,-13.1,-15.09,False,sz001277
20240926,4.9,0,4,-2.04,True,10,False,6,4.51,15.1,0.0,-2.04,False,sz002187
20251126,25.42,10,10,-7.63,False,0,False,0,24.98,0.0,-8.8,-8.14,False,sz301038
20240930,17.39,9,9,-9.09,False,1,False,1,16.88,0.52,-9.98,-13.51,False,sz002833
20240930,6.72,0,9,-3.57,True,10,False,1,6.13,8.78,0.0,-7.89,False,sz002334
20251020,18.26,5,8,2.03,False,5,False,2,17.82,2.03,-1.63,-3.5,False,sz300713
20240731,8.47,10,10,-9.45,False,0,False,0,8.42,0.0,-9.81,-9.92,False,sz300468
20250630,14.94,0,1,4.15,True,10,False,9,14.85,4.15,0.0,-0.07,False,sz001239
20250624,26.04,0,3,3.51,True,10,False,7,24.74,3.51,0.0,-2.04,False,sz301076
20240806,27.94,2,3,3.9,False,8,False,7,27.76,6.73,-2.11,-1.68,False,sz002653
20240925,5.82,0,0,5.84,True,10,True,10,5.82,15.81,0.0,0.0,False,sz000713
20240930,4.92,3,7,-2.52,False,7,False,3,4.79,5.06,-1.4,-5.58,False,sz002200
20240801,6.53,8,10,-1.99,False,2,False,0,6.47,0.0,-2.07,-2.6,False,sz000089
20250624,32.86,6,8,-4.9,False,4,False,2,32.21,1.64,-3.55,-5.05,False,sz002906
20240930,28.46,9,9,-7.06,False,1,False,1,27.64,4.22,-7.0,-9.8,False,sz002880
20240827,12.22,5,5,-4.09,False,5,False,5,12.2,5.73,-4.28,-5.08,False,sz002767
20260121,31.65,0,2,4.14,True,10,False,8,30.28,6.57,0.0,-3.67,False,sz300669
20240924,11.46,0,0,22.17,True,10,True,10,11.45,45.4,0.0,0.0,True,sz300288
20240816,3.82,10,10,-1.83,False,0,False,0,3.81,0.0,-6.77,-7.08,False,sz000973
20240816,6.08,5,5,14.64,False,5,False,5,6.04,14.64,-4.63,-5.76,False,sz300512
20250923,4.84,7,7,1.24,False,3,False,3,4.81,1.24,-2.77,-2.48,False,sz002948
20240826,7.5,2,2,0.27,False,8,False,8,7.44,6.8,-2.79,-3.6,False,sz300626
20240930,16.1,0,0,12.61,True,10,True,10,14.03,19.63,0.0,0.0,False,sz300075
20240814,10.84,2,8,-14.94,False,8,False,2,9.16,9.78,-0.23,-14.94,False,sz300322
20240925,6.37,0,0,11.46,True,10,True,10,6.2,17.27,0.0,0.0,False,sz000910
20251027,12.86,1,9,0.08,False,9,False,1,12.48,0.08,-0.78,-3.58,False,sz300824
20240806,11.12,7,5,-1.35,False,3,False,5,11.08,1.71,-2.18,-1.8,False,sz002119
20240927,1631.98,0,0,2.62,True,10,True,10,1578.98,12.2,0.0,0.0,False,sz399663
20240920,12.93,0,2,15.62,True,10,False,8,12.28,50.73,0.0,-2.09,False,sz300645
20240919,19.87,0,2,19.22,True,10,False,8,19.44,24.16,0.0,-1.81,False,sz002683
20240806,4.73,7,7,-3.17,False,3,False,3,4.69,0.63,-2.89,-3.17,False,sz300016
20251205,6.45,5,7,5.74,False,5,False,3,6.39,5.74,-2.84,-3.41,False,sz301215
20240930,23.23,6,9,0.09,False,4,False,1,21.89,0.09,-4.72,-11.75,False,sz002430
20251212,28.88,1,1,11.53,False,9,False,9,28.66,12.71,-0.75,-1.32,False,sz301446
20240802,2.84,10,10,-3.52,False,0,False,0,2.84,0.0,-4.45,-3.52,False,sz002157
20240926,4.1,0,0,18.8,True,10,True,10,4.04,41.46,0.0,0.0,False,sz300058
20240930,16.38,1,4,7.63,False,9,False,6,14.96,19.14,-0.5,-9.29,False,sz300540
20240806,18.76,8,3,1.81,False,2,False,7,18.72,1.81,-2.96,-1.55,False,sz300489
20250624,15.8,0,1,9.81,True,10,False,9,15.55,10.7,0.0,-0.89,False,sz301439
20240930,18.96,10,10,-5.54,False,0,False,0,18.63,0.0,-6.91,-8.39,False,sz002128
20250630,20.67,7,6,1.11,False,3,False,4,20.63,1.11,-1.21,-1.16,False,sz001311
20240814,1.96,0,0,0.0,True,10,True,10,1.93,50.0,0.0,0.0,False,sz300027
20250710,8.07,10,10,-3.35,False,0,False,0,7.98,0.0,-3.33,-5.08,False,sz002400
20240930,12.19,0,9,-0.74,True,10,False,1,11.14,8.12,0.0,-7.96,False,sz000688
20250624,14.67,0,1,4.84,True,10,False,9,14.57,4.84,0.0,-0.14,False,sz300675
20240927,7.34,6,6,-1.95,False,4,False,4,7.26,10.31,-3.97,-4.4,False,sz002252
20240731,31.26,0,2,5.6,True,10,False,8,30.47,5.63,0.0,-2.02,False,sz300294
20240930,10.09,9,9,-3.17,False,1,False,1,9.92,3.17,-10.26,-12.29,False,sz002735
20250624,54.69,3,8,-1.99,False,7,False,2,54.55,2.38,-1.11,-3.14,False,sz301110
20240801,11.11,1,6,-2.43,False,9,False,4,10.61,0.99,-0.04,-4.68,False,sz300069
20240926,11.33,0,0,5.12,True,10,True,10,11.2,17.56,0.0,0.0,False,sz002462
20250708,14.8,0,0,2.77,True,10,True,10,14.73,3.24,0.0,0.0,False,sz300838
20250806,17.79,0,0,9.95,True,10,True,10,17.67,17.54,0.0,0.0,False,sz002937
20240923,13.52,0,0,18.64,True,10,True,10,13.35,48.45,0.0,0.0,False,sz300659
20240930,2377.1,7,10,-7.3,False,3,False,0,2260.55,0.0,-3.33,-8.45,False,sz399998
20240927,36.8,6,6,-4.19,False,4,False,4,36.77,13.67,-4.69,-6.79,False,sz002756
20240927,4.36,0,0,8.49,True,10,True,10,4.28,19.72,0.0,0.0,False,sz002105
20251027,92.75,10,9,-1.02,False,0,False,1,92.07,0.41,-5.92,-6.04,False,sz301209
20250702,25.93,8,9,0.66,False,2,False,1,25.91,0.66,-3.46,-3.97,False,sz300876
20240924,7991.4,0,0,17.57,True,10,True,10,7889.38,29.25,0.0,0.0,False,sz399356
20240815,1.96,9,10,-10.2,False,1,False,0,1.88,0.0,-8.39,-13.27,False,sz300370
20251015,23.8,8,9,0.84,False,2,False,1,23.34,0.84,-3.66,-4.79,False,sz300791
20240927,4.52,0,1,0.44,True,10,False,9,4.44,12.16,0.0,-0.66,False,sz000591
20240812,4.59,10,10,-8.06,False,0,False,0,4.57,0.0,-8.61,-9.37,False,sz002082
20240801,4.9,10,10,-10.82,False,0,False,0,4.85,0.0,-15.24,-15.51,False,sz300044
20250821,6.91,3,8,-6.37,False,7,False,2,6.76,1.01,-1.87,-6.37,False,sz003032
20240930,11.23,0,5,-2.85,True,10,False,5,10.49,19.23,0.0,-3.65,False,sz002718
20240930,19.75,7,9,-9.11,False,3,False,1,18.29,8.66,-5.06,-13.16,False,sz002518
20240731,9.45,0,0,1.27,True,10,True,10,9.27,3.07,0.0,0.0,False,sz000876
20250930,10.55,7,7,2.09,False,3,False,3,10.48,3.03,-4.88,-4.45,False,sz300942
20250826,20.27,5,10,-2.76,False,5,False,0,19.71,0.0,-2.23,-5.92,False,sz002984
20240930,13.41,0,9,-5.22,True,10,False,1,11.7,10.59,0.0,-9.7,False,sz300244
20240829,8.64,4,6,-8.33,False,6,False,4,8.42,10.07,-4.91,-8.33,False,sz000045
20240926,2.54,0,1,11.42,True,10,False,9,2.5,17.72,0.0,-1.57,False,sz000838
20240808,4.92,6,9,-12.41,False,4,False,1,4.57,5.08,-6.35,-12.41,False,sz002556
20240813,10.52,6,6,-7.13,False,4,False,4,10.43,1.24,-7.54,-7.13,False,sz300590
20250624,10.23,0,0,10.07,True,10,True,10,10.06,10.07,0.0,0.0,False,sz001208
20240920,2.69,0,0,4.09,True,10,True,10,2.64,23.79,0.0,0.0,False,sz002031
20240930,3.86,3,6,11.4,False,7,False,4,3.72,15.28,-2.8,-7.25,False,sz002366
20251212,18.76,1,2,1.01,False,9,False,8,18.68,3.14,-0.19,-0.48,False,sz300741
20250926,41.8,8,9,-4.59,False,2,False,1,41.13,0.72,-6.94,-6.03,False,sz301024
20240926,17.6,1,1,-0.74,False,9,False,9,17.6,17.5,-0.9,-0.74,False,sz002601
20240805,3.59,1,1,0.84,False,9,False,9,3.59,3.06,-1.05,-0.56,False,sz000488
20250630,41.27,3,8,-2.42,False,7,False,2,40.62,4.31,-0.98,-2.64,False,sz301297
20240927,63.97,0,0,45.27,True,10,True,10,62.95,45.27,0.0,0.0,True,sz300474
20240925,5.55,0,0,34.59,True,10,True,10,5.53,61.62,0.0,0.0,True,sz300227
20240919,7.81,0,0,19.46,True,10,True,10,7.74,36.36,0.0,0.0,False,sz000815
20250624,33.55,0,1,3.79,True,10,False,9,32.59,4.59,0.0,-0.66,False,sz001225
20240927,7.54,0,0,6.76,True,10,True,10,7.38,10.74,0.0,0.0,False,sz002783
20240806,12.18,8,9,-10.51,False,2,False,1,12.09,1.4,-10.24,-10.51,False,sz002019
20240816,9.94,0,2,14.99,True,10,False,8,9.51,28.47,0.0,-4.53,False,sz000810
20240807,5.79,10,10,-3.8,False,0,False,0,5.78,0.0,-4.5,-4.15,False,sz300222
20250924,18.36,2,2,41.61,False,8,False,8,18.02,46.46,-0.7,-2.12,True,sz301292
20240913,1.57,4,4,71.34,False,6,False,6,1.57,71.34,-4.17,-5.73,True,sz300091
20240731,7.29,10,10,-3.02,False,0,False,0,7.21,0.0,-4.32,-5.08,False,sz000544
20250725,30.57,0,0,4.51,True,10,True,10,29.37,6.12,0.0,0.0,False,sz301021
20240930,7.13,3,8,-4.91,False,7,False,2,6.76,4.49,-2.98,-8.14,False,sz002057
20250627,58.5,2,10,-5.33,False,8,False,0,54.19,0.0,-1.02,-9.18,False,sz301315
20240927,7.23,0,0,6.5,True,10,True,10,6.99,17.29,0.0,0.0,False,sz002530
20240731,2.06,9,9,-0.49,False,1,False,1,2.05,0.0,-1.44,-1.94,False,sz200505
20250724,56.24,9,10,-1.71,False,1,False,0,56.01,0.0,-3.7,-4.36,False,sz301611
20240927,12.19,0,4,9.43,True,10,False,6,11.29,19.44,0.0,-4.68,False,sz002849
20240926,2191.76,0,0,18.6,True,10,True,10,2189.49,32.95,0.0,0.0,False,sz399687
20250702,27.68,5,5,1.52,False,5,False,5,27.48,4.01,-5.05,-5.67,False,sz300727
20250714,74.48,0,0,5.61,True,10,True,10,73.78,7.87,0.0,0.0,False,sz301525
20240926,1.97,0,0,9.14,True,10,True,10,1.94,26.9,0.0,0.0,False,sz002629
20241008,6.73,10,10,-8.47,False,0,False,0,6.64,0.0,-20.21,-21.25,False,sz300175
20240731,3.95,8,8,0.25,False,2,False,2,3.87,0.25,-4.61,-6.58,False,sz300241
20240816,3.51,9,10,-8.55,False,1,False,0,3.34,0.0,-8.78,-13.96,False,sz300412
20250624,33.51,1,8,-2.48,False,9,False,2,32.15,0.87,-0.01,-5.25,False,sz300769
20251124,57.28,0,0,17.53,True,10,True,10,56.93,17.53,0.0,0.0,False,sz301338
20240926,1423.48,0,0,13.62,True,10,True,10,1421.3,30.03,0.0,0.0,False,sz399434
20240814,5.68,9,10,-3.7,False,1,False,0,5.64,0.0,-4.16,-4.58,False,sz300388
20251022,36.76,0,1,2.61,True,10,False,9,35.89,4.16,0.0,-0.41,False,sz301138
20240927,7.83,0,0,10.86,True,10,True,10,7.68,25.93,0.0,0.0,False,sz300041
20240731,4.94,8,9,-6.68,False,2,False,1,4.86,0.61,-6.21,-7.49,False,sz002429
20240930,6.95,9,10,-9.64,False,1,False,0,6.8,0.0,-9.14,-11.37,False,sz002100
20251015,26.21,2,3,9.23,False,8,False,7,26.01,9.23,-3.43,-3.55,False,sz301176
20240927,5.87,0,0,2.04,True,10,True,10,5.77,13.11,0.0,0.0,False,sz002753
20250908,19.73,4,9,-3.9,False,6,False,1,19.22,0.15,-2.24,-4.26,False,sz002932
20240927,8.6,0,0,9.88,True,10,True,10,8.56,43.02,0.0,0.0,False,sz300568
20240924,3.44,0,0,11.34,True,10,True,10,3.44,26.16,0.0,0.0,False,sz002467
20240927,2.17,0,1,4.61,True,10,False,9,2.1,15.21,0.0,-0.46,False,sz000727
20240930,9.16,8,9,-8.19,False,2,False,1,9.03,3.38,-7.89,-10.15,False,sz002234
20240926,6.6,0,0,4.39,True,10,True,10,6.25,18.48,0.0,0.0,False,sz002163
20260108,16.41,0,0,14.26,True,10,True,10,16.28,14.26,0.0,0.0,False,sz301115
20240927,6.82,0,0,6.3,True,10,True,10,6.63,16.86,0.0,0.0,False,sz002730
20240730,5.06,6,2,0.99,False,4,False,8,5.04,2.57,-0.74,-0.79,False,sz002404
20251029,52.75,9,9,-5.52,False,1,False,1,52.6,0.04,-5.4,-5.52,False,sz301221
20251022,13.21,0,0,4.84,True,10,True,10,12.65,11.28,0.0,0.0,False,sz002898
20240930,7.92,7,9,-7.07,False,3,False,1,7.47,10.23,-5.1,-11.49,False,sz300358
20240924,3.8,0,0,14.21,True,10,True,10,3.8,28.95,0.0,0.0,False,sz300022
20251010,31.36,4,7,-0.38,False,6,False,3,30.84,3.92,-2.91,-4.11,False,sz301092
20240927,5314.32,0,0,7.13,True,10,True,10,5061.22,19.61,0.0,0.0,False,sz399657
20240730,5.68,0,0,8.98,True,10,True,10,5.38,17.25,0.0,0.0,False,sz000159
20260209,43.64,6,9,-6.97,False,4,False,1,43.46,0.96,-4.6,-6.97,False,sz300810
20240930,31.99,0,1,13.41,True,10,False,9,28.52,20.26,0.0,-1.5,False,sz300316
20250114,13.15,0,0,4.11,True,10,True,10,12.66,5.32,0.0,0.0,False,sz300275
20250624,14.68,3,5,-4.29,False,7,False,5,14.34,6.4,-2.08,-4.77,False,sz300694
20240912,6.4,3,8,11.72,False,7,False,2,5.94,11.72,-2.54,-10.16,False,sz002529
20250730,46.36,9,10,-6.25,False,1,False,0,44.89,0.0,-4.75,-7.03,False,sz300973
20240826,4.83,2,4,-1.24,False,8,False,6,4.75,13.66,-7.87,-9.73,False,sz300088
20240826,2.13,1,6,-3.76,False,9,False,4,2.05,0.94,-0.17,-3.76,False,sz000809
20251124,30.68,0,0,11.96,True,10,True,10,30.06,11.96,0.0,0.0,False,sz301511
20240930,5.77,9,10,-11.44,False,1,False,0,5.64,0.0,-10.31,-13.0,False,sz002567
20240808,36.2,5,8,-4.25,False,5,False,2,35.86,0.36,-3.5,-4.25,False,sz000513
20240930,5.94,0,8,-1.35,True,10,False,2,5.46,4.21,0.0,-5.05,False,sz002357
20251205,43.01,7,7,-0.05,False,3,False,3,42.94,0.98,-2.47,-2.14,False,sz300770
20240806,4.29,9,10,-16.32,False,1,False,0,4.17,0.0,-13.39,-16.32,False,sz300391
20251203,28.1,10,10,-11.21,False,0,False,0,26.64,0.0,-8.31,-12.28,False,sz300897
20240815,2.44,5,6,0.41,False,5,False,4,2.41,2.87,-0.65,-1.64,False,sz002630
20250703,21.51,1,8,0.88,False,9,False,2,20.77,0.88,-0.45,-4.04,False,sz301015
20240930,10.35,8,9,-3.38,False,2,False,1,9.88,1.55,-6.81,-13.33,False,sz002319
20240926,4.3,0,0,1.4,True,10,True,10,4.27,17.91,0.0,0.0,False,sz002483
20240930,16.89,0,9,-0.59,True,10,False,1,15.8,8.41,0.0,-6.63,False,sz300445
20240930,33.18,0,7,-1.96,True,10,False,3,28.63,20.13,0.0,-11.72,False,sz300122
20240927,86.32,0,0,8.72,True,10,True,10,80.92,18.55,0.0,0.0,False,sz002850
20251027,13.47,2,4,11.36,False,8,False,6,13.35,11.36,-1.26,-1.78,False,sz301408
20240926,1319.64,0,0,13.65,True,10,True,10,1314.35,32.69,0.0,0.0,False,sz399557
20240927,22.17,0,0,14.3,True,10,True,10,21.44,30.58,0.0,0.0,False,sz300571
20260121,155.4,6,10,-22.78,False,4,False,0,147.5,0.0,-17.79,-22.78,False,sz301392
20251224,34.09,0,0,9.15,True,10,True,10,34.01,9.15,0.0,0.0,False,sz300644
20240927,2.13,1,1,2.35,False,9,False,9,2.13,9.39,-1.04,-1.41,False,sz002263
20250624,38.72,5,6,-8.45,False,5,False,4,37.52,1.73,-11.17,-11.8,False,sz002965
20240925,2.06,0,0,16.95,True,10,True,10,2.05,24.21,0.0,0.0,False,sz000897
20250724,39.65,0,0,7.57,True,10,True,10,39.5,8.32,0.0,0.0,False,sz301121
20240806,13.37,10,8,-4.26,False,0,False,2,13.36,0.45,-5.95,-4.26,False,sz300191
20240927,3201.89,0,0,11.87,True,10,True,10,3097.17,23.21,0.0,0.0,False,sz399803
20240924,4.61,1,1,3.47,False,9,False,9,4.56,22.34,-0.42,-2.17,False,sz002453
20250626,37.53,8,10,-8.29,False,2,False,0,37.09,0.0,-9.03,-9.51,False,sz300809
20251104,21.14,0,0,7.28,True,10,True,10,20.97,7.28,0.0,0.0,False,sz301276
20240806,8.08,8,5,-0.99,False,2,False,5,8.04,1.49,-2.19,-1.86,False,sz002134
20240902,6.85,6,8,-13.58,False,4,False,2,6.76,6.28,-10.17,-13.58,False,sz002387
20240909,9.03,3,3,11.07,False,7,False,7,8.8,11.07,-2.72,-5.54,False,sz300341
20250905,17.98,4,4,-2.73,False,6,False,6,17.87,1.56,-2.23,-2.73,False,sz300847
20250625,45.35,8,8,-0.82,False,2,False,2,45.03,2.32,-3.91,-2.38,False,sz002881
20250804,18.31,0,0,3.71,True,10,True,10,18.24,3.71,0.0,0.0,False,sz301238
20240924,10.66,0,0,15.85,True,10,True,10,10.61,34.13,0.0,0.0,False,sz002729
20250929,12.18,6,2,3.2,False,4,False,8,12.16,3.2,-1.66,-0.25,False,sz003003
20240930,4.87,0,1,2.26,True,10,False,9,4.26,12.95,0.0,-2.67,False,sz300070
20250804,14.26,0,7,0.42,True,10,False,3,13.94,0.42,0.0,-1.05,False,sz301109
20240930,5.13,5,9,-5.84,False,5,False,1,4.8,2.92,-2.52,-8.96,False,sz000758
20240815,8.55,7,8,-0.35,False,3,False,2,8.5,1.87,-4.97,-5.5,False,sz300517
20240927,4.89,0,0,3.68,True,10,True,10,4.77,16.16,0.0,0.0,False,sz002382
20250703,22.35,2,4,1.7,False,8,False,6,22.18,1.7,-0.34,-1.3,False,sz001308
20240927,3488.8,0,0,21.19,True,10,True,10,3340.88,35.1,0.0,0.0,True,sz399018
20240924,5.55,0,0,28.29,True,10,True,10,5.55,34.23,0.0,0.0,True,sz002762
20240927,1.68,0,5,-1.19,True,10,False,5,1.58,17.89,0.0,-4.17,False,sz002131
20240927,4.07,0,4,-1.47,True,10,False,6,3.95,13.02,0.0,-2.46,False,sz000716
20240918,6.76,0,0,17.31,True,10,True,10,6.73,28.55,0.0,0.0,False,sz002205
20240930,8.5,0,9,-2.94,True,10,False,1,7.63,13.41,0.0,-9.06,False,sz300490
20240925,3.89,0,0,16.97,True,10,True,10,3.85,32.13,0.0,0.0,False,sz300194
20240927,10.27,0,0,11.78,True,10,True,10,9.98,21.71,0.0,0.0,False,sz002152
20240919,5.85,0,1,43.93,True,10,False,9,5.59,63.93,0.0,-0.68,True,sz300369
20250630,31.76,6,8,0.63,False,4,False,2,31.58,0.63,-2.36,-3.02,False,sz300788
20250708,41.1,4,7,-0.12,False,6,False,3,39.79,2.9,-1.94,-3.28,False,sz301210
20240927,1170.62,0,0,20.64,True,10,True,10,1095.83,31.34,0.0,0.0,True,sz399666
20240925,4.16,0,0,15.14,True,10,True,10,4.15,32.21,0.0,0.0,False,sz300640
20240730,19.43,7,7,-2.11,False,3,False,3,19.34,3.45,-4.15,-4.17,False,sz300327
20240927,27.05,0,0,4.4,True,10,True,10,27.03,22.37,0.0,0.0,False,sz000915
20250630,7.86,1,1,31.68,False,9,False,9,7.77,35.62,-0.18,-1.4,True,sz300821
20240930,21.88,1,5,11.52,False,9,False,5,20.31,11.52,-2.48,-10.24,False,sz002855
20251020,19.55,0,0,5.37,True,10,True,10,19.25,5.37,0.0,0.0,False,sz301197
20250624,22.29,0,3,4.21,True,10,False,7,21.69,4.21,0.0,-0.45,False,sz001211
20240924,5.3,0,0,20.18,True,10,True,10,5.27,36.96,0.0,0.0,True,sz300440
20240801,6.43,9,10,-8.86,False,1,False,0,6.0,0.0,-7.66,-13.06,False,sz300213
20240926,764.87,0,0,11.89,True,10,True,10,760.82,20.05,0.0,0.0,False,sz399235
20240930,12.36,5,9,-5.34,False,5,False,1,11.64,9.3,-4.35,-10.84,False,sz000821
20250624,23.83,0,0,20.86,True,10,True,10,23.68,23.04,0.0,0.0,True,sz300915
20240930,12.8,0,2,7.27,True,10,False,8,11.44,12.58,0.0,-2.89,False,sz300589
20240731,5.29,0,0,3.78,True,10,True,10,5.15,5.29,0.0,0.0,False,sz000788
20240926,5.16,0,0,0.58,True,10,True,10,5.05,13.95,0.0,0.0,False,sz000012
20240731,70.24,9,9,-16.96,False,1,False,1,68.4,0.54,-16.81,-18.18,False,sz300394
20240925,1.12,0,0,7.14,True,10,True,10,1.1,25.89,0.0,0.0,False,sz002501
20251027,25.72,2,3,22.74,False,8,False,7,25.62,25.04,-0.53,-0.89,True,sz300775
20250805,22.3,0,2,5.92,True,10,False,8,22.23,5.92,0.0,-0.13,False,sz301073
20240806,1.35,0,0,7.41,True,10,True,10,1.3,20.0,0.0,0.0,False,sz002656
20250709,23.16,0,2,2.29,True,10,False,8,22.39,4.79,0.0,-0.99,False,sz300938
20240806,6.96,9,10,-6.75,False,1,False,0,6.77,0.0,-5.47,-6.75,False,sz002331
20250818,8.6,0,0,26.86,True,10,True,10,8.51,26.86,0.0,0.0,True,sz300716
20240927,8.57,0,0,7.93,True,10,True,10,8.56,28.35,0.0,0.0,False,sz300144
20240930,11.56,9,9,-6.83,False,1,False,1,11.21,2.16,-9.24,-12.63,False,sz002182
20250707,14.78,0,1,1.69,True,10,False,9,14.45,2.84,0.0,-0.88,False,sz300758
20260119,30.14,3,5,0.2,False,7,False,5,29.71,1.06,-2.0,-3.09,False,sz301309
20240926,1872.69,0,0,12.82,True,10,True,10,1838.85,34.82,0.0,0.0,False,sz399405
20240925,5.5,0,0,13.82,True,10,True,10,5.46,37.64,0.0,0.0,False,sz300423
20240812,13.1,6,8,-3.74,False,4,False,2,12.94,0.76,-3.65,-4.89,False,sz002034
20240903,6.31,2,3,5.07,False,8,False,7,6.25,13.95,-4.5,-6.34,False,sz002667
20240927,9.4,1,3,1.7,False,9,False,7,9.37,15.64,-0.64,-1.49,False,sz002553
20240930,5.45,6,9,-8.44,False,4,False,1,5.1,3.49,-3.35,-10.46,False,sz002300
20240927,17.07,0,0,11.01,True,10,True,10,16.07,41.89,0.0,0.0,False,sz300595
20250812,18.69,1,2,5.94,False,9,False,8,18.49,5.94,-0.17,-1.28,False,sz301376
20250908,17.87,1,1,0.0,False,9,False,9,17.73,2.69,-0.09,-0.9,False,sz300594
20240819,3.47,6,8,-2.59,False,4,False,2,3.43,0.58,-1.92,-2.59,False,sz002807
20250901,21.55,6,7,0.7,False,4,False,3,21.36,0.7,-5.21,-5.94,False,sz300947
20251201,32.57,3,8,-11.94,False,7,False,2,29.8,7.95,-5.24,-11.94,False,sz002981
20240926,19.42,0,0,14.98,True,10,True,10,19.29,19.98,0.0,0.0,False,sz002287
20240830,9.09,10,10,-9.46,False,0,False,0,9.07,0.0,-7.84,-9.46,False,sz300471
20250624,32.78,0,0,2.59,True,10,True,10,32.74,3.11,0.0,0.0,False,sz301508
20240808,4.6,9,10,-13.91,False,1,False,0,4.48,0.0,-10.48,-13.91,False,sz300158
20240927,2253.84,0,0,5.69,True,10,True,10,2138.24,18.83,0.0,0.0,False,sz399383
20240926,13.93,0,0,17.94,True,10,True,10,13.7,28.35,0.0,0.0,False,sz000997
20240926,5.98,0,0,4.01,True,10,True,10,5.87,17.73,0.0,0.0,False,sz002363
20240801,1616.42,10,10,-4.43,False,0,False,0,1610.66,0.0,-5.45,-5.32,False,sz399419
20240802,5.28,10,10,-10.61,False,0,False,0,4.97,0.0,-6.41,-11.55,False,sz000670
20251014,17.0,6,7,0.65,False,4,False,3,16.89,1.65,-3.78,-4.24,False,sz300997
20251225,16.82,8,10,-10.94,False,2,False,0,15.38,0.0,-4.85,-13.08,False,sz002951
20251124,7.77,0,0,5.02,True,10,True,10,7.67,16.99,0.0,0.0,False,sz300670
20240927,4.57,0,0,10.07,True,10,True,10,4.37,26.26,0.0,0.0,False,sz300291
20250625,48.23,10,10,-5.87,False,0,False,0,48.03,0.0,-4.53,-5.87,False,sz001314
20240920,4.33,0,0,92.61,True,10,True,10,4.02,92.61,0.0,0.0,True,sz002583
20240926,3.77,0,0,3.18,True,10,True,10,3.76,16.18,0.0,0.0,False,sz000090
20240829,24.38,5,9,-5.05,False,5,False,1,23.9,1.19,-1.88,-5.05,False,sz300545
20240927,2.09,0,0,23.44,True,10,True,10,2.03,34.93,0.0,0.0,True,sz002219
20240925,13.7,0,0,13.65,True,10,True,10,13.5,34.89,0.0,0.0,False,sz300612
20251020,8.0,0,0,3.37,True,10,True,10,7.96,9.87,0.0,0.0,False,sz003037
20240923,11.88,1,2,26.18,False,9,False,8,11.72,47.22,-0.04,-1.77,True,sz300188
20250624,19.28,2,1,3.01,False,8,False,9,19.24,3.01,-0.29,-0.31,False,sz300873
20240731,4.23,9,10,-7.79,False,1,False,0,4.19,0.0,-8.73,-8.97,False,sz300375
20250804,91.2,4,7,1.83,False,6,False,3,90.72,1.83,-1.89,-3.07,False,sz301596
20250625,47.3,0,0,3.7,True,10,True,10,46.74,4.42,0.0,0.0,False,sz001339
20240801,3.9,0,4,-1.28,True,10,False,6,3.83,3.85,0.0,-1.28,False,sz000909
20240927,9.41,1,4,1.17,False,9,False,6,9.25,10.95,-0.42,-2.02,False,sz000722
20240823,4.51,4,5,-3.55,False,6,False,5,4.44,6.43,-3.07,-4.66,False,sz002231
20251024,47.44,0,2,7.67,True,10,False,8,47.2,10.56,0.0,-0.21,False,sz301173
20240930,18.98,0,1,28.56,True,10,False,9,16.84,28.56,0.0,-2.85,True,sz300523
20250624,44.32,6,9,-7.08,False,4,False,1,43.11,0.9,-8.13,-8.91,False,sz002979
20240930,27.56,0,9,-0.47,True,10,False,1,25.41,11.76,0.0,-5.59,False,sz300617
20240927,31.13,6,8,-8.87,False,4,False,2,30.24,10.09,-8.87,-11.76,False,sz000921
20260113,24.83,1,1,2.05,False,9,False,9,24.44,5.44,-0.58,-1.53,False,sz300815
20240924,1.74,3,5,-5.17,False,7,False,5,1.74,5.75,-4.06,-7.47,False,sz002586
20240930,7.06,0,9,-7.79,True,10,False,1,6.21,8.78,0.0,-7.79,False,sz300313
20260408,55.2,3,3,7.36,False,4,False,4,54.96,9.24,-2.45,-2.72,False,sz301097
20240927,2388.48,0,0,24.77,True,10,True,10,2197.65,32.18,0.0,0.0,True,sz399652
20240926,14.88,0,0,11.63,True,10,True,10,14.6,22.65,0.0,0.0,False,sz002401
20251015,25.85,6,7,-2.98,False,4,False,3,25.56,1.24,-3.55,-4.1,False,sz300992
20240806,7.1,10,10,-6.2,False,0,False,0,7.05,0.0,-6.16,-6.2,False,sz002166
20260316,26.03,9,9,-7.57,False,1,False,1,25.99,0.46,-11.22,-11.26,False,sz001296
20260112,42.76,8,9,-5.12,False,2,False,1,42.25,0.14,-4.34,-5.36,False,sz301310
20240926,9.0,0,0,1.44,True,10,True,10,8.85,17.22,0.0,0.0,False,sz000026
20240926,3.39,0,0,7.67,True,10,True,10,3.34,22.42,0.0,0.0,False,sz002535
20240815,4.0,9,10,-27.5,False,1,False,0,3.52,0.0,-19.62,-31.75,False,sz300269
20250624,30.35,0,0,11.37,True,10,True,10,29.99,11.37,0.0,0.0,False,sz300688
20240926,3.09,0,0,9.06,True,10,True,10,2.92,32.69,0.0,0.0,False,sz300094
20240926,4.81,0,0,3.33,True,10,True,10,4.81,17.46,0.0,0.0,False,sz000541
20240809,1.62,6,6,14.81,False,4,False,4,1.61,14.81,-11.22,-12.35,False,sz002052
20240930,4.89,0,7,1.02,True,10,False,3,4.55,5.31,0.0,-5.31,False,sz002328
20240910,3.18,3,7,2.83,False,7,False,3,3.09,2.83,-2.99,-6.6,False,sz000068
20251013,22.57,7,6,4.83,False,3,False,4,22.43,4.83,-3.98,-3.85,False,sz300921
20241008,21.43,7,10,-11.39,False,3,False,0,18.09,0.0,-8.5,-24.92,False,sz300280
20240919,8.76,0,0,33.33,True,10,True,10,8.51,34.93,0.0,0.0,True,sz002786
20240829,2.16,9,9,-1.39,False,1,False,1,2.15,0.0,-1.36,-2.31,False,sz200029
20240820,11.31,1,9,-4.07,False,9,False,1,10.87,0.97,-2.42,-6.45,False,sz300113
20240809,9.22,2,2,8.13,False,8,False,8,9.18,18.66,-4.99,-5.21,False,sz002861
20240927,5.93,0,0,5.73,True,10,True,10,5.89,9.44,0.0,0.0,False,sz000791
20240731,7.95,7,9,-1.38,False,3,False,1,7.79,0.0,-6.66,-8.55,False,sz300417
20240815,6420.35,0,0,0.4,True,10,True,10,6371.25,4.59,0.0,0.0,False,sz399431
20251015,13.92,10,9,-3.38,False,0,False,1,13.91,0.36,-4.46,-3.38,False,sz301009
20240829,6.39,0,4,1.41,True,10,False,6,6.23,1.41,0.0,-1.88,False,sz300170
20240926,3.75,0,0,32.27,True,10,True,10,3.65,50.93,0.0,0.0,True,sz300459
20240809,1.68,10,10,-13.1,False,0,False,0,1.68,0.0,-12.37,-13.1,False,sz002305
20251010,32.14,3,8,1.31,False,7,False,2,31.62,1.52,-1.16,-2.33,False,sz301373
20250908,32.87,9,9,-3.22,False,1,False,1,32.78,0.21,-5.21,-4.96,False,sz300722
20251114,43.96,10,10,-4.57,False,0,False,0,43.87,0.0,-9.95,-9.92,False,sz301520
20240925,2475.9,0,0,25.28,True,10,True,10,2461.14,30.17,0.0,0.0,True,sz399965
20240930,3.16,0,9,-5.38,True,10,False,1,2.91,6.65,0.0,-6.65,False,sz002662
20260109,72.09,0,0,7.88,True,10,True,10,71.3,13.77,0.0,0.0,False,sz301047
20240926,1161.13,0,0,10.74,True,10,True,10,1147.91,34.6,0.0,0.0,False,sz399682
20250904,3.45,0,0,2.61,True,10,True,10,3.44,5.22,0.0,0.0,False,sz002969
20250715,38.0,3,5,20.26,False,7,False,5,37.61,20.26,-1.01,-2.32,True,sz300781
20240927,14.0,0,0,11.21,True,10,True,10,13.63,24.71,0.0,0.0,False,sz300360
20251015,119.98,1,3,2.65,False,9,False,7,116.04,4.92,-1.67,-4.34,False,sz300866
20240808,5.81,9,10,-14.11,False,1,False,0,5.51,0.0,-9.41,-14.11,False,sz000952
20251125,60.94,0,2,5.09,True,10,False,8,60.42,7.24,0.0,-0.39,False,sz301219
20240801,21.66,10,10,-8.73,False,0,False,0,21.59,0.0,-9.62,-9.28,False,sz300054
20251205,19.17,7,8,-3.55,False,3,False,2,18.73,0.26,-3.88,-4.96,False,sz003022
20240930,12.49,3,7,1.68,False,7,False,3,11.9,14.01,-1.29,-6.0,False,sz300607
20240930,4.0,9,9,-3.5,False,1,False,1,3.93,0.25,-5.2,-7.5,False,sz002092
20240731,22.27,10,10,-12.57,False,0,False,0,22.24,0.0,-12.79,-12.84,False,sz002472
20260327,56.26,0,2,2.44,True,10,False,8,54.36,9.99,0.0,-1.42,False,sz301257
20240927,4.97,0,0,6.64,True,10,True,10,4.85,17.1,0.0,0.0,False,sz002115
20240930,11.47,0,4,2.18,True,10,False,6,10.27,10.2,0.0,-7.15,False,sz300649
20240930,8.15,0,0,89.08,True,10,True,10,7.3,89.08,0.0,0.0,True,sz300284
20240930,11.32,6,9,-9.19,False,4,False,1,10.56,4.5,-4.28,-10.51,False,sz002242
20251031,18.98,0,0,6.01,True,10,True,10,18.85,6.95,0.0,0.0,False,sz300982
20240816,4.47,7,7,-4.92,False,3,False,3,4.43,10.96,-7.77,-9.4,False,sz300079
20260203,21.3,8,9,18.03,False,2,False,1,21.21,18.03,-5.3,-5.49,False,sz301100
20260107,9.51,0,0,3.36,True,10,True,10,9.47,4.42,0.0,0.0,False,sz001286
20240927,8.53,1,1,16.3,False,9,False,9,8.47,16.3,-0.31,-1.41,False,sz002725
20251124,19.4,3,3,2.58,False,7,False,7,19.29,2.58,-0.88,-1.13,False,sz301429
20240731,11.59,9,9,-4.83,False,1,False,1,11.49,3.19,-8.84,-9.06,False,sz300499
20240802,10.6,0,0,7.55,True,10,True,10,10.44,10.19,0.0,0.0,False,sz300550
20240906,1.71,0,2,6.43,True,10,False,8,1.69,9.94,0.0,-1.75,False,sz002596
20240815,4.77,7,8,2.1,False,3,False,2,4.74,2.1,-3.34,-3.98,False,sz300303
20250701,27.72,3,4,0.07,False,7,False,6,27.28,5.7,-0.72,-2.24,False,sz003041
20250721,51.9,3,3,-1.1,False,7,False,7,51.81,7.03,-2.13,-2.66,False,sz001301
20250701,32.91,1,1,7.99,False,9,False,9,32.89,7.99,-0.64,-0.73,False,sz301087
20240927,28.81,0,0,24.26,True,10,True,10,28.02,24.26,0.0,0.0,True,sz002338
20260324,11.95,0,1,8.62,True,10,False,9,11.27,9.12,0.0,-0.17,False,sz300931
20251015,39.42,7,3,3.17,False,3,False,7,39.4,4.64,-2.58,-2.26,False,sz301287
20240807,8.93,8,9,1.12,False,2,False,1,8.71,1.12,-6.79,-8.4,False,sz002796
20240801,4.38,0,5,2.28,True,10,False,5,4.18,2.28,0.0,-2.97,False,sz300103
20240923,3.66,0,0,3.28,True,10,True,10,3.61,17.21,0.0,0.0,False,sz000665
20240910,5.38,2,4,5.01,False,8,False,6,5.36,5.01,-0.96,-1.67,False,sz002376
20250709,7.27,0,0,1.79,True,10,True,10,7.24,3.3,0.0,0.0,False,sz002797
20240816,4.59,8,9,2.4,False,2,False,1,4.52,2.4,-5.35,-7.19,False,sz300279
20240927,19819.08,1,4,-1.98,False,9,False,6,18998.1,11.28,-0.54,-4.91,False,sz399396
20240925,5.13,0,0,16.39,True,10,True,10,4.99,20.48,0.0,0.0,False,sz000498
20240731,6.5,8,9,-15.08,False,2,False,1,5.98,3.08,-11.34,-16.77,False,sz002611
20240927,15.33,1,1,8.81,False,9,False,9,15.2,29.81,-0.46,-1.11,False,sz300580
20250724,19.07,5,8,-2.41,False,5,False,2,18.97,0.16,-2.14,-3.57,False,sz301363
20240925,8.91,0,0,8.64,True,10,True,10,8.78,31.86,0.0,0.0,False,sz000828
20240926,3.56,0,0,4.49,True,10,True,10,3.56,18.26,0.0,0.0,False,sz000055
20240927,1.86,0,2,0.0,True,10,False,8,1.81,12.9,0.0,-2.15,False,sz002021
20240731,12.4,3,10,-4.03,False,7,False,0,11.68,0.0,-0.75,-6.61,False,sz000532
20240927,8.66,0,0,2.77,True,10,True,10,8.53,6.58,0.0,0.0,False,sz200869
20240927,6.15,1,2,4.23,False,9,False,8,6.08,16.42,-0.78,-2.11,False,sz002292
20250624,27.35,1,4,-0.51,False,9,False,6,26.56,3.84,-0.11,-1.21,False,sz300952
20240927,20.45,2,2,7.73,False,8,False,8,20.41,9.54,-0.74,-0.98,False,sz002508
20240926,2.87,0,0,25.44,True,10,True,10,2.82,47.04,0.0,0.0,True,sz300165
20251209,66.9,2,6,-1.12,False,8,False,4,64.7,2.91,-2.82,-5.47,False,sz001400
20240927,5.6,0,0,3.93,True,10,True,10,5.52,17.14,0.0,0.0,False,sz002639
20251015,181.59,10,10,-11.3,False,0,False,0,177.71,0.0,-15.04,-15.76,False,sz300779
20240930,15.2,0,8,1.12,True,10,False,2,13.61,10.0,0.0,-8.29,False,sz300402
20240927,2501.54,0,0,22.49,True,10,True,10,2340.72,33.4,0.0,0.0,True,sz399697
20240930,9.64,7,9,-11.31,False,3,False,1,8.95,1.45,-5.68,-12.66,False,sz000537
20240930,20.25,4,9,-3.36,False,6,False,1,18.7,4.74,-1.44,-9.08,False,sz002859
20240927,2616.65,0,0,17.43,True,10,True,10,2441.2,25.23,0.0,0.0,False,sz399970
20241008,7.9,10,10,-8.86,False,0,False,0,7.66,0.0,-8.28,-12.15,False,sz002677
20251219,20.69,0,2,9.62,True,10,False,8,20.22,9.62,0.0,-1.88,False,sz301535
20251105,5.04,1,1,1.39,False,9,False,9,5.03,5.36,-0.25,-0.4,False,sz300737
20240903,1.39,3,6,-5.76,False,7,False,4,1.37,4.32,-2.71,-5.76,False,sz002310
20250625,81.08,6,9,-0.94,False,4,False,1,78.47,0.11,-2.78,-5.24,False,sz301031
20251224,122.0,5,5,12.14,False,5,False,5,121.18,15.87,-2.53,-3.06,False,sz301662
20240925,5.34,0,1,16.29,True,10,False,9,5.05,46.44,0.0,-0.19,False,sz300081
20240904,4.49,2,3,-10.69,False,8,False,7,4.47,32.96,-8.84,-10.69,False,sz002520
20260324,24.83,2,9,2.22,False,8,False,1,23.47,2.22,-1.98,-6.52,False,sz301305
20240930,4.45,0,4,9.89,True,10,False,6,4.13,9.89,0.0,-6.74,False,sz002793
20251020,22.26,0,0,5.62,True,10,True,10,21.9,5.62,0.0,0.0,False,sz001230
20240815,17.52,0,1,8.62,True,10,False,9,16.34,23.0,0.0,-3.37,False,sz300461
20251113,25.75,10,10,-4.58,False,0,False,0,25.61,0.0,-9.18,-8.93,False,sz301282
20240924,5.17,0,0,22.43,True,10,True,10,5.05,43.9,0.0,0.0,True,sz300232
20240731,8.42,9,9,-8.43,False,1,False,1,8.32,0.0,-8.01,-8.91,False,sz000800
20240927,8027.49,0,0,5.72,True,10,True,10,7888.55,23.81,0.0,0.0,False,sz399647
20250829,18.86,7,9,-1.11,False,3,False,1,18.42,0.11,-4.2,-6.15,False,sz301082
20240927,61.46,0,0,19.26,True,10,True,10,56.43,42.43,0.0,0.0,False,sz300661
20240829,9.33,0,9,-2.47,True,10,False,1,8.92,2.79,0.0,-4.18,False,sz300306
20251124,11.74,1,2,2.21,False,9,False,8,11.63,3.15,-0.2,-0.43,False,sz300800
20250701,57.0,1,1,9.42,False,9,False,9,56.06,10.79,-0.13,-1.79,False,sz001283
20240927,7.07,1,1,3.68,False,9,False,9,6.94,11.74,-1.74,-4.24,False,sz002173
20240731,7.85,8,10,-11.21,False,2,False,0,7.54,0.0,-7.53,-11.21,False,sz300348
20250624,17.95,0,1,2.4,True,10,False,9,17.71,2.4,0.0,-0.28,False,sz002888
20251017,24.71,0,0,60.26,True,10,True,10,24.42,60.26,0.0,0.0,True,sz301231
20240805,6.84,8,9,-10.82,False,2,False,1,6.52,6.73,-7.75,-11.4,False,sz002414
20240926,3.95,0,0,4.3,True,10,True,10,3.84,15.95,0.0,0.0,False,sz002743
20250924,30.74,7,5,0.29,False,3,False,5,30.67,1.14,-1.35,-1.17,False,sz301166
20250630,24.93,0,2,7.34,True,10,False,8,24.58,7.34,0.0,-0.32,False,sz301252
20240927,4.04,0,0,5.94,True,10,True,10,4.04,10.64,0.0,0.0,False,sz002224
20240731,8.93,9,10,-7.05,False,1,False,0,8.65,0.0,-7.46,-7.39,False,sz000737
20240814,14.09,3,4,-3.83,False,7,False,6,13.91,5.39,-2.27,-4.26,False,sz300578
20240930,6.52,4,9,-0.61,False,6,False,1,6.3,5.67,-3.52,-7.52,False,sz002097
20240926,7.44,0,0,9.54,True,10,True,10,7.32,17.88,0.0,0.0,False,sz000779
20241024,7.68,5,7,-7.42,False,5,False,3,7.58,13.41,-9.27,-13.67,False,sz300536
20240926,6.13,0,0,0.65,True,10,True,10,5.98,13.37,0.0,0.0,False,sz002772
20250728,50.23,0,1,10.11,True,10,False,9,49.47,10.11,0.0,-0.44,False,sz301157
20240927,3.98,0,2,0.25,True,10,False,8,3.86,14.57,0.0,-1.76,False,sz002121
20260120,32.71,3,7,-3.82,False,7,False,3,32.26,5.32,-1.2,-3.82,False,sz301263
20240926,5.52,0,0,8.15,True,10,True,10,5.49,17.21,0.0,0.0,False,sz000928
20240927,6.05,0,0,7.11,True,10,True,10,5.86,19.01,0.0,0.0,False,sz002446
20251203,37.73,0,0,15.08,True,10,True,10,36.71,15.08,0.0,0.0,False,sz002913
20240930,36.21,9,9,-10.3,False,1,False,1,35.94,8.78,-15.06,-16.16,False,sz300633
20250624,7.49,0,3,1.47,True,10,False,7,7.42,1.74,0.0,-0.8,False,sz003016
20250624,31.48,1,2,5.24,False,9,False,8,31.09,5.24,-0.05,-0.76,False,sz300852
20240930,4.76,2,9,-6.94,False,8,False,1,4.41,3.57,-0.54,-7.99,False,sz000966
20240930,36.28,6,9,-2.32,False,4,False,1,34.05,11.58,-4.81,-11.13,False,sz300354
20240926,3.27,0,0,11.32,True,10,True,10,3.24,26.93,0.0,0.0,False,sz002392
20240927,12.19,0,1,4.84,True,10,False,9,11.8,15.51,0.0,-0.49,False,sz000681
20251023,38.82,4,6,-0.31,False,6,False,4,38.36,4.1,-2.16,-3.17,False,sz001335
20240930,12.88,9,9,-7.77,False,1,False,1,12.77,17.01,-11.13,-12.11,False,sz300003
20240927,8.15,1,3,0.74,False,9,False,7,8.11,13.37,-2.08,-3.31,False,sz002238
20250703,14.72,4,4,1.29,False,6,False,6,14.69,1.29,-1.69,-1.97,False,sz300831
20240926,21.4,0,0,14.21,True,10,True,10,20.41,25.09,0.0,0.0,False,sz002142
20241008,7.21,6,6,1.25,False,4,False,4,7.12,3.88,-2.25,-3.47,False,sz000598
20240925,1.25,0,0,13.6,True,10,True,10,1.22,35.2,0.0,0.0,False,sz000882
20260121,8.18,1,3,11.74,False,9,False,7,8.0,21.27,-0.05,-2.44,False,sz300798
20240927,7.43,2,4,-1.75,False,8,False,6,7.36,13.73,-2.25,-4.04,False,sz002276
20250804,44.98,0,0,5.56,True,10,True,10,43.36,7.0,0.0,0.0,False,sz301000
20240910,18.81,0,2,12.81,True,10,False,8,17.61,12.81,0.0,-1.28,False,sz002625
20250630,17.94,0,10,-7.86,True,10,False,0,15.3,0.0,0.0,-8.47,False,sz300882
20240830,12.66,5,7,-0.32,False,5,False,3,12.64,1.19,-2.61,-2.84,False,sz300384
20250905,41.12,1,2,1.53,False,9,False,8,40.78,5.23,-0.04,-1.12,False,sz301567
20240731,33.7,0,0,0.3,True,10,True,10,33.19,3.23,0.0,0.0,False,sz000651
20250918,51.8,5,10,-15.06,False,5,False,0,49.59,0.0,-12.7,-15.06,False,sz300765
20240814,2020.01,7,7,-2.11,False,3,False,3,2009.2,0.91,-2.51,-2.57,False,sz399438
20251110,16.21,6,6,-5.74,False,4,False,4,16.16,0.99,-7.29,-6.97,False,sz001201
20240930,19.29,2,7,-0.67,False,8,False,3,17.75,20.06,-2.06,-11.4,False,sz300450
20240930,2.46,10,10,-19.92,False,0,False,0,2.46,0.0,-18.92,-19.92,False,sz002496
20250624,30.94,0,3,5.24,True,10,False,7,29.89,5.24,0.0,-2.23,False,sz301529
20240813,5.8,8,8,-16.21,False,2,False,2,5.52,20.0,-12.25,-16.72,False,sz300599
20240927,34.27,0,6,-1.4,True,10,False,4,32.04,19.23,0.0,-4.35,False,sz002192
20240731,4.23,10,10,-3.55,False,0,False,0,4.21,0.0,-3.06,-3.55,False,sz000548
20240731,8.17,0,1,3.79,True,10,False,9,8.16,5.38,0.0,-0.24,False,sz002826
20251125,21.61,9,10,-4.58,False,1,False,0,21.31,0.0,-4.32,-4.58,False,sz300966
20260408,47.2,0,0,44.89,True,7,True,7,45.74,44.89,0.0,0.0,True,sz301319
20250815,32.02,0,5,-0.69,True,10,False,5,31.05,2.56,0.0,-2.62,False,sz300681
20240930,24.22,0,5,8.51,True,10,False,5,20.72,20.07,0.0,-6.94,False,sz300260
20240904,2.36,7,10,-0.85,False,3,False,0,2.35,0.0,-3.64,-4.66,False,sz200020
20250923,8.16,0,0,1.1,True,10,True,10,8.13,1.1,0.0,0.0,False,sz200429
20260116,191.37,4,10,-6.27,False,6,False,0,183.89,0.0,-4.27,-7.49,False,sz301630
20240926,14.31,0,0,12.09,True,10,True,10,14.31,19.78,0.0,0.0,False,sz002572
20250702,34.45,7,10,-1.94,False,3,False,0,33.93,0.0,-2.21,-3.19,False,sz300928
20240919,5.45,0,0,13.39,True,10,True,10,5.31,20.55,0.0,0.0,False,sz000061
20260302,148.14,10,10,-17.92,False,0,False,0,142.84,0.0,-14.0,-17.92,False,sz301357
20260309,9.94,2,2,-0.1,False,8,False,8,9.94,4.12,-0.8,-0.8,False,sz001965
20240820,9.04,10,10,-21.57,False,0,False,0,8.76,0.0,-19.29,-22.68,False,sz300478
20240926,3.3,0,0,1.82,True,10,True,10,3.27,10.91,0.0,0.0,False,sz000637
20251105,27.01,6,4,-5.29,False,4,False,6,26.91,5.55,-7.87,-5.29,False,sz300703
20240930,9.18,9,9,-12.96,False,1,False,1,8.76,4.36,-11.13,-16.88,False,sz002324
20250624,15.07,0,2,7.63,True,10,False,8,14.75,7.63,0.0,-0.13,False,sz301066
20250703,32.88,2,2,0.94,False,8,False,8,32.86,2.25,-0.17,-0.33,False,sz001229
20250626,10.62,2,0,1.51,False,8,True,10,10.56,12.62,-1.11,0.0,False,sz000856
20240807,7.82,5,9,-16.24,False,5,False,1,6.72,0.26,-3.63,-16.24,False,sz300265
20251205,91.85,0,0,9.95,True,10,True,10,80.96,32.41,0.0,0.0,False,sz301486
20240806,17.44,0,0,32.91,True,10,True,10,17.32,58.26,0.0,0.0,True,sz300436
20240927,1605.9,0,0,12.64,True,10,True,10,1570.93,23.71,0.0,0.0,False,sz399410
20240805,3.43,4,8,-14.58,False,6,False,2,3.31,9.91,-10.73,-14.58,False,sz000679
20240926,7.37,0,0,4.21,True,10,True,10,7.23,16.96,0.0,0.0,False,sz002539
20250624,11.97,0,4,2.84,True,10,False,6,11.55,2.84,0.0,-1.5,False,sz301028
20241017,4.12,0,0,17.96,True,10,True,10,4.08,22.09,0.0,0.0,False,sz002197
20240731,15.6,1,5,-3.27,False,9,False,5,15.03,1.41,-1.12,-3.27,False,sz300151
20240911,8.94,2,6,9.28,False,8,False,4,8.88,9.28,-1.19,-2.8,False,sz300206
20240808,3.82,10,10,-8.12,False,0,False,0,3.77,0.0,-7.14,-8.12,False,sz300132
20250630,59.65,4,9,0.47,False,6,False,1,58.88,0.47,-1.71,-3.12,False,sz301618
20260206,31.3,10,10,-10.48,False,0,False,0,30.83,0.0,-7.41,-10.48,False,sz301331
20251020,41.59,8,9,-5.89,False,2,False,1,40.77,0.26,-6.98,-6.92,False,sz002988
20240902,5.29,10,10,-22.12,False,0,False,0,5.05,0.0,-14.56,-22.12,False,sz002514
20240903,6.77,7,7,0.0,False,3,False,3,6.77,0.74,-2.5,-3.99,False,sz300248
20250506,4.03,0,2,1.99,True,10,False,8,4.02,1.99,0.0,-0.25,False,sz200521
20240926,2.79,0,0,9.32,True,10,True,10,2.77,17.92,0.0,0.0,False,sz002620
20240927,7.4,0,1,6.08,True,10,False,9,7.24,15.81,0.0,-0.54,False,sz002073
20250624,89.88,3,3,-1.0,False,7,False,7,88.38,6.14,-2.7,-1.61,False,sz300454
20240830,2.5,2,9,-2.0,False,8,False,1,2.38,0.8,-1.4,-4.81,False,sz000560
20240923,5.11,0,0,12.72,True,10,True,10,4.98,24.46,0.0,0.0,False,sz002420
20240930,14.86,0,5,4.78,True,10,False,5,13.79,11.78,0.0,-4.04,False,sz300181
20240925,3.58,0,0,9.78,True,10,True,10,3.56,18.72,0.0,0.0,False,sz000900
20240930,6.0,0,7,-6.17,True,10,False,3,5.4,13.17,0.0,-9.33,False,sz300332
20240927,1262.04,0,0,19.62,True,10,True,10,1174.98,25.91,0.0,0.0,False,sz399994
20240909,2.76,0,3,7.61,True,10,False,7,2.64,8.33,0.0,-4.35,False,sz300006
20240927,7.28,0,0,48.25,True,10,True,10,7.04,48.25,0.0,0.0,True,sz300655
20241028,3.17,0,4,6.62,True,10,False,6,3.07,8.2,0.0,-2.52,False,sz002109
20240926,1686.83,0,0,20.4,True,10,True,10,1645.24,51.62,0.0,0.0,True,sz399673
20260209,3.22,9,9,-2.8,False,1,False,1,3.22,0.0,-2.4,-3.11,False,sz002958
20250812,85.66,0,0,17.88,True,10,True,10,80.19,25.38,0.0,0.0,False,sz300857
20240806,23.6,1,2,-1.36,False,9,False,8,23.21,4.74,-0.01,-1.36,False,sz300298
20250819,48.93,1,1,-2.66,False,9,False,9,48.73,6.27,-0.21,-2.66,False,sz300679
20251106,28.12,1,1,41.93,False,9,False,9,27.55,50.07,-4.73,-6.69,True,sz301228
20240930,12.49,9,10,-10.01,False,1,False,0,11.97,0.0,-11.89,-16.97,False,sz002739
20260401,231.0,3,3,16.94,False,7,False,7,226.36,23.71,-6.06,-7.89,False,sz002916
20240927,17.09,1,1,11.76,False,9,False,9,17.08,17.96,-3.5,-2.81,False,sz000099
20250905,25.12,5,5,-5.29,False,5,False,5,25.02,3.9,-3.73,-5.29,False,sz300819
20240806,1.54,10,10,-6.49,False,0,False,0,1.54,0.0,-6.41,-6.49,False,sz002210
20250924,27.06,0,2,7.17,True,10,False,8,26.44,16.22,0.0,-1.22,False,sz301152
20240927,15.46,0,0,28.4,True,10,True,10,15.23,28.4,0.0,0.0,True,sz002777
20240815,3.01,6,10,-11.96,False,4,False,0,2.72,0.0,-7.43,-17.28,False,sz300148
20240927,5.89,0,0,1.7,True,10,True,10,5.78,12.73,0.0,0.0,False,sz002614
20240927,5.22,0,0,7.47,True,10,True,10,5.1,18.19,0.0,0.0,False,sz000554
20240927,1.75,0,0,6.29,True,10,True,10,1.67,14.29,0.0,0.0,False,sz002047
20240930,9.43,0,6,9.44,True,10,False,4,8.79,9.97,0.0,-4.03,False,sz002373
20240927,3731.02,0,0,19.82,True,10,True,10,3554.59,29.16,0.0,0.0,False,sz399409
20250703,91.66,3,5,11.84,False,7,False,5,89.2,11.84,-1.17,-3.4,False,sz301556
20240924,5.21,0,0,28.4,True,10,True,10,4.94,40.49,0.0,0.0,True,sz000987
20240924,2669.22,0,0,22.75,True,10,True,10,2667.98,31.33,0.0,0.0,True,sz399393
20240823,7.0,0,3,-4.71,True,10,False,7,6.5,42.57,0.0,-4.71,False,sz300106
20240930,12.78,1,9,-3.6,False,9,False,1,11.83,5.79,-1.44,-9.15,False,sz002009
20260408,39.99,0,0,5.03,True,7,True,7,39.07,6.2,0.0,0.0,False,sz301518
20240927,5.69,0,1,1.93,True,10,False,9,5.58,11.95,0.0,-0.18,False,sz002817
20240930,8.7,7,9,-5.75,False,3,False,1,7.96,6.9,-3.52,-12.3,False,sz300251
20240731,6.37,6,6,-5.02,False,4,False,4,6.31,2.2,-5.02,-5.02,False,sz002297
20251110,59.68,0,1,0.02,True,10,False,9,58.27,3.9,0.0,-0.72,False,sz002991
20250627,41.82,5,8,-1.43,False,5,False,2,41.37,0.43,-1.23,-2.53,False,sz301328
20251009,45.81,1,3,-0.41,False,9,False,7,45.12,2.95,-0.29,-1.59,False,sz300957
20240926,3.62,0,5,-2.21,True,10,False,5,3.46,9.67,0.0,-2.49,False,sz000863
20240731,12.3,9,9,-8.21,False,1,False,1,12.0,0.16,-7.36,-9.11,False,sz300398
20250718,34.89,1,4,-2.06,False,9,False,6,34.44,2.21,-1.03,-2.06,False,sz301601
20240919,1.38,0,0,10.87,True,10,True,10,1.37,18.84,0.0,0.0,False,sz002024
20240802,3.64,7,8,-1.37,False,3,False,2,3.61,3.57,-1.71,-2.47,False,sz200011
20250725,37.7,0,0,3.45,True,10,True,10,37.09,7.19,0.0,0.0,False,sz301366
20240813,12.26,1,2,-4.65,False,9,False,8,11.99,4.32,-3.29,-4.65,False,sz300585
20240930,12.98,0,4,14.33,True,10,False,6,12.15,14.33,0.0,-4.85,False,sz000603
20240930,10.03,0,9,-6.0,True,10,False,1,9.36,5.98,0.0,-6.2,False,sz002543
20240925,1222.2,0,0,33.28,True,10,True,10,1213.78,45.14,0.0,0.0,True,sz399239
20250718,33.46,2,1,-0.39,False,8,False,9,33.45,4.57,-0.45,-0.39,False,sz300919
20240927,7.37,0,1,3.12,True,10,False,9,7.27,18.59,0.0,-0.27,False,sz000050
20250317,16.65,1,7,-1.99,False,9,False,3,16.44,0.51,-0.94,-1.99,False,sz000403
20240926,3.31,0,8,-3.93,True,10,False,2,3.14,9.67,0.0,-3.93,False,sz002110
20250724,16.92,6,6,2.96,False,4,False,4,16.83,3.13,-3.64,-4.37,False,sz002922
20240806,6.5,2,1,-2.0,False,8,False,9,6.48,2.31,-2.32,-2.0,False,sz000919
20250703,49.29,4,4,6.43,False,6,False,6,48.89,6.43,-1.63,-2.29,False,sz301128
20240925,1.44,0,0,48.61,True,10,True,10,1.39,60.42,0.0,0.0,True,sz300198
20240927,7.88,0,1,10.41,True,10,False,9,7.41,26.9,0.0,-1.9,False,sz300051
20251215,19.67,3,3,17.69,False,7,False,7,19.6,17.69,-2.37,-2.59,False,sz003027
20240821,15.06,4,4,-2.19,False,6,False,6,14.96,3.25,-3.1,-3.72,False,sz300602
20251031,23.88,9,9,0.5,False,1,False,1,23.76,0.5,-3.59,-3.85,False,sz001367
20250721,54.83,3,9,-0.6,False,7,False,1,54.27,0.09,-1.77,-2.94,False,sz300784
20250901,54.07,10,10,-8.42,False,0,False,0,53.7,0.0,-6.9,-8.42,False,sz301586
20240830,5.23,9,10,-10.33,False,1,False,0,5.09,0.0,-6.88,-10.33,False,sz300365
20240930,17.19,0,7,1.8,True,10,False,3,16.03,10.01,0.0,-6.11,False,sz002439
20260324,50.98,2,2,4.65,False,8,False,8,50.72,8.67,-3.05,-2.04,False,sz300863
20240927,10.0,4,4,1.0,False,6,False,6,9.9,13.6,-2.77,-2.5,False,sz000957
20240815,3.73,8,9,-12.06,False,2,False,1,3.64,7.24,-12.57,-16.35,False,sz300032
20240806,8.37,10,10,-8.48,False,0,False,0,8.15,0.0,-6.96,-8.84,False,sz002209
20240805,6.09,1,1,0.16,False,9,False,9,6.05,3.61,-0.92,-1.64,False,sz300555
20240930,3.13,0,9,-6.39,True,10,False,1,2.89,4.15,0.0,-7.67,False,sz002593
20240910,4.57,8,9,13.13,False,2,False,1,4.53,13.13,-6.2,-7.44,False,sz300281
20240801,1.46,5,6,6.85,False,5,False,4,1.45,6.85,-2.55,-3.42,False,sz002247
20250625,11.17,2,10,-0.27,False,8,False,0,11.07,0.0,-0.45,-1.52,False,sz002941
20251104,18.61,10,10,-1.77,False,0,False,0,18.4,0.0,-4.64,-4.89,False,sz300987
20240930,3.25,9,9,-8.31,False,1,False,1,3.13,2.77,-3.86,-8.62,False,sz000698
20240927,2.81,0,0,2.85,True,10,True,10,2.77,13.52,0.0,0.0,False,sz000751
20251210,43.91,1,8,-5.31,False,9,False,2,40.08,3.32,-1.12,-7.42,False,sz301234
20241022,1.43,0,1,26.57,True,10,False,9,1.33,27.27,0.0,-3.5,True,sz300117
20240930,8.6,8,9,-10.58,False,2,False,1,8.22,8.72,-8.45,-14.42,False,sz002176
20250630,11.0,3,4,0.45,False,7,False,6,10.83,3.27,-2.03,-3.82,False,sz300805
20240806,4.11,9,10,-3.41,False,1,False,0,4.08,0.0,-3.02,-3.41,False,sz000931
20240927,1541.24,0,0,8.39,True,10,True,10,1454.06,16.99,0.0,0.0,False,sz399642
20240927,25.56,0,0,10.56,True,10,True,10,24.85,13.89,0.0,0.0,False,sz002138
20240830,32.12,1,7,-5.76,False,9,False,3,31.8,2.65,-2.93,-5.76,False,sz300037
20240930,17.05,0,8,2.93,True,10,False,2,14.69,13.08,0.0,-12.02,False,sz300533
20240731,15.79,9,10,-6.08,False,1,False,0,15.46,0.0,-4.43,-6.08,False,sz000581
20240930,8.16,3,7,7.84,False,7,False,3,7.7,7.84,-4.13,-9.8,False,sz002708
20240926,8.72,2,3,-2.64,False,8,False,7,8.59,11.24,-1.11,-2.64,False,sz002221
20250912,16.61,7,9,-3.37,False,3,False,1,16.56,1.32,-2.62,-3.37,False,sz300828
20250627,14.19,0,0,6.84,True,10,True,10,14.05,10.99,0.0,0.0,False,sz002927
20240927,5.5,3,6,-1.09,False,7,False,4,5.46,9.09,-2.31,-3.45,False,sz002746
20251124,27.42,2,2,3.17,False,8,False,8,27.38,3.83,-2.51,-1.68,False,sz301163
20240927,3.34,0,0,3.89,True,10,True,10,3.23,17.07,0.0,0.0,False,sz002546
20240927,26.15,0,0,8.8,True,10,True,10,25.91,18.74,0.0,0.0,False,sz002315
20240813,4.41,0,0,0.45,True,10,True,10,4.39,7.48,0.0,0.0,False,sz300449
20240927,2839.86,0,0,12.51,True,10,True,10,2761.36,30.57,0.0,0.0,False,sz399692
20260408,32.59,4,7,-1.41,False,3,False,0,31.99,0.0,-2.42,-3.56,False,sz301057
20240924,618.55,0,0,25.09,True,10,True,10,591.98,43.49,0.0,0.0,True,sz399975
20240927,3.92,0,0,12.5,True,10,True,10,3.88,13.27,0.0,0.0,False,sz002672
20240828,7.49,1,1,4.54,False,9,False,9,7.47,6.14,-1.81,-1.74,False,sz300407
20240805,8.68,2,3,0.46,False,8,False,7,8.52,5.07,-2.86,-3.69,False,sz300254
20240927,4.81,0,0,11.85,True,10,True,10,4.75,25.78,0.0,0.0,False,sz300160
20250627,21.64,7,6,0.55,False,3,False,4,21.39,1.76,-2.55,-2.36,False,sz001256
20240930,34.21,4,7,-4.5,False,6,False,3,33.06,10.0,-4.48,-9.12,False,sz002812
20250624,16.17,0,2,4.51,True,10,False,8,16.02,6.43,0.0,-0.99,False,sz301019
20240819,3.9,10,10,-9.23,False,0,False,0,3.87,0.0,-12.79,-14.36,False,sz300464
20240805,1.31,5,5,5.34,False,5,False,5,1.31,6.87,-2.97,-3.05,False,sz300237
20240806,2.42,3,9,-6.2,False,7,False,1,2.35,0.83,-3.32,-6.2,False,sz000078
20240913,8.12,4,7,14.78,False,6,False,3,7.84,14.78,-2.6,-6.16,False,sz002871
20250916,164.18,0,1,30.65,True,10,False,9,160.72,54.71,0.0,-0.96,True,sz301629
20251028,44.05,1,1,6.7,False,9,False,9,43.59,8.22,-0.97,-0.43,False,sz300698
20240731,3.05,10,10,-5.25,False,0,False,0,3.04,0.0,-4.92,-5.25,False,sz000036
20251020,39.01,0,2,5.74,True,10,False,8,37.27,8.46,0.0,-0.44,False,sz301300
20250813,76.37,1,1,11.54,False,9,False,9,75.94,14.74,-0.87,-1.61,False,sz300751
20241008,3.84,10,10,-8.85,False,0,False,0,3.68,0.0,-10.84,-15.88,False,sz002042
20240826,7.5,9,9,-6.11,False,1,False,1,7.48,0.33,-6.04,-6.11,False,sz000551
20240927,5.55,0,0,7.03,True,10,True,10,5.39,23.42,0.0,0.0,False,sz300084
20240927,11.66,0,0,24.88,True,10,True,10,11.09,36.81,0.0,0.0,True,sz300455
20240930,10.26,8,9,-11.99,False,2,False,1,9.58,1.66,-7.58,-14.53,False,sz002493
20250825,21.8,9,10,-10.37,False,1,False,0,21.6,0.0,-9.44,-10.46,False,sz300900
20240820,1.88,0,1,3.19,True,10,False,9,1.8,12.23,0.0,-1.06,False,sz002309
20241128,13.57,1,5,6.56,False,9,False,5,13.57,6.56,-0.6,-2.8,False,sz002840
20250624,35.71,2,6,0.48,False,8,False,4,35.14,2.69,-0.88,-2.94,False,sz301182
20251015,8.13,9,8,-1.11,False,1,False,2,8.08,1.23,-4.64,-5.04,False,sz300887
20240815,4.63,8,8,0.22,False,2,False,2,4.58,1.94,-8.47,-9.29,False,sz000007
20240730,6.24,0,3,-2.08,True,10,False,7,5.83,9.93,0.0,-2.72,False,sz300381
20250724,229.41,4,8,-0.56,False,6,False,2,228.47,2.57,-1.63,-2.11,False,sz300760
20240806,4.34,10,10,-16.36,False,0,False,0,4.2,0.0,-14.92,-17.28,False,sz002347
20240731,59.79,9,10,-4.78,False,1,False,0,59.16,0.0,-5.77,-6.42,False,sz000333
20240815,13.56,0,6,-4.72,True,10,False,4,12.81,7.96,0.0,-5.38,False,sz002577
20240809,15.86,4,6,-2.02,False,6,False,4,15.49,2.02,-1.37,-3.47,False,sz000819
20240731,3.46,8,10,-3.76,False,2,False,0,3.42,0.0,-2.94,-3.76,False,sz200025
20240926,3.86,0,0,2.85,True,10,True,10,3.84,18.13,0.0,0.0,False,sz002010
20240920,7.58,1,1,27.97,False,9,False,9,7.57,45.65,-0.99,-1.32,True,sz000503
20240930,10.27,4,7,-2.34,False,6,False,3,9.88,10.13,-2.58,-7.59,False,sz002643
20250905,18.61,6,6,-4.35,False,4,False,4,18.11,3.33,-6.42,-4.35,False,sz300963
20240926,1106.2,0,0,16.01,True,10,True,10,1102.85,40.21,0.0,0.0,False,sz399243
20250703,24.91,0,1,4.98,True,10,False,9,24.01,4.98,0.0,-1.69,False,sz300684
20240924,11.83,0,1,14.17,True,10,False,9,11.58,30.1,0.0,-0.59,False,sz002823
20240905,3.88,9,9,-2.84,False,1,False,1,3.84,2.58,-8.37,-9.54,False,sz300098
20251110,60.46,5,10,-7.62,False,5,False,0,58.71,0.0,-5.65,-9.05,False,sz002891
20240819,29.35,10,10,-6.06,False,0,False,0,29.2,0.0,-4.84,-6.06,False,sz000963
20240930,17.74,0,8,8.79,True,10,False,2,15.44,15.05,0.0,-7.78,False,sz300351
20240910,65.83,0,0,18.84,True,10,True,10,65.04,18.84,0.0,0.0,False,sz300502
20240927,2.24,0,3,2.23,True,10,False,7,2.15,13.84,0.0,-0.89,False,sz002397
20240930,9.19,9,9,-7.94,False,1,False,1,9.09,10.88,-10.45,-11.43,False,sz300636
20251128,15.13,7,7,-4.89,False,3,False,3,15.11,0.79,-5.11,-4.89,False,sz003013
20240924,6.67,0,0,41.23,True,10,True,10,6.59,59.82,0.0,0.0,True,sz300065
20240930,6.96,8,9,-10.77,False,2,False,1,6.68,3.02,-7.79,-11.77,False,sz000703
20250630,33.43,0,0,10.5,True,10,True,10,33.11,10.5,0.0,0.0,False,sz301266
20240926,6.82,0,0,10.7,True,10,True,10,6.82,30.65,0.0,0.0,False,sz300485
20240927,5.49,0,0,13.84,True,10,True,10,5.37,20.94,0.0,0.0,False,sz002443
20241008,2.39,1,2,8.79,False,9,False,8,2.39,10.46,-4.57,-5.02,False,sz002124
20240731,11.93,10,10,-10.9,False,0,False,0,11.71,0.0,-10.13,-10.9,False,sz000887
20250624,32.77,0,0,5.11,True,10,True,10,32.55,5.11,0.0,0.0,False,sz002975
20240913,15.72,4,4,27.86,False,6,False,6,15.71,27.86,-5.14,-5.15,True,sz002273
20251020,89.91,0,0,27.46,True,10,True,10,89.1,43.96,0.0,0.0,True,sz301205
20250717,10.91,0,0,4.22,True,10,True,10,10.76,13.75,0.0,0.0,False,sz300654
20250624,24.01,0,2,2.92,True,10,False,8,23.64,2.92,0.0,-1.0,False,sz301456
20240926,4335.97,0,0,23.57,True,10,True,10,4318.14,35.35,0.0,0.0,True,sz399813
20240731,41.42,2,3,0.68,False,8,False,7,40.89,2.49,-0.88,-1.01,False,sz002714
20251021,48.12,0,0,1.31,True,10,True,10,47.32,2.45,0.0,0.0,False,sz301131
20240927,4.82,0,0,7.05,True,10,True,10,4.73,20.12,0.0,0.0,False,sz300048
20250625,29.76,8,6,-0.47,False,2,False,4,29.67,2.72,-4.05,-2.75,False,sz301382
20240731,8.76,9,10,-10.04,False,1,False,0,8.67,0.0,-10.54,-11.52,False,sz300561
20251021,22.65,4,3,0.53,False,6,False,7,22.57,0.84,-1.08,-0.75,False,sz300834
20251021,36.29,0,0,4.66,True,10,True,10,36.28,5.13,0.0,0.0,False,sz301418
20250624,5.04,9,10,-6.75,False,1,False,0,5.0,0.0,-4.64,-7.54,False,sz001330
20240805,5.28,9,10,-9.28,False,1,False,0,5.15,0.0,-10.97,-12.88,False,sz002693
20240927,4.31,0,0,4.64,True,10,True,10,4.21,14.62,0.0,0.0,False,sz002696
20240927,2035.84,0,0,3.99,True,10,True,10,1983.67,13.19,0.0,0.0,False,sz399991
20240801,9.74,10,10,-3.8,False,0,False,0,9.71,0.0,-9.01,-8.62,False,sz300650
20240927,2771.44,0,0,8.22,True,10,True,10,2698.62,22.86,0.0,0.0,False,sz399676
20240927,5.87,0,0,4.09,True,10,True,10,5.73,11.42,0.0,0.0,False,sz000905
20251015,39.46,3,3,1.62,False,7,False,7,39.22,4.56,-3.1,-3.32,False,sz301387
20240815,7.06,0,0,23.37,True,10,True,10,7.05,23.37,0.0,0.0,True,sz300337
20240925,4352.5,0,0,14.22,True,10,True,10,4345.47,41.04,0.0,0.0,False,sz399638
20240801,4.84,9,9,5.17,False,1,False,1,4.83,5.17,-8.29,-8.06,False,sz300184
20240819,3.19,9,9,-12.54,False,1,False,1,3.03,0.94,-13.32,-18.81,False,sz002425
20250630,49.0,5,5,-5.29,False,5,False,5,48.73,2.65,-5.42,-5.29,False,sz002970
20240927,1164.08,0,0,6.88,True,10,True,10,1104.5,15.24,0.0,0.0,False,sz399008
20250624,12.48,0,0,4.81,True,10,True,10,12.44,8.25,0.0,0.0,False,sz001318
20240927,14.27,0,0,11.42,True,10,True,10,13.98,26.98,0.0,0.0,False,sz300549
20240927,10.37,0,0,8.58,True,10,True,10,10.17,18.32,0.0,0.0,False,sz000155
20240919,7.45,0,2,11.14,True,10,False,8,7.22,19.73,0.0,-0.4,False,sz002215
20240930,14.99,4,7,3.67,False,6,False,3,14.56,15.88,-5.95,-8.87,False,sz300480
20250708,34.93,5,5,14.11,False,5,False,5,34.8,21.41,-1.86,-1.77,False,sz301119
20250805,14.95,5,6,0.2,False,5,False,4,14.91,0.33,-1.82,-1.81,False,sz001356
20240926,5.33,0,0,15.01,True,10,True,10,5.3,38.46,0.0,0.0,False,sz300507
20240731,5.22,9,10,-3.64,False,1,False,0,5.11,0.0,-2.66,-3.83,False,sz002408
20240930,7.96,2,9,-7.91,False,8,False,1,7.45,3.64,-1.25,-8.04,False,sz002608
20240927,5.26,0,0,12.55,True,10,True,10,5.12,25.29,0.0,0.0,False,sz300154
20240924,15.56,0,0,30.72,True,10,True,10,15.5,52.89,0.0,0.0,True,sz300433
20240926,5523.92,0,0,4.13,True,10,True,10,5420.28,14.85,0.0,0.0,False,sz399415
20251217,33.05,1,1,3.21,False,9,False,9,32.86,4.99,-1.95,-2.27,False,sz300748
20240927,10.42,7,7,-4.22,False,3,False,3,10.33,11.33,-5.83,-6.72,False,sz002646
20241023,2.04,0,0,62.75,True,10,True,10,1.91,62.75,0.0,0.0,True,sz000506
20240930,15.28,1,8,2.36,False,9,False,2,14.11,10.01,-0.68,-8.9,False,sz002868
20240930,8.35,9,9,-9.1,False,1,False,1,8.09,5.87,-7.16,-11.37,False,sz002015
20250905,26.96,2,3,-2.6,False,8,False,7,26.52,3.82,-1.64,-2.6,False,sz301063
20240925,2.92,0,0,11.99,True,10,True,10,2.87,19.18,0.0,0.0,False,sz000632
20251208,37.4,9,9,-6.15,False,1,False,1,36.31,0.64,-6.37,-6.63,False,sz300706
20240905,1.69,0,0,5.92,True,10,True,10,1.66,9.47,0.0,0.0,False,sz002321
20240927,7.0,0,0,9.43,True,10,True,10,6.85,24.0,0.0,0.0,False,sz300179
20240926,1.71,0,0,1.17,True,10,True,10,1.67,15.79,0.0,0.0,False,sz002076
20240920,4.36,0,1,8.04,True,10,False,9,4.26,20.44,0.0,-0.46,False,sz000565
20240926,3.12,0,0,3.21,True,10,True,10,3.09,16.03,0.0,0.0,False,sz002342
20240930,7.89,9,9,-11.92,False,1,False,1,7.29,2.03,-5.61,-13.44,False,sz002511
20240925,7.31,0,0,36.8,True,10,True,10,7.24,42.0,0.0,0.0,True,sz000002
20240808,6.57,10,10,-3.96,False,0,False,0,6.57,0.0,-3.47,-3.96,False,sz000798
20250624,26.72,0,1,7.04,True,10,False,9,25.97,7.04,0.0,-0.19,False,sz301187
20240930,4.78,0,0,22.59,True,10,True,10,4.53,25.31,0.0,0.0,True,sz300137
20240930,13.39,1,7,10.98,False,9,False,3,12.58,10.98,-0.79,-7.02,False,sz002845
20240930,7.9,6,9,-5.82,False,4,False,1,7.41,3.92,-2.96,-9.49,False,sz002038
20251119,33.59,10,10,-8.57,False,0,False,0,32.88,0.0,-6.99,-8.57,False,sz300905
20240927,25.74,0,3,0.54,True,10,False,7,25.23,15.19,0.0,-2.56,False,sz000831
20240731,11.87,10,10,-4.21,False,0,False,0,11.81,0.0,-4.94,-5.22,False,sz300203
20240911,18.39,4,7,9.03,False,6,False,3,18.23,9.03,-5.82,-6.91,False,sz300648
20240927,6443.84,0,0,5.43,True,10,True,10,6133.55,26.9,0.0,0.0,False,sz399989
20240920,4.84,0,0,10.12,True,10,True,10,4.81,23.76,0.0,0.0,False,sz002114
20240925,2.75,0,0,9.1,True,10,True,10,2.75,20.74,0.0,0.0,False,sz000407
20250806,11.04,0,0,2.17,True,10,True,10,10.48,7.43,0.0,0.0,False,sz301256
20250808,18.37,0,1,4.95,True,10,False,9,17.94,5.55,0.0,-1.69,False,sz300829
20240926,4.3,0,0,12.31,True,10,True,10,4.28,35.77,0.0,0.0,False,sz300055
20240930,18.37,7,9,-9.96,False,3,False,1,17.48,10.07,-8.57,-15.19,False,sz002709
20250908,17.37,9,9,8.12,False,1,False,1,17.36,8.12,-3.41,-2.13,False,sz300867
20240731,3.33,0,0,12.61,True,10,True,10,3.16,46.25,0.0,0.0,False,sz000953
20250709,45.79,2,3,-0.31,False,8,False,7,45.72,3.08,-0.3,-0.48,False,sz301086
20260324,16.88,4,9,-4.62,False,6,False,1,16.05,4.09,-6.33,-10.13,False,sz001300
20240927,15.24,0,0,29.33,True,10,True,10,14.28,40.88,0.0,0.0,True,sz300036
20240731,19.75,4,5,-1.32,False,6,False,5,19.43,5.42,-2.56,-3.9,False,sz002597
20240920,7.8,0,1,80.0,True,10,False,9,7.52,80.0,0.0,-2.18,True,sz300551
20250624,39.99,3,3,3.83,False,7,False,7,39.98,3.83,-1.41,-1.35,False,sz301428
20260209,43.19,0,0,0.39,True,10,True,10,38.06,22.04,0.0,0.0,False,sz300804
20240930,5.79,0,2,1.21,True,10,False,8,5.42,8.98,0.0,-4.32,False,sz000930
20240927,4.7,0,0,6.38,True,10,True,10,4.65,15.96,0.0,0.0,False,sz002724
20250820,49.09,3,7,-6.36,False,7,False,3,48.53,1.87,-3.81,-6.36,False,sz301101
20240802,2.9,9,10,-1.38,False,1,False,0,2.79,0.0,-7.47,-11.03,False,sz300078
20250625,14.68,10,10,-2.45,False,0,False,0,14.62,0.0,-2.32,-3.54,False,sz002945
20240906,3.15,8,8,3.49,False,2,False,2,3.04,3.49,-3.53,-7.31,False,sz000750
20251010,5.39,0,3,4.08,True,10,False,7,5.3,4.08,0.0,-0.93,False,sz300664
20251125,30.06,4,7,7.78,False,6,False,3,29.62,7.78,-3.44,-3.83,False,sz301235
20240918,5.76,0,0,21.01,True,10,True,10,5.7,33.33,0.0,0.0,True,sz002243
20260120,78.6,0,1,2.56,True,10,False,9,72.65,5.6,0.0,-1.12,False,sz301035
20240927,3.36,0,1,1.19,True,10,False,9,3.28,6.54,0.0,-0.89,False,sz200625
20240927,1731.66,0,0,7.88,True,10,True,10,1630.88,20.74,0.0,0.0,False,sz399397
20240930,9.3,9,10,-10.53,False,1,False,0,8.82,0.0,-6.36,-12.15,False,sz000983
20250630,38.26,1,10,-1.59,False,9,False,0,37.08,0.0,-0.16,-3.48,False,sz301552
20240930,8.74,9,9,-6.18,False,1,False,1,8.5,1.03,-6.27,-9.5,False,sz000037
20240930,2.14,0,4,21.03,True,10,False,6,1.96,21.03,0.0,-7.48,True,sz002377
20250626,88.39,1,3,-0.17,False,9,False,7,85.87,2.95,-1.72,-4.34,False,sz301628
20260206,27.98,2,1,3.79,False,8,False,9,27.96,5.11,-0.27,-0.04,False,sz001234
20240819,8.24,1,10,-8.62,False,9,False,0,7.38,0.0,-0.95,-11.41,False,sz300465
20240730,32.16,8,8,-4.57,False,2,False,2,31.95,1.59,-5.6,-5.63,False,sz300236
20240923,5.98,0,0,7.02,True,10,True,10,5.94,20.9,0.0,0.0,False,sz002339
20240930,27.25,7,7,-0.95,False,3,False,3,27.11,10.83,-5.42,-6.06,False,sz002813
20250714,39.3,2,2,7.56,False,8,False,8,39.25,7.56,-0.46,-0.76,False,sz301018
20240912,10.42,3,6,25.24,False,7,False,4,10.22,25.24,-1.82,-4.32,True,sz300255
20251222,11.68,0,0,33.65,True,10,True,10,11.35,43.84,0.0,0.0,True,sz301056
20240802,10.33,3,1,8.42,False,7,False,9,10.3,8.42,-2.38,-2.52,False,sz002020
20240801,8.43,8,8,-3.56,False,2,False,2,8.28,2.37,-5.34,-6.17,False,sz000829
20240902,3.19,10,10,-19.75,False,0,False,0,3.15,0.0,-14.8,-19.75,False,sz002547
20240801,8.18,7,8,-6.48,False,3,False,2,7.91,1.59,-5.84,-8.07,False,sz300581
20240930,46.72,6,10,-7.19,False,4,False,0,43.32,0.0,-8.42,-15.05,False,sz002311
20240927,999.42,0,0,7.57,True,10,True,10,947.69,19.58,0.0,0.0,False,sz399971
20240731,4.28,8,9,-1.87,False,2,False,1,4.25,0.23,-3.88,-3.74,False,sz002676
20240823,43.52,0,2,6.43,True,10,False,8,43.0,7.9,0.0,-0.6,False,sz002025
20240927,2250.07,0,0,16.94,True,10,True,10,2160.34,28.55,0.0,0.0,False,sz399696
20240927,6.91,0,0,15.48,True,10,True,10,6.63,31.55,0.0,0.0,False,sz300403
20250904,13.43,1,1,-2.08,False,9,False,9,13.32,2.98,-2.7,-2.08,False,sz300778
20250908,29.64,7,7,-3.27,False,3,False,3,29.58,2.67,-2.97,-3.27,False,sz002990
20240731,10.74,0,9,-9.12,True,10,False,1,9.55,0.09,0.0,-9.12,False,sz300399
20240920,1.78,0,0,6.18,True,10,True,10,1.76,28.65,0.0,0.0,False,sz002638
20260416,32.64,0,0,1.93,True,1,True,1,32.27,1.93,0.0,0.0,False,sz300935
20240801,10.99,9,9,-14.29,False,1,False,1,10.76,1.55,-14.05,-14.38,False,sz000801
20241008,15.14,10,10,-11.03,False,0,False,0,14.1,0.0,-10.72,-17.58,False,sz300233
20240927,15.62,0,0,16.77,True,10,True,10,14.58,25.54,0.0,0.0,False,sz000032
20240930,11.6,7,9,-18.53,False,3,False,1,10.8,4.22,-12.25,-18.53,False,sz002521
20240926,8916.65,0,0,10.94,True,10,True,10,8897.31,28.92,0.0,0.0,False,sz399001
20240924,3.43,0,0,13.41,True,10,True,10,3.3,53.94,0.0,0.0,False,sz300080
20240927,10.3,0,0,10.19,True,10,True,10,10.04,20.97,0.0,0.0,False,sz000555
20240930,31.19,5,9,-5.0,False,5,False,1,28.71,4.94,-6.28,-13.78,False,sz002415
20251103,35.05,10,10,-9.5,False,0,False,0,34.93,0.0,-9.82,-9.5,False,sz301230
20240812,8.53,1,2,2.11,False,9,False,8,8.28,7.15,-2.46,-4.57,False,sz002246
20250630,15.01,0,6,0.87,True,10,False,4,14.66,1.47,0.0,-1.67,False,sz002889
20240930,12.87,0,1,14.37,True,10,False,9,11.31,15.38,0.0,-1.17,False,sz300349
20250819,13.8,7,9,-11.59,False,3,False,1,13.57,3.33,-10.81,-11.59,False,sz300986
20240927,2.75,0,4,0.36,True,10,False,6,2.65,13.09,0.0,-2.55,False,sz002172
20250801,19.52,0,0,6.71,True,10,True,10,19.38,9.02,0.0,0.0,False,sz001282
20251223,27.08,0,0,14.81,True,10,True,10,27.03,17.84,0.0,0.0,False,sz300801
20240926,5.53,0,0,28.21,True,10,True,10,5.45,42.86,0.0,0.0,True,sz300307
20240927,17.98,0,0,12.08,True,10,True,10,17.3,27.65,0.0,0.0,False,sz300660
20260304,19.38,5,5,-0.83,False,5,False,5,19.24,3.66,-1.61,-1.14,False,sz301083
20240926,7288.74,0,0,4.18,True,10,True,10,7252.2,19.61,0.0,0.0,False,sz399646
20240730,15.66,7,7,-4.73,False,3,False,3,15.66,3.64,-7.04,-6.13,False,sz300537
20250624,22.66,4,10,-1.32,False,6,False,0,22.26,0.0,-1.22,-3.53,False,sz301587
20240801,11.08,8,3,5.24,False,2,False,7,11.07,5.24,-3.3,-2.44,False,sz002438
20240930,3.8,0,0,0.26,True,10,True,10,3.52,9.21,0.0,0.0,False,sz000778
20250630,26.92,0,9,-3.53,True,10,False,1,22.59,2.41,0.0,-8.55,False,sz301129
20240930,11.95,0,7,2.26,True,10,False,3,10.58,11.3,0.0,-9.79,False,sz300199
20251024,35.11,5,6,-8.0,False,5,False,4,34.53,1.62,-7.49,-8.26,False,sz003026
20240923,7.53,0,0,22.18,True,10,True,10,7.48,42.9,0.0,0.0,True,sz300603
20240807,11.3,8,8,-2.83,False,2,False,2,11.28,4.6,-6.46,-5.93,False,sz002096
20250924,12.51,0,8,-1.44,True,10,False,2,12.2,0.96,0.0,-2.24,False,sz001366
20250716,13.17,0,3,2.73,True,10,False,7,12.1,3.42,0.0,-2.58,False,sz002923
20240806,20.67,10,10,-6.53,False,0,False,0,20.59,0.0,-6.13,-6.53,False,sz300579
20240918,8.98,0,0,27.39,True,10,True,10,8.92,41.54,0.0,0.0,True,sz000736
20240927,3.68,3,3,-3.26,False,7,False,7,3.64,14.94,-3.95,-4.07,False,sz002225
20250924,15.64,0,1,2.56,True,10,False,9,15.51,6.01,0.0,-0.64,False,sz301167
20240730,2.25,0,0,15.75,True,10,True,10,2.25,21.31,0.0,0.0,False,sz002742
20250805,44.44,4,5,1.53,False,6,False,5,43.68,3.98,-3.27,-3.33,False,sz001328
20240927,7.7,3,6,-1.69,False,7,False,4,7.57,7.41,-2.04,-4.03,False,sz000680
20240923,1.67,0,3,43.25,True,10,False,7,1.59,43.25,0.0,-1.79,True,sz300506
20240808,16.3,5,5,-4.91,False,5,False,5,16.25,1.66,-5.19,-4.91,False,sz002393
20240927,2.63,0,0,105.1,True,10,True,10,2.48,107.39,0.0,0.0,True,sz300355
20250624,24.2,5,7,-3.43,False,5,False,3,23.63,2.85,-2.12,-4.59,False,sz300853
20240930,60.8,1,5,4.95,False,9,False,5,57.25,10.1,-0.36,-5.28,False,sz002409
20260325,38.4,0,1,3.67,True,10,False,9,36.19,5.63,0.0,-0.13,False,sz002895
20240927,2366.92,0,0,3.15,True,10,True,10,2340.36,13.7,0.0,0.0,False,sz399614
20240902,2.09,1,1,46.89,False,9,False,9,2.08,63.16,-4.37,-5.26,True,sz000627
20260105,32.85,8,10,-1.13,False,2,False,0,31.79,0.0,-2.54,-5.42,False,sz003017
20240930,22.39,0,7,7.95,True,10,False,3,19.69,15.77,0.0,-8.4,False,sz300548
20240927,6.6,1,5,1.21,False,9,False,5,6.47,9.7,-1.58,-4.09,False,sz000929
20240930,12.94,0,8,-0.85,True,10,False,2,12.14,7.5,0.0,-6.18,False,sz002214
20250905,24.95,1,2,-0.28,False,9,False,8,24.65,2.53,-0.06,-1.2,False,sz301262
20240927,13.45,0,0,10.41,True,10,True,10,13.19,26.39,0.0,0.0,False,sz300481
20240903,7.31,7,7,-0.41,False,3,False,3,7.28,0.68,-3.3,-3.69,False,sz002120
20240925,2.44,0,0,7.58,True,10,True,10,2.33,25.41,0.0,0.0,False,sz002277
20251225,31.06,7,7,3.06,False,3,False,3,31.0,8.27,-4.44,-3.8,False,sz002971
20241218,5.04,8,10,-6.15,False,2,False,0,4.99,0.0,-3.81,-6.15,False,sz000883
20240924,4.0,0,0,9.0,True,10,True,10,3.81,13.25,0.0,0.0,False,sz000599
20240731,2.5,9,10,-2.8,False,1,False,0,2.48,0.0,-2.93,-3.21,False,sz200725
20251022,28.06,0,0,1.39,True,10,True,10,27.93,5.17,0.0,0.0,False,sz301135
20240927,108.0,0,1,3.18,True,10,False,9,103.64,13.2,0.0,-0.47,False,sz200596
20240926,2.49,0,0,0.8,True,10,True,10,2.49,19.7,0.0,0.0,False,sz002239
20251125,23.68,2,2,3.55,False,8,False,8,23.6,3.55,-1.2,-1.44,False,sz301386
20240830,8.81,1,1,1.25,False,9,False,9,8.75,5.11,-0.58,-1.36,False,sz300002
20240930,13.69,0,9,-5.33,True,10,False,1,12.54,7.45,0.0,-8.18,False,sz300651
20251218,61.61,0,0,8.72,True,10,True,10,60.76,13.93,0.0,0.0,False,sz301528
20240927,9.85,0,3,0.71,True,10,False,7,9.39,17.06,0.0,-2.74,False,sz002497
20240926,3.68,0,0,32.34,True,10,True,10,3.64,58.7,0.0,0.0,True,sz300451
20251015,43.03,6,5,7.58,False,4,False,5,42.98,7.58,-3.77,-3.65,False,sz301186
20240813,16.64,0,0,1.56,True,10,True,10,16.54,4.99,0.0,0.0,False,sz002039
20240930,1798.07,3,9,-5.08,False,7,False,1,1710.16,4.32,-1.48,-6.59,False,sz399439
20240927,6.0,1,3,4.33,False,9,False,7,5.89,15.0,-1.94,-4.83,False,sz002343
20240930,6.24,6,9,-8.65,False,4,False,1,5.81,4.01,-2.62,-9.62,False,sz000650
20251024,17.35,0,0,2.13,True,10,True,10,17.24,8.01,0.0,0.0,False,sz301566
20251219,6.83,2,6,-1.61,False,8,False,4,6.69,3.37,-0.27,-1.76,False,sz300883
20250725,31.84,2,4,0.03,False,8,False,6,31.82,2.32,-1.22,-1.57,False,sz301001
20251217,21.51,2,5,-1.49,False,8,False,5,20.95,1.72,-0.83,-2.98,False,sz301356
20260112,11.24,0,0,6.32,True,10,True,10,11.2,8.19,0.0,0.0,False,sz300929
20240926,4.36,0,0,4.58,True,10,True,10,4.29,16.96,0.0,0.0,False,sz000060
20240930,4.07,2,8,-1.97,False,8,False,2,3.88,3.93,-0.87,-5.9,False,sz002573
20240820,3.88,6,10,-7.04,False,4,False,0,3.55,0.0,-4.17,-13.42,False,sz002647
20250728,83.31,2,2,2.96,False,8,False,8,83.2,2.96,-1.19,-1.39,False,sz301631
20240926,4.61,0,0,3.26,True,10,True,10,4.57,12.38,0.0,0.0,False,sz000507
20240830,23.62,10,10,-9.19,False,0,False,0,23.6,0.0,-10.85,-9.19,False,sz002869
20240930,9.12,2,10,-4.28,False,8,False,0,8.58,0.0,-1.43,-7.35,False,sz002014
20240812,6.21,8,10,-15.94,False,2,False,0,5.9,0.0,-12.15,-16.75,False,sz300261
20240924,4.84,0,0,47.35,True,10,True,10,4.83,64.01,0.0,0.0,True,sz300432
20250624,37.7,5,7,-6.63,False,5,False,3,36.13,0.8,-5.97,-7.43,False,sz300680
20250911,31.76,6,7,-2.08,False,4,False,3,31.69,2.55,-3.2,-3.15,False,sz301318
20251022,21.26,3,6,-0.38,False,7,False,4,20.93,3.72,-1.93,-2.87,False,sz300967
20250224,27.75,10,10,-2.49,False,0,False,0,27.4,0.0,-4.34,-5.37,False,sz002827
20240819,3.47,8,10,-12.39,False,2,False,0,2.96,0.0,-11.47,-25.36,False,sz300150
20251020,27.81,0,0,21.0,True,10,True,10,27.25,21.0,0.0,0.0,True,sz001266
20240731,4.91,8,8,-12.02,False,2,False,2,4.89,9.98,-12.95,-13.44,False,sz002196
20250728,23.98,4,4,4.34,False,6,False,6,23.95,4.34,-2.99,-3.34,False,sz301029
20240805,5.15,8,10,-13.02,False,2,False,0,4.54,0.0,-4.88,-15.55,False,sz300099
20240821,4.55,10,10,-12.53,False,0,False,0,4.47,0.0,-8.87,-12.53,False,sz000678
20240927,3384.01,0,1,1.38,True,10,False,9,3342.46,7.99,0.0,-0.09,False,sz399411
20240930,10.07,0,7,-0.6,True,10,False,3,8.85,11.62,0.0,-4.47,False,sz300437
20240816,4.86,10,10,-7.82,False,0,False,0,4.85,0.0,-10.55,-13.58,False,sz300264
20250716,30.7,3,5,14.95,False,7,False,5,30.26,16.68,-1.97,-3.39,False,sz301067
20240819,5.83,0,0,4.97,True,10,True,10,5.82,13.04,0.0,0.0,False,sz002642
20240930,10.47,6,8,-3.53,False,4,False,2,10.2,5.35,-4.55,-7.73,False,sz000065
20240919,12.8,2,2,20.0,False,8,False,8,12.74,30.86,-1.12,-1.41,False,sz000636
20251022,25.07,1,0,0.52,False,9,True,10,24.85,4.59,-0.2,0.0,False,sz300702
20240905,16.54,7,10,-10.1,False,3,False,0,15.19,0.0,-7.45,-16.44,False,sz300479
20251009,21.52,5,5,0.79,False,5,False,5,21.51,1.58,-2.66,-2.83,False,sz001382
20240823,7.03,10,10,-13.37,False,0,False,0,6.91,0.0,-11.69,-13.51,False,sz000561
20240806,3.84,0,2,-0.78,True,10,False,8,3.56,20.83,0.0,-0.78,False,sz002072
20240909,6.84,6,7,1.17,False,4,False,3,6.79,1.17,-5.45,-7.02,False,sz300249
20240801,3.85,4,5,1.3,False,6,False,5,3.82,2.6,-2.46,-3.38,False,sz000006
20240805,4.32,6,6,0.93,False,4,False,4,4.3,2.55,-3.24,-3.7,False,sz002515
20250826,31.22,2,2,21.52,False,8,False,8,30.9,23.73,-3.16,-4.13,True,sz002989
20251118,29.78,10,10,-1.95,False,0,False,0,29.5,0.0,-5.78,-6.28,False,sz301330
20240830,30.79,1,1,1.85,False,9,False,9,30.58,4.84,-0.29,-1.14,False,sz002841
20240919,15.27,0,1,44.72,True,10,False,9,15.09,70.78,0.0,-0.26,True,sz300207
20251013,15.63,2,1,17.08,False,8,False,9,15.57,18.94,-0.51,-0.77,False,sz300901
20240927,14.26,5,6,-3.44,False,5,False,4,14.02,11.85,-3.43,-5.96,False,sz000048
20240927,3.19,0,1,3.13,True,10,False,9,3.13,14.42,0.0,-0.31,False,sz002108
20240927,3747.87,0,0,2.01,True,10,True,10,3711.84,11.08,0.0,0.0,False,sz399672
20240927,3491.51,0,0,9.1,True,10,True,10,3471.41,13.45,0.0,0.0,False,sz399995
20240731,4.86,9,9,-8.64,False,1,False,1,4.8,0.21,-8.13,-9.47,False,sz300333
20250210,11.35,1,9,-0.09,False,9,False,1,11.12,0.18,-0.67,-3.17,False,sz000901
20251128,31.9,4,2,1.32,False,6,False,8,31.81,4.61,-2.55,-2.26,False,sz301419
20240815,3.66,0,0,5.18,True,10,True,10,3.64,22.65,0.0,0.0,False,sz300180
20240926,1.47,0,0,6.8,True,10,True,10,1.47,24.49,0.0,0.0,False,sz002146
20240816,5.34,10,10,-6.37,False,0,False,0,5.22,0.0,-13.01,-14.98,False,sz002272
20240924,2.46,0,0,14.6,True,10,True,10,2.44,31.24,0.0,0.0,False,sz002421
20250624,26.41,3,8,-1.4,False,7,False,2,25.6,1.89,-1.8,-5.3,False,sz301153
20240802,4.48,0,1,6.25,True,10,False,9,4.45,20.98,0.0,-0.22,False,sz000702
20240927,2.81,0,0,33.81,True,10,True,10,2.71,66.9,0.0,0.0,True,sz002211
20250714,14.24,4,4,6.6,False,6,False,6,14.23,19.73,-1.35,-1.33,False,sz002917
20250630,34.58,7,10,-2.98,False,3,False,0,33.88,0.0,-2.2,-4.42,False,sz300678
20240805,4.24,4,5,39.62,False,6,False,5,4.12,41.04,-8.0,-10.38,True,sz300299
20240926,10.54,0,0,6.55,True,10,True,10,10.35,17.37,0.0,0.0,False,sz000962
20251027,49.44,8,8,-7.93,False,2,False,2,48.97,0.93,-8.4,-9.0,False,sz002959
20240807,8.73,2,4,25.32,False,8,False,6,8.48,32.76,-3.67,-5.73,True,sz300460
20260305,46.91,3,3,-5.14,False,7,False,7,46.64,3.47,-5.14,-5.14,False,sz301283
20250924,13.97,0,7,-1.79,True,10,False,3,13.51,1.0,0.0,-1.79,False,sz301519
20240905,11.9,0,7,9.75,True,10,False,3,11.51,9.75,0.0,-3.78,False,sz002875
20240815,19.85,9,9,-7.26,False,1,False,1,19.8,0.3,-10.2,-10.48,False,sz002008
20240807,10.98,6,5,-3.1,False,4,False,5,10.92,4.01,-3.54,-3.1,False,sz002792
20240815,8.84,10,10,-9.38,False,0,False,0,8.75,0.0,-14.69,-12.55,False,sz300107
20251219,21.76,0,2,38.65,True,10,False,8,21.56,38.65,0.0,-0.74,True,sz001231
20240927,2148.58,0,0,8.55,True,10,True,10,2022.1,21.14,0.0,0.0,False,sz399392
20250905,73.75,2,6,3.16,False,8,False,4,73.61,3.16,-0.49,-1.18,False,sz301557
20240930,14.37,9,9,-5.15,False,1,False,1,14.04,2.99,-8.16,-10.79,False,sz002372
20240926,12521.9,0,0,5.17,True,10,True,10,12447.69,16.48,0.0,0.0,False,sz399408
20240927,97.34,0,2,2.87,True,10,False,8,95.4,21.55,0.0,-1.86,False,sz000661
20250624,18.69,0,4,-1.93,True,10,False,6,17.9,4.33,0.0,-2.57,False,sz300755
20250811,19.35,4,5,0.98,False,6,False,5,19.25,2.53,-3.95,-4.75,False,sz301030
20240808,8.73,7,7,2.06,False,3,False,3,8.71,2.06,-2.34,-2.41,False,sz001979
20240927,10.24,0,0,9.37,True,10,True,10,9.9,20.12,0.0,0.0,False,sz002046
20240912,6.62,2,4,15.71,False,8,False,6,6.54,15.71,-1.8,-3.02,False,sz002615
20240802,5.02,0,1,-0.4,True,10,False,9,4.81,32.07,0.0,-0.4,False,sz300149
20251015,21.18,9,10,-6.85,False,1,False,0,20.71,0.0,-6.15,-7.32,False,sz300918
20240927,1.76,0,1,18.18,True,10,False,9,1.74,18.18,0.0,-1.7,False,sz002542
20240926,1239.66,0,4,0.2,True,10,False,6,1223.57,15.05,0.0,-1.59,False,sz399238
20240802,16.48,2,2,42.23,False,8,False,8,16.43,42.23,-1.7,-2.0,True,sz300584
20250924,84.89,8,9,0.95,False,2,False,1,83.74,0.95,-3.68,-3.78,False,sz301367
20240816,2.52,9,10,-12.7,False,1,False,0,2.39,0.0,-13.59,-19.05,False,sz000536
20251124,33.17,1,2,4.31,False,9,False,8,32.85,4.31,-0.77,-1.42,False,sz301053
20240927,10.66,2,4,0.38,False,8,False,6,10.6,12.76,-2.06,-3.28,False,sz002858
20250728,109.49,0,0,11.4,True,10,True,10,106.27,14.73,0.0,0.0,False,sz301600
20250819,17.6,2,3,-1.88,False,8,False,7,17.45,3.24,-1.28,-2.33,False,sz300956
20240930,5.04,4,9,-6.35,False,6,False,1,4.78,3.97,-1.74,-7.34,False,sz000862
20250708,19.94,1,2,0.8,False,9,False,8,19.88,2.06,-0.49,-0.9,False,sz301329
20240731,2.07,9,10,-3.87,False,1,False,0,2.05,0.0,-3.23,-3.87,False,sz200539
20240930,9.01,7,9,-1.66,False,3,False,1,8.58,6.77,-5.61,-9.54,False,sz002296
20240926,2.63,1,2,-3.04,False,9,False,8,2.62,12.93,-1.55,-3.04,False,sz000785
20240910,13.34,1,10,-1.57,False,9,False,0,12.15,0.0,-0.3,-9.9,False,sz300250
20240930,4.28,0,1,4.21,True,10,False,9,3.81,20.09,0.0,-1.4,False,sz300164
20240912,9.87,0,0,25.84,True,10,True,10,9.86,25.84,0.0,0.0,True,sz002816
20250630,26.48,9,10,-7.59,False,1,False,0,26.41,0.0,-7.13,-7.59,False,sz300862
20240927,20.62,0,0,24.2,True,10,True,10,20.45,41.9,0.0,0.0,True,sz300364
20250716,33.81,0,2,0.38,True,10,False,8,33.68,7.31,0.0,-0.15,False,sz300785
20240814,3.39,0,0,47.2,True,10,True,10,3.16,88.2,0.0,0.0,True,sz300050
20240927,3.83,0,1,2.09,True,10,False,9,3.8,10.7,0.0,-0.78,False,sz002476
20240930,10.69,0,4,15.63,True,10,False,6,10.09,15.63,0.0,-5.24,False,sz002111
20240925,2.63,0,0,31.94,True,10,True,10,2.55,46.39,0.0,0.0,True,sz000402
20251031,39.63,2,2,18.34,False,8,False,8,38.27,18.34,-4.49,-5.12,False,sz002940
20240820,4.34,5,5,-7.14,False,5,False,5,4.16,31.11,-3.83,-7.14,False,sz000755
20240906,2.51,6,10,-1.59,False,4,False,0,2.5,0.0,-3.41,-3.98,False,sz002721
20240930,4.39,4,9,-3.64,False,6,False,1,4.24,2.28,-1.54,-5.92,False,sz002592
20240930,23.58,7,7,10.69,False,3,False,3,22.57,14.46,-6.26,-10.14,False,sz300554
20240905,4.75,0,0,57.05,True,10,True,10,4.71,70.53,0.0,0.0,True,sz002208
20240927,12.61,0,0,41.16,True,10,True,10,12.54,46.87,0.0,0.0,True,sz000935
20240927,1918.25,0,0,16.16,True,10,True,10,1833.68,23.57,0.0,0.0,False,sz399015
20240924,111.83,0,0,59.89,True,10,True,10,105.3,104.66,0.0,0.0,True,sz300033
20251014,20.95,9,8,0.29,False,1,False,2,20.55,0.43,-2.78,-3.01,False,sz003040
20240927,5.56,0,0,13.31,True,10,True,10,5.47,25.72,0.0,0.0,False,sz300665
20240926,2047.57,0,0,21.15,True,10,True,10,2026.03,50.51,0.0,0.0,True,sz399643
20240927,10.32,0,0,6.39,True,10,True,10,9.87,18.02,0.0,0.0,False,sz002139
20240731,19.29,3,5,-0.83,False,7,False,5,19.11,1.71,-0.2,-0.83,False,sz300498
20240730,10.62,7,7,-5.08,False,3,False,3,10.41,6.21,-6.43,-7.06,False,sz300302
20240819,3.5,9,9,-9.42,False,1,False,1,3.48,1.14,-9.61,-10.85,False,sz002177
20250715,20.26,0,0,2.91,True,10,True,10,19.14,14.12,0.0,0.0,False,sz001287
20240731,18.72,9,10,-11.59,False,1,False,0,18.36,0.0,-9.52,-11.59,False,sz300285
20240926,11.02,0,0,24.59,True,10,True,10,10.32,34.93,0.0,0.0,True,sz002410
20251124,55.97,8,10,-6.93,False,2,False,0,54.3,0.0,-7.07,-9.33,False,sz301162
20240930,15.49,1,9,-4.39,False,9,False,1,14.08,8.91,-0.9,-10.46,False,sz002747
20240930,43.49,0,3,17.43,True,10,False,7,41.18,17.43,0.0,-3.63,False,sz000733
20260116,24.2,3,9,-3.6,False,7,False,1,23.73,0.83,-2.72,-5.41,False,sz003023
20240826,19.8,2,5,-8.79,False,8,False,5,18.98,5.71,-3.72,-8.79,False,sz300606
20240926,6.2,0,0,26.44,True,10,True,10,6.07,26.44,0.0,0.0,True,sz002093
20241211,1.55,10,10,-24.52,False,0,False,0,1.54,0.0,-18.06,-24.52,False,sz000040
20240820,9.01,0,5,6.05,True,10,False,5,8.49,6.05,0.0,-1.99,False,sz300532
20251215,11.35,2,2,9.69,False,8,False,8,11.33,10.57,-1.54,-1.59,False,sz002968
20250624,15.27,0,0,4.65,True,10,True,10,15.09,5.37,0.0,0.0,False,sz300780
20250626,21.25,3,6,0.89,False,7,False,4,21.14,0.99,-1.2,-1.93,False,sz301218
20240930,27.49,0,5,1.82,True,10,False,5,23.78,18.55,0.0,-6.18,False,sz300161
20241008,15.36,10,10,-14.33,False,0,False,0,14.21,0.0,-12.63,-20.38,False,sz300406
20241008,7.11,10,10,-9.56,False,0,False,0,7.11,0.0,-9.86,-11.67,False,sz002293
20250716,20.41,0,9,-3.87,True,10,False,1,19.38,0.83,0.0,-4.31,False,sz002995
20240731,1064.4,9,10,-4.32,False,1,False,0,1059.43,0.0,-4.03,-4.66,False,sz399420
20250624,96.85,5,5,-2.56,False,5,False,5,95.37,4.65,-6.08,-4.21,False,sz300953
20240926,1571.82,0,0,5.9,True,10,True,10,1559.62,17.25,0.0,0.0,False,sz399974
20240924,6.6,0,0,19.09,True,10,True,10,6.42,42.88,0.0,0.0,False,sz002673
20240927,3.47,0,0,5.48,True,10,True,10,3.39,14.7,0.0,0.0,False,sz000533
20240926,3130.45,0,0,28.37,True,10,True,10,3067.33,39.29,0.0,0.0,True,sz399693
20250624,13.22,0,0,6.51,True,10,True,10,13.12,7.03,0.0,0.0,False,sz001219
20240730,4.09,0,0,8.31,True,10,True,10,4.05,15.88,0.0,0.0,False,sz300448
20240925,2.18,0,0,13.3,True,10,True,10,2.17,23.39,0.0,0.0,False,sz002314
20251114,42.64,8,8,-2.63,False,2,False,2,42.61,0.45,-3.19,-2.67,False,sz301362
20240926,3.39,0,0,2.95,True,10,True,10,3.32,17.11,0.0,0.0,False,sz000607
20251015,18.8,7,7,3.51,False,3,False,3,18.58,3.51,-2.72,-3.51,False,sz300733
20240919,10.26,0,0,268.03,True,10,True,10,9.02,360.04,0.0,0.0,True,sz300085
20240927,24.76,0,0,10.98,True,10,True,10,23.38,18.29,0.0,0.0,False,sz000550
20240924,9.41,0,0,15.38,True,10,True,10,9.16,21.75,0.0,0.0,False,sz002043
20250625,253.9,0,5,6.26,True,10,False,5,248.1,6.26,0.0,-1.75,False,sz300750
20250701,12.25,10,10,-2.04,False,0,False,0,12.24,0.0,-2.42,-2.04,False,sz301301
20240926,3.67,0,0,0.54,True,10,True,10,3.59,18.53,0.0,0.0,False,sz002524
20240821,3.27,10,10,-7.65,False,0,False,0,3.16,0.0,-10.54,-14.07,False,sz300278
20250625,31.03,5,6,-1.22,False,5,False,4,30.96,2.06,-0.76,-1.64,False,sz300699
20240802,6.36,6,6,-0.79,False,4,False,4,6.31,31.11,-4.16,-3.61,False,sz300102
20240927,31.01,0,1,3.71,True,10,False,9,30.22,11.54,0.0,-0.48,False,sz002870
20251120,31.23,10,10,-7.27,False,0,False,0,31.23,0.0,-8.13,-7.27,False,sz300930
20250722,28.2,9,10,-4.65,False,1,False,0,27.92,0.0,-5.31,-7.48,False,sz301286
20250624,22.5,2,3,0.22,False,8,False,7,22.35,1.56,-0.24,-1.16,False,sz000049
20250703,73.37,3,10,-4.17,False,7,False,0,70.87,0.0,-0.83,-4.82,False,sz301004
20240926,7.75,0,0,2.19,True,10,True,10,7.49,14.32,0.0,0.0,False,sz002346
20240927,5.52,0,1,2.72,True,10,False,9,5.46,13.22,0.0,-0.54,False,sz000655
20250904,19.27,0,0,17.7,True,10,True,10,19.11,29.01,0.0,0.0,False,sz300761
20240821,16.53,6,6,1.15,False,4,False,4,16.5,2.72,-5.08,-5.63,False,sz300380
20250924,28.24,1,3,1.56,False,9,False,7,27.89,3.97,-0.02,-0.6,False,sz300886
20250916,16.65,9,10,-3.9,False,1,False,0,16.48,0.0,-2.31,-3.9,False,sz001205
20250624,50.56,4,7,0.56,False,6,False,3,50.52,1.72,-1.44,-2.46,False,sz301183
20240930,6.98,3,8,1.58,False,7,False,2,6.26,13.47,-3.76,-14.04,False,sz300133
20240927,4.56,0,0,2.41,True,10,True,10,4.5,10.75,0.0,0.0,False,sz002492
20240826,1.73,0,5,1.1,True,10,False,5,1.65,2.72,0.0,-5.5,False,sz002822
20251124,23.7,8,8,-3.16,False,2,False,2,23.43,0.63,-5.15,-5.11,False,sz301487
20250708,22.84,0,3,2.28,True,10,False,7,21.67,2.67,0.0,-1.93,False,sz300685
20240813,4.57,10,10,-2.84,False,0,False,0,4.57,0.0,-5.43,-5.69,False,sz002538
20240926,906.04,0,0,11.64,True,10,True,10,869.76,24.83,0.0,0.0,False,sz399242
20250924,16.62,4,3,1.99,False,6,False,7,16.6,3.79,-0.98,-0.84,False,sz300962
20240927,10.97,3,6,-1.55,False,7,False,4,10.81,12.12,-3.74,-5.47,False,sz002011
20250905,23.49,2,2,-0.47,False,8,False,8,23.35,1.66,-0.58,-0.47,False,sz001228
20251225,27.03,9,9,1.29,False,1,False,1,27.03,1.29,-2.29,-2.0,False,sz301353
20241106,20.02,2,5,6.84,False,8,False,5,19.82,6.84,-1.22,-3.6,False,sz000818
20251105,16.12,3,3,-3.23,False,7,False,7,16.04,2.17,-3.87,-3.23,False,sz301500
20240801,12.85,7,9,-5.99,False,3,False,1,12.59,0.23,-6.86,-8.4,False,sz002576
20240930,10.46,5,9,-5.07,False,5,False,1,9.67,6.12,-3.2,-10.52,False,sz002125
20240927,4.34,0,0,2.76,True,10,True,10,4.28,11.29,0.0,0.0,False,sz002442
20250718,22.68,0,1,0.75,True,10,False,9,22.2,7.5,0.0,-0.44,False,sz300818
20240909,10.26,3,7,9.55,False,7,False,3,10.11,9.55,-3.28,-4.97,False,sz000151
20240930,14.85,0,3,13.0,True,10,False,7,13.87,20.13,0.0,-4.11,False,sz300484
20250625,18.98,3,8,1.0,False,7,False,2,18.86,1.0,-0.49,-1.32,False,sz301267
20240926,1931.86,0,0,12.81,True,10,True,10,1902.76,35.17,0.0,0.0,False,sz399611
20240926,30.07,0,0,4.09,True,10,True,10,29.49,25.17,0.0,0.0,False,sz002738
20241024,1.71,0,0,25.15,True,10,True,10,1.7,25.15,0.0,0.0,True,sz000622
20250721,5.96,0,2,-0.34,True,10,False,8,5.86,5.7,0.0,-0.34,False,sz003012
20240813,9.09,7,9,-11.88,False,3,False,1,8.79,0.0,-10.05,-11.88,False,sz300637
20240808,6.99,4,8,-2.86,False,6,False,2,6.94,0.14,-2.44,-3.0,False,sz000685
20240731,14.03,9,10,-7.98,False,1,False,0,13.68,0.0,-7.66,-9.48,False,sz300503
20240920,13.72,0,0,12.17,True,10,True,10,13.69,29.74,0.0,0.0,False,sz002396
20240927,4.86,0,0,20.37,True,10,True,10,4.8,29.22,0.0,0.0,True,sz300350
20250820,15.63,6,6,-11.07,False,4,False,4,15.61,1.34,-9.89,-11.07,False,sz300856
20251212,14.64,6,6,1.37,False,4,False,4,14.61,2.25,-3.56,-3.55,False,sz002890
20251020,20.7,0,0,6.47,True,10,True,10,20.56,7.01,0.0,0.0,False,sz301229
20240919,3.58,0,2,7.82,True,10,False,8,3.57,16.2,0.0,-0.28,False,sz002692
20240927,14.13,0,0,19.82,True,10,True,10,13.51,33.76,0.0,0.0,False,sz300007
20251124,58.33,0,0,7.06,True,10,True,10,54.92,10.82,0.0,0.0,False,sz300835
20240910,12.24,5,6,7.11,False,5,False,4,11.9,7.6,-7.4,-11.27,False,sz300560
20250820,42.56,4,9,-13.25,False,6,False,1,41.35,0.38,-8.88,-13.25,False,sz301383
20240930,48.33,3,6,11.96,False,7,False,4,47.58,11.96,-6.82,-8.3,False,sz300049
20250924,29.73,6,5,2.15,False,4,False,5,29.72,2.42,-1.76,-1.61,False,sz301130
20240927,5479.95,0,1,3.02,True,10,False,9,5232.38,15.19,0.0,-0.01,False,sz399812
20241008,12.7,6,7,15.2,False,4,False,3,12.34,15.2,-6.75,-9.53,False,sz002715
20240925,2.87,0,0,17.07,True,10,True,10,2.79,24.04,0.0,0.0,False,sz000761
20240731,4.58,6,10,-5.68,False,4,False,0,4.44,0.0,-3.81,-5.68,False,sz000886
20240910,16.65,2,5,7.33,False,8,False,5,16.52,7.33,-1.78,-3.3,False,sz300378
20250627,21.17,0,0,10.75,True,10,True,10,20.59,11.43,0.0,0.0,False,sz301201
20241024,3.73,0,1,12.33,True,10,False,9,3.71,12.33,0.0,-1.34,False,sz002424
20240927,2.04,0,0,18.15,True,10,True,10,1.94,35.8,0.0,0.0,False,sz300185
20240930,1689.01,3,9,-6.52,False,7,False,1,1561.79,2.85,-2.16,-10.06,False,sz399639
20251125,16.22,9,9,-3.76,False,1,False,1,16.18,0.49,-5.11,-4.69,False,sz300564
20240807,10.72,0,0,2.43,True,10,True,10,10.7,5.97,0.0,0.0,False,sz300565
20251020,10.4,1,1,5.87,False,9,False,9,10.29,5.87,-2.06,-1.44,False,sz300830
20240924,3176.53,0,0,34.07,True,10,True,10,3127.82,51.57,0.0,0.0,True,sz399677
20240926,4.61,0,0,1.95,True,10,True,10,4.6,13.03,0.0,0.0,False,sz002697
20240930,3017.57,1,9,-6.95,False,9,False,1,2807.93,1.64,-0.47,-7.97,False,sz399990
20240927,4.15,0,0,3.61,True,10,True,10,4.15,12.53,0.0,0.0,False,sz000967
20240731,9.33,9,9,-3.21,False,1,False,1,9.32,0.54,-6.13,-6.22,False,sz300632
20250114,12.42,6,8,-3.22,False,4,False,2,11.55,0.56,-4.4,-7.25,False,sz300061
20250904,22.64,0,0,10.38,True,10,True,10,22.5,11.62,0.0,0.0,False,sz301118
20240926,6.88,0,0,4.22,True,10,True,10,6.79,18.32,0.0,0.0,False,sz000707
20250711,26.08,0,0,4.26,True,10,True,10,25.01,6.63,0.0,0.0,False,sz002912
20250716,27.4,0,10,-1.06,True,10,False,0,26.58,0.0,0.0,-2.55,False,sz001319
20240927,3383.93,0,0,9.9,True,10,True,10,3234.21,20.49,0.0,0.0,False,sz399009
20240930,20.84,7,9,-6.33,False,3,False,1,19.87,8.59,-5.71,-8.93,False,sz002773
20250901,19.45,10,10,-5.66,False,0,False,0,19.37,0.0,-7.31,-5.66,False,sz301156
20251124,22.58,5,7,-3.81,False,5,False,3,22.05,0.8,-4.32,-5.31,False,sz301505
20240930,5.74,9,9,-8.89,False,1,False,1,5.48,1.39,-4.66,-9.76,False,sz002320
20240926,4.54,0,0,3.08,True,10,True,10,4.53,18.28,0.0,0.0,False,sz000633
20250717,14.3,4,4,1.26,False,6,False,6,14.3,2.73,-2.23,-2.38,False,sz300707
20250626,6.64,2,3,5.42,False,8,False,7,6.6,5.42,-1.15,-1.66,False,sz000852
20250806,8.77,2,7,4.33,False,8,False,3,8.72,4.33,-0.72,-2.17,False,sz301062
20240905,3.96,7,10,-6.06,False,3,False,0,3.74,0.0,-7.51,-13.38,False,sz300155
20240806,3.84,10,10,-11.46,False,0,False,0,3.71,0.0,-7.66,-11.46,False,sz002193
20240927,7.58,0,0,8.31,True,10,True,10,7.47,19.92,0.0,0.0,False,sz002609
20250730,54.88,2,2,6.32,False,8,False,8,54.66,8.75,-3.86,-4.19,False,sz300904
20240731,10.95,7,10,-5.3,False,3,False,0,10.58,0.0,-3.03,-5.3,False,sz000830
20240823,30.33,4,9,-0.56,False,6,False,1,29.72,1.48,-4.32,-6.5,False,sz300598
20240730,18.91,8,8,-7.4,False,2,False,2,18.85,2.8,-9.08,-9.1,False,sz300136
20240927,46.39,0,0,11.32,True,10,True,10,44.18,21.28,0.0,0.0,False,sz000799
20240819,4.17,9,10,-17.99,False,1,False,0,3.97,0.0,-15.61,-20.62,False,sz300385
20240924,3.86,0,1,7.77,True,10,False,9,3.78,17.36,0.0,-0.26,False,sz002510
20260114,32.01,9,10,-7.37,False,1,False,0,31.14,0.0,-4.26,-7.37,False,sz301335
20240920,1.82,1,2,0.55,False,9,False,8,1.79,17.58,-0.75,-2.2,False,sz000564
20250624,13.53,0,2,7.1,True,10,False,8,13.26,7.1,0.0,-0.37,False,sz001387
20240927,12.34,0,0,11.83,True,10,True,10,12.14,20.18,0.0,0.0,False,sz002077
20240926,8.18,0,0,5.26,True,10,True,10,8.08,20.55,0.0,0.0,False,sz002624
20240927,4236.57,0,0,5.06,True,10,True,10,4025.63,14.24,0.0,0.0,False,sz399013
20240927,5.51,1,1,2.0,False,9,False,9,5.49,11.62,-0.27,-2.18,False,sz002769
20250620,13.32,10,10,-3.53,False,0,False,0,13.19,0.0,-3.76,-4.81,False,sz000429
20240826,47.72,1,1,1.63,False,9,False,9,47.63,5.62,-1.27,-1.47,False,sz300666
20240927,8.8,0,0,13.64,True,10,True,10,8.46,36.48,0.0,0.0,False,sz300035
20251201,47.8,3,5,-1.78,False,7,False,5,47.08,3.43,-1.92,-3.33,False,sz003043
20260105,10.73,3,5,-0.28,False,7,False,5,10.56,6.62,-2.47,-4.19,False,sz002908
20240927,31.85,0,0,25.24,True,10,True,10,30.45,39.4,0.0,0.0,True,sz300552
20250916,41.36,9,9,-5.22,False,1,False,1,40.92,0.63,-6.57,-7.16,False,sz300807
20240930,19.28,9,10,-7.62,False,1,False,0,18.63,0.0,-9.33,-12.6,False,sz000933
20241106,14.4,3,8,-4.1,False,7,False,2,14.32,2.01,-0.94,-5.0,False,sz002727
20250625,10.8,0,2,4.91,True,10,False,8,10.72,4.91,0.0,-0.46,False,sz301102
20250804,16.62,0,0,4.51,True,10,True,10,16.53,4.99,0.0,0.0,False,sz002946
20240927,3.04,0,0,2.64,True,10,True,10,2.92,11.86,0.0,0.0,False,sz000753
20250805,16.37,0,0,2.87,True,10,True,10,16.06,4.46,0.0,0.0,False,sz300667
20240930,20.37,8,9,-5.65,False,2,False,1,19.17,14.09,-6.71,-11.93,False,sz300286
20240927,3.9,0,0,12.31,True,10,True,10,3.85,20.51,0.0,0.0,False,sz002413
20250910,14.38,9,9,-8.34,False,1,False,1,14.26,0.7,-7.01,-8.83,False,sz300849
20240814,4.78,6,9,-2.51,False,4,False,1,4.74,0.0,-2.04,-2.93,False,sz300018
20240902,5.86,6,7,-0.85,False,4,False,3,5.85,2.05,-4.54,-5.63,False,sz000404
20240930,7.27,0,8,1.1,True,10,False,2,6.8,5.64,0.0,-5.5,False,sz002117
20250624,30.46,0,4,0.62,True,10,False,6,29.06,4.5,0.0,-1.71,False,sz301255
20240926,1.46,0,0,1.37,True,10,True,10,1.43,17.81,0.0,0.0,False,sz002470
20240826,9.95,10,10,-10.35,False,0,False,0,9.91,0.0,-8.69,-10.35,False,sz300605
20240927,6320.64,0,0,6.95,True,10,True,10,6003.75,15.26,0.0,0.0,False,sz399623
20240926,4912.19,0,0,10.07,True,10,True,10,4838.68,28.72,0.0,0.0,False,sz399344
20250624,19.72,1,1,2.79,False,9,False,9,19.69,2.84,-0.33,-0.56,False,sz300864
20240925,5.04,0,0,2.18,True,10,True,10,5.0,14.09,0.0,0.0,False,sz000950
20250708,53.64,6,10,-1.42,False,4,False,0,53.11,0.0,-0.53,-1.96,False,sz301581
20241008,8.97,10,10,-5.02,False,0,False,0,8.87,0.0,-9.34,-10.37,False,sz000899
20250825,27.91,8,9,-5.7,False,2,False,1,27.47,0.97,-7.35,-8.96,False,sz300783
20240904,1.51,9,10,-6.64,False,1,False,0,1.48,0.0,-6.61,-8.63,False,sz200058
20240904,6.04,8,10,-5.3,False,2,False,0,5.97,0.0,-7.78,-9.44,False,sz000019
20250929,7.37,0,0,3.93,True,10,True,10,7.22,8.28,0.0,0.0,False,sz002996
20240731,5.03,9,9,-2.78,False,1,False,1,5.0,0.0,-3.03,-3.38,False,sz000783
20241104,2.25,0,0,20.0,True,10,True,10,2.22,33.33,0.0,0.0,True,sz002750
20240809,2.08,0,0,20.67,True,10,True,10,2.02,73.08,0.0,0.0,True,sz300256
20240926,0.66,0,0,19.7,True,10,True,10,0.65,24.24,0.0,0.0,False,sz200016
20251020,20.77,0,0,1.01,True,10,True,10,20.22,10.01,0.0,0.0,False,sz301055
20240930,9.97,0,1,10.63,True,10,False,9,9.32,10.63,0.0,-2.41,False,sz002023
20240925,3.78,0,0,8.47,True,10,True,10,3.76,22.75,0.0,0.0,False,sz000530
20240930,21.0,0,0,21.76,True,10,True,10,19.65,21.76,0.0,0.0,True,sz002544
20250707,32.0,0,1,2.31,True,10,False,9,30.9,3.69,0.0,-1.5,False,sz301361
20240830,8.83,0,1,-0.11,True,10,False,9,8.73,7.92,0.0,-0.11,False,sz300582
20240903,14.43,9,9,-6.51,False,1,False,1,14.41,1.04,-9.72,-9.42,False,sz300218
20250701,38.19,9,9,-5.79,False,1,False,1,38.09,1.96,-5.36,-5.79,False,sz301036
20240927,3.59,0,0,3.06,True,10,True,10,3.59,13.09,0.0,0.0,False,sz002613
20250624,39.99,4,4,-0.55,False,6,False,6,39.97,1.25,-1.7,-2.18,False,sz001279
20240731,15.03,9,9,-2.13,False,1,False,1,14.99,0.07,-6.52,-6.32,False,sz002189
20240930,17.97,7,9,-4.78,False,3,False,1,17.28,11.91,-5.32,-9.01,False,sz300428
20240805,2.02,10,10,-19.31,False,0,False,0,1.97,0.0,-20.82,-23.27,False,sz000980
20240927,8104.03,0,0,4.23,True,10,True,10,7859.53,20.32,0.0,0.0,False,sz399394
20250806,49.88,3,4,3.73,False,7,False,6,49.83,4.43,-1.41,-2.35,False,sz301551
20250924,29.56,3,9,1.66,False,7,False,1,28.28,1.66,-2.23,-4.77,False,sz300753
20240926,2.09,0,0,12.92,True,10,True,10,2.06,16.27,0.0,0.0,False,sz002374
20250626,13.42,8,9,-4.62,False,2,False,1,13.27,1.19,-4.78,-4.62,False,sz301078
20240926,14.48,0,0,19.34,True,10,True,10,14.38,43.24,0.0,0.0,False,sz300101
20240924,6.5,0,1,19.69,True,10,False,9,6.42,41.08,0.0,-1.23,False,sz300466
20240911,6.05,0,0,5.62,True,10,True,10,6.0,6.78,0.0,0.0,False,sz002569
20240926,12.81,0,0,8.67,True,10,True,10,12.51,14.29,0.0,0.0,False,sz000807
20240930,1173.31,0,9,-4.82,True,10,False,1,1079.91,3.19,0.0,-5.44,False,sz399440
20240927,2.68,0,1,1.49,True,10,False,9,2.65,14.55,0.0,-0.37,False,sz000629
20240924,5.37,0,2,2.79,True,10,False,8,5.29,16.01,0.0,-1.49,False,sz000802
20240926,3.38,0,0,17.43,True,10,True,10,3.37,37.52,0.0,0.0,False,sz300230
20240927,27.99,0,0,5.82,True,10,True,10,27.9,17.18,0.0,0.0,False,sz002791
20240802,2.34,8,10,-7.69,False,2,False,0,2.24,0.0,-8.4,-12.39,False,sz000518
20250624,10.95,0,3,2.37,True,10,False,7,10.53,2.37,0.0,-0.82,False,sz300978
20240920,2.5,0,0,21.2,True,10,True,10,2.48,35.2,0.0,0.0,True,sz000031
20240821,6.09,5,8,-1.15,False,5,False,2,5.93,1.48,-3.63,-5.75,False,sz300083
20240927,9.86,0,0,8.42,True,10,True,10,9.59,13.28,0.0,0.0,False,sz002838
20240802,5.14,0,0,14.4,True,10,True,10,5.03,32.1,0.0,0.0,False,sz002488
20250731,27.55,1,2,-0.29,False,9,False,8,27.48,5.7,-1.92,-2.36,False,sz300735
20240828,7.01,0,0,8.42,True,10,True,10,6.85,14.55,0.0,0.0,False,sz002312
20241008,16.23,10,10,-13.18,False,0,False,0,15.22,0.0,-11.06,-16.88,False,sz002541
20240926,3938.74,0,0,9.36,True,10,True,10,3890.47,29.19,0.0,0.0,False,sz399972
20240927,12.84,3,5,0.47,False,7,False,5,12.52,14.95,-1.47,-3.89,False,sz002675
20250625,50.83,1,1,0.26,False,9,False,9,50.8,4.58,-0.15,-0.22,False,sz301050
20240927,1879.73,0,0,7.94,True,10,True,10,1810.16,24.06,0.0,0.0,False,sz399695
20240805,1.85,7,9,-11.35,False,3,False,1,1.77,0.0,-6.23,-11.35,False,sz300167
20240806,7.89,7,9,-5.07,False,3,False,1,7.79,2.03,-3.98,-5.07,False,sz300534
20240927,15.3,0,0,14.05,True,10,True,10,14.5,21.11,0.0,0.0,False,sz002268
20240927,1878.2,0,0,5.69,True,10,True,10,1804.09,24.4,0.0,0.0,False,sz399808
20240730,10.81,0,1,-0.09,True,10,False,9,10.02,27.01,0.0,-0.09,False,sz300053
20240924,13.07,0,0,10.1,True,10,True,10,12.65,29.76,0.0,0.0,False,sz002095
20250812,113.91,0,4,9.65,True,10,False,6,107.63,9.65,0.0,-4.35,False,sz002920
20240930,4.5,7,9,-3.55,False,3,False,1,4.37,2.44,-2.59,-5.55,False,sz002226
20240731,4.97,0,5,-0.8,True,10,False,5,4.85,1.61,0.0,-1.61,False,sz000735
20240912,9.2,0,2,15.11,True,10,False,8,8.77,15.11,0.0,-1.41,False,sz002112
20240731,11.3,8,10,-10.18,False,2,False,0,11.03,0.0,-8.47,-10.71,False,sz002741
20251022,54.82,2,0,0.99,False,8,True,10,54.76,6.26,-0.63,0.0,False,sz301233
20251224,22.25,9,9,-0.54,False,1,False,1,22.1,0.81,-2.69,-3.15,False,sz003008
20240930,6.83,7,9,-6.15,False,3,False,1,6.55,6.0,-4.28,-9.51,False,sz002171
20251020,19.89,0,0,6.13,True,10,True,10,19.36,9.15,0.0,0.0,False,sz300802
20240930,6.67,0,8,0.45,True,10,False,2,6.06,10.04,0.0,-7.35,False,sz000936
20240731,6.25,9,9,-6.56,False,1,False,1,6.19,0.48,-6.81,-7.04,False,sz300304
20240902,10.48,0,4,3.63,True,10,False,6,10.19,7.35,0.0,-2.39,False,sz300663
20251203,55.75,10,10,-6.49,False,0,False,0,55.48,0.0,-8.0,-6.49,False,sz301080
20240926,8193.03,0,0,6.08,True,10,True,10,8178.8,22.26,0.0,0.0,False,sz399645
20240731,3.54,2,4,5.08,False,8,False,6,3.48,7.06,-1.69,-2.82,False,sz000949
20240926,7.05,0,0,1.7,True,10,True,10,7.04,15.32,0.0,0.0,False,sz002274
20240927,2.46,0,0,2.03,True,10,True,10,2.43,13.41,0.0,0.0,False,sz000767
20240805,7.39,6,6,-6.9,False,4,False,4,7.34,7.44,-8.06,-8.39,False,sz300528
20251201,12.54,6,9,-7.5,False,4,False,1,12.4,2.07,-7.4,-8.05,False,sz002972
20240821,6.05,5,9,-2.96,False,5,False,1,5.9,0.23,-2.66,-4.84,False,sz000880
20240930,3.91,0,8,-1.28,True,10,False,2,3.75,3.58,0.0,-2.3,False,sz200726
20250714,20.82,2,4,0.77,False,8,False,6,20.67,1.54,-0.6,-1.25,False,sz001379
20251027,12.4,0,0,18.23,True,10,True,10,12.09,25.73,0.0,0.0,False,sz301136
20240927,978.62,0,1,1.45,True,10,False,9,941.36,11.73,0.0,-0.96,False,sz399814
20250924,7.02,0,4,-1.57,True,10,False,6,6.81,1.0,0.0,-1.57,False,sz300334
20240924,9.34,1,1,8.99,False,9,False,9,9.17,17.34,-0.96,-2.78,False,sz000729
20240926,13.98,0,0,27.03,True,10,True,10,13.98,46.06,0.0,0.0,True,sz300566
20240926,3.96,0,0,15.15,True,10,True,10,3.94,29.8,0.0,0.0,False,sz300335
20240731,19.88,9,9,-6.29,False,1,False,1,19.79,0.0,-6.45,-6.29,False,sz300001
20260114,56.43,9,9,0.23,False,1,False,1,56.35,0.23,-7.09,-7.18,False,sz301178
20240930,3.59,5,9,-8.07,False,5,False,1,3.35,4.73,-1.94,-8.91,False,sz002390
20260105,43.44,0,1,9.55,True,10,False,9,41.89,9.55,0.0,-2.19,False,sz300850
20240930,2.65,10,10,-13.58,False,0,False,0,2.64,0.0,-12.03,-13.96,False,sz002259
20250711,61.44,0,0,34.46,True,10,True,10,61.02,43.8,0.0,0.0,True,sz002896
20240930,21.42,0,9,-3.27,True,10,False,1,18.81,17.93,0.0,-10.04,False,sz300631
20250716,10.67,10,10,-2.25,False,0,False,0,10.64,0.0,-1.81,-2.34,False,sz002911
20240802,4.97,1,1,20.93,False,9,False,9,4.93,20.93,-0.42,-1.21,True,sz300318
20240930,7.08,9,9,-10.45,False,1,False,1,6.77,1.13,-6.58,-12.15,False,sz000157
20240829,24.47,0,0,10.34,True,10,True,10,24.27,12.75,0.0,0.0,False,sz002444
20250709,78.17,1,1,7.85,False,9,False,9,76.96,19.61,-5.89,-7.04,False,sz301261
20240930,26.0,4,9,-3.65,False,6,False,1,24.2,10.0,-2.14,-8.62,False,sz300482
20240927,3230.26,0,0,10.07,True,10,True,10,3072.94,21.34,0.0,0.0,False,sz399659
20240923,7.35,0,3,34.29,True,10,False,7,7.1,38.91,0.0,-3.27,True,sz002123
20250624,11.8,0,1,13.04,True,10,False,9,11.7,13.04,0.0,-0.68,False,sz301355
20240924,2.69,0,0,16.73,True,10,True,10,2.67,39.78,0.0,0.0,False,sz002570
20240731,26.8,9,10,-6.34,False,1,False,0,26.19,0.0,-5.82,-6.98,False,sz000063
20240913,8.31,0,0,33.23,True,10,True,10,8.25,33.23,0.0,0.0,True,sz002017
20240902,7.65,3,6,-8.89,False,7,False,4,7.4,3.66,-3.97,-8.89,False,sz000504
20240930,13.81,0,9,-0.51,True,10,False,1,11.73,15.42,0.0,-13.9,False,sz300118
20251017,36.47,10,10,-5.51,False,0,False,0,34.92,0.0,-13.25,-15.03,False,sz300683
20240906,3.38,0,6,3.84,True,10,False,4,3.08,5.03,0.0,-8.28,False,sz000850
20250624,47.02,0,0,2.45,True,10,True,10,46.16,3.72,0.0,0.0,False,sz301548
20240731,5.08,2,2,-2.56,False,8,False,8,5.03,14.17,-2.64,-2.56,False,sz002059
20240820,13.86,6,6,5.19,False,4,False,4,13.84,5.19,-8.39,-8.66,False,sz002824
20250819,14.76,0,1,-0.75,True,10,False,9,14.75,4.07,0.0,-0.75,False,sz300729
20240730,4.65,0,0,6.67,True,10,True,10,4.64,6.67,0.0,0.0,False,sz000833
20240927,3.36,0,0,4.76,True,10,True,10,3.29,13.39,0.0,0.0,False,sz002494
20240930,4.0,0,6,-1.0,True,10,False,4,3.57,14.75,0.0,-5.0,False,sz300201
20240927,11.48,0,0,6.53,True,10,True,10,11.36,21.25,0.0,0.0,False,sz300452
20240930,911.27,8,9,-5.67,False,2,False,1,885.03,2.61,-3.13,-6.02,False,sz399689
20240802,2.72,10,10,-1.47,False,0,False,0,2.71,0.0,-9.63,-8.82,False,sz300135
20240927,8.62,0,0,4.29,True,10,True,10,8.61,14.97,0.0,0.0,False,sz002669
20260123,21.1,10,10,-12.04,False,0,False,0,20.91,0.0,-14.9,-14.69,False,sz300767
20240731,6.12,9,10,-7.51,False,1,False,0,5.99,0.0,-7.03,-7.51,False,sz002340
20250624,21.39,0,0,10.52,True,10,True,10,21.35,29.03,0.0,0.0,False,sz301565
20240830,8.34,1,3,2.76,False,9,False,7,7.95,26.86,-0.3,-4.92,False,sz300386
20240919,9.76,0,0,19.57,True,10,True,10,9.7,20.7,0.0,0.0,False,sz200581
20240731,4.78,6,6,-4.4,False,4,False,4,4.74,2.51,-4.26,-4.4,False,sz002627
20251218,30.78,0,0,25.08,True,10,True,10,29.86,25.08,0.0,0.0,True,sz301002
20251104,38.43,0,7,-4.71,True,10,False,3,36.57,2.94,0.0,-4.76,False,sz301560
20240926,8.47,0,0,17.47,True,10,True,10,8.32,43.21,0.0,0.0,False,sz300383
20240925,3.83,0,0,20.89,True,10,True,10,3.82,27.94,0.0,0.0,True,sz002516
20240927,12.5,0,0,4.32,True,10,True,10,12.23,11.68,0.0,0.0,False,sz000878
20250625,22.18,0,3,1.08,True,10,False,7,21.68,3.07,0.0,-0.9,False,sz300762
20240930,3.93,0,9,-1.02,True,10,False,1,3.62,7.12,0.0,-6.36,False,sz002491
20240802,7.36,0,4,-1.49,True,10,False,6,6.41,9.65,0.0,-8.29,False,sz300204
20250707,18.85,0,0,8.65,True,10,True,10,18.69,9.92,0.0,0.0,False,sz300902
20240926,9.83,0,0,10.83,True,10,True,10,9.43,27.11,0.0,0.0,False,sz002558
20240903,6.08,5,9,-0.49,False,5,False,1,6.01,2.96,-3.01,-4.28,False,sz300153
20240927,2.58,0,0,10.08,True,10,True,10,2.54,20.93,0.0,0.0,False,sz002195
20240927,75.03,0,5,-0.19,True,10,False,5,69.62,20.57,0.0,-4.67,False,sz002821
20240930,20.44,0,1,23.14,True,10,False,9,19.06,23.14,0.0,-0.83,True,sz002368
20240926,2011.51,0,0,8.4,True,10,True,10,1998.76,32.58,0.0,0.0,False,sz399412
20240927,7.86,0,0,11.19,True,10,True,10,7.77,26.33,0.0,0.0,False,sz300434
20240926,7.46,0,0,6.43,True,10,True,10,7.44,20.38,0.0,0.0,False,sz002788
20240927,4.18,0,0,4.31,True,10,True,10,4.05,12.44,0.0,0.0,False,sz002641
20250625,37.4,2,2,3.74,False,8,False,8,37.23,3.74,-0.27,-0.64,False,sz301503
20240925,6.24,0,0,7.05,True,10,True,10,6.24,15.54,0.0,0.0,False,sz000635
20250625,10.07,1,1,3.18,False,9,False,9,10.04,3.87,-0.35,-0.7,False,sz300701
20240927,8.92,0,1,2.58,True,10,False,9,8.54,20.96,0.0,-0.78,False,sz002326
20240808,4.52,10,10,-10.62,False,0,False,0,4.23,0.0,-6.09,-13.05,False,sz300029
20240822,2.32,7,8,-6.03,False,3,False,2,2.3,0.86,-5.02,-7.33,False,sz002775
20240926,17.11,0,0,4.21,True,10,True,10,16.98,19.87,0.0,0.0,False,sz002126
20240927,5.15,0,0,16.11,True,10,True,10,4.99,21.15,0.0,0.0,False,sz002212
20240924,42.68,0,0,21.86,True,10,True,10,42.45,44.02,0.0,0.0,True,sz300487
20240927,4.05,0,0,4.44,True,10,True,10,3.96,12.35,0.0,0.0,False,sz000701
20240813,6.4,1,1,7.51,False,9,False,9,6.36,7.51,-0.73,-1.25,False,sz002588
20240913,4.07,5,5,52.83,False,5,False,5,4.05,52.83,-6.85,-7.62,True,sz300067
20250624,22.16,0,0,4.87,True,10,True,10,22.11,6.86,0.0,0.0,False,sz300855
20251023,93.35,5,5,-2.79,False,5,False,5,93.21,1.53,-2.95,-3.29,False,sz301479
20240827,10.6,9,10,-9.43,False,1,False,0,9.97,0.0,-4.91,-10.28,False,sz300500
20240927,6991.29,0,0,5.31,True,10,True,10,6808.1,19.4,0.0,0.0,False,sz399671
20240930,17.06,0,4,6.86,True,10,False,6,15.21,13.83,0.0,-7.74,False,sz300657
20240902,5.18,9,10,-4.44,False,1,False,0,5.09,0.0,-5.37,-7.72,False,sz002691
20240731,2437.69,10,10,-6.21,False,0,False,0,2434.95,0.0,-6.83,-6.41,False,sz399996
20260408,56.36,0,0,10.57,True,7,True,7,56.01,13.34,0.0,0.0,False,sz300836
20240808,11.35,0,1,0.62,True,10,False,9,11.08,2.56,0.0,-0.09,False,sz000902
20240815,13.03,0,10,-5.99,True,10,False,0,11.59,0.0,0.0,-7.98,False,sz300183
20240930,3.5,5,8,1.43,False,5,False,2,3.28,1.43,-2.69,-8.86,False,sz002716
20250627,22.32,0,2,3.09,True,10,False,8,22.23,3.18,0.0,-0.36,False,sz301133
20240927,3.92,0,1,0.26,True,10,False,9,3.69,18.39,0.0,-2.04,False,sz002145
20240912,20.19,8,8,17.53,False,2,False,2,19.37,17.53,-8.93,-13.52,False,sz300619
20240927,21.3,0,0,3.33,True,10,True,10,19.44,21.08,0.0,0.0,False,sz000762
20240927,10.69,0,0,9.73,True,10,True,10,10.49,24.51,0.0,0.0,False,sz002271
20250701,16.32,3,3,1.59,False,7,False,7,16.28,2.57,-0.47,-0.74,False,sz301207
20251219,23.98,0,0,20.39,True,10,True,10,22.86,20.39,0.0,0.0,True,sz300878
20240731,29.16,0,0,2.74,True,10,True,10,28.92,4.01,0.0,0.0,False,sz002422
20240926,3986.3,0,0,6.29,True,10,True,10,3926.51,26.6,0.0,0.0,False,sz399358
20240927,4.23,0,0,10.63,True,10,True,10,4.1,37.56,0.0,0.0,False,sz300587
20240731,3.63,3,8,-0.83,False,7,False,2,3.55,0.28,-1.41,-3.85,False,sz000601
20240927,7.17,0,0,5.16,True,10,True,10,6.95,21.9,0.0,0.0,False,sz300129
20250624,24.28,0,0,3.21,True,10,True,10,23.6,4.82,0.0,0.0,False,sz301199
20240927,8.22,0,0,5.35,True,10,True,10,8.03,18.98,0.0,0.0,False,sz002026
20260227,75.01,9,10,-3.77,False,1,False,0,74.73,0.0,-6.92,-7.61,False,sz301603
20260310,35.85,7,7,-11.16,False,3,False,3,35.7,2.65,-11.95,-11.88,False,sz300955
20250627,39.74,0,3,-1.94,True,10,False,7,38.42,4.35,0.0,-1.94,False,sz002993
20240926,28.28,0,0,6.22,True,10,True,10,27.56,13.54,0.0,0.0,False,sz000786
20240730,10.92,4,5,1.28,False,6,False,5,10.48,1.28,-4.21,-8.06,False,sz300400
20240930,5.97,1,9,-4.18,False,9,False,1,5.57,4.35,-0.16,-7.87,False,sz002295
20240927,6.28,0,0,18.17,True,10,True,10,5.89,36.65,0.0,0.0,False,sz300253
20241028,7.18,4,5,31.06,False,6,False,5,7.13,31.06,-5.76,-6.96,True,sz002068
20240731,8.64,9,9,-5.79,False,1,False,1,8.29,0.0,-5.71,-9.26,False,sz002815
20240812,12.71,9,10,-10.7,False,1,False,0,12.16,0.0,-6.61,-10.94,False,sz300463
20250624,38.37,0,2,4.12,True,10,False,8,37.36,4.25,0.0,-0.5,False,sz301280
20250624,38.26,2,4,14.77,False,8,False,6,38.03,14.77,-1.33,-2.01,False,sz300936
20250624,39.52,0,9,-2.86,True,10,False,1,33.86,0.03,0.0,-4.86,False,sz301349
20250715,77.08,1,1,22.12,False,9,False,9,76.05,26.69,-0.21,-1.13,True,sz300718
20240930,23.08,4,8,1.17,False,6,False,2,22.34,8.71,-3.16,-6.59,False,sz002876
20240813,5.54,10,10,-9.02,False,0,False,0,5.51,0.0,-11.01,-11.9,False,sz002658
20240903,13.64,6,9,2.35,False,4,False,1,13.18,2.35,-3.96,-7.55,False,sz000985
20240926,3028.91,0,0,2.54,True,10,True,10,3003.92,14.34,0.0,0.0,False,sz399391
20240927,3.42,0,0,4.09,True,10,True,10,3.37,17.52,0.0,0.0,False,sz002522
20240830,234.98,10,10,-7.96,False,0,False,0,230.97,0.0,-6.5,-7.96,False,sz002371
20250624,23.76,3,4,-2.27,False,7,False,6,23.4,2.15,-2.37,-2.9,False,sz301307
20251111,70.2,9,9,-7.04,False,1,False,1,69.31,0.27,-9.75,-10.26,False,sz301033
20240802,4.33,10,10,-5.31,False,0,False,0,4.23,0.0,-3.96,-6.0,False,sz002616
20251021,18.62,0,1,17.67,True,10,False,9,18.22,17.67,0.0,-1.99,False,sz300985
20240801,12.72,0,9,-5.19,True,10,False,1,11.34,0.79,0.0,-8.57,False,sz300519
20251126,32.19,1,1,18.45,False,9,False,9,31.84,18.45,-1.37,-1.58,False,sz002943
20240813,8.06,10,10,-9.67,False,0,False,0,7.97,0.0,-8.84,-9.67,False,sz002245
20240812,16.22,6,9,-12.09,False,4,False,1,15.35,0.56,-6.88,-12.4,False,sz000756
20240807,4.81,10,10,-6.03,False,0,False,0,4.81,0.0,-8.43,-7.69,False,sz300283
20240805,9.36,10,10,-4.91,False,0,False,0,9.36,0.0,-9.66,-9.08,False,sz002416
20240927,6.38,8,8,-5.49,False,2,False,2,6.25,9.4,-4.24,-7.21,False,sz000978
20240920,11.81,0,0,16.43,True,10,True,10,11.66,43.35,0.0,0.0,False,sz002722
20251021,29.01,0,2,-0.59,True,10,False,8,28.29,5.41,0.0,-1.41,False,sz301107
20240911,4.23,1,4,10.64,False,9,False,6,4.17,10.64,-1.45,-3.55,False,sz002591
20240926,17.98,0,0,18.78,True,10,True,10,17.7,32.16,0.0,0.0,False,sz300557
20240923,1.71,0,0,23.98,True,10,True,10,1.69,39.18,0.0,0.0,True,sz000718
20240930,9.12,2,9,-5.81,False,8,False,1,8.58,4.94,-0.76,-7.24,False,sz002458
20240927,3516.86,0,0,15.23,True,10,True,10,3348.65,26.49,0.0,0.0,False,sz399016
20251111,11.71,4,6,-6.23,False,6,False,4,11.38,4.44,-5.11,-7.69,False,sz301149
20250716,80.24,1,2,-2.48,False,9,False,8,77.96,2.26,-1.43,-2.48,False,sz001306
20240909,4.86,0,0,8.44,True,10,True,10,4.28,36.42,0.0,0.0,False,sz300030
20260109,15.74,5,3,22.62,False,5,False,7,15.71,22.62,-1.52,-1.4,True,sz300861
20240925,3.63,1,4,0.0,False,9,False,6,3.51,12.95,-0.01,-5.51,False,sz000955
20251223,16.69,2,5,2.52,False,8,False,5,16.26,4.13,-0.8,-3.06,False,sz300786
20240927,6.16,0,0,15.1,True,10,True,10,6.12,22.08,0.0,0.0,False,sz300600
20240927,8.13,0,1,8.36,True,10,False,9,7.99,13.78,0.0,-0.98,False,sz000586
20250624,13.25,0,0,2.42,True,10,True,10,13.14,3.09,0.0,0.0,False,sz003025
20240926,1128.76,0,0,14.97,True,10,True,10,1124.14,39.66,0.0,0.0,False,sz399626
20240731,4.43,0,4,0.9,True,10,False,6,4.33,1.13,0.0,-1.36,False,sz000166
20241127,38.93,2,2,5.45,False,8,False,8,38.54,5.45,-1.53,-2.39,False,sz002475
20240805,4.64,7,9,-8.62,False,3,False,1,4.34,7.55,-6.93,-12.51,False,sz300329
20251022,19.11,1,0,2.77,False,9,True,10,19.07,3.51,-0.35,0.0,False,sz301399
20240802,3.75,9,9,-2.13,False,1,False,1,3.74,0.53,-2.79,-2.4,False,sz002688
20250625,3.6,2,4,2.64,False,8,False,6,3.58,3.19,-0.77,-1.66,False,sz003816
20240924,4.56,0,0,12.94,True,10,True,10,4.53,21.71,0.0,0.0,False,sz000401
20240926,3171.45,0,0,16.52,True,10,True,10,3106.62,44.71,0.0,0.0,False,sz399668
20250624,21.72,0,0,7.18,True,10,True,10,21.48,7.18,0.0,0.0,False,sz301161
20251125,18.15,2,2,11.4,False,8,False,8,18.04,11.4,-1.54,-1.6,False,sz002925
20250722,18.11,8,10,-4.53,False,2,False,0,17.95,0.0,-4.99,-5.85,False,sz002158
20240930,37.08,5,9,-7.77,False,5,False,1,34.97,0.0,-5.02,-9.98,False,sz002223
20240903,13.63,9,9,-6.53,False,1,False,1,13.6,0.15,-7.24,-8.29,False,sz002159
20240926,9.51,0,0,61.41,True,10,True,10,8.8,80.86,0.0,0.0,True,sz300056
20251124,15.97,0,1,29.74,True,10,False,9,15.47,29.74,0.0,-0.38,True,sz001360
20240930,8.49,4,9,-3.83,False,6,False,1,8.08,5.18,-3.06,-8.13,False,sz002090
20240731,10.77,9,10,-8.08,False,1,False,0,10.55,0.0,-8.98,-11.05,False,sz300531
20250813,62.5,2,2,6.13,False,8,False,8,62.37,9.07,-2.17,-2.59,False,sz301085
20240926,1610.34,0,0,22.38,True,10,True,10,1604.9,46.66,0.0,0.0,True,sz399640
20250630,33.33,0,1,4.98,True,10,False,9,32.88,5.25,0.0,-0.18,False,sz301278
20240812,1.92,0,3,-2.08,True,10,False,7,1.79,5.73,0.0,-4.17,False,sz200468
20240927,1.3,0,0,9.23,True,10,True,10,1.29,24.62,0.0,0.0,False,sz300301
20240910,31.7,1,0,4.6,False,9,True,10,31.58,5.08,-0.17,0.0,False,sz300628
20240927,8.44,0,1,11.14,True,10,False,9,8.09,17.77,0.0,-2.37,False,sz002174
20240927,4.21,4,5,-2.85,False,6,False,5,4.15,12.59,-2.67,-4.99,False,sz000100
20250818,57.82,0,0,3.91,True,10,True,10,56.74,7.42,0.0,0.0,False,sz301236
20240930,15.29,2,9,-5.1,False,8,False,1,14.46,8.44,-3.51,-9.88,False,sz002240
20240806,15.0,9,9,-11.6,False,1,False,1,14.86,0.13,-10.79,-11.6,False,sz002389
20250805,24.42,1,5,2.58,False,9,False,5,24.27,3.28,-1.2,-2.66,False,sz300980
20251027,30.47,3,5,0.49,False,7,False,5,30.02,1.44,-0.78,-1.87,False,sz301665
20240906,4.17,8,8,-7.19,False,2,False,2,4.11,13.43,-6.47,-9.59,False,sz300086
20240925,5.62,0,0,9.97,True,10,True,10,5.57,16.74,0.0,0.0,False,sz002040
20240926,5.1,1,1,-1.96,False,9,False,9,5.09,14.31,-0.35,-1.96,False,sz000553
20250717,24.03,0,2,3.95,True,10,False,8,23.52,5.95,0.0,-1.21,False,sz301302
20240926,6.5,0,0,8.0,True,10,True,10,6.46,22.15,0.0,0.0,False,sz002527
20240926,25.7,0,0,19.92,True,10,True,10,25.31,30.69,0.0,0.0,False,sz000034
20241226,3.45,1,5,-2.03,False,9,False,5,3.36,2.9,-0.88,-2.03,False,sz200512
20240930,9.83,3,9,-4.78,False,7,False,1,9.18,3.86,-1.76,-9.36,False,sz002873
20250624,7.44,0,1,3.9,True,10,False,9,7.23,3.9,0.0,-0.27,False,sz300933
20250624,29.95,0,0,13.36,True,10,True,10,29.9,13.36,0.0,0.0,False,sz301285
20240927,12.85,0,0,9.18,True,10,True,10,12.41,14.55,0.0,0.0,False,sz002810
20240731,6.32,6,9,-0.16,False,4,False,1,6.13,0.95,-7.12,-8.54,False,sz300162
20240926,3.99,0,0,15.79,True,10,True,10,3.92,29.82,0.0,0.0,False,sz300405
20241008,13.34,6,10,-0.6,False,4,False,0,12.88,0.0,-5.94,-9.37,False,sz002290
20240926,1877.49,0,0,15.97,True,10,True,10,1874.48,30.87,0.0,0.0,False,sz399423
20251124,58.74,0,0,5.72,True,10,True,10,58.46,6.83,0.0,0.0,False,sz301606
20240731,10.27,6,10,-9.06,False,4,False,0,9.57,0.0,-5.03,-11.49,False,sz002670
20250731,10.36,0,0,4.83,True,10,True,10,10.07,16.7,0.0,0.0,False,sz002811
20260408,14.78,0,3,-2.5,True,7,False,4,14.35,2.3,0.0,-2.5,False,sz300730
20240930,13.4,4,9,-6.94,False,6,False,1,12.28,6.12,-2.98,-12.01,False,sz002317
20240808,2.69,8,10,-18.59,False,2,False,0,2.41,0.0,-8.66,-18.59,False,sz300267
20260306,15.73,4,7,-15.07,False,6,False,3,15.12,1.65,-12.88,-15.07,False,sz300686
20251016,17.86,8,8,-10.25,False,2,False,2,17.54,1.4,-9.76,-10.25,False,sz300961
20240930,31.26,9,9,-10.24,False,1,False,1,31.13,1.09,-13.15,-13.98,False,sz000028
20240923,1071.68,0,0,24.5,True,10,True,10,1068.69,36.46,0.0,0.0,True,sz399241
20240912,3.68,0,2,16.87,True,10,False,8,3.61,16.87,0.0,-1.36,False,sz002012
20240920,6.81,1,1,17.01,False,9,False,9,6.79,26.29,-1.08,-1.32,False,sz000501
20240927,13.92,0,0,25.5,True,10,True,10,13.27,43.46,0.0,0.0,True,sz300229
20250625,63.3,7,9,0.57,False,3,False,1,62.44,0.57,-4.12,-4.82,False,sz301299
20240927,5.05,0,2,23.96,True,10,False,8,4.86,23.96,0.0,-4.75,True,sz002575
20240925,8.74,0,0,8.7,True,10,True,10,8.73,28.95,0.0,0.0,False,sz000066
20240910,1.72,6,8,1.16,False,4,False,2,1.67,1.16,-11.96,-16.28,False,sz002622
20251231,40.52,8,9,1.6,False,2,False,1,39.74,1.6,-9.75,-10.17,False,sz301007
20240926,1.25,8,8,-8.0,False,2,False,2,1.24,2.4,-7.53,-8.8,False,sz000656
20250708,50.97,0,0,4.63,True,10,True,10,49.15,6.44,0.0,0.0,False,sz301333
20240927,4.65,0,2,-0.43,True,10,False,8,4.58,12.04,0.0,-1.72,False,sz002345
20250624,12.69,1,1,7.01,False,9,False,9,12.66,10.4,-0.75,-0.79,False,sz300885
20240925,5.3,0,1,31.32,True,10,False,9,5.23,55.28,0.0,-0.38,True,sz300419
20250905,14.7,0,2,1.7,True,10,False,8,14.27,4.35,0.0,-0.75,False,sz301180
20260114,28.5,10,10,-10.53,False,0,False,0,28.27,0.0,-11.28,-10.53,False,sz001206
20240925,17.05,0,0,50.97,True,10,True,10,16.77,56.13,0.0,0.0,True,sz300130
20250624,23.25,0,0,3.57,True,10,True,10,23.03,3.57,0.0,0.0,False,sz301049
20240927,5.69,0,1,5.62,True,10,False,9,5.56,15.11,0.0,-0.7,False,sz002842
20240925,16.32,0,0,8.7,True,10,True,10,15.61,41.53,0.0,0.0,False,sz300457
20240820,4.84,10,10,-11.98,False,0,False,0,4.53,0.0,-10.71,-16.53,False,sz300004
20250905,37.75,0,0,37.83,True,10,True,10,36.63,37.83,0.0,0.0,True,sz001332
20240927,7.86,0,0,10.05,True,10,True,10,7.84,12.73,0.0,0.0,False,sz002758
20251205,10.38,9,10,-2.83,False,1,False,0,10.23,0.0,-4.07,-4.04,False,sz002939
20240925,29.57,0,0,78.92,True,10,True,10,27.87,93.02,0.0,0.0,True,sz300563
20251023,36.36,8,8,-3.58,False,2,False,2,36.16,1.57,-4.25,-4.18,False,sz301380
20240927,2888.32,0,0,22.42,True,10,True,10,2739.1,26.8,0.0,0.0,True,sz399811
20251124,38.28,0,4,16.01,True,10,False,6,36.7,16.01,0.0,-4.13,False,sz002977
20240927,11.56,0,0,2.16,True,10,True,10,11.34,11.07,0.0,0.0,False,sz000885
20260203,41.55,2,2,18.89,False,8,False,8,40.4,18.89,-3.82,-6.02,False,sz301150
20250701,36.63,7,10,-1.79,False,3,False,0,35.8,0.0,-2.38,-3.85,False,sz301099
20240930,7.12,9,9,-6.32,False,1,False,1,6.97,6.46,-5.6,-7.72,False,sz002441
20241106,2.52,0,1,3.97,True,10,False,9,2.49,8.33,0.0,-0.79,False,sz002168
20260119,32.66,6,6,-7.56,False,4,False,4,32.55,4.72,-8.04,-7.56,False,sz001298
20260108,21.89,0,0,7.63,True,10,True,10,21.54,7.63,0.0,0.0,False,sz003011
20240930,15.18,4,9,-1.91,False,6,False,1,14.37,4.35,-1.65,-6.92,False,sz002395
20240924,6.01,0,0,18.97,True,10,True,10,5.87,46.42,0.0,0.0,False,sz000686
20240919,8.02,0,0,47.13,True,10,True,10,7.99,67.58,0.0,0.0,True,sz300353
20250624,10.37,0,0,7.64,True,10,True,10,10.19,9.28,0.0,0.0,False,sz002893
20250724,31.01,9,9,-2.32,False,1,False,1,30.98,0.42,-2.54,-2.68,False,sz300999
20240731,6.49,8,10,-8.78,False,2,False,0,6.17,0.0,-5.67,-8.78,False,sz000683
20240930,13.94,0,2,4.45,True,10,False,8,12.48,12.2,0.0,-1.08,False,sz300505
20240806,4.85,1,0,0.82,False,9,True,10,4.83,7.22,-0.16,0.0,False,sz300062
20251204,79.19,3,3,-0.75,False,7,False,7,78.44,5.44,-2.23,-2.75,False,sz301155
20250707,15.29,0,0,2.55,True,10,True,10,15.26,2.88,0.0,0.0,False,sz300504
20240925,5.36,0,2,-0.97,True,10,False,8,5.25,25.0,0.0,-0.97,False,sz000430
20250806,63.71,1,3,2.43,False,9,False,7,62.63,2.43,-0.13,-2.45,False,sz301598
20250704,41.06,0,0,5.7,True,10,True,10,40.84,6.19,0.0,0.0,False,sz301202
20240930,3.53,0,9,-5.67,True,10,False,1,3.21,3.4,0.0,-8.22,False,sz002427
20240930,2.37,0,5,8.74,True,10,False,5,2.16,8.74,0.0,-5.95,False,sz002713
20240930,7.84,1,9,-4.08,False,9,False,1,7.33,5.23,-0.15,-6.51,False,sz002140
20250901,13.77,5,6,0.44,False,5,False,4,13.69,0.58,-2.47,-2.9,False,sz003039
20240930,5.25,9,9,-5.71,False,1,False,1,5.0,2.86,-3.45,-8.19,False,sz002469
20250709,35.85,9,9,0.73,False,1,False,1,35.77,0.73,-3.53,-3.91,False,sz300833
20240927,1767.95,0,0,6.34,True,10,True,10,1744.36,22.85,0.0,0.0,False,sz399674
20240926,15.32,0,0,26.32,True,10,True,10,15.26,32.3,0.0,0.0,True,sz300652
20250804,23.77,6,8,-1.68,False,4,False,2,23.6,0.93,-1.99,-2.23,False,sz001337
20240930,3.94,8,9,-5.58,False,2,False,1,3.85,9.9,-4.27,-7.87,False,sz002694
20240927,2293.23,0,0,7.26,True,10,True,10,2220.82,26.22,0.0,0.0,False,sz399993
20251125,33.09,8,8,-9.43,False,2,False,2,32.15,5.59,-9.26,-11.03,False,sz300907
20250626,28.65,3,5,19.83,False,7,False,5,28.41,23.98,-1.3,-2.3,False,sz301378
20240930,5.99,9,9,-9.35,False,1,False,1,5.82,2.67,-7.37,-10.18,False,sz000529
20250905,19.27,1,6,-2.18,False,9,False,4,18.98,0.83,-1.24,-2.18,False,sz301185
20240927,3.25,4,7,2.46,False,6,False,3,3.21,4.0,-3.28,-6.15,False,sz002289
20250707,21.55,10,10,-2.23,False,0,False,0,21.44,0.0,-4.5,-4.73,False,sz300880
20240924,3.86,0,7,-3.63,True,10,False,3,3.72,10.62,0.0,-4.15,False,sz002513
20251022,40.45,2,2,6.95,False,8,False,8,40.41,6.95,-2.43,-1.19,False,sz300949
20251201,59.12,6,9,-12.35,False,4,False,1,54.98,0.14,-5.9,-12.69,False,sz301336
20240731,19.43,9,10,-5.92,False,1,False,0,19.28,0.0,-5.56,-5.92,False,sz002074
20240807,7.4,8,8,-14.46,False,2,False,2,7.33,2.03,-14.0,-15.0,False,sz002809
20240926,5.83,0,0,21.78,True,10,True,10,5.62,33.62,0.0,0.0,True,sz000567
20240930,276.91,1,7,1.58,False,9,False,3,271.0,2.98,-0.46,-2.61,False,sz399307
20240927,3.41,6,6,-2.35,False,4,False,4,3.38,9.38,-2.83,-4.69,False,sz000630
20240923,1.25,0,0,8.0,True,10,True,10,1.24,26.4,0.0,0.0,False,sz002323
20251119,90.21,0,0,18.28,True,10,True,10,89.38,18.28,0.0,0.0,False,sz301061
20240807,7.32,8,8,-9.02,False,2,False,2,7.23,3.14,-7.81,-9.02,False,sz002644
20251020,44.06,0,2,27.19,True,10,False,8,43.08,30.93,0.0,-1.13,True,sz300964
20240926,2191.46,0,0,10.43,True,10,True,10,2187.45,36.05,0.0,0.0,False,sz399417
20240812,32.11,8,9,0.55,False,2,False,1,31.64,0.55,-1.96,-3.24,False,sz000999
20251015,27.12,3,3,3.13,False,7,False,7,26.88,3.13,-0.98,-1.7,False,sz000062
20240926,14.71,0,0,13.39,True,10,True,10,14.68,20.53,0.0,0.0,False,sz002190
20251124,20.1,0,2,4.03,True,10,False,8,19.74,4.03,0.0,-0.5,False,sz001260
20240730,2.87,4,8,-15.68,False,6,False,2,2.53,6.27,-6.65,-18.12,False,sz300287
20240905,6.63,1,1,0.75,False,9,False,9,6.6,4.07,-1.45,-1.66,False,sz000752
20240920,18.25,0,1,19.13,True,10,False,9,18.01,31.84,0.0,-0.05,False,sz002241
20251031,13.14,0,0,4.79,True,10,True,10,13.12,4.79,0.0,0.0,False,sz300981
20251103,22.08,6,7,-0.32,False,4,False,3,21.93,1.4,-1.06,-1.49,False,sz301103
20240927,6.93,3,8,-2.74,False,7,False,2,6.81,8.23,-1.82,-3.75,False,sz002726
20250630,16.5,8,7,1.33,False,2,False,3,16.42,1.33,-6.48,-6.36,False,sz300806
20240930,18.78,1,6,5.49,False,9,False,4,17.87,12.41,-2.25,-7.5,False,sz300553
20251020,6.46,0,0,3.25,True,10,True,10,6.4,3.25,0.0,0.0,False,sz002909
20240731,36.0,10,10,-6.28,False,0,False,0,35.16,0.0,-5.57,-6.28,False,sz002595
20240930,17.11,0,5,5.2,True,10,False,5,15.41,14.61,0.0,-4.15,False,sz300034
20240926,2450.19,0,0,22.05,True,10,True,10,2444.04,47.89,0.0,0.0,True,sz399012
20240927,19.58,0,0,4.6,True,10,True,10,19.26,16.96,0.0,0.0,False,sz002768
20240927,14.02,0,0,9.2,True,10,True,10,13.53,39.23,0.0,0.0,False,sz300363
20251103,33.02,5,10,-7.63,False,5,False,0,30.7,0.0,-3.41,-8.6,False,sz300865
20240927,4.59,0,0,25.49,True,10,True,10,4.32,28.54,0.0,0.0,True,sz300057
20250721,121.75,9,10,-5.3,False,1,False,0,118.77,0.0,-8.56,-10.06,False,sz003021
20240731,7.38,1,1,1.9,False,9,False,9,7.35,1.9,-0.08,-0.14,False,sz000582
20240924,22.41,0,1,13.74,True,10,False,9,22.34,30.17,0.0,-0.13,False,sz002222
20240927,9.25,0,0,4.76,True,10,True,10,9.11,12.21,0.0,0.0,False,sz002116
20240830,5.86,8,10,-7.33,False,2,False,0,5.82,0.0,-5.04,-7.33,False,sz300219
20240930,1.93,0,2,0.0,True,10,False,8,1.85,3.63,0.0,-0.52,False,sz200570
20240730,15.3,8,10,-17.06,False,2,False,0,13.74,0.0,-8.35,-18.43,False,sz300583
20250714,48.8,1,1,4.92,False,9,False,9,48.65,4.92,-0.58,-0.84,False,sz301360
20240926,2.01,0,0,7.46,True,10,True,10,1.96,23.38,0.0,0.0,False,sz000056
20240930,5.47,0,9,-6.76,True,10,False,1,5.07,6.21,0.0,-7.86,False,sz000531
20240927,6.17,1,4,-0.32,False,9,False,6,6.13,16.53,-0.19,-1.94,False,sz002022
20240925,1.72,0,0,7.56,True,10,True,10,1.72,12.21,0.0,0.0,False,sz200017
20240930,469.53,0,8,0.82,True,10,False,2,429.57,12.39,0.0,-7.12,False,sz399678
20240924,4.88,0,1,6.56,True,10,False,9,4.81,24.8,0.0,-0.61,False,sz002291
20240927,4.31,6,7,-1.62,False,4,False,3,4.29,6.96,-2.07,-3.02,False,sz000782
20240927,3.52,0,0,2.27,True,10,True,10,3.42,14.2,0.0,0.0,False,sz002358
20250717,39.13,5,5,-0.38,False,5,False,5,38.87,4.5,-0.84,-1.12,False,sz002997
20260112,36.8,2,4,0.11,False,8,False,6,36.23,2.04,-0.77,-2.23,False,sz300951
20240927,2057.95,0,0,5.54,True,10,True,10,1978.53,25.2,0.0,0.0,False,sz399441
20240820,14.28,10,10,-12.46,False,0,False,0,13.74,0.0,-10.82,-14.43,False,sz300467
20250924,11.24,9,9,-3.11,False,1,False,1,11.2,0.18,-4.51,-3.11,False,sz001236
20240927,3.93,4,6,-1.53,False,6,False,4,3.87,10.18,-0.58,-3.82,False,sz002795
20250916,48.69,8,9,-8.67,False,2,False,1,47.09,1.36,-6.54,-9.32,False,sz300100
20240926,3.43,0,0,5.83,True,10,True,10,3.38,19.52,0.0,0.0,False,sz002375
20250728,20.26,4,8,19.05,False,6,False,2,19.85,19.05,-1.64,-3.36,False,sz300752
20240730,4.42,1,1,2.94,False,9,False,9,4.4,5.43,-1.3,-1.36,False,sz000035
20240927,5210.18,0,1,1.72,True,10,False,9,5101.27,9.63,0.0,-0.57,False,sz399395
20240802,1.41,10,10,-19.86,False,0,False,0,1.38,0.0,-17.72,-19.86,False,sz000981
20240930,12.73,0,2,14.61,True,10,False,8,10.87,20.03,0.0,-3.77,False,sz300429
20240926,4.48,1,3,-0.67,False,9,False,7,4.34,12.5,-0.4,-3.79,False,sz002188
20250624,17.0,0,3,2.24,True,10,False,7,16.45,2.24,0.0,-1.18,False,sz001278
20240927,14.84,0,5,-1.01,True,10,False,5,14.2,14.49,0.0,-4.25,False,sz002612
20250624,10.93,1,4,1.83,False,9,False,6,10.87,1.83,-0.04,-0.73,False,sz300235
20250624,12.69,0,2,4.65,True,10,False,8,11.92,5.04,0.0,-0.24,False,sz301037
20240823,4.39,8,8,-10.25,False,2,False,2,4.25,3.42,-7.71,-10.93,False,sz000557
20240927,3.93,1,3,0.0,False,9,False,7,3.92,15.02,-0.81,-2.29,False,sz002044
20240819,3.69,8,10,-4.88,False,2,False,0,3.65,0.0,-4.01,-4.88,False,sz002839
20250725,56.22,10,10,-8.93,False,0,False,0,55.97,0.0,-7.83,-9.69,False,sz300979
20240731,4.97,8,9,-7.65,False,2,False,1,4.87,1.61,-6.86,-7.65,False,sz000030
20240926,2.46,0,0,2.44,True,10,True,10,2.45,15.07,0.0,0.0,False,sz002523
20250717,165.96,0,0,8.85,True,10,True,10,160.35,11.35,0.0,0.0,False,sz300757
20240930,8.0,1,9,-4.75,False,9,False,1,7.32,4.5,-0.31,-9.38,False,sz002877
20240806,13.39,9,10,-9.56,False,1,False,0,13.27,0.0,-9.15,-9.56,False,sz000519
20241127,7.81,0,0,4.74,True,10,True,10,7.78,6.02,0.0,0.0,False,sz002790
20240930,10.18,1,6,9.82,False,9,False,4,9.24,12.97,-0.85,-9.63,False,sz300462
20250624,31.13,1,1,3.79,False,9,False,9,31.1,4.69,-0.45,-0.58,False,sz301281
20240912,7.71,0,1,52.01,True,10,False,9,7.6,52.01,0.0,-0.52,True,sz300231
20250904,27.78,1,1,1.51,False,9,False,9,27.78,1.98,-0.4,-0.4,False,sz300937
20250701,22.54,0,10,-10.66,True,10,False,0,19.98,0.0,0.0,-10.66,False,sz301348
20250708,36.2,6,10,-0.83,False,4,False,0,35.89,0.0,-1.74,-2.51,False,sz301578
20240927,13.59,0,0,8.91,True,10,True,10,12.86,22.67,0.0,0.0,False,sz300401
20240904,3.49,10,10,-6.88,False,0,False,0,3.45,0.0,-6.92,-10.03,False,sz300128
20240926,2113.75,0,0,37.52,True,10,True,10,2042.36,51.57,0.0,0.0,True,sz399694
20250701,20.02,1,2,1.65,False,9,False,8,19.96,4.4,-2.12,-2.55,False,sz301051
20240927,10.33,0,5,-0.29,True,10,False,5,10.1,10.94,0.0,-2.52,False,sz000534
20240927,1266.27,0,0,14.95,True,10,True,10,1220.92,21.83,0.0,0.0,False,sz399973
20241008,10.02,10,10,-11.78,False,0,False,0,9.68,0.0,-10.8,-14.87,False,sz002674
20240930,7.65,1,8,0.0,False,9,False,2,7.09,6.27,-1.48,-9.41,False,sz002313
20241112,5.16,10,10,-6.01,False,0,False,0,5.15,0.0,-4.35,-6.01,False,sz000600
20240731,2.6,0,5,-0.38,True,10,False,5,2.55,0.77,0.0,-1.54,False,sz002489
20251125,73.74,1,4,19.41,False,9,False,6,71.85,19.41,-0.4,-1.1,False,sz301165
20240911,9.04,0,9,0.44,True,10,False,1,8.23,0.44,0.0,-7.63,False,sz002227
20250624,39.49,0,2,2.79,True,10,False,8,36.65,4.84,0.0,-2.23,False,sz301398
20240819,2.37,10,10,-8.86,False,0,False,0,2.36,0.0,-12.4,-13.92,False,sz002094
20240927,12.53,0,0,59.62,True,10,True,10,12.26,60.81,0.0,0.0,True,sz300052
20240815,1699.06,0,0,2.59,True,10,True,10,1690.96,5.1,0.0,0.0,False,sz399809
20240930,2.26,0,9,-7.08,True,10,False,1,2.02,11.95,0.0,-10.18,False,sz300208
20240828,1.39,3,6,0.0,False,7,False,4,1.39,1.44,-1.47,-2.16,False,sz002269
20240930,681.55,8,9,-8.47,False,2,False,1,662.52,2.69,-7.02,-10.6,False,sz399680
20240926,11.98,0,0,29.55,True,10,True,10,11.83,35.81,0.0,0.0,True,sz300535
20240926,3190.51,0,0,5.05,True,10,True,10,3171.64,19.99,0.0,0.0,False,sz399644
20240926,17.0,0,0,8.94,True,10,True,10,16.99,54.59,0.0,0.0,False,sz300662
20240930,6.09,3,7,-0.82,False,7,False,3,5.78,14.12,-0.66,-6.4,False,sz300305
20240814,9.87,8,9,0.3,False,2,False,1,9.78,0.3,-3.13,-3.55,False,sz000719
20250624,65.6,0,0,23.63,True,10,True,10,61.66,25.0,0.0,0.0,True,sz300803
20240930,5.86,8,9,-5.63,False,2,False,1,5.67,1.19,-5.13,-8.36,False,sz000937
20240927,12.32,0,0,11.28,True,10,True,10,12.13,19.72,0.0,0.0,False,sz002459
20260317,61.9,10,10,-7.32,False,0,False,0,61.89,0.0,-12.71,-12.44,False,sz003009
20240820,11.22,9,10,-24.06,False,1,False,0,9.38,0.0,-13.62,-29.32,False,sz300518
20251218,23.93,0,0,6.23,True,10,True,10,23.5,33.1,0.0,0.0,False,sz001336
20240731,6.41,1,9,-3.74,False,9,False,1,6.17,0.62,-0.22,-3.74,False,sz000728
20240731,8.91,5,10,-6.28,False,5,False,0,8.48,0.0,-2.82,-6.28,False,sz002468
20240927,4.16,0,1,4.81,True,10,False,9,4.06,18.99,0.0,-1.2,False,sz002712
20250904,30.16,1,0,1.16,False,9,True,10,30.06,9.05,-1.51,0.0,False,sz301137
20250624,21.72,0,1,2.9,True,10,False,9,21.36,2.9,0.0,-0.18,False,sz001378
20240930,11.52,7,9,-9.29,False,3,False,1,11.18,8.51,-7.76,-11.11,False,sz002088
20240927,6.6,0,0,5.45,True,10,True,10,6.48,12.73,0.0,0.0,False,sz000881
20260119,14.61,5,5,0.27,False,5,False,5,14.5,3.7,-4.24,-4.65,False,sz002973
20240926,26.01,0,0,12.3,True,10,True,10,25.5,42.4,0.0,0.0,False,sz300529
20240902,16.29,10,10,-15.47,False,0,False,0,16.28,0.0,-15.5,-16.7,False,sz000766
20240829,12.74,4,6,-1.18,False,6,False,4,12.64,1.18,-1.36,-2.12,False,sz002275
20260109,33.95,0,0,6.54,True,10,True,10,33.81,6.54,0.0,0.0,False,sz301203
20240910,17.95,2,8,3.45,False,8,False,2,17.4,3.45,-2.97,-6.91,False,sz002771
20240927,3542.0,0,0,5.17,True,10,True,10,3375.27,14.63,0.0,0.0,False,sz399658
20240927,2.4,0,2,0.83,True,10,False,8,2.4,19.17,0.0,-1.67,False,sz002122
20240927,11.12,5,7,-3.51,False,5,False,3,10.91,9.26,-3.71,-5.67,False,sz002216
20240925,1.78,0,0,15.73,True,10,True,10,1.77,28.09,0.0,0.0,False,sz002445
20240926,6.45,0,0,3.57,True,10,True,10,6.22,19.07,0.0,0.0,False,sz000156
20240829,8.66,3,6,-4.85,False,7,False,4,8.37,4.62,-2.1,-5.08,False,sz300319
20251219,3.12,6,7,1.28,False,4,False,3,3.1,1.28,-2.77,-2.56,False,sz002217
20251021,16.85,0,0,0.47,True,10,True,10,16.52,3.38,0.0,0.0,False,sz003015
20241024,3.29,0,0,29.48,True,10,True,10,3.12,29.48,0.0,0.0,True,sz002336
20250624,27.0,0,0,4.0,True,10,True,10,26.59,4.0,0.0,0.0,False,sz300851
20240920,2.8,0,0,9.29,True,10,True,10,2.77,28.93,0.0,0.0,False,sz000965
20240930,24.02,0,7,-3.96,True,10,False,3,20.36,18.82,0.0,-11.37,False,sz300357
20240903,10.56,8,10,-1.8,False,2,False,0,10.47,0.0,-3.29,-3.41,False,sz000682
20240926,4.72,0,0,1.69,True,10,True,10,4.66,13.77,0.0,0.0,False,sz002391
20240814,2.59,8,9,-20.08,False,2,False,1,2.35,8.11,-11.58,-20.85,False,sz300157
20240924,8.29,0,0,22.8,True,10,True,10,8.22,25.81,0.0,0.0,True,sz002058
20240926,6.42,0,0,4.34,True,10,True,10,6.34,18.36,0.0,0.0,False,sz002825
20251208,65.87,0,3,-1.05,True,10,False,7,62.29,5.97,0.0,-3.05,False,sz300965
20260114,19.41,4,10,-7.88,False,6,False,0,18.97,0.0,-5.23,-7.88,False,sz300682
20240926,5.74,0,0,12.02,True,10,True,10,5.69,32.57,0.0,0.0,False,sz300263
20240919,5.95,0,3,7.56,True,10,False,7,5.67,13.1,0.0,-2.02,False,sz000505
20250210,6.81,6,6,-10.28,False,4,False,4,6.79,18.5,-10.71,-10.28,False,sz002016
20240930,7.76,4,8,1.42,False,6,False,2,7.45,6.7,-2.92,-9.79,False,sz002645
20250721,86.2,0,9,-9.76,True,10,False,1,77.06,4.57,0.0,-10.44,False,sz301633
20240731,13.74,2,1,0.73,False,8,False,9,13.7,12.23,-1.16,-1.09,False,sz002626
20251110,76.68,4,7,-6.51,False,6,False,3,75.35,2.65,-3.47,-6.51,False,sz002847
20240819,6.21,2,4,4.83,False,8,False,6,6.11,8.86,-1.88,-3.38,False,sz300387
20240924,3.32,0,0,18.37,True,10,True,10,3.16,31.63,0.0,0.0,False,sz000652
20250812,40.88,0,0,18.62,True,10,True,10,39.59,20.11,0.0,0.0,False,sz300766
20240731,9.11,4,7,-2.41,False,6,False,3,8.78,2.85,-1.83,-3.95,False,sz002668
20240830,7.51,1,1,34.75,False,9,False,9,7.41,60.72,-0.04,-1.86,True,sz300134
20251218,15.16,0,0,5.01,True,10,True,10,15.14,5.01,0.0,0.0,False,sz001202
20240926,2067.09,0,0,15.85,True,10,True,10,2040.79,38.05,0.0,0.0,False,sz399688
20240927,6.5,0,0,16.0,True,10,True,10,6.38,25.38,0.0,0.0,False,sz300453
20240926,1.64,0,0,10.96,True,10,True,10,1.62,18.88,0.0,0.0,False,sz002495
20240930,8.38,0,8,1.07,True,10,False,2,7.83,8.0,0.0,-5.97,False,sz002559
20240927,7.87,0,0,6.35,True,10,True,10,7.73,17.03,0.0,0.0,False,sz000837
20240927,2.08,0,0,2.4,True,10,True,10,2.05,9.13,0.0,0.0,False,sz002490
20240927,16.39,0,0,21.11,True,10,True,10,16.19,40.45,0.0,0.0,True,sz300456
20260330,39.65,3,3,17.0,False,7,False,7,39.61,34.55,-3.96,-3.35,False,sz301181
20240930,15.42,0,3,21.4,True,10,False,7,14.2,21.4,0.0,-4.54,True,sz002843
20240930,9.64,9,9,-8.3,False,1,False,1,9.39,4.56,-7.73,-11.62,False,sz000657
20250624,55.02,0,1,11.69,True,10,False,9,53.68,11.69,0.0,-0.64,False,sz300763
20250627,10.31,0,3,6.98,True,10,False,7,10.09,9.41,0.0,-0.68,False,sz301332
20240823,11.53,0,0,1.21,True,10,True,10,11.51,6.24,0.0,0.0,False,sz000004
20240926,10.1,0,0,17.23,True,10,True,10,9.8,24.55,0.0,0.0,False,sz002517
20240829,3.29,0,9,-4.86,True,10,False,1,3.09,1.21,0.0,-4.86,False,sz200045
20240731,2.82,5,9,-0.71,False,5,False,1,2.78,0.0,-0.94,-2.13,False,sz000563
20250804,20.52,0,0,18.42,True,10,True,10,20.46,22.42,0.0,0.0,False,sz001380
20251015,16.79,1,3,4.05,False,9,False,7,16.42,4.23,-0.91,-2.8,False,sz301298
20240806,1.44,7,8,-5.56,False,3,False,2,1.42,0.0,-4.89,-5.56,False,sz200488
20240930,8.78,10,10,-9.79,False,0,False,0,8.69,0.0,-11.22,-12.41,False,sz002327
20250624,39.82,0,0,6.81,True,10,True,10,39.58,6.81,0.0,0.0,False,sz301502
20240909,1.95,4,5,13.33,False,6,False,5,1.89,13.33,-5.89,-11.28,False,sz002640
20240926,1.66,0,0,20.48,True,10,True,10,1.65,21.08,0.0,0.0,True,sz200992
20251111,57.0,10,10,-14.16,False,0,False,0,55.75,0.0,-13.16,-15.37,False,sz301636
20251010,23.13,4,4,2.2,False,6,False,6,23.12,2.2,-1.96,-1.95,False,sz301065
20240924,8.91,0,0,16.84,True,10,True,10,8.89,20.43,0.0,0.0,False,sz002789
20240815,4.15,4,6,0.96,False,6,False,4,4.04,13.01,-7.12,-9.64,False,sz002369
20240830,8.72,6,9,-5.85,False,4,False,1,8.45,0.92,-4.3,-7.91,False,sz002194
20240925,1.99,0,0,111.56,True,10,True,10,1.92,149.25,0.0,0.0,True,sz300152
20240926,4.01,0,0,52.62,True,10,True,10,3.96,52.62,0.0,0.0,True,sz300352
20260121,20.44,0,3,12.18,True,10,False,7,18.79,15.56,0.0,-2.4,False,sz300854
20240926,4.72,0,0,25.64,True,10,True,10,4.59,25.64,0.0,0.0,True,sz002169
20251125,13.0,6,10,-11.46,False,4,False,0,12.02,0.0,-6.17,-12.77,False,sz001299
20240819,3.48,10,10,-12.64,False,0,False,0,3.36,0.0,-11.38,-15.52,False,sz300066
20251230,24.99,10,10,-4.52,False,0,False,0,24.6,0.0,-5.55,-5.56,False,sz002915
20240925,2.46,0,0,19.11,True,10,True,10,2.41,29.28,0.0,0.0,False,sz002589
20240808,5.73,10,10,-6.45,False,0,False,0,5.71,0.0,-6.16,-6.45,False,sz002440
20240924,5.14,0,0,7.79,True,10,True,10,5.13,28.42,0.0,0.0,False,sz000700
20250624,26.04,2,2,0.35,False,8,False,8,25.7,3.99,-0.98,-1.08,False,sz300634
20240926,10.0,0,0,10.2,True,10,True,10,10.0,24.9,0.0,0.0,False,sz002213
20240806,5.3,6,6,2.64,False,4,False,4,5.24,3.4,-4.56,-4.72,False,sz300486
20260226,20.51,6,9,-3.32,False,4,False,1,20.26,0.34,-3.88,-5.61,False,sz301151
20240930,6.18,5,9,-4.37,False,5,False,1,5.92,5.83,-1.52,-5.83,False,sz002774
20240731,7.92,0,9,-1.89,True,10,False,1,7.62,0.0,0.0,-2.15,False,sz002423
20250929,29.11,10,10,-2.82,False,0,False,0,29.09,0.0,-4.66,-4.47,False,sz301206
20240927,28.06,0,0,27.62,True,10,True,10,26.38,44.23,0.0,0.0,True,sz300618
20251020,33.86,0,0,7.12,True,10,True,10,33.8,10.4,0.0,0.0,False,sz301132
20240925,4.28,0,0,20.58,True,10,True,10,4.17,47.02,0.0,0.0,True,sz300182
20260324,35.57,1,3,4.89,False,9,False,7,34.41,4.89,-0.92,-2.11,False,sz300837
20240918,2.02,0,0,13.37,True,10,True,10,1.98,25.74,0.0,0.0,False,sz000903
20240930,15.27,7,7,-5.17,False,3,False,3,14.98,8.64,-6.51,-9.1,False,sz002690
20240927,10991.39,4,4,-2.73,False,6,False,6,10870.48,12.61,-4.12,-5.88,False,sz399997
20240816,5.21,3,3,3.07,False,7,False,7,5.14,16.13,-2.06,-3.46,False,sz300005
20240809,21.02,2,10,-10.42,False,8,False,0,19.41,0.0,-3.01,-10.42,False,sz300656
20240830,4.19,0,1,0.0,True,10,False,9,4.15,2.15,0.0,-0.24,False,sz000419
20240926,2797.8,0,0,10.74,True,10,True,10,2700.87,32.24,0.0,0.0,False,sz399670
20240926,2.78,0,0,2.16,True,10,True,10,2.76,13.31,0.0,0.0,False,sz002069
20240923,6.55,0,0,48.85,True,10,True,10,6.52,61.37,0.0,0.0,True,sz300166
20240807,7.65,9,10,-13.99,False,1,False,0,7.09,0.0,-7.64,-13.99,False,sz300252
20240827,28.84,0,0,9.78,True,10,True,10,27.71,9.81,0.0,0.0,False,sz002294
20250630,63.66,3,4,-3.93,False,7,False,6,62.64,10.87,-5.13,-5.89,False,sz002992
20240927,18.24,1,7,-3.56,False,9,False,3,16.98,12.66,-0.42,-6.69,False,sz000860
20250908,25.88,10,10,-3.55,False,0,False,0,25.77,0.0,-3.01,-3.55,False,sz301602
20240926,5.89,0,0,11.88,True,10,True,10,5.57,20.03,0.0,0.0,False,sz002027
20250624,10.99,0,1,3.73,True,10,False,9,10.71,3.73,0.0,-0.09,False,sz301198
20240826,2.15,2,4,-1.39,False,8,False,6,2.14,1.39,-1.06,-1.39,False,sz200012
20240927,6.8,0,0,6.18,True,10,True,10,6.62,27.79,0.0,0.0,False,sz300586
20240927,4.98,0,0,6.02,True,10,True,10,4.94,15.05,0.0,0.0,False,sz002540
20250818,63.78,0,1,6.9,True,10,False,9,61.11,6.9,0.0,-1.8,False,sz301536
20240902,5.68,2,9,-17.08,False,8,False,1,4.83,3.17,-2.32,-17.08,False,sz300082
20240730,5.57,1,5,4.67,False,9,False,5,5.38,4.67,-0.46,-3.77,False,sz002617
20250624,12.33,0,0,5.92,True,10,True,10,12.04,8.76,0.0,0.0,False,sz301032
20240816,3.06,3,7,-0.65,False,7,False,3,2.99,10.13,-8.62,-11.44,False,sz002370
20251024,59.45,0,7,4.58,True,10,False,3,51.72,4.58,0.0,-4.73,False,sz301306
20240926,5.03,0,0,10.14,True,10,True,10,4.77,15.71,0.0,0.0,False,sz000663
20251205,31.13,8,7,0.8,False,2,False,3,31.1,1.48,-4.58,-3.95,False,sz301555
20240822,2736.25,10,10,-5.51,False,0,False,0,2716.72,0.0,-5.11,-5.51,False,sz399390
20240930,6.68,0,3,8.53,True,10,False,7,6.12,14.37,0.0,-2.84,False,sz300105
20240805,3.74,8,8,-6.95,False,2,False,2,3.69,9.89,-9.09,-9.63,False,sz002659
20251124,17.97,9,10,-4.73,False,1,False,0,17.48,0.0,-7.83,-10.29,False,sz300719
20240927,3.69,0,0,6.5,True,10,True,10,3.67,15.18,0.0,0.0,False,sz000803
20250806,16.16,0,1,10.15,True,10,False,9,16.07,10.15,0.0,-0.31,False,sz002045
20240815,15.15,4,10,-3.3,False,6,False,0,14.47,0.0,-1.02,-5.54,False,sz300031
20260116,10.71,0,0,10.83,True,10,True,10,10.62,14.38,0.0,0.0,False,sz301081
20240927,3049.4,0,0,8.61,True,10,True,10,2936.26,16.85,0.0,0.0,False,sz399017
20240927,17.86,0,0,13.77,True,10,True,10,17.4,32.7,0.0,0.0,False,sz300556
20240801,13.52,10,10,-10.13,False,0,False,0,13.41,0.0,-11.91,-11.83,False,sz002590
20240828,5.33,1,1,3.19,False,9,False,9,5.3,3.75,-0.31,-0.75,False,sz002170
20250624,28.94,0,0,8.15,True,10,True,10,28.5,8.15,0.0,0.0,False,sz301106
20241107,6.08,0,0,9.05,True,10,True,10,6.01,12.01,0.0,0.0,False,sz002723
20240730,3.18,8,9,-9.43,False,2,False,1,3.08,2.52,-6.94,-10.69,False,sz000757
20250210,9.14,0,1,14.01,True,10,False,9,8.86,14.01,0.0,-0.11,False,sz002244
20251124,19.07,0,0,11.9,True,10,True,10,19.0,11.9,0.0,0.0,False,sz002942
20251106,64.0,8,10,-8.91,False,2,False,0,61.83,0.0,-5.59,-8.91,False,sz300984
20240927,7834.31,1,4,-0.18,False,9,False,6,7729.47,12.26,-1.44,-2.99,False,sz399669
20240903,29.46,0,7,1.22,True,10,False,3,28.17,3.56,0.0,-3.12,False,sz000400
20240904,2.75,6,9,-0.36,False,4,False,1,2.73,2.55,-3.76,-6.18,False,sz002689
20251015,15.47,2,3,2.13,False,8,False,7,15.1,3.62,-2.62,-4.65,False,sz002921
20240809,5.29,0,3,16.83,True,10,False,7,4.87,16.83,0.0,-3.78,False,sz300328
20240920,4.65,0,0,17.63,True,10,True,10,4.61,36.56,0.0,0.0,False,sz002474
20251223,55.01,1,8,-1.56,False,9,False,2,52.69,2.54,-2.26,-4.96,False,sz301251
20240927,16.81,0,0,8.09,True,10,True,10,16.61,36.29,0.0,0.0,False,sz300601
20251020,13.55,4,4,-7.38,False,6,False,6,13.37,8.63,-8.34,-8.04,False,sz300787
20250821,36.3,7,10,-4.74,False,3,False,0,35.89,0.0,-3.79,-6.36,False,sz301585
20240920,7.86,1,1,23.66,False,9,False,9,7.78,55.98,-0.05,-1.27,True,sz300366
20250630,26.68,1,1,15.37,False,9,False,9,26.65,25.56,-1.24,-1.54,False,sz300860
20240731,14.36,9,9,-4.11,False,1,False,1,14.36,1.46,-5.48,-5.29,False,sz000951
20250624,38.67,1,1,4.97,False,9,False,9,38.66,7.14,-0.24,-0.31,False,sz301580
20240927,2.24,0,0,4.02,True,10,True,10,2.2,14.29,0.0,0.0,False,sz000898
20240927,19.1,0,0,7.43,True,10,True,10,17.19,37.28,0.0,0.0,False,sz300530
20250807,77.9,2,5,2.72,False,8,False,5,77.15,4.38,-1.65,-2.77,False,sz300782
20240830,30.45,10,10,-8.44,False,0,False,0,30.12,0.0,-6.9,-8.44,False,sz300604
20240925,6.35,0,0,2.36,True,10,True,10,6.34,16.54,0.0,0.0,False,sz002091
20240924,6.35,0,0,8.82,True,10,True,10,6.31,17.0,0.0,0.0,False,sz000731
20240930,2.38,0,5,-0.84,True,10,False,5,2.19,10.08,0.0,-3.36,False,sz002471
20240930,13.88,0,2,3.89,True,10,False,8,12.28,11.1,0.0,-1.59,False,sz300019
20240731,7.77,8,9,-5.92,False,2,False,1,7.33,2.19,-3.17,-7.85,False,sz002745
20250625,57.82,10,10,-9.37,False,0,False,0,57.42,0.0,-10.69,-9.37,False,sz301160
20240819,3.86,5,7,9.84,False,5,False,3,3.77,9.84,-8.76,-11.14,False,sz002388
20250703,34.92,0,4,-0.77,True,10,False,6,33.7,4.24,0.0,-2.29,False,sz002947
20260330,54.53,5,6,6.55,False,5,False,4,54.06,6.55,-4.46,-5.26,False,sz301237
20240731,5.45,0,0,1.65,True,10,True,10,5.42,5.14,0.0,0.0,False,sz002412
20250625,17.32,10,10,-2.48,False,0,False,0,17.31,0.0,-3.5,-3.35,False,sz300848
20240927,1.99,0,0,4.02,True,10,True,10,1.91,15.58,0.0,0.0,False,sz002175
20240930,19.2,0,5,10.42,True,10,False,5,17.45,11.61,0.0,-6.09,False,sz300629
20240926,1.65,0,0,32.12,True,10,True,10,1.62,43.64,0.0,0.0,True,sz300300
20251020,22.59,0,0,17.35,True,10,True,10,22.15,17.35,0.0,0.0,False,sz301279
20240930,4.6,9,9,-9.56,False,1,False,1,4.45,1.3,-5.24,-9.56,False,sz000932
20240925,3.15,0,4,-1.27,True,10,False,6,3.02,14.92,0.0,-2.22,False,sz000428
20240926,1752.77,0,0,12.07,True,10,True,10,1736.15,32.4,0.0,0.0,False,sz399641
20250904,16.55,1,1,-2.36,False,9,False,9,16.37,2.66,-2.28,-2.36,False,sz003042
20240927,4.04,0,0,11.65,True,10,True,10,4.01,26.76,0.0,0.0,False,sz300234
20240926,19.01,0,0,7.05,True,10,True,10,18.26,22.09,0.0,0.0,False,sz002568
20250905,11.82,3,8,-4.4,False,7,False,2,11.63,1.1,-2.9,-4.4,False,sz300932
20240927,44.92,0,0,38.53,True,10,True,10,44.03,46.1,0.0,0.0,True,sz000628
20240819,4.06,10,10,-6.9,False,0,False,0,4.03,0.0,-6.39,-7.88,False,sz002872
20250908,29.0,10,10,-6.97,False,0,False,0,28.99,0.0,-9.51,-7.72,False,sz301079
20240926,1714.14,0,0,18.63,True,10,True,10,1706.81,48.78,0.0,0.0,False,sz399006
20251023,28.31,0,7,2.47,True,10,False,3,27.05,2.47,0.0,-3.07,False,sz301499
20240807,7.84,6,6,-4.72,False,4,False,4,7.8,1.66,-4.77,-4.72,False,sz000848
20240930,2.6,8,9,-1.92,False,2,False,1,2.53,5.0,-6.76,-10.38,False,sz002526
20250624,55.88,0,0,2.75,True,10,True,10,52.9,10.1,0.0,0.0,False,sz301550
20251020,15.39,0,0,6.89,True,10,True,10,15.22,7.6,0.0,0.0,False,sz301303
20241008,2.99,10,10,-8.02,False,0,False,0,2.99,0.0,-9.03,-9.69,False,sz000552
20240927,8.81,0,2,1.93,True,10,False,8,8.69,12.82,0.0,-0.34,False,sz002041
20240927,8.55,6,7,-4.44,False,4,False,3,8.47,11.35,-5.51,-7.95,False,sz000301
20240926,6.66,0,0,19.07,True,10,True,10,6.64,29.13,0.0,0.0,False,sz300087
20240930,6.55,8,9,-7.63,False,2,False,1,6.33,4.12,-4.46,-8.24,False,sz002545
20251024,38.02,1,1,9.42,False,9,False,9,37.81,9.42,-1.48,-1.68,False,sz301533
20241028,3.16,1,2,8.54,False,9,False,8,3.1,8.54,-2.82,-4.75,False,sz002316
20240801,4.79,10,10,-2.3,False,0,False,0,4.79,0.0,-2.75,-3.13,False,sz000605
20240927,2622.89,0,0,7.39,True,10,True,10,2453.66,25.73,0.0,0.0,False,sz399976
20250815,34.23,0,0,7.01,True,10,True,10,33.7,12.01,0.0,0.0,False,sz301607
20240927,3.8,0,0,9.47,True,10,True,10,3.74,19.21,0.0,0.0,False,sz002671
20240927,2564.68,0,0,13.2,True,10,True,10,2443.12,21.44,0.0,0.0,False,sz399422
20240731,7.52,1,0,0.27,False,9,True,10,7.45,4.92,-0.3,0.0,False,sz300404
20250728,28.59,8,8,-5.18,False,2,False,2,28.47,3.67,-6.62,-5.98,False,sz300898
20241008,10.9,10,10,-15.5,False,0,False,0,9.91,0.0,-13.01,-22.48,False,sz300257
20240903,1.71,9,10,-9.36,False,1,False,0,1.7,0.0,-6.22,-11.7,False,sz300163
20251020,32.08,0,1,2.49,True,10,False,9,31.7,5.14,0.0,-0.81,False,sz001255
20240927,4.56,0,3,-0.22,True,10,False,7,4.53,11.4,0.0,-1.97,False,sz002574
20251106,11.72,4,4,-2.13,False,6,False,6,11.62,5.12,-3.04,-2.3,False,sz300700
20250402,2.47,9,9,-9.72,False,1,False,1,2.46,0.0,-9.56,-10.12,False,sz200541
20240927,6.12,0,0,13.73,True,10,True,10,6.04,29.74,0.0,0.0,False,sz300228
20240925,6.19,0,0,2.1,True,10,True,10,6.17,9.69,0.0,0.0,False,sz200026
20240924,1015.59,0,0,31.88,True,10,True,10,987.61,52.98,0.0,0.0,True,sz399240
20251020,25.94,4,3,0.39,False,6,False,7,25.69,3.93,-3.48,-2.47,False,sz300960
20240830,11.13,2,3,2.16,False,8,False,7,11.0,2.16,-0.82,-2.07,False,sz000029
20240930,11.74,7,9,-5.62,False,3,False,1,11.36,8.77,-5.16,-8.86,False,sz300435
20250625,26.3,4,5,1.83,False,6,False,5,25.81,5.63,-2.44,-2.51,False,sz300687
20240924,1.52,0,0,44.08,True,10,True,10,1.49,61.84,0.0,0.0,True,sz300266
20240927,7.68,0,1,1.04,True,10,False,9,7.59,9.76,0.0,-0.65,False,sz002820
20260116,79.54,0,4,-2.41,True,10,False,6,75.48,9.1,0.0,-2.41,False,sz301678
20241011,6.52,10,10,-5.98,False,0,False,0,6.38,0.0,-9.4,-11.35,False,sz300205
20240925,4.37,0,0,10.53,True,10,True,10,4.32,18.76,0.0,0.0,False,sz000619
20251124,11.97,9,10,-3.51,False,1,False,0,11.85,0.0,-4.84,-5.18,False,sz301048
20240816,4.89,0,4,17.38,True,10,False,6,4.7,17.38,0.0,-3.27,False,sz300131
20250908,23.03,4,8,-2.04,False,6,False,2,22.94,1.69,-1.86,-2.04,False,sz001207
20240930,37.55,0,5,12.6,True,10,False,5,32.35,19.95,0.0,-7.72,False,sz300418
20250924,13.18,4,9,-2.28,False,6,False,1,12.82,0.53,-1.61,-2.73,False,sz300884
20240904,7.28,0,9,-5.77,True,10,False,1,6.38,0.96,0.0,-12.64,False,sz300382
20240925,3.28,0,0,11.27,True,10,True,10,3.22,20.11,0.0,0.0,False,sz002344
20260105,16.92,3,4,5.67,False,7,False,6,16.88,5.67,-2.35,-2.66,False,sz301006
20240930,17.16,9,9,-6.3,False,1,False,1,16.51,5.19,-5.9,-10.26,False,sz002623
20251015,24.43,4,2,2.74,False,6,False,8,24.41,3.4,-2.8,-2.54,False,sz002976
20240806,18.2,7,6,-5.44,False,3,False,4,18.14,2.31,-6.7,-5.44,False,sz002270
20240926,2131.03,0,0,12.12,True,10,True,10,2108.85,26.96,0.0,0.0,False,sz399810
20240913,1.49,0,1,71.14,True,10,False,9,1.4,71.14,0.0,-4.7,True,sz002717
20240731,9.07,8,10,-5.07,False,2,False,0,8.65,0.0,-1.84,-6.06,False,sz002144
20240830,17.01,4,9,-12.87,False,6,False,1,16.41,2.76,-8.41,-12.87,False,sz300331
20250728,21.97,9,10,-6.01,False,1,False,0,21.08,0.0,-3.68,-7.83,False,sz301381
20240807,8.42,2,1,0.59,False,8,False,9,8.33,4.39,-0.31,-0.95,False,sz300562
20250701,33.78,1,1,28.57,False,9,False,9,33.27,28.57,-2.25,-3.82,True,sz002938
20251020,25.75,0,2,3.73,True,10,False,8,25.12,3.73,0.0,-0.08,False,sz301248
20240930,8.06,7,9,-11.04,False,3,False,1,7.48,5.46,-5.36,-14.52,False,sz002759
20250624,20.11,0,0,3.18,True,10,True,10,19.68,3.18,0.0,0.0,False,sz001333
20250630,13.93,10,10,-0.86,False,0,False,0,13.93,0.0,-3.92,-3.73,False,sz002892
20240802,2.05,0,3,4.39,True,10,False,7,1.87,14.15,0.0,-6.83,False,sz300108
20240930,16.01,0,9,-3.37,True,10,False,1,14.91,3.94,0.0,-6.43,False,sz000960
20240822,11.14,4,8,-0.63,False,6,False,2,10.71,0.27,-3.38,-7.18,False,sz300501
20240926,6.46,0,0,5.73,True,10,True,10,6.38,19.81,0.0,0.0,False,sz002394
20240910,8.2,1,2,13.9,False,9,False,8,8.07,19.76,-1.06,-2.8,False,sz300635
20260112,39.46,10,10,-4.74,False,0,False,0,38.86,0.0,-4.42,-5.78,False,sz003010
20240930,3048.22,7,9,-6.76,False,3,False,1,2904.67,3.47,-4.41,-9.69,False,sz399613
20240808,5.46,9,10,-8.06,False,1,False,0,5.4,0.0,-7.39,-8.06,False,sz000153
20250904,8.93,0,0,0.0,True,10,True,10,8.85,2.8,0.0,0.0,False,sz301098
20240925,2.74,0,0,9.85,True,10,True,10,2.7,26.28,0.0,0.0,False,sz002127
20250929,9.64,0,0,8.92,True,10,True,10,9.55,23.96,0.0,0.0,False,sz002910
20240808,7.6,8,9,-9.87,False,2,False,1,7.52,1.58,-8.87,-9.87,False,sz000705
20240930,8.72,0,3,2.06,True,10,False,7,7.85,12.27,0.0,-4.82,False,sz300483
20240903,4.38,7,8,-4.34,False,3,False,2,4.36,2.74,-5.71,-8.22,False,sz300063
20251023,24.09,8,8,-5.02,False,2,False,2,23.85,2.74,-5.91,-5.11,False,sz300998
20240930,8.38,7,9,-9.43,False,3,False,1,7.81,4.65,-3.67,-10.98,False,sz002258
20250811,40.7,0,1,10.42,True,10,False,9,40.5,13.22,0.0,-0.07,False,sz002897
20240926,6.88,0,0,0.73,True,10,True,10,6.87,14.1,0.0,0.0,False,sz002695
20240926,1399.32,0,0,16.21,True,10,True,10,1385.05,26.88,0.0,0.0,False,sz399992
20240809,24.01,10,10,-23.62,False,0,False,0,21.97,0.0,-16.15,-23.91,False,sz300653
20260108,16.44,0,0,8.27,True,10,True,10,16.33,11.07,0.0,0.0,False,sz301179
20240926,2094.4,0,0,31.92,True,10,True,10,2035.26,43.42,0.0,0.0,True,sz399675
20250724,57.26,8,9,-2.95,False,2,False,1,57.02,0.21,-4.48,-5.26,False,sz300832
20241112,6.11,0,0,17.18,True,10,True,10,6.04,17.84,0.0,0.0,False,sz000906
20240801,61.18,10,10,-7.81,False,0,False,0,60.96,0.0,-7.96,-7.93,False,sz300567
20250624,19.35,5,5,-6.05,False,5,False,5,19.01,1.29,-7.11,-7.96,False,sz003038
20240827,1.31,1,3,4.58,False,9,False,7,1.26,9.92,-1.55,-5.34,False,sz002141
20240812,4.83,10,10,-16.55,False,0,False,0,4.79,0.0,-17.73,-18.21,False,sz300187
20240815,1.7,6,8,4.12,False,4,False,2,1.66,4.12,-3.31,-5.88,False,sz002426
20240905,13.13,0,2,45.47,True,10,False,8,12.87,45.47,0.0,-1.14,True,sz000948
20240813,3.47,10,10,-12.97,False,0,False,0,3.36,0.0,-10.23,-13.83,False,sz000566
20250210,6.08,7,9,-1.32,False,3,False,1,5.9,2.47,-4.02,-5.59,False,sz002075
20240905,2.24,10,10,-12.5,False,0,False,0,2.15,0.0,-9.15,-16.52,False,sz002808
20250630,29.21,3,4,1.61,False,7,False,6,29.15,1.61,-1.63,-1.92,False,sz301337
20240809,9.2,4,4,4.68,False,6,False,6,9.18,4.68,-1.39,-1.3,False,sz000001
20240926,3.61,0,0,32.96,True,10,True,10,3.57,37.12,0.0,0.0,True,sz002512
20250701,30.64,0,0,19.48,True,10,True,10,30.24,22.58,0.0,0.0,False,sz300881
20240930,7.57,8,9,-4.36,False,2,False,1,7.27,5.15,-4.49,-9.11,False,sz002846
20240731,9.78,7,10,-5.12,False,3,False,0,9.29,0.0,-2.32,-5.42,False,sz000528
20250905,23.58,1,2,25.28,False,9,False,8,23.23,25.28,-0.08,-1.61,True,sz301379
20251021,29.25,0,0,16.85,True,10,True,10,28.62,21.68,0.0,0.0,False,sz300906
20240806,7.04,8,7,-7.67,False,2,False,3,7.03,1.42,-8.69,-7.67,False,sz300200
20240927,3.89,0,0,5.4,True,10,True,10,3.71,18.51,0.0,0.0,False,sz002191
20240930,11.37,5,9,-8.71,False,5,False,1,10.49,2.46,-2.49,-10.99,False,sz000998
20240930,13.73,5,5,12.53,False,5,False,5,13.49,12.53,-7.48,-9.76,False,sz300430
20240927,2782.64,0,0,12.06,True,10,True,10,2747.07,22.16,0.0,0.0,False,sz399416
20250625,9.51,1,1,6.31,False,9,False,9,9.51,6.31,-0.21,-0.21,False,sz301060
20240930,14.79,6,9,-8.66,False,4,False,1,13.71,7.1,-4.4,-11.9,False,sz300119
20240924,13.68,3,4,2.12,False,7,False,6,13.41,12.79,-8.69,-10.45,False,sz002322
20240926,2.54,0,0,2.36,True,10,True,10,2.46,14.96,0.0,0.0,False,sz000631
20250701,16.51,8,10,-2.67,False,2,False,0,16.31,0.0,-1.53,-3.03,False,sz300705
20250904,14.21,1,2,-1.13,False,9,False,8,14.05,2.25,-0.63,-1.13,False,sz301507
20240926,4.27,0,0,3.04,True,10,True,10,4.16,15.93,0.0,0.0,False,sz002571
