ts_code,breakthrough_date,breakthrough_price,ma120_at_breakthrough,held_p0,held_ma120,held_p0_days,held_ma120_days,min_deviation_p0,min_deviation_ma,broke_p0_count,broke_ma_count,max_gain,final_gain,success
sh603035,20240927,13.45,12.95,False,False,108,113,-3.94,-2.86,12,7,16.28,6.69,False
sh600243,20240902,3.42,3.32,False,False,91,74,-18.13,-29.37,29,46,77.49,-15.2,False
sh688698,20250716,52.13,50.88,False,True,118,120,-1.71,0.0,2,0,99.21,99.21,True
sh600410,20240920,4.32,4.25,True,True,120,120,0.0,0.0,0,0,183.21,104.33,True
sh600597,20240927,8.5,8.05,False,False,39,73,-7.88,-4.51,81,47,15.29,-3.18,False
sh688448,20250716,30.15,29.82,False,False,119,114,-0.3,-4.43,1,6,116.09,68.39,True
sh688581,20250624,61.81,61.37,False,False,95,72,-7.13,-17.78,25,48,42.27,-6.0,False
sh688255,20250805,35.75,35.73,False,False,68,77,-13.29,-11.69,52,43,15.52,-3.86,False
sh600969,20240807,5.85,5.48,False,False,86,74,-13.16,-8.19,34,46,28.21,4.62,False
sh600114,20240806,13.92,13.89,False,False,112,101,-6.32,-7.56,8,19,46.48,43.97,True
sh000132,20240930,5307.28,4818.23,False,True,28,120,-8.4,0.0,92,0,6.91,1.01,False
sh601996,20240927,1.92,1.86,True,False,120,74,0.0,-5.27,0,46,49.48,9.38,False
sh688361,20250701,86.6,85.71,False,False,94,100,-7.1,-5.72,26,20,86.26,81.06,True
sh600020,20240912,3.51,3.5,False,False,116,95,-2.56,-4.02,4,25,19.09,14.53,False
sh600673,20240930,7.92,7.33,False,True,111,120,-4.29,0.0,9,0,63.51,27.15,True
sh601222,20240731,5.89,5.75,False,False,115,109,-2.21,-4.43,5,11,27.85,15.71,False
sh600547,20240930,28.89,28.32,False,False,0,20,-22.78,-15.68,120,100,0.0,-11.39,False
sh000006,20240926,4731.33,4425.32,False,False,64,63,-5.68,-9.36,56,57,21.8,-5.68,False
sh688606,20250630,66.21,65.98,False,False,87,72,-6.65,-9.31,33,48,15.81,-4.99,False
sh603898,20240927,7.96,7.79,True,True,120,120,0.0,0.0,0,0,34.41,22.98,True
sh600509,20240926,5.24,5.21,True,False,120,107,0.0,-4.72,0,13,49.0,24.21,True
sh603218,20240910,10.58,10.44,False,False,113,114,-4.25,-2.75,7,6,29.95,20.03,True
sh600293,20240927,2.65,2.6,True,False,120,103,0.0,-6.9,0,17,50.94,10.94,False
sh603730,20250819,5.92,5.89,False,False,108,113,-3.38,-2.42,12,7,95.1,88.01,True
sh688648,20251110,57.76,55.99,False,False,57,44,-15.18,-15.64,47,60,24.52,-8.54,False
sh688285,20251020,8.68,8.51,False,False,98,73,-9.79,-14.19,21,46,13.94,0.0,False
sh688078,20250627,31.28,31.24,False,False,53,47,-15.76,-15.87,67,73,14.51,-13.27,False
sh600339,20240801,3.15,3.14,False,False,99,91,-11.42,-11.43,21,29,21.89,6.98,False
sh900905,20240926,3.33,3.27,False,False,32,78,-4.78,-2.51,88,42,7.78,-0.33,False
sh603101,20240927,4.86,4.83,True,False,120,106,0.0,-8.48,0,14,106.15,40.32,True
sh600610,20240930,4.64,4.25,False,False,60,75,-15.3,-11.7,60,45,151.29,87.07,True
sh601388,20240927,2.38,2.36,False,False,107,79,-2.32,-5.66,13,41,26.32,2.32,False
sh688551,20251124,37.56,36.5,False,False,77,63,-3.54,-5.18,17,31,30.46,25.21,True
sh688036,20250804,84.1,82.0,False,False,30,45,-28.05,-22.48,90,75,22.71,-28.05,False
sh601908,20240930,2.95,2.75,False,False,52,66,-12.2,-12.34,68,54,28.81,-10.17,False
sh603087,20251212,66.28,65.4,False,False,34,31,-15.21,-16.61,46,49,9.88,-1.7,False
sh600377,20241101,12.42,12.23,False,False,116,117,-1.93,-1.26,4,3,23.91,18.76,False
sh600521,20240926,16.64,16.45,False,False,66,59,-11.84,-15.52,54,61,18.99,-7.75,False
sh688660,20250624,8.4,8.13,False,False,119,112,-0.6,-6.71,1,8,204.29,90.12,True
sh688033,20250929,6.61,6.34,False,False,106,103,-17.25,-18.12,14,17,83.06,24.21,True
sh000853,20240927,1345.11,1294.85,False,False,76,96,-3.62,-1.75,44,24,14.17,-0.25,False
sh603978,20260206,25.9,25.32,False,False,6,4,-13.98,-16.77,36,38,6.25,-2.7,False
sh688800,20260401,83.9,81.33,False,True,9,12,-2.26,0.0,3,0,16.81,15.27,False
sh688349,20250724,25.3,24.85,False,False,110,82,-2.25,-8.42,10,38,28.42,8.38,False
sh600792,20240930,3.62,3.38,False,False,53,61,-12.15,-9.89,67,59,15.19,-11.6,False
sh688280,20251024,7.94,7.91,False,False,112,100,-2.9,-4.53,4,16,42.32,41.44,True
sh600008,20240902,2.66,2.59,False,False,109,80,-4.51,-5.44,11,40,27.44,7.14,False
sh600638,20240731,4.44,4.11,False,False,82,85,-18.72,-10.94,38,35,45.4,9.18,False
sh600462,20240903,1.52,1.52,False,False,26,77,-16.45,-8.15,94,43,31.58,-10.53,False
sh688579,20251021,11.48,11.23,False,False,59,58,-12.98,-13.43,59,60,12.89,-2.35,False
sh601689,20240926,39.43,37.13,True,True,120,120,0.0,0.0,0,0,88.2,45.19,True
sh688050,20250901,81.13,80.3,False,False,1,4,-30.26,-16.48,119,116,1.57,-29.79,False
sh601113,20240930,3.5,3.3,False,False,107,114,-8.0,-1.88,13,6,28.57,22.86,True
sh603167,20240930,7.31,6.93,False,False,100,118,-8.07,-2.93,20,2,12.59,7.11,False
sh688399,20260204,71.46,69.12,False,False,0,4,-30.46,-26.78,44,40,0.0,-20.24,False
sh605577,20250711,13.09,13.01,False,False,96,91,-5.19,-9.07,24,29,17.42,3.67,False
sh600742,20240926,7.36,7.11,True,True,120,120,0.0,0.0,0,0,28.12,14.67,False
sh688403,20251124,13.62,13.04,True,False,94,67,0.0,-18.79,0,27,68.21,29.15,True
sh603052,20251027,29.26,29.05,False,False,108,103,-4.1,-3.93,7,12,213.36,213.36,True
sh601069,20240801,11.92,11.81,False,False,57,57,-14.26,-14.37,63,63,14.43,6.12,False
sh603787,20240902,10.32,10.19,False,False,65,72,-8.53,-6.88,55,48,16.18,3.97,False
sh600096,20240731,18.0,17.52,False,False,107,104,-6.0,-7.66,13,16,24.5,19.28,False
sh603519,20240927,9.8,9.68,False,False,118,110,-0.71,-3.63,2,10,50.82,15.41,False
sh601877,20240925,18.78,18.6,True,True,120,120,0.0,0.0,0,0,31.68,23.37,True
sh688080,20250804,46.9,46.89,False,False,119,82,-0.85,-8.53,1,38,47.4,26.91,True
sh601838,20251014,18.23,18.22,False,False,8,31,-15.19,-11.45,112,89,2.3,-5.16,False
sh603803,20240930,6.58,6.14,False,True,112,120,-3.65,0.0,8,0,123.71,53.04,True
sh600415,20240826,7.76,7.68,True,True,120,120,0.0,0.0,0,0,91.24,60.57,True
sh688233,20260401,70.43,70.43,False,False,8,8,-4.87,-5.09,3,3,7.17,7.17,False
sh603282,20260325,20.3,20.22,False,False,13,14,-2.02,-2.37,3,2,4.68,4.24,False
sh603528,20240926,6.37,6.29,True,False,120,115,0.0,-1.56,0,5,59.03,29.51,True
sh600239,20240920,2.0,1.99,True,False,120,74,0.0,-11.01,0,46,97.0,25.0,True
sh603186,20240819,24.15,23.37,False,False,87,78,-13.79,-11.99,33,42,40.08,14.91,False
sh603566,20241008,14.09,13.98,False,False,0,34,-23.28,-15.31,120,86,0.0,-11.5,False
sh601808,20241008,17.14,15.97,False,False,0,25,-20.13,-6.62,120,95,0.0,-19.43,False
sh688136,20250905,42.27,41.17,False,False,3,3,-32.74,-25.61,117,117,1.28,-29.29,False
sh600213,20240812,6.13,5.98,True,True,3,3,0.0,0.0,0,0,3.75,3.75,False
sh603001,20240926,4.22,4.19,True,False,120,88,0.0,-11.52,0,32,65.88,21.8,True
sh688155,20251124,58.91,58.91,False,False,83,73,-4.43,-6.99,12,22,66.32,52.95,True
sh600120,20240731,3.46,3.44,False,False,88,90,-6.06,-5.27,32,30,60.93,43.6,True
sh600773,20240806,11.36,11.24,False,False,55,51,-10.39,-14.41,65,69,29.93,-4.75,False
sh601059,20251218,18.23,17.84,False,False,0,2,-10.81,-11.15,76,74,0.0,-7.46,False
sh688261,20250630,41.25,40.9,False,False,112,112,-3.2,-2.15,8,8,123.47,62.86,True
sh600894,20240731,9.12,8.57,False,False,94,97,-8.12,-10.84,26,23,52.5,36.48,True
sh603063,20250714,31.89,30.8,False,False,75,66,-11.41,-14.49,45,54,26.37,3.64,False
sh000148,20240926,7440.93,7248.23,True,True,120,120,0.0,0.0,0,0,19.87,15.83,False
sh603998,20240731,10.2,10.1,False,False,85,60,-14.8,-18.77,35,60,24.31,-12.06,False
sh600827,20240925,7.74,7.71,True,False,120,97,0.0,-7.47,0,23,56.42,16.14,False
sh603118,20240826,7.74,7.18,False,False,92,106,-18.48,-9.98,28,14,89.15,81.01,True
sh688548,20250813,11.42,10.39,False,False,95,119,-9.37,-0.55,25,1,103.8,86.12,True
sh600200,20240927,9.59,9.49,False,False,54,63,-44.84,-41.21,66,57,15.12,-42.54,False
sh600573,20240731,9.22,9.07,False,False,107,108,-5.1,-5.27,13,12,22.56,14.43,False
sh603683,20260113,27.55,27.29,False,False,14,9,-15.06,-16.49,46,51,5.26,5.26,False
sh601216,20240731,3.6,3.53,False,False,90,97,-6.11,-5.74,30,23,96.94,41.11,True
sh688798,20250729,73.0,70.95,False,False,106,78,-2.93,-9.51,14,42,36.03,10.96,False
sh601088,20240812,36.06,35.87,False,False,90,69,-7.1,-8.11,30,51,11.92,-3.24,False
sh603881,20240912,10.95,10.92,False,False,118,118,-1.52,-0.94,2,2,223.46,223.46,True
sh688336,20251015,52.97,50.37,True,False,120,94,0.0,-7.91,0,26,74.26,68.56,True
sh600624,20240927,3.61,3.49,True,True,120,120,0.0,0.0,0,0,144.32,102.77,True
sh603387,20250710,8.1,8.05,False,False,104,81,-1.85,-3.4,16,39,10.25,5.56,False
sh603880,20250924,6.12,5.96,False,False,111,83,-1.96,-7.31,9,37,22.88,14.71,False
sh600497,20240731,5.24,5.22,False,False,81,75,-15.26,-15.15,39,45,24.42,2.67,False
sh688378,20250717,17.25,17.23,True,True,120,120,0.0,0.0,0,0,89.8,82.2,True
sh601089,20251126,24.53,22.37,False,False,49,59,-12.39,-11.91,43,33,23.4,-8.72,False
sh600988,20240923,18.4,17.88,False,False,57,65,-16.03,-13.73,63,55,16.09,11.09,False
sh600072,20240930,14.47,13.75,False,False,10,64,-18.94,-10.66,110,56,4.7,-13.27,False
sh603382,20260105,35.19,33.51,False,False,0,1,-26.06,-17.68,66,65,0.0,-22.65,False
sh688333,20250703,65.99,60.42,False,False,98,106,-10.62,-7.04,22,14,60.97,60.97,True
sh600515,20240926,3.42,3.33,False,False,113,105,-3.51,-2.73,7,15,23.43,5.86,False
sh600346,20240731,13.44,13.18,False,False,76,76,-12.72,-13.1,44,44,18.9,7.51,False
sh601717,20240930,12.97,12.65,False,False,21,87,-14.19,-10.04,99,33,13.57,11.03,False
sh688350,20260324,26.24,25.24,True,True,18,18,0.0,0.0,0,0,13.0,9.53,False
sh688299,20250811,18.22,17.8,False,False,79,56,-9.17,-15.89,41,64,38.04,7.24,False
sh601127,20240930,88.81,81.95,False,True,115,120,-1.82,0.0,5,0,61.18,39.66,True
sh600325,20240926,6.15,5.99,False,False,53,53,-16.92,-15.03,67,67,17.57,-15.29,False
sh688819,20250624,27.04,26.76,False,False,118,119,-1.18,-0.13,2,1,33.14,23.89,True
sh600196,20240731,22.99,22.76,False,False,94,79,-4.74,-5.37,26,41,25.62,2.13,False
sh603960,20241008,21.47,21.21,False,False,49,75,-16.11,-12.77,71,45,19.42,-10.06,False
sh601169,20240807,5.04,4.99,False,False,104,103,-9.13,-9.79,16,17,17.86,14.09,False
sh601588,20250702,1.77,1.73,False,False,111,97,-4.52,-10.16,9,23,24.29,0.56,False
sh900957,20240830,0.27,0.26,False,False,111,96,-4.1,-18.77,9,24,66.42,12.31,False
sh600738,20240926,3.87,3.83,True,False,120,117,0.0,-1.03,0,3,72.94,25.35,True
sh603029,20240930,15.28,14.3,False,False,101,113,-8.05,-3.64,19,7,31.74,8.97,False
sh601326,20260105,3.5,3.5,False,False,57,38,-3.71,-4.99,9,28,9.43,1.43,False
sh600396,20240930,2.7,2.65,False,False,43,70,-9.63,-7.28,77,50,13.7,-2.22,False
sh600776,20240920,9.63,9.39,True,False,120,101,0.0,-5.33,0,19,46.53,15.79,False
sh603486,20250624,54.16,52.85,True,False,120,101,0.0,-7.38,0,19,98.49,48.63,True
sh600211,20240814,32.38,32.05,False,False,101,83,-7.51,-6.72,19,37,31.77,4.29,False
sh601789,20240927,3.66,3.6,True,False,120,118,0.0,-2.23,0,2,93.17,49.73,True
sh688207,20250624,14.98,14.96,False,False,106,91,-4.34,-9.93,14,29,23.9,-1.2,False
sh603836,20251013,14.03,13.72,False,False,76,65,-13.9,-16.15,44,55,16.18,-8.13,False
sh000160,20240927,1841.66,1808.5,False,False,62,62,-5.5,-4.5,58,58,10.89,-3.41,False
sh603330,20240930,5.48,5.0,False,True,108,120,-8.94,0.0,12,0,64.23,38.69,True
sh600421,20240819,6.66,6.45,False,False,77,70,-21.17,-31.92,43,50,94.74,6.31,False
sh688380,20250725,28.48,28.02,False,False,113,112,-1.44,-3.18,7,8,55.2,55.2,True
sh600975,20241107,6.98,6.87,False,False,0,48,-19.05,-8.11,120,72,0.0,-13.18,False
sh600108,20240926,2.54,2.49,True,False,120,109,0.0,-4.73,0,11,28.68,7.47,False
sh688249,20250722,21.8,21.5,False,True,114,120,-1.28,0.0,6,0,82.11,78.67,True
sh600692,20240918,5.33,5.27,True,False,120,109,0.0,-7.01,0,11,93.25,56.66,True
sh603587,20240927,10.91,10.8,False,False,115,119,-1.38,-0.01,5,1,36.67,9.63,False
sh600816,20240925,2.74,2.7,True,False,120,96,0.0,-13.33,0,24,46.72,7.3,False
sh688199,20251020,23.99,23.45,False,False,88,65,-7.21,-11.92,31,54,28.6,13.3,False
sh688603,20250723,48.8,47.19,True,True,120,120,0.0,0.0,0,0,100.23,91.27,True
sh601921,20251103,8.08,8.07,False,False,40,33,-8.42,-8.33,69,76,9.65,-1.36,False
sh600858,20240926,4.34,4.15,False,False,116,114,-1.61,-6.09,4,6,49.52,10.59,False
sh600676,20240821,3.54,3.47,False,False,98,95,-13.56,-10.26,22,25,74.58,27.4,True
sh600874,20251216,6.14,6.05,False,False,43,47,-3.75,-4.71,35,31,8.14,-1.14,False
sh603082,20250721,39.64,39.31,False,False,40,42,-12.59,-10.88,80,78,9.54,-6.51,False
sh600372,20240927,11.96,11.69,False,False,66,60,-7.94,-9.38,54,60,16.14,-7.44,False
sh603979,20240927,48.44,47.39,False,False,1,32,-27.39,-13.81,119,88,2.42,-15.28,False
sh600615,20240802,8.75,8.33,False,False,67,78,-19.34,-13.79,53,42,40.48,13.71,False
sh603105,20250702,8.35,8.24,False,False,116,118,-1.32,-0.12,4,2,32.69,13.65,False
sh600875,20240731,15.94,15.93,False,False,0,29,-25.1,-23.92,120,91,0.0,-8.91,False
sh603231,20251215,18.68,18.52,False,False,36,25,-13.22,-15.6,43,54,6.69,-4.82,False
sh603662,20250806,69.49,66.64,False,False,46,70,-13.2,-10.11,74,50,17.2,-6.23,False
sh600592,20240731,9.3,9.1,False,False,73,80,-16.68,-14.73,47,40,20.76,10.97,False
sh600173,20250624,5.72,5.67,True,False,120,107,0.0,-6.5,0,13,80.42,22.55,True
sh600208,20240924,1.9,1.88,True,True,120,120,0.0,0.0,0,0,83.16,71.05,True
sh603305,20250717,14.01,13.84,False,False,82,83,-9.92,-12.3,38,37,49.96,36.76,True
sh600888,20240927,6.94,6.9,False,False,77,77,-6.77,-4.89,43,43,12.68,0.72,False
sh688107,20250725,28.84,28.74,False,False,58,61,-12.86,-12.38,62,59,16.92,4.2,False
sh600246,20240926,7.15,7.13,False,False,60,52,-26.99,-35.86,60,68,101.96,-21.26,False
sh603663,20240801,13.98,13.97,False,False,99,90,-11.01,-13.44,21,30,38.18,21.88,True
sh600721,20240730,6.19,5.81,False,False,98,87,-9.37,-9.32,22,33,33.76,5.17,False
sh603030,20240925,1.88,1.88,True,False,120,114,0.0,-4.36,0,6,109.57,36.17,True
sh600172,20240927,2.3,2.26,True,True,120,120,0.0,0.0,0,0,166.09,76.09,True
sh601658,20251014,5.7,5.67,False,False,28,24,-14.39,-12.47,92,96,6.49,-11.4,False
sh000137,20240927,3454.09,3408.37,True,True,120,120,0.0,0.0,0,0,42.47,35.86,True
sh603786,20250826,56.77,55.34,False,False,119,103,-1.88,-13.5,1,17,90.7,15.31,False
sh600476,20240920,12.98,12.74,False,False,119,103,-0.23,-7.14,1,17,55.01,22.34,True
sh688737,20250924,21.39,21.22,False,False,119,98,-1.26,-5.05,1,22,38.1,15.52,False
sh601068,20250624,4.52,4.44,True,False,120,106,0.0,-3.16,0,14,31.19,9.96,False
sh603600,20240926,10.03,9.78,True,False,120,118,0.0,-2.89,0,2,30.41,11.47,False
sh600111,20240927,18.72,17.98,True,True,120,120,0.0,0.0,0,0,42.21,21.75,True
sh600438,20240927,20.76,19.86,False,False,99,63,-7.85,-18.21,21,57,49.9,-7.61,False
sh603535,20251020,11.2,11.07,False,False,16,10,-28.04,-24.14,103,109,4.29,-26.25,False
sh688584,20250624,17.72,17.54,False,False,112,106,-1.07,-2.68,8,14,59.99,23.81,True
sh603018,20241021,8.36,8.29,False,False,83,85,-14.23,-16.93,37,35,17.7,-14.23,False
sh603530,20250627,26.15,25.28,False,True,118,120,-0.88,0.0,2,0,98.39,59.96,True
sh603363,20251229,4.68,4.65,False,False,1,1,-17.95,-17.83,68,68,0.43,-11.75,False
sh603057,20250916,22.08,21.68,False,False,48,50,-22.42,-16.86,72,70,56.11,8.24,False
sh600968,20250911,3.97,3.96,False,False,47,43,-6.55,-7.34,73,77,41.81,17.38,False
sh601811,20240801,13.35,13.14,False,False,103,90,-4.19,-4.73,17,30,16.7,3.97,False
sh688161,20250625,26.14,26.12,False,False,113,91,-1.87,-8.45,7,29,39.79,6.81,False
sh688236,20260105,24.91,23.81,False,False,16,18,-27.78,-25.62,50,48,9.84,-17.5,False
sh600177,20240731,6.49,6.34,False,False,105,106,-7.7,-8.08,15,14,37.44,18.64,False
sh601375,20240731,3.66,3.56,False,False,84,70,-9.19,-5.96,36,50,44.05,8.21,False
sh600724,20240926,3.71,3.68,False,False,115,99,-2.16,-10.62,5,21,111.59,24.26,True
sh000151,20240927,1569.08,1568.36,False,False,39,52,-5.2,-3.54,81,68,5.49,-1.35,False
sh601188,20240927,3.2,3.2,False,False,118,66,-0.94,-7.59,2,54,30.31,5.94,False
sh603629,20250709,24.34,24.32,False,False,79,82,-6.78,-7.03,41,38,25.06,13.6,False
sh688278,20250717,76.66,76.26,False,False,97,86,-7.63,-9.24,23,34,19.14,-0.1,False
sh603806,20240930,17.4,15.88,False,False,15,44,-24.48,-15.45,105,76,12.7,-22.53,False
sh603628,20240930,14.62,13.72,False,False,14,48,-19.76,-12.59,106,72,8.14,-12.92,False
sh601872,20240816,7.74,7.72,False,False,8,18,-23.76,-24.17,112,102,3.1,-19.5,False
sh688085,20250627,15.77,15.73,True,False,120,98,0.0,-8.63,0,22,62.95,15.65,False
sh603286,20240926,17.76,16.95,False,False,114,113,-2.76,-3.79,6,7,101.69,80.41,True
sh601595,20240927,23.27,21.87,False,False,111,113,-6.96,-3.65,9,7,35.18,35.18,True
sh603086,20240927,4.07,4.05,False,False,119,109,-0.25,-3.87,1,11,60.44,31.7,True
sh600797,20240920,4.91,4.87,True,False,120,118,0.0,-1.16,0,2,188.19,133.6,True
sh000856,20240927,5004.2,4805.88,True,False,120,117,0.0,-1.6,0,3,25.93,12.3,False
sh688302,20251209,54.28,52.87,False,False,2,5,-32.72,-24.69,81,78,5.01,-14.46,False
sh688665,20260226,55.0,53.66,False,False,0,1,-23.35,-19.19,34,33,0.0,-12.93,False
sh603933,20250625,15.87,15.77,False,False,114,115,-2.84,-3.29,6,5,98.8,47.45,True
sh603583,20250624,36.18,36.06,False,False,86,48,-7.44,-11.12,34,72,28.0,-5.36,False
sh603219,20250804,15.55,15.4,True,False,120,85,0.0,-8.48,0,35,44.57,17.11,False
sh603950,20250716,25.81,23.62,False,False,99,91,-10.54,-7.49,21,29,49.17,22.67,True
sh688055,20250624,3.65,3.64,False,False,112,103,-2.74,-9.74,8,17,21.92,-2.74,False
sh900928,20240731,0.53,0.52,False,False,89,89,-5.32,-5.28,31,31,26.43,7.03,False
sh601116,20240808,8.27,8.25,False,False,87,88,-16.08,-14.67,33,32,57.56,38.94,True
sh603257,20251201,59.63,59.11,False,False,32,25,-12.63,-15.55,57,64,22.54,-0.22,False
sh601158,20240815,4.92,4.9,False,False,7,58,-18.08,-15.6,113,62,2.44,-8.33,False
sh600642,20240807,7.61,7.56,False,False,96,81,-11.3,-12.83,24,39,19.32,5.91,False
sh600011,20250320,6.66,6.6,False,False,114,117,-2.1,-1.49,6,3,16.52,15.32,False
sh688503,20250630,41.39,40.18,True,False,120,113,0.0,-4.81,0,7,100.53,46.05,True
sh600576,20240906,5.28,5.05,False,False,109,112,-11.55,-6.35,11,8,84.66,79.73,True
sh688484,20251114,42.92,42.21,False,False,14,3,-20.34,-18.45,86,97,8.6,-13.19,False
sh600822,20240926,8.36,8.32,True,False,120,90,0.0,-7.68,0,30,61.96,12.32,False
sh000079,20240930,2590.19,2459.54,False,False,1,40,-12.48,-6.34,119,80,1.04,-9.18,False
sh603229,20240806,7.54,7.37,False,False,86,90,-13.93,-10.56,34,30,46.42,18.04,False
sh600538,20241018,4.06,3.81,False,False,116,112,-4.93,-7.5,4,8,50.99,19.46,False
sh603205,20250624,29.22,28.8,False,False,61,60,-8.61,-9.06,59,60,9.46,-6.69,False
sh600841,20240909,4.22,4.15,False,False,105,100,-12.09,-7.95,15,20,73.7,64.22,True
sh603903,20241008,7.0,6.81,False,False,35,91,-14.14,-7.22,85,29,16.0,-1.43,False
sh600308,20240926,3.38,3.31,False,False,114,73,-0.59,-5.67,6,47,18.04,0.3,False
sh688180,20251015,38.43,37.78,False,False,28,22,-22.66,-22.5,92,98,13.19,13.19,False
sh900934,20240830,1.4,1.37,False,False,94,81,-7.02,-5.29,26,39,12.54,6.73,False
sh603383,20240731,31.44,30.72,False,False,81,78,-27.89,-24.94,39,42,40.27,9.0,False
sh688049,20251201,54.83,52.56,False,False,27,29,-21.03,-20.41,62,60,8.66,-14.06,False
sh688560,20250924,14.15,13.96,False,False,99,82,-4.66,-11.78,21,38,59.36,3.39,False
sh600621,20240731,13.48,13.26,False,False,83,74,-12.21,-9.56,37,46,35.18,3.55,False
sh600989,20250707,15.75,15.74,False,False,94,96,-4.06,-3.4,26,24,26.22,23.68,True
sh601939,20250902,9.03,8.93,False,False,56,52,-6.97,-6.65,64,68,6.97,0.29,False
sh688007,20250729,15.72,15.35,False,False,115,95,-3.37,-8.01,5,25,52.1,20.99,True
sh603879,20241025,2.85,2.73,True,True,120,120,0.0,0.0,0,0,80.0,80.0,True
sh600715,20240905,1.64,1.61,False,False,112,119,-5.26,-0.11,8,1,50.46,25.99,True
sh600272,20240904,10.09,9.67,False,False,115,119,-5.95,-1.29,5,1,99.35,51.85,True
sh603182,20260306,16.02,15.39,False,False,4,10,-13.17,-10.37,19,13,8.3,-7.3,False
sh688133,20250624,22.31,21.75,False,False,111,77,-5.42,-15.3,9,43,35.19,-5.06,False
sh601369,20240927,7.61,7.4,False,False,105,81,-3.81,-5.22,15,39,18.27,12.61,False
sh688479,20250924,19.25,19.01,False,False,83,87,-6.39,-7.77,37,33,89.92,73.56,True
sh600958,20250114,9.66,9.5,False,False,20,31,-14.7,-17.71,100,89,6.51,4.75,False
sh600125,20240930,6.11,5.75,False,False,26,57,-12.6,-8.55,94,63,7.2,-8.35,False
sh603067,20240927,8.14,7.88,False,False,115,108,-2.37,-4.63,5,12,66.04,56.64,True
sh688150,20250929,24.9,24.47,False,False,79,80,-14.58,-14.18,41,40,64.18,61.12,True
sh688099,20250725,75.0,74.7,False,False,108,99,-5.76,-4.07,12,21,50.32,24.05,True
sh603505,20240927,19.77,19.72,False,False,6,32,-18.35,-10.64,114,88,5.53,-12.03,False
sh601016,20240731,2.9,2.88,False,False,72,64,-13.44,-12.31,48,56,14.48,0.0,False
sh688432,20250708,11.26,11.14,False,False,119,113,-0.8,-2.26,1,7,29.84,10.21,False
sh603318,20240926,5.9,5.86,True,False,120,72,0.0,-6.49,0,48,55.4,8.47,False
sh601058,20240924,13.66,13.61,False,False,109,111,-4.69,-3.68,11,9,13.84,5.64,False
sh688681,20251218,17.25,16.86,False,False,75,70,-0.12,-5.76,1,6,25.1,10.14,False
sh600409,20240927,5.33,5.23,False,False,99,94,-6.57,-7.45,21,26,14.45,2.25,False
sh603357,20250710,8.64,8.58,False,False,38,50,-8.33,-6.73,82,70,4.05,-4.4,False
sh688178,20251128,25.63,25.32,False,False,37,34,-6.98,-6.61,54,57,37.18,33.83,True
sh601668,20240830,5.12,5.0,False,False,105,68,-12.11,-10.05,15,52,22.47,0.98,False
sh600970,20240930,11.05,10.54,False,False,0,24,-22.17,-10.13,120,96,0.0,-17.19,False
sh600697,20240808,10.5,10.48,False,False,87,74,-12.38,-10.64,33,46,43.71,7.62,False
sh600710,20240731,7.66,7.52,False,False,106,109,-4.05,-3.22,14,11,35.9,19.58,False
sh688598,20250624,24.74,24.64,False,False,118,98,-0.44,-6.92,2,22,53.48,14.96,False
sh600143,20240815,6.79,6.77,False,False,113,113,-3.68,-3.12,7,7,64.05,64.05,True
sh688202,20260107,65.49,62.92,False,False,35,42,-20.6,-18.21,29,22,10.09,6.05,False
sh603529,20260323,31.11,30.93,False,False,8,8,-7.33,-5.77,10,10,4.11,-7.3,False
sh688651,20250711,35.0,34.92,True,False,120,119,0.0,-3.22,0,1,54.49,54.49,True
sh600510,20240926,4.33,3.93,True,True,120,120,0.0,0.0,0,0,27.26,17.33,False
sh600343,20240919,8.26,7.92,False,False,118,118,-2.78,-2.63,2,2,49.52,37.17,True
sh603766,20240730,6.0,5.61,False,False,102,106,-12.17,-9.38,18,14,58.17,58.17,True
sh688565,20251125,10.27,10.05,False,False,89,91,-1.85,-1.62,5,3,47.71,24.54,True
sh603949,20250815,18.95,18.9,False,False,82,60,-5.75,-8.24,38,60,20.84,3.48,False
sh688185,20250630,59.63,59.09,False,False,118,93,-1.07,-15.27,2,27,48.38,6.44,False
sh600039,20240930,6.58,6.28,False,False,110,115,-5.32,-0.61,10,5,29.92,19.85,False
sh600844,20240927,2.55,2.55,False,False,95,55,-6.27,-10.84,25,65,38.04,16.08,False
sh603906,20240927,8.22,8.07,True,False,120,118,0.0,-1.45,0,2,73.36,30.9,True
sh603728,20240927,44.08,42.98,False,False,117,118,-4.67,-1.56,3,2,105.82,52.39,True
sh900952,20250117,0.11,0.11,False,False,0,1,-81.25,-76.44,98,97,0.0,-70.54,False
sh600193,20241101,3.52,3.33,False,False,66,69,-21.88,-23.25,54,51,40.91,-11.36,False
sh600609,20240730,4.22,4.08,False,False,80,83,-15.64,-12.97,40,37,102.84,57.58,True
sh600320,20240926,3.6,3.48,False,False,118,80,-1.11,-6.24,2,40,53.96,19.47,False
sh688061,20260108,34.5,34.16,False,False,39,36,-16.35,-15.68,24,27,10.14,-2.32,False
sh688355,20250625,17.4,17.33,False,False,112,97,-3.92,-12.23,8,23,19.41,-1.91,False
sh600869,20240816,3.77,3.76,False,False,96,94,-8.22,-6.24,24,26,60.21,17.24,False
sh600387,20240930,2.95,2.91,False,False,79,86,-13.22,-11.28,41,34,19.66,-2.71,False
sh600596,20240927,7.93,7.86,False,False,103,100,-4.04,-3.49,17,20,13.87,4.92,False
sh603666,20250716,34.2,34.03,False,False,9,17,-15.03,-13.69,111,103,3.95,-5.2,False
sh688699,20250724,34.0,33.66,True,False,120,118,0.0,-1.76,0,2,51.74,41.29,True
sh605077,20251110,17.52,17.35,False,False,4,6,-20.09,-16.57,100,98,3.14,-15.98,False
sh688103,20251105,63.29,62.6,False,False,33,24,-18.36,-19.32,74,83,13.02,-6.27,False
sh603980,20240927,3.61,3.58,True,True,120,120,0.0,0.0,0,0,52.91,25.76,True
sh600176,20240801,10.36,10.34,False,False,73,73,-18.44,-18.93,47,47,13.32,0.87,False
sh603667,20240930,16.53,15.34,False,False,111,116,-10.04,-2.92,9,4,221.11,134.3,True
sh600725,20240930,2.83,2.8,False,False,115,104,-5.3,-11.04,5,16,75.62,8.48,False
sh688733,20250624,19.1,18.25,False,True,103,120,-3.77,0.0,17,0,90.58,57.28,True
sh601997,20240926,5.29,4.95,True,False,120,102,0.0,-1.47,0,18,14.18,5.86,False
sh000133,20240927,3774.3,3760.03,True,True,120,120,0.0,0.0,0,0,39.95,34.21,True
sh600115,20240927,3.94,3.82,False,False,46,54,-9.64,-7.31,74,66,9.9,-6.09,False
sh600746,20240926,6.43,6.35,True,False,120,115,0.0,-2.77,0,5,33.74,24.41,True
sh603056,20260114,15.44,15.29,True,True,4,4,0.0,0.0,0,0,22.15,22.09,True
sh688580,20251021,48.17,48.07,False,False,86,72,-10.03,-11.37,32,46,44.7,23.29,True
sh601022,20260126,9.8,9.76,False,False,11,11,-12.35,-12.1,40,40,14.69,-9.29,False
sh600508,20240927,13.01,12.52,False,False,43,68,-11.3,-8.32,77,52,12.22,-9.15,False
sh600812,20240731,4.7,4.63,False,False,107,102,-5.53,-7.16,13,18,26.6,17.23,False
sh603899,20240927,31.21,30.63,False,False,12,51,-16.41,-8.36,108,69,13.68,-1.25,False
sh601117,20240806,7.13,7.03,False,False,85,68,-15.42,-14.72,35,52,20.19,2.1,False
sh600021,20240807,8.91,8.87,False,False,55,50,-14.03,-14.38,65,70,13.47,-5.39,False
sh688360,20251024,21.15,21.01,False,False,40,24,-20.09,-19.23,75,91,10.83,-9.6,False
sh600376,20240920,2.36,2.35,False,False,113,83,-3.81,-12.36,7,37,43.22,7.63,False
sh600525,20240904,4.28,4.22,False,False,116,82,-3.5,-9.92,4,38,44.63,8.41,False
sh688550,20251212,45.84,45.17,False,False,31,23,-17.98,-20.02,49,57,14.49,-6.85,False
sh600611,20241218,7.95,7.87,False,False,0,2,-31.7,-27.52,120,118,0.0,-25.28,False
sh603100,20240927,18.32,17.64,False,True,118,120,-1.53,0.0,2,0,25.99,20.26,True
sh900904,20240926,0.49,0.49,False,False,118,79,-0.41,-9.92,2,41,24.69,5.56,False
sh603429,20240930,4.48,4.4,False,False,112,116,-5.8,-2.95,8,4,105.13,94.64,True
sh603235,20250908,27.66,27.49,False,False,18,24,-3.72,-3.68,102,96,2.96,2.21,False
sh603936,20240731,7.95,7.68,False,False,64,64,-17.23,-13.46,56,56,25.16,-4.78,False
sh600009,20240927,35.19,33.68,False,False,19,60,-10.46,-6.08,101,60,9.18,-8.81,False
sh603718,20240930,7.37,6.86,False,False,39,68,-18.04,-10.44,81,52,17.5,-5.43,False
sh600793,20240926,9.35,9.28,True,False,120,115,0.0,-5.37,0,5,210.16,69.52,True
sh688348,20250721,44.19,44.17,True,False,120,111,0.0,-3.11,0,9,49.54,23.04,True
sh603757,20251124,36.05,35.79,False,False,94,66,-1.75,-9.34,1,29,62.55,62.55,True
sh000852,20240927,5136.44,4979.7,True,True,120,120,0.0,0.0,0,0,28.73,21.86,True
sh688306,20250722,10.32,10.25,False,False,106,75,-5.04,-9.36,14,45,44.86,11.34,False
sh688032,20250708,104.27,101.98,False,False,76,84,-9.29,-11.67,44,36,19.31,-3.34,False
sh600520,20240830,18.17,17.89,False,False,108,117,-7.32,-2.37,12,3,191.41,82.61,True
sh000061,20250326,176.31,176.07,True,False,120,108,0.0,-0.22,0,12,1.45,0.83,False
sh688536,20250723,137.38,133.06,True,False,120,107,0.0,-6.63,0,13,52.18,35.61,True
sh600990,20240731,18.36,17.31,False,False,83,68,-19.72,-17.04,37,52,63.34,11.66,False
sh603166,20240927,5.03,4.88,False,True,119,120,-0.4,0.0,1,0,202.39,180.32,True
sh600310,20240926,3.59,3.57,True,False,120,83,0.0,-8.18,0,37,54.87,20.33,True
sh688051,20251222,39.98,38.25,False,False,13,15,-26.96,-29.49,61,59,8.33,-20.09,False
sh601688,20240906,12.18,12.14,False,False,116,119,-0.41,-0.05,4,1,63.88,40.23,True
sh603400,20260120,59.45,58.51,False,False,43,48,-5.4,-4.27,13,8,24.47,13.86,False
sh688578,20251215,101.12,100.87,False,False,19,17,-12.97,-12.8,60,62,7.8,-3.5,False
sh603955,20241008,9.38,9.06,False,False,110,110,-13.01,-8.86,10,10,254.05,83.69,True
sh603128,20240927,5.61,5.55,False,False,94,78,-4.1,-7.25,26,42,25.6,-1.14,False
sh600639,20240925,9.89,9.84,True,False,120,97,0.0,-2.46,0,23,30.65,10.42,False
sh600025,20250821,9.28,9.27,False,False,66,40,-3.34,-4.77,54,80,9.7,-1.29,False
sh600097,20240930,8.72,8.14,False,False,107,113,-6.88,-1.19,13,7,33.6,9.63,False
sh603367,20251031,21.21,20.19,False,False,5,10,-28.19,-21.27,105,100,2.12,-24.47,False
sh603329,20250916,11.72,11.65,False,False,31,39,-16.98,-15.11,89,81,7.59,-12.63,False
sh688251,20260206,26.83,26.46,False,True,42,43,-0.26,0.0,1,0,42.23,31.08,True
sh603601,20240927,2.92,2.78,True,True,120,120,0.0,0.0,0,0,32.53,22.26,True
sh600743,20240920,1.28,1.24,False,False,119,110,-1.56,-8.53,1,10,124.22,39.84,True
sh600110,20240930,3.81,3.46,False,False,95,107,-10.76,-9.84,25,13,37.01,-1.31,False
sh605011,20250701,23.2,22.9,False,False,10,14,-14.22,-9.73,110,106,7.5,-13.1,False
sh688165,20250819,26.7,25.89,False,False,10,40,-31.57,-20.91,110,80,7.79,-30.26,False
sh603031,20240930,26.66,25.14,False,False,100,107,-9.19,-3.48,20,13,18.08,9.94,False
sh603283,20250801,37.89,36.33,True,False,120,114,0.0,-2.25,0,6,47.37,37.42,True
sh688232,20260112,32.09,27.72,False,False,3,24,-35.31,-21.82,58,37,3.18,-30.07,False
sh688106,20250624,17.71,17.6,False,False,104,91,-2.88,-2.38,16,29,23.88,8.13,False
sh601616,20240801,2.78,2.77,False,False,85,84,-6.12,-6.52,35,36,62.59,41.37,True
sh000155,20240926,2627.37,2536.48,True,False,120,119,0.0,-0.49,0,1,15.55,8.02,False
sh603557,20251113,2.85,2.81,False,False,48,70,-14.39,-12.74,53,31,52.28,50.18,True
sh000966,20240927,6701.54,6391.35,True,False,120,115,0.0,-1.86,0,5,18.87,7.76,False
sh600711,20240930,4.18,4.06,False,False,113,118,-5.02,-1.78,7,2,44.01,35.4,True
sh605377,20250728,9.22,9.13,False,False,22,54,-16.49,-13.32,98,66,3.15,-5.53,False
sh603000,20240927,21.49,20.44,False,False,99,94,-7.26,-9.97,21,26,28.67,-2.47,False
sh688137,20260113,49.6,43.06,False,False,5,36,-24.9,-12.78,55,24,7.26,0.95,False
sh600276,20240806,42.71,42.62,False,False,106,86,-1.87,-7.56,14,34,30.67,4.61,False
sh603567,20240806,11.09,10.99,False,False,70,69,-11.99,-11.33,50,51,16.77,-0.54,False
sh603833,20240927,54.07,49.72,False,False,114,107,-5.31,-5.81,6,13,37.88,9.15,False
sh603335,20251219,5.74,5.61,False,False,51,48,-8.54,-11.69,24,27,13.24,13.24,False
sh600238,20240927,7.95,7.71,False,False,43,46,-32.7,-32.06,77,74,32.2,-24.28,False
sh603999,20240924,4.99,4.98,True,False,120,118,0.0,-1.63,0,2,55.54,32.68,True
sh000934,20240731,4736.64,4725.34,False,False,89,90,-5.2,-4.68,31,30,32.27,19.89,False
sh000149,20240816,3520.33,3519.23,False,False,104,103,-7.38,-7.39,16,17,13.7,7.51,False
sh603319,20240927,11.61,11.25,True,False,120,119,0.0,-1.6,0,1,168.09,94.9,True
sh600408,20240927,1.76,1.72,True,False,120,85,0.0,-11.38,0,35,62.5,2.84,False
sh603062,20260121,49.62,49.41,False,False,38,39,-7.34,-6.91,16,15,14.49,1.03,False
sh600392,20240927,8.97,8.65,True,False,120,118,0.0,-1.49,0,2,49.72,21.29,True
sh688260,20260105,30.93,29.4,False,False,21,22,-19.88,-21.64,45,44,17.62,-4.69,False
sh601825,20250902,8.85,8.71,False,False,50,43,-8.35,-8.02,70,77,7.81,-4.85,False
sh688433,20250625,35.25,35.15,False,False,107,98,-9.02,-15.15,13,22,78.72,57.87,True
sh603630,20240930,11.12,10.6,False,False,111,116,-6.65,-1.56,9,4,50.34,50.34,True
sh600121,20240927,3.39,3.35,True,False,120,89,0.0,-6.97,0,31,51.03,20.94,True
sh000107,20240927,4905.48,4812.46,False,True,119,120,-1.92,0.0,1,0,14.27,11.53,False
sh600446,20240924,10.82,10.23,True,False,120,118,0.0,-0.89,0,2,89.28,52.31,True
sh688707,20251020,14.0,13.71,False,False,77,38,-10.93,-13.3,42,81,31.14,9.93,False
sh600015,20240816,5.8,5.76,False,False,111,111,-4.83,-4.83,9,9,31.06,19.33,False
sh600868,20240926,1.92,1.91,True,True,120,120,0.0,0.0,0,0,84.9,56.77,True
sh603682,20250625,5.56,5.51,False,False,118,112,-1.08,-1.12,2,8,21.4,16.37,False
sh600572,20240930,4.77,4.44,False,False,4,65,-12.36,-4.31,116,55,3.98,-6.91,False
sh688633,20250708,27.15,27.06,False,False,34,34,-16.94,-14.77,86,86,6.26,-12.78,False
sh600826,20240906,5.5,5.39,False,False,110,110,-6.72,-4.27,10,10,105.89,39.58,True
sh603201,20250624,14.74,14.37,True,False,120,104,0.0,-6.42,0,16,37.1,9.81,False
sh600496,20240926,2.57,2.48,True,True,120,120,0.0,0.0,0,0,28.4,21.4,True
sh688337,20250701,36.81,36.23,False,False,68,65,-9.59,-7.73,52,55,29.45,0.65,False
sh605177,20250625,18.17,18.15,False,False,117,104,-2.81,-11.3,3,16,19.7,-0.06,False
sh000828,20240926,1994.07,1979.57,True,False,120,113,0.0,-4.42,0,7,35.96,16.2,False
sh603885,20240927,12.3,11.34,False,False,111,104,-6.1,-4.09,9,16,23.41,6.5,False
sh688332,20250819,109.0,105.25,False,False,119,116,-0.73,-1.9,1,4,52.19,25.25,True
sh600073,20240830,5.95,5.87,False,False,116,88,-2.18,-5.3,4,32,28.91,6.05,False
sh600309,20240926,79.97,79.83,False,False,9,12,-18.51,-12.5,111,108,16.32,-16.87,False
sh688181,20250624,29.74,29.54,False,False,119,91,-0.94,-5.48,1,29,46.54,11.4,False
sh688048,20250624,53.66,53.37,False,False,119,117,-0.07,-1.86,1,3,184.46,178.61,True
sh603130,20251113,37.84,36.53,False,False,90,64,-7.53,-21.85,11,37,69.37,6.87,False
sh605208,20260121,14.12,14.08,False,False,8,13,-12.18,-11.34,46,41,7.01,7.01,False
sh603700,20250929,11.94,11.93,False,False,113,105,-2.51,-7.24,7,15,23.79,10.13,False
sh601168,20240927,16.87,16.53,False,False,29,73,-11.5,-6.06,91,47,7.88,-5.51,False
sh600539,20240925,4.15,4.07,True,True,120,120,0.0,0.0,0,0,281.69,146.75,True
sh603267,20250905,53.77,52.2,False,False,68,75,-17.0,-14.82,52,45,24.25,6.64,False
sh600197,20240930,18.64,17.12,False,False,2,45,-20.06,-8.66,118,75,1.02,-19.37,False
sh603686,20240930,8.75,8.1,False,True,100,120,-5.48,0.0,20,0,70.27,63.19,True
sh688065,20250624,47.12,46.41,False,False,96,73,-3.59,-7.98,24,47,18.19,0.25,False
sh605111,20250729,32.79,32.21,False,False,113,101,-2.44,-5.16,7,19,30.53,30.53,True
sh900918,20240730,0.26,0.26,False,False,88,94,-2.28,-2.0,32,26,50.95,34.98,True
sh603701,20240816,10.85,10.62,False,False,109,115,-4.42,-2.35,11,5,45.99,41.75,True
sh600643,20240919,4.1,4.07,False,False,119,70,-0.49,-8.27,1,50,66.34,20.73,True
sh601212,20240926,2.92,2.89,False,False,67,61,-7.54,-7.5,53,59,15.09,0.69,False
sh688298,20250630,27.35,27.01,False,False,50,63,-12.58,-10.97,70,57,9.47,-12.58,False
sh688502,20250711,281.46,267.47,False,False,117,106,-1.31,-6.33,3,14,68.84,53.31,True
sh600916,20250701,8.23,8.23,False,False,64,52,-2.79,-3.5,56,68,7.65,-1.58,False
sh601788,20240924,15.02,14.74,True,False,120,99,0.0,-4.96,0,21,38.95,13.85,False
sh688151,20251010,21.64,21.44,False,False,29,31,-12.38,-15.21,91,89,10.26,-3.74,False
sh688702,20250725,69.28,65.72,False,True,111,120,-6.18,0.0,9,0,110.31,102.37,True
sh601012,20240927,15.96,15.63,False,False,91,86,-9.4,-9.51,29,34,28.2,0.5,False
sh603501,20240927,97.19,95.86,False,False,114,101,-1.71,-3.88,6,19,61.9,36.88,True
sh600210,20240925,4.95,4.94,True,False,120,119,0.0,-0.15,0,1,82.63,34.75,True
sh603066,20240926,9.5,9.37,True,False,120,116,0.0,-1.46,0,4,38.85,21.9,True
sh600397,20240924,2.05,2.01,True,True,120,120,0.0,0.0,0,0,240.98,239.51,True
sh688685,20250624,54.37,53.04,False,False,76,57,-8.41,-13.09,44,63,21.2,-3.63,False
sh603028,20240925,6.25,6.21,False,False,93,72,-12.16,-13.03,27,48,41.6,3.36,False
sh603855,20241008,19.85,19.21,False,False,31,93,-13.15,-9.96,89,27,25.34,-2.22,False
sh600739,20240925,9.05,8.86,True,False,120,92,0.0,-5.23,0,28,40.55,17.79,False
sh688478,20250624,30.06,29.41,False,False,114,113,-2.86,-3.81,6,7,40.29,24.45,True
sh605296,20250904,30.68,30.47,False,False,17,15,-10.46,-11.49,103,105,11.18,-3.72,False
sh000952,20240926,3189.28,2986.83,False,False,58,59,-9.11,-11.23,62,61,23.77,-9.11,False
sh603004,20250624,21.36,21.04,False,False,118,111,-1.17,-3.06,2,9,23.36,5.48,False
sh600693,20240926,3.03,2.93,True,True,120,120,0.0,0.0,0,0,176.9,100.99,True
sh600109,20240925,7.74,7.65,True,False,120,80,0.0,-4.56,0,40,37.86,8.27,False
sh600420,20240926,11.17,10.74,False,False,89,63,-7.79,-10.99,31,57,23.9,-7.79,False
sh000161,20240927,1369.76,1331.75,False,False,118,103,-0.42,-3.58,2,17,22.15,6.67,False
sh688455,20251020,14.57,14.47,True,True,120,120,0.0,0.0,0,0,104.87,104.87,True
sh688206,20251126,33.77,33.73,False,False,68,40,-12.88,-20.94,24,52,25.38,-0.92,False
sh600714,20240927,7.47,7.34,True,True,120,120,0.0,0.0,0,0,87.28,44.85,True
sh603656,20240930,11.45,10.73,False,False,113,116,-6.11,-2.45,7,4,144.79,61.92,True
sh601226,20240927,5.16,5.06,False,True,117,120,-1.55,0.0,3,0,59.15,26.38,True
sh600859,20240731,14.52,13.28,False,False,59,79,-20.25,-10.43,61,41,17.08,-9.99,False
sh688365,20251103,15.0,14.98,False,False,99,71,-11.0,-11.53,10,38,128.0,31.0,True
sh688602,20250924,8.49,8.39,False,False,76,54,-16.14,-18.56,44,66,36.63,-9.66,False
sh603129,20251119,253.73,241.63,False,False,55,49,-12.25,-14.11,42,48,17.14,9.57,False
sh688198,20250729,110.34,107.86,False,False,77,72,-7.01,-6.12,43,48,19.54,0.54,False
sh600543,20240830,5.37,4.92,False,False,66,72,-20.11,-20.54,54,48,41.34,-8.01,False
sh600817,20240924,9.02,8.84,True,False,120,118,0.0,-1.45,0,2,50.11,32.03,True
sh603586,20240821,12.52,12.18,False,False,85,96,-14.54,-11.79,35,24,36.9,13.42,False
sh603230,20251112,12.86,12.79,False,False,25,27,-13.22,-10.3,77,75,3.34,-13.22,False
sh688281,20250627,58.76,58.15,False,False,112,106,-2.57,-4.66,8,14,31.26,16.61,False
sh900901,20240926,0.5,0.49,True,True,120,120,0.0,0.0,0,0,75.0,56.8,True
sh605108,20250820,20.73,20.58,False,False,19,53,-9.89,-6.39,101,67,16.11,-8.1,False
sh600373,20240926,13.75,13.72,False,False,18,19,-23.56,-14.76,102,101,12.44,-23.56,False
sh603083,20260302,113.74,109.98,False,False,16,19,-10.84,-9.72,16,13,27.74,27.74,True
sh688661,20251208,46.69,44.29,True,True,85,85,0.0,0.0,0,0,128.31,84.62,True
sh603719,20250710,13.71,12.76,False,False,6,63,-15.32,-8.98,114,57,1.75,-11.89,False
sh603937,20251218,11.7,11.58,False,False,76,73,-4.36,-10.31,1,4,30.51,11.37,False
sh603985,20241008,13.08,12.81,False,False,49,87,-22.25,-15.21,71,33,30.28,26.91,True
sh600720,20240927,9.03,9.02,False,False,50,50,-10.96,-9.16,70,70,12.07,-7.64,False
sh603556,20240731,41.62,40.74,False,False,40,31,-18.33,-16.27,80,89,14.06,-10.72,False
sh600941,20250808,107.49,107.3,False,False,24,12,-14.34,-11.86,96,108,1.38,-11.68,False
sh600889,20240730,4.79,4.78,False,False,113,100,-2.3,-6.28,7,20,417.54,296.66,True
sh603518,20241008,8.22,7.86,False,False,84,99,-14.11,-8.9,36,21,19.46,10.95,False
sh688081,20250625,18.8,18.74,False,False,119,115,-0.48,-2.15,1,5,104.26,58.51,True
sh688148,20260316,8.97,8.59,False,False,4,6,-15.5,-14.04,18,16,5.13,4.12,False
sh600593,20240930,19.93,18.91,False,False,105,94,-14.3,-8.38,15,26,181.89,56.35,True
sh603861,20240926,7.94,7.88,True,False,120,116,0.0,-3.92,0,4,47.33,16.99,False
sh688585,20260305,113.49,112.95,True,False,29,22,0.0,-2.99,0,7,20.94,20.94,True
sh603053,20250624,9.18,9.15,True,False,120,101,0.0,-4.92,0,19,26.69,6.32,False
sh600439,20240913,2.39,2.26,False,False,119,119,-0.42,-0.96,1,1,137.24,74.9,True
sh603328,20240816,6.9,6.89,False,False,112,112,-4.64,-4.73,8,8,59.11,59.11,True
sh688398,20260121,20.15,19.43,False,True,54,55,-1.24,0.0,1,0,42.23,42.23,True
sh603860,20250905,30.96,30.6,False,False,77,71,-6.88,-8.58,43,49,8.17,5.65,False
sh601992,20240926,1.56,1.49,True,False,120,85,0.0,-9.86,0,35,34.62,0.64,False
sh600477,20240926,2.35,2.34,False,False,118,99,-1.91,-6.39,2,21,30.37,12.96,False
sh603366,20240926,3.99,3.94,True,False,120,114,0.0,-8.81,0,6,445.06,149.27,True
sh000136,20240930,12037.78,11330.46,False,False,1,82,-8.14,-2.4,119,38,1.68,-5.51,False
sh600221,20240930,1.29,1.2,False,False,104,89,-13.95,-12.41,16,31,72.87,10.85,False
sh600927,20251021,14.81,14.55,False,False,80,59,-9.45,-11.43,38,59,12.9,-3.24,False
sh688160,20250714,93.51,89.78,False,False,77,80,-12.34,-11.42,43,40,63.08,48.81,True
sh603605,20250724,84.44,83.48,False,False,5,7,-21.04,-14.95,115,113,7.99,-15.22,False
sh688449,20250730,44.43,44.08,False,False,109,86,-2.68,-10.49,11,34,48.1,20.86,True
sh600708,20240920,1.9,1.89,False,False,119,111,-1.05,-4.39,1,9,142.11,80.53,True
sh600926,20240924,11.64,11.54,True,True,120,120,0.0,0.0,0,0,21.65,20.02,True
sh603019,20240731,43.63,43.29,False,False,80,82,-21.96,-19.91,40,38,99.66,52.92,True
sh603848,20250624,14.87,14.26,False,False,119,99,-1.08,-10.41,1,21,119.3,26.9,True
sh688084,20250911,80.84,78.74,False,False,67,47,-12.91,-16.81,53,73,29.06,-12.91,False
sh600138,20240927,10.07,9.95,False,False,77,98,-7.94,-6.24,43,22,10.43,2.68,False
sh688279,20250818,216.62,216.33,False,False,22,38,-24.42,-18.12,98,82,26.49,-7.61,False
sh688750,20250626,21.0,20.25,False,False,69,79,-13.86,-14.8,51,41,20.05,-9.57,False
sh601568,20251107,4.11,4.11,False,False,55,63,-9.98,-9.22,50,42,14.6,-0.73,False
sh603300,20240930,5.36,5.25,False,False,85,93,-10.25,-7.91,35,27,138.68,96.37,True
sh000150,20240927,11670.05,11606.11,False,False,68,98,-3.6,-1.98,52,22,7.57,1.52,False
sh688237,20260209,49.85,49.36,False,False,17,11,-5.72,-8.55,24,30,15.21,14.88,False
sh688037,20260324,159.09,158.89,True,True,18,18,0.0,0.0,0,0,22.65,14.29,False
sh000819,20240927,4963.64,4858.09,False,False,93,114,-5.48,-2.52,27,6,9.78,6.1,False
sh601727,20240925,3.96,3.94,True,False,120,118,0.0,-2.07,0,2,210.61,96.46,True
sh605277,20250625,15.78,15.74,True,False,120,99,0.0,-8.33,0,21,90.11,41.0,True
sh688499,20251124,56.13,53.69,False,False,49,31,-20.9,-23.59,45,63,23.32,-3.99,False
sh688303,20250630,21.32,20.38,False,False,119,110,-3.71,-3.95,1,10,61.3,26.64,True
sh688079,20260113,11.98,11.94,False,False,57,55,-3.84,-4.9,4,6,35.64,35.64,True
sh600338,20240926,9.49,9.31,True,False,120,69,0.0,-8.51,0,51,37.81,5.58,False
sh000857,20240927,9634.05,9565.81,False,False,99,92,-5.84,-5.2,21,28,18.84,5.15,False
sh600871,20240731,1.84,1.83,False,False,104,91,-6.52,-5.99,16,29,25.0,6.52,False
sh600796,20240927,4.46,4.45,True,True,120,120,0.0,0.0,0,0,91.05,28.71,True
sh603466,20250626,9.76,9.6,False,False,77,53,-8.5,-11.92,43,67,14.96,-6.66,False
sh603162,20250702,8.71,8.58,False,False,99,105,-3.44,-1.88,21,15,57.29,46.73,True
sh600292,20240924,5.1,4.98,True,False,120,112,0.0,-5.97,0,8,252.94,162.75,True
sh600546,20240930,13.27,13.0,False,False,1,15,-27.58,-15.88,119,105,0.0,-22.76,False
sh600315,20240930,18.57,17.65,False,False,26,65,-16.69,-7.66,94,55,9.05,9.05,False
sh900929,20240926,0.98,0.96,True,False,120,108,0.0,-3.5,0,12,45.02,20.93,True
sh688533,20250812,28.55,28.52,False,False,67,100,-8.9,-5.02,53,20,20.0,13.1,False
sh600995,20240815,9.73,9.72,False,False,70,67,-12.12,-11.2,50,53,18.6,2.15,False
sh603228,20240809,22.98,22.96,False,False,109,71,-4.0,-8.84,11,49,58.36,43.47,True
sh603153,20250711,17.58,17.53,False,False,94,86,-4.2,-8.49,26,34,16.16,-0.68,False
sh688678,20250728,22.85,21.05,False,False,114,73,-5.3,-12.98,6,47,62.58,5.56,False
sh601126,20240822,16.14,16.01,False,False,71,46,-9.23,-12.46,49,74,20.14,-0.06,False
sh600577,20240924,4.32,4.19,True,True,120,120,0.0,0.0,0,0,89.58,66.2,True
sh603266,20240930,17.09,16.58,False,False,57,74,-13.93,-11.72,63,46,25.69,8.48,False
sh688636,20251023,33.39,32.82,False,False,114,94,-5.0,-7.09,2,22,79.69,35.7,True
sh688351,20250625,19.91,19.67,False,False,107,107,-1.51,-5.25,13,13,35.36,20.59,True
sh600010,20240926,1.52,1.48,True,False,120,117,0.0,-3.74,0,3,44.8,17.79,False
sh688006,20251217,28.09,27.61,False,False,52,33,-11.5,-19.6,25,44,21.64,13.46,False
sh688655,20260126,20.86,20.74,False,False,38,46,-8.15,-7.01,14,6,74.59,71.57,True
sh603456,20240927,13.97,13.45,False,False,52,59,-12.89,-11.34,68,61,21.77,-0.5,False
sh603131,20240927,14.51,13.98,True,False,120,117,0.0,-5.38,0,3,55.35,22.81,True
sh600620,20240924,4.96,4.88,False,False,117,78,-1.61,-9.24,3,42,43.39,7.67,False
sh688561,20251020,33.99,33.88,False,False,89,54,-15.33,-19.39,30,65,20.92,-11.03,False
sh000003,20240924,240.1,239.8,True,False,120,110,0.0,-1.48,0,10,19.18,12.88,False
sh600493,20240927,4.6,4.52,False,False,119,114,-0.22,-4.52,1,6,34.99,11.52,False
sh603657,20251128,37.27,34.57,False,False,0,8,-35.42,-24.47,90,82,0.0,-30.37,False
sh605008,20250821,15.95,15.06,False,False,30,42,-17.93,-15.38,90,78,18.12,-15.86,False
sh603618,20240927,4.6,4.56,True,True,120,120,0.0,0.0,0,0,100.0,49.13,True
sh688381,20250624,20.98,20.81,True,False,120,97,0.0,-7.08,0,23,43.95,8.72,False
sh688248,20251217,43.02,42.88,False,True,77,78,-0.05,0.0,1,0,63.18,36.4,True
sh688132,20250624,19.02,18.86,False,False,69,58,-7.99,-10.56,51,62,16.61,-6.78,False
sh603183,20251124,4.5,4.45,False,False,61,54,-7.33,-9.09,33,40,10.0,2.0,False
sh600273,20240808,6.98,6.9,False,False,99,105,-5.52,-3.34,21,15,18.99,6.81,False
sh603005,20240813,18.98,18.72,False,False,91,93,-10.49,-8.82,29,27,82.68,78.73,True
sh603878,20241118,6.07,5.98,False,False,19,36,-17.79,-11.89,101,84,10.21,-12.85,False
sh688098,20260407,10.53,9.64,False,False,0,1,-15.38,-7.18,8,7,0.0,-14.62,False
sh688265,20260113,49.44,47.49,False,False,4,7,-21.99,-15.45,56,53,11.25,-12.66,False
sh600777,20240828,2.13,2.06,False,False,76,93,-17.84,-12.07,44,27,31.46,11.27,False
sh600959,20240924,2.85,2.79,True,False,120,109,0.0,-1.77,0,11,41.08,18.96,False
sh603353,20250908,16.48,16.25,False,False,111,119,-1.33,-0.0,9,1,209.28,141.2,True
sh601368,20240730,4.36,4.27,False,False,81,77,-7.8,-4.78,39,43,20.64,4.13,False
sh600917,20240927,5.61,5.54,False,False,102,66,-1.87,-4.49,18,54,18.08,3.3,False
sh603356,20250624,13.44,13.32,False,False,84,70,-5.36,-5.26,36,50,20.54,-1.19,False
sh688680,20251107,45.78,45.64,False,False,66,63,-19.0,-18.78,39,42,59.63,11.66,False
sh600895,20240730,19.0,18.62,False,False,88,89,-15.95,-14.38,32,31,83.6,30.17,True
sh605020,20251105,25.75,25.53,False,False,73,50,-9.24,-14.05,34,57,18.68,-0.66,False
sh600215,20241028,6.76,6.7,False,False,115,117,-4.73,-2.01,5,3,51.88,32.22,True
sh688450,20251013,27.87,27.06,False,False,88,86,-4.84,-6.91,32,34,44.53,44.53,True
sh688203,20251031,13.19,13.04,False,False,47,23,-16.38,-17.33,63,87,11.07,-6.07,False
sh688599,20250708,15.75,15.63,False,False,104,98,-3.49,-5.7,16,22,48.13,5.08,False
sh600425,20240926,3.28,3.2,True,False,120,106,0.0,-1.24,0,14,30.18,17.38,False
sh600696,20240927,8.59,8.58,False,False,119,84,-1.63,-30.7,1,36,113.74,8.85,False
sh600971,20250924,6.88,6.88,False,False,65,66,-9.3,-9.63,55,54,15.7,8.87,False
sh605339,20250704,16.77,16.7,False,False,119,101,-0.12,-2.12,1,19,29.22,18.19,False
sh601669,20240927,5.05,5.02,False,False,63,62,-7.72,-10.22,57,58,17.02,-7.32,False
sh601512,20250708,7.32,7.28,True,False,120,115,0.0,-2.09,0,5,41.12,22.95,True
sh688179,20250630,12.72,12.51,False,False,90,52,-5.74,-10.41,30,68,24.69,-0.94,False
sh688379,20251124,45.13,44.83,False,False,84,57,-3.83,-15.14,10,37,35.17,23.04,True
sh603729,20240930,14.85,14.3,False,False,98,97,-11.18,-9.04,22,23,38.25,2.63,False
sh600038,20240813,40.58,40.18,False,False,29,38,-14.91,-13.82,91,82,10.4,-6.58,False
sh600845,20240930,32.39,30.62,False,False,17,47,-19.51,-13.31,103,73,13.52,-13.03,False
sh688184,20250818,11.06,10.98,False,False,3,43,-18.17,-11.6,117,77,1.81,-4.97,False
sh000863,20240927,1992.75,1894.23,False,False,113,104,-3.55,-4.71,7,16,26.74,25.26,True
sh600705,20240924,2.63,2.52,True,False,120,100,0.0,-8.67,0,20,85.93,30.8,True
sh603135,20250624,9.65,9.57,False,False,101,84,-5.64,-11.2,19,36,24.08,-5.64,False
sh603767,20240930,11.71,11.66,False,False,81,96,-12.3,-9.36,39,24,72.76,26.73,True
sh603386,20251203,13.76,13.65,False,False,75,54,-8.72,-13.3,12,33,46.44,4.29,False
sh600076,20240926,1.71,1.6,True,False,120,111,0.0,-3.39,0,9,68.42,22.81,True
sh603200,20240930,21.33,20.32,False,False,100,109,-10.74,-5.36,20,11,97.19,63.2,True
sh688799,20251031,52.08,50.02,False,False,17,21,-20.7,-18.53,94,90,22.14,6.57,False
sh600511,20240930,33.75,31.45,False,False,19,56,-14.61,-8.3,101,64,5.93,-13.21,False
sh688003,20250729,50.46,48.83,False,False,113,107,-5.29,-2.69,7,13,46.81,46.81,True
sh688507,20250717,77.8,75.73,True,False,120,105,0.0,-6.95,0,15,58.99,58.09,True
sh688060,20250624,35.89,35.52,False,False,116,113,-1.42,-5.11,4,7,31.9,11.12,False
sh000987,20240927,3131.2,3076.96,False,False,107,116,-2.8,-0.57,13,4,10.93,5.83,False
sh600608,20240925,2.8,2.78,False,False,110,93,-8.21,-10.98,10,27,50.0,13.93,False
sh600192,20240806,4.53,4.32,False,False,106,93,-4.19,-6.33,14,27,67.33,29.8,True
sh601390,20240930,6.31,5.92,False,False,32,61,-16.48,-11.85,88,59,6.81,-15.69,False
sh688549,20250724,7.88,7.78,False,False,116,115,-1.4,-1.26,4,5,42.01,35.79,True
sh603156,20250625,20.91,20.86,False,False,97,75,-2.34,-2.4,23,45,64.61,22.19,True
sh688163,20251125,23.14,23.01,False,False,63,57,-6.78,-8.4,31,37,65.3,65.3,True
sh000130,20240926,11262.03,11236.11,True,False,120,117,0.0,-0.24,0,3,13.87,7.36,False
sh603360,20250716,20.4,20.2,False,False,107,107,-4.51,-4.47,13,13,77.89,50.74,True
sh600116,20240927,7.01,6.93,False,False,58,58,-6.72,-6.54,62,62,10.98,-2.15,False
sh603055,20250725,10.23,9.9,False,False,0,28,-15.44,-8.29,120,92,0.0,-8.21,False
sh688219,20250805,12.5,12.21,False,False,69,60,-9.12,-10.02,51,60,18.16,0.72,False
sh603982,20250829,9.16,9.01,False,False,37,33,-13.65,-13.0,83,87,9.83,-11.57,False
sh688087,20250722,26.49,26.23,False,True,112,120,-2.3,0.0,8,0,24.46,21.03,True
sh600595,20240930,3.03,2.8,False,False,76,119,-9.57,-0.17,44,1,41.91,32.67,True
sh688429,20250708,15.02,14.74,False,False,71,83,-12.98,-14.5,49,37,21.04,-12.85,False
sh601339,20240930,4.89,4.6,False,False,83,104,-7.36,-3.76,37,16,18.61,4.7,False
sh600241,20240909,5.99,5.98,False,False,114,113,-4.34,-3.21,6,7,34.72,22.7,True
sh603303,20240801,10.41,10.37,False,False,47,56,-17.59,-17.84,73,64,10.96,-2.98,False
sh600388,20240927,11.62,11.55,False,False,116,109,-1.64,-1.61,4,11,15.92,4.99,False
sh688100,20250630,36.8,35.27,False,False,25,77,-8.02,-4.52,95,43,5.76,-0.01,False
sh688234,20250724,60.71,60.51,False,False,114,114,-2.65,-2.56,6,6,83.15,80.53,True
sh603037,20240730,9.49,9.07,False,False,62,73,-17.09,-14.49,58,47,21.67,6.92,False
sh603285,20251201,25.18,25.11,False,False,64,60,-5.12,-5.24,26,30,58.06,58.06,True
sh600726,20240807,2.12,2.11,False,False,86,66,-9.91,-9.43,34,54,25.47,4.72,False
sh600375,20240826,4.28,4.27,True,True,120,120,0.0,0.0,0,0,68.12,37.75,True
sh601177,20240926,7.34,7.33,True,False,120,116,0.0,-1.23,0,4,225.75,141.69,True
sh688667,20251124,66.66,60.73,False,False,74,76,-14.04,-6.13,21,19,118.59,118.59,True
sh600873,20251009,10.83,10.81,False,False,64,67,-8.13,-8.4,56,53,18.47,1.57,False
sh603278,20250717,10.13,9.97,False,False,76,82,-10.66,-9.67,44,38,74.93,57.45,True
sh688300,20250624,45.26,44.75,False,False,118,119,-1.24,-0.98,2,1,45.1,30.4,True
sh688553,20260109,22.0,21.55,False,False,4,14,-30.91,-24.2,58,48,11.64,-9.36,False
sh603699,20240731,15.76,14.94,False,False,110,119,-4.19,-0.31,10,1,63.2,63.2,True
sh600612,20240930,60.81,59.56,False,False,0,23,-24.83,-18.3,120,97,0.0,-18.53,False
sh601139,20240927,6.78,6.78,False,False,58,59,-7.23,-7.16,62,61,11.21,-2.21,False
sh688629,20250717,55.09,52.59,False,False,112,117,-8.99,-5.49,8,3,96.01,86.1,True
sh603236,20251201,94.25,90.18,False,False,23,35,-23.26,-21.06,66,54,13.06,-18.3,False
sh688287,20250805,5.22,5.17,False,False,51,74,-13.03,-8.57,69,46,35.63,4.21,False
sh600872,20240930,22.91,22.03,False,False,23,76,-14.53,-7.06,97,44,7.33,-11.0,False
sh603161,20251219,13.54,13.34,False,False,73,66,-0.44,-5.59,2,9,25.48,7.68,False
sh605259,20260310,23.27,23.14,False,False,1,3,-12.33,-10.71,25,23,1.55,-9.24,False
sh600545,20240926,1.6,1.59,True,False,120,117,0.0,-5.76,0,3,150.0,43.75,True
sh600671,20241008,7.58,7.43,False,True,118,120,-1.58,0.0,2,0,55.28,55.28,True
sh600022,20240731,1.31,1.29,False,False,84,79,-8.4,-5.38,36,41,31.3,7.63,False
sh688363,20251027,53.27,53.22,False,False,3,4,-23.97,-17.71,111,110,1.35,-18.9,False
sh688530,20250710,17.16,17.02,False,False,84,81,-7.75,-10.42,36,39,12.53,-1.81,False
sh688535,20250718,78.9,78.79,False,False,118,116,-0.27,-5.41,2,4,59.69,43.38,True
sh600993,20240731,25.76,24.86,False,False,35,51,-18.87,-18.57,85,69,6.48,-4.7,False
sh603918,20240927,11.32,10.98,False,False,116,114,-4.42,-5.86,4,6,106.01,40.55,True
sh601225,20240830,23.27,23.03,False,False,38,41,-24.61,-20.14,82,79,12.55,-24.01,False
sh600674,20240902,17.32,17.16,False,False,12,12,-16.57,-12.13,108,108,6.52,-15.65,False
sh601111,20240805,7.38,7.35,False,False,65,70,-15.99,-14.09,55,50,20.46,-3.25,False
sh688052,20250729,174.0,171.39,False,False,60,64,-20.1,-21.04,60,56,16.77,9.41,False
sh688601,20250624,39.86,39.84,False,False,88,85,-3.34,-3.54,32,35,25.44,10.51,False
sh600489,20240927,13.95,13.92,False,False,12,30,-17.06,-16.14,108,90,6.16,-3.37,False
sh688328,20251125,25.61,25.34,False,False,85,84,-5.27,-6.7,9,10,77.82,60.52,True
sh603778,20240927,3.19,3.09,False,False,85,62,-10.97,-12.33,35,58,29.78,-5.64,False
sh688786,20251124,27.35,26.43,False,False,83,83,-2.82,-3.32,11,11,42.96,21.39,True
sh605168,20250630,29.43,29.01,False,False,102,81,-5.06,-8.95,18,39,19.2,11.18,False
sh603585,20240912,10.84,10.81,False,False,114,111,-4.43,-3.68,6,9,48.34,26.94,True
sh688282,20250926,46.46,45.69,True,False,120,115,0.0,-2.45,0,5,102.76,53.68,True
sh600877,20240801,11.6,11.56,False,False,82,73,-14.66,-12.79,38,47,40.52,11.12,False
sh600790,20240924,3.26,3.21,True,False,120,73,0.0,-7.11,0,47,31.6,4.91,False
sh603081,20240930,10.15,9.61,False,False,104,110,-10.05,-6.02,16,10,61.46,9.55,False
sh603107,20250716,15.9,15.79,False,False,49,68,-7.61,-6.78,71,52,4.72,-4.03,False
sh601888,20240927,68.88,65.69,False,False,29,60,-14.81,-10.09,91,60,21.36,-14.16,False
sh000851,20240926,12941.68,12772.88,True,True,120,120,0.0,0.0,0,0,23.13,19.26,False
sh600839,20240823,4.94,4.84,False,False,108,115,-6.48,-2.61,12,5,232.59,139.07,True
sh688305,20250716,56.76,56.67,False,False,112,92,-2.43,-8.46,8,28,22.41,18.34,False
sh600523,20240801,10.62,10.52,False,False,87,80,-12.34,-11.67,33,40,39.84,14.32,False
sh603232,20240924,10.93,10.86,False,False,119,114,-0.27,-2.44,1,6,46.2,27.63,True
sh603280,20251121,40.15,37.58,False,False,27,20,-18.61,-16.75,68,75,10.01,-13.3,False
sh600170,20240927,2.17,2.14,True,False,120,114,0.0,-2.08,0,6,33.64,20.28,True
sh688718,20251205,14.51,14.4,False,False,48,40,-10.06,-10.79,37,45,13.99,9.1,False
sh600590,20240927,4.17,4.06,True,False,120,118,0.0,-0.95,0,2,184.89,122.78,True
sh000118,20240927,8591.07,8490.14,False,False,115,107,-2.08,-1.42,5,13,9.65,3.89,False
sh600459,20240930,14.41,13.43,False,False,8,100,-8.67,-2.3,112,20,4.44,-5.34,False
sh600094,20240802,3.63,3.56,False,False,60,61,-16.85,-15.97,60,59,19.22,-14.37,False
sh601990,20250625,8.15,8.04,False,False,85,90,-3.31,-5.63,35,30,9.2,-2.94,False
sh688586,20250919,10.93,10.82,False,False,112,102,-2.38,-2.1,8,18,66.15,28.91,True
sh600269,20240819,4.55,4.55,False,False,97,96,-12.75,-12.98,23,24,21.32,9.67,False
sh603578,20240930,12.48,11.83,False,False,77,95,-10.1,-6.36,43,25,16.83,15.46,False
sh688128,20251124,28.55,27.86,False,False,59,50,-15.06,-18.68,35,44,14.33,-9.04,False
sh688401,20260408,53.37,51.28,False,True,2,7,-1.44,0.0,5,0,6.97,6.97,False
sh600740,20240927,4.1,4.01,False,False,46,62,-11.22,-7.4,74,58,10.0,-7.07,False
sh600227,20240911,1.69,1.6,False,False,115,110,-5.92,-3.85,5,10,93.49,33.73,True
sh603536,20240924,8.75,8.46,False,False,112,104,-3.09,-10.78,8,16,101.26,7.54,False
sh601858,20240927,19.32,19.28,False,False,113,80,-5.13,-9.36,7,40,38.21,0.36,False
sh688166,20260401,50.94,50.48,False,False,9,9,-5.67,-3.95,2,2,14.29,12.58,False
sh601868,20250707,2.23,2.23,True,False,120,89,0.0,-4.45,0,31,33.57,4.74,False
sh603506,20251020,12.98,12.94,False,False,62,42,-12.02,-14.39,57,77,14.87,-4.55,False
sh000937,20240822,2661.41,2633.36,False,False,3,3,-10.95,-10.22,117,117,3.13,-9.18,False
sh603633,20241008,7.66,7.3,False,False,91,98,-13.96,-9.41,29,22,17.36,5.09,False
sh688157,20250715,28.83,28.74,False,False,119,77,-0.53,-16.5,1,43,58.04,31.62,True
sh600712,20240806,3.73,3.72,False,False,88,89,-12.06,-11.56,32,31,110.46,63.0,True
sh688200,20250729,144.29,139.6,False,False,107,117,-3.62,-1.52,13,3,83.53,83.53,True
sh600088,20240930,16.96,16.39,False,False,87,88,-10.79,-7.82,33,32,23.59,0.71,False
sh603378,20251016,6.12,6.11,False,False,98,83,-16.99,-24.89,22,37,63.56,-8.01,False
sh603799,20240927,26.34,24.24,True,True,120,120,0.0,0.0,0,0,46.66,26.43,True
sh603185,20250702,15.29,15.0,False,False,117,119,-2.55,-0.54,3,1,145.26,104.71,True
sh600426,20240930,25.34,24.7,False,False,1,12,-23.72,-12.24,119,108,1.62,-12.94,False
sh603565,20251124,10.26,10.18,False,False,70,63,-3.02,-5.13,25,32,15.69,14.81,False
sh600468,20240930,4.63,4.29,False,False,62,80,-9.5,-7.64,58,40,15.77,6.48,False
sh603179,20240926,42.18,40.7,True,False,120,98,0.0,-5.28,0,22,33.36,11.17,False
sh600668,20240801,7.23,7.09,False,False,87,90,-8.75,-6.12,33,30,27.78,14.52,False
sh688529,20250624,17.49,17.42,False,False,117,81,-1.09,-13.27,3,39,40.54,0.17,False
sh603202,20260121,96.41,96.29,False,False,8,19,-6.53,-4.7,46,35,5.67,1.22,False
sh600495,20240919,3.44,3.35,False,False,117,116,-2.04,-0.83,3,4,31.72,21.25,True
sh603882,20250729,31.04,31.04,False,False,29,51,-11.76,-7.92,91,69,16.46,5.19,False
sh600075,20240903,3.89,3.87,False,False,107,100,-6.43,-5.55,13,20,27.25,9.25,False
sh600626,20240830,2.86,2.82,True,False,120,103,0.0,-6.61,0,17,67.83,32.87,True
sh605389,20260313,69.82,68.29,False,False,20,18,-2.39,-1.78,3,5,11.44,5.24,False
sh603599,20240930,12.48,11.76,False,False,1,87,-15.63,-8.34,119,33,0.64,-6.73,False
sh603203,20240731,20.57,20.29,False,False,76,74,-18.03,-15.6,44,46,23.91,10.3,False
sh688357,20251229,34.43,34.33,False,False,37,25,-9.5,-12.07,32,44,10.28,4.12,False
sh603929,20240813,21.14,20.89,False,False,90,89,-14.0,-15.23,30,31,39.03,39.03,True
sh600016,20240925,3.32,3.28,True,True,120,120,0.0,0.0,0,0,21.07,15.05,False
sh600645,20240801,16.72,16.66,False,False,109,106,-5.8,-6.22,11,14,41.87,25.6,True
sh600571,20240925,10.11,9.75,True,False,120,116,0.0,-2.02,0,4,66.25,42.82,True
sh605117,20250822,57.4,56.94,True,True,120,120,0.0,0.0,0,0,71.52,71.29,True
sh688063,20260203,61.64,59.74,False,True,43,46,-1.65,0.0,3,0,35.45,23.39,True
sh601121,20251218,7.03,6.91,True,False,76,61,0.0,-7.2,0,15,26.74,11.38,False
sh603261,20250702,21.65,21.49,False,False,67,96,-9.19,-4.36,53,24,29.61,15.43,False
sh600191,20240731,5.03,4.96,False,False,84,87,-9.54,-8.67,36,33,64.81,64.81,True
sh600825,20240920,4.13,4.04,True,True,120,120,0.0,0.0,0,0,110.71,64.44,True
sh600058,20240927,7.16,7.05,False,False,86,97,-6.42,-3.56,34,23,12.29,2.65,False
sh603155,20251031,15.83,15.55,False,False,99,81,-6.32,-14.88,11,29,35.82,1.77,False
sh605090,20260323,39.24,39.17,False,False,9,3,-2.83,-3.89,9,15,8.84,7.95,False
sh603150,20250624,32.45,31.6,False,False,110,100,-1.76,-6.73,10,20,29.43,11.74,False
sh600369,20240731,3.82,3.7,False,False,84,86,-10.98,-7.16,36,34,39.74,11.76,False
sh605268,20260304,11.52,10.68,True,True,31,31,0.0,0.0,0,0,46.35,9.72,False
sh688066,20250625,19.14,18.77,False,False,113,105,-2.98,-11.2,7,15,106.79,43.68,True
sh600327,20240927,3.58,3.48,True,False,120,116,0.0,-6.08,0,4,147.49,37.99,True
sh600640,20240927,10.84,10.77,True,False,120,101,0.0,-6.8,0,19,35.33,9.78,False
sh688501,20250924,27.77,27.6,False,False,35,30,-18.4,-18.97,85,90,7.42,-11.85,False
sh600517,20240924,4.46,4.28,True,False,120,91,0.0,-5.33,0,29,36.51,14.38,False
sh688656,20260105,156.99,156.11,False,False,6,6,-23.88,-26.61,60,60,3.83,-12.94,False
sh603886,20241107,13.2,12.95,False,False,43,77,-10.68,-6.83,77,43,11.67,-3.86,False
sh601028,20240923,12.9,12.6,False,False,41,43,-12.87,-14.0,76,74,12.17,-0.54,False
sh600623,20240731,6.08,5.99,False,False,82,80,-11.51,-10.43,38,40,24.18,8.06,False
sh603380,20251201,36.68,36.37,False,False,49,17,-12.38,-18.81,40,72,16.6,0.27,False
sh000865,20240731,1159.41,1154.37,False,False,82,84,-7.38,-5.94,38,36,27.06,15.47,False
sh688182,20250805,28.5,26.25,False,False,29,61,-20.84,-14.24,91,59,23.73,17.98,False
sh600559,20240926,18.65,18.33,False,False,73,64,-5.09,-9.42,47,56,26.17,-4.45,False
sh600843,20240912,7.42,7.21,False,False,114,113,-6.74,-4.63,6,7,138.54,79.38,True
sh600938,20250626,25.1,25.05,False,False,101,115,-1.51,-0.7,19,5,17.89,10.72,False
sh601988,20250616,5.27,5.25,False,False,103,85,-3.79,-6.85,17,35,17.26,8.73,False
sh600690,20240731,25.28,25.16,False,False,87,75,-11.8,-12.21,33,45,26.17,5.01,False
sh688418,20250801,29.86,29.1,False,False,94,111,-9.95,-7.3,26,9,115.0,55.86,True
sh600977,20240927,11.24,10.79,False,False,62,78,-8.63,-6.26,58,42,11.16,-4.22,False
sh600759,20241008,2.67,2.5,False,False,32,44,-20.6,-14.94,88,76,24.34,-13.48,False
sh600423,20240927,2.54,2.51,False,True,116,120,-1.57,0.0,4,0,68.5,30.31,True
sh000162,20240926,2525.66,2468.8,True,False,120,119,0.0,-0.72,0,1,36.59,23.45,True
sh603049,20260203,53.58,53.11,False,False,13,13,-13.57,-15.03,32,32,3.94,-8.12,False
sh600939,20240926,2.44,2.41,True,False,120,64,0.0,-18.01,0,56,69.67,6.56,False
sh603298,20240926,18.62,18.44,False,False,50,82,-13.48,-11.13,70,38,19.71,8.11,False
sh688152,20250630,46.86,45.5,False,False,57,62,-13.55,-15.18,63,58,29.56,-13.55,False
sh603679,20251128,15.93,15.77,False,False,37,30,-20.03,-20.29,53,60,21.22,-11.11,False
sh601011,20240927,1.96,1.87,True,False,120,116,0.0,-5.28,0,4,74.49,30.61,True
sh603818,20240930,2.84,2.83,False,False,81,86,-12.68,-10.93,39,34,38.03,1.41,False
sh600774,20240930,8.02,7.51,False,False,27,76,-16.46,-9.5,93,44,14.71,-1.87,False
sh688435,20250711,34.27,33.16,False,False,111,117,-5.28,-2.76,9,3,72.45,44.47,True
sh688686,20251225,127.05,121.36,False,False,12,19,-31.75,-28.84,59,52,7.76,-14.29,False
sh605068,20260105,25.82,25.69,False,False,56,24,-2.48,-8.28,10,42,11.74,7.71,False
sh603350,20250625,34.75,34.72,False,False,114,89,-2.42,-7.33,6,31,30.27,4.2,False
sh603233,20250923,16.77,16.72,False,False,114,105,-3.7,-7.31,6,15,26.83,6.02,False
sh688518,20251205,23.4,23.35,False,False,74,53,-6.67,-14.32,11,32,41.62,22.26,True
sh601208,20240926,7.24,7.07,False,False,113,111,-7.6,-8.67,7,9,37.57,30.39,True
sh900902,20240918,0.12,0.12,False,True,119,120,-0.8,0.0,1,0,63.2,42.4,True
sh688008,20240304,53.97,53.15,False,False,37,63,-21.68,-19.72,83,57,19.41,-4.49,False
sh688556,20250630,7.18,7.08,False,False,117,116,-0.84,-5.97,3,4,81.48,61.0,True
sh600617,20240731,2.47,2.45,False,False,76,65,-13.36,-13.13,44,55,29.96,-2.83,False
sh600370,20240926,1.52,1.5,True,False,120,93,0.0,-8.01,0,27,57.89,46.05,True
sh688662,20250708,38.18,36.85,False,False,117,99,-2.57,-12.1,3,21,54.53,34.23,True
sh688031,20250725,53.69,51.58,False,False,93,114,-7.26,-3.61,27,6,299.52,279.59,True
sh600027,20241223,5.54,5.46,False,False,39,80,-15.34,-12.21,81,40,4.87,-2.35,False
sh603165,20240926,9.57,9.57,True,False,120,119,0.0,-0.63,0,1,40.76,17.66,False
sh688366,20250724,54.63,54.12,False,False,15,35,-19.73,-14.53,105,85,4.76,-14.86,False
sh605588,20250718,46.38,45.83,False,False,117,89,-2.41,-6.65,3,31,41.53,25.46,True
sh600313,20240930,6.39,5.92,False,False,93,102,-7.67,-7.69,27,18,23.32,-2.35,False
sh600540,20240927,3.75,3.65,False,False,117,91,-2.4,-6.6,3,29,37.6,4.0,False
sh600814,20240806,5.99,5.96,False,False,88,88,-9.35,-9.15,32,32,58.58,29.21,True
sh605368,20250722,9.77,9.75,False,False,21,40,-21.9,-19.79,99,80,1.33,-19.14,False
sh600113,20240903,7.55,7.52,True,True,120,120,0.0,0.0,0,0,96.95,72.85,True
sh601311,20240902,7.41,7.37,False,False,106,91,-4.86,-4.35,14,29,19.97,13.36,False
sh600689,20240926,7.4,7.31,True,True,120,120,0.0,0.0,0,0,86.0,49.63,True
sh603198,20240926,58.76,57.27,False,False,48,60,-16.88,-12.39,72,60,21.55,-10.45,False
sh688252,20250625,24.4,24.26,False,False,63,68,-14.75,-17.06,57,52,24.59,-13.44,False
sh603863,20250707,15.07,15.07,False,False,116,114,-2.99,-1.84,4,6,58.46,37.89,True
sh601991,20240930,2.85,2.81,False,False,11,57,-12.62,-7.84,109,63,2.45,-0.7,False
sh000135,20240926,4541.32,4332.02,True,False,120,112,0.0,-4.5,0,8,29.48,11.25,False
sh603986,20240930,88.03,80.83,False,False,92,113,-6.79,-1.47,28,7,62.06,33.19,True
sh603032,20240911,15.35,14.86,False,False,65,71,-18.56,-15.87,55,49,31.85,1.82,False
sh603306,20240902,19.25,19.18,False,False,109,109,-10.6,-9.72,11,11,110.06,98.69,True
sh688105,20250630,22.63,22.24,False,False,84,58,-13.17,-15.42,36,62,16.84,-13.17,False
sh603307,20260109,42.55,41.18,False,False,2,16,-16.19,-14.41,60,46,1.41,-7.4,False
sh601008,20240927,3.55,3.54,False,False,118,85,-0.56,-3.38,2,35,16.06,7.61,False
sh600768,20240925,7.66,7.46,True,False,120,116,0.0,-1.53,0,4,37.6,20.1,True
sh603551,20251031,11.06,11.04,False,False,105,81,-1.27,-6.2,5,29,17.81,7.59,False
sh000153,20240930,3140.48,2919.94,False,False,5,115,-10.05,-2.01,115,5,2.56,-2.84,False
sh601377,20240731,5.18,5.14,False,False,84,82,-6.56,-5.17,36,38,41.31,12.36,False
sh600222,20240806,4.9,4.73,False,False,81,88,-13.27,-9.32,39,32,16.74,11.84,False
sh601020,20240830,11.56,11.37,False,False,103,90,-11.68,-11.77,17,30,76.99,76.99,True
sh603648,20260122,10.97,10.9,False,False,0,2,-15.59,-13.09,53,51,0.0,-9.21,False
sh688257,20250624,14.08,13.9,False,False,119,119,-0.71,-1.25,1,1,135.8,124.08,True
sh600745,20240927,29.75,29.1,True,False,120,96,0.0,-10.8,0,24,68.0,9.55,False
sh688583,20251204,92.62,92.25,False,False,80,77,-4.23,-4.61,7,10,84.81,31.4,True
sh600158,20240930,8.14,7.8,False,False,50,91,-10.69,-5.95,70,29,24.32,0.74,False
sh600358,20240906,3.08,3.02,False,False,117,105,-7.79,-4.65,3,15,54.55,42.21,True
sh688019,20260325,235.22,229.7,False,False,15,15,-2.22,-0.01,1,1,14.24,4.16,False
sh603580,20240730,20.67,19.49,False,False,36,46,-20.31,-19.47,84,74,14.57,-16.78,False
sh603255,20250624,29.78,28.53,False,False,115,105,-1.78,-12.81,5,15,32.98,-0.13,False
sh601969,20240927,6.28,6.22,True,False,120,115,0.0,-1.05,0,5,28.82,15.27,False
sh605123,20251020,70.34,68.61,False,False,101,99,-5.8,-7.75,18,20,79.7,43.96,True
sh600316,20250409,35.68,33.73,False,False,68,96,-7.06,-8.68,52,24,26.84,6.21,False
sh688057,20251020,12.43,12.23,False,False,75,63,-6.52,-7.8,44,56,10.78,-0.32,False
sh600996,20240731,7.68,7.56,False,False,91,83,-4.43,-11.42,29,37,39.19,5.08,False
sh603160,20240731,62.23,61.65,False,False,88,88,-11.09,-10.34,32,32,52.95,25.97,True
sh605089,20251021,25.64,25.43,False,False,86,64,-11.19,-15.49,32,54,26.17,-1.09,False
sh603931,20250630,26.62,26.37,False,False,92,83,-4.81,-6.53,28,37,50.11,23.59,True
sh600526,20240927,4.01,3.9,True,False,120,117,0.0,-2.13,0,3,25.69,22.69,True
sh601138,20250625,20.34,19.65,True,True,120,120,0.0,0.0,0,0,297.25,186.53,True
sh600188,20240930,15.75,15.03,False,False,0,27,-21.84,-10.74,120,93,0.0,-20.25,False
sh603102,20250904,42.28,41.91,False,False,96,60,-3.33,-5.6,24,60,14.71,3.12,False
sh600568,20240813,1.39,1.39,False,False,35,39,-15.11,-12.34,85,81,14.39,-7.19,False
sh000854,20240927,3661.99,3641.93,True,True,120,120,0.0,0.0,0,0,13.89,10.33,False
sh600795,20240902,5.14,5.1,False,False,1,1,-24.12,-16.04,119,119,0.58,-23.74,False
sh688005,20250624,22.81,21.3,False,False,89,117,-8.37,-3.6,31,3,56.2,21.0,True
sh688562,20250905,17.44,17.08,False,False,113,113,-2.12,-5.38,7,7,70.3,16.28,False
sh688331,20260107,91.24,86.46,False,False,64,62,-2.79,-6.54,1,3,67.97,60.78,True
sh688618,20251015,24.35,24.27,False,False,117,112,-3.0,-6.06,3,8,61.68,61.68,True
sh600490,20240920,2.82,2.75,False,False,117,119,-2.84,-0.6,3,1,46.1,37.59,True
sh900936,20240731,0.76,0.76,False,False,80,73,-5.63,-6.29,40,47,10.47,2.36,False
sh603901,20240930,7.18,7.11,False,False,90,104,-12.67,-10.6,30,16,57.06,38.41,True
sh000806,20240926,7042.16,6874.37,True,True,120,120,0.0,0.0,0,0,22.11,13.58,False
sh688028,20250714,22.29,21.88,False,True,119,120,-0.4,0.0,1,0,276.4,193.63,True
sh600820,20240930,6.22,5.96,False,False,66,66,-7.4,-6.75,54,54,12.22,-3.7,False
sh688486,20250820,75.72,71.78,False,False,29,100,-14.16,-4.52,91,20,10.94,3.0,False
sh601958,20240731,10.16,10.14,False,False,50,57,-11.52,-12.2,70,63,13.68,-0.49,False
sh600789,20240730,6.98,6.71,False,False,104,100,-4.3,-6.2,16,20,66.06,26.51,True
sh603098,20240927,8.58,8.14,False,False,115,107,-3.26,-2.2,5,13,52.68,24.48,True
sh688352,20250721,11.52,11.46,False,False,112,114,-2.95,-2.45,8,6,27.86,16.15,False
sh601211,20250303,17.45,17.19,False,False,70,70,-13.98,-16.22,50,50,23.15,23.15,True
sh688701,20260119,9.68,9.4,False,False,38,38,-12.29,-12.6,18,18,18.8,-4.96,False
sh600589,20240930,3.38,3.23,False,False,109,113,-7.1,-6.29,11,7,172.19,114.5,True
sh688266,20250820,105.9,105.79,False,False,39,18,-19.26,-20.47,81,102,14.11,-19.11,False
sh600893,20240925,36.16,36.02,False,False,112,64,-3.15,-11.21,8,56,30.33,0.91,False
sh605488,20250716,32.56,31.88,False,False,59,54,-7.13,-7.9,61,66,24.08,13.7,False
sh603636,20240912,8.62,8.41,False,False,118,119,-3.6,-0.97,2,1,111.95,66.59,True
sh600127,20240903,6.4,6.33,False,False,101,75,-4.06,-5.82,19,45,17.81,2.5,False
sh601577,20250911,9.39,9.36,False,False,89,67,-6.18,-6.21,31,53,7.67,4.79,False
sh688228,20250624,58.58,57.84,False,False,117,116,-2.15,-2.13,3,4,295.7,232.21,True
sh603678,20240930,25.03,22.78,False,False,119,116,-1.08,-5.31,1,4,64.92,60.41,True
sh600169,20240926,2.0,1.96,True,False,120,119,0.0,-3.41,0,1,45.5,20.5,True
sh688131,20260410,75.3,74.1,False,True,4,5,-0.08,0.0,1,0,1.5,0.27,False
sh600717,20240925,4.36,4.29,True,False,120,70,0.0,-4.95,0,50,15.84,6.43,False
sh603006,20240930,10.31,9.32,False,False,73,112,-14.06,-5.16,47,8,23.86,12.71,False
sh601515,20241023,3.19,3.14,False,False,100,67,-10.34,-18.97,20,53,33.54,16.61,False
sh688205,20250729,64.38,56.29,False,True,119,120,-0.3,0.0,1,0,171.12,111.57,True
sh688456,20260408,56.05,55.47,False,False,5,6,-1.43,-0.64,2,1,3.53,3.53,False
sh600141,20240903,18.67,18.52,False,False,106,95,-10.18,-9.62,14,25,30.37,10.12,False
sh603337,20240819,25.08,24.45,False,False,105,104,-4.94,-4.72,15,16,35.28,30.61,True
sh605189,20251212,16.07,15.58,False,False,10,12,-21.03,-20.85,70,68,11.26,11.26,False
sh688767,20251203,38.99,38.85,False,False,25,18,-21.62,-23.4,62,69,24.06,-9.52,False
sh688387,20250711,5.66,5.65,False,False,119,119,-0.35,-0.29,1,1,127.92,118.9,True
sh688729,20260105,25.93,25.54,False,False,22,17,-16.81,-16.28,44,49,8.52,-9.87,False
sh600391,20240801,16.22,16.05,False,False,85,87,-12.64,-11.42,35,33,34.28,10.79,False
sh688119,20251211,4.94,4.34,False,False,78,61,-1.62,-8.92,3,20,72.47,5.67,False
sh688683,20251124,30.1,30.04,False,False,82,59,-2.92,-8.32,12,35,33.06,33.06,True
sh600258,20240926,12.79,12.75,False,False,96,74,-3.67,-6.41,24,46,22.13,1.25,False
sh603060,20240828,7.03,6.48,False,False,59,102,-21.92,-13.57,61,18,20.92,0.43,False
sh600771,20240930,22.33,20.36,False,False,1,46,-23.78,-9.38,119,74,4.75,-19.75,False
sh600216,20250107,15.2,15.16,False,False,10,22,-22.95,-23.9,110,98,2.96,-3.62,False
sh688630,20251201,117.08,115.85,False,False,86,86,-3.57,-3.07,4,4,111.39,108.34,True
sh000984,20240926,3494.98,3479.52,True,False,120,116,0.0,-1.69,0,4,23.36,11.79,False
sh600322,20240816,1.64,1.6,False,False,94,94,-24.39,-21.24,26,26,92.68,48.17,True
sh688319,20251124,22.72,22.63,True,False,95,81,0.0,-9.7,0,14,37.81,31.38,True
sh603680,20240731,7.3,7.02,False,False,82,86,-13.29,-9.66,38,34,24.25,14.38,False
sh603706,20260122,20.95,20.94,False,False,17,20,-9.69,-8.56,36,33,14.37,-6.4,False
sh600846,20240924,7.04,6.98,True,False,120,119,0.0,-0.24,0,1,38.35,29.4,True
sh688187,20250722,43.98,43.53,False,False,107,112,-3.84,-2.78,13,8,31.01,21.87,True
sh603136,20251217,12.68,12.35,False,False,0,18,-16.4,-10.57,77,59,0.0,-10.96,False
sh603883,20241104,19.23,17.49,False,False,13,90,-22.15,-6.75,107,30,6.81,1.82,False
sh688334,20251125,18.78,18.76,False,False,90,71,-1.01,-4.23,3,22,45.53,16.72,False
sh600808,20240926,2.17,2.12,True,True,120,120,0.0,0.0,0,0,61.29,43.32,True
sh601696,20250624,10.46,10.37,True,False,120,106,0.0,-8.64,0,14,73.41,42.99,True
sh600512,20240731,2.11,2.05,False,False,84,83,-10.9,-7.14,36,37,30.81,6.64,False
sh688653,20250724,12.68,12.46,False,False,75,75,-10.57,-11.17,45,45,18.77,9.15,False
sh600288,20240924,7.31,7.06,True,False,120,116,0.0,-2.0,0,4,60.05,24.21,True
sh688218,20250721,22.4,22.37,False,False,91,64,-9.24,-15.77,29,56,39.64,4.29,False
sh603388,20241025,2.18,2.14,False,False,119,117,-1.38,-5.04,1,3,80.73,61.93,True
sh688582,20250805,65.99,63.93,False,False,74,64,-18.11,-21.36,46,56,31.59,2.07,False
sh600159,20240920,2.45,2.34,False,False,81,65,-7.35,-8.49,39,55,31.84,-2.86,False
sh605058,20251125,28.77,28.49,False,False,91,86,-0.63,-2.99,3,8,31.18,30.73,True
sh688256,20250725,673.3,644.48,True,True,120,120,0.0,0.0,0,0,135.84,101.08,True
sh603606,20240829,46.97,45.85,False,False,100,94,-4.34,-12.76,20,26,24.53,-2.53,False
sh600744,20240930,3.37,3.25,False,False,37,61,-13.35,-8.32,83,59,9.5,-0.59,False
sh600117,20240926,2.46,2.28,False,False,57,58,-13.82,-12.04,63,62,20.73,-10.16,False
sh605016,20251103,20.55,20.54,False,False,92,89,-5.35,-5.79,18,21,36.59,27.64,True
sh000131,20240927,1771.86,1717.0,True,True,120,120,0.0,0.0,0,0,76.02,57.54,True
sh600470,20240902,4.3,4.28,False,False,106,108,-7.67,-6.54,14,12,82.56,37.91,True
sh603867,20260119,29.1,28.37,False,False,46,52,-4.26,-5.62,10,4,32.85,14.71,False
sh600727,20240927,6.68,6.64,False,False,119,103,-0.6,-2.94,1,17,37.87,21.26,True
sh603036,20240930,10.57,10.07,True,False,120,111,0.0,-4.37,0,9,73.51,36.14,True
sh688466,20260310,19.08,19.05,False,False,0,0,-14.62,-13.25,26,26,0.0,-9.17,False
sh600389,20240927,13.56,13.45,False,False,82,87,-7.74,-7.01,38,33,16.0,5.24,False
sh688101,20260203,17.0,16.78,False,False,14,18,-9.82,-10.26,31,27,5.53,-1.12,False
sh600594,20240927,3.57,3.4,False,False,84,71,-7.28,-8.14,36,49,26.05,0.56,False
sh600908,20250929,5.83,5.81,False,False,92,49,-3.95,-5.78,28,71,7.03,-3.77,False
sh603983,20250804,39.71,39.63,False,False,30,15,-21.43,-20.2,90,105,13.42,-20.37,False
sh688286,20250625,69.76,69.15,False,False,104,77,-3.83,-10.8,16,43,57.21,6.55,False
sh603237,20250825,18.1,18.09,False,False,13,28,-10.06,-6.69,107,92,5.86,-2.65,False
sh603103,20250905,16.72,15.78,False,False,58,79,-12.5,-10.32,62,41,141.69,44.02,True
sh688628,20250724,34.78,34.61,False,False,53,62,-12.02,-10.72,67,58,9.8,9.8,False
sh900906,20240816,0.12,0.12,False,False,112,114,-5.65,-3.41,8,6,150.0,87.9,True
sh600613,20240927,5.67,5.58,False,False,119,89,-0.18,-9.29,1,31,45.15,12.17,False
sh688552,20250910,33.43,33.21,False,False,116,71,-3.08,-14.3,4,49,53.72,16.75,False
sh600189,20240924,7.43,7.38,False,False,59,58,-8.21,-9.8,61,62,22.21,-5.65,False
sh603279,20250723,16.04,15.58,False,False,33,71,-8.73,-4.49,87,49,8.6,5.99,False
sh688035,20251215,48.2,48.06,False,False,75,67,-2.78,-3.01,4,12,55.81,33.2,True
sh900948,20240830,1.62,1.54,False,False,117,102,-0.49,-11.98,3,18,35.11,11.06,False
sh688605,20250818,63.94,63.33,False,False,70,85,-11.15,-9.17,50,35,26.56,3.47,False
sh600810,20240926,6.75,6.5,False,True,113,120,-3.11,0.0,7,0,33.18,26.51,True
sh605258,20251020,31.18,30.91,False,False,112,68,-1.86,-7.91,7,51,24.6,20.53,True
sh600295,20240930,9.67,9.18,False,False,1,75,-12.93,-4.78,119,45,1.34,-9.51,False
sh600225,20240924,2.17,1.99,False,False,26,29,-89.86,-87.65,44,41,61.29,-86.64,False
sh605169,20260303,15.37,14.43,False,False,0,1,-25.5,-19.08,31,30,0.0,-20.88,False
sh688787,20250624,102.83,102.12,False,False,107,73,-7.38,-13.59,13,47,47.81,1.65,False
sh603398,20250912,6.98,6.84,False,False,117,119,-5.01,-2.01,3,1,61.46,61.46,True
sh688053,20251205,32.54,31.27,True,False,85,75,0.0,-5.93,0,10,68.07,19.91,False
sh600312,20241119,18.21,18.13,False,False,15,14,-16.12,-15.26,105,106,7.36,-11.62,False
sh600675,20240924,2.71,2.66,False,False,103,67,-4.06,-8.04,17,53,26.57,0.74,False
sh600026,20240731,14.97,14.87,False,False,2,4,-25.78,-19.19,118,116,3.01,-19.57,False
sh603919,20240927,19.5,18.45,False,False,49,63,-11.33,-7.59,71,57,18.26,-3.54,False
sh600992,20240913,14.27,13.96,False,False,92,74,-8.33,-15.39,28,46,31.61,16.48,False
sh605589,20251028,29.97,29.72,False,False,46,56,-13.55,-13.25,68,58,28.86,22.72,True
sh600838,20240906,6.24,5.95,False,False,119,109,-1.12,-4.12,1,11,79.03,34.31,True
sh603106,20251021,10.19,10.08,False,False,81,39,-13.94,-18.54,37,79,31.21,-10.6,False
sh688519,20251222,65.65,61.99,True,True,75,75,0.0,0.0,0,0,148.26,126.88,True
sh600876,20240930,10.58,9.96,False,False,20,63,-17.3,-8.54,100,57,7.18,-9.92,False
sh600458,20240930,10.52,9.86,False,False,111,112,-10.74,-4.1,9,8,35.92,21.76,True
sh000119,20240927,3185.01,3144.11,True,True,120,120,0.0,0.0,0,0,21.07,15.34,False
sh688083,20250729,65.55,65.16,False,False,118,90,-4.62,-7.6,2,30,39.04,14.75,False
sh688719,20250905,38.3,35.55,False,False,115,104,-3.08,-9.07,5,16,49.45,5.43,False
sh600416,20240927,10.84,10.62,False,False,82,70,-11.53,-13.63,38,50,35.79,1.48,False
sh603801,20250709,10.99,10.66,False,False,0,1,-17.11,-7.83,120,119,0.0,-16.01,False
sh688757,20251021,27.89,27.34,False,False,55,48,-16.46,-18.82,63,70,25.49,-7.1,False
sh603987,20240927,6.57,6.42,False,False,119,116,-0.91,-1.08,1,4,21.92,14.31,False
sh688230,20251124,65.86,64.77,False,False,59,43,-10.8,-17.68,35,51,24.55,-0.58,False
sh600171,20250725,34.95,34.94,False,False,41,49,-12.82,-11.56,79,71,11.42,-1.57,False
sh603660,20240927,5.56,5.52,True,False,120,107,0.0,-4.71,0,13,82.55,28.42,True
sh600722,20240927,4.13,3.98,False,False,119,119,-0.24,-0.07,1,1,49.15,28.57,True
sh600226,20240930,2.27,2.15,False,False,107,112,-9.25,-2.7,13,8,30.4,23.79,True
sh603050,20240930,17.29,16.3,False,False,1,31,-25.01,-16.67,119,89,0.0,-13.65,False
sh600741,20240910,14.83,14.71,False,False,113,116,-3.57,-2.37,7,4,19.15,14.77,False
sh688253,20250724,32.41,31.88,False,False,48,61,-7.19,-5.44,72,59,15.55,7.47,False
sh603602,20250819,16.01,15.88,False,False,16,35,-13.43,-8.63,104,85,8.24,-3.19,False
sh603579,20241008,14.7,14.23,False,False,52,98,-13.31,-9.93,68,22,82.53,58.52,True
sh600095,20240805,7.14,6.69,False,False,63,66,-17.93,-10.5,57,54,23.39,-3.36,False
sh603365,20250904,17.01,16.83,False,False,102,104,-1.94,-3.11,18,16,35.45,22.81,True
sh688156,20260119,19.26,19.12,False,False,50,54,-2.65,-1.51,7,3,33.23,32.45,True
sh600444,20240730,12.68,12.27,False,False,86,88,-13.8,-11.87,34,32,45.43,18.93,False
sh603355,20240930,22.59,21.78,False,False,101,118,-4.03,-0.39,19,2,32.85,16.42,False
sh600123,20240926,8.9,8.83,False,False,14,49,-17.08,-10.72,106,71,11.35,-16.63,False
sh601827,20251010,8.33,8.29,False,False,84,74,-5.4,-8.4,36,46,11.76,-3.84,False
sh688262,20250729,27.8,27.48,False,False,111,108,-3.81,-6.03,9,12,33.88,26.26,True
sh600390,20240924,4.51,4.18,True,False,120,89,0.0,-12.18,0,31,97.38,29.47,True
sh601608,20240930,4.12,3.87,False,False,81,106,-7.04,-3.57,39,14,47.56,14.8,False
sh600259,20240927,27.28,26.88,False,False,117,118,-1.65,-2.85,3,2,29.62,24.41,True
sh605358,20250725,24.9,23.89,False,True,108,120,-2.57,0.0,12,0,74.78,70.28,True
sh601038,20240913,15.9,15.68,False,False,20,33,-19.81,-15.51,100,87,19.43,-11.57,False
sh603650,20250701,32.59,32.26,False,False,103,110,-2.76,-1.64,17,10,51.27,44.31,True
sh601077,20251014,7.16,6.89,False,False,8,55,-16.94,-10.21,112,65,2.37,2.37,False
sh688386,20260408,84.03,81.75,False,False,0,0,-8.21,-5.6,7,7,0.0,-5.39,False
sh688135,20250624,19.21,18.86,True,False,120,119,0.0,-0.09,0,1,98.75,40.92,True
sh688766,20250731,69.89,69.02,False,False,110,114,-4.41,-2.17,10,6,337.83,274.09,True
sh603798,20240930,8.44,8.34,False,False,96,107,-8.77,-5.85,24,13,14.93,6.04,False
sh603379,20251203,53.06,52.72,True,False,87,85,0.0,-0.54,0,2,44.59,17.89,False
sh600340,20240926,1.24,1.13,True,False,120,108,0.0,-12.3,0,12,227.42,81.45,True
sh600289,20240829,1.34,1.33,False,False,112,114,-5.22,-3.46,8,6,585.07,338.06,True
sh605388,20251203,8.1,7.93,False,False,5,13,-25.56,-18.4,82,74,9.51,9.51,False
sh688566,20260401,31.4,30.26,False,True,9,11,-1.11,0.0,2,0,4.01,-0.32,False
sh900932,20250626,0.44,0.44,False,False,55,58,-10.23,-9.86,65,62,8.41,-9.32,False
sh603385,20240927,5.61,5.49,False,False,119,116,-1.07,-2.31,1,4,33.16,14.08,False
sh688528,20251128,11.58,11.42,False,False,27,27,-13.64,-13.82,63,63,7.86,-6.65,False
sh603178,20240930,22.46,22.03,False,False,12,51,-25.29,-18.1,108,69,6.81,-14.07,False
sh000802,20240927,5693.53,5503.74,True,False,120,118,0.0,-0.35,0,2,17.92,10.35,False
sh600824,20240924,3.13,3.1,True,False,120,118,0.0,-1.02,0,2,124.52,37.68,True
sh600059,20240926,8.31,8.16,False,False,83,65,-2.89,-4.34,37,55,15.52,-0.96,False
sh603966,20240927,7.05,6.92,False,False,119,118,-0.43,-1.33,1,2,35.32,29.36,True
sh688318,20250625,124.01,107.04,False,False,89,93,-16.98,-6.37,31,27,45.25,3.39,False
sh688631,20250721,91.1,89.64,False,False,30,45,-32.9,-28.13,90,75,12.36,-10.4,False
sh603967,20250904,11.64,11.45,False,False,102,103,-4.73,-4.43,18,17,21.31,13.57,False
sh605116,20250624,20.71,20.47,False,False,118,100,-0.19,-4.96,2,20,20.86,5.99,False
sh600570,20240926,18.8,18.29,True,False,120,118,0.0,-3.76,0,2,86.06,48.62,True
sh600017,20240925,2.65,2.63,True,False,120,86,0.0,-2.87,0,34,24.9,12.83,False
sh688500,20251124,68.12,65.1,False,False,13,12,-29.83,-27.95,81,82,18.47,-23.27,False
sh600641,20240927,11.61,11.31,True,False,120,105,0.0,-5.79,0,15,77.53,29.29,True
sh603685,20260122,19.75,18.67,False,True,53,54,-0.91,0.0,1,0,63.24,57.11,True
sh600326,20250108,6.37,6.27,False,False,96,77,-7.85,-13.77,24,43,38.15,38.15,True
sh688067,20251208,25.5,25.28,False,False,62,49,-6.94,-7.68,22,35,16.2,5.61,False
sh600195,20241008,7.48,7.37,False,False,1,44,-18.19,-12.58,119,76,0.27,-8.02,False
sh600821,20240816,5.26,5.24,False,False,72,74,-11.04,-8.78,48,46,9.48,1.48,False
sh600368,20240927,3.48,3.41,True,True,120,120,0.0,0.0,0,0,60.07,24.14,True
sh688029,20250624,64.78,64.54,True,False,120,98,0.0,-8.85,0,22,54.9,26.34,True
sh688619,20251208,15.2,15.14,False,False,14,22,-10.99,-11.11,70,62,6.45,3.55,False
sh600558,20240930,3.71,3.49,False,False,111,118,-5.12,-0.09,9,2,48.79,29.38,True
sh688183,20260226,90.8,90.6,False,False,6,7,-14.99,-15.1,28,27,21.56,21.56,True
sh603381,20250801,21.37,21.11,False,False,61,57,-8.28,-11.75,59,63,19.28,8.14,False
sh600071,20240910,16.8,16.71,False,False,117,108,-2.38,-4.18,3,12,72.86,33.81,True
sh000139,20240930,350.1,343.77,False,False,113,119,-2.45,-0.65,7,1,9.74,7.84,False
sh601108,20250625,7.82,7.61,False,False,112,110,-1.92,-1.52,8,10,13.04,8.82,False
sh601975,20250724,2.95,2.92,False,False,98,89,-3.73,-2.72,22,31,14.24,13.56,False
sh603887,20240807,5.4,5.33,False,False,116,117,-2.96,-2.13,4,3,274.07,194.44,True
sh688657,20250624,42.21,41.98,False,False,118,117,-0.5,-2.06,2,3,48.57,22.58,True
sh600516,20240927,4.55,4.48,False,False,117,94,-0.88,-5.4,3,26,24.18,10.55,False
sh000057,20240927,3046.5,3003.55,True,True,120,120,0.0,0.0,0,0,17.14,9.31,False
sh600345,20240930,18.64,17.18,False,True,106,120,-6.92,0.0,14,0,61.28,34.83,True
sh603007,20240905,3.13,3.0,False,True,118,120,-0.35,0.0,2,0,316.51,146.32,True
sh603048,20251020,19.64,18.99,False,False,112,108,-4.74,-11.99,7,11,24.44,12.68,False
sh603333,20240927,3.44,3.4,True,True,120,120,0.0,0.0,0,0,69.77,55.81,True
sh600422,20241210,15.06,14.93,False,False,118,90,-0.4,-7.43,2,30,19.92,0.4,False
sh688383,20251201,64.26,64.14,False,False,85,69,-6.61,-16.3,5,21,52.19,52.19,True
sh600976,20241008,51.72,50.8,False,False,0,12,-24.25,-16.34,120,108,0.0,-11.1,False
sh603180,20240930,19.82,18.42,False,False,38,85,-12.46,-6.59,82,35,17.05,-7.96,False
sh600691,20240925,1.99,1.88,True,False,120,98,0.0,-7.63,0,22,44.72,9.05,False
sh688419,20260106,28.9,28.61,True,True,66,66,0.0,0.0,0,0,84.57,66.82,True
sh688229,20250624,49.5,49.41,False,False,114,82,-1.7,-7.37,6,38,67.03,21.47,True
sh603351,20251031,28.92,28.58,False,False,9,16,-18.74,-13.96,101,94,4.15,-9.41,False
sh605069,20251024,10.75,10.73,False,False,78,67,-14.7,-13.84,37,48,43.53,21.4,True
sh688267,20251029,28.2,27.75,False,False,76,78,-6.21,-6.22,37,35,13.99,11.93,False
sh600892,20240926,4.29,4.27,False,False,56,56,-29.6,-30.26,64,64,30.3,-27.74,False
sh600775,20240927,8.4,8.22,False,False,119,105,-2.26,-5.0,1,15,46.9,18.81,False
sh600212,20241021,5.89,5.67,True,False,120,112,0.0,-9.54,0,8,67.57,26.66,True
sh601010,20240926,1.77,1.7,True,True,120,120,0.0,0.0,0,0,128.96,64.48,True
sh688700,20250905,41.0,38.29,False,False,23,48,-19.66,-16.71,97,72,15.05,15.05,False
sh600588,20240927,10.45,10.0,False,False,104,104,-7.08,-8.55,16,16,91.39,42.3,True
sh603299,20240827,9.24,8.65,False,False,119,108,-0.43,-2.83,1,12,24.36,11.58,False
sh688153,20250806,34.22,33.25,False,False,97,113,-7.48,-4.87,23,7,32.9,11.92,False
sh688030,20250714,16.29,16.18,True,False,120,97,0.0,-9.04,0,23,35.97,13.08,False
sh600522,20240807,13.79,13.75,False,False,63,58,-12.83,-13.25,57,62,23.35,-1.89,False
sh600371,20240927,7.3,7.13,False,False,118,112,-0.55,-4.85,2,8,40.82,14.93,False
sh600616,20240926,4.94,4.89,True,False,120,82,0.0,-4.83,0,38,47.17,6.48,False
sh688557,20251124,35.44,34.95,False,False,63,51,-14.95,-20.39,31,43,18.88,-8.21,False
sh603755,20250714,26.3,26.25,False,False,114,114,-1.86,-2.51,6,6,52.53,39.91,True
sh900903,20240809,0.17,0.17,True,False,120,114,0.0,-2.41,0,6,52.91,36.05,True
sh688283,20250717,27.04,25.94,False,True,118,120,-0.48,0.0,2,0,93.05,67.86,True
sh600658,20240918,3.62,3.44,True,False,120,94,0.0,-7.26,0,26,73.2,20.17,True
sh600791,20240905,3.58,3.47,False,False,112,97,-7.54,-4.11,8,23,43.3,16.48,False
sh688329,20251218,21.55,21.25,False,False,71,71,-2.23,-3.08,5,5,27.01,12.02,False
sh600815,20240926,2.07,2.07,True,True,120,120,0.0,0.0,0,0,59.42,31.88,True
sh603779,20240924,8.59,8.54,False,False,63,54,-20.49,-26.73,57,66,51.33,-8.96,False
sh603956,20250626,7.06,6.87,False,False,19,33,-13.46,-9.98,101,87,3.97,-10.34,False
sh603399,20240926,6.74,6.7,True,False,120,115,0.0,-5.05,0,5,112.61,32.94,True
sh688600,20250923,21.74,21.73,False,False,115,87,-1.56,-8.14,5,33,38.04,7.13,False
sh600488,20240808,3.71,3.65,False,False,98,101,-7.54,-6.06,22,19,25.05,13.74,False
sh601096,20250703,4.17,4.16,False,False,107,88,-1.82,-6.02,13,32,13.78,1.78,False
sh603737,20240927,24.9,24.14,True,False,120,118,0.0,-1.07,0,2,47.02,43.32,True
sh000134,20240809,824.43,823.84,False,False,104,104,-5.41,-6.37,16,16,19.06,18.09,False
sh000949,20240930,5089.83,4737.53,False,False,5,72,-13.55,-5.13,115,48,2.29,-7.04,False
sh601677,20240731,11.95,11.4,False,False,70,50,-7.87,-6.35,50,70,29.37,1.51,False
sh600475,20240927,8.62,8.58,False,False,68,95,-3.36,-2.71,52,25,12.41,4.17,False
sh603199,20240821,32.91,32.47,False,False,86,94,-3.31,-5.39,34,26,16.56,-3.19,False
sh601816,20250624,5.61,5.61,False,False,3,7,-9.85,-8.01,117,113,1.43,-8.78,False
sh600688,20240731,2.72,2.7,False,False,88,83,-9.56,-8.57,32,37,16.54,4.41,False
sh688400,20250717,29.81,28.69,False,True,119,120,-1.04,0.0,1,0,79.87,51.96,True
sh600268,20240918,5.58,5.5,True,False,120,119,0.0,-1.34,0,1,37.1,35.3,True
sh603051,20251125,21.21,21.17,False,False,59,40,-8.86,-9.94,34,53,30.65,8.72,False
sh688129,20250916,24.28,24.17,False,False,11,30,-21.83,-20.68,109,90,4.12,-5.89,False
sh605369,20250702,19.68,19.41,False,False,50,68,-7.57,-7.07,70,52,7.01,-3.1,False
sh603661,20250624,28.27,27.57,False,True,116,120,-0.88,0.0,4,0,22.39,15.28,False
sh601009,20250325,9.86,9.84,False,False,110,105,-2.03,-2.67,10,15,20.18,6.69,False
sh603800,20240930,21.45,20.12,False,False,107,109,-19.53,-12.88,13,11,65.63,53.89,True
sh603281,20250625,23.22,22.97,True,True,120,120,0.0,0.0,0,0,26.39,16.79,False
sh603033,20240919,12.1,12.09,False,False,118,108,-2.31,-9.71,2,12,30.08,-0.99,False
sh603348,20250819,21.82,21.67,False,False,34,57,-12.51,-10.68,86,63,7.88,-7.93,False
sh688235,20250709,226.46,224.85,False,False,118,110,-0.81,-4.41,2,10,43.99,32.87,True
sh600909,20240731,4.54,4.33,False,False,84,100,-8.37,-3.64,36,20,50.44,20.7,True
sh603665,20241126,17.3,17.24,False,False,47,82,-24.39,-17.96,73,38,40.17,36.59,True
sh000152,20240926,2555.47,2474.52,False,True,119,120,-0.08,0.0,1,0,9.53,5.34,False
sh601611,20240930,8.21,7.61,False,False,86,91,-5.24,-4.23,34,29,15.72,9.14,False
sh603079,20251015,17.57,17.35,False,False,79,65,-12.58,-17.25,41,55,25.16,-5.86,False
sh600085,20240514,46.5,45.55,False,False,0,19,-35.03,-21.56,120,101,0.0,-9.27,False
sh688428,20260210,25.06,24.65,False,False,16,21,-14.96,-11.41,25,20,24.9,20.31,True
sh603078,20240927,12.9,12.61,True,True,120,120,0.0,0.0,0,0,76.36,54.26,True
sh603499,20250811,17.49,16.56,False,False,96,116,-7.89,-3.92,24,4,37.56,29.96,True
sh600769,20240906,6.8,6.67,False,False,113,114,-6.18,-3.81,7,6,105.0,49.12,True
sh603866,20240926,5.66,5.37,False,False,111,72,-1.41,-8.58,9,48,38.16,-1.41,False
sh603533,20250716,21.39,20.32,False,False,28,64,-15.01,-11.21,92,56,34.13,34.13,True
sh603829,20251113,19.66,18.8,True,True,102,102,0.0,0.0,0,0,68.67,50.66,True
sh603607,20251015,24.03,24.01,False,False,65,49,-12.11,-14.08,55,71,19.68,-7.03,False
sh603828,20240926,1.77,1.76,True,True,120,120,0.0,0.0,0,0,206.21,171.75,True
sh600925,20250805,5.01,5.01,False,False,5,3,-9.78,-8.42,115,117,0.4,-5.19,False
sh688162,20250624,26.52,25.8,False,False,118,99,-0.23,-7.86,2,21,38.69,8.14,False
sh600804,20241024,1.47,1.47,False,False,101,80,-53.74,-60.54,19,40,53.06,-53.74,False
sh601021,20240805,54.02,54.01,False,False,57,66,-13.04,-12.17,63,54,12.81,-6.43,False
sh600223,20240927,7.08,6.96,False,False,65,107,-6.92,-2.5,55,13,20.76,6.78,False
sh600023,20240930,6.39,6.13,False,False,0,6,-24.88,-16.47,120,114,0.0,-15.18,False
sh688362,20250627,29.8,29.67,False,False,97,76,-6.51,-8.52,23,44,36.88,8.05,False
sh600997,20240930,7.07,6.72,False,False,3,65,-16.69,-7.12,117,55,2.12,-5.37,False
sh688531,20251217,61.23,59.28,False,False,73,64,-1.27,-6.53,1,10,36.78,36.78,True
sh688056,20251021,35.39,34.95,False,False,66,60,-10.85,-12.45,52,58,13.53,1.19,False
sh605122,20251124,13.99,13.6,False,False,8,29,-14.08,-10.81,86,65,5.65,-8.15,False
sh601968,20240926,4.93,4.71,False,False,60,63,-8.7,-7.33,60,57,14.41,-6.87,False
sh603733,20250721,21.0,20.72,True,False,120,104,0.0,-2.39,0,16,25.43,11.1,False
sh688018,20250710,156.48,152.25,False,False,99,85,-5.04,-10.49,21,35,42.43,13.03,False
sh600359,20240924,6.04,5.95,False,False,119,96,-0.83,-5.24,1,24,21.19,12.09,False
sh603085,20240930,9.48,8.79,False,False,100,118,-8.76,-1.49,20,2,62.24,16.77,False
sh600794,20240927,3.19,3.17,True,False,120,102,0.0,-4.9,0,18,27.9,7.21,False
sh000855,20240926,1247.09,1224.39,True,False,120,119,0.0,-0.61,0,1,19.92,10.21,False
sh600569,20240925,1.59,1.56,True,False,120,119,0.0,-1.33,0,1,45.28,16.98,False
sh688301,20250806,87.28,85.63,True,False,120,101,0.0,-5.57,0,19,42.31,27.57,True
sh603698,20240801,12.59,12.29,False,False,104,110,-6.75,-5.02,16,10,61.73,25.74,True
sh000066,20240927,2571.19,2541.83,False,False,71,84,-4.95,-4.18,49,36,10.53,0.29,False
sh688981,20250724,91.75,90.34,False,False,106,114,-5.55,-3.07,14,6,52.73,40.11,True
sh600527,20240927,1.5,1.45,True,False,120,118,0.0,-2.13,0,2,126.67,39.33,True
sh605088,20250829,37.86,36.85,False,False,34,46,-15.21,-14.75,86,74,9.27,-11.04,False
sh603206,20250716,17.39,17.32,False,False,37,41,-7.99,-6.56,83,79,7.07,6.21,False
sh603900,20240802,5.53,5.24,False,False,68,69,-15.73,-15.26,52,51,36.35,-2.71,False
sh900937,20240910,0.14,0.14,False,False,117,94,-2.07,-7.71,3,26,28.28,16.55,False
sh600491,20240731,2.7,2.7,False,False,84,85,-9.26,-6.84,36,35,67.04,35.56,True
sh603132,20251125,13.36,13.27,False,False,92,88,-0.9,-5.53,2,6,66.02,45.81,True
sh688330,20250718,26.2,26.11,True,True,120,120,0.0,0.0,0,0,72.38,63.76,True
sh688563,20251009,55.07,54.94,False,False,72,64,-5.83,-5.7,48,56,38.55,7.34,False
sh600622,20240925,2.01,2.0,True,False,120,94,0.0,-18.79,0,26,199.5,47.26,True
sh688004,20260109,25.64,25.21,False,False,13,12,-20.75,-19.99,49,50,3.63,-13.61,False
sh603703,20240802,10.41,10.18,False,False,68,77,-17.58,-12.41,52,43,31.32,15.27,False
sh600012,20241107,13.71,13.59,False,False,113,112,-5.03,-4.36,7,8,24.95,22.91,True
sh603099,20240806,22.81,22.55,False,False,117,116,-7.37,-6.12,3,4,165.64,57.0,True
sh601916,20260311,3.06,3.04,False,False,11,11,-3.92,-3.2,14,14,2.61,-1.31,False
sh601890,20240927,7.22,7.18,False,False,117,97,-1.25,-4.24,3,23,56.23,26.73,True
sh000849,20240731,7426.3,7366.42,False,False,85,93,-4.71,-3.74,35,27,56.32,26.91,True
sh601777,20250410,7.83,7.5,True,False,120,113,0.0,-3.51,0,7,68.07,52.87,True
sh600575,20240924,3.42,3.39,False,False,71,49,-9.94,-14.56,49,71,28.07,0.29,False
sh000807,20240927,20770.19,19913.07,False,False,49,79,-9.46,-4.95,71,41,10.82,-1.97,False
sh600168,20240930,4.37,4.06,False,False,88,90,-6.17,-5.3,32,30,23.78,4.57,False
sh603065,20250908,8.75,8.71,False,False,41,37,-7.31,-9.74,79,83,10.29,1.49,False
sh600395,20240930,5.83,5.59,False,False,1,20,-19.21,-9.6,119,100,0.86,-16.81,False
sh000933,20240927,7754.54,7441.23,False,False,88,84,-6.66,-5.14,32,36,19.99,3.94,False
sh600126,20240930,4.37,4.15,False,False,71,109,-8.92,-2.83,49,11,236.84,162.47,True
sh603819,20241107,9.86,9.79,False,False,119,119,-1.32,-0.36,1,1,70.18,58.72,True
sh603637,20240926,6.06,6.05,True,True,120,120,0.0,0.0,0,0,69.64,54.62,True
sh603856,20250908,11.63,11.52,False,False,110,112,-3.27,-2.54,10,8,28.08,20.26,True
sh000100,20240926,5231.15,5045.4,True,False,120,118,0.0,-1.11,0,2,13.85,6.27,False
sh600716,20240913,2.81,2.79,False,False,116,97,-2.14,-4.95,4,23,64.41,32.38,True
sh603181,20260115,16.19,15.88,False,False,31,32,-12.72,-12.26,27,26,9.7,-7.23,False
sh600271,20240919,8.25,8.16,True,False,120,96,0.0,-8.67,0,24,31.65,9.7,False
sh688130,20251021,22.9,22.32,False,False,51,52,-13.54,-12.9,67,66,10.7,-6.77,False
sh603332,20250918,14.74,14.04,False,False,0,30,-19.13,-15.6,120,90,0.0,-12.35,False
sh600758,20240926,2.98,2.94,True,True,120,120,0.0,0.0,0,0,52.38,24.51,True
sh601989,20240927,5.08,5.01,False,False,21,20,-18.5,-14.68,99,100,12.4,-16.53,False
sh603655,20251217,35.6,35.4,True,False,77,58,0.0,-6.73,0,19,30.34,17.72,False
sh688728,20251021,16.0,15.69,False,False,25,31,-20.13,-17.37,93,87,7.44,-15.94,False
sh600469,20240731,5.49,5.39,False,False,87,75,-11.48,-10.83,33,45,31.88,8.74,False
sh600973,20240927,3.74,3.7,True,True,120,120,0.0,0.0,0,0,68.45,44.92,True
sh600694,20240731,13.73,13.64,False,False,88,88,-9.33,-11.79,32,32,77.29,68.08,True
sh605188,20260203,20.16,19.98,False,False,2,2,-20.98,-21.74,43,43,7.99,-13.29,False
sh603336,20240819,3.76,3.56,False,False,91,95,-18.86,-11.87,29,25,55.25,16.2,False
sh600713,20240806,4.28,4.23,False,False,96,93,-7.71,-6.93,24,27,24.53,12.38,False
sh603002,20240801,5.07,4.94,False,False,71,78,-19.13,-16.91,49,42,44.97,8.68,False
sh688201,20251124,13.33,13.16,False,False,74,57,-3.9,-10.12,20,37,27.91,4.88,False
sh600089,20240927,13.44,13.29,False,False,25,33,-13.1,-9.18,95,87,9.6,-12.35,False
sh600217,20240902,4.49,4.34,False,False,108,77,-5.12,-11.14,12,43,62.17,16.51,False
sh601015,20240927,3.18,3.05,False,False,71,72,-5.35,-7.19,49,48,18.87,-2.2,False
sh600897,20240731,12.88,12.62,False,False,86,94,-5.51,-4.3,34,26,18.48,11.34,False
sh601609,20251124,10.0,9.85,False,False,82,52,-9.5,-19.05,12,42,26.1,7.3,False
sh600770,20240924,2.65,2.65,True,False,120,116,0.0,-4.08,0,4,149.06,64.15,True
sh688682,20250905,29.1,28.77,False,False,109,108,-2.41,-3.42,11,12,139.97,59.79,True
sh688118,20250716,28.43,23.86,False,False,42,83,-17.09,-13.56,78,37,24.9,21.07,True
sh603507,20250627,24.64,24.54,False,False,70,55,-9.46,-12.97,50,65,21.14,-1.99,False
sh605158,20250722,8.7,8.6,False,False,55,55,-11.38,-11.72,65,65,13.91,-5.4,False
sh603707,20250730,11.94,11.94,False,False,0,6,-24.37,-15.1,120,114,0.0,-18.68,False
sh603260,20250722,52.86,51.35,False,False,56,84,-11.0,-6.1,64,36,23.9,1.13,False
sh600323,20240925,18.94,18.72,True,False,120,101,0.0,-7.15,0,19,21.07,21.07,True
sh688062,20260107,45.2,42.47,False,False,2,6,-31.35,-27.21,62,58,1.81,-14.23,False
sh688505,20250929,9.08,9.06,False,False,18,7,-19.27,-15.82,102,113,3.19,-12.22,False
sh688356,20260105,91.88,90.85,False,False,64,62,-3.97,-5.31,3,5,22.98,19.04,False
sh603928,20240930,8.14,7.69,False,False,94,113,-6.63,-4.06,26,7,76.41,37.47,True
sh605222,20250702,15.18,15.14,False,False,116,106,-1.32,-2.51,4,14,31.88,20.42,True
sh600644,20240930,6.3,6.21,False,False,85,96,-8.89,-6.44,35,24,13.33,8.89,False
sh688001,20250728,27.51,27.01,False,False,104,96,-2.36,-3.94,16,24,21.85,20.28,True
sh688652,20250724,59.84,58.56,False,False,110,113,-7.65,-5.7,10,7,119.24,116.28,True
sh603598,20240927,13.16,13.11,False,False,118,117,-4.94,-3.85,2,3,87.69,38.6,True
sh600513,20240806,8.48,8.47,False,False,88,88,-8.02,-7.98,32,32,38.44,17.8,False
sh600809,20240930,212.83,202.89,False,False,16,75,-22.32,-11.06,104,45,6.82,-1.71,False
sh603137,20250924,14.08,14.04,False,False,87,42,-9.52,-10.98,33,78,8.24,-3.41,False
sh688186,20250919,26.4,25.83,False,False,18,34,-20.76,-19.53,102,86,14.47,-12.92,False
sh600847,20240906,7.69,7.13,False,False,114,97,-6.89,-10.18,6,23,43.69,23.8,True
sh601238,20240927,8.22,7.98,False,False,109,101,-4.99,-4.17,11,19,29.81,3.53,False
sh603194,20251022,40.83,39.84,False,False,6,21,-22.21,-18.29,111,96,3.8,-16.83,False
sh600703,20240930,12.44,11.53,False,False,70,87,-11.41,-8.41,50,33,21.62,-3.94,False
sh600099,20240905,7.66,7.32,False,False,109,114,-7.31,-2.92,11,6,39.16,27.02,True
sh603788,20240927,11.83,11.36,True,False,120,119,0.0,-0.38,0,1,76.67,31.87,True
sh600070,20240809,1.34,1.33,False,False,107,93,-9.7,-25.79,13,27,67.91,-2.24,False
sh688396,20250625,46.85,46.66,False,False,102,96,-2.09,-6.56,18,24,25.12,18.79,False
sh603327,20250630,9.25,9.15,False,False,96,87,-5.51,-6.29,24,33,57.08,17.41,False
sh601618,20240813,3.13,3.13,False,False,72,72,-19.78,-18.39,48,48,14.36,-1.28,False
sh000926,20240731,1941.91,1931.19,False,False,83,81,-9.13,-8.59,37,39,17.12,6.95,False
sh603558,20240927,9.42,9.25,False,False,108,96,-2.23,-6.45,12,24,16.02,-1.17,False
sh601330,20250905,6.96,6.94,False,False,83,64,-4.17,-4.98,37,56,32.33,32.33,True
sh600380,20240930,11.67,10.91,False,False,7,97,-9.94,-3.41,113,23,2.49,-0.86,False
sh603070,20250708,13.74,13.53,False,False,65,87,-8.95,-8.91,55,33,7.79,-5.68,False
sh600900,20241216,28.34,27.81,False,False,55,73,-6.99,-4.12,65,47,6.92,5.79,False
sh600901,20250904,5.46,5.45,False,False,107,102,-2.75,-3.31,13,18,18.68,16.48,False
sh688146,20250630,28.74,28.42,True,True,120,120,0.0,0.0,0,0,69.85,42.6,True
sh600133,20240930,9.86,9.11,False,False,64,82,-15.22,-10.68,56,38,36.23,-1.32,False
sh600560,20240927,13.24,13.23,True,False,120,114,0.0,-1.91,0,6,56.5,20.7,True
sh000021,20240926,950.3,914.91,False,False,116,114,-0.78,-0.5,4,6,11.46,3.53,False
sh688072,20250707,162.69,158.52,False,False,114,117,-3.77,-1.81,6,3,122.29,105.29,True
sh688621,20251112,61.42,61.01,False,False,88,56,-9.13,-14.89,14,46,27.48,4.77,False
sh688515,20250815,103.9,97.37,False,False,87,96,-9.12,-6.67,33,24,24.03,14.47,False
sh603716,20240730,7.14,6.95,False,False,53,72,-22.13,-14.99,67,48,48.88,-6.02,False
sh000812,20240927,5638.91,5307.6,False,False,117,108,-1.95,-3.64,3,12,22.06,3.3,False
sh605081,20260126,11.83,11.61,False,False,1,1,-48.52,-40.3,50,50,0.51,-36.01,False
sh600834,20240906,7.23,7.08,False,False,108,89,-9.12,-6.88,12,31,39.11,12.29,False
sh603758,20240930,7.74,7.49,False,False,97,108,-11.89,-7.41,23,12,88.89,61.5,True
sh900922,20240924,0.39,0.39,True,True,120,120,0.0,0.0,0,0,36.27,30.57,True
sh603893,20250625,153.03,152.52,False,False,107,82,-5.2,-6.28,13,38,60.95,13.3,False
sh603168,20240930,7.68,7.47,False,False,42,48,-16.41,-11.43,78,72,20.31,-9.77,False
sh600679,20240806,9.39,9.2,False,False,98,103,-8.42,-6.49,22,17,122.57,40.85,True
sh688538,20251222,2.66,2.66,False,False,24,17,-14.66,-14.86,50,57,5.64,-14.29,False
sh603213,20260113,13.61,13.51,False,False,42,37,-5.66,-6.03,18,23,5.14,-1.32,False
sh600299,20240918,9.94,9.8,False,False,117,97,-3.82,-7.27,3,23,24.45,8.75,False
sh603588,20240930,5.42,5.33,False,False,34,96,-13.89,-10.96,86,24,22.63,3.26,False
sh600637,20240923,6.09,6.08,True,False,120,117,0.0,-1.95,0,3,44.33,25.45,True
sh688576,20250630,63.6,63.17,False,False,105,81,-3.93,-8.31,15,39,17.34,-2.88,False
sh605398,20250624,31.84,29.92,False,False,50,60,-14.34,-13.48,70,60,23.76,-14.03,False
sh688325,20250630,47.02,45.94,False,True,117,120,-0.85,0.0,3,0,136.39,97.14,True
sh688320,20250624,47.99,44.36,False,False,35,70,-33.97,-28.39,85,50,12.57,-33.34,False
sh600061,20240919,5.79,5.78,True,False,120,98,0.0,-4.84,0,22,52.82,20.89,True
sh603391,20250625,38.89,38.86,False,False,119,119,-0.62,-0.48,1,1,93.01,58.91,True
sh600506,20240927,12.07,12.01,True,True,120,120,0.0,0.0,0,0,91.14,72.0,True
sh601156,20250710,13.75,13.56,False,True,115,120,-2.04,0.0,5,0,35.35,35.35,True
sh688193,20251127,47.9,47.76,False,False,77,61,-7.77,-9.02,14,30,13.84,7.27,False
sh600548,20240930,10.43,9.86,False,False,93,94,-8.54,-4.7,27,26,27.34,3.93,False
sh603003,20241017,5.11,5.04,False,False,82,87,-12.52,-15.08,38,33,26.61,2.35,False
sh688609,20250630,10.47,10.39,False,False,41,43,-12.61,-12.55,79,77,15.38,-8.4,False
sh603122,20250703,6.79,6.78,False,False,89,90,-7.51,-7.09,31,30,341.97,259.35,True
sh600185,20240925,5.18,5.12,True,False,120,70,0.0,-14.79,0,50,68.92,19.31,False
sh603275,20260113,50.54,49.28,False,False,1,23,-18.16,-11.22,59,37,1.92,-5.72,False
sh603712,20250919,21.45,20.88,False,False,27,34,-26.85,-23.32,93,86,10.4,-23.87,False
sh688039,20250625,32.22,32.11,False,False,115,107,-2.55,-9.38,5,13,98.32,33.46,True
sh600378,20240927,28.86,28.44,False,False,60,62,-8.83,-10.03,60,58,18.74,-6.72,False
sh600651,20240730,3.0,2.98,False,False,83,86,-10.33,-8.8,37,34,72.0,33.33,True
sh601728,20250709,7.51,7.48,False,False,1,1,-16.9,-10.8,119,119,0.0,-15.57,False
sh688077,20251106,33.23,32.85,False,False,32,21,-18.15,-18.16,74,85,13.33,-9.45,False
sh600336,20240730,4.95,4.64,False,False,94,93,-11.11,-6.45,26,27,117.78,29.09,True
sh601567,20240829,30.48,29.91,False,False,55,56,-20.17,-18.68,65,64,11.81,-12.96,False
sh600765,20240927,18.43,18.06,False,False,84,63,-13.62,-18.53,36,57,29.47,-13.13,False
sh600882,20240731,13.55,13.53,False,False,93,93,-13.06,-12.15,27,27,56.31,34.24,True
sh688277,20260108,17.76,17.03,True,True,64,64,0.0,0.0,0,0,57.38,20.21,True
sh688710,20250630,34.52,34.49,False,False,115,116,-2.26,-2.08,5,4,46.84,33.63,True
sh601000,20241010,4.58,4.48,False,False,5,19,-16.59,-11.36,115,101,3.28,-8.52,False
sh600202,20240926,3.95,3.93,True,True,120,120,0.0,0.0,0,0,48.86,43.04,True
sh603341,20250812,41.32,41.26,False,False,107,94,-6.66,-8.49,13,26,25.36,7.74,False
sh688697,20250624,13.08,12.67,False,False,115,118,-1.53,-2.74,5,2,32.72,13.15,False
sh688409,20250627,54.23,52.52,False,False,104,108,-5.29,-2.59,16,12,67.01,30.39,True
sh600681,20240927,3.14,3.14,False,False,73,60,-4.13,-5.26,47,60,13.99,1.59,False
sh600966,20240930,4.88,4.8,False,False,40,65,-10.44,-8.8,80,55,21.29,-6.76,False
sh601999,20240923,5.42,5.4,True,False,120,112,0.0,-5.47,0,8,46.13,14.76,False
sh600155,20240925,6.61,6.43,True,False,120,88,0.0,-5.92,0,32,39.79,10.29,False
sh603017,20240930,8.71,8.67,False,False,32,70,-15.04,-9.31,88,50,7.23,-4.95,False
sh603191,20250707,12.84,12.78,True,False,120,97,0.0,-3.03,0,23,42.13,16.28,False
sh603323,20240819,4.16,3.98,False,False,95,101,-14.68,-11.71,25,19,14.2,7.22,False
sh603825,20250711,12.98,12.87,False,False,0,0,-34.75,-22.33,120,120,0.0,-29.2,False
sh688120,20250704,112.15,108.65,False,False,100,109,-5.22,-3.02,20,11,49.68,37.19,True
sh600779,20240927,40.79,37.96,False,False,110,116,-3.9,-2.69,10,4,47.59,17.78,False
sh600918,20250624,6.33,6.27,True,False,120,99,0.0,-3.32,0,21,16.27,6.16,False
sh600584,20240925,29.65,29.01,True,False,120,99,0.0,-8.26,0,21,56.49,20.57,True
sh600737,20240926,8.69,8.43,True,False,120,97,0.0,-2.88,0,23,17.26,5.75,False
sh600250,20240924,8.25,8.21,False,False,119,73,-0.48,-8.13,1,47,47.76,14.79,False
sh688111,20250731,313.5,306.85,False,False,50,100,-8.04,-4.85,70,20,21.21,12.6,False
sh600956,20250905,7.73,7.48,False,False,56,59,-6.21,-6.51,64,61,22.38,22.38,True
sh603488,20240731,7.88,7.83,False,False,80,78,-8.76,-9.34,40,42,30.71,-1.14,False
sh603838,20241008,5.28,5.16,False,False,95,66,-10.04,-16.8,25,54,59.09,-5.3,False
sh600107,20240918,3.93,3.76,False,False,119,88,-2.8,-9.87,1,32,54.45,36.64,True
sh603616,20240927,3.16,3.09,True,False,120,81,0.0,-12.95,0,39,47.47,5.38,False
sh600754,20240926,26.41,24.65,False,False,59,99,-8.48,-4.46,61,21,17.19,-0.34,False
sh000832,20240930,392.77,385.16,False,False,113,119,-2.48,-0.55,7,1,11.51,9.43,False
sh688246,20250701,30.36,30.35,False,False,48,38,-32.48,-30.44,72,82,28.0,-21.28,False
sh688172,20250708,19.85,19.74,False,False,102,104,-5.79,-5.19,18,16,63.73,45.79,True
sh601985,20240924,10.42,9.99,False,False,7,17,-12.57,-11.12,113,103,5.09,-12.48,False
sh603659,20260309,27.7,27.59,True,True,28,28,0.0,0.0,0,0,29.64,27.76,True
sh688721,20250807,48.29,46.31,False,False,62,73,-12.4,-10.02,58,47,19.24,-1.2,False
sh603790,20251210,20.33,20.11,False,False,59,55,-5.46,-9.65,23,27,28.87,9.05,False
sh600460,20240926,19.4,18.85,True,False,120,101,0.0,-10.25,0,19,71.44,24.07,True
sh605006,20260121,7.79,7.68,False,False,54,54,-1.03,-0.04,1,1,42.49,34.02,True
sh600233,20240829,15.11,14.84,False,False,46,50,-14.23,-13.1,74,70,17.34,-9.53,False
sh600149,20240919,3.57,3.55,False,False,117,109,-2.52,-4.37,3,11,48.46,18.77,False
sh688592,20251215,43.3,42.33,False,False,49,48,-10.05,-11.99,30,31,24.2,4.67,False
sh603658,20240930,46.9,44.83,False,False,1,51,-17.74,-7.45,119,69,4.12,-11.71,False
sh688208,20251212,35.31,35.28,False,False,41,36,-10.93,-11.87,39,44,14.08,3.0,False
sh600800,20240926,2.23,2.2,True,False,120,117,0.0,-3.83,0,3,138.12,34.08,True
sh600032,20250701,7.57,7.55,False,False,57,36,-4.0,-5.56,63,84,9.86,-1.62,False
sh603170,20250807,13.13,12.84,False,False,116,114,-0.91,-3.77,4,6,24.14,7.69,False
sh600280,20240805,2.87,2.71,False,False,90,93,-18.82,-13.73,30,27,87.46,20.56,True
sh601718,20240926,2.65,2.55,False,False,105,68,-3.77,-7.54,15,52,22.64,-0.38,False
sh600033,20240925,3.27,3.26,True,False,120,118,0.0,-0.55,0,2,19.57,14.37,False
sh688521,20251224,137.0,134.56,False,False,69,70,-6.82,-5.42,4,3,102.67,83.5,True
sh688615,20250715,169.77,164.33,False,False,88,99,-11.8,-8.63,32,21,55.75,55.75,True
sh600199,20240927,13.29,12.88,False,False,46,61,-16.85,-13.81,74,59,19.94,-15.88,False
sh600603,20241008,5.61,5.59,False,False,118,98,-4.63,-19.0,2,22,90.2,27.27,True
sh603226,20240930,3.66,3.44,False,False,112,119,-7.65,-0.62,8,1,99.18,86.34,True
sh605151,20251020,19.63,19.15,False,False,69,56,-11.67,-13.81,50,63,28.32,1.27,False
sh601166,20240920,15.19,15.18,True,True,120,120,0.0,0.0,0,0,40.36,36.41,True
sh605098,20250813,36.12,36.0,False,False,109,112,-3.9,-2.65,11,8,36.54,36.54,True
sh688296,20250624,12.25,12.19,True,False,120,113,0.0,-10.71,0,7,33.47,4.9,False
sh603268,20240926,14.0,13.41,True,False,120,109,0.0,-16.55,0,11,289.5,167.93,True
sh900916,20250219,0.35,0.35,False,False,67,33,-7.34,-11.13,53,87,8.19,2.82,False
sh601128,20240930,6.3,6.05,False,False,39,84,-7.36,-4.61,81,36,5.47,-4.19,False
sh601899,20240731,15.98,15.81,False,False,31,37,-14.58,-16.71,89,83,10.89,-1.5,False
sh600866,20240926,5.08,5.07,True,False,120,116,0.0,-2.95,0,4,43.5,17.52,False
sh601162,20250625,4.5,4.23,False,False,106,98,-8.67,-19.27,14,22,32.0,-8.67,False
sh603090,20241107,16.75,16.66,False,False,116,119,-0.9,-4.26,4,1,52.66,44.3,True
sh603223,20240730,7.82,7.62,False,True,117,120,-2.05,0.0,3,0,36.08,18.42,False
sh600055,20240926,13.09,13.04,False,False,119,114,-0.15,-2.47,1,6,43.39,26.2,True
sh600828,20240909,2.79,2.72,False,False,110,109,-14.7,-11.19,10,11,82.44,28.67,True
sh601100,20240829,49.46,48.11,False,False,118,113,-0.81,-3.29,2,7,69.53,69.53,True
sh603389,20240730,5.31,4.98,False,False,107,98,-7.72,-23.03,13,22,84.93,-1.51,False
sh688610,20251212,59.14,59.1,False,False,76,72,-2.82,-3.34,5,9,99.81,91.17,True
sh605599,20250901,14.59,14.31,False,False,83,71,-4.8,-7.13,37,49,92.32,65.46,True
sh603909,20241008,8.64,8.32,False,False,104,106,-9.38,-6.39,16,14,15.16,2.08,False
sh603595,20250717,19.72,19.12,False,False,54,58,-19.32,-22.7,66,62,41.84,-13.89,False
sh600665,20240919,2.62,2.44,True,False,120,96,0.0,-4.96,0,24,53.44,13.74,False
sh603727,20241008,12.31,12.28,False,False,47,91,-12.75,-11.1,73,29,25.74,14.05,False
sh601933,20240807,2.51,2.42,False,False,90,92,-13.94,-9.75,30,28,204.38,115.14,True
sh605179,20250819,20.8,20.76,False,False,95,66,-4.11,-7.71,25,54,17.3,-4.11,False
sh600078,20241008,6.49,6.31,False,False,27,51,-19.26,-12.55,93,69,14.33,-15.56,False
sh600278,20240909,5.46,5.45,False,False,116,97,-1.1,-5.07,4,23,53.07,22.2,True
sh603569,20240930,7.36,7.04,False,False,32,59,-11.96,-7.97,88,61,20.52,-7.88,False
sh603612,20251125,23.35,22.89,False,False,85,63,-3.34,-10.13,8,30,52.38,17.77,False
sh688139,20250722,32.11,31.9,False,False,98,86,-4.05,-6.48,22,34,15.17,8.41,False
sh603375,20251125,41.5,39.82,False,False,1,8,-17.4,-13.05,92,85,3.11,3.11,False
sh605003,20251219,25.78,23.7,False,False,73,65,-7.25,-5.51,2,10,43.25,13.15,False
sh600811,20240808,1.47,1.38,False,False,96,97,-16.33,-16.71,24,23,137.41,46.26,True
sh688177,20260414,24.9,24.2,False,False,0,0,-7.51,-4.46,3,3,0.0,-7.51,False
sh600930,20260311,6.37,6.3,False,False,12,12,-5.81,-5.26,13,13,16.48,-5.65,False
sh688410,20251021,14.73,14.67,False,False,108,70,-7.81,-13.66,10,48,18.94,6.92,False
sh600751,20240924,2.27,2.23,False,False,119,100,-0.44,-5.77,1,20,40.09,25.99,True
sh603040,20240903,18.57,18.14,False,False,109,119,-3.55,-0.51,11,1,78.73,68.44,True
sh000147,20240927,6861.61,6577.05,False,False,66,70,-5.88,-3.34,54,50,13.04,1.01,False
sh605060,20250625,18.93,18.82,True,True,120,120,0.0,0.0,0,0,124.48,85.28,True
sh603291,20250818,12.3,12.27,False,False,7,24,-21.87,-14.59,113,96,3.33,-11.3,False
sh600161,20240821,23.69,23.68,False,False,5,2,-20.51,-15.34,115,118,5.07,-17.64,False
sh603997,20240905,11.88,11.67,False,False,69,75,-9.09,-11.39,51,45,18.27,-4.46,False
sh688220,20250729,88.46,84.66,False,False,85,84,-10.84,-13.35,35,36,28.25,5.87,False
sh601865,20250708,17.47,17.44,False,False,37,65,-13.17,-11.0,83,55,13.05,-10.3,False
sh688709,20250624,32.43,31.99,False,False,102,83,-4.07,-8.72,18,37,75.45,18.1,False
sh688093,20251201,34.93,34.89,False,False,47,30,-15.24,-18.97,42,59,14.16,-2.81,False
sh000974,20240731,5253.33,5218.46,False,False,90,93,-4.98,-4.3,30,27,31.91,20.67,True
sh000109,20240930,10616.02,9668.48,False,False,2,95,-13.69,-4.57,118,25,7.1,-3.75,False
sh600448,20240925,2.19,2.15,True,True,120,120,0.0,0.0,0,0,53.88,28.31,True
sh600831,20241028,2.6,2.56,False,False,79,98,-11.92,-7.19,41,22,18.85,-1.92,False
sh688510,20251031,23.26,23.2,False,False,102,91,-5.42,-8.66,9,20,105.42,44.45,True
sh600798,20240930,3.05,2.85,False,False,52,92,-7.87,-3.25,68,28,10.82,-2.3,False
sh603089,20240930,8.4,8.28,False,False,103,108,-6.31,-4.22,17,12,34.17,19.29,False
sh688343,20250730,56.33,56.0,True,False,120,113,0.0,-3.15,0,7,77.38,49.05,True
sh601200,20240829,7.34,7.28,False,False,105,77,-2.86,-3.86,15,43,17.98,7.63,False
sh601880,20240926,1.33,1.28,True,False,120,99,0.0,-5.6,0,21,33.16,10.55,False
sh603123,20240906,7.0,6.66,False,False,113,107,-9.86,-4.4,7,13,52.29,27.14,True
sh603444,20240807,169.51,164.07,False,False,104,109,-10.87,-6.75,16,11,44.53,25.49,True
sh600355,20240920,3.3,3.24,False,False,107,82,-15.45,-26.89,13,38,70.3,5.45,False
sh603216,20260324,32.64,31.46,False,False,6,8,-7.63,-9.99,11,9,11.89,-7.17,False
sh600481,20241008,5.08,4.96,False,False,104,96,-18.11,-13.17,16,24,57.48,3.35,False
sh900927,20240925,0.34,0.34,True,False,120,106,0.0,-4.82,0,14,43.07,17.4,False
sh600748,20240924,2.7,2.7,True,False,120,93,0.0,-4.91,0,27,63.33,23.7,True
sh688393,20250701,29.54,28.94,False,False,36,21,-26.34,-21.45,84,99,12.86,-21.26,False
sh600929,20250710,5.14,5.12,False,False,116,112,-0.78,-1.62,4,8,22.96,9.92,False
sh600706,20240930,10.5,10.32,False,False,25,83,-16.76,-13.07,95,37,29.24,-3.81,False
sh600261,20240930,2.82,2.63,False,True,107,120,-4.61,0.0,13,0,33.69,14.18,False
sh605499,20250916,292.78,290.88,False,False,14,14,-25.04,-18.1,106,106,6.46,-23.32,False
sh605303,20260105,17.64,17.64,False,False,49,19,-8.45,-14.3,17,47,38.55,38.55,True
sh600136,20240930,1.51,1.47,False,False,108,110,-7.95,-5.22,12,10,67.55,37.75,True
sh600598,20250127,13.68,13.54,False,False,87,89,-4.24,-4.28,33,31,34.72,7.68,False
sh688143,20251021,42.76,40.55,False,False,87,90,-18.64,-16.71,32,29,62.68,61.83,True
sh601528,20250909,5.53,5.52,False,False,49,26,-4.7,-5.37,71,94,4.16,1.99,False
sh688239,20250624,31.74,31.08,True,True,120,120,0.0,0.0,0,0,111.72,96.22,True
sh603669,20240930,4.84,4.55,False,False,91,65,-14.26,-21.65,29,55,79.96,-7.85,False
sh600178,20240927,9.53,9.27,False,False,117,114,-3.67,-2.03,3,6,63.99,28.25,True
sh603075,20251201,22.49,22.23,False,False,55,45,-13.34,-14.44,34,44,14.01,1.16,False
sh688108,20260105,23.09,22.88,False,False,15,14,-17.19,-14.67,51,52,10.61,-7.15,False
sh688692,20250728,234.0,230.07,False,True,113,120,-2.9,0.0,7,0,35.56,27.54,True
sh600249,20240925,4.0,3.98,True,True,120,120,0.0,0.0,0,0,69.0,31.0,True
sh603344,20250624,24.86,24.53,False,False,117,98,-1.93,-8.24,3,22,22.93,15.25,False
sh601878,20240823,10.97,10.62,False,False,102,82,-3.01,-7.45,18,38,43.12,8.02,False
sh603345,20240926,78.72,75.42,False,False,68,68,-10.15,-9.81,52,52,26.51,-1.71,False
sh600207,20240926,4.05,4.04,False,False,118,81,-1.98,-12.87,2,39,38.27,0.74,False
sh600760,20240822,39.19,38.8,False,False,114,105,-2.73,-5.39,6,15,54.81,12.25,False
sh605555,20250806,17.5,17.03,False,False,73,114,-7.03,-2.64,47,6,14.97,-0.23,False
sh601619,20260408,5.22,5.14,False,True,5,7,-0.57,0.0,2,0,18.58,18.58,False
sh600887,20240926,23.82,23.63,True,False,120,113,0.0,-1.47,0,7,19.77,10.75,False
sh688272,20250905,25.13,25.1,False,False,93,89,-7.12,-9.07,27,31,50.94,50.18,True
sh603326,20240926,5.5,5.21,False,False,100,113,-8.55,-5.18,20,7,59.82,21.27,True
sh688125,20250718,38.35,38.15,False,False,117,119,-1.49,-0.77,3,1,344.2,344.2,True
sh605198,20250916,47.95,45.61,False,False,0,12,-25.88,-18.86,120,108,0.0,-22.0,False
sh688776,20250801,89.72,86.48,False,False,63,49,-16.64,-18.45,57,71,54.2,17.42,False
sh688211,20251015,32.2,32.08,False,False,43,39,-8.73,-9.99,77,81,4.88,2.02,False
sh605365,20250630,14.73,14.63,False,False,114,118,-1.63,-0.74,6,2,84.11,84.11,True
sh600150,20240927,38.14,37.87,False,False,15,15,-20.95,-15.37,105,105,12.87,-20.35,False
sh603012,20240927,4.57,4.56,True,True,120,120,0.0,0.0,0,0,48.58,27.13,True
sh600479,20240808,10.19,10.1,False,False,69,70,-13.94,-13.68,51,50,22.87,-5.1,False
sh603368,20240930,18.33,17.7,False,False,3,75,-13.31,-8.21,117,45,4.42,-6.87,False
sh000138,20240807,6884.19,6883.0,False,False,112,97,-3.01,-3.95,8,23,10.67,4.82,False
sh603013,20251125,22.06,21.93,False,False,58,43,-18.09,-21.79,35,50,22.26,-12.15,False
sh600684,20240801,3.07,2.82,False,False,84,86,-11.4,-3.72,36,34,28.34,4.56,False
sh600963,20240924,4.09,4.01,True,False,120,89,0.0,-9.08,0,31,62.59,16.14,False
sh688196,20251020,46.65,45.2,False,False,111,105,-4.52,-8.55,8,14,94.88,28.53,True
sh603127,20251211,31.23,30.72,False,False,73,60,-15.15,-23.82,8,21,37.72,18.25,False
sh601228,20240801,3.18,3.15,False,False,72,69,-6.6,-6.13,48,51,13.52,-0.94,False
sh600857,20240927,6.09,6.04,False,True,118,120,-0.66,0.0,2,0,67.98,46.63,True
sh600350,20240925,8.52,8.33,False,False,99,106,-6.46,-4.7,21,14,19.48,19.48,False
sh600503,20240926,2.02,1.91,True,False,120,116,0.0,-4.05,0,4,90.1,24.75,True
sh603126,20240927,5.5,5.49,True,False,120,115,0.0,-2.44,0,5,52.5,16.35,False
sh600064,20240809,5.75,5.69,False,False,94,97,-10.09,-8.52,26,23,43.3,21.57,True
sh600819,20240730,4.75,4.49,False,False,79,90,-13.04,-8.62,41,30,40.62,12.85,False
sh603759,20251014,8.3,8.21,True,False,120,99,0.0,-13.72,0,21,92.29,13.73,False
sh000995,20240822,2706.85,2695.78,False,False,3,8,-10.22,-10.03,117,112,4.31,-7.65,False
sh603977,20250626,12.32,12.21,False,False,85,69,-3.49,-5.1,35,51,15.34,15.34,False
sh600333,20240923,3.93,3.88,True,False,120,74,0.0,-10.13,0,46,78.88,20.61,True
sh600654,20240927,2.36,2.31,False,False,116,111,-3.39,-5.41,4,9,119.49,36.02,True
sh600007,20240731,20.28,19.94,False,False,102,88,-2.17,-3.3,18,32,30.62,17.65,False
sh900941,20240730,0.32,0.31,False,False,105,111,-5.02,-3.13,15,9,35.11,22.26,True
sh600180,20240926,3.98,3.98,False,False,115,69,-1.66,-5.98,5,51,28.99,3.11,False
sh688308,20250626,17.96,17.94,True,True,120,120,0.0,0.0,0,0,83.73,59.18,True
sh603270,20250708,24.7,24.58,False,False,80,60,-5.18,-9.05,40,60,14.45,9.43,False
sh600498,20240927,15.57,15.37,True,True,120,120,0.0,0.0,0,0,82.91,42.51,True
sh600302,20240919,3.83,3.81,False,False,118,117,-0.78,-0.57,2,3,73.37,49.35,True
sh600551,20240829,7.36,7.32,True,False,120,96,0.0,-7.22,0,24,26.36,1.49,False
sh600036,20240808,28.92,28.68,False,False,106,106,-6.4,-7.24,14,14,33.51,33.51,True
sh600982,20240930,3.76,3.49,False,False,96,119,-6.65,-0.03,24,1,48.94,21.01,True
sh600285,20240808,22.35,21.4,False,False,36,39,-20.04,-19.48,84,81,13.65,-9.98,False
sh000823,20240927,5700.07,5581.66,False,False,95,115,-4.58,-1.84,25,5,10.31,5.92,False
sh600805,20240927,3.88,3.86,True,True,120,120,0.0,0.0,0,0,29.12,18.81,False
sh688339,20250709,22.59,22.22,False,False,117,119,-0.58,-0.71,3,1,58.48,22.22,True
sh900913,20240925,0.22,0.22,False,False,93,67,-7.37,-17.2,27,53,29.49,-2.3,False
sh000989,20240926,4572.53,4415.65,True,True,120,120,0.0,0.0,0,0,22.43,19.16,False
sh688509,20251021,5.08,4.34,False,False,32,89,-17.32,-14.73,86,29,24.41,-11.02,False
sh600648,20240731,8.85,8.6,False,False,83,102,-7.91,-4.32,37,18,37.51,27.57,True
sh603159,20240930,10.94,10.51,False,False,109,111,-4.75,-5.88,11,9,70.9,31.25,True
sh688293,20260113,55.76,55.31,False,False,11,15,-25.22,-22.99,49,45,5.33,0.09,False
sh603091,20260410,77.6,76.41,False,True,3,5,-1.17,0.0,2,0,3.23,2.35,False
sh600361,20240731,4.18,4.01,False,False,17,57,-18.68,-13.06,103,63,8.38,-11.97,False
sh601163,20240930,15.43,14.47,False,False,1,108,-10.89,-2.81,119,12,2.46,-4.47,False
sh688314,20250624,29.27,28.93,True,False,120,83,0.0,-11.96,0,37,41.1,5.09,False
sh600606,20240926,1.72,1.58,True,False,120,84,0.0,-13.62,0,36,58.72,4.65,False
sh603117,20250212,6.18,5.92,False,False,32,45,-11.81,-14.85,88,75,11.81,-5.5,False
sh600406,20240807,23.11,22.92,False,False,88,64,-3.66,-8.86,32,56,17.66,-2.7,False
sh600255,20240801,1.83,1.81,False,False,84,84,-7.65,-7.55,36,36,133.88,113.66,True
sh688114,20250822,74.63,73.77,False,False,4,25,-19.76,-10.28,116,95,5.56,-13.84,False
sh603023,20240930,2.15,2.09,False,False,112,118,-5.58,-1.13,8,2,49.77,43.26,True
sh605507,20251224,23.27,22.76,True,False,72,70,0.0,-4.12,0,2,25.7,3.27,False
sh600732,20240930,10.3,9.98,False,False,100,92,-14.27,-9.08,20,28,60.1,17.38,False
sh600581,20240924,2.99,2.79,False,False,106,101,-5.35,-6.38,14,19,29.43,16.05,False
sh000917,20240930,2857.05,2737.64,False,False,0,4,-13.86,-8.52,120,116,0.0,-11.25,False
sh688597,20250624,7.79,7.73,False,False,116,101,-0.64,-3.74,4,19,27.73,7.06,False
sh600236,20240930,6.78,6.6,False,False,3,28,-12.53,-10.58,117,92,1.25,-7.3,False
sh605337,20251110,12.93,12.84,False,False,11,18,-20.49,-16.3,93,86,12.84,-14.85,False
sh600698,20240904,4.08,3.8,False,True,117,120,-4.66,0.0,3,0,61.27,58.58,True
sh603189,20240823,11.77,11.69,True,False,120,104,0.0,-9.12,0,16,65.59,57.18,True
sh600935,20251010,2.45,2.44,False,False,116,98,-1.63,-5.42,4,22,35.1,9.8,False
sh600080,20240930,6.71,6.33,False,False,98,114,-7.9,-1.77,22,6,23.24,14.15,False
sh601518,20240926,2.42,2.37,False,False,119,104,-0.41,-2.63,1,16,21.86,10.73,False
sh603617,20250707,7.37,7.3,False,False,102,73,-5.7,-13.24,18,47,35.69,2.85,False
sh601328,20240924,6.6,6.41,False,False,113,101,-1.21,-2.36,7,19,10.46,7.46,False
sh603489,20250624,27.14,25.96,False,False,70,83,-10.61,-10.82,50,37,24.91,8.22,False
sh688096,20260108,8.96,8.72,False,False,32,51,-13.62,-8.8,31,12,10.71,-8.82,False
sh601366,20241226,5.25,5.22,False,False,0,0,-17.71,-15.36,120,120,0.0,-12.4,False
sh603026,20240930,36.14,34.75,False,False,45,89,-14.19,-8.99,75,31,28.5,-0.72,False
sh600919,20240807,6.72,6.64,False,False,111,112,-1.64,-2.56,9,8,39.68,34.17,True
sh605298,20260324,43.52,42.31,True,True,18,18,0.0,0.0,0,0,25.8,24.54,True
sh688225,20250820,21.89,21.61,False,False,19,41,-19.05,-11.37,101,79,14.34,-7.08,False
sh601860,20251021,2.94,2.94,False,False,2,10,-10.2,-7.69,116,108,1.36,-9.18,False
sh600399,20240927,5.71,5.7,False,False,78,68,-7.35,-11.62,42,52,35.89,1.75,False
sh601601,20250514,33.65,31.35,False,False,107,105,-3.86,-3.61,13,15,23.54,5.82,False
sh000142,20240927,8178.57,7975.29,False,False,116,118,-2.01,-1.36,4,2,11.47,4.98,False
sh600403,20240925,2.76,2.76,False,False,105,79,-3.99,-8.45,15,41,58.7,47.46,True
sh600050,20240816,4.46,4.36,False,False,103,93,-5.83,-3.96,17,27,42.02,35.07,True
sh603688,20241009,34.57,33.32,False,False,0,64,-27.94,-14.39,120,56,0.0,-9.55,False
sh688311,20250725,37.48,37.24,False,False,54,54,-18.68,-18.82,66,66,57.71,22.41,True
sh688025,20260116,145.0,137.53,False,False,52,56,-7.07,-4.53,6,2,96.03,92.8,True
sh688676,20250717,36.0,35.75,True,True,120,120,0.0,0.0,0,0,159.61,158.19,True
sh600537,20240930,2.99,2.88,False,False,86,82,-10.03,-8.33,34,38,30.1,7.69,False
sh600863,20240902,4.15,4.12,False,False,53,56,-16.14,-14.77,67,64,10.36,-9.16,False
sh600784,20240923,4.8,4.78,True,True,120,120,0.0,0.0,0,0,41.22,41.22,True
sh688638,20251128,40.41,40.24,False,False,31,30,-13.41,-14.0,59,60,11.38,11.38,False
sh600579,20240802,6.08,6.06,False,False,74,84,-18.91,-15.72,46,36,120.72,39.31,True
sh600987,20240923,6.83,6.73,False,False,45,67,-8.35,-5.67,75,53,9.96,0.15,False
sh688372,20250625,59.27,56.31,False,False,99,106,-5.26,-3.44,21,14,77.66,67.29,True
sh601231,20240808,14.48,14.4,False,False,81,70,-10.29,-10.86,39,50,18.99,18.99,False
sh603590,20251113,47.31,46.98,False,False,1,1,-28.37,-23.85,100,100,0.23,-18.39,False
sh600660,20240730,42.73,42.17,False,False,109,110,-6.34,-5.58,11,10,39.71,32.67,True
sh601083,20251014,11.63,11.44,False,False,78,73,-4.64,-5.2,42,47,18.06,10.58,False
sh603416,20240829,28.29,28.06,False,False,109,109,-5.9,-4.8,11,11,92.71,77.44,True
sh600307,20240919,1.25,1.25,True,False,120,90,0.0,-4.26,0,30,60.8,21.6,True
sh688046,20250627,13.28,13.07,True,False,120,104,0.0,-10.21,0,16,48.49,15.66,False
sh688443,20260109,32.44,30.66,False,False,0,12,-26.26,-16.4,62,50,0.0,-4.04,False
sh603789,20240930,7.74,7.18,False,False,63,70,-23.13,-24.33,57,50,39.66,-18.48,False
sh600098,20240806,5.81,5.76,False,False,76,68,-12.56,-13.45,44,52,11.7,0.34,False
sh601500,20240930,5.37,5.2,False,False,44,98,-15.83,-14.31,76,22,7.82,-14.53,False
sh600702,20240930,59.44,59.28,False,False,65,62,-11.73,-14.44,55,58,38.74,-6.38,False
sh603195,20260225,43.97,43.76,False,False,1,6,-6.91,-5.18,34,29,0.27,-6.66,False
sh605050,20260320,14.43,14.21,False,False,3,8,-12.47,-7.57,16,11,1.59,-7.21,False
sh600265,20240930,15.44,14.92,False,False,102,89,-8.03,-10.77,18,31,23.38,10.43,False
sh688777,20250806,49.07,48.9,False,False,100,98,-4.48,-6.13,20,22,74.04,74.04,True
sh600132,20240926,58.1,57.99,False,False,45,54,-10.6,-8.41,75,66,14.34,-3.05,False
sh688273,20251201,37.47,36.76,False,False,70,57,-9.53,-10.5,19,32,63.38,30.5,True
sh600455,20240913,16.32,16.2,True,True,120,120,0.0,0.0,0,0,63.91,42.22,True
sh000114,20240927,1207.97,1204.27,False,False,60,59,-6.18,-6.75,60,61,10.34,-5.1,False
sh603843,20240730,2.71,2.7,False,False,94,93,-11.44,-13.67,26,27,46.49,28.04,True
sh603516,20250718,45.3,42.56,True,True,120,120,0.0,0.0,0,0,476.75,469.69,True
sh601005,20250702,1.41,1.32,False,False,118,97,-2.13,-3.17,2,23,17.02,4.26,False
sh603071,20251201,13.53,13.53,False,False,51,35,-3.99,-5.67,38,54,11.31,3.55,False
sh600381,20241025,2.83,2.83,False,False,117,117,-2.83,-9.86,3,3,69.61,21.2,True
sh000300,20240926,3545.32,3460.76,True,False,120,118,0.0,-0.94,0,2,20.05,9.65,False
sh688693,20250625,32.81,32.6,False,False,118,112,-1.83,-3.78,2,8,36.15,13.87,False
sh600048,20240926,8.95,8.44,False,False,60,56,-10.28,-12.66,60,64,28.26,-9.61,False
sh600835,20240925,11.16,11.11,True,True,120,120,0.0,0.0,0,0,125.63,90.59,True
sh603271,20251020,38.0,37.79,False,False,111,96,-1.34,-6.81,9,24,38.03,34.24,True
sh601456,20250710,10.45,10.45,False,False,101,76,-5.87,-10.88,19,44,16.99,-2.14,False
sh605080,20250701,28.38,28.08,False,False,6,11,-22.24,-14.82,114,109,8.27,-19.39,False
sh000813,20240927,2702.34,2653.57,False,False,95,110,-4.67,-1.97,25,10,12.82,1.61,False
sh603717,20240930,6.04,6.04,False,False,104,104,-7.45,-7.15,16,16,84.93,23.34,True
sh600006,20240930,7.04,6.73,False,False,79,94,-11.36,-6.47,41,26,18.88,10.22,False
sh688347,20260410,121.61,120.55,False,False,4,4,-2.13,-1.16,1,1,2.89,2.47,False
sh688620,20250806,12.98,12.98,False,False,36,58,-14.64,-11.96,84,62,13.79,-11.86,False
sh603976,20251020,19.52,19.41,False,False,106,56,-9.27,-12.5,13,63,15.16,1.54,False
sh600561,20240821,4.58,4.38,False,False,100,105,-10.04,-5.89,20,15,56.11,24.02,True
sh605399,20250924,12.59,12.54,False,False,117,89,-1.43,-7.79,3,31,50.52,13.19,False
sh688577,20251222,95.19,94.55,False,False,4,1,-37.68,-39.19,70,73,5.76,-27.72,False
sh600636,20240925,8.14,8.13,False,False,93,66,-14.13,-25.29,27,54,54.18,-14.0,False
sh600351,20240930,6.08,5.54,False,False,18,109,-10.03,-2.49,102,11,5.26,-1.97,False
sh600502,20240926,4.19,4.12,False,False,112,68,-2.39,-5.84,8,52,18.14,7.88,False
sh603212,20251020,11.18,11.12,False,False,118,104,-0.45,-10.74,1,15,64.22,23.79,True
sh688539,20250624,25.49,25.45,False,False,119,119,-0.24,-0.33,1,1,83.48,75.48,True
sh600678,20240927,5.5,5.38,True,False,120,100,0.0,-5.74,0,20,74.36,29.27,True
sh603169,20240820,4.99,4.94,False,False,91,95,-15.63,-12.82,29,25,21.64,10.42,False
sh900923,20240802,0.41,0.41,False,False,84,86,-7.35,-4.59,36,34,76.96,51.96,True
sh600837,20240807,8.47,8.47,False,False,93,94,-1.19,-0.47,6,5,57.6,22.89,True
sh688608,20250819,259.99,259.0,False,False,33,36,-23.01,-20.57,87,84,21.93,-19.61,False
sh601118,20240827,4.73,4.72,True,False,120,84,0.0,-5.55,0,36,32.99,8.67,False
sh603258,20240910,16.93,16.69,False,False,111,112,-7.21,-4.32,9,8,57.54,54.29,True
sh688192,20260415,60.2,58.51,False,True,1,2,-1.89,0.0,1,0,1.41,-1.89,False
sh603897,20250624,22.75,22.55,True,False,120,114,0.0,-5.04,0,6,22.99,17.8,False
sh600853,20240927,3.29,3.27,True,False,120,105,0.0,-3.75,0,15,48.94,13.37,False
sh600507,20240926,3.97,3.92,False,False,114,111,-6.05,-7.15,6,9,11.84,4.28,False
sh603390,20251219,13.1,13.06,False,False,22,29,-16.64,-14.61,53,46,5.11,-8.4,False
sh600060,20240930,21.5,21.14,False,False,45,92,-17.58,-15.23,75,28,14.98,14.98,False
sh603896,20240930,24.39,23.32,False,False,1,20,-21.12,-10.67,119,100,2.83,-17.47,False
sh688321,20251031,30.87,29.91,False,False,44,42,-13.25,-15.4,66,68,14.19,0.1,False
sh600337,20241028,1.82,1.81,False,False,78,84,-11.99,-15.38,42,36,56.11,-4.29,False
sh688625,20250624,30.77,29.76,False,False,104,105,-4.26,-2.58,16,15,34.4,24.65,True
sh688511,20260324,26.47,25.85,False,False,7,8,-23.99,-23.09,10,9,5.21,-15.19,False
sh603088,20240930,7.02,6.91,False,False,109,110,-8.69,-6.63,11,10,88.6,74.5,True
sh600650,20250110,14.28,13.54,False,False,75,79,-14.22,-17.4,45,41,26.68,12.68,False
sh900945,20240731,0.18,0.18,False,False,90,103,-3.37,-2.73,30,17,91.01,78.09,True
sh600379,20240919,8.99,8.17,False,False,105,103,-5.1,-5.38,15,17,16.49,11.72,False
sh603713,20260106,60.59,58.73,False,False,36,47,-7.64,-7.28,29,18,14.99,-1.37,False
sh688696,20250821,120.38,118.81,False,False,25,38,-25.32,-20.29,95,82,10.98,-20.51,False
sh603289,20251205,10.22,10.17,False,False,67,64,-7.05,-7.08,19,22,20.84,16.93,False
sh600203,20240923,7.08,6.45,False,False,118,100,-1.41,-9.26,2,20,100.99,34.46,True
sh600599,20240827,9.82,9.63,False,False,119,94,-0.41,-16.04,1,26,60.18,5.19,False
sh600905,20250625,4.21,4.2,False,False,96,91,-2.21,-3.21,24,29,3.96,-2.21,False
sh603288,20240830,35.88,35.11,False,False,106,86,-4.82,-6.52,14,34,41.25,11.51,False
sh600883,20240927,5.98,5.88,True,False,120,110,0.0,-3.59,0,10,33.95,15.38,False
sh688425,20250708,4.01,4.01,True,False,120,89,0.0,-7.17,0,31,90.16,26.28,True
sh600764,20240801,20.24,20.05,False,False,96,100,-7.85,-6.6,24,20,60.73,27.38,True
sh603626,20240827,6.16,5.76,True,False,120,89,0.0,-12.47,0,31,114.45,61.53,True
sh601566,20241008,8.25,8.23,False,False,35,88,-15.15,-13.69,85,32,9.82,2.91,False
sh688772,20250625,14.9,14.84,False,False,88,92,-10.67,-9.07,32,28,91.88,47.92,True
sh603059,20251222,31.5,31.44,False,False,63,35,-4.86,-9.62,11,39,34.86,9.84,False
sh603322,20240930,29.4,27.35,False,True,118,120,-5.51,0.0,2,0,76.05,61.19,True
sh605055,20260203,9.25,9.12,False,False,37,35,-13.62,-16.11,9,11,21.95,18.7,False
sh600433,20240925,2.73,2.72,True,False,120,115,0.0,-3.02,0,5,34.07,23.08,True
sh603016,20240912,15.41,15.26,True,False,120,118,0.0,-2.39,0,2,183.94,101.84,True
sh688215,20260115,72.22,70.73,False,False,29,21,-15.99,-17.94,29,37,8.43,8.02,False
sh601318,20240813,37.3,37.14,False,False,119,107,-0.78,-2.19,1,13,56.24,32.12,True
sh603058,20240731,7.82,7.72,False,False,80,74,-16.87,-16.73,40,46,49.84,17.25,False
sh600967,20240731,7.33,7.28,False,False,92,94,-13.5,-11.62,28,26,24.37,17.55,False
sh688110,20260414,119.0,118.52,False,False,2,2,-0.67,-0.34,1,1,1.88,1.88,False
sh600736,20240926,4.51,4.3,True,False,120,116,0.0,-1.52,0,4,60.06,25.49,True
sh603027,20241008,10.59,10.31,False,False,0,18,-26.14,-15.5,120,102,0.0,-21.35,False
sh600585,20240926,22.14,21.76,False,False,115,76,-2.71,-6.98,5,44,20.82,5.42,False
sh688097,20250630,27.82,27.15,False,False,110,110,-4.03,-2.02,10,10,38.21,20.5,True
sh603992,20250624,21.06,20.9,False,False,107,106,-2.9,-3.7,13,14,73.79,72.79,True
sh600778,20240805,4.24,4.16,False,False,115,116,-4.72,-3.24,5,4,135.85,57.31,True
sh603069,20240926,16.5,16.44,False,False,118,92,-0.79,-8.62,2,28,34.42,5.21,False
sh603312,20250624,35.69,35.1,False,True,119,120,-0.64,0.0,1,0,73.33,31.86,True
sh688439,20250630,58.25,56.06,False,False,56,76,-7.59,-6.14,64,44,6.08,-0.29,False
sh605180,20260121,15.43,15.32,False,False,25,26,-11.6,-10.94,29,28,7.58,-4.21,False
sh688209,20250725,18.55,18.32,False,False,118,111,-0.65,-6.06,2,9,42.05,42.05,True
sh600148,20240731,12.95,12.77,False,False,97,95,-9.42,-8.4,23,25,100.62,34.67,True
sh600232,20240731,4.28,4.24,False,False,103,102,-3.74,-3.98,17,18,41.36,28.97,True
sh605007,20250707,11.77,11.71,False,False,81,80,-2.72,-3.94,39,40,32.63,16.65,False
sh600461,20250401,8.97,8.96,False,False,114,94,-1.18,-3.96,6,26,9.15,-0.4,False
sh688247,20250627,10.12,10.11,False,False,111,72,-3.9,-11.88,9,48,28.25,-1.53,False
sh600106,20240924,4.76,4.74,False,False,119,87,-2.94,-10.16,1,33,60.24,15.11,False
sh605333,20250722,32.5,30.89,False,False,57,66,-12.68,-10.8,63,54,20.83,-3.17,False
sh600348,20240930,8.16,8.12,False,False,1,3,-25.12,-11.83,119,117,0.74,-19.61,False
sh000827,20240927,1397.0,1345.25,False,False,112,67,-2.51,-5.86,8,53,21.26,0.69,False
sh600281,20240911,3.21,2.99,False,False,100,81,-9.97,-8.77,20,39,46.42,23.05,True
sh603171,20250624,40.45,40.07,False,False,114,103,-6.11,-7.82,6,17,51.05,28.48,True
sh600801,20240813,13.07,13.05,False,False,13,22,-28.84,-26.8,107,98,10.18,-14.15,False
sh900917,20240926,0.22,0.22,True,False,120,113,0.0,-5.22,0,7,38.46,19.0,False
sh603920,20240829,18.21,18.02,True,True,120,120,0.0,0.0,0,0,112.08,70.29,True
sh688297,20250922,48.82,48.73,False,False,60,42,-9.48,-13.27,60,78,31.73,5.45,False
sh600785,20241104,11.61,11.35,False,False,55,101,-12.92,-7.76,65,19,28.42,4.13,False
sh688677,20251201,45.44,44.84,False,False,51,44,-20.09,-21.96,39,46,90.87,90.87,True
sh600365,20240903,2.67,2.6,False,False,82,77,-8.99,-6.09,38,43,17.6,4.49,False
sh603095,20250624,16.04,15.66,False,False,19,41,-11.85,-8.25,101,79,8.04,-11.85,False
sh603113,20240930,5.54,5.31,False,False,46,97,-12.08,-5.4,74,23,8.84,-1.8,False
sh603689,20240924,8.28,8.22,False,False,74,61,-4.59,-6.82,46,59,9.3,0.36,False
sh600198,20240913,5.81,5.34,True,False,120,88,0.0,-7.85,0,32,178.83,56.11,True
sh688315,20250708,14.63,14.51,False,False,78,64,-11.0,-13.48,42,56,17.29,-9.23,False
sh600054,20240927,11.4,11.18,False,False,43,91,-9.21,-6.16,77,29,9.39,3.77,False
sh600829,20240905,6.48,5.96,False,False,90,106,-19.91,-12.2,30,14,58.18,31.02,True
sh603222,20240909,6.49,6.02,False,False,87,93,-18.18,-10.82,33,27,25.42,8.47,False
sh600360,20241008,3.74,3.65,False,True,116,120,-2.68,0.0,4,0,88.6,88.06,True
sh600533,20240925,2.02,2.01,True,False,120,87,0.0,-9.58,0,33,65.35,7.43,False
sh688021,20251219,18.43,18.41,False,False,69,67,-2.06,-3.49,7,9,67.12,32.39,True
sh603158,20240802,7.51,7.25,False,False,67,83,-16.24,-10.93,53,37,25.16,16.64,False
sh000841,20240927,7489.16,7086.95,False,False,90,83,-5.84,-4.33,30,37,17.85,6.64,False
sh688338,20251128,26.73,26.48,False,False,65,65,-5.24,-4.99,26,26,33.97,14.03,False
sh600664,20240919,3.04,3.0,False,False,119,98,-0.33,-5.75,1,22,55.59,19.41,False
sh603908,20240806,21.32,20.99,False,False,58,74,-19.79,-17.09,62,46,23.36,7.04,False
sh600983,20240930,7.88,7.4,False,False,108,115,-8.63,-2.14,12,5,60.15,20.94,True
sh688376,20251202,46.0,45.03,True,True,89,89,0.0,0.0,0,0,71.09,55.63,True
sh605136,20250904,10.07,9.77,False,False,93,81,-7.75,-12.35,27,39,38.03,3.67,False
sh600303,20241024,2.74,2.71,False,False,117,118,-2.92,-0.13,3,2,63.14,63.14,True
sh600550,20240822,4.53,4.52,False,False,114,79,-5.74,-10.07,6,41,178.15,74.39,True
sh601101,20240816,7.92,7.88,False,False,65,41,-13.38,-14.27,55,79,21.21,-12.88,False
sh603041,20240930,10.61,10.01,False,False,88,119,-6.03,-0.1,32,1,13.01,9.14,False
sh688411,20260128,240.4,234.4,False,False,14,11,-10.77,-19.05,35,38,22.3,-4.18,False
sh600237,20240926,5.31,5.19,True,False,120,118,0.0,-1.86,0,2,59.7,29.76,True
sh688138,20250708,27.08,26.32,False,False,108,75,-2.03,-6.89,12,45,30.21,3.98,False
sh603613,20250819,24.58,24.52,True,False,120,104,0.0,-7.52,0,16,34.09,9.44,False
sh603568,20240927,19.29,19.14,False,False,98,91,-4.72,-7.3,22,29,17.57,8.55,False
sh600279,20240926,3.78,3.76,True,True,120,120,0.0,0.0,0,0,55.82,32.01,True
sh600449,20240927,11.78,11.68,True,True,120,120,0.0,0.0,0,0,43.89,21.73,True
sh603358,20250408,33.99,33.45,False,False,84,77,-4.3,-5.96,36,43,28.27,22.54,True
sh688092,20250624,21.52,21.06,True,False,120,114,0.0,-4.95,0,6,25.88,9.15,False
sh688708,20250701,55.72,55.6,False,False,117,83,-2.76,-17.53,3,37,51.83,4.59,False
sh601019,20251201,8.73,8.72,False,False,57,70,-11.57,-11.31,32,19,7.9,-11.0,False
sh688221,20251015,14.8,14.03,False,False,109,101,-5.27,-7.99,11,19,90.2,39.39,True
sh600160,20240930,22.04,20.81,False,False,84,107,-13.57,-7.84,36,13,18.33,14.16,False
sh603290,20250724,85.62,84.99,False,False,117,96,-0.99,-3.93,3,24,35.72,22.45,True
sh603316,20240920,4.19,4.03,True,False,120,101,0.0,-8.61,0,19,70.41,41.77,True
sh000146,20240927,6120.73,5919.47,False,False,118,89,-0.82,-4.8,2,31,21.8,3.34,False
sh603810,20250904,15.08,15.02,False,False,114,80,-6.76,-8.41,6,40,24.27,14.39,False
sh601881,20240830,10.72,10.71,False,False,116,116,-4.2,-3.95,4,4,63.16,52.44,True
sh000858,20240927,5553.45,5232.93,True,True,120,120,0.0,0.0,0,0,48.83,35.45,True
sh601766,20240924,6.99,6.83,False,False,118,66,-0.43,-7.53,2,54,21.6,1.0,False
sh688038,20250901,15.85,15.81,False,False,100,80,-6.06,-9.91,20,40,54.95,38.99,True
sh688496,20251027,8.93,8.91,False,False,2,1,-36.73,-32.22,112,113,1.68,-36.51,False
sh600830,20250207,9.94,9.77,False,False,35,48,-20.51,-22.21,85,72,15.33,15.33,False
sh600184,20240807,9.14,9.11,False,False,86,81,-13.35,-12.5,34,39,27.13,21.88,True
sh601949,20250708,6.65,6.64,False,False,92,87,-3.73,-5.52,28,33,8.15,-2.98,False
sh900926,20240927,1.51,1.5,False,False,95,98,-5.11,-5.19,25,22,18.58,2.52,False
sh601965,20240927,17.36,17.06,False,False,93,102,-8.7,-6.53,27,18,11.0,6.57,False
sh600549,20240924,17.3,17.26,False,False,119,114,-0.93,-1.84,1,6,28.91,10.93,False
sh600480,20240930,6.9,6.73,False,False,101,103,-10.26,-8.01,19,17,107.91,83.06,True
sh603217,20260306,24.88,24.78,False,False,14,14,-13.38,-13.98,14,14,6.31,6.31,False
sh600354,20240926,5.01,5.0,True,False,120,105,0.0,-5.7,0,15,33.13,9.78,False
sh688646,20250825,32.82,31.37,False,False,80,114,-9.41,-3.63,40,6,39.91,39.91,True
sh688015,20251124,22.7,22.62,False,False,69,53,-8.77,-14.07,25,41,16.56,0.93,False
sh603259,20251210,92.75,92.56,False,False,60,37,-5.35,-9.39,22,45,15.18,7.16,False
sh600633,20240927,9.4,8.66,False,False,113,111,-6.06,-6.56,7,9,107.55,40.21,True
sh603190,20250624,22.59,21.86,False,False,116,114,-1.33,-2.88,4,6,19.3,14.39,False
sh688121,20251021,12.87,12.64,False,False,16,28,-20.36,-16.45,102,90,5.59,-15.93,False
sh601319,20251014,8.1,8.07,False,False,104,83,-10.56,-16.43,16,37,22.67,-7.47,False
sh600707,20240930,7.48,6.93,False,False,86,112,-9.63,-3.0,34,8,20.99,1.6,False
sh600928,20251104,3.99,3.94,False,False,9,12,-13.78,-10.65,99,96,3.76,-9.27,False
sh601998,20240815,5.89,5.81,False,False,102,98,-12.4,-11.76,18,22,14.95,7.02,False
sh688408,20250717,51.06,50.21,False,False,12,46,-17.61,-10.86,108,74,4.97,-8.95,False
sh688392,20260408,130.0,117.74,False,True,1,7,-3.19,0.0,6,0,1.42,1.42,False
sh600749,20240806,11.35,11.2,False,False,33,37,-11.72,-11.48,87,83,12.25,-3.79,False
sh603809,20250905,14.37,14.35,False,False,25,25,-18.09,-19.63,95,95,21.36,-17.47,False
sh601186,20240809,7.96,7.91,False,False,94,76,-17.96,-16.58,26,44,25.13,3.39,False
sh600179,20240925,2.23,2.23,True,False,120,116,0.0,-3.01,0,4,50.22,31.84,True
sh603668,20240926,12.26,12.11,False,False,55,72,-12.32,-10.21,65,48,13.78,-0.41,False
sh688238,20260112,7.8,7.54,False,False,2,21,-20.9,-16.06,59,40,1.28,-10.26,False
sh688711,20250624,17.02,16.71,True,False,120,107,0.0,-7.75,0,13,83.43,45.12,True
sh600190,20241112,1.94,1.91,False,False,0,11,-58.76,-45.92,120,109,0.0,-56.7,False
sh601001,20240926,15.1,14.99,False,False,16,16,-30.8,-21.37,104,104,7.95,-26.23,False
sh000111,20240731,5901.27,5702.81,False,False,82,83,-13.7,-10.66,38,37,45.13,29.74,True
sh600137,20240927,12.43,12.08,True,False,120,115,0.0,-3.22,0,5,44.96,17.69,False
sh603808,20240930,7.17,6.66,False,False,67,100,-8.92,-7.39,53,20,22.17,-3.07,False
sh601187,20250909,6.31,6.3,False,False,108,107,-2.69,-3.98,12,13,25.67,21.55,True
sh688276,20250717,22.24,21.92,False,False,56,56,-15.2,-15.23,64,64,14.39,-7.87,False
sh600886,20240930,16.49,16.01,False,False,0,11,-19.28,-10.82,120,109,0.0,-14.19,False
sh688420,20251020,24.89,24.5,False,False,74,62,-9.24,-11.6,45,57,11.57,-0.72,False
sh600761,20240930,21.06,19.9,False,False,3,51,-25.64,-12.22,117,69,8.07,-11.44,False
sh600206,20240926,9.43,9.2,True,False,120,119,0.0,-0.92,0,1,171.56,73.69,True
sh605033,20250707,19.42,19.37,False,False,107,86,-3.5,-14.29,13,34,45.31,2.88,False
sh603517,20240930,16.41,15.3,False,False,51,56,-14.87,-11.87,69,64,31.26,-6.83,False
sh688147,20250624,29.34,28.63,False,True,119,120,-0.05,0.0,1,0,147.14,127.37,True
sh600248,20240925,3.59,3.51,True,False,120,107,0.0,-2.1,0,13,36.77,17.83,False
sh603559,20240805,3.25,3.17,True,True,120,120,0.0,0.0,0,0,207.72,134.86,True
sh688109,20260320,130.66,128.56,False,False,1,1,-12.08,-15.26,18,18,0.95,-6.79,False
sh000093,20240926,9970.5,9896.43,True,False,120,113,0.0,-1.92,0,7,20.86,10.2,False
sh600962,20240920,11.55,11.29,True,False,120,63,0.0,-14.72,0,57,58.96,13.42,False
sh601066,20250625,24.36,23.98,False,False,109,98,-2.63,-3.83,11,22,16.44,9.51,False
sh600685,20240813,27.04,26.78,False,False,2,6,-17.3,-14.97,118,114,2.96,-14.12,False
sh688739,20251020,26.79,26.73,False,False,33,23,-12.09,-11.2,86,96,5.15,-9.0,False
sh603369,20240930,50.34,46.6,False,False,22,81,-18.81,-6.61,98,39,9.59,0.91,False
sh600478,20240930,4.11,3.81,False,False,98,115,-9.25,-2.56,22,5,42.82,23.6,True
sh600151,20240801,5.06,4.92,False,False,104,101,-6.72,-6.65,16,19,83.4,35.38,True
sh605199,20251103,9.46,9.25,False,False,12,19,-35.31,-25.59,97,90,7.82,-27.59,False
sh600436,20240926,221.01,212.15,False,False,47,52,-10.72,-9.0,73,68,21.46,-9.95,False
sh603395,20250821,36.46,34.49,False,False,11,32,-20.1,-14.79,109,88,7.41,-14.29,False
sh601686,20251127,6.41,6.15,False,False,18,37,-12.79,-11.66,73,54,2.5,-8.11,False
sh600818,20241008,16.38,15.79,False,False,0,17,-36.57,-19.83,120,103,0.0,-28.21,False
sh603915,20250716,15.7,15.55,False,False,95,98,-6.37,-6.75,25,22,17.96,16.88,False
sh688010,20250805,35.99,35.13,False,False,3,36,-27.12,-16.4,117,84,5.58,-14.67,False
sh600298,20240808,29.93,29.49,False,False,109,114,-2.44,-2.01,11,6,25.53,19.48,False
sh603589,20240926,39.9,36.93,False,False,25,61,-15.44,-10.75,95,59,17.17,-13.13,False
sh601700,20240930,4.42,4.23,False,False,85,87,-7.69,-5.49,35,33,15.83,2.26,False
sh601229,20240910,6.33,6.25,False,False,113,113,-4.42,-3.67,7,7,42.81,39.49,True
sh688197,20260310,40.29,39.82,False,False,8,12,-15.76,-13.69,18,14,5.71,2.51,False
sh603690,20240930,22.44,22.07,False,False,115,113,-5.61,-3.3,5,7,46.39,29.1,True
sh688309,20251205,23.41,23.21,False,False,78,69,-5.08,-5.79,8,17,229.09,229.09,True
sh900940,20240920,0.21,0.2,False,False,118,78,-0.97,-14.7,2,42,40.78,12.62,False
sh603938,20250905,14.55,14.24,False,False,101,105,-7.7,-6.87,19,15,107.01,98.28,True
sh603939,20241008,26.61,26.26,False,False,0,93,-18.83,-15.88,120,27,0.0,-3.65,False
sh600655,20240926,5.56,5.28,False,False,90,79,-3.06,-6.77,30,41,21.58,-2.34,False
sh600332,20240806,28.57,28.47,False,False,13,44,-18.13,-17.45,107,76,5.43,-7.49,False
sh688073,20260107,67.58,67.39,False,False,13,11,-28.23,-27.95,51,53,9.54,-10.79,False
sh600079,20240731,19.46,18.63,False,False,95,105,-19.89,-15.01,25,15,28.16,10.02,False
sh603768,20240920,12.22,12.06,False,False,95,86,-8.51,-9.51,25,34,28.47,6.55,False
sh600284,20240802,5.37,5.37,False,False,82,83,-14.89,-13.27,38,37,18.98,9.44,False
sh688525,20250624,65.3,64.42,False,False,97,99,-3.63,-3.6,23,21,118.58,70.09,True
sh605598,20250625,21.42,21.28,False,False,109,113,-2.15,-1.42,11,7,145.89,126.47,True
sh600037,20240925,6.35,6.17,True,False,120,118,0.0,-2.8,0,2,28.49,19.52,False
sh603726,20240925,12.53,12.47,True,False,120,108,0.0,-4.31,0,12,52.19,23.06,True
sh000011,20240926,6059.39,5865.76,True,True,120,120,0.0,0.0,0,0,20.01,14.58,False
sh600499,20240930,8.5,8.01,False,False,6,93,-17.3,-10.71,114,27,3.88,0.47,False
sh688611,20260324,52.79,51.15,False,False,8,11,-5.51,-3.87,9,6,18.17,18.17,False
sh603116,20240927,4.3,4.2,False,False,118,110,-0.46,-8.87,2,10,99.65,20.44,True
sh600867,20240930,8.52,8.36,False,False,6,46,-16.55,-9.24,114,74,2.35,-11.97,False
sh688292,20250718,21.61,20.69,False,False,95,105,-6.99,-5.48,25,15,72.33,72.33,True
sh601218,20240927,2.95,2.89,False,False,119,87,-0.68,-5.43,1,33,26.1,10.17,False
sh600649,20240809,3.55,3.53,False,False,90,75,-14.65,-12.86,30,45,58.87,23.38,True
sh688508,20251225,62.0,61.77,False,False,49,43,-9.6,-12.04,22,28,20.08,7.05,False
sh600780,20240927,5.94,5.94,False,False,42,57,-13.47,-8.82,78,63,12.46,-2.53,False
sh601898,20240807,11.1,11.03,False,False,102,85,-4.27,-12.86,18,35,27.07,-4.0,False
sh900912,20240830,0.65,0.64,False,False,105,89,-4.64,-4.53,15,31,22.41,7.42,False
sh603811,20240927,6.75,6.59,True,True,120,120,0.0,0.0,0,0,27.7,27.41,True
sh603317,20250818,12.03,11.98,False,False,85,93,-6.23,-3.08,35,27,20.62,11.8,False
sh600580,20240930,10.48,10.23,False,False,112,114,-8.19,-5.1,8,6,143.91,106.21,True
sh600083,20241029,2.32,2.26,False,False,20,33,-60.34,-55.68,36,23,16.38,-60.34,False
sh601018,20240926,3.36,3.35,True,False,120,77,0.0,-3.95,0,43,13.98,7.14,False
sh600733,20240930,8.07,7.55,False,False,76,79,-12.89,-12.7,44,41,27.63,8.67,False
sh603022,20240930,7.34,7.02,False,False,93,106,-7.35,-3.7,27,14,18.93,15.25,False
sh603359,20251125,7.91,7.83,False,False,30,30,-29.33,-28.45,63,63,26.04,-27.69,False
sh688472,20250815,9.42,9.37,True,True,120,120,0.0,0.0,0,0,154.78,60.62,True
sh688115,20251022,62.81,52.88,False,False,39,60,-40.14,-33.88,78,57,13.2,-28.51,False
sh603188,20240806,2.67,2.58,False,False,94,94,-11.99,-8.99,26,26,71.54,40.82,True
sh600699,20240927,15.44,15.02,False,False,105,112,-6.99,-5.52,15,8,31.21,12.76,False
sh600750,20240930,21.9,21.82,False,False,2,67,-13.29,-8.55,118,53,2.65,-1.46,False
sh605336,20251224,16.2,16.01,False,False,14,23,-18.4,-14.94,58,49,13.02,-6.67,False
sh600103,20240926,1.89,1.86,True,False,120,113,0.0,-3.11,0,7,46.61,15.89,False
sh601666,20241129,9.8,9.69,False,False,10,16,-23.16,-16.07,110,104,2.45,-19.8,False
sh000125,20240926,10503.67,10195.96,True,True,120,120,0.0,0.0,0,0,11.71,5.94,False
sh688176,20251219,11.36,10.75,False,True,71,76,-3.08,0.0,5,0,55.46,19.1,False
sh600084,20240927,5.29,5.14,False,False,80,84,-6.99,-8.04,40,36,23.63,5.48,False
sh603527,20260112,11.49,11.3,False,False,18,28,-17.67,-15.94,43,33,11.75,5.57,False
sh688596,20250729,36.84,36.47,False,False,38,46,-22.83,-20.94,82,74,32.3,-3.09,False
sh601628,20240815,29.31,29.16,True,False,120,113,0.0,-2.92,0,7,64.48,33.43,True
sh603045,20251212,19.39,19.39,False,False,75,72,-4.49,-4.75,6,9,88.5,88.5,True
sh600898,20240808,1.34,1.3,False,False,89,87,-44.78,-52.09,14,16,61.94,-44.78,False
sh603877,20240930,13.88,13.52,False,False,72,95,-11.09,-7.13,48,25,16.21,16.21,False
sh601519,20240924,6.28,5.97,True,False,120,115,0.0,-2.65,0,5,106.37,39.49,True
sh688593,20250807,17.62,17.5,False,False,108,99,-8.8,-4.98,12,21,49.94,49.94,True
sh600081,20240923,9.04,8.95,True,False,120,118,0.0,-0.49,0,2,54.09,42.92,True
sh688173,20251113,14.88,14.78,False,False,60,45,-11.83,-15.14,41,56,20.7,-1.68,False
sh688720,20260325,63.89,63.28,False,False,16,16,-2.68,-1.92,1,1,21.47,20.68,True
sh603839,20240814,4.89,4.88,False,False,91,95,-18.61,-18.15,29,25,44.98,18.81,False
sh600755,20240927,6.55,6.42,False,False,21,77,-11.3,-5.82,99,43,14.05,-4.43,False
sh600251,20240930,7.65,7.28,False,False,9,56,-13.2,-5.89,111,64,4.18,-9.54,False
sh603313,20241008,7.29,7.15,False,False,14,61,-16.46,-12.21,106,59,9.74,-6.31,False
sh601600,20240924,6.91,6.89,False,False,118,87,-1.42,-5.76,2,33,26.63,6.98,False
sh600398,20240930,7.4,7.28,False,False,52,73,-26.62,-21.65,68,47,16.22,8.92,False
sh603068,20250625,34.66,34.19,False,False,97,81,-3.84,-7.69,23,39,38.29,5.42,False
sh603815,20250630,7.25,6.96,True,False,120,109,0.0,-28.02,0,11,99.7,4.61,False
sh603993,20240926,7.87,7.78,False,False,11,37,-19.58,-13.37,109,83,7.37,-6.61,False
sh605299,20251015,9.29,9.22,False,False,110,108,-4.74,-4.17,10,12,148.22,103.23,True
sh600165,20240819,1.43,1.41,False,False,83,100,-11.79,-8.02,37,20,100.98,88.7,True
sh603269,20240930,6.12,6.09,False,False,111,112,-7.92,-7.41,9,8,76.56,29.54,True
sh600578,20240813,3.16,3.1,False,False,104,77,-10.13,-9.84,16,43,17.72,5.7,False
sh688639,20250925,32.9,32.55,False,False,88,66,-13.8,-17.79,32,54,25.65,-12.92,False
sh603112,20250924,16.67,16.6,False,False,101,69,-5.16,-7.95,19,51,18.09,1.06,False
sh600862,20240927,19.39,18.79,True,False,120,117,0.0,-2.43,0,3,43.68,22.95,True
sh000077,20240731,3297.19,3258.09,False,False,81,82,-14.81,-11.17,39,38,43.58,29.8,True
sh603227,20250303,8.56,8.26,False,False,85,71,-4.44,-6.15,35,49,17.52,17.52,False
sh600536,20240731,30.9,30.33,False,False,95,101,-7.93,-6.98,25,19,123.92,39.9,True
sh605099,20251015,30.58,30.48,False,False,119,117,-1.21,-1.7,1,3,49.35,33.94,True
sh688310,20260209,17.7,17.57,False,False,4,4,-17.57,-14.63,37,37,0.73,-10.73,False
sh688543,20250930,51.18,50.46,False,False,103,102,-7.64,-7.18,17,18,63.7,34.68,True
sh600602,20240926,11.0,10.89,True,False,120,118,0.0,-3.81,0,2,161.53,118.51,True
sh600051,20240925,5.44,5.32,True,True,120,120,0.0,0.0,0,0,42.83,22.24,True
sh688047,20250627,139.01,129.36,False,False,37,77,-10.94,-6.13,83,43,16.84,-1.71,False
sh605133,20251118,36.29,36.11,False,False,9,5,-30.56,-29.05,89,93,9.2,-10.94,False
sh600661,20240805,10.67,10.62,False,False,107,79,-4.78,-14.71,13,41,50.33,6.56,False
sh600986,20240926,4.4,4.3,True,True,120,120,0.0,0.0,0,0,142.27,102.73,True
sh688520,20260416,45.01,44.86,False,False,0,0,-1.69,-1.2,1,1,0.0,-1.69,False
sh603458,20250924,8.63,8.13,False,False,83,93,-11.47,-12.03,37,27,51.91,17.73,False
sh603722,20250724,41.11,40.95,False,False,64,53,-10.58,-13.52,56,67,37.34,-0.17,False
sh688009,20250714,5.26,5.26,False,False,106,103,-2.09,-2.25,14,17,7.03,6.08,False
sh688793,20260325,26.93,25.91,False,False,2,2,-20.68,-15.86,14,14,4.72,-20.57,False
sh600131,20240925,17.57,17.0,False,False,114,88,-1.71,-7.27,6,32,40.41,6.6,False
sh601333,20240924,3.27,3.23,False,False,65,47,-10.09,-10.62,55,73,14.68,-7.95,False
sh600456,20240828,25.66,25.44,False,False,113,95,-1.48,-6.25,7,25,31.72,9.47,False
sh603989,20240927,13.75,13.38,False,True,111,120,-3.05,0.0,9,0,24.95,13.24,False
sh603072,20251013,53.83,52.61,False,False,0,0,-36.21,-22.48,120,120,0.0,-31.32,False
sh600418,20250305,34.83,34.69,False,False,90,68,-11.94,-16.76,30,52,53.26,43.61,True
sh603309,20240731,10.68,10.43,False,False,82,74,-15.54,-14.02,38,46,25.84,3.18,False
sh000159,20240926,2750.55,2718.69,True,True,120,120,0.0,0.0,0,0,18.65,12.38,False
sh603325,20251024,83.73,82.44,False,False,14,14,-16.17,-12.79,101,101,8.32,-8.73,False
sh603823,20240904,9.83,9.27,False,False,36,52,-16.99,-13.13,84,68,11.9,2.95,False
sh600228,20240925,5.18,5.14,False,False,101,76,-11.78,-22.59,19,44,65.06,-3.28,False
sh688169,20250714,162.89,159.66,False,False,69,72,-6.8,-14.17,51,48,33.83,-1.84,False
sh600152,20240903,5.6,5.25,False,False,99,88,-12.5,-7.05,21,32,30.18,10.0,False
sh603577,20240926,7.05,6.93,True,True,120,120,0.0,0.0,0,0,32.47,24.67,True
sh600266,20240806,4.06,3.96,False,False,113,95,-5.67,-8.12,7,25,68.97,19.21,False
sh600635,20240905,3.05,2.91,False,False,109,104,-8.51,-3.99,11,16,72.69,30.45,True
sh603959,20241022,2.0,1.99,True,False,120,116,0.0,-5.05,0,4,158.0,80.0,True
sh600066,20240918,20.98,20.97,False,False,107,97,-7.39,-9.15,13,23,31.22,17.59,False
sh688789,20250711,68.97,68.87,False,False,112,110,-3.29,-3.47,8,10,23.05,15.17,False
sh688013,20251225,52.94,48.76,False,False,1,3,-33.96,-29.69,70,68,3.14,-28.15,False
sh601702,20250813,18.26,17.1,False,False,50,117,-9.75,-0.41,70,3,52.41,28.37,True
sh900920,20240927,0.17,0.17,True,False,120,116,0.0,-1.52,0,4,40.48,23.81,True
sh600486,20240927,56.37,54.32,False,False,30,70,-11.39,-6.91,90,50,8.36,-7.24,False
sh603272,20251205,19.27,19.11,False,False,70,68,-5.14,-5.68,16,18,92.11,42.92,True
sh688517,20251212,15.89,15.59,False,False,70,77,-2.45,-1.07,11,4,37.63,37.63,True
sh688623,20260324,87.87,87.34,False,False,5,2,-3.36,-3.74,12,15,2.49,2.08,False
sh600331,20240926,6.2,6.17,True,False,120,89,0.0,-5.29,0,31,47.42,15.65,False
sh600562,20240731,13.49,13.08,False,False,86,88,-9.42,-8.18,34,32,52.13,38.56,True
sh900908,20240912,0.46,0.46,True,False,120,106,0.0,-2.28,0,14,32.1,21.26,True
sh688075,20250630,37.57,37.26,False,False,118,83,-0.19,-5.96,2,37,18.23,2.98,False
sh688512,20251021,11.4,11.31,False,False,76,60,-10.7,-11.87,42,58,14.91,12.98,False
sh688288,20250711,28.5,28.42,False,False,63,33,-9.44,-12.18,57,87,13.82,-1.33,False
sh600653,20240925,1.38,1.35,True,False,120,114,0.0,-3.85,0,6,109.42,49.28,True
sh900946,20240903,0.14,0.13,False,True,109,120,-5.71,0.0,11,0,47.14,47.14,True
sh688668,20251120,87.7,87.02,False,False,96,95,-5.44,-4.99,1,2,141.73,140.81,True
sh603696,20240927,7.28,7.2,False,False,114,119,-1.79,-0.47,6,1,52.75,16.62,False
sh600187,20250221,3.75,3.59,False,False,5,9,-21.6,-19.65,115,111,12.8,-20.8,False
sh603277,20250722,16.4,16.16,False,False,113,97,-1.77,-5.34,7,23,16.34,2.99,False
sh603120,20251024,40.61,40.36,False,False,45,43,-13.32,-14.11,70,72,14.01,-2.86,False
sh600850,20240924,17.67,17.37,False,False,119,119,-0.96,-0.7,1,1,62.71,36.9,True
sh605218,20250625,22.57,22.27,False,False,35,60,-20.56,-17.19,85,60,11.65,-19.54,False
sh605162,20251124,8.9,8.82,False,False,76,75,-5.17,-6.57,19,20,73.93,57.42,True
sh688322,20250624,57.79,56.04,False,False,118,118,-0.24,-1.25,2,2,66.81,37.76,True
sh605056,20250922,14.72,14.4,True,True,120,120,0.0,0.0,0,0,68.61,58.49,True
sh600157,20240927,1.22,1.22,True,False,120,100,0.0,-8.44,0,20,64.75,19.67,False
sh603014,20260105,41.49,39.83,False,False,6,23,-13.47,-11.41,60,43,1.81,-8.87,False
sh603826,20240819,30.59,30.27,False,False,17,21,-38.08,-28.53,103,99,14.09,-34.26,False
sh600119,20240924,6.47,6.41,True,False,120,102,0.0,-14.35,0,18,69.55,14.99,False
sh688695,20250716,31.21,30.38,False,False,34,59,-15.57,-13.39,86,61,12.14,-4.13,False
sh605286,20250801,38.59,38.16,False,False,102,74,-5.93,-11.45,18,46,21.38,-0.29,False
sh688468,20250624,7.24,7.15,True,False,120,102,0.0,-8.47,0,18,23.48,1.1,False
sh600729,20240927,21.52,20.14,False,False,105,119,-7.39,-0.92,15,1,49.26,30.95,True
sh603038,20240827,8.41,8.01,False,False,99,104,-13.44,-7.7,21,16,287.87,77.41,True
sh601002,20240925,3.1,3.07,True,True,120,120,0.0,0.0,0,0,62.9,50.0,True
sh601798,20240927,5.54,5.36,True,False,120,113,0.0,-1.12,0,7,54.15,19.13,False
sh600906,20250624,6.61,6.55,True,False,120,99,0.0,-5.71,0,21,19.82,4.39,False
sh600880,20240925,3.9,3.88,True,False,120,114,0.0,-4.38,0,6,84.87,18.72,False
sh688275,20250724,42.0,41.51,False,True,113,120,-1.62,0.0,7,0,149.17,70.62,True
sh688426,20250630,22.17,22.02,False,False,118,108,-0.45,-6.35,2,12,50.92,10.33,False
sh605183,20251225,19.78,19.7,False,False,53,49,-7.23,-9.66,18,22,18.5,-2.28,False
sh688590,20250625,21.16,20.14,False,False,63,65,-17.21,-17.8,57,55,25.24,-16.21,False
sh600936,20240829,2.38,2.37,False,False,104,106,-7.98,-5.69,16,14,56.72,39.08,True
sh688170,20260112,36.27,35.83,False,False,60,60,-3.69,-2.64,2,2,68.05,66.09,True
sh688244,20250821,28.35,27.91,False,False,2,33,-31.92,-20.7,118,87,3.0,-18.1,False
sh688113,20251124,38.32,38.24,False,False,70,55,-8.38,-14.07,24,39,23.28,0.63,False
sh600252,20240806,2.29,2.28,False,False,85,73,-17.9,-16.84,35,47,33.19,6.55,False
sh605500,20251103,9.28,9.18,False,False,20,26,-8.41,-11.62,89,83,5.39,-2.48,False
sh603859,20241008,20.32,19.53,False,False,105,113,-12.4,-7.33,15,7,101.87,56.35,True
sh603676,20251010,11.65,11.48,False,False,9,10,-16.6,-13.2,111,110,1.72,-8.53,False
sh600586,20240930,6.04,5.73,False,False,17,66,-17.04,-10.29,103,54,8.93,-16.38,False
sh601579,20240801,9.78,9.71,False,False,85,69,-13.7,-14.58,35,51,24.14,-0.61,False
sh603817,20240926,4.86,4.82,True,False,120,117,0.0,-3.49,0,3,28.06,11.61,False
sh600328,20240730,7.29,7.22,False,False,100,89,-7.0,-7.38,20,31,21.68,0.82,False
sh900914,20250717,0.54,0.53,False,False,55,62,-11.19,-9.71,65,58,7.65,-4.1,False
sh688027,20250715,268.24,267.01,False,True,118,120,-0.31,0.0,2,0,123.31,114.61,True
sh601919,20240923,11.14,11.0,True,False,120,101,0.0,-4.54,0,19,30.16,16.16,False
sh600366,20240924,5.7,5.59,False,True,119,120,-0.35,0.0,1,0,60.7,46.67,True
sh600601,20240826,2.7,2.7,False,False,113,113,-3.33,-3.21,7,7,119.63,75.19,True
sh688313,20260310,82.99,80.38,False,False,20,23,-6.41,-4.03,7,4,51.57,51.04,True
sh600556,20240927,4.06,3.84,True,False,120,112,0.0,-5.88,0,8,102.44,23.64,True
sh688617,20250825,283.6,281.61,False,False,40,36,-20.87,-19.31,80,84,17.02,-13.17,False
sh688370,20250624,19.0,18.84,False,False,117,101,-0.11,-7.91,3,19,62.11,21.37,True
sh600031,20240809,14.74,14.71,False,False,109,76,-2.85,-8.81,11,44,27.2,10.51,False
sh600518,20240801,1.95,1.94,False,False,70,74,-12.82,-11.21,50,46,46.67,14.36,False
sh000824,20240926,1990.87,1979.03,False,False,119,105,-0.02,-1.14,1,15,9.4,3.68,False
sh603172,20251218,17.98,17.62,False,False,67,69,-2.67,-1.76,9,7,73.14,15.85,False
sh600282,20240930,4.65,4.43,False,False,1,73,-16.36,-9.41,119,47,0.0,-3.87,False
sh688659,20251128,10.15,10.02,False,False,38,34,-11.63,-13.43,52,56,10.64,-2.27,False
sh603889,20240930,7.12,6.65,False,False,4,45,-15.45,-6.93,116,75,4.63,-10.96,False
sh600802,20240924,3.09,3.03,False,True,119,120,-0.65,0.0,1,0,50.49,38.51,True
sh600629,20240926,4.63,4.49,True,True,120,120,0.0,0.0,0,0,121.43,67.63,True
sh600667,20240927,5.74,5.59,True,False,120,110,0.0,-6.45,0,10,57.62,17.75,False
sh600980,20240925,13.26,13.24,True,True,120,120,0.0,0.0,0,0,34.63,28.59,True
sh688375,20251127,65.93,65.88,False,False,90,89,-1.03,-1.54,2,3,156.7,112.65,True
sh688526,20251027,16.96,16.95,False,False,4,8,-16.1,-12.83,110,106,4.89,-10.97,False
sh601279,20260209,4.64,4.62,False,False,0,0,-15.3,-15.21,41,41,0.0,-15.3,False
sh688041,20250729,143.0,143.0,False,False,109,109,-4.96,-5.14,11,11,101.69,92.94,True
sh600300,20240927,2.51,2.42,False,True,116,120,-2.39,0.0,4,0,53.34,29.46,True
sh688316,20250708,63.2,61.59,False,False,72,60,-11.14,-17.5,48,60,31.04,-4.79,False
sh600057,20240930,6.06,5.8,False,False,12,84,-9.89,-4.58,108,36,8.25,-7.92,False
sh600530,20250918,7.7,7.52,False,False,38,29,-35.06,-29.86,82,91,14.55,-31.82,False
sh688671,20251125,22.13,21.96,False,False,71,60,-7.82,-14.32,22,33,33.3,-2.94,False
sh603927,20250704,20.58,20.36,False,False,47,64,-9.52,-8.88,73,56,8.11,-7.77,False
sh603220,20250822,23.3,23.28,False,False,70,80,-10.17,-8.59,50,40,16.31,16.31,False
sh688358,20250630,28.65,28.45,False,False,116,91,-1.12,-7.87,4,29,25.44,5.12,False
sh603708,20240927,8.51,8.46,False,False,116,105,-2.47,-5.79,4,15,62.28,13.98,False
sh600864,20240731,5.23,5.11,False,False,82,85,-12.05,-7.49,38,35,48.18,20.84,True
sh600019,20240930,6.72,6.23,False,False,40,118,-8.18,-1.04,80,2,9.07,4.31,False
sh605118,20251201,28.65,28.61,False,False,83,77,-2.44,-2.75,7,13,62.3,62.3,True
sh600219,20240808,3.07,3.06,False,False,111,105,-2.28,-5.45,9,15,33.83,16.59,False
sh688158,20250718,24.62,24.08,False,False,73,84,-7.35,-6.47,47,36,32.37,24.65,True
sh600583,20240930,5.62,5.58,False,False,6,31,-14.77,-7.13,114,89,8.01,-2.49,False
sh688222,20251124,22.9,21.92,False,False,85,74,-2.66,-13.52,9,20,74.28,17.51,False
sh603021,20240926,3.01,2.94,True,False,120,86,0.0,-19.49,0,34,139.87,24.92,True
sh000145,20240927,5389.98,5331.62,False,False,44,79,-7.53,-5.05,76,41,8.84,-0.82,False
sh603315,20241008,10.64,10.24,False,False,63,101,-13.91,-9.22,57,19,81.32,22.84,True
sh603813,20260304,34.46,33.24,False,False,6,6,-36.97,-37.88,24,24,10.24,-20.49,False
sh605566,20260407,30.38,29.58,True,True,8,8,0.0,0.0,0,0,4.48,4.48,False
sh688726,20250630,43.1,42.97,False,False,95,83,-19.65,-23.62,25,37,17.29,-19.65,False
sh605001,20251125,7.55,7.51,False,False,58,54,-9.4,-12.24,35,39,10.46,-2.25,False
sh603610,20260206,18.34,18.13,False,False,17,18,-18.43,-19.62,25,24,12.16,-14.12,False
sh600429,20240926,3.98,3.92,False,False,119,86,-1.01,-5.03,1,34,37.71,7.04,False
sh600319,20240923,3.68,3.62,True,True,120,120,0.0,0.0,0,0,55.43,48.1,True
sh900925,20240819,0.8,0.79,False,False,111,117,-2.51,-1.13,9,3,45.61,45.61,True
sh601966,20240930,19.72,18.19,False,False,4,74,-14.04,-5.09,116,46,2.48,-11.55,False
sh600483,20240807,9.87,9.84,False,False,8,7,-13.18,-14.63,112,113,4.66,-11.25,False
sh603773,20250630,24.59,23.6,False,False,107,114,-3.9,-7.12,13,6,58.36,30.01,True
sh688058,20250716,31.45,29.56,False,False,39,77,-17.23,-14.21,81,43,10.65,0.29,False
sh600999,20250114,17.35,17.15,False,False,49,32,-9.62,-12.25,71,88,4.78,-0.77,False
sh603214,20250729,20.61,20.44,False,False,1,2,-20.38,-11.65,119,118,4.27,-12.86,False
sh601155,20240808,9.79,9.78,False,False,104,82,-5.72,-9.03,16,38,68.23,21.04,True
sh601928,20240814,10.05,9.81,False,False,83,84,-5.67,-6.12,37,36,13.53,4.48,False
sh688016,20250701,94.24,93.04,False,False,87,82,-4.19,-11.86,33,38,27.53,-1.79,False
sh603409,20250901,35.55,35.53,False,False,60,69,-6.5,-5.06,60,51,12.63,0.96,False
sh688571,20250924,7.8,7.73,False,False,73,62,-10.13,-11.77,47,58,7.31,-0.26,False
sh600630,20240930,8.81,8.14,False,False,88,82,-7.04,-8.3,32,38,37.34,-1.13,False
sh600063,20240927,3.59,3.52,False,False,118,113,-1.39,-1.17,2,7,29.81,27.02,True
sh688626,20251219,54.01,51.28,False,False,71,57,-1.2,-9.21,4,18,61.3,10.16,False
sh601882,20240930,23.83,22.91,False,False,4,76,-16.49,-8.79,116,44,5.08,-7.81,False
sh603970,20250904,13.76,13.74,False,False,29,36,-7.56,-7.45,91,84,3.71,-0.94,False
sh600567,20240926,1.66,1.58,False,False,114,84,-6.02,-7.5,6,36,43.37,6.02,False
sh603697,20250904,12.47,12.24,False,False,61,58,-10.02,-10.72,59,62,11.39,-9.3,False
sh600000,20250408,9.79,9.68,False,False,116,112,-2.04,-3.92,4,8,44.94,23.19,True
sh605086,20250718,27.81,27.19,False,False,62,76,-13.98,-9.01,58,44,76.14,58.27,True
sh000815,20240927,21180.43,20317.79,False,False,51,84,-9.12,-4.71,69,36,11.05,-1.27,False
sh000068,20240927,2847.04,2830.64,False,False,36,65,-8.19,-5.68,84,55,8.81,-2.28,False
sh603238,20240927,10.1,9.71,False,True,115,120,-2.38,0.0,5,0,86.04,49.5,True
sh600529,20240926,25.6,24.94,False,False,22,50,-11.64,-7.95,98,70,11.95,-11.17,False
sh600833,20240829,10.63,10.58,False,False,111,101,-3.39,-3.55,9,19,51.65,14.68,False
sh603496,20240930,25.94,23.7,False,False,74,102,-15.23,-8.84,46,18,61.5,8.98,False
sh688141,20250630,32.58,32.37,False,False,87,65,-11.26,-11.58,33,55,81.09,26.73,True
sh688088,20250624,46.43,45.16,False,False,105,85,-3.49,-10.94,15,35,34.55,3.32,False
sh601336,20240731,27.92,27.24,False,False,99,103,-8.27,-6.12,21,17,90.87,61.07,True
sh603193,20250724,34.26,33.04,False,False,1,3,-29.98,-18.8,119,117,4.2,-26.01,False
sh688216,20260112,24.29,24.21,False,False,60,59,-1.28,-1.01,2,3,44.09,19.51,False
sh603868,20240930,42.95,40.52,False,False,9,49,-21.82,-12.8,111,71,10.38,-14.48,False
sh603015,20240927,7.19,7.15,True,True,120,120,0.0,0.0,0,0,110.85,110.85,True
sh600704,20240731,4.15,4.14,False,False,94,80,-8.19,-8.07,26,40,29.15,9.64,False
sh605018,20250908,12.09,12.02,False,False,14,29,-11.33,-11.58,106,91,6.62,-3.56,False
sh600683,20240920,4.05,3.99,False,False,59,61,-10.86,-11.46,61,59,24.94,-6.67,False
sh688258,20251212,65.5,63.83,False,False,79,80,-2.9,-0.88,2,1,150.38,77.24,True
sh688391,20250630,29.09,28.7,False,False,94,93,-5.09,-10.02,26,27,15.98,-3.88,False
sh603608,20240923,3.12,3.09,False,False,104,113,-9.29,-3.14,16,7,49.68,49.68,True
sh600961,20241008,9.08,9.02,False,False,23,84,-15.2,-10.45,97,36,8.92,4.41,False
sh603197,20240927,34.95,33.95,False,False,109,112,-4.23,-2.88,11,8,47.83,23.52,True
sh601065,20250710,8.35,8.31,False,False,102,93,-1.68,-3.19,18,27,6.95,1.08,False
sh600686,20241202,12.13,11.94,False,False,106,70,-9.73,-19.59,14,50,34.79,11.95,False
sh601298,20250704,8.68,8.67,False,False,36,45,-3.68,-3.64,84,75,3.47,-3.68,False
sh601857,20241008,8.87,8.8,False,False,0,20,-19.39,-11.25,120,100,0.0,-13.53,False
sh688589,20250721,22.06,21.87,False,False,114,82,-4.31,-8.63,6,38,24.34,9.11,False
sh603010,20240930,9.68,9.09,False,False,109,115,-7.95,-2.3,11,5,21.79,5.58,False
sh688213,20250805,100.1,96.75,False,False,54,66,-10.73,-11.34,66,54,21.25,-3.55,False
sh688127,20250630,25.71,25.39,False,False,113,113,-4.24,-2.98,7,7,44.3,43.76,True
sh600435,20240730,9.14,8.88,False,False,85,90,-12.8,-9.78,35,30,35.45,9.96,False
sh600885,20240731,19.21,18.69,False,False,88,92,-10.45,-9.5,32,28,26.73,25.99,True
sh688270,20251124,60.66,58.46,True,True,94,94,0.0,0.0,0,0,257.65,188.76,True
sh601007,20240806,6.59,6.52,False,False,66,67,-9.56,-7.5,54,53,22.46,2.88,False
sh688717,20251125,68.43,65.37,False,False,66,71,-9.98,-9.02,28,23,112.76,58.77,True
sh600903,20251010,7.01,6.96,False,False,33,39,-11.27,-9.55,87,81,9.84,-9.99,False
sh688690,20260109,27.31,27.3,False,False,34,34,-16.48,-16.71,28,28,20.14,16.73,False
sh600382,20240926,3.58,3.46,False,False,107,115,-5.31,-1.41,13,5,50.84,18.44,False
sh688559,20250722,32.45,31.22,False,False,94,108,-8.75,-3.95,26,12,91.37,84.16,True
sh600182,20240930,13.09,12.88,False,False,103,107,-5.81,-4.0,17,13,36.9,14.36,False
sh600618,20240731,8.77,8.4,False,False,65,74,-19.5,-16.18,55,46,34.21,26.68,True
sh601900,20240910,12.36,12.26,False,False,112,111,-6.63,-5.31,8,9,31.55,22.25,True
sh900943,20240806,0.42,0.41,False,False,88,104,-7.38,-4.77,32,16,44.76,29.29,True
sh688070,20251020,49.6,49.04,False,False,90,72,-11.61,-19.08,29,47,37.1,-0.02,False
sh603396,20250630,25.5,25.28,True,True,120,120,0.0,0.0,0,0,52.55,24.43,True
sh603777,20240927,9.77,9.62,False,False,111,115,-3.48,-1.88,9,5,151.79,35.82,True
sh688327,20250725,15.88,14.73,False,False,55,76,-12.97,-10.26,65,44,13.98,1.57,False
sh603916,20251105,10.22,10.21,False,False,70,49,-8.9,-10.71,37,58,40.02,3.82,False
sh601099,20240731,3.41,3.23,False,False,84,86,-9.68,-4.4,36,34,52.2,14.66,False
sh600501,20250107,17.86,17.81,False,False,92,65,-11.81,-16.6,28,55,18.53,10.86,False
sh605167,20250922,10.55,10.55,False,False,98,86,-5.59,-10.0,22,34,81.42,61.23,True
sh600352,20240819,8.01,7.96,False,False,116,95,-2.37,-4.44,4,25,27.84,11.11,False
sh600855,20240924,9.4,9.23,True,False,120,90,0.0,-7.61,0,30,58.51,17.34,False
sh600028,20240912,5.96,5.95,False,False,81,60,-8.8,-11.28,39,60,14.04,-5.61,False
sh603211,20250624,18.04,17.73,False,False,90,70,-6.93,-10.02,30,50,18.29,8.81,False
sh688369,20250716,28.79,28.54,False,False,34,35,-23.55,-18.1,86,85,18.37,16.67,False
sh603125,20251020,16.62,16.43,False,False,110,90,-2.35,-8.64,9,29,22.26,9.87,False
sh603968,20240930,10.35,10.21,False,False,38,81,-15.07,-7.77,82,39,18.07,5.6,False
sh600604,20240730,4.08,3.9,False,False,81,85,-17.4,-11.3,39,35,53.19,9.56,False
sh688022,20250624,13.97,13.42,False,False,118,99,-0.36,-10.02,2,21,27.42,-0.29,False
sh603709,20260325,17.17,16.89,False,False,1,3,-6.76,-6.0,15,13,0.35,-2.1,False
sh603093,20260302,21.0,19.92,False,False,9,21,-17.86,-12.4,23,11,9.38,-3.9,False
sh600363,20240930,28.57,27.4,False,False,113,117,-7.6,-3.51,7,3,132.43,125.95,True
sh603926,20240930,8.72,8.14,False,False,94,113,-7.34,-2.45,26,7,31.31,17.43,False
sh688291,20251124,34.84,32.23,False,False,87,83,-5.42,-8.14,7,11,56.03,24.25,True
sh600783,20240903,10.27,10.09,False,False,108,98,-3.41,-5.41,12,22,51.12,24.93,True
sh601952,20240808,9.34,9.28,False,False,79,83,-6.21,-7.88,41,37,11.99,-0.32,False
sh900911,20240731,0.8,0.79,False,False,53,66,-10.04,-8.33,67,54,10.29,-3.01,False
sh688568,20250630,36.01,35.89,False,False,110,106,-2.55,-2.52,10,14,38.29,32.32,True
sh603138,20240830,11.8,11.78,False,False,117,108,-2.54,-9.22,3,12,56.86,40.68,True
sh600807,20240816,3.04,2.96,False,False,68,65,-18.09,-27.16,52,55,79.93,8.55,False
sh000821,20240925,5948.3,5941.77,True,False,120,104,0.0,-1.1,0,16,12.44,6.79,False
sh600287,20241008,3.61,3.56,False,False,111,112,-6.93,-3.82,9,8,34.63,27.42,True
sh688188,20250722,136.02,134.0,False,False,69,65,-4.48,-5.82,51,55,18.39,17.71,False
sh603611,20240930,17.77,16.51,False,False,53,107,-11.87,-4.08,67,13,12.27,-0.62,False
sh600753,20240927,5.94,5.85,False,False,75,65,-13.8,-21.27,45,55,48.15,-4.21,False
sh603042,20240920,10.16,10.12,True,False,120,112,0.0,-9.2,0,8,65.45,32.48,True
sh600100,20240925,5.32,5.3,True,True,120,120,0.0,0.0,0,0,78.2,46.99,True
sh688388,20260325,40.16,40.01,False,True,16,17,-0.15,0.0,1,0,24.65,23.93,True
sh600234,20240925,3.07,2.99,False,True,116,120,-2.28,0.0,4,0,116.29,99.02,True
sh600467,20240926,1.72,1.66,True,False,120,116,0.0,-1.78,0,4,77.86,30.8,True
sh688595,20250625,38.08,37.09,False,False,35,41,-17.25,-14.33,85,79,11.84,-16.23,False
sh603338,20240930,58.26,56.04,False,False,63,91,-19.7,-15.16,57,29,16.51,0.86,False
sh688768,20250801,48.92,48.38,False,False,49,51,-17.4,-15.06,71,69,30.36,26.39,True
sh605186,20250627,20.53,20.48,False,False,86,66,-7.26,-9.37,34,54,18.12,-3.02,False
sh603043,20250624,15.57,15.46,False,False,117,104,-0.32,-2.1,3,16,15.67,14.71,False
sh605318,20250718,26.5,26.06,True,True,120,120,0.0,0.0,0,0,169.21,121.43,True
sh601360,20250717,10.77,10.5,False,False,84,98,-4.92,-7.42,36,22,30.27,22.19,True
sh688091,20251103,58.19,57.76,False,False,12,30,-25.73,-27.07,98,80,7.92,-7.29,False
sh601866,20240930,2.58,2.38,False,False,34,61,-12.05,-7.03,86,59,6.94,-10.89,False
sh603508,20240813,15.81,15.64,False,False,95,95,-14.74,-14.98,25,25,48.44,30.04,True
sh600730,20240806,4.59,4.51,False,False,90,95,-13.07,-10.38,30,25,67.32,51.42,True
sh600163,20240930,4.96,4.72,False,False,108,68,-2.42,-10.39,12,52,30.06,3.83,False
sh688116,20250624,45.91,42.26,False,False,78,95,-8.52,-11.47,42,25,49.98,0.12,False
sh600257,20240930,5.21,4.94,False,False,33,65,-14.78,-7.18,87,55,18.62,-9.02,False
sh688689,20250624,22.51,22.28,False,False,118,111,-0.89,-4.04,2,9,30.3,13.33,False
sh601199,20250512,5.29,5.27,False,False,86,106,-3.4,-2.07,34,14,26.47,14.37,False
sh603990,20240926,9.2,8.98,True,False,120,117,0.0,-3.36,0,3,77.28,40.65,True
sh688227,20250818,34.26,33.89,False,False,89,98,-10.19,-7.28,31,22,152.92,113.16,True
sh603296,20250625,74.5,73.68,True,False,120,115,0.0,-2.43,0,5,44.7,21.34,True
sh600166,20240927,2.54,2.47,False,False,50,59,-8.27,-8.32,70,61,12.6,-2.36,False
sh603677,20240930,11.69,11.19,False,False,111,117,-5.73,-1.49,9,3,163.13,90.33,True
sh688269,20251124,37.31,37.21,False,False,83,64,-2.28,-10.47,11,30,30.8,4.74,False
sh600128,20240919,6.71,6.6,False,False,119,119,-1.79,-0.07,1,1,107.15,38.6,True
sh603639,20240930,12.32,12.06,False,False,24,93,-9.09,-5.75,96,27,6.17,-5.03,False
sh601800,20240801,8.23,8.03,False,False,94,88,-18.47,-16.76,26,32,40.21,9.35,False
sh603009,20240731,17.0,15.8,False,False,97,104,-13.64,-11.42,23,16,206.17,185.3,True
sh600718,20240731,8.07,7.88,False,False,99,93,-8.92,-7.11,21,27,48.57,42.38,True
sh688459,20250630,9.57,9.56,False,False,112,87,-1.15,-5.91,8,33,16.2,-0.42,False
sh600082,20240913,2.22,2.2,True,True,120,120,0.0,0.0,0,0,64.41,40.09,True
sh603520,20241008,10.09,9.75,False,False,14,32,-22.4,-12.89,106,88,8.13,-13.38,False
sh600231,20240924,1.63,1.49,True,False,120,82,0.0,-4.7,0,38,33.74,9.2,False
sh600105,20240927,3.94,3.79,True,True,120,120,0.0,0.0,0,0,82.34,69.63,True
sh600756,20240920,10.83,10.71,True,False,120,117,0.0,-0.3,0,3,78.49,45.34,True
sh900939,20240806,0.32,0.31,False,True,112,120,-5.99,0.0,8,0,108.2,93.69,True
sh600305,20240926,7.53,7.37,False,False,63,65,-4.78,-5.64,57,55,15.54,-2.92,False
sh601107,20240819,4.87,4.76,False,False,52,60,-15.61,-14.66,68,60,18.89,-6.57,False
sh601233,20250107,12.3,12.15,False,False,14,33,-19.51,-17.25,106,87,5.69,-12.03,False
sh600662,20240731,4.13,4.1,False,False,85,74,-12.11,-9.93,35,46,34.14,16.46,False
sh600985,20240926,15.5,15.39,False,False,12,16,-20.65,-12.03,108,104,11.35,-20.65,False
sh603721,20250901,21.41,20.81,False,False,18,84,-18.92,-13.47,102,36,6.07,-2.99,False
sh000847,20240927,2700.64,2673.48,False,False,118,118,-0.41,-1.52,2,2,14.41,9.42,False
sh688069,20251128,22.31,22.24,False,False,72,71,-5.38,-6.66,19,20,63.11,63.11,True
sh600861,20240927,16.67,16.1,False,False,119,119,-2.1,-2.49,1,1,32.57,22.55,True
sh600535,20240805,14.14,13.86,False,False,56,80,-9.69,-7.1,64,40,14.85,2.83,False
sh603922,20250728,22.17,21.17,False,False,31,72,-19.08,-14.74,89,48,11.41,-14.07,False
sh601778,20251215,3.71,3.58,False,True,79,80,-0.81,0.0,1,0,86.25,75.47,True
sh601956,20251128,7.19,7.12,False,False,31,31,-15.58,-17.01,59,59,5.56,-6.26,False
sh688489,20251128,45.24,45.0,False,False,17,7,-19.65,-19.73,73,83,7.18,-11.94,False
sh600052,20240731,3.94,3.91,False,False,81,70,-15.74,-15.85,39,50,34.26,10.91,False
sh000158,20240930,1253.5,1129.68,False,False,35,62,-14.37,-7.26,85,58,9.71,-9.59,False
sh600419,20240927,8.29,8.25,False,False,113,110,-2.9,-1.57,7,10,35.59,17.97,False
sh603073,20251218,18.33,18.11,False,False,75,71,-0.87,-5.58,1,5,17.57,8.4,False
sh600383,20240903,3.77,3.65,False,False,113,86,-6.9,-6.3,7,34,74.8,25.46,True
sh603988,20250416,20.84,20.66,False,False,104,102,-4.22,-5.14,16,18,52.88,46.83,True
sh603515,20240926,15.58,15.44,False,False,98,96,-3.59,-2.94,22,24,19.32,1.03,False
sh688716,20250714,37.16,37.14,False,False,101,73,-5.79,-14.87,19,47,52.85,14.1,False
sh688271,20250722,133.39,130.47,False,False,75,68,-6.02,-8.41,45,52,18.58,2.58,False
sh600130,20240903,3.46,3.35,False,False,107,79,-8.67,-27.01,13,41,108.09,4.05,False
sh605305,20250624,26.79,26.23,True,True,120,120,0.0,0.0,0,0,80.14,55.58,True
sh688126,20250708,18.55,18.46,False,False,117,107,-0.43,-4.4,3,13,55.04,16.66,False
sh600267,20240802,7.56,7.44,False,False,87,87,-10.19,-7.67,33,33,18.4,13.1,False
sh601818,20240904,2.87,2.87,False,False,115,115,-1.74,-1.64,5,5,31.84,27.66,True
sh605366,20250904,6.18,6.15,False,False,92,70,-4.85,-8.76,28,50,76.7,67.64,True
sh603011,20240930,6.66,6.18,False,False,111,118,-7.06,-3.74,9,2,110.81,100.15,True
sh688168,20251031,77.08,76.34,False,False,43,23,-12.83,-16.62,67,87,33.17,6.29,False
sh600229,20240925,6.71,6.7,False,False,108,81,-4.77,-8.07,12,39,24.14,1.94,False
sh601678,20240926,3.59,3.58,False,False,118,109,-0.84,-2.72,2,11,23.4,8.08,False
sh603822,20240805,20.56,20.55,True,True,120,120,0.0,0.0,0,0,203.06,140.71,True
sh688395,20260112,25.15,24.96,False,False,54,55,-6.08,-7.16,7,6,13.64,6.4,False
sh603196,20240904,8.82,8.54,False,False,109,117,-7.94,-2.67,11,3,119.39,69.5,True
sh603324,20250630,25.28,25.17,False,False,77,76,-9.6,-11.62,43,44,12.4,4.84,False
sh603124,20251217,75.33,72.88,True,True,78,78,0.0,0.0,0,0,65.35,62.95,True
sh900921,20240927,0.11,0.11,True,False,120,109,0.0,-3.51,0,11,44.55,29.09,True
sh603890,20250710,12.12,11.92,False,False,118,118,-0.41,-3.26,2,2,44.06,37.21,True
sh605128,20250624,27.63,27.35,True,False,120,108,0.0,-6.65,0,12,67.54,37.71,True
sh603738,20240730,13.25,13.09,False,False,82,77,-10.26,-8.74,38,43,30.87,14.19,False
sh603210,20251009,21.01,20.98,False,False,21,24,-20.23,-15.23,99,96,2.28,-20.09,False
sh688368,20250730,92.58,92.28,False,False,107,101,-4.0,-7.02,13,19,55.68,51.22,True
sh688012,20250722,187.5,186.79,True,True,120,120,0.0,0.0,0,0,102.13,85.28,True
sh603739,20250624,13.23,13.02,False,False,117,96,-1.13,-2.99,3,24,21.54,6.5,False
sh688788,20251208,58.78,58.57,False,False,60,48,-11.19,-18.05,24,36,29.35,-2.09,False
sh605166,20250806,11.77,11.7,False,False,35,39,-15.46,-13.22,85,81,11.98,-12.15,False
sh600353,20240930,6.22,5.87,False,False,118,118,-1.93,-1.23,2,2,61.41,52.41,True
sh688575,20250724,15.6,15.3,False,False,27,59,-10.19,-6.69,93,61,5.0,-4.81,False
sh600330,20240927,6.77,6.67,False,False,115,101,-1.92,-3.75,5,19,22.75,4.73,False
sh603109,20251015,29.96,29.07,False,False,2,6,-31.91,-22.95,118,114,1.54,-22.9,False
sh688622,20250630,78.67,78.35,False,False,119,114,-0.66,-5.73,1,6,100.2,42.29,True
sh688516,20250806,35.1,34.86,False,False,118,113,-1.45,-1.67,2,7,184.9,175.98,True
sh600004,20240927,9.62,9.47,False,False,29,53,-7.9,-4.9,91,67,7.48,-7.27,False
sh000811,20240927,6135.24,5991.6,False,False,83,110,-5.9,-2.94,37,10,10.03,5.41,False
sh603276,20260115,17.84,17.41,False,False,31,34,-14.8,-13.33,27,24,4.76,-5.33,False
sh603711,20250707,13.88,13.87,False,False,41,63,-7.85,-5.21,79,57,13.33,-2.95,False
sh688669,20251128,22.9,22.37,False,False,70,70,-11.66,-10.05,21,21,32.27,19.56,False
sh900947,20240829,0.19,0.19,False,False,111,105,-4.15,-3.97,9,15,24.87,15.54,False
sh603239,20240930,14.09,13.68,False,False,31,80,-16.32,-11.61,89,40,5.04,-3.55,False
sh601598,20250702,4.8,4.75,True,True,120,120,0.0,0.0,0,0,59.71,30.97,True
sh688289,20250715,21.01,20.54,False,False,56,66,-11.9,-11.36,64,54,7.95,-4.24,False
sh000993,20240731,4683.33,4619.74,False,False,81,82,-13.12,-10.22,39,38,42.85,27.73,True
sh600335,20240930,6.56,6.05,False,False,46,105,-13.79,-6.42,74,15,9.06,3.88,False
sh900909,20240910,0.4,0.4,True,False,120,110,0.0,-1.55,0,10,39.55,26.2,True
sh601137,20240927,15.4,14.89,True,True,120,120,0.0,0.0,0,0,43.18,27.27,True
sh688323,20250624,13.87,13.77,True,False,120,99,0.0,-5.62,0,21,64.67,51.77,True
sh603408,20250722,11.68,11.56,False,False,100,118,-2.4,-0.79,20,2,25.51,12.59,False
sh600062,20240827,19.88,19.53,False,False,71,70,-9.66,-11.46,49,50,20.93,-7.34,False
sh000044,20240926,3489.86,3451.71,True,False,120,115,0.0,-1.74,0,5,20.35,11.06,False
sh600505,20240730,9.2,9.07,False,False,78,66,-14.67,-16.88,42,54,37.5,7.93,False
sh688017,20250806,140.13,139.22,False,False,114,111,-4.23,-3.35,6,9,63.42,56.48,True
sh688190,20250626,90.02,89.91,False,False,113,91,-2.08,-7.57,7,29,40.97,11.83,False
sh600482,20240903,21.35,20.56,False,False,109,92,-3.75,-7.78,11,28,20.0,8.72,False
sh603393,20240902,33.2,33.1,False,False,17,15,-17.59,-16.11,103,105,11.08,-13.86,False
sh603121,20251209,19.01,18.99,False,False,60,60,-13.78,-14.19,13,13,35.19,18.04,False
sh600682,20240911,5.55,5.54,False,False,113,103,-7.2,-6.63,7,17,46.45,21.43,True
sh688259,20250718,40.79,40.72,False,False,95,71,-5.37,-8.67,25,49,17.97,6.92,False
sh600965,20240930,4.1,3.87,False,False,86,117,-6.34,-2.66,34,3,53.39,29.01,True
sh688390,20250801,44.08,41.99,False,True,116,120,-1.91,0.0,4,0,115.02,109.8,True
sh603609,20240731,7.04,6.98,False,False,81,85,-8.67,-6.92,39,35,30.7,11.94,False
sh688217,20260105,28.48,28.18,False,False,47,45,-11.8,-12.57,19,21,14.43,-2.49,False
sh600156,20240830,3.61,3.56,False,False,116,117,-7.2,-5.53,4,3,71.19,45.71,True
sh603320,20240809,12.95,12.92,False,False,93,88,-7.72,-9.47,27,32,41.31,22.01,True
sh000170,20240926,4697.73,4494.55,True,True,120,120,0.0,0.0,0,0,17.9,12.14,False
sh601633,20240925,24.31,24.11,False,False,115,76,-0.78,-4.99,5,44,29.91,6.83,False
sh600135,20240905,5.62,5.38,False,False,109,108,-10.85,-5.73,11,12,43.77,24.02,True
sh603077,20240926,1.83,1.83,False,False,117,76,-0.66,-9.13,3,44,28.28,-0.66,False
sh600881,20240923,1.17,1.16,True,False,120,104,0.0,-9.62,0,16,147.01,46.15,True
sh601799,20240906,124.61,124.58,False,False,101,83,-6.66,-9.97,19,37,24.65,-3.17,False
sh601003,20240925,2.77,2.73,False,False,100,87,-5.42,-7.96,20,33,19.86,10.83,False
sh600452,20240927,9.93,9.46,False,False,59,62,-7.55,-8.83,61,58,23.46,-2.32,False
sh603039,20240927,33.77,31.5,True,True,120,120,0.0,0.0,0,0,140.91,94.04,True
sh600728,20240924,4.04,4.01,True,False,120,107,0.0,-5.39,0,13,58.91,28.22,True
sh688469,20250711,4.81,4.8,True,False,120,119,0.0,-0.0,0,1,52.6,44.07,True
sh603076,20260210,25.44,25.19,False,False,38,38,-10.26,-8.47,3,3,16.16,14.62,False
sh600104,20240731,14.23,14.09,False,False,57,63,-19.43,-16.42,63,57,47.28,20.0,True
sh600979,20240930,3.49,3.31,False,False,109,118,-5.44,-0.32,11,2,118.81,65.56,True
sh603615,20240905,13.69,13.68,False,False,108,112,-13.37,-10.91,12,8,98.54,98.54,True
sh688722,20251229,20.4,19.64,False,False,20,37,-21.91,-14.99,49,32,6.62,-12.5,False
sh600463,20240730,8.69,7.93,False,False,98,84,-9.9,-16.7,22,36,89.87,9.09,False
sh600230,20240807,10.68,10.52,False,False,70,77,-13.95,-11.17,50,43,13.11,4.03,False
sh000122,20240930,1534.65,1441.95,False,False,17,78,-11.5,-3.91,103,42,4.65,-5.17,False
sh688591,20251106,46.29,46.24,False,False,17,7,-26.81,-26.33,89,99,7.91,-24.48,False
sh689009,20250711,57.89,57.71,False,False,91,63,-6.63,-13.0,29,57,25.67,-3.96,False
sh601033,20251010,15.97,15.7,False,False,34,40,-9.96,-8.12,86,80,6.07,-8.58,False
sh000911,20240924,5571.65,5534.02,True,True,120,120,0.0,0.0,0,0,23.83,19.68,False
sh688268,20250625,48.23,48.0,False,False,118,116,-1.2,-1.07,2,4,60.02,22.08,True
sh603310,20250721,18.61,18.31,False,False,7,18,-9.67,-7.74,113,102,12.04,-7.63,False
sh603816,20240927,28.25,28.04,False,False,27,71,-14.34,-11.94,93,49,16.99,-14.34,False
sh605028,20260130,26.53,26.37,False,False,43,30,-2.49,-6.85,4,17,13.53,4.94,False
sh600587,20240806,16.42,16.13,False,False,66,70,-10.66,-8.76,54,50,19.0,-2.92,False
sh600735,20251103,7.69,7.37,False,False,1,17,-38.23,-30.04,73,57,0.13,-12.48,False
sh688475,20250725,35.0,34.94,False,False,17,33,-17.2,-10.96,103,87,5.43,-8.34,False
sh603991,20241227,50.39,49.17,False,False,105,76,-10.7,-25.84,15,44,40.11,28.64,True
sh688226,20250714,31.64,31.08,False,False,117,83,-3.6,-21.45,3,37,82.36,23.26,True
sh603858,20240924,15.16,15.11,False,False,66,64,-6.2,-9.26,54,56,19.46,-1.65,False
sh603025,20240930,13.35,12.34,False,False,110,105,-6.97,-7.02,10,15,20.45,1.95,False
sh600734,20240819,3.03,3.03,False,False,97,97,-7.92,-7.63,23,23,54.79,50.83,True
sh605066,20251009,7.56,7.5,False,False,80,74,-6.35,-7.49,40,46,20.9,6.61,False
sh603311,20240801,8.47,8.41,False,False,82,81,-10.27,-10.09,38,39,49.94,21.49,True
sh600955,20250624,14.57,14.1,False,False,43,111,-5.01,-2.59,77,9,8.72,1.65,False
sh688312,20250725,26.07,25.85,True,True,120,120,0.0,0.0,0,0,43.46,42.31,True
sh601398,20250923,7.26,7.14,False,False,89,71,-4.67,-8.68,31,49,12.54,5.25,False
sh688488,20251022,14.77,14.51,False,False,83,77,-12.66,-14.32,35,41,50.03,26.95,True
sh600600,20240927,69.03,67.95,False,False,68,92,-6.13,-4.23,52,28,14.04,10.53,False
sh603111,20240801,5.56,5.49,False,False,65,72,-14.38,-13.05,55,48,23.36,15.63,False
sh688026,20260122,18.2,18.17,False,False,16,20,-18.79,-16.47,37,33,3.63,-11.76,False
sh900915,20240924,0.48,0.47,False,False,72,63,-14.41,-17.85,48,57,24.43,-3.13,False
sh600329,20240927,30.99,30.53,False,False,44,58,-10.0,-8.7,76,62,18.68,-2.42,False
sh688068,20251015,170.79,168.73,False,False,34,17,-37.42,-33.04,86,103,20.59,-26.08,False
sh600803,20240807,17.27,17.21,False,False,89,71,-5.33,-5.54,31,49,18.53,3.82,False
sh603888,20240926,16.25,16.04,False,False,117,97,-2.22,-6.61,3,23,25.85,7.43,False
sh688658,20250929,22.75,22.61,False,False,43,23,-28.35,-28.43,77,97,39.74,-16.75,False
sh600283,20240930,8.85,8.33,False,False,98,118,-6.1,-0.3,22,2,18.87,8.36,False
sh603173,20260109,45.19,44.33,False,False,31,32,-14.83,-13.23,31,30,14.52,-5.22,False
sh603208,20240930,20.81,19.34,False,False,1,60,-28.69,-18.39,119,60,0.14,-27.63,False
sh000825,20240926,3012.28,2937.79,True,False,120,118,0.0,-0.16,0,2,9.54,5.03,False
sh600519,20240926,1453.56,1438.34,False,False,63,96,-6.97,-4.53,57,24,15.07,3.84,False
sh600030,20240731,18.8,18.33,False,False,85,102,-5.69,-1.9,35,18,82.72,41.72,True
sh688371,20260227,21.94,21.85,False,False,0,8,-18.73,-16.19,33,25,0.0,-3.14,False
sh688616,20251020,12.72,12.56,False,False,84,77,-7.55,-10.22,35,42,19.81,6.05,False
sh600557,20241008,15.93,15.9,False,False,1,46,-19.9,-13.5,119,74,2.39,-12.93,False
sh601699,20240930,17.24,17.21,False,False,0,1,-33.7,-17.66,120,119,0.0,-31.38,False
sh600981,20240924,1.95,1.9,True,False,120,113,0.0,-3.54,0,7,63.59,32.82,True
sh603177,20240927,7.55,7.48,False,False,104,90,-9.54,-10.23,16,30,38.81,5.96,False
sh603596,20250917,54.53,52.76,False,False,17,53,-20.52,-13.18,103,67,7.34,-15.9,False
sh603725,20260119,10.14,9.89,False,False,16,28,-17.16,-14.31,40,28,4.64,-9.57,False
sh601236,20251110,8.8,8.75,False,False,0,1,-15.34,-11.3,104,103,0.0,-11.59,False
sh688569,20250707,20.81,20.71,True,False,120,78,0.0,-3.57,0,42,18.93,4.47,False
sh601698,20250630,20.47,19.91,False,False,92,97,-4.74,-3.2,28,23,26.62,14.85,False
sh600628,20240731,6.0,5.93,False,False,84,94,-8.5,-6.69,36,26,101.17,28.17,True
sh600865,20240731,6.63,6.59,False,False,86,87,-10.41,-10.17,34,33,84.16,30.02,True
sh600018,20240924,5.68,5.58,False,False,56,40,-7.58,-7.61,64,80,13.92,-1.59,False
sh600782,20240930,3.6,3.36,False,False,87,103,-12.22,-7.96,33,17,28.61,15.83,False
sh688670,20260225,19.95,19.94,False,False,0,0,-17.74,-19.25,35,35,0.0,-11.53,False
sh600531,20240927,6.22,6.09,False,False,114,112,-2.25,-2.56,6,8,22.2,13.68,False
sh600056,20240812,10.67,10.53,False,False,75,66,-11.43,-8.42,45,54,25.22,2.55,False
sh688317,20260126,25.55,22.83,False,False,1,5,-27.79,-14.84,50,46,3.21,-20.78,False
sh600256,20240927,6.08,5.89,False,False,60,55,-10.69,-12.41,60,65,27.81,-9.21,False
sh601607,20240913,17.91,17.82,True,False,120,78,0.0,-7.01,0,42,20.94,5.08,False
sh600405,20240926,3.76,3.76,True,False,120,119,0.0,-0.93,0,1,67.82,35.11,True
sh603020,20240927,6.8,6.73,True,True,120,120,0.0,0.0,0,0,31.16,27.19,True
sh600162,20240925,1.39,1.36,True,False,120,103,0.0,-5.33,0,17,69.83,26.64,True
sh688223,20250825,5.73,5.69,False,False,60,83,-10.99,-6.96,60,37,49.04,31.59,True
sh601828,20250702,3.06,3.0,False,False,14,37,-17.65,-12.64,106,83,2.29,-8.5,False
sh600428,20240731,5.56,5.48,False,False,84,85,-8.81,-8.65,36,35,37.76,17.98,False
sh601665,20250718,6.27,6.1,False,False,2,26,-13.09,-10.35,118,94,0.8,-13.09,False
sh603797,20240930,3.75,3.41,False,False,99,118,-8.0,-1.27,21,2,19.46,6.13,False
sh600235,20240926,4.76,4.68,True,False,120,119,0.0,-0.32,0,1,35.48,21.42,True
sh600933,20250729,17.0,16.55,False,False,119,103,-0.47,-4.36,1,17,40.41,20.53,True
sh605567,20250929,10.1,10.08,False,False,113,98,-1.58,-10.31,7,22,20.69,6.73,False
sh688389,20250724,13.82,13.8,False,False,78,88,-6.08,-6.29,42,32,6.66,-0.29,False
sh688570,20250905,20.5,20.14,False,False,1,11,-14.1,-12.34,119,109,0.49,-7.95,False
sh603912,20250714,8.94,8.92,False,False,58,52,-10.74,-12.76,62,68,27.29,-2.68,False
sh601929,20240923,1.18,1.16,True,False,120,119,0.0,-0.07,0,1,120.34,63.56,True
sh600356,20240924,6.29,6.19,True,False,120,116,0.0,-9.13,0,4,57.23,12.4,False
sh600851,20240801,5.28,5.16,False,False,88,87,-11.36,-8.54,32,33,55.3,20.83,True
sh603215,20251125,20.04,19.85,False,False,60,41,-8.58,-11.36,33,52,13.42,-4.34,False
sh600998,20240927,5.05,5.01,False,False,47,68,-8.71,-4.9,73,52,14.45,-2.57,False
sh603895,20250624,26.33,25.46,False,False,107,97,-4.52,-7.73,13,23,29.93,9.68,False
sh900924,20240731,0.3,0.29,False,False,87,93,-5.7,-4.52,33,27,53.36,20.13,True
sh600318,20240924,6.6,6.17,True,False,120,104,0.0,-7.7,0,16,84.55,38.18,True
sh601136,20250724,20.4,19.98,False,False,62,73,-7.91,-8.81,58,47,16.54,-7.52,False
sh600186,20240930,3.89,3.62,False,True,118,120,-4.37,0.0,2,0,104.88,58.35,True
sh600528,20240926,7.4,7.27,False,False,117,72,-2.3,-5.12,3,48,15.68,9.73,False
sh601179,20240830,6.78,6.71,False,False,111,78,-2.49,-11.51,9,42,31.49,-2.49,False
sh000814,20240927,7544.73,7207.34,False,False,94,85,-5.22,-4.12,26,35,17.65,7.08,False
sh688513,20251127,53.48,53.35,True,False,92,80,0.0,-6.82,0,12,48.84,23.65,True
sh601599,20240925,3.13,3.06,True,False,120,113,0.0,-3.2,0,7,45.05,16.93,False
sh600566,20241107,30.34,29.85,False,False,1,6,-22.51,-10.82,119,114,0.4,-18.19,False
sh605100,20250624,19.77,19.16,False,False,106,90,-3.09,-4.99,14,30,150.89,106.83,True
sh605300,20250626,13.89,13.86,False,False,38,24,-17.42,-16.77,82,96,4.18,-10.15,False
sh688089,20251010,26.42,26.12,False,False,0,0,-34.07,-23.4,120,120,0.0,-30.36,False
sh600201,20241107,7.06,7.03,False,False,32,70,-11.19,-4.98,88,50,10.62,-1.56,False
sh603511,20251201,16.15,15.89,False,False,14,17,-18.45,-16.86,75,72,6.81,-12.76,False
sh600386,20240821,3.39,3.31,False,False,100,102,-7.37,-5.09,20,18,61.06,46.61,True
sh600118,20240802,24.97,23.87,False,False,78,81,-19.06,-13.29,42,39,29.28,8.37,False
sh603321,20251015,7.99,7.98,False,False,63,45,-15.89,-16.01,57,75,7.38,-9.39,False
sh603869,20240930,5.24,5.17,False,False,110,111,-6.3,-3.32,10,9,22.72,10.5,False
sh688123,20250729,75.98,75.68,False,False,108,108,-4.54,-4.33,12,12,134.27,115.85,True
sh603192,20251128,23.67,23.46,False,False,69,55,-6.21,-13.39,21,35,21.34,0.89,False
sh600262,20240927,17.25,16.74,False,False,114,92,-1.45,-7.57,6,28,24.69,1.62,False
sh000908,20240930,2594.73,2502.67,False,False,0,13,-21.85,-12.49,120,107,0.0,-17.37,False
sh601636,20240930,6.32,6.31,False,False,17,53,-16.92,-9.38,103,67,10.91,-9.49,False
sh688212,20250924,48.0,47.92,False,False,26,16,-24.19,-20.74,94,104,7.88,-20.0,False
sh600153,20240926,8.2,7.92,True,True,120,120,0.0,0.0,0,0,24.39,22.8,True
sh688588,20250624,13.9,13.34,True,False,120,86,0.0,-11.99,0,34,53.2,2.97,False
sh603538,20240930,12.62,11.96,False,False,93,110,-8.0,-3.32,27,10,19.57,19.57,False
sh600960,20240926,2.97,2.9,True,False,120,107,0.0,-4.74,0,13,49.49,13.8,False
sh688758,20251016,18.62,17.38,False,False,87,77,-13.8,-16.03,33,43,21.8,12.78,False
sh688691,20250807,65.85,64.52,False,False,118,118,-8.31,-6.18,2,2,141.46,98.94,True
sh603308,20240930,12.38,12.3,False,False,115,115,-5.41,-4.59,5,5,79.89,56.95,True
sh601006,20240808,6.58,6.56,False,False,22,61,-15.96,-14.14,98,59,2.42,-2.14,False
sh600763,20240731,44.12,42.52,False,False,72,80,-9.16,-14.12,48,40,39.51,-8.07,False
sh600884,20240930,9.32,8.9,False,False,7,49,-29.18,-17.14,113,71,8.37,-24.36,False
sh601886,20240927,4.56,4.42,False,False,118,117,-1.97,-1.71,2,3,25.44,22.37,True
sh688071,20250625,36.34,35.86,False,False,61,56,-15.96,-20.7,59,64,37.84,-12.3,False
sh600563,20240911,84.52,83.74,False,False,114,116,-2.86,-1.59,6,4,60.38,43.17,True
sh603421,20240913,5.04,5.0,True,True,120,120,0.0,0.0,0,0,107.94,53.37,True
sh603693,20250905,13.36,13.36,False,False,11,18,-12.28,-11.66,109,102,15.42,15.42,False
sh600657,20240923,3.27,3.19,True,False,120,104,0.0,-8.45,0,16,91.44,32.11,True
sh600879,20240926,7.53,7.44,True,False,120,100,0.0,-3.33,0,20,45.42,18.19,False
sh688345,20251124,33.0,31.39,False,False,69,77,-6.67,-5.64,26,18,64.85,64.24,True
sh900942,20240731,0.71,0.71,False,False,75,84,-6.6,-5.74,45,36,8.01,2.39,False
sh601901,20240926,7.68,7.59,False,False,110,72,-3.28,-7.02,10,48,31.5,-0.16,False
sh600619,20240731,5.6,5.5,False,False,89,91,-12.33,-10.58,31,29,265.5,94.69,True
sh603108,20240927,16.04,15.08,False,False,103,102,-11.16,-11.49,17,18,45.2,25.44,True
sh603273,20250707,17.5,17.48,True,False,120,107,0.0,-3.93,0,13,34.06,15.49,False
sh600183,20240813,17.82,17.81,False,False,88,86,-12.23,-13.03,32,34,75.2,75.2,True
sh688558,20251127,28.99,28.42,False,False,62,54,-9.07,-13.83,29,37,17.35,6.28,False
sh600487,20240813,13.81,13.79,False,False,109,83,-12.38,-12.89,11,37,37.15,13.47,False
sh600854,20240801,3.79,3.77,False,False,89,85,-4.75,-4.36,31,35,41.16,17.15,False
sh600029,20240926,5.85,5.73,False,False,99,79,-3.59,-8.42,21,41,24.27,-2.91,False
sh000041,20240828,2658.97,2658.1,False,False,4,5,-9.62,-9.32,116,115,4.55,-9.62,False
sh600500,20240924,3.9,3.85,False,False,70,64,-4.62,-8.76,50,56,23.59,2.56,False
sh601098,20240808,11.52,11.47,False,False,117,103,-4.08,-4.29,3,17,25.52,14.84,False
sh603917,20250801,13.21,13.16,False,False,118,107,-1.59,-2.21,2,13,25.74,13.02,False
sh688326,20250716,88.55,88.42,False,False,117,84,-0.64,-12.9,3,36,57.65,49.38,True
sh601963,20250804,10.2,10.07,False,False,77,64,-12.65,-14.15,43,56,13.63,3.33,False
sh603776,20240927,10.25,10.0,False,False,118,115,-0.49,-1.68,2,5,137.66,60.49,True
sh603958,20240919,9.63,9.29,False,True,119,120,-1.45,0.0,1,0,112.77,71.34,True
sh600067,20240731,1.76,1.73,False,False,83,79,-11.4,-8.63,37,41,83.76,23.93,True
sh900910,20240918,0.26,0.24,True,True,120,120,0.0,0.0,0,0,95.38,63.08,True
sh603221,20251128,12.27,12.02,False,False,61,56,-12.06,-14.97,29,34,17.44,-7.17,False
sh688359,20251021,60.08,59.44,True,False,119,106,0.0,-3.43,0,13,67.28,61.19,True
sh688290,20250630,52.01,51.97,False,False,96,74,-8.36,-9.33,24,46,43.12,8.7,False
sh600362,20240930,23.32,21.76,False,False,1,52,-17.88,-5.61,119,68,2.32,-6.65,False
sh688023,20250626,54.49,51.62,False,False,55,84,-10.13,-8.45,65,36,15.43,-5.98,False
sh600605,20240924,26.93,26.42,True,True,120,120,0.0,0.0,0,0,58.04,34.05,True
sh603969,20240930,4.91,4.81,False,False,119,119,-1.43,-0.07,1,1,41.75,24.85,True
sh688613,20251222,22.04,21.57,False,False,42,34,-10.71,-13.4,32,40,15.29,-4.31,False
sh600301,20240930,17.62,17.19,False,False,88,99,-7.78,-6.09,32,21,51.82,28.94,True
sh600552,20240823,10.56,10.27,False,False,115,99,-2.08,-11.11,5,21,51.61,25.38,True
sh600666,20240812,1.45,1.43,False,False,99,107,-5.52,-2.93,21,13,116.55,106.21,True
sh600848,20240926,9.62,9.33,False,False,76,66,-5.41,-7.99,44,54,23.08,-3.85,False
sh600035,20240930,4.17,4.09,False,False,45,78,-6.24,-4.3,75,42,10.55,2.88,False
sh603176,20250630,4.78,4.76,True,False,120,102,0.0,-17.34,0,18,62.03,9.48,False
sh000820,20240930,4872.62,4633.58,False,False,0,32,-21.68,-11.79,120,88,0.0,-17.71,False
sh603139,20240809,13.83,13.45,False,False,72,84,-18.58,-16.28,48,36,23.86,4.48,False
sh603339,20240925,9.48,9.46,True,False,120,119,0.0,-0.32,0,1,53.59,28.91,True
sh603871,20250701,10.71,10.69,False,False,107,113,-3.36,-2.26,13,7,37.44,27.82,True
sh603377,20241024,1.54,1.54,True,True,120,120,0.0,0.0,0,0,104.55,97.4,True
sh600101,20240930,8.5,8.32,False,False,95,95,-7.29,-6.12,25,25,46.82,37.06,True
sh688117,20251119,38.28,38.13,False,False,63,35,-16.04,-18.39,34,62,20.43,-3.71,False
sh600731,20240924,4.75,4.66,True,True,120,120,0.0,0.0,0,0,35.58,33.68,True
sh688090,20250625,32.63,32.49,False,False,114,101,-2.24,-5.27,6,19,30.18,14.31,False
sh600218,20240927,7.19,6.89,False,True,117,120,-1.67,0.0,3,0,45.06,20.17,True
sh603995,20250625,17.92,17.71,False,False,45,77,-6.25,-5.26,75,43,5.69,-3.91,False
sh688159,20260130,59.18,59.06,False,False,0,0,-34.69,-28.24,47,47,0.0,-22.64,False
sh600582,20240930,6.2,6.1,False,False,7,64,-13.54,-5.51,113,56,2.74,-1.77,False
sh601606,20251217,47.1,47.01,False,False,27,10,-24.08,-25.45,50,67,10.34,-16.03,False
sh605319,20250804,22.58,22.27,False,False,58,51,-11.69,-13.89,62,69,18.25,4.26,False
sh603638,20240830,15.14,14.99,False,False,102,108,-4.16,-2.39,18,12,40.74,35.33,True
sh600129,20241107,28.7,27.81,False,False,0,23,-34.6,-22.58,120,97,0.0,-27.35,False
sh688095,20250630,67.91,67.09,False,False,113,111,-2.5,-2.87,7,9,69.34,25.46,True
sh600167,20240806,5.26,5.22,False,False,88,76,-10.27,-9.03,32,44,17.12,2.59,False
sh603297,20250725,90.32,89.52,False,False,109,104,-3.91,-4.32,11,16,44.95,26.79,True
sh000001,20221205,3211.81,3184.51,False,False,89,94,-5.17,-3.72,31,26,5.7,0.64,False
sh601198,20240730,7.91,7.87,False,False,104,103,-2.76,-3.07,16,17,71.9,37.51,True
sh688112,20251023,37.53,36.87,False,False,83,77,-8.29,-7.73,34,40,44.31,39.28,True
sh000141,20240927,2694.97,2680.52,True,True,120,120,0.0,0.0,0,0,26.45,20.59,True
sh600400,20240927,2.3,2.3,False,False,102,64,-5.22,-10.98,18,56,47.83,1.74,False
sh688416,20250624,40.0,39.94,False,False,96,94,-7.38,-7.71,24,26,67.05,28.2,True
sh600757,20250114,8.31,8.21,False,False,84,88,-6.26,-6.69,36,32,19.61,16.37,False
sh601555,20240920,5.78,5.76,False,False,119,119,-0.69,-0.33,1,1,52.42,31.06,True
sh605005,20251015,18.25,18.22,False,False,113,84,-1.64,-2.8,7,36,16.82,14.14,False
sh688171,20251124,44.81,41.68,False,False,82,67,-7.39,-10.73,12,27,33.85,21.13,True
sh603373,20260226,46.02,44.64,False,False,0,6,-14.39,-8.71,34,28,0.0,-10.54,False
sh688458,20251021,43.8,43.3,False,False,6,16,-26.46,-21.36,112,102,3.93,-16.78,False
sh600719,20241028,7.87,7.62,False,False,26,38,-24.14,-15.32,94,82,8.26,-17.66,False
sh603008,20240927,16.3,15.77,False,False,81,75,-8.47,-6.58,39,45,23.19,0.86,False
sh601801,20240927,6.6,6.36,False,False,104,85,-6.06,-7.35,16,35,20.45,2.42,False
sh688522,20250825,48.17,48.04,False,False,4,26,-23.54,-18.14,116,94,2.53,-13.33,False
sh600984,20240927,2.65,2.62,False,False,119,119,-1.51,-0.11,1,1,57.36,33.58,True
sh603209,20250716,15.17,15.12,False,False,82,78,-3.3,-2.71,38,42,12.26,2.37,False
sh600663,20240731,8.87,8.78,False,False,69,66,-15.9,-14.31,51,54,28.98,0.26,False
sh601106,20240925,2.47,2.44,True,False,120,67,0.0,-7.14,0,53,45.34,15.38,False
sh900938,20240926,0.14,0.14,True,False,120,114,0.0,-1.4,0,6,43.97,29.08,True
sh688045,20250627,33.9,33.65,False,False,114,91,-1.8,-8.72,6,29,43.07,10.88,False
sh605266,20250624,20.9,20.63,False,False,73,73,-8.61,-9.47,47,47,6.56,-7.66,False
sh600053,20240920,13.87,13.52,False,False,82,72,-7.64,-12.05,38,48,36.63,-5.05,False
sh603439,20250710,13.02,12.16,False,False,27,72,-10.75,-7.65,93,48,8.83,-9.14,False
sh601918,20250722,6.83,6.57,False,False,51,67,-8.78,-4.19,69,53,13.03,0.15,False
sh603097,20250708,22.2,22.09,False,False,88,91,-2.97,-2.87,32,29,37.03,27.93,True
sh000808,20240927,7859.03,7631.78,False,False,96,90,-6.37,-5.24,24,30,19.9,5.42,False
sh000075,20240927,6421.16,6332.45,False,False,100,100,-5.23,-4.89,20,20,19.08,8.86,False
sh603225,20250106,11.41,11.37,False,False,51,55,-13.85,-14.04,69,65,13.32,-2.98,False
sh600367,20240930,11.05,10.35,False,False,109,116,-8.78,-2.35,11,4,43.89,32.58,True
sh600860,20240927,8.58,8.56,False,False,117,117,-2.1,-1.22,3,3,89.28,50.7,True
sh605228,20250624,10.97,10.68,False,False,117,100,-2.28,-7.22,3,20,74.36,29.67,True
sh688295,20250625,20.04,20.02,False,False,115,114,-1.9,-1.87,5,6,45.41,28.14,True
sh600787,20240731,4.85,4.81,False,False,83,84,-13.4,-12.13,37,36,82.68,20.41,True
sh603477,20250908,21.77,20.92,False,False,5,13,-23.01,-17.11,115,107,5.14,-12.72,False
sh603096,20240927,15.97,15.53,True,False,120,116,0.0,-1.64,0,4,39.01,19.1,False
sh603110,20250822,16.69,16.54,False,False,74,75,-6.83,-6.38,46,45,20.61,0.24,False
sh601399,20250630,3.0,2.97,True,False,120,114,0.0,-3.14,0,6,87.67,74.67,True
sh000846,20240926,1143.57,1137.77,True,False,120,111,0.0,-2.27,0,9,22.5,8.01,False
sz003005,20250725,23.43,22.77,False,False,19,59,-18.82,-13.23,101,61,6.74,-10.07,False
sz002381,20240930,7.1,6.66,False,False,4,93,-14.37,-4.79,116,27,8.03,-4.79,False
sz000692,20240919,2.94,2.91,False,False,116,101,-3.06,-3.29,4,19,50.0,17.69,False
sz300347,20240925,53.1,52.13,False,False,94,65,-9.4,-16.41,26,55,48.62,-3.14,False
sz000421,20240925,4.89,4.78,True,False,120,109,0.0,-12.65,0,11,64.83,17.38,False
sz399648,20240926,9160.71,9074.78,True,False,120,119,0.0,-0.27,0,1,21.06,14.12,False
sz002132,20240925,2.26,2.22,True,True,120,120,0.0,0.0,0,0,53.13,53.13,True
sz300072,20260413,4.95,4.84,False,False,0,1,-5.86,-4.24,4,3,0.0,-5.66,False
sz301270,20250916,41.15,40.78,False,False,10,28,-26.44,-21.0,110,92,18.4,-23.33,False
sz300493,20240807,7.58,7.3,True,True,120,120,0.0,0.0,0,0,349.17,279.47,True
sz002098,20250107,7.68,7.61,False,False,109,94,-11.46,-18.06,11,26,45.18,27.6,True
sz001368,20251219,25.83,24.6,False,False,43,52,-8.25,-8.92,32,23,27.76,8.32,False
sz301127,20250624,16.08,15.99,False,False,11,26,-19.78,-16.04,109,94,8.21,-9.64,False
sz399805,20240924,1985.69,1916.63,True,True,120,120,0.0,0.0,0,0,85.93,68.64,True
sz002702,20240930,3.82,3.67,False,False,103,95,-10.47,-9.22,17,25,74.87,1.31,False
sz002265,20240923,9.27,9.18,False,True,118,120,-0.11,0.0,2,0,265.7,140.35,True
sz000776,20240919,11.77,11.74,True,False,120,108,0.0,-2.55,0,12,50.98,29.4,True
sz300539,20240821,8.22,8.16,False,False,96,97,-10.35,-9.31,24,23,75.47,62.69,True
sz002963,20251215,14.45,14.36,False,False,70,50,-9.2,-14.8,9,29,14.05,9.34,False
sz300010,20240731,2.62,2.56,False,False,102,100,-7.63,-8.28,18,20,394.66,196.95,True
sz001326,20251225,42.14,41.47,True,False,71,67,0.0,-1.44,0,4,58.83,34.91,True
sz002478,20240930,5.23,4.99,False,False,16,98,-10.7,-2.94,104,22,8.22,7.07,False
sz000738,20240926,19.66,19.44,False,False,99,63,-5.19,-10.49,21,57,27.27,-3.66,False
sz399551,20240927,6911.19,6658.7,True,True,120,120,0.0,0.0,0,0,26.94,17.55,False
sz300577,20240731,17.78,17.54,False,False,102,100,-5.4,-5.89,18,20,61.9,40.52,True
sz001212,20251024,49.67,48.46,False,False,58,55,-15.38,-13.61,57,60,14.94,-1.73,False
sz300124,20240927,53.89,51.02,True,True,120,120,0.0,0.0,0,0,44.07,24.88,True
sz002678,20240926,3.87,3.87,True,False,120,109,0.0,-7.32,0,11,48.32,12.4,False
sz301369,20250624,52.72,51.66,False,True,117,120,-1.67,0.0,3,0,131.81,131.81,True
sz300738,20250625,20.18,19.78,False,False,72,47,-10.74,-13.01,48,73,20.83,-10.74,False
sz002485,20240808,2.83,2.81,False,False,96,93,-5.3,-12.17,24,27,26.86,-3.18,False
sz300443,20240927,17.46,16.63,True,False,120,102,0.0,-5.19,0,18,49.77,20.55,True
sz000823,20251020,12.39,12.12,False,False,112,92,-5.89,-9.06,7,27,34.06,27.52,True
sz002351,20240930,12.15,11.62,False,False,114,110,-4.61,-7.86,6,10,62.88,18.85,False
sz300397,20240930,10.15,9.14,False,False,116,98,-2.86,-8.82,4,22,56.16,19.9,False
sz300891,20251009,9.58,9.43,False,False,42,43,-18.48,-17.13,78,77,11.59,-13.36,False
sz002655,20240814,10.57,10.45,False,False,93,79,-13.81,-12.64,27,41,40.87,24.12,True
sz002006,20240930,13.58,12.56,False,False,96,114,-8.17,-3.02,24,6,56.11,30.56,True
sz302132,20260109,86.05,84.34,False,False,1,2,-23.47,-17.29,61,60,2.28,-19.9,False
sz301070,20251124,52.77,51.07,True,True,95,95,0.0,0.0,0,0,91.87,76.48,True
sz300715,20250624,9.83,9.59,False,False,114,95,-2.14,-7.8,6,25,31.43,6.61,False
sz002561,20240730,8.03,7.98,False,False,85,74,-14.82,-13.09,35,46,38.36,3.24,False
sz002835,20240930,16.03,15.62,False,False,116,116,-3.93,-1.68,4,4,45.66,19.65,False
sz002048,20240731,12.61,12.23,False,False,37,56,-10.47,-8.86,83,64,14.83,-3.89,False
sz002181,20240925,3.4,3.39,True,False,120,119,0.0,-0.62,0,1,195.47,56.14,True
sz000988,20240926,30.16,29.89,True,True,120,120,0.0,0.0,0,0,62.47,35.58,True
sz300692,20260402,8.63,8.62,False,False,1,2,-6.84,-6.78,9,8,0.35,0.35,False
sz000039,20240930,8.82,8.37,False,False,10,72,-18.83,-7.42,110,48,12.25,-4.88,False
sz300970,20250904,14.27,14.12,False,False,114,113,-3.99,-4.45,6,7,81.5,81.5,True
sz399403,20240927,7409.61,7116.79,False,False,81,91,-5.23,-2.8,39,29,15.37,0.88,False
sz300425,20240924,4.27,4.16,False,False,119,86,-0.7,-5.68,1,34,58.73,21.76,True
sz399399,20240926,6375.89,6185.83,True,False,120,119,0.0,-0.34,0,1,19.69,10.09,False
sz300142,20240927,12.23,12.14,False,False,64,57,-10.87,-15.68,56,63,44.07,-4.82,False
sz002184,20240926,9.38,9.25,False,False,119,118,-0.21,-5.06,1,2,120.68,28.78,True
sz301512,20250624,41.41,40.52,False,False,116,107,-2.46,-10.73,4,13,25.45,-0.8,False
sz300710,20250922,19.48,19.35,False,False,114,113,-2.41,-2.13,6,7,77.26,53.23,True
sz002337,20240926,4.04,3.96,True,True,120,120,0.0,0.0,0,0,60.16,35.9,True
sz301288,20250708,12.85,12.76,False,False,118,118,-0.39,-0.18,2,2,45.91,39.69,True
sz000510,20240927,3.31,3.18,False,False,119,106,-0.6,-2.04,1,14,41.99,25.68,True
sz300408,20250811,34.9,34.82,True,True,120,120,0.0,0.0,0,0,54.38,47.85,True
sz301571,20251029,48.3,47.23,False,False,92,97,-8.67,-6.66,21,16,59.71,59.71,True
sz002507,20240924,12.48,12.12,False,False,119,71,-1.28,-5.31,1,49,23.08,6.73,False
sz000869,20240926,22.17,22.01,False,False,64,64,-6.99,-6.64,56,56,17.0,-4.65,False
sz000014,20240926,9.82,9.41,False,False,116,92,-1.02,-7.53,4,28,37.58,8.86,False
sz301322,20251020,29.81,29.76,False,False,58,45,-11.71,-13.81,61,74,20.43,20.43,True
sz002060,20240927,3.52,3.5,False,False,65,63,-7.95,-6.62,55,57,13.64,-2.84,False
sz000573,20240925,2.34,2.29,True,True,120,120,0.0,0.0,0,0,134.19,94.02,True
sz002633,20240801,6.89,6.83,False,False,112,112,-5.22,-4.66,8,8,110.89,61.68,True
sz200055,20240930,1.65,1.55,False,False,87,109,-3.04,-3.05,33,11,6.08,-1.82,False
sz300215,20240806,4.84,4.78,False,False,92,89,-10.11,-12.02,28,31,44.38,24.56,True
sz300913,20250626,44.78,43.72,False,False,118,102,-1.61,-7.91,2,18,49.21,17.25,False
sz002549,20240919,5.93,5.79,False,False,109,77,-4.22,-9.43,11,43,48.06,2.53,False
sz399233,20240927,2241.56,2118.01,True,True,120,120,0.0,0.0,0,0,22.35,15.9,False
sz300321,20241008,18.91,17.51,False,False,107,111,-16.13,-8.69,13,9,75.79,73.73,True
sz301258,20260115,35.03,34.5,False,False,9,24,-15.5,-13.17,49,34,6.62,-8.74,False
sz000913,20240809,14.17,14.06,False,False,108,104,-8.68,-9.87,12,16,37.26,29.64,True
sz300827,20250708,24.17,23.01,False,True,100,120,-5.63,0.0,20,0,89.08,41.58,True
sz399660,20240927,1788.38,1681.09,True,False,120,114,0.0,-2.13,0,6,25.35,10.41,False
sz000409,20240927,8.12,7.91,True,False,120,115,0.0,-2.89,0,5,97.29,44.83,True
sz399987,20240927,6086.6,5972.68,False,False,41,77,-12.14,-7.05,79,43,11.89,-2.79,False
sz002966,20251014,8.36,8.24,False,False,15,57,-5.26,-4.6,105,63,1.08,-0.84,False
sz300869,20251124,16.56,16.42,False,False,4,4,-22.83,-19.39,90,90,1.21,-20.95,False
sz300192,20240731,10.97,9.34,False,False,94,114,-11.67,-3.02,26,6,69.92,42.21,True
sz002154,20241129,4.57,4.16,False,False,17,68,-19.04,-12.79,103,52,13.35,-16.41,False
sz300608,20240924,9.89,9.66,False,False,117,99,-4.25,-14.57,3,21,60.16,18.71,False
sz300624,20250708,65.18,63.88,False,False,119,84,-1.37,-11.73,1,36,37.47,8.39,False
sz000710,20240812,8.25,8.1,False,False,76,72,-17.58,-15.82,44,48,41.09,41.09,True
sz002599,20240927,5.23,5.16,True,True,120,120,0.0,0.0,0,0,160.04,82.22,True
sz002905,20251230,11.62,10.63,False,False,11,33,-21.0,-16.51,57,35,29.43,-13.51,False
sz301141,20251027,60.08,59.32,False,False,22,21,-23.72,-21.06,92,93,11.19,-10.9,False
sz301468,20260408,51.8,51.72,False,False,5,4,-4.0,-4.22,2,3,4.11,2.74,False
sz300342,20240806,13.58,13.52,False,False,88,80,-13.69,-13.69,32,40,59.18,30.03,True
sz000697,20240801,6.26,6.22,False,False,81,82,-21.15,-21.14,39,38,52.26,14.8,False
sz002384,20250604,29.9,29.63,True,True,120,120,0.0,0.0,0,0,176.29,146.09,True
sz300076,20240815,3.75,3.69,False,False,104,110,-8.8,-6.34,16,10,171.2,81.33,True
sz002461,20250124,8.95,8.86,False,False,116,118,-0.78,-0.64,4,2,35.08,17.99,False
sz000415,20240826,2.47,2.46,False,False,102,101,-14.98,-15.22,18,19,100.4,37.65,True
sz002106,20240930,9.32,9.28,False,False,115,115,-3.0,-2.79,5,5,37.34,16.42,False
sz300875,20251114,45.08,45.04,False,False,32,29,-13.33,-16.86,68,71,23.76,-10.16,False
sz301590,20251224,185.3,177.27,False,False,44,46,-12.19,-13.57,28,26,24.54,0.05,False
sz300373,20240927,38.43,36.66,True,False,120,105,0.0,-12.58,0,15,39.63,17.07,False
sz300792,20250801,25.89,25.66,False,False,115,101,-1.04,-8.24,5,19,90.42,55.7,True
sz002148,20240920,4.99,4.69,False,True,117,120,-2.0,0.0,3,0,80.9,39.65,True
sz000096,20240930,9.8,9.55,False,False,113,115,-6.02,-3.05,7,5,126.67,95.67,True
sz002585,20240930,5.66,5.18,False,False,37,63,-15.19,-8.52,83,57,13.6,-10.07,False
sz002919,20250624,16.64,16.5,False,False,56,61,-12.92,-9.02,64,59,43.39,28.61,True
sz300543,20240816,7.46,7.46,False,False,105,106,-9.12,-8.97,15,14,87.13,87.13,True
sz300816,20250801,31.88,31.87,True,True,120,120,0.0,0.0,0,0,151.2,115.22,True
sz002778,20240927,10.63,10.37,True,True,120,120,0.0,0.0,0,0,95.2,68.11,True
sz300296,20250811,6.44,6.37,False,False,91,85,-6.68,-8.39,29,35,16.93,10.71,False
sz300024,20240927,10.56,9.93,True,False,120,117,0.0,-4.37,0,3,117.8,67.71,True
sz002251,20241028,3.22,3.13,True,False,120,118,0.0,-0.47,0,2,128.57,128.57,True
sz300676,20250724,52.87,52.68,False,False,22,27,-16.76,-11.64,98,93,12.07,-3.52,False
sz300858,20251022,17.68,17.2,False,False,63,60,-17.93,-17.55,55,58,43.95,31.45,True
sz002736,20240913,8.3,8.21,True,False,120,89,0.0,-5.48,0,31,53.49,23.37,True
sz301113,20251218,22.98,22.89,True,False,76,68,0.0,-7.2,0,8,22.8,10.1,False
sz300639,20240813,6.45,5.87,False,False,35,76,-22.02,-9.81,85,44,25.58,0.78,False
sz300439,20240816,9.62,9.25,False,False,92,77,-10.92,-7.05,28,43,30.58,18.82,False
sz002536,20240930,10.06,9.45,False,True,114,120,-5.67,0.0,6,0,80.62,44.33,True
sz000676,20240919,6.23,6.03,True,False,120,98,0.0,-8.37,0,22,91.81,35.96,True
sz002365,20240731,7.12,7.11,False,False,95,91,-6.04,-6.63,25,29,25.41,15.02,False
sz002051,20240925,7.06,7.03,True,False,120,100,0.0,-6.24,0,20,31.85,16.84,False
sz300097,20240904,6.5,6.48,False,False,48,49,-26.0,-24.25,72,71,28.62,-21.85,False
sz399905,20240927,5201.67,4990.85,True,True,120,120,0.0,0.0,0,0,21.7,13.29,False
sz002602,20240927,3.79,3.64,True,True,120,120,0.0,0.0,0,0,95.25,77.04,True
sz001268,20260226,34.16,34.16,False,False,0,0,-16.6,-14.91,34,34,0.0,-3.4,False
sz002198,20240930,6.87,6.57,False,False,91,95,-12.37,-7.87,29,25,33.92,4.08,False
sz300477,20240927,2.77,2.64,False,False,111,78,-4.33,-10.59,9,42,40.43,15.16,False
sz000638,20240924,3.92,3.91,True,False,120,106,0.0,-4.87,0,14,59.69,29.08,True
sz301069,20250625,15.76,15.44,False,True,118,120,-0.7,0.0,2,0,89.34,70.05,True
sz300110,20240816,3.55,3.36,False,False,55,65,-20.0,-13.18,65,55,16.9,-7.89,False
sz001226,20250624,27.89,27.72,False,False,116,117,-0.68,-0.52,4,3,77.02,57.08,True
sz000875,20240806,4.77,4.74,False,False,93,67,-10.34,-12.18,27,53,33.51,9.17,False
sz000008,20240801,2.34,2.19,False,False,71,85,-17.52,-10.52,49,35,59.83,10.26,False
sz300941,20250908,25.85,25.54,False,False,26,21,-18.23,-15.09,94,99,15.31,-16.33,False
sz002987,20251231,21.53,21.25,False,False,2,4,-25.59,-19.41,65,63,2.37,-22.62,False
sz002348,20240927,2.59,2.54,True,False,120,111,0.0,-6.02,0,9,89.19,28.57,True
sz300247,20240926,2.64,2.59,True,True,120,120,0.0,0.0,0,0,73.86,51.52,True
sz002801,20240910,20.04,19.41,False,False,106,112,-12.62,-9.27,14,8,83.02,76.63,True
sz002555,20240925,13.23,12.8,False,False,119,87,-0.01,-5.34,1,33,34.78,7.55,False
sz301370,20250630,10.65,10.6,False,False,112,104,-2.35,-3.58,8,16,14.93,10.89,False
sz300593,20240730,10.19,9.96,False,False,85,70,-13.64,-9.53,35,50,47.2,2.16,False
sz002032,20240912,49.22,49.16,False,False,110,92,-2.44,-2.88,10,28,13.23,1.93,False
sz000521,20240903,8.39,8.26,False,False,43,65,-10.85,-9.92,77,55,28.61,-10.25,False
sz002664,20240930,13.8,12.74,False,False,83,118,-9.71,-1.47,37,2,67.46,21.01,True
sz301041,20251020,26.75,25.98,False,False,108,71,-7.55,-12.59,11,48,20.79,12.07,False
sz399684,20240927,2005.32,1973.65,False,False,34,65,-10.92,-6.65,86,55,12.44,-5.33,False
sz301188,20260109,18.76,18.63,False,False,19,37,-17.75,-12.29,44,26,38.22,38.22,True
sz300138,20240930,9.32,8.34,False,False,18,95,-14.59,-3.84,102,25,8.05,3.97,False
sz300724,20250729,57.71,57.12,False,False,118,118,-4.42,-3.28,2,2,132.37,132.37,True
sz000610,20240926,12.56,12.44,False,False,76,79,-7.32,-6.36,44,41,29.7,3.5,False
sz002303,20240820,2.12,2.06,False,True,117,120,-2.83,0.0,3,0,85.73,46.63,True
sz001389,20251125,68.13,67.86,True,True,94,94,0.0,0.0,0,0,119.02,117.67,True
sz300176,20240821,4.85,4.83,False,False,110,110,-7.42,-6.89,10,10,95.05,54.43,True
sz300411,20240930,12.95,12.52,False,False,89,77,-11.43,-12.72,31,43,48.57,-2.86,False
sz399437,20240924,4792.53,4591.79,True,False,120,109,0.0,-3.72,0,11,56.19,28.66,True
sz002780,20240927,9.93,9.8,False,False,118,96,-0.1,-8.47,2,24,57.1,9.77,False
sz000509,20240809,2.93,2.89,False,False,91,85,-18.09,-16.15,29,35,41.64,16.72,False
sz002867,20241113,11.51,11.26,False,False,104,112,-3.91,-4.26,16,8,20.16,7.74,False
sz000813,20240905,2.54,2.53,False,False,110,110,-5.12,-3.77,10,10,81.89,34.65,True
sz300927,20251111,30.95,28.72,False,False,34,52,-26.95,-16.47,69,51,22.1,-4.14,False
sz300221,20240923,5.38,5.3,False,False,115,110,-1.3,-5.62,5,10,59.85,50.0,True
sz300092,20240930,11.06,9.88,False,False,110,118,-6.15,-1.66,10,2,24.59,13.92,False
sz002829,20240830,18.56,18.53,False,False,85,72,-16.97,-15.13,35,48,31.68,10.18,False
sz002054,20240930,5.42,5.01,False,True,103,120,-7.38,0.0,17,0,39.11,15.86,False
sz002360,20240930,5.17,4.99,False,False,51,100,-9.28,-4.32,69,20,12.96,-1.35,False
sz301316,20260109,51.7,50.39,False,False,1,3,-23.52,-16.61,61,59,4.45,-8.49,False
sz300747,20251110,25.69,25.51,False,False,84,66,-8.06,-8.59,21,39,42.47,42.47,True
sz002533,20240731,9.12,8.93,False,False,76,80,-16.99,-16.07,44,40,13.37,4.25,False
sz399249,20240731,1316.12,1278.01,False,False,90,97,-8.6,-7.53,30,23,149.09,65.26,True
sz000020,20240823,11.97,11.52,False,False,107,88,-10.44,-9.17,13,32,36.51,8.02,False
sz300969,20250624,67.19,61.81,False,False,109,118,-5.94,-2.18,11,2,106.88,55.05,True
sz003019,20250812,32.96,31.15,False,False,91,64,-8.71,-14.38,29,56,32.13,-7.89,False
sz001359,20250624,28.71,28.51,True,True,120,120,0.0,0.0,0,0,141.1,141.1,True
sz002160,20240924,3.18,3.13,True,True,120,120,0.0,0.0,0,0,37.74,26.42,True
sz002733,20240927,11.58,11.21,True,True,120,120,0.0,0.0,0,0,95.75,44.55,True
sz000969,20240731,8.38,8.1,False,False,83,90,-8.59,-6.32,37,30,58.59,35.08,True
sz002407,20240930,12.32,11.75,False,False,48,85,-11.52,-5.25,72,35,16.47,-4.62,False
sz002952,20250724,20.72,20.57,False,False,52,58,-10.76,-8.78,68,62,12.74,2.65,False
sz301091,20250807,31.25,30.31,False,False,49,55,-21.47,-17.39,71,65,14.56,-18.85,False
sz399654,20240927,1989.23,1868.68,True,True,120,120,0.0,0.0,0,0,42.49,28.3,True
sz002449,20240801,7.03,6.93,False,False,86,88,-9.82,-8.55,34,32,102.99,45.66,True
sz000927,20240926,2.51,2.45,False,False,91,64,-3.18,-6.48,29,56,18.3,-0.8,False
sz300813,20260320,28.21,28.17,False,False,8,15,-4.79,-2.76,11,4,9.46,-4.79,False
sz002580,20240904,6.55,6.49,False,False,108,110,-5.65,-4.12,12,10,136.18,134.66,True
sz300315,20240926,4.47,4.43,True,False,120,113,0.0,-7.54,0,7,54.36,19.91,False
sz000597,20240806,4.32,4.26,False,False,94,94,-8.8,-6.99,26,26,39.81,21.3,True
sz002084,20240823,2.87,2.69,False,False,78,87,-17.77,-10.44,42,33,29.27,4.18,False
sz300525,20240920,11.98,11.96,False,False,119,101,-0.5,-8.83,1,19,79.71,42.15,True
sz300870,20250625,120.97,119.34,False,False,113,113,-3.49,-2.24,7,7,131.14,76.07,True
sz002279,20240912,5.01,4.84,False,False,119,117,-1.4,-2.8,1,3,66.67,44.11,True
sz301175,20250625,5.11,5.08,False,False,118,101,-0.39,-2.63,2,19,15.46,9.59,False
sz301388,20251125,31.98,31.2,False,False,55,47,-6.88,-9.34,38,46,35.96,0.66,False
sz002237,20240801,11.31,11.17,False,False,6,29,-22.55,-22.12,114,91,1.06,-2.92,False
sz300773,20251229,26.59,25.12,False,False,42,53,-15.16,-9.67,27,16,20.65,1.5,False
sz002354,20240930,3.44,3.16,False,False,112,119,-9.59,-0.49,8,1,159.59,79.94,True
sz300894,20250723,14.24,13.69,False,False,17,34,-21.35,-14.17,103,86,4.49,-14.12,False
sz001259,20260407,31.06,30.86,False,False,4,5,-0.93,-1.16,4,3,2.41,1.55,False
sz001896,20240930,4.14,4.04,False,False,54,70,-9.42,-5.7,66,50,19.08,-2.9,False
sz301016,20250905,19.14,17.42,False,False,101,102,-5.85,-6.43,19,18,43.42,26.85,True
sz000609,20241024,2.03,1.95,True,False,120,103,0.0,-14.17,0,17,41.87,27.59,True
sz002480,20240827,3.51,3.45,False,False,114,117,-3.7,-1.46,6,3,67.81,44.16,True
sz300446,20240801,14.29,13.53,False,False,81,81,-23.51,-18.62,39,39,44.02,16.1,False
sz301191,20250729,92.94,90.24,False,False,94,101,-9.5,-10.04,26,19,34.58,29.09,True
sz001217,20250905,11.59,11.48,False,False,118,112,-0.95,-1.13,2,8,43.66,16.13,False
sz300121,20240926,7.62,7.57,True,False,120,114,0.0,-25.62,0,6,152.92,28.7,True
sz301058,20250701,11.05,11.04,False,False,97,76,-4.16,-6.8,23,44,12.04,-0.81,False
sz002853,20240927,7.82,7.57,False,True,119,120,-1.79,0.0,1,0,109.34,79.67,True
sz300276,20240821,3.76,3.75,False,False,95,97,-11.97,-11.1,25,23,332.71,288.56,True
sz300697,20251124,15.45,15.3,False,False,78,65,-11.13,-20.41,16,29,38.96,3.75,False
sz002379,20240731,5.34,5.11,False,False,81,81,-13.48,-12.92,39,39,103.37,74.72,True
sz002830,20240926,10.12,9.85,True,False,120,115,0.0,-3.86,0,5,44.05,20.05,True
sz300238,20240830,9.84,9.72,False,False,116,114,-3.66,-2.7,4,6,54.47,36.18,True
sz002564,20241016,3.53,3.41,True,False,120,99,0.0,-10.95,0,21,37.39,24.36,True
sz002650,20240830,2.33,2.27,False,False,93,108,-16.31,-10.68,27,12,132.62,97.42,True
sz002003,20241206,12.24,12.21,False,False,72,46,-15.77,-19.86,48,74,14.22,-8.01,False
sz002799,20240912,6.64,6.53,True,False,120,105,0.0,-4.14,0,15,64.16,18.22,False
sz002203,20240926,8.23,8.04,True,False,120,101,0.0,-5.16,0,19,31.1,10.57,False
sz300496,20240930,52.49,44.37,False,False,118,113,-3.33,-4.78,2,7,35.34,10.02,False
sz301275,20260106,54.97,54.87,False,False,30,29,-30.14,-29.68,35,36,43.7,-24.23,False
sz002137,20240829,5.11,4.96,False,False,107,116,-7.24,-3.24,13,4,141.29,80.04,True
sz301088,20250924,13.96,13.72,False,False,107,87,-4.71,-13.83,13,33,30.82,2.59,False
sz399244,20240926,433.52,432.1,True,False,120,116,0.0,-2.01,0,4,40.55,21.92,True
sz300511,20240819,3.66,3.37,False,False,56,65,-23.77,-16.44,64,55,29.78,-2.73,False
sz000970,20240926,8.48,8.26,True,True,120,120,0.0,0.0,0,0,62.5,49.29,True
sz300844,20250930,48.6,45.93,False,False,27,29,-34.73,-27.58,93,91,15.84,-29.28,False
sz002882,20251020,29.43,29.31,False,False,98,40,-11.96,-16.45,21,79,26.13,4.18,False
sz002179,20240828,35.6,35.05,False,False,117,70,-1.71,-9.73,3,50,31.35,7.67,False
sz001289,20250701,16.25,16.0,False,False,91,87,-7.21,-10.09,29,33,11.8,-6.72,False
sz003000,20250722,12.85,12.71,False,False,7,7,-11.93,-9.99,113,113,3.11,-9.9,False
sz300625,20240930,11.35,10.44,False,False,77,104,-8.63,-4.61,43,16,15.33,-0.18,False
sz399554,20240926,6638.15,6392.08,True,True,120,120,0.0,0.0,0,0,15.36,8.2,False
sz002928,20260203,10.48,10.32,False,False,12,12,-27.39,-27.89,33,33,13.26,-19.37,False
sz300572,20240807,12.37,12.32,False,False,104,94,-10.19,-10.71,16,26,82.3,47.45,True
sz301391,20260227,77.89,77.62,False,False,13,11,-18.92,-21.54,20,22,13.61,2.97,False
sz300015,20240926,11.26,10.85,True,False,120,93,0.0,-5.58,0,27,67.4,15.81,False
sz001323,20250722,28.41,28.33,False,False,37,45,-10.57,-8.8,83,75,5.87,-7.93,False
sz002749,20241120,12.92,12.81,False,False,62,107,-6.73,-2.91,58,13,18.27,10.6,False
sz301216,20251124,17.01,16.45,False,False,90,86,-2.76,-3.81,5,9,75.19,72.08,True
sz301122,20250624,21.18,20.46,False,False,117,118,-0.47,-1.48,3,2,51.89,32.2,True
sz002707,20240926,6.6,6.39,False,False,119,111,-0.3,-6.46,1,9,31.06,18.48,False
sz300197,20240925,1.49,1.49,True,False,120,99,0.0,-9.8,0,21,113.42,40.94,True
sz002151,20240930,27.9,25.45,False,False,45,74,-11.54,-7.56,75,46,12.76,-8.53,False
sz003028,20250625,31.1,31.08,False,False,77,54,-7.78,-9.83,43,66,15.95,-5.53,False
sz301589,20250725,153.53,152.64,False,False,113,92,-2.75,-7.81,7,28,36.56,21.18,True
sz301213,20250910,53.88,53.38,False,False,107,96,-3.66,-5.43,13,24,99.74,25.61,True
sz000958,20240815,3.67,3.65,False,False,93,95,-16.89,-15.05,27,25,184.96,65.92,True
sz002436,20240930,10.62,10.11,False,False,100,111,-8.38,-4.27,20,9,34.37,15.25,False
sz399665,20240927,1729.7,1672.47,True,True,120,120,0.0,0.0,0,0,17.55,14.64,False
sz301169,20251021,42.3,41.91,False,False,116,110,-3.9,-6.39,3,9,52.7,43.88,True
sz300643,20240815,11.13,11.09,False,False,88,76,-13.39,-13.76,32,44,29.74,16.98,False
sz002685,20240821,2.95,2.91,False,False,115,115,-5.76,-4.07,5,5,248.14,142.71,True
sz300324,20240920,2.3,2.3,True,False,120,114,0.0,-3.27,0,6,147.39,86.96,True
sz399302,20251225,220.38,220.37,True,True,48,48,0.0,0.0,0,0,0.71,0.71,False
sz300822,20250815,19.92,19.86,False,False,7,16,-21.23,-15.66,113,104,3.41,-17.82,False
sz300620,20240930,42.06,37.02,False,False,115,113,-6.09,-5.01,5,7,34.07,9.68,False
sz300073,20240927,35.92,35.68,True,False,120,98,0.0,-5.37,0,22,50.06,13.17,False
sz002887,20251219,9.37,9.2,False,False,68,73,-1.6,-0.51,8,3,29.99,25.29,True
sz002248,20240808,6.9,6.38,False,False,85,90,-16.52,-8.21,35,30,65.94,26.96,True
sz000975,20240731,17.42,16.85,False,False,22,28,-14.07,-13.69,98,92,9.36,-6.26,False
sz300988,20251124,22.5,22.4,True,False,94,86,0.0,-1.26,0,8,28.98,24.76,True
sz300514,20240930,14.3,13.07,False,False,84,116,-9.3,-2.41,36,4,15.38,9.44,False
sz002761,20240926,8.1,8.07,False,False,113,82,-6.67,-16.25,7,38,55.19,0.74,False
sz002206,20240927,3.86,3.76,False,False,114,119,-4.15,-1.44,6,1,34.76,29.05,True
sz000715,20240926,4.05,4.04,True,False,120,118,0.0,-2.77,0,2,60.71,29.6,True
sz002455,20240731,7.96,7.84,False,False,42,38,-19.85,-24.16,78,82,16.21,-4.9,False
sz002900,20250912,14.2,14.1,False,False,20,7,-19.58,-14.35,100,113,5.56,-19.58,False
sz300109,20240930,13.31,11.83,False,False,97,117,-12.1,-0.72,23,3,32.75,25.62,True
sz301517,20251124,44.01,42.81,True,False,94,81,0.0,-8.58,0,13,103.54,64.26,True
sz002332,20240919,10.96,10.95,False,False,55,48,-16.88,-19.86,65,72,22.08,-12.68,False
sz300147,20240731,4.06,3.74,True,False,120,116,0.0,-4.78,0,4,288.18,135.47,True
sz301559,20251103,17.01,16.96,False,False,49,49,-10.88,-11.12,60,60,10.52,0.06,False
sz300975,20251125,12.6,12.59,False,False,79,75,-3.89,-4.51,15,19,67.06,62.3,True
sz399406,20240927,11682.74,11293.36,True,False,120,118,0.0,-0.43,0,2,12.69,5.92,False
sz300420,20240927,2.39,2.31,False,False,119,112,-0.42,-23.29,1,8,77.82,7.95,False
sz000538,20240808,49.59,47.97,False,False,109,112,-5.65,-4.64,11,8,19.5,11.06,False
sz002856,20240926,7.83,7.72,True,False,120,86,0.0,-12.58,0,34,61.69,7.15,False
sz300210,20240913,9.06,8.98,False,False,113,84,-15.67,-14.25,7,36,82.67,22.52,True
sz000822,20240930,6.04,5.97,False,False,25,48,-15.89,-8.91,95,72,11.09,-4.47,False
sz300916,20250630,29.07,29.0,False,False,108,83,-3.06,-12.35,12,37,64.77,16.79,False
sz399236,20240926,1028.81,1003.16,True,False,120,118,0.0,-1.6,0,2,42.81,25.5,True
sz002818,20240927,11.04,10.92,False,False,119,117,-0.18,-1.63,1,3,25.91,19.2,False
sz002065,20240924,4.76,4.72,True,True,120,120,0.0,0.0,0,0,201.89,119.96,True
sz000576,20240927,6.26,6.26,True,False,120,116,0.0,-4.89,0,4,49.84,18.05,False
sz001395,20251027,48.59,48.55,False,False,6,6,-22.66,-17.36,108,108,2.57,-18.71,False
sz002636,20240801,6.44,6.42,False,False,100,92,-7.3,-7.07,20,28,74.28,27.51,True
sz002298,20240927,4.38,4.35,False,False,119,112,-0.68,-2.58,1,8,79.0,24.2,True
sz000011,20240802,8.21,7.89,False,False,82,74,-11.21,-7.84,38,46,28.14,-0.37,False
sz300958,20250904,12.68,12.66,False,False,102,82,-4.73,-10.36,18,38,16.72,16.32,False
sz301327,20250625,50.68,50.49,False,False,119,97,-0.1,-11.18,1,23,51.72,9.51,False
sz300776,20250724,58.99,58.63,False,False,109,84,-1.88,-11.55,11,36,33.7,26.12,True
sz002649,20240912,8.73,8.33,False,False,116,119,-5.96,-0.94,4,1,92.11,63.92,True
sz300115,20240814,10.77,10.71,False,False,100,100,-6.22,-6.96,20,20,123.49,114.02,True
sz001223,20251212,51.29,49.7,False,False,53,47,-11.29,-14.23,27,33,21.04,17.02,False
sz300472,20240806,5.34,5.26,False,False,111,115,-8.99,-8.17,9,5,79.4,50.94,True
sz301291,20250815,43.38,42.1,False,False,88,87,-6.22,-6.9,32,33,22.41,12.54,False
sz301358,20250811,34.02,32.73,False,True,118,120,-2.15,0.0,2,0,163.37,80.19,True
sz300709,20250624,38.5,38.49,False,False,118,88,-0.39,-12.4,2,32,52.16,11.87,False
sz000547,20240801,7.19,6.77,False,False,64,72,-16.13,-10.27,56,48,26.56,-3.2,False
sz301022,20251015,35.02,34.31,False,False,18,15,-20.53,-17.22,95,98,13.25,-20.53,False
sz002607,20240806,2.43,2.42,False,False,86,90,-32.1,-26.78,34,30,78.19,54.73,True
sz002037,20240807,6.59,6.38,False,False,112,92,-2.28,-10.62,8,28,51.75,15.78,False
sz000524,20240925,8.77,8.72,True,False,120,102,0.0,-6.5,0,18,31.13,23.6,True
sz002550,20240731,5.33,5.07,False,False,95,88,-10.13,-7.8,25,32,23.63,6.56,False
sz301526,20251124,5.54,5.51,True,True,95,95,0.0,0.0,0,0,184.48,150.36,True
sz300596,20240927,26.4,26.11,False,False,118,118,-0.34,-0.31,2,2,25.38,14.13,False
sz002079,20240912,8.56,8.55,False,False,113,106,-6.19,-5.33,7,14,48.71,24.18,True
sz301568,20250625,38.32,37.2,False,False,103,106,-3.71,-5.4,17,14,51.36,17.9,False
sz002982,20250908,15.5,15.47,False,False,3,12,-13.03,-11.81,117,108,1.94,-3.48,False
sz000797,20240808,2.55,2.55,False,False,99,76,-6.67,-8.51,21,44,33.33,9.02,False
sz002284,20240807,7.14,7.11,False,False,91,81,-9.94,-8.95,29,39,28.99,27.45,True
sz300242,20240819,2.4,2.32,False,False,99,108,-18.33,-14.26,21,12,169.58,113.33,True
sz300611,20240807,8.23,8.14,False,False,96,98,-5.83,-5.4,24,22,56.12,52.48,True
sz300042,20240930,21.99,20.41,False,False,74,105,-19.92,-12.92,46,15,74.58,23.78,True
sz399350,20240927,2169.46,2056.56,False,False,99,99,-7.01,-4.48,21,21,19.37,0.84,False
sz300376,20241008,3.94,3.7,False,False,10,100,-20.82,-13.01,110,20,4.57,-13.71,False
sz301595,20251113,40.75,39.85,False,False,75,79,-14.04,-11.62,26,22,68.29,21.57,True
sz300797,20251124,16.25,15.85,False,False,61,57,-13.35,-17.96,33,37,15.38,-3.69,False
sz000410,20240731,6.7,6.66,False,False,69,68,-11.04,-10.4,51,52,33.43,-1.34,False
sz002103,20240925,5.33,5.29,True,True,120,120,0.0,0.0,0,0,220.26,78.42,True
sz399679,20240927,4029.62,3826.85,True,True,120,120,0.0,0.0,0,0,24.83,15.33,False
sz300338,20240902,2.15,2.09,True,False,120,103,0.0,-12.5,0,17,174.42,65.12,True
sz002931,20250730,17.34,16.44,False,False,57,87,-13.44,-6.91,63,33,571.86,395.67,True
sz301116,20250807,11.58,11.56,False,False,40,47,-8.55,-7.04,80,73,21.33,-1.73,False
sz200706,20240806,1.75,1.72,True,False,120,111,0.0,-8.5,0,9,107.43,51.43,True
sz300994,20260121,17.34,17.28,False,False,1,2,-17.24,-13.31,53,52,0.06,-12.51,False
sz300508,20240730,20.88,20.05,False,False,82,99,-9.87,-6.99,38,21,49.96,34.44,True
sz301222,20251020,29.28,28.8,False,False,100,88,-4.37,-6.99,20,32,33.67,31.76,True
sz002254,20240930,10.01,9.21,False,False,56,98,-14.88,-6.73,64,22,10.89,0.6,False
sz300673,20250701,17.0,16.48,False,False,77,82,-9.29,-4.5,43,38,12.29,8.24,False
sz300292,20240816,3.58,3.44,False,False,95,102,-9.5,-6.2,25,18,69.27,53.35,True
sz301158,20260407,24.33,23.75,False,False,7,7,-5.63,-5.1,1,1,3.08,-5.63,False
sz001317,20251103,47.16,46.7,False,False,71,54,-15.39,-14.88,38,55,23.13,5.87,False
sz300021,20240930,3.86,3.42,False,False,110,118,-4.4,-1.9,10,2,23.83,13.73,False
sz300546,20240815,11.36,11.34,False,False,108,110,-6.34,-6.01,12,10,102.42,67.93,True
sz000709,20240927,1.99,1.95,True,False,120,117,0.0,-0.98,0,3,21.11,11.06,False
sz000922,20241028,11.61,11.46,False,False,37,76,-16.97,-14.35,83,44,6.89,-5.34,False
sz301269,20250818,116.47,116.32,False,False,45,49,-16.5,-14.98,75,71,16.91,-12.17,False
sz300310,20240816,4.04,4.02,False,False,118,109,-3.47,-5.06,2,11,176.24,95.05,True
sz399651,20240926,1348.08,1339.37,True,False,120,113,0.0,-2.15,0,7,20.15,12.91,False
sz002402,20240927,10.36,10.34,True,True,120,120,0.0,0.0,0,0,130.79,88.61,True
sz002398,20240827,3.78,3.77,False,False,99,99,-15.6,-13.79,21,21,66.91,38.09,True
sz300991,20260129,41.74,39.32,True,True,49,49,0.0,0.0,0,0,59.08,26.86,True
sz002165,20240731,3.44,3.35,False,False,89,93,-8.72,-7.62,31,27,66.28,28.78,True
sz002232,20240919,14.8,14.75,True,False,120,90,0.0,-12.43,0,30,87.23,28.24,True
sz000721,20240926,7.62,7.53,False,False,114,114,-2.62,-5.77,6,6,71.39,16.01,False
sz301170,20251021,27.13,27.05,False,False,111,82,-2.36,-7.83,7,36,17.1,6.82,False
sz002755,20240731,9.73,9.62,True,False,120,117,0.0,-1.26,0,3,51.08,40.49,True
sz300009,20240930,9.58,8.57,False,False,2,81,-18.68,-7.93,118,39,9.39,-10.97,False
sz300520,20240930,18.5,16.39,False,False,115,118,-6.11,-0.68,5,2,68.43,32.97,True
sz000888,20240830,11.23,11.06,False,False,112,87,-4.27,-5.27,8,33,26.18,8.64,False
sz301459,20250624,41.37,39.9,False,False,89,65,-7.69,-12.74,31,55,26.86,-3.55,False
sz300047,20240823,7.12,7.08,False,False,116,107,-5.19,-4.89,4,13,141.89,126.18,True
sz003031,20250625,47.69,47.5,False,False,119,99,-0.59,-7.52,1,21,59.17,57.79,True
sz000592,20240926,1.65,1.63,True,True,120,120,0.0,0.0,0,0,112.12,72.12,True
sz002081,20240926,3.19,3.05,False,False,118,79,-1.57,-7.03,2,41,28.53,0.94,False
sz300888,20251110,43.3,41.55,False,False,0,8,-26.56,-16.11,104,96,0.0,-22.7,False
sz300414,20240902,7.04,6.9,False,False,104,95,-11.93,-8.66,16,25,32.39,19.6,False
sz002281,20240930,33.35,32.56,False,False,113,109,-9.03,-6.73,7,11,77.48,41.89,True
sz000792,20240927,17.22,16.13,False,False,46,77,-7.67,-4.58,74,43,16.32,-3.37,False
sz399432,20240927,4076.07,3768.14,True,True,120,120,0.0,0.0,0,0,33.22,21.45,True
sz300173,20240927,3.8,3.7,True,False,120,114,0.0,-5.74,0,6,136.58,55.79,True
sz300209,20250414,4.73,4.62,True,False,120,105,0.0,-3.37,0,15,48.41,39.75,True
sz300721,20250724,15.07,14.72,False,False,19,28,-16.85,-13.68,101,92,3.19,2.52,False
sz000615,20241014,1.77,1.75,False,False,118,119,-1.41,-2.04,2,1,101.02,57.64,True
sz002306,20240927,2.82,2.82,False,False,77,66,-27.66,-32.78,43,54,61.7,-20.92,False
sz399966,20240731,4532.07,4518.72,False,False,84,87,-5.44,-4.45,36,33,56.11,26.16,True
sz002661,20240919,7.6,7.52,False,False,118,118,-1.32,-1.46,2,2,47.09,20.77,True
sz399681,20240927,822.0,810.33,False,True,118,120,-0.77,0.0,2,0,14.16,8.11,False
sz301313,20250624,24.0,23.6,False,False,117,111,-1.42,-5.31,3,9,33.83,5.88,False
sz000858,20240926,125.99,123.19,False,False,83,68,-5.34,-7.03,37,52,23.61,-0.3,False
sz000025,20240925,14.15,14.14,True,False,120,81,0.0,-4.41,0,39,41.06,15.19,False
sz301489,20260302,206.8,194.73,False,False,2,11,-21.4,-14.76,30,21,6.0,6.0,False
sz301027,20250818,15.6,15.5,False,False,96,74,-10.58,-10.22,24,46,37.82,23.27,True
sz000816,20240924,1.97,1.97,True,True,120,120,0.0,0.0,0,0,132.99,80.2,True
sz300922,20250905,24.25,24.02,False,False,47,27,-13.32,-17.48,73,93,18.31,-13.32,False
sz002578,20240927,2.78,2.78,True,True,120,120,0.0,0.0,0,0,30.94,17.27,False
sz300224,20240927,9.25,9.17,True,True,120,120,0.0,0.0,0,0,75.45,42.48,True
sz002785,20240731,25.46,25.35,False,False,95,96,-7.34,-6.59,25,24,52.79,25.69,True
sz002862,20240731,9.66,9.61,False,False,96,90,-7.17,-7.67,24,30,207.54,192.47,True
sz300492,20240930,62.07,61.03,False,False,15,57,-27.54,-15.54,105,63,5.09,0.16,False
sz399649,20240927,2636.75,2553.85,False,False,101,102,-3.61,-2.64,19,18,12.85,3.38,False
sz002133,20240926,2.41,2.26,False,False,101,103,-6.22,-5.86,19,17,33.18,1.66,False
sz002886,20250624,18.74,18.63,False,False,114,85,-2.35,-9.45,6,35,30.79,2.61,False
sz300840,20250630,22.3,22.04,False,False,24,24,-29.33,-22.25,96,96,8.34,-29.33,False
sz399360,20240927,4161.98,3957.04,True,True,120,120,0.0,0.0,0,0,68.62,51.06,True
sz300346,20240815,22.0,21.96,False,False,102,101,-6.36,-6.46,18,19,74.12,43.63,True
sz300621,20240809,7.98,7.97,False,False,88,65,-11.65,-11.36,32,55,87.84,14.41,False
sz300576,20240813,28.34,28.27,False,False,91,87,-12.17,-12.05,29,33,80.86,37.05,True
sz301395,20251028,11.39,11.32,False,False,81,80,-8.6,-8.92,32,33,44.25,20.46,True
sz399550,20240926,6714.91,6490.14,True,True,120,120,0.0,0.0,0,0,16.01,9.97,False
sz000739,20240924,13.75,13.54,False,False,119,80,-0.58,-6.79,1,40,26.32,6.4,False
sz301168,20260130,44.18,43.82,False,False,8,7,-9.48,-9.41,39,40,5.12,2.08,False
sz300011,20240731,5.63,5.63,False,False,110,92,-7.82,-7.91,10,28,71.76,26.82,True
sz002962,20250625,15.51,15.28,False,False,21,75,-7.54,-5.34,99,45,5.35,-7.29,False
sz300538,20240927,15.41,14.94,False,False,85,66,-9.93,-13.18,35,54,32.19,-0.06,False
sz000777,20240815,15.9,15.46,False,False,84,91,-20.89,-18.4,36,29,23.84,14.97,False
sz002264,20240927,5.3,5.25,False,False,107,101,-6.98,-6.68,13,19,43.0,12.07,False
sz399804,20240927,1343.71,1278.84,True,False,120,119,0.0,-0.1,0,1,29.47,17.37,False
sz300196,20240927,10.23,9.93,False,False,101,88,-5.37,-6.4,19,32,24.53,6.94,False
sz002703,20240927,11.6,11.36,False,False,101,94,-8.28,-8.91,19,26,22.59,4.4,False
sz301126,20250624,10.78,10.66,False,False,119,105,-0.28,-2.83,1,15,31.85,14.88,False
sz002150,20240912,13.41,13.22,False,False,31,56,-13.5,-11.32,89,64,19.76,2.76,False
sz002099,20240902,5.64,5.58,False,False,53,53,-19.5,-17.0,67,67,21.63,-19.5,False
sz002299,20241008,13.56,13.28,False,False,71,103,-13.2,-10.5,49,17,12.3,12.3,False
sz300890,20251128,32.58,32.4,False,False,4,7,-11.82,-11.58,86,83,1.9,1.32,False
sz300396,20241008,20.37,19.24,False,False,0,35,-31.22,-18.65,120,85,0.0,-29.26,False
sz301326,20250624,69.1,67.18,False,False,118,117,-1.07,-1.05,2,3,108.39,55.08,True
sz300777,20250908,35.7,35.63,False,False,53,55,-16.53,-15.16,67,65,33.67,13.14,False
sz002637,20240802,8.46,8.45,False,False,92,88,-9.81,-10.74,28,32,30.72,14.06,False
sz002484,20240926,13.42,13.28,True,True,120,120,0.0,0.0,0,0,97.53,51.11,True
sz000539,20240930,5.03,4.98,False,False,1,32,-15.71,-7.48,119,88,1.59,-6.96,False
sz002679,20240926,7.38,7.32,False,False,119,110,-0.27,-3.86,1,10,35.89,14.49,False
sz001213,20250624,4.0,3.97,True,False,120,101,0.0,-3.72,0,19,20.03,1.78,False
sz002049,20240926,53.18,53.02,True,False,120,108,0.0,-2.3,0,12,46.22,23.22,True
sz301516,20250624,16.4,16.36,False,False,106,93,-4.57,-10.09,14,27,17.68,-4.57,False
sz301345,20260203,217.57,215.61,False,False,15,14,-10.49,-11.65,30,31,11.08,10.12,False
sz000514,20240815,3.35,3.34,False,False,98,76,-9.5,-9.06,22,44,79.81,23.95,True
sz002007,20240930,17.21,16.09,False,False,1,64,-13.83,-6.39,119,56,4.59,-11.04,False
sz301622,20250929,79.58,79.43,False,False,10,7,-29.33,-23.86,110,113,8.95,-22.78,False
sz002651,20240801,5.56,5.52,False,False,84,85,-15.83,-14.04,36,35,50.36,17.81,False
sz301289,20250630,48.8,48.41,True,True,120,120,0.0,0.0,0,0,43.46,19.84,False
sz300711,20250630,22.88,22.38,False,False,22,49,-12.59,-8.78,98,71,9.48,-3.98,False
sz000625,20240930,14.54,13.6,False,False,6,59,-17.06,-8.35,114,61,4.61,-13.14,False
sz002565,20240815,2.68,2.66,False,False,92,77,-14.17,-13.14,28,43,47.37,12.68,False
sz300630,20241112,11.79,11.71,False,False,0,2,-94.49,-90.61,100,98,0.0,-92.45,False
sz002831,20240930,24.39,22.9,False,False,66,105,-8.71,-2.9,54,15,9.7,-0.27,False
sz002185,20240927,8.43,7.97,True,False,120,103,0.0,-7.87,0,17,68.43,25.14,True
sz300143,20240909,8.72,7.76,False,False,97,98,-17.78,-7.09,23,22,26.03,22.36,True
sz300277,20240912,7.09,6.49,True,True,120,120,0.0,0.0,0,0,142.61,73.59,True
sz399398,20240927,9833.64,9425.57,False,False,117,113,-0.93,-1.46,3,7,15.39,4.02,False
sz300424,20240927,13.02,12.45,True,False,120,90,0.0,-12.87,0,30,75.12,16.51,False
sz399402,20240925,2662.42,2628.29,True,False,120,113,0.0,-1.46,0,7,29.12,14.63,False
sz301190,20251031,25.25,25.1,False,False,3,19,-20.2,-18.49,107,91,6.06,-12.04,False
sz301059,20250624,11.13,10.8,False,False,115,103,-2.25,-4.71,5,17,18.24,10.33,False
sz002852,20240930,7.41,6.99,False,False,109,119,-5.94,-0.99,11,1,33.76,17.55,False
sz002548,20240930,4.34,4.08,False,False,20,51,-13.82,-8.17,100,69,8.76,-12.21,False
sz399232,20240930,2702.59,2511.61,False,False,18,93,-10.45,-2.34,102,27,3.01,-1.49,False
sz000826,20240927,1.83,1.75,False,False,115,63,-2.73,-18.2,5,57,73.77,0.0,False
sz300214,20240930,5.53,5.26,False,False,113,119,-7.23,-2.4,7,1,51.72,18.08,False
sz300447,20240930,13.58,12.21,False,False,77,88,-11.27,-7.24,43,32,15.32,1.25,False
sz001258,20250929,7.25,7.15,False,False,109,94,-2.62,-4.51,11,26,62.62,16.83,False
sz000572,20240927,3.44,3.34,False,False,112,98,-4.07,-6.76,8,22,76.16,18.02,False
sz001391,20250724,6.93,6.9,False,False,2,7,-14.57,-10.2,118,113,0.29,-12.84,False
sz002061,20240926,3.64,3.55,False,False,118,69,-0.55,-4.88,2,51,26.34,3.29,False
sz301323,20251219,54.05,53.93,False,False,63,52,-13.41,-18.78,12,23,25.86,21.57,True
sz000868,20240826,4.6,4.45,False,False,102,102,-7.83,-6.57,18,18,62.17,55.87,True
sz300393,20240927,6.72,6.35,False,False,54,57,-17.26,-15.55,66,63,36.01,-13.84,False
sz002506,20240927,2.1,2.07,False,False,119,100,-1.9,-9.09,1,20,60.95,14.29,False
sz300895,20250624,43.74,43.24,False,False,113,74,-4.3,-9.57,7,46,25.74,3.7,False
sz300609,20240730,19.24,18.55,True,False,120,102,0.0,-18.59,0,18,95.53,26.92,True
sz300193,20240731,6.87,6.86,False,False,100,94,-5.24,-7.23,20,26,44.66,32.34,True
sz000895,20240926,23.54,22.51,False,True,92,120,-3.31,0.0,28,0,9.81,8.62,False
sz002681,20240829,4.37,3.98,False,False,101,112,-16.25,-6.54,19,8,140.05,89.47,True
sz399986,20240815,6128.17,6089.09,False,False,105,105,-6.87,-6.92,15,15,17.92,17.38,False
sz300647,20240731,4.78,4.74,False,False,115,102,-8.58,-9.13,5,18,89.33,23.43,True
sz399661,20240926,4845.8,4810.6,True,False,120,119,0.0,-0.09,0,1,20.04,10.53,False
sz000912,20240919,3.83,3.77,True,True,120,120,0.0,0.0,0,0,37.86,23.76,True
sz300826,20250626,16.52,16.3,True,False,120,94,0.0,-6.82,0,26,17.49,0.18,False
sz301259,20250724,45.09,44.97,False,False,13,19,-28.81,-25.38,107,101,26.86,-23.38,False
sz002929,20250822,49.98,49.4,False,False,18,45,-23.43,-16.02,102,75,13.33,-3.22,False
sz300320,20240806,7.49,7.27,False,False,98,78,-11.48,-10.9,22,42,109.02,29.07,True
sz300077,20240906,10.04,9.48,False,False,113,119,-7.27,-1.21,7,1,297.41,158.67,True
sz300510,20240911,4.62,3.89,False,False,41,72,-18.18,-9.62,79,48,18.61,9.09,False
sz300343,20240911,5.4,5.19,False,False,103,99,-26.11,-22.35,17,21,47.78,16.48,False
sz301469,20251224,29.3,28.68,True,False,72,69,0.0,-3.99,0,3,42.32,16.89,False
sz002765,20240731,4.84,4.81,False,False,91,92,-5.99,-6.2,29,28,154.96,102.48,True
sz300039,20240812,5.78,5.68,False,False,88,82,-16.44,-12.01,32,38,20.93,8.3,False
sz000851,20240902,3.11,2.99,False,False,51,73,-29.58,-29.7,69,47,29.26,-29.58,False
sz002598,20240927,7.62,7.45,False,True,119,120,-0.13,0.0,1,0,54.07,43.31,True
sz000711,20241101,1.81,1.74,False,False,43,76,-23.2,-18.82,77,44,8.84,2.21,False
sz300497,20240927,9.15,9.03,False,False,53,51,-16.39,-19.42,67,69,43.17,-4.48,False
sz003030,20251015,19.54,18.9,False,False,114,96,-5.22,-10.34,6,24,17.2,3.22,False
sz000593,20240927,4.97,4.89,True,False,120,106,0.0,-4.79,0,14,30.58,10.46,False
sz300615,20240807,11.24,10.39,False,False,90,95,-19.93,-10.62,30,25,63.88,17.88,False
sz002080,20240930,12.54,12.52,False,False,72,111,-9.25,-7.5,48,9,20.96,19.29,False
sz300793,20250625,18.16,17.6,False,False,22,55,-14.65,-11.16,98,65,11.95,-14.1,False
sz301591,20250630,38.32,38.12,False,False,110,69,-2.53,-11.55,10,51,31.5,-0.78,False
sz399354,20240926,6737.44,6682.77,True,False,120,116,0.0,-1.56,0,4,18.58,6.16,False
sz301112,20260112,42.96,42.84,False,False,0,0,-28.12,-24.52,61,61,0.0,-21.09,False
sz002737,20250106,20.89,20.64,False,False,0,0,-28.58,-18.79,120,120,0.0,-26.95,False
sz301226,20250624,27.3,26.49,False,False,106,83,-2.67,-11.28,14,37,51.65,15.75,False
sz300990,20260325,81.61,81.23,False,False,7,8,-7.06,-6.33,9,8,11.4,7.55,False
sz300025,20240927,9.37,9.23,False,False,50,49,-26.47,-30.89,70,71,65.42,-23.27,False
sz399003,20240809,7421.46,7410.85,False,False,89,88,-9.0,-8.93,31,32,13.71,8.11,False
sz002779,20240807,23.13,22.77,False,False,96,97,-11.18,-9.71,24,23,228.25,222.38,True
sz000923,20240930,16.35,15.64,False,False,0,38,-20.73,-7.0,120,82,0.0,-7.09,False
sz300542,20240730,12.08,12.04,False,False,94,87,-10.18,-13.45,26,33,159.85,67.47,True
sz002918,20250721,8.82,8.78,True,True,120,120,0.0,0.0,0,0,105.22,92.74,True
sz002584,20240924,6.41,6.33,True,False,120,110,0.0,-4.6,0,10,42.92,30.17,True
sz300311,20240920,3.85,3.83,True,False,120,114,0.0,-3.64,0,6,130.13,68.31,True
sz001227,20251022,2.44,2.44,False,False,8,4,-9.43,-6.3,109,113,1.23,-8.61,False
sz300111,20240808,2.42,2.29,False,False,88,95,-14.46,-7.41,32,25,60.33,40.5,True
sz000639,20240927,2.72,2.67,False,False,116,84,-1.47,-20.46,4,36,89.34,2.21,False
sz002579,20240927,7.21,7.04,True,False,120,106,0.0,-5.36,0,14,34.54,12.9,False
sz300476,20240927,33.7,31.03,True,True,120,120,0.0,0.0,0,0,172.52,133.88,True
sz002199,20240820,6.17,6.03,False,False,106,77,-9.72,-26.64,14,43,97.08,13.45,False
sz001269,20250630,25.6,23.83,False,False,96,90,-9.77,-14.15,24,30,17.62,-7.93,False
sz300096,20240905,3.02,2.88,False,False,102,99,-13.58,-6.92,18,21,31.13,27.81,True
sz002603,20240930,17.72,16.46,False,False,3,54,-24.89,-17.3,117,66,4.8,-21.16,False
sz301026,20251029,27.13,27.02,False,False,76,56,-9.29,-13.53,36,56,45.23,11.87,False
sz002364,20240731,5.9,5.75,False,False,107,111,-5.08,-3.96,13,9,158.64,126.27,True
sz301312,20251126,48.45,46.55,False,False,84,87,-4.46,-4.39,9,6,153.33,141.75,True
sz300743,20251110,19.68,19.34,False,False,48,50,-16.06,-15.2,56,54,22.56,-7.52,False
sz000677,20240731,2.69,2.68,False,False,83,83,-10.41,-11.42,37,37,152.79,44.98,True
sz300438,20240822,23.63,21.81,False,False,109,98,-5.92,-11.04,11,22,62.63,32.84,True
sz301616,20251124,49.15,49.11,False,False,75,35,-8.32,-13.42,19,59,12.39,5.72,False
sz000520,20240926,2.52,2.5,True,False,120,114,0.0,-10.89,0,6,177.38,71.43,True
sz002033,20240927,8.74,8.66,False,False,34,68,-10.64,-6.83,86,52,9.84,3.32,False
sz300720,20251015,23.46,22.78,False,False,117,119,-3.45,-0.91,3,1,206.44,144.03,True
sz301371,20250721,25.97,25.84,False,False,51,57,-8.78,-7.9,69,63,9.55,-4.77,False
sz002554,20240926,2.4,2.38,False,False,117,78,-2.08,-7.34,3,42,29.58,5.0,False
sz002800,20240923,9.7,9.67,False,False,112,72,-6.19,-13.8,8,48,37.84,9.07,False
sz399707,20240924,4739.96,4533.12,True,False,120,107,0.0,-4.15,0,13,56.04,27.17,True
sz000793,20240912,1.31,1.27,False,False,119,118,-0.76,-5.58,1,2,188.55,87.02,True
sz000009,20240930,9.58,8.87,False,False,34,58,-15.66,-11.56,86,62,13.05,-14.72,False
sz300940,20251113,26.14,25.89,False,False,56,44,-19.55,-22.4,45,57,28.16,-9.33,False
sz399436,20240930,4613.72,4382.4,False,False,0,26,-22.91,-12.21,120,94,0.0,-18.92,False
sz300410,20240816,5.81,5.54,False,False,56,59,-22.72,-15.79,64,61,24.61,-1.55,False
sz300243,20240930,9.46,9.35,False,False,97,87,-6.55,-8.02,23,33,40.38,3.07,False
sz300177,20240826,6.17,6.14,False,False,112,106,-4.38,-4.4,8,14,150.73,80.88,True
sz000042,20240926,4.39,4.12,False,False,109,102,-6.15,-8.94,11,18,69.93,40.55,True
sz002302,20240826,5.78,5.54,False,False,109,76,-9.16,-10.12,11,44,45.64,6.91,False
sz300725,20250624,34.9,34.28,False,False,119,89,-0.8,-11.09,1,31,52.15,8.68,False
sz399685,20240927,1677.85,1656.73,False,False,72,68,-7.15,-6.52,48,52,23.25,0.33,False
sz301040,20250912,23.95,23.69,False,False,82,75,-10.98,-14.24,38,45,80.58,71.19,True
sz000021,20240731,14.2,13.71,False,False,82,84,-14.93,-12.16,38,36,65.0,33.17,True
sz300968,20250818,15.59,15.34,False,False,26,61,-15.07,-10.23,94,59,5.58,-10.2,False
sz399248,20240927,714.1,690.57,True,False,120,118,0.0,-1.9,0,2,56.04,25.07,True
sz000672,20240826,5.98,5.98,False,False,100,70,-9.7,-8.01,20,50,37.96,11.04,False
sz002361,20240731,3.18,3.16,False,False,89,87,-9.75,-10.03,31,33,92.45,51.26,True
sz000546,20240904,4.75,4.68,False,False,97,66,-9.05,-11.95,23,54,40.84,3.79,False
sz002828,20240930,8.77,8.58,False,False,65,93,-10.38,-7.31,55,27,15.62,-4.22,False
sz002055,20240731,6.79,6.7,False,False,56,63,-24.74,-22.09,64,57,39.76,-18.11,False
sz002606,20250107,9.01,9.0,False,False,60,39,-12.99,-18.49,60,81,10.66,2.11,False
sz300220,20240731,7.26,7.11,False,False,81,82,-11.43,-10.83,39,38,201.38,81.96,True
sz000812,20240807,4.08,4.03,False,False,79,85,-17.88,-16.04,41,35,47.77,18.86,False
sz300926,20250624,26.14,25.6,False,False,113,116,-0.99,-1.73,7,4,36.5,15.07,False
sz301359,20251024,20.7,20.54,False,False,48,57,-10.1,-10.9,67,58,8.12,3.48,False
sz002648,20240927,17.01,17.0,False,False,118,118,-0.76,-0.22,2,2,32.21,30.1,True
sz300314,20240925,10.89,10.57,False,False,101,91,-6.15,-9.51,19,29,33.23,12.94,False
sz000708,20240930,12.93,12.69,False,False,1,37,-21.26,-9.33,119,83,2.63,-8.27,False
sz000926,20240926,2.3,2.26,False,False,104,66,-3.48,-11.32,16,54,38.7,0.87,False
sz399655,20240927,9464.7,9191.71,True,False,120,119,0.0,-0.59,0,1,17.57,7.58,False
sz001316,20251022,33.23,32.57,False,False,116,116,-0.99,-1.11,2,2,88.68,52.39,True
sz301090,20250924,7.67,7.62,False,False,40,43,-11.47,-12.71,80,77,19.56,2.74,False
sz301223,20251218,17.87,17.84,True,False,76,73,0.0,-4.87,0,3,14.77,11.42,False
sz300672,20251106,85.59,85.51,True,False,107,105,0.0,-0.97,0,2,127.95,93.48,True
sz002406,20240926,5.03,4.96,True,True,120,120,0.0,0.0,0,0,113.32,49.3,True
sz002161,20240731,4.6,4.59,False,False,80,80,-16.32,-14.56,40,40,65.51,18.5,False
sz000725,20240927,4.1,3.99,False,False,118,110,-1.46,-5.24,2,10,13.9,1.22,False
sz002236,20240927,15.35,14.63,False,False,96,104,-10.62,-6.94,24,16,25.21,5.73,False
sz301413,20250729,86.57,85.31,False,False,115,107,-8.87,-7.5,5,13,125.83,74.19,True
sz001872,20260226,20.16,20.13,True,True,35,35,0.0,0.0,0,0,14.93,6.6,False
sz301389,20251217,53.47,51.26,False,False,28,25,-11.78,-15.54,49,52,10.34,8.47,False
sz002278,20240924,4.34,4.3,True,True,120,120,0.0,0.0,0,0,165.21,138.48,True
sz300871,20250905,22.35,22.29,False,False,45,52,-13.91,-11.14,75,68,45.95,13.42,False
sz002085,20240927,13.8,13.67,False,False,119,111,-4.71,-7.23,1,9,72.97,25.94,True
sz000596,20241008,217.29,205.03,False,False,0,23,-31.62,-14.57,120,97,0.0,-22.01,False
sz300043,20240830,2.73,2.55,False,False,102,108,-13.92,-5.73,18,12,102.2,50.55,True
sz003035,20251128,4.82,4.81,False,False,60,60,-5.04,-4.69,31,31,119.78,65.66,True
sz399106,20240926,1638.36,1632.98,True,True,120,120,0.0,0.0,0,0,30.23,22.39,True
sz300120,20240807,5.43,5.37,False,False,95,87,-7.18,-7.77,25,33,178.08,73.3,True
sz001216,20260330,17.59,17.54,False,False,12,12,-0.85,-0.68,1,1,10.63,6.54,False
sz002481,20240926,4.27,4.2,True,False,120,109,0.0,-3.81,0,11,66.04,17.1,False
sz300912,20251224,16.85,16.54,False,False,55,57,-4.45,-3.18,8,6,155.19,61.48,True
sz000608,20240924,1.71,1.66,True,False,120,87,0.0,-24.34,0,33,77.19,2.92,False
sz301017,20251031,12.27,12.21,False,False,109,96,-0.57,-9.67,1,14,74.82,25.02,True
sz002632,20240828,7.02,7.01,False,False,107,103,-9.83,-8.42,13,17,39.89,33.33,True
sz300409,20240903,9.14,9.08,False,False,110,112,-4.6,-3.77,10,8,97.38,94.76,True
sz002355,20240813,4.47,4.47,False,False,107,103,-6.04,-6.53,13,17,89.71,61.74,True
sz300772,20260206,18.59,18.24,False,False,32,31,-14.09,-14.68,10,11,15.65,-11.46,False
sz002798,20240926,3.61,3.5,False,False,115,89,-6.37,-9.97,5,31,38.23,0.83,False
sz200037,20240930,1.75,1.7,True,False,120,73,0.0,-7.41,0,47,24.57,2.29,False
sz200550,20250206,9.84,9.82,False,False,41,41,-9.96,-9.65,79,79,10.36,8.84,False
sz300239,20240927,4.99,4.81,False,False,119,111,-1.2,-4.82,1,9,25.08,8.02,False
sz300971,20251225,24.09,23.57,False,False,50,42,-13.95,-15.87,21,29,11.62,-1.25,False
sz002378,20240927,6.18,5.92,False,False,119,110,-0.16,-3.08,1,10,29.14,11.17,False
sz300696,20260409,30.07,28.5,False,True,4,6,-3.16,0.0,2,0,16.1,16.1,False
sz003001,20250714,27.67,27.63,False,False,28,30,-28.3,-21.52,92,90,34.37,-20.89,False
sz001288,20250722,21.75,21.09,False,False,111,114,-8.28,-5.19,9,6,57.52,44.37,True
sz002178,20240926,3.75,3.71,True,False,120,115,0.0,-8.25,0,5,162.13,64.0,True
sz399602,20240926,824.18,819.52,True,True,120,120,0.0,0.0,0,0,29.67,23.82,True
sz002883,20250624,11.1,10.69,False,False,114,86,-4.32,-10.74,6,34,51.26,-3.96,False
sz300845,20250924,11.08,10.75,False,False,101,81,-5.42,-10.03,19,39,18.41,3.34,False
sz002385,20240927,4.28,4.17,False,False,56,63,-8.92,-8.32,64,57,15.18,-6.82,False
sz301089,20251022,32.75,32.73,False,False,16,14,-21.22,-15.51,101,103,5.25,-15.33,False
sz002136,20240930,10.1,9.51,False,False,60,89,-9.11,-5.13,60,31,11.19,-0.4,False
sz000425,20240826,6.58,6.57,False,False,102,100,-11.41,-11.73,18,20,32.55,31.33,True
sz002202,20240826,7.82,7.31,True,False,120,101,0.0,-10.02,0,19,44.37,13.94,False
sz002451,20240925,5.29,5.27,True,False,120,112,0.0,-2.72,0,8,47.45,27.79,True
sz002706,20240927,6.65,6.6,False,False,100,113,-6.92,-3.35,20,7,46.48,29.78,True
sz301123,20250624,22.01,21.88,True,True,120,120,0.0,0.0,0,0,139.79,139.79,True
sz002155,20240807,12.12,11.96,False,False,81,49,-8.37,-12.33,39,71,39.78,15.93,False
sz002967,20250709,18.39,18.14,False,False,96,96,-7.56,-6.44,24,24,27.81,21.34,True
sz002261,20240903,12.32,12.28,False,False,114,108,-7.55,-6.05,6,12,238.96,175.97,True
sz301217,20260212,36.96,32.46,False,True,35,39,-5.63,0.0,4,0,34.88,26.6,True
sz300868,20250725,32.09,30.9,False,False,22,44,-17.05,-14.53,98,76,11.28,7.11,False
sz002432,20240808,40.99,40.95,False,False,88,81,-4.93,-7.42,32,39,15.81,4.42,False
sz002748,20240930,5.91,5.9,False,False,108,111,-6.43,-5.04,12,9,40.78,28.6,True
sz000408,20240926,24.85,24.31,False,True,119,120,-0.28,0.0,1,0,46.11,25.59,True
sz001322,20250916,8.44,8.43,False,False,67,61,-14.57,-16.0,53,59,12.56,-11.73,False
sz300014,20240731,37.65,37.43,False,False,81,77,-18.75,-17.34,39,43,53.52,10.94,False
sz301390,20250905,36.05,35.52,False,False,73,71,-10.35,-11.8,47,49,16.98,14.37,False
sz300573,20250324,55.85,55.59,False,False,48,81,-13.58,-12.53,72,39,37.58,26.32,True
sz399555,20240926,4713.72,4535.84,True,True,120,120,0.0,0.0,0,0,14.93,8.23,False
sz000917,20240925,5.61,5.2,True,False,120,117,0.0,-2.23,0,3,97.86,46.52,True
sz300823,20251020,15.39,15.0,False,False,108,78,-5.72,-9.87,11,41,19.1,6.24,False
sz399303,20240927,6368.0,6196.71,True,True,120,120,0.0,0.0,0,0,34.21,26.31,True
sz002479,20240822,3.7,3.68,False,False,100,104,-5.95,-5.34,20,16,36.49,32.43,True
sz399983,20240926,2346.81,2220.16,False,False,60,62,-7.61,-10.02,60,58,22.62,-7.47,False
sz300642,20240816,14.0,12.56,False,False,73,88,-19.14,-9.68,47,32,31.28,7.64,False
sz399664,20240927,861.66,826.1,True,True,120,120,0.0,0.0,0,0,41.02,28.48,True
sz002437,20240925,1.94,1.94,True,False,120,117,0.0,-0.67,0,3,51.03,28.35,True
sz000959,20240925,2.9,2.88,False,False,117,99,-2.42,-5.36,3,21,25.53,18.29,False
sz301212,20250908,27.11,26.44,False,False,93,94,-7.41,-7.22,27,26,28.51,14.79,False
sz301588,20250703,18.74,18.65,False,False,100,91,-6.3,-11.17,20,29,17.45,-3.52,False
sz000890,20240926,3.03,2.86,False,False,112,101,-3.96,-8.32,8,19,46.2,6.6,False
sz003029,20251015,25.48,25.32,False,False,62,31,-19.35,-19.38,58,89,14.56,-15.15,False
sz002901,20251201,49.46,48.77,False,False,23,2,-17.89,-18.43,66,87,5.56,-11.48,False
sz300308,20240926,128.78,123.19,False,False,48,39,-25.06,-23.8,72,81,43.6,-24.1,False
sz002454,20240927,5.7,5.53,False,False,119,117,-0.35,-1.29,1,3,30.52,15.61,False
sz002207,20240812,5.01,4.85,False,False,80,76,-16.37,-12.95,40,44,26.15,3.59,False
sz000420,20240930,3.42,3.3,False,False,100,101,-11.7,-7.74,20,19,28.07,9.94,False
sz002760,20240822,15.28,14.49,False,False,97,79,-17.08,-11.71,23,41,43.39,32.2,True
sz399413,20240930,145.91,143.15,False,False,113,119,-2.49,-0.61,7,1,11.51,9.46,False
sz300515,20240731,9.31,9.06,False,False,81,83,-11.07,-10.16,39,37,94.98,54.58,True
sz002380,20240731,16.95,16.48,False,False,81,70,-10.86,-10.43,39,50,29.32,21.89,True
sz300989,20250627,16.38,16.06,False,False,118,95,-0.24,-3.98,2,25,14.77,4.46,False
sz002249,20240919,4.55,4.52,False,True,118,120,-0.66,0.0,2,0,58.85,48.09,True
sz003004,20250908,19.74,19.55,False,False,106,117,-4.26,-1.37,14,3,65.96,57.04,True
sz000989,20240927,6.68,6.68,False,True,117,120,-0.9,0.0,3,0,27.08,19.75,False
sz300272,20240802,4.75,4.74,False,False,99,83,-8.84,-9.91,21,37,47.32,21.21,True
sz300693,20250716,31.67,31.41,False,False,115,114,-2.02,-1.85,5,6,55.98,29.33,True
sz300421,20240731,8.7,8.63,False,False,94,94,-7.7,-7.54,26,26,64.25,41.26,True
sz399407,20240927,1866.55,1745.55,True,False,120,118,0.0,-0.18,0,2,36.61,22.08,True
sz301558,20250625,8.86,8.77,False,False,81,70,-9.26,-11.14,39,50,14.67,-8.47,False
sz002180,20240924,25.5,25.47,False,False,115,83,-2.67,-6.99,5,37,30.67,5.25,False
sz300146,20240930,14.54,13.17,False,False,1,32,-25.65,-10.17,119,88,7.56,-22.0,False
sz002333,20240930,5.71,5.54,False,False,23,85,-11.91,-6.06,97,35,7.36,-3.33,False
sz000620,20240930,1.86,1.69,False,False,69,72,-15.05,-15.51,51,48,54.3,-8.6,False
sz002560,20240927,5.57,5.57,True,False,120,118,0.0,-0.39,0,2,32.32,18.13,False
sz002654,20240927,10.54,10.07,False,False,118,94,-0.47,-8.27,2,26,85.58,16.32,False
sz301071,20250811,30.97,30.6,False,False,103,113,-6.75,-4.12,17,7,55.73,29.03,True
sz002350,20240801,5.07,5.07,False,False,82,81,-9.07,-9.8,38,39,50.87,20.7,True
sz000010,20240924,1.87,1.79,True,True,120,120,0.0,0.0,0,0,82.89,59.89,True
sz300959,20250707,43.51,43.07,False,True,108,120,-2.44,0.0,12,0,254.22,130.89,True
sz001914,20250908,12.03,11.92,False,False,13,30,-12.64,-9.96,107,90,3.91,-10.56,False
sz002819,20240830,23.22,22.83,False,False,115,93,-3.4,-10.71,5,27,49.41,20.33,True
sz002064,20240819,7.15,7.07,False,False,100,92,-9.09,-9.25,20,28,21.96,13.15,False
sz301368,20250819,76.39,67.55,False,False,2,51,-29.04,-16.05,118,69,7.49,-14.11,False
sz300739,20251020,15.19,15.14,True,False,120,118,0.0,-0.81,0,2,131.47,91.05,True
sz399237,20240731,940.33,931.14,False,False,85,89,-5.99,-5.35,35,31,24.7,12.89,False
sz300917,20250710,49.36,45.85,False,False,6,38,-22.18,-12.64,114,82,2.51,-17.91,False
sz300211,20240814,6.16,6.02,False,False,94,98,-16.4,-13.78,26,22,70.78,48.21,True
sz300442,20240925,24.22,24.02,True,True,120,120,0.0,0.0,0,0,190.19,129.42,True
sz301195,20250908,35.78,35.16,False,False,24,37,-10.54,-9.86,96,83,4.22,-5.09,False
sz300125,20240807,3.65,3.58,False,False,93,92,-27.99,-24.45,27,28,75.71,31.47,True
sz002857,20240930,11.76,11.09,False,False,98,111,-11.22,-5.51,22,9,36.04,28.64,True
sz301317,20251027,33.43,33.42,False,False,63,63,-13.61,-13.72,52,52,93.9,88.96,True
sz300746,20260120,14.24,14.22,False,False,3,13,-19.38,-14.76,52,42,0.35,-5.41,False
sz002532,20240926,7.01,6.76,True,True,120,120,0.0,0.0,0,0,31.66,21.1,True
sz000995,20240919,10.19,9.42,True,False,120,106,0.0,-9.95,0,14,75.56,27.87,True
sz300093,20240927,13.12,11.96,False,False,58,55,-32.88,-37.11,62,65,57.92,-32.88,False
sz301023,20250624,42.07,41.65,False,False,51,36,-16.55,-15.1,69,84,14.55,-16.12,False
sz300708,20250708,8.58,8.51,False,False,115,96,-3.11,-5.91,5,24,14.61,3.53,False
sz301290,20251111,26.68,26.61,False,False,61,54,-8.1,-9.85,42,49,11.47,3.49,False
sz300473,20240802,15.4,14.78,False,False,113,117,-4.48,-1.49,7,3,83.05,52.99,True
sz001222,20260120,23.92,23.64,False,False,0,3,-22.45,-20.3,55,52,0.0,-16.89,False
sz002866,20240912,13.61,13.2,False,False,116,110,-6.32,-3.09,4,10,70.54,28.8,True
sz002285,20240808,1.97,1.82,False,False,97,94,-14.72,-7.45,23,26,103.05,32.49,True
sz000796,20240731,3.31,3.27,False,False,81,65,-10.27,-10.51,39,55,69.18,6.95,False
sz002983,20251016,20.51,20.49,False,False,104,87,-7.22,-8.62,16,33,35.1,17.02,False
sz300945,20260126,20.21,18.7,False,False,5,22,-28.3,-21.25,46,29,22.22,-22.32,False
sz000338,20240930,14.8,13.73,False,False,29,88,-16.21,-7.56,91,32,8.72,3.25,False
sz002805,20240905,11.71,11.39,False,False,83,83,-17.25,-14.36,37,37,33.48,8.71,False
sz002078,20240927,13.84,13.48,False,False,67,99,-8.89,-4.82,53,21,6.07,3.76,False
sz001388,20260119,45.91,45.73,False,False,3,11,-18.58,-15.65,53,45,3.64,-13.83,False
sz002498,20240930,3.45,3.31,False,False,48,90,-10.43,-4.83,72,30,16.23,4.35,False
sz300597,20240807,7.15,7.08,False,False,104,103,-4.34,-4.72,16,17,42.12,31.35,True
sz002551,20240926,2.72,2.61,True,False,120,110,0.0,-3.97,0,10,42.62,27.19,True
sz301613,20251010,53.55,53.29,False,False,8,24,-17.48,-15.32,112,96,8.31,-12.49,False
sz000525,20240808,6.32,6.27,False,False,66,63,-13.63,-22.51,54,57,45.32,-4.3,False
sz002036,20240906,7.43,7.06,False,False,112,113,-12.65,-7.73,8,7,91.92,66.89,True
sz300139,20240906,12.63,12.47,False,False,113,98,-5.07,-5.62,7,22,68.25,35.95,True
sz002930,20250922,10.83,10.75,False,False,88,62,-5.72,-6.34,32,58,35.46,29.36,True
sz300339,20240920,22.12,21.1,True,False,120,117,0.0,-8.39,0,3,250.12,134.31,True
sz002465,20240930,10.56,9.84,False,False,98,95,-5.97,-5.49,22,25,28.03,7.39,False
sz002102,20240930,2.7,2.54,False,False,75,94,-10.74,-8.72,45,26,27.78,12.96,False
sz000411,20240927,9.57,9.4,False,False,119,112,-0.73,-3.13,1,8,22.05,9.09,False
sz002698,20240927,13.24,12.63,False,True,116,120,-1.66,0.0,4,0,58.46,31.5,True
sz002594,20240314,68.34,67.7,False,False,102,118,-4.4,-2.12,18,2,26.11,20.79,True
sz300796,20250905,10.45,10.36,False,False,3,22,-20.38,-17.97,117,98,1.72,-5.93,False
sz300377,20240731,6.08,5.75,False,False,89,101,-13.16,-8.24,31,19,515.79,308.39,True
sz300610,20240930,9.53,8.59,False,False,101,116,-5.77,-2.0,19,4,18.78,11.23,False
sz002448,20240930,6.22,5.71,False,False,81,116,-9.16,-1.94,39,4,59.32,27.97,True
sz300812,20251021,24.25,22.65,False,False,113,115,-7.96,-6.27,6,4,99.13,65.77,True
sz300547,20240930,17.18,15.55,False,True,116,120,-7.27,0.0,4,0,161.49,97.71,True
sz002581,20240930,10.8,10.33,False,False,54,59,-14.81,-16.91,66,61,27.31,-14.81,False
sz300020,20241022,2.39,2.35,False,False,119,116,-0.84,-3.73,1,4,69.87,44.77,True
sz301159,20251021,34.54,34.04,True,False,118,99,0.0,-5.19,0,19,78.89,20.67,True
sz000968,20240930,6.68,6.19,False,False,27,80,-10.18,-4.28,93,40,5.09,-2.69,False
sz300293,20240830,15.47,14.67,False,False,113,94,-6.46,-7.13,7,26,128.7,82.16,True
sz002255,20240930,5.04,4.9,False,False,111,114,-7.14,-4.28,9,6,68.62,68.62,True
sz002953,20250708,10.7,10.64,False,False,110,85,-1.4,-7.87,10,35,50.47,7.29,False
sz300509,20240830,4.67,4.64,False,False,115,118,-1.5,-0.07,5,2,107.92,107.92,True
sz300995,20251020,46.76,44.96,False,False,4,6,-33.24,-23.85,115,113,2.8,-22.72,False
sz003018,20251021,11.87,11.74,True,True,119,119,0.0,0.0,0,0,263.44,263.44,True
sz001358,20251124,26.5,26.31,False,False,55,42,-6.72,-10.37,39,52,17.02,2.23,False
sz301117,20250626,22.32,22.09,False,False,109,112,-2.02,-1.44,11,8,162.54,148.16,True
sz002732,20240927,15.25,14.81,False,False,89,105,-5.57,-4.05,31,15,20.0,4.26,False
sz002164,20240925,4.2,4.05,True,True,120,120,0.0,0.0,0,0,171.43,100.71,True
sz300638,20240930,14.5,14.16,False,False,115,115,-7.38,-5.15,5,5,187.3,117.44,True
sz002399,20240925,9.31,9.27,True,False,120,92,0.0,-5.83,0,28,29.32,21.37,True
sz002956,20251029,21.8,21.55,False,False,110,111,-4.04,-3.0,3,2,35.64,26.24,True
sz002250,20240927,5.4,5.18,False,False,104,110,-6.11,-5.31,16,10,34.44,30.0,True
sz300677,20250701,24.32,23.89,True,True,120,120,0.0,0.0,0,0,87.09,79.44,True
sz002403,20240821,7.7,7.42,False,False,84,99,-17.66,-13.3,36,21,203.71,164.37,True
sz300859,20250721,37.21,36.84,False,False,90,51,-7.58,-15.69,30,69,53.16,4.89,False
sz399650,20240927,1966.19,1878.96,True,False,120,118,0.0,-0.8,0,2,14.95,6.44,False
sz001313,20251111,7.64,7.62,False,False,69,68,-15.31,-15.28,35,36,16.36,10.08,False
sz301095,20260105,74.58,74.42,False,False,42,38,-12.91,-15.17,24,28,24.51,15.75,False
sz301268,20251113,20.72,20.39,False,False,42,41,-14.19,-14.67,59,60,26.5,9.7,False
sz300817,20250624,22.52,21.74,False,False,42,13,-18.69,-17.38,78,107,9.1,-17.9,False
sz300046,20240920,15.16,15.08,False,False,119,106,-1.39,-14.64,1,14,246.39,101.58,True
sz002149,20240927,13.49,13.33,True,True,120,120,0.0,0.0,0,0,72.72,51.45,True
sz301458,20250714,34.49,33.73,False,False,78,78,-8.81,-11.88,42,42,18.24,-2.81,False
sz000889,20240731,1.72,1.7,False,False,97,98,-7.56,-6.89,23,22,65.7,36.05,True
sz300521,20240806,10.41,10.11,False,False,100,108,-8.26,-6.94,20,12,168.78,109.41,True
sz200761,20240926,1.48,1.41,False,False,27,65,-14.86,-9.92,93,55,12.84,-6.76,False
sz300008,20240731,3.91,3.77,False,False,81,67,-11.51,-8.85,39,53,55.24,14.07,False
sz002107,20240927,4.15,3.98,False,False,119,83,-2.65,-7.65,1,37,33.49,14.46,False
sz301171,20250718,27.6,27.52,False,False,116,112,-3.33,-2.83,4,8,194.59,194.59,True
sz300614,20260120,15.08,14.28,False,False,21,34,-17.64,-11.85,34,21,9.75,-13.26,False
sz000720,20240924,2.66,2.64,True,False,120,66,0.0,-13.06,0,54,59.4,12.78,False
sz002233,20240925,6.8,6.61,False,False,118,103,-0.74,-3.08,2,17,13.98,12.21,False
sz002460,20240927,31.19,30.06,False,False,116,110,-4.42,-6.41,4,10,42.13,8.53,False
sz002935,20250905,15.31,15.19,False,False,119,119,-2.02,-2.45,1,1,71.0,28.67,True
sz399967,20240927,9227.7,8913.28,True,False,120,111,0.0,-2.29,0,9,34.41,14.74,False
sz002660,20240911,7.4,7.35,False,False,112,114,-7.43,-6.37,8,6,61.89,51.35,True
sz301522,20250630,35.61,35.06,False,False,28,51,-14.57,-12.07,92,69,5.05,-4.52,False
sz002307,20240827,3.46,3.3,False,False,89,91,-18.79,-12.07,31,29,36.71,18.21,False
sz300592,20240927,12.23,11.74,False,False,115,85,-4.33,-10.65,5,35,37.2,0.98,False
sz300172,20240930,5.35,4.8,False,False,44,78,-12.71,-6.65,76,42,10.09,-5.42,False
sz301658,20251103,32.98,32.6,False,False,47,53,-13.98,-14.16,63,57,85.26,28.56,True
sz002986,20250717,10.88,10.86,False,False,90,48,-5.15,-9.67,30,72,22.24,1.47,False
sz399433,20240731,1612.95,1605.27,False,False,84,77,-8.45,-8.28,36,43,11.91,2.8,False
sz002349,20240812,7.42,7.21,False,False,68,72,-13.2,-9.7,52,48,22.1,0.94,False
sz300415,20240926,19.56,19.47,False,False,117,109,-3.07,-4.06,3,11,32.98,13.75,False
sz300246,20240926,6.45,6.32,False,False,102,88,-7.13,-10.71,18,32,29.61,6.05,False
sz002863,20240927,4.06,4.03,True,True,120,120,0.0,0.0,0,0,41.1,41.1,True
sz301068,20251201,30.66,29.63,False,False,21,43,-17.55,-13.46,69,47,26.22,21.92,True
sz301295,20251128,27.16,27.14,False,False,80,79,-6.19,-7.44,11,12,56.89,56.89,True
sz300225,20240903,5.49,5.43,False,False,112,107,-5.46,-5.35,8,13,50.64,26.23,True
sz300923,20251124,25.98,25.92,False,False,66,59,-7.47,-8.02,28,35,15.2,6.27,False
sz000543,20241206,7.96,7.94,False,False,5,21,-18.72,-16.29,115,99,2.64,-11.81,False
sz002050,20240927,21.2,19.26,False,True,116,120,-4.01,0.0,4,0,64.86,33.02,True
sz000990,20240927,7.48,7.27,False,False,83,68,-6.95,-6.87,37,52,21.66,0.53,False
sz000859,20240902,3.87,3.61,False,False,103,107,-17.31,-10.2,17,13,99.48,34.11,True
sz002537,20240801,5.35,5.34,False,False,82,65,-11.78,-11.53,38,55,41.12,5.05,False
sz300326,20240925,4.31,4.24,True,False,120,115,0.0,-6.23,0,5,82.6,44.32,True
sz300575,20240927,6.02,5.91,False,False,93,68,-6.48,-7.86,27,52,21.26,3.99,False
sz399553,20240926,6382.74,6298.79,True,False,120,112,0.0,-1.58,0,8,19.54,6.35,False
sz001324,20251009,19.69,19.55,False,False,50,47,-10.36,-12.39,70,73,6.7,-1.32,False
sz300012,20240812,11.77,11.74,False,False,82,71,-14.27,-12.27,38,49,40.1,8.16,False
sz002961,20251128,22.29,21.62,False,False,81,71,-5.2,-14.54,9,19,36.52,7.49,False
sz002267,20240927,6.78,6.7,True,False,120,101,0.0,-2.83,0,19,20.5,17.26,False
sz399807,20240819,1262.52,1249.76,False,False,89,73,-13.36,-12.06,31,47,12.38,3.13,False
sz002700,20241015,8.21,7.95,False,False,114,105,-3.77,-18.55,6,15,39.44,10.96,False
sz301125,20251210,18.69,18.48,False,False,65,51,-8.13,-8.37,17,31,37.83,22.42,True
sz000589,20240930,5.28,5.05,False,False,1,56,-15.72,-5.18,119,64,4.73,-10.98,False
sz300491,20240930,16.74,15.05,False,False,59,114,-15.65,-6.92,61,6,49.1,8.3,False
sz301272,20250624,35.13,34.99,False,False,119,109,-0.54,-9.09,1,11,49.73,10.79,False
sz002457,20240806,7.82,7.73,False,False,114,112,-1.29,-2.32,6,8,97.52,53.68,True
sz002902,20251105,21.58,21.5,False,False,73,53,-6.21,-10.44,35,55,43.1,39.94,True
sz001309,20250702,86.93,85.92,False,False,99,94,-8.97,-10.38,21,26,235.94,149.94,True
sz002130,20240930,13.82,13.45,True,False,120,114,0.0,-7.17,0,6,110.53,46.33,True
sz002885,20250624,13.81,13.6,False,True,119,120,-0.43,0.0,1,0,160.39,89.93,True
sz002419,20240926,4.4,4.39,True,False,120,95,0.0,-5.94,0,25,41.59,9.55,False
sz000977,20240927,37.57,35.78,True,True,120,120,0.0,0.0,0,0,80.34,40.95,True
sz300345,20240807,7.3,6.89,False,False,10,43,-30.82,-22.31,110,77,10.96,-18.77,False
sz002383,20240731,6.3,6.25,False,False,87,79,-13.02,-12.06,33,41,80.0,13.49,False
sz000690,20240930,4.7,4.62,False,False,1,33,-17.23,-9.39,119,87,2.34,-15.53,False
sz300622,20250617,36.03,35.55,False,False,12,34,-21.76,-14.63,108,86,3.83,-12.63,False
sz300977,20250624,17.62,17.33,False,False,115,107,-3.46,-10.87,5,13,19.58,-3.46,False
sz300690,20250624,23.3,22.37,True,False,120,104,0.0,-5.63,0,16,77.6,34.21,True
sz300271,20240926,5.18,5.08,True,False,120,113,0.0,-4.17,0,7,99.42,46.72,True
sz002183,20240919,3.16,3.14,True,False,120,119,0.0,-1.12,0,1,97.47,53.8,True
sz000559,20240909,4.51,4.5,True,True,120,120,0.0,0.0,0,0,59.65,49.67,True
sz002837,20240731,17.83,17.14,False,False,82,83,-16.7,-14.81,38,37,95.42,75.79,True
sz002563,20240927,5.24,5.01,True,False,120,114,0.0,-1.54,0,6,30.53,28.63,True
sz002004,20240812,3.96,3.95,False,False,87,80,-9.34,-14.7,33,40,19.94,-5.3,False
sz000517,20240926,2.35,2.25,False,False,54,56,-20.0,-19.18,66,64,19.15,-17.45,False
sz300893,20250624,16.86,16.62,False,True,119,120,-0.08,0.0,1,0,69.07,43.2,True
sz399429,20240927,1226.95,1178.05,False,False,118,88,-0.8,-4.82,2,32,19.55,3.1,False
sz301011,20250624,27.93,27.5,False,False,40,47,-13.18,-11.95,80,73,15.36,-12.75,False
sz002634,20241024,3.65,3.62,False,False,73,76,-20.0,-22.26,47,44,36.16,-9.32,False
sz300168,20240924,5.42,5.3,True,False,120,112,0.0,-3.5,0,8,84.69,51.29,True
sz300441,20240731,5.92,5.88,False,False,85,84,-7.94,-8.59,35,36,64.02,44.09,True
sz301538,20250624,52.79,51.42,False,False,108,114,-4.28,-3.96,12,6,90.02,37.73,True
sz300126,20240927,4.75,4.62,True,False,120,111,0.0,-6.58,0,9,81.05,42.11,True
sz301196,20260224,87.11,84.87,False,False,28,36,-6.69,-3.33,9,1,42.03,42.03,True
sz301193,20250702,16.41,15.91,False,True,118,120,-2.38,0.0,2,0,52.41,39.37,True
sz200019,20250220,3.23,3.2,False,False,41,51,-6.51,-6.21,79,69,5.05,4.43,False
sz301609,20260120,52.69,47.74,False,False,15,39,-16.44,-9.03,40,16,11.62,-9.81,False
sz002851,20240926,24.77,24.37,True,True,120,120,0.0,0.0,0,0,187.16,145.42,True
sz002318,20240930,21.86,21.14,False,False,88,105,-9.15,-6.06,32,15,16.24,12.12,False
sz000058,20240828,6.04,5.93,False,False,116,116,-2.32,-1.04,4,4,81.98,51.67,True
sz000825,20240927,3.59,3.54,False,False,83,85,-9.47,-8.71,37,35,13.65,-1.67,False
sz300911,20260227,41.59,41.4,False,False,9,11,-35.95,-30.88,24,22,16.52,-18.51,False
sz399231,20240930,1304.81,1223.96,False,False,6,50,-14.94,-7.27,114,70,3.47,-8.94,False
sz300217,20240925,3.97,3.94,False,False,119,101,-0.76,-5.09,1,19,57.96,26.71,True
sz300444,20240927,6.24,6.16,False,False,118,107,-0.64,-6.25,2,13,48.88,22.6,True
sz002631,20240926,4.12,4.02,False,False,98,80,-7.04,-12.45,22,40,36.89,12.14,False
sz002062,20240930,3.86,3.57,False,True,108,120,-3.63,0.0,12,0,45.33,44.55,True
sz000571,20240910,3.01,3.0,True,False,120,110,0.0,-5.78,0,10,45.18,31.23,True
sz301320,20250905,18.96,18.96,False,False,3,19,-14.66,-15.51,117,101,1.58,-4.22,False
sz002999,20250904,6.78,6.65,False,False,96,73,-4.87,-6.69,24,47,15.93,14.16,False
sz300390,20240927,19.97,17.3,True,False,120,100,0.0,-12.38,0,20,50.83,4.06,False
sz000016,20240802,3.06,2.8,False,False,82,94,-27.12,-19.93,38,26,152.94,59.8,True
sz300259,20240927,2.71,2.59,True,False,120,118,0.0,-2.58,0,2,46.81,27.28,True
sz200530,20240731,1.38,1.36,False,False,83,92,-5.09,-4.12,37,28,38.52,21.8,True
sz002652,20241227,3.02,2.96,False,False,32,35,-22.85,-23.55,88,85,9.27,9.27,False
sz002001,20240918,18.18,18.16,False,False,117,105,-1.43,-2.06,3,15,30.03,14.69,False
sz301077,20250627,19.92,19.28,False,True,114,120,-1.61,0.0,6,0,47.29,47.24,True
sz001238,20260305,52.0,51.37,False,False,0,0,-11.92,-10.4,29,29,0.0,-10.38,False
sz300469,20240821,13.5,12.44,False,False,110,113,-13.56,-6.72,10,7,142.96,112.96,True
sz300712,20250624,23.88,23.75,False,False,116,114,-0.96,-2.36,4,6,37.69,16.42,False
sz000626,20240801,4.96,4.96,False,False,81,83,-18.35,-16.37,39,37,52.82,18.35,False
sz002335,20240930,23.83,21.76,False,True,99,120,-7.43,0.0,21,0,145.99,82.71,True
sz301510,20250815,34.26,33.38,False,False,68,96,-15.65,-8.99,52,24,18.45,14.51,False
sz301039,20250708,8.4,8.39,False,False,115,115,-1.19,-2.42,5,5,26.07,8.93,False
sz002832,20240930,23.75,23.24,False,False,1,19,-25.26,-16.36,119,101,0.08,-22.11,False
sz002186,20240926,9.53,9.26,False,False,113,116,-2.73,-4.1,7,4,47.43,10.07,False
sz300140,20240930,6.26,5.58,False,False,38,92,-15.34,-5.9,82,28,13.42,-8.63,False
sz300427,20240809,4.23,4.23,False,False,102,76,-5.44,-9.87,18,44,141.13,43.26,True
sz399401,20240927,3420.21,3288.52,True,False,120,119,0.0,-0.16,0,1,21.7,12.95,False
sz002528,20241024,2.71,2.57,False,False,68,66,-23.62,-26.47,52,54,29.15,-17.34,False
sz002728,20240930,8.56,8.34,False,False,56,63,-8.64,-8.25,64,57,18.11,-5.26,False
sz300074,20240927,3.53,3.43,True,False,120,102,0.0,-8.43,0,18,65.16,28.61,True
sz002949,20250819,14.66,14.55,False,False,72,84,-12.55,-10.61,48,36,12.82,0.82,False
sz300513,20240927,8.39,8.02,False,False,109,78,-6.2,-13.76,11,42,28.01,-3.1,False
sz300846,20250725,21.91,21.47,False,False,49,74,-17.12,-14.65,71,46,21.63,6.85,False
sz300289,20240912,4.21,4.2,False,False,115,107,-5.7,-4.84,5,13,40.14,20.9,True
sz002135,20240927,4.16,4.03,False,False,99,79,-7.69,-8.48,21,41,23.32,4.81,False
sz002766,20240813,4.55,4.5,False,False,95,96,-11.87,-10.44,25,24,70.99,43.74,True
sz002907,20250924,16.53,16.45,False,False,16,9,-22.08,-17.48,104,111,4.9,-12.95,False
sz000088,20240731,4.41,4.41,False,False,81,66,-7.93,-7.68,39,54,14.73,2.49,False
sz002452,20240903,7.14,7.14,False,False,106,75,-4.34,-4.8,14,45,19.61,7.84,False
sz000712,20240813,11.1,10.21,False,False,98,104,-16.58,-7.71,22,16,77.66,30.27,True
sz002156,20240730,22.12,22.12,False,False,78,80,-17.76,-15.09,42,40,66.44,30.28,True
sz300190,20240925,3.01,2.98,True,False,120,65,0.0,-12.79,0,55,40.86,6.31,False
sz002431,20240927,1.76,1.7,True,False,120,92,0.0,-7.07,0,28,56.82,14.2,False
sz002682,20240731,4.39,4.22,False,False,42,68,-23.69,-18.41,78,52,37.59,-7.74,False
sz300017,20240927,7.74,7.62,True,True,120,120,0.0,0.0,0,0,98.32,50.65,True
sz399662,20240927,1390.85,1307.8,True,False,120,118,0.0,-1.14,0,2,35.41,19.48,False
sz000911,20240924,6.81,6.79,False,False,118,83,-0.73,-5.92,2,37,30.4,6.46,False
sz300825,20250717,11.65,11.09,False,False,35,66,-20.94,-17.25,85,54,14.85,-6.78,False
sz300068,20240903,11.15,9.49,False,False,116,107,-4.3,-11.2,4,13,123.59,72.2,True
sz301111,20250624,15.65,15.58,False,False,114,106,-1.28,-3.7,6,14,78.91,27.99,True
sz002734,20240802,6.91,6.27,False,False,83,101,-11.58,-4.03,37,19,33.95,14.84,False
sz300295,20240808,9.46,9.39,False,False,111,108,-6.55,-6.61,9,12,136.47,85.84,True
sz300674,20250811,26.13,25.56,False,False,18,31,-18.6,-17.28,102,89,8.61,-15.73,False
sz002955,20251020,26.26,25.78,False,False,97,66,-8.57,-14.03,22,53,16.18,-3.54,False
sz300026,20240812,3.65,3.54,False,False,79,70,-15.89,-10.13,41,50,21.37,1.1,False
sz300814,20250717,33.86,32.53,False,True,117,120,-3.13,0.0,3,0,170.05,116.75,True
sz300541,20240924,9.11,8.87,True,False,120,116,0.0,-5.83,0,4,74.74,49.93,True
sz002587,20240816,5.92,5.79,False,False,76,72,-12.33,-11.99,44,48,36.99,9.12,False
sz300616,20240926,12.5,10.5,False,False,63,91,-18.49,-10.96,57,29,28.09,-8.48,False
sz002083,20240826,4.25,4.18,False,False,101,98,-5.18,-4.51,19,22,25.2,9.19,False
sz300790,20250731,22.58,22.56,True,False,120,119,0.0,-1.91,0,1,57.0,29.54,True
sz300371,20240816,9.43,8.68,False,False,80,89,-18.77,-11.06,40,31,19.4,8.27,False
sz301592,20260304,127.16,125.61,False,False,1,4,-16.64,-14.03,29,26,0.02,-0.5,False
sz300877,20251205,25.6,25.3,False,False,80,56,-6.13,-17.79,5,29,30.9,8.63,False
sz301208,20250911,44.42,42.99,False,False,3,7,-19.18,-16.12,117,113,0.59,-16.43,False
sz000417,20240924,4.22,4.2,True,True,120,120,0.0,0.0,0,0,70.38,37.44,True
sz002104,20240905,5.72,5.49,False,False,111,103,-9.44,-4.54,9,17,42.31,26.75,True
sz301172,20250624,20.22,19.58,True,False,120,115,0.0,-7.56,0,5,36.84,4.2,False
sz399319,20240927,2358.07,2345.08,False,False,43,87,-5.89,-3.78,77,33,8.13,-0.61,False
sz002030,20240930,6.42,5.91,False,False,35,86,-17.76,-10.37,85,34,8.57,-6.39,False
sz000523,20240926,2.92,2.8,False,False,98,95,-6.16,-6.26,22,25,26.03,19.18,False
sz300591,20240926,3.38,3.35,True,False,120,80,0.0,-13.45,0,40,88.76,44.08,True
sz301372,20260113,26.82,26.72,False,False,46,44,-9.51,-10.54,14,16,24.01,24.01,True
sz002557,20240926,29.06,28.16,False,False,42,64,-14.51,-11.17,78,56,10.98,-14.06,False
sz000584,20240826,1.94,1.89,False,False,115,114,-5.67,-7.97,5,6,106.7,40.72,True
sz000839,20240815,2.34,2.3,False,False,96,86,-7.26,-5.81,24,34,76.07,40.17,True
sz002803,20240927,11.89,11.46,False,False,104,100,-3.78,-7.17,16,20,34.22,5.95,False
sz300245,20240731,6.14,5.93,False,False,88,96,-11.56,-7.88,32,24,198.05,104.07,True
sz000790,20240927,3.74,3.63,False,False,104,63,-3.74,-8.23,16,57,30.21,2.94,False
sz000877,20240930,5.7,5.51,False,False,58,69,-13.33,-11.65,62,51,22.11,-1.75,False
sz300112,20240923,7.17,7.07,True,False,120,119,0.0,-1.46,0,1,56.21,29.43,True
sz002329,20240930,3.48,3.18,False,False,58,84,-10.63,-13.73,62,36,42.53,-10.63,False
sz300475,20240930,32.27,30.53,False,False,50,92,-18.94,-9.13,70,28,35.3,12.92,False
sz301296,20250625,9.68,9.37,False,False,16,60,-14.59,-10.51,104,60,3.69,-13.35,False
sz002600,20250114,8.07,7.73,False,False,95,62,-16.98,-24.2,25,58,33.09,12.27,False
sz301025,20251126,10.93,10.48,False,False,38,63,-13.72,-10.01,49,24,40.07,0.0,False
sz300740,20251126,19.85,19.68,False,False,91,65,-1.76,-12.38,1,27,34.56,14.71,False
sz002367,20240927,5.94,5.72,False,True,108,120,-3.7,0.0,12,0,27.44,18.18,False
sz000993,20240930,9.27,9.14,False,False,15,61,-12.84,-6.06,105,59,4.53,-1.62,False
sz301314,20251124,42.9,42.26,False,False,79,69,-3.87,-7.49,15,25,19.58,19.58,False
sz002056,20240927,12.16,11.95,False,False,98,85,-4.6,-4.56,22,35,26.48,18.42,False
sz000545,20240903,2.09,2.01,False,False,97,66,-15.79,-11.32,23,54,44.5,7.18,False
sz300223,20240930,64.82,54.88,False,False,105,113,-6.2,-2.85,15,7,42.55,9.66,False
sz300925,20250806,23.84,23.78,False,False,38,44,-16.48,-16.78,82,76,17.03,-11.03,False
sz301509,20250930,36.76,36.58,False,False,62,56,-12.0,-14.12,58,64,19.67,16.62,False
sz002782,20240926,10.56,10.49,True,False,120,118,0.0,-1.1,0,2,39.67,24.05,True
sz300389,20240930,11.53,11.5,False,False,61,85,-15.44,-9.73,59,35,16.48,-6.33,False
sz399435,20240930,3908.64,3668.58,False,False,8,63,-12.56,-5.08,112,57,3.44,-7.06,False
sz300768,20250804,18.11,17.73,False,False,111,96,-4.58,-4.07,9,24,35.17,4.47,False
sz002980,20251125,23.65,22.84,False,False,39,42,-13.15,-10.9,55,52,229.81,229.81,True
sz300413,20240926,21.22,21.02,True,False,120,114,0.0,-1.22,0,6,43.4,29.26,True
sz300174,20240930,15.53,13.79,False,False,75,109,-11.52,-3.16,45,11,23.69,1.02,False
sz300726,20250912,37.15,35.55,False,False,117,118,-1.67,-1.89,3,2,51.41,19.84,False
sz000612,20240930,6.9,6.34,False,False,64,109,-10.87,-11.03,56,11,28.12,-5.8,False
sz002301,20240926,5.02,4.92,True,False,120,119,0.0,-0.08,0,1,95.18,39.43,True
sz399686,20240924,1469.53,1446.67,True,False,120,111,0.0,-3.13,0,9,63.75,36.39,True
sz301043,20260313,54.71,54.04,False,False,7,6,-9.16,-10.69,16,17,9.69,0.18,False
sz002848,20240925,7.42,7.16,False,False,68,60,-24.12,-31.69,52,60,61.19,-21.56,False
sz002666,20240927,3.85,3.75,True,True,120,120,0.0,0.0,0,0,37.14,23.12,True
sz002235,20240924,4.42,4.4,True,False,120,110,0.0,-6.79,0,10,70.36,18.33,False
sz000726,20240927,5.74,5.66,True,False,120,94,0.0,-4.26,0,26,19.86,3.48,False
sz002466,20240930,35.2,32.31,False,False,41,74,-13.86,-12.18,79,46,21.68,-12.98,False
sz300569,20240927,4.62,4.44,False,False,91,72,-5.84,-9.47,29,48,36.58,10.17,False
sz002933,20250624,33.23,33.03,False,False,102,53,-4.69,-8.61,18,67,16.94,3.01,False
sz002752,20240930,5.32,4.86,False,False,101,119,-8.46,-0.25,19,1,32.33,10.34,False
sz301177,20250804,28.2,27.76,False,False,118,78,-0.5,-9.75,2,42,41.1,41.1,True
sz000768,20240828,23.69,23.34,False,False,108,77,-7.18,-8.32,12,43,32.04,4.52,False
sz002428,20240924,11.54,11.23,False,True,119,120,-0.35,0.0,1,0,156.24,82.84,True
sz300527,20240806,6.72,6.63,False,False,95,75,-8.19,-7.36,25,45,78.9,20.69,True
sz001376,20250826,12.58,12.46,False,False,95,105,-4.37,-3.03,25,15,94.91,75.44,True
sz002086,20240930,2.26,2.21,False,False,109,79,-13.27,-11.44,11,41,85.4,18.14,False
sz300040,20240807,5.84,5.06,False,False,77,86,-22.6,-13.14,43,34,40.4,1.2,False
sz003036,20251128,17.0,16.78,False,False,47,48,-11.35,-11.89,44,43,74.71,62.94,True
sz301139,20260112,20.48,19.96,False,False,2,7,-20.56,-17.89,59,54,0.73,-10.99,False
sz300317,20240930,4.2,3.73,False,False,43,58,-19.76,-12.55,77,62,13.1,-10.0,False
sz002218,20240927,3.37,3.1,False,False,114,87,-4.15,-10.77,6,33,33.83,0.0,False
sz000925,20240930,6.58,6.13,False,True,111,120,-6.46,0.0,9,0,44.79,22.89,True
sz000158,20240826,7.19,6.98,False,False,117,119,-2.78,-4.28,3,1,415.16,250.35,True
sz300811,20250710,46.31,46.28,False,False,117,117,-1.62,-1.23,3,3,82.85,62.04,True
sz399656,20240927,5223.82,4914.35,True,False,120,112,0.0,-2.31,0,8,20.58,4.86,False
sz300359,20240730,4.48,4.43,False,False,107,90,-7.81,-11.57,13,30,58.26,14.51,False
sz002950,20250703,8.79,8.76,False,False,117,117,-0.57,-0.21,3,3,53.36,27.53,True
sz301220,20260306,40.38,39.5,False,False,20,26,-5.32,-2.51,8,2,19.81,-1.66,False
sz002405,20240730,6.99,6.93,False,False,101,98,-8.87,-8.32,19,22,63.95,25.46,True
sz002162,20240926,3.12,3.07,True,False,120,118,0.0,-2.28,0,2,79.17,31.41,True
sz002566,20240926,6.34,6.34,False,False,119,92,-1.26,-5.73,1,28,24.13,8.2,False
sz200553,20240926,1.96,1.93,True,False,120,87,0.0,-14.62,0,33,50.0,4.08,False
sz300972,20251127,173.24,171.65,True,False,91,83,0.0,-4.61,0,8,31.68,17.55,False
sz000668,20240911,6.9,6.79,False,False,67,59,-19.57,-26.23,53,61,48.26,-13.62,False
sz300695,20251119,92.72,92.18,False,False,7,1,-28.82,-28.03,90,96,7.92,-23.46,False
sz300274,20240731,66.82,66.33,False,False,108,78,-3.52,-11.95,12,42,75.37,4.89,False
sz300379,20240902,9.83,9.75,False,False,114,111,-7.93,-5.28,6,9,123.6,90.13,True
sz300123,20240802,5.16,5.14,False,False,84,71,-17.64,-15.85,36,49,55.04,11.05,False
sz001215,20250702,28.55,28.55,False,False,114,111,-1.86,-1.9,6,9,49.28,35.69,True
sz002482,20240927,1.73,1.68,False,False,108,90,-8.09,-10.55,12,30,75.14,4.62,False
sz300896,20250630,173.62,173.54,False,False,62,58,-20.64,-19.92,58,62,15.09,-18.04,False
sz300771,20251015,12.57,12.34,False,False,117,97,-5.09,-10.07,3,23,36.83,10.34,False
sz002356,20240930,3.37,3.24,False,False,40,56,-12.46,-12.96,80,64,32.94,-12.46,False
sz399802,20240927,4492.74,4275.73,True,True,120,120,0.0,0.0,0,0,25.92,16.58,False
sz002705,20240927,14.1,13.95,False,False,96,118,-4.32,-1.3,24,2,15.74,9.93,False
sz300059,20240924,11.9,11.44,True,False,120,115,0.0,-5.04,0,5,151.6,92.61,True
sz002262,20240924,24.41,23.81,False,False,57,52,-16.18,-17.39,63,68,13.64,-5.49,False
sz300323,20240815,5.09,4.66,False,False,92,94,-21.61,-11.02,28,26,101.57,60.51,True
sz301393,20251029,54.46,54.04,False,False,26,35,-13.43,-10.71,86,77,9.45,5.83,False
sz300570,20240930,36.24,31.86,False,True,115,120,-5.38,0.0,5,0,241.89,128.26,True
sz399556,20240926,2196.92,2174.03,True,False,120,104,0.0,-2.2,0,16,22.89,6.57,False
sz300627,20240903,19.99,19.84,False,False,119,118,-0.18,-0.1,1,2,62.16,46.95,True
sz003002,20250808,26.1,26.0,False,False,74,70,-11.88,-12.02,46,50,26.82,8.47,False
sz301239,20250725,43.05,42.97,False,False,9,13,-28.27,-19.45,111,107,3.72,-22.09,False
sz300668,20250715,17.92,17.87,False,False,97,103,-3.18,-2.43,23,17,70.76,60.94,True
sz000972,20240926,2.65,2.61,False,False,115,104,-3.02,-10.18,5,16,41.51,23.02,True
sz300340,20240904,8.7,7.5,False,False,106,112,-17.24,-3.38,14,8,54.02,26.21,True
sz002386,20240926,4.12,4.07,False,False,115,97,-2.18,-5.96,5,23,21.6,6.8,False
sz000695,20241226,10.38,10.36,False,False,67,65,-15.9,-18.89,53,55,64.26,21.87,True
sz000426,20240731,12.76,12.21,False,False,42,49,-24.14,-24.31,78,71,15.36,-3.45,False
sz002201,20240930,5.01,4.85,False,False,100,106,-10.19,-6.35,20,14,31.16,18.58,False
sz301277,20250908,13.96,13.95,False,False,2,1,-16.19,-15.12,118,119,0.86,-11.25,False
sz300494,20240930,11.75,10.48,False,False,86,106,-12.17,-6.97,34,14,27.06,1.02,False
sz300808,20250905,29.57,29.2,False,False,58,43,-9.23,-11.1,62,77,16.5,0.81,False
sz300558,20240905,37.14,36.88,False,False,113,114,-7.81,-5.62,7,6,58.67,33.9,True
sz301421,20260226,99.69,99.67,False,False,0,1,-18.25,-19.73,34,33,0.0,-1.16,False
sz002204,20240927,4.37,4.28,True,True,120,120,0.0,0.0,0,0,94.94,39.12,True
sz000717,20240923,1.95,1.92,True,False,120,115,0.0,-1.22,0,5,98.46,46.67,True
sz000423,20240927,56.57,54.93,False,False,62,105,-9.35,-6.44,58,15,7.27,4.77,False
sz002763,20240930,6.51,6.23,False,False,29,95,-10.45,-5.17,91,25,8.14,-2.46,False
sz300344,20251103,5.16,4.81,False,False,0,5,-94.96,-91.47,77,72,0.0,-94.96,False
sz300516,20240830,28.33,27.74,False,False,108,75,-5.37,-6.11,12,45,44.3,22.59,True
sz300843,20250627,31.5,30.39,False,False,102,118,-3.62,-1.81,18,2,106.13,66.13,True
sz000759,20240808,3.45,3.43,False,False,89,90,-19.13,-17.85,31,30,317.1,146.96,True
sz301108,20260205,33.86,32.78,False,False,1,6,-19.64,-17.4,42,37,1.48,-18.93,False
sz003007,20250625,30.66,30.48,False,False,106,91,-4.27,-9.44,14,29,41.23,4.96,False
sz300071,20240830,2.55,2.44,False,False,106,114,-8.24,-3.89,14,6,216.08,165.1,True
sz300820,20250701,49.0,48.09,False,False,86,98,-4.45,-8.49,34,22,27.06,-0.22,False
sz002229,20241008,12.8,12.46,False,False,73,81,-17.89,-13.71,47,39,42.97,-7.42,False
sz301396,20250814,59.43,57.69,False,False,117,84,-1.23,-9.56,3,36,88.26,63.02,True
sz002687,20240930,4.61,4.39,False,False,37,100,-9.54,-3.62,83,20,10.63,-2.6,False
sz300641,20240930,23.19,20.91,False,False,94,95,-10.09,-8.85,26,25,23.05,10.63,False
sz399667,20240926,2581.39,2567.42,True,False,120,113,0.0,-3.97,0,7,50.08,23.95,True
sz002434,20240926,5.24,5.0,False,True,119,120,-1.53,0.0,1,0,75.57,48.85,True
sz301211,20250624,12.24,12.23,False,False,102,96,-4.29,-5.8,18,24,31.02,1.92,False
sz300368,20240930,3.59,2.99,True,True,120,120,0.0,0.0,0,0,42.9,34.82,True
sz002153,20240926,6.25,5.95,True,False,120,103,0.0,-4.64,0,17,44.48,26.88,True
sz300195,20240926,4.47,4.39,True,False,120,119,0.0,-0.09,0,1,64.88,43.4,True
sz301325,20250708,60.21,59.3,False,False,60,63,-20.06,-19.88,60,57,16.31,-16.04,False
sz002353,20240930,31.94,30.74,False,False,112,114,-7.39,-4.05,8,6,27.77,12.4,False
sz300395,20240828,30.35,30.07,False,False,113,101,-6.29,-7.56,7,19,57.03,43.89,True
sz002500,20240731,4.83,4.79,False,False,85,95,-4.97,-3.56,35,25,47.41,22.36,True
sz000789,20240926,4.81,4.74,False,False,113,90,-4.16,-4.71,7,30,18.72,5.62,False
sz002067,20240806,2.81,2.8,False,False,89,89,-7.12,-6.97,31,31,63.7,46.26,True
sz300588,20240823,9.18,8.3,False,False,102,118,-12.2,-1.98,18,2,88.13,74.62,True
sz000820,20240813,2.81,2.77,False,False,92,83,-17.08,-13.6,28,37,59.79,9.61,False
sz399234,20240930,873.63,824.72,False,False,34,74,-10.16,-5.77,86,46,4.38,-2.19,False
sz300212,20240927,20.55,17.72,False,False,119,94,-0.83,-8.44,1,26,56.79,17.08,False
sz002029,20240925,5.11,5.11,True,False,120,119,0.0,-0.13,0,1,57.1,24.05,True
sz300422,20240816,4.71,4.67,False,False,52,58,-22.08,-19.91,68,62,15.71,-8.92,False
sz301308,20250630,87.49,85.12,False,False,99,105,-7.96,-5.33,21,15,272.85,177.36,True
sz399404,20240807,5765.17,5763.03,False,False,102,102,-4.85,-5.42,18,18,15.29,9.78,False
sz300759,20250708,24.86,24.77,True,False,120,90,0.0,-6.86,0,30,44.41,14.36,False
sz300145,20240930,2.95,2.64,False,True,114,120,-6.78,0.0,6,0,57.29,32.88,True
sz300717,20251128,20.0,19.95,False,False,57,47,-8.9,-9.58,33,43,13.6,3.8,False
sz000623,20240924,12.99,12.77,True,False,120,100,0.0,-3.5,0,20,44.5,24.63,True
sz002330,20240927,4.05,3.93,False,False,118,103,-1.48,-4.06,2,17,30.37,4.94,False
sz000070,20241022,4.87,4.85,True,False,120,111,0.0,-9.74,0,9,36.96,20.94,True
sz300939,20250624,30.0,29.93,False,False,115,108,-0.67,-7.92,5,12,33.33,19.03,False
sz301515,20251125,21.78,21.65,False,False,68,55,-10.01,-10.37,25,38,22.36,4.73,False
sz002657,20240924,12.1,11.92,True,False,120,119,0.0,-0.79,0,1,132.15,61.24,True
sz002879,20240801,13.15,13.07,False,False,79,82,-13.08,-12.48,41,38,31.26,10.88,False
sz301072,20251020,23.83,23.55,False,False,44,39,-14.14,-14.95,75,80,8.18,-4.99,False
sz300240,20240826,5.66,5.65,False,False,110,73,-4.77,-10.75,10,47,48.76,14.13,False
sz000795,20240731,5.55,5.37,False,False,81,83,-11.72,-10.08,39,37,160.66,93.04,True
sz002286,20240924,6.06,6.01,True,True,120,120,0.0,0.0,0,0,38.56,31.79,True
sz301339,20260114,15.7,15.69,False,False,0,0,-19.3,-13.89,59,59,0.0,-14.97,False
sz300946,20251204,58.6,52.72,False,False,2,24,-29.1,-20.68,84,62,2.88,-20.36,False
sz002628,20240826,2.29,2.26,False,False,101,103,-8.73,-5.92,19,17,243.67,89.52,True
sz000568,20240930,143.75,137.59,False,False,3,57,-25.29,-12.48,117,63,6.47,-12.96,False
sz002806,20240926,9.17,9.03,True,False,120,111,0.0,-7.46,0,9,59.21,23.23,True
sz002552,20240930,12.48,12.43,False,False,79,105,-8.33,-7.49,41,15,39.26,17.23,False
sz300908,20250624,29.99,29.41,False,False,51,68,-8.8,-9.06,69,52,10.04,-6.5,False
sz002035,20240731,6.29,6.07,False,False,85,82,-13.2,-12.4,35,38,29.59,6.52,False
sz000526,20240806,61.94,59.44,False,False,2,4,-34.52,-24.31,118,116,1.86,-22.86,False
sz300745,20260316,26.19,26.08,False,False,8,6,-13.29,-13.29,14,16,4.81,3.7,False
sz002362,20240927,17.08,16.61,True,False,120,113,0.0,-4.77,0,7,98.89,30.27,True
sz399418,20240926,2730.97,2711.27,True,True,120,120,0.0,0.0,0,0,70.34,46.11,True
sz002531,20241008,9.1,8.75,False,False,17,46,-21.98,-12.34,103,74,7.47,-19.45,False
sz002864,20260105,31.66,31.33,False,False,65,51,-1.01,-6.25,1,15,19.58,0.47,False
sz300159,20240823,1.88,1.87,False,False,108,78,-13.58,-35.41,12,42,93.61,38.87,True
sz002605,20240911,20.49,20.16,False,False,113,108,-8.1,-5.67,7,12,65.64,42.41,True
sz301020,20251020,22.25,22.05,False,False,75,53,-12.72,-14.88,44,66,8.09,-2.16,False
sz000811,20240930,7.74,7.21,False,False,101,110,-12.03,-4.68,19,10,49.19,21.86,True
sz301293,20251225,57.47,56.9,False,False,70,64,-2.0,-4.24,1,7,72.05,19.71,False
sz300470,20240926,31.39,31.12,True,False,120,117,0.0,-1.12,0,3,29.97,15.03,False
sz001221,20260324,64.29,62.79,False,False,6,12,-6.05,-4.16,11,5,7.33,-0.3,False
sz002865,20240930,47.9,44.27,False,False,109,108,-10.61,-21.92,11,12,67.85,-4.55,False
sz002582,20240926,4.53,4.11,False,True,119,120,-0.88,0.0,1,0,139.45,75.8,True
sz300290,20240814,9.27,9.24,False,False,101,97,-14.24,-15.8,19,23,210.14,123.62,True
sz002256,20240904,1.82,1.79,False,False,109,98,-11.54,-7.64,11,22,72.53,28.02,True
sz300671,20250630,32.75,32.55,False,False,87,71,-5.5,-10.55,33,49,31.85,-2.69,False
sz002899,20250625,23.05,22.5,False,False,73,87,-14.27,-9.34,47,33,14.27,7.94,False
sz300996,20250709,15.9,15.87,True,False,120,99,0.0,-10.38,0,21,35.91,6.04,False
sz300114,20240926,43.3,42.68,True,True,89,89,0.0,0.0,0,0,115.27,66.7,True
sz002731,20240930,8.89,8.55,False,False,72,110,-9.79,-4.19,48,10,22.95,15.41,False
sz000908,20250205,4.33,4.25,False,False,89,82,-11.09,-14.98,31,38,46.65,38.57,True
sz002101,20240926,10.91,10.47,False,False,118,105,-0.92,-4.2,2,15,37.59,16.32,False
sz001338,20250905,11.7,11.69,False,False,100,93,-4.27,-4.37,20,27,12.22,12.22,False
sz300795,20250709,15.67,15.6,False,False,26,33,-14.7,-10.82,94,87,5.93,-12.47,False
sz300374,20240927,14.98,14.72,True,False,120,84,0.0,-11.87,0,36,58.95,10.41,False
sz399352,20240731,7004.81,6988.8,False,False,83,84,-5.67,-4.98,37,36,36.97,23.33,True
sz300872,20251020,22.41,22.11,False,False,3,5,-30.48,-23.81,116,114,1.2,-25.52,False
sz399635,20240927,1333.35,1260.59,True,False,120,118,0.0,-0.98,0,2,35.66,19.1,False
sz300189,20240924,2.2,2.18,True,False,120,116,0.0,-5.44,0,4,125.45,60.45,True
sz300613,20240926,33.95,33.53,True,True,120,120,0.0,0.0,0,0,114.46,66.04,True
sz000595,20240822,4.15,4.11,True,False,120,83,0.0,-26.3,0,37,186.51,60.0,True
sz001373,20250625,29.43,29.0,False,False,112,103,-4.32,-9.96,8,17,15.26,-1.26,False
sz000590,20240926,5.79,5.79,True,False,120,118,0.0,-1.95,0,2,65.46,46.98,True
sz300045,20240927,18.28,18.09,True,False,120,66,0.0,-18.2,0,54,78.88,6.13,False
sz002719,20240927,6.48,6.42,True,False,120,101,0.0,-11.63,0,19,67.9,9.41,False
sz002978,20250721,30.85,30.76,False,False,93,76,-4.02,-4.15,27,44,22.2,22.2,True
sz300522,20240927,10.82,10.77,True,False,120,116,0.0,-3.11,0,4,43.44,20.52,True
sz300658,20240924,4.48,4.4,True,False,120,116,0.0,-3.44,0,4,44.86,34.37,True
sz002757,20240926,11.67,11.6,True,True,120,120,0.0,0.0,0,0,118.25,78.41,True
sz301246,20250905,14.96,14.48,False,False,108,111,-5.15,-2.7,12,9,79.68,47.19,True
sz002230,20240927,40.3,39.86,True,False,120,113,0.0,-3.76,0,7,42.31,18.98,False
sz000723,20240930,5.19,4.97,False,False,10,63,-21.39,-10.93,110,57,4.43,-12.91,False
sz002463,20240809,31.91,31.68,False,False,109,102,-7.55,-9.62,11,18,41.27,17.99,False
sz300839,20260209,13.22,13.04,False,False,35,36,-6.96,-4.67,7,6,30.11,14.15,False
sz002936,20251021,2.05,2.04,False,False,9,5,-11.71,-7.54,109,113,0.98,-11.22,False
sz002167,20240930,6.37,6.1,False,False,111,119,-5.97,-0.24,9,1,69.23,43.33,True
sz301225,20251121,86.0,84.75,True,False,95,74,0.0,-19.29,0,21,101.16,34.65,True
sz002253,20240927,10.84,10.53,False,False,118,69,-2.03,-23.88,2,51,123.06,4.7,False
sz399653,20240926,2235.51,2172.7,True,False,120,117,0.0,-1.06,0,3,26.13,10.04,False
sz002129,20240927,9.42,9.13,False,False,49,55,-12.85,-11.99,71,65,34.61,-5.2,False
sz301096,20251226,55.93,55.87,False,False,22,21,-21.53,-21.56,48,49,7.96,3.59,False
sz300488,20240930,22.09,19.84,False,True,112,120,-5.79,0.0,8,0,128.4,67.11,True
sz000920,20240924,7.6,7.51,False,False,119,109,-0.66,-2.2,1,11,22.75,19.47,False
sz002860,20240930,8.71,8.34,False,False,110,119,-5.85,-1.1,10,1,29.16,22.38,True
sz002787,20240927,7.07,6.82,True,False,120,74,0.0,-10.53,0,46,75.78,29.27,True
sz200028,20240930,14.32,13.57,False,False,25,61,-19.48,-14.11,95,59,4.61,-17.67,False
sz300226,20240927,19.8,17.69,False,False,119,96,-0.66,-8.35,1,24,50.86,14.14,False
sz000069,20240926,2.41,2.24,False,False,118,76,-0.83,-10.81,2,44,41.08,0.41,False
sz300920,20251230,46.77,46.24,False,False,1,6,-23.46,-14.75,67,62,0.79,-14.52,False
sz002053,20240930,12.07,11.32,False,False,10,60,-12.92,-4.6,110,60,5.47,-7.46,False
sz300095,20240927,6.04,5.69,False,False,113,96,-2.32,-6.59,7,24,31.27,12.24,False
sz300689,20260127,53.3,51.67,False,False,7,13,-18.01,-12.08,43,37,9.62,-2.29,False
sz300268,20240930,7.26,7.06,False,False,74,75,-14.88,-14.23,46,45,33.33,32.23,True
sz002534,20240731,10.16,10.09,False,False,82,77,-12.99,-12.11,38,43,27.75,18.6,False
sz000027,20240930,6.84,6.62,False,False,4,37,-14.33,-7.42,116,83,10.23,-8.63,False
sz301311,20250905,19.8,19.68,False,False,29,18,-9.75,-11.9,91,102,9.44,-8.43,False
sz001209,20250624,17.42,16.95,False,False,118,114,-1.38,-4.89,2,6,66.48,15.33,False
sz399683,20240925,1557.34,1526.98,True,True,120,120,0.0,0.0,0,0,28.46,25.79,True
sz002282,20250702,7.58,7.53,False,False,51,64,-8.05,-5.99,69,56,5.01,-1.45,False
sz301046,20250624,19.55,19.52,True,True,120,120,0.0,0.0,0,0,67.42,34.32,True
sz002663,20240924,1.42,1.38,True,False,120,100,0.0,-7.33,0,20,80.28,26.06,True
sz300723,20250929,56.96,56.03,False,False,3,3,-48.1,-43.19,117,117,8.53,-36.97,False
sz000617,20240819,5.45,5.42,False,False,96,69,-11.93,-9.74,24,51,67.91,19.64,False
sz002304,20240926,80.62,79.12,False,False,35,59,-8.62,-6.01,85,61,17.27,-8.3,False
sz002802,20250624,13.46,13.28,False,False,58,50,-11.23,-10.95,62,70,8.45,-10.64,False
sz300458,20240830,16.84,16.31,False,False,103,104,-9.32,-6.86,17,16,183.68,179.8,True
sz300171,20240930,13.46,12.14,False,False,48,108,-13.15,-3.44,72,12,14.2,-1.41,False
sz301008,20250624,22.4,22.07,True,False,120,117,0.0,-0.93,0,3,134.2,46.92,True
sz002519,20240930,5.28,4.93,False,False,80,78,-8.71,-14.75,40,42,39.39,-7.01,False
sz300943,20251124,17.22,16.97,False,True,94,95,-0.64,0.0,1,0,130.37,78.11,True
sz000659,20240813,1.76,1.76,True,False,120,113,0.0,-6.07,0,7,117.61,61.93,True
sz002985,20250930,29.21,27.96,False,False,90,99,-6.64,-5.23,30,21,60.8,24.48,True
sz300416,20240930,12.9,12.01,False,False,45,90,-17.6,-9.84,75,30,34.42,34.42,True
sz002283,20240927,4.29,4.24,False,True,118,120,-1.4,0.0,2,0,89.89,46.34,True
sz399806,20240927,983.21,948.72,True,True,120,120,0.0,0.0,0,0,31.71,24.98,True
sz002701,20240731,4.16,4.09,False,False,107,106,-2.88,-4.6,13,14,44.23,18.27,False
sz002266,20240926,2.94,2.93,False,False,111,96,-2.38,-6.12,9,24,20.06,12.24,False
sz002960,20250624,9.72,9.61,False,False,116,102,-0.72,-8.22,4,18,37.55,4.01,False
sz000892,20240802,2.9,2.84,False,False,82,78,-13.79,-11.03,38,42,77.24,14.48,False
sz002686,20240918,4.49,4.37,True,False,120,117,0.0,-1.83,0,3,50.33,50.33,True
sz300013,20240812,2.48,2.17,False,False,94,117,-18.55,-5.86,26,3,80.24,33.47,True
sz399552,20240926,7861.26,7592.1,False,False,119,109,-0.4,-0.69,1,11,13.8,3.35,False
sz002228,20240918,2.23,2.21,True,True,120,120,0.0,0.0,0,0,39.86,26.87,True
sz301397,20251225,36.64,36.32,False,False,2,8,-26.28,-21.6,69,63,1.26,-1.5,False
sz003006,20250725,29.21,26.62,False,False,17,30,-32.04,-23.15,103,90,8.66,-21.4,False
sz300623,20240924,17.35,17.03,False,False,119,105,-1.21,-11.48,1,15,169.16,82.42,True
sz000691,20240807,2.9,2.87,False,False,83,80,-26.92,-33.08,37,40,33.87,-15.18,False
sz300842,20250624,43.54,42.86,False,False,115,115,-1.38,-1.68,5,5,71.36,38.86,True
sz002418,20240925,2.12,2.09,True,True,120,120,0.0,0.0,0,0,93.87,50.0,True
sz002884,20250714,16.18,16.05,False,False,115,119,-0.87,-0.07,5,1,13.66,6.98,False
sz000422,20240924,11.7,11.34,False,False,108,76,-2.99,-9.1,12,44,31.88,30.26,True
sz300559,20240930,10.27,9.47,False,False,104,111,-11.3,-5.52,16,9,45.57,8.76,False
sz002903,20250624,19.21,18.9,True,False,120,107,0.0,-5.75,0,13,29.36,9.16,False
sz002456,20240906,8.85,8.45,False,False,108,111,-10.73,-5.37,12,9,110.4,55.93,True
sz000938,20240927,21.92,21.0,True,True,120,120,0.0,0.0,0,0,50.79,24.41,True
sz301273,20251124,27.26,27.0,False,False,70,65,-8.73,-9.54,24,29,30.3,13.94,False
sz000516,20240930,5.46,5.0,False,False,76,97,-12.09,-6.45,44,23,21.61,1.47,False
sz002005,20240730,1.13,1.08,False,True,114,120,-1.77,0.0,6,0,86.73,49.56,True
sz002878,20240930,12.35,11.96,False,False,98,101,-10.61,-7.29,22,19,72.71,18.62,False
sz200030,20250314,3.25,3.23,False,False,12,34,-13.55,-12.24,108,86,0.92,-2.37,False
sz002562,20240911,3.41,3.32,False,False,113,115,-5.87,-3.32,7,5,53.08,27.57,True
sz002836,20240812,6.0,5.97,False,False,93,92,-7.5,-7.25,27,28,55.35,27.84,True
sz000558,20240805,2.43,2.42,False,False,87,89,-10.7,-9.12,33,31,104.94,41.98,True
sz300270,20240927,6.22,5.93,True,False,120,106,0.0,-6.83,0,14,63.99,17.85,False
sz300691,20250728,19.43,19.42,False,False,28,34,-14.98,-11.2,92,86,6.48,-7.62,False
sz300976,20251126,58.46,58.39,False,False,60,29,-8.71,-14.23,32,63,15.81,2.57,False
sz300127,20240930,16.41,14.47,False,False,114,109,-8.04,-10.7,6,11,117.25,43.21,True
sz002028,20240807,65.69,63.83,False,False,108,107,-4.84,-3.76,12,13,22.21,17.38,False
sz301539,20250703,19.02,18.68,False,False,108,100,-4.57,-5.7,12,20,11.41,9.15,False
sz002486,20240923,1.76,1.76,True,False,120,109,0.0,-13.71,0,11,80.11,19.32,False
sz300169,20240731,5.94,5.31,False,False,88,94,-15.49,-10.21,32,26,94.28,17.68,False
sz002635,20240731,14.18,13.81,False,False,80,76,-15.02,-13.2,40,44,27.64,5.85,False
sz002066,20240918,8.39,8.1,False,False,116,118,-4.53,-1.03,4,2,49.34,31.47,True
sz301010,20250703,17.76,17.05,True,True,120,120,0.0,0.0,0,0,60.53,30.52,True
sz399428,20240927,2402.1,2343.3,True,True,120,120,0.0,0.0,0,0,40.49,32.33,True
sz002352,20240830,34.06,33.54,False,False,114,118,-0.68,-1.17,6,2,29.61,21.77,True
sz301577,20251014,58.67,57.79,False,False,87,75,-7.79,-10.91,33,45,25.75,6.29,False
sz300892,20250624,33.1,32.4,False,False,105,71,-3.84,-9.05,15,49,22.27,-3.75,False
sz300258,20240930,9.05,8.19,False,True,82,120,-9.18,0.0,38,0,83.13,47.87,True
sz000017,20240930,6.63,6.38,False,False,32,61,-17.8,-11.8,88,59,15.54,-6.33,False
sz002998,20260120,8.13,8.06,False,False,46,44,-9.1,-10.31,9,11,16.85,13.78,False
sz301321,20251201,16.3,16.29,False,False,85,79,-3.01,-5.25,4,10,54.85,46.56,True
sz000570,20240926,4.67,4.63,True,False,120,111,0.0,-3.03,0,9,45.82,16.92,False
sz002063,20240731,5.32,5.28,False,False,79,66,-16.54,-15.89,41,54,27.07,6.58,False
sz200056,20240930,1.0,0.95,False,False,115,101,-3.0,-6.27,5,19,60.0,18.0,False
sz000059,20240927,4.39,4.38,False,False,106,73,-5.69,-6.01,14,47,32.33,10.25,False
sz300910,20250806,57.14,56.23,False,False,81,70,-8.42,-9.63,39,50,12.18,-1.96,False
sz301608,20250811,83.48,82.51,False,False,110,87,-4.39,-8.47,10,33,25.37,11.02,False
sz301192,20251211,30.38,30.09,False,False,29,15,-18.07,-21.9,52,66,10.96,-14.25,False
sz000669,20240927,1.43,1.41,False,False,113,114,-2.1,-3.71,7,6,58.74,29.37,True
sz399400,20240926,3127.31,3066.53,True,False,120,118,0.0,-0.91,0,2,20.8,10.9,False
sz300426,20240808,8.19,7.87,False,False,87,90,-19.17,-13.51,33,30,62.27,30.77,True
sz300141,20240822,7.84,7.82,False,False,102,96,-6.51,-6.16,18,24,43.11,17.22,False
sz001696,20250314,23.26,23.01,False,False,49,52,-24.29,-27.19,71,68,15.99,2.49,False
sz001277,20251112,44.4,43.21,False,False,2,26,-23.87,-15.45,100,76,10.0,-20.27,False
sz002187,20240926,4.9,4.51,False,True,114,120,-2.04,0.0,6,0,104.69,39.59,True
sz301038,20251126,25.42,24.98,False,False,1,0,-22.15,-18.73,91,92,1.3,-17.62,False
sz002833,20240930,17.39,16.88,False,False,44,94,-13.51,-9.98,76,26,7.94,3.39,False
sz002334,20240930,6.72,6.13,False,True,106,120,-7.89,0.0,14,0,56.54,27.53,True
sz300713,20251020,18.26,17.82,False,False,38,43,-17.2,-16.05,81,76,9.47,-7.67,False
sz300468,20240731,8.47,8.42,False,False,105,97,-9.92,-9.81,15,23,236.48,78.28,True
sz001239,20250630,14.94,14.85,False,False,119,93,-0.07,-6.44,1,27,41.03,8.84,False
sz301076,20250624,26.04,24.74,False,False,116,101,-2.04,-9.0,4,19,140.79,62.83,True
sz002653,20240806,27.94,27.76,False,False,117,96,-1.68,-8.14,3,24,40.88,14.17,False
sz000713,20240925,5.82,5.82,True,False,120,114,0.0,-2.49,0,6,42.78,20.1,True
sz002200,20240930,4.92,4.79,False,False,79,74,-8.99,-9.39,41,46,17.66,1.28,False
sz000089,20240801,6.53,6.47,False,False,78,79,-11.18,-9.95,42,41,10.87,3.68,False
sz002906,20250624,32.86,32.21,False,False,16,30,-14.49,-11.02,104,90,6.21,-8.67,False
sz002880,20240930,28.46,27.64,False,False,33,53,-10.75,-7.0,87,67,4.22,-3.27,False
sz002767,20240827,12.22,12.2,False,False,101,97,-10.89,-9.53,19,23,56.32,25.05,True
sz300669,20260121,31.65,30.28,False,False,39,53,-7.05,-3.23,15,1,20.95,4.11,False
sz300288,20240924,11.46,11.45,True,False,120,112,0.0,-2.67,0,8,67.74,33.26,True
sz000973,20240816,3.82,3.81,False,False,96,97,-7.08,-6.77,24,23,164.09,90.17,True
sz300512,20240816,6.08,6.04,False,False,102,95,-10.36,-8.4,18,25,33.55,26.31,True
sz002948,20250923,4.84,4.81,False,False,70,61,-12.81,-13.23,50,59,17.36,7.02,False
sz300626,20240826,7.5,7.44,False,False,118,106,-3.6,-5.9,2,14,54.74,33.28,True
sz300075,20240930,16.1,14.03,False,False,102,96,-9.44,-7.61,18,24,47.83,8.32,False
sz300322,20240814,10.84,9.16,False,False,92,103,-17.71,-5.63,28,17,72.88,27.21,True
sz000910,20240925,6.37,6.2,True,False,120,114,0.0,-0.38,0,6,39.09,23.86,True
sz300824,20251027,12.86,12.48,False,False,5,15,-24.88,-17.87,109,99,2.02,-19.91,False
sz002119,20240806,11.12,11.08,False,False,90,88,-9.08,-9.11,30,32,76.89,71.04,True
sz399663,20240927,1631.98,1578.98,True,True,120,120,0.0,0.0,0,0,12.97,8.63,False
sz300645,20240920,12.93,12.28,False,False,118,102,-2.09,-7.6,2,18,50.73,14.77,False
sz002683,20240919,19.87,19.44,False,False,118,116,-1.81,-3.05,2,4,54.16,44.79,True
sz300016,20240806,4.73,4.69,False,False,107,105,-7.4,-6.94,13,15,72.3,42.07,True
sz301215,20251205,6.45,6.39,False,False,57,52,-10.23,-14.06,28,33,13.95,-3.57,False
sz002430,20240930,23.23,21.89,False,False,32,56,-17.78,-8.96,88,64,15.07,-14.25,False
sz301446,20251212,28.88,28.66,False,False,80,79,-1.32,-0.75,1,2,72.75,36.08,True
sz002157,20240802,2.84,2.84,False,False,67,58,-13.03,-14.22,53,62,21.48,-1.76,False
sz300058,20240926,4.1,4.04,True,True,120,120,0.0,0.0,0,0,108.2,63.76,True
sz300540,20240930,16.38,14.96,False,False,116,97,-9.29,-6.92,4,23,22.76,2.35,False
sz300489,20240806,18.76,18.72,False,False,105,96,-8.48,-11.87,15,24,459.7,191.84,True
sz301439,20250624,15.8,15.56,False,False,59,62,-8.48,-8.98,61,58,12.34,-5.38,False
sz002128,20240930,18.96,18.63,False,False,47,74,-12.55,-9.44,73,46,11.81,-2.06,False
sz001311,20250630,20.67,20.63,False,False,114,113,-1.16,-1.21,6,7,53.36,44.9,True
sz300027,20240814,1.96,1.92,False,False,117,100,-1.53,-7.54,3,20,81.12,45.92,True
sz002400,20250710,8.07,7.98,False,False,80,96,-5.08,-3.33,40,24,20.69,14.5,False
sz000688,20240930,12.19,11.14,False,False,76,103,-8.78,-6.42,44,17,39.95,-2.05,False
sz300675,20250624,14.67,14.57,False,False,118,111,-1.02,-5.36,2,9,41.38,3.68,False
sz002252,20240927,7.34,7.26,False,False,41,40,-10.26,-10.35,79,80,10.31,-6.58,False
sz300294,20240731,31.26,30.47,False,False,54,44,-9.47,-10.12,66,76,23.03,-8.22,False
sz002735,20240930,10.09,9.92,False,False,33,68,-15.66,-10.26,87,52,17.35,8.43,False
sz301110,20250624,54.69,54.55,False,False,93,108,-4.99,-4.18,27,12,51.56,15.91,False
sz300069,20240801,11.11,10.61,False,False,100,104,-8.1,-5.95,20,16,55.72,55.72,True
sz002462,20240926,11.33,11.2,True,False,120,108,0.0,-3.11,0,12,25.24,9.09,False
sz300838,20250708,14.8,14.73,False,False,76,76,-6.89,-7.81,44,44,8.65,3.04,False
sz002937,20250806,17.79,17.67,False,True,119,120,-0.62,0.0,1,0,43.68,31.37,True
sz300659,20240923,13.52,13.35,True,False,120,105,0.0,-9.86,0,15,83.88,19.45,False
sz399998,20240930,2377.1,2260.55,False,False,0,36,-21.18,-11.21,120,84,0.0,-17.36,False
sz002756,20240927,36.8,36.77,False,False,71,75,-11.79,-15.08,49,45,33.75,-11.06,False
sz002105,20240927,4.36,4.28,True,False,120,119,0.0,-0.4,0,1,185.09,91.28,True
sz301209,20251027,92.75,92.07,False,False,81,58,-8.92,-15.9,33,56,24.59,2.57,False
sz300876,20250702,25.93,25.91,False,False,111,110,-3.97,-3.46,9,10,50.87,50.87,True
sz399356,20240924,7991.4,7889.38,True,True,120,120,0.0,0.0,0,0,29.25,18.78,False
sz300370,20240815,1.96,1.88,False,False,93,100,-13.27,-8.39,27,20,125.51,65.82,True
sz300791,20251015,23.8,23.34,False,False,43,43,-21.05,-19.72,77,77,8.66,-9.33,False
sz000591,20240927,4.52,4.44,False,False,62,63,-6.92,-6.54,58,57,14.59,-2.72,False
sz002082,20240812,4.59,4.57,False,False,87,89,-13.73,-11.19,33,31,61.44,32.9,True
sz300044,20240801,4.9,4.85,False,False,80,79,-22.24,-17.13,40,41,83.47,30.0,True
sz003032,20250821,6.91,6.76,False,False,11,64,-12.01,-8.0,109,56,3.91,-0.72,False
sz002718,20240930,11.23,10.49,False,False,111,116,-3.65,-0.99,9,4,56.72,19.41,False
sz002518,20240930,19.75,18.29,False,False,77,113,-13.16,-5.06,43,7,52.96,25.97,True
sz000876,20240731,9.45,9.27,False,False,54,61,-13.02,-12.04,66,59,11.22,-8.26,False
sz300942,20250930,10.55,10.48,False,False,24,17,-23.79,-20.2,96,103,5.5,-19.15,False
sz002984,20250826,20.27,19.71,False,False,62,100,-9.52,-2.47,58,20,12.48,-0.79,False
sz300244,20240930,13.41,11.7,False,False,42,98,-24.39,-12.68,78,22,46.02,15.74,False
sz000045,20240829,8.64,8.42,False,False,106,106,-11.11,-7.38,14,14,58.69,20.14,True
sz000838,20240926,2.54,2.5,False,False,103,73,-6.3,-15.01,17,47,39.37,-6.3,False
sz002556,20240808,4.92,4.57,False,False,79,86,-15.05,-8.01,41,34,37.62,9.76,False
sz300590,20240813,10.52,10.43,False,False,94,94,-9.5,-10.73,26,26,69.0,57.12,True
sz001208,20250624,10.23,10.06,True,False,120,109,0.0,-6.52,0,11,103.32,103.32,True
sz002031,20240920,2.69,2.64,True,True,120,120,0.0,0.0,0,0,308.55,230.11,True
sz002366,20240930,3.86,3.72,False,False,114,117,-7.25,-2.8,6,3,54.4,38.34,True
sz300741,20251212,18.76,18.68,False,False,27,29,-18.66,-16.56,53,51,3.14,-7.68,False
sz301024,20250926,41.8,41.13,False,False,12,21,-25.86,-21.48,108,99,14.57,-25.86,False
sz002601,20240926,17.6,17.6,False,False,52,90,-9.72,-5.74,68,30,17.5,-2.28,False
sz000488,20240805,3.59,3.59,False,False,43,43,-31.75,-28.36,77,77,18.11,-28.41,False
sz301297,20250630,41.27,40.62,False,False,40,52,-15.06,-14.31,80,68,8.49,-9.31,False
sz300474,20240927,63.97,62.95,True,False,120,110,0.0,-13.48,0,10,70.3,22.35,True
sz300227,20240925,5.55,5.53,True,False,120,118,0.0,-3.27,0,2,95.86,51.71,True
sz000815,20240919,7.81,7.74,True,False,120,119,0.0,-0.86,0,1,114.34,81.18,True
sz001225,20250624,33.55,32.59,False,True,119,120,-0.66,0.0,1,0,82.41,59.46,True
sz002783,20240927,7.54,7.38,False,False,116,76,-2.65,-5.26,4,44,23.47,7.16,False
sz002019,20240806,12.18,12.09,False,False,18,34,-18.72,-16.66,102,86,9.93,-10.59,False
sz000810,20240816,9.94,9.51,False,False,103,112,-12.27,-5.96,17,8,73.53,56.12,True
sz300222,20240807,5.79,5.78,False,False,100,101,-6.74,-7.04,20,19,141.11,106.56,True
sz301292,20250924,18.36,18.02,False,False,118,118,-2.12,-0.7,2,2,440.2,395.7,True
sz300091,20240913,1.57,1.57,False,False,116,78,-5.73,-11.72,4,42,112.1,71.97,True
sz000544,20240731,7.29,7.21,False,False,82,82,-8.09,-8.86,38,38,29.36,14.27,False
sz301021,20250725,30.57,29.37,True,False,120,119,0.0,-2.49,0,1,101.7,101.7,True
sz002057,20240930,7.13,6.76,False,False,91,111,-8.14,-2.98,29,9,27.08,13.33,False
sz301315,20250627,58.5,54.19,False,False,25,97,-20.63,-9.06,95,23,13.33,-1.74,False
sz002530,20240927,7.23,6.99,True,False,120,119,0.0,-0.87,0,1,86.31,37.62,True
sz200505,20240731,2.06,2.05,False,False,96,77,-3.4,-3.43,24,43,16.98,3.88,False
sz301611,20250724,56.24,56.01,False,False,56,67,-10.94,-8.13,64,53,148.49,148.49,True
sz002849,20240927,12.19,11.29,False,False,116,112,-4.68,-10.01,4,8,75.14,24.53,True
sz399687,20240926,2191.76,2189.49,True,True,120,120,0.0,0.0,0,0,47.69,33.11,True
sz300727,20250702,27.68,27.48,False,False,115,93,-5.67,-8.5,5,27,68.53,30.49,True
sz301525,20250714,74.48,73.78,True,False,120,86,0.0,-8.5,0,34,58.36,18.6,False
sz002629,20240926,1.97,1.94,True,True,120,120,0.0,0.0,0,0,193.4,193.4,True
sz300175,20241008,6.73,6.64,False,False,33,43,-37.59,-31.53,87,77,29.72,-36.55,False
sz300241,20240731,3.95,3.87,False,False,103,101,-6.58,-4.88,17,19,56.71,35.44,True
sz300412,20240816,3.51,3.34,False,False,93,105,-13.96,-8.78,27,15,70.09,59.54,True
sz300769,20250624,33.51,32.15,False,False,95,118,-6.24,-1.07,25,2,77.71,30.56,True
sz301338,20251124,57.28,56.93,True,True,95,95,0.0,0.0,0,0,252.3,215.8,True
sz399434,20240926,1423.48,1421.3,True,True,120,120,0.0,0.0,0,0,55.65,35.88,True
sz300388,20240814,5.68,5.64,False,False,93,93,-8.99,-8.22,27,27,56.04,19.91,False
sz301138,20251022,36.76,35.89,False,False,98,82,-10.15,-14.48,19,35,27.72,4.3,False
sz300041,20240927,7.83,7.68,True,False,120,111,0.0,-4.27,0,9,28.22,17.88,False
sz002429,20240731,4.94,4.86,False,False,72,79,-15.17,-11.76,48,41,23.06,6.07,False
sz002100,20240930,6.95,6.8,False,False,1,21,-15.83,-9.14,119,99,0.0,-13.24,False
sz301176,20251015,26.21,26.01,False,False,63,36,-11.06,-17.14,57,84,17.09,12.13,False
sz002753,20240927,5.87,5.77,False,False,116,113,-1.87,-3.47,4,7,18.39,11.07,False
sz002932,20250908,19.73,19.22,False,False,7,18,-10.8,-11.51,113,102,3.75,-5.17,False
sz300568,20240927,8.6,8.56,True,False,120,111,0.0,-4.55,0,9,50.93,18.84,False
sz002467,20240924,3.44,3.44,True,True,120,120,0.0,0.0,0,0,158.43,68.31,True
sz000727,20240927,2.17,2.1,False,False,119,115,-0.46,-4.57,1,5,69.12,24.88,True
sz002234,20240930,9.16,9.03,False,False,33,58,-13.21,-8.09,87,62,18.01,-0.44,False
sz002163,20240926,6.6,6.25,True,False,120,119,0.0,-9.74,0,1,80.61,23.03,True
sz301115,20260108,16.41,16.28,True,True,64,64,0.0,0.0,0,0,41.26,30.53,True
sz002730,20240927,6.82,6.63,True,True,120,120,0.0,0.0,0,0,301.91,132.55,True
sz002404,20240730,5.06,5.04,False,False,93,84,-6.32,-7.84,27,36,36.36,15.61,False
sz301221,20251029,52.75,52.6,False,False,51,53,-13.88,-13.63,61,59,21.12,1.14,False
sz002898,20251022,13.21,12.65,False,False,63,42,-17.49,-18.52,54,75,11.28,-0.3,False
sz300358,20240930,7.92,7.47,False,False,19,73,-19.95,-12.61,101,47,10.23,-2.27,False
sz300022,20240924,3.8,3.8,True,True,120,120,0.0,0.0,0,0,96.58,91.58,True
sz301092,20251010,31.36,30.84,False,False,106,94,-4.11,-10.35,14,26,31.31,8.16,False
sz399657,20240927,5314.32,5061.22,True,False,120,119,0.0,-0.66,0,1,19.61,9.53,False
sz000159,20240730,5.68,5.38,False,False,104,95,-7.75,-21.1,16,25,59.86,-6.69,False
sz300810,20260209,43.64,43.46,False,False,1,4,-30.34,-24.8,40,37,0.96,-23.24,False
sz300316,20240930,31.99,28.52,False,False,81,101,-14.41,-9.5,39,19,25.76,-0.69,False
sz300275,20250114,13.15,12.66,False,False,59,47,-14.45,-23.11,61,73,44.49,0.23,False
sz300694,20250624,14.68,14.34,False,False,5,19,-21.87,-13.06,115,101,6.4,-20.3,False
sz002529,20240912,6.4,5.94,False,False,101,93,-10.16,-18.77,19,27,61.87,29.69,True
sz300973,20250730,46.36,44.89,False,False,18,35,-19.01,-15.04,102,85,8.26,1.52,False
sz300088,20240826,4.83,4.75,False,False,107,110,-9.73,-7.87,13,10,65.19,33.94,True
sz000809,20240826,2.13,2.05,False,False,103,111,-7.04,-3.27,17,9,63.38,31.46,True
sz301511,20251124,30.68,30.06,False,False,80,68,-7.46,-16.76,15,27,72.29,72.29,True
sz002567,20240930,5.77,5.64,False,False,0,23,-16.64,-10.31,120,97,0.0,-14.38,False
sz000513,20240808,36.2,35.86,False,False,57,63,-5.86,-5.03,63,57,11.6,-3.87,False
sz002357,20240930,5.94,5.46,False,True,107,120,-5.05,0.0,13,0,60.44,26.26,True
sz300770,20251205,43.01,42.94,False,False,37,32,-10.6,-13.79,48,53,15.69,-6.42,False
sz300391,20240806,4.29,4.17,False,False,80,67,-22.14,-28.55,40,53,89.74,12.59,False
sz300897,20251203,28.1,26.64,False,False,2,8,-15.2,-11.33,85,79,2.06,-7.79,False
sz002630,20240815,2.44,2.41,False,False,113,114,-1.64,-0.65,7,6,83.61,74.18,True
sz301015,20250703,21.51,20.77,False,False,109,89,-4.04,-9.5,11,31,45.75,11.25,False
sz002319,20240930,10.35,9.88,False,False,106,95,-13.33,-7.15,14,25,26.76,2.71,False
sz002483,20240926,4.3,4.27,True,True,120,120,0.0,0.0,0,0,78.14,54.19,True
sz300445,20240930,16.89,15.8,False,False,68,112,-11.49,-4.11,52,8,28.24,25.34,True
sz300122,20240930,33.18,28.63,False,False,3,60,-27.4,-12.17,117,60,20.13,-24.29,False
sz002850,20240927,86.32,80.92,True,True,120,120,0.0,0.0,0,0,63.23,37.63,True
sz301408,20251027,13.47,13.35,False,False,110,100,-1.78,-7.04,4,14,120.94,50.04,True
sz399557,20240926,1319.64,1314.35,True,False,120,119,0.0,-0.38,0,1,39.24,27.77,True
sz300571,20240927,22.17,21.44,True,False,120,117,0.0,-5.61,0,3,80.88,34.69,True
sz301392,20260121,155.4,147.5,False,False,1,12,-33.77,-25.74,53,42,4.34,4.34,False
sz300644,20251224,34.09,34.01,False,False,32,27,-20.62,-20.8,40,45,12.79,-11.0,False
sz002263,20240927,2.13,2.13,False,False,119,112,-1.41,-2.2,1,8,44.6,15.96,False
sz002965,20250624,38.72,37.52,False,False,70,54,-11.8,-11.17,50,66,25.36,-6.17,False
sz000897,20240925,2.06,2.05,True,False,120,67,0.0,-5.53,0,53,36.32,8.72,False
sz301121,20250724,39.65,39.5,False,False,109,76,-4.21,-15.61,11,44,33.44,4.64,False
sz300191,20240806,13.37,13.36,False,False,64,56,-13.61,-14.7,56,64,25.28,2.92,False
sz399803,20240927,3201.89,3097.17,True,True,120,120,0.0,0.0,0,0,40.24,25.59,True
sz002453,20240924,4.61,4.56,False,False,118,101,-2.17,-6.16,2,19,64.64,18.22,False
sz300809,20250626,37.53,37.09,False,False,76,54,-11.67,-18.3,44,66,38.5,-4.08,False
sz301276,20251104,21.14,20.97,True,False,108,88,0.0,-12.04,0,20,42.01,17.93,False
sz002134,20240806,8.08,8.04,False,False,93,89,-9.78,-10.63,27,31,178.71,141.46,True
sz002387,20240902,6.85,6.76,False,False,106,109,-13.58,-10.17,14,11,113.28,77.52,True
sz300341,20240909,9.03,8.8,False,False,117,117,-5.54,-2.72,3,3,230.34,115.73,True
sz300847,20250905,17.98,17.87,False,False,47,31,-8.12,-11.32,73,89,14.52,-2.67,False
sz002881,20250625,45.35,45.03,False,False,73,50,-12.15,-15.02,47,70,30.03,-7.81,False
sz301238,20250804,18.31,18.24,True,False,120,110,0.0,-4.02,0,10,44.18,13.98,False
sz002729,20240924,10.66,10.61,True,False,120,116,0.0,-1.15,0,4,48.93,27.27,True
sz003003,20250929,12.18,12.16,False,False,116,98,-2.3,-10.54,4,22,26.44,4.93,False
sz300070,20240930,4.87,4.26,False,False,75,77,-5.75,-8.95,45,43,30.62,-3.7,False
sz301109,20250804,14.26,13.94,False,False,110,95,-1.05,-3.27,10,25,13.32,10.66,False
sz000758,20240930,5.13,4.8,False,False,28,104,-9.35,-2.52,92,16,8.96,-2.92,False
sz300517,20240815,8.55,8.5,False,False,77,64,-12.16,-14.43,43,56,27.13,4.22,False
sz002382,20240927,4.89,4.77,False,False,104,80,-3.07,-5.81,16,40,20.65,4.7,False
sz001308,20250703,22.35,22.18,False,False,65,66,-9.08,-10.24,55,54,15.03,-7.47,False
sz399018,20240927,3488.8,3340.88,True,True,120,120,0.0,0.0,0,0,37.05,28.38,True
sz002762,20240924,5.55,5.55,False,False,104,64,-12.97,-23.31,16,56,63.42,4.5,False
sz002131,20240927,1.68,1.58,False,True,115,120,-4.17,0.0,5,0,237.33,109.12,True
sz000716,20240927,4.07,3.95,False,False,115,117,-2.46,-6.53,5,3,138.82,52.33,True
sz002205,20240918,6.76,6.73,True,False,120,117,0.0,-0.97,0,3,69.53,43.93,True
sz300490,20240930,8.5,7.63,False,False,65,84,-15.88,-10.8,55,36,27.18,-5.06,False
sz300194,20240925,3.89,3.86,True,False,120,67,0.0,-7.24,0,53,35.73,13.62,False
sz002152,20240927,10.27,9.98,False,False,119,107,-0.39,-4.25,1,13,49.56,24.54,True
sz300369,20240919,5.85,5.59,False,False,119,99,-0.68,-10.48,1,21,65.47,29.06,True
sz300788,20250630,31.76,31.58,False,False,35,46,-14.74,-11.5,85,74,4.62,-14.33,False
sz301210,20250708,41.1,39.79,False,False,81,54,-16.23,-20.19,39,66,30.92,-11.44,False
sz399666,20240927,1170.62,1095.83,True,False,120,118,0.0,-0.18,0,2,41.26,28.2,True
sz300640,20240925,4.16,4.15,True,False,120,111,0.0,-6.45,0,9,90.87,31.97,True
sz300327,20240730,19.43,19.34,False,False,83,79,-13.23,-13.3,37,41,48.84,22.49,True
sz000915,20240927,27.05,27.03,False,False,18,52,-16.45,-11.79,102,68,22.37,-2.44,False
sz300821,20250630,7.86,7.77,False,False,119,109,-1.4,-3.04,1,11,105.22,54.45,True
sz002855,20240930,21.88,20.31,False,False,48,58,-20.93,-17.39,72,62,34.51,-16.32,False
sz301197,20251020,19.55,19.25,False,False,115,94,-3.17,-7.68,4,25,47.06,40.56,True
sz001211,20250624,22.29,21.69,False,False,117,116,-0.45,-3.14,3,4,44.49,12.82,False
sz300440,20240924,5.3,5.27,True,True,120,120,0.0,0.0,0,0,75.62,58.27,True
sz300213,20240801,6.43,6.0,False,False,82,91,-13.06,-7.66,38,29,51.48,22.4,True
sz399235,20240926,764.87,760.82,True,False,120,115,0.0,-5.14,0,5,43.58,19.52,False
sz000821,20240930,12.36,11.64,False,False,95,96,-10.84,-6.76,25,24,31.31,0.08,False
sz300915,20250624,23.83,23.68,False,False,116,77,-1.64,-9.09,4,43,23.04,-1.38,False
sz300589,20240930,12.8,11.44,False,False,67,76,-10.47,-6.33,53,44,16.48,1.64,False
sz000788,20240731,5.29,5.15,False,False,98,90,-5.67,-5.94,22,30,39.51,9.83,False
sz000012,20240926,5.16,5.05,False,False,63,63,-6.39,-7.02,57,57,13.95,-5.81,False
sz300394,20240731,70.24,68.4,False,False,60,69,-29.78,-26.99,60,51,38.82,1.29,False
sz002501,20240925,1.12,1.1,True,True,120,120,0.0,0.0,0,0,146.43,98.21,True
sz300775,20251027,25.72,25.62,False,False,112,113,-0.89,-0.53,3,2,81.69,47.98,True
sz301073,20250805,22.3,22.23,False,False,96,94,-6.71,-9.43,24,26,55.46,49.81,True
sz002656,20240806,1.35,1.3,False,False,93,98,-25.19,-18.78,27,22,94.81,84.44,True
sz300938,20250709,23.16,22.39,False,True,118,120,-0.99,0.0,2,0,53.37,37.31,True
sz002331,20240806,6.96,6.77,False,False,82,69,-9.77,-9.47,38,51,32.61,19.68,False
sz300716,20250818,8.6,8.51,True,False,120,103,0.0,-12.85,0,17,75.93,49.42,True
sz300144,20240927,8.57,8.56,False,False,98,84,-7.0,-7.27,22,36,28.35,6.3,False
sz002182,20240930,11.56,11.21,False,False,64,97,-12.63,-9.24,56,23,19.03,11.59,False
sz300758,20250707,14.78,14.45,False,False,37,38,-17.73,-15.12,83,82,11.03,-14.21,False
sz301309,20260119,30.14,29.71,False,False,38,41,-3.35,-2.0,9,6,34.04,17.45,False
sz399405,20240926,1872.69,1838.85,True,False,120,113,0.0,-4.34,0,7,37.52,17.9,False
sz300423,20240925,5.5,5.46,True,False,120,117,0.0,-2.34,0,3,70.55,47.64,True
sz002034,20240812,13.1,12.94,False,False,93,93,-4.89,-3.65,27,27,18.63,9.47,False
sz002667,20240903,6.31,6.25,False,False,115,117,-6.34,-4.5,5,3,93.5,64.82,True
sz002553,20240927,9.4,9.37,False,False,117,119,-1.49,-0.64,3,1,196.17,122.23,True
sz002300,20240930,5.45,5.1,False,False,43,103,-11.19,-4.3,77,17,52.66,9.91,False
sz300595,20240927,17.07,16.07,False,False,70,66,-8.67,-13.07,50,54,41.89,-6.68,False
sz301376,20250812,18.69,18.49,False,False,81,79,-5.36,-5.41,39,41,14.98,6.36,False
sz300594,20250908,17.87,17.73,False,False,98,85,-9.57,-12.48,22,35,82.76,76.05,True
sz002807,20240819,3.47,3.43,False,False,97,99,-10.09,-9.52,23,21,19.31,12.68,False
sz300947,20250901,21.55,21.36,False,False,9,29,-15.64,-15.49,111,91,4.45,-13.27,False
sz002981,20251201,32.57,29.8,False,False,2,10,-31.26,-24.85,87,79,7.95,-25.05,False
sz002287,20240926,19.42,19.29,False,False,119,99,-0.41,-5.27,1,21,19.98,13.95,False
sz300471,20240830,9.09,9.07,False,False,85,64,-10.23,-11.37,35,56,30.91,1.65,False
sz301508,20250624,32.78,32.74,False,False,65,58,-7.29,-8.11,55,62,9.61,-7.29,False
sz300158,20240808,4.6,4.48,False,False,47,66,-30.43,-24.52,73,54,16.3,-11.52,False
sz399383,20240927,2253.84,2138.24,True,False,120,111,0.0,-3.23,0,9,18.83,4.48,False
sz000997,20240926,13.93,13.7,True,True,120,120,0.0,0.0,0,0,112.86,112.86,True
sz002363,20240926,5.98,5.87,False,False,118,115,-0.67,-4.43,2,5,41.3,28.6,True
sz399419,20240801,1616.42,1610.66,False,False,81,81,-13.95,-12.63,39,39,20.16,10.68,False
sz000670,20240802,5.28,4.97,False,False,83,84,-20.08,-13.66,37,36,80.87,35.23,True
sz300997,20251014,17.0,16.89,False,False,111,81,-4.24,-18.36,9,39,96.41,18.29,False
sz002951,20251225,16.82,15.38,False,False,4,32,-20.75,-10.92,67,39,15.81,-6.9,False
sz300670,20251124,7.77,7.67,False,False,20,14,-24.2,-23.0,74,80,16.99,-19.56,False
sz300291,20240927,4.57,4.37,True,False,120,86,0.0,-11.24,0,34,53.83,8.97,False
sz001314,20250625,48.23,48.03,False,False,45,48,-11.63,-11.54,75,72,17.75,-7.09,False
sz002583,20240920,4.33,4.02,True,False,120,102,0.0,-20.72,0,18,551.27,176.91,True
sz000090,20240926,3.77,3.76,False,False,112,68,-2.92,-9.15,8,52,20.95,-2.92,False
sz300545,20240829,24.38,23.9,False,False,103,108,-8.24,-4.77,17,12,56.36,37.33,True
sz002219,20240927,2.09,2.03,True,False,120,112,0.0,-8.58,0,8,52.63,19.62,False
sz300612,20240925,13.7,13.5,True,False,120,91,0.0,-11.79,0,29,49.27,7.74,False
sz003037,20251020,8.0,7.96,False,False,35,19,-16.0,-15.4,84,100,12.38,-10.88,False
sz300188,20240923,11.88,11.72,False,False,118,97,-1.77,-7.37,2,23,47.22,19.7,False
sz300873,20250624,19.28,19.24,False,False,119,98,-0.31,-7.37,1,22,37.86,13.47,False
sz300375,20240731,4.23,4.19,False,False,80,72,-10.39,-9.48,40,48,29.29,11.81,False
sz301596,20250804,91.2,90.72,False,False,19,35,-23.99,-17.38,101,85,4.16,-19.79,False
sz001339,20250625,47.3,46.74,False,False,118,90,-0.08,-14.08,2,30,48.56,0.72,False
sz000909,20240801,3.9,3.83,False,False,82,96,-17.44,-12.37,38,24,72.31,40.26,True
sz000722,20240927,9.41,9.25,False,False,88,78,-6.91,-7.64,32,42,50.05,27.1,True
sz002231,20240823,4.51,4.44,False,False,108,105,-10.64,-8.12,12,15,73.84,33.04,True
sz301173,20251024,47.44,47.2,False,False,34,26,-14.73,-14.14,81,89,10.56,-7.78,False
sz300523,20240930,18.98,16.84,False,False,101,92,-8.43,-11.16,19,28,53.27,8.69,False
sz002979,20250624,44.32,43.11,False,False,51,45,-15.77,-15.29,69,75,19.29,-14.62,False
sz300617,20240930,27.56,25.41,False,True,83,120,-6.24,0.0,37,0,29.21,7.48,False
sz000921,20240927,31.13,30.24,False,False,4,65,-18.44,-9.55,116,55,10.09,-10.09,False
sz300815,20260113,24.83,24.44,False,False,22,22,-20.18,-18.47,38,38,5.44,-13.57,False
sz002586,20240924,1.74,1.74,False,False,102,116,-8.05,-4.06,18,4,72.41,70.69,True
sz300313,20240930,7.06,6.21,False,False,5,62,-27.05,-17.01,115,58,8.78,-26.91,False
sz301097,20260408,55.2,54.96,False,False,4,4,-2.72,-2.45,3,3,9.24,7.36,False
sz399652,20240927,2388.48,2197.65,True,True,120,120,0.0,0.0,0,0,48.6,33.36,True
sz002401,20240926,14.88,14.6,False,False,103,100,-8.13,-9.98,17,20,38.84,7.59,False
sz300992,20251015,25.85,25.56,False,False,76,74,-9.28,-10.24,42,44,62.01,29.01,True
sz002166,20240806,7.1,7.05,False,False,86,73,-8.59,-8.5,34,47,21.26,10.28,False
sz001296,20260316,26.03,25.99,False,False,1,1,-11.26,-11.22,21,21,0.46,-2.65,False
sz301310,20260112,42.76,42.25,False,False,8,10,-17.35,-15.39,53,51,32.2,32.2,True
sz000026,20240926,9.0,8.85,True,False,120,112,0.0,-3.85,0,8,23.67,17.33,False
sz002535,20240926,3.39,3.34,True,False,120,117,0.0,-1.47,0,3,44.84,33.33,True
sz300269,20240815,4.0,3.52,False,False,70,89,-31.75,-19.62,50,31,40.75,5.0,False
sz300688,20250624,30.35,29.99,False,False,86,70,-9.03,-12.29,34,50,21.42,-4.42,False
sz300094,20240926,3.09,2.92,True,False,120,86,0.0,-11.34,0,34,70.55,13.59,False
sz000541,20240926,4.81,4.81,True,True,120,120,0.0,0.0,0,0,84.2,42.0,True
sz002052,20240809,1.62,1.61,False,False,114,114,-12.35,-11.22,6,6,334.57,193.83,True
sz002328,20240930,4.89,4.55,False,True,113,120,-5.31,0.0,7,0,42.03,20.77,True
sz000068,20240910,3.18,3.09,False,False,110,95,-6.6,-7.27,10,25,41.19,16.67,False
sz300921,20251013,22.57,22.43,False,False,112,81,-3.85,-6.92,8,39,50.42,12.27,False
sz300280,20241008,21.43,18.09,False,False,10,67,-97.53,-96.57,110,53,11.76,-97.53,False
sz002786,20240919,8.76,8.51,False,False,116,85,-2.51,-11.17,4,35,61.53,9.25,False
sz200029,20240829,2.16,2.15,False,False,110,102,-2.31,-2.46,10,18,49.07,25.0,True
sz300113,20240820,11.31,10.87,False,False,96,107,-12.2,-5.88,24,13,105.83,92.12,True
sz002861,20240809,9.22,9.18,False,False,118,109,-5.21,-15.74,2,11,98.48,88.72,True
sz000791,20240927,5.93,5.89,False,False,64,89,-7.76,-5.55,56,31,12.48,12.48,False
sz300417,20240731,7.95,7.79,False,False,105,110,-8.55,-6.66,15,10,97.36,40.38,True
sz399431,20240815,6420.35,6371.25,False,False,105,105,-6.83,-6.78,15,15,18.31,17.8,False
sz301009,20251015,13.92,13.91,False,False,9,9,-22.7,-18.69,111,111,7.33,-15.52,False
sz300170,20240829,6.39,6.23,False,True,114,120,-2.19,0.0,6,0,293.8,195.4,True
sz300459,20240926,3.75,3.65,True,False,120,119,0.0,-3.48,0,1,107.47,56.8,True
sz002305,20240809,1.68,1.68,False,False,84,72,-13.69,-20.72,36,48,53.57,-2.38,False
sz301373,20251010,32.14,31.62,False,False,88,85,-8.4,-10.53,32,35,157.81,156.94,True
sz300722,20250908,32.87,32.78,False,False,54,31,-8.64,-9.99,66,89,20.11,-5.6,False
sz301520,20251114,43.96,43.87,False,False,34,49,-13.22,-10.38,66,51,5.12,0.73,False
sz399965,20240925,2475.9,2461.14,True,False,120,68,0.0,-6.24,0,52,37.8,8.55,False
sz002662,20240930,3.16,2.91,False,True,105,120,-6.65,0.0,15,0,33.57,19.32,False
sz301047,20260109,72.09,71.3,False,False,43,41,-7.92,-8.3,19,21,13.77,4.38,False
sz399682,20240926,1161.13,1147.91,True,False,120,118,0.0,-1.65,0,2,34.6,19.0,False
sz002969,20250904,3.45,3.44,False,False,118,116,-0.87,-1.14,2,4,867.83,599.13,True
sz300781,20250715,38.0,37.61,False,False,71,60,-15.89,-18.95,49,60,24.97,8.34,False
sz300360,20240927,14.0,13.63,True,True,120,120,0.0,0.0,0,0,27.0,24.36,True
sz300866,20251015,119.98,116.04,False,False,7,19,-22.55,-17.92,113,101,4.92,-6.78,False
sz000952,20240808,5.81,5.51,False,False,50,74,-17.56,-12.41,70,46,16.35,-0.86,False
sz301219,20251125,60.94,60.42,False,False,82,67,-5.61,-15.43,11,26,36.3,36.3,True
sz300054,20240801,21.66,21.59,False,False,81,81,-15.6,-14.37,39,39,41.04,19.71,False
sz003022,20251205,19.17,18.73,False,False,75,60,-4.96,-5.32,10,25,17.48,17.48,False
sz300607,20240930,12.49,11.9,False,False,111,117,-6.0,-1.29,9,3,220.18,136.99,True
sz002092,20240930,4.0,3.94,False,False,108,111,-7.5,-5.2,12,9,21.75,14.0,False
sz002472,20240731,22.27,22.24,False,False,82,83,-17.38,-15.88,38,37,58.29,54.92,True
sz301257,20260327,56.26,54.36,False,True,12,14,-1.42,0.0,2,0,9.99,2.84,False
sz002115,20240927,4.97,4.85,True,True,120,120,0.0,0.0,0,0,119.32,84.71,True
sz300649,20240930,11.47,10.27,False,False,77,89,-14.56,-9.95,43,31,21.71,-2.62,False
sz300284,20240930,8.15,7.3,True,False,120,94,0.0,-14.03,0,26,89.08,17.79,False
sz002242,20240930,11.32,10.56,False,False,7,49,-18.11,-10.17,113,71,4.5,-11.84,False
sz300982,20251031,18.98,18.85,False,False,99,92,-8.85,-10.22,11,18,46.1,18.76,False
sz300079,20240816,4.47,4.43,False,False,97,92,-9.62,-7.77,23,28,50.11,38.48,True
sz301100,20260203,21.3,21.21,False,False,8,9,-16.95,-17.69,37,36,18.03,-12.02,False
sz001286,20260107,9.51,9.47,True,True,65,65,0.0,0.0,0,0,21.14,16.09,False
sz002725,20240927,8.53,8.47,False,False,119,106,-1.41,-20.68,1,14,105.98,15.59,False
sz301429,20251124,19.4,19.29,False,False,63,49,-8.51,-10.78,31,45,12.01,1.96,False
sz300499,20240731,11.59,11.49,False,False,77,80,-21.57,-18.04,43,40,98.88,51.77,True
sz300550,20240802,10.6,10.44,False,False,106,105,-7.17,-6.68,14,15,48.42,31.52,True
sz002596,20240906,1.71,1.69,False,True,118,120,-1.75,0.0,2,0,141.52,112.87,True
sz300303,20240815,4.77,4.74,False,False,106,107,-4.4,-3.34,14,13,70.44,42.98,True
sz003041,20250701,27.72,27.28,False,False,69,72,-22.94,-23.54,51,48,115.87,96.0,True
sz001301,20250721,51.9,51.81,False,False,115,116,-2.66,-2.13,5,4,109.25,67.53,True
sz301087,20250701,32.91,32.89,False,False,119,119,-0.73,-0.64,1,1,39.91,37.82,True
sz002338,20240927,28.81,28.02,True,False,120,118,0.0,-3.07,0,2,81.67,55.99,True
sz300931,20260324,11.95,11.27,False,True,17,18,-0.17,0.0,1,0,12.47,10.21,False
sz301287,20251015,39.42,39.4,False,False,115,78,-3.45,-9.89,5,42,18.04,7.66,False
sz002796,20240807,8.93,8.71,False,False,93,101,-8.4,-6.79,27,19,81.19,41.55,True
sz300103,20240801,4.38,4.18,False,False,115,103,-2.97,-4.82,5,17,110.5,49.54,True
sz000665,20240923,3.66,3.61,True,False,120,104,0.0,-7.14,0,16,106.01,43.99,True
sz002376,20240910,5.38,5.36,False,False,116,107,-1.67,-6.41,4,13,40.49,29.35,True
sz002797,20250709,7.27,7.24,False,False,80,76,-7.02,-9.39,40,44,14.44,-3.99,False
sz300279,20240816,4.59,4.52,False,False,97,101,-8.5,-5.35,23,19,71.68,50.54,True
sz399396,20240927,19819.08,18998.1,False,False,50,81,-9.3,-4.8,70,39,11.28,-1.78,False
sz000498,20240925,5.13,4.99,True,False,120,76,0.0,-3.46,0,44,31.02,10.73,False
sz002611,20240731,6.5,5.98,False,False,65,82,-23.69,-16.82,55,38,137.69,72.15,True
sz300580,20240927,15.33,15.2,False,False,119,119,-1.11,-0.46,1,1,139.4,89.37,True
sz301363,20250724,19.07,18.97,False,False,112,96,-3.57,-4.62,8,24,123.28,69.48,True
sz000828,20240925,8.91,8.78,True,False,120,75,0.0,-4.27,0,45,31.86,8.19,False
sz000055,20240926,3.56,3.56,True,False,120,116,0.0,-2.97,0,4,25.28,12.36,False
sz002021,20240927,1.86,1.81,False,False,117,113,-2.15,-10.23,3,7,83.33,20.97,True
sz000532,20240731,12.4,11.68,False,False,84,82,-16.21,-11.74,36,38,40.4,17.42,False
sz200869,20240927,8.66,8.53,False,False,14,16,-17.08,-10.85,106,104,6.58,-16.04,False
sz002292,20240927,6.15,6.08,False,False,118,119,-2.11,-0.78,2,1,92.52,54.47,True
sz300952,20250624,27.35,26.56,False,False,93,86,-5.96,-9.6,27,34,38.72,22.3,True
sz002508,20240927,20.45,20.41,False,False,88,91,-5.18,-4.48,32,29,14.23,5.67,False
sz300165,20240926,2.87,2.82,False,False,116,57,-2.44,-13.06,4,63,50.87,10.1,False
sz001400,20251209,66.9,64.7,False,False,78,82,-5.47,-2.82,6,2,218.33,218.33,True
sz002639,20240927,5.6,5.52,True,True,120,120,0.0,0.0,0,0,70.71,63.57,True
sz300779,20251015,181.59,177.71,False,False,0,0,-53.52,-38.52,120,120,0.0,-50.91,False
sz300402,20240930,15.2,13.61,False,False,73,100,-10.59,-4.26,47,20,51.97,19.74,False
sz399697,20240927,2501.54,2340.72,True,False,120,117,0.0,-0.94,0,3,43.04,26.4,True
sz000537,20240930,9.64,8.95,False,False,11,53,-17.54,-8.87,109,67,2.59,-12.56,False
sz002859,20240930,20.25,18.7,False,False,72,95,-9.19,-4.28,48,25,11.1,-0.94,False
sz399970,20240927,2616.65,2441.2,True,False,120,118,0.0,-1.47,0,2,41.75,23.85,True
sz002677,20241008,7.9,7.66,False,False,6,71,-16.08,-8.73,114,49,2.53,-6.71,False
sz301535,20251219,20.69,20.22,False,False,55,55,-6.96,-13.97,20,20,45.09,-2.08,False
sz300737,20251105,5.04,5.03,False,False,106,102,-0.4,-2.59,1,5,62.5,25.99,True
sz002310,20240903,1.39,1.37,False,False,95,91,-10.07,-8.02,25,29,84.89,30.94,True
sz301031,20250625,81.08,78.47,False,False,109,114,-5.24,-2.78,11,6,54.03,31.66,True
sz301662,20251224,122.0,121.18,False,False,67,50,-3.06,-9.01,5,22,61.89,35.25,True
sz300081,20240925,5.34,5.05,False,False,119,118,-0.19,-5.87,1,2,94.38,34.46,True
sz002520,20240904,4.49,4.47,False,False,112,114,-10.69,-8.84,8,6,102.67,69.93,True
sz301305,20260324,24.83,23.47,False,False,8,15,-6.52,-1.98,9,2,11.76,10.23,False
sz002793,20240930,4.45,4.13,False,False,28,58,-20.22,-13.95,92,62,9.89,-9.89,False
sz001230,20251020,22.26,21.9,False,False,94,77,-5.88,-8.84,26,43,27.63,27.63,True
sz300461,20240815,17.52,16.34,False,False,104,84,-7.25,-14.92,16,36,41.61,14.21,False
sz301282,20251113,25.75,25.61,False,False,86,83,-8.93,-9.18,16,19,80.18,74.9,True
sz300232,20240924,5.17,5.05,True,False,120,118,0.0,-2.11,0,2,64.98,39.84,True
sz000800,20240731,8.42,8.32,False,False,48,65,-12.59,-10.65,72,55,12.11,-7.24,False
sz399647,20240927,8027.49,7888.55,False,False,78,69,-6.56,-6.15,42,51,23.81,1.31,False
sz301082,20250829,18.86,18.42,False,False,56,50,-10.45,-12.24,64,70,13.2,4.77,False
sz300661,20240927,61.46,56.43,False,False,109,100,-9.35,-11.25,11,20,42.43,10.05,False
sz300306,20240829,9.33,8.92,False,False,105,111,-6.75,-4.89,15,9,52.21,39.13,True
sz300800,20251124,11.74,11.63,False,False,68,56,-6.9,-9.92,26,38,12.44,-0.09,False
sz001283,20250701,57.0,56.06,False,False,119,100,-1.79,-7.23,1,20,54.77,22.28,True
sz002173,20240927,7.07,6.94,False,False,119,118,-4.24,-1.74,1,2,75.95,42.01,True
sz300348,20240731,7.85,7.54,False,False,86,95,-11.21,-7.53,34,25,157.77,59.21,True
sz002888,20250624,17.95,17.71,False,False,118,105,-1.56,-4.78,2,15,27.52,1.34,False
sz301231,20251017,24.71,24.42,True,False,120,100,0.0,-15.32,0,20,105.14,27.48,True
sz002414,20240805,6.84,6.52,False,False,78,67,-16.67,-12.94,42,53,32.6,3.65,False
sz002743,20240926,3.95,3.84,True,False,120,114,0.0,-13.02,0,6,113.67,53.67,True
sz301166,20250924,30.74,30.67,False,False,89,72,-5.86,-9.17,31,48,10.74,0.62,False
sz301252,20250630,24.93,24.58,False,False,118,97,-0.32,-5.59,2,23,32.37,13.36,False
sz002224,20240927,4.04,4.04,True,False,120,115,0.0,-1.38,0,5,23.51,11.88,False
sz000737,20240731,8.93,8.65,False,False,47,36,-16.01,-19.78,73,84,19.6,0.22,False
sz300578,20240814,14.09,13.91,False,False,98,95,-11.21,-7.79,22,25,98.65,51.67,True
sz002097,20240930,6.52,6.3,False,False,110,114,-7.52,-3.52,10,6,37.73,15.64,False
sz000779,20240926,7.44,7.32,False,False,117,107,-2.15,-4.75,3,13,59.81,29.03,True
sz300536,20241024,7.68,7.58,False,False,36,81,-30.99,-20.19,84,39,30.21,28.13,True
sz002772,20240926,6.13,5.98,True,False,120,119,0.0,-0.43,0,1,26.08,12.39,False
sz301157,20250728,50.23,49.47,False,False,96,102,-9.1,-6.04,24,18,13.84,10.13,False
sz002121,20240927,3.98,3.86,False,False,116,109,-1.76,-2.77,4,11,32.91,10.8,False
sz301263,20260120,32.71,32.26,False,False,4,18,-23.91,-18.32,51,37,5.32,-11.49,False
sz000928,20240926,5.52,5.49,True,False,120,108,0.0,-4.79,0,12,28.62,11.77,False
sz002446,20240927,6.05,5.86,False,False,113,82,-4.96,-10.48,7,38,31.9,3.31,False
sz002913,20251203,37.73,36.71,True,False,88,84,0.0,-2.1,0,4,40.95,35.86,True
sz300633,20240930,36.21,35.94,False,False,13,25,-25.43,-17.58,107,95,12.01,-15.08,False
sz003016,20250624,7.49,7.42,False,True,117,120,-0.8,0.0,3,0,70.76,21.5,True
sz300852,20250624,31.48,31.09,False,False,114,103,-1.84,-5.19,6,17,53.72,16.52,False
sz000966,20240930,4.76,4.41,False,False,37,73,-10.3,-4.45,83,47,7.78,-2.52,False
sz300354,20240930,36.28,34.05,False,False,69,107,-14.25,-5.3,51,13,46.96,19.93,False
sz002392,20240926,3.27,3.24,True,True,120,120,0.0,0.0,0,0,63.65,47.74,True
sz000681,20240927,12.19,11.8,False,True,119,120,-0.49,0.0,1,0,154.11,73.61,True
sz001335,20251023,38.82,38.36,False,False,105,82,-3.17,-10.5,11,34,46.06,11.0,False
sz300003,20240930,12.88,12.77,False,False,3,44,-21.74,-11.15,117,76,17.01,-9.94,False
sz002238,20240927,8.15,8.11,False,False,95,94,-12.15,-13.61,25,26,35.09,3.19,False
sz300831,20250703,14.72,14.69,False,False,39,43,-12.52,-11.19,81,77,8.95,-11.57,False
sz002142,20240926,21.4,20.41,True,False,120,115,0.0,-1.12,0,5,25.09,15.05,False
sz000598,20241008,7.21,7.12,False,False,24,26,-13.03,-9.02,96,94,4.3,-4.16,False
sz000882,20240925,1.25,1.22,True,True,120,120,0.0,0.0,0,0,200.0,82.4,True
sz300798,20260121,8.18,8.0,False,False,52,54,-2.44,-0.05,3,1,64.06,42.42,True
sz002276,20240927,7.43,7.36,False,False,113,117,-4.17,-2.25,7,3,164.2,88.16,True
sz301000,20250804,44.98,43.36,False,False,43,39,-20.72,-20.55,77,81,24.57,-7.07,False
sz002625,20240910,18.81,17.61,False,True,118,120,-1.28,0.0,2,0,162.92,117.73,True
sz300882,20250630,17.94,15.31,False,False,79,118,-10.26,-1.36,41,2,36.85,3.62,False
sz300384,20240830,12.66,12.64,False,False,112,114,-2.84,-2.61,8,6,65.46,65.46,True
sz301567,20250905,41.12,40.78,False,False,111,110,-8.07,-8.32,9,10,40.69,13.62,False
sz000651,20240731,33.7,33.19,True,True,120,120,0.0,0.0,0,0,40.99,21.38,True
sz300765,20250918,51.8,49.59,False,False,0,7,-45.95,-36.92,120,113,0.0,-45.64,False
sz399438,20240814,2020.01,2009.2,False,False,43,46,-10.36,-10.18,77,74,5.6,-4.75,False
sz001201,20251110,16.21,16.16,False,False,4,4,-22.83,-16.59,100,100,0.99,-18.45,False
sz300450,20240930,19.29,17.75,False,False,91,111,-11.4,-2.18,29,9,37.11,8.29,False
sz002496,20240930,2.46,2.46,False,False,9,18,-45.12,-37.7,111,102,8.13,-43.5,False
sz301529,20250624,30.94,29.89,False,False,117,115,-2.23,-8.43,3,5,216.22,179.82,True
sz300599,20240813,5.8,5.52,False,False,91,87,-18.28,-12.25,29,33,47.07,22.24,True
sz002192,20240927,34.27,32.04,False,False,46,61,-13.33,-11.91,74,59,19.55,-12.05,False
sz000548,20240731,4.23,4.21,False,False,83,83,-8.51,-7.16,37,37,49.88,22.93,True
sz002826,20240731,8.17,8.16,False,False,93,93,-8.57,-8.97,27,27,61.55,33.9,True
sz300966,20251125,21.61,21.31,False,False,9,13,-13.56,-12.36,84,80,1.43,0.42,False
sz301319,20260408,47.2,45.74,True,True,7,7,0.0,0.0,0,0,44.89,44.89,True
sz300681,20250815,32.02,31.05,False,False,5,49,-25.95,-19.45,115,71,2.56,-18.77,False
sz300260,20240930,24.22,20.72,False,False,105,116,-6.94,-1.81,15,4,66.6,54.38,True
sz200020,20240904,2.36,2.35,False,False,109,92,-4.66,-6.93,11,28,31.78,9.32,False
sz200429,20250923,8.16,8.13,True,False,120,114,0.0,-0.34,0,6,10.78,10.78,False
sz301630,20260116,191.37,183.89,False,False,22,31,-13.46,-10.32,35,26,28.02,15.95,False
sz002572,20240926,14.31,14.31,False,False,114,94,-2.66,-7.05,6,26,33.47,5.87,False
sz300928,20250702,34.45,33.93,False,False,32,33,-14.54,-11.51,88,87,7.2,-8.13,False
sz000061,20240919,5.45,5.31,True,False,120,98,0.0,-6.78,0,22,44.59,13.94,False
sz301357,20260302,148.14,142.84,False,False,0,0,-31.88,-28.41,32,32,0.0,-22.3,False
sz001965,20260309,9.94,9.94,False,False,13,12,-12.27,-12.01,14,15,4.12,-8.25,False
sz300478,20240820,9.04,8.76,False,False,68,84,-24.12,-19.29,52,36,95.69,65.27,True
sz000637,20240926,3.3,3.27,True,False,120,92,0.0,-7.29,0,28,32.42,5.15,False
sz300703,20251105,27.01,26.91,False,False,20,5,-32.03,-30.59,87,102,5.55,-16.85,False
sz002324,20240930,9.18,8.76,False,False,80,101,-16.88,-11.13,40,19,30.06,4.03,False
sz301066,20250624,15.07,14.75,False,False,92,75,-5.38,-9.57,28,45,25.67,21.56,True
sz001229,20250703,32.88,32.86,False,False,104,109,-4.5,-2.5,16,11,30.32,18.19,False
sz000856,20250626,10.62,10.56,False,False,108,72,-8.85,-13.74,12,48,18.93,-5.65,False
sz300265,20240807,7.82,6.72,False,False,63,89,-19.95,-7.12,57,31,17.52,5.75,False
sz301486,20251205,91.85,80.96,True,True,86,86,0.0,0.0,0,0,158.14,89.68,True
sz300436,20240806,17.44,17.32,False,False,119,119,-1.09,-1.63,1,1,108.72,91.06,True
sz399410,20240927,1605.9,1570.93,True,False,120,114,0.0,-2.5,0,6,26.73,13.22,False
sz000679,20240805,3.43,3.31,False,False,87,98,-21.28,-16.8,33,22,147.23,83.97,True
sz002539,20240926,7.37,7.23,False,False,115,102,-3.53,-3.53,5,18,16.96,3.66,False
sz301028,20250624,11.97,11.55,False,False,116,116,-1.5,-1.97,4,4,28.91,22.14,True
sz002197,20241017,4.12,4.08,False,False,98,101,-9.71,-6.26,22,19,54.61,16.26,False
sz300151,20240731,15.6,15.03,False,False,83,70,-15.84,-13.57,37,50,45.14,2.5,False
sz300206,20240911,8.94,8.88,False,False,114,118,-2.8,-1.19,6,2,54.9,39.14,True
sz300132,20240808,3.82,3.77,False,False,89,91,-8.12,-7.14,31,29,55.5,38.74,True
sz301618,20250630,59.65,58.88,False,False,38,48,-18.34,-15.51,82,72,8.97,-18.34,False
sz301331,20260206,31.3,30.83,False,False,0,0,-22.36,-17.38,42,42,0.0,-15.69,False
sz002988,20251020,41.59,40.77,False,False,2,3,-32.22,-26.48,117,116,0.55,-18.01,False
sz002514,20240902,5.29,5.05,False,False,94,104,-22.12,-14.56,26,16,93.76,44.23,True
sz300248,20240903,6.77,6.77,False,False,113,113,-3.99,-2.5,7,7,146.23,133.38,True
sz200521,20250506,4.03,4.02,False,False,118,114,-0.25,-6.01,2,6,19.01,3.11,False
sz002620,20240926,2.79,2.77,True,False,120,104,0.0,-11.38,0,16,60.93,27.6,True
sz002073,20240927,7.4,7.24,False,True,119,120,-0.54,0.0,1,0,36.35,20.41,True
sz300454,20250624,89.88,88.38,False,False,113,112,-2.3,-4.32,7,8,49.08,25.17,True
sz000560,20240830,2.5,2.38,False,False,111,93,-4.81,-8.67,9,27,62.9,44.87,True
sz002420,20240923,5.11,4.98,False,False,118,103,-1.96,-8.67,2,17,42.86,24.27,True
sz300181,20240930,14.86,13.79,False,False,71,83,-9.49,-7.6,49,37,15.82,7.13,False
sz000900,20240925,3.58,3.56,True,False,120,102,0.0,-2.72,0,18,30.17,12.85,False
sz300332,20240930,6.0,5.4,False,False,30,59,-21.33,-14.29,90,61,16.33,-17.83,False
sz399994,20240927,1262.04,1174.98,True,True,120,120,0.0,0.0,0,0,52.87,32.58,True
sz300006,20240909,2.76,2.64,False,False,117,76,-4.35,-12.9,3,44,127.9,36.96,True
sz300655,20240927,7.28,7.04,True,False,120,85,0.0,-14.32,0,35,73.81,16.63,False
sz002109,20241028,3.17,3.07,False,False,98,104,-10.41,-13.69,22,16,20.5,3.47,False
sz399673,20240926,1686.83,1645.24,True,False,120,113,0.0,-4.87,0,7,51.62,23.17,True
sz002958,20260209,3.22,3.22,False,False,1,2,-9.01,-7.44,40,39,0.0,-7.14,False
sz300857,20250812,85.66,80.19,True,True,120,120,0.0,0.0,0,0,170.46,133.54,True
sz300298,20240806,23.6,23.21,False,False,85,78,-6.4,-11.89,35,42,38.09,-0.59,False
sz300679,20250819,48.93,48.73,False,False,62,62,-16.47,-17.56,58,58,21.5,-14.98,False
sz301228,20251106,28.12,27.55,False,False,106,106,-6.69,-4.73,1,1,105.94,102.63,True
sz002739,20240930,12.49,11.97,False,False,22,75,-16.97,-11.89,98,45,9.69,-6.89,False
sz002916,20260401,231.0,226.36,False,False,8,8,-7.89,-6.06,3,3,23.71,22.54,True
sz000099,20240927,17.09,17.08,False,False,119,111,-2.81,-6.61,1,9,92.56,36.98,True
sz300819,20250905,25.12,25.02,False,False,88,90,-8.88,-7.96,32,30,138.93,103.46,True
sz002210,20240806,1.54,1.54,False,False,90,92,-9.09,-8.81,30,28,87.01,47.4,True
sz301152,20250924,27.06,26.44,False,False,116,74,-3.95,-16.46,4,46,58.17,4.47,False
sz002777,20240927,15.46,15.23,False,False,119,94,-1.03,-9.56,1,26,54.59,15.39,False
sz300148,20240815,3.01,2.72,False,False,92,110,-17.28,-7.43,28,10,70.76,41.86,True
sz002614,20240927,5.89,5.78,False,False,119,118,-0.51,-3.28,1,2,40.92,24.79,True
sz000554,20240927,5.22,5.1,True,False,120,108,0.0,-1.87,0,12,27.18,17.99,False
sz002047,20240927,1.75,1.67,True,False,120,105,0.0,-15.66,0,15,107.43,30.29,True
sz002373,20240930,9.43,8.79,False,False,90,93,-12.94,-11.69,30,27,19.62,-1.8,False
sz399409,20240927,3731.02,3554.59,True,True,120,120,0.0,0.0,0,0,45.05,34.21,True
sz301556,20250703,91.66,89.2,False,False,115,65,-3.4,-5.87,5,55,39.38,7.77,False
sz000987,20240924,5.21,4.94,True,False,120,87,0.0,-8.82,0,33,68.7,19.0,False
sz399393,20240924,2669.22,2667.98,True,False,120,82,0.0,-5.41,0,38,43.68,16.66,False
sz300106,20240823,7.0,6.5,False,False,106,91,-11.71,-6.04,14,29,79.86,45.0,True
sz002009,20240930,12.78,11.83,False,False,101,116,-9.15,-1.83,19,4,46.79,15.26,False
sz301518,20260408,39.99,39.07,True,True,7,7,0.0,0.0,0,0,6.2,5.03,False
sz002817,20240927,5.69,5.58,False,True,119,120,-0.18,0.0,1,0,25.12,17.34,False
sz300251,20240930,8.7,7.96,False,False,84,113,-12.3,-3.52,36,7,296.86,140.67,True
sz002297,20240731,6.37,6.31,False,False,76,68,-15.07,-14.62,44,52,20.57,-1.57,False
sz002991,20251110,59.68,58.27,False,False,40,55,-18.25,-15.11,64,49,5.95,-16.64,False
sz301328,20250627,41.82,41.37,False,False,103,84,-3.97,-9.91,17,36,21.95,2.99,False
sz300957,20251009,45.81,45.12,False,False,20,26,-19.08,-13.93,100,94,6.36,-18.03,False
sz000863,20240926,3.62,3.46,False,False,108,93,-4.97,-7.47,12,27,43.92,-0.83,False
sz300398,20240731,12.3,12.0,False,False,81,82,-15.86,-13.48,39,38,58.48,28.06,True
sz301601,20250718,34.89,34.44,False,False,19,23,-20.35,-15.15,101,97,2.49,-17.14,False
sz002024,20240919,1.38,1.37,True,True,120,120,0.0,0.0,0,0,71.01,62.32,True
sz200011,20240802,3.64,3.61,False,False,81,67,-7.42,-9.72,39,53,15.93,-5.22,False
sz301366,20250725,37.7,37.09,False,False,66,62,-10.48,-12.14,54,58,18.57,3.1,False
sz300585,20240813,12.26,11.99,False,False,100,101,-12.64,-10.51,20,19,36.22,32.79,True
sz000603,20240930,12.98,12.15,False,False,75,114,-9.55,-7.72,45,6,26.35,9.63,False
sz002543,20240930,10.03,9.36,False,False,69,115,-11.58,-4.81,51,5,28.29,16.53,False
sz399239,20240925,1222.2,1213.78,True,True,120,120,0.0,0.0,0,0,77.11,55.02,True
sz300919,20250718,33.46,33.45,False,False,119,115,-0.39,-1.86,1,5,70.81,55.06,True
sz000050,20240927,7.37,7.27,False,False,119,111,-0.27,-6.99,1,9,35.69,11.94,False
sz000403,20250317,16.65,16.44,False,False,94,110,-2.68,-1.54,26,10,16.45,7.17,False
sz002110,20240926,3.31,3.14,False,False,79,108,-10.27,-5.95,41,12,32.63,16.31,False
sz002922,20250724,16.92,16.83,False,False,114,114,-4.37,-3.64,6,6,147.87,139.66,True
sz000919,20240806,6.5,6.48,False,False,59,70,-14.62,-13.2,61,50,14.77,1.54,False
sz301128,20250703,49.29,48.89,False,False,116,114,-2.29,-1.63,4,6,139.36,108.36,True
sz300198,20240925,1.44,1.39,True,False,120,90,0.0,-9.32,0,30,119.44,106.94,True
sz300051,20240927,7.88,7.41,False,False,50,55,-21.57,-19.92,70,65,26.9,-20.94,False
sz003027,20251215,19.67,19.6,False,False,75,63,-2.59,-8.62,4,16,24.66,16.62,False
sz300602,20240821,15.06,14.96,False,False,102,104,-8.76,-6.76,18,16,59.69,59.69,True
sz001367,20251031,23.88,23.76,False,False,39,40,-15.28,-13.14,72,71,14.74,6.41,False
sz300784,20250721,54.83,54.27,False,False,38,51,-10.83,-9.54,82,69,9.17,-3.61,False
sz301586,20250901,54.07,53.7,False,False,3,28,-16.94,-15.62,117,92,1.35,-8.77,False
sz300365,20240830,5.23,5.09,False,False,103,99,-13.0,-8.91,17,21,42.64,30.21,True
sz002439,20240930,17.19,16.03,False,False,55,98,-19.55,-11.09,65,22,16.23,-4.25,False
sz300863,20260324,50.98,50.72,False,False,15,15,-2.04,-3.05,2,2,17.91,17.14,False
sz000957,20240927,10.0,9.9,False,False,116,91,-2.5,-5.65,4,29,30.5,15.0,False
sz300032,20240815,3.73,3.64,False,False,94,85,-16.35,-12.57,26,35,78.82,25.74,True
sz002209,20240806,8.37,8.15,False,False,84,84,-12.19,-9.61,36,36,34.78,24.98,True
sz300555,20240805,6.09,6.05,False,False,105,106,-4.76,-3.99,15,14,56.65,39.57,True
sz002593,20240930,3.13,2.89,False,False,103,119,-7.67,-0.41,17,1,188.5,52.08,True
sz300281,20240910,4.57,4.53,False,False,111,95,-7.44,-7.5,9,25,52.52,40.26,True
sz002247,20240801,1.46,1.45,False,False,110,111,-3.42,-2.55,10,9,141.78,80.82,True
sz002941,20250625,11.17,11.07,False,False,110,118,-1.52,-0.45,10,2,84.33,43.51,True
sz300987,20251104,18.61,18.4,False,False,32,31,-13.16,-12.96,76,77,43.74,-6.02,False
sz000698,20240930,3.25,3.13,False,False,95,93,-8.62,-3.86,25,27,24.31,3.38,False
sz000751,20240927,2.81,2.77,False,False,106,89,-3.56,-3.37,14,31,19.22,4.63,False
sz301234,20251210,43.91,40.08,False,False,8,21,-20.61,-16.11,74,61,8.52,-10.7,False
sz300117,20241022,1.43,1.33,False,False,29,29,-69.93,-65.35,78,78,67.13,-69.93,False
sz002176,20240930,8.6,8.22,False,False,19,68,-19.77,-9.5,101,52,8.72,-12.33,False
sz300805,20250630,11.0,10.83,False,False,104,90,-7.18,-11.59,16,30,25.45,-3.64,False
sz000931,20240806,4.11,4.08,False,False,89,80,-7.79,-6.25,31,40,36.74,18.0,False
sz399642,20240927,1541.24,1454.06,True,True,120,120,0.0,0.0,0,0,23.56,14.88,False
sz002138,20240927,25.56,24.85,True,False,120,112,0.0,-3.93,0,8,26.21,13.25,False
sz300037,20240830,32.12,31.8,False,False,105,77,-9.87,-12.39,15,43,41.97,9.68,False
sz300533,20240930,17.05,14.69,False,False,108,119,-12.02,-0.18,12,1,58.71,45.1,True
sz000581,20240731,15.79,15.46,False,False,82,83,-8.23,-6.64,38,37,19.26,8.82,False
sz002708,20240930,8.16,7.7,False,False,113,117,-9.8,-4.13,7,3,72.67,58.21,True
sz002221,20240926,8.72,8.59,False,False,116,117,-2.64,-1.11,4,3,21.67,9.52,False
sz300828,20250912,16.61,16.56,False,False,61,59,-8.85,-10.02,59,61,59.48,19.08,False
sz002927,20250627,14.19,14.05,True,False,120,113,0.0,-1.13,0,7,49.61,36.22,True
sz002746,20240927,5.5,5.46,False,False,88,78,-5.09,-5.48,32,42,15.64,4.91,False
sz301163,20251124,27.42,27.38,False,False,71,60,-6.78,-8.25,23,34,20.82,13.35,False
sz002546,20240927,3.34,3.23,True,True,120,120,0.0,0.0,0,0,53.59,41.92,True
sz002315,20240927,26.15,25.91,True,True,120,120,0.0,0.0,0,0,98.66,60.84,True
sz300449,20240813,4.41,4.39,True,True,120,120,0.0,0.0,0,0,108.62,105.22,True
sz399692,20240927,2839.86,2761.36,True,True,120,120,0.0,0.0,0,0,30.57,20.09,True
sz301057,20260408,32.59,31.99,False,False,0,3,-3.56,-2.42,7,4,0.0,-1.41,False
sz399975,20240924,618.55,591.98,True,False,120,107,0.0,-4.17,0,13,55.88,27.05,True
sz002672,20240927,3.92,3.88,False,False,116,69,-2.3,-9.63,4,51,35.2,4.08,False
sz300407,20240828,7.49,7.47,False,False,119,109,-1.74,-5.61,1,11,85.84,43.65,True
sz300254,20240805,8.68,8.52,False,False,69,68,-13.48,-12.42,51,52,20.39,5.3,False
sz300160,20240927,4.81,4.75,True,False,120,96,0.0,-4.13,0,24,29.11,11.85,False
sz001256,20250627,21.64,21.39,False,False,99,50,-6.42,-10.09,21,70,15.3,-4.53,False
sz002812,20240930,34.21,33.06,False,False,42,70,-15.52,-9.8,78,50,21.86,-8.83,False
sz301019,20250624,16.17,16.02,False,False,118,119,-0.99,-0.46,2,1,83.48,46.87,True
sz300464,20240819,3.9,3.87,False,False,102,102,-14.36,-12.79,18,18,92.82,40.0,True
sz300237,20240805,1.31,1.31,False,False,101,105,-3.82,-3.39,19,15,129.01,61.83,True
sz000078,20240806,2.42,2.35,False,False,80,70,-12.4,-8.75,40,50,30.58,4.96,False
sz002871,20240913,8.12,7.84,False,False,113,110,-6.16,-3.75,7,10,24.76,24.51,True
sz301629,20250916,164.18,160.72,False,True,119,120,-0.96,0.0,1,0,112.57,55.01,True
sz300698,20251028,44.05,43.59,False,False,25,23,-25.36,-23.31,88,90,8.22,-16.82,False
sz000036,20240731,3.05,3.04,False,False,89,78,-8.85,-8.14,31,42,103.28,29.51,True
sz301300,20251020,39.01,37.27,False,False,117,99,-0.44,-9.4,2,20,31.38,13.61,False
sz300751,20250813,76.37,75.94,False,False,119,119,-1.61,-0.87,1,1,374.65,319.75,True
sz002042,20241008,3.84,3.68,False,False,101,108,-15.88,-10.84,19,12,93.44,60.37,True
sz000551,20240826,7.5,7.48,False,False,101,99,-7.67,-7.46,19,21,54.0,41.44,True
sz300084,20240927,5.55,5.39,False,False,105,80,-8.11,-9.81,15,40,87.75,41.8,True
sz300455,20240927,11.66,11.09,True,False,120,91,0.0,-7.96,0,29,38.52,13.81,False
sz002493,20240930,10.26,9.58,False,False,1,37,-17.94,-7.58,119,83,1.66,-16.87,False
sz300900,20250825,21.8,21.6,False,False,52,54,-22.71,-18.1,68,66,103.67,83.58,True
sz002309,20240820,1.88,1.8,False,True,115,120,-4.79,0.0,5,0,50.0,32.45,True
sz002840,20241128,13.57,13.57,False,False,9,21,-24.61,-14.33,111,99,6.56,-19.45,False
sz301182,20250624,35.71,35.14,False,False,99,94,-11.15,-13.26,21,26,20.69,8.85,False
sz300887,20251015,8.13,8.08,False,False,105,89,-5.04,-8.38,15,31,96.43,22.51,True
sz000007,20240815,4.63,4.58,False,False,110,111,-9.29,-8.47,10,9,74.95,41.9,True
sz300381,20240730,6.24,5.83,False,False,86,81,-11.69,-9.69,34,39,38.13,11.21,False
sz300760,20250724,229.41,228.47,False,False,42,50,-16.98,-14.68,78,70,7.62,-14.13,False
sz002347,20240806,4.34,4.2,False,False,82,85,-20.74,-17.48,38,35,178.57,77.42,True
sz000333,20240731,59.79,59.16,False,False,98,99,-6.42,-5.77,22,21,27.48,16.93,False
sz002577,20240815,13.56,12.81,False,False,97,111,-11.36,-4.93,23,9,89.45,80.16,True
sz000819,20240809,15.86,15.49,False,False,78,77,-6.05,-9.34,42,43,30.01,-1.77,False
sz200025,20240731,3.46,3.42,False,False,82,88,-4.04,-3.2,38,32,56.04,28.6,True
sz002010,20240926,3.86,3.84,True,False,120,110,0.0,-3.99,0,10,47.14,33.67,True
sz000503,20240920,7.58,7.57,False,False,119,99,-1.32,-11.3,1,21,120.58,41.03,True
sz002643,20240930,10.27,9.88,False,False,92,111,-7.59,-3.07,28,9,32.04,7.79,False
sz300963,20250905,18.61,18.11,False,False,101,63,-4.35,-16.24,19,57,41.75,13.49,False
sz399243,20240926,1106.2,1102.85,True,False,120,100,0.0,-5.08,0,20,40.21,19.99,False
sz300684,20250703,24.91,24.01,False,True,119,120,-1.69,0.0,1,0,112.53,106.14,True
sz002823,20240924,11.83,11.58,False,False,119,112,-0.59,-5.1,1,8,40.47,28.57,True
sz300098,20240905,3.88,3.84,False,False,110,101,-9.54,-8.37,10,19,90.98,56.7,True
sz002891,20251110,60.46,58.71,False,False,0,5,-41.27,-32.1,104,99,0.0,-30.85,False
sz000963,20240819,29.35,29.2,False,False,95,92,-11.31,-9.16,25,28,29.64,16.93,False
sz300351,20240930,17.74,15.44,False,False,74,112,-9.3,-3.6,46,8,15.05,-1.92,False
sz300502,20240910,65.83,65.04,False,False,118,90,-0.88,-23.33,2,30,68.74,3.31,False
sz002397,20240927,2.24,2.15,False,True,117,120,-0.89,0.0,3,0,86.61,74.55,True
sz300636,20240930,9.19,9.09,False,False,1,15,-18.06,-10.45,119,105,10.88,-13.28,False
sz003013,20251128,15.13,15.11,False,False,4,3,-14.94,-13.21,86,87,0.79,-12.62,False
sz300065,20240924,6.67,6.59,True,False,120,116,0.0,-6.34,0,4,209.15,107.95,True
sz000703,20240930,6.96,6.68,False,False,1,13,-15.51,-7.79,119,107,3.02,-14.21,False
sz301266,20250630,33.43,33.11,False,False,119,113,-0.54,-4.87,1,7,20.31,9.75,False
sz300485,20240926,6.82,6.82,False,False,107,62,-4.11,-9.43,13,58,30.65,6.89,False
sz002443,20240927,5.49,5.37,False,False,113,90,-1.64,-4.01,7,30,20.94,8.01,False
sz002124,20241008,2.39,2.39,False,False,118,100,-5.02,-4.57,2,20,47.7,25.94,True
sz000887,20240731,11.93,11.71,False,False,82,74,-12.74,-12.07,38,46,22.21,16.26,False
sz002975,20250624,32.77,32.55,True,True,120,120,0.0,0.0,0,0,153.25,128.08,True
sz002273,20240913,15.72,15.71,False,False,116,116,-5.15,-5.14,4,4,71.22,50.24,True
sz301205,20251020,89.91,89.1,True,True,120,120,0.0,0.0,0,0,217.6,211.99,True
sz300654,20250717,10.91,10.76,False,False,34,44,-15.86,-12.76,86,76,13.75,5.32,False
sz301456,20250624,24.01,23.64,False,False,118,116,-1.0,-2.03,2,4,54.94,16.58,False
sz399813,20240926,4335.97,4318.15,True,True,120,120,0.0,0.0,0,0,55.96,42.71,True
sz002714,20240731,41.42,40.89,False,False,22,25,-19.53,-19.33,98,95,6.25,-13.73,False
sz301131,20251021,48.12,47.32,False,False,44,41,-20.28,-18.87,74,77,5.24,-11.68,False
sz300048,20240927,4.82,4.73,False,False,116,107,-2.7,-3.98,4,13,26.35,15.15,False
sz301382,20250625,29.76,29.67,False,False,113,95,-2.75,-5.75,7,25,31.72,10.69,False
sz300561,20240731,8.76,8.67,False,False,94,95,-14.03,-11.77,26,25,637.54,465.26,True
sz300834,20251021,22.65,22.57,False,False,98,88,-6.05,-7.49,21,31,106.27,97.31,True
sz301418,20251021,36.29,36.28,False,False,107,77,-4.0,-8.5,11,41,13.83,9.67,False
sz001330,20250624,5.04,5.0,False,False,79,100,-8.93,-4.98,41,20,164.88,95.04,True
sz002693,20240805,5.28,5.15,False,False,104,82,-12.88,-23.11,16,38,626.7,191.29,True
sz002696,20240927,4.31,4.21,True,False,120,117,0.0,-2.72,0,3,39.21,20.19,True
sz399991,20240927,2035.84,1983.67,False,False,72,74,-3.43,-3.89,48,46,13.19,-1.67,False
sz300650,20240801,9.74,9.71,False,False,82,81,-13.24,-12.79,38,39,39.43,21.66,True
sz399676,20240927,2771.44,2698.62,True,False,120,104,0.0,-3.29,0,16,22.86,14.73,False
sz000905,20240927,5.87,5.73,True,True,120,120,0.0,0.0,0,0,46.07,29.03,True
sz301387,20251015,39.46,39.22,False,False,99,97,-5.25,-6.03,21,23,66.75,55.17,True
sz300337,20240815,7.06,7.05,True,False,120,95,0.0,-11.75,0,25,189.8,72.38,True
sz399638,20240925,4352.5,4345.47,True,True,120,120,0.0,0.0,0,0,41.04,23.59,True
sz300184,20240801,4.84,4.83,False,False,111,107,-8.06,-8.29,9,13,177.89,95.45,True
sz002425,20240819,3.19,3.03,False,False,1,13,-37.93,-28.17,119,107,0.94,-26.65,False
sz002970,20250630,49.0,48.73,False,False,33,45,-12.61,-9.31,87,75,4.55,0.12,False
sz399008,20240927,1164.08,1104.5,True,True,120,120,0.0,0.0,0,0,19.85,13.81,False
sz001318,20250624,12.48,12.44,True,False,120,115,0.0,-0.52,0,5,45.35,34.7,True
sz300549,20240927,14.27,13.98,True,False,120,118,0.0,-4.89,0,2,54.66,31.46,True
sz000155,20240927,10.37,10.17,False,False,119,102,-0.29,-2.86,1,18,25.46,9.64,False
sz002215,20240919,7.45,7.22,False,False,118,104,-0.4,-9.34,2,16,56.38,23.22,True
sz300480,20240930,14.99,14.56,False,False,55,83,-20.88,-13.43,65,37,15.88,-4.74,False
sz301119,20250708,34.93,34.8,False,False,114,89,-1.77,-7.95,6,31,50.84,50.84,True
sz001356,20250805,14.95,14.91,False,False,19,16,-16.19,-11.41,101,104,5.22,-15.79,False
sz300507,20240926,5.33,5.3,True,False,120,113,0.0,-4.97,0,7,81.05,44.65,True
sz002408,20240731,5.22,5.11,False,False,37,43,-15.32,-14.95,83,77,11.49,-7.87,False
sz002608,20240930,7.96,7.45,False,False,1,79,-11.93,-4.15,119,41,3.64,-3.77,False
sz300154,20240927,5.26,5.12,True,True,120,120,0.0,0.0,0,0,146.39,102.28,True
sz300433,20240924,15.56,15.5,True,True,120,120,0.0,0.0,0,0,88.81,62.97,True
sz399415,20240926,5523.92,5420.28,False,False,117,116,-0.4,-1.16,3,4,14.85,6.89,False
sz300748,20251217,33.05,32.86,False,False,55,43,-11.2,-19.08,22,34,24.54,-0.15,False
sz002646,20240927,10.42,10.33,False,False,45,49,-13.25,-11.0,75,71,17.47,-11.52,False
sz000506,20241023,2.04,1.91,True,True,120,120,0.0,0.0,0,0,230.39,230.39,True
sz002868,20240930,15.28,14.11,False,False,100,109,-8.9,-8.73,20,11,30.69,-2.95,False
sz002015,20240930,8.35,8.09,False,False,9,74,-16.04,-7.16,111,46,5.87,-10.3,False
sz301063,20250905,26.96,26.52,False,False,25,40,-15.43,-14.89,95,80,15.32,0.48,False
sz000632,20240925,2.92,2.87,True,False,120,95,0.0,-8.89,0,25,60.96,15.41,False
sz300706,20251208,37.4,36.31,False,False,40,25,-16.15,-18.7,44,59,25.37,0.83,False
sz002321,20240905,1.69,1.66,True,True,120,120,0.0,0.0,0,0,102.37,47.34,True
sz300179,20240927,7.0,6.85,True,False,120,118,0.0,-2.73,0,2,96.99,34.71,True
sz002076,20240926,1.71,1.67,True,True,120,120,0.0,0.0,0,0,152.05,95.91,True
sz000565,20240920,4.36,4.26,False,False,119,116,-0.46,-2.81,1,4,45.46,22.04,True
sz002342,20240926,3.12,3.09,False,False,117,80,-0.64,-6.45,3,40,113.14,91.99,True
sz002511,20240930,7.89,7.29,False,False,1,38,-20.03,-8.68,119,82,2.03,-18.13,False
sz000002,20240925,7.31,7.24,False,False,96,59,-9.3,-15.12,24,61,42.0,-2.6,False
sz000798,20240808,6.57,6.57,False,False,89,74,-7.46,-5.59,31,46,32.57,7.0,False
sz301187,20250624,26.72,25.97,False,False,71,70,-15.46,-19.2,49,50,34.54,-3.26,False
sz300137,20240930,4.78,4.53,True,True,120,120,0.0,0.0,0,0,45.4,34.31,True
sz002845,20240930,13.39,12.58,False,False,113,111,-7.02,-4.46,7,9,35.02,12.62,False
sz002038,20240930,7.9,7.41,False,False,7,66,-16.46,-9.48,113,54,4.18,-13.67,False
sz300905,20251119,33.59,32.88,False,False,43,40,-11.76,-13.47,54,57,65.47,65.47,True
sz000831,20240927,25.74,25.23,False,True,117,120,-2.56,0.0,3,0,43.86,23.78,True
sz300203,20240731,11.87,11.81,False,False,81,75,-13.06,-11.33,39,45,73.13,43.39,True
sz300648,20240911,18.39,18.23,False,False,113,103,-6.91,-6.05,7,17,65.31,48.23,True
sz399989,20240927,6443.84,6133.55,False,False,100,100,-5.65,-4.82,20,20,26.9,7.36,False
sz002114,20240920,4.84,4.81,True,True,120,120,0.0,0.0,0,0,77.48,48.76,True
sz000407,20240925,2.75,2.75,True,False,120,118,0.0,-0.25,0,2,40.03,18.56,False
sz301256,20250806,11.04,10.48,False,False,80,85,-7.88,-8.76,40,35,70.47,36.5,True
sz300829,20250808,18.37,17.94,False,False,55,55,-10.94,-9.86,65,65,10.94,0.16,False
sz300055,20240926,4.3,4.28,True,False,120,101,0.0,-7.96,0,19,38.1,16.96,False
sz002709,20240930,18.37,17.48,False,False,91,97,-15.19,-8.57,29,23,35.33,1.47,False
sz300867,20250908,17.37,17.36,False,False,111,81,-2.13,-4.93,9,39,42.37,10.65,False
sz000953,20240731,3.33,3.16,False,False,110,119,-3.9,-0.1,10,1,101.2,59.76,True
sz301086,20250709,45.79,45.72,False,False,116,118,-0.48,-0.3,4,2,153.55,151.39,True
sz001300,20260324,16.88,16.05,False,False,4,12,-10.13,-6.33,13,5,9.48,9.48,False
sz300036,20240927,15.24,14.28,False,False,119,89,-1.18,-11.46,1,31,40.88,4.4,False
sz002597,20240731,19.75,19.43,False,False,107,108,-8.51,-8.52,13,12,26.94,18.23,False
sz300551,20240920,7.8,7.52,False,False,119,71,-2.18,-19.34,1,49,123.21,22.69,True
sz301428,20250624,39.99,39.98,False,False,42,31,-18.93,-14.46,78,89,7.23,-18.93,False
sz300804,20260209,43.19,38.06,False,True,41,42,-1.46,0.0,1,0,24.33,12.32,False
sz000930,20240930,5.79,5.42,False,False,48,77,-12.26,-6.51,72,43,8.98,-5.18,False
sz002724,20240927,4.7,4.65,False,False,117,90,-0.85,-5.26,3,30,97.45,29.15,True
sz301101,20250820,49.09,48.53,False,False,3,21,-21.47,-15.9,117,99,1.87,-17.7,False
sz300078,20240802,2.9,2.79,False,False,65,65,-21.03,-16.19,55,55,45.17,3.79,False
sz002945,20250625,14.68,14.62,False,False,102,83,-3.54,-9.78,18,37,20.03,-3.41,False
sz000750,20240906,3.15,3.04,False,False,112,96,-7.31,-5.55,8,24,74.65,28.59,True
sz300664,20251010,5.39,5.3,False,False,109,94,-2.23,-7.44,11,26,17.81,15.58,False
sz301235,20251125,30.06,29.62,False,False,87,90,-3.83,-3.44,7,4,82.57,72.12,True
sz002243,20240918,5.76,5.7,True,True,120,120,0.0,0.0,0,0,82.64,52.43,True
sz301035,20260120,78.6,72.65,False,False,36,49,-8.27,-4.63,19,6,7.1,-2.75,False
sz200625,20240927,3.36,3.28,False,False,26,83,-8.03,-5.23,94,37,6.54,-0.89,False
sz399397,20240927,1731.66,1630.88,True,True,120,120,0.0,0.0,0,0,27.24,17.17,False
sz000983,20240930,9.3,8.82,False,False,0,7,-30.52,-16.07,120,113,0.0,-27.09,False
sz301552,20250630,38.26,37.08,False,False,79,75,-6.33,-9.02,41,45,14.87,-1.39,False
sz000037,20240930,8.74,8.5,False,False,39,60,-15.45,-9.93,81,60,12.81,-5.03,False
sz002377,20240930,2.14,1.96,False,False,116,102,-7.48,-9.92,4,18,76.17,26.17,True
sz301628,20250626,88.39,85.87,False,False,79,95,-11.77,-9.53,41,25,14.19,0.1,False
sz001234,20260206,27.98,27.96,False,False,21,17,-14.08,-14.6,21,25,8.83,-0.68,False
sz300465,20240819,8.24,7.38,False,False,96,118,-12.74,-0.95,24,2,173.67,145.15,True
sz300236,20240730,32.16,31.95,False,False,81,77,-17.47,-14.81,39,43,40.67,15.11,False
sz002339,20240923,5.98,5.94,True,False,120,118,0.0,-1.15,0,2,61.54,23.24,True
sz002813,20240930,27.25,27.11,False,False,24,30,-21.28,-18.82,96,90,10.83,-16.04,False
sz301018,20250714,39.3,39.25,False,False,118,99,-0.76,-8.75,2,21,105.34,72.95,True
sz300255,20240912,10.42,10.22,False,False,114,117,-4.32,-1.82,6,3,131.19,92.8,True
sz301056,20251222,11.68,11.35,True,False,75,74,0.0,-2.95,0,1,52.48,35.45,True
sz002020,20240802,10.33,10.3,False,False,116,109,-2.52,-2.92,4,11,29.63,17.52,False
sz000829,20240801,8.43,8.28,False,False,106,90,-6.17,-11.72,14,30,87.9,22.18,True
sz002547,20240902,3.19,3.15,False,False,105,107,-19.75,-14.8,15,13,103.45,56.43,True
sz300581,20240801,8.18,7.91,False,False,83,80,-14.43,-12.03,37,40,94.25,22.37,True
sz002311,20240930,46.72,43.32,False,False,68,113,-15.05,-8.42,52,7,9.72,4.41,False
sz399971,20240927,999.42,947.69,True,True,120,120,0.0,0.0,0,0,36.91,21.91,True
sz002676,20240731,4.28,4.25,False,False,83,83,-10.28,-11.81,37,37,65.65,39.95,True
sz002025,20240823,43.52,43.0,False,False,116,84,-1.03,-15.26,4,36,45.98,21.81,True
sz399696,20240927,2250.07,2160.34,True,False,120,116,0.0,-2.12,0,4,33.35,18.69,False
sz300403,20240927,6.91,6.63,True,True,120,120,0.0,0.0,0,0,205.21,131.11,True
sz300778,20250904,13.43,13.32,False,False,71,34,-7.52,-13.29,49,86,18.02,1.86,False
sz002990,20250908,29.64,29.58,False,False,36,33,-14.34,-12.38,84,87,11.2,-11.2,False
sz300399,20240731,10.74,9.55,False,True,102,120,-9.68,0.0,18,0,225.88,106.24,True
sz002638,20240920,1.78,1.76,True,False,120,104,0.0,-8.55,0,16,87.64,29.21,True
sz300935,20260416,32.64,32.27,True,True,1,1,0.0,0.0,0,0,1.93,1.93,False
sz000801,20240801,10.99,10.76,False,False,76,78,-27.57,-25.39,44,42,94.09,28.57,True
sz300233,20241008,15.14,14.1,False,False,17,60,-27.09,-11.92,103,60,42.41,36.72,True
sz000032,20240927,15.62,14.58,False,False,117,109,-2.3,-4.71,3,11,107.3,42.0,True
sz002521,20240930,11.6,10.8,False,False,1,20,-26.9,-14.7,119,100,4.22,-20.6,False
sz399001,20240926,8916.65,8897.31,True,False,120,119,0.0,-0.78,0,1,28.92,17.81,False
sz300080,20240924,3.43,3.3,True,False,120,84,0.0,-11.4,0,36,67.93,15.74,False
sz000555,20240927,10.3,10.04,False,False,113,107,-4.85,-6.23,7,13,54.95,13.3,False
sz002415,20240930,31.19,28.71,False,False,14,95,-14.81,-6.28,106,25,4.94,-6.28,False
sz301230,20251103,35.05,34.93,False,False,61,57,-16.21,-16.26,48,52,87.61,14.29,False
sz002246,20240812,8.53,8.28,False,False,111,82,-5.16,-11.21,9,38,51.82,13.95,False
sz002889,20250630,15.01,14.66,False,False,105,96,-2.07,-3.74,15,24,14.99,10.19,False
sz300349,20240930,12.87,11.31,False,False,88,113,-9.55,-3.51,32,7,15.38,0.7,False
sz300986,20250819,13.8,13.57,False,False,30,33,-28.91,-20.59,90,87,213.55,115.51,True
sz002172,20240927,2.75,2.65,False,True,115,120,-2.55,0.0,5,0,53.09,25.82,True
sz001282,20250801,19.52,19.38,False,False,119,85,-0.87,-7.4,1,35,36.17,9.02,False
sz300801,20251223,27.08,27.03,False,False,53,39,-10.97,-18.12,20,34,32.27,-1.03,False
sz300307,20240926,5.53,5.45,True,False,120,114,0.0,-12.12,0,6,93.49,52.62,True
sz300660,20240927,17.98,17.3,True,True,120,120,0.0,0.0,0,0,195.07,114.02,True
sz301083,20260304,19.38,19.24,False,False,5,5,-16.15,-17.01,25,25,3.66,-9.7,False
sz399646,20240926,7288.74,7252.2,True,False,120,118,0.0,-1.24,0,2,19.61,10.45,False
sz300537,20240730,15.66,15.66,False,False,84,79,-10.6,-10.59,36,41,55.24,7.28,False
sz301587,20250624,22.66,22.26,False,False,92,101,-5.49,-8.82,28,19,16.24,-5.49,False
sz002438,20240801,11.08,11.07,False,False,85,78,-17.07,-17.73,35,42,29.35,5.6,False
sz000778,20240930,3.8,3.52,False,False,61,62,-11.05,-8.32,59,58,9.21,-8.95,False
sz301129,20250630,26.92,22.59,False,False,53,81,-14.14,-13.9,67,39,26.27,-11.69,False
sz300199,20240930,11.95,10.58,False,False,84,119,-9.79,-0.67,36,1,31.55,28.79,True
sz003026,20251024,35.11,34.53,False,False,22,52,-15.55,-15.07,94,64,6.41,4.76,False
sz300603,20240923,7.53,7.48,True,False,120,118,0.0,-3.49,0,2,97.61,62.28,True
sz002096,20240807,11.3,11.28,False,False,78,71,-12.39,-16.33,42,49,18.14,-5.93,False
sz001366,20250924,12.51,12.2,False,False,109,104,-2.24,-9.07,11,16,25.98,12.55,False
sz002923,20250716,13.17,12.1,False,False,76,72,-8.73,-11.19,44,48,18.0,-3.19,False
sz300579,20240806,20.67,20.59,False,False,88,89,-9.63,-8.58,32,31,67.54,49.2,True
sz000736,20240918,8.98,8.91,False,False,64,62,-31.85,-32.5,56,58,41.54,-31.85,False
sz002225,20240927,3.68,3.64,False,False,116,116,-4.07,-3.95,4,4,70.63,42.38,True
sz301167,20250924,15.64,15.51,False,False,118,89,-1.28,-9.49,2,31,20.4,7.29,False
sz002742,20240730,2.25,2.25,True,True,120,120,0.0,0.0,0,0,114.9,68.1,True
sz001328,20250805,44.44,43.68,False,False,8,22,-21.58,-18.93,112,98,3.98,-10.33,False
sz000680,20240927,7.7,7.57,False,False,110,114,-4.03,-4.62,10,6,38.59,17.41,False
sz300506,20240923,1.67,1.59,False,False,117,100,-1.79,-8.95,3,20,91.46,61.29,True
sz002393,20240808,16.3,16.25,False,False,89,90,-14.42,-13.75,31,30,15.34,4.36,False
sz300355,20240927,2.63,2.48,True,False,120,102,0.0,-16.3,0,18,222.01,79.21,True
sz300853,20250624,24.2,23.63,False,False,45,64,-20.41,-18.3,75,56,11.94,-20.41,False
sz002409,20240930,60.8,57.25,False,False,70,96,-12.01,-8.78,50,24,17.55,0.36,False
sz002895,20260325,38.4,36.19,False,False,12,15,-3.49,-1.46,4,1,5.63,-3.49,False
sz399614,20240927,2366.92,2340.36,False,True,119,120,-0.18,0.0,1,0,15.04,8.74,False
sz000627,20240902,2.09,2.08,False,False,119,119,-5.26,-4.37,1,1,147.85,86.6,True
sz003017,20260105,32.85,31.79,False,False,13,30,-11.02,-8.7,53,36,4.69,-6.06,False
sz300548,20240930,22.39,19.69,False,True,109,120,-8.4,0.0,11,0,175.08,73.92,True
sz000929,20240927,6.6,6.47,False,False,85,67,-8.64,-15.86,35,53,43.33,-6.52,False
sz002214,20240930,12.94,12.14,False,False,20,54,-23.11,-16.82,100,66,9.51,-22.95,False
sz301262,20250905,24.95,24.65,False,False,81,71,-7.62,-8.24,39,49,42.48,1.08,False
sz300481,20240927,13.45,13.19,True,False,120,103,0.0,-3.66,0,17,29.66,10.16,False
sz002120,20240903,7.31,7.28,False,False,78,69,-4.51,-7.55,42,51,22.3,-2.74,False
sz002277,20240925,2.44,2.33,True,True,120,120,0.0,0.0,0,0,205.12,124.39,True
sz002971,20251225,31.06,31.0,False,False,31,14,-10.5,-15.7,40,57,9.79,-4.06,False
sz000883,20241218,5.04,4.99,False,False,0,6,-11.51,-7.06,120,114,0.0,-11.51,False
sz000599,20240924,4.0,3.81,True,False,120,98,0.0,-5.7,0,22,57.5,12.5,False
sz200725,20240731,2.5,2.48,False,False,82,80,-6.41,-5.88,38,40,18.03,12.42,False
sz301135,20251022,28.06,27.93,False,False,67,55,-9.27,-10.59,50,62,12.12,1.85,False
sz200596,20240927,108.0,103.64,False,False,71,102,-5.31,-2.16,49,18,13.38,8.28,False
sz002239,20240926,2.49,2.49,True,False,120,119,0.0,-3.31,0,1,57.1,18.9,False
sz301386,20251125,23.68,23.6,False,False,83,60,-2.36,-7.02,10,33,23.35,12.08,False
sz300002,20240830,8.81,8.75,False,False,119,119,-1.36,-0.58,1,1,79.11,65.49,True
sz300651,20240930,13.69,12.54,False,False,44,97,-16.0,-10.17,76,23,27.9,0.15,False
sz301528,20251218,61.61,60.76,False,False,63,49,-10.57,-14.86,13,27,18.6,16.86,False
sz002497,20240927,9.85,9.39,False,True,117,120,-2.74,0.0,3,0,39.7,22.13,True
sz300451,20240926,3.68,3.64,True,False,120,103,0.0,-11.34,0,17,118.21,66.85,True
sz301186,20251015,43.03,42.98,False,False,115,111,-3.65,-3.77,5,9,52.29,52.29,True
sz002039,20240813,16.64,16.54,False,False,11,11,-15.38,-15.61,109,109,4.99,-14.12,False
sz399439,20240930,1798.07,1710.16,False,False,1,67,-11.55,-5.49,119,53,4.32,-8.07,False
sz002343,20240927,6.0,5.89,False,False,106,99,-6.83,-7.86,14,21,43.5,11.17,False
sz000650,20240930,6.24,5.81,False,False,1,47,-14.42,-4.93,119,73,4.01,-12.66,False
sz301566,20251024,17.35,17.24,False,False,110,99,-2.19,-6.34,5,16,54.81,29.34,True
sz300883,20251219,6.83,6.69,False,False,26,33,-11.27,-11.5,49,42,4.39,-1.9,False
sz301001,20250725,31.84,31.82,False,False,42,58,-11.75,-10.74,78,62,33.98,3.89,False
sz301356,20251217,21.51,20.95,False,False,64,53,-8.0,-13.62,13,24,19.85,0.05,False
sz300929,20260112,11.24,11.2,False,False,60,60,-1.42,-3.72,1,1,20.28,10.77,False
sz000060,20240926,4.36,4.29,True,False,120,109,0.0,-3.57,0,11,17.65,11.69,False
sz002573,20240930,4.07,3.88,False,False,52,66,-9.34,-4.83,68,54,11.06,-4.91,False
sz002647,20240820,3.88,3.55,False,False,104,90,-13.42,-22.29,16,30,102.94,37.05,True
sz301631,20250728,83.31,83.2,False,False,117,118,-1.39,-1.19,3,2,32.43,30.48,True
sz000507,20240926,4.61,4.57,True,False,120,99,0.0,-2.34,0,21,26.49,10.86,False
sz002869,20240830,23.62,23.6,False,False,102,74,-9.4,-16.51,18,46,46.79,26.68,True
sz002014,20240930,9.12,8.58,False,False,103,118,-7.35,-1.43,17,2,22.26,22.26,True
sz300261,20240812,6.21,5.9,False,False,87,70,-17.23,-12.15,33,50,63.12,12.4,False
sz300432,20240924,4.84,4.83,True,True,120,120,0.0,0.0,0,0,252.49,194.98,True
sz300680,20250624,37.7,36.13,False,False,102,92,-8.28,-8.18,18,28,75.46,21.72,True
sz301318,20250911,31.76,31.69,False,False,3,20,-15.3,-15.19,117,100,2.55,-8.88,False
sz300967,20251022,21.26,20.93,False,False,25,28,-18.16,-15.95,92,89,10.77,-16.09,False
sz002827,20250224,27.75,27.4,False,False,76,81,-17.33,-17.12,44,39,103.39,63.75,True
sz300150,20240819,3.47,2.96,False,False,94,112,-25.36,-11.47,26,8,74.06,56.48,True
sz001266,20251020,27.81,27.25,True,False,119,98,0.0,-7.27,0,21,41.57,18.59,False
sz002196,20240731,4.91,4.89,False,False,76,83,-16.9,-15.57,44,37,33.2,15.27,False
sz301029,20250728,23.98,23.95,False,False,116,89,-3.34,-6.58,4,31,37.7,17.43,False
sz300099,20240805,5.15,4.54,False,False,83,86,-20.6,-10.33,37,34,36.63,17.78,False
sz000678,20240821,4.55,4.47,False,False,105,109,-12.53,-8.87,15,11,71.21,61.76,True
sz399411,20240927,3384.01,3342.46,False,False,86,101,-2.45,-1.75,34,19,7.99,1.85,False
sz300437,20240930,10.07,8.85,False,False,41,57,-23.73,-18.78,79,63,27.21,-21.45,False
sz300264,20240816,4.86,4.85,False,False,93,80,-15.43,-10.55,27,40,64.2,25.51,True
sz301067,20250716,30.7,30.26,False,False,115,81,-3.39,-11.24,5,39,50.29,15.34,False
sz002642,20240819,5.83,5.82,False,False,117,104,-3.6,-8.08,3,16,55.06,54.37,True
sz000065,20240930,10.47,10.2,False,False,53,87,-15.47,-8.45,67,33,16.81,-0.48,False
sz000636,20240919,12.8,12.74,False,False,118,87,-1.41,-8.23,2,33,33.98,13.12,False
sz300702,20251022,25.07,24.85,False,False,45,31,-18.71,-17.97,72,86,9.17,-10.13,False
sz300479,20240905,16.54,15.19,False,False,105,101,-16.44,-7.45,15,19,50.54,40.93,True
sz001382,20251009,21.52,21.51,False,False,41,51,-6.97,-6.09,79,69,13.38,-6.97,False
sz000561,20240823,7.03,6.91,False,False,103,96,-13.51,-11.69,17,24,55.48,19.63,False
sz002072,20240806,3.84,3.56,False,False,118,100,-0.78,-11.84,2,20,62.24,26.82,True
sz300249,20240909,6.84,6.79,False,False,113,114,-7.02,-5.45,7,6,196.49,188.3,True
sz000006,20240801,3.85,3.82,False,False,107,110,-3.9,-2.68,13,10,159.48,75.32,True
sz002515,20240805,4.32,4.3,False,False,87,82,-7.64,-7.09,33,38,22.69,1.62,False
sz002989,20250826,31.22,30.9,False,False,36,42,-24.95,-26.33,84,78,23.73,-1.15,False
sz301330,20251118,29.78,29.5,False,False,69,53,-6.28,-7.28,29,45,64.07,15.72,False
sz002841,20240830,30.79,30.58,False,False,115,104,-4.25,-4.95,5,16,49.33,36.11,True
sz300207,20240919,15.27,15.09,False,False,119,119,-0.26,-0.36,1,1,70.78,46.42,True
sz300901,20251013,15.63,15.57,False,False,105,62,-3.97,-10.78,15,58,21.94,5.44,False
sz000048,20240927,14.26,14.02,False,False,102,87,-5.96,-11.37,18,33,28.2,23.71,True
sz002108,20240927,3.19,3.13,False,False,119,90,-0.31,-3.23,1,30,28.84,6.27,False
sz399672,20240927,3747.87,3711.84,False,False,119,112,-0.62,-0.8,1,8,12.36,6.27,False
sz399995,20240927,3491.51,3471.41,False,False,118,74,-0.79,-6.07,2,46,20.29,2.05,False
sz300333,20240731,4.86,4.8,False,False,107,108,-9.47,-8.13,13,12,317.7,184.98,True
sz000901,20250210,11.35,11.12,False,False,68,82,-15.42,-16.67,52,38,17.18,17.18,False
sz301419,20251128,31.9,31.81,False,False,89,82,-2.26,-3.59,2,9,52.04,47.71,True
sz300180,20240815,3.66,3.64,True,False,120,100,0.0,-6.87,0,20,199.73,77.49,True
sz002146,20240926,1.47,1.47,False,False,114,63,-6.12,-17.37,6,57,69.39,2.04,False
sz002272,20240816,5.34,5.22,False,False,92,91,-16.29,-13.01,28,29,208.24,105.43,True
sz002421,20240924,2.46,2.44,True,True,120,120,0.0,0.0,0,0,89.66,52.74,True
sz301153,20250624,26.41,25.6,False,False,16,34,-27.19,-18.96,104,86,3.75,-25.71,False
sz000702,20240802,4.48,4.45,False,False,105,102,-6.03,-7.74,15,18,122.1,60.27,True
sz002211,20240927,2.81,2.71,True,False,120,101,0.0,-9.03,0,19,109.96,30.25,True
sz002917,20250714,14.24,14.23,False,False,46,61,-10.81,-10.14,74,59,19.73,-5.27,False
sz300678,20250630,34.58,33.88,False,False,47,60,-15.59,-14.92,73,60,16.08,-14.23,False
sz300299,20240805,4.24,4.12,False,False,93,100,-12.03,-8.0,27,20,109.91,51.18,True
sz000962,20240926,10.54,10.35,True,True,120,120,0.0,0.0,0,0,61.25,48.35,True
sz002959,20251027,49.44,48.97,False,False,2,13,-16.4,-12.64,112,101,0.93,-13.67,False
sz300460,20240807,8.73,8.49,False,False,116,94,-5.73,-12.54,4,26,91.18,41.12,True
sz301283,20260305,46.91,46.64,False,False,10,9,-11.68,-11.66,19,20,6.37,4.24,False
sz301519,20250924,13.97,13.51,False,False,88,82,-7.73,-9.45,32,38,12.53,2.15,False
sz002875,20240905,11.9,11.51,False,False,105,71,-3.78,-17.61,15,49,84.87,14.71,False
sz002008,20240815,19.85,19.8,False,False,93,94,-10.48,-10.2,27,26,44.09,39.4,True
sz002792,20240807,10.98,10.92,False,False,94,95,-9.47,-9.5,26,25,67.55,37.32,True
sz300107,20240815,8.84,8.75,False,False,82,60,-12.55,-15.43,38,60,54.05,7.01,False
sz001231,20251219,21.76,21.56,False,False,72,63,-0.74,-7.81,3,12,38.65,14.57,False
sz399392,20240927,2148.58,2022.1,True,False,120,117,0.0,-1.66,0,3,22.79,11.58,False
sz301557,20250905,73.75,73.61,False,False,114,100,-1.18,-14.84,6,20,106.35,47.35,True
sz002372,20240930,14.37,14.04,False,False,7,17,-24.08,-13.37,113,103,2.99,-19.77,False
sz399408,20240926,12521.9,12447.69,True,False,120,117,0.0,-0.68,0,3,18.96,9.73,False
sz000661,20240927,97.34,95.4,False,False,66,69,-8.19,-5.85,54,51,21.55,2.22,False
sz300755,20250624,18.69,17.9,False,False,63,74,-6.9,-7.06,57,46,26.22,-2.57,False
sz301030,20250811,19.35,19.25,False,False,6,7,-40.83,-29.36,114,113,2.53,-27.49,False
sz001979,20240808,8.73,8.71,False,False,104,81,-4.13,-6.97,16,39,43.08,10.08,False
sz002046,20240927,10.24,9.9,True,True,120,120,0.0,0.0,0,0,80.96,49.12,True
sz002615,20240912,6.62,6.54,False,False,116,117,-3.02,-1.9,4,3,45.61,21.75,True
sz300149,20240802,5.02,4.81,False,False,96,93,-14.74,-8.61,24,27,69.32,24.5,True
sz300918,20251015,21.18,20.71,False,False,0,3,-36.45,-26.37,120,117,0.0,-29.75,False
sz002542,20240927,1.76,1.74,False,False,119,110,-1.7,-14.48,1,10,287.5,92.61,True
sz399238,20240926,1239.66,1223.57,False,False,115,90,-1.59,-9.18,5,30,50.16,3.99,False
sz300584,20240802,16.48,16.43,False,False,118,99,-2.0,-7.66,2,21,53.64,19.72,False
sz301367,20250924,84.89,83.74,False,False,48,39,-24.21,-23.99,72,81,15.43,-17.85,False
sz000536,20240816,2.52,2.39,False,False,104,105,-19.05,-13.59,16,15,253.97,112.7,True
sz301053,20251124,33.17,32.85,False,False,81,62,-5.37,-8.1,14,33,94.45,91.83,True
sz002858,20240927,10.66,10.6,False,False,115,103,-3.28,-6.21,5,17,44.47,9.47,False
sz301600,20250728,109.49,106.27,True,True,120,120,0.0,0.0,0,0,36.82,20.42,True
sz300956,20250819,17.6,17.45,False,False,70,79,-8.98,-8.36,50,41,21.82,2.1,False
sz000862,20240930,5.04,4.78,False,False,62,89,-7.34,-5.48,58,31,16.07,4.96,False
sz301329,20250708,19.94,19.88,False,False,111,114,-3.84,-3.07,9,6,29.26,18.02,False
sz200539,20240731,2.07,2.05,False,False,30,42,-8.7,-7.4,90,78,5.32,-4.84,False
sz002296,20240930,9.01,8.58,False,False,88,106,-9.54,-5.82,32,14,38.85,22.42,True
sz000785,20240926,2.63,2.62,False,False,116,119,-3.04,-1.55,4,1,111.79,60.84,True
sz300250,20240910,13.34,12.15,False,False,105,104,-9.9,-9.69,15,16,49.93,39.96,True
sz300164,20240930,4.28,3.81,False,False,85,94,-5.84,-5.62,35,26,20.09,2.34,False
sz002816,20240912,9.87,9.86,True,False,120,78,0.0,-23.45,0,42,142.65,42.25,True
sz300862,20250630,26.48,26.41,False,False,23,39,-17.98,-15.56,97,81,5.29,-15.88,False
sz300364,20240927,20.62,20.45,True,False,120,91,0.0,-14.02,0,29,63.24,11.83,False
sz300785,20250716,33.81,33.68,False,False,104,105,-3.25,-4.95,16,15,85.27,85.27,True
sz300050,20240814,3.39,3.16,True,False,120,97,0.0,-10.1,0,23,142.77,70.5,True
sz002476,20240927,3.83,3.8,False,False,119,111,-0.78,-3.45,1,9,38.9,16.97,False
sz002111,20240930,10.69,10.09,False,False,82,98,-8.42,-6.87,38,22,17.13,2.62,False
sz000402,20240925,2.63,2.55,True,False,120,83,0.0,-15.28,0,37,68.06,9.13,False
sz002940,20251031,39.63,38.27,False,False,13,13,-30.92,-26.28,97,97,18.34,-1.19,False
sz000755,20240820,4.34,4.16,False,False,97,98,-11.98,-8.27,23,22,31.11,5.99,False
sz002721,20240906,2.51,2.5,False,False,86,69,-6.37,-6.67,34,51,29.48,6.37,False
sz002592,20240930,4.39,4.24,False,False,101,109,-8.88,-8.23,19,11,21.41,10.93,False
sz300554,20240930,23.58,22.57,False,False,50,60,-15.78,-13.84,70,60,27.86,-11.83,False
sz002208,20240905,4.75,4.71,True,False,120,102,0.0,-12.44,0,18,110.53,41.26,True
sz000935,20240927,12.61,12.54,True,False,120,105,0.0,-4.0,0,15,58.45,26.72,True
sz399015,20240927,1918.25,1833.68,True,True,120,120,0.0,0.0,0,0,38.07,28.0,True
sz300033,20240924,111.83,105.3,True,True,120,120,0.0,0.0,0,0,205.27,162.72,True
sz003040,20251014,20.95,20.55,False,False,5,2,-26.4,-20.03,115,118,3.53,-23.15,False
sz300665,20240927,5.56,5.47,True,False,120,108,0.0,-5.8,0,12,39.93,18.71,False
sz399643,20240926,2047.57,2026.03,True,False,120,113,0.0,-3.85,0,7,50.51,25.89,True
sz002139,20240927,10.32,9.87,True,True,120,120,0.0,0.0,0,0,73.25,42.24,True
sz300498,20240731,19.29,19.11,False,False,7,13,-24.57,-22.71,113,107,8.09,-18.97,False
sz300302,20240730,10.62,10.41,False,False,94,91,-8.0,-7.73,26,29,90.3,40.49,True
sz002177,20240819,3.5,3.48,False,False,99,101,-10.85,-9.61,21,19,89.07,44.82,True
sz001287,20250715,20.26,19.14,False,False,116,113,-2.71,-3.57,4,7,40.82,16.19,False
sz300285,20240731,18.72,18.36,False,False,26,60,-24.57,-19.69,94,60,22.17,-10.26,False
sz002410,20240926,11.02,10.32,False,False,106,101,-7.26,-12.87,14,19,36.57,30.12,True
sz301162,20251124,55.97,54.3,False,False,65,66,-9.33,-7.07,29,28,46.51,23.23,True
sz002747,20240930,15.49,14.08,False,False,102,119,-10.46,-0.9,18,1,77.4,37.64,True
sz000733,20240930,43.49,41.18,False,False,72,96,-12.78,-9.17,48,24,32.12,28.19,True
sz003023,20260116,24.2,23.73,False,False,20,40,-15.7,-13.61,38,18,31.16,31.16,True
sz300606,20240826,19.8,18.98,False,False,69,68,-13.69,-13.95,51,52,33.94,0.15,False
sz002093,20240926,6.2,6.07,True,True,120,120,0.0,0.0,0,0,154.14,82.07,True
sz000040,20241211,1.55,1.54,False,False,0,0,-68.39,-60.39,33,33,0.0,-68.39,False
sz300532,20240820,9.01,8.49,False,False,112,118,-1.99,-1.19,8,2,58.16,38.51,True
sz002968,20251215,11.35,11.33,False,False,74,56,-3.96,-11.75,5,23,26.08,4.41,False
sz300780,20250624,15.27,15.09,True,False,120,113,0.0,-4.29,0,7,43.29,13.95,False
sz301218,20250626,21.25,21.14,False,False,92,96,-6.59,-6.23,28,24,18.26,11.53,False
sz300161,20240930,27.49,23.78,False,False,91,113,-12.22,-5.17,29,7,34.81,9.09,False
sz300406,20241008,15.36,14.21,False,False,25,76,-24.68,-12.63,95,44,9.83,0.07,False
sz002293,20241008,7.11,7.11,False,False,57,84,-11.67,-9.86,63,36,17.44,9.14,False
sz002995,20250716,20.41,19.38,False,False,1,37,-20.97,-12.45,119,83,0.83,-2.84,False
sz399420,20240731,1064.4,1059.43,False,False,84,90,-5.6,-4.45,36,30,57.45,27.69,True
sz300953,20250624,96.85,95.37,False,False,111,103,-5.73,-8.58,9,17,94.31,48.7,True
sz399974,20240926,1571.82,1559.62,True,False,120,111,0.0,-2.62,0,9,17.44,6.08,False
sz002673,20240924,6.6,6.42,True,False,120,90,0.0,-5.04,0,30,57.88,18.48,False
sz000533,20240927,3.47,3.39,True,True,120,120,0.0,0.0,0,0,136.31,93.95,True
sz399693,20240926,3130.45,3067.33,True,False,120,118,0.0,-1.89,0,2,60.73,39.95,True
sz001219,20250624,13.22,13.12,True,False,120,106,0.0,-2.46,0,14,15.05,7.49,False
sz300448,20240730,4.09,4.05,True,True,120,120,0.0,0.0,0,0,127.88,65.58,True
sz002314,20240925,2.18,2.17,True,False,120,67,0.0,-7.73,0,53,40.83,4.59,False
sz301362,20251114,42.64,42.61,False,False,57,55,-6.59,-7.46,34,36,265.38,249.74,True
sz000607,20240926,3.39,3.32,False,False,119,111,-0.59,-5.29,1,9,45.13,14.45,False
sz300733,20251015,18.8,18.58,False,False,24,17,-11.65,-12.41,96,103,10.11,-4.04,False
sz300085,20240919,10.26,9.02,True,False,120,105,0.0,-8.22,0,15,469.69,282.26,True
sz000550,20240927,24.76,23.38,False,False,33,57,-16.19,-13.21,87,63,18.29,-11.83,False
sz002043,20240924,9.41,9.16,True,False,120,82,0.0,-6.56,0,38,31.1,9.85,False
sz300750,20250625,253.9,248.1,False,True,115,120,-1.75,0.0,5,0,63.69,46.52,True
sz301301,20250701,12.25,12.24,False,False,26,22,-19.84,-14.93,94,98,3.92,-18.45,False
sz002524,20240926,3.67,3.59,False,False,99,93,-8.72,-10.11,21,27,32.43,7.36,False
sz300278,20240821,3.27,3.16,False,False,96,99,-14.07,-10.54,24,21,157.49,131.5,True
sz300699,20250625,31.03,30.96,False,False,36,52,-9.38,-7.99,84,68,5.83,-2.22,False
sz300102,20240802,6.36,6.31,False,False,89,89,-9.43,-9.7,31,31,165.75,79.18,True
sz002870,20240927,31.01,30.22,False,False,105,106,-6.06,-5.69,15,14,25.83,10.96,False
sz300930,20251120,31.23,31.23,False,False,37,36,-13.58,-13.72,59,60,10.47,-2.69,False
sz301286,20250722,28.2,27.92,False,False,54,82,-9.65,-5.31,66,38,88.94,88.94,True
sz000049,20250624,22.5,22.35,False,False,112,118,-1.16,-0.24,8,2,31.56,20.49,True
sz301004,20250703,73.37,70.87,False,False,3,23,-30.94,-18.34,117,97,1.43,-30.94,False
sz002346,20240926,7.75,7.49,True,True,120,120,0.0,0.0,0,0,72.63,44.25,True
sz000655,20240927,5.52,5.46,False,False,119,119,-0.54,-0.67,1,1,26.81,21.38,True
sz300761,20250904,19.27,19.11,False,False,119,64,-0.31,-7.89,1,56,29.01,14.43,False
sz300380,20240821,16.53,16.5,False,False,114,114,-5.63,-5.08,6,6,314.1,213.19,True
sz300886,20250924,28.24,27.89,False,False,64,48,-10.87,-14.03,56,72,10.91,2.27,False
sz001205,20250916,16.65,16.48,False,False,52,57,-16.46,-16.38,68,63,10.93,-15.2,False
sz301183,20250624,50.56,50.52,False,False,113,116,-2.46,-1.44,7,4,267.61,235.15,True
sz300133,20240930,6.98,6.26,False,False,100,101,-14.04,-5.61,20,19,41.13,6.29,False
sz002492,20240927,4.56,4.5,True,False,120,113,0.0,-3.4,0,7,31.36,12.72,False
sz002822,20240826,1.73,1.65,False,True,109,120,-6.6,0.0,11,0,145.28,108.16,True
sz301487,20251124,23.7,23.43,False,False,20,6,-17.51,-17.2,74,88,6.75,-4.51,False
sz300685,20250708,22.84,21.67,False,False,70,86,-11.12,-11.7,50,34,12.0,-10.42,False
sz002538,20240813,4.57,4.57,False,False,99,95,-5.69,-5.43,21,25,56.67,22.76,True
sz399242,20240926,906.04,869.76,True,False,120,119,0.0,-0.67,0,1,53.83,32.19,True
sz300962,20250924,16.62,16.6,False,False,94,62,-5.6,-9.45,26,58,19.74,-1.38,False
sz002011,20240927,10.97,10.81,False,False,84,104,-5.65,-3.74,36,16,23.06,9.57,False
sz001228,20250905,23.49,23.35,False,False,116,111,-0.94,-2.37,4,9,44.21,39.45,True
sz301353,20251225,27.03,27.03,False,False,54,45,-6.51,-10.1,17,26,11.43,4.22,False
sz000818,20241106,20.02,19.82,False,False,76,93,-25.72,-16.26,44,27,114.59,29.47,True
sz301500,20251105,16.12,16.04,False,False,74,70,-9.31,-10.25,34,38,67.49,53.23,True
sz002576,20240801,12.85,12.59,False,False,73,84,-14.79,-12.52,47,36,37.35,11.44,False
sz002125,20240930,10.46,9.67,False,False,73,108,-10.52,-3.2,47,12,17.97,1.63,False
sz002442,20240927,4.34,4.28,True,True,120,120,0.0,0.0,0,0,58.99,47.0,True
sz300818,20250718,22.68,22.2,False,True,119,120,-0.44,0.0,1,0,75.04,72.27,True
sz000151,20240909,10.26,10.11,False,False,113,108,-4.97,-3.81,7,12,73.98,43.57,True
sz300484,20240930,14.85,13.87,False,False,117,112,-4.11,-8.44,3,8,102.29,34.68,True
sz301267,20250625,18.98,18.86,False,False,97,77,-3.43,-7.63,23,43,15.79,-2.8,False
sz399611,20240926,1931.86,1902.76,True,False,120,116,0.0,-2.05,0,4,35.17,17.5,False
sz002738,20240926,30.07,29.49,True,False,120,100,0.0,-11.1,0,20,33.95,5.05,False
sz000622,20241024,1.71,1.7,True,False,120,113,0.0,-9.98,0,7,85.96,33.33,True
sz003012,20250721,5.96,5.86,False,False,118,107,-0.34,-3.39,2,13,35.91,13.09,False
sz300637,20240813,9.09,8.79,False,False,79,62,-11.88,-15.5,41,58,50.72,5.5,False
sz000685,20240808,6.99,6.94,False,False,92,98,-3.86,-3.08,28,22,36.05,25.01,True
sz300503,20240731,14.03,13.68,False,False,80,83,-16.68,-11.57,40,37,78.56,55.68,True
sz002396,20240920,13.72,13.69,True,True,120,120,0.0,0.0,0,0,69.89,44.31,True
sz300350,20240927,4.86,4.8,True,False,120,75,0.0,-10.37,0,45,42.18,7.41,False
sz300856,20250820,15.63,15.61,False,False,10,28,-15.87,-11.71,110,92,5.18,-10.81,False
sz002890,20251212,14.64,14.61,False,False,67,55,-3.55,-8.01,13,25,18.99,10.66,False
sz301229,20251020,20.7,20.56,False,False,48,29,-16.51,-17.04,71,90,10.5,-10.08,False
sz002692,20240919,3.58,3.57,False,False,118,116,-0.28,-4.08,2,4,69.27,48.04,True
sz300007,20240927,14.13,13.51,True,True,120,120,0.0,0.0,0,0,259.94,161.29,True
sz300835,20251124,58.33,54.92,True,True,95,95,0.0,0.0,0,0,67.12,62.35,True
sz300560,20240910,12.24,11.9,False,False,113,92,-11.27,-10.2,7,28,51.14,22.47,True
sz301383,20250820,42.56,41.35,False,False,1,18,-27.98,-19.25,119,102,0.38,-17.95,False
sz300049,20240930,48.33,47.58,False,False,10,13,-39.17,-27.91,110,107,11.96,-30.95,False
sz301130,20250924,29.73,29.72,False,False,90,68,-7.33,-10.03,30,52,11.23,11.23,False
sz399812,20240927,5479.95,5232.38,False,True,119,120,-0.01,0.0,1,0,18.0,11.21,False
sz002715,20241008,12.7,12.34,False,False,113,107,-9.53,-6.75,7,13,53.32,23.86,True
sz000761,20240925,2.87,2.79,True,False,120,107,0.0,-3.99,0,13,44.95,29.62,True
sz000886,20240731,4.58,4.44,False,False,82,87,-10.26,-8.45,38,33,78.17,37.12,True
sz300378,20240910,16.65,16.52,False,False,115,118,-3.3,-1.78,5,2,167.57,126.13,True
sz301201,20250627,21.17,20.59,True,True,120,120,0.0,0.0,0,0,181.01,95.38,True
sz002424,20241024,3.73,3.71,False,False,110,114,-5.09,-3.87,10,6,21.45,6.7,False
sz300185,20240927,2.04,1.94,True,False,120,89,0.0,-4.9,0,31,57.87,24.52,True
sz399639,20240930,1689.01,1561.79,False,False,6,102,-12.39,-2.79,114,18,2.85,-6.2,False
sz300564,20251125,16.22,16.18,False,False,16,18,-16.09,-15.14,77,75,10.3,-7.71,False
sz300565,20240807,10.72,10.7,False,False,99,77,-6.9,-9.15,21,43,66.98,18.56,False
sz300830,20251020,10.4,10.29,False,False,94,69,-4.62,-12.34,25,50,46.73,5.19,False
sz399677,20240924,3176.53,3127.82,True,True,120,120,0.0,0.0,0,0,85.55,62.01,True
sz002697,20240926,4.61,4.6,True,False,120,109,0.0,-4.56,0,11,53.2,11.94,False
sz399990,20240930,3017.57,2807.93,False,False,10,79,-12.61,-5.68,110,41,2.72,-6.89,False
sz000967,20240927,4.15,4.15,True,True,120,120,0.0,0.0,0,0,66.01,40.95,True
sz300632,20240731,9.33,9.32,False,False,90,83,-9.43,-9.92,30,37,55.45,21.59,True
sz300061,20250114,12.42,11.55,False,False,68,55,-22.14,-32.25,52,65,25.93,6.04,False
sz301118,20250904,22.64,22.5,False,False,117,107,-1.86,-9.56,3,13,39.49,25.75,True
sz000707,20240926,6.88,6.79,False,False,100,68,-2.76,-6.26,20,52,19.33,-0.58,False
sz002912,20250711,26.08,25.01,True,False,120,119,0.0,-0.17,0,1,30.18,17.79,False
sz001319,20250716,27.4,26.58,False,False,51,77,-12.63,-10.7,69,43,6.82,0.36,False
sz399009,20240927,3383.93,3234.21,True,True,120,120,0.0,0.0,0,0,24.69,15.02,False
sz002773,20240930,20.84,19.87,False,False,19,42,-13.68,-9.26,101,78,27.45,25.86,True
sz301156,20250901,19.45,19.37,False,False,21,45,-13.16,-12.47,99,75,5.5,5.5,False
sz301505,20251124,22.58,22.05,False,False,55,50,-11.07,-10.83,39,44,22.05,0.97,False
sz002320,20240930,5.74,5.48,False,False,103,106,-9.76,-4.66,17,14,23.52,5.75,False
sz000633,20240926,4.54,4.53,False,False,110,95,-8.59,-9.82,10,25,31.5,12.11,False
sz300707,20250717,14.3,14.3,False,False,115,113,-2.38,-4.05,5,7,24.55,19.51,False
sz000852,20250626,6.64,6.6,False,False,100,95,-5.27,-4.91,20,25,40.66,8.28,False
sz301062,20250806,8.77,8.72,False,False,23,51,-11.74,-8.6,97,69,16.53,10.72,False
sz300155,20240905,3.96,3.74,False,False,108,105,-13.38,-7.51,12,15,82.32,28.28,True
sz002193,20240806,3.84,3.71,False,False,94,104,-11.46,-7.66,26,16,148.96,68.23,True
sz002609,20240927,7.58,7.47,False,False,115,104,-4.75,-6.6,5,16,27.04,19.13,False
sz300904,20250730,54.88,54.66,False,False,118,90,-4.19,-7.38,2,30,70.41,24.36,True
sz000830,20240731,10.95,10.58,False,False,73,74,-14.98,-13.94,47,46,14.98,4.93,False
sz300598,20240823,30.33,29.72,False,False,109,104,-6.5,-5.08,11,16,129.61,72.37,True
sz300136,20240730,18.91,18.85,False,False,82,83,-9.1,-9.08,38,37,56.1,30.78,True
sz000799,20240927,46.39,44.18,False,False,96,70,-7.2,-11.66,24,50,38.82,-0.37,False
sz300385,20240819,4.17,3.97,False,False,93,95,-20.62,-15.61,27,25,52.28,15.83,False
sz002510,20240924,3.86,3.78,False,False,119,116,-0.26,-2.57,1,4,110.36,43.52,True
sz301335,20260114,32.01,31.14,False,False,0,1,-24.93,-18.64,59,58,0.0,-16.93,False
sz000564,20240920,1.82,1.79,False,False,114,115,-2.2,-1.9,6,5,126.37,51.65,True
sz001387,20250624,13.53,13.26,False,False,103,100,-2.07,-5.08,17,20,22.1,2.73,False
sz002077,20240927,12.34,12.14,True,False,120,109,0.0,-6.09,0,11,55.59,18.07,False
sz002624,20240926,8.18,8.08,True,False,120,118,0.0,-1.7,0,2,62.75,37.55,True
sz399013,20240927,4236.57,4025.63,True,True,120,120,0.0,0.0,0,0,15.51,10.42,False
sz002769,20240927,5.51,5.49,False,False,119,116,-2.18,-2.32,1,4,86.03,28.86,True
sz000429,20250620,13.32,13.19,False,False,3,17,-19.65,-16.58,117,103,1.2,-8.24,False
sz300666,20240826,47.72,47.63,False,False,113,113,-8.59,-8.54,7,7,82.15,55.79,True
sz300035,20240927,8.8,8.46,True,True,120,120,0.0,0.0,0,0,118.18,81.48,True
sz003043,20251201,47.8,47.08,False,False,67,63,-5.82,-10.39,23,27,19.21,18.31,False
sz002908,20260105,10.73,10.56,False,False,5,14,-20.04,-14.75,61,52,6.62,-14.63,False
sz300552,20240927,31.85,30.45,False,False,96,76,-7.82,-15.63,24,44,39.4,-6.91,False
sz300807,20250916,41.36,40.92,False,False,94,92,-9.07,-9.72,26,28,56.43,16.61,False
sz000933,20240930,19.28,18.63,False,False,6,74,-21.78,-13.41,114,46,4.72,-6.22,False
sz002727,20241106,14.4,14.32,False,False,3,48,-21.39,-12.26,117,72,2.01,-7.08,False
sz301102,20250625,10.8,10.72,False,False,114,100,-0.74,-6.66,6,20,13.33,-0.46,False
sz002946,20250804,16.62,16.53,False,False,116,72,-0.96,-6.45,4,48,18.95,11.67,False
sz000753,20240927,3.04,2.92,True,True,120,120,0.0,0.0,0,0,130.81,72.65,True
sz300667,20250805,16.37,16.06,False,False,65,96,-8.92,-4.67,55,24,20.77,12.77,False
sz300286,20240930,20.37,19.17,False,False,43,100,-13.45,-8.28,77,20,27.24,11.88,False
sz002413,20240927,3.9,3.85,True,False,120,98,0.0,-6.13,0,22,37.44,16.15,False
sz300849,20250910,14.38,14.26,False,False,99,99,-8.83,-7.01,21,21,57.79,46.24,True
sz300018,20240814,4.78,4.74,False,False,106,114,-2.93,-2.04,14,6,59.62,47.28,True
sz000404,20240902,5.86,5.85,False,False,113,112,-5.63,-4.54,7,8,28.5,17.75,False
sz002117,20240930,7.27,6.8,False,True,109,120,-5.5,0.0,11,0,102.34,85.42,True
sz301255,20250624,30.46,29.06,False,False,68,70,-12.38,-13.75,52,50,19.53,-12.02,False
sz002470,20240926,1.46,1.43,True,False,120,113,0.0,-5.91,0,7,67.81,21.92,True
sz300605,20240826,9.95,9.91,False,False,105,89,-10.35,-10.57,15,31,53.67,34.37,True
sz399623,20240927,6320.64,6003.75,True,True,120,120,0.0,0.0,0,0,20.72,14.48,False
sz399344,20240926,4912.19,4838.68,True,False,120,119,0.0,-1.0,0,1,28.72,16.0,False
sz300864,20250624,19.72,19.69,False,False,112,88,-2.79,-6.64,8,32,9.53,-2.48,False
sz000950,20240925,5.04,5.0,False,False,111,70,-1.98,-5.6,9,50,28.57,0.6,False
sz301581,20250708,53.64,53.11,False,False,48,55,-14.62,-14.85,72,65,20.66,-11.54,False
sz000899,20241008,8.97,8.87,False,False,7,45,-17.06,-9.34,113,75,4.91,1.11,False
sz300783,20250825,27.91,27.47,False,False,1,10,-23.72,-13.27,119,110,0.97,-23.72,False
sz200058,20240904,1.51,1.48,False,False,106,103,-8.63,-6.61,14,17,38.49,19.24,False
sz000019,20240904,6.04,5.97,False,False,105,79,-9.44,-7.78,15,41,18.54,4.97,False
sz002996,20250929,7.37,7.22,False,False,99,79,-10.72,-15.82,21,41,20.62,-3.8,False
sz000783,20240731,5.03,5.0,False,False,85,85,-7.36,-6.56,35,35,54.87,23.46,True
sz002750,20241104,2.25,2.22,False,False,39,39,-69.33,-63.66,81,81,33.33,-68.44,False
sz300256,20240809,2.08,2.02,True,True,120,120,0.0,0.0,0,0,185.58,114.42,True
sz200016,20240926,0.66,0.65,True,False,120,113,0.0,-13.89,0,7,106.06,62.12,True
sz301055,20251020,20.77,20.22,False,False,57,51,-12.47,-13.41,63,69,68.22,50.46,True
sz002023,20240930,9.97,9.32,False,False,103,92,-5.62,-6.51,17,28,24.17,0.7,False
sz000530,20240925,3.78,3.76,True,True,120,120,0.0,0.0,0,0,96.56,69.05,True
sz002544,20240930,21.0,19.65,False,False,93,95,-13.28,-9.92,27,25,21.76,4.52,False
sz301361,20250707,32.0,30.9,False,False,108,105,-5.72,-5.22,12,15,26.94,2.37,False
sz300582,20240830,8.83,8.73,False,False,118,119,-1.7,-0.55,2,1,82.3,64.42,True
sz300218,20240903,14.43,14.41,False,False,107,96,-9.42,-9.72,13,24,36.51,15.66,False
sz301036,20250701,38.19,38.09,False,False,10,31,-17.39,-12.69,110,89,1.96,-2.59,False
sz002613,20240927,3.59,3.59,True,False,120,115,0.0,-3.94,0,5,28.13,16.43,False
sz001279,20250624,39.99,39.97,False,False,34,37,-14.45,-11.91,86,83,4.78,-14.45,False
sz002189,20240731,15.03,14.99,False,False,106,89,-6.32,-8.92,14,31,77.18,18.83,False
sz300428,20240930,17.97,17.28,False,False,42,78,-16.97,-10.07,78,42,15.86,0.0,False
sz000980,20240805,2.02,1.97,False,False,72,80,-29.21,-24.82,48,40,60.89,11.39,False
sz399394,20240927,8104.03,7859.53,False,False,95,86,-5.99,-4.84,25,34,20.32,4.89,False
sz301551,20250806,49.88,49.83,False,False,13,20,-37.38,-27.57,107,100,5.09,-26.66,False
sz300753,20250924,29.56,28.28,False,False,62,66,-15.16,-17.66,58,54,46.11,-4.36,False
sz002374,20240926,2.09,2.06,True,False,120,102,0.0,-11.57,0,18,84.21,18.66,False
sz301078,20250626,13.42,13.27,False,False,3,4,-29.14,-19.29,117,116,4.69,-15.8,False
sz300101,20240926,14.48,14.38,True,False,120,93,0.0,-9.93,0,27,84.13,24.52,True
sz300466,20240924,6.5,6.42,False,False,119,112,-1.23,-6.42,1,8,65.23,65.23,True
sz002569,20240911,6.05,6.0,True,False,120,112,0.0,-10.26,0,8,77.02,27.6,True
sz000807,20240926,12.81,12.51,True,True,120,120,0.0,0.0,0,0,40.91,31.46,True
sz399440,20240930,1173.31,1079.91,False,False,72,118,-7.59,-1.28,48,2,8.96,5.26,False
sz000629,20240927,2.68,2.65,False,False,118,116,-0.75,-2.94,2,4,27.24,6.34,False
sz000802,20240924,5.37,5.29,False,False,92,84,-10.8,-24.73,28,36,48.6,-10.8,False
sz300230,20240926,3.38,3.37,True,True,120,120,0.0,0.0,0,0,73.26,63.52,True
sz002791,20240927,27.99,27.9,False,False,33,53,-26.86,-18.6,87,67,17.18,-16.72,False
sz000518,20240802,2.34,2.24,False,False,70,71,-17.52,-13.16,50,49,62.39,5.13,False
sz300978,20250624,10.95,10.53,False,False,112,115,-2.01,-2.81,8,5,20.18,20.18,True
sz000031,20240920,2.5,2.48,True,False,120,69,0.0,-11.99,0,51,60.4,7.2,False
sz300083,20240821,6.09,5.93,False,False,92,74,-7.06,-11.08,28,46,40.56,30.21,True
sz002838,20240927,9.86,9.59,True,True,120,120,0.0,0.0,0,0,79.64,60.58,True
sz002488,20240802,5.14,5.03,True,True,120,120,0.0,0.0,0,0,171.21,114.98,True
sz300735,20250731,27.55,27.48,False,False,67,69,-13.32,-13.58,53,51,16.33,-5.19,False
sz002312,20240828,7.01,6.85,True,False,120,114,0.0,-3.04,0,6,224.14,89.88,True
sz002541,20241008,16.23,15.22,False,False,63,102,-16.88,-11.06,57,18,27.05,25.26,True
sz399972,20240926,3938.74,3890.47,True,False,120,116,0.0,-1.54,0,4,29.19,13.41,False
sz002675,20240927,12.84,12.52,False,False,83,92,-6.15,-3.78,37,28,14.95,5.53,False
sz301050,20250625,50.83,50.8,False,False,46,46,-15.15,-13.04,74,74,11.43,-1.85,False
sz399695,20240927,1879.73,1810.16,True,False,120,118,0.0,-1.13,0,2,26.9,14.11,False
sz300167,20240805,1.85,1.77,False,False,74,100,-15.68,-8.12,46,20,58.92,35.14,True
sz300534,20240806,7.89,7.79,False,False,86,68,-12.8,-9.53,34,52,39.67,9.38,False
sz002268,20240927,15.3,14.5,False,False,109,101,-6.27,-7.57,11,19,33.66,6.41,False
sz399808,20240927,1878.2,1804.09,False,False,113,76,-2.67,-6.74,7,44,24.4,1.42,False
sz300053,20240730,10.81,10.02,False,False,90,80,-16.47,-9.61,30,40,74.28,15.82,False
sz002095,20240924,13.07,12.65,True,False,120,115,0.0,-4.76,0,5,129.3,36.57,True
sz002920,20250812,113.91,107.63,False,False,92,90,-5.69,-6.43,28,30,32.76,4.0,False
sz002226,20240930,4.5,4.37,False,False,109,113,-5.55,-2.59,11,7,33.96,25.75,True
sz000735,20240731,4.97,4.85,False,False,87,99,-8.65,-4.85,33,21,56.34,22.94,True
sz002112,20240912,9.2,8.77,False,True,118,120,-1.41,0.0,2,0,100.87,82.83,True
sz002741,20240731,11.3,11.03,False,False,92,100,-13.27,-10.25,28,20,121.33,36.28,True
sz301233,20251022,54.82,54.76,False,False,40,43,-15.25,-13.65,77,74,6.26,-0.11,False
sz003008,20251224,22.25,22.1,False,False,60,52,-5.71,-7.96,12,20,11.51,5.71,False
sz002171,20240930,6.83,6.55,False,False,101,108,-9.51,-4.28,19,12,46.08,33.2,True
sz300802,20251020,19.89,19.36,False,False,56,49,-11.76,-13.55,63,70,15.43,-3.12,False
sz000936,20240930,6.67,6.06,False,False,110,114,-7.35,-4.89,10,6,38.08,6.45,False
sz300304,20240731,6.25,6.19,False,False,82,82,-13.91,-14.22,38,38,53.4,31.81,True
sz300663,20240902,10.48,10.19,False,False,116,100,-2.39,-7.51,4,20,165.55,82.16,True
sz301080,20251203,55.75,55.48,False,False,19,15,-29.02,-29.07,68,72,24.39,-13.79,False
sz399645,20240926,8193.03,8178.8,True,False,120,118,0.0,-0.13,0,2,22.26,9.76,False
sz000949,20240731,3.54,3.48,False,False,90,83,-15.25,-19.57,30,37,40.1,15.79,False
sz002274,20240926,7.05,7.04,True,False,120,119,0.0,-0.17,0,1,17.3,8.37,False
sz000767,20240927,2.46,2.43,False,False,106,92,-4.88,-6.52,14,28,28.46,10.16,False
sz300528,20240805,7.39,7.34,False,False,88,84,-16.1,-14.44,32,36,61.84,18.0,False
sz002972,20251201,12.54,12.4,False,False,31,43,-14.91,-13.29,58,46,4.86,3.11,False
sz000880,20240821,6.05,5.9,False,False,100,108,-4.84,-2.66,20,12,271.07,271.07,True
sz200726,20240930,3.91,3.75,False,False,84,92,-4.73,-5.38,36,28,6.17,-0.13,False
sz001379,20250714,20.82,20.67,False,False,99,106,-3.51,-3.93,21,14,23.05,20.03,True
sz301136,20251027,12.4,12.09,True,False,114,89,0.0,-13.68,0,25,117.42,28.71,True
sz399814,20240927,978.62,941.36,False,False,108,110,-0.96,-1.09,12,10,12.77,4.31,False
sz300334,20250924,7.02,6.81,False,False,105,90,-2.99,-7.31,15,30,18.52,5.41,False
sz000729,20240924,9.34,9.17,False,False,119,119,-2.78,-0.96,1,1,30.94,27.94,True
sz300566,20240926,13.98,13.98,True,False,120,119,0.0,-0.19,0,1,65.44,42.69,True
sz300335,20240926,3.96,3.94,True,False,120,117,0.0,-2.2,0,3,42.42,25.76,True
sz300001,20240731,19.88,19.79,False,False,81,75,-14.64,-14.36,39,45,22.58,18.96,False
sz301178,20260114,56.43,56.35,False,False,2,4,-21.67,-20.74,57,55,0.32,-2.18,False
sz002390,20240930,3.59,3.35,False,False,97,106,-8.91,-5.36,23,14,33.41,3.9,False
sz300850,20260105,43.44,41.89,False,False,46,43,-8.06,-13.97,20,23,22.88,-2.0,False
sz002259,20240930,2.65,2.64,False,False,7,65,-18.87,-12.59,113,55,2.26,-10.94,False
sz002896,20250711,61.44,61.02,True,False,120,102,0.0,-8.44,0,18,71.88,43.2,True
sz300631,20240930,21.42,18.81,False,False,86,111,-10.04,-5.32,34,9,25.12,1.21,False
sz002911,20250716,10.67,10.64,False,False,101,101,-3.94,-3.27,19,19,31.68,13.87,False
sz300318,20240802,4.97,4.93,False,False,107,81,-4.02,-5.67,13,39,35.01,16.7,False
sz000157,20240930,7.08,6.77,False,False,25,100,-13.7,-6.58,95,20,11.44,0.56,False
sz002444,20240829,24.47,24.27,True,False,120,119,0.0,-0.66,0,1,35.99,18.09,False
sz301261,20250709,78.17,76.96,False,False,106,68,-7.79,-12.01,14,52,35.28,35.28,True
sz300482,20240930,26.0,24.2,False,False,4,59,-19.5,-10.14,116,61,10.0,-10.04,False
sz399659,20240927,3230.26,3072.94,True,True,120,120,0.0,0.0,0,0,24.61,16.34,False
sz002123,20240923,7.35,7.1,False,False,117,116,-3.27,-6.14,3,4,211.02,74.69,True
sz301355,20250624,11.8,11.7,False,False,106,105,-2.21,-3.09,14,15,23.72,10.41,False
sz002570,20240924,2.69,2.67,True,False,120,119,0.0,-1.24,0,1,115.24,91.45,True
sz000063,20240731,26.8,26.19,False,False,81,82,-14.51,-12.05,39,38,58.31,46.86,True
sz002017,20240913,8.31,8.25,True,False,120,118,0.0,-1.0,0,2,38.41,30.58,True
sz000504,20240902,7.65,7.4,False,False,108,103,-9.67,-7.9,12,17,42.35,42.35,True
sz300118,20240930,13.81,11.73,False,False,30,61,-23.68,-16.24,90,59,15.42,-23.68,False
sz300683,20251017,36.47,34.92,False,False,13,29,-23.96,-26.35,107,91,33.75,-6.22,False
sz000850,20240906,3.38,3.08,False,False,114,117,-8.28,-1.74,6,3,49.36,23.94,True
sz301548,20250624,47.02,46.16,True,False,120,104,0.0,-4.62,0,16,30.98,11.33,False
sz002059,20240731,5.08,5.03,False,False,83,77,-9.25,-8.89,37,43,23.62,0.2,False
sz002824,20240820,13.86,13.84,False,False,100,81,-13.71,-12.25,20,39,64.72,24.6,True
sz300729,20250819,14.76,14.75,False,False,32,37,-8.88,-7.74,88,83,9.76,-5.56,False
sz000833,20240730,4.65,4.64,True,False,120,108,0.0,-4.2,0,12,337.13,140.28,True
sz002494,20240927,3.36,3.29,True,False,120,115,0.0,-10.51,0,5,44.94,27.08,True
sz300201,20240930,4.0,3.57,False,True,114,120,-5.0,0.0,6,0,65.25,36.5,True
sz300452,20240927,11.48,11.36,False,False,89,68,-4.18,-5.81,31,52,21.25,2.87,False
sz399689,20240930,911.27,885.03,False,False,1,27,-14.84,-9.11,119,93,2.61,-10.68,False
sz300135,20240802,2.72,2.71,False,False,83,83,-11.76,-12.64,37,37,106.25,55.51,True
sz002669,20240927,8.62,8.61,True,False,120,113,0.0,-5.49,0,7,30.16,9.16,False
sz300767,20260123,21.1,20.91,False,False,9,9,-14.69,-14.9,43,43,10.66,10.66,False
sz002340,20240731,6.12,5.99,False,False,81,69,-10.45,-10.7,39,51,23.02,2.61,False
sz301565,20250624,21.39,21.35,True,True,120,120,0.0,0.0,0,0,43.57,20.24,True
sz300386,20240830,8.34,7.95,False,False,117,119,-4.92,-0.3,3,1,175.18,131.89,True
sz200581,20240919,9.76,9.7,True,True,120,120,0.0,0.0,0,0,35.67,31.16,True
sz002627,20240731,4.78,4.74,False,False,75,73,-9.42,-8.4,45,47,19.27,4.82,False
sz301002,20251218,30.78,29.86,True,False,76,67,0.0,-12.16,0,9,52.63,41.16,True
sz301560,20251104,38.43,36.57,False,False,34,65,-14.39,-9.21,75,44,12.31,10.12,False
sz300383,20240926,8.47,8.32,True,True,120,120,0.0,0.0,0,0,170.25,96.69,True
sz002516,20240925,3.83,3.82,True,False,120,118,0.0,-2.11,0,2,60.57,36.29,True
sz000878,20240927,12.5,12.23,False,False,76,108,-6.08,-2.44,44,12,13.12,2.08,False
sz300762,20250625,22.18,21.68,False,False,117,119,-0.9,-0.2,3,1,61.0,60.78,True
sz002491,20240930,3.93,3.62,False,False,111,117,-6.36,-1.56,9,3,41.22,16.54,False
sz300204,20240802,7.36,6.41,False,False,69,83,-17.26,-9.81,51,37,22.96,-3.94,False
sz300902,20250707,18.85,18.69,True,False,120,99,0.0,-6.87,0,21,71.78,11.72,False
sz002558,20240926,9.83,9.43,True,True,120,120,0.0,0.0,0,0,68.09,40.33,True
sz300153,20240903,6.08,6.01,False,False,109,114,-4.28,-3.01,11,6,549.67,540.13,True
sz002195,20240927,2.58,2.54,True,True,120,120,0.0,0.0,0,0,170.16,109.69,True
sz002821,20240927,75.03,69.62,False,False,94,95,-8.53,-6.71,26,25,20.57,6.57,False
sz002368,20240930,20.44,19.06,False,False,119,112,-0.83,-3.33,1,8,55.0,20.99,True
sz399412,20240926,2011.51,1998.76,True,False,120,113,0.0,-2.39,0,7,32.58,14.25,False
sz300434,20240927,7.86,7.77,False,False,119,104,-0.64,-7.58,1,16,30.02,9.03,False
sz002788,20240926,7.46,7.44,True,False,120,86,0.0,-4.3,0,34,20.38,4.16,False
sz002641,20240927,4.18,4.05,False,False,105,98,-4.54,-5.38,15,22,25.59,5.5,False
sz301503,20250625,37.4,37.23,False,False,97,82,-8.13,-12.64,23,38,16.82,-5.99,False
sz000635,20240925,6.24,6.24,True,False,120,112,0.0,-1.56,0,8,64.58,29.49,True
sz300701,20250625,10.07,10.04,False,False,119,118,-0.7,-1.19,1,2,49.55,32.57,True
sz002326,20240927,8.92,8.54,False,False,94,95,-8.52,-8.25,26,25,50.22,16.26,False
sz300029,20240808,4.52,4.23,False,False,72,70,-19.25,-9.55,48,50,43.58,7.74,False
sz002775,20240822,2.32,2.3,False,False,106,110,-8.19,-5.34,14,10,96.12,59.91,True
sz002126,20240926,17.11,16.98,False,False,118,115,-0.18,-0.93,2,5,109.11,60.78,True
sz002212,20240927,5.15,4.99,True,False,120,118,0.0,-0.95,0,2,89.02,55.06,True
sz300487,20240924,42.68,42.45,True,False,120,86,0.0,-5.3,0,34,44.02,10.94,False
sz000701,20240927,4.05,3.96,True,False,120,114,0.0,-3.74,0,6,44.94,18.77,False
sz002588,20240813,6.4,6.36,False,False,117,92,-1.41,-4.25,3,28,24.55,7.04,False
sz300067,20240913,4.07,4.05,False,False,115,110,-7.62,-6.85,5,10,74.2,57.25,True
sz300855,20250624,22.16,22.11,True,False,120,119,0.0,-0.19,0,1,41.2,34.93,True
sz301479,20251023,93.35,93.21,False,False,27,38,-12.42,-10.92,89,78,16.64,16.64,False
sz300500,20240827,10.6,9.97,False,False,69,65,-13.77,-14.65,51,55,28.49,4.15,False
sz399671,20240927,6991.29,6808.1,False,False,75,82,-5.63,-4.14,45,38,19.4,-0.98,False
sz300657,20240930,17.06,15.21,False,True,115,120,-7.74,0.0,5,0,169.52,99.71,True
sz002691,20240902,5.18,5.09,False,False,94,97,-10.04,-12.17,26,23,165.25,89.19,True
sz399996,20240731,2437.69,2434.95,False,False,81,81,-11.88,-10.35,39,39,44.78,41.36,True
sz300836,20260408,56.36,56.0,True,True,7,7,0.0,0.0,0,0,13.34,10.57,False
sz000902,20240808,11.35,11.08,False,False,115,100,-3.17,-4.02,5,20,20.09,7.75,False
sz300183,20240815,13.03,11.59,False,False,96,118,-7.98,-4.18,24,2,54.18,32.62,True
sz002716,20240930,3.5,3.28,False,False,93,113,-8.86,-2.69,27,7,20.57,8.57,False
sz301133,20250627,22.32,22.23,False,True,118,120,-0.36,0.0,2,0,66.67,41.98,True
sz002145,20240927,3.92,3.69,False,False,118,119,-2.04,-0.85,2,1,25.29,12.77,False
sz300619,20240912,20.19,19.37,False,False,70,76,-18.78,-13.32,50,44,41.03,12.46,False
sz000762,20240927,21.3,19.44,False,False,88,73,-7.04,-5.54,32,47,22.77,-1.31,False
sz002271,20240927,10.69,10.49,False,False,100,99,-4.96,-4.62,20,21,30.59,4.63,False
sz301207,20250701,16.32,16.28,False,False,117,114,-0.74,-1.16,3,6,55.55,18.29,False
sz300878,20251219,23.98,22.86,True,False,75,70,0.0,-5.01,0,5,47.33,11.38,False
sz002422,20240731,29.16,28.92,False,False,94,70,-13.41,-16.53,26,50,16.91,-5.67,False
sz399358,20240926,3986.3,3926.51,True,False,120,105,0.0,-2.76,0,15,26.6,9.64,False
sz300587,20240927,4.23,4.1,False,False,101,75,-7.8,-9.82,19,45,37.56,7.8,False
sz000601,20240731,3.63,3.55,False,False,84,81,-11.84,-10.37,36,39,17.62,8.81,False
sz300129,20240927,7.17,6.95,False,False,72,66,-7.53,-8.31,48,54,26.36,0.7,False
sz301199,20250624,24.28,23.6,False,False,96,74,-14.33,-19.05,24,46,26.28,-13.8,False
sz002026,20240927,8.22,8.03,True,True,120,120,0.0,0.0,0,0,55.72,34.67,True
sz301603,20260227,75.01,74.73,False,False,4,6,-16.44,-15.1,29,27,25.98,25.98,True
sz300955,20260310,35.85,35.7,False,False,17,15,-11.88,-11.95,9,11,8.79,7.09,False
sz002993,20250627,39.74,38.42,False,False,102,99,-2.54,-5.16,18,21,34.22,7.95,False
sz000786,20240926,28.28,27.56,False,False,87,102,-4.24,-4.24,33,18,14.53,-0.18,False
sz300400,20240730,10.92,10.48,False,False,114,111,-8.06,-4.21,6,9,83.24,50.64,True
sz002295,20240930,5.97,5.57,False,False,108,119,-7.87,-0.16,12,1,35.82,25.44,True
sz300253,20240927,6.28,5.89,False,False,118,103,-1.43,-7.22,2,17,110.76,71.39,True
sz002068,20241028,7.18,7.13,False,False,115,108,-6.96,-6.65,5,12,79.53,44.71,True
sz002815,20240731,8.64,8.29,False,False,81,82,-16.2,-12.23,39,38,28.01,18.87,False
sz300463,20240812,12.71,12.16,False,False,68,65,-12.67,-7.24,52,55,26.36,2.83,False
sz301280,20250624,38.37,37.36,False,False,118,112,-0.5,-3.26,2,8,53.95,25.05,True
sz300936,20250624,38.26,38.03,False,False,84,62,-7.61,-10.72,36,58,15.13,-6.33,False
sz301349,20250624,39.52,33.86,False,False,59,119,-7.89,-0.42,61,1,64.22,18.12,False
sz300718,20250715,77.08,76.05,False,False,119,74,-1.13,-10.12,1,46,33.15,9.34,False
sz002876,20240930,23.08,22.34,False,False,112,105,-6.59,-3.16,8,15,40.94,16.33,False
sz002658,20240813,5.54,5.51,False,False,91,89,-11.9,-11.01,29,31,38.24,20.02,True
sz000985,20240903,13.64,13.18,False,False,108,114,-7.55,-3.96,12,6,62.07,34.08,True
sz399391,20240926,3028.91,3003.92,False,False,114,111,-0.82,-0.97,6,9,14.34,5.47,False
sz002522,20240927,3.42,3.37,True,False,120,119,0.0,-0.3,0,1,94.6,36.5,True
sz002371,20240830,234.98,230.97,False,False,103,103,-10.85,-9.24,17,17,53.09,45.43,True
sz301307,20250624,23.76,23.4,False,False,111,109,-4.88,-4.71,9,11,88.34,58.29,True
sz301033,20251111,70.2,69.31,False,False,33,27,-18.12,-17.8,70,76,15.38,-16.48,False
sz002616,20240802,4.33,4.23,False,False,60,67,-17.32,-15.13,60,53,35.8,7.16,False
sz300985,20251021,18.62,18.22,False,False,101,77,-4.62,-7.81,17,41,50.38,18.85,False
sz300519,20240801,12.72,11.34,False,False,66,77,-19.89,-9.87,54,43,31.45,1.1,False
sz002943,20251126,32.19,31.84,False,False,91,80,-1.58,-6.22,1,12,164.71,82.63,True
sz002245,20240813,8.06,7.97,False,False,89,90,-13.89,-11.57,31,30,67.82,58.15,True
sz000756,20240812,16.22,15.35,False,False,22,72,-16.9,-9.38,98,48,12.12,-6.51,False
sz300283,20240807,4.81,4.81,False,False,89,72,-11.02,-11.49,31,48,42.62,18.71,False
sz002416,20240805,9.36,9.36,False,False,85,85,-10.26,-11.12,35,35,123.4,37.82,True
sz000978,20240927,6.38,6.25,False,False,46,72,-10.34,-7.01,74,48,11.29,0.78,False
sz002722,20240920,11.81,11.66,True,False,120,116,0.0,-1.37,0,4,46.14,28.11,True
sz301107,20251021,29.01,28.29,False,False,49,48,-10.44,-11.02,69,70,12.86,-3.38,False
sz002591,20240911,4.23,4.17,False,False,116,115,-3.55,-5.29,4,5,53.9,31.44,True
sz300557,20240926,17.98,17.7,True,True,120,120,0.0,0.0,0,0,69.89,37.16,True
sz000718,20240923,1.71,1.69,True,False,120,105,0.0,-5.78,0,15,73.1,28.07,True
sz002458,20240930,9.12,8.58,False,False,39,76,-10.32,-6.3,81,44,15.8,-0.45,False
sz399016,20240927,3516.86,3348.65,True,True,120,120,0.0,0.0,0,0,32.78,24.68,True
sz301149,20251111,11.71,11.38,False,False,50,62,-12.13,-9.22,53,41,17.85,10.08,False
sz001306,20250716,80.24,77.96,False,False,109,78,-2.48,-12.79,11,42,37.8,9.27,False
sz300030,20240909,4.86,4.28,True,False,120,92,0.0,-7.4,0,28,62.76,27.16,True
sz300861,20260109,15.74,15.71,False,False,55,42,-2.03,-6.01,7,20,25.67,9.66,False
sz000955,20240925,3.63,3.51,False,False,116,113,-5.51,-4.16,4,7,72.73,16.25,False
sz300786,20251223,16.69,16.26,False,False,22,26,-17.5,-17.44,51,47,6.65,-10.13,False
sz300600,20240927,6.16,6.12,True,False,120,119,0.0,-0.27,0,1,38.96,32.79,True
sz000586,20240927,8.13,7.99,False,False,119,112,-0.98,-5.53,1,8,60.76,15.87,False
sz003025,20250624,13.25,13.14,False,False,119,91,-1.89,-6.25,1,29,16.83,1.28,False
sz399626,20240926,1128.76,1124.14,True,False,120,119,0.0,-0.24,0,1,39.66,26.7,True
sz000166,20240731,4.43,4.33,False,False,96,102,-7.32,-5.65,24,18,39.9,11.36,False
sz002475,20241127,38.93,38.54,False,False,76,55,-26.84,-29.98,44,65,18.11,-19.83,False
sz300329,20240805,4.64,4.34,False,False,85,87,-18.33,-12.01,35,33,48.51,24.62,True
sz301399,20251022,19.11,19.07,False,False,92,79,-8.42,-11.19,26,39,32.6,32.6,True
sz002688,20240802,3.75,3.74,False,False,84,81,-10.66,-11.25,36,39,27.18,13.59,False
sz003816,20250625,3.6,3.58,False,False,115,116,-1.66,-0.77,5,4,14.56,6.24,False
sz000401,20240924,4.56,4.53,True,False,120,67,0.0,-9.07,0,53,35.75,7.24,False
sz399668,20240926,3171.45,3106.62,True,False,120,119,0.0,-1.28,0,1,44.71,27.17,True
sz301161,20250624,21.72,21.48,True,False,120,102,0.0,-10.11,0,18,111.23,41.48,True
sz002925,20251125,18.15,18.04,False,False,78,65,-6.94,-8.3,15,28,29.64,10.08,False
sz002158,20250722,18.11,17.95,False,False,106,109,-5.85,-4.99,14,11,58.7,46.27,True
sz002223,20240930,37.08,34.97,False,False,6,80,-11.97,-5.49,114,40,3.1,-4.96,False
sz002159,20240903,13.63,13.6,False,False,107,83,-8.29,-7.24,13,37,37.49,9.68,False
sz300056,20240926,9.51,8.8,True,False,120,117,0.0,-7.99,0,3,110.94,41.96,True
sz001360,20251124,15.97,15.47,False,False,93,86,-0.38,-4.88,1,8,85.22,37.01,True
sz002090,20240930,8.49,8.08,False,False,95,116,-8.13,-3.06,25,4,24.68,14.43,False
sz300531,20240731,10.77,10.55,False,False,106,90,-11.05,-8.98,14,30,79.01,25.53,True
sz301085,20250813,62.5,62.37,False,False,14,35,-20.05,-14.17,106,85,9.07,3.76,False
sz399640,20240926,1610.34,1604.9,True,False,120,118,0.0,-1.49,0,2,46.66,31.86,True
sz301278,20250630,33.33,32.88,False,False,114,101,-2.19,-5.77,6,19,23.31,1.86,False
sz200468,20240812,1.92,1.79,False,True,111,120,-6.25,0.0,9,0,164.06,116.15,True
sz300301,20240927,1.3,1.29,True,True,120,120,0.0,0.0,0,0,60.77,49.23,True
sz300628,20240910,31.7,31.58,True,False,120,118,0.0,-0.17,0,2,43.78,21.1,True
sz002174,20240927,8.44,8.09,False,False,118,106,-2.37,-4.25,2,14,31.52,10.31,False
sz000100,20240927,4.21,4.15,False,False,113,103,-4.99,-7.76,7,17,25.89,4.99,False
sz301236,20250818,57.82,56.74,False,False,10,23,-22.1,-15.59,110,97,7.42,-17.36,False
sz002240,20240930,15.29,14.46,False,False,29,59,-16.81,-11.39,91,61,13.54,-16.15,False
sz002389,20240806,15.0,14.86,False,False,86,85,-14.87,-12.78,34,35,60.87,19.87,False
sz300980,20250805,24.42,24.27,False,False,104,105,-5.86,-7.53,16,15,59.3,51.56,True
sz301665,20251027,30.47,30.02,False,False,34,43,-15.82,-13.21,80,71,8.7,-11.65,False
sz300086,20240906,4.17,4.11,False,False,110,96,-9.59,-6.47,10,24,55.88,16.31,False
sz002040,20240925,5.62,5.57,True,False,120,118,0.0,-0.4,0,2,31.34,16.21,False
sz000553,20240926,5.1,5.09,False,False,118,99,-1.96,-7.44,2,21,70.59,15.1,False
sz301302,20250717,24.03,23.52,False,False,41,43,-10.45,-11.01,79,77,17.39,8.74,False
sz002527,20240926,6.5,6.46,True,True,120,120,0.0,0.0,0,0,190.77,80.62,True
sz000034,20240926,25.7,25.31,True,True,120,120,0.0,0.0,0,0,124.02,58.94,True
sz200512,20241226,3.45,3.36,False,False,42,29,-15.06,-18.76,78,91,6.95,-2.14,False
sz002873,20240930,9.83,9.18,False,False,50,90,-11.29,-5.83,70,30,26.03,-2.66,False
sz300933,20250624,7.44,7.23,False,False,119,104,-0.27,-8.03,1,16,34.54,5.65,False
sz301285,20250624,29.95,29.9,True,True,120,120,0.0,0.0,0,0,141.0,141.0,True
sz002810,20240927,12.85,12.41,False,False,72,68,-10.58,-8.84,48,52,16.5,-2.41,False
sz300162,20240731,6.32,6.13,False,False,84,70,-12.34,-12.13,36,50,50.95,9.34,False
sz300405,20240926,3.99,3.92,True,False,120,101,0.0,-10.19,0,19,49.37,12.53,False
sz002290,20241008,13.34,12.88,False,False,109,114,-9.37,-5.94,11,6,117.39,89.96,True
sz399423,20240926,1877.49,1874.48,True,True,120,120,0.0,0.0,0,0,45.31,30.56,True
sz301606,20251124,58.74,58.46,False,False,92,78,-1.09,-4.11,3,17,46.71,27.68,True
sz002670,20240731,10.27,9.57,False,False,82,91,-16.46,-8.63,38,29,86.37,30.48,True
sz002811,20250731,10.36,10.07,True,True,120,120,0.0,0.0,0,0,61.53,52.26,True
sz300730,20260408,14.78,14.35,False,True,4,7,-2.5,0.0,3,0,2.3,-2.5,False
sz002317,20240930,13.4,12.28,False,False,4,55,-22.24,-13.64,116,65,6.12,-17.46,False
sz300267,20240808,2.69,2.41,False,False,69,74,-20.07,-9.77,51,46,33.46,2.97,False
sz300686,20260306,15.73,15.12,False,False,11,14,-15.07,-12.88,17,14,24.22,18.56,False
sz300961,20251016,17.86,17.54,False,False,2,4,-30.24,-20.92,118,116,1.4,-23.12,False
sz000028,20240930,31.26,31.13,False,False,4,32,-19.86,-13.15,116,88,1.76,-18.58,False
sz399241,20240923,1071.68,1068.69,True,False,120,72,0.0,-7.96,0,48,45.92,12.37,False
sz002012,20240912,3.68,3.61,False,False,118,99,-1.36,-5.12,2,21,66.38,29.11,True
sz000501,20240920,6.81,6.79,False,False,119,99,-1.32,-3.64,1,21,69.14,19.8,False
sz300229,20240927,13.92,13.27,True,True,120,120,0.0,0.0,0,0,109.48,51.51,True
sz301299,20250625,63.3,62.44,False,False,37,48,-17.49,-13.68,83,72,6.65,-16.73,False
sz002575,20240927,5.05,4.86,False,True,118,120,-4.75,0.0,2,0,155.64,78.02,True
sz000066,20240925,8.74,8.73,True,False,120,115,0.0,-7.22,0,5,165.9,61.44,True
sz002622,20240910,1.72,1.67,False,False,112,114,-16.28,-11.96,8,6,118.02,81.98,True
sz301007,20251231,40.52,39.74,False,False,4,4,-23.96,-20.4,63,63,3.04,-13.06,False
sz000656,20240926,1.25,1.24,False,False,104,83,-9.6,-7.74,16,37,45.6,16.0,False
sz301333,20250708,50.97,49.15,False,False,114,109,-2.57,-3.55,6,11,34.57,16.83,False
sz002345,20240927,4.65,4.58,False,False,108,118,-5.38,-2.91,12,2,87.1,71.4,True
sz300885,20250624,12.69,12.66,False,False,119,110,-0.79,-6.78,1,10,143.34,79.59,True
sz300419,20240925,5.3,5.23,False,False,69,71,-25.09,-24.11,51,49,55.28,0.57,False
sz301180,20250905,14.7,14.27,False,False,115,116,-3.06,-2.91,5,4,38.64,38.64,True
sz001206,20260114,28.5,28.27,False,False,0,0,-30.14,-29.45,59,59,0.0,-29.27,False
sz300130,20240925,17.05,16.77,True,False,120,92,0.0,-12.97,0,28,95.13,18.83,False
sz301049,20250624,23.25,23.03,False,False,58,62,-13.16,-12.32,62,58,10.02,-12.6,False
sz002842,20240927,5.69,5.56,False,False,119,118,-0.7,-2.79,1,2,42.0,22.67,True
sz300457,20240925,16.32,15.61,True,False,120,99,0.0,-6.89,0,21,66.03,26.09,True
sz300004,20240820,4.84,4.53,False,False,94,96,-16.53,-10.71,26,24,61.16,34.71,True
sz001332,20250905,37.75,36.63,True,False,120,118,0.0,-5.06,0,2,88.42,62.38,True
sz002758,20240927,7.86,7.84,True,False,120,112,0.0,-3.22,0,8,24.69,8.65,False
sz002939,20251205,10.38,10.23,False,False,4,2,-16.12,-15.67,81,83,2.56,-11.4,False
sz300563,20240925,29.57,27.87,True,False,120,91,0.0,-23.45,0,29,136.1,32.6,True
sz301380,20251023,36.36,36.16,False,False,37,37,-16.42,-16.12,79,79,18.67,-7.21,False
sz399811,20240927,2888.32,2739.1,True,True,120,120,0.0,0.0,0,0,42.29,28.35,True
sz002977,20251124,38.28,36.7,False,False,24,29,-32.21,-25.23,70,65,16.01,-22.83,False
sz000885,20240927,11.56,11.34,True,False,120,98,0.0,-2.67,0,22,23.78,9.69,False
sz301150,20260203,41.55,40.4,False,False,44,44,-6.02,-3.82,2,2,52.73,52.73,True
sz301099,20250701,36.63,35.8,False,False,99,101,-3.85,-2.87,21,19,55.84,20.38,True
sz002441,20240930,7.12,6.97,False,False,91,102,-7.72,-5.6,29,18,34.41,17.7,False
sz002168,20241106,2.52,2.49,False,False,53,47,-17.06,-17.94,67,73,36.9,5.16,False
sz001298,20260119,32.66,32.55,False,False,4,4,-37.41,-34.18,52,52,4.72,-32.7,False
sz003011,20260108,21.89,21.54,False,False,62,54,-0.14,-5.73,1,9,29.24,9.41,False
sz002395,20240930,15.18,14.37,False,False,107,116,-6.92,-1.65,13,4,26.55,17.46,False
sz000686,20240924,6.01,5.87,True,False,120,116,0.0,-0.4,0,4,52.41,30.28,True
sz300353,20240919,8.02,7.99,True,False,120,118,0.0,-0.33,0,2,181.92,158.1,True
sz002893,20250624,10.37,10.19,True,False,120,118,0.0,-2.4,0,2,36.0,10.73,False
sz300999,20250724,31.01,30.98,False,False,60,59,-7.67,-8.02,60,61,10.13,-3.71,False
sz000683,20240731,6.49,6.17,False,False,1,13,-28.04,-25.34,119,107,1.39,-16.02,False
sz300505,20240930,13.94,12.48,False,False,111,115,-5.45,-2.54,9,5,31.42,11.55,False
sz300062,20240806,4.85,4.83,False,False,102,78,-4.54,-9.12,18,42,35.05,9.28,False
sz301155,20251204,79.19,78.44,False,False,42,39,-19.17,-22.27,44,47,16.34,-15.75,False
sz300504,20250707,15.29,15.26,False,False,40,46,-11.05,-9.63,80,74,10.07,-4.51,False
sz000430,20240925,5.36,5.25,False,False,114,112,-6.98,-9.62,6,8,33.77,27.27,True
sz301598,20250806,63.71,62.63,False,False,79,83,-6.45,-6.76,41,37,14.1,3.2,False
sz301202,20250704,41.06,40.84,False,False,92,64,-9.28,-14.19,28,56,31.51,-0.95,False
sz002427,20240930,3.53,3.21,False,False,88,104,-9.63,-6.29,32,16,79.6,44.19,True
sz002713,20240930,2.37,2.16,False,False,115,118,-5.95,-0.95,5,2,120.31,47.51,True
sz002140,20240930,7.84,7.33,False,False,107,119,-6.51,-0.15,13,1,45.92,33.29,True
sz003039,20250901,13.77,13.69,False,False,87,87,-3.7,-3.55,33,33,36.02,23.17,True
sz002469,20240930,5.25,5.0,False,False,99,111,-8.19,-3.45,21,9,141.71,51.62,True
sz300833,20250709,35.85,35.77,False,False,108,111,-3.91,-3.53,12,9,31.55,14.98,False
sz399674,20240927,1767.95,1744.36,False,False,100,78,-5.15,-5.91,20,42,22.85,4.23,False
sz300652,20240926,15.32,15.26,True,True,120,120,0.0,0.0,0,0,177.26,112.96,True
sz001337,20250804,23.77,23.6,False,False,107,108,-2.23,-2.01,13,12,209.34,209.34,True
sz002694,20240930,3.94,3.85,False,False,108,91,-7.87,-10.11,12,29,68.27,10.91,False
sz399993,20240927,2293.23,2220.82,False,False,101,100,-5.32,-5.48,19,20,26.22,10.1,False
sz300907,20251125,33.09,32.15,False,False,2,2,-20.82,-17.1,91,91,5.59,-12.06,False
sz301378,20250626,28.65,28.41,False,False,108,97,-3.63,-11.59,12,23,34.38,-1.05,False
sz000529,20240930,5.99,5.82,False,False,31,78,-11.35,-7.37,89,42,10.35,-1.84,False
sz301185,20250905,19.27,18.98,False,False,82,75,-5.5,-7.9,38,45,15.57,6.9,False
sz002289,20240927,3.25,3.21,False,False,113,116,-6.15,-3.28,7,4,54.46,54.46,True
sz300880,20250707,21.55,21.44,False,False,0,1,-18.75,-11.63,120,119,0.0,-18.14,False
sz002513,20240924,3.86,3.72,False,False,111,69,-4.15,-11.69,9,51,116.06,19.43,False
sz300949,20251022,40.45,40.41,False,False,80,64,-11.03,-14.82,37,53,29.05,-3.46,False
sz301336,20251201,59.12,54.98,False,False,14,47,-19.96,-13.41,75,42,9.91,-13.14,False
sz002074,20240731,19.43,19.28,False,False,81,68,-8.13,-7.54,39,52,30.26,5.97,False
sz002809,20240807,7.4,7.33,False,False,75,84,-17.16,-15.81,45,36,23.24,11.89,False
sz000567,20240926,5.83,5.62,False,False,119,64,-0.69,-17.97,1,56,62.61,-0.69,False
sz399307,20240930,276.91,271.0,False,False,113,119,-2.61,-0.46,7,1,14.17,11.85,False
sz000630,20240927,3.41,3.38,False,False,14,62,-11.14,-4.19,106,58,9.38,-3.52,False
sz002323,20240923,1.25,1.24,True,False,120,117,0.0,-5.91,0,3,90.4,29.6,True
sz301061,20251119,90.21,89.38,False,False,43,25,-22.02,-22.67,54,72,23.27,-18.33,False
sz002644,20240807,7.32,7.23,False,False,86,90,-15.03,-11.53,34,30,30.75,9.29,False
sz300964,20251020,44.06,43.08,False,True,118,120,-1.13,0.0,2,0,75.89,71.15,True
sz399417,20240926,2191.46,2187.45,True,True,120,120,0.0,0.0,0,0,36.05,28.79,True
sz000999,20240812,32.11,31.64,False,False,96,88,-17.35,-17.04,24,32,19.57,4.5,False
sz000062,20251015,27.12,26.88,False,False,24,34,-15.01,-12.87,96,86,6.86,3.24,False
sz002190,20240926,14.71,14.68,True,False,120,114,0.0,-6.01,0,6,38.0,12.1,False
sz001260,20251124,20.1,19.74,False,False,75,57,-4.28,-7.98,19,37,30.6,4.63,False
sz300287,20240730,2.87,2.53,False,False,87,95,-25.09,-12.14,33,25,116.03,44.25,True
sz000752,20240905,6.63,6.6,False,False,104,102,-6.79,-7.5,16,18,42.23,20.66,True
sz002241,20240920,18.25,18.01,False,True,119,120,-0.05,0.0,1,0,64.44,45.15,True
sz300981,20251031,13.14,13.12,False,False,71,48,-7.99,-10.77,39,62,22.68,2.36,False
sz301103,20251103,22.08,21.93,False,False,3,30,-15.99,-12.18,106,79,1.4,-13.32,False
sz002726,20240927,6.93,6.81,False,False,37,54,-10.53,-10.64,83,66,14.57,-10.1,False
sz300806,20250630,16.5,16.42,False,False,113,110,-6.36,-6.48,7,10,87.33,78.91,True
sz300553,20240930,18.78,17.87,False,False,114,117,-7.5,-2.25,6,3,113.39,95.04,True
sz002909,20251020,6.46,6.4,False,False,110,95,-5.42,-12.64,9,24,26.16,-1.39,False
sz002595,20240731,36.0,35.16,False,False,107,108,-6.28,-5.57,13,12,47.07,42.71,True
sz300034,20240930,17.11,15.41,False,False,21,77,-16.48,-8.44,99,43,14.61,-5.03,False
sz399012,20240926,2450.19,2444.04,True,False,120,117,0.0,-2.35,0,3,47.89,28.91,True
sz002768,20240927,19.58,19.26,True,True,120,120,0.0,0.0,0,0,35.14,26.26,True
sz300363,20240927,14.02,13.53,True,False,120,112,0.0,-2.84,0,8,51.21,32.67,True
sz300865,20251103,33.02,30.7,False,False,0,10,-26.32,-17.13,109,99,0.0,-15.9,False
sz300057,20240927,4.59,4.32,False,False,110,93,-3.49,-9.05,10,27,37.04,7.84,False
sz003021,20250721,121.75,118.77,False,False,41,59,-16.94,-13.27,79,61,22.79,1.02,False
sz000582,20240731,7.38,7.35,False,False,96,97,-11.65,-11.59,24,23,14.51,13.83,False
sz002222,20240924,22.41,22.34,False,True,119,120,-0.13,0.0,1,0,73.05,57.3,True
sz002116,20240927,9.25,9.11,False,False,112,94,-4.0,-6.24,8,26,22.92,6.38,False
sz300219,20240830,5.86,5.82,False,False,104,102,-9.38,-6.93,16,18,43.65,23.02,True
sz200570,20240930,1.93,1.85,False,False,44,77,-7.26,-5.01,76,43,5.7,-6.22,False
sz300583,20240730,15.3,13.74,False,False,81,96,-20.46,-8.52,39,24,98.89,26.67,True
sz301360,20250714,48.8,48.65,False,False,119,119,-0.84,-0.58,1,1,90.39,63.87,True
sz000056,20240926,2.01,1.96,True,True,120,120,0.0,0.0,0,0,120.4,86.57,True
sz000531,20240930,5.47,5.07,False,True,100,120,-7.86,0.0,20,0,21.39,13.89,False
sz002022,20240927,6.17,6.13,False,False,58,60,-9.08,-10.16,62,60,17.02,-4.21,False
sz200017,20240925,1.72,1.72,False,False,65,61,-13.95,-15.96,55,59,18.02,-13.95,False
sz399678,20240930,469.53,429.57,False,False,79,117,-9.87,-3.01,41,3,12.39,3.96,False
sz002291,20240924,4.88,4.81,False,False,119,118,-0.61,-1.12,1,2,119.88,34.84,True
sz000782,20240927,4.31,4.29,False,False,105,82,-3.02,-7.78,15,38,46.17,17.87,False
sz002358,20240927,3.52,3.42,True,True,120,120,0.0,0.0,0,0,96.87,59.94,True
sz002997,20250717,39.13,38.87,False,False,41,51,-10.71,-8.69,79,69,7.39,-5.09,False
sz300951,20260112,36.8,36.23,False,False,36,41,-9.51,-8.43,25,20,6.85,1.11,False
sz399441,20240927,2057.95,1978.53,False,False,84,77,-7.42,-6.53,36,43,25.2,3.0,False
sz300467,20240820,14.28,13.74,False,False,94,91,-16.67,-11.88,26,29,40.76,36.69,True
sz001236,20250924,11.24,11.2,False,False,6,1,-15.3,-16.09,114,119,2.67,-15.3,False
sz002795,20240927,3.93,3.87,False,False,110,108,-4.07,-7.28,10,12,53.94,23.41,True
sz300100,20250916,48.69,47.09,False,False,1,2,-39.06,-22.79,119,118,1.36,-37.11,False
sz002375,20240926,3.43,3.38,True,False,120,107,0.0,-5.99,0,13,33.51,6.41,False
sz300752,20250728,20.26,19.85,False,False,51,45,-13.47,-17.63,69,75,34.3,-3.6,False
sz000035,20240730,4.42,4.4,False,False,86,69,-9.51,-10.53,34,51,31.02,2.26,False
sz399395,20240927,5210.18,5101.27,False,False,94,115,-5.02,-2.16,26,5,9.69,5.53,False
sz000981,20240802,1.41,1.38,False,False,63,69,-27.66,-23.61,57,51,117.73,53.19,True
sz300429,20240930,12.73,10.87,False,False,74,74,-16.42,-14.26,46,46,38.96,1.34,False
sz002188,20240926,4.48,4.34,False,False,94,91,-9.82,-10.05,26,29,26.79,-1.56,False
sz001278,20250624,17.0,16.45,False,False,117,119,-1.18,-3.34,3,1,19.0,13.53,False
sz002612,20240927,14.84,14.2,False,False,95,82,-4.25,-7.39,25,38,29.58,0.88,False
sz300235,20250624,10.93,10.87,False,False,116,119,-0.73,-0.04,4,1,67.8,50.05,True
sz301037,20250624,12.69,11.92,False,False,118,115,-0.24,-6.13,2,5,27.66,8.43,False
sz000557,20240823,4.39,4.25,False,False,99,98,-12.53,-8.68,21,22,55.81,14.58,False
sz002044,20240927,3.93,3.92,False,False,116,119,-2.29,-0.81,4,1,90.91,43.29,True
sz002839,20240819,3.69,3.65,False,False,95,91,-10.3,-9.21,25,29,18.16,5.69,False
sz300979,20250725,56.22,55.97,False,False,34,67,-11.15,-8.71,86,53,12.59,-9.53,False
sz000030,20240731,4.97,4.87,False,False,57,68,-16.5,-14.96,63,52,11.47,1.01,False
sz002523,20240926,2.46,2.45,True,True,120,120,0.0,0.0,0,0,94.09,47.25,True
sz300757,20250717,165.96,160.35,True,False,120,110,0.0,-4.05,0,10,78.3,70.2,True
sz002877,20240930,8.0,7.32,False,False,91,118,-9.38,-0.31,29,2,38.38,9.38,False
sz000519,20240806,13.39,13.27,False,False,84,73,-16.13,-15.42,36,47,28.01,13.22,False
sz002790,20241127,7.81,7.78,False,False,26,48,-19.21,-15.37,94,72,9.6,-8.45,False
sz300462,20240930,10.18,9.24,False,False,67,82,-20.33,-19.39,53,38,19.35,-13.26,False
sz301281,20250624,31.13,31.1,False,False,98,70,-15.64,-20.77,22,50,27.53,-14.74,False
sz300231,20240912,7.71,7.6,False,True,119,120,-0.52,0.0,1,0,108.82,66.28,True
sz300937,20250904,27.78,27.78,False,False,96,83,-5.65,-6.57,24,37,52.63,13.97,False
sz301348,20250701,22.54,19.98,False,False,19,93,-12.56,-8.37,101,27,9.53,-9.59,False
sz301578,20250708,36.2,35.89,False,False,67,71,-7.57,-8.6,53,49,10.36,-6.69,False
sz300401,20240927,13.59,12.86,True,False,120,80,0.0,-7.46,0,40,22.67,2.8,False
sz300128,20240904,3.49,3.45,False,False,108,109,-10.03,-6.92,12,11,85.67,81.38,True
sz399694,20240926,2113.75,2042.36,True,True,120,120,0.0,0.0,0,0,67.93,52.9,True
sz301051,20250701,20.02,19.96,False,False,116,92,-2.55,-10.55,4,28,31.97,0.4,False
sz000534,20240927,10.33,10.1,False,True,115,120,-2.52,0.0,5,0,64.65,55.07,True
sz399973,20240927,1266.27,1220.92,True,False,120,101,0.0,-2.49,0,19,32.65,15.53,False
sz002674,20241008,10.02,9.68,False,False,10,94,-14.87,-10.8,110,26,6.89,-5.29,False
sz002313,20240930,7.65,7.09,False,False,111,118,-9.41,-1.48,9,2,73.86,24.05,True
sz000600,20241112,5.16,5.15,False,False,70,97,-10.47,-4.89,50,23,32.17,25.39,True
sz002489,20240731,2.6,2.55,False,False,110,115,-3.08,-1.59,10,5,48.46,29.23,True
sz301165,20251125,73.74,71.85,False,False,87,73,-1.1,-10.27,6,20,31.0,30.15,True
sz002227,20240911,9.04,8.23,False,True,107,120,-7.63,0.0,13,0,67.59,55.64,True
sz301398,20250624,39.49,36.65,False,False,103,118,-3.98,-3.21,17,2,45.25,17.3,False
sz002094,20240819,2.37,2.36,False,False,95,97,-13.92,-12.4,25,23,335.86,148.95,True
sz300052,20240927,12.53,12.26,False,False,109,91,-16.52,-42.5,11,29,122.11,-12.69,False
sz399809,20240815,1699.06,1690.96,True,False,120,116,0.0,-1.39,0,4,44.9,26.13,True
sz300208,20240930,2.26,2.02,False,False,63,73,-19.03,-23.72,57,47,45.13,-9.29,False
sz002269,20240828,1.39,1.39,False,False,109,117,-2.16,-1.47,11,3,110.79,49.64,True
sz399680,20240930,681.55,662.52,False,False,3,69,-13.03,-7.02,117,51,2.69,-9.18,False
sz300535,20240926,11.98,11.83,True,False,120,105,0.0,-5.53,0,15,35.81,19.28,False
sz399644,20240926,3190.51,3171.64,True,False,120,113,0.0,-1.32,0,7,19.99,8.6,False
sz300662,20240926,17.0,16.99,True,True,120,120,0.0,0.0,0,0,126.12,102.59,True
sz300305,20240930,6.09,5.78,False,False,45,63,-17.57,-10.5,75,57,14.12,-10.34,False
sz000719,20240814,9.87,9.78,False,False,109,101,-3.55,-4.25,11,19,23.71,7.8,False
sz300803,20250624,65.6,61.66,True,True,120,120,0.0,0.0,0,0,163.54,105.26,True
sz000937,20240930,5.86,5.67,False,False,15,66,-13.14,-6.67,105,54,5.46,-8.53,False
sz002459,20240927,12.32,12.13,False,False,114,65,-6.49,-20.28,6,55,56.82,-6.49,False
sz003009,20260317,61.9,61.89,False,False,0,0,-12.44,-12.71,21,21,0.0,-5.64,False
sz300518,20240820,11.22,9.38,False,False,88,101,-29.32,-13.62,32,19,37.88,2.41,False
sz001336,20251218,23.93,23.5,True,False,76,64,0.0,-6.06,0,12,33.1,7.77,False
sz000728,20240731,6.41,6.17,False,False,85,101,-7.96,-4.12,35,19,48.52,20.9,True
sz002468,20240731,8.91,8.48,False,False,99,99,-7.85,-4.71,21,21,29.84,19.3,False
sz002712,20240927,4.16,4.06,False,False,119,112,-1.2,-5.79,1,8,85.58,28.85,True
sz301137,20250904,30.16,30.06,False,False,119,115,-0.63,-3.45,1,5,128.78,106.43,True
sz001378,20250624,21.72,21.36,False,False,119,110,-0.18,-3.81,1,10,9.02,0.51,False
sz002088,20240930,11.52,11.18,False,False,56,107,-11.11,-7.76,64,13,9.9,9.9,False
sz000881,20240927,6.6,6.48,True,False,120,82,0.0,-6.38,0,38,29.39,8.03,False
sz002973,20260119,14.61,14.5,False,False,17,18,-13.83,-13.36,39,38,6.71,-6.98,False
sz300529,20240926,26.01,25.5,False,False,85,73,-6.61,-14.01,35,47,42.4,-2.65,False
sz000766,20240902,16.29,16.28,False,False,6,61,-16.7,-15.5,114,59,7.12,5.71,False
sz002275,20240829,12.74,12.64,False,False,107,78,-2.35,-6.19,13,42,23.47,2.2,False
sz301203,20260109,33.95,33.81,True,True,63,63,0.0,0.0,0,0,43.48,24.98,True
sz002771,20240910,17.95,17.4,False,False,88,90,-16.27,-16.88,32,30,30.7,5.68,False
sz399658,20240927,3542.0,3375.27,True,False,120,119,0.0,-0.19,0,1,16.65,8.72,False
sz002122,20240930,2.64,2.39,False,True,110,120,-10.61,0.0,10,0,114.77,65.15,True
sz002216,20240927,11.12,10.91,False,False,53,74,-5.67,-4.51,67,46,19.87,-2.07,False
sz002445,20240925,1.78,1.77,True,True,120,120,0.0,0.0,0,0,60.67,35.39,True
sz000156,20240926,6.45,6.22,False,False,118,110,-1.55,-5.07,2,10,43.88,25.74,True
sz300319,20240829,8.66,8.37,False,False,107,112,-8.66,-5.72,13,8,68.9,43.97,True
sz002217,20251219,3.12,3.1,False,False,15,8,-29.49,-27.83,60,67,5.77,-14.1,False
sz003015,20251021,16.85,16.52,False,False,32,35,-17.39,-14.46,86,83,4.69,-3.03,False
sz002336,20241024,3.29,3.12,True,False,120,101,0.0,-15.38,0,19,112.16,44.68,True
sz300851,20250624,27.0,26.59,False,False,104,87,-4.96,-8.15,16,33,10.48,-4.11,False
sz000965,20240920,2.8,2.77,False,False,119,68,-0.36,-7.04,1,52,36.79,8.21,False
sz300357,20240930,24.02,20.36,False,False,10,85,-24.19,-11.1,110,35,18.82,-8.78,False
sz000682,20240903,10.56,10.47,False,False,57,39,-14.14,-16.12,63,81,18.75,-9.5,False
sz002391,20240926,4.72,4.66,True,False,120,114,0.0,-2.53,0,6,22.46,6.14,False
sz300157,20240814,2.59,2.35,False,False,91,97,-20.85,-11.58,29,23,65.25,14.29,False
sz002058,20240924,8.29,8.22,True,False,120,80,0.0,-17.84,0,40,101.33,19.06,False
sz002825,20240926,6.42,6.34,True,True,120,120,0.0,0.0,0,0,42.96,28.95,True
sz300965,20251208,65.87,62.29,False,False,21,26,-26.16,-21.13,63,58,14.74,-14.98,False
sz300682,20260114,19.41,18.97,False,False,1,19,-22.87,-13.16,58,40,0.93,-16.9,False
sz300263,20240926,5.74,5.69,True,True,120,120,0.0,0.0,0,0,39.02,32.57,True
sz000505,20240919,5.95,5.67,False,False,94,69,-3.86,-5.04,26,51,25.54,2.02,False
sz002016,20250210,6.81,6.79,False,False,4,4,-22.61,-20.92,116,116,18.5,-18.8,False
sz002645,20240930,7.76,7.45,False,False,48,86,-17.01,-8.75,72,34,24.36,19.46,False
sz301633,20250721,86.2,77.06,False,False,1,59,-24.81,-13.31,119,61,4.57,-18.81,False
sz002626,20240731,13.74,13.7,False,False,91,74,-10.26,-11.18,29,46,22.13,0.95,False
sz002847,20251110,76.68,75.35,False,False,3,20,-29.51,-20.14,101,84,2.65,-29.51,False
sz300387,20240819,6.21,6.11,False,False,116,118,-3.38,-1.88,4,2,54.91,54.91,True
sz000652,20240924,3.32,3.16,True,False,120,85,0.0,-5.07,0,35,49.7,18.37,False
sz300766,20250812,40.88,39.59,False,False,54,58,-26.79,-20.9,66,62,20.11,5.77,False
sz002668,20240731,9.11,8.78,False,False,98,95,-9.55,-9.86,22,25,51.04,39.19,True
sz300134,20240830,7.51,7.41,False,False,119,104,-1.86,-6.11,1,16,136.62,100.53,True
sz001202,20251218,15.16,15.14,True,False,76,67,0.0,-6.58,0,9,46.5,11.87,False
sz399688,20240926,2067.09,2040.79,True,False,120,98,0.0,-10.36,0,22,38.05,6.69,False
sz300453,20240927,6.5,6.38,True,False,120,109,0.0,-1.98,0,11,28.31,20.46,True
sz002495,20240926,1.64,1.62,True,False,120,117,0.0,-1.33,0,3,95.01,41.41,True
sz002559,20240930,8.38,7.83,False,False,110,118,-5.97,-1.55,10,2,55.75,21.01,True
sz000837,20240927,7.87,7.73,True,False,120,116,0.0,-2.86,0,4,87.93,70.01,True
sz002490,20240927,2.08,2.05,True,True,120,120,0.0,0.0,0,0,97.6,62.02,True
sz300456,20240927,16.39,16.19,False,False,113,81,-3.36,-9.67,7,39,40.45,3.84,False
sz301181,20260330,39.65,39.61,False,False,10,10,-3.35,-3.96,3,3,34.55,15.31,False
sz002843,20240930,15.42,14.2,False,True,117,120,-4.54,0.0,3,0,101.43,43.97,True
sz000657,20240930,9.64,9.39,False,False,56,101,-11.62,-7.73,64,19,18.98,3.01,False
sz300763,20250624,55.02,53.68,False,False,119,114,-0.64,-3.13,1,6,78.12,29.68,True
sz301332,20250627,10.31,10.09,False,False,59,55,-9.02,-9.85,61,65,11.74,-8.05,False
sz000004,20240823,11.53,11.51,False,False,113,80,-9.71,-32.92,7,40,103.12,8.93,False
sz002517,20240926,10.1,9.8,True,True,120,120,0.0,0.0,0,0,76.63,58.02,True
sz200045,20240829,3.29,3.09,False,False,102,119,-6.68,-0.34,18,1,41.91,23.69,True
sz000563,20240731,2.82,2.78,False,False,85,89,-7.09,-5.37,35,31,64.18,23.05,True
sz001380,20250804,20.52,20.46,True,False,120,75,0.0,-9.95,0,45,43.08,12.43,False
sz301298,20251015,16.79,16.42,False,False,47,50,-13.88,-13.16,73,70,4.71,-3.16,False
sz200488,20240806,1.44,1.42,False,False,23,24,-41.67,-32.83,97,96,11.81,-40.28,False
sz002327,20240930,8.78,8.69,False,False,2,58,-16.06,-11.22,118,62,4.21,-8.88,False
sz301502,20250624,39.82,39.58,True,False,120,99,0.0,-12.08,0,21,62.91,6.43,False
sz002640,20240909,1.95,1.89,False,False,115,116,-11.28,-5.89,5,4,249.74,117.95,True
sz200992,20240926,1.66,1.65,True,False,120,111,0.0,-3.0,0,9,72.29,36.14,True
sz301636,20251111,57.0,55.75,False,False,54,54,-15.51,-13.16,50,50,89.26,26.77,True
sz301065,20251010,23.13,23.12,False,False,61,58,-10.77,-11.83,59,62,7.39,1.69,False
sz002789,20240924,8.91,8.89,False,False,72,62,-25.81,-34.15,48,58,70.71,-12.01,False
sz002369,20240815,4.15,4.04,False,False,110,115,-9.64,-7.12,10,5,131.08,106.02,True
sz002194,20240830,8.72,8.45,False,False,106,112,-7.91,-4.3,14,8,84.06,53.44,True
sz300152,20240925,1.99,1.92,True,False,120,99,0.0,-26.09,0,21,322.61,99.5,True
sz300352,20240926,4.01,3.96,True,False,120,99,0.0,-13.06,0,21,84.54,28.43,True
sz300854,20260121,20.44,18.79,False,True,52,55,-2.4,0.0,3,0,65.31,39.53,True
sz002169,20240926,4.72,4.59,True,False,120,106,0.0,-9.42,0,14,77.54,21.4,True
sz001299,20251125,13.0,12.02,False,False,60,75,-13.92,-7.46,34,19,42.62,14.54,False
sz300066,20240819,3.48,3.36,False,False,94,88,-15.52,-11.38,26,32,46.84,20.4,True
sz002915,20251230,24.99,24.6,False,False,2,1,-23.65,-20.67,66,67,2.0,-14.85,False
sz002589,20240925,2.46,2.41,True,False,120,102,0.0,-2.74,0,18,43.8,20.21,True
sz002440,20240808,5.73,5.71,False,False,88,88,-7.85,-7.08,32,32,20.4,20.23,True
sz000700,20240924,5.14,5.13,True,True,120,120,0.0,0.0,0,0,63.58,50.34,True
sz300634,20250624,26.04,25.7,False,False,83,66,-10.5,-12.98,37,54,15.32,-8.93,False
sz002213,20240926,10.0,10.0,True,True,120,120,0.0,0.0,0,0,96.11,47.6,True
sz300486,20240806,5.3,5.24,False,False,92,91,-10.0,-7.34,28,29,81.89,35.66,True
sz301151,20260226,20.51,20.26,False,False,1,4,-16.43,-13.89,33,30,0.34,-8.24,False
sz002774,20240930,6.18,5.92,False,False,103,113,-5.83,-1.52,17,7,35.92,26.7,True
sz002423,20240731,7.92,7.62,False,False,87,96,-11.23,-6.73,33,24,169.4,58.07,True
sz301206,20250929,29.11,29.09,False,False,4,6,-15.18,-10.65,116,114,2.89,-9.58,False
sz300618,20240927,28.06,26.38,True,False,120,117,0.0,-1.46,0,3,57.23,28.55,True
sz301132,20251020,33.86,33.8,False,False,93,70,-6.02,-10.65,27,50,26.28,23.36,True
sz300182,20240925,4.28,4.17,True,False,120,115,0.0,-4.15,0,5,73.92,37.43,True
sz300837,20260324,35.57,34.41,False,False,14,16,-2.11,-0.92,3,1,4.89,3.94,False
sz000903,20240918,2.02,1.98,True,False,120,114,0.0,-9.03,0,6,150.0,97.52,True
sz002690,20240930,15.27,14.98,False,False,19,81,-15.13,-7.49,101,39,11.39,9.76,False
sz399997,20240927,10991.39,10870.48,False,False,35,74,-13.76,-8.15,85,46,12.61,-4.62,False
sz300005,20240816,5.21,5.14,False,False,107,101,-6.34,-5.28,13,19,72.57,29.76,True
sz300656,20240809,21.02,19.41,False,False,87,73,-16.89,-9.21,33,47,90.68,12.89,False
sz000419,20240830,4.19,4.15,False,True,118,120,-0.72,0.0,2,0,56.32,32.22,True
sz399670,20240926,2797.8,2700.87,True,False,120,119,0.0,-1.34,0,1,32.24,17.0,False
sz002069,20240926,2.78,2.76,True,True,120,120,0.0,0.0,0,0,61.87,30.22,True
sz300166,20240923,6.55,6.52,True,False,120,118,0.0,-2.87,0,2,106.72,70.23,True
sz300252,20240807,7.65,7.09,False,False,85,90,-20.26,-14.0,35,30,60.52,47.71,True
sz002294,20240827,28.84,27.71,False,False,110,82,-4.61,-11.94,10,38,25.8,2.22,False
sz002992,20250630,63.66,62.64,False,False,15,16,-26.03,-19.36,105,104,10.87,-23.52,False
sz000860,20240927,18.24,16.98,False,False,45,64,-10.8,-7.57,75,56,16.28,-8.0,False
sz301602,20250908,25.88,25.77,False,False,0,1,-21.56,-15.06,120,119,0.0,-18.86,False
sz002027,20240926,5.89,5.57,True,False,120,98,0.0,-5.01,0,22,23.43,12.73,False
sz301198,20250624,10.99,10.71,False,False,119,114,-0.09,-6.32,1,6,23.2,2.55,False
sz200012,20240826,2.15,2.14,False,False,87,47,-11.61,-16.45,33,73,22.29,-9.75,False
sz300586,20240927,6.8,6.62,True,True,120,120,0.0,0.0,0,0,50.44,30.0,True
sz002540,20240927,4.98,4.94,True,True,120,120,0.0,0.0,0,0,29.29,21.47,True
sz301536,20250818,63.78,61.11,False,False,42,71,-15.63,-10.79,78,49,14.63,13.77,False
sz300082,20240902,5.68,4.83,False,False,104,109,-17.08,-2.51,16,11,61.97,18.13,False
sz002617,20240730,5.57,5.38,False,False,100,107,-10.23,-7.52,20,13,69.12,41.47,True
sz301032,20250624,12.33,12.04,False,False,115,78,-3.08,-10.02,5,42,22.06,-2.68,False
sz002370,20240816,3.06,2.99,False,False,86,98,-14.05,-8.81,34,22,35.29,10.78,False
sz301306,20251024,59.45,51.72,False,False,94,111,-14.45,-7.85,22,5,201.73,201.73,True
sz000663,20240926,5.03,4.77,False,False,117,98,-2.39,-5.75,3,22,33.0,8.75,False
sz301555,20251205,31.13,31.1,False,False,78,67,-3.95,-7.82,7,18,37.23,18.47,False
sz399390,20240822,2736.25,2716.72,False,False,3,7,-10.35,-9.93,117,113,4.07,-8.3,False
sz300105,20240930,6.68,6.12,False,False,100,104,-8.38,-6.0,20,16,28.44,4.19,False
sz002659,20240805,3.74,3.69,False,False,104,93,-9.63,-9.09,16,27,63.37,33.69,True
sz300719,20251124,17.97,17.48,False,False,30,49,-15.97,-12.54,64,45,16.25,-9.29,False
sz000803,20240927,3.69,3.67,True,True,120,120,0.0,0.0,0,0,68.56,50.14,True
sz002045,20250806,16.16,16.07,False,False,41,46,-16.09,-14.5,79,74,14.17,-16.09,False
sz300031,20240815,15.15,14.47,False,False,95,100,-6.47,-5.21,25,20,58.42,56.7,True
sz301081,20260116,10.71,10.62,True,True,58,58,0.0,0.0,0,0,55.18,55.18,True
sz399017,20240927,3049.4,2936.26,True,True,120,120,0.0,0.0,0,0,32.9,24.9,True
sz300556,20240927,17.86,17.4,False,False,111,96,-4.37,-9.21,9,24,50.9,4.82,False
sz002590,20240801,13.52,13.41,False,False,55,59,-19.45,-18.5,65,61,23.08,-9.1,False
sz002170,20240828,5.33,5.3,False,False,119,118,-0.75,-0.31,1,2,70.17,70.17,True
sz301106,20250624,28.94,28.5,False,False,116,95,-2.76,-8.5,4,25,14.72,-2.76,False
sz002723,20241107,6.08,6.01,True,False,120,99,0.0,-14.5,0,21,50.99,19.57,False
sz000757,20240730,3.18,3.08,False,False,81,86,-18.24,-13.71,39,34,45.91,17.92,False
sz002244,20250210,9.14,8.86,False,False,110,80,-2.41,-5.95,10,40,19.92,5.47,False
sz002942,20251124,19.07,19.0,False,False,89,69,-6.14,-13.21,5,25,20.08,1.15,False
sz300984,20251106,64.0,61.83,False,False,50,56,-19.06,-24.76,56,50,35.14,-7.78,False
sz399669,20240927,7834.31,7729.47,False,False,67,77,-7.77,-5.06,53,43,12.26,0.05,False
sz000400,20240903,29.46,28.17,False,False,34,40,-19.35,-16.44,86,80,15.44,-19.35,False
sz002689,20240904,2.75,2.73,False,False,110,114,-6.18,-3.76,10,6,84.73,70.91,True
sz002921,20251015,15.47,15.1,False,False,97,92,-8.99,-11.37,23,28,81.64,81.0,True
sz300328,20240809,5.29,4.87,False,True,117,120,-3.78,0.0,3,0,89.65,57.93,True
sz002474,20240920,4.65,4.61,True,False,120,117,0.0,-2.54,0,3,93.98,44.09,True
sz301251,20251223,55.01,52.69,False,False,60,58,-6.98,-8.54,13,15,36.34,24.36,True
sz300601,20240927,16.81,16.61,False,False,62,62,-15.05,-14.47,58,58,36.29,-6.6,False
sz300787,20251020,13.55,13.37,False,False,6,17,-18.08,-18.22,113,102,8.63,-8.86,False
sz301585,20250821,36.3,35.89,False,False,0,12,-17.3,-10.91,120,108,0.0,-12.2,False
sz300366,20240920,7.86,7.78,False,False,119,97,-1.27,-13.36,1,23,67.94,19.72,False
sz300860,20250630,26.68,26.65,False,False,113,74,-2.36,-8.73,7,46,25.56,3.19,False
sz000951,20240731,14.36,14.36,False,False,83,84,-12.18,-10.47,37,36,32.09,24.02,True
sz301580,20250624,38.67,38.66,False,False,119,99,-0.31,-7.04,1,21,47.4,9.26,False
sz000898,20240927,2.24,2.2,False,False,119,109,-0.89,-2.73,1,11,22.32,8.93,False
sz300530,20240927,19.1,17.19,False,False,91,92,-19.01,-16.92,29,28,67.02,21.57,True
sz300782,20250807,77.9,77.15,False,False,60,74,-12.2,-9.0,60,46,8.78,-3.0,False
sz300604,20240830,30.45,30.12,False,False,103,102,-10.87,-8.91,17,18,72.94,53.53,True
sz002091,20240925,6.35,6.34,True,False,120,119,0.0,-0.46,0,1,19.53,12.13,False
sz000731,20240924,6.35,6.31,True,False,120,94,0.0,-2.78,0,26,26.29,15.11,False
sz002471,20240930,2.38,2.19,False,True,115,120,-3.36,0.0,5,0,36.55,27.73,True
sz300019,20240930,13.88,12.28,False,False,109,118,-3.53,-0.1,11,2,41.64,26.44,True
sz002745,20240731,7.77,7.33,False,False,78,84,-18.02,-14.74,42,36,16.6,4.25,False
sz301160,20250625,57.82,57.42,False,False,101,70,-10.58,-12.07,19,50,23.77,10.8,False
sz002388,20240819,3.86,3.77,False,False,71,71,-16.84,-22.9,49,49,57.77,-9.07,False
sz002947,20250703,34.92,33.7,False,False,104,113,-3.89,-1.47,16,7,61.17,53.95,True
sz301237,20260330,54.53,54.06,False,False,7,8,-5.26,-4.46,6,5,30.52,30.52,True
sz002412,20240731,5.45,5.42,False,False,95,84,-8.81,-9.18,25,36,23.67,8.62,False
sz300848,20250625,17.32,17.31,False,False,18,14,-17.96,-13.79,102,106,11.14,-16.51,False
sz002175,20240927,1.99,1.91,True,True,120,120,0.0,0.0,0,0,303.02,143.22,True
sz300629,20240930,19.2,17.45,False,False,113,106,-6.09,-9.69,7,14,34.89,2.97,False
sz300300,20240926,1.65,1.62,True,True,120,120,0.0,0.0,0,0,112.12,76.36,True
sz301279,20251020,22.59,22.15,True,False,119,99,0.0,-12.26,0,20,57.59,31.21,True
sz000932,20240930,4.6,4.45,False,False,34,81,-18.04,-10.43,86,39,15.21,8.26,False
sz000428,20240925,3.15,3.02,False,False,78,70,-6.35,-7.32,42,50,26.35,1.9,False
sz399641,20240926,1752.77,1736.15,True,False,120,118,0.0,-1.12,0,2,32.4,19.47,False
sz003042,20250904,16.55,16.37,False,False,81,69,-7.67,-10.3,39,51,53.53,11.96,False
sz300234,20240927,4.04,4.01,True,False,120,114,0.0,-2.67,0,6,36.92,19.82,False
sz002568,20240926,19.01,18.26,True,True,120,120,0.0,0.0,0,0,54.75,35.98,True
sz300932,20250905,11.82,11.63,False,False,88,90,-8.71,-9.03,32,30,48.39,48.39,True
sz000628,20240927,44.92,44.03,True,False,120,86,0.0,-19.89,0,34,61.48,3.7,False
sz002872,20240819,4.06,4.03,False,False,58,68,-12.81,-14.41,62,52,25.37,-5.42,False
sz301079,20250908,29.0,28.99,False,False,53,53,-17.97,-19.31,67,67,141.86,33.03,True
sz399006,20240926,1714.14,1706.81,True,False,120,113,0.0,-3.71,0,7,48.78,22.73,True
sz301499,20251023,28.31,27.05,False,False,99,102,-8.34,-5.97,17,14,31.05,21.3,True
sz000848,20240807,7.84,7.8,False,False,78,79,-17.09,-16.44,42,41,20.41,7.14,False
sz002526,20240930,2.6,2.53,False,False,109,112,-10.38,-6.76,11,8,123.08,51.54,True
sz301550,20250624,55.88,52.9,True,True,120,120,0.0,0.0,0,0,118.7,97.71,True
sz301303,20251020,15.39,15.22,False,False,82,49,-8.19,-10.77,37,70,13.78,3.7,False
sz000552,20241008,2.99,2.99,False,False,0,16,-19.72,-9.35,120,104,0.0,-17.05,False
sz002041,20240927,8.81,8.69,False,False,118,113,-0.34,-4.8,2,7,33.82,14.75,False
sz000301,20240927,8.55,8.47,False,False,79,101,-7.95,-6.41,41,19,16.49,-3.86,False
sz300087,20240926,6.66,6.64,True,False,120,103,0.0,-12.44,0,17,106.46,38.89,True
sz002545,20240930,6.55,6.33,False,False,100,108,-8.24,-4.46,20,12,19.08,11.15,False
sz301533,20251024,38.02,37.81,False,False,70,37,-20.41,-22.98,45,78,18.07,-14.18,False
sz002316,20241028,3.16,3.1,False,False,109,112,-6.01,-3.87,11,8,18.67,10.44,False
sz000605,20240801,4.79,4.79,False,False,83,84,-11.27,-9.99,37,36,182.05,52.61,True
sz399976,20240927,2622.89,2453.66,True,True,120,120,0.0,0.0,0,0,25.73,16.28,False
sz301607,20250815,34.23,33.7,False,False,118,118,-1.08,-1.24,2,2,50.37,44.61,True
sz002671,20240927,3.8,3.74,True,False,120,113,0.0,-7.95,0,7,38.16,15.0,False
sz399422,20240927,2564.68,2443.12,True,False,120,118,0.0,-0.81,0,2,28.02,17.85,False
sz300404,20240731,7.52,7.45,False,False,95,76,-6.38,-6.17,25,44,37.24,10.77,False
sz300898,20250728,28.59,28.47,False,False,35,50,-10.35,-10.71,85,70,8.36,2.24,False
sz300257,20241008,10.9,9.91,False,False,0,91,-23.39,-13.01,120,29,0.0,-16.06,False
sz300163,20240903,1.71,1.7,False,False,104,109,-11.7,-6.22,16,11,66.67,61.4,True
sz001255,20251020,32.08,31.7,False,False,103,88,-5.74,-7.73,16,31,72.1,16.18,False
sz002574,20240927,4.56,4.53,False,False,99,101,-7.02,-6.42,21,19,90.13,32.46,True
sz300700,20251106,11.72,11.62,False,False,94,90,-6.83,-7.76,13,17,37.54,37.54,True
sz200541,20250402,2.47,2.46,False,False,3,55,-12.15,-11.08,117,65,0.4,-6.48,False
sz300228,20240927,6.12,6.04,True,True,120,120,0.0,0.0,0,0,47.06,22.06,True
sz200026,20240925,6.19,6.17,False,False,115,64,-0.97,-4.22,5,56,10.02,4.04,False
sz399240,20240924,1015.59,987.61,True,False,120,115,0.0,-2.52,0,5,67.16,40.6,True
sz300960,20251020,25.94,25.69,False,False,42,28,-14.92,-14.97,77,91,10.25,-7.56,False
sz000029,20240830,11.13,11.0,False,False,117,114,-2.07,-2.77,3,6,67.57,35.13,True
sz300435,20240930,11.74,11.36,False,False,79,105,-8.86,-5.16,41,15,21.38,14.82,False
sz300687,20250625,26.3,25.81,False,False,64,44,-17.45,-20.03,56,76,34.14,-16.24,False
sz300266,20240924,1.52,1.49,True,False,120,103,0.0,-11.49,0,17,180.26,63.82,True
sz002820,20240927,7.68,7.59,False,False,119,113,-0.65,-9.59,1,7,173.22,34.62,True
sz301678,20260116,79.54,75.48,False,False,6,12,-26.8,-18.23,51,45,9.1,-19.59,False
sz300205,20241011,6.52,6.38,False,False,0,1,-47.55,-32.08,120,119,0.0,-45.4,False
sz000619,20240925,4.37,4.32,True,True,120,120,0.0,0.0,0,0,92.68,45.08,True
sz301048,20251124,11.97,11.85,False,False,6,4,-19.21,-18.0,88,90,9.36,-8.69,False
sz300131,20240816,4.89,4.7,False,True,115,120,-3.27,0.0,5,0,89.98,84.25,True
sz001207,20250908,23.03,22.94,False,False,71,70,-4.95,-6.27,49,50,40.88,34.33,True
sz300418,20240930,37.55,32.35,False,False,82,89,-8.92,-15.68,38,31,33.0,-8.81,False
sz300884,20250924,13.18,12.82,False,False,107,101,-6.15,-12.06,13,19,37.94,1.67,False
sz300382,20240904,7.28,6.38,False,True,111,120,-12.64,0.0,9,0,135.99,103.98,True
sz002344,20240925,3.28,3.22,True,False,120,114,0.0,-5.62,0,6,99.94,25.59,True
sz301006,20260105,16.92,16.88,False,False,53,47,-7.92,-10.61,13,19,13.95,4.2,False
sz002623,20240930,17.16,16.51,False,False,23,45,-19.35,-12.1,97,75,7.23,-15.86,False
sz002976,20251015,24.43,24.41,False,False,117,98,-2.54,-8.71,3,22,40.85,15.06,False
sz002270,20240806,18.2,18.14,False,False,8,10,-23.74,-24.73,112,110,5.28,-13.71,False
sz399810,20240926,2131.03,2108.85,True,False,120,119,0.0,-0.22,0,1,43.01,26.45,True
sz002717,20240913,1.49,1.4,False,True,119,120,-4.7,0.0,1,0,280.54,132.89,True
sz002144,20240731,9.07,8.65,False,False,82,87,-11.36,-7.29,38,33,28.0,8.71,False
sz300331,20240830,17.01,16.41,False,False,106,100,-12.87,-8.41,14,20,59.14,29.22,True
sz301381,20250728,21.97,21.08,False,False,72,83,-7.83,-7.37,48,37,18.34,9.1,False
sz300562,20240807,8.42,8.33,False,False,119,112,-0.95,-2.29,1,8,104.24,75.15,True
sz002938,20250701,33.78,33.27,False,False,119,104,-3.82,-8.64,1,16,87.83,56.51,True
sz301248,20251020,25.75,25.12,False,False,112,114,-4.27,-4.28,8,6,158.72,134.21,True
sz002759,20240930,8.06,7.48,False,False,77,96,-14.52,-12.91,43,24,47.52,-5.46,False
sz001333,20250624,20.11,19.68,True,False,120,107,0.0,-5.94,0,13,30.33,5.67,False
sz002892,20250630,13.93,13.93,False,False,59,55,-11.84,-12.7,61,65,21.82,-10.12,False
sz300108,20240802,2.05,1.87,False,False,63,81,-61.46,-61.72,57,39,50.24,-48.78,False
sz000960,20240930,16.01,14.91,False,False,5,74,-14.8,-5.02,115,46,3.94,-1.25,False
sz300501,20240822,11.14,10.71,False,False,99,104,-7.18,-3.44,21,16,48.11,25.21,True
sz002394,20240926,6.46,6.38,True,False,120,119,0.0,-1.85,0,1,28.64,14.4,False
sz300635,20240910,8.2,8.07,False,False,118,92,-2.8,-6.17,2,28,59.51,33.05,True
sz003010,20260112,39.46,38.86,False,False,0,0,-28.03,-25.79,61,61,0.0,-20.07,False
sz399613,20240930,3048.22,2904.67,False,False,20,92,-9.69,-4.41,100,28,3.47,-3.17,False
sz000153,20240808,5.46,5.4,False,False,87,86,-10.99,-9.82,33,34,24.36,11.36,False
sz301098,20250904,8.93,8.85,False,False,84,69,-7.17,-10.57,36,51,10.86,5.82,False
sz002127,20240925,2.74,2.7,True,False,120,119,0.0,-1.29,0,1,96.35,48.91,True
sz002910,20250929,9.64,9.55,True,False,120,105,0.0,-10.93,0,15,55.81,9.65,False
sz000705,20240808,7.6,7.52,False,False,76,73,-11.05,-8.87,44,47,16.97,3.16,False
sz300483,20240930,8.72,7.85,False,False,70,71,-7.57,-9.46,50,49,33.03,-4.01,False
sz300063,20240903,4.38,4.36,False,False,109,111,-8.22,-5.71,11,9,205.94,124.2,True
sz300998,20251023,24.09,23.85,False,False,29,36,-13.99,-16.04,87,80,5.85,5.65,False
sz002258,20240930,8.38,7.81,False,False,30,110,-10.98,-3.67,90,10,5.13,0.84,False
sz002897,20250811,40.7,40.5,False,True,119,120,-0.07,0.0,1,0,36.71,29.98,True
sz002695,20240926,6.88,6.87,True,True,120,120,0.0,0.0,0,0,69.48,60.47,True
sz399992,20240926,1399.32,1385.05,True,False,120,113,0.0,-3.29,0,7,45.67,21.69,True
sz300653,20240809,24.01,21.97,False,False,2,60,-28.16,-18.1,118,60,11.87,-16.25,False
sz301179,20260108,16.44,16.33,True,True,64,64,0.0,0.0,0,0,73.24,70.92,True
sz399675,20240926,2094.4,2035.26,True,True,120,120,0.0,0.0,0,0,73.49,50.56,True
sz300832,20250724,57.26,57.02,False,False,106,73,-5.26,-7.46,14,47,22.56,-0.23,False
sz000906,20241112,6.11,6.04,False,False,50,58,-12.27,-13.72,70,62,26.02,4.75,False
sz300567,20240801,61.18,60.96,False,False,60,64,-27.3,-23.03,60,56,34.28,-1.11,False
sz003038,20250624,19.35,19.01,False,False,7,8,-23.1,-14.82,113,112,1.96,-22.79,False
sz002141,20240827,1.31,1.26,False,False,90,115,-13.74,-1.7,30,5,60.31,12.21,False
sz300187,20240812,4.83,4.79,False,False,66,75,-19.86,-17.85,54,45,17.59,0.0,False
sz002426,20240815,1.7,1.66,False,False,107,114,-5.88,-3.31,13,6,153.53,92.94,True
sz000948,20240905,13.13,12.87,False,False,118,101,-1.14,-8.13,2,19,69.92,52.63,True
sz000566,20240813,3.47,3.36,False,False,102,95,-13.83,-10.23,18,25,86.17,44.38,True
sz002075,20250210,6.08,5.9,False,False,27,43,-18.91,-21.69,93,77,8.47,8.47,False
sz002808,20240905,2.24,2.15,False,False,94,98,-16.52,-9.15,26,22,85.27,36.16,True
sz301337,20250630,29.21,29.15,False,False,58,60,-9.28,-8.84,62,60,9.52,-5.99,False
sz000001,20240809,9.2,9.18,False,False,107,103,-4.24,-4.98,13,17,30.88,18.55,False
sz002512,20240926,3.61,3.57,True,False,120,110,0.0,-6.89,0,10,89.47,30.75,True
sz300881,20250701,30.64,30.24,True,False,120,94,0.0,-8.57,0,26,37.11,11.46,False
sz002846,20240930,7.57,7.27,False,False,109,112,-9.11,-4.49,11,8,56.54,17.31,False
sz000528,20240731,9.78,9.29,False,False,91,93,-8.29,-7.3,29,27,30.69,16.57,False
sz301379,20250905,23.58,23.23,False,False,118,77,-1.61,-6.22,2,43,39.02,14.12,False
sz300906,20251021,29.25,28.62,True,False,118,89,0.0,-13.43,0,29,33.33,13.71,False
sz300200,20240806,7.04,7.03,False,False,88,82,-12.63,-13.31,32,38,55.22,25.69,True
sz002191,20240927,3.89,3.71,False,False,95,75,-5.66,-12.87,25,45,26.99,-4.37,False
sz000998,20240930,11.37,10.49,False,False,11,76,-13.1,-6.46,109,44,4.66,-11.35,False
sz300430,20240930,13.73,13.49,False,False,115,115,-9.76,-7.48,5,5,65.0,36.16,True
sz399416,20240927,2782.64,2747.07,True,True,120,120,0.0,0.0,0,0,37.71,33.45,True
sz301060,20250625,9.51,9.51,False,False,93,84,-4.52,-8.13,27,36,15.46,1.58,False
sz300119,20240930,14.79,13.71,False,False,108,103,-11.9,-4.4,12,17,41.39,19.21,False
sz002322,20240924,13.68,13.41,False,False,23,48,-21.41,-18.8,97,72,12.79,-3.8,False
sz000631,20240926,2.54,2.46,True,False,120,103,0.0,-6.37,0,17,39.76,10.63,False
sz300705,20250701,16.51,16.31,False,False,77,64,-7.93,-10.87,43,56,20.35,-6.84,False
sz301507,20250904,14.21,14.05,False,False,101,83,-4.71,-5.96,19,37,25.19,4.57,False
sz002571,20240926,4.27,4.16,False,False,100,99,-9.13,-11.26,20,21,52.22,38.17,True
