,co_name,symbol,market,asset,co_site,amplitude,pe_s_d,co_intro,sc,prospectus,co_tel,exchange,co_addr,mv,equity,industry,turnover,oo,pb_MRQ
0,安捷伦科技,A,US,115.55,http://www.home.agilent.com,2.01%,1.08/25.31,安捷伦是全球最大的测试测量公司，是1999年从惠普公司分离出来的，当年1月该公司IPO融资额高达21亿美元，创下当年硅谷IPO融资之最。安捷伦的业务包括电子测量和生物分析测量，电子测量业务所涉及的市场包括通信测试和综合测试，产品领域包括光纤网络、传输网络、宽带和数据网络、无线通信和微波网络等；生物分析测量业务所涉及的市场包括生命科学，其中包括药物分析、基因表达和蛋白质组市场，以及化学分析，其中包括石化、环保、国土安全、法医、生物农业以及食品安全市场，产品领域包括：微阵列、微流体、气相色谱、液相色谱、质谱、软件和信息学、以及相关耗材、试剂和服务。,0.99,S1/F1,1-408-3458886,NYSE,5301 Stevens Creek Blvd. Santa Clara California 95051,326.55亿,3.05亿,生命科学工具,0.53%,90.64%,4.73
1,美国铝业,AA,US,66.01,http://www.alcoa.com,2.77%,1.61/16.64,Arconic Inc.于2016年3月10日在特拉华州注册成立，是为了控股母公司，美国铝业公司业务的分离与分销的目的。在母公司将这些业务转移给该公司之前，Alcoa Upstream Corporation将没有任何操作。其业务将包括集中在铝土矿业务部门氧化铝，电解铝，铸造产品，冷轧等矿产品与能源，它们将共同涵盖所有主要的生产经营活动，提供给Alcoa Upstream Corporation在供应链的每个关键环节的重要地位。Alcoa Upstream Corporation是全球铝生产具有成本竞争力的大型行业中的佼佼者。,0.98,S1/F1,412-553-4545,NYSE,-,174.18亿,4.25亿,金属与采矿,0.92%,76.08%,2.55
2,Artius II,AACB,US,10.38,-,0.05%,0.01/2109,-,0.1,-,-,-,-,2.87亿,13.62万,资本市场,0.20%,95.40%,-
3,全美在线,AACG,US,1.29,-,31.30%,-0.11/-,-,12.17,-,-,-,-,5550.87万,-687.07万,综合消费者服务,0.32%,0.24%,12.17
4,Armada Acquisition I,AACI,US,9.94,-,0.00%,0.08/-,-,0.1,-,-,-,-,3.38亿,-5.29万,资本市场,0.00%,50.14%,-
5,Abony I,AACO,US,9.85,-,0.25%,-/-,-,0,-,-,-,-,3.09亿,-9.97万,资本市场,-,-,-
6,美国航空,AAL,US,12.1,https://www.aa.com,3.57%,-0.58/39.62,"美国航空(American Airlines)致力提供卓越的全球飞行体验，公司共飞往50多个国家和地区的260多个城市。美国航空的机队由近900架飞机组成，每日从芝加哥、达拉斯/沃斯堡、洛杉矶、迈阿密和纽约五大枢纽起飞的航班数量超过了3,500班。美国航空的国际航线接近100条，包括伦敦、马德里、圣保罗、东京和北京等重要城市。",2.72,-,1-817-9631234,NASDAQ,-,80.03亿,-3.82亿,航空公司,6.37%,70.58%,-
7,美国大西洋,AAME,US,2.57,http://www.atlam.com,3.71%,0.22/10.9,"Atlantic American is a publicly traded (Nasdaq - AAME) holding company with three subsidiaries involved in well-defined specialty markets of the life, health, property and casualty insurance industries. Bankers Fidelity Life Insurance Company is the flagship carrier in the Life and Health Division.",0.39,-,-,NASDAQ,-,5242.09万,439.60万,保险,0.18%,5.28%,0.479
8,Acadian Asset,AAMI,US,67.78,-,2.91%,2.21/30.27,-,1.25,-,-,-,-,24.21亿,8000.00万,资本市场,0.60%,100.52%,39.96
9,应用光电,AAOI,US,162.17,-,18.06%,-0.64/-,-,17.74,-,-,NASDAQ,-,129.81亿,-3822.80万,半导体产品与设备,19.63%,64.64%,17.69
10,艾伦建材,AAON,US,99.59,http://www.aaon.com,5.67%,1.32/75.76,"AAON (NASDAQ: AAON) designs, manufactures and sells semi-custom heating, ventilation and air conditioning equipment (HVAC) for commercial and residential use. AAON is a world leader in creating comfortable and healthy indoor environments, efficiently, through the manufacture of premium HVAC equipment.",0.89,-,-,NASDAQ,-,81.51亿,1.08亿,耐用消费品,1.37%,89.95%,9.11
11,Advance Auto Parts,AAP,US,58.18,http://www.AdvanceAutoParts.com,3.96%,0.73/79.77,"Advance Auto Parts, Inc.始创于1929年。该公司是一家领先的专业零售商,其产品包括汽车零部件、附件、电池和维修项目，主要在美国运营销售。公司店铺经营的产品线广泛，包括轿车、厢式货车、运动型赛车和轻型卡车零部件。公司的服务对象有DIY客户、修理客户和商业客户。公司的商业客户主要有汽车修理厂、服务站及汽车经销商，将产品从公司店铺运送到客户的经营地。",0.03,S1/F1,-,NYSE,-,35.10亿,4400.00万,专营零售,1.74%,125.17%,1.6
12,亚盛医药,AAPG,US,23.95,-,2.82%,-0.5/-,-,7.21,-,-,-,-,22.35亿,-1.78亿,制药,-,0.02%,11.8
13,苹果,AAPL,US,271.06,http://investor.apple.com/,1.25%,2.85/33.79,苹果(AAPL)创建于1976年，设计研制了Mac便携式及桌上型电脑、OS X 操作系统，以及富有革命性的iPod、iTunes、iPhone 和iPad系列。苹果公司藉此由一家传统的硬件制造商，转变为一家互联网平台运营商,-0.87,http://sec.gov/Archives/edgar/data/1318605/000119312510149105/d424b4.htm,408-996-1010,NASDAQ,"1050 BING STREET SAN CARLOS, CA, USA",39794.70亿,420.97亿,电脑与外围设备,0.26%,64.59%,45.12
14,Aardvark,AARD,US,5.39,-,6.33%,-2.93/-,-,0.37,-,-,-,-,1.18亿,-5759.10万,制药,0.96%,48.82%,1.1
15,American Assets,AAT,US,20.91,http://www.aeat.com/,1.50%,0.92/23.07,"American Assets Trust is a full service, vertically integrated and self-administered real estate investment trust, or REIT, that owns, operates, acquires and develops high quality retail and office properties in attractive, high-barrier-to-entry markets primarily in Southern California, Northern California and Hawaii.  The company was formed to succeed to the real estate business of American Assets, Inc., a privately held corporation founded in 1967 and, as such, has significant experience, long-standing relationships and extensive knowledge of our core markets, submarkets and asset classes.  The company’s retail portfolio comprises approximately 3.0 million rentable square feet, and its office portfolio comprises approximately 1.8 million square feet.  In addition the company owns one mixed-use property and over 900 multifamily units.  The company intends to elect to be treated as a real estate investment trust, or REIT, for U.S. federal income tax purposes, commencing with the taxable year ending December 31, 2011.",1.01,-,-,NYSE,-,12.84亿,5564.80万,权益型REITs,0.45%,94.38%,1.12
16,Allied Gold,AAUC,US,31.92,-,0.35%,-0.45/-,-,0.35,-,-,-,-,40.18亿,-5184.70万,金属与采矿,0.21%,44.62%,9.86
17,联博控股,AB,US,38.82,http://www.alliancebernstein.com,0.94%,2.97/11.94,AllianceBernstein is a research-driven investment firm that is global in scope and client-centered in its mission,0.08,-,-,NYSE,-,35.79亿,3.00亿,资本市场,0.17%,15.95%,2.89
18,American Battery,ABAT,US,3.28,http://www.zqpt.com/,4.92%,-0.16/-,"中强公司成立于2000年9月，注册资本6835万元人民币，总资产为2亿人民币。公司总占地面积13.6万平方米，厂房及建筑物面积5万平方米，工业基础配套设施齐全，技术人员、装备、厂区规划各方面形成了一个现代化高科技的工业园区。 
 黑龙江龙江中强能源科技有限公司是集科、工、技、贸为一体的高新技术民营企业，主要从事聚合物锂离子电池及相关产品的研发、生产和销售。现有日产5万安时的聚合物锂离子电池生产线及日产1000台矿灯的组装生产线。已取得聚合物锂离子电池的国家专利知识产权",-1.06,-,0086-451-53118471,PINK,黑龙江省双城市经济技术开发区唯友路1号,4.32亿,-1958.05万,电子设备与仪器,1.73%,33.41%,3.63
19,艾伯维,ABBV,US,198.71,https://www.abbvie.com,1.55%,2.37/83.17,2013年1月2日，艾伯维正式从雅培公司拆分，独立在纽约证券交易所挂牌上市。艾伯维作为全球研究型生物制药公司，在全球拥有近25000名员工，产品销往170多个国家。,-1.11,S1/F1,1-847-9327900,NYSE,-,3514.71亿,42.26亿,制药,0.43%,74.55%,-
20,ABC银行,ABCB,US,84.89,http://www.amerisbank.com,3.26%,6.02/13.15,"Ameris Bank has been serving communities with personal service for almost 40 years. The company provides business and individual customers with a full range of products and services, including checking products, mortgage and refinancing solutions, treasury services, and investment options. 
Headquartered in Moultrie, GA, Ameris Bank has locations in Alabama, Florida, Georgia, and South Carolina.",0.32,-,-,NASDAQ,-,57.15亿,1.10亿,商业银行,1.80%,96.08%,1.4
21,AbCellera Biologics,ABCL,US,4.15,-,7.90%,-0.49/-,-,2.47,-,-,-,-,12.58亿,-1.46亿,生物科技,4.03%,35.72%,1.3
22,Abeona Therapeutics,ABEO,US,5.39,-,4.89%,1.34/4.32,-,-2.36,-,-,NASDAQ,-,3.07亿,7118.30万,生物科技,1.92%,68.24%,1.93
23,Ambev,ABEV,US,2.88,https://www.ambev-ir.com,1.67%,0.18/16.04,安贝夫啤酒，来自于巴西，世界十大啤酒厂商之一，年产量是55亿升。,-2.04,-,-,NYSE,-,453.99亿,28.31亿,饮料,0.17%,6.66%,2.83
24,阿斯伯里汽车集团,ABG,US,203.06,http://www.asburyauto.com/,2.80%,25.2/7.96,"Asbury Automotive Group, Inc. (NYSE: ABG), headquartered in Duluth, GA, is one of the largest automotive retailers in the U.S., with 2010 revenues of nearly $4 billion. Built through a combination of organic growth and strategic acquisitions, Asbury now operates 80 retail auto stores, encompassing 100 franchises for the sale and servicing of 29 different brands of American, European and Asian automobiles. Over 85% of sales are from import brands.",0.52,-,-,NYSE,-,39.18亿,4.92亿,专营零售,1.42%,105.73%,1.01
25,Able View全球,ABLV,US,0.769,-,13.51%,0.07/16.26,-,3.92,-,-,-,-,3798.09万,341.99万,个人用品,0.11%,0.05%,5.34
26,ABM工业,ABM,US,40.16,-,1.28%,0.64/14.92,-,-0.86,-,-,NYSE,-,23.51亿,3880.00万,商业服务与用品,0.85%,97.03%,1.36
27,爱彼迎,ABNB,US,142.82,-,3.05%,4.1/34.62,-,0.67,-,-,-,-,869.37亿,25.11亿,软件,0.66%,82.67%,10.6
28,Acumen,ABOS,US,2.57,-,5.06%,-2/-,-,-3.75,-,-,-,-,1.86亿,-1.21亿,制药,0.91%,50.04%,2.64
29,阿伯房地产信托,ABR,US,7.97,http://www.absolute-funds.com/,3.59%,0.56/14.27,"Arbor Realty Trust (NYSE:ABR) is a real estate investment trust that invests in a diversified portfolio of multifamily and commercial real estate related bridge and mezzanine loans, preferred equity investments, mortgage related securities and other real estate related assets.",2.31,-,-,NYSE,-,15.33亿,1.07亿,抵押型REITs,1.20%,57.34%,0.661
30,Absci,ABSI,US,3.94,-,4.41%,-0.84/-,-,-0.76,-,-,-,-,6.12亿,-1.15亿,生物科技,3.32%,78.39%,3.23
31,雅培,ABT,US,91.13,http://www.abbott.com,1.74%,0.62/25.29,雅培（Abbott Laboratories）公司于1888年在美国芝加哥由雅培医生创办，公司历经百年发展，如今的雅培公司已发展成今天一个医药及营养产品多元化的世界500强企业。雅培的医疗保健产品及服务主要包括医药、营养产品、医院用品及诊断用品。,-1.46,-,847-937-6l00,NYSE,-,1587.17亿,10.77亿,医疗保健设备,0.74%,80.07%,3.04
32,American Bitcoin,ABTC,US,1.24,-,7.94%,-0.17/-,-,-1.59,-,-,-,-,13.13亿,-1.53亿,软件,8.47%,24.56%,1.97
33,Abits Group,ABTS,US,1.125,-,17.93%,-0.27/-,-,1.35,-,-,-,-,355.78万,-64.20万,软件,2.61%,0.17%,0.366
34,Arbutus Biopharma,ABUS,US,4.2,-,6.12%,-0.17/-,-,-1.18,-,-,NASDAQ,-,8.27亿,-3350.10万,生物科技,5.22%,62.57%,10.8
35,ABVC BioPharma,ABVC,US,1.07,-,7.02%,-0.39/-,-,-6.14,-,-,-,-,2747.04万,-790.86万,制药,0.55%,3.42%,2.47
36,Above Food,ABVE,US,0.558,-,19.62%,-0.92/-,-,-11,-,-,-,-,2856.51万,-2637.23万,食品与日用品零售,4.96%,3.66%,-
37,Abivax,ABVX,US,114.56,-,4.40%,-5.67/-,-,1.38,-,-,-,-,90.71亿,-3.94亿,生物科技,1.33%,71.55%,16.98
38,Abacus Global,ABX,US,9.21,http://www.barrick.com,2.71%,0.38/24.24,巴里克黄金公司由彼得·蒙克(Peter Munk)创建于于1983年，其总部在加拿大多伦多，是全球最大的黄金生产商之一，旗下四个地区27座矿场06年黄金产量为864万盎司。主要在全世界从事黄金的勘探，开发，生产和销售。它是一家跨国的以黄金勘查和开发为主的矿业公司，总部设在多伦多市，下属公司遍布于四大洲多个国家，如加拿大、美国、秘鲁、智利、阿根挺、坦桑尼亚、澳大利亚等国。该公司拥有行业内仅有的A级资产负债表，2002年产金177.29吨，产量列世界第三位，其北美黄金产量占公司总量的61%，其全球金保有储量达2700多吨，其黄金地、采、选、冶技术处于世界领先地位，公司股票已在多伦多、纽约、伦敦、巴黎和瑞士交易所上市交易。主营业务包括以下三项：白金，参与铂和镍的发展项目；生产铜和银；从事勘探，开发，生产，销售黄金。,0,-,-,NYSE,-,8.85亿,3652.53万,资本市场,1.19%,29.11%,2.09
39,Arcosa,ACA,US,119.44,-,2.22%,4.25/28.14,-,-0.62,-,-,-,-,58.64亿,2.08亿,建筑与工程,0.46%,92.98%,2.22
40,Averin,ACAA,US,9.94,-,0.05%,-/-,-,0.17,-,-,-,-,3.22亿,-7.34万,资本市场,0.04%,-,-
41,阿卡迪亚,ACAD,US,21.96,http://www.acadia-pharm.com,2.53%,2.32/9.58,ACADIA Pharmaceuticals (Nasdaq: ACAD) is a biopharmaceutical company utilizing innovative technology to fuel drug discovery and clinical development of novel treatments for central nervous system disorders.,-0.68,-,-,NASDAQ,-,37.44亿,3.91亿,生物科技,0.52%,98.44%,3.05
42,Aurora Cannabis,ACB,US,3.39,-,4.27%,-0.84/-,-,3.35,-,-,-,-,1.92亿,-5456.32万,制药,2.87%,11.84%,0.491
43,卓远,ACCL,US,1.4,-,2.85%,0.08/19.11,-,-2.78,-,-,-,-,1952.99万,102.17万,专业服务,1.00%,0.27%,8.92
44,ACCO Brands,ACCO,US,3.31,-,2.46%,0.45/7.39,-,1.85,-,-,NYSE,-,3.05亿,4130.00万,商业服务与用品,0.52%,81.08%,0.459
45,ACCESS Newswire,ACCS,US,7.86,-,9.27%,1.11/7.07,-,-1.57,-,-,-,-,3033.34万,429.10万,软件,0.37%,31.96%,1
46,ProFrac Holding,ACDC,US,7.38,-,4.35%,-2.22/-,-,0.41,-,-,-,-,13.35亿,-3.74亿,能源设备与服务,3.57%,14.97%,1.86
47,Accel Entertainment,ACEL,US,12.31,-,1.84%,0.61/19.51,-,0.57,-,-,-,-,10.04亿,5147.00万,娱乐,0.57%,54.50%,3.72
48,Adicet Bio,ACET,US,7.9,http://www.aceto.com/,2.41%,-16.95/-,"Aceto Corporation, incorporated in 1947, is a global leader in the sourcing, quality assurance, regulatory support, marketing and distribution of pharmaceuticals, nutraceuticals, specialty chemicals and crop protection products.",0,-,-,NASDAQ,-,7581.16万,-1.17亿,制药,0.60%,67.18%,0.476
49,Acorn Energy,ACFN,US,18.34,-,1.65%,1.01/18.31,-,0.77,-,-,-,-,4596.92万,251.00万,专业服务,0.34%,2.61%,5.57
50,艾奇资本,ACGL,US,96.19,http://www.archcapgroup.com,1.39%,11.83/7.86,"Arch Capital Group Ltd. (Arch Capital) is a Bermuda public limited liability company with approximately $4.91 billion in capital at December 31, 2010. They write insurance and reinsurance on a worldwide basis through operations in Bermuda, the United States, Europe and Canada, with a focus on specialty lines",-1.92,-,-,NASDAQ,-,342.70亿,43.59亿,保险,0.44%,91.36%,1.47
51,Accendra Health,ACH,US,3.3,http://www.chalco.com.cn,6.55%,-14.31/-,中国铝业股份有限公司是由中国铝业公司、广西投资（集团）有限公司和贵州省物资开发投资公司共同以发起方式设立，并于2001年9月10日在中华人民共和国（中国）注册成立的股份有限公司。2001年12月11日、12日，中国铝业股票分别在纽约证券交易所和香港联合交易所有限公司挂牌上市。中国铝业是中国最大的氧化铝生产商，是全球第二大氧化铝生产商，同时也是中国最大的原铝生产商。,-1.79,-,86-10-82298103,NYSE,北京市海淀区富兴路12号B,2.52亿,-11.01亿,医疗保健服务,0.79%,91.28%,-
52,阿卡迪亚医疗保健,ACHC,US,27.38,-,6.77%,-12.16/-,-,0.15,-,-,NASDAQ,-,25.20亿,-11.03亿,医疗保健服务,3.44%,134.52%,1.29
53,Archer Aviation,ACHR,US,5.7,-,5.01%,-0.99/-,-,-1.21,-,-,-,-,42.44亿,-6.18亿,航空公司,3.37%,50.06%,1.93
54,Achieve Life,ACHV,US,4.02,-,6.14%,-1.25/-,-,-3.13,-,-,-,-,4.13亿,-5464.80万,制药,1.70%,43.96%,19.14
55,艾伯森,ACI,US,16.62,-,1.80%,0.4/39.29,-,-0.42,-,-,-,-,85.41亿,2.17亿,食品与日用品零售,1.95%,93.37%,4.65
56,American Coastal,ACIC,US,12.02,-,1.76%,2.2/5.44,-,0.67,-,-,-,-,5.81亿,1.07亿,保险,0.69%,32.41%,1.83
57,AC Immune,ACIU,US,2.84,-,5.56%,-0.88/-,-,-4.38,-,-,NASDAQ,-,2.89亿,-8876.89万,生物科技,0.23%,25.27%,5.11
58,ACI环球,ACIW,US,43.19,http://www.aciworldwide.com,3.27%,2.18/19.31,"ACI Worldwide powers electronic payments for financial institutions, retailers and processors around the world with its broad and integrated suite of electronic payment software.",2.32,-,-,NASDAQ,-,43.77亿,2.27亿,软件,0.58%,102.37%,2.88
59,亚舍立科技,ACLS,US,143.13,http://www.axcelis.com,6.81%,3.81/36.58,"Axcelis Technologies, Inc. is a world-leading provider of equipment and services to the semiconductor manufacturing industry. For over three decades, chipmakers from around the globe rely on Axcelis' tools and process expertise to form the transistors that power all electronics - from smartphones and laptops, cameras, personal music players and more.",2.34,-,-,NASDAQ,-,43.98亿,1.20亿,半导体产品与设备,2.81%,101.41%,4.25
60,Arcellx,ACLX,US,115.03,-,0.06%,-4.07/-,-,-0.02,-,-,-,-,67.27亿,-2.29亿,生物科技,5.32%,114.88%,16.72
61,AECOM,ACM,US,80.37,ttp://www.aecom.com,2.11%,0.57/22.14,"AECOM, formerly AECOM Technology Corporation, designs, builds, finances and operates infrastructure assets for governments, businesses and organizations around the world. The Company provides program and facilities management and maintenance, training, logistics, consulting, technical assistance, and systems integration and information technology (IT) services. T",-0.11,-,-,NYSE,-,103.91亿,7452.00万,建筑与工程,0.96%,89.08%,4.66
62,盛美,ACMR,US,56.1,-,4.45%,1.47/39.19,-,3.91,-,-,-,-,36.87亿,9407.80万,半导体产品与设备,1.51%,75.17%,2.52
63,埃森哲,ACN,US,178.36,-,3.43%,6.53/15.52,-,0.04,-,-,-,-,1186.88亿,40.37亿,专业服务,0.75%,80.65%,3.75
64,ACNB,ACNB,US,49.06,-,3.23%,3.61/9.94,-,-2.81,-,-,NASDAQ,-,5.07亿,1370.30万,商业银行,0.72%,40.31%,1.19
65,Ascent Industries,ACNT,US,14.52,-,3.02%,0.09/154.8,-,0.76,-,-,-,-,1.34亿,86.70万,化学制品,0.79%,57.11%,1.54
66,Alpha Cognition,ACOG,US,6.855,-,3.80%,-1.17/-,-,0.07,-,-,-,-,1.49亿,-2066.99万,制药,0.15%,44.99%,2.39
67,Aclarion,ACON,US,3.3,-,2.76%,-13.61/-,-,1.23,-,-,-,-,753.18万,-724.03万,生命科学工具,7.79%,0.87%,0.587
68,abrdn Income Credit,ACP,US,5.3,-,1.42%,0.31/17.29,-,0.57,-,-,NYSE,-,6.65亿,3845.52万,资本市场,0.53%,28.60%,0.9
69,ACRES Commercial,ACR,US,20.38,-,1.03%,0.03/608.1,-,0.79,-,-,-,-,1.45亿,23.90万,零售房地产投资信托,0.25%,47.05%,0.345
70,阿瑞斯商业地产,ACRE,US,5.26,-,3.08%,-0.02/-,-,1.15,-,-,NYSE,-,2.91亿,-90.20万,房地产管理和开发Ⅲ,0.71%,43.97%,0.572
71,Aclaris Therapeutics,ACRS,US,4.3,-,5.93%,-0.53/-,-,-5.49,-,-,NASDAQ,-,6.01亿,-6492.30万,制药,1.44%,69.24%,5.83
72,Acrivon Therapeutics,ACRV,US,1.91,-,5.56%,-2.02/-,-,1.06,-,-,-,-,7400.19万,-7790.50万,生物科技,1.41%,47.72%,0.658
73,Enact Holdings,ACT,US,43.84,-,1.41%,4.54/9.18,-,-0.16,-,-,-,-,61.90亿,6.74亿,综合金融服务,0.86%,21.24%,1.16
74,阿卡西亚,ACTG,US,4.86,-,3.21%,0.23/21.62,-,0.62,-,-,NASDAQ,-,4.69亿,2168.20万,商业服务与用品,0.15%,87.21%,0.863
75,Actuate,ACTU,US,2.97,-,24.11%,-1.06/-,-,17.39,-,-,-,-,7042.37万,-2222.79万,生物科技,2.82%,54.23%,8.89
76,Acme United,ACU,US,42.41,-,4.41%,2.69/16.97,-,-2.46,-,-,AMEX,-,1.62亿,98.50万,商业服务与用品,0.45%,69.01%,1.38
77,Virtus,ACV,US,26.24,http://www.alberto.com/index.aspx?ct=333458,2.00%,5.15/5.1,Alberto Culver是全球知名护发产品生产商。,0.04,-,-,NYSE,-,2.73亿,5344.90万,资本市场,0.16%,21.96%,1.01
78,ACV Auctions,ACVA,US,5.13,-,4.14%,-0.39/-,-,-1.16,-,-,-,-,8.93亿,-6614.10万,信息技术服务,1.59%,95.25%,2.08
79,Acurx,ACXP,US,1.98,-,5.77%,-5.32/-,-,-1.49,-,-,-,-,726.88万,-796.65万,制药,3.94%,3.46%,1.38
80,Array Digital,AD,US,48.19,-,3.75%,0.57/85.44,-,-1.37,-,-,-,-,41.66亿,4875.60万,无线电信业务,0.73%,33.37%,1.62
81,American Drive,ADAC,US,9.99,-,0.00%,0.01/3033,-,0.71,-,-,-,-,2.87亿,9.47万,资本市场,0.00%,-,-
82,天演药业,ADAG,US,3.69,-,3.74%,-0.3/-,-,-1.34,-,-,-,-,2.44亿,-1760.94万,制药,0.26%,3.72%,4.7
83,Adamas,ADAM,US,7.95,-,2.17%,1.12/7.11,-,1.53,-,-,-,-,7.19亿,1.01亿,抵押型REITs,0.63%,54.61%,0.811
84,奥多比,ADBE,US,245.44,http://www.adobe.com,3.03%,4.6/13.76,"Adobe系统公司提供面向企业、创意行业和移动产业的软件解决方案,是一家网络图表设计, 出版和图像软件供应商。它提供领先市场的系列应用软件产品，适用于对信息的创建、 分配和处理。公司对主要硬体制造商制定行业技术标准、开发软件，提供服务，并且为各种类型的企事业提供综合软体应用解决方案。Adobe Reader、Adobe Flash Player-于®、Adobe PostScript、Adobe AIR-
Adobe®Digital、 Editions-2007、Adobe Flex™ omniture® Online Marketing Suite- 等产品。",2.7,-,408-536-6000,NASDAQ,美国加州圣荷西,992.07亿,18.89亿,软件,1.61%,83.13%,8.68
85,艾格里不动产,ADC,US,76.69,http://www.agreerealty.com,1.17%,0.5/43.45,"Agree Realty Corporation is a fully-integrated, self-administered and self-managed real estate investment trust (REIT) based in Farmington Hills, Michigan. The Company is traded on the New York Stock Exchange under the symbol ADC.",-0.72,-,-,NYSE,-,92.11亿,6019.20万,零售房地产投资信托,0.54%,108.46%,1.52
86,ADC Therapeutics,ADCT,US,3.94,-,3.41%,-1.12/-,-,-0.51,-,-,-,-,5.01亿,-1.43亿,制药,1.00%,65.18%,-
87,Adeia,ADEA,US,30.31,-,2.36%,1.02/30.21,-,0.6,-,-,-,-,33.55亿,1.11亿,半导体产品与设备,0.98%,94.96%,6.98
88,Adagio Medical,ADGM,US,1.51,-,7.95%,-1.51/-,-,0,-,-,-,-,3353.78万,-2508.40万,医疗保健设备,0.28%,75.24%,2.71
89,亚德诺,ADI,US,399.57,http://www.regentherapeutics.com,1.99%,1.7/72.07,"Analog Devices, Inc. (NYSE: ADI) defines innovation and excellence in signal processing. ADI's analog, mixed-signal, and digital signal processing (DSP) integrated circuits (IC) play a fundamental role in converting, conditioning, and processing real-world phenomena such as light, sound, temperature, motion, and pressure into electrical signals to be used in a wide array of electronic equipment. But that doesn’t begin to capture the essence of what Analog Devices does for our customers, and ultimately for the end user.",-1.07,-,-,NASDAQ,-,1950.72亿,8.31亿,半导体产品与设备,0.93%,88.31%,5.77
90,Adial,ADIL,US,1.58,-,2.56%,-11.93/-,-,1.28,-,-,-,-,225.62万,-797.72万,制药,4.42%,14.14%,0.428
91,阿彻丹尼尔斯米德兰,ADM,US,69.23,https://www.adm.com,2.28%,2.23/30.95,"ADM (ADM)是一家主要从事于粮食加工、贮运和全球贸易的大型国际集团。公司是世界上最大的油籽、玉米和小麦加工企业之一，其大约2/3的收入来自对大豆、花生及其他油籽等的加工。

ADM 2001年和新加坡丰益国际集团共同投资组建益海集团。

2006年底，丰益国际以27亿美元收购了新加坡郭氏集团旗下的嘉里粮油，与其在中国的子公司益海集团合并，成立益海嘉里公司，成为中国的油脂业寡头，也成为了世界级的粮油巨头。

在本次丰益国际大收购中，丰益国际将通过与ADM换股的形式全资控股益海集团。

在交易全部完成后，ADM将通过其直接和间接控股，成为丰益国际的第二大股东。

国际上，美国ADM、美国邦基、美国嘉吉和法国路易达孚号称四大粮商。",-1.14,-,-,NYSE,-,333.62亿,10.78亿,食品,0.40%,86.53%,1.47
92,ADMA Biologics,ADMA,US,11.26,-,3.84%,0.62/17.8,-,1.62,-,-,NASDAQ,-,26.16亿,1.47亿,制药,1.83%,94.29%,5.48
93,Adient,ADNT,US,22.14,-,4.48%,-0.28/-,-,2.17,-,-,NYSE,-,17.34亿,-2200.00万,汽车零配件,0.83%,102.81%,1
94,自动数据处理,ADP,US,196.53,http://www.adp.com/,1.38%,5.13/18.68,Automatic Data Processing Inc（简称：ADP，纳斯达克代码:ADP）是一家外包服务公司，主要从事人力资源外包服务。,-1.01,-,-,NASDAQ,-,791.32亿,20.75亿,专业服务,0.85%,82.29%,12.38
95,Adaptive,ADPT,US,14.14,-,3.15%,-0.39/-,-,2.32,-,-,-,-,21.77亿,-5949.90万,生命科学工具,0.59%,97.07%,9.95
96,Ads-Tec Energy,ADSE,US,12.02,-,4.35%,-1.08/-,-,2.47,-,-,-,-,7.23亿,-6477.10万,电子设备与仪器,0.01%,48.16%,-
97,欧特克,ADSK,US,237.44,http://usa.autodesk.com/company/,2.83%,5.28/44.57,欧特克(Autodesk Inc NASDAQ：ADSK)是三维设计、工程及娱乐软件的领导者，其产品和解决方案被广泛应用于制造业、工程建设行业和传媒娱乐业。,2.35,-,-,NASDAQ,-,501.00亿,11.24亿,软件,0.66%,91.63%,16.45
98,ADT,ADT,US,7.26,-,1.73%,0.72/9.76,-,0.28,-,-,-,-,58.15亿,5.96亿,商业服务与用品,0.80%,102.55%,1.54
99,亚川,ADTN,US,16.93,http://www.adtran.com/,2.99%,-0.52/-,"ADTRAN, Inc. is a leading global provider of networking and communications equipment with an innovative portfolio of more than 1,700 solutions for use in the last mile of today’s telecommunications networks. Widely deployed by carriers, distributed enterprises and Small- and Medium-sized Businesses (SMBs), ADTRAN networking equipment solutions enable voice, data, video, and Internet communications across copper, fiber, and wireless network infrastructures. ADTRAN solutions are currently in use by every major U.S. service provider and many global ones, as well as by thousands of public, private and governmental organizations worldwide. ADTRAN is headquartered in Huntsville, Alabama, with sales offices strategically located throughout the United States and around the world.",1.14,-,-,NASDAQ,-,13.66亿,-4565.60万,通信设备,3.29%,87.72%,9.37
100,Aditxt,ADTX,US,0.283,-,6.92%,-1153.83/-,-,-2.08,-,-,-,-,25.60万,-4310.15万,生物科技,3.91%,0.74%,0.046
101,Aduro Clean,ADUR,US,11.95,-,6.03%,-0.33/-,-,1.44,-,-,-,-,4.02亿,-1057.51万,化学制品,1.35%,3.19%,13.59
102,爱德斯,ADUS,US,95.71,http://www.addus.com/,4.18%,5.31/18.63,"Founded in 1979, Addus HealthCare is a nationally recognized provider of high quality health care services.

Addus provides comprehensive health care services including skilled nursing, personal care aides, and rehabilitation. Addus HealthCare currently holds over two hundred home care contracts throughout the country. The company provides health care services to over 25,000 weekly consumers from 129 offices in 19 states.",1.32,-,-,NASDAQ,-,17.86亿,9591.00万,医疗保健服务,1.13%,98.65%,1.65
103,Advantage Solutions,ADV,US,33.39,-,6.04%,-0.7/-,-,2.36,-,-,-,-,4.38亿,-2.28亿,专业服务,1.46%,31.09%,0.791
104,Advanced Biomed,ADVB,US,5.73,-,20.40%,0.3/1.78,-,-11.44,-,-,-,-,781.88万,647.10万,医疗保健设备,7.29%,0.22%,0.825
105,Adams Diversified,ADX,US,24.63,http://www.adamsexpress.com,1.15%,3.92/6.28,Adams Express Company (NYSE: ADX) is a publicly-traded diversified equity fund. The Company uses a conservative investment philosophy and the portfolio is managed with the expectation that it will generate solid returns with lower-than-market risk for long-term investors.,0.94,-,-,NYSE,-,30.18亿,4.81亿,资本市场,0.33%,17.75%,0.996
106,Addex Therapeutics,ADXN,US,7,-,12.54%,-0.06/-,-,14.01,-,-,-,-,862.40万,-614.02万,制药,0.98%,0.03%,1.15
107,Activate Energy,AEAQ,US,-,-,-,0.03/1038,-,-,-,-,-,-,3.12亿,30.04万,资本市场,-,0.06%,-
108,Aebi Schmidt,AEBI,US,11.48,-,3.88%,0.17/91.28,-,-2.63,-,-,-,-,8.89亿,973.90万,机械制造,0.78%,40.95%,1.09
109,Anfield Energy,AEC,US,5.4,-,3.64%,-0.93/-,-,-1.64,-,-,-,-,9819.89万,-1438.32万,金属与采矿,0.10%,6.79%,2.88
110,阿曼瑞恩,AEE,US,111.12,-,1.21%,5.38/21.11,-,-0.83,-,-,NYSE,-,307.42亿,14.56亿,复合型公用事业,0.46%,83.66%,2.29
111,abrdn Emerging,AEF,US,9.03,-,2.56%,2.35/3.84,-,2.61,-,-,-,-,3.67亿,9556.42万,资本市场,0.33%,55.97%,1.18
112,荷兰全球保险,AEG,US,8.02,http://www.aegonins.com/,1.19%,0.69/13.35,"AEGON N.V. is an international life insurance, pension and investment company based in The Hague, The Netherlands. AEGON has businesses in over twenty markets in the Americas, Europe and Asia. AEGON companies employ approximately 28,000 people and have over 40 million customers across the globe.",0.75,-,-,NYSE,-,153.10亿,11.47亿,保险,0.31%,10.26%,1.39
113,羚羊控股,AEHL,US,0.517,-,5.77%,-1.03/-,-,-0.58,-,-,-,-,266.85万,-365.20万,互动媒体与服务,8.08%,0.81%,0.102
114,Aehr Test Systems,AEHR,US,95.91,-,8.32%,-0.28/-,-,0.42,-,-,-,-,30.17亿,-851.70万,半导体产品与设备,9.02%,68.49%,21.73
115,Alset,AEI,US,1.59,-,7.69%,-2.22/-,-,-5.92,-,-,-,-,6184.44万,-4741.49万,房地产管理和开发Ⅲ,0.16%,5.86%,0.511
116,先进能源工业,AEIS,US,387.24,-,3.54%,3.95/99.23,-,1.25,-,-,NASDAQ,-,147.26亿,1.48亿,电子设备与仪器,2.61%,107.98%,10.81
117,伊格尔矿业,AEM,US,200.23,-,2.00%,8.89/22.48,-,0.64,-,-,NYSE,-,1003.13亿,44.61亿,金属与采矿,0.43%,63.48%,4.05
118,Aethlon Medical,AEMD,US,2.2,-,3.16%,-11.01/-,-,-2.22,-,-,-,-,345.20万,-526.72万,医疗保健设备,0.49%,0.82%,0.514
119,Alliance,AENT,US,7.34,-,6.06%,0.28/37.23,-,1.1,-,-,-,-,8.14亿,1426.80万,娱乐,0.56%,48.23%,3.46
120,美鹰服饰,AEO,US,17.91,http://www.ae.com,2.06%,1.12/15.55,American Eagle Outfitters Inc (NYSE:AEO)是美国一家服装零售商。,-1.54,-,-,NYSE,-,29.85亿,1.92亿,专营零售,1.80%,95.85%,1.76
121,AEON Biopharma,AEON,US,1.05,-,8.65%,-3.95/-,-,0.96,-,-,-,-,2656.82万,-3922.20万,制药,0.41%,9.85%,-
122,美国电力,AEP,US,134.73,http://www.aep.com,1.30%,6.7/20.46,美国电力（American Electric Power ，NYSE：AEP)是全美最大的公共事业公司之一。,-0.26,-,614-716-1000,NYSE,-,732.34亿,35.80亿,电力,0.35%,80.63%,2.35
123,Aercap飞机租赁,AER,US,138.08,http://www.aercap.com/,1.96%,21.78/6.14,"AerCap is an integrated global aviation company with a leading market position in aircraft and engine leasing, trading and parts sales. AerCap also provides aircraft management services and performs aircraft maintenance, repair and overhaul services and aircraft disassemblies. Following the merger with Genesis Lease in March 2010, AerCap has become the world's leading independent aircraft leasing company with total assets of approximately $9.3 billion. In addition, AerCap has $1.4 billion of committed purchases, ensuring further growth with new, fuel-efficient aircraft.",-0.73,-,-,NYSE,-,230.42亿,37.51亿,贸易与经销,0.90%,89.78%,1.26
124,Aeromexico,AERO,US,14.97,-,6.82%,0.24/6.4,-,0.54,-,-,-,-,21.84亿,1100.00万,航空公司,0.25%,7.28%,-
125,Aeries Technology,AERT,US,0.533,-,18.30%,0.06/-,-,-11.31,-,-,-,-,2676.18万,283.40万,专业服务,4.06%,0.51%,-
126,爱依斯电力,AES,US,14.49,http://www.aes.com,0.31%,1.26/11.48,爱依斯电力（AES Corp）是美国最大的电力供应商之一。,-0.07,-,-,NYSE,-,103.32亿,9.00亿,独立电力生产商,2.56%,85.95%,2.54
127,Atlas Energy,AESI,US,16.31,-,3.23%,-0.41/-,-,1.24,-,-,-,-,20.37亿,-5030.40万,石油与天然气,5.80%,69.98%,1.69
128,Aeva Technologies,AEVA,US,16.17,-,7.10%,-2.55/-,-,4.39,-,-,-,-,10.18亿,-1.45亿,汽车零配件,3.10%,70.68%,77
129,American Exceptional,AEXA,US,11.11,-,1.40%,-0.22/-,-,0,-,-,-,-,5.50亿,-719.73万,资本市场,0.24%,76.19%,-
130,AudioEye,AEYE,US,7.25,-,5.83%,-0.25/-,-,5.07,-,-,-,-,9059.59万,-307.70万,信息技术服务,1.67%,28.65%,18.88
131,AllianceBernstein,AFB,US,11.02,-,0.68%,0.12/91.97,-,0.36,-,-,-,-,3.17亿,344.41万,资本市场,0.20%,65.21%,0.903
132,Affinity Bancshares,AFBI,US,22.41,-,0.07%,1.33/16.39,-,0,-,-,-,-,1.37亿,833.20万,商业银行,0.85%,24.90%,1.08
133,Advanced Flower,AFCG,US,2.99,-,2.36%,-0.95/-,-,0.67,-,-,-,-,7035.12万,-2067.34万,抵押型REITs,0.34%,23.69%,0.401
134,美国金融,AFG,US,130.28,http://www.afginc.com,1.58%,10.08/12.86,"American Financial Group, Inc. (NYSE/NASDAQ:AFG) is a holding company based in Cincinnati, Ohio and has been in business for more than four decades. Our insurance roots go back to the 1800’s with the founding of Great American Insurance Company in 1872. Today, through the operations of Great American Insurance Group, AFG is engaged primarily in property and casualty insurance (“P&C”), focusing on specialized commercial products for businesses, and in the sale of traditional fixed, indexed and variable annuities and a variety of supplemental insurance products. AFG’s purpose is to enable individuals and businesses to manage financial risk using insurance products and services tailored to meet their specific and ever-changing risk exposures. AFG’s strategy is to allocate capital to insurance operations which management believes offer a competitive advantage or unique opportunities.",-1.47,-,-,NYSE,-,108.24亿,8.42亿,保险,0.64%,67.78%,2.25
135,Aimei Health,AFJK,US,47.2,-,5.49%,0.3/205.5,-,4.89,-,-,-,-,2.89亿,96.17万,资本市场,0.11%,17.24%,-
136,美国家庭寿险,AFL,US,114.62,http://www.aflac.com/,1.43%,6.84/16.2,"美国家庭人寿保险（AFLAC Inc）主要业务集中在健康与人寿保险方面。虽然公司的总部仍在美国，但最大的市场却是在日本。今天，美国家庭人寿保险公司已成为人们所熟知的AFLAC──就是那家用鸭子做广告的公司。

AFLAC 诞生于《财富》500强推出的同一年，并最终跻身500强。",-0.43,-,-,NYSE,-,590.50亿,36.46亿,保险,0.40%,67.96%,2
137,Forafric Global,AFRI,US,10.37,-,3.23%,-0.39/-,-,1.57,-,-,-,-,2.79亿,-1088.30万,食品,0.60%,2.30%,-
138,Affirm Holdings,AFRM,US,63.72,-,2.94%,0.63/75.18,-,1.18,-,-,-,-,212.26亿,2.10亿,综合金融服务,1.47%,81.97%,5.98
139,Afya,AFYA,US,13.97,-,3.83%,1.52/9.14,-,-2.65,-,-,-,-,12.55亿,1.37亿,综合消费者服务,0.95%,23.20%,1.42
140,First Majestic,AG,US,20.56,-,3.46%,0.34/61.55,-,1.53,-,-,NYSE,-,101.51亿,1.65亿,金属与采矿,1.93%,45.98%,3.68
141,Allied Gaming,AGAE,US,0.521,-,10.78%,-0.37/-,-,3.99,-,-,-,-,1964.53万,-1500.88万,娱乐,9.27%,7.52%,0.375
142,AGI,AGBK,US,7.58,-,4.63%,0.23/6.4,-,1.75,-,-,-,-,12.12亿,1.89亿,消费信贷,0.44%,1.33%,2.03
143,Agencia,AGCC,US,22.05,-,13.47%,0.03/1106,-,4.95,-,-,-,-,8.22亿,43.01万,食品与日用品零售,0.62%,0.36%,245
144,爱科集团,AGCO,US,116.13,http://www.agcocorp.com/,3.62%,9.76/11.57,"AGCO is the largest pure play, full-line agricultural equipment manufacturer.",-2.85,-,-,NYSE,-,84.08亿,7.26亿,机械制造,1.23%,91.65%,1.97
145,abrdn Global Dynamic,AGD,US,12,http://www.alpinecef.com/,1.18%,1.79/7.04,"The Alpine Global Dynamic Dividend Fund (""AGD""), Alpine Total Dynamic Dividend Fund (""AOD"") and Alpine Global Premier Properties Fund (""AWP"") are closed-end funds. AGD's first trade day was July 26, 2006 under the ticker symbol AGD. AOD's first trade day was January 26, 2007 under the ticker symbol AOD. AWP's first trade day was April 26, 2007 under the ticker symbol AWP.",1.1,-,-,NYSE,-,3.13亿,4454.84万,资本市场,0.58%,16.04%,1.08
146,艾吉纳斯,AGEN,US,3.9,-,7.71%,0.0000/-,-,3.72,-,-,NASDAQ,-,1.50亿,-10.10万,生物科技,2.23%,26.93%,-
147,Aureus Greenway,AGH,US,3.98,-,13.22%,-0.27/-,-,9.64,-,-,-,-,8061.36万,-367.70万,酒店餐饮与休闲,8.56%,2.60%,2.46
148,Alamos Gold,AGI,US,45.16,-,3.96%,2.11/21.41,-,2.68,-,-,NYSE,-,189.66亿,8.86亿,金属与采矿,0.72%,58.38%,4.27
149,Abundia Global,AGIG,US,1.15,-,6.40%,-0.9/-,-,-8,-,-,-,-,5027.91万,-2945.23万,石油与天然气,1.59%,2.88%,2.64
150,Agios,AGIO,US,25.32,-,2.62%,-7.12/-,-,-1.63,-,-,NASDAQ,-,14.84亿,-4.13亿,生物科技,1.81%,103.95%,1.24
151,agilon health,AGL,US,26.21,-,8.17%,-0.95/-,-,-0.42,-,-,-,-,4.37亿,-3.91亿,医疗保健服务,2.35%,88.00%,3.45
152,联邦农业抵押贷款C,AGM,US,173.26,-,2.49%,16.73/10.31,-,-0.08,-,-,NYSE,-,18.81亿,1.82亿,综合金融服务,1.08%,85.69%,1.55
153,联邦农业抵押A,AGM.A,US,135,-,0.00%,16.73/8.03,-,0,-,-,-,-,14.66亿,1.82亿,综合金融服务,0.01%,0.00%,1.21
154,AgomAb,AGMB,US,11.05,-,7.48%,-168.08/-,-,3.27,-,-,-,-,5.44亿,-7340.52万,生物科技,-,-,3.54
155,安高盟,AGMH,US,0.87,-,3.05%,-2.04/0.2,-,-1.69,-,-,-,-,304.41万,-279.70万,软件,1.72%,0.01%,0.085
156,美国资本代理,AGNC,US,11.02,http://www.agnc.com/,1.98%,-0.17/9.71,"American Capital Agency Corp. (Nasdaq: AGNC) is a mortgage REIT that invests in agency securities for which the principal and interest payments are guaranteed by

a U.S. Government agency (such as the Government National Mortgage Association, or GNMA), or 
a U.S. Government-sponsored entity (such as the Federal National Mortgage Association, or FNMA, and the Federal Home Loan Mortgage Corporation, or FHLMC).",1.47,-,-,NASDAQ,-,126.49亿,-1.92亿,抵押型REITs,1.11%,36.72%,1.24
157,保证担保,AGO,US,83.4,http://www.assuredguaranty.com/,2.12%,10.39/7.44,"Assured Guaranty Ltd. (AGL or, together with its subsidiaries, Assured Guaranty) is a Bermuda-based holding company whose subsidiaries provide credit enhancement products to the capital markets through its three principal insurance subsidiaries: Assured Guaranty Corp. (AGC), Assured Guaranty Municipal Corp. (AGM) and Assured Guaranty Re Ltd. (AG Re).  In addition to its headquarters in Hamilton, Bermuda, Assured Guaranty has offices in New York, San Francisco, London, Madrid and Sydney.",0.06,-,-,NYSE,-,37.41亿,5.03亿,保险,0.74%,92.20%,0.661
158,Axe Compute,AGPU,US,6.64,-,10.14%,-13.37/-,-,-6.48,-,-,-,-,3678.07万,-2.33亿,信息技术服务,29.91%,2.52%,0.771
159,Adecoagro,AGRO,US,12.78,http://www.argogrouplimited.com/,7.39%,-0.08/-,"Adecoagro is currently one of the leading companies in the production of food and renewable energy in South America. Present in Argentina, Brazil and Uruguay, our main activities include the production of grains, rice, oilseed, dairy products, sugar, ethanol, coffee and cotton.
Since its creation in 2002, the company´s growth was based on the implementation of a sustainable efficient production model, working on its own land and managing risk through diversification.",-3.69,-,-,NYSE,-,18.22亿,-834.80万,食品,4.42%,10.93%,1.1
160,Agroz,AGRZ,US,0.399,-,7.94%,-/103.9,-,5.56,-,-,-,-,864.77万,53.34万,食品,0.75%,0.93%,2.23
161,Argan,AGX,US,652.99,-,3.08%,10/66.17,-,-0.58,-,-,NYSE,-,91.16亿,1.38亿,建筑与工程,1.60%,91.82%,19.72
162,诶吉利斯,AGYS,US,66.76,-,6.09%,0.95/61.68,-,5.82,-,-,-,-,18.77亿,2649.70万,软件,1.14%,104.69%,5.99
163,AdaptHealth,AHCO,US,12.8,-,2.95%,-0.52/-,-,0.55,-,-,-,-,17.40亿,-7079.40万,医疗保健服务,1.49%,103.98%,1.15
164,阿克索健康,AHG,US,2.035,-,8.11%,0.0000/-,-,-4.01,-,-,-,-,17.43亿,-127.57万,多元化零售,0.12%,0.01%,8.81
165,Ambitions Enterprise,AHMA,US,1.1,-,8.02%,0.01/28.03,-,3.77,-,-,-,-,3269.75万,32.89万,酒店餐饮与休闲,6.55%,1.49%,4.87
166,American Healthcare,AHR,US,50.1,-,1.57%,0.42/137.7,-,-0.95,-,-,-,-,96.13亿,6980.60万,医疗保健房地产投资信托,1.02%,93.55%,2.89
167,AH Realty Trust,AHRT,US,6.04,-,2.50%,-/-,-,0.67,-,-,-,-,4.84亿,-594.40万,权益型REITs,0.82%,74.44%,1.06
168,阿什福德酒店管理信托,AHT,US,2.95,-,6.79%,-35.99/-,-,-2.32,-,-,NYSE,-,1910.56万,-2.15亿,酒店和度假村房地产投资信托,0.23%,19.02%,-
169,C3.ai,AI,US,8.64,http://www.arlingtonasset.com/,3.14%,-2.56/-,"The company is a publicly traded company that invests on a leveraged basis in residential mortgage-backed securities (MBS), including collateralized mortgage obligations (CMOs), either issued by a U.S. Government agency, or guaranteed as to principal and interest by U.S. Government agencies or U.S. Government-sponsored entities. They also invest in both AAA-rated MBS issued by private organizations (private-label MBS) and net interest margin securities and they hold merchant banking investments.",1.17,-,-,NYSE,-,12.55亿,-3.55亿,软件,3.13%,54.95%,1.74
170,BlockchAIn,AIB,US,1.6,-,6.65%,0.0000/-,-,1.27,-,-,NYSE,-,6020.65万,-83.54万,软件,1.82%,0.13%,7.66
171,20/20 Biolabs,AIDX,US,1.64,-,8.02%,-0.76/-,-,1.23,-,-,-,-,1718.73万,-373.88万,医疗保健服务,0.75%,0.00%,-
172,Firefly Neuroscience,AIFF,US,2.29,-,13.59%,-1.97/-,-,11.17,-,-,-,-,3387.61万,-2453.10万,信息技术服务,9.45%,6.09%,4.44
173,智能未来,AIFU,US,1.4,-,8.70%,-11.84/-,-,1.45,-,-,-,-,1.73亿,-6501.05万,保险,0.04%,0.03%,0.59
174,美国国际集团,AIG,US,75.14,http://www.aigcorporate.com,2.23%,5.48/12.98,美国国际集团（AIG）是一家在美国和全球范围内开展多种保险和保险相关业务的控股公司。AIG向130多个国家和地区的企业和个人提供保险、金融、投资产品和服务，主要涉足以下四个业务领域：普通保险、人寿保险和退休服务、金融服务以及资产管理。AIG的普通股在纽约证券交易所上市，以及爱尔兰和东京的证券交易所上市交易。,-1.56,S1/F1,212-770-3099,NYSE,美国纽约市Pine大街70号,401.90亿,30.96亿,保险,0.66%,97.62%,0.977
175,森淼科技,AIHS,US,1.25,-,6.11%,-0.9/-,-,-4.58,-,-,-,-,569.69万,-185.04万,消费信贷,14.15%,1.18%,-
176,American Integrity,AII,US,19.67,-,3.15%,5.65/3.87,-,1.65,-,-,-,-,3.85亿,9962.10万,保险,0.85%,56.07%,1.14
177,AI Infrastructure,AIIA,US,10.1,-,0.00%,0.11/177.4,-,0,-,-,-,-,1.95亿,109.80万,资本市场,0.00%,60.47%,174.1
178,Robo.ai,AIIO,US,0.653,-,11.27%,-0.01/-,-,-5.64,-,-,-,-,1280.21万,-223.60万,汽车零配件,1.59%,0.37%,-
179,AIM ImmunoTech,AIM,US,0.517,-,5.19%,-8.62/-,-,-0.58,-,-,-,-,421.24万,-1395.80万,生物科技,1.28%,1.33%,-
180,Ainos,AIMD,US,1.77,-,4.78%,-3.46/-,-,-0.56,-,-,-,-,1286.08万,-1477.10万,生物科技,0.93%,3.55%,1.7
181,奥尔巴尼国际,AIN,US,55.32,http://www.albint.com,2.53%,-1.94/-,"Founded in 1895, the Company is headquartered in Albany, New York, and employs approximately 4,700 people worldwide. Our manufacturing operations are strategically located to serve our global customers. 

Albany International trades on the New York Stock Exchange under the symbol AIN and is a component of the S&P SmallCap 600  and Russell 2000 Indices.",-2.07,-,-,NYSE,-,15.69亿,-5734.20万,纺织服装与奢侈品,1.25%,105.07%,2.16
182,Virtus Artificial,AIO,US,24.68,-,1.28%,4.35/5.69,-,1.73,-,-,-,-,8.50亿,1.49亿,资本市场,0.20%,18.45%,0.993
183,爱奥斯科技,AIOS,US,0.417,-,11.42%,-47.65/-,-,5.84,-,-,-,-,2709.88万,-2.21亿,机械制造,-,0.13%,5.79
184,PowerFleet,AIOT,US,3.34,-,5.10%,-0.13/-,-,-2.62,-,-,-,-,4.48亿,-1788.60万,无线电信业务,2.36%,88.24%,0.924
185,Arteris,AIP,US,26.72,-,9.26%,-0.82/-,-,9.91,-,-,-,-,12.32亿,-3474.60万,半导体产品与设备,4.15%,56.69%,-
186,AAR,AIR,US,110.54,http://www.aarcorp.com/,2.68%,3.61/25.7,"AAR is a leading provider of diverse products and services to the worldwide commercial aviation and government/defense industries. AAR combines a close-to-the-customer business model with a broad range of capabilities to help customers operate more efficiently, lower costs and maintain high levels of quality, safety and service. AAR is a financially stable, dedicated partner with an enduring commitment to innovation, execution, continuous improvement and customer value.",-1.37,-,-,NYSE,-,43.96亿,1.37亿,航空航天与国防,0.74%,95.75%,2.67
187,reAlpha Tech,AIRE,US,0.278,-,6.27%,-0.23/-,-,2.58,-,-,-,-,3665.50万,-1771.68万,软件,1.19%,4.21%,2.93
188,Airgain,AIRG,US,6.76,-,5.91%,-0.54/-,-,2.42,-,-,NASDAQ,-,8263.35万,-642.60万,无线电信业务,2.09%,32.22%,2.92
189,Air Industries Group,AIRI,US,3.18,-,1.23%,-0.31/-,-,0.63,-,-,-,-,1520.38万,-130.50万,航空航天与国防,0.78%,5.14%,0.792
190,AirJoule,AIRJ,US,3.18,-,5.99%,-0.15/-,-,0.32,-,-,-,-,2.18亿,-904.02万,机械制造,0.63%,12.89%,0.813
191,AIRO Group,AIRO,US,7.93,-,4.97%,-0.17/-,-,-3.88,-,-,-,-,2.49亿,-410.40万,航空航天与国防,1.65%,27.02%,0.337
192,AirSculpt,AIRS,US,2.44,-,5.62%,-0.19/-,-,-2.01,-,-,-,-,1.72亿,-1166.70万,医疗保健服务,17.40%,59.15%,1.96
193,Air T,AIRT,US,22.8,-,7.24%,0.1/-,-,3.17,-,-,-,-,6162.02万,26.80万,航空货运与物流,0.00%,6.99%,-
194,Airship AI Holdings,AISP,US,2.52,-,4.69%,0.9/2.95,-,-0.79,-,-,-,-,8661.78万,2932.14万,信息技术服务,1.18%,19.59%,-
195,应用工业技术,AIT,US,293.35,http://www.fandc.com,1.11%,5.21/27.1,"Applied (NYSE: AIT) is one of North America’s largest industrial distributors of bearings, power transmission components, hydraulic components and systems, pneumatic components and systems, industrial rubber products, linear components, tools, safety products, general maintenance and a variety of material handling products. We also provide customized mechanical, fabricated rubber and fluid power shop services, as well as services to meet storeroom management and maintenance training needs.",-0.36,-,-,NYSE,-,109.43亿,1.96亿,贸易与经销,0.58%,95.10%,5.84
196,公寓投资管理,AIV,US,4.23,-,1.18%,3.95/1.1,-,-0.24,-,-,NYSE,-,6.09亿,5.54亿,住宅房地产投资信托,0.60%,87.49%,1.68
197,AIxCrypto,AIXC,US,1.57,-,10.00%,-8.11/-,-,8.28,-,-,-,-,3176.89万,-1952.87万,软件,0.23%,0.29%,-
198,小i机器人,AIXI,US,0.76,-,8.89%,-0.84/-,-,-29.63,-,-,-,-,1022.41万,-3012.54万,软件,-,1.67%,-
199,安信龙保险,AIZ,US,229.8,http://www.assurant.com/inc/assurant/index.html,1.41%,17.14/13.11,"Assurant's businesses provide a unique variety of products and services that assure opportunity, security and peace of mind for our customers. We provide creditor-placed homeowners insurance; manufactured housing homeowners insurance; debt protection administration; credit insurance; warranties and extended services contracts; individual health and small employer group health insurance; group dental insurance; group disability insurance; group life insurance; and pre-funded funeral insurance. Assurant's strategy is to manage a select portfolio of specialty businesses that are leaders in their markets.",-0.29,-,-,NYSE,-,114.41亿,8.73亿,保险,0.98%,95.86%,1.95
200,安睿嘉尔,AJG,US,215.38,http://www.atlantis-investment.com/,2.19%,5.83/37.03,"Arthur J. Gallagher & Co., one of the world's largest insurance brokerage and risk management services firms, provides a full range of retail and wholesale property/casualty (P/C) brokerage and alternative risk transfer services globally, as well as employee benefit brokerage, consulting and actuarial services. Gallagher also offers claims and information management, risk control consulting and appraisal services to clients around the world.",-1.82,-,-,NYSE,-,553.29亿,14.94亿,保险,0.48%,90.95%,2.37
201,a.k.a. Brands,AKA,US,11.145,-,2.23%,-2.93/-,-,1.32,-,-,-,-,1.21亿,-3143.40万,多元化零售,0.63%,55.69%,1.23
202,阿克迈,AKAM,US,95.25,http://www.akamai.com/,2.93%,3.11/31.02,Akamai是国际上最大的CDN服务商，Limelight(LLNW)位居其次。该公司运营一个全球的光纤网络，来帮助内容发布商避免在繁忙的公共网络中传输文件，而是通过他们提供的光纤网络直接将内容发送到终端用户。国内CDN企业包含有在创业板上市的网宿科技，以及在纳斯达克上市的蓝汛（CCIH）。,-0.97,S1/F1,617-444-3000,NASDAQ,-,140.23亿,4.52亿,信息技术服务,2.50%,98.33%,2.82
203,Akanda,AKAN,US,12.23,-,62.84%,-1.17/-,-,30.52,-,-,-,-,653.57万,-81.50万,制药,13.47%,0.41%,1.98
204,Akebia Therapeutics,AKBA,US,1.43,-,2.80%,-0.02/-,-,0,-,-,NASDAQ,-,3.83亿,-534.50万,生物科技,0.92%,44.02%,11.72
205,Andina饮料存托 A,AKO.A,US,23.75,-,0.70%,0.3/12.71,-,-2.66,-,-,-,-,37.47亿,2.95亿,饮料,-,0.10%,2.95
206,Andina饮料存托 B,AKO.B,US,29.75,-,5.08%,0.3/15.92,-,0.81,-,-,NYSE,-,46.93亿,2.95亿,饮料,-,1.69%,3.69
207,阿卡迪亚不动产信托,AKR,US,20.91,http://www.akersbiosciences.com/,2.10%,0.1/162.2,"Acadia Realty Trust (NYSE: AKR), is a REIT specializing in the acquisition, re-development and operation of retail and urban mixed-use properties. We focus on acquiring and redeveloping properties located in dense urban or major metropolitan markets and other high barrier to entry markets. Acadia currently owns or has ownership interest in, and operates a portfolio totaling over 10 million square feet across the United States.",-0.14,-,-,NYSE,-,27.41亿,1689.60万,零售房地产投资信托,0.96%,123.48%,1.23
208,Aktis Oncology,AKTS,US,21.26,-,9.26%,-78.34/-,-,-3.71,-,-,NASDAQ,-,11.75亿,-6373.10万,生物科技,0.95%,0.00%,-
209,Akari Therapeutics,AKTX,US,5.8,-,0.83%,0.0000/-,-,-3.33,-,-,NASDAQ,-,663.86万,-1729.80万,制药,0.14%,0.00%,0.234
210,Astera,ALAB,US,212.84,-,5.88%,1.32/166.4,-,7.75,-,-,-,-,364.56亿,2.19亿,半导体产品与设备,4.89%,68.15%,26.74
211,Alarum Techno,ALAR,US,6.76,-,5.75%,0.01/50.9,-,-2.87,-,-,-,-,4901.32万,96.30万,软件,0.30%,9.53%,1.53
212,美国雅保,ALB,US,188.33,http://www.albemarle.com/,4.01%,-5.76/-,Albemarle Corporation于1993年成立于弗吉尼亚州，公司是行业领先的全球精密工程专用化学品的研发制造经销商。产品领域涵盖电子消费品、石油炼制、公用事业、包装、建筑、汽车/运输、制药、作物保护、食品安全和定制化学品服务。公司在三个业务分部下致力于全球可持续发展以及高度负责的生态实践和解决方案。公司认为，凭借着商业以及地理上的多样性、专业的技术、灵活低成本的全球制造基地以及具有丰富经验的管理团队的保证下，公司可以继续在所经营的专业化工工业领域保持市场领先地位。公司的经营管理主要在三个方面：聚合物溶液、催化剂以及精密化学。,-2.49,-,1-225-3888011,NYSE,-,222.02亿,-6.77亿,化学制品,1.58%,90.30%,3.04
213,Avalon Globocare,ALBT,US,0.408,-,9.41%,-5.64/-,-,0.99,-,-,-,-,339.60万,-1809.85万,生物科技,4.36%,1.28%,-
214,爱尔康,ALC,US,75.8,-,0.89%,1.99/37.7,-,-0.08,-,-,-,-,369.47亿,9.80亿,医疗保健设备,0.16%,50.05%,1.68
215,阿里科,ALCO,US,42.33,-,2.49%,-0.45/-,-,1.46,-,-,-,-,3.24亿,-348.10万,食品,0.34%,56.48%,3.25
216,Alchemy Investments,ALCY,US,11.82,-,1.08%,-0.25/-,-,-1.42,-,-,-,-,4973.91万,-109.82万,资本市场,0.00%,13.09%,246.3
217,Aldel Financial II,ALDF,US,10.64,-,0.00%,0.31/34.45,-,0.28,-,-,-,-,3.18亿,922.56万,资本市场,0.00%,95.89%,483.6
218,Aldeyra Therapeutics,ALDX,US,1.55,http://www.aldeyra.com,5.00%,-0.56/-,"Aldeyra Therapeutics is a biotechnology company focused primarily on the development of products to treat immune-mediated, inflammatory, orphan, and other diseases that are thought to be related to a naturally occurring toxic chemical species known as free aldehydes. We discovered and are developing NS2, a product candidate that is designed to trap and allow for disposal of free aldehydes, for the treatment of the following diseases: Sjögren-Larsson Syndrome (SLS), a rare disease caused by mutations in an enzyme that metabolizes fatty aldehydes; discoid lupus, an autoimmune condition that affects skin; acute anterior uveitis, an inflammatory eye disease; and ocular rosacea with meibomian gland dysfunction, a dry eye disease associated with rosacea, an inflammatory dermal condition.",-3.13,S1/F1,-,NASDAQ,-,9328.33万,-3384.67万,制药,2.66%,68.94%,2.11
219,Alector,ALEC,US,2.41,-,7.00%,-1.39/-,-,-0.82,-,-,-,-,2.66亿,-1.43亿,生物科技,0.43%,77.21%,8.67
220,Centurion,ALF,US,10.8,-,0.05%,0.33/33.05,-,0.09,-,-,-,-,3.88亿,1174.23万,资本市场,0.20%,97.57%,-
221,阿拉莫,ALG,US,171.89,-,1.84%,8.64/20.15,-,-1.41,-,-,NYSE,-,20.92亿,1.04亿,机械制造,1.45%,100.72%,1.82
222,Allegro,ALGM,US,44.13,-,3.30%,0.01/-,-,1.19,-,-,-,-,81.77亿,159.10万,半导体产品与设备,1.57%,73.96%,8.49
223,艾利科技,ALGN,US,189.61,http://www.aligntech.com/Pages/Home.aspx,2.57%,5.66/33.09,"Founded in 1997, Align received FDA clearance in 1998 and began its first commercial sales of Invisalign to U.S. orthodontists in 1999. In 2000, Align launched its first U.S. national consumer-advertising campaign and a year later, introduced Invisalign to the European market, marking the company’s first phase of international expansion.",-0.56,-,-,NASDAQ,-,135.79亿,4.10亿,医疗保健设备,1.10%,94.60%,3.35
224,Aligos,ALGS,US,6.4,-,9.62%,-2.45/-,-,4.4,-,-,-,-,3960.20万,-2419.30万,制药,3.35%,56.02%,0.74
225,忠诚旅游,ALGT,US,79.06,http://www.allegiantair.com,4.56%,-2.48/-,"Allegiant was founded in 1997 and is certificated by the U.S. Department of Transportation (DOT) as a ""Scheduled Air Carrier"" with authority to fly scheduled and charter airline operations throughout the U.S. The Company also has authority for charter service to Canada and Mexico.",0.41,-,-,NASDAQ,-,14.59亿,-4469.70万,航空公司,2.33%,96.69%,1.39
226,Alliance Laundry,ALH,US,24.07,-,5.34%,0.57/46.82,-,-1.8,-,-,-,-,47.65亿,1.02亿,耐用消费品,1.45%,102.92%,12.15
227,Alignment Healthcare,ALHC,US,21.13,-,3.00%,0.0000/-,-,1.44,-,-,-,-,43.17亿,-72.40万,医疗保健服务,2.07%,93.41%,24.07
228,Calisa,ALIS,US,10.04,-,0.00%,0.07/344.7,-,0,-,-,-,-,8461.21万,24.55万,资本市场,0.00%,58.96%,167.3
229,Alight,ALIT,US,0.706,-,11.16%,-5.87/-,-,7.95,-,-,-,-,3.77亿,-30.97亿,信息技术服务,3.85%,82.06%,0.361
230,阿拉斯加航空,ALK,US,41.59,-,3.25%,-1.69/63.44,-,1.04,-,-,NYSE,-,46.31亿,-1.93亿,航空公司,3.27%,90.86%,1.24
231,阿尔凯默斯,ALKS,US,33.31,http://www.alkermes.com/,3.04%,1.47/22.92,"Alkermes focuses on therapies for widespread, chronic diseases, such as central nervous system disorders, addiction and diabetes",-1.77,-,-,NASDAQ,-,55.38亿,2.42亿,制药,0.56%,151.16%,3.04
232,Alkami Technology,ALKT,US,16.23,-,3.20%,-0.46/-,-,1.82,-,-,-,-,17.37亿,-4765.20万,软件,1.88%,87.81%,4.8
233,好事达保险,ALL,US,212.88,http://www.allstate.com,1.64%,38.56/5.41,创建于1931年的美国好事达保险公司是美国第二大从事个人险种业务的财险和意外险保险公司，并跻身于全美最大的15家人寿保险公司的行列。公司的总部设在芝加哥地区。,-1.7,-,847-402-5000,NYSE,-,549.71亿,101.65亿,保险,0.41%,81.58%,1.92
234,安朗杰,ALLE,US,146.1,-,1.45%,7.48/19.5,-,-0.9,-,-,NYSE,-,125.55亿,6.44亿,建筑产品,0.89%,96.55%,6.07
235,Allogene,ALLO,US,2.31,-,5.11%,-0.87/-,-,-1.7,-,-,-,-,7.65亿,-1.91亿,生物科技,2.51%,43.32%,2.62
236,Allarity,ALLR,US,1.34,-,4.29%,-0.78/-,-,-4.29,-,-,-,-,2119.74万,-1123.10万,制药,0.61%,8.08%,2.16
237,艾奥特,ALLT,US,7.44,-,5.33%,0.08/98.24,-,4.35,-,-,NASDAQ,-,3.64亿,370.50万,信息技术服务,0.84%,71.13%,3.21
238,Ally Financial,ALLY,US,44.18,http://www.ally.com.,2.45%,2.39/10.56,"Ally is one of the largest providers of automotive financing products, including wholesale loans and retail loans and leases, a leader in direct banking, and the 19th largest bank holding company in the United States based on total assets. We have over 90 years of experience supporting automotive dealers and their retail customers with a premium service model offering a broad array of financial products and services. Our bank subsidiary, Ally Bank, is a leading competitor with a comprehensive consumer value proposition and well-regarded brand in the rapidly growing direct banking market.",-1.87,S1/F1,-,NYSE,-,135.81亿,2.91亿,消费信贷,0.96%,92.90%,0.87
239,Almonty Industries,ALM,US,21.92,-,4.17%,-0.57/-,-,-0.72,-,-,-,-,61.80亿,-1.18亿,金属与采矿,1.22%,21.61%,23.67
240,Alamar Biosciences,ALMR,US,24.84,-,2.88%,-2.58/-,-,2.35,-,-,-,-,16.52亿,-2981.90万,医疗保健设备,1.26%,-,-
241,Alumis,ALMS,US,24.93,-,5.23%,-2.86/-,-,-4.08,-,-,-,-,31.71亿,-2.43亿,生物科技,1.51%,64.82%,10.52
242,Aeluma,ALMU,US,19.205,-,14.03%,-0.2/-,-,2.65,-,-,-,-,3.46亿,-334.60万,电脑与外围设备,15.10%,22.18%,8.48
243,Allient,ALNT,US,74.67,-,4.50%,1.32/57.67,-,1.73,-,-,-,-,12.71亿,2203.40万,电子设备与仪器,0.59%,76.45%,4.22
244,阿尔尼拉姆制药,ALNY,US,305.54,http://www.alnylam.com/,2.61%,2.39/129.9,"Alnylam is developing an entirely new class of innovative medicines based on a breakthrough discovery in biology known as RNA interference, or RNAi. With RNAi technology, we have the opportunity to treat disease and impact the lives of patients in a fundamentally new way by silencing disease-causing genes upstream of today's medicines.",-2.63,-,-,NASDAQ,-,407.68亿,3.14亿,制药,0.62%,97.37%,51.66
245,AstroNova,ALOT,US,14.15,-,3.99%,-0.31/-,-,2.69,-,-,-,-,1.09亿,-237.60万,电脑与外围设备,0.54%,36.46%,1.42
246,Aldabra 4 Liquidity,ALOV,US,-,-,-,-0.01/-,-,-,-,-,-,-,3.71亿,-7.81万,资本市场,-,-,-
247,REalloys,ALOY,US,8.86,-,7.25%,-1.17/-,-,2.67,-,-,-,-,5.30亿,-442.61万,金属与采矿,2.44%,0.36%,93.26
248,Alpha,ALP,US,0.217,-,18.58%,-/-,-,18.58,-,-,-,-,508.53万,-1114.20万,软件,83.84%,0.96%,0.531
249,Alps,ALPS,US,0.9,-,3.39%,-/-,-,-1.64,-,-,-,-,1.50亿,-70.92万,生命科学工具,0.01%,0.38%,-
250,Alarm.com控股,ALRM,US,44.73,-,3.18%,2.66/16.67,-,2.92,-,-,NASDAQ,-,22.10亿,1.33亿,信息技术服务,0.84%,98.32%,2.61
251,Alerus Financial,ALRS,US,25.47,-,2.98%,0.69/37.33,-,-0.08,-,-,-,-,6.51亿,1743.90万,商业银行,0.71%,59.13%,1.15
252,艾里逊变速箱,ALSN,US,135.51,-,1.71%,7.42/18.08,-,-0.36,-,-,-,-,112.65亿,6.23亿,汽车零配件,0.98%,103.14%,6.03
253,Altimmune,ALT,US,2.85,-,6.57%,-1/-,-,-1.38,-,-,NASDAQ,-,3.71亿,-8809.30万,生物科技,11.40%,42.30%,1.65
254,Alta Equipment,ALTG,US,7.43,-,4.87%,-2.55/-,-,3.34,-,-,-,-,2.42亿,-8330.00万,贸易与经销,1.09%,59.11%,-
255,AlTi Global,ALTI,US,3.82,-,6.13%,-1.54/-,-,1.87,-,-,-,-,5.76亿,-1.20亿,专业服务,0.21%,29.94%,2.26
256,Alto Ingredients,ALTO,US,5.32,-,4.99%,0.16/34.06,-,0.19,-,-,-,-,4.11亿,1207.30万,石油与天然气,1.86%,28.47%,1.68
257,ALT5 Sigma,ALTS,US,0.865,-,7.71%,-5.91/-,-,1.05,-,-,-,-,1.10亿,-3.45亿,软件,1.84%,41.03%,0.096
258,Alussa Energy,ALUB,US,-,-,-,-0.73/-,-,-,-,-,-,-,3.60亿,-740.36万,资本市场,-,-,1.33
259,奥托立夫,ALV,US,117.81,-,2.44%,1.89/12.44,-,1.29,-,-,NYSE,-,88.20亿,1.41亿,汽车零配件,0.78%,64.09%,3.35
260,Alvotech,ALVO,US,3.38,-,4.88%,0.1/37.78,-,0,-,-,-,-,10.55亿,2791.90万,制药,0.43%,5.05%,-
261,亚历山大,ALX,US,243.6,-,2.74%,5.5/44.08,-,-1,-,-,NYSE,-,12.44亿,2822.40万,权益型REITs,2.23%,37.09%,7.03
262,ALX Oncology,ALXO,US,1.67,-,10.06%,-1.9/-,-,5.03,-,-,-,-,2.25亿,-1.02亿,生物科技,1.24%,22.14%,8.65
263,Alzamend Neuro,ALZN,US,1.11,-,8.14%,-1.89/-,-,-1.77,-,-,-,-,422.33万,-590.24万,制药,1.63%,6.14%,1.93
264,Antero Midstream,AM,US,21.37,-,1.75%,0.86/24.57,-,-0.05,-,-,NYSE,-,101.51亿,4.13亿,石油与天然气,0.65%,58.96%,5.15
265,Amalgamated,AMAL,US,40.49,-,2.95%,3.44/11.55,-,0.3,-,-,-,-,12.09亿,2522.30万,商业银行,1.36%,59.73%,1.5
266,应用材料,AMAT,US,417.04,http://www.appliedmaterials.com/,2.52%,2.55/42.22,应用材料公司(Applied Materials Inc ，NASDAQ:AMAT)是美国一家半导体设备生产商.,3.25,-,-,NASDAQ,-,3309.67亿,20.26亿,半导体产品与设备,0.78%,81.01%,15.24
267,安霸,AMBA,US,66.87,-,6.41%,-1.78/-,-,9.02,-,-,-,-,29.28亿,-7586.50万,半导体产品与设备,2.25%,85.59%,4.92
268,安博教育,AMBO,US,2.22,-,8.16%,0.02/4.67,-,0.68,-,-,-,-,634.99万,135.90万,综合消费者服务,0.23%,0.01%,0.77
269,Ardagh Metal,AMBP,US,4.01,-,3.81%,-0.01/217.9,-,1.78,-,-,-,-,23.97亿,-500.00万,容器与包装,0.79%,20.83%,-
270,Ambiq Micro,AMBQ,US,35.48,-,3.14%,-4.57/-,-,1.14,-,-,-,-,7.58亿,-3646.10万,半导体产品与设备,1.72%,22.73%,4.67
271,Amber International,AMBR,US,2.38,-,4.45%,0.01/-,-,0.85,-,-,NYSE,-,2.23亿,318.10万,综合金融服务,0.12%,0.11%,1.78
272,AMC院线,AMC,US,1.64,http://www.amctheatres.com,5.99%,-1.34/-,"AMC Theatres® delivers distinctive and affordable movie-going experiences throughout the United States. We maintain a significant presence in the top 50 DMAs, including the number one or two market share in each of the top 15 DMAs, which includes New York, Los Angeles, Chicago, Philadelphia, San Francisco, Atlanta and Dallas. The company operates 22 of the 50 highest grossing theatres in the United States, including four of the top five. AMC has propelled industry innovation and continues today by delivering premium sight and sound, enhanced food and beverage and diverse content to an engaged audience in state-of-the-art buildings.",-1.8,S1/F1,-,NYSE,-,8.68亿,-6.32亿,娱乐,4.24%,34.55%,-
273,AMC Robotics,AMCI,US,6.73,-,4.99%,-1.36/-,-,-1.32,-,-,-,-,1.52亿,-2481.73万,电子设备与仪器,0.93%,0.90%,14.6
274,Amcor,AMCR,US,38.95,-,2.31%,0.95/30.2,-,-1.74,-,-,-,-,179.97亿,4.39亿,容器与包装,0.79%,77.47%,1.55
275,AMC Global,AMCX,US,8.47,-,4.51%,2.01/4.05,-,-3.31,-,-,NASDAQ,-,3.62亿,8940.00万,媒体,0.85%,103.00%,0.368
276,超威半导体,AMD,US,347.81,http://www.amd.com,6.04%,2.67/130.8,AMD( 超微半导体) 成立于1969年，公司专门为计算机、通信和消费电子行业设计和制造各种创新的微处理器（CPU、GPU、APU、主板芯片组、电视卡芯片等)、闪存和低功率处理器解决方案，AMD 致力为技术用户——从企业、政府机构到个人消费者——提供基于标准的、以客户为中心的解决方案。,13.91,-,408-749-4000,NASDAQ,-,5670.48亿,43.35亿,半导体产品与设备,5.03%,67.86%,9
277,阿美特克,AME,US,232.95,-,1.04%,6.42/36.05,-,-0.87,-,-,NYSE,-,533.61亿,14.80亿,电气设备,0.40%,90.05%,5.02
278,AMG资管,AMG,US,287.44,-,2.57%,25.18/10.65,-,1.07,-,-,NYSE,-,76.33亿,7.17亿,资本市场,1.18%,96.00%,2.36
279,安进,AMGN,US,344.55,http://www.amgen.com,1.47%,14.33/24.11,美国安进公司是一家生物科技公司，公司的使命是利用细胞学和分子生物学的技术，研究开发高效，低副作用的疾病治疗药物。公司产品主要销往欧美各地的医院、药房、血液透析中心等医疗机构。,-1.17,-,805-447-1000,NASDAQ,-,1859.49亿,77.11亿,生物科技,0.41%,81.10%,21.48
280,American Homes 4,AMH,US,30.55,-,1.50%,1.18/25.31,-,-0.2,-,-,NYSE,-,111.14亿,4.39亿,住宅房地产投资信托,0.73%,91.85%,1.58
281,Autonomix Medical,AMIX,US,0.368,-,2.72%,-2.41/-,-,0,-,-,-,-,419.86万,-1404.90万,医疗保健设备,1.03%,1.55%,0.491
282,艾马克技术,AMKR,US,78.1,http://www.amkor.com,6.35%,1.51/51.76,"Amkor is one of the world’s largest providers of contract semiconductor assembly and test services. Founded in 1968, Amkor pioneered the outsourcing of IC assembly and test and is now a strategic manufacturing partner for more than 200 of the world’s leading semiconductor companies and electronics OEMs. Amkor’s operational base encompasses more than 5 million square feet of floor space with production facilities, product development centers and sales & support offices located in key electronics manufacturing regions in Asia, Europe and the United States.",7.12,-,-,NASDAQ,-,193.54亿,3.74亿,半导体产品与设备,8.85%,46.07%,4.33
283,Amylyx,AMLX,US,17.04,-,4.73%,-1.53/-,-,-1.62,-,-,-,-,18.93亿,-1.45亿,制药,0.74%,101.47%,6.2
284,AMN医疗服务,AMN,US,20.35,https://www.amnhealthcare.com/,3.07%,-2.48/-,"Amn Healthcare Services, Inc.于1997年11月10日成立于美国东部的特拉华州。AMN医疗服务股份有限公司及其下属子公司为美国急性和亚急性病症护理医院或其他医疗机构提供医疗队伍的人力资源解决方案及人事服务。 AMN医疗服务股份有限公司是全国医疗机构人力资源及人事服务方面的创新领头羊。公司作为创新的人力资源解决方案的合作伙伴，公司所提供的管理服务项目有招聘外包服务，咨询服务，医生、护士及其他相关医护人员的临时或固定职位安置服务。通过以上服务，公司客户可以化繁为简、增进效率，并且让病人能在快速发展的医疗环境中有良好的恢复结果。公司客户包括急性及亚急性病症护理医院、政府机构、社区健康中心和个人诊所、医师执业团体以及其他卫生机构。",0.3,-,-,NYSE,-,7.87亿,-9570.20万,医疗保健服务,1.48%,98.82%,1.23
285,Alpha Modus,AMOD,US,0.328,-,10.61%,-0.29/-,-,-8.38,-,-,-,-,1657.15万,-802.12万,软件,8.01%,4.41%,-
286,阿默普莱斯金融,AMP,US,464.12,http://www.amphionplc.com,3.49%,9.81/10.74,Ameriprise Financial delivers financial solutions for today and tomorrow through a comprehensive and personalized financial planning approach built on a long-term relationship with a knowledgeable advisor.,0.98,-,-,NYSE,-,418.17亿,9.15亿,资本市场,1.33%,88.22%,6.73
287,AmpliTech Group,AMPG,US,1.95,-,6.19%,-0.33/-,-,3.17,-,-,-,-,4939.60万,-700.72万,电子设备与仪器,1.83%,19.62%,1.5
288,Amphastar,AMPH,US,21.41,http://www.amphastar.com,3.95%,2.1/9.72,"Amphastar Pharmaceuticals is a specialty pharmaceutical company that focuses primarily on developing, manufacturing, marketing and selling technically-challenging generic and proprietary injectable and inhalation products. We currently manufacture and sell 15 products in the U.S. and are developing a portfolio of 13 generic and seven proprietary injectable and inhalation product candidates. We have achieved profitability for each of the past three years but have recorded a loss for the three months ended March 31, 2014. For the year ended December 31, 2013 and for the three months ended March 31, 2014, we recorded net revenues of $229.7 million and $45.9 million, respectively. We recorded net income of $11.9 million for the year ended December 31, 2013 and a net loss of $1.6 million for the three months ended March 31, 2014.",1.9,S1/F1,-,NASDAQ,-,9.53亿,9809.40万,制药,1.33%,74.55%,1.21
289,Amplitude,AMPL,US,7.06,-,5.29%,-0.67/-,-,5.22,-,-,-,-,9.44亿,-8854.10万,软件,1.52%,78.28%,3.85
290,Amprius Technologies,AMPX,US,20.66,-,8.84%,-0.35/-,-,-4.92,-,-,-,-,28.31亿,-4402.40万,电子设备与仪器,4.93%,49.30%,27.26
291,Amplify Energy,AMPY,US,5.84,-,2.94%,1.03/5.8,-,-0.85,-,-,-,-,2.41亿,4160.10万,石油与天然气,1.34%,58.69%,0.526
292,Alpha Metallurgical,AMR,US,187.23,-,3.96%,-4.75/-,-,-5.87,-,-,-,-,23.93亿,-6168.70万,石油与天然气,2.81%,86.47%,1.55
293,阿梅雷斯克,AMRC,US,27.92,http://www.ameresco.com/,2.52%,0.84/33.38,"Ameresco is a leading provider of energy efficiency solutions for facilities throughout North America. Our solutions enable customers to reduce their energy consumption, lower their operating and maintenance costs and realize environmental benefits. Our comprehensive set of services addresses almost all aspects of purchasing and using energy within a facility. Our services include upgrades to a facility’s energy infrastructure and the construction and operation of small-scale renewable energy plants.",0.58,-,-,NYSE,-,14.78亿,4428.40万,机械制造,1.41%,95.98%,1.37
294,阿玛琳,AMRN,US,14.31,-,6.03%,-0.09/-,-,-1.92,-,-,-,-,3.00亿,-3879.80万,制药,0.36%,1.10%,0.653
295,Amneal,AMRX,US,12.52,-,2.57%,0.23/55.43,-,-1.03,-,-,-,-,39.94亿,7205.70万,制药,1.19%,48.30%,-
296,Amrize,AMRZ,US,57.55,-,3.07%,2.14/26.88,-,1.98,-,-,-,-,318.51亿,11.85亿,建筑与工程,0.47%,45.52%,2.4
297,American Shared,AMS,US,1.33,-,7.49%,-0.23/-,-,-0.37,-,-,AMEX,-,878.07万,-155.30万,医疗保健设备,2.57%,12.61%,0.365
298,美国超导,AMSC,US,49.48,http://www.amsc.com/,11.44%,3.08/18.05,美国超导(AMSC)是一家美国知名电力设备制造商。,7.22,-,-,NASDAQ,-,23.56亿,1.29亿,电气设备,5.06%,69.18%,4.39
299,Amerisafe,AMSF,US,30.34,-,2.20%,0.43/12.25,-,-2.41,-,-,NASDAQ,-,5.67亿,814.50万,保险,1.31%,95.52%,2.3
300,Amesite,AMST,US,1.58,-,27.08%,-0.3/-,-,9.72,-,-,-,-,722.49万,-137.48万,互动媒体与服务,19.56%,7.64%,4.79
301,美国电塔,AMT,US,178.21,-,1.88%,5.41/32.86,-,-0.45,-,-,NYSE,-,831.12亿,25.30亿,专业房地产投资信托,0.66%,94.17%,22.75
302,Amerant Bancorp A,AMTB,US,22.82,-,7.50%,1.26/17.33,-,-4.92,-,-,-,-,9.08亿,5241.70万,商业银行,1.15%,70.69%,0.967
303,尚乘国际,AMTD,US,1.017,http://www.amtd.com,2.94%,0.08/1.91,TD Ameritrade Holding Corp 是美国一家网上证券交易商。,-0.29,-,-,NASDAQ,-,9442.10万,4320.60万,资本市场,0.00%,0.14%,0.07
304,Amentum Holdings,AMTM,US,25.85,-,4.88%,0.18/64.34,-,-3.8,-,-,-,-,63.06亿,4400.00万,建筑与工程,1.00%,83.76%,1.38
305,Aemetis,AMTX,US,2.62,-,7.43%,-1.28/-,-,-2.6,-,-,NASDAQ,-,1.79亿,-7700.10万,石油与天然气,1.45%,15.72%,-
306,伍德马克,AMWD,US,45.39,-,2.82%,-0.55/37.7,-,0.02,-,-,NASDAQ,-,6.61亿,-802.30万,林业与纸制品,0.72%,96.89%,0.733
307,American Well,AMWL,US,5.88,-,4.61%,-5.96/-,-,-3.61,-,-,-,-,9824.59万,-9570.00万,医疗保健技术,0.13%,36.92%,0.417
308,美洲移动,AMX,US,26.64,http://www.americamovil.com,2.11%,0.06/17.7,该公司是拉丁美洲最大的移动通信供应商，全球位列第四位，美洲移动通讯占据了墨西哥移动通讯市场的70%，同时在其他国家也占有一定的市场份额。,2.3,-,-,NYSE,-,801.86亿,12.98亿,无线电信业务,0.10%,5.93%,3.31
309,Amaze Holdings,AMZE,US,0.161,-,9.68%,-8.18/-,-,3.87,-,-,-,-,651.62万,-5533.24万,饮料,6.81%,2.00%,0.668
310,亚马逊,AMZN,US,263.99,http://www.amazon.com,2.67%,7.29/36.55,亚马逊（AMZN）成立于1995年，是美国最大的一家网络电子商务公司；经营自己的零售网站，同时为在其网站上进行销售的北美及国外第三方公司服务。主要业务是：网络的书籍销售，及其他产品，包括了DVD、音乐光碟、电脑、软件、电视游戏、电子产品、衣服、家具等等。,3.49,S1/F1,206-266-1000,NASDAQ,-,28390.15亿,776.70亿,多元化零售,0.55%,64.82%,6.91
311,AutoNation,AN,US,203.07,http://www.alternativenetworks.com,1.10%,17.26/10.74,AutoNation是美国最大的汽车零售商。,0.05,-,-,NYSE,-,69.70亿,6.49亿,专营零售,0.85%,72.78%,2.98
312,AnaptysBio,ANAB,US,58.88,-,21.06%,-0.46/-,-,14.84,-,-,-,-,16.93亿,-1323.20万,生物科技,4.97%,101.77%,45.5
313,安德森斯,ANDE,US,75.93,-,1.65%,2.81/27.01,-,-1,-,-,NASDAQ,-,25.86亿,9571.30万,食品,0.65%,87.65%,2.08
314,Andersen,ANDG,US,35.96,-,4.98%,-0.18/-,-,1.18,-,-,-,-,40.09亿,-232.40万,综合金融服务,1.90%,104.03%,-
315,Arista Networks,ANET,US,176.91,http://www.arista.com,3.64%,2.79/63.44,"Arista Networks is a leading supplier of cloud networking solutions that use software innovations to address the needs of large-scale Internet companies, cloud service providers and next-generation data centers for enterprises, based on market share. Our cloud networking solutions consist of our Extensible Operating System, or EOS, a set of network applications and our 10/40/100 Gigabit Ethernet switches. Our cloud networking solutions deliver industry-leading performance, scalability, availability, programmability, automation and visibility. Since we began shipping our products, we have grown rapidly, and, according to Crehan Research, we have achieved the second largest market share in data center 10/40/100 Gigabit Ethernet switch ports, excluding blade switching, sold in 2013.",2.53,S1/F1,-,NYSE,-,2227.60亿,35.11亿,信息技术服务,0.72%,69.06%,18.01
316,爱芬奇,ANF,US,87.1,-,4.51%,10.71/7.69,-,-2.39,-,-,NYSE,-,38.97亿,5.07亿,专营零售,2.66%,102.45%,2.78
317,Anghami,ANGH,US,3.909,-,6.80%,-5.5/-,-,2.6,-,-,-,-,2614.59万,-3706.42万,互动媒体与服务,0.02%,0.01%,1.15
318,Angi,ANGI,US,7.48,http://www.angieslist.com/,7.97%,0.96/6.84,"消费者点评网站Angie's List创立于1995年，目前在美国175个本地市场提供收费服务，帮助会员搜寻房屋修缮、医疗保健等服务提供商，服务商接受消费者实名评分及点评，同时也可以在网站搜需目标客户。目前Angie's List付费会员量超过100万人。截至今年9月30日，Angie's List累计亏损达到1.606亿美元。

2011年11月17日，Angie's List在纳斯达克上市，IPO发行行8,793,408股，发行价13美元，融资1.14亿美元。美银美林为主承销商。",6.4,S1/F1,-,NASDAQ,-,3.00亿,4383.20万,媒体,2.15%,89.80%,0.323
319,AngioDynamics,ANGO,US,11.1,-,1.96%,-0.61/-,-,-0.89,-,-,NASDAQ,-,4.59亿,-2533.70万,医疗保健设备,0.65%,94.14%,2.65
320,Angel,ANGX,US,2.52,-,10.17%,-1.1/-,-,6.78,-,-,-,-,4.64亿,-1.70亿,娱乐,1.76%,31.92%,-
321,阿尼卡医疗,ANIK,US,15.37,-,3.99%,-0.76/-,-,-0.32,-,-,NASDAQ,-,2.06亿,-1088.00万,医疗保健设备,0.89%,94.75%,1.44
322,阿尼制药,ANIP,US,78.64,-,3.06%,3.5/23.18,-,0.74,-,-,NASDAQ,-,17.89亿,7718.00万,制药,1.03%,91.71%,3.31
323,Anixa Biosciences,ANIX,US,3.05,-,4.90%,-0.08/-,-,0.33,-,-,-,-,1.02亿,-256.50万,制药,0.20%,16.74%,6.78
324,阿诺医药,ANL,US,14.8,-,9.32%,-0.37/-,-,-0.74,-,-,-,-,9.53亿,-3552.80万,生物科技,1.05%,0.06%,-
325,AleAnna,ANNA,US,3.95,-,7.82%,0.04/146.3,-,-9.2,-,-,-,-,2.63亿,179.91万,石油与天然气,35.78%,1.05%,5.79
326,Annexon,ANNX,US,5.88,-,4.93%,-1.34/-,-,-2.97,-,-,-,-,9.44亿,-2.09亿,生物科技,0.98%,85.73%,4.46
327,Rich Sparkle,ANPA,US,7.71,-,10.88%,0.01/875.9,-,-5.63,-,-,-,-,1.16亿,13.29万,商业服务与用品,0.27%,0.00%,20.61
328,Alto Neuroscience,ANRO,US,24.52,-,7.23%,-2.19/-,-,-4.63,-,-,-,-,8.54亿,-6323.80万,制药,0.68%,76.69%,5.65
329,Agriculture,ANSC,US,11.29,-,0.00%,0.24/44.81,-,0,-,-,-,-,4.69亿,1046.88万,资本市场,0.00%,96.04%,-
330,Antalpha Platform,ANTA,US,9.5,-,9.55%,0.84/12.33,-,5.54,-,-,-,-,2.28亿,1849.01万,综合金融服务,0.13%,0.33%,1.9
331,AN2 Therapeutics,ANTX,US,4.34,-,10.05%,-1.16/-,-,1.4,-,-,-,-,1.56亿,-3517.40万,制药,1.15%,23.13%,2.94
332,Annovis Bio,ANVS,US,1.74,-,4.97%,-1.4/-,-,-3.87,-,-,-,-,6008.64万,-2885.42万,制药,2.99%,12.16%,3.57
333,Sphere 3d,ANY,US,1.45,-,5.67%,-7.37/-,-,2.84,-,-,-,-,555.24万,-2148.20万,信息技术服务,1.83%,9.39%,0.238
334,abrdn Total Dynamic,AOD,US,10.02,-,0.91%,1.57/6.4,-,0.8,-,-,NYSE,-,10.57亿,1.65亿,资本市场,0.27%,30.38%,0.997
335,Angel Oak,AOMR,US,9.1,-,2.35%,1.85/5.15,-,1.9,-,-,-,-,2.27亿,4402.40万,抵押型REITs,0.32%,72.79%,0.847
336,怡安,AON,US,321.14,http://www.aon.com,1.59%,17.11/18.62,怡安（AON）是全球最大的再保险经纪公司和纯保险经纪公司，主要业务集中在再保险、保险经纪和再保险经纪、人力资源咨询和管理咨询以及特殊类型保险承保等领域。怡安总部位于芝加哥，在100多个国家拥有超过3.6万名员工。怡安于2010年10月完成对翰威特的收购，后者是世界最大的人力资源咨询及外包公司之一，在32个国家拥有2.3万名员工，怡安计划将翰威特与其已有的咨询及外包业务整合，并创建一个新的部门—怡安翰威特(AON Hewitt)。,-0.75,-,312-381-1000   (北京)010-64622288-1803,NYSE,200 East Randolph Street （北京办事处）北京市北三环东路2号中旅大厦1803,688.06亿,36.95亿,保险,0.36%,90.07%,7.29
337,Artivion,AORT,US,37.76,-,3.89%,0.22/187.7,-,1.61,-,-,-,-,18.31亿,975.70万,医疗保健设备,0.34%,92.44%,4.09
338,A.O.史密斯,AOS,US,64.38,http://www.aosmith.com/,1.88%,3.87/16.29,"A.O.史密斯公司是北美最大的热水器及热水锅炉制造厂商。公司总部位于美国威斯康星州密尔瓦基，在8个国家设有42家工厂，全球雇员近18,000人。1998年，A.O.史密斯总部投资3000万美元，在南京独资成立艾欧史密斯（中国）热水器有限公司。2004年A.O.史密斯WPC全球工程研发中心在中国南京正式成立。",-1.09,-,-,NYSE,-,89.00亿,5.46亿,建筑产品,1.03%,102.93%,4.79
339,阿尔法和欧米伽半导体,AOSL,US,44.45,http://www.aosmd.com,12.71%,-0.52/-,"It is a designer, developer and global supplier of a broad range of power semiconductors. Our portfolio of power semiconductors is extensive, with over 600 power discrete and power integrated circuit, or power IC, products, and has grown rapidly with the introduction of over 100 new products each year during the past three fiscal years. We seek to differentiate ourselves by integrating our expertise in device physics, process technology, design and advanced packaging to optimize product performance and cost.",11.46,-,-,NASDAQ,-,13.23亿,-1541.50万,半导体产品与设备,6.96%,74.87%,1.62
340,American Outdoor,AOUT,US,9.52,-,2.07%,-0.7/-,-,-1.45,-,-,-,-,1.20亿,-882.70万,休闲设备与用品,0.21%,66.31%,0.724
341,安博科-匹兹堡,AP,US,10.36,-,4.67%,-3.28/-,-,0.88,-,-,NYSE,-,2.11亿,-6606.70万,机械制造,0.97%,43.99%,6.45
342,阿帕奇石油,APA,US,37.73,http://www.apachecorp.com/,3.60%,3.99/9.3,阿帕奇公司(Apache)于1954年创立，是在美国、加拿大、埃及、澳大利亚、波兰和中国等国家经营油、气勘探和开发的最大的独立公司之一。在美国国内的业务区域有墨西哥湾的大陆架外缘、俄克拉荷马州西部的Anadarko盆地、德克萨斯州和新墨西哥州的二叠纪盆地、新墨西哥州的圣朱安盆地以及德克萨斯州东部和德克萨斯州和路易斯安娜湾海湾区。目前，公司在加拿大、埃及和澳大利亚的产量、勘探面积和范围在不断扩大。阿帕奇石油公司拥有标准普尔公司（美国）和穆迪投资者服务公司（美国）和Fitch的A级证书。,-2.41,-,-,NYSE,-,133.34亿,14.34亿,石油与天然气,1.37%,97.49%,2.19
343,StoneBridge II,APAC,US,10.07,-,0.00%,0.05/268.1,-,0.1,-,-,-,-,8106.77万,30.23万,资本市场,0.00%,77.50%,1.38
344,A Paradise,APAD,US,10.26,-,0.19%,0.35/108.9,-,-0.29,-,-,-,-,2.80亿,256.86万,资本市场,2.48%,91.71%,-
345,Artisan Partners,APAM,US,37.78,-,1.84%,4.05/10.59,"美国独立投资管理机构Artisan Partners Asset Management公布发行价区间27美元~29美元，发行1150万股股票，以中间价计算融资额3.22亿美元，市值18.6亿美元。该公司计划在纽交所上市，代码APAM，花旗和高盛是其主承销商。

Artisan Partners Asset Management成立于1994年，专注于美国和全球股票市场的投资，管理资金740亿美元，截至2012年12月31日录得12个月收入5.06亿美元。",-0.89,-,-,NYSE,-,30.74亿,2.90亿,资本市场,0.72%,93.08%,7
346,ARKO Petroleum,APC,US,17.99,http://www.apc-plc.com/,2.49%,0.94/26.15,阿纳达科(APC)是世界上最大的独立石油勘探与生产公司之一，成立于1959年，总部设在美国得克萨斯州休斯敦市。公司经营业务主要包括油气勘探、开发和石油产品销售等。,0.84,-,-,NYSE,-,8.56亿,3272.70万,石油与天然气,0.55%,-,23.7
347,空气化工,APD,US,301.76,-,1.21%,3.04/-,-,-0.62,-,-,NYSE,-,671.89亿,6.78亿,化学制品,0.34%,94.00%,4.36
348,美国公共教育,APEI,US,55.65,-,3.20%,1.4/40.49,-,-0.52,-,-,NASDAQ,-,10.25亿,2530.50万,综合消费者服务,1.78%,111.72%,3.48
349,APi Group,APG,US,48.6,-,2.35%,-0.69/-,-,-0.69,-,-,-,-,210.22亿,-2.88亿,建筑与工程,0.57%,81.33%,6.17
350,Apogee Therapeutics,APGE,US,85.61,-,4.26%,-4.22/-,-,-3.04,-,-,-,-,64.41亿,-2.56亿,生物科技,1.11%,124.39%,7.13
351,安费诺,APH,US,149.71,-,2.14%,3.51/43.1,-,-0.31,-,-,NYSE,-,1840.58亿,42.70亿,电子设备与仪器,0.38%,94.73%,13.72
352,声网,API,US,3.6,-,2.38%,0.03/31.95,-,0.84,-,-,-,-,3.04亿,952.80万,软件,0.19%,10.69%,0.541
353,Applied Digital,APLD,US,34.98,-,10.23%,-0.51/-,-,-3.77,-,-,-,-,99.96亿,-1.39亿,信息技术服务,13.68%,62.56%,3.89
354,Apple Hospitality,APLE,US,13.19,-,2.44%,0.74/17.75,-,0.38,-,-,NYSE,-,31.13亿,1.75亿,酒店和度假村房地产投资信托,1.17%,83.64%,0.989
355,冠科美博,APLM,US,13.282,-,0.69%,-11.37/-,-,0.32,-,-,-,-,2851.78万,-1253.60万,制药,0.34%,0.45%,-
356,Apellis,APLS,US,40.94,-,0.10%,0.18/233.8,-,0,-,-,-,-,52.34亿,2238.80万,制药,2.36%,100.19%,14.14
357,知临集团,APM,US,0.897,-,10.77%,-0.19/-,-,-2.39,-,-,-,-,730.50万,-136.33万,制药,0.85%,2.57%,0.315
358,阿波罗全球管理,APO,US,124.26,https://www.agm.com,2.84%,5.58/21.16,阿波罗全球是一家全球性的另类投资管理公司，其前身成立于1990年。该公司的主要业务是筹集、投资和管理私募股权投资，信贷和房地产基金，以抚恤金、养老金和主权财富基金为代表的战略投资账户以及其他机构和个人投资者。对于这些投资管理服务，阿波罗收取的管理费用一般涉及到资产管理，财务交易、投资咨询服务费以及其管理的各类基金绩效相关的利息收入。,-0.41,-,1-212-5153200,NYSE,-,718.53亿,33.95亿,资本市场,0.84%,64.94%,3.27
359,Apogee Enterprises,APOG,US,38.29,-,5.41%,1.76/20.59,-,7.59,-,-,NASDAQ,-,8.24亿,5413.10万,建筑产品,3.11%,91.79%,1.61
360,Applovin,APP,US,448.29,-,5.74%,9.84/45.22,-,-1.29,-,-,-,-,1507.42亿,33.34亿,软件,1.79%,76.84%,70.62
361,Appfolio,APPF,US,169.29,-,9.10%,1.19/39.39,-,11.16,-,-,NASDAQ,-,59.86亿,4242.40万,软件,3.64%,87.60%,12.73
362,Appian,APPN,US,22.145,-,5.86%,0.02/1336,-,2.52,-,-,NASDAQ,-,16.47亿,123.30万,软件,2.79%,82.99%,-
363,Digital Turbine,APPS,US,3.46,-,5.36%,-0.27/-,-,0.29,-,-,NASDAQ,-,4.15亿,-3039.20万,软件,2.27%,58.46%,2.13
364,Aprea Therapeutics,APRE,US,0.93,-,5.66%,-1.93/-,-,5.2,-,-,-,-,1114.40万,-1259.96万,制药,0.38%,14.13%,0.896
365,Alpha Pro Tech,APT,US,4.545,-,2.30%,0.34/13.11,-,0.55,-,-,AMEX,-,4629.28万,353.10万,医疗保健设备,0.14%,29.08%,0.741
366,Aptiv,APTV,US,60.1,-,2.39%,0.75/77.64,-,-0.51,-,-,-,-,128.10亿,1.65亿,汽车零配件,0.83%,96.67%,1.39
367,Apimeds,APUS,US,-,-,-,-0.47/-,-,-,-,-,-,-,2364.28万,-484.58万,制药,-,3.04%,2.43
368,Aptevo Therapeutics,APVO,US,4.87,-,4.09%,-87.27/-,-,-0.31,-,-,NASDAQ,-,575.50万,-2753.80万,生物科技,2.47%,2.03%,0.331
369,亚太电线电缆,APWC,US,1.377,-,4.48%,0.01/20.66,-,2.76,-,-,-,-,5677.71万,16.00万,电气设备,0.17%,1.54%,0.347
370,Apex Treasury,APXT,US,10,-,0.10%,0.09/227.6,-,0.1,-,-,-,-,4.60亿,201.96万,资本市场,0.19%,76.01%,1.37
371,Apyx Medical,APYX,US,3.72,-,3.42%,-0.27/-,-,-2.11,-,-,-,-,1.56亿,-1121.10万,医疗保健设备,0.16%,45.23%,10.69
372,AquaBounty Technolog,AQB,US,0.975,-,5.19%,-4.77/-,-,1.25,-,-,NASDAQ,-,501.85万,-1849.05万,生物科技,0.66%,10.20%,0.41
373,Aqua Metals,AQMS,US,4.66,-,6.82%,-15.15/-,-,5.91,-,-,NASDAQ,-,1561.38万,-2264.60万,金属与采矿,1.22%,5.56%,1.06
374,Algonquin Power,AQN,US,6.34,-,1.66%,0.22/28.62,-,0.48,-,-,NYSE,-,48.74亿,1.70亿,电力,0.71%,68.18%,1.09
375,Aquestive,AQST,US,4.08,-,2.21%,-0.78/-,-,0.25,-,-,-,-,4.98亿,-8378.40万,制药,0.95%,59.41%,-
376,Antero Resources,AR,US,37.84,-,1.94%,2.05/18.48,-,-0.94,-,-,NYSE,-,117.24亿,6.34亿,石油与天然气,1.10%,85.41%,1.55
377,Arrive AI,ARAI,US,0.74,-,6.06%,-0.4/-,-,-0.27,-,-,-,-,3532.12万,-1282.64万,软件,20.08%,1.18%,14.23
378,精确射线,ARAY,US,0.465,-,6.62%,-0.3/-,-,2.65,-,-,NASDAQ,-,5523.39万,-3544.80万,医疗保健设备,0.93%,64.82%,1.03
379,ARB IOT Group,ARBB,US,4.734,-,8.23%,-9.61/-,-,-0.34,-,-,-,-,835.67万,-1695.89万,软件,0.11%,0.01%,0.185
380,Arbe Robotics,ARBE,US,0.789,-,8.29%,-0.42/-,-,5.48,-,-,-,-,9677.06万,-4642.10万,信息技术服务,0.85%,13.96%,2.44
381,Argo Blockchain,ARBK,US,3.626,-,12.11%,-0.01/-,-,-9.8,-,-,-,-,121.11万,-812.80万,软件,0.04%,0.00%,-
382,ArcBest,ARCB,US,122.5,-,6.53%,2.63/45.45,-,2.18,-,-,NASDAQ,-,27.31亿,6009.80万,公路与铁路,1.56%,106.57%,2.11
383,阿瑞斯资本,ARCC,US,18.67,-,1.50%,1.86/10.32,-,0.27,-,-,NASDAQ,-,134.05亿,12.99亿,资本市场,0.82%,33.68%,0.936
384,Archimedes Tech III,ARCI,US,9.9,-,0.10%,-/-,-,0.1,-,-,-,-,3.49亿,-6.95万,资本市场,0.18%,-,-
385,Arcos Dorados,ARCO,US,9.23,-,2.15%,1.01/9.17,-,-0.65,-,-,NYSE,-,19.44亿,2.12亿,酒店餐饮与休闲,0.93%,67.91%,3.82
386,Arcturus医疗,ARCT,US,8.59,-,5.17%,-2.4/-,-,1.42,-,-,-,-,2.44亿,-6578.30万,制药,1.02%,85.12%,1.14
387,Ares Dynamic Credit,ARDC,US,12.48,-,1.12%,0.93/13.37,-,0.08,-,-,NYSE,-,2.99亿,2237.70万,资本市场,0.45%,34.01%,0.871
388,Ardent Health,ARDT,US,9.69,-,6.10%,0.96/10.21,-,0.1,-,-,-,-,13.87亿,1.36亿,医疗保健服务,1.73%,74.27%,1.08
389,Ardelyx,ARDX,US,5.95,http://www.ardelyx.com,3.02%,-0.26/-,"Ardelyx is a clinical-stage biopharmaceutical company focused on the discovery, development and commercialization of innovative, non-systemic, small molecule therapeutics that work exclusively in the gastrointestinal, or GI, tract to treat cardio-renal, GI and metabolic diseases. We have developed a proprietary drug discovery and design platform enabling us, in a rapid and cost-efficient manner, to discover and design novel drug candidates. Utilizing our platform, we discovered and designed our lead product candidate, tenapanor, which in preclinical and clinical studies has consistently demonstrated the ability to reduce the absorption of dietary sodium and phosphorus, both of which are key factors in the progression of kidney disease. To enhance our proprietary drug discovery and design platform, we have developed a cell-culture system to simulate gut tissues called the Ardelyx Primary Enterocyte and Colonocyte Culture System, or APECCS. We have also identified over 3,800 proteins on the inner surface of the gut, many of which we believe may be drug targets. In addition to tenapanor, we are evaluating small molecule NaP2b inhibitors for the treatment of hyperphosphatemia in end stage renal disease, or ESRD, a program we have licensed to Sanofi S.A., or Sanofi. We are also independently advancing three other discovery and lead development programs focused in cardio-renal, GI and metabolic diseases.",-0.17,S1/F1,-,NASDAQ,-,14.59亿,-6159.90万,制药,0.96%,68.33%,8.74
390,亚历山大房地产,ARE,US,47.4,-,3.77%,-8.44/-,-,2.2,-,-,-,-,82.06亿,-14.38亿,写字楼房地产投资信托,1.04%,96.25%,0.53
391,American Rebel,AREB,US,-,-,-,-63214.16/-,-,-,-,-,-,-,2229.78万,-3432.53万,综合消费者服务,-,0.00%,5.09
392,American Resources,AREC,US,2.14,-,5.47%,-0.12/-,-,-2.51,-,-,-,-,2.29亿,-1019.33万,石油与天然气,2.05%,19.52%,-
393,The Arena Group,AREN,US,2.2,-,9.90%,2.63/0.839,-,8.91,-,-,-,-,1.05亿,1.25亿,媒体,0.78%,7.94%,-
394,Ares Management,ARES,US,115.23,-,2.54%,1.71/89.2,-,0.39,-,-,-,-,380.08亿,4.26亿,资本市场,0.78%,93.80%,5.25
395,argenx,ARGX,US,780.25,-,1.13%,21.08/37.48,-,-0.98,-,-,NASDAQ,-,484.25亿,12.92亿,生物科技,0.55%,48.19%,6.61
396,Arhaus,ARHS,US,7.65,-,4.39%,0.48/16.07,-,1.73,-,-,-,-,10.81亿,6725.60万,专营零售,1.28%,87.01%,2.58
397,阿波罗房地产金融,ARI,US,11.12,-,1.45%,0.81/13.48,-,0.72,-,-,NYSE,-,15.43亿,1.14亿,抵押型REITs,0.78%,58.89%,0.831
398,Aris Mining,ARIS,US,18.94,-,2.11%,0.42/49.88,-,0.96,-,-,-,-,39.08亿,7834.50万,金属与采矿,0.36%,47.23%,2.7
399,ARKO,ARKO,US,6.72,-,4.97%,0.15/44.36,-,2.75,-,-,-,-,7.54亿,1699.40万,专营零售,0.98%,56.35%,2.05
400,Ark Restaurants,ARKR,US,6.8,-,0.73%,0.25/-,-,-1.38,-,-,NASDAQ,-,2452.19万,89.60万,酒店餐饮与休闲,0.08%,17.32%,0.729
401,美国房地产投资,ARL,US,14.5,-,0.00%,0.97/14.91,-,0,-,-,-,-,2.34亿,1570.30万,房地产管理和开发Ⅲ,0.03%,3.01%,0.386
402,Arlo Technologies,ARLO,US,14.6,-,3.18%,0.14/104.5,-,3.03,-,-,-,-,15.60亿,1492.60万,耐用消费品,0.88%,99.95%,12.21
403,Alliance Resource,ARLP,US,24.9,-,2.42%,2.4/10.3,-,-1.31,-,-,NASDAQ,-,32.04亿,3.11亿,石油与天然气,0.56%,17.22%,1.74
404,Arm Holdings,ARM,US,234.81,-,9.44%,0.56/311.3,-,14.76,-,-,-,-,2493.68亿,5.91亿,半导体产品与设备,1.94%,7.34%,31.98
405,Aramark,ARMK,US,46.28,-,1.60%,0.37/38.38,-,0.24,-,-,NYSE,-,121.64亿,9616.10万,酒店餐饮与休闲,0.82%,102.91%,3.79
406,Armata医药,ARMP,US,12.92,-,5.41%,-4.8/-,-,-4.51,-,-,-,-,4.73亿,-1.74亿,生物科技,0.47%,3.37%,-
407,Archrock,AROC,US,37.33,-,4.88%,1.83/20.3,-,3.15,-,-,NYSE,-,65.42亿,3.22亿,能源设备与服务,0.87%,98.66%,4.39
408,箭牌金融,AROW,US,36.06,-,1.26%,2.65/13.56,-,-1.31,-,-,NASDAQ,-,5.96亿,4395.30万,商业银行,0.50%,44.48%,1.38
409,Arq,ARQ,US,2.29,-,3.91%,-1.27/-,-,-0.43,-,-,-,-,9812.48万,-5261.00万,商业服务与用品,0.65%,37.84%,0.584
410,Arqit Quantum,ARQQ,US,14.53,-,8.01%,-2.56/-,-,0.55,-,-,-,-,2.27亿,-3534.30万,软件,3.30%,24.28%,8.35
411,Arcutis,ARQT,US,23.26,-,3.37%,-0.13/-,-,1.75,-,-,-,-,29.09亿,-1614.10万,生物科技,1.00%,104.33%,15.35
412,Armour住宅房产,ARR,US,17.62,-,1.14%,-0.49/9.57,-,0.69,-,-,NYSE,-,21.86亿,-5802.60万,住宅房地产投资信托,2.52%,50.23%,0.935
413,Array Technologies,ARRY,US,8.11,-,3.82%,-0.73/-,-,0,-,-,NASDAQ,-,12.41亿,-1.12亿,电子设备与仪器,2.24%,123.45%,-
414,Art Technology,ARTC,US,-,-,-,-0.02/-,-,-,-,-,-,-,3.43亿,-11.74万,资本市场,0.00%,-,-
415,Artelo Biosciences,ARTL,US,4.035,-,5.76%,-12.52/-,-,1.13,-,-,-,-,285.78万,-1287.90万,制药,38.50%,3.28%,-
416,自流资源,ARTNA,US,32.07,-,1.46%,2.21/14.5,-,-0.25,-,-,NASDAQ,-,3.31亿,2282.20万,水务,0.47%,61.83%,1.32
417,Artiva,ARTV,US,10.32,-,12.43%,-3.43/-,-,-8.67,-,-,-,-,2.55亿,-8386.50万,生物科技,1.26%,67.83%,2.32
418,Art's-Way制造,ARTW,US,2.99,-,2.00%,0.04/12.04,-,-0.33,-,-,-,-,1549.23万,19.64万,机械制造,0.46%,7.79%,1.14
419,Arvinas,ARVN,US,10.44,-,3.50%,-1.14/-,-,0.19,-,-,-,-,6.68亿,-8080.00万,制药,1.19%,84.94%,1.54
420,艾睿电子,ARW,US,187.02,http://www.arrow.com,1.65%,11.03/16.72,艾睿电子提供电子元件和企业计算解决方案，帮助客户缩短产品上市时间，通过创造需求的机会推出创新产品，降低总成本，并增强企业的综合竞争力。公司有两个业务分部，全球零部件业务和全球ECS业务。该公司通过其全球零部件业务部门向OEM和CM客户分销电子元件，并通过全球ECS业务分部提供企业计算解决方案。,-0.26,-,-,NYSE,-,95.54亿,5.71亿,电子设备与仪器,1.35%,105.52%,1.45
421,Arrowhead Pharmaceut,ARWR,US,73.91,-,2.76%,0.22/51.17,-,-0.66,-,-,NASDAQ,-,103.50亿,3081.10万,生物科技,1.25%,82.56%,18.21
422,Accelerant,ARX,US,13.13,-,11.23%,-7.49/-,-,-9.26,-,-,-,-,29.17亿,-14.25亿,保险,3.10%,42.78%,4.18
423,Arxis,ARXS,US,35,-,6.38%,-/307.7,-,-6.04,-,-,-,-,141.52亿,4598.90万,航空航天与国防,2.60%,-,4.53
424,亚玛芬体育,AS,US,35.84,-,1.56%,0.77/48.79,-,-0.08,-,-,-,-,208.53亿,4.27亿,纺织服装与奢侈品,1.46%,31.99%,3.59
425,Asa Gold,ASA,US,66.59,-,4.29%,35.19/1.89,-,1.14,-,-,NYSE,-,12.57亿,6.64亿,资本市场,0.17%,59.37%,1.14
426,阿莎娜,ASAN,US,6.39,-,4.43%,-0.8/-,-,4.75,-,-,-,-,15.17亿,-1.89亿,软件,7.95%,51.26%,9.85
427,Associated Banc,ASB,US,27.35,-,3.19%,2.79/9.76,-,-2.01,-,-,NYSE,-,45.22亿,1.17亿,商业银行,2.09%,85.30%,0.905
428,Aspire Biopharma,ASBP,US,0.205,-,8.37%,-16.38/-,-,-4.65,-,-,-,-,102.99万,-2448.08万,制药,1.06%,3.23%,-
429,阿德莫尔海运,ASC,US,16.76,-,4.26%,0.89/18.96,-,3.46,-,-,NYSE,-,6.84亿,3607.20万,海运,1.53%,74.96%,1.08
430,Liberty All-Star,ASG,US,5.24,-,1.56%,0.23/22.41,-,1.95,-,-,-,-,3.29亿,1470.06万,资本市场,0.71%,19.88%,0.894
431,abrdn Global,ASGI,US,23.68,-,1.38%,2.78/9.3,-,-0.67,-,-,-,-,7.49亿,8052.03万,资本市场,0.38%,24.36%,1.2
432,亚什兰,ASH,US,57.4,-,2.15%,-0.26/-,-,1.04,-,-,NYSE,-,26.27亿,-1200.00万,化学制品,1.08%,105.17%,1.4
433,Ategrity Specialty,ASIC,US,20.55,-,2.02%,1.64/13.35,-,1.28,-,-,-,-,9.88亿,7400.20万,保险,0.33%,12.67%,2.31
434,AdvanSix,ASIX,US,23.42,-,3.70%,1.83/12.77,-,2,-,-,NYSE,-,6.29亿,4928.60万,化学制品,0.96%,88.85%,0.772
435,AerSale,ASLE,US,6.88,-,2.20%,0.18/37.9,-,1.03,-,-,-,-,3.25亿,857.50万,航空航天与国防,0.55%,59.42%,0.766
436,Avino Silver & Gold,ASM,US,6.91,-,4.72%,0.18/43.72,-,-1.14,-,-,AMEX,-,11.65亿,2664.30万,金属与采矿,3.01%,16.80%,4.98
437,Assembly Biosciences,ASMB,US,27.87,-,2.19%,-0.55/-,-,-1.62,-,-,NASDAQ,-,4.43亿,-612.20万,制药,0.55%,85.69%,2.14
438,阿斯麦,ASML,US,1457.7,-,2.18%,8.24/48.72,-,2.81,-,-,NASDAQ,-,5618.23亿,31.76亿,半导体产品与设备,0.45%,17.67%,23.41
439,Ascendis Pharma,ASND,US,229.27,-,3.36%,-4.41/-,-,1.9,-,-,NASDAQ,-,143.01亿,-2.68亿,生物科技,1.02%,105.41%,-
440,Academy,ASO,US,57.19,-,3.83%,5.66/9.79,-,0.74,-,-,-,-,36.89亿,3.77亿,专营零售,1.73%,117.63%,1.7
441,A SPAC III,ASPC,US,11.05,-,3.45%,-0.47/19.22,-,0.18,-,-,-,-,2583.03万,134.39万,资本市场,0.22%,20.42%,7.6
442,ASP Isotopes,ASPI,US,5.35,-,8.01%,-2.11/-,-,-1.47,-,-,-,-,6.74亿,-1.75亿,化学制品,2.55%,47.64%,3.3
443,Aspen Aerogels,ASPN,US,3.5,-,7.14%,-4.73/-,-,4.17,-,-,-,-,2.90亿,-3.90亿,化学制品,2.19%,85.05%,1.23
444,Altisource Portfolio,ASPS,US,6.35,-,6.28%,-0.06/11.33,-,2.17,-,-,NASDAQ,-,7162.16万,-63.50万,房地产管理和开发Ⅲ,0.30%,48.25%,-
445,墨西哥东南部机场,ASR,US,317.84,-,5.01%,1.94/16.37,-,0.85,-,-,NYSE,-,95.35亿,5.83亿,交通基本设施,0.29%,11.05%,4.35
446,Assertio Holdings,ASRT,US,18.04,-,0.39%,-4.74/-,-,0.11,-,-,-,-,1.16亿,-3037.50万,制药,2.23%,34.01%,1.24
447,Ameriserv Financial,ASRV,US,3.89,-,2.29%,0.34/11.76,-,-1.02,-,-,-,-,6599.10万,561.20万,商业银行,0.02%,39.31%,0.553
448,Strive,ASST,US,15.8,-,6.91%,-9.04/-,-,-2.47,-,-,-,-,10.93亿,-3.98亿,软件,4.05%,29.08%,1.88
449,Astrotech,ASTC,US,3.41,-,15.64%,-4.41/-,-,4.6,-,-,NASDAQ,-,599.80万,-739.20万,航空航天与国防,44.48%,5.68%,0.387
450,雅达电子工业,ASTE,US,59.22,-,2.15%,1.7/34.98,-,0,-,-,NASDAQ,-,13.57亿,3880.00万,工业集团企业,0.73%,97.61%,1.99
451,Astrana Health,ASTH,US,33.72,-,5.06%,0.46/83.54,-,2.4,-,-,-,-,18.79亿,2248.70万,医疗保健服务,1.25%,64.17%,2.41
452,旭日升科技,ASTI,US,4.76,-,16.74%,-3.09/-,-,-10.86,-,-,-,-,4503.86万,-789.87万,电子设备与仪器,15.03%,3.69%,13.48
453,Algoma Steel Group,ASTL,US,4.52,-,4.28%,-6.61/-,-,1.8,-,-,-,-,4.74亿,-7.18亿,金属与采矿,0.82%,79.62%,1.32
454,AST SpaceMobile,ASTS,US,76.4,-,4.63%,-1.34/-,-,-2.98,-,-,-,-,291.86亿,-3.42亿,综合电信业务,7.81%,48.49%,15.85
455,Asure Software,ASUR,US,9.08,-,3.43%,-0.48/-,-,0.44,-,-,NASDAQ,-,2.60亿,-1312.60万,软件,0.24%,70.58%,1.31
456,日月光投控,ASX,US,32,http://www.aseglobal.com/,2.82%,0.29/55.86,日月光半导体公司是世界最大的半导体制造商。作为半导体行业的领军，公司致力于生产出更快、更小、更高效的芯片，以满足不断增长的市场需。,7.35,-,886-7-3617131,NYSE,台湾高雄市楠梓加工出口區經三路26號,712.61亿,12.76亿,半导体产品与设备,0.49%,7.21%,6.53
457,阿姆科技,ASYS,US,18.77,-,14.62%,0.01/-,-,8.87,-,-,-,-,2.70亿,10.80万,半导体产品与设备,5.82%,44.14%,5
458,AtaiBeckley,ATAI,US,4.63,http://www.ata.net.cn,7.55%,-2.91/-,"创立于1999年，ATA公司（NASDAQ: ATAI）一直致力于为中国乃至全球的政府机构、教育机构、企事业单位和考生提供专业化的考试和测评服务。公司总部位于中国北京，在上海设有研发基地与运营中心，并在广州、南京、成都、西安设有分支机构。

作为中国智能化考试的创始者、中国最大的计算机考试服务供应商和全球操作类考试技术的领导者，ATA公司自主研发了DST动态模拟技术、ETX考试系统、MTS等世界领先的考试技术；建立了遍布中国的3,000多家授权考站，成功为机构和数千万考生提供了专业化的考试运营管理和测评服务。

此外，ATA公司先后与美国教育考试服务中心、剑桥大学外语考试部、Saville Consulting UK Ltd等全球机构达成战略合作，将他们的考试测评产品引入到中国知名机构和企业的大规模招聘、晋升、外派与培训中，推动中国考试测评行业的蓬勃发展。

2013年，ATA公司开始向“以考评提升学习成效的教育公司”转型，致力于将互联网科技和考试测评的专业能力相结合，从而更有效地评估教育过程、提升学习效果，帮助企业和个人实现更好的发展。",-2.94,S1/F1,86-10-65181122,NASDAQ,北京市朝阳区东三环中路39号，建外SOHO东区2号楼一层东门，100022,16.99亿,-6.60亿,制药,2.04%,15.37%,7.65
459,亚朵,ATAT,US,39.02,-,3.78%,0.56/22.9,-,-1.61,-,-,-,-,53.08亿,2.32亿,酒店餐饮与休闲,0.83%,24.69%,10.33
460,AtlasClear Holdings,ATCH,US,0.302,-,4.92%,0.06/25.6,-,-0.98,-,-,-,-,4520.71万,634.39万,综合金融服务,2.39%,5.39%,2.08
461,Atlas Critical Miner,ATCX,US,5.01,-,5.22%,-1.69/-,-,-3.09,-,-,-,-,2503.72万,-542.02万,金属与采矿,0.69%,0.24%,31.12
462,阿尔法泰克控股,ATEC,US,10.9,-,7.93%,-0.96/-,-,6.76,-,-,-,-,16.50亿,-1.43亿,医疗保健设备,3.84%,78.67%,132.9
463,A10 Networks,ATEN,US,27.56,-,4.32%,0.58/46.91,-,3.53,-,-,NYSE,-,19.77亿,4213.70万,软件,1.39%,97.90%,9.35
464,Aterian,ATER,US,0.657,-,11.71%,-2.39/-,-,-7.33,-,-,-,-,711.12万,-1898.40万,媒体,0.91%,4.23%,0.468
465,Anterix,ATEX,US,45.17,-,6.48%,3.86/10.4,-,2.19,-,-,-,-,8.46亿,7211.50万,无线电信业务,1.50%,85.40%,3.59
466,Alpha Technology,ATGL,US,14.1,-,6.89%,-0.51/-,-,-2.83,-,-,-,-,2.32亿,-904.90万,软件,0.08%,0.00%,34.9
467,Alterity,ATHE,US,4.41,-,9.15%,0.0000/-,-,0.92,-,-,-,-,7993.43万,-641.28万,生物科技,0.05%,1.81%,2.21
468,汽车之家,ATHM,US,18.5,-,2.26%,0.42/10.76,-,0.71,-,-,-,-,21.31亿,1.98亿,互动媒体与服务,0.29%,9.97%,0.647
469,Aether Holdings,ATHR,US,4,-,7.04%,-0.11/-,-,-0.5,-,-,-,-,4857.89万,-129.72万,软件,0.09%,0.99%,14.44
470,ATI,ATI,US,154.26,-,3.67%,2.92/52.07,-,0.14,-,-,NYSE,-,210.51亿,4.04亿,金属与采矿,1.49%,95.86%,11.67
471,Archimedes Tech SPAC,ATII,US,10.62,-,0.76%,0.3/39.35,-,0.28,-,-,-,-,3.14亿,798.67万,资本市场,0.12%,74.28%,-
472,Atkore,ATKR,US,75.42,-,4.88%,0.44/-,-,4.65,-,-,NYSE,-,25.45亿,1495.70万,电气设备,1.83%,94.20%,1.81
473,Atlanticus Holdings,ATLC,US,78.93,-,6.25%,7.4/10.53,-,3.56,-,-,-,-,11.77亿,1.12亿,消费信贷,0.66%,24.24%,1.93
474,Atlantic,ATLN,US,1.7,-,8.49%,-1.08/-,-,-3.13,-,-,-,-,1.35亿,-5943.09万,专业服务,0.84%,2.19%,-
475,Ames National,ATLO,US,28.05,-,1.77%,2.14/13.06,-,-0.43,-,-,-,-,2.48亿,1902.70万,综合金融服务,0.47%,35.78%,1.2
476,Atlas Lithium,ATLX,US,4.44,-,7.11%,-1.54/-,-,-2.84,-,-,-,-,1.23亿,-2811.06万,金属与采矿,1.76%,19.11%,2.37
477,Atmus Filtration,ATMU,US,62.24,-,2.84%,2.52/24.51,-,1.48,-,-,-,-,50.83亿,2.07亿,机械制造,0.69%,101.35%,13.43
478,大西洋电讯,ATNI,US,28.74,-,2.26%,-1.38/-,-,-1.74,-,-,-,-,4.42亿,-1490.60万,综合电信业务,0.67%,59.00%,0.994
479,Actinium,ATNM,US,1.28,-,6.11%,-1.09/-,-,-2.29,-,-,AMEX,-,4016.00万,-3388.70万,制药,0.58%,17.53%,5.12
480,ATMOS能源,ATO,US,185.45,-,1.22%,2.48/24.56,-,-1.26,-,-,NYSE,-,306.81亿,4.03亿,燃气,0.38%,98.35%,2.15
481,Atomera,ATOM,US,8.6,-,51.68%,-0.65/-,-,38.93,-,-,-,-,3.33亿,-2017.40万,半导体产品与设备,77.47%,26.51%,18.11
482,Atossa Therapeutics,ATOS,US,5.7,-,4.54%,-4.04/-,-,-0.52,-,-,-,-,4908.48万,-3477.00万,制药,0.50%,16.58%,1.25
483,Agape ATP,ATPC,US,2.29,-,4.22%,-2.85/-,-,1.78,-,-,-,-,229.14万,-227.98万,医疗保健服务,3.26%,0.65%,0.102
484,Aptargroup,ATR,US,124.08,-,1.47%,5.97/20.15,-,-0.69,-,-,NYSE,-,79.13亿,3.93亿,容器与包装,0.70%,93.07%,2.97
485,Atara,ATRA,US,5.01,http://www.atarabio.com,6.35%,2.61/1.25,"Atara Biotherapeutics is a clinical-stage biopharmaceutical company focused on developing novel therapeutics for serious unmet medical needs, with an initial focus on muscle wasting conditions and oncology. Our product candidates are biologics targeting myostatin and activin, members of the TGF-ß protein superfamily, which play roles in the growth and maintenance of muscle and many other body tissues. Our lead product candidate, PINTA 745, is in a Phase 2 clinical trial for PEW in ESRD patients. Our second product candidate is STM 434, and we expect to commence a Phase 1 clinical study of STM 434 for ovarian cancer and other solid tumors in the second half of 2014. We have five additional product candidates in preclinical development and an exclusive option to license several others through an agreement with MSK. We intend to license or acquire additional product candidates to develop and commercialize.",2.24,S1/F1,-,NASDAQ,-,4097.24万,3268.80万,生物科技,0.55%,25.62%,-
486,AtriCure,ATRC,US,29.28,-,5.81%,-0.24/-,-,3.79,-,-,NASDAQ,-,14.83亿,-1144.80万,医疗保健设备,1.36%,95.83%,3.01
487,Astronics,ATRO,US,73.23,-,4.24%,0.83/89.48,-,0.55,-,-,NASDAQ,-,26.27亿,2935.90万,航空航天与国防,0.94%,97.18%,18.75
488,ATS,ATS,US,33.04,-,3.81%,0.66/234.4,-,-2.82,-,-,-,-,32.40亿,6422.34万,软件,0.20%,87.16%,2.49
489,盈喜集团,ATXG,US,4.79,-,10.38%,-0.5/-,-,-7.88,-,-,-,-,374.11万,-469.15万,纺织服装与奢侈品,3.47%,6.54%,0.173
490,aTyr Pharma,ATYR,US,0.785,-,4.55%,-0.8/-,-,-0.88,-,-,-,-,7697.02万,-7411.80万,生物科技,0.95%,55.08%,1.14
491,AngloGold Ashanti,AU,US,99.3,http://www.autonomy.com,3.39%,5.19/19.02,AngloGold Ashanti 是非洲最大的黄金生产商。,2.63,-,-,NYSE,-,501.48亿,26.36亿,金属与采矿,0.36%,43.19%,6.2
492,Atlantic Union,AUB,US,37.4,-,2.11%,2.03/15.9,-,-1.35,-,-,-,-,53.13亿,1.19亿,商业银行,0.81%,83.77%,1.05
493,奥本银行,AUBN,US,24,-,0.04%,2.08/11.56,-,0.9,-,-,-,-,8390.08万,725.50万,商业银行,0.14%,14.71%,0.911
494,奥科,AUDC,US,9.03,-,2.54%,0.31/26.1,-,-0.44,-,-,NASDAQ,-,2.34亿,895.50万,通信设备,0.16%,38.34%,1.36
495,Aura Minerals,AUGO,US,90.31,-,6.48%,-1.01/-,-,2.05,-,-,-,-,75.67亿,-7934.00万,金属与采矿,2.00%,16.41%,28.48
496,authID,AUID,US,1.24,-,7.11%,-1.38/-,-,2.48,-,-,-,-,2000.43万,-1793.29万,软件,0.84%,16.68%,2.32
497,Auna,AUNA,US,5.2,-,4.47%,0.39/13.24,-,0.97,-,-,-,-,3.85亿,2906.04万,医疗保健服务,1.04%,16.38%,0.808
498,Aurinia,AUPH,US,15.98,-,2.85%,2.14/7.23,-,-0.99,-,-,NASDAQ,-,20.76亿,2.87亿,制药,1.08%,54.26%,3.57
499,Aurora Innovation,AUR,US,4.91,-,3.42%,-0.44/-,-,1.87,-,-,-,-,96.24亿,-8.16亿,软件,1.41%,93.65%,4.5
500,Aura Biosciences,AURA,US,7.27,-,6.89%,-1.76/-,-,0.14,-,-,-,-,4.67亿,-1.06亿,生物科技,0.67%,78.48%,3.41
501,Aurelion,AURE,US,2.5,-,4.92%,0.27/-,-,2.46,-,-,-,-,8653.29万,870.95万,资本市场,2.14%,12.88%,0.81
502,Austin Gold,AUST,US,1.42,-,5.59%,-0.12/-,-,-0.7,-,-,-,-,1944.41万,-161.59万,金属与采矿,1.24%,1.32%,2.35
503,Autolus Therapeutics,AUTL,US,1.44,-,6.86%,-1.08/-,-,-5.88,-,-,-,-,3.83亿,-2.88亿,生物科技,0.57%,53.43%,1.44
504,Auddia,AUUD,US,1.83,-,9.68%,-5.6/-,-,-63.83,-,-,-,-,91.50万,-769.32万,软件,23.91%,1.00%,0.216
505,阿维斯塔,AVA,US,41.12,-,1.38%,2.38/17.59,-,-0.32,-,-,NYSE,-,33.94亿,1.93亿,复合型公用事业,0.50%,83.88%,1.25
506,Aveanna Healthcare,AVAH,US,6.55,-,4.22%,1.11/6.33,-,0.61,-,-,-,-,14.25亿,2.25亿,医疗保健服务,1.04%,88.84%,7.33
507,Aerovironment,AVAV,US,196.28,-,4.22%,-4.94/-,-,-2.79,-,-,NASDAQ,-,98.01亿,-2.41亿,航空航天与国防,2.30%,65.63%,2.29
508,阿湾物产,AVB,US,172.38,-,1.08%,7.4/22.81,-,-0.56,-,-,NYSE,-,239.80亿,10.51亿,住宅房地产投资信托,0.45%,98.64%,2.07
509,Avidia Bancorp,AVBC,US,20.09,-,3.47%,-0.18/-,-,-1.76,-,-,-,-,4.03亿,-328.90万,商业银行,0.22%,29.74%,1.08
510,Avidbank Holdings,AVBH,US,30.15,-,2.06%,-2.25/-,-,-0.86,-,-,-,-,3.30亿,-1955.30万,商业银行,0.44%,72.44%,1.18
511,Arrivent,AVBP,US,30.42,-,4.29%,-4.32/-,-,-1.87,-,-,-,-,13.45亿,-1.66亿,制药,2.93%,91.24%,4.38
512,美国先锋,AVD,US,2.96,-,9.42%,-1.75/-,-,6.47,-,-,NYSE,-,1.01亿,-4988.20万,化学制品,0.70%,68.69%,0.527
513,AEVEX,AVEX,US,29.7,-,8.78%,-0.2/-,-,-6.52,-,-,-,-,33.16亿,-1688.60万,航空航天与国防,15.08%,-,16.66
514,博通,AVGO,US,422.76,http://www.avagotech.com/pages/home/,3.84%,1.55/80.15,安华高科技是全球领先的模拟、混合信号和光电器件厂商，为无线通信、有线基础设施、工业和汽车以及计算机外设等四大终端市场的广大客户提供丰富的模拟、混合信号和光电器件的领导厂商。,0.67,-,-,NASDAQ,-,20016.28亿,73.49亿,半导体产品与设备,0.48%,77.07%,25.06
515,Atea,AVIR,US,5.47,-,3.80%,-1.94/-,-,-0.91,-,-,NASDAQ,-,4.36亿,-1.58亿,制药,0.33%,71.33%,1.58
516,Advent Convertible,AVK,US,12.39,-,1.29%,2.69/4.61,-,-0.24,-,-,NYSE,-,5.47亿,1.19亿,资本市场,0.19%,29.10%,0.926
517,Avanos Medical,AVNS,US,24.66,-,0.49%,-1.57/-,-,-0.2,-,-,-,-,11.51亿,-7290.00万,医疗保健设备,3.08%,96.34%,1.48
518,Avient,AVNT,US,37.56,-,2.37%,0.9/42.06,-,1.27,-,-,-,-,34.45亿,8190.00万,化学制品,0.43%,100.13%,1.45
519,阿维亚网络,AVNW,US,23.36,-,5.21%,0.46/20.64,-,3.23,-,-,NASDAQ,-,3.01亿,588.00万,通信设备,1.11%,76.71%,1.11
520,Mission Produce,AVO,US,13.83,-,2.99%,-0.01/29.6,-,0.73,-,-,-,-,9.80亿,-70.00万,食品与日用品零售,2.35%,33.74%,1.67
521,AvePoint,AVPT,US,9.85,-,2.86%,0.17/61.13,-,2.39,-,-,-,-,21.27亿,3479.90万,专业服务,1.00%,61.37%,4.44
522,Anteris Technologies,AVR,US,5.58,-,3.53%,-2.55/-,-,0.9,-,-,-,-,5.43亿,-9414.40万,生命科学工具,1.12%,22.49%,-
523,安富利,AVT,US,78.65,http://www.avnet.com/,1.74%,1.38/31.03,"安富利公司(NSYE: AVT)是财富500强企业，是全球最大的电子元件、计算机产品和嵌入式技术方案分销商之一，为全球70多个国家的客户服务。

安富利提供高性价比增值服务和解决方案，架起全球领先技术供应商与全世界10余万客户之间的桥梁，加速他们成功的步伐。至2010年7月3日的财政年度，安富利公司的销售收入达191.6亿美元。",0.69,-,-,NYSE,-,64.39亿,1.13亿,专营零售,1.76%,106.36%,1.3
524,Avantor,AVTR,US,7.9,-,4.12%,-0.78/-,-,1.8,-,-,-,-,53.41亿,-5.30亿,生命科学工具,1.30%,102.29%,0.96
525,Avalo Therapeutics,AVTX,US,13.92,-,9.36%,-5.84/-,-,-5.63,-,-,-,-,3.72亿,-7825.90万,制药,3.82%,73.78%,4.48
526,AVAX One,AVX,US,0.53,http://www.avx.com/,8.75%,-2.03/-,AVX Corporation is a Leading Worldwide Manufacturer and Supplier of Electronic Components,0.76,-,-,NYSE,-,4758.14万,-3319.52万,软件,0.80%,9.88%,0.254
527,Anavex Life Sciences,AVXL,US,3.34,-,5.44%,-0.06/-,-,0.91,-,-,NASDAQ,-,3.10亿,-568.10万,制药,0.69%,40.83%,2.45
528,艾利丹尼森,AVY,US,165.5,http://www.averydennison.com,1.46%,8.81/18.5,Avery Dennison is a recognized industry leader that develops innovative identification and decorative solutions for businesses and consumers worldwide.,-1.15,-,-,NYSE,-,127.30亿,6.88亿,容器与包装,0.61%,96.65%,5.68
529,联博全球,AWF,US,10.45,-,0.34%,0.7/12.35,-,0.38,-,-,-,-,9.01亿,6058.35万,资本市场,0.19%,21.99%,0.907
530,阿姆斯特朗,AWI,US,178.27,http://www.armstrong.com/,1.34%,7.13/24.74,"Armstrong World Industries, Inc. is a global leader in the design and manufacture of floors, ceilings and cabinets. In 2010, Armstrong's consolidated net sales totaled approximately $2.8 billion. Based in Lancaster, Pa., Armstrong operates 35 plants in nine countries and has approximately 9,800 employees worldwide. For more information, visit",-0.62,-,-,NYSE,-,76.36亿,3.09亿,建筑产品,0.98%,105.06%,8.48
531,美国水业,AWK,US,132.42,http://www.amwater.com/,2.32%,5.69/23.28,"American Water, through its subsidiaries, provides high-quality water and wastewater services to approximately 15 million people in more than 30 states, as well as parts of Canada.",-1.89,-,-,NYSE,-,258.59亿,11.11亿,水务,0.91%,94.16%,2.39
532,abrdn Global Premier,AWP,US,11.91,-,0.93%,0.07/59.11,-,0.17,-,-,NYSE,-,3.65亿,617.16万,资本市场,0.20%,11.46%,1.07
533,美洲国家水务,AWR,US,79.41,http://www.adwalker.com,2.55%,3.37/23.86,"American States Water Company is the parent of Golden State Water Company, American States Utility Services, Inc. and Chaparral City Water Company. Through its subsidiaries, AWR provides water service to 1 out of 36 Californians located within 75 communities throughout 10 counties in Northern, Coastal and Southern California, over 255,000 customers and to over 13,000 customers in the city of Fountain Hills, Arizona and a small portion of Scottsdale, Arizona. The Company also distributes electricity to approximately 23,250 customers in the Big Bear recreational area of California via Bear Valley Electric Services. Through its Contracted Services subsidiary, American States Utility Services Inc., the Company contracts with municipalities, the U.S. government and private entities to provide various services, including billing and meter reading, water marketing and operation and maintenance of water and wastewater systems at various military installations throughout the United States.",-1.72,-,-,NYSE,-,31.12亿,1.30亿,水务,3.60%,79.28%,2.98
534,艾卫,AWRE,US,1.35,-,10.08%,-0.28/-,-,4.65,-,-,-,-,2916.24万,-587.30万,软件,0.30%,17.55%,1.12
535,Avalon Holdings,AWX,US,2.49,-,1.41%,0.08/30.25,-,0.4,-,-,-,-,970.96万,32.10万,商业服务与用品,0.17%,9.79%,0.264
536,Axos Financial,AX,US,95.5,-,3.03%,4.25/11.85,-,-2.22,-,-,-,-,54.13亿,2.41亿,商业银行,0.64%,81.45%,1.85
537,华赢控股,AXG,US,3.89,-,5.94%,-0.07/-,-,2.64,-,-,-,-,7.37亿,-463.20万,资本市场,0.54%,0.62%,2
538,Axogen,AXGN,US,39.25,-,7.41%,-0.34/-,-,4.92,-,-,-,-,20.37亿,-1570.30万,医疗保健设备,2.97%,84.31%,15.81
539,AXIA Energia,AXIA,US,12.61,-,1.38%,0.61/20.83,-,-0.39,-,-,-,-,249.40亿,11.97亿,电力,0.09%,1.54%,1.15
540,AXIL Brands,AXIL,US,6.825,-,2.15%,0.18/46.69,-,-1.95,-,-,-,-,4653.09万,124.22万,多元化零售,0.07%,13.43%,4.06
541,Axiom Intelligence,AXIN,US,10.17,-,0.00%,0.2/75.98,-,-0.1,-,-,-,-,2.77亿,364.96万,资本市场,0.00%,86.08%,-
542,Axon Enterprise,AXON,US,397.12,-,3.79%,1.6/256.7,-,1.14,-,-,NYSE,-,319.97亿,1.25亿,软件,1.08%,81.47%,9.87
543,美国运通,AXP,US,314.08,http://www.americanexpress.com,1.98%,4.29/19.33,美国运通（AXP）创建于1850年，是国际上最大的旅游服务及综合性财务、金融投资及信息处理的环球公司，在信用卡、旅行支票、旅游、财务计划及国际银行业占领先地位。,-1.4,-,212-640-2000,NYSE,-,2143.05亿,29.38亿,消费信贷,0.44%,85.62%,6.3
544,安美瑞普,AXR,US,27.93,-,1.86%,1.69/11.46,-,-0.04,-,-,-,-,1.48亿,903.90万,房地产管理和开发Ⅲ,0.26%,46.06%,1.09
545,埃克斯资本,AXS,US,99.31,http://www.accsysplc.com,2.14%,12.52/7.52,"AXIS Capital is the Bermuda-based holding company of the AXIS group of companies. AXIS Capital provides specialty insurance and treaty reinsurance on a worldwide basis through operating subsidiaries and branch networks based in Bermuda, the United States, Canada, the United Kingdom, Ireland, Switzerland, Australia and Singapore.",-2.14,-,-,NYSE,-,73.59亿,9.79亿,保险,0.71%,96.48%,1.27
546,Axsome Therapeutics,AXSM,US,185.96,-,5.60%,-3.68/-,-,1.77,-,-,NASDAQ,-,95.12亿,-1.83亿,制药,1.23%,74.35%,107.7
547,Axalta涂料系统,AXTA,US,29.67,http://www.axaltacoatingsystems.com,1.48%,1.75/16.8,"Axalta Coating Systems is a leading global manufacturer, marketer and distributor of high performance coatings systems. We have a nearly 150-year heritage in the coatings industry and are known for manufacturing high-quality products with well-recognized brands supported by market-leading technology and customer service. Our diverse global footprint of 35 manufacturing facilities, 7 technology centers, 45 customer training centers and approximately 12,650 employees allows us to meet the needs of customers in over 130 countries. We serve our customer base through an extensive sales force and technical support organization, as well as through over 4,000 independent, locally based distributors.",1.12,S1/F1,-,NYSE,-,63.50亿,3.78亿,化学制品,0.66%,103.05%,2.71
548,AXT,AXTI,US,76.16,http://www.axt.com,16.49%,-0.49/-,"AXT, Inc. designs, develops, manufactures and distributes high-performance compound semiconductor substrates.",1.18,-,-,NASDAQ,-,48.85亿,-2126.00万,半导体产品与设备,29.46%,51.19%,18.11
549,Acuity,AYI,US,289.57,http://www.acuitybrands.com/,1.73%,7.09/20.43,"Acuity Brands is the leading provider of innovative, technologically advanced, sustainable lighting products and lighting-related solutions.",0.05,-,-,NYSE,-,87.78亿,2.17亿,耐用消费品,0.78%,97.42%,3.09
550,Aytu BioPharma,AYTU,US,2.52,-,3.17%,-0.89/-,-,0,-,-,-,-,2704.77万,-861.90万,制药,0.18%,34.00%,1.9
551,A2Z Cust2Mate,AZ,US,7.59,-,3.30%,-1.03/-,-,0.26,-,-,-,-,3.38亿,-3773.50万,机械制造,0.82%,33.15%,4.34
552,中驰车福,AZI,US,1.33,-,9.69%,-7.48/-,-,1.53,-,-,-,-,605.21万,-1650.80万,专营零售,0.99%,0.05%,-
553,阿斯利康,AZN,US,189.75,http://www.astrazeneca.com/,1.24%,6.6/28.78,阿斯利康(AZN)是全球领先制药公司，由前瑞典阿斯特拉公司和前英国捷利康公司于1999年合并而成。阿斯利康在6大治疗领域为患者提供富于创新，卓有成效的医药产品，包括消化、心血管、肿瘤、中枢神经、麻醉和呼吸等，其中许多产品居于世界领先地位。阿斯利康总部位于英国伦敦，研发总部位于瑞典。,-1.33,-,-,NYSE,-,2943.00亿,102.25亿,制药,0.16%,16.85%,6.05
554,汽车地带,AZO,US,3577.91,-,2.59%,60.18/24.11,-,-0.54,-,-,-,-,589.53亿,10.00亿,专营零售,1.65%,94.90%,-
555,Azenta,AZTA,US,25.91,-,4.98%,-0.34/-,-,3.19,-,-,-,-,11.93亿,-1543.20万,半导体产品与设备,1.81%,113.32%,0.696
556,Azitra,AZTR,US,0.22,-,4.69%,-2.25/-,-,3.29,-,-,-,-,356.23万,-1095.54万,生物科技,2.70%,1.41%,0.936
557,AZZ,AZZ,US,143.33,http://www.azz.com/,5.40%,10.59/13.5,"AZZ incorporated is a multifaceted enterprise providing essential products and services to global industrial markets with emphasis toward the generation, transmission and distribution of electrical power and the expert application of hot-dip galvanizing to prevent the damaging effect of corrosion in steel products.",-2.22,-,-,NYSE,-,42.83亿,3.17亿,电气设备,1.02%,94.94%,3.2
558,巴里克矿业,B,US,41.09,http://www.bginc.com,3.08%,2.93/13.79,Barnes Group Inc. (NYSE:B) is a diversified global manufacturer and logistical services company that provides precision component manufacturing and operating service support and solutions to nearly every industry around the world.,2.21,-,-,NYSE,-,688.47亿,49.93亿,金属与采矿,0.72%,61.58%,2.59
559,波音,BA,US,232.44,http://www.boeing.com,1.87%,-0.11/95.28,"波音公司是世界上最大的民用和军用飞机制造商。波音公司的总部位于芝加哥，在美国境内及全球70个国家共有员工159,000多名。波音公司下设两个业务部门：波音民用飞机集团和波音防务、空间与安全集团。",-0.73,-,312-544-2000,NYSE,-,1832.33亿,-9000.00万,航空航天与国防,0.73%,72.49%,30.64
560,阿里巴巴,BABA,US,135.82,http://www.alibabagroup.com,2.43%,0.62/24.48,阿里巴巴集团经营多元化的互联网业务，致力为全球所有人创造便捷的交易渠道。自成立以来，阿里巴巴集团建立了领先的消费者电子商务、网上支付、B2B网上交易市场及云计算业务，近几年更积极开拓无线应用、手机操作系统和互联网电视等领域。集团以促进一个开放、协同、繁荣的电子商务生态系统为目标，旨在对消费者、商家以及经济发展做出贡献。【该公司每股收益为最近一财年，非TTM】,3.13,S1/F1,-,NYSE,-,3248.48亿,115.01亿,多元化零售,0.38%,10.98%,2.19
561,美国银行,BAC,US,52.05,http://www.bankofamerica.com,1.11%,1.12/12.23,美国银行 (BAC) 创建于1968年，是环球首要的金融服务机构之一，目前是美国第一大银行，致力提供一应俱全的个人及商业银行服务。,-0.8,-,704-386-5681,NYSE,-,3711.12亿,81.55亿,商业银行,0.43%,77.09%,1.35
562,Blue Acquisition,BACC,US,10.26,-,0.20%,0.66/113.3,-,0.2,-,-,-,-,2.87亿,253.14万,资本市场,0.01%,88.11%,-
563,Bridger Aerospace,BAER,US,2.13,-,7.14%,-0.42/-,-,1.43,-,-,-,-,1.19亿,-2293.80万,航空公司,2.14%,37.45%,-
564,BayFirst Financial,BAFN,US,8,-,8.20%,-5.93/-,-,-3.5,-,-,-,-,3286.46万,-2447.80万,商业银行,1.15%,16.52%,0.457
565,博思艾伦咨询,BAH,US,78.74,http://www.boozallen.com,2.71%,5.23/11.32,"It is a leading provider of management and technology consulting services to the U.S. government in the defense, intelligence and civil markets. We are a well-known, trusted and long-term partner to our clients, who seek our expertise and objective advice to address their most important and complex problems. Leveraging our 95-year consulting heritage and a talent base of approximately 23,300 people, we deploy our deep domain knowledge, functional expertise and experience to help our clients achieve their objectives.",-0.34,-,-,NYSE,-,94.96亿,6.46亿,专业服务,0.77%,102.14%,9.26
566,鲍尔包装,BALL,US,61.32,-,3.06%,3.33/17.9,-,-2.85,-,-,-,-,163.21亿,9.12亿,容器与包装,1.07%,87.33%,3.01
567,Bally's,BALY,US,12.68,-,9.42%,-10.73/-,-,6.64,-,-,-,-,6.18亿,-6.50亿,酒店餐饮与休闲,0.51%,75.92%,0.621
568,Brookfield Asset,BAM,US,47.57,http://www.brookfield.com/,2.11%,1.54/31.36,"Brookfield Asset Management Inc. is a global asset manager focused on property, renewable power and infrastructure assets with over $100 billion of assets under management.",-0.48,-,-,NYSE,-,779.29亿,24.85亿,资本市场,0.66%,90.82%,9.6
569,加州银行,BANC,US,18.75,-,3.86%,1.18/13.93,-,-0.79,-,-,NYSE,-,28.92亿,6200.50万,商业银行,3.18%,96.14%,0.814
570,Bandwidth,BAND,US,24.12,-,7.39%,-0.43/-,-,5.1,-,-,-,-,7.72亿,-1291.20万,信息技术服务,1.61%,76.28%,1.93
571,BancFirst银行,BANF,US,113.53,http://www.bancfirst.com,3.33%,7.22/15.4,"BancFirst Corporation is an Oklahoma business corporation and a financial holding company under Federal law. It conducts virtually all of its operating activities through its principal wholly-owned subsidiary, BancFirst, a state-chartered bank headquartered in Oklahoma City, Oklahoma. BancFirst Corporation also owns 100% of BancFirst Insurance Services, Inc., an independent insurance agency, and 100% of Council Oak Partners LLC, an Oklahoma limited liability company engaged in investing activities. BancFirst is Oklahoma’s largest state-chartered bank with more than 100 service locations in 48 communities across Oklahoma.",-1.15,-,-,NASDAQ,-,38.12亿,6299.50万,商业银行,0.33%,49.57%,2.03
572,CBL International,BANL,US,0.456,-,8.70%,-0.11/-,-,-0.87,-,-,-,-,1254.01万,-297.04万,石油与天然气,8.72%,0.49%,0.631
573,邦纳,BANR,US,66.3,-,2.72%,5.67/10.96,-,-2.15,-,-,NASDAQ,-,22.46亿,5471.60万,商业银行,0.82%,90.06%,1.14
574,ArrowMark Financial,BANX,US,19.41,-,3.15%,2.29/8.47,-,0.21,-,-,NASDAQ,-,1.52亿,1788.81万,资本市场,0.50%,19.78%,0.884
575,宝盛,BAOS,US,2.73,-,3.32%,-2.72/-,-,5.28,-,-,-,-,418.92万,-417.59万,媒体,0.17%,0.01%,0.384
576,Credicorp,BAP,US,323.65,http://phx.corporate-ir.net,3.21%,25.98/12.46,"Credicorp Ltd. (NYSE: BAP) is the leading financial services holding company in Peru.
Credicorp is engaged principally in commercial banking (including trade finance, corporate finance and leasing services), insurance (including commercial property, transportation and marine hull, automobile, life, health and pension fund underwriting insurance) and investment banking (including brokerage services, asset management, trust, custody and securitization services, trading and investment). BCP is the Company's primary subsidiary; as of period ended September 30, 2010, it contributed 82.6% of Credicorp´s total revenues.",0.05,-,-,NYSE,-,256.87亿,20.62亿,商业银行,0.56%,59.91%,2.25
577,BARK,BARK,US,9.57,-,4.87%,-0.15/-,-,1.27,-,-,-,-,8270.08万,-2634.70万,多元化零售,0.87%,24.25%,1.02
578,Battalion Oil,BATL,US,3.74,-,6.44%,-2.24/-,-,-7.43,-,-,-,-,8029.34万,-3682.70万,石油与天然气,42.18%,59.40%,0.415
579,Atlanta Braves A,BATRA,US,53.66,-,2.50%,-0.37/-,-,1.04,-,-,-,-,34.42亿,-2336.80万,酒店餐饮与休闲,1.39%,77.79%,6.54
580,Atlanta Braves C,BATRK,US,49.72,-,3.68%,-0.37/-,-,2.79,-,-,NASDAQ,-,31.89亿,-2336.80万,酒店餐饮与休闲,1.20%,84.15%,6.06
581,百特国际,BAX,US,18.16,http://www.baxter.com,3.18%,-1.87/-,百特(BAX)是一家全球性多样化经营的医疗用品公司，专注于慢性病及危重治疗领域，在全球范围内开发、生产和销售治疗血友病、免疫系统疾病、传染病、癌症、肾科疾病，以及深度创伤等复杂重症的产品。药物输注部、肾科和生物科技部是百特主要的业务部门。,-1.36,-,847-948-2000,NYSE,-,93.75亿,-9.57亿,医疗保健设备,0.99%,106.75%,1.53
582,Bayview Acquisition,BAYA,US,-,-,-,0.05/161.5,-,-,-,-,-,-,3272.26万,20.26万,资本市场,-,29.00%,5.24
583,黑莓,BB,US,5.09,-,8.52%,0.09/56.25,-,-3.42,-,-,-,-,29.92亿,5320.00万,软件,2.65%,46.23%,4.01
584,BigBear.ai Holdings,BBAI,US,3.7,-,5.55%,-0.82/-,-,-0.8,-,-,-,-,17.61亿,-2.94亿,软件,4.61%,40.93%,2.88
585,Banco BBVA,BBAR,US,14.43,-,3.92%,0.35/13.65,-,-0.14,-,-,-,-,29.47亿,2.16亿,商业银行,0.17%,2.83%,1.25
586,Bed Bath & Beyond,BBBY,US,5.61,http://www.bedbathandbeyond.com,2.90%,-1.41/-,"Bed Bath & Beyond是美国最大的出售高品质床上用品和家庭用品的连锁商店。成立于1971年。起初开设的两个店叫做""bed n bath""。在1985年的时候，公司接受了“超级商店”(superstore)的理念和形式，并把店名改作Bed Bath & Beyond. 1991年，公司在纳斯达克交易所上市。之后，家中一切公司经历了快速的发展和扩张，公司的店面数从1993年2月的34家上升到了2011年的1000余家。",1.63,-,-,NASDAQ,-,4.14亿,-8462.10万,多元化零售,1.45%,60.25%,1.9
587,Concrete Pumping,BBCP,US,7.74,-,3.10%,-0.06/81.09,-,-0.13,-,-,-,-,3.91亿,-288.30万,建筑与工程,0.27%,32.77%,1.36
588,Bleichroeder II,BBCQ,US,10.3,-,0.48%,-0.01/-,-,-0.1,-,-,-,-,3.95亿,-6.26万,资本市场,-,0.00%,-
589,Barings BDC,BBDC,US,8.8,-,1.60%,0.97/9.04,-,0.8,-,-,-,-,9.21亿,1.02亿,资本市场,0.57%,45.51%,0.794
590,布拉德斯科银行,BBDO,US,3.52,-,1.71%,0.39/4.31,-,0.57,-,-,-,-,186.43亿,43.22亿,商业银行,-,0.10%,0.572
591,比斯利广播,BBGI,US,21.77,http://www.bbgi.com,9.91%,-109.27/-,"Founded in 1961, Beasley Broadcast Group, Inc. (NASDAQ: BBGI) currently owns or operates 45 radio stations (28 FM and 17 AM) located in eleven large- and mid-size markets across the nation.

Nearly 41% of Beasley stations are located in the nation's top 50 markets such as Philadelphia, Miami-Fort Lauderdale, Las Vegas, West Palm Beach, Boston and Atlanta. The remaining stations are primarily in regional centers like coastal North Carolina, Northeast Georgia and Southwest Florida where Beasley operates large station clusters.",-2.81,-,-,NASDAQ,-,3932.33万,-1.97亿,媒体,13.19%,15.73%,-
592,BridgeBio Pharma,BBIO,US,73.28,-,8.41%,-3.78/-,-,2.25,-,-,-,-,142.06亿,-7.25亿,生物科技,2.48%,98.83%,-
593,Bone Biologics,BBLG,US,1.36,-,1.48%,-2.65/-,-,0.74,-,-,-,-,244.16万,-310.90万,医疗保健设备,0.54%,2.56%,0.454
594,贝莱德应税市政债券,BBN,US,16.14,-,0.70%,1.27/12.67,-,0.31,-,-,NYSE,-,9.97亿,7874.65万,资本市场,0.12%,40.79%,0.934
595,Beta Bionics,BBNX,US,11.17,-,6.78%,-0.49/-,-,-2.27,-,-,-,-,4.98亿,-2189.50万,医疗保健设备,2.36%,104.80%,1.84
596,BridgeBio,BBOT,US,8.78,-,8.25%,-4.3/-,-,-2.12,-,-,-,-,7.03亿,-1.34亿,生物科技,0.88%,69.72%,1.71
597,巴瑞特商业服务,BBSI,US,30.47,-,3.26%,2.13/13.74,-,1.94,-,-,NASDAQ,-,7.48亿,5444.80万,专业服务,0.73%,87.29%,3.11
598,Beacon Financial,BBT,US,31.28,http://www.bbt.com/,1.04%,1.03/29.12,"Building on a tradition of excellence in community banking that stretches back to 1872, BB&T continues to offer clients a complete range of financial services including banking, lending, insurance, trust, and wealth management solutions.",-1.39,-,-,NYSE,-,26.28亿,9027.10万,商业银行,0.80%,91.13%,1.05
599,Brookfield Business,BBUC,US,33.43,-,1.40%,-9.21/-,-,-0.3,-,-,-,-,69.20亿,-8.75亿,工业集团企业,0.32%,67.76%,-
600,西班牙外换银行,BBVA,US,21.87,http://www.bbva.com/TLBB/tlbb/jsp/esp/home/index.jsp,1.46%,2.07/9.99,BBVA是西班牙顶级银行之一，业务遍及世界十多个国家，该银行在世界各地拥有大约8，900家办事处，大部分在欧洲和拉丁美洲，其业务包括资产管理、保险等。,1.16,-,-,NYSE,-,1232.16亿,123.36亿,商业银行,0.02%,3.21%,1.83
601,Build-A-Bear,BBW,US,38.56,http://www.buildabear.com,3.36%,4/9.29,"Build-A-Bear是一家特拉华州的公司,成立于1997年10月,其最主要的业务是提供一个“自己做毛绒玩具”零售娱乐体验。公司提供了一个广泛而协调的商品选择,包括30多个不同风格的动物标本和各种各样的服装、鞋子和配饰的毛绒动物玩具以及其他品牌的玩具和附属物品。公司通过国家多媒体的公平营销项目在其业务地区对产品进行市场调查和建立品牌知名度，该营销项目主要客户是孩子和他们的父母。公司的增长战略是提高公司的生产率存储基础和扩大Build-A-Bear Workshop的国际品牌效应。",1.98,-,1-314-4238000,NYSE,-,4.85亿,5220.30万,专营零售,2.09%,103.47%,3.13
602,Bath & Body Works,BBWI,US,20.09,-,5.07%,3.12/6.23,-,-2,-,-,-,-,40.41亿,6.49亿,专营零售,2.53%,98.90%,-
603,百思买,BBY,US,60.45,http://www.bestbuy.com/,2.20%,5.06/11.82,百思买(BBY)是全球最大家用电器和电子产品零售集团。旗下设有：BEST BUY 零售、音乐之苑集团、未来商场公司、Magnolia Hi-Fi 、以及热线娱乐公司。,-1.71,-,-,NYSE,-,126.41亿,10.69亿,专营零售,1.59%,96.93%,4.26
604,宾士域,BC,US,79.37,http://www.brunswick.com,1.50%,-2.08/-,"Brunswick is a market leader in the marine, fitness, and bowling and billiards industries.",-0.76,-,-,NYSE,-,51.68亿,-1.37亿,机械制造,1.07%,102.91%,3.18
605,Bioatla,BCAB,US,4.87,-,8.59%,-1.01/-,-,-5.62,-,-,-,-,806.92万,-5960.70万,制药,1.30%,13.21%,-
606,加州银行,BCAL,US,18.47,-,1.78%,1.95/9.42,-,-0.22,-,-,-,-,5.94亿,6305.80万,商业银行,0.47%,69.62%,1.03
607,D. Boral ARC I,BCAR,US,10.23,-,0.44%,0.16/94.59,-,-0.05,-,-,-,-,4.21亿,445.60万,资本市场,0.85%,87.79%,730.7
608,BlackRock Capital,BCAT,US,14.94,-,0.57%,2.12/7.05,-,0.74,-,-,-,-,15.65亿,2.22亿,资本市场,0.23%,19.82%,0.981
609,Bicara Therapeutics,BCAX,US,22.65,-,3.29%,-2.52/-,-,-0.83,-,-,-,-,14.83亿,-1.38亿,制药,0.87%,87.79%,3.69
610,BCB银行,BCBP,US,10,-,2.14%,-0.84/-,-,-0.3,-,-,-,-,1.74亿,442.20万,商业银行,0.83%,40.36%,0.565
611,Boise Cascade,BCC,US,84.15,-,1.63%,3.54/22.71,-,0.39,-,-,NYSE,-,30.17亿,1.33亿,林业与纸制品,0.57%,98.78%,1.45
612,Biocardia,BCDA,US,1.16,-,5.13%,-1.23/-,-,-0.85,-,-,-,-,1269.08万,-822.80万,生物科技,0.68%,5.72%,14.15
613,加拿大贝尔,BCE,US,23.88,http://www.bce.ca,1.35%,4.95/4.84,"加拿大贝尔创建于1880年,是加拿大电信行业的领先者，致力于为住宅和公司客户提供连接，包括有线和无线的话音和数据通信、本地及长途电话服务、高速无线因特网访问、IP宽带服务、电子商务解决方案和卫星电视服务等。业务状况：加拿大贝尔集团拥有近60000名员工。它的主要子公司加拿大贝尔占据其营业总额87%以上，做为固话服务与移动服务的龙头企业，加拿大贝尔还为普通用户及企业级用户提供互联网、数据处理、卫星电视等服务。",-0.91,-,-,NYSE,-,222.69亿,45.98亿,综合电信业务,0.23%,45.09%,1.55
614,Binah Capital Group,BCG,US,1.91,-,4.17%,0.05/13.83,-,-0.52,-,-,-,-,3192.76万,230.80万,资本市场,0.75%,1.78%,1.9
615,智利银行,BCH,US,38.53,http://www.bancochile.com/,2.97%,0.01/14.87,"Banco de Chile is a banking corporation established in Chile that began to operate in this name on January 2, 1894 with the merger of the businesses of three banks. In this sense, Banco de Valparaíso, the first bank in Chile constituted as a corporation, is the real origin of Banco de Chile.",2.04,-,-,NYSE,-,194.61亿,13.08亿,商业银行,0.04%,2.48%,2.97
616,Birchtech,BCHT,US,1.55,-,11.51%,-0.16/-,-,1.97,-,-,-,-,4077.42万,-302.60万,化学制品,3.26%,3.16%,-
617,BCP Investment,BCIC,US,7.77,-,1.22%,1.04/8.37,-,-0.38,-,-,-,-,9624.33万,1149.20万,资本市场,0.55%,17.49%,0.46
618,BayCom,BCML,US,29.43,-,2.74%,2.18/12.16,-,1.45,-,-,-,-,3.21亿,818.00万,商业银行,0.90%,63.91%,0.933
619,布林克,BCO,US,110.06,http://www.brinkscompany.com/,3.08%,4.73/22.69,"Based in Richmond, Virginia, Brink’s is a global leader in security-related services for banks, retailers and a variety of other commercial and governmental customers. Their services include armored car transportation, money processing, long-distance transport of valuables, vaulting and other value-added solutions.",-0.73,-,-,NYSE,-,45.30亿,2.00亿,商业服务与用品,0.85%,97.57%,16.31
620,拜切,BCPC,US,173.78,-,2.80%,4.8/35.94,-,-1.56,-,-,-,-,55.65亿,1.55亿,化学制品,1.25%,90.68%,4.43
621,Biocryst医药,BCRX,US,8.94,http://www.biocryst.com,3.82%,1.26/8.61,"BioCryst Pharmaceuticals designs, optimizes and develops novel small-molecule pharmaceuticals that block key enzymes involved in infectious diseases, cancer and inflammatory diseases.",2.05,-,-,NASDAQ,-,22.72亿,2.64亿,生物科技,1.16%,98.63%,-
622,巴克莱银行,BCS,US,22.95,http://www.barclays.com,1.32%,0.59/9.49,巴克莱银行(Barclays Bank)，英国最大商业银行之一，位于汇丰银行和苏格兰皇家银行之后的英国第三大银行公司。巴克莱银行在全球约60个国家经营业务，在英国设有2100多家分行。巴克莱银行经营消费及公司银行、信用卡、抵押贷款、代管、及租赁业务，此外还提供私人银行业务。,0.79,-,-,NYSE,-,788.15亿,83.04亿,商业银行,0.15%,7.96%,0.754
623,贝恩资本专业金融,BCSF,US,13.13,-,1.91%,1.53/8.62,-,0.08,-,-,-,-,8.52亿,9875.60万,资本市场,0.42%,53.20%,0.748
624,Bain Capital GSS,BCSS,US,10.17,-,0.39%,0.17/139.4,-,0,-,-,-,-,5.94亿,425.96万,资本市场,0.00%,63.74%,-
625,BriaCell,BCTX,US,3.88,-,7.51%,-6.58/-,-,4.02,-,-,-,-,2813.19万,-1541.94万,生物科技,2.64%,0.14%,0.91
626,Bancroft Fund,BCV,US,24.08,-,1.63%,7.11/3.39,-,0.7,-,-,-,-,1.40亿,4138.83万,资本市场,0.17%,-,0.962
627,贝莱德资源与商品战略,BCX,US,12.12,-,1.65%,2.75/4.41,-,-0.08,-,-,NYSE,-,9.48亿,2.15亿,资本市场,0.16%,30.01%,1.08
628,Bicycle Therapeutics,BCYC,US,4.84,-,1.86%,-3.16/-,-,-0.21,-,-,-,-,2.44亿,-2.19亿,制药,0.95%,78.55%,0.4
629,百通,BDC,US,134.37,http://www.belden.com,3.72%,6/22.03,"Belden is a world-class manufacturer of signal transmission products - primarily for the entertainment, residential, industrial and security markets. Belden is one of the largest U.S.-based manufacturers of high-speed electronic cables and focuses on products for the specialty electronics and data networking markets, including connectivity.",1.53,-,-,NYSE,-,52.31亿,2.38亿,电气设备,0.69%,101.60%,4.14
630,BTC Development,BDCI,US,10.02,-,0.10%,0.13/186.1,-,0,-,-,-,-,3.48亿,187.13万,资本市场,0.01%,85.80%,1.41
631,BlackRock Enhanced,BDJ,US,9.08,-,0.72%,1.57/5.79,-,-0.11,-,-,NYSE,-,16.07亿,2.77亿,资本市场,0.28%,18.00%,0.933
632,Flanigan's,BDL,US,-,-,-,0.43/9.83,-,-,-,-,-,-,5687.46万,80.50万,酒店餐饮与休闲,0.01%,9.32%,0.885
633,拜尔德医疗,BDMD,US,1.84,-,11.76%,-0.43/13.44,-,8.24,-,-,-,-,4885.64万,-1129.39万,医疗保健设备,1.62%,1.43%,1.37
634,布兰迪维因房地产信托,BDN,US,3.06,-,6.14%,-0.28/-,-,4.44,-,-,NYSE,-,5.32亿,-4890.90万,权益型REITs,1.41%,84.81%,0.724
635,Biodexa,BDRX,US,3.3,-,4.09%,0.0000/-,-,-3.51,-,-,-,-,213.94万,-858.46万,制药,-,0.00%,0.139
636,Biodesix,BDSX,US,10.64,-,9.64%,-4.67/-,-,6.83,-,-,-,-,1.08亿,-3526.50万,医疗保健技术,1.25%,16.41%,-
637,Black Diamond,BDTX,US,2.97,-,7.58%,0.39/7.61,-,-4.19,-,-,-,-,1.70亿,2236.70万,生物科技,2.26%,66.32%,1.52
638,碧迪医疗,BDX,US,152.14,http://www.bd.com/,2.14%,1.34/24.66,"美国BD公司于1897年在纽约成立，总部位于美国新泽西州的富兰克林湖，在全球约50个国家和地区设有分支办事机构、研究发展中心和制造工厂，业务遍及世界六大洲，全球雇员25000多人。公司的服务对象包括医疗机构、生命科学研究所、临床实验室、工业单位和普通大众，是世界上最大的生产和销售医疗设备，医疗系统和试剂的医疗技术公司之一，致力于提高全世界人类的健康水平。BD公司的业务共分为三大类: BD医疗, BD生物科学, BD诊断。BD公司专注于改进药物治疗，提高传染性疾病诊断的质量和速度，推进新型药物和疫苗的研究与发现。",-1.75,-,-,NYSE,-,433.21亿,3.82亿,医疗保健设备,0.71%,94.06%,1.71
639,Bloom Energy,BE,US,231.17,-,4.71%,-0.37/-,-,-2.69,-,-,-,-,656.99亿,-8843.40万,独立电力生产商,2.49%,82.62%,85.46
640,Bold Eagle,BEAG,US,10.53,-,0.09%,0.31/33.77,-,0,-,-,-,-,3.30亿,976.46万,资本市场,0.06%,86.26%,-
641,Beam Therapeutics,BEAM,US,27.11,-,11.54%,-0.81/-,-,-10.11,-,-,-,-,27.85亿,-7999.20万,生物科技,5.08%,106.43%,2.25
642,HeartBeam,BEAT,US,0.904,http://www.cardionet.com,4.37%,-0.62/-,"CardioNet is the world's leading supplier of Mobile Cardiac Outpatient Telemetry™ (MCOT™). CardioNet provides the next-generation ambulatory cardiac monitoring service with beat-to-beat, real time analysis, automatic arrhythmia detection and wireless ECG transmission",1.35,-,-,NASDAQ,-,4848.32万,-2101.50万,医疗保健设备,1.47%,8.45%,18.45
643,TGE Value,BEBE,US,-,-,-,0.0000/1362,-,-,-,-,NASDAQ,-,1.99亿,14.58万,资本市场,-,-,1.37
644,Beam,BEEM,US,1.93,-,10.00%,-1.61/-,-,7.22,-,-,-,-,4079.44万,-2700.30万,电子设备与仪器,4.94%,12.56%,1.64
645,Mobile,BEEP,US,2.2,-,10.45%,-0.55/-,-,9.45,-,-,-,-,9062.34万,-2240.10万,专业房地产投资信托,0.04%,66.90%,0.641
646,贝壳,BEKE,US,16.18,-,2.22%,0.13/43.84,-,2.41,-,-,-,-,187.68亿,4.28亿,房地产管理和开发Ⅲ,0.28%,5.06%,1.98
647,Bel FuseA,BELFA,US,252.89,-,6.17%,4.91/52.43,-,2.88,-,-,-,-,32.27亿,6153.60万,电子设备与仪器,1.91%,48.83%,7.58
648,Bel FuseB,BELFB,US,276.65,-,5.98%,4.91/57.36,-,3.11,-,-,NASDAQ,-,35.30亿,6153.60万,电子设备与仪器,1.22%,93.36%,8.3
649,富兰克林资源,BEN,US,27.12,http://www.franklinresources.com,2.96%,0.46/24.09,富兰克林资源公司成立于1947的一家控股公司，连同其若干附属公司，经营作为富兰克林邓普顿投资。该公司是由经验和观点在其65年的投资管理业务取得了绘制致力于提供强劲的投资表现为它的客户的目的的全球投资管理机构。,1.12,-,-,NYSE,-,141.23亿,2.39亿,资本市场,2.32%,53.97%,1.16
650,Beneficient,BENF,US,3.23,-,6.17%,-10.3/-,-,0.62,-,-,-,-,4591.03万,-4879.20万,综合金融服务,2.89%,4.29%,-
651,Brookfield Renewable,BEP,US,34.19,-,1.92%,-0.25/-,-,0.86,-,-,NYSE,-,104.62亿,-7100.00万,独立电力生产商,0.19%,61.11%,2.27
652,Brookfield Renewable,BEPC,US,41.21,-,2.71%,-16.18/-,-,0.66,-,-,-,-,59.97亿,-23.44亿,独立电力生产商,0.64%,75.21%,-
653,Bimergen Energy,BESS,US,2.88,-,5.08%,-1.11/-,-,-2.37,-,-,-,-,2036.90万,-497.34万,独立电力生产商,2.46%,0.00%,1.05
654,BETA Technologies,BETA,US,15.29,-,4.43%,-12.85/-,-,-0.33,-,-,-,-,35.13亿,-9.63亿,航空航天与国防,0.78%,39.76%,1.93
655,Better Home,BETR,US,42.54,-,7.81%,-10.8/-,-,3.48,-,-,NYSE,-,8.03亿,-1.66亿,抵押型REITs,4.69%,39.00%,21.6
656,百富门A,BF.A,US,28.9,-,2.28%,1.41/16.43,-,-0.1,-,-,NYSE,-,132.57亿,6.61亿,饮料,0.28%,5.94%,3.25
657,百富门B,BF.B,US,28.31,http://www.brown-forman.com/,1.99%,1.41/16.09,"百富门公司是一家拥有141年历史的家族酿酒企业。公司的烈酒和葡萄酒品牌有30余个。 主要品牌包括Jack Daniel’s (杰克丹尼)威士忌, Southern Comfort (金馥力娇) 朗姆酒, Finlandia (芬兰牌) 伏特加, Canadian Mist (卡宁顿)威士忌, 和Korbel (科贝尔) 香槟。百富门公司的产品销往135个国家和地区。",-0.32,-,-,NYSE,-,129.86亿,6.61亿,饮料,1.04%,31.50%,3.18
658,Bright Horizons,BFAM,US,81.02,http://www.brighthorizons.com/,2.77%,3.39/22.16,"美国幼教中心Bright Horizons Family Solutions 成立于1986年，1998年在纳斯达克交易所上市，2008年1月公司接受贝恩资本总计13亿美元收购退市。公司通过与企业合作为其员工提供子女托管教育服务，截至2012年6月30日，公司已经与850多企业雇主建立合作关系，其中包括500强中的130家。此外公司还为约2500个签约家庭提供护理服务以及教育咨询业务。

2013年1月24日Bright Horizons在纽交所上市，发行价22美元，发行1010万股普通股，融资2.22亿美元；高盛、摩根大通和巴克莱担任主承销商。

截至2012年9月30日的12个月取得销售额10.46亿美元，页面每股收益为2011年度数据。",-0.83,S1/F1,-,NYSE,-,42.80亿,1.93亿,综合消费者服务,1.41%,108.43%,3.2
659,Bank First,BFC,US,144.19,-,3.82%,7.23/22.14,-,1.66,-,-,-,-,16.18亿,1998.80万,商业银行,1.04%,32.72%,2.51
660,Bread Financial,BFH,US,86.16,-,6.40%,4.19/6.37,-,-6.47,-,-,-,-,35.58亿,1.79亿,专业服务,2.21%,114.54%,1.07
661,Butterfly Network,BFLY,US,5.33,-,4.47%,-0.31/-,-,3.5,-,-,-,-,13.57亿,-7706.40万,医疗保健设备,3.18%,52.15%,6.92
662,Bullfrog AI Holdings,BFRG,US,0.81,-,9.98%,-0.63/-,-,-3.8,-,-,-,-,1494.22万,-649.81万,制药,10.04%,3.30%,6.98
663,Biofrontera,BFRI,US,1.08,-,9.71%,-1.04/-,-,4.85,-,-,-,-,1258.02万,-1053.60万,制药,0.78%,19.48%,1.2
664,Saul Centers,BFS,US,34.53,-,1.49%,1.09/32.14,-,0.7,-,-,NYSE,-,8.46亿,2631.70万,零售房地产投资信托,0.42%,46.65%,6.89
665,Business First,BFST,US,28.26,-,1.93%,2.81/11.2,-,-0.95,-,-,-,-,9.24亿,8246.00万,商业银行,0.53%,46.69%,1.12
666,邦吉,BG,US,124.9,http://www.bunge.com/,2.36%,4.95/29.67,邦吉（Bunge）是世界主要粮食供应商。近两百年来来，邦吉公司始终如一地致力于农业与食品工业的发展，并且始终保持着持续的增长与盈利。今天的邦基公司是一家真正的全球化企业，并且形成了多元化、企业化、一体化的产业链，包括肥料、农业和食品加工三大产业。国际上，美国ADM、美国邦吉、美国嘉吉和法国路易达孚号称四大粮商。,-1.2,-,-,NYSE,-,242.07亿,8.16亿,食品,0.54%,91.62%,1.52
667,Blackstone Strategic,BGB,US,11.21,-,0.71%,0.67/16.65,-,-0.18,-,-,NYSE,-,5.01亿,3007.51万,资本市场,0.24%,45.47%,0.901
668,BGC Group,BGC,US,11.27,http://www.btgplc.com/,1.62%,0.31/34.49,"General Cable (NYSE:BGC), headquartered in Highland Heights, Kentucky, is a leader in the development, design, manufacture, marketing and distribution of copper, aluminum and fiber optic wire and cable products for the energy, industrial, specialty and communications markets. The Company offers competitive strengths in such areas as breadth of product line, brand recognition, distribution and logistics, sales and service, and operating efficiency.",-0.62,-,-,NYSE,-,53.45亿,1.55亿,资本市场,0.76%,81.60%,5.49
669,Barings Global Short,BGH,US,14.16,-,1.02%,1/14.14,-,0,-,-,NYSE,-,2.84亿,2008.75万,资本市场,0.71%,17.54%,0.938
670,Birks Group,BGI,US,0.72,-,5.14%,-0.09/-,-,-2.7,-,-,-,-,1410.82万,-183.42万,专营零售,0.33%,1.17%,-
671,BGIN,BGIN,US,3.19,-,12.47%,-0.56/-,-,-13.55,-,-,-,-,3.61亿,-6041.70万,软件,0.05%,0.10%,2.47
672,Blue Gold,BGL,US,1.1,-,7.41%,-0.61/-,-,1.85,-,-,-,-,4148.98万,-783.59万,金属与采矿,2.99%,2.08%,-
673,BioNexus Gene Lab,BGLC,US,2.22,-,0.67%,-1.61/-,-,-0.45,-,-,-,-,536.64万,-298.46万,化学制品,0.27%,2.39%,0.623
674,博美集团,BGM,US,0.333,-,13.72%,-0.03/-,-,1.52,-,-,-,-,6125.87万,-86.12万,制药,0.12%,0.14%,0.18
675,Bio Green Med,BGMS,US,0.971,-,5.24%,-6.45/-,-,1.78,-,-,-,-,535.94万,-1409.20万,商业服务与用品,0.40%,1.32%,0.783
676,贝莱德能源和资源信托,BGR,US,16.22,-,1.04%,1.59/10.22,-,-0.37,-,-,NYSE,-,4.13亿,4039.60万,资本市场,0.22%,19.97%,1.14
677,B&G食品,BGS,US,5.35,-,3.89%,-0.54/-,-,1.52,-,-,NYSE,-,4.30亿,-4325.70万,食品,1.33%,63.90%,0.95
678,BGSF,BGSF,US,6.39,-,3.57%,-1.04/-,-,-0.78,-,-,AMEX,-,7184.89万,-1143.00万,专业服务,0.14%,24.12%,1.49
679,博伊德,BGSI,US,119.31,-,1.36%,0.82/180.3,-,0.03,-,-,-,-,33.20亿,1842.00万,专营零售,0.15%,80.29%,1.93
680,贝莱德浮动利率收入,BGT,US,10.87,-,0.55%,0.7/16.69,-,0.46,-,-,NYSE,-,3.24亿,1942.82万,资本市场,0.24%,35.07%,0.918
681,Blackstone Long-Shor,BGX,US,10.86,-,1.58%,0.71/15.32,-,0,-,-,NYSE,-,1.38亿,900.89万,资本市场,0.50%,40.37%,0.818
682,贝莱德增强型国际红利,BGY,US,5.71,-,0.53%,0.92/6.22,-,0.71,-,-,-,-,5.17亿,8320.48万,资本市场,0.22%,40.20%,0.907
683,Biglari Holdings,BH,US,309.35,-,3.17%,-143.86/-,-,1.09,-,-,NYSE,-,7.10亿,-3748.80万,酒店餐饮与休闲,2.08%,96.82%,1.36
684,Biglari Holdings A,BH.A,US,1683.78,-,4.35%,-143.86/-,-,0.64,-,-,-,-,38.63亿,-3748.80万,酒店餐饮与休闲,10.68%,8.03%,7.38
685,BHAV,BHAV,US,9.89,-,0.15%,-/-,-,0.1,-,-,-,-,1.44亿,-4.77万,资本市场,0.14%,-,-
686,Bar Harbor,BHB,US,34.53,-,1.57%,2.32/14.36,-,0.44,-,-,-,-,5.78亿,1353.70万,商业银行,0.42%,55.16%,1.07
687,Bausch Health,BHC,US,5.63,-,2.53%,0.42/13.39,-,1.62,-,-,-,-,21.03亿,1.57亿,制药,0.40%,63.33%,-
688,Benchmark,BHE,US,69.52,http://www.bench.com,4.96%,0.69/100.4,"Benchmark Electronics, Inc. is in the business of manufacturing electronics and providing services to original equipment manufacturers (OEMs) of telecommunication equipment, computers and related products for business enterprises, industrial control equipment, testing and instrumentation products and medical devices.",2.84,-,-,NYSE,-,24.94亿,2485.20万,电子设备与仪器,0.99%,101.04%,2.27
689,Brighthouse Financia,BHF,US,62.04,-,0.42%,5.75/10.77,-,-0.21,-,-,-,-,35.64亿,3.31亿,保险,0.44%,90.92%,0.527
690,贝莱德核心债券,BHK,US,9.19,-,0.54%,0.97/9.52,-,0.11,-,-,-,-,4.98亿,5230.62万,资本市场,0.28%,37.95%,0.691
691,Bluerock Homes Trust,BHM,US,11.09,-,4.80%,-3.02/-,-,-1.77,-,-,-,-,4562.49万,-1149.10万,住宅房地产投资信托,0.04%,27.07%,0.354
692,必和必拓,BHP,US,79.82,http://www.bhpbilliton.com/,1.23%,1.11/19.78,澳大利亚必和必拓是全球最大的采矿业公司，主要产品有铁矿石、煤、铜、铝、镍、石油，液化天然气、镁、钻石等。由两家公司在2001年合并而成，BHP持股58%，比利登持股42%。 在澳大利亚、伦敦和纽约的股票交易所上市。,-0.03,-,-,NYSE,-,2025.83亿,5640.00,金属与采矿,0.06%,3.97%,4.02
693,Braemar,BHR,US,2.39,-,1.69%,-1.07/-,-,0.84,-,-,-,-,1.64亿,-7270.30万,酒店和度假村房地产投资信托,0.27%,47.54%,1.18
694,Burke & Herbert,BHRB,US,63.96,-,4.61%,7.76/8.26,-,-0.84,-,-,-,-,9.62亿,2712.40万,商业银行,1.32%,39.61%,1.11
695,BioHarvest Sciences,BHST,US,4.38,-,1.61%,-0.6/-,-,0.69,-,-,-,-,9928.51万,-1113.50万,制药,0.23%,7.22%,3.9
696,BlackRock Virginia,BHV,US,11.065,-,1.41%,0.88/-,-,0.59,-,-,-,-,1757.39万,139.63万,资本市场,0.22%,5.30%,0.96
697,Biohaven,BHVN,US,9.88,https://www.biohavenpharma.com,6.94%,-6.86/-,生物医药控股有限公司是于2013年9月25日在英属维尔京群岛注册成立的公司。该公司是一个临床阶段的生物制药公司，拥有创新的，后期的产品候选人针对神经系统疾病，包括罕见疾病组合。,-6.08,S1/F1,-,NYSE,-,14.86亿,-7.39亿,制药,1.35%,80.46%,28.55
698,bioAffinity,BIAF,US,2.23,-,7.00%,-8.66/-,-,-3.04,-,-,-,-,1003.20万,-1490.98万,医疗保健设备,2.33%,1.96%,1.38
699,百度,BIDU,US,128.71,http://home.baidu.com/,5.79%,0.25/54.8,"全球最大的中文搜索引擎，提供网页、MP3、文档、地图、传情、影视等多样化的搜索服务，并且推出了贴吧、知道等富具中国特色的互联网产品。百度为客户投放与网页内容相关的广告，从而实现盈利。百度于2005年8月5日在纳斯达克上市，发行价每股27美元,拆股复权后为每股2.7美元。百度持有旗下视频网站奇艺（qiyi.com）61.11%股份。",5.91,S1/F1,86-10-59928888,NASDAQ,北京市海淀区上地十街10号百度大厦，100085,437.94亿,7.99亿,互动媒体与服务,1.27%,2.36%,1.15
700,渤健,BIIB,US,184.38,http://www.biogenidec.com/,1.85%,8.83/20.93,生化基因 （Biogen Idec Inc NASDAQ:BIIB)是美国一家生物技术公司。,-1.86,-,-,NASDAQ,-,270.59亿,12.93亿,生物科技,0.50%,95.59%,1.29
701,Black Spade Acquisit,BIII,US,9.89,-,0.00%,-0.02/-,-,0.1,-,-,-,-,2.27亿,-8.64万,资本市场,0.01%,-,-
702,哔哩哔哩,BILI,US,22.25,-,2.19%,0.41/54.31,-,0.36,-,-,-,-,92.70亿,1.71亿,互动媒体与服务,0.53%,9.29%,4.16
703,BILL Holdings,BILL,US,37.19,-,3.10%,-0.05/-,-,1.45,-,-,-,-,36.80亿,-555.00万,软件,1.40%,110.11%,0.967
704,Bio Rad实验室A,BIO,US,287.84,http://www.bio-rad.com/evportal/evolutionPortal.portal,2.89%,27.87/10.22,Bio-Rad Laboratories has played a leading role in the advancement of scientific discovery for over 50 years by providing a broad range of innovative tools and services to the life science research and clinical diagnostics markets.,2.28,-,-,NYSE,-,77.69亿,7.60亿,生命科学工具,1.21%,89.35%,1.04
705,Bio Rad实验室B,BIO.B,US,-,-,-,27.87/10.64,-,-,-,-,-,-,80.82亿,7.60亿,生命科学工具,0.01%,0.09%,1.08
706,BioAge Labs,BIOA,US,17.05,-,4.58%,-2.24/-,-,-1.1,-,-,-,-,7.57亿,-8060.50万,制药,1.23%,53.44%,2.78
707,Bioceres Crop,BIOX,US,0.541,-,13.34%,-3/-,-,-8.61,-,-,-,-,3452.44万,-1.90亿,化学制品,0.72%,21.75%,0.452
708,布鲁克菲尔德公共建设,BIP,US,36.22,http://www.biofuturesplc.com/,2.09%,0.9/15.26,"Brookfield Infrastructure Partners L.P. operates high quality, long-life assets that generate stable cash flows, require relatively minimal maintenance capital expenditures and, by virtue of barriers to entry and other characteristics, tend to appreciate in value over time.",0.98,-,-,NYSE,-,166.46亿,10.91亿,电力,0.10%,57.74%,3.39
709,Brookfield基础设施,BIPC,US,40.87,-,1.98%,-2.01/-,-,1.16,-,-,-,-,51.88亿,-2.41亿,能源设备与服务,0.52%,71.07%,-
710,Allbirds,BIRD,US,7.02,-,18.19%,-9.47/-,-,-12.36,-,-,-,-,6113.11万,-7728.30万,纺织服装与奢侈品,37.58%,25.02%,1.7
711,勃肯,BIRK,US,39.4,-,3.91%,0.32/16.3,-,-3.1,-,-,-,-,72.46亿,5933.37万,纺织服装与奢侈品,2.74%,93.16%,2.23
712,贝莱德多种类收益信托,BIT,US,12.74,-,0.49%,0.97/13.16,-,0.55,-,-,NYSE,-,7.27亿,5523.47万,资本市场,0.70%,41.47%,0.916
713,BioVie,BIVI,US,1.5,-,11.19%,-1.7/-,-,4.9,-,-,-,-,1131.54万,-1120.06万,制药,0.61%,14.49%,0.587
714,比特币基础设施收购,BIXI,US,9.95,-,0.50%,0.05/2006,-,-0.1,-,-,-,-,3.03亿,15.10万,资本市场,-,41.36%,-
715,工务园,BIYA,US,0.9,-,26.82%,-0.38/-,-,-15.89,-,-,-,-,226.80万,-475.73万,专业服务,50.31%,0.04%,0.101
716,BJ批发俱乐部,BJ,US,94.31,-,3.16%,4.41/21.15,-,-2.73,-,-,-,-,122.30亿,5.78亿,食品与日用品零售,0.90%,109.29%,5.56
717,Bluejay Diagnostics,BJDX,US,1.899,-,3.06%,-15.25/-,-,-3.11,-,-,-,-,184.62万,-684.85万,医疗保健设备,0.74%,4.21%,0.309
718,Bjs餐饮,BJRI,US,38.17,-,1.96%,2.22/16.44,-,-0.37,-,-,NASDAQ,-,8.02亿,4880.80万,酒店餐饮与休闲,1.40%,102.54%,2.19
719,纽约梅隆银行,BK,US,134.05,-,1.16%,2.26/16.09,"纽约梅隆银行（Bank of New York Mellon Corp ）由纽约银行 (The Bank of New York Company, Inc. ，NYSE: BK) 和梅隆金融 (Mellon Financial Corporation ，NYSE: MEL) 于2007年7月合并而来；是全球最大的资产管理公司之一。",-1.01,-,-,NYSE,-,920.09亿,15.62亿,资本市场,0.41%,85.87%,2.33
720,布鲁克代尔高级护理,BKD,US,13.88,-,3.04%,-1.12/-,-,1.76,-,-,NYSE,-,33.01亿,-2.63亿,医疗保健服务,1.00%,100.51%,-
721,巴克尔,BKE,US,56.15,-,2.41%,4.17/13.79,-,-0.44,-,-,NYSE,-,28.93亿,2.10亿,专营零售,0.69%,60.87%,6.81
722,黑山,BKH,US,74.17,-,1.60%,3.99/19.34,"Black Hills Corporation is a strong, diversified energy company with a vision to be the energy partner of choice.",-0.67,-,-,NYSE,-,56.41亿,2.92亿,电力,0.62%,95.75%,1.48
723,Black Hawk,BKHA,US,-,-,-,0.03/59.51,-,-,-,-,-,-,4826.46万,13.98万,资本市场,-,52.63%,-
724,Bakkt,BKKT,US,8.83,-,5.30%,-8.87/-,-,1.73,-,-,-,-,2.70亿,-1.07亿,信息技术服务,3.92%,12.11%,2.39
725,Booking Holdings,BKNG,US,180.25,-,3.33%,166.52/25.96,-,1.98,-,-,-,-,1402.66亿,54.04亿,酒店餐饮与休闲,0.81%,92.33%,-
726,Baker Hughes,BKR,US,68.94,-,6.36%,0.94/21.95,-,6.9,-,-,-,-,683.88亿,9.30亿,能源设备与服务,1.57%,97.47%,3.51
727,BlackSky Technology,BKSY,US,33.83,-,14.14%,-2.09/-,-,-11.99,-,-,-,-,12.55亿,-7026.00万,无线电信业务,5.75%,59.04%,13.23
728,贝莱德收入信托,BKT,US,10.68,-,0.56%,1.02/10.46,-,-0.19,-,-,-,-,2.59亿,2480.15万,资本市场,0.39%,61.00%,0.696
729,BK Technologies,BKTI,US,93.13,-,5.92%,3.69/25.76,-,5.09,-,-,-,-,3.49亿,1353.60万,通信设备,0.70%,48.55%,7.8
730,BankUnited,BKU,US,45.69,-,2.63%,0.83/12.33,-,-2.39,-,-,NYSE,-,33.52亿,6187.50万,商业银行,1.71%,104.91%,1.11
731,BKV,BKV,US,29.08,-,3.14%,1.98/18.37,-,1.36,-,-,-,-,31.81亿,1.73亿,石油与天然气,3.22%,29.88%,1.56
732,Bio-key国际,BKYI,US,0.609,-,5.04%,-0.5/-,-,2.35,-,-,-,-,660.74万,-459.04万,软件,1.02%,1.55%,0.861
733,BlackLine,BL,US,30.64,-,5.63%,0.4/74.43,-,4.25,-,-,NASDAQ,-,18.25亿,2451.80万,软件,1.82%,106.35%,5.49
734,Blue Bird,BLBD,US,65.01,-,3.54%,0.97/15.83,-,2.3,-,-,NASDAQ,-,20.54亿,3075.60万,汽车,0.93%,107.33%,7.57
735,博士伦,BLCO,US,15.82,-,1.27%,-1.02/-,-,0.25,-,-,-,-,56.38亿,-3.60亿,医疗保健设备,0.68%,11.24%,0.874
736,Topbuild,BLD,US,453.71,-,3.03%,18.41/24.47,-,-2.48,-,-,NYSE,-,127.68亿,5.22亿,耐用消费品,2.93%,107.56%,5.51
737,巴拉德动力系统,BLDP,US,3.28,http://www.ballard.com,5.62%,-0.3/-,巴拉德动力系统成立于2008年11月12日，起初名为7076991加拿大公司，后更名为巴拉德动力系统公司。作为一家清洁能源开发公司，巴拉德在质子交换膜（PEM）燃料电池的开发和推广方面处于世界领先地位。公司主营业务是依据不同用途设计、开发、制造、销售燃料电池，并提供维护和授权经营，核心业务是电信备用电源和材料处理的商业化应用，总线和分散式发电的研发以及各种售后服务的提供。,-2.96,-,-,NASDAQ,-,9.87亿,-9091.40万,石油与天然气,1.16%,28.44%,1.67
738,Builders Firstsource,BLDR,US,90.04,http://www.bldr.com,2.11%,3.91/22.24,The driving force in the creation of Builders FirstSource is the desire to provide professional class building materials and services to the country's homebuilders on a national basis,-0.11,-,-,NASDAQ,-,96.81亿,4.35亿,建筑产品,1.15%,94.56%,2.22
739,BioLife Solutions,BLFS,US,21.38,-,2.53%,-0.09/-,-,-1.57,-,-,-,-,10.33亿,-459.50万,医疗保健技术,0.78%,102.31%,2.78
740,Bridgeline Digital,BLIN,US,1,-,16.04%,-0.01/-,-,6.95,-,-,-,-,1259.99万,-8.60万,互动媒体与服务,0.92%,14.62%,1.32
741,BeLive Holdings,BLIV,US,2.15,-,0.00%,-0.87/-,-,-14,-,-,-,-,2335.93万,-410.83万,媒体,0.00%,0.23%,2.9
742,贝莱德,BLK,US,1044.97,https://www.blackrock.com/cn/home,1.58%,14.24/25.96,贝莱德集团是美国规模最大的上市投资管理集团，代表全球各地的个人与机构投资者管理资产，提供种类繁多的证券、固定收益、现金管理与选择性投资产品。除此之外，贝莱德集团还面向数量不断增长的机构投资者提供风险管理、投资系统外包与财务咨询服务。,-0.81,-,-,NYSE,-,1623.52亿,22.12亿,资本市场,0.26%,75.92%,2.9
743,布莱克波特科技,BLKB,US,37.49,-,4.78%,2.41/15.05,-,3.59,-,-,NASDAQ,-,17.30亿,1.15亿,软件,1.49%,99.15%,20.34
744,BillionToOne,BLLN,US,84.74,-,5.52%,0.18/522.9,-,0.97,-,-,-,-,38.98亿,745.40万,生物科技,1.13%,24.42%,8.12
745,Bloomin'Brands,BLMN,US,6.13,-,3.58%,0.1/63.44,"Bloomin’ Brands是全美最大的休闲餐饮连锁企业之一，由Outback Steakhouse，Carrabba’s Italian Grill，Bonefish Grill，Fleming’s Prime Steakhouse and Wine Bar，和Roy’s五个特色餐厅品牌组成，前身是OSI Restaurant Partners。自1988年三月在佛罗里达州建立第一个牛排餐厅Outback Steakhouse至今，Bloomin’ Brands旗下特色主题餐厅已经达到1442家，横跨全美49个州以及全球21个国家和地区。

2012年8月8日 Bloomin登陆纳斯达克，发行价11美元。",-4.07,-,-,NASDAQ,-,5.23亿,823.70万,酒店餐饮与休闲,2.60%,99.65%,1.57
746,Blend Labs,BLND,US,1.46,-,5.76%,-0.1/-,-,5.04,-,-,-,-,3.75亿,-2588.70万,软件,1.25%,68.56%,-
747,Beeline Holdings,BLNE,US,2.05,-,15.31%,-2.23/-,-,4.59,-,-,-,-,6282.71万,-3151.30万,饮料,5.15%,15.03%,1.17
748,Blink Charging,BLNK,US,0.788,-,4.97%,-0.76/-,-,0.38,-,-,-,-,1.13亿,-8338.50万,电气设备,0.95%,18.63%,1.75
749,Bluerock Acquisition,BLRK,US,9.92,-,0.00%,0.01/2545,-,-0.1,-,-,-,-,2.28亿,8.96万,资本市场,-,-,-
750,BioLineRx,BLRX,US,2.27,-,4.35%,0.0000/-,-,-1.3,-,-,NASDAQ,-,987.76万,-117.50万,生物科技,0.26%,1.19%,0.543
751,Bullish,BLSH,US,39.95,-,8.45%,-5.99/-,-,-5.62,-,-,-,-,60.05亿,-7.65亿,商业服务与用品,3.07%,24.16%,1.87
752,Belite Bio,BLTE,US,161.26,-,2.89%,-2.31/-,-,-1.94,-,-,-,-,64.45亿,-7761.10万,制药,0.23%,17.98%,8.36
753,Blue Water,BLUW,US,10.26,-,0.00%,0.23/71.02,-,0.05,-,-,-,-,3.31亿,466.77万,资本市场,0.10%,95.97%,0.29
754,贝莱德有限存续期信托,BLW,US,12.75,-,0.63%,1.21/10.55,-,-0.16,-,-,NYSE,-,4.95亿,4688.40万,资本市场,0.28%,30.07%,0.911
755,拉丁美洲出口银行,BLX,US,56.48,http://www.bladex.com/,2.55%,6.11/9.27,由拉丁美洲及加勒比海国家的中央银行所成立的出口银行，成立的目的为促进贸易金融，简称为Bladex。主要业务项目为提供国际贸易相关贷款,-0.72,-,-,NYSE,-,21.03亿,2.27亿,商业银行,0.31%,6.51%,1.25
756,Backblaze,BLZE,US,4.21,-,5.96%,-0.46/-,-,4.47,-,-,-,-,2.53亿,-2561.20万,软件,0.57%,54.10%,3.04
757,Trailblazer,BLZR,US,10.1,-,0.20%,0.14/116.3,-,0.15,-,-,-,-,3.47亿,298.50万,资本市场,-,73.01%,1.3
758,Macro Bank,BMA,US,74.09,-,3.82%,0.31/23.88,-,-0.56,-,-,NYSE,-,47.37亿,1.98亿,商业银行,0.25%,1.12%,1.32
759,Bumble,BMBL,US,4.27,-,4.75%,-5.95/-,-,1.43,-,-,-,-,5.57亿,-6.93亿,软件,3.43%,92.47%,0.977
760,BlackRock Health,BME,US,39.12,-,1.72%,5.96/6.57,-,-1.24,-,-,NYSE,-,5.06亿,7696.92万,资本市场,0.31%,20.76%,0.89
761,Biomea Fusion,BMEA,US,1.89,-,7.49%,-1.18/-,-,1.07,-,-,-,-,1.37亿,-6179.70万,生物科技,1.85%,32.28%,4.62
762,BlackRock Health,BMEZ,US,14.09,-,0.98%,1.6/8.81,-,-1.05,-,-,-,-,8.81亿,9993.74万,资本市场,0.19%,21.41%,0.824
763,Basel Medical,BMGL,US,0.62,-,2.42%,-0.45/-,-,0,-,-,-,-,1164.72万,-836.20万,医疗保健服务,0.13%,0.57%,2.73
764,蓝山控股,BMHL,US,3.58,-,4.77%,0.09/33.13,-,2.29,-,-,-,-,9136.21万,215.73万,综合金融服务,0.01%,0.52%,7.65
765,Badger Meter,BMI,US,121.83,http://www.badgermeter.com,3.19%,0.94/27.23,Badger Meter is a leading marketer and manufacturer of products using flow measurement and control technologies developed both internally and with other technology companies. Its products are used to measure and control the flow of liquids in a variety of applications.,-0.95,-,-,NYSE,-,35.56亿,2733.50万,建筑产品,3.94%,100.31%,5.15
766,Blue Moon Metals,BMM,US,7.9,-,6.39%,-/-,-,3,-,-,-,-,6.40亿,-1205.70万,金属与采矿,0.36%,0.00%,5.88
767,BlackRock 2037,BMN,US,25.96,-,1.23%,1.16/22.29,-,-0.46,-,-,-,-,1.60亿,715.84万,资本市场,0.29%,25.20%,1.04
768,BitMine Immersion,BMNR,US,22.14,-,3.82%,-23.17/-,-,0.64,-,-,-,-,119.03亿,-90.23亿,软件,4.88%,27.91%,1.21
769,蒙特利尔银行,BMO,US,152.15,http://www.bmo.com/,1.68%,2.51/16.04,"蒙特利尔银行(BMO)是根据加拿大国会法于1817年11月3日建立的，于1822年改用现名，是加拿大历史最悠久的银行，至今已有199年的历史。
直到1934年加拿大的中央银行成立前的51年间，蒙特利尔银行身兼二任，行使了中央银行的许多职能，例如管理公债、发行货币、保护加元的对外汇率等。加拿大历史上的第一张钞票即由该行发行。
现时在加拿大国内和全球各地共拥有1,100多家分行，34000多名员工，3970亿加元的资产。该行目前也以夏理斯银行（Harris Bank）的名义营运在美国的业务。
该行于1962年与中国银行建立代理关系。中国银行于1970年在该行开立加元帐户。1982年7月21日该行在北京设立代表处。
蒙特利尔银行伴随并参加了决定加拿大经济进程的几乎所有重大事件：第一条运河、第一条铁路、第一个电报局、第一条洲际铁路（加拿大太平洋铁路）。",0.34,-,416-867-6785,NYSE,"100 King Street West 1 First Canadian Place Toronto, ON M5X 1A1",1072.54亿,18.37亿,商业银行,0.08%,47.71%,1.86
770,Beamr Imaging,BMR,US,1.96,-,7.45%,-0.39/-,-,2.08,-,-,-,-,3043.85万,-602.00万,软件,1.27%,1.67%,1.93
771,Biomerica,BMRA,US,2.14,-,3.26%,-0.92/-,-,-0.47,-,-,NASDAQ,-,661.32万,-263.00万,医疗保健设备,0.11%,2.98%,1.99
772,马林银行,BMRC,US,25.87,https://www.bankofmarin.com,5.14%,-2.24/-,"Bank of Marin Bancorp serves Marin County, southern Sonoma County, Napa, and San Francisco, offering a broad range of deposit products, commercial and personal loans, cash management solutions, and wealth management services.",-0.69,-,-,NASDAQ,-,4.19亿,-3567.50万,商业银行,0.69%,62.82%,1.06
773,拜玛林制药,BMRN,US,53.18,http://www.bmrn.com,2.67%,1.82/29.46,"With four products on the market and a fully-integrated multinational organization in place, BioMarin is providing innovative therapeutics to patients with serious unmet medical needs.",-1.48,-,-,NASDAQ,-,102.78亿,3.49亿,制药,0.59%,98.87%,1.69
774,百时美施贵宝,BMY,US,58.71,http://www.bms.com,1.47%,3.47/16.99,百时美施贵宝公司是一家以科研为基础的全球性的从事医药保健及个人护理产品的多元化企业，其主要业务涵盖医药产品、日用消费品、营养品及医疗器械，其总部设在纽约。,-0.53,-,212-546-4000,NYSE,-,1198.70亿,70.54亿,制药,0.34%,81.03%,6.49
775,布鲁克菲尔德,BN,US,45.48,-,1.58%,0.51/77.85,-,0.26,-,-,-,-,1017.48亿,13.07亿,资本市场,0.18%,68.90%,2.12
776,Brand Engagement,BNAI,US,30.02,-,7.25%,-1.97/-,-,-4.09,-,-,-,-,1.76亿,-862.54万,软件,11.06%,7.09%,50.8
777,BNB Plus,BNBX,US,0.518,-,13.88%,-2.08/-,-,4.23,-,-,-,-,293.57万,-1862.64万,软件,5.36%,4.93%,0.156
778,CEA Industries,BNC,US,3.14,-,9.76%,8.29/-,-,9.41,-,-,-,-,1.35亿,1.71亿,机械制造,0.81%,17.80%,0.369
779,巴诺教育,BNED,US,10.84,-,3.50%,0.39/-,-,-0.09,-,-,NYSE,-,3.72亿,1338.80万,专营零售,1.26%,71.06%,1.28
780,Bionano Genomics,BNGO,US,1.21,-,3.72%,-4.85/-,-,0,-,-,-,-,1342.09万,-2639.50万,生命科学工具,0.91%,8.05%,0.302
781,Bonk,BNKK,US,2.78,-,7.50%,-17.02/-,-,-3.47,-,-,-,-,2187.43万,-6904.92万,饮料,0.75%,28.24%,0.625
782,Broadstone Net,BNL,US,20.02,-,1.05%,0.51/39.75,-,-0.2,-,-,-,-,38.36亿,9649.50万,权益型REITs,0.88%,88.40%,1.32
783,燃石医学,BNR,US,20.69,-,6.04%,-0.07/-,-,0.49,-,-,-,-,2.23亿,-791.44万,生物科技,0.19%,1.87%,2.91
784,Brenmiller Energy,BNRG,US,3,-,16.67%,-57.14/-,-,-10.71,-,-,-,-,154.64万,-2336.00万,独立电力生产商,15.65%,0.05%,0.443
785,加拿大丰业银行,BNS,US,75.71,http://www.baronsmeadvcts.co.uk,1.73%,1.29/15.02,丰业银行（Scotiabank）是北美最大的金融机构之一。　丰业银行是加拿大最重要的国际性银行。在50多个国家设有分部和办公场所，我们的41000名员工为顾客提供优质的服务，使公司已成为北美洲最杰出的银行机构之一。丰业银行核心业务包括国内的和国际银行、财富管理。丰业银行还有责任帮助在加拿大和全世界范围贡献我们的财政资源和人力资源，以满足当今社会发展的需要。,1,-,-,NYSE,-,932.32亿,15.90亿,商业银行,0.17%,46.49%,1.63
786,Brookfield Wealth,BNT,US,45.51,-,1.19%,3.35/20.08,-,0.35,-,-,-,-,153.85亿,7.66亿,保险,0.05%,28.50%,0.875
787,Benitec Biopharma,BNTC,US,12.37,-,3.94%,-0.48/-,-,-2.6,-,-,NASDAQ,-,4.25亿,-2080.20万,制药,0.43%,93.07%,2.27
788,BioNTech,BNTX,US,105.46,-,2.28%,-5.52/-,-,-0.09,-,-,-,-,266.69亿,-13.33亿,生物科技,0.22%,19.04%,1.18
789,Banzai,BNZI,US,0.482,-,11.11%,-5.95/-,-,-10.74,-,-,-,-,871.02万,-2249.21万,软件,10.33%,1.16%,1.08
790,Bob's,BOBS,US,11.8,-,7.36%,1.1/12.64,-,3.42,-,-,-,-,15.38亿,1.22亿,专营零售,1.92%,0.01%,9.39
791,Boston Omaha,BOC,US,12.32,-,2.52%,-0.4/-,-,0.08,-,-,-,-,3.78亿,-1242.75万,媒体,0.45%,68.97%,0.732
792,The Beachbody,BODI,US,15.49,-,8.90%,-0.41/-,-,2.89,-,-,-,-,1.12亿,-286.00万,酒店餐饮与休闲,2.14%,37.04%,3.58
793,贝莱德全球红利信托,BOE,US,11.66,-,1.12%,1.84/6.32,-,0.34,-,-,NYSE,-,6.48亿,1.03亿,资本市场,0.19%,38.00%,0.905
794,BranchOut Food,BOF,US,3.77,-,7.18%,-0.57/-,-,-3.33,-,-,-,-,5497.57万,-612.47万,食品,0.68%,14.54%,10.74
795,夏威夷银行,BOH,US,77.08,https://www.boh.com/,1.77%,1.32/15.4,"Bank of Hawaii is the primary subsidiary of Bank of Hawaii Corporation, a regional bank holding company. Bank of Hawaii Corporation through its subsidiaries provide varied financial services to businesses, consumers and governments in Hawaii, American Samoa and the Pacific Islands. The company is listed on the New York Stock Exchange as ""BOH."" In the community, Bank of Hawaii is also affectionately known as ""Bankoh.""",-1.01,-,-,NYSE,-,30.54亿,5216.30万,综合金融服务,1.06%,78.68%,2.02
796,BOK银行,BOKF,US,132.56,http://www.bokf.com/,2.08%,2.58/13.12,"BOK Financial Corporation (BOKF) is a $24 billion regional financial services company based in Tulsa, Oklahoma. The company's stock is publicly traded on NASDAQ under the Global Select market listings (symbol: BOKF). BOKF's holdings include BOKF, NA, BOSC, Inc, Cavanal Hill Investment Management and Southwest Trust Company. BOKF, NA operates seven banking divisions: Bank of Albuquerque, Bank of Arizona, Bank of Arkansas, Bank of Kansas City, Bank of Oklahoma, Bank of Texas, and Colorado State Bank and Trust. BOKF, NA has full-service banks located in eight states. BOSC, Inc., the broker/dealer subsidiary, provides brokerage services in 10 states.",-1.04,-,-,NASDAQ,-,80.54亿,1.56亿,商业银行,1.74%,39.02%,1.35
797,Boundless Bio,BOLD,US,1.5,-,5.92%,-2.6/-,-,-1.32,-,-,NASDAQ,-,3361.09万,-5819.70万,生物科技,0.72%,39.96%,0.341
798,Bolt Biotherapeutics,BOLT,US,4.83,-,7.17%,-17.85/-,-,1.26,-,-,-,-,928.12万,-3337.60万,制药,0.44%,28.56%,0.35
799,天美生物,BON,US,1.27,-,4.69%,-0.72/-,-,-0.78,-,-,-,-,1032.36万,-199.48万,化学制品,0.25%,0.01%,0.179
800,DMC Global,BOOM,US,6.41,http://www.boomerang.co.uk,15.43%,-0.9/-,"Dynamic Materials Corporation is the world’s leading provider of explosion-welded clad metal plates. Its products, which are typically used in industrial capital projects, include explosion-welded clad metal plates and other metal fabrications for use in a variety of industries, including oil and gas, petrochemicals, alternative energy, hydrometallurgy, aluminum production, shipbuilding, power generation, industrial refrigeration and similar industries.",13.45,-,-,NASDAQ,-,1.31亿,-1345.20万,机械制造,3.56%,83.90%,0.542
801,Boot Barn,BOOT,US,168.69,http://www.bootbarn.com,5.54%,5.94/23.43,"Boot Barn Holdings is the largest and fastest-growing lifestyle retail chain devoted to western and work-related footwear, apparel and accessories in the U.S. As of September 27, 2014, we operated 158 stores in 24 states, as well as a growing e-commerce website, bootbarn.com. Our stores feature a comprehensive assortment of approximately 200 brands and more than 1,500 styles on average, coupled with attentive, knowledgeable store associates. Our product offering is anchored by an extensive selection of western and work boots and is complemented by a wide assortment of coordinating apparel and accessories. Many of the items that we offer are basics or necessities for our customers' daily lives and typically represent enduring styles that are not impacted by changing fashion trends.",3.37,S1/F1,-,NYSE,-,51.32亿,1.81亿,专营零售,1.81%,119.65%,4
802,Borr Drilling,BORR,US,5.69,-,5.03%,0.17/38.91,-,2.15,-,-,-,-,17.51亿,4500.00万,能源设备与服务,1.60%,32.55%,1.43
803,BOS科技,BOSC,US,4.78,http://www.boscorporate.com/,3.75%,0.59/9.33,"BOS Better Online Solutions is a leading provider of RFID and supply chain solutions to global enterprises, with offerings that help customers improve the efficiency of enterprise logistics, organizational monitoring and control.",2.36,-,-,NASDAQ,-,3369.81万,361.10万,专业服务,0.44%,16.19%,1.17
804,詹姆斯金融银行,BOTJ,US,23.29,-,0.00%,1.99/11.73,-,0.17,-,-,NASDAQ,-,1.06亿,902.20万,商业银行,0.02%,25.84%,1.37
805,Bowhead,BOW,US,23.95,-,7.60%,1.64/14.62,-,0.5,-,-,-,-,7.86亿,5378.60万,保险,0.66%,90.79%,1.75
806,Box,BOX,US,24.29,https://www.box.com/,3.46%,0.6/38.63,"Box, Inc.于2005年4月在华盛顿州成立。该公司提供了一个基于云的移动优化企业内容协作平台，使各种规模的企业能够轻松、安全地管理自己的内容并实现内外协作。Box公司的平台结合了强大，优雅，易于使用的功能，专为用户提供IT部门所需的安全的，可扩展的管理控制功能。",3.19,S1/F1,-,NYSE,-,33.63亿,8705.30万,软件,1.25%,103.44%,-
807,宝视来,BOXL,US,1.07,-,3.70%,-39.74/-,-,-0.93,-,-,-,-,363.98万,-2507.90万,电脑与外围设备,2.61%,0.60%,2.9
808,英国石油,BP,US,46.25,http://www.bp.com/,1.17%,0.0000/2201,BP是世界上最大的石油和石化集团公司之一。公司的主要业务是油气勘探开发；炼油；天然气销售和发电；油品零售和运输；以及石油化工产品生产和销售。经营范围涉及油气勘探、开采、炼制、运输、销售、石油化工及煤炭、有色金属、计算机、海运、保险等多方面。,-0.22,-,+ 44 (0) 207496 4000,NYSE,"BP p.l.c.1 St James's Square London, SW1Y 4PD",1210.76亿,5500.00万,石油与天然气,0.24%,12.61%,2.28
809,Blueport,BPAC,US,10.03,-,0.00%,-0.46/-,-,-0.25,-,-,-,-,7406.90万,-1.97万,资本市场,0.00%,-,1.3
810,大众银行,BPOP,US,147.04,-,3.24%,3.78/10.56,-,-1.49,-,-,NASDAQ,-,95.07亿,2.45亿,商业银行,0.82%,92.54%,1.51
811,Bluerock Private,BPRE,US,16.04,-,1.45%,-/0.0000,-,0.44,-,-,-,-,-,-8340.19万,资本市场,-,48.99%,0.0000
812,普林斯顿银行,BPRN,US,34.99,-,1.33%,2.73/12.22,-,-0.68,-,-,-,-,2.38亿,622.90万,商业银行,0.08%,42.46%,0.869
813,波奇宠物,BQ,US,0.804,-,7.76%,-0.53/-,-,-4.06,-,-,-,-,392.32万,-158.80万,多元化零售,2.07%,0.32%,0.149
814,布罗德里奇,BR,US,155.07,http://www.broadridge.com/,2.12%,3.85/16.96,"Broadridge is a leading full-service outsourcing provider to the global financial industry, capable of meeting the most demanding requirements for efficient, secure and scalable operational support.",-0.56,-,-,NYSE,-,181.04亿,4.50亿,专业服务,0.86%,91.47%,6.29
815,Bragg Gaming Group,BRAG,US,1.95,-,5.85%,-0.38/-,-,-0.76,-,-,-,-,4986.99万,-952.38万,软件,0.07%,3.94%,0.678
816,Braiin,BRAI,US,23.69,-,12.63%,-/-,-,11.64,-,-,-,-,16.28亿,-197.30万,信息技术服务,0.06%,-,-
817,BRBI BR,BRBI,US,15.13,-,0.75%,0.1/23.73,-,-4.9,-,-,-,-,7.59亿,3196.51万,综合金融服务,0.00%,0.00%,5.3
818,BellRing Brands,BRBR,US,16.2,-,4.36%,0.37/10.38,-,-0.61,-,-,-,-,19.00亿,4370.00万,个人用品,1.63%,102.80%,-
819,Blue Ridge,BRBS,US,3.58,-,2.41%,0.12/26.84,-,1.7,-,-,-,-,3.21亿,83.60万,商业银行,0.37%,38.53%,1.16
820,布雷迪,BRC,US,80.7,http://www.bradycorp.com/,5.97%,2.16/18.67,"Brady's core capabilities in manufacturing, precision engineering and materials expertise
make it a leading supplier to the Maintenance, Repair and Operations (MRO) market and to the Original Equipment Manufacturing (OEM) market.",-1.69,-,-,NYSE,-,38.11亿,1.02亿,电子设备与仪器,0.93%,82.86%,2.9
821,Black Rock Coffee,BRCB,US,13.06,-,6.61%,0.0000/-,-,2.83,-,-,-,-,6.54亿,-6.00万,酒店餐饮与休闲,2.07%,124.75%,14.32
822,BRC,BRCC,US,1.16,-,11.71%,-0.13/-,-,4.5,-,-,-,-,2.89亿,-1191.40万,饮料,0.98%,57.74%,6.34
823,Barfresh Food,BRFH,US,2.62,-,1.12%,-0.17/-,-,-1.87,-,-,-,-,4219.47万,-269.40万,饮料,0.01%,24.50%,31.57
824,BrilliA,BRIA,US,1.697,-,3.58%,0.12/18.46,-,1.31,-,-,-,-,5197.06万,281.50万,纺织服装与奢侈品,-,0.00%,2.88
825,Bridgford Foods,BRID,US,7.34,-,0.00%,-0.09/-,-,-2.39,-,-,NASDAQ,-,6662.39万,-84.30万,食品,0.01%,5.56%,0.581
826,伯克希尔哈撒韦 A,BRK.A,US,704760,http://www.berkshirehathaway.com/,0.64%,46563/15.13,伯克希尔哈撒韦(BRK.A)是由沃伦·巴菲特创建的保险和多元化投资集团。公司投资于多家美国上市和非上市公司，其中包括美国运通、可口可乐、吉列、华盛顿邮报、富国银行等，并以长期而稳定的投资回报，获得了价值投资者的追捧。,-0.2,-,-,NYSE,-,10133.84亿,669.68亿,综合金融服务,0.01%,24.32%,1.41
827,伯克希尔哈撒韦 B,BRK.B,US,469.32,http://www.berkshirehathaway.com/,0.79%,46563/15.12,伯克希尔哈撒韦（BRK.B)是由沃伦·巴菲特创建的保险和多元化投资集团，所发行的B类股票。公司投资于多家美国上市和非上市公司，其中包括美国运通、可口可乐、吉列、华盛顿邮报、富国银行等，并以长期而稳定的投资回报，获得了价值投资者的追捧。,-0.26,-,-,NYSE,-,10122.63亿,669.68亿,综合金融服务,0.28%,64.88%,1.41
828,布鲁克,BRKR,US,36.55,http://www.bruker.com,2.46%,-0.15/-,"Bruker is a leading provider of high-performance scientific instruments and solutions for molecular and materials research, as well as for industrial and applied analysis.",0.91,-,-,NASDAQ,-,55.64亿,-2250.00万,医疗保健设备,1.36%,88.10%,2.26
829,Borealis Foods,BRLS,US,0.91,-,18.13%,-0.59/-,-,0,-,-,-,-,1953.16万,-1256.85万,食品,0.60%,0.00%,-
830,Brilliant Earth,BRLT,US,1.43,-,5.89%,-0.25/-,-,1.42,-,-,-,-,1.45亿,-363.50万,纺织服装与奢侈品,0.09%,229.61%,11.72
831,Barnwell Industries,BRN,US,1.14,-,1.30%,-0.13/-,-,-0.87,-,-,AMEX,-,1622.59万,-142.60万,石油与天然气,0.69%,8.91%,1.99
832,Barinthus,BRNS,US,0.642,-,12.21%,-1.64/-,-,0.47,-,-,-,-,2622.50万,-6642.80万,生物科技,0.02%,19.27%,0.353
833,布朗保险经纪,BRO,US,65.9,-,2.04%,3.37/21.23,-,-2.44,-,-,NYSE,-,223.77亿,10.54亿,保险,0.75%,80.11%,1.78
834,Dutch Bros,BROS,US,57.44,-,5.55%,0.64/118.5,-,5.32,-,-,-,-,94.65亿,7984.20万,酒店餐饮与休闲,3.07%,91.52%,13.9
835,ProCap Financial,BRR,US,1.97,-,6.28%,-0.39/-,-,3.14,-,-,-,-,1.61亿,-2897.55万,软件,0.31%,43.42%,0.383
836,Brightstar,BRSL,US,12.92,-,2.73%,0.74/16.22,-,0.94,-,-,-,-,23.84亿,1.47亿,酒店餐饮与休闲,0.93%,39.10%,2.72
837,BrightSpire Capital,BRSP,US,6.06,-,2.15%,-0.26/-,-,0.33,-,-,-,-,7.89亿,-3114.80万,权益型REITs,0.52%,68.62%,0.841
838,BRT房地产信托,BRT,US,14.25,http://www.brightsidegroup.co.uk/,1.41%,-0.63/-,"BRT Realty Trust is listed on the New York Stock Exchange under the symbol BRT, for over seventeen years, and has been active in the real estate business for over three decades. BRT is recognized as a national leader in creative short term financing solutions for the commercial real estate industry. We specialize in mortgage bridge loans and short-term commercial real estate loans.",0.28,-,-,NYSE,-,2.71亿,-1194.60万,抵押型REITs,0.14%,28.85%,1.53
839,Biorestorative,BRTX,US,0.23,-,4.48%,-1.58/-,-,3.14,-,-,-,-,586.00万,-1424.20万,制药,2.07%,1.31%,17.69
840,Saba Capital Income,BRW,US,6.75,-,1.99%,1.3/5.19,-,-1.75,-,-,-,-,2.87亿,5533.77万,资本市场,0.46%,45.00%,0.808
841,Brixmor Property,BRX,US,30.35,-,1.90%,1.26/24.15,"Brixmor Property Group Inc. (Brixmor), is a internally-managed real estate investment trust (REIT) that owns and operates the wholly owned portfolio of grocery-anchored community and neighborhood shopping centers in the United States. As of June 30, 2013, its portfolio consists of 522 shopping centers totaling approximately 87 million square feet of gross leasable area (GLA). 521 of these shopping centers are 100% owned. Its four tenants by annualized base rent (ABR) are The Kroger Co. (Kroger), The TJX Companies, Inc. (TJX Companies), Publix Super Markets, Inc. (Publix) and Wal-Mart Stores, Inc. (Walmart). The Company derives its revenues primarily from rents (including percentage rents based on tenants’ sales levels) and expense reimbursements due to the Company from tenants under existing leases at each of its properties.",-0.69,-,-,NYSE,-,93.12亿,3.86亿,零售房地产投资信托,0.87%,100.41%,3.09
842,Braze,BRZE,US,23.27,-,5.12%,-1.22/-,-,3.61,-,-,-,-,26.40亿,-1.31亿,软件,2.07%,73.10%,4.23
843,BEST SPAC,BSAA,US,-,-,-,0.47/116.8,-,-,-,-,-,-,7591.89万,64.99万,资本市场,-,71.45%,1.32
844,桑坦德银行（智利）,BSAC,US,33.94,-,1.64%,0.0000/14.21,-,1.5,-,-,NYSE,-,159.90亿,2.93亿,商业银行,0.10%,4.76%,3.14
845,Bogota Financial,BSBK,US,8.42,-,4.48%,0.17/52.03,-,-0.71,-,-,-,-,1.09亿,209.08万,商业银行,0.08%,7.33%,0.772
846,桑坦德银行(巴西),BSBR,US,5.97,http://www.ri.santander.com.br/web/default_pt.asp?idioma=0&conta,1.26%,0.61/9.75,"桑坦德银行巴西分行母公司西班牙桑坦德银行（Santander,又称“西班牙国际银行”）是欧元区最大银行。坦德西班牙中部小组创立于1857年,是总部设在西班牙的桑坦德。桑坦德西班牙中部小组有12.6万职工和63所客户,即侧重于零售银行业务为主。该集团在德国的欧洲业务范围包括,挪威,葡萄牙,西班牙和英国。拉丁美洲业务范围包括桑坦德西班牙中部小组,还有阿根廷、巴西、智利、墨西哥、普埃托里科、乌拉圭和委内瑞拉。",0.34,-,-,NYSE,-,227.16亿,23.31亿,商业银行,0.02%,0.65%,0.994
847,巴西特家具,BSET,US,14.96,-,3.69%,0.13/24.12,-,0.4,-,-,NASDAQ,-,1.29亿,111.60万,专营零售,0.88%,55.40%,0.787
848,Blackstone Senior,BSL,US,13.155,-,1.68%,11.44/1.15,-,0.73,-,-,NYSE,-,855.78万,743.99万,资本市场,8.75%,24.98%,0.91
849,Black Stone Minerals,BSM,US,14.19,-,1.74%,1.28/11.14,-,-1.18,-,-,NYSE,-,30.13亿,2.70亿,石油与天然气,0.11%,18.57%,3.64
850,塞拉银行,BSRR,US,36.27,http://www.sierrabancorp.com/,2.58%,3.14/11.22,"Sierra Bancorp was formed in November 2000 and operates primarily through Bank of the Sierra (the Bank), which it acquired in August 2001. The Bank is a California state-chartered bank headquartered in Porterville, California. It opened for business in January 1978, and has since grown to be the largest independent bank head-quartered in the South San Joaquin Valley.",0.58,-,-,NASDAQ,-,4.75亿,4232.70万,商业银行,0.58%,57.71%,1.82
851,Blackrock Science,BST,US,42.67,-,2.76%,7.22/5.91,-,3.34,-,-,NYSE,-,14.82亿,2.51亿,资本市场,0.58%,19.79%,1
852,BlackRock Science,BSTZ,US,26.72,-,3.99%,4.57/5.84,-,3.53,-,-,-,-,18.37亿,3.14亿,资本市场,0.39%,28.63%,1.07
853,Bank7,BSVN,US,43.71,-,1.93%,4.56/9.3,-,-0.66,-,-,-,-,4.16亿,1200.60万,商业银行,0.34%,31.60%,1.6
854,波士顿科学,BSX,US,62.07,http://www.bostonscientific.com,6.10%,0.9/25.88,波士顿科学(Boston Scientific Corp ，NYSE：BSX)是总部位于麻省纳提克市的一家医疗设备制造商；专注于微创伤介入医疗器械的研发、生产和销售。,-5.51,-,-,NYSE,-,922.47亿,13.41亿,医疗保健设备,1.20%,92.69%,3.81
855,Bentley Systems,BSY,US,33.44,-,3.32%,0.88/36.5,-,2.42,-,-,LON,-,101.41亿,2.78亿,软件,1.45%,49.70%,8.53
856,Bioxcel Therapeutics,BTAI,US,1.06,-,3.64%,-5.73/-,-,-3.64,-,-,-,-,2869.91万,-6989.70万,制药,1.88%,13.08%,-
857,BT Brands,BTBD,US,1.83,-,3.02%,-0.11/-,-,0.55,-,-,-,-,1126.31万,-68.78万,酒店餐饮与休闲,0.58%,4.22%,1.75
858,比特数字,BTBT,US,1.62,-,3.80%,-0.31/-,-,2.53,-,-,-,-,5.29亿,-8031.66万,软件,3.64%,49.75%,0.74
859,BTCS,BTCS,US,1.88,-,4.86%,-1/-,-,1.62,-,-,-,-,9357.77万,-3335.34万,软件,1.52%,21.69%,0.681
860,BTC Digital,BTCT,US,1.33,-,10.08%,-0.68/-,-,3.1,-,-,-,-,1265.76万,-484.40万,信息技术服务,2.78%,1.43%,0.343
861,Bitdeer,BTDR,US,12.06,-,5.51%,0.32/44.32,-,-0.82,-,-,-,-,29.07亿,6559.70万,软件,3.46%,38.74%,3.35
862,Baytex Energy,BTE,US,4.58,http://www.baytex.ab.ca,1.52%,-0.57/-,"Baytex Energy Corp. is a Calgary, Alberta based oil and gas corporation engaged in the acquisition, development and production of oil and natural gas in the Western Canadian Sedimentary Basin. The company also has an emerging presence in the United States. As a result of changes to trust taxation laws in Canada which came into effect on January 1, 2011, Baytex converted its legal structure from a trust to a corporation and is executing a growth-and-income model. Baytex is committed to maintaining its production and asset base through internal property development and delivering consistent returns to its shareholders. Baytex currently pays a monthly dividend of C$0.20 per share. Baytex's common shares are traded on the Toronto Stock Exchange and the New York Stock Exchange under the symbol BTE.",-0.65,-,-,NYSE,-,33.58亿,-4.40亿,石油与天然气,3.85%,45.75%,1.93
863,B2gold,BTG,US,4.97,-,3.54%,0.3/16.54,-,0.4,-,-,AMEX,-,66.47亿,4.02亿,金属与采矿,2.70%,59.49%,1.85
864,BitGo Holdings,BTGO,US,10.69,-,7.16%,-0.38/-,-,-4.38,-,-,-,-,12.34亿,-1478.20万,信息技术服务,0.71%,0.00%,13.12
865,英美烟草,BTI,US,58.09,http://www.bat.com/,1.77%,4.72/12.08,英美烟草公司（British American Tobacco p.l.c.，简称BAT）是全球第二大烟草制造商，成立于1902年。BAT的产品遍布世界180多个国家和地区，控制50多个国家和地区的卷烟市场。在64个国家拥有81家卷烟厂，另有9个雪茄和手卷烟加工厂分布在7个国家，每年加工处理6.6亿公斤烟叶，年生产卷烟8500多亿支（1600多万箱），全球雇员（包括子公司及控股公司）9万多人。BAT也是世界500强的跨国公司，2002年列《财富》全球500强第271位。,1.41,-,-,AMEX,-,1261.66亿,104.40亿,烟草,0.17%,13.37%,2.04
866,Bitcoin Depot,BTM,US,7.29,-,18.27%,-0.86/-,-,-1.35,-,-,-,-,8273.10万,-618.20万,综合金融服务,7.34%,24.95%,6.75
867,biote,BTMD,US,2.28,-,4.05%,0.86/3.31,-,2.7,-,-,-,-,8959.54万,2704.50万,医疗保健服务,0.23%,49.26%,-
868,John Hancock,BTO,US,36.28,-,2.76%,3.53/10.27,-,-0.77,-,-,NYSE,-,7.19亿,7000.78万,资本市场,0.31%,18.59%,1.01
869,Armlogi Holding,BTOC,US,0.284,-,10.83%,-0.24/-,-,2.53,-,-,-,-,1290.58万,-1036.82万,航空货运与物流,9.92%,1.98%,0.696
870,比特起源,BTOG,US,2.01,-,8.96%,-0.28/-,-,0,-,-,-,-,321.11万,-653.40万,软件,8.57%,1.67%,0.823
871,BTQ Technologies,BTQ,US,3.09,-,6.87%,-0.13/-,-,-1.28,-,-,-,-,4.37亿,-1794.48万,软件,1.49%,12.77%,18.96
872,BrightSpring Health,BTSG,US,48.16,-,3.34%,0.94/48.79,-,2.03,-,-,-,-,93.03亿,1.91亿,医疗保健服务,1.51%,109.26%,4.96
873,贝莱德市政2030,BTT,US,22.89,-,0.70%,0.83/17.75,-,-0.22,-,-,NYSE,-,14.78亿,5356.61万,资本市场,0.07%,38.54%,0.937
874,Black Titan,BTTC,US,1.33,-,2.84%,-163173/-,-,-0.75,-,-,-,-,1329.22万,-16.32万,专业服务,0.86%,6.56%,-
875,皮博迪能源,BTU,US,26.6,http://www.peabodyenergy.com,3.97%,-0.43/-,Peabody Energy Corp 是美国煤炭供应巨头。,-2.78,-,-,NYSE,-,32.41亿,-5290.00万,石油与天然气,1.74%,99.64%,0.916
876,BlackRock Technology,BTX,US,7.94,-,3.15%,0.04/195,-,4.06,-,-,AMEX,-,16.94亿,868.65万,资本市场,0.45%,13.02%,1.85
877,贝莱德信贷分配收入,BTZ,US,10.34,-,0.97%,1.1/9.43,-,0.19,-,-,NYSE,-,9.65亿,1.02亿,资本市场,0.19%,36.66%,0.911
878,百威英博,BUD,US,72.57,http://www.ab-inbev.com/,0.90%,3.45/20.71,百威英博（Anheuser Busch Inbev）是啤酒行业全球最大的企业，旗下有世界最大的啤酒酿造公司，美国第二大铝制啤酒罐制造厂等。品牌包括英博(Inbev)、百威(Budweiser)等,0.48,-,-,NYSE,-,1415.66亿,68.37亿,饮料,0.07%,5.54%,1.62
879,Buda Juice,BUDA,US,9.65,-,4.00%,0.28/34.32,-,-1.03,-,-,-,-,1.21亿,353.30万,饮料,0.08%,-,32.49
880,贝莱德公用事业信托,BUI,US,27.46,-,0.97%,4.56/6.39,-,0.96,-,-,NYSE,-,6.61亿,1.04亿,资本市场,0.30%,19.20%,1.12
881,微牛,BULL,US,6.9,-,3.88%,-1.23/-,-,-0.14,-,-,-,-,36.68亿,-4.88亿,资本市场,3.76%,37.76%,3.61
882,Burford Capital,BUR,US,4.88,-,10.60%,0.29/17.07,-,8.93,-,-,NASDAQ,-,10.68亿,6257.20万,资本市场,1.59%,60.03%,0.436
883,伯灵顿百货,BURL,US,331.77,-,2.52%,9.69/34.16,-,0.65,-,-,NYSE,-,208.45亿,6.10亿,专营零售,0.66%,108.46%,11.53
884,Nuburu,BURU,US,0.314,-,19.95%,-2.25/-,-,-15.36,-,-,-,-,4854.08万,-7174.96万,电子设备与仪器,75.59%,3.92%,-
885,First Busey,BUSE,US,26.18,http://www.busey.com,1.56%,1.49/17.84,"First Busey Corporation is a $3.6 billion financial holding company headquartered in Champaign, Illinois. Busey Bank, First Busey Corporation’s wholly-owned bank subsidiary, also headquartered in Champaign, Illinois, has thirty full-service and four teller service branches serving downstate Illinois, a commercial service branch in Indianapolis, Indiana, and seven full-service branches serving southwest Florida. Busey Bank had total assets of $3.6 billion as of December 31, 2010.",-0.3,-,-,NASDAQ,-,22.36亿,1.25亿,商业银行,0.71%,62.58%,0.906
886,BUUU,BUUU,US,14.1,-,0.00%,0.05/296.3,-,-3.42,-,-,-,-,2.35亿,79.34万,商业服务与用品,0.02%,0.00%,235
887,Brightview Holdings,BV,US,12.35,-,1.68%,-0.26/75.06,"美国用户点评及社交商务平台Bazaarvoice通过SaaS(软件即服务)模式，为百思买、加州蓝盾、好事多、宝洁等众多知名品牌网站的用户点评平台和社交电子商务功能提供支持服务。

Bazaarvoice作为一个在线点评整理引擎，能够整合来自网络、Facebook、Twitter和其他社交平台的用户点评。Bazaarvoice还能将零售商的产品点评同步到购物比价引擎中去。

2011年8月27日，Bazaarvoice向SEC提交IPO申请，拟上市融资8600万美元。Morgan Stanley, Deutsche Bank, and Credit Suisse 为主承销商。",-1.28,-,-,NASDAQ,-,11.63亿,-2420.00万,商业服务与用品,0.61%,97.84%,0.928
888,BitVentures,BVC,US,10.24,-,9.90%,-/-,-,-3.49,-,-,-,-,8601.60万,-536.90万,信息技术服务,0.17%,0.04%,8.84
889,BV Financial,BVFL,US,20.28,-,2.82%,1.44/13.15,-,1.2,-,-,-,-,1.77亿,1349.50万,综合金融服务,0.17%,38.32%,0.966
890,布埃纳文图拉开采,BVN,US,32.76,http://www.buenaventura.com/,4.54%,1.57/19.23,"Buenaventura is Peru's largest publicly-traded precious metals company and a major holder of mining rights in Peru. The Company is engaged in the mining, processing, development and exploration of gold, silver and other metals via wholly-owned mines, as well as through its participation in joint exploration projects.

Buenaventura currently operates seven mines in Peru (Orcopampa, Uchucchacua, Antapite, Julcani, Recuperada, Shila-Paula and Ishihuinca), has controlling interests in one mining company (El Brocal) and minority interests in other mining companies in Peru.",2.5,-,-,NYSE,-,83.12亿,3.99亿,金属与采矿,0.58%,41.52%,2.24
891,Bioventus,BVS,US,10.09,-,5.36%,0.34/37.03,-,3.91,-,-,-,-,8.42亿,2273.20万,生命科学工具,0.83%,77.14%,4.57
892,Babcock & Wilcox,BW,US,14.5,-,9.71%,-0.48/-,-,-7.41,-,-,NYSE,-,19.68亿,-5101.80万,电气设备,3.20%,69.30%,-
893,博格华纳,BWA,US,56.29,http://www.borgwarner.com/en/default.aspx,2.07%,1.29/41.87,"BorgWarner is a global technology leader in powertrain solutions.  We focus on developing leading powertrain technologies that improve fuel economy, emissions and performance.",0.27,-,-,NYSE,-,115.99亿,2.77亿,汽车零配件,0.85%,105.38%,2.13
894,Brainsway,BWAY,US,16.37,-,3.75%,0.2/86.51,-,3.94,-,-,-,-,6.55亿,757.50万,医疗保健设备,0.28%,14.86%,8.96
895,Bridgewater,BWB,US,18.36,-,2.32%,1.53/10.26,-,-0.86,-,-,-,-,5.11亿,1639.30万,商业银行,0.29%,61.44%,0.967
896,Broadwind,BWEN,US,2.58,-,5.64%,0.23/11.52,-,-3.01,-,-,NASDAQ,-,6038.26万,524.20万,电气设备,0.41%,31.45%,0.911
897,Bankwell Financial,BWFG,US,50.56,http://www.mybankwell.com,3.26%,4.49/10.18,"Bankwell Financial Group is  a bank holding company, headquartered in New Canaan, Connecticut and offer a broad range of financial services through our banking subsidiary, Bankwell Bank, or the Bank, a Connecticut state commercial bank founded in 2002. Our primary market is the greater Fairfield County, Connecticut area, which we serve from our main office located in New Canaan, Connecticut and six branch offices located throughout the Fairfield County area. According to the U.S. Department of Commerce Bureau of Economic Analysis data for 2012, Fairfield County is located in the second wealthiest metropolitan statistical area in the United States. As of December 31, 2013, on a consolidated basis, we had total assets of approximately $779.6 million, total loans of approximately $632.0 million, total deposits of approximately $661.5 million, and shareholders’ equity of approximately $69.5 million.",0.38,S1/F1,-,NASDAQ,-,4.03亿,1127.50万,商业银行,1.15%,45.51%,1.29
898,BrandywineGLOBAL,BWG,US,8.02,-,1.12%,0.92/8.7,-,-0.25,-,-,NYSE,-,1.35亿,1547.25万,资本市场,0.27%,44.55%,0.876
899,The Baldwin Group,BWIN,US,25.13,-,2.97%,-0.5/-,-,-0.59,-,-,-,-,35.98亿,-3381.30万,保险,0.79%,82.65%,5.99
900,Bw Lpg,BWLP,US,18.55,-,1.52%,1.6/11.62,-,0.65,-,-,-,-,28.16亿,2.42亿,海运,0.17%,8.01%,1.54
901,Bowman Consulting,BWMN,US,31.86,-,2.97%,0.74/44.62,-,1.3,-,-,-,-,5.46亿,1222.80万,建筑与工程,0.44%,65.86%,2.09
902,Betterware,BWMX,US,17.12,-,10.76%,1.55/9.82,-,-2.06,-,-,-,-,6.39亿,1560.19万,多元化零售,1.24%,13.45%,7.76
903,BWX Technologies,BWXT,US,223.15,-,3.25%,3.59/62.15,-,-1.05,-,-,NYSE,-,204.43亿,3.29亿,航空航天与国防,0.94%,92.12%,16.59
904,黑石,BX,US,121.65,http://www.blackstone.com,2.27%,0.83/29.94,黑石集团（Blackstone Group）又名佰仕通集团，是一家全球领先的另类资产管理机构；也同时提供金融咨询服务。,-0.56,-,212-583-5000,NYSE,-,914.24亿,6.50亿,资本市场,0.68%,68.78%,10.92
905,布鲁林克斯,BXC,US,58.35,http://bluelinxco.com,4.91%,0.02/2096,"As the country’s largest distributor of building products, BlueLinx provides service and flexible distribution options to customers and supplier partners.",1.46,-,-,NYSE,-,4.59亿,21.90万,贸易与经销,0.97%,98.21%,0.744
906,黑石抵押信托,BXMT,US,20.08,-,1.63%,0.64/30.92,-,0.7,-,-,NYSE,-,33.88亿,1.10亿,抵押型REITs,0.50%,61.33%,0.968
907,BXP,BXP,US,57.73,http://www.bostonproperties.com/site/index.aspx,2.22%,1.75/33.09,"Boston Properties, a self-administered and self-managed real estate investment trust, is one of the largest owners, managers, and developers of first-class office properties in the United States, with a significant presence in four core markets: Boston, Washington, D.C., Midtown Manhattan and San Francisco. The Company was founded in 1970 by Mortimer B. Zuckerman and Edward H. Linde in Boston, where it maintains its headquarters. Boston Properties became a public company in June 1997.",1.28,-,-,NYSE,-,91.60亿,2.77亿,写字楼房地产投资信托,1.20%,112.99%,1.78
908,Blackstone Secured,BXSL,US,23.4,-,2.80%,2.46/9.65,-,-1.35,-,-,-,-,54.35亿,5.63亿,资本市场,1.79%,38.64%,0.87
909,Byline Bancorp,BY,US,33.03,-,5.97%,2.9/10.76,-,-0.09,-,-,-,-,15.00亿,3757.90万,商业银行,1.03%,51.39%,1.17
910,朴荷生物,BYAH,US,1.06,-,1.85%,-41.38/-,-,-1.85,-,-,-,-,341.38万,-2436.48万,个人用品,0.28%,0.45%,0.855
911,博伊德赌场,BYD,US,83.88,http://www.boydgaming.com/,6.27%,1.37/3.44,博伊德赌场是自1975年开始经营的跨司法管辖区博彩公司。总部设在拉斯维加斯，该公司在内华达州，伊利诺伊州，印第安纳州，爱荷华州，堪萨斯州，路易斯安那州和密西西比州有21家全资赌场，另外，拥有新泽西州一家有限责任公司50％的非控股权益。,-5.91,-,-,NYSE,-,63.17亿,1.06亿,酒店餐饮与休闲,6.37%,72.90%,2.42
912,百老汇金融,BYFC,US,8,-,0.00%,-3.23/-,-,2.68,-,-,NASDAQ,-,7443.31万,-2779.50万,商业银行,0.03%,25.52%,0.66
913,Beyond Meat,BYND,US,0.873,-,17.58%,1.15/2.27,-,-8.11,-,-,-,-,4.05亿,1.78亿,食品,26.27%,28.68%,-
914,Byrna Technologies,BYRN,US,6.15,-,3.28%,0.04/15.81,-,0.82,-,-,-,-,1.40亿,80.10万,航空航天与国防,2.95%,64.47%,2.1
915,万春医药,BYSI,US,1.705,http://www.beyondspringpharma.com/zh/,5.72%,-0.02/-,万春药业是一家由曾求学加州伯克利的中国“千人计划”获得者黄岚博士创立并领衔的新药研发公司，拥有1.1类创新抗肿瘤药普那布林（Plinabulin）的中国及全球专利。连同普那布林，万春药业拥有由多个高效小分子及多肽分子构成的抗肿瘤新药研发产品线。,2.71,S1/F1,(646) 305-6387,NASDAQ,-,7010.93万,-100.60万,制药,0.01%,14.60%,-
916,BOSS直聘,BZ,US,13.62,-,2.21%,0.44/16.59,-,2.18,-,-,-,-,64.91亿,3.91亿,软件,0.60%,38.31%,2.26
917,Blaize Holdings,BZAI,US,2.01,-,12.50%,-1.98/-,-,4.69,-,-,-,-,2.47亿,-2.07亿,软件,7.97%,23.63%,6.32
918,BuzzFeed,BZFD,US,0.744,-,8.20%,-1.53/-,-,5.23,-,-,-,-,2800.32万,-5772.40万,互动媒体与服务,0.56%,9.16%,0.568
919,贝哲房屋,BZH,US,22.45,http://www.beazer.com/,2.84%,-1.13/67.18,"Beazer Homes USA, Inc., headquartered in Atlanta, is one of the top ten homebuilders in the United States, based on number of homes closed.",-0.53,-,-,NYSE,-,6.62亿,-3259.70万,耐用消费品,1.01%,83.03%,0.552
920,宝尊电商,BZUN,US,2.79,http://www.baozun.com/,3.96%,-0.2/-,宝尊是一家集电商运营及电商服务为一体的公司，公司主要为品牌提供网站建设、线上推广、线上运营、IT及仓储物流服务、客服等全方位解决方案。,0.36,S1/F1,-,NASDAQ,-,1.62亿,-3461.98万,信息技术服务,0.39%,6.10%,0.311
921,花旗,C,US,127.98,-,1.21%,3.39/13.62,-,-0.41,-,-,NYSE,-,2182.83亿,57.85亿,商业银行,0.40%,80.78%,1.14
922,Corporacion America,CAAP,US,25,-,2.08%,1.53/16.67,-,0,-,-,-,-,41.30亿,2.48亿,交通基本设施,0.64%,14.79%,2.6
923,中汽系统,CAAS,US,4.47,http://www.caasauto.com,4.32%,0.49/4.6,中国汽车系统是中国汽车动力转向系统及零部件的处于领导地位的供应商，通过旗下的七家中外合资企业开展运营。公司拥有十年以上的动力转向器制造经验，目前年生产能力达壹佰万台套。公司致力于研制生产各种型号的乘用车及商务车转向系统零部件，现可生产四大系列，307种型号的动力转向部件，产品涵盖齿轮齿条动力转向器、回圈球动力转向器、电动及手动转向器、转向管柱、转向油泵以及转向油管。,1.59,-,86-27-59818509,NASDAQ,"中国湖北省武汉市关山一路一号华中软件园恒隆大楼,434000",1.35亿,1474.70万,汽车零配件,0.48%,4.22%,0.377
924,Cabaletta Bio,CABA,US,2.95,-,6.23%,-2.1/-,-,-3.28,-,-,-,-,3.28亿,-1.68亿,生物科技,2.03%,68.72%,2.93
925,Cable One,CABO,US,103,-,15.19%,-63.21/-,-,-10.26,-,-,NYSE,-,5.84亿,-3.56亿,媒体,6.21%,107.66%,0.408
926,Caring Brands,CABR,US,1.12,-,12.04%,-0.46/-,-,3.7,-,-,-,-,1382.25万,-627.82万,个人用品,-,0.86%,6.63
927,卡姆登国家银行,CAC,US,49.68,-,2.77%,3.86/12.94,-,-0.4,-,-,NASDAQ,-,8.43亿,6516.00万,商业银行,0.41%,71.49%,1.21
928,Credit Acceptance,CACC,US,514.11,-,2.29%,37.02/13.03,-,-0.7,-,-,-,-,55.25亿,4.24亿,消费信贷,1.31%,72.32%,3.63
929,CACI国际,CACI,US,516.54,http://www.caci.com/,3.85%,17.19/21.25,"CACI provides professional services and IT solutions needed to prevail in the areas of defense, intelligence, homeland security, and IT modernization and government transformation.",-1.89,-,-,NYSE,-,114.11亿,3.79亿,信息技术服务,1.98%,94.24%,2.67
930,Candel Therapeutics,CADL,US,6.5,-,9.30%,-0.72/-,-,-7.67,-,-,-,-,4.76亿,-3818.20万,生物科技,2.87%,32.36%,9.17
931,CAE,CAE,US,25.32,http://www.charteris.com,2.07%,0.55/29.72,"CAE is a world leader in providing simulation and modelling technologies and integrated training solutions for the civil aviation industry and defence forces around the globe. With annual revenues exceeding C$1.5 billion, CAE employs more than 7,500 people at more than 100 sites and training locations in more than 20 countries.",-0.32,-,-,NYSE,-,81.48亿,1.75亿,航空航天与国防,0.30%,75.42%,2.16
932,Cantor Equity III,CAEP,US,10.44,-,0.10%,0.17/101.6,-,-0.1,-,-,-,-,3.66亿,360.46万,资本市场,1.31%,97.47%,-
933,Morgan Stanley China,CAF,US,18.425,-,1.86%,4.14/4.45,"CAF,摩根士丹利于2006年9月25日发行的中国指数封基，是第一个在美国注册并专注投资于中国A股市场的基金，通过QFII通道直接持有A股股票，走势与上证指数正向相关。更多资料可查询：https://www.etf.com/CAF",0.96,-,-,NYSE,-,3.13亿,7026.70万,资本市场,0.25%,78.49%,0.947
934,康尼格拉,CAG,US,14.17,http://www.conagrafoods.com/,3.02%,-0.63/-,"康尼格拉(CAG)是一家集研制与开发优质保健品、营养食品为一体的大型跨国集团公司，也是北美首屈一指的食品服务生产商和第二大零售食品供给商。集团公司拥有33个国际著名品牌，分成许多子公司，分别负责饮食服务、蔬菜产品、冷冻食品、乳制品、冷藏成品、肉类产品、家禽产品以及贸易。康尼格拉公司最著名的向家庭提供的品牌有Healthy Choice, Butterball, Banquet, Hunt's等。",-1.67,-,-,NYSE,-,67.79亿,-2.99亿,食品,2.64%,85.70%,0.83
935,卡地纳健康,CAH,US,199.85,http://www.cardinal.com/,2.63%,3.87/28.3,卡地纳健康集团于1979年在俄亥俄州成立。卡地纳健康公司是一家全球性的综合医疗保健服务和产品的公司，主要为医院系统、药店、门诊外科中心、临床实验室和医师办事处提供药品和医疗产品服务。,-2.38,-,-,NYSE,-,470.28亿,9.17亿,医疗保健服务,0.60%,88.75%,-
936,Caris Life Sciences,CAI,US,20.2,-,3.06%,-3.22/-,-,2.07,-,-,NYSE,-,57.10亿,-5.38亿,医疗保健服务,0.69%,51.64%,9.89
937,起司工坊,CAKE,US,61.72,http://www.thecheesecakefactory.com,2.78%,3.17/20.71,起司工坊于美国特拉华州注册成立，旨在巩固餐厅和面包商店业务，这些业务由其前身The Cheesecake Factory开设于1992年。该公司的业务经营起源于1972年，当时Oscar 和Evelyn Overton在洛杉矶地区创办了一家小面包店。它还经营两家面包店生产设施，其主要用于向公司自营或许可经营的餐厅提供芝士蛋糕等焙烤食品。此外，该公司依靠消费者的品牌意识，通过将商品销售给外部客户充分利用面包店生产能力。,-0.26,-,-,NASDAQ,-,30.73亿,1.48亿,酒店餐饮与休闲,1.60%,114.00%,7.04
938,Caleres,CAL,US,13.54,https://caleres.com/,3.50%,-0.21/-,"Caleres, Inc.于1878年成立，并于1913年注册。其经营范围涉及鞋业，当前业务包括零售鞋店和电子商务网站的运作，以及女鞋、男鞋和童鞋的采购及营销。该公司还设计、采购并在多个分销渠道销售众多知名批发品牌鞋业，如娜然、Dr. Scholl’s、Via Spiga、王薇薇薰衣草、山姆爱德曼、佛朗哥萨托、Avia、 ryk和LifeStride。除了零售和批发业务，该公司拥有强大的电子商务网站：FamousFootwear.com、Naturalizer.com和Shoes.com。其目标是成为最被看好和最有价值的鞋履品牌 .",-1.31,-,-,NYSE,-,4.57亿,-669.20万,纺织服装与奢侈品,1.40%,92.39%,0.759
939,CalciMedica,CALC,US,0.585,-,3.62%,-1.97/-,-,0.86,-,-,-,-,921.02万,-2956.20万,生物科技,1.16%,23.24%,-
940,卡尔梅尔食品,CALM,US,76.24,http://www.calmainefoods.com/,1.33%,7.37/5.2,Cal Maine Foods是美国最大鸡蛋经销商。,0.08,-,-,NASDAQ,-,36.12亿,3.53亿,食品,1.12%,90.12%,1.34
941,Calix,CALX,US,43.38,http://www.calix.com,3.42%,0.17/81.66,"It is a leading provider of communications access systems and software that enable communications service providers, or CSPs, to connect to their residential and business subscribers. It enables CSPs to provide a wide range of revenue-generating services, from basic voice and data to advanced broadband services, over legacy and next-generation access networks. In addition, our solutions are designed to minimize the capital and operational costs of CSP networks. It focuses solely on CSP access networks, the portion of the network which governs available bandwidth and determines the range and quality of services that can be offered to subscribers. It develops and sell carrier-class hardware and software products, which it refers to as our Unified Access Infrastructure portfolio, that are designed to enhance and transform CSP access networks to meet the changing demands of subscribers rapidly and cost-effectively.",1.62,-,707-766-3000,NYSE,"1035 N. McDowell Boulevard, Petaluma, CA, 94954, US",27.67亿,1121.00万,通信设备,2.89%,92.73%,3.75
942,卡拉威高尔夫,CALY,US,15.31,-,2.54%,-2.23/-,-,1.12,-,-,-,-,27.86亿,-4.09亿,休闲设备与用品,0.94%,80.68%,1.35
943,CAMP4 Therapeutics,CAMP,US,4.44,-,9.64%,-2.65/-,-,0,-,-,-,-,2.31亿,-8040.30万,生物科技,0.40%,73.55%,4.83
944,康特科技,CAMT,US,203,http://www.camtek.co.il/,5.87%,1.11/186.3,"Camtek designs, develops, manufactures and markets technologically advanced, cost-effective systems and related software products that are used to enhance processes and yields. 
Camtek provides intelligent automated optical inspection (AOI) systems to the Semiconductor Manufacturing and Packaging, IC Substrates, and Printed Circuit Board (PCB) industries. 


Camtek addresses the specific needs of each industry with dedicated solutions, based on a common core of intelligent imaging technologies.",3.63,-,-,NASDAQ,-,94.49亿,5072.20万,半导体产品与设备,1.15%,48.15%,15.31
945,嘉楠科技,CAN,US,0.516,-,4.56%,-0.03/-,-,2.38,-,-,-,-,3.97亿,-2.10亿,半导体产品与设备,0.83%,1.43%,0.908
946,Can-fite Biopharma,CANF,US,2.91,-,5.33%,-5.97/-,-,0,-,-,AMEX,-,623.48万,-982.80万,制药,0.33%,1.49%,1.11
947,灿谷,CANG,US,0.421,-,15.81%,-2.2/-,-,-2.09,-,-,-,-,1.73亿,-6.22亿,软件,0.29%,2.46%,0.435
948,CrossAmerica,CAPL,US,20.87,-,1.82%,1.03/20.35,-,0,-,-,NYSE,-,7.96亿,3911.30万,石油与天然气,0.17%,23.64%,-
949,Cayson,CAPN,US,-,-,-,0.21/52.31,-,-,-,-,NASDAQ,-,8566.02万,163.75万,资本市场,-,107.20%,-
950,Capricor,CAPR,US,35.27,-,6.73%,-2.26/-,-,4.16,-,-,NASDAQ,-,20.40亿,-1.05亿,生物科技,1.86%,47.50%,6.67
951,Capstone Holding,CAPS,US,0.424,-,9.38%,-4.12/-,-,1.92,-,-,NASDAQ,-,485.64万,-2193.50万,建筑产品,9.79%,1.16%,0.391
952,Cambridge,CAQ,US,9.9,-,0.00%,-/-,-,0.3,-,-,-,-,3.09亿,-6.32万,资本市场,0.00%,-,-
953,安飞士,CAR,US,204,http://www.carclo.co.uk/,18.51%,-25.25/-,Avis Budget Group 由Avis Car Rental 和 Budget Rent A Car两大租车品牌合并而来；是美国四大租车公司之一。安飞士（Avis）成立于1946年，Budget成立于1958年；除了轿车经营卡车业务（Budget Truck Rental）。公司旗下安飞士品牌已在中国开展业务。,-10.97,-,-,NASDAQ,-,72.06亿,-8.89亿,公路与铁路,18.61%,133.07%,-
954,Carter Bankshares,CARE,US,24.11,-,3.54%,1.38/4.94,-,1.05,-,-,-,-,5.34亿,8575.70万,商业银行,1.10%,52.94%,1.06
955,CarGurus,CARG,US,37.62,-,1.89%,1.58/21.76,-,0.37,-,-,-,-,33.93亿,1.56亿,信息技术服务,1.48%,102.37%,9.07
956,Carlsmed,CARL,US,10.21,-,6.65%,-2.12/-,-,1.29,-,-,-,-,2.78亿,-3021.80万,医疗保健设备,1.17%,17.25%,2.81
957,开利全球,CARR,US,60.97,-,2.78%,1.74/34.32,-,-0.93,-,-,-,-,509.36亿,14.84亿,建筑产品,0.71%,83.78%,3.69
958,Cars.com,CARS,US,11.15,-,3.80%,0.32/31.71,-,3.43,-,-,-,-,6.36亿,2005.20万,信息技术服务,2.12%,99.97%,1.35
959,Maplebear,CART,US,42.17,http://www.carolinatrust.com/,2.95%,1.68/22.79,Carolina Trust Bank opened in 2000 to serve the community banking needs of Lincolnton and Lincoln County,-1.17,-,-,NASDAQ,-,99.82亿,4.38亿,多元化零售,1.13%,80.59%,3.96
960,Pathward Financial,CASH,US,88.04,http://www.bankmeta.com/,4.18%,1.57/9.94,"Meta Financial Group, Inc. (MFG) is the holding company for MetaBank, a federally chartered savings bank. 

MFG shares are traded on the NASDAQ Global MarketR under the symbol ""CASH."" MFG operates under a super-community banking philosophy that allows the Company to grow while maintaining its community bank roots, with localized decision making and customer service.",0.43,-,-,NASDAQ,-,18.78亿,1.08亿,商业银行,1.42%,96.38%,2.21
961,卡斯信息系统,CASS,US,49.29,http://www.cassinfo.com,7.38%,2.66/18.1,"With total assets exceeding $1 billion, Cass is a business process outsourcer focused on invoice processing, audit and payment - as well as related business intelligence services.",5.01,-,-,NASDAQ,-,6.33亿,883.20万,专业服务,1.13%,57.15%,2.62
962,FreeCast,CAST,US,2.13,-,33.93%,-0.14/-,-,26.79,-,-,-,-,8702.64万,-564.63万,互动媒体与服务,1.02%,-,-
963,Casey's,CASY,US,799.55,-,1.60%,14.87/45.46,-,1.23,-,-,NASDAQ,-,295.51亿,5.52亿,多元化零售,1.01%,87.41%,7.67
964,卡特彼勒,CAT,US,830.79,-,1.54%,18.9/43.51,美国卡特彼勒公司(NYSE: CAT）成立于1925年，卡特彼勒公司总部位于美国伊利诺州。是世界上最大的工程机械和矿山设备生产厂家、燃气发动机和工业用燃气轮机生产厂家之一，也是世界上最大的柴油机厂家之一。,-0.53,-,-,NYSE,-,3865.56亿,88.84亿,机械制造,0.49%,70.90%,18.13
965,加图商场,CATO,US,2.89,-,2.09%,-0.31/-,Cato Corp is a leading specialty retailer of women's fashions and accessories,0.7,-,-,NYSE,-,5685.81万,-590.90万,专营零售,0.09%,33.69%,0.361
966,Perspective,CATX,US,4.51,-,7.54%,-1.4/-,-,0,-,-,-,-,5.14亿,-1.03亿,医疗保健设备,1.55%,31.37%,2.48
967,国泰万通金控,CATY,US,54.38,-,2.62%,4.55/10.95,"Cathay General Bancorp (NASDAQ: CATY) is the holding company for Cathay Bank, a California state-chartered bank. Founded in 1962, Cathay Bank offers a wide range of financial services. Cathay Bank currently operates thirty-one branches in California, eight branches in New York State, one in Massachusetts, two in Texas, three in Washington State, three in the Chicago, Illinois area, one in New Jersey, one in Hong Kong and a representative office in Taipei and in Shanghai.",-1.57,-,-,NASDAQ,-,36.42亿,8688.60万,商业银行,0.80%,74.49%,1.22
968,CAVA Group,CAVA,US,95.68,-,3.45%,0.55/174.7,-,2.76,-,-,-,-,111.35亿,6374.30万,酒店餐饮与休闲,2.46%,94.78%,14.28
969,安达保险,CB,US,326.12,-,1.99%,5.94/11.21,美国丘博保险集团（CB）是美国四大上市保险公司之一，是全球最大的非寿险保险公司之一，集团的总收入在世界保险机构位于前10位。集团旗下子公司—美国联邦保险于2000年9月在上海正式营业，主要经营财产及责任保险业务。,-2.03,-,-,NYSE,-,1266.96亿,23.20亿,保险,0.49%,90.69%,1.72
970,科勒尼,CBAN,US,19.89,http://www.colonybank.com,2.20%,1.59/14.1,"For more than a century, Colony Bank has helped create the tradition of community banking throughout Central and South Georgia.",-0.45,-,-,NASDAQ,-,4.21亿,820.40万,商业银行,2.10%,54.36%,1.11
971,中比能源,CBAT,US,0.825,-,2.70%,-0.1/-,-,1.23,-,-,-,-,7313.28万,-937.81万,电气设备,0.08%,2.35%,0.649
972,Central Bancompany,CBC,US,25.94,-,3.51%,1.75/15.95,-,1.21,-,-,-,-,62.33亿,3.91亿,商业银行,1.85%,12.17%,1.65
973,CB金融服务,CBFV,US,35.2,-,1.34%,0.97/26.02,-,0.23,-,-,NASDAQ,-,1.79亿,386.70万,商业银行,0.07%,43.97%,1.12
974,Crescent,CBIO,US,24.8,http://www.catalystbiosciences.com,9.53%,-12.81/-,"Catalyst Biosciences, Inc.成立于1997年3月7日，位于特拉华州，是一家生物制药公司，参与新型NNR疗法的研发，用于治疗各种疾病和神经系统紊乱症。公司的NNR疗法有选择性地针对神经元烟碱受体（NNRs）。工厂位于加利福尼亚北部温斯顿-塞灵姆。在多年专注于NNR领域的基础上，公司相信有选择地接作用于特定NNR亚类型受体的复合药物通过调节NRR的活动具有达到积极疗效的潜力。公司已经建立起大面积的专利场地，覆盖了对小分子的构建和医疗使用，通过利用有选择性地影响特定的NNR亚类型受体达到调节身体内部活动的小分子。公司在任务有严重医疗需要和商业潜力的领域具有多个临床阶段的产品替代物，同时与AstraZeneca公司也有不断的合作。",-3.5,S1/F1,1-650-2668674,NASDAQ,-,6.84亿,-1.54亿,生物科技,1.21%,86.17%,3.44
975,Commercial Bancgroup,CBK,US,28.84,http://www.christopherandbanks.com/,2.61%,2.95/10.62,"Christopher & Banks is a specialty women's apparel retailer serving the baby boomer woman and her desire for style, fit and value in everything she wears",-0.83,-,-,NYSE,-,3.95亿,3719.62万,商业银行,0.28%,49.11%,1.38
976,CBL & Associates,CBL,US,44.35,http://www.cblproperties.com,2.13%,4.41/10.25,"CBL & Associates Properties, Inc. is a real estate investment trust (REIT) listed on the New York Stock Exchange under the symbol, “CBL”. CBL is one of the largest mall REITs in the United States and owns, holds interests in or manages 158 properties including 85 market dominant enclosed malls and open-air centers from coast to coast. CBL is an active developer of new regional malls, open-air centers, lifestyle and community centers.",-1.51,-,-,NYSE,-,13.72亿,1.34亿,零售房地产投资信托,0.46%,77.78%,3.66
977,CeriBell,CBLL,US,21.18,-,2.26%,-1.46/-,-,0.57,-,-,-,-,8.02亿,-5341.20万,医疗保健技术,0.69%,73.23%,5.16
978,Chain Bridge Bancorp,CBNA,US,35.1,-,1.25%,3.08/11.38,-,-1.9,-,-,-,-,2.30亿,2023.70万,商业银行,0.20%,68.12%,1.36
979,Capital Bancorp,CBNK,US,31.37,-,1.21%,3.45/8.95,-,-0.22,-,-,-,-,5.12亿,5717.00万,商业银行,0.29%,40.61%,1.27
980,芝加哥期权交易所,CBOE,US,303.81,-,2.21%,-/0.0000,-,1.23,-,-,NASDAQ,-,318.22亿,-,--,0.63%,-,0.0000
981,世邦魏理仕,CBRE,US,148.29,-,2.29%,1.08/33.1,-,-0.68,-,-,-,-,434.22亿,3.18亿,房地产管理和开发Ⅲ,0.61%,98.09%,4.84
982,CB乡村店,CBRL,US,29.36,http://www.crackerbarrel.com,4.26%,-1.05/-,"Cracker Barrel Foundation seeks to strengthen and preserve our community by supporting programs in the areas of education, human services, cultural affairs and the environment. Special consideration is given to programs that address children, youth and family issues, and emphasize traditional values such as hard work, education and self-reliance.",-0.64,-,-,NASDAQ,-,6.56亿,-2334.00万,酒店餐饮与休闲,4.65%,99.79%,1.54
983,科默斯银行,CBSH,US,50.56,http://www.commercebank.com,2.60%,0.96/12.81,"Commerce Bank, a Missouri-based company with headquarters in Kansas City and St. Louis, operates in five states: Missouri, Kansas, Illinois, Oklahoma and Colorado. Commerce Bank, with over $18.8 billion in assets, provides financial services for businesses and individuals.",-1.96,-,-,NASDAQ,-,73.81亿,1.42亿,商业银行,0.73%,64.02%,1.72
984,卡博特,CBT,US,76.85,http://www.cabot-corp.com/,2.39%,1.38/12.9,"Founded in 1882, Cabot Corporation is a global performance materials company, headquartered in Boston, Massachusetts. Their primary products are rubber and specialty grade carbon blacks, inkjet colorants, fumed metal oxides, aerogel, tantalum and related products, and cesium formate drilling fluids, among others.",0.73,-,-,NYSE,-,40.13亿,7300.00万,化学制品,0.48%,98.73%,2.55
985,Community Financial,CBU,US,62.32,-,1.47%,3.98/15.62,-,-1.27,-,-,NYSE,-,32.74亿,2.10亿,商业银行,0.30%,75.23%,1.63
986,Cibus,CBUS,US,1.5,-,7.59%,-2.78/-,-,3.45,-,-,-,-,1.15亿,-1.27亿,化学制品,0.84%,15.73%,5.24
987,CBIZ,CBZ,US,30.67,http://www.cbiz.com,5.86%,1.84/14.56,"CBIZ (NYSE: CBZ) is a professional services company, providing a comprehensive range of business services, products and solutions that help our clients grow and succeed by better managing their finances and employees.",3.23,-,-,NYSE,-,16.81亿,1.15亿,专业服务,1.56%,101.69%,0.954
988,The Chemours,CC,US,26.61,-,10.54%,-2.57/-,-,10,-,-,NYSE,-,39.94亿,-3.86亿,化学制品,2.92%,90.51%,15.98
989,Crescent Capital,CCAP,US,13.22,-,1.67%,0.93/14.16,-,0.15,-,-,-,-,4.89亿,3450.90万,商业银行,0.30%,56.83%,0.692
990,Coastal Financial,CCB,US,82.27,-,2.29%,3.12/26.67,-,-1.93,-,-,-,-,12.53亿,4699.30万,商业银行,0.70%,84.97%,2.55
991,Capital City Bank,CCBG,US,46.15,-,1.27%,3.61/13.08,-,-0.3,-,-,-,-,7.92亿,1581.70万,商业银行,0.55%,49.85%,1.41
992,CCC Intelligent,CCC,US,4.98,http://www.computacenter.com,4.28%,0.0000/7094,"Calgon Carbon Corporation (NYSE:CCC), a global manufacturer and supplier of activated carbon and innovative treatment systems, provides value-added technologies and services for optimizing production processes and safely purifying the environment. With the most advanced research and development capabilities plus 16 carbon manufacturing, reactivation and fabrication facilities and 21 sales and service centers, Calgon Carbon is the world's largest manufacturer of granular activated carbon with production and operations in North America, Europe and Asia.",3.97,-,-,NYSE,-,29.23亿,41.20万,软件,2.36%,118.34%,1.64
993,C4 Therapeutics,CCCC,US,2.88,-,8.08%,-1.27/-,-,-3.03,-,-,-,-,2.81亿,-1.05亿,生物科技,2.61%,81.07%,1.1
994,Calamos Dynamic,CCD,US,24.29,-,1.51%,4.95/4.91,-,0.25,-,-,NASDAQ,-,6.57亿,1.34亿,资本市场,0.17%,15.24%,1.08
995,Capital Clean Energy,CCEC,US,19.81,-,3.00%,2.28/6.85,-,-5.62,-,-,-,-,11.70亿,1.71亿,海运,0.05%,0.42%,0.781
996,Cryo-Cell,CCEL,US,3.67,-,14.83%,0.01/-,-,-6.14,-,-,-,-,2956.24万,4.71万,医疗保健服务,0.20%,7.17%,-
997,可口可乐欧洲太平洋,CCEP,US,98.06,-,1.24%,5/19.32,-,0.75,-,-,-,-,440.38亿,22.79亿,饮料,0.89%,33.24%,4.79
998,车车科技,CCG,US,0.717,-,2.95%,-0.03/-,-,0.84,-,-,-,-,5997.21万,-254.38万,保险,0.25%,0.97%,1.18
999,CCH Holdings,CCHH,US,0.514,-,7.05%,0.0000/29.82,-,0.59,-,-,-,-,1128.23万,-3.47万,酒店餐饮与休闲,2.84%,0.24%,1.72
1000,冠城,CCI,US,86.34,-,3.14%,0.34/35.55,-,-1.35,-,-,NYSE,-,376.44亿,1.51亿,专业房地产投资信托,0.66%,97.67%,-
1001,Carlyle Credit,CCIF,US,3.2,-,1.24%,-0.28/-,-,-0.93,-,-,-,-,6783.56万,-1369.50万,资本市场,0.33%,12.62%,0.619
1002,Cohen Circle II,CCII,US,10.26,-,0.10%,0.21/81.73,-,0,-,-,-,-,3.56亿,435.55万,资本市场,0.22%,83.42%,-
1003,Churchill,CCIX,US,10.76,-,0.19%,0.23/46.1,-,0.09,-,-,-,-,3.94亿,855.67万,资本市场,0.13%,94.99%,-
1004,Cameco,CCJ,US,122.15,http://www.cameco.com,2.98%,0.99/123.7,Cameco is one of the world's largest uranium producers accounting for about 16% of the world's production from its mines in Canada and the US.,-1.37,-,-,NYSE,-,532.00亿,4.30亿,石油与天然气,0.53%,62.67%,10.57
1005,皇冠控股,CCK,US,101.13,http://www.crowncork.com,2.63%,6.41/15.38,Crown has a long history of leading the industry with innovative packaging technology.,-1.7,-,-,NYSE,-,113.51亿,7.38亿,容器与包装,0.80%,104.39%,3.78
1006,嘉年华邮轮,CCL,US,27.17,http://phx.corporate-ir.net/phoenix.zhtml?c=140690&p=irol-index,2.89%,0.19/10.87,"嘉年华邮轮公司(Carnival Cruise Lines)成立于1972年，总部设在美国佛罗里达州的迈阿密市。”嘉年华游轮“以“Fun Ship”（快乐游轮）作为主要的产品诉求来区别丽星邮轮等竞争对手，现在已经发展成为全球第一的超级豪华邮轮公司，被业界誉为“邮轮之王”。

嘉年华下属公主邮轮（Princess Cruises），荷美邮轮（Holland America）、歌诗达邮轮（Costa Cruise Line）、冠达邮轮（Cunard Line 其前身白星邮轮拥有泰坦尼克号邮轮）、世朋邮轮以及风之颂邮轮等。

邮轮上的秀场节目与娱乐设施应有尽有，让旅客在船上宛如天天参加嘉年华盛会。",1.95,-,-,NYSE,-,336.64亿,2.58亿,酒店餐饮与休闲,1.52%,69.83%,2.58
1007,CareCloud,CCLD,US,3.05,-,2.99%,0.1/33.3,-,1.33,-,-,-,-,1.30亿,389.20万,医疗保健技术,0.39%,25.22%,2.18
1008,泰和诚医疗,CCM,US,-,http://www.concordmedical.com/cn/,-,-0.03/-,泰和诚医疗集团有限公司(CMS Holdings Ltd.)是目前亚洲规模最大、专业能力最强、从业时间最长的医疗投资服务商及相关医疗中心的运营商。我们在中国的管理总部位于北京，并在北京、深圳和上海设有运营管理机构，在中国肿瘤诊断治疗领域赢得了良好的声誉，并形成越来越广泛的影响。2009年12月11日，该公司首次公开募股（IPO）融资1.32亿美元，在纽交所挂牌交易。（1ADS=3普通股）,-,S1/F1,86-10-59036688,NYSE,北京市东城区北三环东路36号环球贸易中心A座18层，100013,1984.69万,-378.79万,医疗保健设备,0.00%,0.00%,-
1009,CNB金融,CCNE,US,30.17,http://www.bankcnb.com,1.66%,2.5/14.46,"CNB Financial Corp. provides a full range of banking activities and services for individual, business, governmental and institutional customers through its wholly owned subsidiary, CNB. These activities and services principally include checking, savings, time and deposit accounts, real estate, commercial, industrial, residential and consumer loans, as well as a variety of other specialized financial services. The company also provides trust services, including the administration of trusts and estates, retirement plans and other employee benefit plans. The company's market area is in the central region of the state of Pennsylvania.",-1.05,-,-,NASDAQ,-,8.94亿,6182.90万,商业银行,0.39%,60.58%,1.1
1010,清晰频道户外控股,CCO,US,2.39,http://www.clearchanneloutdoor.com,0.42%,0.04/60.7,Clear Channel Outdoor (NYSE:CCO) is the world’s largest outdoor advertising company with close to one million displays in over 50 countries across 5 continents.,0,-,-,NYSE,-,12.10亿,1993.90万,媒体,0.66%,74.50%,-
1011,Cogent通讯,CCOI,US,24.47,http://www.cogentco.com,5.19%,-3.8/-,Cogent is a multinational Tier-1 Internet Service Provider consistently ranked as one of the top five networks in the world.,2.09,-,-,NASDAQ,-,12.26亿,-1.82亿,综合电信业务,1.13%,97.34%,-
1012,Cross Country,CCRN,US,10.06,http://www.crosscountryhealthcare.com,3.01%,-2.93/-,Cross Country Healthcare is a diversified leader in healthcare staffing services offering a comprehensive suite of staffing and outsourcing services to the healthcare market.,1,-,-,NASDAQ,-,3.24亿,-9485.20万,医疗保健服务,0.93%,81.49%,1
1013,Century Communities,CCS,US,59.81,http://www.centurycommunities.com,4.35%,0.84/12.97,"Century Communities is engaged in the development, design, construction, marketing and sale of single-family attached and detached homes in the greater Denver, Colorado metropolitan area and, more recently, in the greater Austin and San Antonio, Texas and Las Vegas, Nevada metropolitan areas, under the Century Communities name. In many of our projects, in addition to building homes, we are responsible for the entitlement and development of the underlying land.",0.88,S1/F1,-,NYSE,-,17.21亿,2440.90万,房地产管理和开发Ⅲ,1.29%,90.46%,0.674
1014,Consensus Cloud,CCSI,US,26.72,-,4.69%,4.39/5.96,-,3.49,-,-,-,-,5.04亿,8452.70万,软件,0.52%,99.10%,36.6
1015,CCSC Technology,CCTG,US,0.624,-,13.83%,-0.08/-,-,10.64,-,-,-,-,244.20万,-97.11万,电子设备与仪器,10.54%,1.25%,0.245
1016,智利CCU,CCU,US,11.45,-,2.95%,0.35/16.45,-,2.32,-,-,NYSE,-,21.15亿,1.29亿,饮料,0.10%,13.48%,1.31
1017,Churchill Capital XI,CCXI,US,10.25,-,0.05%,0.03/1494,"ChemoCentryx is a biopharmaceutical company focused on discovering, developing and commercializing orally-administered therapeutics to treat autoimmune diseases, inflammatory disorders and cancer. Our approach has been to target the chemokine system, a network of molecules including chemokine ligands and their associated receptors, as well as related chemo-attractant receptors, all of which are known to drive inflammation. Chemokine ligands concentrate at the site of an inflammatory event, serving as signals that attract and guide inflammatory cells to the tissue, where, based on the chemokine ligand and receptor combination, a specific inflammatory response is initiated.",0,S1/F1,-,NASDAQ,-,5.71亿,38.21万,资本市场,0.02%,-,-
1018,长实数字,CD,US,5.21,-,4.74%,-0.08/-,-,0.77,-,-,-,-,4.14亿,-509.78万,综合金融服务,0.12%,6.22%,9.4
1019,科尔黛伦矿业,CDE,US,19.31,http://www.coeur.com/,3.47%,0.96/21.15,"Coeur d’Alene Mines Corporation is the largest U.S.-based primary silver producer and a growing gold producer. The Company has three new, large precious metals mines generating signifantly higher production, sales and cash flow in continued strong metals markets.  In 2011, Coeur will realize the first full year of production and cash flow from all three of its new, 100%-owned mines:  San Bartolomé in Bolivia; the Palmarejo silver/gold mine in Mexico, and the Kensington Gold Mine in Alaska.  In addition, the Company is expecting new production from its long-time flagship Rochester mine in Nevada.  The Comapny also owns non-operating interest a low-cost mine in Australia, and conducts ongoing exploration activities near its operations in Argentina, Mexico and Alaska.",2.39,-,-,NYSE,-,123.94亿,5.86亿,金属与采矿,1.79%,73.35%,3.74
1020,Cardio Diagnostics,CDIO,US,1.82,-,4.95%,-3.71/-,-,0,-,-,-,-,538.62万,-649.82万,生物科技,1.08%,4.32%,0.772
1021,Cadeler,CDLR,US,26.38,-,2.93%,0.94/7.04,-,2.49,-,-,-,-,23.15亿,3.29亿,海运,0.07%,0.81%,1.44
1022,Cardlytics,CDLX,US,0.93,-,6.91%,-1.95/-,-,-4.12,-,-,-,-,5121.58万,-1.03亿,专业服务,1.23%,38.85%,-
1023,CareDx,CDNA,US,21.23,http://www.caredxinc.com,8.13%,-0.4/-,"CareDx is a commercial stage company that develops, markets and delivers a diagnostic surveillance solution for heart transplant recipients to help clinicians make personalized treatment decisions throughout a patient’s lifetime. Our commercialized testing solution, the AlloMap heart transplant molecular test, or AlloMap, is a blood-based test used to monitor heart transplant recipients for acute cellular rejection. We believe the use of AlloMap, in conjunction with other clinical indicators, can help healthcare providers and their patients better manage long-term care following a heart transplant. In particular, we believe AlloMap can improve patient care by helping healthcare providers to avoid the use of unnecessary, invasive surveillance biopsies and to determine the appropriate dosage levels of immunosuppressants. We believe there is a significant unmet need for non-invasive post-transplant surveillance solutions and we are applying our expertise in transplantation towards the development of additional solutions for organ transplant recipients, including recipients of heart and kidney transplants.",5.83,S1/F1,-,NASDAQ,-,10.87亿,-2135.40万,医疗保健设备,1.25%,103.20%,3.59
1024,Cardinal Infrastruct,CDNL,US,48.29,-,5.82%,0.06/91.25,-,-0.52,-,-,-,-,20.70亿,2268.61万,商业服务与用品,-,88.90%,35.4
1025,铿腾电子,CDNS,US,332.89,http://www.cadence.com/,4.91%,4.09/82.88,卡得斯设计主要开发电子相关决方案。其客户使用这些解决方案来设计更小、更复杂的集成电路（IC）和电子设备。该公司的解决方案旨在帮助客户缩短将IC或电子设备打入市场的时间，并减少他们的设计，开发和制造成本。,5.9,-,-,NASDAQ,-,919.08亿,11.09亿,软件,1.21%,84.44%,16.79
1026,COPT Defense,CDP,US,32.11,-,1.68%,1.35/23.9,-,0.6,-,-,-,-,36.41亿,1.52亿,写字楼房地产投资信托,0.72%,108.85%,2.4
1027,Cadre Holdings,CDRE,US,29.46,-,3.42%,1.08/28.52,-,1.31,-,-,-,-,12.59亿,4413.90万,航空航天与国防,1.49%,74.37%,3.96
1028,Codere Online,CDRO,US,8.97,-,3.34%,-0.08/-,-,1.36,-,-,-,-,4.09亿,-281.66万,酒店餐饮与休闲,0.05%,12.13%,12.3
1029,CDT,CDT,US,2.75,-,7.43%,-1177.89/-,-,-7.09,-,-,-,-,1336.05万,-3922.40万,生物科技,1.79%,0.01%,-
1030,城道通环保,CDTG,US,0.338,-,14.71%,-0.11/-,-,-0.59,-,-,-,-,457.14万,-126.22万,商业服务与用品,0.36%,0.42%,0.119
1031,CDW,CDW,US,135.32,-,2.70%,8.13/16.24,"CDW Corp 是美国一家科技产品零售商；向企业、政府和卫生保健客户出售计算机、软件和其他产品。

2007年，私募股权公司Madison Dearborn Partners LLC和Providence Equity Partners Inc.斥资73亿美元收购了CDW。在它被私有化后，这家公司仍旧亏损了三年。

2013年6月14日，CDW提交IPO申请，拟上市融资7.38亿美元。",-0.84,-,-,NASDAQ,-,173.18亿,10.67亿,电子设备与仪器,0.88%,95.61%,6.65
1032,Codexis,CDXS,US,2.62,-,6.94%,-0.5/-,"Their proprietary technology platform enables the creation of optimized biocatalysts that make existing industrial processes faster, cleaner and more efficient than current methods and has the potential to make new industrial processes possible at commercial scale. We have commercialized our biocatalysts in the pharmaceutical industry and are developing biocatalysts for use in producing advanced biofuels under a multi-year research and development collaboration with Shell. We are also using our technology platform to pursue biocatalyst-enabled solutions in other bioindustrial markets, including carbon management, water treatment and chemicals.",3.97,-,-,NASDAQ,-,2.38亿,-4397.40万,制药,2.09%,71.53%,4.71
1033,加的斯,CDZI,US,4.72,http://www.cadizinc.com,5.39%,-0.48/-,"Founded more than 25 years ago, Cadiz Inc. [kay' - deez] is a renewable resource company based in Los Angeles operating under the principle of sustainability and responsible stewardship.",0.64,-,-,NASDAQ,-,3.94亿,-3923.40万,水务,4.17%,44.78%,16.92
1034,塞拉尼斯,CE,US,65,http://www.celanese.com/,4.05%,-10.64/-,"Celanese Corporation is a global technology and specialty materials company. They are one of the world’s largest producers of acetyl products, which are intermediate chemicals, for nearly all major industries, as well as a leading global producer of high performance engineered polymers that are used in a variety of high-value applications.",-0.35,-,-,NYSE,-,71.22亿,-11.65亿,化学制品,1.34%,99.62%,1.76
1035,CECO环保,CECO,US,64.885,http://www.careered.com/,2.55%,1.42/46.5,"The colleges, schools and universities that are part of the Career Education Corporation (CEC) family offer high-quality education to a diverse student population of over 116,000 students across the world in a variety of career-oriented disciplines. The approximately 90 campuses that serve these students are located throughout the U.S. and in France, Italy, and the United Kingdom, and offer doctoral, master’s, bachelor’s and associate degrees and diploma and certificate programs. Nearly 40 percent of our students attend the Web-based virtual campuses of American InterContinental University, Colorado Technical University, International Academy of Design & Technology and Le Cordon Bleu North America",0.13,-,-,NASDAQ,-,23.28亿,5005.10万,商业服务与用品,1.49%,88.72%,7.33
1036,The Central,CEE,US,20.24,-,2.62%,5.47/3.7,-,1.1,-,-,NYSE,-,1.31亿,3530.29万,资本市场,0.25%,20.55%,1.25
1037,Constellation Energy,CEG,US,313.53,-,7.85%,7.4/48.98,-,7.09,-,-,-,-,1135.90亿,23.19亿,电力,1.06%,69.59%,7.82
1038,Celcuity,CELC,US,121.03,-,13.22%,-3.79/-,-,6.58,-,-,-,-,58.50亿,-1.77亿,生物科技,2.78%,99.52%,58.19
1039,Celsius Holdings,CELH,US,34.59,-,3.96%,0.25/139.2,-,1.95,-,-,NASDAQ,-,88.86亿,6383.70万,饮料,2.95%,63.89%,7.52
1040,Celularity,CELU,US,1.11,-,11.79%,-2.74/-,-,-0.89,-,-,-,-,3200.99万,-6741.30万,生物科技,0.21%,7.62%,-
1041,Creative Medical,CELZ,US,2.3,-,4.91%,-2.52/-,-,2.68,-,-,-,-,850.23万,-599.50万,生物科技,0.53%,3.22%,1.13
1042,Cenntro,CENN,US,4.22,-,5.76%,-87.21/-,-,5.76,-,-,-,-,618.32万,-7298.18万,汽车,3.20%,6.74%,0.153
1043,Central Garden & Pet,CENT,US,38.49,http://www.central.com,1.81%,0.11/15,"Central Garden & Pet is for Central to be a high-performing growth company that innovates, markets and produces quality branded products that are #1 or #2 in their respective categories.",1.24,-,-,NASDAQ,-,23.35亿,684.10万,居家用品,0.34%,90.76%,1.48
1044,Central Garden&Pet A,CENTA,US,34.75,-,2.25%,0.11/13.54,-,1.58,-,-,NASDAQ,-,21.08亿,684.10万,居家用品,0.34%,94.53%,1.34
1045,世纪铝业,CENX,US,60.74,http://www.centuryaluminum.com,4.29%,0.42/150.3,"The company owns and operates a 244,000 tonne plant at Hawesville, KY, a 170,000 tonne plant at Ravenswood, WV and the plant at Grundartangi, Iceland. Century also owns a 49.67-percent interest in a 222,000 tonne reduction plant at Mt. Holly, SC. Alcoa Inc. owns the remainder and is the operating partner.",1.45,-,-,NASDAQ,-,60.12亿,4000.00万,金属与采矿,1.65%,102.00%,7.46
1046,Cantor Equity IV,CEPF,US,10.28,-,0.39%,0.23/95.81,-,0.19,-,-,-,-,5.88亿,613.20万,资本市场,0.00%,90.50%,2056
1047,Cantor Equity,CEPO,US,10.59,-,0.76%,-0.27/-,-,0,-,-,-,-,2.70亿,-665.69万,资本市场,0.10%,78.17%,-
1048,Cantor Equity VI,CEPS,US,10.15,-,0.00%,-0.03/-,-,-0.1,-,-,-,-,1.49亿,-6.36万,资本市场,0.01%,1.00%,-
1049,Cantor,CEPT,US,11.08,-,2.62%,0.0000/19344,-,0.18,-,-,-,-,3.39亿,1.75万,资本市场,2.94%,67.21%,1.41
1050,Central Puerto,CEPU,US,14.48,-,3.43%,0.16/9.24,-,-0.55,-,-,-,-,21.92亿,2.37亿,独立电力生产商,-,0.39%,1.25
1051,Cantor Equity V,CEPV,US,10.21,-,0.10%,0.13/263.8,-,0.1,-,-,-,-,3.25亿,123.02万,资本市场,0.05%,86.99%,1.29
1052,Cerus,CERS,US,1.98,-,5.26%,-0.08/-,-,4.21,-,-,-,-,3.97亿,-1562.70万,医疗保健设备,0.63%,75.95%,6.17
1053,Certara,CERT,US,6.32,-,6.50%,-0.01/-,-,5.33,-,-,-,-,9.69亿,-159.50万,软件,3.08%,90.14%,0.912
1054,Central Securities,CET,US,53.05,-,0.69%,9.17/5.91,-,0.17,-,-,AMEX,-,15.68亿,2.65亿,资本市场,0.45%,13.28%,0.877
1055,Cemtrex,CETX,US,1.1,-,4.46%,-7.9/-,-,-1.79,-,-,NASDAQ,-,1108.59万,-2055.61万,电子设备与仪器,2.18%,22.93%,0.381
1056,Clean Energy,CETY,US,0.796,-,4.40%,-0.93/-,-,0,-,-,-,-,968.42万,-352.23万,电力,1.03%,1.28%,1.37
1057,Eaton Vance Californ,CEV,US,10.31,-,0.56%,0.0000/13223,-,0.05,-,-,AMEX,-,7251.62万,5484.00,资本市场,0.13%,18.52%,0.92
1058,Ceva,CEVA,US,28.87,http://www.ceva-dsp.com,14.71%,-0.44/-,Ceva INC于1999年11月22日在美国特拉华州注册成立。该公司于2002年11月更名为ParthusCeva公司，于2003年12月更名为CEVA公司。该公司于2002年11月通过Parthus科技有限公司（Parthus）与DSP集团公司的数字信号处理器（DSP）内核授权业务的合并而成立。该公司在合并前并无任何业务或营运。CEVA授权一系列可编程DSP内核和应用程序特定的平台，包括通信（无线，Wi-Fi和蓝牙），视觉和图像信号处理，音频，语音，串行ATA（SATA）和串列SCSI（SAS）。 CEVA的技术以知识产权的形式（IP）授权给全球领先的半导体和原始设备制造商（OEM）企业。这些公司设计，制造，营销和销售应用程序特定的集成电路（ASIC）和基于CEVA技术的特定应用标准产品（ASSP）。该公司将这类产品出售给OEM公司，以纳入更广泛的终端产品。,17.17,-,-,NASDAQ,-,8.04亿,-1063.80万,信息技术服务,6.01%,89.34%,2.39
1059,CF实业,CF,US,120.93,http://www.cfindustries.com/,3.58%,8.98/12.77,CF工业控股(CF)是一家知名氮肥生产商。,-3.71,-,-,NYSE,-,185.77亿,14.55亿,化学制品,1.87%,103.65%,3.84
1060,CF Bankshares,CFBK,US,29.41,http://www.cfbankonline.com,1.65%,2.7/11.11,"CFBank has its roots in the clay-rich soil of Wellsville, Ohio, where it was founded in 1892 as Central Federal Savings & Loan. For the first 110 years, CFBank was based in Columbiana County, with its headquarters in Wellsville and an office in nearby Calcutta.",-0.03,-,-,NASDAQ,-,1.89亿,1700.10万,综合金融服务,0.44%,58.10%,1.02
1061,C&F金融,CFFI,US,75.52,-,1.06%,8.29/8.69,-,1.25,-,-,NASDAQ,-,2.45亿,674.70万,商业银行,0.08%,44.06%,0.924
1062,国会联邦金融,CFFN,US,7.69,http://www.capfed.com,0.84%,0.16/13.71,"Capitol Federal is the premier residential lender in Kansas and boasts more than $8 billion in assets.  In addition to single-family residential lending, construction loans and other consumer loans, Capitol Federal offers a variety of retail deposit accounts, including checking, savings, money market, IRA and certificates of deposit.  With 35 traditional branches and 10 in-store locations, the Bank has a network that extends across the state of Kansas. 

CapFed was founded in 1893 and is headquartered in Topeka, Kansas.",-0.77,-,-,NASDAQ,-,9.99亿,2027.90万,商业银行,0.73%,77.39%,0.959
1063,Citizens Financial G,CFG,US,63.79,http://www.citizensbank.com,2.45%,1.14/14.83,"Citizens Financial Group is the 13th largest retail bank holding company in the United States according to SNL Financial with $122.2 billion of total assets as of December 31, 2013. Headquartered in Providence, Rhode Island, we deliver a broad range of retail and commercial banking products and services to approximately five million individuals, institutions and companies. Our approximately 18,600 employees strive to meet the financial needs of customers and prospects through approximately 1,370 branches and more than 3,500 ATMs operated in a 12-state footprint across the New England, Mid-Atlantic and Midwest regions and through our online, telephone and mobile banking platforms. We have over 80 retail and commercial non-branch offices located both in our geographic footprint and in five states and the District of Columbia outside our branch footprint. Our 12-state branch banking footprint contains approximately 34.6 million households and 3.6 million businesses according to SNL Financial.",-2.12,S1/F1,-,NYSE,-,271.76亿,4.84亿,商业银行,0.91%,96.92%,1.13
1064,C1 Fund,CFND,US,3.83,-,4.57%,-/0.0000,-,-2.79,-,-,-,-,3276.78万,-,资本市场,-,12.52%,0.0000
1065,库伦佛寺银行,CFR,US,141.4,https://www.frostbank.com/Pages/splash.aspx,3.18%,9.92/13.87,"One of the largest independent bank holding companies based in Texas, Cullen/Frost Bankers owns Frost National Bank through a second-tier holding company, the New Galveston Company. The community-oriented bank serves individuals and local businesses, as well as clients in neighboring parts of Mexico, through more than 100 branches in Texas metropolitan areas. It offers commercial and consumer deposit products and loans, trust and investment management services, mutual funds, insurance, capital markets and brokerage services, and international banking. Subsidiaries include Frost Insurance Agency, Frost Brokerage Services, Frost Investment Advisors, and investment banking arm Frost Securities.",-2.41,-,-,NYSE,-,89.03亿,6.42亿,商业银行,0.76%,86.92%,2.01
1066,凯雷集团,CG,US,48.32,http://www.carlyle.com/,2.90%,2.25/21.5,"凯雷投资集团创建于1987年，总部设立在美国首都华盛顿，是全球性另类资产管理公司，团队分布于非洲、亚洲、澳洲、欧洲、南美、中东及北美等多个国家和地区。

2012年5月3日，凯雷登陆纳斯达克，IPO发行3050万股，发行价22美元，融资6.7亿美元；摩根大通为其主承销商。",-1.45,S1/F1,-,NASDAQ,-,173.87亿,8.09亿,资本市场,0.96%,63.02%,3.02
1067,Centerra Gold,CGAU,US,18.97,-,2.68%,2.85/6.48,-,1.66,-,-,-,-,37.86亿,5.84亿,金属与采矿,0.51%,67.62%,1.84
1068,Carlyle Secured,CGBD,US,11.49,-,1.79%,1.02/11.74,-,0.09,-,-,-,-,8.12亿,6914.60万,资本市场,1.34%,38.05%,0.696
1069,Canopy Growth,CGC,US,1.185,-,7.38%,-0.28/-,-,-2.87,-,-,-,-,4.48亿,-7715.36万,制药,4.96%,11.40%,0.81
1070,Cartesian,CGCT,US,10.32,-,0.10%,0.25/57.25,-,0.1,-,-,-,-,3.56亿,621.91万,资本市场,0.24%,98.29%,-
1071,Cullinan,CGEM,US,13.22,-,6.10%,-3.36/-,-,2.08,-,-,-,-,8.00亿,-2.20亿,制药,1.44%,103.99%,1.96
1072,Compugen医疗,CGEN,US,3.1,http://www.cgen.com,9.76%,0.38/8.29,Compugen is a leading drug and diagnostic product candidate discovery company,6.16,-,-,NASDAQ,-,2.93亿,3534.30万,生物科技,1.35%,13.36%,2.85
1073,Cognyte Software,CGNT,US,9.59,-,2.70%,-0.01/-,-,1.48,-,-,NASDAQ,-,6.97亿,-63.80万,软件,0.56%,73.13%,3.37
1074,康耐视,CGNX,US,54.26,http://www.cognex.com,2.13%,0.68/79.19,"Cognex Corporation is the world’s leading provider of vision systems, vision software, vision sensors and surface inspection systems used in manufacturing automation.  Cognex is also a leader in industrial ID readers.",0.3,-,-,NASDAQ,-,90.62亿,1.14亿,电子设备与仪器,0.68%,95.82%,6.07
1075,Calamos Global Total,CGO,US,12.63,http://www.calamos.com/,1.19%,2.28/5.55,"The Fund seeks total return through a combination of capital appreciation and current income by investing in a globally diversified portfolio of equities, convertible securities and below-investment-grade (high-yield) fixed-income securities.",1.53,-,-,NASDAQ,-,1.24亿,2235.83万,资本市场,0.12%,23.59%,0.963
1076,CG Oncology,CGON,US,68.68,-,2.63%,-2.08/-,-,-1.73,-,-,-,-,57.99亿,-1.61亿,制药,0.91%,97.25%,7.71
1077,创智环球,CGTL,US,1.17,-,11.02%,-0.57/-,-,-7.87,-,-,-,-,3009.82万,-1336.97万,专营零售,0.52%,0.50%,1.67
1078,Cognition,CGTX,US,1.28,-,5.56%,-0.32/-,-,1.59,-,-,-,-,1.14亿,-2348.70万,制药,0.87%,23.79%,3.33
1079,霸王茶姬,CHA,US,10.74,http://www.chinatelecom-h.com,6.09%,0.9/12.62,中国电信集团公司是按照国家电信体制改革方案组建的特大型国有通信企业。中国电信作为中国主体电信企业和最大的基础网络运营商，拥有世界第一大固定电话网络，覆盖全国城乡、通达世界各地，成员单位包括遍布全国的31个省级企业，在全国范围内经营电信业务。主要经营国内、国际各类固定电信网络设施，包括本地无线环路；基于电信网络的语音、数据、图像及多媒体通信与信息服务；进行国际电信业务对外结算，开拓海外通讯市场；经营与通讯及信息业务相关的系统集成、技术开发、技术服务、信息咨询、广告、出版、设备生产销售和进出口、设计施工等业务；并根据市场发展需要，经营国家批准或允许的其他业务。,-1.65,-,86-10-58501309;86-10-58501336;86-10-58501508;86-10-66428166,NYSE,北京市西城区金融大街31号,20.49亿,1.62亿,饮料,0.47%,14.34%,1.95
1080,Core AI,CHAI,US,0.985,-,10.15%,-7.74/-,-,0,-,-,-,-,1962.36万,-1296.83万,无线电信业务,0.21%,0.62%,1.27
1081,Charlton Aria,CHAR,US,10.655,-,0.14%,0.21/40.08,-,0.14,-,-,-,-,1.17亿,231.63万,资本市场,0.13%,90.43%,-
1082,康斯托克控股,CHCI,US,17.05,http://www.comstockhomes.com,6.98%,1.69/10.21,"Since 1985 several thousand families have chosen to make a Comstock home, their home. Comstock is a leading homebuilder in the Washington, DC metropolitan area and the Raleigh-Durham area in North Carolina.",-2.46,-,-,NASDAQ,-,1.74亿,1705.10万,房地产管理和开发Ⅲ,0.74%,13.97%,2.49
1083,City Holding,CHCO,US,124.84,http://www.cityholding.com,3.65%,8.94/13.45,"Since 1985 several thousand families have chosen to make a Comstock home, their home. Comstock is a leading homebuilder in the Washington, DC metropolitan area and the Raleigh-Durham area in North Carolina.",-1.43,-,-,NASDAQ,-,17.62亿,3145.00万,商业银行,0.74%,73.28%,2.22
1084,社区医疗保健信托,CHCT,US,17.2,-,2.34%,0.08/96.32,-,0.76,-,-,NYSE,-,4.91亿,510.20万,医疗保健房地产投资信托,0.67%,76.57%,1.14
1085,丘奇＆德怀特,CHD,US,95.02,http://www.churchdwight.com/,1.06%,3.04/30.55,"Church & Dwight Co., Inc., founded in 1846, is the leading U.S. producer of sodium bicarbonate, popularly known as baking soda, a natural product that cleans, deodorizes, leavens and buffers. The Company ARM & HAMMER brand is one of the nation most trusted trademarks for a broad range of consumer and specialty products developed from the base of bicarbonate and related technologies.",0.47,-,-,NYSE,-,225.08亿,7.37亿,居家用品,0.90%,90.76%,5.62
1086,Churchill Downs,CHDN,US,101.55,http://www.churchilldownsincorporated.com,4.74%,1.16/18.18,丘吉尔唐斯公司（Churchill Downs）成立于1928年，总部位于肯塔基州；公司主要提供赛马投注、赌场博彩和娱乐服务；通过位于密西西比州的赌场和路易斯安那州及佛罗里达州的角子机和扑克业务提供博彩产品。,3.72,-,-,NASDAQ,-,70.78亿,8300.00万,酒店餐饮与休闲,4.23%,78.55%,6.46
1087,Chemed,CHE,US,421.11,-,9.99%,4.85/23.69,-,9.96,-,-,NYSE,-,61.54亿,6630.20万,医疗保健服务,4.61%,106.45%,7.26
1088,Chenghe III,CHEC,US,10.1,-,0.00%,0.14/160.3,-,0,-,-,-,-,1.74亿,108.84万,资本市场,0.02%,77.09%,1.41
1089,The Chefs' Warehouse,CHEF,US,65.47,-,3.72%,1.87/36.89,-,0.8,-,-,NASDAQ,-,26.70亿,7236.10万,食品与日用品零售,0.98%,95.94%,4.42
1090,Chegg,CHGG,US,1.03,http://www.chegg.com/,12.22%,-0.96/-,"Chegg is an academic company based in Santa Clara, CA, that specializes in online textbook rentals (both in physical and digital formats), homework help, and scholarships through Zinch. It is meant to help students in college. The company was created in the United States by three Iowa State University students in 2001. It was founded by entrepreneurs Osamn Rashid and Aayush Phumbhra.",5.75,S1/F1,-,NYSE,-,1.15亿,-1.03亿,综合消费者服务,1.21%,41.04%,0.963
1091,精选国际酒店,CHH,US,119.07,http://www.churchillchina.plc.uk/,2.56%,7.97/14.8,精选国际酒店（Choice Hotels International Inc）是全球知名的特许经营酒店品牌。,-0.78,-,-,NYSE,-,54.48亿,3.68亿,酒店餐饮与休闲,1.86%,70.81%,30.06
1092,Calamos转换收入基金,CHI,US,12.03,-,1.25%,2.22/5.43,-,0.17,-,-,NASDAQ,-,9.37亿,1.73亿,资本市场,0.12%,23.16%,1.06
1093,Check Point Software,CHKP,US,134.67,http://www.checkpoint.com,2.00%,9.85/13.28,Check Point 软件技术有限公司是以色列一家互联网安全解决方案供应商，在全球VPN及防火墙市场上居于领导地位，在企业和个人安全产品市场均有一定的市场份额。Check Point的Zone Labs部门是互联网安全领域中订购率最高的个人电脑安全套件之一，旗下有著名的安全软件产品ZoneAlarm,0.64,-,-,NASDAQ,-,140.37亿,10.57亿,软件,0.80%,75.52%,4.87
1094,Chemung Financial,CHMG,US,66.83,-,2.38%,3.14/17.62,-,0.8,-,-,NASDAQ,-,3.22亿,919.90万,商业银行,0.24%,43.63%,1.22
1095,Cherry Hill Mortgage,CHMI,US,2.6,-,1.55%,-0.09/-,-,0.78,-,-,-,-,9552.28万,-300.10万,房地产管理和开发Ⅲ,0.16%,17.04%,0.734
1096,中国天然资源,CHNR,US,4.13,http://www.chnr.net/,1.46%,-0.14/-,中国天然资源公司是从事矿产开采和加工，其核心资产是芜湖飞尚矿业发展有限公司，后者主要经营锌矿和铁矿的采选，拥有两座矿山。,0.24,-,852-28107205,NASDAQ,香港上环干诺道C200号信德中心西座25楼2105室,518.89万,-17.78万,金属与采矿,0.35%,0.08%,0.43
1097,ChowChow Cloud,CHOW,US,0.455,-,10.31%,-/7.2,-,-0.22,-,-,-,-,1597.05万,159.05万,软件,2.45%,0.61%,4.74
1098,ChampionsGate,CHPG,US,10.26,-,0.00%,0.18/87.18,-,-0.39,-,-,-,-,1.02亿,117.54万,资本市场,0.00%,82.14%,-
1099,ChargePoint,CHPT,US,6.89,-,6.31%,-9.41/-,-,-1.15,-,-,-,-,1.68亿,-2.20亿,专营零售,1.87%,21.11%,7.9
1100,悦享控股,CHR,US,1.67,-,4.91%,24.07/0.134,-,-3.47,-,-,-,-,344.37万,2561.70万,互动媒体与服务,2.04%,1.46%,0.009
1101,Chord Energy,CHRD,US,135.31,-,2.14%,0.74/172.5,-,-1.35,-,-,PINK,-,76.70亿,4445.90万,石油与天然气,0.83%,89.01%,0.949
1102,Coherus Oncology,CHRS,US,1.75,http://www.coherus.com,2.84%,1.43/1.61,"Coherus BioSciences is a late-stage clinical biologics platform company focused on the global biosimilar market. Biosimilars are an emerging class of protein-based therapeutics with high similarity to approved originator products on the basis of various physicochemical and structural properties, as well as in terms of safety, purity and potency. Our goal is to become a global leader in the biosimilar market by leveraging our team’s collective expertise in key areas such as process science, analytical characterization, protein production and clinical-regulatory development. Since our founding in 2010, we have advanced one product candidate into Phase 3 clinical development, two others into or through Phase 1 clinical development and entered into partnerships with two global pharmaceutical companies.",-0.57,S1/F1,-,NASDAQ,-,2.70亿,1.68亿,制药,0.71%,33.32%,4.42
1103,罗宾逊全球物流,CHRW,US,183.03,http://www.chrobinson.com/,1.89%,4.88/36.74,CH罗宾逊全球物流创建于1905年，是全球最大的第三方物流公司。通过在北美，南美及欧洲的办公网络，它提供全球多模式的运输服务及后勤解决方案。通过与汽运公司的合约，它拥有全美唯一的汽运能力最大的运输网络。罗宾逊公司的营收主要来自为供应商提供运输与物流服务，向客户提供的咨询服务以及支付服务。罗宾逊公司本身并不拥有卡车，它凭借由4.8万个运输商组建起来的全国运输网高效地为客户安排装运工作，是货车和卡车老板之间的“运输协调员”。,-0.39,-,-,NASDAQ,-,215.70亿,5.87亿,航空货运与物流,0.87%,102.13%,11.69
1104,香颂国际,CHSN,US,0.184,-,1.14%,0.03/57.91,-,-92.61,-,-,-,-,1086.13万,18.75万,食品与日用品零售,3.79%,0.00%,0.193
1105,中华电,CHT,US,43.05,-,1.33%,0.16/27.07,-,-0.3,-,-,NYSE,-,333.96亿,12.34亿,综合电信业务,0.01%,2.40%,2.86
1106,特许通讯,CHTR,US,180.13,-,23.46%,9.27/5.1,-,-25.5,-,-,NASDAQ,-,254.30亿,11.63亿,媒体,15.61%,78.88%,1.55
1107,Calamos Global,CHW,US,8.21,-,1.35%,1.45/5.66,"Calamos Investments is a diversified investment firm offering equity, fixed-income, convertible and alternative investment strategies, among others. With roots dating back to 1977, the firm serves institutions and individuals via separately managed accounts and a family of open-end and closed-end funds, providing a risk-managed approach to capital appreciation and income-producing strategies.",1.11,-,-,NASDAQ,-,5.24亿,9266.32万,资本市场,0.20%,30.89%,0.957
1108,Chewy,CHWY,US,26.02,-,4.85%,0.54/48.66,-,1.44,-,-,-,-,108.42亿,2.23亿,多元化零售,2.45%,170.41%,21.77
1109,Calamos Convertible,CHY,US,12.29,-,1.23%,2.35/5.23,"Calamos Investments is a diversified investment firm offering equity, fixed-income, convertible and alternative investment strategies, among others. With roots dating back to 1977, the firm serves institutions and individuals via separately managed accounts and a family of open-end and closed-end funds, providing a risk-managed approach to capital appreciation and income-producing strategies.",0.57,-,-,NASDAQ,-,9.73亿,1.86亿,资本市场,0.11%,16.70%,1.03
1110,Chime Financial,CHYM,US,22.54,-,3.30%,-4.27/-,-,-0.18,-,-,-,-,86.10亿,-10.10亿,综合金融服务,1.13%,79.87%,6.14
1111,信诺,CI,US,275.64,-,2.82%,22.33/12.2,美国信诺保险（CI）是世界上最大的保险、医疗和金融服务公司之一。按照会员数计算，信诺是美国第四大公开上市的健康保险商，但拥有比一些竞争对手更广泛的产品组合。该公司在美国经营医疗保险、团体残废保险，以及人寿保险业务，并在其它几个国家出售个人保险，此外还经营着一项外派业务，为居住在本国以外的人士提供保险。,-1.46,-,-,NYSE,-,726.75亿,59.57亿,医疗保健服务,0.62%,89.32%,1.74
1112,公民保险,CIA,US,5.71,-,4.76%,0.29/19.68,-,2.51,-,-,NYSE,-,2.87亿,1459.10万,保险,0.11%,27.37%,1.22
1113,Ciena科技,CIEN,US,520.8,-,4.26%,1.06/321.5,-,0.96,-,-,NYSE,-,736.40亿,1.50亿,通信设备,1.02%,105.63%,26.37
1114,MFS Intermediate,CIF,US,1.63,-,1.23%,0.14/11.29,-,0,-,-,NYSE,-,2918.02万,258.54万,资本市场,0.17%,11.72%,0.884
1115,Cipher Digital,CIFR,US,18.2,-,8.83%,-2.15/-,-,-2.62,-,-,-,-,73.88亿,-8.22亿,软件,8.79%,75.41%,9.17
1116,Energy Co,CIG.C,US,3.45,-,1.42%,0.32/3.69,-,-1.71,-,-,NYSE,-,33.00亿,8.94亿,电力,-,-,0.633
1117,高力国际集团,CIGI,US,108.8,-,3.58%,2.03/53.93,-,-1.87,-,-,NASDAQ,-,55.60亿,1.03亿,房地产管理和开发Ⅲ,0.35%,77.97%,3.63
1118,BlackRock Enhanced L,CII,US,23.77,-,1.70%,5.07/4.69,-,1.28,-,-,NYSE,-,9.74亿,2.08亿,资本市场,0.09%,21.36%,1.05
1119,Tianci,CIIT,US,1.48,-,9.66%,-0.03/-,-,2.07,-,-,-,-,535.59万,-66.80万,海运,11.83%,0.09%,2.06
1120,Credit Suisse Asset,CIK,US,2.56,-,1.37%,0.15/17.62,-,0,-,-,AMEX,-,1.40亿,797.13万,资本市场,1.47%,7.36%,0.9
1121,奇美拉投资,CIM,US,13.57,http://www.chimerareit.com/,1.95%,1.76/7.86,"Chimera Investment Corporation is a specialty finance Real Estate Investment Trust (REIT), that invests in residential mortgage loans, real estate-related securities and various other asset classes.",1.72,-,-,NYSE,-,11.35亿,1.44亿,抵押型REITs,0.66%,54.99%,0.441
1122,辛辛那提金融,CINF,US,164.48,-,1.69%,15.32/10.7,-,-2.2,-,-,NASDAQ,-,256.07亿,23.93亿,保险,0.41%,69.23%,1.61
1123,Cingulate,CING,US,5.47,-,7.65%,-4.44/-,-,-2.67,-,-,-,-,6701.06万,-2244.99万,制药,4.24%,4.46%,26.68
1124,CI&T,CINT,US,4.23,-,6.95%,0.31/14.01,-,1.44,-,-,-,-,5.69亿,4062.00万,信息技术服务,0.75%,315.72%,1.84
1125,CION Investment,CION,US,7.48,-,1.61%,-0.39/-,-,0.13,-,-,-,-,3.78亿,-2063.10万,资本市场,0.70%,39.00%,0.534
1126,CISO Global,CISO,US,0.273,-,13.77%,-0.3/-,-,10.53,-,-,-,-,1237.05万,-807.39万,信息技术服务,1.07%,4.67%,0.728
1127,C3is,CISS,US,0.422,-,9.53%,46.5/0.149,-,-1.86,-,-,-,-,156.14万,1047.32万,海运,21.41%,1.31%,0.016
1128,CitroTech,CITR,US,6.41,-,19.10%,-2.96/-,-,-11.59,-,-,-,-,1.23亿,-3683.76万,化学制品,1.06%,1.00%,10.9
1129,Civista Bancshares,CIVB,US,24.94,-,3.18%,2.64/10.16,-,1.67,-,-,NASDAQ,-,5.18亿,1498.90万,商业银行,0.64%,60.76%,0.939
1130,CompX国际,CIX,US,23.71,http://www.compx.com/,0.00%,1.58/15,"CompX International is a diversified manufacturer of engineered, quality components providing critical functionality to customers' products.",0.47,-,-,AMEX,-,2.92亿,1947.80万,机械制造,0.05%,6.73%,2.11
1131,Callan JMB,CJMB,US,1.03,-,13.21%,-1.82/-,-,-2.83,-,-,-,-,579.62万,-796.64万,航空货运与物流,-,12.21%,2.49
1132,CKX Lands,CKX,US,10.565,-,3.92%,1.47/7.21,-,4.6,-,-,AMEX,-,2169.13万,301.00万,房地产管理和开发Ⅲ,0.04%,7.94%,1.15
1133,高露洁,CL,US,84.65,http://www.colgate.com/,1.10%,2.64/31.85,高露洁是全球领先的日用消费品公司。公司在口腔护理、个人护理、家居护理和宠物食品等方面为大众提供高品质的消费品，其中有很多是广大消费者耳熟能详的全球著名品牌，如高露洁、棕榄等。,1.11,-,212-310-2000,NYSE,-,679.15亿,21.32亿,居家用品,0.70%,84.01%,1263
1134,Clarus,CLAR,US,2.73,-,5.39%,-1.21/-,-,1.49,-,-,-,-,1.05亿,-4655.60万,休闲设备与用品,0.52%,56.69%,0.534
1135,Core Laboratories,CLB,US,17.45,http://www.corelab.com,3.34%,0.64/27.08,"Core Laboratories is a leading provider of proprietary and patented reservoir description, production enhancement and reservoir management services for the global petroleum industry.",2.35,-,-,NYSE,-,8.04亿,2966.90万,能源设备与服务,1.01%,111.51%,3.02
1136,哥伦比亚金融,CLBK,US,18.17,-,0.94%,0.51/36.55,-,0.22,-,-,-,-,18.92亿,5176.60万,商业银行,0.64%,12.61%,1.63
1137,Colombier Acquisitio,CLBR,US,10.09,-,0.40%,0.0000/-,-,0.4,-,-,-,-,4.04亿,-4.79万,资本市场,1.84%,0.08%,-
1138,Cellebrite DI,CLBT,US,12.7,-,3.73%,0.32/40.44,-,-0.24,-,-,-,-,31.68亿,7832.60万,软件,1.63%,51.75%,6.54
1139,Calidi,CLDI,US,0.226,-,8.18%,-5.95/-,-,2.73,-,-,-,-,246.24万,-2557.90万,生物科技,29.93%,4.26%,0.655
1140,Chatham Lodging信托,CLDT,US,8.61,http://www.chathamlodgingtrust.com/,2.12%,0.14/57.02,"It is a self-advised hotel investment company organized in October 2009 to invest in premium-branded upscale extended-stay, upscale select-service, and full-service hotels. We expect that a significant portion of our portfolio will consist of hotels in the upscale extended-stay market, including brands such as Residence Inn by Marriott®, Homewood Suites by Hilton® and Summerfield Suites by Hyatt®.",1.29,-,-,NYSE,-,4.05亿,710.30万,酒店和度假村房地产投资信托,0.42%,93.80%,0.547
1141,塞德斯医疗,CLDX,US,33.29,http://www.celldextherapeutics.com,2.74%,-3.9/-,Celldex 是一家生物制药公司，专注于几种免疫治疗技术治疗癌症和其他难以治疗的疾病的开发和商业化。,-0.78,-,-,NASDAQ,-,25.60亿,-2.59亿,制药,0.78%,94.34%,4.86
1142,克利夫兰克里夫,CLF,US,9.76,http://www.cluffgold.com/,9.99%,-0.42/-,克利夫斯自然资源公司是一家国际性矿业和自然资源公司。作为标准普尔500指数的成员公司，该公司是全球主要的铁矿石生产商和高、低挥发性炼焦煤的优质生产商。,7.37,-,-,NYSE,-,55.67亿,-2.37亿,金属与采矿,3.44%,80.97%,0.956
1143,克利尔菲尔德通讯,CLFD,US,30.17,http://www.clearfieldconnection.com/,9.38%,-0.04/-,"Clearfield, Inc. designs and manufactures the FieldSmart Fiber Management Platform, which includes its latest generation Fiber Crossover Distribution System (FxDS), Fiber Scalability Center (FSC) and Fiber Delivery Point (FDP).

The FxDS, FSC and FDP product-lines support a wide range of panel configurations, densities, connectors and adapter options and is offered alongside an assortment of passive optical components. Clearfield provides a complete line of fiber and copper assemblies for controlled and outside plant environments.",-0.66,-,-,NASDAQ,-,4.13亿,-61.40万,通信设备,1.19%,61.21%,1.65
1144,Collplant,CLGN,US,0.416,-,13.73%,-0.94/-,-,16.53,-,-,-,-,599.67万,-1148.90万,生物科技,0.24%,11.23%,0.986
1145,Clean Harbors,CLH,US,308.99,http://www.cleanharbors.com/,1.26%,7.31/42.13,"As the leading provider of environmental, energy and industrial services and the largest hazardous waste disposal company in North America, Clean Harbors provides a broad range of hazardous and non-hazardous waste recycling, treatment and disposal, laboratory chemical packing and household hazardous waste management services.",-0.43,-,-,NYSE,-,164.73亿,3.91亿,商业服务与用品,0.62%,95.99%,6
1146,力奇服务,CLIK,US,2.75,-,14.19%,-1.6/-,-,-7.09,-,-,-,-,897.33万,-101.07万,专业服务,11.34%,0.02%,0.693
1147,ClearSign,CLIR,US,5,-,5.14%,-0.99/-,-,-3.1,-,-,NASDAQ,-,2704.36万,-549.60万,电子设备与仪器,0.13%,8.89%,2.84
1148,Cellectis,CLLS,US,3.89,-,4.07%,-0.67/-,-,-0.51,-,-,-,-,2.82亿,-6759.30万,生物科技,0.02%,14.66%,3.72
1149,Cornerstone Strategi,CLM,US,7.45,-,0.67%,1.06/7.1,-,0.4,-,-,AMEX,-,22.20亿,3.13亿,资本市场,0.33%,11.70%,1.11
1150,Climb Global,CLMB,US,21.13,-,3.88%,4.64/18.54,-,-0.56,-,-,-,-,3.89亿,2100.10万,软件,1.25%,72.01%,3.34
1151,Calumet,CLMT,US,30.59,http://www.calumetspecialty.com,5.83%,-0.39/-,"Calumet Specialty Products Partners is a leading refiner and processor of specialty hydrocarbon products. Operating six plants including operations in Northwest Louisiana, Pennsylvania, Texas and Illinois, Calumet's capacity has grown notably in the last decade.",-6.68,-,-,NASDAQ,-,26.63亿,-3380.00万,石油与天然气,2.07%,51.95%,-
1152,Clean Energy Fuels,CLNE,US,2.28,-,5.44%,-1.01/-,-,-4.6,-,-,NASDAQ,-,5.00亿,-2.22亿,石油与天然气,0.73%,47.32%,0.894
1153,Clene,CLNN,US,5.91,-,6.00%,-2.65/-,-,-3.9,-,-,-,-,6960.98万,-2617.30万,制药,0.65%,16.14%,-
1154,Clover Health,CLOV,US,2.43,-,4.58%,-0.17/-,-,1.25,-,-,-,-,12.75亿,-8554.90万,保险,1.06%,29.27%,4.13
1155,Clipper Realty,CLPR,US,3.34,-,5.50%,-1.38/-,-,2.14,-,-,NYSE,-,5392.95万,-1990.00万,权益型REITs,0.16%,28.25%,-
1156,华钦科技,CLPS,US,0.89,-,3.33%,0.0000/-,-,-1.11,-,-,-,-,2655.92万,8.30万,信息技术服务,0.02%,0.11%,0.459
1157,ClearPoint Neuro,CLPT,US,11.78,-,11.81%,-0.9/-,-,9.58,-,-,-,-,3.53亿,-2554.00万,医疗保健设备,2.12%,38.92%,12.61
1158,Cellectar,CLRB,US,2.76,-,4.67%,-8.35/-,-,-0.9,-,-,NASDAQ,-,1170.28万,-2179.10万,制药,0.35%,8.67%,1.46
1159,ClearOne通讯,CLRO,US,3.216,http://www.clearone.com/,2.40%,-14.77/-,ClearOne is the leading global provider of audio conferencing solutions.,2.91,-,-,NASDAQ,-,860.41万,-2608.40万,通信设备,1.87%,3.45%,-
1160,天弘科技,CLS,US,410.21,http://www.cheerfulscout.com/,4.50%,7.22/56.65,Celestica is dedicated to building solid partnerships and providing flexible solutions to enable our customers' success. We are adaptive and agile and help customers anticipate and prepare for unexpected changes.,4.75,-,-,NYSE,-,471.62亿,8.32亿,电子设备与仪器,1.79%,67.64%,21.28
1161,CleanSpark,CLSK,US,12.76,-,5.56%,-1.35/-,-,4.33,-,-,-,-,32.63亿,-3.79亿,软件,10.96%,78.62%,2.36
1162,Catalyst Bancorp,CLST,US,15.99,-,0.28%,0.56/31.62,-,0.14,-,-,-,-,6489.22万,205.20万,商业银行,0.10%,28.82%,0.794
1163,Clarivate,CLVT,US,2.45,-,7.40%,-0.3/-,-,-2,-,-,-,-,15.73亿,-2.01亿,信息技术服务,0.90%,88.09%,0.325
1164,克利尔沃特纸业,CLW,US,14.63,http://www.clearwaterpaper.com/,3.51%,-1.15/-,"Clearwater Paper manufactures quality paperboard, consumer tissue, away from home tissue, machine glazed tissue, hard roll sales and wood products",0.55,-,-,NYSE,-,2.35亿,-1860.00万,林业与纸制品,0.63%,85.56%,0.284
1165,欧陆科仪,CLWT,US,-,http://www.euro-tech.com/,-,-0.02/16.75,"Euro Tech is a premium distributor and manufacturer of high-quality technology instruments as well as an environmental engineering services provider. To meet the environmental needs of the China market, Euro Tech is focusing on the environmental protection for air, water and energy, for which the company can supply monitoring instruments, analytical instruments and testing equipment. Euro Tech's primary goal is to provide high-quality yet competitively priced instruments and engineering services to the Chinese marketplace. Euro Tech is headquartered in Hong Kong with other offices located in Beijing, Guangzhou, Chongqing, Xian, Shenyang, Wuhan, FuZhou, Qing Dao, Urumqi and one assembly plant located in Pudong, Shanghai",-,-,-,NASDAQ,-,943.24万,-12.70万,贸易与经销,0.01%,2.33%,0.61
1166,高乐氏,CLX,US,98.68,http://www.thecloroxcompany.com/,2.20%,1.94/15.8,"高乐氏(CLX)是全球领先的消费产品生产和经销商，总部位于加州奥克兰，该公司2006财年的销售收入为46亿美元。全球员工达7,600名，在全球25个国家设有生产基地并在100多个国家销售。",1.04,-,-,NYSE,-,119.32亿,2.37亿,居家用品,1.71%,82.72%,-
1167,Climb Bio,CLYM,US,9.14,-,6.32%,-0.88/-,-,1.33,-,-,-,-,4.37亿,-5985.10万,生物科技,0.66%,65.09%,2.72
1168,加拿大帝国商业银行,CM,US,109.52,http://www.cibc.com,1.60%,6.15/15.05,"加拿大帝国商业银行已发展为北美洲最大的银行之一。加拿大帝国商业银行总行设在多伦多，下有1600个分行、代表处、代理机构和附属机构，其中 1500家设在本国，其余100家设在美国、英国、瑞士等13个国家和地区。主要业务包括负责向加拿大消费者,农民及商业客户提供全面银行服务,并为该行西印度群岛的客户及全世界的私人客户提供银行服务和通过在加拿大、伦敦、纽约及东京等地的50个交易室进行各种金融工具交易。",0.89,-,-,NYSE,-,1008.17亿,22.81亿,商业银行,0.09%,46.86%,2.09
1169,CMB.TECH,CMBT,US,12.85,-,1.86%,0.7/23.2,-,-0.16,-,-,-,-,37.29亿,1.61亿,石油与天然气,1.97%,11.49%,1.42
1170,美国工商五金,CMC,US,69.18,http://www.cmc.com/,3.04%,2.43/15.18,"All over the globe, CMC's mission is to manufacture, recycle, and market steel, other metals and related Commercial Metals Company stock is traded on the NYSE under the symbol CMC.",1.69,-,-,NYSE,-,76.71亿,2.70亿,金属与采矿,0.73%,91.47%,1.74
1171,Caledonia Mining,CMCL,US,25.26,-,5.41%,2.83/8.84,-,2.68,-,-,-,-,4.88亿,5521.90万,金属与采矿,0.87%,38.56%,1.89
1172,猎豹移动,CMCM,US,5.35,http://www.cmcm.com,3.42%,-0.02/-,猎豹移动公司（Cheetah Mobile），原金山网络，成立于2010年10月，由金山安全和可牛影像公司合并而成，继承了金山15年的安全技术积累和可牛影像的互联网基因。是全球最大的移动工具开发商、中国第二大互联网及移动互联网安全公司，致力于为全球用户提供快捷、简单、安全的互联网及移动上网体验。【该公司每股收益为最近一财年，非TTM】,-1.11,S1/F1,-,NYSE,-,1.67亿,-3685.25万,媒体,0.09%,0.05%,0.726
1173,哥伦布-麦金农,CMCO,US,16.09,http://www.cmworks.com/,4.16%,0.3/76.82,"Columbus McKinnon is a leading worldwide designer, manufacturer, and marketer of material handling systems and services, which efficiently and ergonomically move, lift, position, or secure material. Key products include hoists, actuators, cranes, and lifting and rigging tools. With a rich 135-year tradition, the company is focused on commercial and industrial applications that require the safety and quality provided by its superior design and know-how.",1.32,-,-,NASDAQ,-,4.62亿,869.50万,机械制造,0.79%,90.07%,0.5
1174,康卡斯特,CMCSA,US,27.56,http://www.comcast.com,11.16%,0.6/5.24,康卡斯特(CMCSA)是美国第二大互联网服务提供商，仅次于AT&T；美国最大的有线电视公司，时代华纳有线(TWC)居第二位；公司同时还是美国IP电话服务供应商及内容供应商。目前，康卡斯特拥有2460万有线电视用户，1440万宽带网络用户及560万IP电话用户。2010年，康卡斯特从通用电气手中购得NBC(美国国家广播公司)的多数股份。,-12.9,-,215-286-1700,NASDAQ,-,984.51亿,21.74亿,媒体,1.84%,84.90%,1.12
1175,Creative Media,CMCT,US,5.38,-,9.26%,-67.08/-,-,-2.89,-,-,NASDAQ,-,1419.87万,-6164.80万,综合金融服务,14.40%,0.38%,-
1176,Costamare Bulkers,CMDB,US,16.6,-,3.76%,-2.28/-,-,0.55,-,-,-,-,4.01亿,-3735.20万,海运,0.56%,18.98%,0.603
1177,芝加哥商品交易所,CME,US,285.06,http://www.cme.com,2.28%,3.25/24.36,芝加哥商品交易所(CME)是美国最大的期货交易所；是创立于1898年的非营利性组织。2002年芝加哥商业交易所登陆纳斯达克，完成首次公开发售，2007年芝加哥商业交易所收购芝加哥期货交易所（主要交易农产品、国债期货以及期货期权）、2008年收购纽约商业交易所（主要交易原油、天然气、燃用油等能源期货）。,-0.14,-,312-930-1000,NASDAQ,"20 South Wacker Drive Chicago, IL 60606 United States",1034.22亿,11.68亿,综合金融服务,0.65%,89.65%,3.89
1178,墨式烧烤,CMG,US,34.21,http://www.chipotle.com/,2.04%,1.15/29.01,Chipotle是以供应墨西哥玉米煎饼和墨西哥玉米面豆卷为主的连锁餐厅。最早成立于1993年，由Steve Ells在科罗拉多的Denver市创立。Chipotle，墨西哥语“小干辣椒”的意思。1998年，Chipotle被快餐业连锁巨头麦当劳收购之后得到了迅猛发展，2006年成功上市，股票深受投资者欢迎，此后麦当劳陆续开始剥离Chipotle的股份，直至完全脱离。,0.91,-,-,NYSE,-,445.56亿,15.36亿,酒店餐饮与休闲,0.97%,89.05%,15.74
1179,康明斯,CMI,US,660.75,-,2.58%,20.62/32.13,康明斯(CMI)是世界上最大的发动机制造商，设计、制造和分销包括燃油系统、控制系统、进气处理、滤清系统、尾气处理系统和电力系统在内的发动机及其相关技术，并提供相应的售后服务。,0.58,-,-,NYSE,-,913.54亿,28.43亿,机械制造,0.38%,86.15%,7.4
1180,Columbus Circle II,CMII,US,9.89,-,0.00%,-0.01/-,-,0,-,-,-,-,3.10亿,-4.61万,资本市场,1.38%,-,-
1181,Chemomab,CMMB,US,1.61,-,14.20%,-0.02/-,-,-0.62,-,-,-,-,1159.26万,-899.50万,生物科技,0.75%,0.07%,0.94
1182,Clearmind Medicine,CMND,US,0.812,-,4.77%,-3.32/-,-,-0.73,-,-,-,-,169.61万,-385.46万,生命科学工具,1.13%,0.33%,0.206
1183,罗盘矿物,CMP,US,25.31,-,2.09%,0.43/-,-,-0.32,-,-,NYSE,-,10.60亿,1860.00万,金属与采矿,1.06%,88.78%,4.07
1184,Cimpress,CMPR,US,81.97,-,3.97%,2.32/84.98,-,0.48,-,-,NASDAQ,-,19.91亿,5698.10万,商业服务与用品,0.39%,90.26%,-
1185,COMPASS Pathways,CMPS,US,9.58,-,13.33%,-3.08/-,-,4.7,-,-,-,-,12.93亿,-2.88亿,制药,10.92%,40.95%,-
1186,Compass Therapeutics,CMPX,US,5.03,-,11.42%,-0.42/-,-,-3.45,-,-,-,-,9.06亿,-6648.90万,制药,4.19%,91.15%,4.6
1187,Commerce.com,CMRC,US,3,-,3.91%,-0.24/-,-,2.04,-,-,-,-,2.47亿,-1934.20万,信息技术服务,0.38%,67.05%,6.28
1188,Costamare,CMRE,US,16.5,http://www.costamare.com/,2.64%,2.86/5.79,"It is an international owner of containerships, chartering our vessels to many of the world’s largest liner companies. We currently have a fleet of 41 containerships aggregating 211,882 TEUs, making us one of the largest privately owned containership companies in the world, based on total TEU capacity. We also have contracted to acquire four 3,351 TEU secondhand containerships and have entered into agreements, subject to certain conditions, to acquire three 9,000 TEU newbuilds. Our strategy is to time charter our containerships to a geographically diverse, financially strong and loyal group of leading liner companies.",1.41,-,-,NYSE,-,19.90亿,3.44亿,海运,0.57%,31.70%,0.954
1189,CMS能源,CMS,US,76.27,http://www.communisis.com,1.16%,3.53/22.14,"CMS Energy's business strategy is focused primarily on its principal subsidiary, Consumers Energy, an electric and natural gas utility serving about 6.5 million of Michigan's 10 million residents. With its CMS Enterprises subsidiary, CMS Energy also is engaged in independent power generation in several states.",-0.46,-,-,NYSE,-,234.91亿,10.61亿,复合型公用事业,1.08%,95.50%,2.63
1190,Core Molding,CMT,US,28.1,-,5.68%,1.31/23.1,-,2.97,-,-,AMEX,-,2.59亿,1119.50万,化学制品,0.71%,72.26%,1.63
1191,Claros Mortgage,CMTG,US,2.61,-,5.49%,-3.49/-,-,2.35,-,-,-,-,3.66亿,-4.89亿,抵押型REITs,0.23%,60.73%,0.239
1192,康姆泰克通讯,CMTL,US,3.96,http://www.comtechtel.com,7.46%,-1.34/-,"Comtech Telecommunications Corp. designs, develops, produces and markets innovative products, systems and services for advanced communications solutions.",1.8,-,-,NASDAQ,-,1.18亿,-3994.20万,综合电信业务,0.44%,45.52%,1.8
1193,Community Bancorp,CMTV,US,39.3,-,3.22%,3.01/12.35,-,-1.01,-,-,-,-,2.20亿,436.91万,商业银行,0.38%,1.28%,1.88
1194,Mfs High Yield Munic,CMU,US,3.65,-,0.82%,0.0000/-,-,0,-,-,NYSE,-,9304.87万,-1.79万,资本市场,0.23%,50.49%,0.963
1195,CNA金融,CNA,US,48.18,-,1.63%,4.71/10.18,-,-1.17,-,-,NYSE,-,130.05亿,12.78亿,保险,0.14%,8.36%,1.12
1196,康西哥,CNC,US,41.82,http://www.centene.com/,4.09%,-13.53/-,"Founded as a single health plan in 1984, Centene Corporation (Centene) has established itself as a national leader in the healthcare services field.",1.78,-,-,NYSE,-,205.66亿,-66.74亿,医疗保健服务,1.34%,97.58%,1.03
1197,Coincheck Group,CNCK,US,1.82,-,5.41%,-0.03/1552,-,-1.62,-,-,-,-,2.47亿,-393.49万,综合金融服务,0.27%,1.94%,2.72
1198,Conduent,CNDT,US,1.7,-,3.87%,-1.14/-,-,1.19,-,-,NYSE,-,2.64亿,-1.70亿,专业服务,0.65%,70.28%,0.385
1199,中网载线,CNET,US,0.75,http://www.chinanet-online.com/,6.03%,-0.67/-,"中国在线控股有限公司，为中网在线传媒集团的母公司,也是离岸公司的一部分(ChinaNet), 致力于为中国中小型企业提供全方位服务以扩展客户销售网络的高科技信息网络技术的投资控股公司。公司成立于2003年，总部设于中国北京，公司服务包括利用门户网站28.com连接中小型加盟主和潜在加盟商，提供网络以及其它媒介渠道的广告和市场增值服务，还包括品牌管理，销售渠道方案以及以云为基础的管理工具。2009年7月在美国上市，2010年3月4日正式转入美国证券交易所。2010年9月14日转板纳斯达克",5.19,S1/F1,010 5160 0828—3914,NASDAQ,北京市海淀区闵庄路3号玉泉慧谷6号楼,245.14万,-177.00万,互动媒体与服务,0.16%,2.31%,0.564
1200,中北能,CNEY,US,0.724,-,10.36%,-21.46/-,-,5.69,-,-,-,-,593.92万,-1114.20万,化学制品,1.46%,1.79%,0.058
1201,深泛联,CNF,US,2.85,-,8.45%,0.0000/-,-,-16.91,-,-,-,-,1954.59万,-563.57万,商业银行,0.00%,0.51%,0.035
1202,凯斯纽,CNH,US,10.25,-,3.00%,0.41/24.94,-,-2.38,-,-,-,-,127.17亿,5.10亿,机械制造,1.58%,68.74%,1.65
1203,加拿大国家铁路,CNI,US,114.6,-,1.25%,5.53/20.33,-,0.48,-,-,NYSE,-,699.96亿,34.42亿,公路与铁路,0.21%,69.39%,4.45
1204,喜满客影城,CNK,US,28.48,http://www.cinemark.com,1.87%,1.18/24.07,"Headquartered in Plano, TX, Cinemark Holdings, Inc. is a leader in the motion picture exhibition industry with 430 theatres and 4,945 screens in the U.S. and Latin America as of December 31, 2010.",-0.42,-,-,NYSE,-,33.27亿,1.38亿,娱乐,1.35%,106.50%,8.21
1205,Collective Mining,CNL,US,19.97,-,3.73%,-0.58/-,-,-2.11,-,-,-,-,18.49亿,-4985.84万,金属与采矿,0.11%,30.21%,12.74
1206,Core & Main,CNM,US,49.5,-,2.60%,2.32/21.85,-,1.12,-,-,-,-,96.35亿,4.41亿,贸易与经销,2.25%,106.90%,4.83
1207,CONMED,CNMD,US,38.34,http://www.conmed.com/,3.87%,1.52/24.56,"CONMED Corporation is a global medical technology company that specializes in the development and sale of products and services that allow physician customers to deliver high quality care and as a result, enhanced clinical outcomes for their patients.",2.24,-,-,NASDAQ,-,11.56亿,4705.50万,医疗保健设备,1.04%,112.15%,1.12
1208,Cannae Holdings,CNNE,US,13.23,-,2.75%,-9.08/-,-,1.22,-,-,-,-,6.13亿,-5.13亿,酒店餐饮与休闲,1.29%,86.49%,0.599
1209,康塞科,CNO,US,43.71,http://www.cnoinc.com/,1.26%,2.35/17.87,"The company serves more than 4 million middle-income working Americans and retirees. There are more than 50 million potential customer households across America in their target market, and the projected growth of their market is remarkable.",-0.09,-,-,NYSE,-,40.97亿,2.29亿,保险,0.57%,93.48%,1.55
1210,ConnectOne,CNOB,US,28.52,-,4.36%,1.64/15.59,-,-1.42,-,-,NASDAQ,-,14.34亿,3631.30万,商业银行,0.94%,74.85%,0.901
1211,中点能源,CNP,US,42.47,http://www.centerpointenergy.com,2.13%,0.48/25.94,"CenterPoint Energy is composed of an electric transmission and distribution utility serving the Houston metropolitan area, local natural gas distribution businesses in six states, a competitive natural gas sales and service business serving customers in the eastern half of the U.S., interstate pipeline operations with two natural gas pipelines in the mid-continent region, and a field services business with natural gas gathering operations, also in the mid-continent region.",-1.64,-,-,NYSE,-,277.83亿,3.16亿,复合型公用事业,0.66%,101.75%,2.43
1212,加拿大自然资源,CNQ,US,44.24,http://www.cnrl.com,2.11%,3.77/11.7,加拿大自然资源公司是一家独立的原油和天然气勘测、开放以及生产的公司。该公司的原油和天然气运营专注于北美、加拿大西部、北海的英国区和非洲的西部沿海。,-2.62,-,403-517-6700,NYSE,855-2nd Street SW Suite 2500,923.21亿,78.91亿,石油与天然气,1.68%,69.86%,2.85
1213,Core Natural,CNR,US,85.8,-,2.66%,-2.98/-,-,-1.81,-,-,-,-,43.54亿,-1.53亿,石油与天然气,1.15%,94.94%,1.18
1214,科恩-斯蒂尔斯金融,CNS,US,67.71,http://www.cohenandsteers.com,2.20%,2.99/22.33,"Cohen & Steers is a manager of portfolios specializing in U.S. and international real estate securities, large cap value stocks, listed infrastructure and utilities, and preferred securities. The company also manages alternative investment strategies such as hedged real estate securities portfolios and private real estate multimanager strategies for qualified investors. Headquartered in New York City, with offices in London, Brussels, Hong Kong and Seattle, Cohen & Steers serves individual and institutional investors through a broad range of investment vehicles.",0.7,-,-,NYSE,-,34.80亿,4236.80万,资本市场,0.94%,55.28%,6.19
1215,CNS Pharmaceuticals,CNSP,US,2.35,-,6.88%,-35.75/-,-,-4.86,-,-,-,-,190.69万,-1585.06万,制药,1.03%,12.43%,0.422
1216,Centessa,CNTA,US,39.47,-,0.36%,-1.46/-,-,0.1,-,-,-,-,61.01亿,-1.98亿,制药,2.10%,93.29%,11.58
1217,康乃德生物,CNTB,US,2.52,-,8.73%,-1/-,-,0,-,-,-,-,1.42亿,-5548.00万,制药,1.18%,14.86%,3.39
1218,Canton Strategic,CNTN,US,3.41,-,5.07%,-1.12/-,-,1.19,-,-,-,-,1.93亿,-3591.62万,制药,0.58%,14.16%,0.485
1219,Context Therapeutics,CNTX,US,2.26,-,7.33%,-0.38/-,-,-2.59,-,-,-,-,2.08亿,-3612.36万,制药,3.86%,70.89%,2.52
1220,世纪赌场,CNTY,US,1.43,http://www.cnty.com,4.79%,-2.04/-,"Century Casinos, Inc., founded in 1992, is an international casino entertainment company. Century Casinos has been listed on the NASDAQ Capital Market® since 1994 and on the Prime Market of the Vienna Stock Exchange since 2005 under the symbol CNTY.",-0.69,-,-,NASDAQ,-,4093.88万,-6141.60万,酒店餐饮与休闲,0.10%,53.33%,-
1221,Cineverse,CNVS,US,2.39,-,6.11%,-0.57/-,-,4.37,-,-,-,-,5089.47万,-1034.00万,娱乐,0.42%,16.16%,1.45
1222,康索尔能源,CNX,US,38.45,-,1.47%,4.48/8.62,-,-0.18,-,-,NYSE,-,54.59亿,6.33亿,石油与天然气,0.87%,93.91%,1.26
1223,Concentrix,CNXC,US,26.17,-,4.21%,0.33/-,-,-0.93,-,-,NYSE,-,15.96亿,2158.90万,信息技术服务,2.64%,99.69%,0.573
1224,PC Connection,CNXN,US,64.38,-,2.21%,3.28/19.39,-,0.17,-,-,NASDAQ,-,16.23亿,8372.20万,电子设备与仪器,0.59%,41.49%,1.78
1225,Envoy Medical,COCH,US,0.675,-,4.20%,-1.23/-,-,-2.17,-,-,-,-,5189.47万,-2866.20万,医疗保健设备,0.14%,1.90%,-
1226,The Vita Coco,COCO,US,50.39,-,9.19%,1.25/40.26,-,6.26,-,-,-,-,28.71亿,7132.00万,饮料,2.11%,85.23%,8.66
1227,Cocrystal Pharma,COCP,US,1.43,-,5.32%,-0.78/-,-,1.42,-,-,-,-,1971.36万,-883.10万,制药,1.56%,5.48%,3.12
1228,Coda Octopus Group,CODA,US,12.26,-,4.06%,0.08/33.33,-,-0.41,-,-,-,-,1.38亿,93.07万,电子设备与仪器,1.73%,17.16%,2.3
1229,Compass Diversified,CODI,US,11.49,-,1.31%,-3.59/-,-,0.44,-,-,NYSE,-,8.64亿,-2.26亿,综合金融服务,0.67%,69.09%,-
1230,Co-diagnostics,CODX,US,1.67,-,5.85%,-35.25/-,-,-2.34,-,-,-,-,601.61万,-4689.59万,医疗保健设备,2.50%,4.67%,0.292
1231,51talk,COE,US,25.74,http://www.51talk.com/,17.19%,-0.05/-,51Talk无忧英语是北京大生知行科技有限公司旗下的在线英语教育品牌，其作为中国最大的在线英语教育机构，51Talk无忧英语专注于外教1对1，通过最有效的沉浸式学习法，打破传统的英语“知识”学习模式。专业国际团队研发的适合中国人学习的英语课程，帮助中国人用最快捷有效的方式，达成英语水平的提升。,-0.62,S1/F1,010-56928909,NYSE,北京市海淀区上地七街得实大厦6层南区,1.55亿,-1680.40万,综合消费者服务,0.21%,0.31%,-
1232,Coeptis Therapeutics,COEP,US,16.4,-,8.64%,-2.81/-,-,1.17,-,-,-,-,1.02亿,-1191.70万,生命科学工具,2.20%,7.75%,7.53
1233,第一资本金融,COF,US,191.39,http://www.capitalone.com,2.27%,3.34/40.87,第一资本信贷（Capital One Financial ，NYSE：COF)总部位于美国特拉华州，是一家集国际贸易、项目开发、投资银行业务为一体的多元化国际企业集团。,-2.66,-,-,NYSE,-,1178.77亿,20.81亿,消费信贷,0.80%,88.53%,1.05
1234,ChoiceOne Financial,COFS,US,30.78,-,4.61%,2.02/16.34,-,1.99,-,-,-,-,4.60亿,2817.60万,商业银行,0.76%,40.46%,0.989
1235,Cogent Biosciences,COGT,US,36.81,-,3.85%,-2.16/-,Cogent(COGT)是美国知名指纹身份识别系统生产商，其产品可通过电子手段捕捉指纹和掌纹，然后将纹路信息进行编码并输入可搜索文件中，再将这些生物特征信息与数据库中已有的一系列纹路信息进行比较，确定两者是否完全匹配。,1.85,-,-,NASDAQ,-,62.87亿,-3.29亿,制药,0.83%,108.75%,11.5
1236,Cohen,COHN,US,21.88,-,6.57%,8.33/3.76,-,-4.99,-,-,-,-,5421.11万,1443.10万,资本市场,1.34%,2.86%,1.06
1237,Coherent,COHR,US,336.09,http://www.coherent.com,5.16%,2.09/327.9,"Founded in 1966, Coherent, Inc. is one of the world's leading providers of lasers and laser-based solutions for scientific, commercial and industrial customers competing in the most demanding markets.",-0.47,-,-,NASDAQ,-,630.11亿,3.38亿,电子设备与仪器,2.87%,85.44%,7.38
1238,科休半导体,COHU,US,46.93,http://www.cohu.com/,5.11%,-1.59/-,"Cohu is a leading supplier of test handling, burn-in and thermal solutions used by the global semiconductor industry, microwave communications and closed-circuit television equipment.",2.98,-,-,NASDAQ,-,22.14亿,-7427.30万,半导体产品与设备,8.15%,102.13%,2.82
1239,Coinbase Global,COIN,US,199.77,-,3.04%,4.85/41.86,-,0.93,-,-,-,-,527.54亿,12.60亿,软件,2.70%,67.40%,3.57
1240,可口可乐装瓶,COKE,US,195.59,http://www.cokeconsolidated.com,4.02%,6.82/22.82,"Coca-Cola Bottling Co. Consolidated is the second largest Coca-Cola bottler in the United States.  The Company is a leader in manufacturing, selling, and distributing soft drinks.  With corporate offices in Charlotte, North Carolina, the Company does business in eleven states, primarily in the Southeast.",1.65,-,-,NASDAQ,-,130.19亿,5.71亿,饮料,0.64%,65.63%,-
1241,Columbus Acquisition,COLA,US,10.57,-,0.00%,0.17/36.97,-,0.09,-,-,-,-,4750.62万,128.51万,资本市场,0.01%,142.27%,0.761
1242,哥伦比亚银行系统,COLB,US,29.22,-,3.20%,0.66/12.91,-,-1.45,-,-,NASDAQ,-,84.60亿,1.92亿,商业银行,1.11%,100.11%,1.1
1243,Americold Realty,COLD,US,12.83,-,6.03%,-0.4/-,-,4.56,-,-,-,-,36.60亿,-1.15亿,工业房地产投资信托,1.42%,113.57%,1.27
1244,Collegium,COLL,US,32.5,-,2.26%,1.98/16.75,-,0.68,-,-,"SBC Communications, Inc.",-,10.53亿,6287.00万,制药,1.17%,115.89%,3.49
1245,哥伦比亚户外,COLM,US,60.26,http://www.columbia.com/,4.10%,3.24/17.8,Columbia（哥伦比亚）品牌创立于1938年，她的名字起源于美国波特兰Columbia（哥伦比亚） River，当时的俄勒冈州经常下雨，所以早年的Columbia（哥伦比亚）是以生产雨衣、雨帽起家，时至今日经过不断发展各类户外运动服装及研究高科技布料已经发展成为全球最大的户外服装品牌。,-3.15,-,-,NASDAQ,-,31.55亿,1.77亿,纺织服装与奢侈品,2.01%,52.41%,1.84
1246,Compass,COMP,US,7.85,-,2.18%,-0.1/-,-,0.77,-,-,-,-,58.57亿,-5850.00万,权益型REITs,0.92%,89.08%,7.49
1247,Concentra Group,CON,US,22.82,-,2.83%,1.3/17.86,-,-0.78,-,-,-,-,29.33亿,1.64亿,医疗保健服务,0.61%,87.16%,7.11
1248,库珀医疗,COO,US,64.42,-,1.66%,0.67/31.31,-,-0.82,-,-,-,-,125.69亿,1.31亿,医疗保健设备,1.19%,103.47%,1.5
1249,Traeger,COOK,US,38.86,-,13.98%,-0.87/-,-,11.31,-,-,-,-,1.07亿,-1.15亿,耐用消费品,1.45%,28.28%,0.624
1250,Australian Oilseeds,COOT,US,0.617,-,3.93%,0.0000/-,-,1.15,-,-,-,-,1844.74万,-96.14万,食品,3.54%,0.93%,9.21
1251,康菲石油,COP,US,121.76,http://www.conocophillips.com,2.93%,6.36/18.58,康菲石油（ConocoPhillips）是一家全球著名的能源公司，主要从事石油、天然气勘探、生产、加工和营销，以及化工和塑料产品的生产和销售。该公司是全美最大的能源公司之一，美国第一大的炼油企业。在全世界，非政府控制的公司中，康菲石油公司拥有的已探明的油气储量名列第八，并且是世界第四大炼油企业。该公司总部设于美国德克萨斯州的休斯顿市。,-2.1,-,1-281-2931000,NYSE,-,1484.08亿,79.88亿,石油与天然气,0.90%,83.67%,2.3
1252,Copley Acquisition,COPL,US,10.36,-,0.10%,0.23/59.47,-,0.1,-,-,-,-,2.46亿,413.38万,资本市场,0.01%,87.94%,1.42
1253,Cencora,COR,US,308.19,-,2.01%,2.88/36.89,"It is a leading owner, developer and operator of strategically located data centers in some of the largest and fastest growing data center markets in the United States, including Los Angeles, the San Francisco Bay and Northern Virginia areas, Chicago and New York City. Our premium data centers feature ample and redundant power, advanced cooling and security systems and many are points of dense network interconnection. We are able to satisfy the full spectrum of our customers’ data center requirements by providing data center space ranging in size from an entire building or large dedicated suite to a cage or cabinet.",-1.03,-,-,NYSE,-,599.52亿,5.60亿,医疗保健服务,0.83%,98.09%,31.42
1254,Corcept Therapeutics,CORT,US,46.06,http://www.corcept.com,4.10%,0.95/50.37,"Corcept Therapeutics is a leader in the discovery and development of drugs that regulate the effects of cortisol.

There are many diseases in which modulating cortisol activity may benefit patients. These include diabetes, obesity, psychotic depression and Alzheimer’s disease, as well as less common disorders such as Cushing’s Syndrome. Corcept’s lead programs are for severe metabolic and psychiatric disorders caused by excess or irregular cortisol activity.

Corcept’s scientific expertise surrounding the regulation of cortisol has led to the discovery of an extensive library of novel compounds that may ultimately address numerous important diseases through the blockade of the cortisol receptor. Corcept’s most advanced pipeline product is CORLUX. We completed patient dosing and announced positive top-line results from our Phase 3 study in Cushing’s Syndrome and are conducting a Phase 3 study in psychotic depression.",2.17,-,-,NASDAQ,-,49.45亿,9817.10万,制药,0.68%,71.86%,7.63
1255,Core Scientific,CORZ,US,20.88,-,4.90%,-0.88/-,-,0.34,-,-,-,-,65.90亿,-2.89亿,软件,5.03%,112.39%,-
1256,Cosmos Health,COSM,US,0.38,-,10.36%,-0.63/-,-,6.44,-,-,-,-,1928.05万,-1914.50万,医疗保健服务,2.97%,2.81%,1.05
1257,CoastalSouth,COSO,US,25.36,-,1.69%,2.24/12.21,-,-0.59,-,-,-,-,3.04亿,2489.20万,商业银行,0.39%,57.03%,1.17
1258,好市多,COST,US,1011.15,http://www.costco.com,1.08%,9.09/52.47,好市多(COST)是美国最大的仓储购物俱乐部运营商。公司经营理念是为会员提供各类有限的全国品牌及私有品牌商品，以大销售量、低价格使存货能迅速周转。存货迅速周转能使此公司在毛利显著低的情形下仍然比传统的批发店、折扣零售店及超级市场的经营利润高。,-0.32,-,425-313-8100,NASDAQ,-,4485.99亿,40.36亿,食品与日用品零售,0.38%,69.14%,13.98
1259,科蒂,COTY,US,2.42,http://www.coty.com,4.91%,-0.07/-,科蒂集团由Francois Coty于1904年在法国巴黎创立，Francois Coty因开创现代香水业而享誉全球。科蒂集团目前是全球五大化妆品公司之一，是世界最大香水公司之一，旗下拥有全球彩妆品牌芮谜(rimmel)及阿迪达斯个人护理用品系列等近30个国际日化品牌，现在该公司总部位于纽约。2011年科蒂24亿RMB收购中国护肤品公司丁家宜,3.42,S1/F1,-,NYSE,-,21.30亿,-6230.00万,个人用品,1.81%,34.77%,0.604
1260,Coursera,COUR,US,5.28,-,8.38%,-0.31/-,-,-11.56,-,-,-,-,8.94亿,-2050.00万,软件,11.91%,89.52%,1.41
1261,Coya Therapeutics,COYA,US,4.32,-,4.72%,-1.27/-,-,-0.46,-,-,-,-,1.01亿,-2122.61万,生命科学工具,0.55%,34.51%,3.71
1262,加拿大太平洋铁路,CP,US,86.89,http://www.cpr.ca/en,1.49%,3.3/25.82,Canadian Pacific Railway Limited成立于2001年6月22号。该公司透过其附属公司，经营在加拿大和美国横贯大陆的铁路，并提供物流和供应链专业知识。该公司在大约14400英里提供铁路和联合运输服务，服务主要业务中心，从加拿大的蒙特利尔，魁北克到温哥华，不列颠哥伦比亚省和美国东北部和中西部地区。该公司的铁路直接进入美国中心地带的东部和西部海岸。与其他运营商的协议，从加拿大蒙特利尔的东部贯穿美国，墨西哥拓展了公司的市场。该公司运输大宗商品，商品货运和联合运输。大宗商品包括粮食，煤炭，硫磺和化肥。商品运输由整车及汽车零部件，以及森林，工业，消费的产品。联合运输主要由在海外集装箱的高价值，时效性零售商品构成，可以通过火车，轮船，卡车进行运输，而在国内的集装箱和拖车可以通过火车和卡车移动。加拿大太平洋正在推动变革，因为它通过其转型之旅成为北美最好的铁路，同时为股东创造长期价值。该公司专注于为客户提供业界领先的铁路服务;可持续的驾驶，增长的盈利;优化公司的资产;降低成本，同时保持做一个铁路安全的领导者。,0.82,-,-,NYSE,-,779.67亿,30.20亿,公路与铁路,0.37%,68.42%,2.33
1263,科帕控股,CPA,US,117.95,-,2.95%,16.28/7.22,-,1.6,-,-,NYSE,-,48.52亿,6.72亿,航空公司,0.85%,89.87%,1.75
1264,Pacasmayo Cement,CPAC,US,10.7,-,1.07%,0.11/19.96,秘鲁水泥公司成立于1949年，公司总部设在利马（秘鲁首都），主要从事水泥生产经营业务，是秘鲁第二大水泥公司。公司于2012年1月7日递交IPO申请，拟融资2.5亿美元；J·P·摩根、桑坦德银行（Santander）将担任此次IPO承销商。,-0.19,-,-,NYSE,-,9.16亿,4590.80万,建筑材料,0.02%,0.67%,2.58
1265,Corpay,CPAY,US,312.91,-,2.41%,15.23/19.34,-,-0.18,-,-,-,-,206.93亿,10.70亿,综合金融服务,0.52%,94.33%,5.33
1266,Campbell's,CPB,US,20.62,http://www.campbellsoupcompany.com/,3.33%,1.14/11.18,金宝汤(CPB)是美国著名食品公司，也是当今美国首屈一指的罐头汤生产商。、除了浓缩罐头汤之外，该公司近年亦开始开拓其他食品市场，例如浓缩食品、非浓缩汤品、即冲汤粉、肉汁等。,-1.62,-,856-342-4800,NYSE,-,61.48亿,3.39亿,食品,5.36%,61.11%,1.54
1267,Central Plains,CPBI,US,17.38,-,0.00%,0.8/18.77,-,-0.02,-,-,-,-,7308.73万,304.50万,商业银行,0.01%,30.99%,0.833
1268,中央太平洋银行,CPF,US,34.01,https://www.centralpacificbank.com/,2.29%,2.88/11.6,"Central Pacific Bank is the primary subsidiary of Central Pacific Financial Corp., a Hawaii based financial institution with $4.2 billion in assets. Central Pacific Financial Corp.’s stocks are publicly traded on the New York Stock Exchange under the symbol “CPF”. 

Central Pacific Bank provides a full range of banking, investment and trust services.",-1.39,-,-,NYSE,-,8.99亿,7748.00万,商业银行,0.33%,94.15%,1.52
1269,坎特伯雷帕克控股,CPHC,US,15.66,http://www.canterburypark.com,0.00%,-0.1/-,"Canterbury Park Racetrack and Card Club is Minnesota’s premier entertainment destination. Located in Shakopee, Minnesota, just 25 minutes from downtown Minneapolis & St. Paul. Canterbury Park is home to Live Racing, Simulcast Racing and a 24/7 Card Club featuring Texas Hold’em, Blackjack and more. Along with special events like the Midwest’s largest Craft Show and thrilling snowmobile racing, Canterbury Park truly is home to Fun & Games like no place else.",-1.2,-,-,NASDAQ,-,8023.85万,-52.94万,酒店餐饮与休闲,0.07%,60.57%,0.957
1270,惠普森医药,CPHI,US,0.629,http://www.chinapharmaholdings.com/,11.53%,-0.74/-,"海南惠普森医药生物技术有限公司China Pharma Holdings, Inc. 创建于1993年，是一家集药品研发、生产、销售为一体的现代化制药企业。

惠普森医药于2005年10月登陆美国OTCBB市场并于2009年9月30日转板至美交所（AMEX）所交易。",6.61,-,86 898-66819024,AMEX,海口市金盘路17号,2548.83万,-318.76万,制药,0.17%,0.07%,1.12
1271,坎伯兰药业,CPIX,US,4.06,http://www.cumberlandpharma.com,12.05%,-0.19/-,"Cumberland Pharmaceuticals Inc. is a specialty pharmaceutical company whose mission is to acquire currently marketed and late-stage development pharmaceutical products and grow them through marketing to targeted, underserved physician segments. Cumberland is dedicated to providing high quality products which address unmet medical needs.",4.1,-,-,NASDAQ,-,6072.39万,-283.61万,制药,20.24%,19.72%,2.44
1272,切萨皮克气业,CPK,US,127.64,http://www.chpk.com,1.26%,6/21.82,"Chesapeake Utilities Corporation enjoys a long and prosperous history. The Dover Gas Light Company, formed in 1859, would eventually become Chesapeake Utilities Corporation, even though the Company wasn’t officially incorporated in the State of Delaware until 88 years later in 1947. The very next year, the Company acquired two smaller gas companies, one in Seaford, Delaware, and the other in nearby Salisbury, Maryland, and the Company hasn’t stopped growing ever since.",-0.21,-,-,NYSE,-,30.62亿,1.40亿,燃气,0.56%,89.58%,1.92
1273,Coupang,CPNG,US,20.51,-,2.28%,0.11/180.3,-,-0.34,-,-,-,-,374.96亿,2.08亿,多元化零售,1.17%,85.25%,8.11
1274,华流文化,CPOP,US,0.332,-,10.23%,-0.49/-,-,-5.68,-,-,-,-,2720.38万,-688.79万,娱乐,0.21%,1.66%,1.26
1275,Capri Holdings,CPRI,US,20.63,-,2.58%,1.18/-,-,-0.53,-,-,-,-,24.58亿,1.41亿,纺织服装与奢侈品,1.56%,97.30%,23.42
1276,科帕特,CPRT,US,33.07,http://www.copart.com,2.66%,0.78/20.45,Copart于1982年在美国加州注册成立，主要从事在美国，加拿大和英国从事网上拍卖和车辆营销服务，并且提供全方位的汽车销售服务，是以上地区的领先供应商。公司为汽车销售商提供全方位的服务，通过其虚拟招标第二代互联网的拍卖式销售技术，在互联网上处理和销售的车辆。车销售商主要包括保险公司，也包括银行和金融机构，慈善机构，汽车经销商，运输车队和车辆租赁公司。,-2.39,-,-,NASDAQ,-,318.57亿,7.54亿,商业服务与用品,0.91%,81.60%,3.25
1277,Catalyst,CPRX,US,27.37,http://www.catalystpharma.com,5.78%,1.75/15.6,"Catalyst is a biopharmaceutical company focused on the de­vel­opment and commercialization of prescription drugs to fight addictions, manage pain, and treat diseases of the central nervous system such as epilepsy.",-1.12,-,-,NASDAQ,-,33.43亿,2.14亿,生物科技,1.80%,85.36%,3.5
1278,库珀标准控股,CPS,US,32.19,-,5.37%,-0.23/-,-,4.68,-,-,NYSE,-,5.72亿,-416.50万,汽车零配件,0.56%,65.03%,-
1279,Cps Technologies,CPSH,US,5.28,-,9.65%,0.03/226.2,-,3.94,-,-,NASDAQ,-,9507.68万,42.04万,电子设备与仪器,2.00%,22.54%,3.86
1280,Consumer Portfolio,CPSS,US,8.47,http://www.consumerportfolio.com/,1.72%,0.88/9.54,"Consumer Portfolio Services, Inc.是一家专业金融公司，并于1991年3月注册成立并开始运作。该公司的业务是购买和服务零售汽车合同，其主要起源于专营汽车经销商，并在较小的程度上，通过在美国销售的新车和二手汽车，轻型卡车和客运车选择独立经销商。通过该公司的汽车购买合同，该公司提供经销商的客户间接融资。这些人有限制的信用记录，低收入或过去的信用问题叫做次贷客户。该公司作为经销商融资的替代来源，便于向客户销售，否则这些客户谁也可能无法从传统渠道，如商业银行，信用社和参与各大汽车厂商的专属金融公司融资。除了直接向经销商购买分期付款购买合同，该公司还（一）以四个并购交易合同收购分期付款，（二）购买来自非关联银行的金额并不大的购车款贷款，（三）通过直接贷款给消费者金额不大的车辆购置资金贷款。",0.47,-,-,NASDAQ,-,1.84亿,1932.50万,消费信贷,0.08%,69.21%,0.595
1281,卡姆登物业信托,CPT,US,101.75,http://www.camdenliving.com/,1.61%,3.54/27.72,"Camden Property Trust is one of the largest publicly traded multifamily companies in the United States. Structured as a Real Estate Investment Trust (REIT), the company is engaged in the ownership, development, acquisition, management, and disposition of multifamily residential apartment communities. Camden's workforce totals nearly 1,800 employees, and the company is headquartered in Houston, Texas.",-0.66,-,-,NYSE,-,106.56亿,3.84亿,住宅房地产投资信托,0.84%,101.94%,2.44
1282,Calamos Long/Short,CPZ,US,13.738,-,1.01%,0.98/13.99,-,-0.81,-,-,-,-,2.70亿,1928.50万,资本市场,0.86%,30.92%,0.826
1283,Cheniere能源合作伙伴,CQP,US,62.8,-,2.62%,5.17/10.18,-,-0.11,-,-,AMEX,-,303.99亿,29.87亿,石油与天然气,0.03%,46.78%,73.45
1284,Crane,CR,US,180.08,http://www.craneco.com/index.html,2.14%,6.38/28.36,Crane Co. is a diversified manufacturer of highly engineered industrial products with a substantial presence in a number of focused niche markets,-0.19,-,-,NYSE,-,103.99亿,3.67亿,航空航天与国防,0.74%,75.54%,5.05
1285,Crown Reserve,CRAC,US,10.055,-,0.10%,0.14/191.9,-,0,-,-,-,-,2.17亿,112.98万,资本市场,0.04%,75.47%,1.26
1286,CRA国际,CRAI,US,150.62,-,5.57%,8.23/18.09,-,0.35,-,-,NASDAQ,-,9.89亿,5468.10万,专业服务,3.72%,85.28%,4.63
1287,Crane Harbor II,CRAN,US,-,-,-,0.03/1412,-,-,-,-,-,-,4.69亿,33.19万,资本市场,0.00%,-,1.41
1288,Cal Redwood,CRAQ,US,10.22,-,0.00%,0.23/63.33,-,0,-,-,-,-,3.20亿,505.49万,资本市场,0.00%,93.50%,1.41
1289,Corebridge Financial,CRBG,US,26.28,-,2.09%,-0.68/-,-,-0.98,-,-,-,-,120.03亿,-3.66亿,保险,0.82%,100.30%,0.945
1290,Corbus,CRBP,US,10.06,-,4.65%,-5.9/-,-,-1.57,-,-,NASDAQ,-,1.78亿,-7853.70万,制药,1.52%,73.11%,1.21
1291,Caribou Biosciences,CRBU,US,2.13,-,6.86%,-1.59/-,-,-5.75,-,-,-,-,2.06亿,-1.48亿,生物科技,2.22%,33.50%,1.69
1292,加州资源,CRC,US,64.74,-,2.19%,4.17/15.83,-,-0.8,-,-,NYSE,-,57.45亿,3.63亿,石油与天然气,0.44%,104.68%,1.56
1293,Circle,CRCL,US,99.66,-,5.44%,-0.44/-,-,-0.35,-,-,-,-,246.37亿,-6950.80万,综合金融服务,3.68%,46.82%,7.4
1294,Cricut,CRCT,US,4.45,-,2.74%,0.36/12.18,-,-2.63,-,-,-,-,9.34亿,7670.50万,专营零售,0.58%,53.18%,2.72
1295,克劳福德A,CRD.A,US,10.84,-,2.70%,0.4/27,-,0.74,-,-,NYSE,-,5.30亿,1963.40万,保险,0.25%,24.29%,3.06
1296,克劳福德B,CRD.B,US,9.94,-,9.20%,0.4/24.76,-,0.51,-,-,NYSE,-,4.86亿,1963.40万,保险,0.14%,14.96%,2.81
1297,Cardiff Oncology,CRDF,US,1.72,-,4.49%,-0.69/-,-,2.99,-,-,-,-,1.18亿,-4587.60万,生物科技,0.66%,36.66%,2.59
1298,Cardiol Therapeutics,CRDL,US,1.4,-,7.35%,-0.28/-,-,2.94,-,-,-,-,1.57亿,-2466.37万,制药,0.76%,8.28%,11.97
1299,Credo Technology,CRDO,US,195.04,-,6.68%,1.72/105.9,-,5.12,-,-,-,-,359.75亿,3.03亿,半导体产品与设备,4.01%,75.71%,19.46
1300,Cre8 Enterprise,CRE,US,2.35,http://www.carereit.com/,6.93%,0.05/6.38,"Care Investment Trust Inc. (Care) intends to capitalize on the experience of its management team, as well as its advisor TREIT Management LLC (TREIT), an affiliate of Care's majority shareholder, Tiptree Financial Partners, L.P.",8.55,-,-,LON,-,473.28万,102.34万,商业服务与用品,0.39%,1.65%,2.06
1301,中国循环能源,CREG,US,0.801,http://www.creg-cn.com/,29.69%,-0.19/-,"中国循环有限公司China Recycling Energy Corp作为一家境外离岸注册的公司,其在中国境内实体运营公司是西安盈丰科技股份有限公司;是一家以循环能源产业投资、工程机械制造、工程系统集成服务和信息产业为主的现代化、新型的高科技企业。
公司主要从事TRT高炉煤气余压发电、CHPG水泥余热发电、GTPG燃气发电、CCPC煤气/燃气/蒸汽联合发电等循环能源产业投资、透平机械产品的开发应用技术服务。其中绝大部分产品和技术居于国内同行较领先水平。
公司具体业务运营模式,包括BOT、租赁、投资、BT移交、EMC/TOT等多种形式,其已完工项目有:山西长治钢铁TRT、邢台钢铁TRT、湖南涟源钢铁TRT项目等。",25.16,-,86-29-87651096　 86-29-87651097,NASDAQ,陕西省西安市南关正街88号长安国际广场A座12层,1839.03万,-290.00万,独立电力生产商,12.44%,0.90%,0.128
1302,Cresud,CRESY,US,11.05,-,3.47%,0.08/4.88,-,1.1,-,-,NASDAQ,-,7.84亿,5101.22万,食品,0.49%,2.03%,1.04
1303,Creative Realities,CREX,US,3.83,-,4.34%,-0.81/-,-,-2.3,-,-,-,-,4047.26万,-850.80万,信息技术服务,0.33%,23.36%,0.823
1304,Cornerstone Total,CRF,US,7.15,-,0.56%,1.06/7.14,-,0.42,-,-,AMEX,-,11.60亿,1.62亿,资本市场,0.58%,21.46%,1.11
1305,Freightos,CRGO,US,2.06,-,5.45%,-0.35/-,-,1.98,-,-,-,-,1.06亿,-1751.60万,软件,0.16%,20.62%,2.48
1306,Crescent Energy,CRGY,US,12.73,-,2.28%,0.55/31.41,-,0.24,-,-,-,-,41.74亿,1.33亿,石油与天然气,2.28%,86.62%,0.809
1307,CRH水泥,CRH,US,118,http://www.crh.com,3.39%,5.54/21.05,爱尔兰CRH是国际建材行业的领先公司之一，在18个国家设有1100分公司拥有37000员工。总部设在爱尔兰都柏林，集团公司生产和供应各种建筑材料。CRH公司在爱尔兰共和国、英国、北爱尔兰、欧洲大陆、阿根廷和北美拥有企业。北美是该集团的最大市场区域。其活动在控股公司—欧德卡斯特尔公司的组织下，分成5个产品集团，包括405个工厂，分布在48个洲内。雇员达12，000人。5个产品集团包括建筑、玻璃、分销和预制件。 公司主要的三个商业项目是：基础材料、增值建筑产品和特殊建筑材料的销售。 所有的业务分为四大部分：欧洲材料、欧洲生产和销售、美国材料及美国生产和销售。每个部分都被赋予了高度的自主权。CRH公司在爱尔兰和伦敦都进行股票交易。,0.72,-,-,NYSE,-,789.89亿,37.53亿,建筑材料,0.44%,84.95%,3.29
1308,卡特,CRI,US,37.2,-,4.39%,2.53/14.94,"Carter's, Inc. is a leading provider of apparel and related products exclusively for babies and young children. The Company owns the Carter's and OshKosh B'gosh brands, two of the most recognized brands in the marketplace. These brands are sold in leading department stores, national chains, and specialty retailers domestically and internationally and through more than 400 Company-operated stores and on-line at carters.com and oshkoshbgosh.com. The Company's Child of Mine brand is available at Walmart, and its Genuine Kids, Just One You, and Precious Firsts brands are available at Target. Carter's is headquartered in Atlanta, Georgia.",-2.31,-,-,NYSE,-,13.72亿,9179.60万,纺织服装与奢侈品,2.51%,110.01%,1.48
1309,居里,CRIS,US,0.595,-,9.54%,-0.58/-,-,-2.14,-,-,-,-,2378.73万,-758.20万,生物科技,1.73%,10.95%,4.34
1310,康斯托克能源,CRK,US,16.94,-,2.33%,1.43/12.58,-,-1.51,-,-,-,-,49.75亿,3.96亿,石油与天然气,2.51%,24.82%,1.88
1311,查尔斯河,CRL,US,169.8,-,2.69%,-2.91/-,-,1.23,-,-,NYSE,-,83.78亿,-1.44亿,生命科学工具,1.47%,108.14%,2.65
1312,赛富时,CRM,US,178.16,http://www.salesforce.com/,2.34%,7.85/19.54,"Salesforce是创建于1999年3月的一家客户关系管理（CRM）软件服务提供商，可提供随需应用的客户关系管理, 其产品家族（包括 Salesforce .com和 Supportforce.com）基于 sforce 客户 / 服务整合平台，允许客户与独立软件供应商定制并整合其产品，同时建立他们各自所需的应用软件。",2.8,-,-,NYSE,-,1457.44亿,74.57亿,软件,1.36%,82.46%,2.46
1313,CorMedix,CRMD,US,7.42,-,2.25%,2.25/3.6,-,1.23,-,-,AMEX,-,5.87亿,1.63亿,制药,0.93%,52.09%,1.45
1314,Critical Metals,CRML,US,11.51,-,10.95%,-0.56/-,-,8.18,-,-,-,-,14.53亿,-5187.18万,金属与采矿,22.78%,15.49%,15.81
1315,美国汽车行,CRMT,US,12.41,http://www.car-mart.com/,3.88%,-12.67/-,"America's CAR-MART was founded in 1981 when the first location was opened in Rogers, Arkansas. There was a need in the community for affordable vehicles for hard working people. While other dealers were turning people down for credit, CAR-MART invested confidence in them and sold them a quality vehicle. CAR-MART became an instant success, and in 1982, three more locations were opened.",-1.66,-,-,NASDAQ,-,1.03亿,-1.05亿,专营零售,1.02%,83.20%,0.215
1316,Cerence,CRNC,US,8.74,-,11.06%,-0.12/1175,-,8.03,-,-,-,-,3.93亿,-523.90万,软件,1.69%,78.88%,2.62
1317,Ceragon网络,CRNT,US,2.64,http://www.ceragon.com/,5.53%,-0.02/-,"As the world’s leading wireless backhaul specialist, Ceragon Networks ensures that mobile and fixed-line carriers, as well as private network operators have the transmission capacity to reliably deliver the voice and premium data services that we all rely on.",4.35,-,-,NASDAQ,-,2.40亿,-209.00万,通信设备,0.61%,19.10%,1.39
1318,Crinetics,CRNX,US,38.33,-,3.19%,-4.95/-,-,-0.47,-,-,-,-,40.13亿,-4.65亿,制药,1.08%,107.10%,4.05
1319,Cronos Group,CRON,US,2.68,-,5.77%,-0.02/-,-,3.08,-,-,-,-,10.16亿,-944.70万,制药,0.92%,13.82%,0.929
1320,卡骆驰,CROX,US,102.32,http://www.crocs.com,3.21%,-1.5/-,Crocs(CROX)是一家总部位于美国科罗拉多州的鞋履设计、生产及零售商，以Crocs™品牌于市场上推出男装、女装及童装的舒适鞋款。创立于2002年，Crocs鞋子最初的产品定位是为帆船和户外运动者所设计的。然而，因为它具备舒适、实用和设计别具一格的特点，赢得了众多来自不同阶层、 职业和年龄消费者的青睐。到2003年，crocs已经掀起了一股席卷全球的风靡浪潮，变成了为全世界人们所热爱的，融入时尚和趣味的多功能crocs鞋子。在2006年2月， crocs在纳斯达克上市并创下了鞋类企业首次公开招股的首日股价上升最高纪录。,-1.82,-,-,NASDAQ,-,51.20亿,-8119.80万,纺织服装与奢侈品,1.50%,97.89%,3.96
1321,卡朋特科技,CRS,US,427.48,-,3.67%,4.55/48.96,-,0.19,-,-,NYSE,-,212.93亿,2.28亿,金属与采矿,0.86%,97.88%,10.72
1322,CRISPR Therapeutics,CRSP,US,48.785,-,11.62%,-6.47/-,-,-11.59,-,-,NASDAQ,-,47.04亿,-5.82亿,生物科技,4.31%,79.65%,2.45
1323,Corsair Gaming,CRSR,US,6.58,-,3.91%,-0.12/-,-,2.97,-,-,-,-,7.02亿,-1246.50万,电脑与外围设备,1.76%,34.78%,1.11
1324,CRT信托,CRT,US,10.62,http://www.crosstimberstrust.com,2.91%,0.75/14.19,"Cross Timbers Royalty Trust was created on February 12, 1991 by conveyance of 90% net profits interests in certain royalty and overriding royalty interest properties in Texas, Oklahoma and New Mexico, and 75% net profits interests in certain working interest properties in Texas and Oklahoma. XTO Energy Inc. owns the underlying properties from which these net profits interests were conveyed. The net profits interests are the only assets of the trust, other than cash held for trust expenses and for distribution to unitholders.",-0.28,-,-,NYSE,-,6372.00万,449.08万,石油与天然气,0.23%,2.17%,29.5
1325,科韬,CRTO,US,19.08,-,4.16%,2.73/6.58,-,3.08,-,-,NASDAQ,-,9.51亿,1.45亿,媒体,0.23%,83.84%,0.828
1326,凌云半导体,CRUS,US,174.17,http://www.cirrus.com,2.44%,6.48/22,"Cirrus Logic广阔的消费者和工业市场开发了高精度模拟和混合信号集成电路（“ICs”）。建立公司的品种繁多的模拟混合信号专利组合上，Cirrus Logic, Inc.为消费者和专业音频，车载娱乐系统和有针对性的工业应用提供高度优化的产品，包括能源控制，能源管理，发光二极管（“LED”）和能源开发。",0.79,-,1-512-8514000,NASDAQ,-,88.84亿,3.33亿,半导体产品与设备,0.94%,99.71%,4.22
1327,CorVel,CRVL,US,57.33,http://www.corvel.com/,2.75%,1.55/27.74,"CorVel Corporation is a national provider of industry leading workers' compensation solutions to employers, third party administrators, insurance companies and government agencies. CorVel specializes in applying advanced communication and information technology to improve disability management",1,-,-,NASDAQ,-,29.33亿,7931.50万,医疗保健服务,0.50%,53.40%,7.81
1328,CervoMed,CRVO,US,3.88,-,4.16%,-2.98/-,-,0.78,-,-,-,-,3592.38万,-2696.64万,生物科技,0.66%,24.03%,1.97
1329,Corvus,CRVS,US,16.08,-,7.12%,-0.19/-,-,0.37,-,-,NASDAQ,-,13.51亿,-1528.30万,制药,1.98%,55.64%,22.06
1330,CrowdStrike Holdings,CRWD,US,448.13,-,3.48%,-0.65/-,-,0.62,-,-,-,-,1136.52亿,-1.63亿,软件,0.93%,70.59%,25.66
1331,Crown Crafts,CRWS,US,2.73,http://www.crowncrafts.com/,1.84%,0.15/-,"Crown Crafts, Inc., founded in 1957, operates in the infant and toddler products segment of the consumer products industry through its wholly owned subsidiaries ?Crown Crafts Infant Products, Inc., which designs, markets and distributes infant and toddler products including bedding, blankets and other nursery accessories; and Hamco, Inc., which designs, markets and distributes bibs, bath items and other accessories. Sales are generally made directly to retailers such as mass merchants, large chain stores, juvenile specialty stores, Internet retailers, wholesale clubs, grocery and drug stores, and catalog retailers.",0.37,-,-,NASDAQ,-,2920.50万,156.30万,纺织服装与奢侈品,0.37%,29.20%,0.745
1332,CoreWeave,CRWV,US,110.14,-,12.34%,-2.75/-,-,-6.2,-,-,-,-,598.02亿,-11.96亿,软件,10.57%,55.59%,17.93
1333,Cloudastructure,CSAI,US,0.593,-,4.27%,-0.55/-,-,1.37,-,-,-,-,1453.79万,-1042.50万,软件,0.33%,5.62%,1.63
1334,Cosan,CSAN,US,4.08,-,2.10%,-0.71/-,-,0.74,-,-,-,-,40.46亿,-17.75亿,综合金融服务,0.23%,2.04%,4.18
1335,Champions Oncology,CSBR,US,5.865,-,3.97%,-0.04/-,-,-2.9,-,-,NASDAQ,-,8144.62万,-50.80万,制药,0.03%,41.34%,19.04
1336,思科,CSCO,US,89.01,http://www.cisco.com,2.62%,1.53/30.98,"思科(CSCO)是全球最大的网络设备制造商，于1984年在美国成立。公司主要产品有：交换机, 路由器, 防火墙。",0.47,-,408-526-4000,NASDAQ,-,3515.80亿,60.35亿,通信设备,0.48%,77.31%,7.37
1337,科斯塔,CSGP,US,36.44,-,3.88%,0.02/2185,-,-2.51,-,-,NASDAQ,-,152.97亿,700.00万,专业服务,1.05%,99.00%,1.84
1338,CSG系统国际,CSGS,US,80.33,http://www.csgsystems.com,0.23%,2.02/40.97,"CSG Systems (Nasdaq:CSGS) provides software- and services-based solutions that help clients build commerce by better engaging and transacting with their customers. CSG enables clients to build new offerings, to engage customers on those offerings, and to deliver them through effective and profitable customer transactions.",0,-,-,NASDAQ,-,22.90亿,5588.10万,专业服务,0.77%,107.69%,8.07
1339,CoinShares,CSHR,US,5.48,-,6.07%,0.19/130.9,-,2.43,-,-,-,-,7.25亿,553.80万,软件,1.65%,16.15%,-
1340,阿特斯太阳能,CSIQ,US,14.12,http://www.csisolar.com,10.16%,-2.5/-,"CSI阿特斯 (Canadian Solar Inc.)，是在一家加拿大注册的光伏公司。公司致力于将太阳能转换为电能的光伏产品的研发、制造、销售和售后服务。自2001年以来，CSI阿特斯先后在中国建立了三家独资企业：CSI阿特斯光伏电子（常熟）有限公司，CSI阿特斯光伏科技（苏州）有限公司，CSI阿特斯太阳能光电（苏州）有限公司。ＣＳＩ阿特斯为全球客户生产在住宅、商用、工业等领域有着广泛应用的太阳能光伏产品及太阳能发电应用产品，同时还以公司的专业品牌为汽车行业、通讯行业等特殊市场提供太阳能光伏产品的解决方案，CSI阿特斯也为世界领先的太阳能光伏厂商进行OEM加工。
CSI阿特斯太阳能公司（Canadian Solar Inc.）于2006年11月9日正式在美国纳斯达克挂牌上市,发行价每股15美元。",-3.75,S1/F1,86-512-66908088,NASDAQ,中国江苏苏州高新区鹿山路199号,9.58亿,-1.04亿,电子设备与仪器,8.06%,38.39%,0.341
1341,卡莱尔伙伴,CSL,US,360.07,http://www.carlisle.com/,10.48%,3.12/20.3,"Carlisle is a diversified global manufacturing company serving the construction materials, commercial roofing, specialty tire and wheel, power transmission, heavy-duty brake and friction, foodservice, aerospace and test and measurement industries.",-1,-,-,NYSE,-,147.19亿,1.28亿,建筑产品,2.78%,100.78%,8.2
1342,CSP,CSPI,US,10.2,http://www.cspi.com,7.82%,0.01/-,"CSP Inc. (NASDAQ:CSPI) Based in Billerica, Massachusetts and founded in 1968, CSP Inc. and its subsidiaries develop and market best-of-breed IT solutions, systems integration services, and high-performance computer systems",6.36,-,-,NASDAQ,-,1.01亿,8.60万,信息技术服务,0.13%,29.61%,2.26
1343,Calamos Strategic To,CSQ,US,19.43,-,1.08%,4.5/4.32,-,0.88,-,-,NASDAQ,-,31.16亿,7.22亿,资本市场,0.09%,24.09%,0.933
1344,Centerspace,CSR,US,66.49,http://www.csst.com,2.57%,1.02/65.26,"CSST专注于安全领域的发展，主要由安防制造、安防软件、安防集成、安防服务、安防销售、消防、节能减排、物联网八大业务板块以及CSST安防学院、研究院组成最重要的十大功能板块。
    CSST致力于从事对社会安全有益的事业，成为国内领先国际知名的：安防与消防产品供应商、软件与解决方案提供商、集成工程服务商、安全服务运营商和安防产品渠道商、安防与消防专业人才培训基地。秉承“铸就平安，引领安防”的企业宗旨，以理性、务实、包容、专业、超越的精神经营企业，服务社会。

该公司于2007年10月29日上市。",0.94,-,86-755-83510888,NYSE,"深圳市福田区深南大道特区报业大厦13楼,518034",11.16亿,1710.10万,住宅房地产投资信托,0.78%,93.56%,1.55
1345,Caesarstone,CSTE,US,1.72,-,10.00%,-3.98/-,"Caesarstone创立于1987年，主要业务是为工作台或者其他室内空间生产石英台面.
2012年2月，Caesarstone提交IPO申请，计划赴纳斯达克上市，代码“CSTE”，计划发行660万股，发行价区间为14美元~16美元，融资额1亿美元。J.P. Morgan和巴克莱资本（Barclays）为此次IPO的主承销商。",1.78,-,-,NASDAQ,-,5947.26万,-1.37亿,建筑产品,0.53%,18.31%,0.427
1346,Castle Biosciences,CSTL,US,24.46,-,6.06%,-0.83/-,-,3.25,-,-,-,-,7.41亿,-2415.80万,生物科技,1.15%,91.74%,1.57
1347,Constellium,CSTM,US,31.38,-,5.00%,1.95/15.65,-,3.63,-,-,NYSE,-,42.72亿,2.73亿,金属与采矿,1.22%,93.19%,4.49
1348,Carriage Services,CSV,US,51.25,http://www.carriageservices.com,3.70%,3.29/15.78,Carriage Services is a leading provider of professional funeral and cemetery services and products in the United States and is the fourth largest publicly traded death care company.,1.53,-,-,NYSE,-,8.13亿,5150.70万,综合消费者服务,0.92%,74.43%,3.19
1349,Csw,CSW,US,296.18,-,1.90%,5.49/38.44,-,0.26,-,-,-,-,48.78亿,9184.30万,化学制品,0.65%,107.67%,4.57
1350,西南资本,CSWC,US,23.5,http://www.capitalsouthwest.com,1.07%,1.52/13.72,Capital Southwest is a business development company with a refreshingly different investment mindset.,0.21,-,-,NASDAQ,-,14.14亿,8551.60万,资本市场,0.63%,26.81%,1.42
1351,CSX运输,CSX,US,45.41,http://www.csx.com,2.21%,0.43/27.66,CSX Corporation于1978年注册成立，总部设在佛罗里达州杰克逊维尔，是全美最顶尖的运输公司之一。公司提供以铁路为主的运输服务，包括传统铁路服务、联运集装箱运输和拖车运输。1980年，公司完成了切西系统和海岸线产业合并到CSX。合并使公司把北方人口中心和阿巴拉契亚煤田连接到不断增长的东南部市场。后来，该公司收购了Conrail关键部分，使CSXT由东南向东北部连接，包括新英格兰和纽约大都会地区，芝加哥和中西部市场以及不断增长的领域。,-1.67,-,-,NASDAQ,-,843.78亿,8.07亿,公路与铁路,1.02%,76.19%,6.22
1352,ClearThink 1,CTAA,US,9.85,-,0.20%,-/-,-,0,-,-,NYSE,-,1.23亿,-4.65万,资本市场,0.88%,-,-
1353,信达思,CTAS,US,175.9,-,2.03%,3.7/36.39,-,-0.97,-,-,NASDAQ,-,703.75亿,14.84亿,商业服务与用品,0.46%,63.84%,14.7
1354,大众信托合众银行,CTBI,US,65.15,-,1.82%,5.44/11.45,-,-0.61,-,-,NASDAQ,-,11.83亿,2719.20万,商业银行,0.80%,65.33%,1.36
1355,Claritev,CTEV,US,23.81,-,20.94%,-17.3/-,-,17.29,-,-,-,-,4.04亿,-2.84亿,信息技术服务,1.45%,83.55%,-
1356,Contango Silver,CTGO,US,22.84,-,5.18%,-2.8/-,-,3.82,-,-,-,-,7.33亿,-3608.66万,金属与采矿,1.05%,24.92%,29.21
1357,Cytek Biosciences,CTKB,US,4.4,-,7.04%,-0.52/-,-,3.29,-,-,-,-,5.66亿,-6653.90万,生命科学工具,0.49%,63.72%,1.66
1358,Cantaloupe,CTLP,US,10.79,-,0.74%,-0.02/14.62,-,0.28,-,-,-,-,7.95亿,-127.80万,电脑与外围设备,0.82%,97.91%,3.15
1359,Castellum,CTM,US,0.69,-,4.62%,-0.03/-,-,-0.43,-,-,-,-,6528.28万,-250.57万,信息技术服务,0.82%,13.74%,1.83
1360,CytomX Therapeutics,CTMX,US,4.4,-,6.97%,-0.15/-,-,-1.12,-,-,NASDAQ,-,9.51亿,-2037.00万,制药,1.43%,66.72%,9.61
1361,Contineum,CTNM,US,12.41,-,4.43%,-2.17/-,-,-0.08,-,-,-,-,4.63亿,-5997.80万,制药,0.48%,89.67%,1.78
1362,Cheetah Net,CTNT,US,0.043,-,63.64%,-1.12/-,-,30.3,-,-,-,-,158.53万,-364.97万,专营零售,59.60%,0.27%,0.169
1363,CTO Realty Growth,CTO,US,19.67,-,1.61%,0.08/248.2,-,0.46,-,-,AMEX,-,6.40亿,258.00万,房地产管理和开发Ⅲ,0.45%,62.05%,1.13
1364,Citius Oncology,CTOR,US,0.877,-,13.39%,-0.06/-,-,-10.33,-,-,-,-,7741.74万,-553.41万,生命科学工具,0.57%,7.82%,1.32
1365,Custom Truck One,CTOS,US,8.74,-,3.82%,-0.14/-,-,-0.23,-,-,-,-,19.81亿,-3105.20万,电力,1.84%,95.53%,2.45
1366,Coterra Energy,CTRA,US,33.53,-,1.47%,2.25/14.83,-,-0.36,-,-,-,-,254.61亿,17.17亿,石油与天然气,0.86%,94.84%,1.72
1367,Caretrust Reit,CTRE,US,37.96,-,1.20%,1.57/26.44,-,-0.05,-,-,NASDAQ,-,84.74亿,3.21亿,医疗保健房地产投资信托,0.86%,104.89%,2.1
1368,Centuri,CTRI,US,34.74,-,2.92%,0.25/156.4,-,0.67,-,-,-,-,35.03亿,2239.50万,电力,1.08%,105.35%,3.99
1369,Castor Maritime,CTRM,US,1.93,-,4.01%,1.13/1.71,-,0.52,-,-,-,-,1864.83万,1092.56万,海运,0.51%,4.94%,0.035
1370,Citi Trends,CTRN,US,50.66,http://www.cititrends.com/,4.49%,0.65/81.17,"Citi Trends is a value priced family apparel retailer with over 460 stores in 
twenty-seven states. 
As of May 2005 Citi Trends became a publicly traded company on the Nasdaq 
exchange with the symbol CTRN.",2.63,-,-,NASDAQ,-,4.23亿,520.70万,专营零售,0.93%,98.79%,3.63
1371,CTS,CTS,US,56.77,http://www.ctscorp.com/,3.58%,2.21/24.9,"CTS Corporation is an innovative designer and manufacturer of sensors and actuators, electronic components, and a leading provider of value-added electronics manufacturing services (EMS).",2.23,-,-,NYSE,-,16.26亿,6531.70万,电子设备与仪器,0.96%,94.53%,2.95
1372,高知特,CTSH,US,55.11,http://www.cognizant.com,2.01%,4.57/11.71,"Cognizant 是印度一家大型外包企业，主要做应用开发和维护业务。针对电子商务中企业所面对交易上的问题，高知特公司开发高质量、低成本的解决方案从而满足复杂软件的开发和维护。以上服务通过网站和咨询小组来运行。该公司的解决方案包括应用开发和综合化、应用管理、改建和批量更改服务。

公司覆盖主要业务领域包括健康保健业和财务服务业；关注的企业都是世界财富1000强公司。",0.02,-,201-801-0233,NASDAQ,-,261.15亿,22.30亿,专业服务,1.35%,99.97%,1.74
1373,Cytosorbents,CTSO,US,0.628,-,5.40%,-0.13/-,-,-3.09,-,-,NASDAQ,-,3944.11万,-819.80万,医疗保健设备,0.04%,26.58%,6.68
1374,Corteva,CTVA,US,79.8,-,1.88%,1.6/48.97,-,0.21,-,-,-,-,535.74亿,10.94亿,食品,0.37%,86.27%,2.22
1375,CTW Cayman,CTW,US,2.75,-,13.87%,0.06/44.82,-,15.55,-,-,NYSE,-,1.72亿,382.86万,娱乐,3.57%,0.03%,6.21
1376,Citius,CTXR,US,0.77,-,10.72%,-0.38/-,-,-17.47,-,-,-,-,1722.98万,-822.08万,制药,13.86%,7.82%,0.216
1377,Lionheart,CUB,US,10.82,http://www.Cubic.com.,0.28%,0.29/37.06,Cubic is a leading technology and specialized services company.,0.19,-,-,NYSE,-,3.32亿,895.23万,资本市场,0.01%,99.64%,-
1378,CubeSmart,CUBE,US,39.54,-,1.45%,1.46/27,-,-0.63,-,-,NYSE,-,90.14亿,3.34亿,专业房地产投资信托,1.05%,95.87%,3.31
1379,Customers Bancorp,CUBI,US,74.38,-,6.76%,6.46/9.3,-,-3.99,-,-,NYSE,-,25.05亿,6965.30万,商业银行,2.22%,95.33%,1.17
1380,Cue Biopharma,CUE,US,17.695,-,43.31%,-0.28/-,-,6.43,-,-,-,-,5839.35万,-2660.20万,生物科技,9.23%,21.79%,2.21
1381,嘉年华,CUK,US,27.12,-,2.86%,0.19/1.66,-,1.95,-,-,NYSE,-,51.26亿,2.58亿,酒店餐饮与休闲,1.47%,22.75%,0.393
1382,卡尔普纺织,CULP,US,3.02,-,2.20%,-0.63/-,-,-0.66,-,-,-,-,3824.16万,-796.90万,耐用消费品,0.06%,56.94%,0.761
1383,Cuprina Holdings,CUPR,US,0.3,-,3.70%,-0.08/-,-,1.01,-,-,-,-,643.50万,-155.29万,制药,1.44%,0.68%,-
1384,Curbline Properties,CURB,US,28.1,-,1.38%,0.37/74.46,-,-0.81,-,-,-,-,29.66亿,3982.90万,房地产管理和开发Ⅲ,0.48%,102.88%,1.55
1385,CuriosityStream,CURI,US,3.36,-,3.39%,-0.11/-,-,-0.89,-,-,-,-,1.99亿,-642.70万,娱乐,0.61%,33.75%,4.8
1386,CURRENC Group,CURR,US,3.22,-,3.70%,-0.08/-,-,0.94,-,-,-,-,2.47亿,-641.65万,综合金融服务,13.50%,1.18%,805
1387,Torrid Holdings,CURV,US,1.83,-,8.33%,-0.07/-,-,-4.69,-,-,-,-,1.82亿,-703.40万,纺织服装与奢侈品,1.19%,84.98%,-
1388,Curanex,CURX,US,0.437,-,6.09%,-0.17/-,-,-1.35,-,-,-,-,1239.54万,-422.51万,制药,1.29%,-,1.1
1389,卡津斯不动产,CUZ,US,24.9,http://www.cousinsproperties.com/,3.25%,0.24/102.1,"Cousins Properties Incorporated, 53 years strong, is a leading diversified real estate company with experience in development, acquisition, financing, management and leasing. Based in Atlanta, the Company actively invests in office, multi-family, retail and land development projects.",1.26,-,-,NYSE,-,41.37亿,4050.30万,住宅房地产投资信托,1.23%,104.41%,0.884
1390,CapsoVision,CV,US,6.07,-,5.20%,-1.03/-,-,5.2,-,-,-,-,3.03亿,-2531.50万,医疗保健设备,0.31%,1.53%,22.82
1391,CVB金融,CVBF,US,20.06,-,2.20%,1.52/13.02,-,-0.74,-,-,NASDAQ,-,27.24亿,5100.20万,商业银行,1.61%,78.46%,1.17
1392,卡寇工业,CVCO,US,539.59,http://www.cavco.com/,2.06%,18.78/22.71,"Cavco is a leading builder of Manufactured and Modular Homes, Park Model Homes and Vacation Cabins in the United States. Based in Phoenix, Arizona, the company has built a reputation for quality, value and service since its founding in 1965.",0.87,-,-,NASDAQ,-,41.88亿,1.48亿,耐用消费品,1.22%,97.51%,3.84
1393,Cenovus能源,CVE,US,26.29,http://www.cenovus.com,1.12%,1.58/17.3,Cenovus Energy is a Canadian oil company.,-0.6,-,-,NYSE,-,494.16亿,28.56亿,石油与天然气,0.39%,52.17%,2.15
1394,Civeo,CVEO,US,31.46,-,1.32%,-1.59/-,-,0.96,-,-,NYSE,-,3.44亿,-2007.10万,酒店餐饮与休闲,0.32%,85.00%,1.97
1395,商用汽车,CVGI,US,4.25,-,6.28%,-0.68/-,-,-1.16,-,-,NASDAQ,-,1.56亿,-2278.10万,汽车零配件,1.01%,36.73%,1.17
1396,卡拉沃养殖,CVGW,US,28.13,-,1.94%,0.04/31.2,-,1.26,-,-,NASDAQ,-,5.03亿,73.20万,食品,1.71%,68.19%,2.44
1397,CVR能源,CVI,US,31.52,http://www.cvrenergy.com,3.48%,0.27/117.4,"CVR Energy is an independent petroleum refiner and marketer of high value transportation fuels in the Midcontinent United States. In addition, CVR Energy subsidiaries own a majority interest in and serve as the general partner of CVR Partners, LP, a producer of ammonia and urea ammonium nitrate, or UAN, fertilizers.",0.96,-,-,NYSE,-,31.69亿,2700.00万,石油与天然气,1.90%,102.34%,5.46
1398,Cadrenal,CVKD,US,5.5,-,9.22%,-6.64/-,-,-0.54,-,-,-,-,1693.04万,-1323.74万,制药,1.67%,4.05%,6.18
1399,Covenant Logistics,CVLG,US,34.07,-,13.21%,0.28/118.1,-,9.23,-,-,-,-,8.55亿,442.00万,公路与铁路,2.44%,68.11%,2.1
1400,康沃系统,CVLT,US,93.92,http://www.commvault.com/,4.83%,1.26/47.47,"Headquartered in Oceanport, New Jersey, CommVault is a publicly traded data management software company passionately committed to giving companies a better way to organize, protect, and access business information.",4.18,-,-,NASDAQ,-,41.30亿,5600.80万,软件,1.28%,101.48%,19.05
1401,CEL-SCI,CVM,US,3.2,-,5.74%,-0.68/-,-,-3.32,-,-,-,-,2717.69万,-546.94万,生物科技,0.93%,9.28%,2.44
1402,Carvana,CVNA,US,409.08,-,4.12%,10.22/63.7,-,1.5,-,-,NYSE,-,896.31亿,14.07亿,专营零售,1.18%,103.09%,26.05
1403,芝加哥机械,CVR,US,11.83,-,1.80%,-1.12/-,-,1.98,-,-,AMEX,-,1142.93万,-108.32万,机械制造,0.50%,13.45%,0.571
1404,CVRx,CVRX,US,7.72,-,5.37%,-2.04/-,-,1.05,-,-,-,-,2.04亿,-5330.60万,医疗保健设备,1.01%,58.58%,5.19
1405,西维斯,CVS,US,77.94,-,2.00%,1.4/56.5,-,-1.17,-,-,-,-,998.88亿,17.68亿,食品与日用品零售,0.58%,87.98%,1.33
1406,Covista,CVSA,US,107.63,-,5.80%,-/14.67,-,-2.45,-,-,-,-,37.14亿,1.38亿,综合消费者服务,1.63%,97.62%,2.69
1407,CPI Aerostructures,CVU,US,3.75,-,5.53%,-0.07/-,-,-1.32,-,-,AMEX,-,4953.63万,-84.34万,航空航天与国防,0.76%,14.55%,1.92
1408,CVD设备,CVV,US,6.46,http://www.cvdequipment.com,20.94%,-0.23/-,"CVD Equipment Corporation (NASDAQ: CVV) is a designer and manufacturer of standard and custom state-of-the-art equipment used in the development, design and manufacture of advanced electronic components, materials and coatings for research and industrial applications.  CVD offers a broad range of chemical vapor deposition, gas control, and other equipment that is used by customers to research, design and manufacture, solar cells, Graphene, carbon nanotubes, nanowires, LEDs, MEMS, semiconductors, industrial coatings and equipment for surface mounting of components onto printed circuit boards.",12.74,-,-,NASDAQ,-,4481.52万,-158.50万,化学制品,5.34%,17.06%,1.78
1409,雪佛龙,CVX,US,185.21,http://www.chevron.com,1.72%,6.65/30,雪佛龙股份有限公司是世界最大的全球能源公司之一，总部位于美国加州圣拉蒙市（San Ramon）并在全球超过180个国家有业务。其业务范围渗透石油及天然气工业的各个方面：探测、生产、提炼、营销、运输、石化、发电等。,-1.27,-,925-842-1000,NYSE,-,3689.20亿,122.99亿,石油与天然气,0.48%,73.70%,1.98
1410,寇蒂斯莱特,CW,US,717.53,http://www.curtisswright.com/,2.23%,12.94/54.69,"Curtiss-Wright Corporation (NYSE: CW) has a long history with its roots dating back to the Wright brothers' first flight in 1903. We have continued on the path of innovation and advanced engineering, and have applied that expertise to a number of critical applications in high-performance markets.",-1.1,-,-,NYSE,-,264.82亿,4.84亿,航空航天与国防,0.30%,82.92%,10.45
1411,Clearwater Analytics,CWAN,US,24.15,-,0.21%,-0.14/-,-,-0.12,-,-,-,-,72.06亿,-3880.70万,软件,0.84%,100.13%,3.56
1412,Community West,CWBC,US,24.19,http://www.communitywest.com/,2.92%,2.01/15.85,"Community West Bancshares (CWBC) was incorporated in the state of
California on November 26, 1996, for the purpose of forming a bank
holding company. On December 31, 1997, CWBC acquired a 100% interest
in Goleta National Bank (GNB). On September 1, 2004, the bank's name
was changed to Community West Bank (CWB). CWB is the only subsidiary
of CWBC. CWBC provides management and shareholder services to CWB.",1,-,-,NASDAQ,-,6.56亿,1148.90万,商业银行,2.10%,48.87%,1.56
1413,Consolidated Water,CWCO,US,33.72,http://www.cwco.com,2.91%,1.15/29.42,"Consolidated Water Co. Ltd. (the “Company”, or ""CWCO"") designs, builds, operates, and in some cases finances seawater reverse osmosis (SWRO) desalination plants and water distribution systems in several Caribbean countries, where the supply of drinking water is scarce and the use of SWRO is economically feasible.",-1,-,-,NASDAQ,-,5.40亿,1833.67万,水务,3.59%,66.92%,2.43
1414,CaliberCos,CWD,US,1.08,-,6.80%,-7.7/-,-,4.85,-,-,-,-,761.73万,-2179.80万,综合金融服务,0.64%,2.20%,5.71
1415,Clearway Energy C,CWEN,US,39.58,-,1.12%,1.43/48.06,-,-0.3,-,-,-,-,81.23亿,1.69亿,电力,0.78%,93.69%,4.22
1416,Clearway Energy A,CWEN.A,US,39.55,-,1.87%,1.43/48.03,-,-0.25,-,-,-,-,81.16亿,1.69亿,电力,0.37%,-,4.22
1417,露营世界,CWH,US,7.48,-,10.51%,-1.43/-,-,8.41,-,-,NYSE,-,7.70亿,-8979.90万,专营零售,12.84%,98.38%,3.37
1418,Cushman & Wakefield,CWK,US,14.35,-,2.31%,0.38/38.12,-,0.49,-,-,-,-,33.62亿,8820.00万,房地产管理和开发Ⅲ,0.32%,90.92%,1.72
1419,Casella Waste,CWST,US,80.19,-,5.72%,0.12/648.1,-,-4.39,-,-,NASDAQ,-,51.01亿,787.10万,商业服务与用品,1.15%,121.78%,3.25
1420,加州水务,CWT,US,46.38,http://www.calwater.com/,3.35%,2.15/21.65,"California Water Service Company (Cal Water) is the largest investor-owned American water utility west of the Mississippi River and the third largest in the country. Formed in 1926, the San Jose-based company serves more than 460,000 customers through 28 Customer and Operations Centers throughout the state",-2.4,-,-,NYSE,-,27.76亿,1.28亿,水务,3.69%,83.73%,1.64
1421,西麦斯,CX,US,12.36,http://www.cemex.com/,3.08%,0.02/18.68,该公司始建于1906年，到90年代在其本国发展成为第一大水泥企业集团，垄断了70％ 的水泥生产企业。90年代初开始向国外扩张业务，在短短的几年内，由一个内向型的企业发展成了世界排 名第三的外向型水泥生产集团，白水泥生产占世界第一。Cemex股票分别在墨西哥证券交易所（BMV）和美国纽约证券交易所（NYSE）上市。 CEMEX集团在墨西哥拥有10个水泥公司，17个水泥厂，两个水泥中转站。水泥熟料的生产能力2350万吨，1995年在本国建成一条新水泥生产线，日产能力为7200吨，年生产能力为320万吨。 CENEX的主营业务包括水泥、混凝土及沙石料销售。集团的战略发展模式：在其核心的水泥业务及混凝土达到一定的平衡；重点专注于高增长市场开发；通过资本化运作来加快不同地域市场分布，从而保持集团高增长；集团长期以来不断投入对高增长、高利润的发展中市场，亚洲市场成为其发展的首选。,-1.2,-,-,NYSE,-,179.32亿,2.28亿,建筑材料,0.41%,34.77%,1.33
1422,CXApp,CXAI,US,0.164,-,7.41%,-0.58/-,-,1.23,-,-,-,-,936.70万,-1347.30万,软件,8.67%,4.26%,0.669
1423,Crexendo,CXDO,US,6.82,-,5.16%,0.17/41.9,-,3.49,-,-,-,-,2.12亿,507.10万,软件,0.52%,28.83%,3.33
1424,Mfs High Income Muni,CXE,US,3.74,-,0.80%,0.0000/1558,-,0.27,-,-,NYSE,-,1.18亿,7.57万,资本市场,0.15%,40.05%,0.903
1425,Mfs Investment Grade,CXH,US,8.35,-,0.24%,0.01/600.3,-,-0.06,-,-,NYSE,-,6846.35万,11.40万,资本市场,1.52%,50.53%,0.969
1426,Sprinklr,CXM,US,5.02,-,4.75%,0.09/54.54,-,3.72,-,-,-,-,12.49亿,2290.50万,软件,3.96%,98.74%,2.11
1427,Crane NXT,CXT,US,44.94,-,3.55%,2.53/17.82,-,-0.93,-,-,-,-,25.86亿,1.45亿,机械制造,1.01%,99.67%,2.05
1428,CoreCivic,CXW,US,20.51,http://www.correctionscorp.com,4.49%,1.09/17.41,Corrections Corporation为美国一家私人监狱系统公司,2.35,-,-,NYSE,-,20.28亿,1.17亿,专业房地产投资信托,0.82%,87.77%,1.44
1429,Cyabra,CYAB,US,1.13,-,12.30%,-156.35/-,-,-10.32,-,-,-,-,2250.70万,-15.63万,信息技术服务,2.27%,6.48%,-
1430,Cyclerion,CYCN,US,2.94,-,4.68%,-1.11/-,-,-0.34,-,-,-,-,1273.11万,-352.80万,制药,5.04%,11.29%,1.4
1431,Cycurion,CYCU,US,0.93,-,10.00%,-13.44/-,-,-7,-,-,-,-,512.43万,-2366.57万,软件,12.58%,1.04%,0.255
1432,玉柴国际,CYD,US,42.24,http://www.cyilimited.com,5.35%,2.05/20.62,玉柴国际是一家百慕大控股公司，是国内最大独立柴油引擎制造商广西玉柴的控股股东，其品牌在国内享有盛誉。公司于1994年12月6日纽约证券交易所上市。,0.88,-,65 6220 8411,NYSE,"16 Raffles Quay No 26-00 Hong Leong Building Singapore, 048581",15.85亿,7684.57万,机械制造,0.73%,21.57%,1.16
1433,Community Health,CYH,US,2.72,http://www.chs.net,16.47%,-0.43/0.826,"Community Health Systems, Inc. is one of the leading operators
of general acute care hospitals. The organization's affiliates own,
operate or lease 133 hospitals in 29 states, with an aggregate of 
approximately 19,500 licensed beds. In over 60 percent 
of the markets served, CHS-affiliated hospitals are 
the sole provider of healthcare services.",9.24,-,-,NYSE,-,3.83亿,-5800.00万,医疗保健服务,4.92%,75.45%,-
1434,Cyngn,CYN,US,1.64,-,5.52%,-5.17/-,-,0.61,-,-,-,-,2231.76万,-2346.93万,软件,1.32%,2.56%,0.576
1435,Cypherpunk Technolog,CYPH,US,1,-,13.64%,0.07/18.66,-,13.64,-,-,-,-,8997.96万,482.20万,生物科技,5.05%,9.47%,0.586
1436,Cryoport,CYRX,US,10.59,-,4.92%,1.4/7.56,-,4.13,-,-,NASDAQ,-,5.32亿,7030.10万,医疗保健设备,0.51%,94.90%,1.15
1437,Cytokinetics,CYTK,US,65.32,http://www.cytokinetics.com,3.02%,-6.54/-,"Cytokinetics is a different kind of company. It is increasingly unusual that an emerging growth biotechnology company would be dedicated to the discovery, development and commercialization of therapeutics.",-0.24,-,-,NASDAQ,-,81.17亿,-7.85亿,制药,0.81%,112.57%,-
1438,Citizens Financial S,CZFS,US,65.96,-,3.51%,7.62/8.67,-,1.24,-,-,-,-,3.17亿,3657.20万,商业银行,0.20%,27.27%,0.938
1439,市民北方,CZNC,US,23.13,-,1.48%,1.46/17.82,-,0.57,-,-,NASDAQ,-,4.14亿,2324.50万,商业银行,0.11%,30.52%,1.21
1440,凯撒娱乐,CZR,US,28.12,-,2.43%,-2.42/-,"凯撒娱乐(Caesars Entertainment)成立于1989年，是世界最大赌场运营商之一。公司在美国和海外拥有或运营着52家赌场，其品牌包括哈拉斯(Harrah's)、凯撒(Caesars)与Horseshoe。 

凯撒娱乐原名Harrah's Entertainment Inc，2008年被私募股权公司Apollo Management Group与Texas Pacific Group以307亿美元收购。

2012年2月8日，凯撒娱乐登陆纳斯达克，发行180万份普通股，发行价9美元，融资1600万美元。瑞士信贷，花旗，美银美林及德意志银行是此次交易的主承销商。",0.68,-,-,NASDAQ,-,57.27亿,-5.02亿,酒店餐饮与休闲,1.08%,111.65%,1.63
1441,Citizens Community,CZWI,US,20.63,http://www.citizenscommunityfederal.net/,1.89%,1.46/13.78,"Citizens Community Federal is a federally chartered savings bank based in Eau Claire, Wisconsin. With over 50,000 customers and assets totaling more than $550 million, Citizens is both strong and growing. Citizens Community Federal has 26 branch locations operating in Wisconsin, Minnesota and Michigan",0.68,-,-,NASDAQ,-,1.99亿,1442.00万,商业银行,0.09%,59.35%,1.06
1442,道明尼能源,D,US,62.58,http://www.dom.com/,1.63%,3.46/18.35,道明尼(D)是北美洲最大的独立石油和天然气探险和生产公司之一。 除此，道明尼资源公司经营一家全国最大的地下天然气存贮系统。公司为维吉尼亚和北卡罗莱纳州的210万用户供电，为俄亥俄州、宾夕法尼亚州和维吉尼亚的170万用户供给煤气。,0.1,-,-,NYSE,-,550.06亿,29.98亿,复合型公用事业,0.33%,82.73%,1.96
1443,Digital Asset,DAAQ,US,10.293,-,0.13%,0.25/55.78,-,0.08,-,-,-,-,2.37亿,424.45万,资本市场,0.07%,95.02%,-
1444,达那俄斯,DAC,US,117.38,-,1.46%,26.83/4.32,-,-0.13,-,-,NYSE,-,21.37亿,4.95亿,海运,0.51%,21.76%,0.563
1445,CID,DAIC,US,0.207,-,7.37%,-1.78/-,-,-4.61,-,-,-,-,606.37万,-3671.81万,信息技术服务,1.91%,6.23%,25.88
1446,Data I/O,DAIO,US,2.74,-,9.06%,-0.56/-,-,7.87,-,-,NASDAQ,-,2574.07万,-523.60万,电子设备与仪器,0.57%,32.84%,1.9
1447,达科电子,DAKT,US,19.97,-,3.24%,0.76/35.03,-,2.83,-,-,NASDAQ,-,9.65亿,3696.10万,电子设备与仪器,0.93%,72.92%,3.28
1448,达美航空,DAL,US,68.45,http://www.delta.com,2.33%,-0.44/10.04,美国达美航空公司(Delta Air Lines)是一家总部位于美国亚特兰大的航空公司，成立于1928年。2008年4月和美国西北航空公司合并后，成为世界上最大的航空公司。2010年4月，美联航和大陆航空合并，超越达美航空。,0.12,-,1-404-7152600,NYSE,-,449.71亿,-2.89亿,航空公司,0.92%,85.13%,2.21
1449,达纳,DAN,US,38.93,-,2.76%,0.64/50.18,-,1.43,-,-,NYSE,-,42.65亿,8500.00万,汽车零配件,0.78%,100.53%,5.08
1450,网易有道,DAO,US,10.95,-,8.12%,0.13/86.05,-,4.58,-,-,-,-,13.21亿,1535.03万,综合消费者服务,0.18%,36.20%,-
1451,美国达尔令国际,DAR,US,60.18,-,2.74%,0.4/152.1,-,-1.25,-,-,NYSE,-,95.52亿,6280.40万,食品,1.08%,107.97%,2.02
1452,Dare Bioscience,DARE,US,2.11,-,8.02%,-1.2/-,-,-0.47,-,-,-,-,3072.05万,-1339.93万,制药,2.50%,8.19%,10.82
1453,Doordash,DASH,US,176.78,-,1.53%,2.19/82.39,-,-0.12,-,-,-,-,770.31亿,9.35亿,软件,0.61%,89.56%,7.68
1454,Endava,DAVA,US,4.34,-,4.67%,-0.38/-,-,1.4,-,-,-,-,2.36亿,-2025.52万,信息技术服务,0.62%,51.46%,0.31
1455,Dave,DAVE,US,274.56,-,6.46%,14.65/17.96,-,0.08,-,-,NASDAQ,-,35.18亿,1.96亿,软件,2.93%,86.63%,9.97
1456,Day One,DAWN,US,-,-,-,-1.04/-,-,-,-,-,-,-,22.25亿,-1.07亿,制药,-,78.97%,5.04
1457,德意志银行,DB,US,31.81,http://www.db.com/,1.58%,3.51/8.86,德意志银行股份公司是德国最大的银行和世界上最主要的金融机构之一，总部设在莱茵河畔的法兰克福。 它是一家私人拥有的股份公司，其股份在德国所有交易所进行买卖，并在巴黎、维也纳、 日内瓦、巴斯莱、阿姆斯特丹、伦敦、卢森堡、 安特卫普和布鲁塞尔等地挂牌上市。1995年底，拥有德意志银行股本的股东为28.6万，来自社会各个阶层。目前，德意志银行集团总人数74000人，为约800万顾客工作，包括世界各国的个人、商业和政府机构客户、银行和公共机关。德意志银行拥有资产超过9960亿马克。,1.34,-,49 69 910 00,NYSE,"Theodor-Heuss-Allee 70 Frankfurt, 60486",607.76亿,68.61亿,商业银行,0.15%,33.53%,0.75
1458,D. Boral Acquisition,DBCA,US,9.89,-,0.15%,-0.01/-,-,0.3,-,-,-,-,4.28亿,-6.68万,资本市场,0.51%,-,-
1459,迪堡金融设备,DBD,US,85.64,http://www.diebold.com,2.11%,2.57/31.51,"For 150 years, Diebold has brought together a combination of innovation, expertise and quality service to become a global leader in providing integrated self-service, security systems and services.",1.35,-,-,NYSE,-,29.81亿,9460.00万,软件,0.90%,102.27%,2.71
1460,Digital Brands Group,DBGI,US,1.43,-,14.47%,-2.18/-,-,-5.92,-,-,-,-,2378.00万,-3035.72万,专营零售,2.82%,1.96%,2.71
1461,Designer Brands,DBI,US,8.11,-,5.57%,-0.17/-,-,-1.82,-,-,-,-,4.11亿,-837.40万,专营零售,2.53%,84.43%,1.46
1462,Doubleline Opportuni,DBL,US,14.27,-,0.98%,1.05/13.72,-,0,-,-,NYSE,-,2.82亿,2056.06万,资本市场,0.54%,54.57%,0.938
1463,DigitalBridge Group,DBRG,US,15.6,-,0.26%,0.46/34.19,-,-0.06,-,-,-,-,28.45亿,8323.30万,权益型REITs,1.18%,93.41%,2.17
1464,DBV Technologies,DBVT,US,19.8,-,3.77%,-1.05/-,-,2.38,-,-,NASDAQ,-,11.72亿,-1.47亿,生物科技,0.31%,28.89%,6.95
1465,Dropbox,DBX,US,24.02,-,2.09%,1.89/11.27,-,0.5,-,-,-,-,57.32亿,5.08亿,信息技术服务,1.54%,121.40%,-
1466,Dakota Gold,DC,US,5.7,-,2.26%,-0.27/-,-,-0.7,-,-,-,-,7.61亿,-2953.87万,金属与采矿,0.80%,37.38%,6.76
1467,Docebo,DCBO,US,18.24,-,5.84%,1.31/12.55,-,3.46,-,-,-,-,4.71亿,3751.20万,软件,0.44%,41.02%,6.36
1468,DocGo,DCGO,US,0.718,-,9.45%,-1.84/-,-,4.36,-,-,-,-,7092.29万,-1.82亿,医疗保健服务,0.52%,41.92%,0.492
1469,Dauch,DCH,US,5.94,-,3.26%,-0.17/-,-,2.06,-,-,-,-,14.06亿,-1970.00万,汽车零配件,0.94%,69.53%,2.2
1470,唐纳森,DCI,US,88.96,http://www.donaldson.com/index.html,3.40%,1.78/27.22,"Donaldson Company, Inc., is a leading worldwide provider of filtration systems and replacement parts. Founded in 1915, Donaldson is a technology-driven company committed to satisfying customer needs for filtration solutions through innovative research and development. Donaldson serves customers in the industrial and engine markets, including dust collection, power generation, specialty filtration, compressed air purification, off-road equipment, industrial compressors, heavy trucks and light vehicles.",1.13,-,-,NYSE,-,103.03亿,2.06亿,机械制造,0.95%,87.58%,6.54
1471,杜科蒙,DCO,US,139.41,http://www.ducommun.com,6.53%,-2.27/-,"Ducommun is a leading technology company with design, development, manufacturing, integration, and test capabilities in the areas of missiles, space, sensor, simulations, complex electronic/mechanical assemblies, illuminated cockpit displays, RF systems and space qualified motion control devices.",-2.62,-,-,NYSE,-,20.89亿,-3393.80万,航空航天与国防,1.84%,89.75%,3.16
1472,迪募社区银行,DCOM,US,35.29,http://www.dime.com,5.43%,-/13.29,"The Dime Savings Bank of Williamsburgh delivers financial services of the highest quality by relying on traditional, time-honored principles like personal service and good, honest value.",-5.49,-,-,NASDAQ,-,15.49亿,3276.00万,商业银行,1.38%,85.69%,1.03
1473,Decoy,DCOY,US,5.425,-,6.00%,-129.1/-,-,0.09,-,-,-,-,288.59万,-1251.85万,制药,1.65%,0.66%,0.49
1474,迪卡斯,DCTH,US,10.84,http://www.delcath.com/,3.76%,0.08/138.3,"Delcath Systems (Nasdaq:DCTH) has developed a platform technology for chemosaturation that is designed to isolate specific organs or regions of the body from the general circulatory system, in order to deliver high dose chemotherapy or other therapeutic agents to a diseased organ or body region while at the same time reducing the potential systemic effect of toxicities.",1.88,-,-,NASDAQ,-,3.73亿,270.00万,医疗保健设备,0.66%,50.81%,3.36
1475,数字货币X,DCX,US,2.23,-,10.00%,-/-,-,-3.04,-,-,-,-,4362.12万,-4004.80万,汽车,0.25%,0.00%,-
1476,杜邦,DD,US,46.33,http://www.dupont.com,1.60%,-1.87/-,杜邦公司专注于科学及科技等产业，包括高性能材料、专业化学、医药及生物科技。公司通过各个业务单位在全球运营。在它的运营单位内，他们为不同市场制造及销售广泛系列的产品，包括交通、纺织、建筑、汽车、农业及杂交种子、营养保健、医药、包装及电器市场。,-0.09,-,302-774-1000,NYSE,"1007 Market Street Wilmington, DE 19898 United States",189.90亿,-7.79亿,化学制品,0.66%,78.41%,1.36
1477,日日煮,DDC,US,1.86,-,7.14%,-5.55/-,-,2.2,-,-,NYSE,-,8560.74万,-5100.81万,食品与日用品零售,0.44%,0.20%,2.24
1478,3D系统,DDD,US,2.26,http://www.3DSystems.com,4.98%,0.23/11.05,3D Systems Corporation 是一家三维立体打印机生产商，能够用塑料、树脂和金属等材料直接打印从吉他模型到玩具等各类产品。2011年年中从纳斯达克（原代码TDSC）转到纽约证券交易所。,2.26,-,-,NYSE,-,3.30亿,2988.30万,电脑与外围设备,1.66%,56.73%,1.37
1479,DoubleDown,DDI,US,8.95,-,1.82%,41.37/4.33,-,1.88,-,-,-,-,4.44亿,1.02亿,酒店餐饮与休闲,0.46%,416.20%,0.467
1480,叮咚买菜,DDL,US,2.58,-,4.21%,0.1/17.64,-,-1.15,-,-,-,-,5.59亿,3169.78万,食品与日用品零售,0.13%,23.04%,3.76
1481,Datadog,DDOG,US,129.48,-,4.14%,0.31/425.2,-,1.27,-,-,-,-,458.17亿,1.08亿,软件,1.00%,86.68%,12.28
1482,狄乐百货,DDS,US,595.2,http://www.dillards.com,3.49%,36.42/16.3,"Dillard's, Inc. ranks among the nation's largest fashion apparel, cosmetics and home furnishings retailers with annual revenues exceeding $6.2 billion. The Company focuses on delivering maximum fashion and value to its shoppers by offering compelling selections complemented by exceptional customer care. Dillard's stores offer a broad selection of merchandise and feature products from both national and exclusive brand sources. The Company operates 294 Dillard's locations and 14 clearance centers spanning 29 states, all with one nameplate - Dillard's.",-1.38,-,-,NYSE,-,92.95亿,5.70亿,多元化零售,0.71%,64.34%,5.23
1483,迪尔,DE,US,562.64,http://www.deere.com/,4.49%,2.43/31.57,约翰·迪尔公司于1837年成立。它由一家只有一个人的铁匠店发展为现今在全世界160多个国家销售，在全球拥有约37000位员工的集团公司。从1837年至今，公司一直遵循约翰迪尔的价值观：对产品质量、顾客服务、诚实经商的承诺，尊重个人贡献。通过持续不断的改进和有益的成长，公司努力为股东创造了价值。公司在建筑、森林、草坪和草皮培养等农业设备生产方面占主导地位。另外，公司也生产柴油机和其他工业动力设备，在信用卡、健康护理和专门技术方面提供产品和服务。,-4.95,-,-,NYSE,-,1519.73亿,6.56亿,机械制造,0.44%,73.00%,5.78
1484,东风政府物业,DEA,US,23.52,-,2.20%,0.27/83.84,-,1.51,-,-,NYSE,-,10.90亿,1300.30万,写字楼房地产投资信托,0.99%,72.98%,0.824
1485,Diversified Energy,DEC,US,15.48,-,1.54%,4.67/3.28,-,-0.77,-,-,-,-,11.20亿,3.41亿,石油与天然气,0.82%,77.63%,1.14
1486,戴克斯户外,DECK,US,108.53,http://www.deckers.com,1.80%,6.05/14.81,"Deckers Outdoor Corporation, with corporate offices in Goleta, CA, remains close to its origins. It is there, as a University of California, Santa Barbara student, that founder Doug Otto began producing sandals in 1973. Since then, Deckers has grown into a leading global company with locations on three continents and six footwear brands - Ahnu®, Mozo®, Simple®, Teva®, Tsubo,® and UGG® Australia.",0.76,-,-,NYSE,-,154.06亿,8.88亿,纺织服装与奢侈品,0.77%,96.99%,5.9
1487,Defi Technologies,DEFT,US,0.82,-,10.19%,0.18/5.1,-,5.81,-,-,-,-,3.18亿,6240.57万,综合金融服务,1.54%,11.69%,2.98
1488,道格拉斯艾美特,DEI,US,10.7,http://www.douglasemmett.com/,2.47%,0.09/110.2,"Douglas Emmett, Inc. (NYSE:DEI) is a premier provider of Class-A office properties and luxury apartment communities in Southern California and Honolulu.  With an office portfolio consisting of 58 Class-A properties (totaling approximately 14.6 million rentable square feet), and a residential portfolio comprised of nine premier apartment communities (totaling 2,868 units), Douglas Emmett offers prospective tenants a wide variety of immediate office and living solutions to fit any requirement.",1.61,-,-,NYSE,-,17.92亿,1626.70万,写字楼房地产投资信托,1.23%,101.57%,0.941
1489,戴尔科技,DELL,US,216.09,-,4.48%,8.79/23.51,-,1.86,-,-,-,-,1395.40亿,59.36亿,电脑与外围设备,1.53%,78.56%,-
1490,帝亚吉欧,DEO,US,79.29,http://www.diageo.com/,1.08%,0.9/18.28,英国帝亚吉欧集团(DEO)是全球最具规模的高级酒品公司、第一烈酒帝国、也是唯一一家同时经营烈酒、葡萄酒以及啤酒的集团公司。公司旗下拥有的知名品牌有世界第一伏特加Smirnoff（皇冠）、世界第一苏格兰威士忌JohnnieWalker（尊尼获加）、世界第一利口酒 Baileys（百利甜酒）、世界第一的黑啤Guinness（健力士）等。,-0.1,-,-,NYSE,-,441.34亿,19.95亿,饮料,0.11%,9.65%,3.8
1491,Journey Medical,DERM,US,5.15,http://www.dermira.com,3.70%,-0.47/-,"Dermira is a specialty biopharmaceutical company focused on bringing innovative and differentiated medical dermatology products to dermatologists and their patients. Our management team has extensive experience in product development and commercialization, having served in leadership roles at several leading dermatology companies. Our strategy is to leverage this experience to in-license, acquire, develop and commercialize products that we believe can be successful in the dermatology marketplace. Our portfolio of five product candidates targets significant market opportunities and includes three late-stage product candidates, Cimzia (certolizumab pegol), which we are developing in collaboration with UCB Pharma S.A., for the treatment of moderate-to-severe plaque psoriasis, DRM04, which we are developing for the treatment of hyperhidrosis, or excessive sweating, and DRM01, which we are developing for the treatment of acne.",0.39,S1/F1,-,NASDAQ,-,1.41亿,-1143.10万,制药,1.20%,56.09%,4.42
1492,Liberty Defense,DETX,US,4.62,-,5.14%,-/-,-,-1.07,-,-,-,-,2613.97万,-1051.02万,电子设备与仪器,3.90%,0.01%,-
1493,DevvStream,DEVS,US,0.303,-,18.18%,-0.98/-,-,-11.14,-,-,-,-,161.67万,-393.61万,商业服务与用品,44.43%,0.97%,-
1494,Defi Development,DFDV,US,4.32,-,8.17%,-4/-,-,-4.64,-,-,-,-,1.27亿,-7378.80万,软件,2.42%,18.40%,1.28
1495,Dream Finders Homes,DFH,US,15.21,-,2.34%,2.19/6.85,-,-1.17,-,-,-,-,13.96亿,2.04亿,耐用消费品,1.73%,85.60%,0.98
1496,Donnelley Financial,DFIN,US,50.49,-,2.25%,1.18/44.46,-,0,-,-,NYSE,-,14.40亿,3240.00万,资本市场,1.19%,97.32%,3.8
1497,Dragonfly Energy,DFLI,US,2.05,-,5.77%,-14.8/-,-,-1.44,-,-,-,-,2490.50万,-7080.80万,电子设备与仪器,1.87%,13.86%,2.16
1498,T3 Defense,DFNS,US,0.513,-,9.85%,8.45/0.247,-,-0.97,-,-,-,-,1940.35万,7854.90万,航空航天与国防,7.22%,3.68%,-
1499,Flaherty & Crumrine,DFP,US,20.85,-,1.28%,1.88/11.12,-,-0.81,-,-,-,-,4.28亿,3851.09万,资本市场,0.24%,25.93%,0.915
1500,DEFSEC Technologies,DFSC,US,2.27,-,16.43%,-11.33/-,-,6.57,-,-,-,-,452.55万,-691.23万,软件,9.27%,7.92%,0.808
1501,Definium,DFTX,US,22.48,-,7.45%,-2.06/-,-,-3.35,-,-,-,-,22.41亿,-1.84亿,制药,2.73%,68.06%,6.74
1502,达乐,DG,US,120.71,http://www.dollargeneral.com,2.31%,6.87/17.58,Dollar General为美国知名之连锁零售店，以低廉、货品优良见称。以供应日常的民生用品为主: 包括健康美容品、包装食物、清洁剂、家庭用品、文具、玩具、季节性货品、衣服及家用纺织品如毛巾及床单等。私募股本巨头KKR拥有公司85%的股份。,-1.11,-,-,NYSE,-,265.84亿,15.12亿,多元化零售,0.84%,99.10%,3.12
1503,多尼戈尔股份A,DGICA,US,17.73,-,3.16%,2.22/8.27,-,-0.06,-,-,NASDAQ,-,6.56亿,7934.07万,保险,0.46%,41.20%,1.02
1504,多尼戈尔股份B,DGICB,US,19.76,-,7.65%,2.22/9.22,-,4.66,-,-,NASDAQ,-,7.31亿,7934.07万,保险,0.37%,6.61%,1.14
1505,美国迪进国际,DGII,US,56.66,http://www.digi.com/,3.02%,0.31/50.22,"Digi International/MaxStream - Wireless Products Since 1999. Incorporated in 1999, MaxStream has become a leader providing wireless device networking solutions. Their most popular products include 900 MHz and 2.4 GHz embedded OEM RF modules, RS-232/485 RF Modems and USB RF Modems that allow products and systems to talk wirelessly to each other.",0.69,-,-,NASDAQ,-,21.31亿,1171.10万,通信设备,0.52%,98.34%,3.28
1506,Diginex,DGNX,US,0.472,-,10.20%,-0.03/-,-,-3.67,-,-,-,-,1.10亿,-580.58万,软件,1.98%,0.39%,10.04
1507,奎斯特诊疗,DGX,US,196.27,-,2.81%,2.27/21.22,-,-1.63,-,-,-,-,217.26亿,2.52亿,医疗保健服务,0.94%,95.74%,2.92
1508,Digi Power,DGXX,US,3.39,-,6.98%,-0.64/-,-,-1.45,-,-,-,-,2.37亿,-2835.62万,软件,2.19%,16.97%,1.92
1509,Definitive,DH,US,1.02,-,7.00%,-1.3/-,-,2,-,-,-,-,1.47亿,-1.39亿,软件,0.68%,86.87%,0.521
1510,Diversified,DHC,US,7.46,-,6.34%,-1.19/-,-,5.07,-,-,-,-,18.06亿,-2.86亿,医疗保健房地产投资信托,0.47%,78.55%,1.08
1511,BNY Mellon高收益策略,DHF,US,2.43,-,1.03%,0.19/11.62,-,0,-,-,NYSE,-,1.77亿,1368.13万,资本市场,0.52%,31.50%,0.871
1512,霍顿房屋,DHI,US,159.9,http://www.drhorton.com,3.04%,4.28/14.29,D.R. Horton （NYSE：DHI）是美国住宅建筑商；总部位于美国德克萨斯州沃思堡市。,-2.63,-,1-817-3908200,NYSE,-,453.44亿,12.43亿,耐用消费品,0.86%,86.61%,1.92
1513,丹纳赫,DHR,US,177.25,http://www.danaher.com,1.40%,1.45/34.01,丹纳赫公司，最初的名称为DMG，于1969年作为马萨诸塞州的房地产投资信托基金而被组建。公司设计、制造和销售专业的、医疗的、工业的和商业的产品和服务，这些产品和服务典型的特点是具有强大的品牌名称、创新的技术并占据主要市场地位。公司的业务由五个部分组成：测试与测量、环境、生命科学和诊断、牙科和工业技术。公司的研究开发，生产制造，销售，分销，服务和管理设施位于50多个国家。,-0.74,-,-,NYSE,-,1254.52亿,10.29亿,生命科学工具,0.99%,82.44%,2.37
1514,DHT控股,DHT,US,18.06,-,2.63%,1.31/13.78,-,1.52,-,-,NYSE,-,29.08亿,2.11亿,海运,1.51%,67.08%,2.57
1515,戴斯控股,DHX,US,2.74,-,5.40%,-0.3/-,"Dice Holdings, Inc.is a leading provider of specialized career websites for select professional communities.",-1.44,-,-,NYSE,-,1.20亿,-1351.00万,专业服务,0.33%,72.06%,1.27
1516,Credit Suisse High,DHY,US,1.76,-,2.22%,0.12/14.76,-,-2.22,-,-,AMEX,-,1.82亿,1235.11万,资本市场,0.94%,7.59%,0.823
1517,1stdibs.com,DIBS,US,5.45,-,4.15%,-0.38/-,-,-3.71,-,-,-,-,1.98亿,-1366.60万,多元化零售,0.40%,42.13%,2.12
1518,Dine Brands Global,DIN,US,28.31,-,3.35%,1.11/22.97,-,0.82,-,-,NYSE,-,3.67亿,1600.00万,酒店餐饮与休闲,1.43%,85.74%,-
1519,HF Sinclair,DINO,US,60.26,-,2.75%,3.08/18.76,-,1.21,-,-,-,-,108.63亿,5.79亿,石油与天然气,0.73%,89.20%,1.18
1520,Diodes,DIOD,US,104.4,-,6.96%,1.43/72.62,Diodes是一家标普低市值600指数(S&P SmallCap 600 Index)及罗素3000指数公司，是活跃于广泛的分立、逻辑及模拟半导体市场的全球领先的高质量特殊应用标准产品的制造商及供应商，服务于消费电子、计算机、通信、工业及汽车等不同市场。Diodes公司总部、物流中心及美国销售办事处位于美国德克萨斯州达拉斯市，并在世界各地设有销售及支持办事处,3.98,-,-,NASDAQ,-,48.03亿,6614.10万,半导体产品与设备,2.25%,96.94%,2.56
1521,迪士尼,DIS,US,102.6,http://www.disney.com,1.61%,1.34/14.83,"迪士尼(DIS)是全球最大的娱乐传媒帝国，公司的主要业务有四项：影视娱乐、媒体网络、主题公园和度假村和消费产品。
旗下品牌包括：美国广播公司(ABC)、ESPN。2006年，迪士尼以74亿美元收购皮克斯。",-1.01,-,1-818-5601000,NYSE,-,1817.58亿,24.02亿,娱乐,0.34%,74.98%,1.68
1522,AMCON Distributing,DIT,US,88.25,-,0.28%,-1.49/200.9,-,-1.01,-,-,AMEX,-,8613.45万,-138.15万,经销商,0.36%,10.32%,0.767
1523,每日期刊,DJCO,US,532.87,-,3.28%,-5.79/7.87,-,0.64,-,-,NASDAQ,-,7.34亿,-797.70万,媒体,2.64%,112.68%,1.92
1524,特朗普媒体科技,DJT,US,9.35,-,4.85%,-2.8/-,-,1.96,-,-,-,-,25.87亿,-7.12亿,软件,1.56%,20.28%,1.57
1525,Delek Us Holdings,DK,US,39.66,-,3.29%,-0.38/-,"Delek US Holdings is a diversified downstream energy company with operations in three primary business segments: petroleum refining, marketing & supply and convenience store retailing. Delek US is headquartered in Brentwood, Tennessee and employs more than 3,000 people across the eight states. The Company has been publicly traded on the New York Stock Exchange since 2006 under the ticker symbol ""DK"".",-0.4,-,-,NYSE,-,23.72亿,-2280.00万,石油与天然气,2.15%,109.38%,8.28
1526,黑瞳科技,DKI,US,0.464,-,6.48%,-0.52/-,-,0.22,-,-,-,-,1436.25万,-864.22万,软件,4.29%,1.23%,2.12
1527,Delek Logistics,DKL,US,50.41,-,2.85%,3.3/15.29,-,-2.12,-,-,NYSE,-,26.98亿,1.76亿,石油与天然气,0.26%,20.20%,442.2
1528,DraftKings,DKNG,US,23.18,-,8.06%,0.01/3097,-,4.56,-,-,-,-,114.91亿,371.00万,酒店餐饮与休闲,3.42%,86.91%,18.19
1529,迪克体育用品,DKS,US,225.91,-,2.78%,10.22/23.69,-,0.65,-,-,NYSE,-,201.16亿,8.49亿,专营零售,1.17%,104.27%,3.63
1530,杜比实验室,DLB,US,64.08,-,2.78%,0.56/25.45,-,1.78,-,-,NYSE,-,61.22亿,5332.70万,电子设备与仪器,0.65%,95.93%,2.36
1531,DLH Holdings,DLHC,US,6.02,-,4.39%,-0.09/-,-,-0.17,-,-,NASDAQ,-,8724.81万,-132.40万,专业服务,0.06%,70.58%,0.778
1532,Dynagas Lng,DLNG,US,3.94,-,2.01%,1.38/2.84,"Dynagas LNG Partners LP, through its subsidiaries, owns and operates liquefied natural gas (LNG) carriers. Its initial fleet consists of three LNG carriers operating under multi-year charters with BG Group and Gazprom.",-1.01,-,-,NYSE,-,1.43亿,5040.70万,海运,0.08%,9.63%,0.358
1533,DLocal,DLO,US,13.76,-,4.36%,0.68/20.62,-,3.38,-,-,-,-,40.58亿,1.97亿,综合金融服务,2.04%,60.36%,7.13
1534,Dolphin,DLPN,US,1.355,-,1.46%,-0.27/-,-,-1.09,-,-,-,-,1682.86万,-308.88万,娱乐,0.14%,3.38%,1.74
1535,数字房地产信托,DLR,US,200,-,4.40%,0.49/52.19,Digital Realty Trust is a publically traded company (NYSE: DLR) with investment grade ratings from all three major ratings agencies.,0,-,-,NYSE,-,697.85亿,1.69亿,专业房地产投资信托,1.35%,100.10%,3.08
1536,德卢斯控股,DLTH,US,3.6,-,9.80%,-0.47/-,-,3.75,-,-,NASDAQ,-,1.37亿,-1638.80万,纺织服装与奢侈品,1.44%,15.39%,0.812
1537,美元树,DLTR,US,103.75,http://www.dollartree.com,3.25%,6.23/15.96,Dollar Tree是美国折扣零售巨头，类似国内的“一元店”,1.47,-,-,NASDAQ,-,204.70亿,12.82亿,多元化零售,1.26%,107.28%,5.45
1538,豪华,DLX,US,30.33,-,2.02%,1.83/16.88,Today's Deluxe is the indispensable partner for unleashing the growth potential of small businesses and financial institutions.,0.2,-,-,NYSE,-,13.86亿,8210.00万,综合金融服务,0.61%,85.90%,2.04
1539,Delixy Holdings,DLXY,US,0.723,-,13.28%,-/9.17,-,-5.86,-,-,-,-,1182.11万,45.00万,石油与天然气,2.23%,0.16%,15.38
1540,DoubleLine,DLY,US,14.18,-,1.05%,1.03/13.79,-,-0.28,-,-,-,-,6.88亿,4991.63万,资本市场,0.35%,27.02%,0.889
1541,Destra Multi,DMA,US,7.88,-,3.65%,0.58/7.96,-,-0.88,-,-,-,-,7063.03万,517.15万,资本市场,0.48%,47.12%,0.768
1542,Drugs Made In,DMAA,US,10.545,-,0.14%,0.19/59.85,-,0.05,-,-,-,-,3.56亿,594.06万,资本市场,0.00%,68.39%,1.53
1543,Diamedica,DMAC,US,6.33,-,5.63%,-0.7/-,-,1.77,-,-,-,-,3.41亿,-3276.60万,生物科技,0.49%,22.31%,6.08
1544,Bny Mellon Municipal,DMB,US,10.88,-,1.28%,-0.88/-,-,-0.46,-,-,NYSE,-,2.00亿,-1624.67万,资本市场,0.21%,43.30%,0.987
1545,Drugs America,DMII,US,10.01,-,0.10%,0.16/152.3,-,0,-,-,-,-,6.38亿,418.70万,资本市场,0.45%,54.26%,1.31
1546,多尔切斯特,DMLP,US,28.11,-,3.69%,1.16/24.55,-,-2.06,-,-,NASDAQ,-,13.56亿,5525.20万,石油与天然气,0.67%,21.05%,4.44
1547,Western Asset Mortga,DMO,US,10.97,-,1.33%,1.2/9.15,-,0.73,-,-,NYSE,-,1.25亿,1369.74万,资本市场,0.12%,20.56%,0.939
1548,Damora Therapeutics,DMRA,US,24.75,-,7.34%,3.98/-,-,-2.64,-,-,-,-,14.93亿,-2.10亿,制药,0.30%,1.86%,-
1549,数字标识,DMRC,US,7.29,-,9.27%,-1.49/-,"Digimarc is a leading innovator and technology provider, enabling businesses and governments worldwide to enrich everyday living with the means to identify all forms of content, including audio, video, imagery and even certain objects.",4.74,-,-,NASDAQ,-,1.61亿,-3230.90万,软件,0.70%,58.80%,4.01
1550,Ginkgo Bioworks,DNA,US,7.87,-,3.83%,-5.64/-,-,2.21,-,-,-,-,4.87亿,-3.13亿,生物科技,1.19%,65.04%,0.958
1551,Denali,DNLI,US,19.87,-,3.98%,-2.97/-,-,2.16,-,-,-,-,31.53亿,-5.13亿,生物科技,0.83%,96.30%,3.11
1552,DynamixIII,DNMX,US,9.98,-,0.00%,0.06/341.2,-,0.1,-,-,-,-,2.68亿,78.48万,资本市场,-,71.90%,-
1553,丹尼森矿业,DNN,US,3.8,-,5.61%,-0.17/-,"Denison Mines Corp. (Denison) is engaged in uranium exploration, development, mining and milling with uranium mining projects in both the United States and Canada and development projects in Canada, the United States, Zambia and Mongolia. Denison’s assets include an interest in two of the four licensed conventional uranium mills in North America, with its 100% interest of the White Mesa mill in Utah and its 22.5% interest of the McClean Lake mill in Saskatchewan. Denison also produces vanadium as a co-product from some of its mines in Colorado and Utah and recycles uranium-bearing waste materials, referred to as alternate feed materials, for the recovery of uranium, alone or in combination with other metals, at its White Mesa mill. The Company’s 70% interest in the Gurvan Saihan Joint Venture in Mongolia is held through Denison Mines (Mongolia) Ltd, which is wholly owned by Denison Mines (Bermuda) I Ltd., a wholly-owned subsidiary of the Company.",-3.06,-,-,AMEX,-,34.36亿,-1.58亿,石油与天然气,2.37%,51.94%,12.79
1554,DNOW,DNOW,US,12.71,-,3.98%,-0.76/-,-,2.17,-,-,NYSE,-,23.63亿,-8900.00万,贸易与经销,1.49%,100.22%,1.06
1555,DNP Select Income,DNP,US,10.72,-,1.44%,1.15/9.38,"The DNP Select Income Fund Inc. (NYSE: DNP) is a diversified, closed-end management investment company that first offered its common stock to the public in January 1987. The Fund's primary investment objectives are current income and long-term growth of income. Capital appreciation is a secondary objective. DNP has outstanding RP, APS and bank loan to leverage the common stockholders' investment.",-0.65,-,-,NYSE,-,40.40亿,4.31亿,资本市场,0.16%,10.51%,1.15
1556,Dianthus,DNTH,US,87.39,-,3.85%,-4.2/-,-,-2.71,-,-,-,-,47.58亿,-1.62亿,制药,0.77%,91.02%,9.64
1557,Krispy Kreme,DNUT,US,3.93,-,5.24%,-3.04/-,-,2.88,-,-,-,-,6.77亿,-5.16亿,食品与日用品零售,1.84%,43.41%,1.04
1558,Healthpeak,DOC,US,16.43,-,2.29%,0.1/162,-,0.12,-,-,NYSE,-,114.23亿,7051.30万,医疗保健房地产投资信托,1.19%,95.98%,1.52
1559,DigitalOcean,DOCN,US,95.21,-,4.25%,2.83/38.17,-,-0.68,-,-,-,-,98.97亿,2.59亿,信息技术服务,1.96%,69.21%,-
1560,Doximity,DOCS,US,24.01,-,3.54%,0.94/18.53,-,3.63,-,-,-,-,44.35亿,1.77亿,软件,4.39%,92.15%,4.53
1561,DocuSign,DOCU,US,46.22,-,3.03%,1.53/29.05,-,2.67,-,-,-,-,89.80亿,3.09亿,信息技术服务,1.24%,88.17%,4.68
1562,多尼斯,DOGZ,US,1.24,-,3.97%,-0.29/-,-,-1.59,-,-,-,-,1799.32万,-517.50万,耐用消费品,0.62%,2.17%,0.189
1563,都乐食品,DOLE,US,15.12,-,1.98%,0.54/28.04,-,-0.13,-,-,-,-,14.39亿,5131.90万,食品,0.85%,70.38%,1.05
1564,Dominari Holdings,DOMH,US,2.89,-,4.15%,-1.57/-,-,0,-,-,-,-,6535.38万,-2243.50万,资本市场,2.06%,6.84%,0.942
1565,Domo,DOMO,US,3.89,-,10.39%,-1.45/-,-,2.37,-,-,-,-,1.76亿,-5934.20万,软件,2.06%,89.03%,-
1566,BRP,DOO,US,56.78,-,6.74%,2.94/19.47,-,1.48,-,-,NYSE,-,41.87亿,2.15亿,汽车零配件,1.79%,80.58%,0.0000
1567,Dorman,DORM,US,111.19,-,3.26%,6.69/16.38,-,1.68,-,-,NASDAQ,-,33.45亿,2.04亿,汽车零配件,0.79%,89.04%,2.26
1568,Douglas Elliman,DOUG,US,1.96,-,5.35%,0.17/11.36,-,4.81,-,-,-,-,1.73亿,1521.90万,房地产管理和开发Ⅲ,0.39%,51.30%,0.94
1569,都福,DOV,US,224.78,-,3.02%,1.77/27.48,-,-1.48,-,-,NYSE,-,302.69亿,2.38亿,机械制造,0.84%,90.46%,4.04
1570,陶氏,DOW,US,38.66,http://www.dow.com,4.05%,-0.74/-,"陶氏化学(Dow Chemical Co , NYSE:DOW)是一家多元的化学公司；公司业务涉及食品、药品、油漆、包装，以及个人护理产品、建筑、家居和汽车等众多领域。",0.34,-,-,NYSE,-,278.64亿,-5.33亿,化学制品,1.77%,68.90%,1.83
1571,Amdocs,DOX,US,65.31,-,2.15%,1.46/12.37,-,0.82,-,-,NASDAQ,-,70.25亿,1.55亿,信息技术服务,1.15%,96.62%,2.05
1572,斗鱼,DOYU,US,4.99,-,0.90%,-0.14/-,-,0.2,-,-,-,-,1.51亿,-415.87万,互动媒体与服务,0.02%,22.62%,0.53
1573,Duff & Phelps Utilit,DPG,US,14.72,-,1.09%,2.31/6.34,-,0.2,-,-,NYSE,-,5.37亿,8466.60万,资本市场,0.12%,30.34%,1.03
1574,Draganfly,DPRO,US,5.87,-,7.79%,-1.06/-,-,-4.71,-,-,-,-,2.14亿,-1675.98万,航空航天与国防,3.55%,6.82%,3.04
1575,达美乐比萨,DPZ,US,367.83,-,2.29%,17.69/20.56,"Founded in 1960, Domino's Pizza is the recognized world leader in pizza delivery operating a network of company-owned and franchise-owned stores in the United States and international markets. Domino's Pizza's Vision illustrates a company of exceptional people on a mission to be the best pizza delivery company in the world. To learn more about Domino's, please visit the links we've provided at the top of the page.",-1.22,-,-,NYSE,-,123.69亿,6.02亿,酒店餐饮与休闲,4.13%,99.37%,-
1576,大全新能源,DQ,US,22.99,http://www.dqsolar.com,4.86%,-0.51/-,"大全新能源（DQ）是重庆的一家多晶硅材料生产商，公司成立于2006年，是大全集团下属的全资子公司。主要从事电子级、太阳能级高纯多晶硅研发、生产、制造与销售。重庆大全已实现年销售额150亿元，目前1500吨/年多晶硅生产线已投产运营。公司占地1000亩，现有员工500余人，员工最终达2000人。2010年10月7日在纽交所IPO，发行价9.5美元,发行800万股ADS，募集资金7600万美元。1ADS=25普通股（2012年12月21日，大全执行5合1并股）.",-0.3,S1/F1,86-23-64866677,NYSE,中国重庆市万州区龙都大道666号,15.56亿,-1.71亿,半导体产品与设备,0.88%,8.92%,0.353
1577,Direct Digital,DRCT,US,0.609,-,10.26%,-75.79/-,-,-8.14,-,-,-,-,180.98万,-1894.60万,互动媒体与服务,7.17%,3.98%,-
1578,DRDGOLD,DRD,US,29.13,-,2.45%,0.14/13.07,-,1.08,-,-,NYSE,-,25.27亿,1.16亿,金属与采矿,0.19%,11.38%,3.89
1579,Roman DBDR,DRDB,US,10.514,-,0.19%,0.25/41.67,-,-0.06,-,-,-,-,3.22亿,773.74万,资本市场,0.07%,98.14%,-
1580,DiamondRock,DRH,US,10.22,-,2.07%,0.44/22.83,-,0.79,-,-,NYSE,-,20.92亿,9161.60万,酒店和度假村房地产投资信托,0.85%,109.39%,1.44
1581,达登饭店,DRI,US,201.06,-,1.68%,6.91/20.83,-,-0.63,-,-,NYSE,-,230.28亿,8.02亿,酒店餐饮与休闲,0.80%,97.99%,10.95
1582,DarioHealth,DRIO,US,7.41,-,4.31%,-10.12/-,-,2.92,-,-,NASDAQ,-,5409.60万,-6173.50万,医疗保健设备,0.30%,11.67%,0.796
1583,Dermata Therapeutics,DRMA,US,1.24,-,7.11%,-8.16/-,-,-1.98,-,-,-,-,498.75万,-755.86万,制药,3.09%,0.67%,0.802
1584,Leonardo DRS,DRS,US,39.98,-,5.13%,1.05/38.25,-,-3.45,-,-,-,-,106.33亿,2.78亿,航空航天与国防,1.46%,25.93%,3.9
1585,Alpha Tau Medical,DRTS,US,8.09,-,8.77%,-0.53/-,-,1.38,-,-,-,-,7.12亿,-4262.70万,生命科学工具,0.41%,2.59%,9.24
1586,Bright Minds,DRUG,US,89.16,-,5.77%,-1.28/-,-,0.54,-,-,-,-,8.73亿,-878.10万,生物科技,1.59%,65.87%,14.81
1587,Driven Brands,DRVN,US,12.66,-,4.32%,0.69/-,-,2.18,-,-,-,-,20.82亿,1.14亿,汽车零配件,1.92%,45.64%,2.62
1588,Daedalus Special,DSAC,US,-,-,-,0.1/912.8,-,-,-,-,-,-,3.38亿,37.05万,资本市场,-,-,1.39
1589,Design Therapeutics,DSGN,US,12.53,-,9.12%,-1.22/-,-,-1.96,-,-,-,-,7.82亿,-6979.20万,生物科技,1.14%,61.47%,3.68
1590,Distribution,DSGR,US,27.37,-,2.12%,0.18/151.5,-,0.07,-,-,-,-,12.64亿,834.50万,贸易与经销,1.13%,93.97%,1.95
1591,笛卡尔物流系统集团,DSGX,US,72,-,3.31%,1.91/37.82,"Descartes (TSX: DSG) (NASDAQ: DSGX), is making the world a better place by enabling global organizations with logistics-intensive businesses to save money by improving the productivity and performance of their operations.",-0.41,-,-,NASDAQ,-,61.94亿,1.64亿,软件,0.51%,79.15%,3.83
1592,Doubleline Income So,DSL,US,10.96,-,0.96%,0.95/11.52,-,-0.09,-,-,NYSE,-,12.56亿,1.09亿,资本市场,0.39%,24.21%,0.881
1593,Bny Mellon Strategic,DSM,US,6.01,-,0.99%,-0.11/-,-,-0.5,-,-,NYSE,-,3.02亿,-551.65万,资本市场,0.16%,49.67%,0.933
1594,Viant Technology,DSP,US,10.56,-,8.75%,0.51/80.71,-,3.83,-,-,-,-,6.74亿,835.20万,软件,2.03%,57.62%,8.21
1595,DSS,DSS,US,0.56,-,16.39%,-2.66/-,-,-8.2,-,-,AMEX,-,562.38万,-2392.90万,商业服务与用品,7.21%,1.59%,-
1596,Blackrock Debt Strat,DSU,US,9.89,-,0.81%,0.62/16.08,-,0.61,-,-,NYSE,-,6.22亿,3870.54万,资本市场,0.65%,25.97%,0.987
1597,德斯维尔工业,DSWL,US,3.33,-,1.51%,0.47/4.25,"Deswell was founded in 1987 as Jetcrown Industrial, Ltd, an independent manufacturer of injection-molded plastic parts and components. Since then Deswell has expanded its business to become an independent contract manufacturer of electronic products, components and subassemblies, a supplier of metallic molds for the company's plastics and electronics operations, and a manufacturer of metal parts for original equipment manufacturers (""OEMs"") and contract manufacturers, as well as for Deswell itself.",0.6,-,-,NASDAQ,-,5306.43万,751.90万,机械制造,0.14%,4.99%,0.491
1598,黛安娜船舶,DSX,US,2.44,-,2.90%,0.11/25,"Diana Shipping Inc. is a global provider of shipping transportation services, and specializes in transporting dry bulk cargoes, including such commodities as iron ore, coal, grain and other materials. The Company is incorporated in the Marshall Islands; our principal executive offices are in Athens, Greece. 

Diana Shipping completed an initial public offering of common stock on March 23, 2005, and our shares are traded on the New York Stock Exchange under the symbol ""DSX"". For additional information see ""Corporate Profile"".",-0.41,-,-,NYSE,-,3.01亿,1205.80万,海运,0.43%,10.08%,0.6
1599,大树云,DSY,US,2.22,-,9.02%,-0.45/-,-,0.59,-,-,-,-,1054.92万,-198.97万,食品与日用品零售,0.50%,5.96%,2.98
1600,Dynatrace,DT,US,35.29,-,3.86%,0.48/57.03,-,2.92,-,-,-,-,105.25亿,1.45亿,软件,1.66%,98.50%,3.83
1601,Datacentrex,DTCX,US,2.28,-,11.54%,-0.46/-,-,9.62,-,-,-,-,8255.52万,-850.29万,软件,4.37%,3.29%,1.25
1602,DTE能源,DTE,US,146.88,-,1.20%,7.04/20.9,-,-0.35,-,-,NYSE,-,305.55亿,14.62亿,复合型公用事业,0.62%,78.15%,2.48
1603,Dtf Tax-Free Income,DTF,US,11.44,-,0.61%,0.33/34.35,-,0.26,-,-,NYSE,-,8041.82万,234.10万,资本市场,0.20%,42.12%,0.943
1604,Drilling Tools,DTI,US,3.32,-,10.70%,-0.11/-,-,6.07,-,-,-,-,1.17亿,-376.10万,能源设备与服务,3.06%,12.72%,0.951
1605,Precision,DTIL,US,7.04,-,4.65%,-3.56/-,-,-3.69,-,-,-,-,1.82亿,-4572.40万,生物科技,0.91%,58.06%,1.97
1606,DT Midstream,DTM,US,134.65,-,1.92%,4.34/31.15,-,0.76,-,-,-,-,137.36亿,4.41亿,石油与天然气,0.73%,85.92%,2.9
1607,DT Cloud Star,DTSQ,US,11.16,-,0.00%,0.26/19.12,-,-0.53,-,-,-,-,4077.20万,213.27万,资本市场,0.00%,23.18%,-
1608,数海智能,DTSS,US,1.03,-,8.21%,-0.09/-,-,-2.83,-,-,-,-,1076.06万,-73.98万,软件,0.95%,1.04%,3.09
1609,Data Storage,DTST,US,3.925,-,5.25%,2.64/0.443,-,-1.38,-,-,-,-,850.60万,1920.47万,专业服务,1.16%,69.91%,0.208
1610,杜克能源,DUK,US,127.27,-,1.15%,6.31/20.16,-,-0.6,-,-,-,-,990.44亿,49.12亿,电力,0.31%,69.13%,1.95
1611,房多多,DUO,US,1.415,-,4.96%,-1.77/-,-,0.35,-,-,-,-,5454.60万,-532.12万,互动媒体与服务,0.16%,0.01%,1.03
1612,多邻国,DUOL,US,103.45,-,5.38%,9.05/11.69,-,3.15,-,-,-,-,48.40亿,4.14亿,综合消费者服务,4.10%,91.82%,3.59
1613,Duos Technologies,DUOT,US,8.51,-,4.81%,-0.64/-,-,-0.12,-,-,-,-,2.49亿,-983.50万,软件,1.29%,25.80%,5.14
1614,DoubleVerify,DV,US,10.89,-,5.66%,0.31/33.81,"DeVry教育提供学历及职业教育服务，旗下有Becker职业教育、Carrington学院、德锐大学、卡林顿学院、Chamberlain护理学院、罗斯大学医学和收益学院。德瑞大学建立于1931年，是美国目前最大的私立大学，为学生提供包括科技、医疗、商业、管理四大类专业的学士和硕士学位课程。Becker注册会计师培训学院是""美国注册会计师的摇篮""，超过70%美国注册会计师是该学院培养的。",4.41,-,-,NYSE,-,17.12亿,5065.00万,软件,1.58%,108.69%,1.51
1615,达维塔保健,DVA,US,151.85,-,2.88%,10.06/13.41,"DaVita Inc., a FORTUNE 500® company, is a leading provider of kidney care in the United States, delivering dialysis services and education to patients with chronic kidney failure and end stage renal disease.",-2.05,-,-,NYSE,-,100.14亿,7.47亿,医疗保健服务,1.04%,99.25%,-
1616,Datavault AI,DVLT,US,0.73,-,5.28%,-0.52/-,-,-1.22,-,-,-,-,5.10亿,-7899.40万,半导体产品与设备,6.73%,6.00%,2.14
1617,戴文能源,DVN,US,47.94,-,1.44%,4.18/11.28,戴文能源(DVN)是世界最大的独立石油及燃气勘探和开采公司，总部位于美国，位列2007年《财富》杂志美国500强239位。戴文能源的主要业务在美国和加拿大市场，在中国、巴西和阿塞拜疆等国际市场也有石油及天然气的勘探和开采业务。,-0.44,-,-,NYSE,-,297.92亿,26.42亿,石油与天然气,1.88%,80.79%,1.92
1618,道森地探,DWSN,US,3.24,-,14.24%,-0.06/-,Dawson Geophysical Company is the leading provider of onshore seismic data acquisition services in the United States.,9.83,-,-,NASDAQ,-,1.01亿,-194.10万,能源设备与服务,0.32%,6.46%,6.37
1619,Dogwood,DWTX,US,1.38,-,10.21%,-7.13/-,-,-1.43,-,-,-,-,4609.41万,-3551.40万,生物科技,1.97%,0.21%,0.616
1620,德尼克斯投资,DX,US,13.76,-,1.80%,2.49/12.35,"Dynex Capital, Inc. is a real estate investment trust, or REIT, which invests in mortgage loans and securities on a leveraged basis.  The Company invests in both Agency and non-Agency securitized mortgage products. The Company also has investments in securitized single-family residential and commercial mortgage loans originated by the Company from 1992 to 1998.  The Company finances it investments through a combination of repurchase agreements, securitization financing, and equity capital. 

Dynex, headquartered in Glen Allen, Virginia, was incorporated in 1987 and is publicly traded on the New York Stock Exchange under ticker symbol DX.",1.18,-,-,NYSE,-,28.50亿,-8302.00万,权益型REITs,4.30%,33.66%,1.05
1621,DXC Technology,DXC,US,11.88,-,3.53%,0.9/4.77,-,-0.25,-,-,NYSE,-,20.17亿,1.59亿,信息技术服务,1.60%,94.55%,0.641
1622,德康医疗,DXCM,US,61.57,http://www.dexcom.com,4.08%,2.14/28.41,德康医疗是一家医疗设备公司，致力于设计、开发和商业化动态血糖监测系统，供糖尿病人日间使用和医院的保健服务提供者在糖尿病和非糖尿病患者治疗中使用。公司的产品收入的大部分来自于销售公司的G4白金动态血糖监测系统，该公司在2012年第四季度开始商业化。,-1.8,-,1-858-2000200,NASDAQ,-,237.58亿,8.36亿,医疗保健设备,0.95%,95.41%,8.65
1623,益生科技,DXF,US,0.51,-,8.08%,0.0000/-,-,-1.92,-,-,-,-,148.40万,-68.79万,消费信贷,6.66%,0.00%,0.216
1624,Destination XL Group,DXLG,US,0.693,-,12.80%,-0.66/-,-,-3.62,-,-,NASDAQ,-,3798.37万,-3590.80万,专营零售,0.16%,65.06%,0.351
1625,DXP Enterprises,DXPE,US,169.51,-,5.22%,5.65/29.7,"Founded in 1908 and headquartered in Houston, Texas, DXP is a leading products and services distributor.",0.92,-,-,NASDAQ,-,26.31亿,8858.70万,贸易与经销,1.57%,73.89%,5.28
1626,Daxor,DXR,US,10.25,-,8.55%,1.82/6.51,-,4.91,-,-,AMEX,-,5972.91万,916.98万,医疗保健设备,0.19%,1.61%,1.3
1627,鼎信控股,DXST,US,2.41,-,4.13%,-0.02/-,-,-0.41,-,-,-,-,437.44万,-32.22万,商业服务与用品,96.90%,0.95%,0.566
1628,Destiny Tech100,DXYZ,US,29.44,-,1.36%,3.07/9.6,-,-0.2,-,-,-,-,4.25亿,4423.20万,资本市场,7.73%,9.09%,0.97
1629,戴康工业,DY,US,410.72,-,2.52%,9.68/43.85,"Dycom Industries, Inc. is a leading provider of specialty contracting services to the dynamic telecommunications and infrastructure industry.",-0.88,-,-,NYSE,-,123.29亿,2.81亿,建筑与工程,0.86%,92.91%,6.63
1630,Dyadic国际,DYAI,US,0.86,-,11.43%,-0.23/-,-,-0.69,-,-,-,-,3133.73万,-736.46万,生物科技,0.08%,15.31%,25.29
1631,Dyne,DYN,US,18.26,http://www.dynegy.com,7.20%,-3.47/-,戴纳基(Dynegy Inc NYSE:DYN)是美国第三大电力供应商。,-3.39,-,1-713-5076400,NYSE,-,30.17亿,-4.46亿,生物科技,0.97%,108.30%,3.1
1632,Insight Digital II,DYOR,US,9.99,-,0.00%,0.08/257.2,-,0.1,-,-,-,-,2.30亿,89.34万,资本市场,0.00%,78.60%,1.37
1633,埃尼石油,E,US,54.11,-,2.07%,0.92/26.14,埃尼集团是意大利政府为保证国内石油和天然气供应于1953年2月10日成立的国家控股公司，是意大利第二大国家控投集团公司，世界第七大石油集团公司。其前身是1926年成立的阿吉普公司，即意大利石油总公司。1992年埃尼由国营企业改制为股份制公司。经营范围：以油气勘探开发、炼油、石油化工为主，兼营机械、冶金、工程建设、金融等多种业务。主要投资项目包括：北海、埃及、刚果和亚得利亚海上油田的开发；意大利国内和国外有发展潜能地区的勘探；延长TransMed大然气管道及传输网等。,-0.99,-,-,NYSE,-,800.20亿,30.61亿,石油与天然气,0.04%,1.35%,1.42
1634,艺电,EA,US,202.67,http://www.ea.com,0.26%,1.7/74.59,美国艺电创建于1982年，总部位于美国加利福尼亚州红木城，是全球著名的互动娱乐软件公司，主要经营各种电子游戏的开发、出版以及销售业务。,0.08,-,1-650-6281500,NASDAQ,-,507.19亿,4.26亿,娱乐,0.50%,91.89%,8.24
1635,Allspring Income Opp,EAD,US,6.59,-,0.61%,0.53/10.19,-,0.15,-,-,AMEX,-,3.89亿,3152.72万,资本市场,0.32%,27.58%,0.893
1636,GrafTech,EAF,US,9.42,-,5.20%,-8.45/-,-,-1.15,-,-,-,-,2.45亿,-2.20亿,电子设备与仪器,1.19%,39.07%,-
1637,Ellington Credit,EARN,US,4.66,-,2.40%,0.39/-,-,1.53,-,-,NYSE,-,1.75亿,1448.50万,抵押型REITs,1.16%,10.17%,0.778
1638,布林克国际,EAT,US,138.67,-,3.59%,5.14/13.3,"Brinker International, Inc. is one of the world’s leading casual dining restaurant companies. With more than 1,500 restaurants and over 100,000 team members in 31 countries and two territories, Brinker and its brands welcome more than one million guests into our restaurants every day.",-3.6,-,-,NYSE,-,60.39亿,2.28亿,酒店餐饮与休闲,3.49%,112.92%,15.92
1639,eBay,EBAY,US,97.94,http://www.ebay.com,5.43%,4.43/21.6,eBay（EBAY）创建于1995年，是全世界最大的网上交易社群，是一个管理可让全球民众上网买/卖物品的线上拍卖/购物网站。,-5.28,-,1-408-3767400,NASDAQ,-,438.77亿,20.31亿,多元化零售,1.86%,91.47%,9.51
1640,Eastern Bankshares,EBC,US,19.9,-,5.20%,0.43/12.46,-,-2.97,-,-,-,-,46.23亿,6520.00万,商业银行,3.38%,75.41%,1.08
1641,恩尼斯,EBF,US,20.33,-,3.16%,1.31/12.01,"Ennis is a leading wholesale manufacturer of a complete line of printed business products in the United States. Founded in 1909 in Ennis, Texas, the Company employs over 6,000 people in 44 facilities throughout the United States. The Company has one of the largest wholesale offerings of products and capabilities in the printed business product industry for national distribution. Ennis offers an extensive line of stock and custom business forms, checks, commercial printing, promotional products, envelopes, tags, labels, presentation products, and multi-media packaging. In addition, Ennis maintains highly proficient regional Customer Sales Centers to support distributors in their business efforts.",-1.26,-,-,NYSE,-,5.14亿,3377.90万,商业服务与用品,0.72%,86.19%,1.69
1642,Eagle,EBMT,US,21.88,-,4.49%,1.9/11.75,-,-0.32,-,-,NASDAQ,-,1.74亿,1483.50万,商业银行,0.37%,50.51%,0.909
1643,亿邦国际,EBON,US,2.48,-,4.84%,-0.72/-,-,-3.88,-,-,-,-,1557.59万,-451.49万,电脑与外围设备,0.12%,2.06%,0.061
1644,Emergent,EBS,US,8.03,-,1.48%,0.98/7.88,"Emergent BioSolutions protects and enhances life by developing and manufacturing vaccines and therapeutics that are supplied to healthcare providers and purchasers for use in preventing and treating disease. Emergent’s marketed and investigational products target infectious diseases, oncology and autoimmune disorders",-0.74,-,-,NYSE,-,4.15亿,5260.00万,生物科技,0.80%,83.70%,0.794
1645,哥伦比亚国家石油,EC,US,13.8,-,3.64%,0.06/11.81,"哥伦比亚国家石油公司(Empresa Colombiana de Petroleos,Ecopetro)成立于1951年，是一家完全由国家控股的综合石油公司，下设勘探开发、运输、炼油和市场销售、国内贸易和天然气等15个部门。通过直接作业和同私有公司联合管理的方式管理国家的油气资源。主要业务范围包括石油、天然气勘探开发、管线建设和石油炼制等。",-4.37,-,-,NYSE,-,283.71亿,24.03亿,石油与天然气,0.12%,1.13%,1.27
1646,BlackRock ESG,ECAT,US,14.66,-,1.60%,2.15/6.83,-,1.88,-,-,-,-,14.58亿,2.13亿,资本市场,0.52%,40.57%,0.906
1647,ECB Bancorp,ECBK,US,18.27,-,1.37%,0.96/16.7,-,0.11,-,-,-,-,1.60亿,312.20万,房地产管理和开发Ⅲ,0.06%,29.73%,0.911
1648,Eagle Point Credit,ECC,US,4.02,-,0.99%,-1.02/-,-,-0.5,-,-,NYSE,-,5.31亿,-1.34亿,资本市场,0.37%,14.47%,0.708
1649,Ellsworth Growth,ECF,US,12.42,-,1.29%,3.44/3.62,-,0.4,-,-,AMEX,-,1.70亿,4684.97万,资本市场,0.16%,46.27%,0.954
1650,Everus Construction,ECG,US,136.06,-,4.40%,3.95/34.42,-,-0.2,-,-,-,-,69.45亿,2.02亿,房地产管理和开发Ⅲ,0.76%,85.01%,11.03
1651,艺康,ECL,US,269.49,-,2.03%,7.33/36.67,艺康是(ECL)是全球领先地食品饮料部位的清洗消毒产品及解决方案的供应商。公司为世界各地宾馆机构、食品饮料、超市卖场等行业提供先进的清洁、消毒、灭虫的产品、服务和运作方案。历经80多年的成功经营，艺康已将业务范围拓展至医院、专业洗衣、政府机关、学校及各类零售、商业机构，为客户提供最全面的清洁卫生方案。,-0.72,-,-,NYSE,-,761.10亿,20.76亿,化学制品,0.48%,80.56%,7.79
1652,Okeanis Eco Tankers,ECO,US,53.11,-,4.67%,3.77/16.87,-,5.02,-,-,-,-,20.74亿,1.23亿,石油与天然气,1.71%,18.59%,3.62
1653,electroCore,ECOR,US,6.175,-,3.72%,-1.65/-,-,-0.08,-,-,-,-,4991.60万,-1396.60万,医疗保健设备,0.39%,11.47%,-
1654,安可资本,ECPG,US,83.73,-,2.75%,11.05/6.98,"Encore Capital Group and its subsidiaries (collectively, the “Company”)  is a recognized leader in distressed consumer debt buying and recovery.",-0.44,-,-,NASDAQ,-,17.93亿,2.57亿,消费信贷,1.43%,104.39%,1.84
1655,Ecovyst,ECVT,US,13.82,-,1.99%,-0.62/-,-,0,-,-,-,-,15.13亿,-7112.60万,化学制品,1.36%,107.32%,2.51
1656,亿咖通科技,ECX,US,1.12,-,6.78%,-0.2/-,-,-5.08,-,-,-,-,4.27亿,-6604.30万,软件,0.42%,7.05%,-
1657,爱迪生联合电气,ED,US,109.06,-,1.22%,5.66/19.86,"For more than 180 years, Consolidated Edison, Inc. has served the world's most dynamic and demanding marketplace - metropolitan New York. 

Con Edison's principal business segments are Consolidated Edison Company of New York's regulated electric, gas and steam utility activities, Orange & Rockland Utilities' (O&R) regulated electric and gas utility activities, and Con Edison's competitive energy businesses.",-1.08,-,-,NYSE,-,401.80亿,20.23亿,复合型公用事业,0.39%,70.33%,1.66
1658,EDAP TMS,EDAP,US,3.22,-,4.26%,-0.78/-,-,-2.13,-,-,NASDAQ,-,1.21亿,-2924.60万,医疗保健设备,0.02%,39.46%,6.22
1659,Edible Garden AG,EDBL,US,0.494,-,11.86%,-117.64/-,-,-9.85,-,-,-,-,45.14万,-3385.00万,食品,83.79%,9.00%,-
1660,Morgan Stanley Emerg,EDD,US,5.59,-,1.52%,1.07/5.25,-,-0.36,-,-,NYSE,-,3.60亿,6867.40万,资本市场,0.52%,34.40%,0.979
1661,Virtus Stone Harbor,EDF,US,5.1,-,1.56%,0.86/5.98,-,-0.39,-,-,NYSE,-,1.64亿,2739.20万,资本市场,0.47%,9.91%,1.04
1662,Everbright Digital,EDHL,US,2.58,-,4.05%,0.14/-,-,-0.39,-,-,-,-,429.89万,-72.47万,互动媒体与服务,-,1.16%,0.8
1663,Editas Medicine,EDIT,US,2.91,-,11.06%,-1.8/-,-,-9.35,-,-,-,-,2.85亿,-1.60亿,生物科技,1.55%,51.27%,10.43
1664,恩普雷萨电力,EDN,US,25.33,-,4.38%,0.19/6.77,-,0.4,-,-,NYSE,-,11.09亿,1.64亿,电力,0.62%,0.61%,0.728
1665,EuroDry,EDRY,US,20.86,-,2.38%,-1.55/-,-,-0.62,-,-,-,-,6029.68万,-426.42万,海运,1.41%,1.58%,0.646
1666,Edesa Biotech,EDSA,US,7.26,-,9.00%,-0.28/-,-,7.08,-,-,-,-,6451.03万,-224.77万,生物科技,1.10%,38.16%,13.85
1667,王道科技,EDTK,US,1,-,3.96%,-0.06/-,-,-0.99,-,-,-,-,1592.95万,-100.07万,综合消费者服务,0.01%,2.52%,1.16
1668,新东方,EDU,US,51.7,http://www.neworiental.org,1.39%,0.26/19.59,"新东方教育科技集团由1993年11月16日成立的北京新东方学校发展壮大而来，目前集团以外语培训和基础教育为核心，拥有短期培训系统、高等教育系统、基础教育系统、职业教育系统、教育研发系统、出国咨询系统、文化产业系统、科技产业系统等多个发展平台，是一家集教育培训、教育研发、图书杂志音像出版、出国留学服务、职业教育、在线教育、教育软件研发等于一体的大型综合性教育科技集团。公司于2006年9月7日在纽约证券交易所正式挂牌上市，成为我国首家在海外上市的教育科技企业，发行价为15美元/ADS（1ADS=4普通股），融资1亿美元；2007年以41.50美元/ADS进行二次增发，融资2.9亿美元。
2011年8月19日，新东方股票实行1拆4计划，拆股后1ADS=1普通股；对应发行价折合3.75美元/ADS。",0.47,S1/F1,-,NYSE,中国北京市海淀区海淀中路6号,82.28亿,4.13亿,综合消费者服务,0.41%,32.55%,2.01
1669,Educational,EDUC,US,1.42,-,3.57%,0.63/2.96,-,1.43,-,-,NASDAQ,-,1208.61万,543.22万,媒体,0.10%,19.81%,0.263
1670,Excelerate Energy,EE,US,33.76,-,2.51%,1.31/98.26,-,1.32,-,-,NYSE,-,38.52亿,3919.90万,燃气,1.01%,104.19%,5.64
1671,European Equity Fund,EEA,US,10.54,-,0.96%,2.7/3.9,-,0.96,-,-,NYSE,-,7088.91万,1818.78万,资本市场,0.24%,52.51%,0.889
1672,嘉银通,EEFT,US,74.23,-,2.51%,7.4/9.11,"Euronet Worldwide, Inc. was founded in 1994 with a mission to bring electronic financial payment convenience to millions of people in emerging and developed markets around the world. Today, Euronet is a global provider of electronic payment and transaction processing solutions for financial institutions, retailers, service providers and individual consumers through three primary business segments — Electronic Financial Transactions, Prepaid and Money Transfer.",-0.55,-,-,NASDAQ,-,28.18亿,3.10亿,综合金融服务,2.31%,111.12%,2.16
1673,EpicQuest Education,EEIQ,US,4.06,-,7.45%,-0.16/-,-,1.5,-,-,-,-,600.67万,-242.91万,综合消费者服务,1.28%,5.38%,0.682
1674,Emerald Holding,EEX,US,4.95,-,4.84%,-0.15/-,-,4.21,-,-,NYSE,-,9.80亿,-3070.00万,媒体,0.17%,4.34%,2.89
1675,Ellington投资,EFC,US,13.14,-,1.07%,1.19/13.79,"Ellington Financial LLC is a specialty finance company formed to specialize in acquiring and managing mortgage-related assets. Our primary objective is to generate attractive, risk-adjusted total returns for our shareholders. We seek to attain this objective by utilizing an opportunistic strategy. Our targeted assets currently include non-Agency RMBS, Agency RMBS, mortgage-related derivatives, both for acquisition and hedging purposes and derivatives on corporate debt and equity securities for hedging purposes. We also may opportunistically acquire and manage other types of mortgage-related and financial asset classes, such as residential whole mortgage loans",0.69,-,-,NYSE,-,16.38亿,1.19亿,抵押型REITs,1.03%,43.37%,1.09
1676,Energy Focus,EFOI,US,4.61,-,18.14%,-0.18/-,"Founded in 1985, Energy Focus is a global leader in the development, manufacture, and marketing of energy efficient lighting solutions for the commercial, retail, grocery, military, museum, and pool and spa markets.",-4.95,-,-,NASDAQ,-,2907.27万,-102.70万,电气设备,16.08%,2.21%,7.07
1677,Everforth,EFOR,US,18.97,-,9.06%,-/7.99,-,-2.87,-,-,-,-,7.83亿,550.00万,专业服务,-,101.15%,0.434
1678,EV高级浮动利率信托,EFR,US,10.47,-,1.24%,0.58/17.95,-,-0.29,-,-,NYSE,-,3.09亿,1721.93万,资本市场,0.53%,37.06%,0.845
1679,Enterprise,EFSC,US,58.83,-,4.21%,5.34/10.92,-,1.99,-,-,NASDAQ,-,21.52亿,4842.40万,商业银行,1.10%,80.38%,1.06
1680,Eagle Financial,EFSI,US,38.06,-,4.30%,1.59/10.88,-,-3.13,-,-,-,-,2.06亿,374.00万,商业银行,0.28%,49.53%,1.08
1681,EV浮动利率收益信托,EFT,US,10.79,-,1.12%,0.29/22.47,-,0.28,-,-,NYSE,-,2.87亿,776.43万,资本市场,0.22%,36.38%,0.859
1682,Thrive Capital,EFTY,US,-,-,-,0.03/203.1,-,-,-,-,-,-,3.02亿,62.80万,专业服务,-,0.55%,200.3
1683,艾可菲,EFX,US,172.47,-,2.59%,1.43/29.39,-,-1.41,-,-,NYSE,-,205.36亿,1.72亿,专业服务,1.64%,98.27%,4.52
1684,Enerflex,EFXT,US,25.68,-,4.58%,0.52/48.87,-,3.22,-,-,-,-,31.28亿,6400.00万,能源设备与服务,0.34%,62.67%,2.86
1685,Everest Group,EG,US,343.38,-,2.17%,37.8/10.74,-,-2.12,-,-,-,-,170.80亿,15.91亿,保险,0.58%,98.01%,1.1
1686,eGain,EGAN,US,7.48,-,3.48%,0.19/5.68,-,2.19,-,-,-,-,2.05亿,515.60万,软件,1.21%,55.48%,2.31
1687,伊格尔合众银行,EGBN,US,26.3,-,2.22%,-4.55/-,"EagleBank is a local community business bank with thirteen offices in Montgomery County, MD, Northern Virginia and Washington, DC. The bank focuses on providing superior customer service and custom financial solutions for the local business community. EagleBank also offers a complete line of competitive personal banking products and services.",0.57,-,-,NASDAQ,-,8.02亿,-1.38亿,商业银行,1.28%,82.98%,0.709
1688,ENIGMATIG,EGG,US,6.31,-,3.68%,0.02/315.7,-,0.96,-,-,-,-,1.77亿,55.97万,专业服务,0.54%,0.00%,11.05
1689,EGH,EGHA,US,10.26,-,0.05%,0.22/62.34,-,0,-,-,-,-,2.10亿,337.38万,资本市场,0.03%,81.58%,-
1690,8x8,EGHT,US,1.91,-,2.66%,0.01/-,"8x8, Inc. offers integrated voice, video and mobile unified communications solutions for small to medium-sized business and distributed enterprise customers. These solutions leverage existing broadband Internet connections and cellular networks to deliver advanced features and high definition (HD) voice service at a fraction of the cost of legacy alternatives.",1.6,-,-,NASDAQ,-,2.66亿,154.20万,软件,0.53%,75.59%,1.86
1691,埃氏金业,EGO,US,32.07,-,2.12%,2.5/12.56,"Eldorado Gold Corporation is a Canadian international gold producer with five operating mines, two mines under construction, development projects and an extensive 2011 exploration program.",1.3,-,-,NYSE,-,63.73亿,5.07亿,金属与采矿,2.17%,53.48%,1.49
1692,EastGroup Properties,EGP,US,197.86,-,2.51%,1.77/36.35,"EastGroup Properties, Inc. is a self-administered equity real estate investment trust focused on the acquisition, ownership and development of industrial properties in major Sunbelt markets throughout the United States with a special emphasis in the states of California, Florida, Texas and Arizona",-1.34,-,-,NYSE,-,106.36亿,9462.40万,专业房地产投资信托,1.42%,98.03%,2.97
1693,瓦可能源,EGY,US,6.1,-,2.14%,-0.4/-,"VAALCO Energy, Inc. is a Houston-based independent energy company principally engaged in the acquisition, exploration, development and production of crude oil and natural gas.",-1.93,-,-,NYSE,-,6.36亿,-4139.10万,石油与天然气,0.84%,56.94%,1.26
1694,亿航智能,EH,US,10.21,-,5.54%,-0.22/-,-,-1.54,-,-,-,-,7.35亿,-3296.66万,航空货运与物流,1.61%,18.31%,4.61
1695,Enhabit,EHAB,US,13.74,-,0.15%,-0.09/-,-,0,-,-,-,-,7.04亿,-460.00万,医疗保健服务,2.53%,96.14%,1.32
1696,Encompass Health,EHC,US,101.98,-,3.16%,5.62/17.91,-,0.12,-,-,-,-,101.38亿,5.66亿,医疗保健服务,1.04%,99.22%,4.06
1697,一修哥,EHGO,US,2.19,-,8.41%,-0.26/-,-,-3.1,-,-,-,-,444.57万,-730.11万,商业服务与用品,0.32%,1.49%,0.417
1698,Western Asset Global,EHI,US,6.06,-,0.90%,0.5/10.98,-,-0.49,-,-,NYSE,-,1.84亿,1505.65万,资本市场,0.38%,26.19%,0.898
1699,Euroholdings,EHLD,US,8.37,-,5.76%,5.25/1.6,-,-1.53,-,-,-,-,2357.51万,1470.99万,海运,0.10%,0.67%,1.36
1700,易康,EHTH,US,1.89,-,11.34%,-0.34/-,"eHealth, Inc. is the parent company of eHealthInsurance Services Inc., the leading online source of health insurance for individuals, families and small businesses. eHealthInsurance presents complex health insurance information in an objective, user-friendly format, enabling the research, analysis, comparison and purchase of health insurance products that best meet consumers' needs.",9.88,-,-,NASDAQ,-,5872.80万,-1040.40万,保险,1.13%,68.06%,0.099
1701,Eagle Point Income,EIC,US,9.97,-,0.82%,-0.05/-,-,0.3,-,-,-,-,2.30亿,-115.76万,资本市场,0.51%,15.94%,0.736
1702,Employers Holdings,EIG,US,41.86,-,1.56%,0.46/72.22,"EMPLOYERS® is a group of companies providing workers' compensation insurance and services to select, small American businesses.",-0.83,-,-,NYSE,-,7.80亿,1080.00万,保险,1.60%,87.79%,0.816
1703,Eikon Therapeutics,EIKN,US,9.655,-,15.37%,-115.29/-,-,-9.77,-,-,-,-,5.23亿,-3.34亿,生物科技,0.59%,-,-
1704,Eaton Vance Municipa,EIM,US,9.8,-,0.81%,-0.26/-,-,-0.51,-,-,AMEX,-,6.97亿,-1872.56万,资本市场,0.12%,31.75%,1.27
1705,爱迪生国际,EIX,US,68.86,-,1.89%,11.58/5.94,"Edison International, through its subsidiaries, is a generator and distributor of electric power and an investor in infrastructure and energy assets, including renewable energy. Headquartered in Rosemead, California, Edison International is the parent company of Southern California Edison regulated electric utility and Edison Mission Group, a competitive power generation business.",-2.1,-,-,NYSE,-,265.05亿,44.59亿,电力,0.83%,91.22%,1.55
1706,e家快服,EJH,US,1.61,-,4.71%,-0.13/0.757,-,-0.31,-,-,-,-,515.23万,-16.18万,商业服务与用品,0.24%,0.04%,0.016
1707,Ekso Bionics,EKSO,US,10.99,-,7.20%,-4.91/-,-,1.48,-,-,-,-,3916.16万,-1169.50万,医疗保健设备,0.90%,8.81%,4.34
1708,雅诗兰黛,EL,US,77.82,-,1.60%,0.58/-,雅诗兰黛集团由雅诗·兰黛和约瑟夫·兰黛始创于1946年。今天，雅诗兰黛集团傲居世界化妆品行业领先地位，生产和营销高品质的护肤、化妆、香水和护发产品，产品销售遍及全世界130多个国家和地区。公司旗下拥有众多知名品牌，包括Estée Lauder、Aramis、 倩碧(Clinique)等等。雅诗兰黛集团的生产地包括美国、比利时、瑞士、英国和加拿大。全球大约有22000名员工。,1.86,-,-,NYSE,-,281.50亿,2.09亿,个人用品,0.91%,93.56%,6.98
1709,Envela,ELA,US,18.5,-,3.94%,0.56/32.91,-,-0.11,-,-,-,-,4.80亿,1459.70万,专营零售,0.89%,17.37%,7.87
1710,PMGC Holdings,ELAB,US,2.49,-,13.61%,-380.68/-,-,-15.31,-,-,-,-,1108.19万,-774.78万,电子设备与仪器,19.37%,0.06%,1.41
1711,Elanco Animal Health,ELAN,US,22.75,-,3.13%,-0.47/-,-,1.61,-,-,-,-,113.61亿,-2.32亿,制药,0.79%,108.10%,1.74
1712,Electra Battery,ELBM,US,0.629,-,5.07%,-3.03/-,-,6.25,-,-,-,-,6515.55万,-9733.45万,金属与采矿,0.34%,10.19%,1.93
1713,Eledon,ELDN,US,3.465,-,5.85%,-0.52/-,-,-3.48,-,-,-,-,2.63亿,-4561.70万,制药,2.33%,58.32%,3.24
1714,Elemental Royalty,ELE,US,18.14,-,4.65%,0.06/657.5,-,1.97,-,-,-,-,11.65亿,177.20万,金属与采矿,1.16%,14.92%,1.49
1715,e.l.f. Beauty,ELF,US,66.28,-,3.05%,1.3/37.66,-,0.08,-,-,NYSE,-,39.14亿,7568.30万,个人用品,3.00%,99.85%,3.37
1716,Ellomay Capital,ELLO,US,25.2,-,4.80%,-0.16/-,-,0.86,-,-,AMEX,-,3.47亿,-207.96万,独立电力生产商,0.07%,21.87%,2.1
1717,Electromed,ELMD,US,26.39,-,4.19%,0.59/24.29,"Electromed, Inc. manufactures, markets and sells products that provide airway clearance therapy, including the SmartVest® Airway Clearance System (“SmartVest System”) and related products, to patients with compromised pulmonary function. The SmartVest System generates High Frequency Chest Wall Oscillation (“HFCWO”), a technique for airway clearance therapy, also known as High Frequency Chest Compression. The SmartVest System has been approved by the FDA to treat the condition of excess lung secretions.",3.57,-,-,AMEX,-,2.18亿,489.70万,医疗保健设备,0.52%,57.07%,4.81
1718,Elme Communities,ELME,US,2.13,-,1.18%,-1.5/0.0000,-,0.47,-,-,-,-,1.89亿,-,权益型REITs,0.73%,97.71%,0.792
1719,The Elmet Group,ELMT,US,17,-,10.61%,-/112.2,-,-5.08,-,-,-,-,4.90亿,436.90万,电子设备与仪器,-,-,8.62
1720,东源,ELOG,US,0.94,-,3.40%,0.05/6.22,-,-3.09,-,-,-,-,1129.60万,57.53万,航空货运与物流,0.03%,0.01%,0.716
1721,Energy,ELPC,US,13.26,-,1.45%,0.17/20.14,-,-1.41,-,-,-,-,98.88亿,4.91亿,电力,0.08%,2.61%,2.34
1722,亿珑能源,ELPW,US,3.62,-,43.45%,-143.18/-,-,35.58,-,-,-,-,516.68万,-557.04万,电气设备,46.90%,1.26%,-
1723,宜居生活资产信托,ELS,US,63.29,-,1.17%,0.56/31.86,"Equity LifeStyle Properties, Inc. owns and operates the highest quality portfolio of resort communities in the United States.",-0.3,-,-,NYSE,-,122.74亿,1.08亿,住宅房地产投资信托,0.68%,109.50%,6.97
1724,伊莱克森,ELSE,US,7.62,-,0.21%,0.09/87.96,-,-0.07,-,-,NASDAQ,-,2691.71万,30.60万,电子设备与仪器,1.03%,10.66%,1.82
1725,Eltek,ELTK,US,8.69,-,2.90%,0.12/70.7,"Eltek provides the High Tech industry with innovative solutions based on its commitment Rigid and Flex-Rigid advanced technology and pro-active customer care. 
Eltek was incorporated in 1970. Since January 1997, Eltek's shares have been publicly traded 
on NASDAQ (Symbol: ELTK).",0.95,-,-,NASDAQ,-,5839.53万,82.60万,电子设备与仪器,0.05%,6.26%,1.25
1726,Elicio Therapeutics,ELTX,US,11.69,-,7.43%,-2.58/-,-,-1.35,-,-,-,-,2.15亿,-3957.10万,制药,0.61%,11.55%,131.3
1727,Elutia,ELUT,US,1.07,-,3.39%,1.29/0.886,-,-1.83,-,-,-,-,4730.28万,5338.00万,医疗保健设备,0.07%,37.39%,1.71
1728,Elevance Health,ELV,US,344.76,-,2.32%,8.03/14.28,-,-0.44,-,-,-,-,748.69亿,17.64亿,医疗保健服务,0.75%,93.22%,1.71
1729,Electrovaya,ELVA,US,9.74,-,5.71%,0.02/96.9,-,-4.04,-,-,-,-,4.67亿,103.80万,汽车零配件,0.89%,23.90%,7.74
1730,Enliven,ELVN,US,44.25,-,2.90%,-1.83/-,-,0.82,-,-,-,-,26.46亿,-1.04亿,制药,1.50%,101.69%,5.76
1731,Elevra Lithium,ELVR,US,86.24,-,4.15%,0.54/-,-,11.58,-,-,-,-,14.61亿,7261.90万,金属与采矿,0.73%,7.04%,2.58
1732,Elauwit Connection,ELWT,US,6.57,-,11.32%,-0.8/-,-,-5.87,-,-,-,-,4349.21万,-422.80万,无线电信业务,2.41%,10.42%,-
1733,怪兽充电,EM,US,1.16,-,1.62%,0.0000/-,-,-0.85,-,-,-,-,2.94亿,-185.41万,综合消费者服务,0.00%,3.05%,0.808
1734,Emera,EMA,US,52.58,-,1.34%,2.47/21.74,-,0.5,-,-,-,-,160.78亿,7.39亿,电力,0.32%,53.19%,1.84
1735,Evolution Metals & T,EMAT,US,9.15,-,8.63%,-0.58/-,-,-1.29,-,-,-,-,54.29亿,-178.94万,金属与采矿,0.17%,0.00%,-
1736,Embecta,EMBC,US,9.22,-,3.11%,0.75/3.91,-,0.77,-,-,-,-,5.46亿,4410.00万,医疗保健设备,0.97%,99.89%,-
1737,巴西航空工业,EMBJ,US,62.62,-,1.55%,0.48/32.15,-,-0.7,-,-,-,-,113.15亿,3.52亿,航空航天与国防,0.70%,46.75%,3.28
1738,Western Asset Emergi,EMD,US,10.74,-,1.03%,1.74/6.17,-,0.66,-,-,NYSE,-,6.24亿,1.01亿,资本市场,0.21%,36.05%,0.956
1739,埃姆科,EME,US,869.9,-,3.03%,28.3/30.37,"EMCOR Group, Inc. (NYSE: EME) is a Fortune 500 company and global leader in mechanical and electrical construction, energy infrastructure, LEED construction, design/build, life safety, and facilities services.",-0.37,-,-,NYSE,-,386.59亿,12.73亿,建筑与工程,0.85%,96.64%,10.52
1740,Templeton Emerging M,EMF,US,20.41,-,1.45%,3.38/6.04,-,2.36,-,-,NYSE,-,3.05亿,5048.79万,资本市场,0.43%,60.09%,1.18
1741,Emmis,EMIS,US,10.12,-,0.00%,0.11/189.9,-,0.25,-,-,-,-,1.60亿,84.06万,资本市场,0.00%,92.67%,148.8
1742,The Eastern,EML,US,22.025,-,1.34%,1.17/18.64,-,0.11,-,-,NASDAQ,-,1.33亿,713.28万,机械制造,0.38%,76.07%,1.07
1743,伊士曼化工,EMN,US,72,-,2.37%,4.14/17.37,"Eastman manufactures the chemicals, fibers and plastics that give everyday products the strength, design and functional characteristics desired by consumers and commercial customers worldwide.",0.11,-,-,NYSE,-,82.33亿,4.74亿,化学制品,1.03%,90.65%,1.38
1744,Clearbridge Energy M,EMO,US,49.01,-,1.76%,-1.95/-,-,-0.77,-,-,NYSE,-,9.81亿,-3548.38万,资本市场,0.19%,28.66%,1
1745,Empery Digital,EMPD,US,4.95,-,7.49%,-8.12/-,-,-4.99,-,-,-,-,1.37亿,-1.50亿,汽车,1.29%,83.43%,0.509
1746,Empro Group,EMPG,US,-,-,-,-/192.5,-,-,-,-,-,-,1.45亿,75.14万,个人用品,-,0.89%,94.86
1747,艾默生电气,EMR,US,141.35,http://www.Emerson.com,1.60%,1.08/34.34,美国爱默生电气公司于1890年在美国密苏里州圣路易斯市成立，当时是一家电机和风扇制造商。经过100多年的努力，艾默生已经由一个地区制造商成长为一个全球技术解决方案的强势集团公司。该公司在全球150多个国家，在基础设施、知识与经验方面皆具有优势，可以在全世界提供集成的产品方案。其业务品牌包括艾默生网络能源、艾默生过程管理、艾默生环境优化技术、艾默生储存技术、艾默生专业工具、艾默生电机科技、艾默生工业自动化和农电应用技术。,-0.77,-,-,NYSE,-,794.39亿,6.05亿,电气设备,0.44%,82.28%,3.92
1748,安桥,ENB,US,53.3,-,1.73%,2.36/22.55,"Enbridge transports and distributes energy across North America through the employment of more than 6,000 people in Canada and the United States",1.52,-,-,NYSE,-,1162.92亿,51.58亿,石油与天然气,0.19%,49.49%,2.83
1749,enGene Therapeutics,ENGN,US,7.99,-,8.02%,-0.44/-,-,-1.84,-,-,-,-,5.35亿,-2975.20万,生物科技,0.66%,87.61%,3.19
1750,Energys Group,ENGS,US,1.18,-,3.39%,-0.23/-,-,0,-,-,-,-,3687.90万,-284.80万,独立电力生产商,4.89%,0.68%,18.15
1751,Enel Chile,ENIC,US,4.56,-,1.22%,0.01/11.72,-,1.11,-,-,NYSE,-,63.08亿,5.38亿,电力,0.03%,3.32%,1.22
1752,Enlight Renewable,ENLT,US,87.57,-,2.28%,1.07/92.44,-,-0.28,-,-,-,-,122.11亿,1.32亿,独立电力生产商,0.08%,30.62%,7.23
1753,Enlivex,ENLV,US,0.889,-,5.29%,27.04/0.173,-,-1.98,-,-,-,-,2.14亿,12.36亿,制药,0.82%,0.56%,0.111
1754,Enovis,ENOV,US,24.1,-,7.54%,-20.75/-,-,5.66,-,-,-,-,13.87亿,-11.84亿,医疗保健设备,1.48%,115.85%,0.931
1755,Enphase Energy,ENPH,US,35.77,-,5.21%,1.31/27.39,-,-1.08,-,-,NASDAQ,-,47.14亿,1.72亿,电气设备,4.12%,95.75%,4.34
1756,劲量控股,ENR,US,19.99,-,2.56%,-0.05/6.42,-,0.15,-,-,NYSE,-,13.69亿,-340.00万,耐用消费品,1.31%,94.96%,9.69
1757,艾诺斯,ENS,US,209.3,-,2.30%,5.74/24.66,EnerSys is the global leader in stored energy solutions for industrial applications.,0.72,-,-,NYSE,-,77.13亿,2.16亿,电气设备,0.82%,97.28%,4.08
1758,Ensysce Biosciences,ENSC,US,0.414,-,8.02%,-3.98/-,-,-2.36,-,-,-,-,384.10万,-1017.57万,制药,2.83%,5.40%,1.2
1759,恩赛因,ENSG,US,189.16,-,2.49%,6/32.12,-,-0.1,-,-,NASDAQ,-,110.50亿,3.44亿,医疗保健服务,0.71%,91.75%,4.95
1760,Enanta,ENTA,US,13.31,-,5.58%,-0.42/-,-,-0.3,-,-,NASDAQ,-,3.86亿,-1193.80万,生物科技,0.60%,90.97%,3.05
1761,英特格,ENTG,US,155.98,-,5.34%,1.55/100.8,"For more than 40 years, Entegris has been a provider of critical products and materials used in advanced high-technology manufacturing.",4.45,-,-,NASDAQ,-,237.48亿,2.36亿,半导体产品与设备,2.87%,111.85%,6.01
1762,Entera Bio,ENTX,US,1.12,-,8.03%,-0.25/-,-,-4.27,-,-,-,-,5221.69万,-1143.90万,制药,0.19%,19.85%,3.99
1763,易诺华国际,ENVA,US,166.65,-,5.48%,3.66/12.7,-,-1.64,-,-,NYSE,-,41.47亿,9109.90万,消费信贷,1.56%,92.66%,2.96
1764,Enveric Biosciences,ENVB,US,5.04,-,95.52%,-36.24/-,-,25.37,-,-,-,-,1000.71万,-1213.15万,制药,25.94%,1.21%,2.4
1765,Enovix,ENVX,US,6.61,-,6.63%,-0.75/-,-,-0.45,-,-,-,-,14.36亿,-1.57亿,电子设备与仪器,2.28%,50.76%,5.29
1766,Allspring Global Div,EOD,US,6.31,-,2.22%,1.41/4.49,-,-0.16,-,-,NYSE,-,2.72亿,6058.09万,资本市场,0.30%,31.97%,0.98
1767,EOG能源,EOG,US,133.13,-,1.30%,9.17/14.32,"EOG Resources, Inc. is one of the largest independent (non- integrated) oil and natural gas companies in the United States with proved reserves in the United States, Canada, Trinidad, the United Kingdom and China. EOG Resources, Inc. is listed on the New York Stock Exchange and is traded under the ticker symbol “EOG.”",-0.55,-,-,NYSE,-,713.20亿,49.80亿,石油与天然气,0.56%,93.28%,2.39
1768,EV增强型收入基金,EOI,US,19.96,-,0.86%,2.38/8.38,-,1.06,-,-,NYSE,-,8.18亿,9763.63万,资本市场,0.12%,22.00%,0.948
1769,Evolus,EOLS,US,5.3,-,6.12%,-0.8/-,-,-0.19,-,-,-,-,3.45亿,-5164.10万,制药,1.67%,76.56%,-
1770,EON Resources,EONR,US,0.713,-,7.50%,0.12/13.37,-,-6.18,-,-,-,-,3562.74万,298.78万,能源设备与服务,6.98%,-,0.585
1771,EV增强型收入基金II,EOS,US,22.23,-,1.59%,2.99/7.45,-,1.23,-,-,NYSE,-,11.77亿,1.58亿,资本市场,0.18%,21.43%,0.903
1772,Eos Energy,EOSE,US,7.67,-,16.15%,-6.69/-,-,10.68,-,-,-,-,26.04亿,-17.45亿,电子设备与仪器,10.48%,50.50%,-
1773,Eaton Vance National,EOT,US,17.13,-,0.52%,0.37/-,-,-0.41,-,-,NYSE,-,2.68亿,583.95万,资本市场,0.18%,21.61%,0.953
1774,Empire Petroleum,EP,US,2.88,-,2.05%,-2.12/-,-,-1.37,-,-,-,-,1.02亿,-7207.40万,石油与天然气,0.17%,9.09%,-
1775,Enerpac Tool Group,EPAC,US,35.21,-,1.89%,0.68/21.21,-,0.06,-,-,-,-,18.15亿,3543.90万,机械制造,0.97%,100.35%,4.45
1776,Epam Systems,EPAM,US,118.98,-,3.14%,6.76/16.62,"EPAM Systems is a leading global IT services provider focused on complex software product development services, software engineering and vertically-oriented custom development solutions. Since our inception in 1993, we have been serving independent software vendors, or ISVs, and technology companies. These companies produce advanced software and technology products that demand sophisticated software engineering talent, tools, methodologies and infrastructure to deliver solutions that support functionality and configurability to sustain multiple generations of platform innovation.",-1.48,-,-,NYSE,-,62.77亿,3.78亿,信息技术服务,2.48%,100.55%,1.71
1777,Edgewell Personal,EPC,US,23.41,-,4.34%,-1.41/-,-,-1.43,-,-,NYSE,-,10.94亿,-6570.00万,个人用品,1.29%,103.41%,0.736
1778,Enterprise Products,EPD,US,38,-,1.43%,2.66/14.14,Enterprise Products Partners LP是美国一家能源公司，在北美为天然气、原油和石化的生产者与消费者提供相关服务，其成立于1968年，总部设在德克萨斯州的休斯敦。,0.42,-,-,NYSE,-,821.47亿,58.10亿,石油与天然气,0.22%,24.76%,2.76
1779,Evolution Petroleum,EPM,US,4.75,-,2.29%,0.05/53.26,-,-1.04,-,-,AMEX,-,1.66亿,188.90万,石油与天然气,1.45%,52.33%,2.46
1780,E-Power,EPOW,US,0.78,-,6.28%,-0.05/-,-,0,-,-,-,-,3020.88万,-125.71万,电子设备与仪器,0.09%,22.55%,-
1781,EPR Properties,EPR,US,55.55,-,2.13%,3.3/16.95,-,-1.52,-,-,NYSE,-,42.50亿,2.51亿,专业房地产投资信托,0.65%,79.71%,1.82
1782,Essential Properties,EPRT,US,31.42,-,1.81%,0.28/26.47,-,-0.25,-,-,-,-,67.94亿,5979.20万,权益型REITs,1.56%,107.49%,1.55
1783,Eupraxia,EPRX,US,7.16,-,4.00%,-1.03/-,-,-1.24,-,-,-,-,4.40亿,-3857.61万,制药,0.34%,22.31%,8.42
1784,Epsium,EPSM,US,1.39,-,2.86%,-0.05/-,-,-0.71,-,-,-,-,1867.89万,-70.04万,饮料,0.08%,0.75%,1.53
1785,Epsilon Energy,EPSN,US,6.06,-,3.58%,-0.25/-,-,1,-,-,-,-,1.83亿,-579.89万,石油与天然气,0.83%,70.42%,1.47
1786,Equillium,EQ,US,2.16,-,8.29%,-0.39/-,-,-0.46,-,-,TSE,-,1.37亿,-2239.80万,制药,1.14%,56.91%,4.78
1787,Equity Bancshares,EQBK,US,45.34,-,2.13%,1.24/38.2,-,0.67,-,-,NASDAQ,-,9.42亿,1696.60万,商业银行,0.80%,69.37%,1.15
1788,Equitable Holdings,EQH,US,41.1,-,2.02%,-4.83/-,-,-1.2,-,-,-,-,115.71亿,-14.41亿,综合金融服务,0.61%,98.99%,-
1789,易昆尼克斯,EQIX,US,1108.76,-,2.27%,13.79/81,"Equinix connects businesses with partners and customers around the world through a global platform of high performance data centers, containing dynamic partner ecosystems and the broadest choice of networks. Businesses rely on Platform Equinix to grow, expand geographic reach, improve application performance and protect their vital digital assets.",-0.59,-,-,NASDAQ,http://www.equinix.cn/about/,1093.50亿,13.50亿,专业房地产投资信托,0.62%,95.37%,7.72
1790,Equinor,EQNR,US,37.94,-,2.59%,1.94/19.24,-,-1.74,-,-,-,-,970.05亿,50.43亿,石油与天然气,0.11%,6.88%,2.4
1791,EquipmentShare.com,EQPT,US,22.99,-,9.58%,0.01/1933,-,-6.28,-,-,-,-,58.00亿,300.00万,贸易与经销,1.61%,0.11%,59.25
1792,公平住屋,EQR,US,62.26,http://www.equityresidential.com,1.15%,2.95/20.85,公平住屋公司于1993年3月在马里兰州成立，是一个房地产投资信托公司，专注于收购、开发和管理多户住宅，通过租赁居民公寓单位获得相关收入。,-0.62,-,1-312-4741300,NYSE,-,233.27亿,11.19亿,住宅房地产投资信托,0.61%,94.42%,2.12
1793,Equus Total Return,EQS,US,1.242,-,3.08%,-1.03/-,-,-4.46,-,-,NYSE,-,1734.66万,-1416.40万,资本市场,0.01%,1.07%,1.05
1794,EQT能源,EQT,US,58.91,-,1.92%,2.38/11.22,-,-0.03,-,-,NYSE,-,368.47亿,14.87亿,石油与天然气,1.33%,92.87%,1.47
1795,Equinox Gold,EQX,US,14.33,-,3.52%,0.35/51.06,-,1.78,-,-,-,-,113.08亿,2.21亿,金属与采矿,1.50%,53.53%,1.95
1796,Erasca,ERAS,US,21.49,-,9.43%,-0.44/-,-,-4.36,-,-,-,-,66.79亿,-1.25亿,生物科技,3.08%,70.65%,20.54
1797,Allspring Multi-Sect,ERC,US,9.19,-,0.33%,0.97/9.52,-,0.22,-,-,AMEX,-,2.58亿,2708.11万,资本市场,0.11%,35.32%,0.914
1798,Allspring Utilities,ERH,US,12.304,-,0.97%,1.69/7.22,-,0.15,-,-,AMEX,-,1.09亿,1505.72万,资本市场,0.29%,15.51%,0.955
1799,爱立信,ERIC,US,11.27,http://www.ericsson.com,0.75%,0.03/14.39,爱立信公司是全球领先的提供端到端全面通信解决方案以及专业服务的供应商，总部位于瑞典。目前，爱立信的业务体系包括：通信网络系统，专业电信服务，技术授权，企业系统和移动终端业务（拥有索尼爱立信移动通信公司50％的股份）。,-0.44,-,46-10-7195380,NASDAQ,-,379.95亿,9315.01万,通信设备,0.23%,10.33%,3.54
1800,伊瑞保险,ERIE,US,233.62,-,10.35%,3.23/18.89,-,-6.14,-,-,-,-,107.91亿,1.50亿,保险,1.56%,45.39%,4.73
1801,Energy Recovery,ERII,US,11.28,-,4.00%,0.43/25.55,Energy Recovery Inc (ERI) designs and develops energy recovery devices that help make desalination affordable by significantly reducing energy consumption.,2.45,-,-,NASDAQ,-,5.87亿,2296.20万,机械制造,3.27%,83.04%,2.84
1802,Ernexa,ERNA,US,0.192,-,4.19%,-2.24/-,-,0.52,-,-,-,-,559.77万,-1410.00万,生物科技,0.55%,1.80%,2.34
1803,Ero Copper,ERO,US,27.31,-,1.89%,2.54/10.8,-,0.15,-,-,NYSE,-,28.48亿,2.64亿,金属与采矿,0.58%,64.62%,3.04
1804,Eversource,ES,US,68.64,-,1.58%,4.56/15.24,-,-0.19,-,-,NYSE,-,257.98亿,16.92亿,电力,0.44%,84.57%,1.59
1805,ESAB,ESAB,US,101.28,-,2.64%,3.71/27.19,-,-1.59,-,-,-,-,61.66亿,2.27亿,机械制造,0.90%,93.38%,2.85
1806,攀登者,ESCA,US,18.09,-,5.69%,1/18.08,-,0,-,-,-,-,2.48亿,1370.10万,休闲设备与用品,0.16%,29.89%,1.43
1807,ESCO科技,ESE,US,319.9,-,3.31%,1.11/27.21,-,0.34,-,-,NYSE,-,82.84亿,2869.10万,航空航天与国防,1.76%,96.72%,5.31
1808,Euroseas,ESEA,US,68.03,-,3.81%,19.73/3.5,-,-1.01,-,-,-,-,4.80亿,1.37亿,海运,1.14%,10.30%,1.04
1809,ESH Acquisition,ESHA,US,11.84,-,0.44%,-0.53/-,-,-5.05,-,-,-,-,4620.42万,-208.20万,资本市场,0.89%,1.43%,-
1810,Element Solutions,ESI,US,40.34,-,6.56%,0.79/51.5,-,6.21,-,-,-,-,98.27亿,1.91亿,化学制品,2.39%,100.81%,3.67
1811,Estrella,ESLA,US,1.58,-,12.28%,-0.35/-,-,-7.6,-,-,-,-,6741.11万,-1306.35万,生物科技,0.58%,2.44%,-
1812,埃尔比特系统,ESLT,US,821.96,-,4.51%,11.69/71.54,-,-3.56,-,-,NASDAQ,-,382.28亿,5.34亿,航空航天与国防,0.43%,19.57%,9.26
1813,Essent Group,ESNT,US,63.62,-,1.91%,6.97/8.67,-,-1.44,-,-,NYSE,-,59.81亿,6.90亿,综合金融服务,0.78%,98.36%,1.04
1814,Energy Services,ESOA,US,15.66,-,1.97%,0.16/131,-,-0.45,-,-,-,-,2.92亿,270.55万,能源设备与服务,0.38%,37.17%,4.82
1815,Espey Mfg. & Electro,ESP,US,68.61,-,4.74%,1.82/21.12,-,-4.15,-,-,AMEX,-,2.03亿,497.49万,电子设备与仪器,0.84%,26.27%,3.82
1816,Esperion,ESPR,US,1.91,-,7.85%,-0.11/-,-,0,-,-,NASDAQ,-,4.92亿,-2268.20万,制药,2.87%,61.51%,-
1817,Esquire Financial,ESQ,US,105.01,-,9.79%,6.3/17.57,-,-8.41,-,-,-,-,9.07亿,1221.10万,商业银行,2.79%,65.20%,3.01
1818,Empire State Realty,ESRT,US,5.56,-,3.10%,0.26/21.91,-,1.46,-,-,NYSE,-,9.51亿,4340.00万,写字楼房地产投资信托,1.22%,83.56%,0.897
1819,埃塞克斯信托,ESS,US,255.37,-,1.18%,10.4/24.59,-,0.12,-,-,NYSE,-,164.66亿,6.70亿,住宅房地产投资信托,0.59%,100.70%,2.97
1820,Establishment Labs,ESTA,US,66.28,-,4.55%,-1.72/-,-,1.78,-,-,-,-,19.48亿,-5106.40万,医疗保健服务,1.14%,91.28%,82.75
1821,Elastic,ESTC,US,46.4,-,4.32%,-0.64/-,-,1.42,-,-,-,-,48.02亿,-6813.40万,软件,2.69%,89.39%,6.07
1822,Energy Transfer,ET,US,19.08,-,1.57%,1.22/15.73,-,-0.37,-,-,-,-,656.41亿,41.73亿,石油与天然气,0.67%,29.76%,2.12
1823,Eaton Vance Tax-Mana,ETB,US,15.15,-,1.19%,2.04/7.41,-,0.2,-,-,NYSE,-,4.45亿,6004.58万,资本市场,0.16%,20.89%,0.926
1824,伊森艾伦室内装饰,ETD,US,22.43,-,1.33%,0.87/12.95,-,-0.22,-,-,-,-,5.71亿,2219.50万,专营零售,1.24%,84.49%,1.19
1825,Eaton Vance Tax Adva,ETG,US,21.74,-,1.16%,4.26/5.1,-,0.74,-,-,NYSE,-,16.59亿,3.25亿,资本市场,0.16%,18.66%,0.936
1826,Dynamix,ETHM,US,10.77,-,0.37%,-0.6/-,-,-0.09,-,-,-,-,2.38亿,-1322.32万,资本市场,1.18%,67.91%,-
1827,Eaton Vance Risk-Man,ETJ,US,8.39,-,1.32%,0.74/11.31,-,0.48,-,-,NYSE,-,5.65亿,4992.29万,资本市场,0.21%,22.25%,0.866
1828,伊顿,ETN,US,423.92,-,2.43%,10.48/40.24,伊顿公司是一家多元化的动力管理公司。该公司在许多工业领域都是全球领导者，包括电源品质、输配电及控制系统；工业设备和移动工程机械所需的液压动力元件、系统和服务；商用和军用航空航天所需的燃油、液压和气动系统；以及帮助卡车和汽车提升性能、燃油经济性和安全性的动力及传动系统。伊顿公司现有约7万名员工，产品销往150多个国家和地区。,-0.14,-,-,NYSE,-,1644.75亿,40.87亿,电气设备,0.64%,82.81%,8.47
1829,Eaton Vance Tax-Adva,ETO,US,29.21,-,1.14%,5.39/5.42,-,1.04,-,-,NYSE,-,4.79亿,8826.57万,资本市场,0.10%,19.87%,0.941
1830,Eton Pharmaceuticals,ETON,US,23.02,-,2.70%,-0.17/-,-,0.22,-,-,-,-,6.28亿,-460.10万,制药,1.03%,58.83%,24
1831,eToro,ETOR,US,36.62,-,3.00%,2.58/13.5,-,-1,-,-,-,-,29.12亿,2.16亿,资本市场,1.25%,37.22%,2.09
1832,安特吉,ETR,US,113.64,-,0.96%,3.98/29.59,"Entergy Corporation is an integrated energy company engaged primarily in electric power production and retail distribution operations. Entergy owns and operates power plants with approximately 30,000 megawatts of electric generating capacity, and it is the second-largest nuclear generator in the United States.",-0.25,-,-,NYSE,-,520.24亿,17.58亿,电力,0.60%,95.08%,3.07
1833,Elite Express,ETS,US,0.573,-,11.24%,-0.01/-,-,-3.86,-,-,-,-,957.87万,-11.01万,公路与铁路,-,1.69%,0.644
1834,Etsy,ETSY,US,62.79,-,3.09%,1.59/36.64,Etsy 创立于2005年，是一家手工艺品电商网站。它对出售的手工艺品有着严格的规定：每一件商品必须由设计者亲自设计，必须是手工制作。但从 2013 年起 Etsy 允许卖家将生产和客服外包，这使一部分卖家收益规模扩张，也助长了 Etsy 的营业额。,-1.09,-,-,NASDAQ,-,59.72亿,1.63亿,贸易与经销,2.85%,119.69%,-
1835,EV TMBW机会基金,ETV,US,14.4,-,0.87%,1.9/7.59,-,-0.07,-,-,NYSE,-,16.81亿,2.21亿,资本市场,0.10%,18.67%,0.92
1836,Eaton Vance Tax-Mana,ETW,US,9.31,-,0.86%,1.7/5.48,-,0.54,-,-,-,-,10.20亿,1.86亿,资本市场,0.23%,24.64%,0.919
1837,Eaton Vance Municipa,ETX,US,18.79,-,0.70%,0.78/24.18,-,0.59,-,-,NYSE,-,2.05亿,846.60万,资本市场,0.04%,22.72%,1.02
1838,Eaton Vance,ETY,US,14.59,-,1.24%,1.92/7.6,-,0.34,-,-,NYSE,-,23.23亿,3.06亿,资本市场,0.14%,23.56%,0.932
1839,enCore Energy,EU,US,1.94,-,5.30%,-0.3/-,-,-2.02,-,-,-,-,3.77亿,-5685.60万,金属与采矿,1.03%,45.28%,1.64
1840,EUDA Health,EUDA,US,10.62,-,18.41%,-0.03/100.2,-,-7.33,-,-,-,-,2671.33万,-120.40万,医疗保健技术,14.82%,0.08%,-
1841,Eureka收购,EURK,US,-,-,-,-0.02/76.62,-,-,-,-,-,-,5443.43万,-11.83万,资本市场,-,85.52%,-
1842,EQV Ventures II,EVAC,US,10.14,-,0.10%,0.26/66.47,-,0.2,-,-,-,-,5.93亿,891.64万,资本市场,0.06%,80.37%,1.31
1843,Evaxion,EVAX,US,4.03,-,6.82%,-0.02/-,-,-5.18,-,-,-,-,3361.11万,-770.70万,制药,0.47%,0.34%,2.03
1844,超视野传播,EVC,US,3.75,-,5.49%,-0.87/-,Entravision Communications Corporation (NYSE: EVC) is a diversified Spanish-language media company with a unique group of media assets including television stations and radio stations.,3.02,-,-,NYSE,-,3.45亿,-7916.70万,媒体,0.58%,57.11%,6.23
1845,EverCommerce,EVCM,US,11.75,-,6.51%,0.1/118.6,-,3.43,-,-,-,-,20.86亿,1759.90万,软件,0.75%,91.75%,2.91
1846,EverQuote,EVER,US,15.88,-,5.95%,2.75/5.66,-,4.41,-,-,NYSE,-,5.62亿,9931.10万,信息技术服务,1.96%,86.55%,2.36
1847,Eve Holding,EVEX,US,2.77,-,3.26%,-0.7/-,-,0.36,-,-,-,-,9.65亿,-2.24亿,航空货运与物流,1.23%,11.89%,7.8
1848,EV高级收入信托,EVF,US,4.97,-,1.41%,0.12/23.76,-,0.4,-,-,NYSE,-,9030.63万,209.54万,资本市场,0.20%,24.85%,0.849
1849,Eaton Vance Short Du,EVG,US,10.74,-,0.65%,1.1/9.74,-,0.37,-,-,NYSE,-,1.45亿,1483.76万,资本市场,0.21%,37.36%,0.943
1850,Evogene,EVGN,US,0.788,-,11.83%,1.08/-,-,0.25,-,-,NYSE,-,779.63万,-848.50万,生物科技,0.43%,1.82%,-
1851,EVgo,EVGO,US,2.27,-,6.88%,-0.31/-,-,4.13,-,-,-,-,7.12亿,-4135.10万,综合消费者服务,2.18%,66.21%,-
1852,Evolent Health,EVH,US,3.13,-,8.47%,-5.07/-,-,6.1,-,-,NYSE,-,3.49亿,-5.79亿,医疗保健技术,1.19%,108.92%,0.842
1853,EVI Industries,EVI,US,19.94,-,4.40%,0.28/40.83,-,-0.25,-,-,AMEX,-,2.56亿,421.70万,贸易与经销,0.32%,35.19%,1.78
1854,Evolv Technologies,EVLV,US,6.63,-,3.63%,-0.2/-,-,2.47,-,-,NASDAQ,-,11.89亿,-3313.80万,软件,1.18%,67.92%,9.95
1855,Evommune,EVMN,US,25.38,-,4.08%,-11.22/-,-,-1.78,-,-,-,-,9.14亿,-6887.00万,制药,2.11%,76.07%,4.45
1856,Eaton Vance Municipa,EVN,US,10.53,-,0.76%,0.01/991.3,-,-0.38,-,-,NYSE,-,4.20亿,42.35万,资本市场,0.27%,21.25%,0.969
1857,Evotec,EVO,US,3.15,-,4.33%,-0.68/-,-,-2.48,-,-,AMEX,-,11.20亿,-1.21亿,制药,0.05%,2.82%,1.17
1858,Evolution Global,EVOX,US,10,-,0.00%,-0.3/-,-,0,-,-,-,-,3.20亿,-411.32万,资本市场,0.00%,66.94%,-
1859,Evercore,EVR,US,344.3,-,2.74%,15.29/23.04,-,-1.06,-,-,NYSE,-,136.36亿,5.92亿,资本市场,1.70%,87.67%,6.71
1860,Evergy,EVRG,US,81.23,-,1.23%,3.71/21.86,-,-0.81,-,-,-,-,187.06亿,8.56亿,电力,0.62%,92.34%,1.83
1861,Eaton Vance Tax-Adva,EVT,US,25.67,-,1.12%,2.5/10.29,-,-0.31,-,-,NYSE,-,19.14亿,1.86亿,资本市场,0.09%,18.42%,0.957
1862,Evertec,EVTC,US,29.51,-,1.97%,2.22/12.84,-,0.44,-,-,NYSE,-,18.18亿,1.42亿,综合金融服务,0.31%,99.78%,2.93
1863,Vertical Aerospace,EVTL,US,2.37,-,6.88%,3.54/0.963,-,-4.05,-,-,-,-,3.02亿,3.13亿,航空航天与国防,1.38%,59.17%,-
1864,Envirotech Vehicles,EVTV,US,1.68,-,4.18%,-11.54/-,-,1.82,-,-,-,-,2172.36万,-3912.70万,机械制造,0.98%,1.71%,-
1865,Eaton Vance Ltd Dura,EVV,US,9.49,-,1.57%,0.6/14.07,-,-0.63,-,-,AMEX,-,11.03亿,6992.94万,资本市场,0.29%,33.66%,0.899
1866,爱德华兹生命科学,EW,US,84.15,-,3.29%,0.66/44.26,-,5.56,-,-,NYSE,-,485.16亿,3.81亿,医疗保健设备,2.08%,87.71%,4.69
1867,华美,EWBC,US,122.67,-,2.11%,2.59/12.07,East West Bank is a full-service commercial bank serving consumers and businesses throughout the U.S. and in Greater China.,-1.2,-,-,NASDAQ,-,168.03亿,3.58亿,商业银行,0.65%,93.06%,1.87
1868,European Wax Center,EWCZ,US,5.82,-,0.17%,0.2/36.73,-,0.17,-,-,-,-,3.19亿,868.20万,综合消费者服务,1.39%,88.28%,4.02
1869,Edgewise,EWTX,US,31.58,-,3.52%,-1.63/-,-,1.12,-,-,-,-,33.96亿,-1.68亿,制药,1.34%,115.02%,6.5
1870,爱克斯龙,EXC,US,46.92,-,1.71%,2.74/17.34,爱克斯龙(EXC)是美国最大的核电力公司，拥有10个发电厂，年发电可以达到1.8万兆瓦，占美国核电力发电量的20%。该公司是一家公共事业控股企业。它的子公司主要针对住宅、商业、工业和批发顾客从事电力的生产、购买、传输、发行和销售；并同时针对住宅、商业和工业顾客从事分配和销售天然气业务。,0.36,-,-,NYSE,-,480.07亿,27.68亿,电力,0.71%,87.75%,1.67
1871,Expand Energy,EXE,US,96.44,-,1.86%,7.67/12.75,-,0.15,-,-,-,-,231.84亿,18.19亿,石油与天然气,0.86%,93.04%,1.25
1872,伊克力西斯,EXEL,US,44.94,-,4.58%,2.88/14.59,-,-2.41,-,-,NASDAQ,-,114.15亿,7.83亿,制药,0.96%,103.06%,5.28
1873,Expensify,EXFY,US,0.924,-,9.94%,-0.23/-,-,5.6,-,-,-,-,9334.47万,-2138.90万,软件,0.87%,33.32%,0.703
1874,EV税收管理型全球基金,EXG,US,9.28,-,1.41%,1.37/6.79,-,0.98,-,-,NYSE,-,28.39亿,4.18亿,资本市场,0.11%,22.05%,0.949
1875,Endeavour Silver,EXK,US,9.65,-,3.87%,-0.42/-,-,2.22,-,-,NYSE,-,28.57亿,-1.19亿,金属与采矿,1.83%,46.15%,4.93
1876,伊克赛尔服务控股,EXLS,US,30.4,-,2.23%,1.56/18.94,"EXL (NASDAQ: EXLS) is a leading provider of Transformation and Outsourcing services to Global 1000 companies in multiple industries including insurance, banking, financial services, utilities, transportation and travel.",-0.52,-,-,NASDAQ,-,47.54亿,2.51亿,专业服务,1.26%,99.12%,5.21
1877,Exodus Movement,EXOD,US,8.2,-,5.29%,-0.39/-,-,2.5,-,-,-,-,2.44亿,-1135.30万,综合金融服务,0.83%,28.12%,0.988
1878,eXoZymes,EXOZ,US,10.14,-,0.00%,-1.09/-,-,-1.65,-,-,-,-,8524.37万,-915.87万,生物科技,0.02%,0.78%,25.1
1879,Eagle Materials,EXP,US,208.76,-,1.52%,11.28/15.26,"Headquartered in Dallas, Texas, Eagle Materials Inc. is a leading provider of building materials and serves markets throughout the United States. Our operations are segmented by product group and include Cement, Gypsum Wallboard, Paperboard, and Concrete and Aggregates divisions.",0.17,-,-,NYSE,-,65.62亿,3.64亿,建筑材料,0.99%,103.29%,4.39
1880,康捷国际物流,EXPD,US,147.56,-,1.67%,5.97/24.22,康捷国际物流公司是一家全球性的物流（logistics）和货代公司，总部设在美国华盛顿州西雅图市。Expeditor International提供的服务覆盖了清关、供应链管理、空运与海运的货代、保险、海洋联合、分销、顾问服务（Tradewin）、供应链软件（Tradeflow）和其他增值服务,-1.46,-,-,NASDAQ,-,196.23亿,8.10亿,航空货运与物流,0.58%,99.60%,8.33
1881,Expedia,EXPE,US,251.44,http://www.expediainc.com,2.41%,10.32/23.81,"Expedia 成立于1996年，是全球知名的在线旅游公司；2005年8月9日从IAC/InterActiveCorp分拆独立上市。2011年12月20日，Expedia 再次分拆为新Expedia和TripAdvisor两家公司，其中前者将经营该公司旅游交易相关业务，后者则将经营旅游媒体和广告品牌业务。

    在中国，Expedia 于2004年收购了在线旅游网站艺龙网（eLong.com），其兄弟公司TripAdvisor 拥有中文点评网站到到网和中文旅游搜索引擎酷讯网。",0.43,-,-,NASDAQ,-,308.10亿,12.94亿,酒店餐饮与休闲,0.76%,100.01%,23.99
1882,eXp World Holdings,EXPI,US,6.45,-,2.68%,-0.14/-,-,1.57,-,-,-,-,10.27亿,-2271.40万,房地产管理和开发Ⅲ,0.77%,39.67%,4.23
1883,毅博科技咨询,EXPO,US,65.88,-,3.27%,2.08/30.21,"With over 90 scientific and engineering disciplines, Exponent’s staff of approximately 900, located in 19 offices throughout the nation and 5 international offices, combines unparalleled technical expertise with the ability, when necessary, to focus this knowledge in extremely short time frames.",-0.59,-,-,NASDAQ,-,32.03亿,1.06亿,工业集团企业,0.81%,96.64%,8.21
1884,Extra Space Storage,EXR,US,142.09,-,1.55%,4.59/30.81,-,-0.4,-,-,NYSE,-,300.09亿,9.74亿,专业房地产投资信托,0.61%,101.67%,2.23
1885,极速网络,EXTR,US,17.59,-,4.29%,0.1/299.9,"Sophisticated Ethernet solutions that meet the toughest challenges in network connectivity and IP-based communications.

Extreme Networks® of Santa Clara, Calif., founded in 1996, is a publicly listed company that designs, builds, and installs sophisticated Ethernet solutions that meet the toughest challenges in network connectivity and IP-based communications.",4.08,-,-,NASDAQ,-,23.62亿,1348.70万,通信设备,1.78%,95.23%,24.64
1886,National Vision,EYE,US,23.81,-,5.67%,0.37/63.9,-,-1.41,-,-,-,-,18.91亿,2960.00万,医疗保健设备,2.28%,117.68%,2.18
1887,EyePoint,EYPT,US,13.77,-,4.52%,-3.17/-,-,-0.51,-,-,-,-,11.49亿,-2.32亿,制药,0.85%,100.92%,3.75
1888,易电行,EZGO,US,1.38,-,3.63%,-38.4/-,-,0.22,-,-,-,-,2882.09万,-869.24万,汽车,0.01%,0.05%,0.596
1889,艾茨克普,EZPW,US,31.86,-,2.02%,0.72/15.99,EZCORP is a market leader in the specialty consumer finance industry dedicated to satisfying the short-term cash needs of consumers who find themselves both cash and credit constrained.,0.41,-,-,NASDAQ,-,19.66亿,4430.40万,消费信贷,1.18%,110.73%,1.84
1890,Reliance Global,EZRA,US,0.19,-,4.15%,-1.28/-,-,-1.55,-,-,-,-,403.81万,-698.78万,保险,8.43%,2.73%,0.629
1891,福特汽车,F,US,12.38,http://www.corporate.ford.com,1.36%,-2.06/-,福特汽车公司是一家著名的汽车企业，大约在全世界有36万名职工服务于汽车、金融和通信等领域。它有三个重要的战略经营单位—汽车集团、多样化产品集团和金融服务（财务公司）。,-0.8,-,-,NYSE,-,496.57亿,-81.82亿,汽车,0.90%,67.15%,1.38
1892,First Advantage,FA,US,12.46,-,3.34%,-0.2/-,-,1.38,-,-,-,-,21.72亿,-3482.40万,专业服务,0.92%,109.17%,1.65
1893,FACT II,FACT,US,10.57,-,0.19%,0.21/51.24,-,0,-,-,-,-,2.57亿,501.75万,资本市场,0.32%,96.00%,-
1894,第一美国,FAF,US,70.87,-,3.41%,1.21/10.78,"First American provides financial services through its Title Insurance and Services segment and its Specialty Insurance segment. The First American Family of Companies’ core business lines include title insurance and closing/settlement services; title plant management services; title and other real property records and images; valuation products and services; home warranty products; property and casualty insurance; and banking, trust, and investment advisory services.",2.95,-,-,NYSE,-,72.50亿,1.25亿,保险,1.05%,92.21%,1.32
1895,农米良品,FAMI,US,1.22,-,3.92%,-28.92/-,-,-2.4,-,-,-,-,1685.46万,-5309.86万,食品,0.11%,0.10%,0.136
1896,Diamondback Energy,FANG,US,194.79,-,2.11%,5.73/32.93,-,-0.41,-,-,NASDAQ,-,547.97亿,16.64亿,石油与天然气,0.91%,61.98%,1.48
1897,Farmer Bros,FARM,US,1.26,-,1.59%,-0.41/-,-,0,-,-,NASDAQ,-,2765.06万,-889.10万,食品与日用品零售,0.77%,33.62%,0.775
1898,快扣,FAST,US,44.69,-,1.60%,0.3/39.48,-,-1.67,-,-,NASDAQ,-,513.06亿,3.40亿,贸易与经销,0.36%,84.14%,12.86
1899,Fate Therapeutics,FATE,US,1.33,-,4.17%,-1.15/-,-,0.76,-,-,NASDAQ,-,1.55亿,-1.36亿,制药,0.87%,69.56%,0.746
1900,FatPipe,FATN,US,2,-,5.50%,0.07/42.6,-,0,-,-,-,-,2784.89万,100.85万,软件,0.54%,0.80%,1.32
1901,Abrdn Asia-Pacific I,FAX,US,14.94,-,1.40%,0.88/16.95,-,-0.6,-,-,AMEX,-,6.17亿,3639.55万,资本市场,0.39%,22.56%,0.9
1902,FBS Global,FBGL,US,0.61,-,4.27%,0.02/-,-,-3.63,-,-,-,-,823.50万,19.18万,建筑与工程,-,2.62%,1.07
1903,Fortune Brands,FBIN,US,41.54,-,2.27%,2.48/16.66,-,0.34,-,-,-,-,49.78亿,2.99亿,耐用消费品,1.18%,100.64%,2.08
1904,Fortress Biotech,FBIO,US,2.33,-,4.93%,-0.07/-,-,4.48,-,-,NASDAQ,-,7503.20万,-188.20万,制药,0.79%,18.27%,1.5
1905,第一商业金融服务,FBIZ,US,56.03,-,4.05%,5.94/9.26,-,-2.2,-,-,NASDAQ,-,4.67亿,1198.10万,商业银行,0.59%,70.98%,1.23
1906,FB Financial,FBK,US,53.58,-,2.48%,2.47/19.57,-,-1.25,-,-,NYSE,-,27.55亿,5752.60万,综合金融服务,0.79%,78.52%,1.4
1907,FB Bancorp,FBLA,US,14.01,-,1.78%,0.07/191.9,-,0,-,-,-,-,2.40亿,125.30万,商业银行,1.03%,35.89%,0.765
1908,FibroBiologics,FBLG,US,1.42,-,8.94%,-0.42/-,-,-5.96,-,-,-,-,644.91万,-1864.60万,制药,4.02%,5.28%,1.05
1909,First Bancorp,FBNC,US,58.33,-,4.35%,2.68/19.95,"First Bancorp is a bank holding company headquartered in Troy, North Carolina, with total assets of approximately $3.3 billion. Its principal activity is the ownership and operation of First Bank, a state-chartered community bank that operates a total of 97 branches, with 82 branches operating in North Carolina, nine branches in South Carolina, and six branches plus one loan production office in Virginia, where First Bank does business as First Bank of Virginia. First Bancorp's common stock is traded on the NASDAQ Global Select Market under the symbol ""FBNC.""",-2.05,-,-,NASDAQ,-,24.13亿,4665.90万,商业银行,0.70%,78.43%,1.43
1910,第一万能金控,FBP,US,23.41,-,4.40%,2.16/10.5,-,-3.78,-,-,NYSE,-,36.21亿,3.45亿,商业银行,1.29%,98.31%,1.84
1911,Franklin BSP,FBRT,US,9.14,-,2.09%,0.65/12.73,-,0.77,-,-,-,-,7.03亿,5527.80万,抵押型REITs,0.84%,59.97%,0.595
1912,Forte Biosciences,FBRX,US,27.45,-,4.52%,-4.71/-,-,-4.89,-,-,-,-,5.38亿,-6937.50万,生命科学工具,1.11%,61.67%,8.82
1913,Falcon's Beyond,FBYD,US,15.37,-,10.07%,0.06/656.4,-,-2.04,-,-,-,-,18.63亿,283.90万,酒店餐饮与休闲,0.23%,5.01%,156.8
1914,富兰克林柯维,FC,US,21.61,-,5.58%,-0.45/-,-,-1.14,-,-,NYSE,-,2.44亿,-527.10万,专业服务,0.50%,77.06%,6.4
1915,第一资本,FCAP,US,53.78,-,0.05%,4.89/10.99,-,2.01,-,-,NASDAQ,-,1.80亿,1636.70万,综合金融服务,0.06%,29.19%,1.31
1916,第一社区银行股份,FCBC,US,42.51,-,1.70%,2.66/16.62,-,-1.14,-,-,NASDAQ,-,8.11亿,4879.40万,商业银行,0.52%,35.46%,1.62
1917,第一社区,FCCO,US,30.12,-,2.37%,2.51/14.74,-,0.67,-,-,NASDAQ,-,2.83亿,1920.50万,商业银行,0.87%,55.65%,1.69
1918,燃料电池能源,FCEL,US,11.18,http://www.fuelcellenergy.com,13.56%,-0.49/-,"FuelCell Energy是一家综合燃料电池公司，处于行业领导地位，全球影响力不断提升。公司为基本荷载固定式燃料电池发电设计、制造、销售、安装和服务超净的、高效的固定式燃料电池。公司发电厂提供强大的场内电源和公用电网的支持,帮助客户解决他们的能源、环境和业务问题。Fuelcell能源公司最初是一家研究型公司, 于1969年在康涅狄格州成立,并于1992年公开交易。1999年，公司在特拉华州重组，2003年开始商业燃料发电厂的销售。公司的愿景是提供超净的,高效的,可靠的分布式基本荷载发电，每千瓦时成本少于输电网输电成本。与输电网输电价格相比，公司的发电厂提供的电力价格在某些高成本地区具有竞争力，其战略为继续降低成本,促进公司发电厂的广泛使用。",-8.13,-,-,NASDAQ,-,5.92亿,-2366.00万,独立电力生产商,10.88%,40.18%,0.852
1919,第一联邦金融,FCF,US,18.62,-,0.96%,1.48/12.5,-,-1.17,-,-,NYSE,-,19.03亿,1.52亿,商业银行,0.68%,75.38%,1.22
1920,第一富金融服务,FCFS,US,219,-,3.93%,7.46/27.17,"First Cash Financial Services, Inc. is a leading provider of specialty consumer financial services and related retail products. First Cash operates pawn stores and cash advance stores.",3.14,-,-,NYSE,-,96.33亿,1.08亿,消费信贷,1.32%,90.35%,4.19
1921,Fitness Champs,FCHL,US,0.184,-,12.35%,0.0000/-,-,8.24,-,-,-,-,21.09万,-19.50万,综合消费者服务,160.08%,2.04%,-
1922,FTI咨询,FCN,US,184.23,-,2.54%,8.33/20.48,"FTI Consulting, Inc. is a global business advisory firm dedicated to helping organizations protect and enhance enterprise value in an increasingly complex legal, regulatory and economic environment.",-0.52,-,-,NYSE,-,55.49亿,2.71亿,专业服务,0.80%,100.37%,3.2
1923,第一公民银行股份,FCNCA,US,1931.94,-,3.11%,42.63/10.32,-,-2.25,-,-,NASDAQ,-,225.83亿,5.08亿,商业银行,1.21%,65.42%,1.11
1924,Abrdn Global Income,FCO,US,2.69,-,4.40%,0.31/8.68,-,-1.47,-,-,AMEX,-,3620.51万,417.34万,资本市场,2.11%,3.92%,0.886
1925,四角财产信托,FCPT,US,25.43,-,2.27%,1.09/24.84,-,1.11,-,-,NYSE,-,27.91亿,1.12亿,零售房地产投资信托,0.82%,98.55%,1.71
1926,FutureCrest,FCRS,US,10.26,-,0.78%,0.12/153.4,-,0.34,-,-,-,-,3.69亿,240.42万,资本市场,1.94%,42.87%,1.32
1927,First Trust Senior F,FCT,US,9.79,-,1.28%,0.36/15.07,-,0,-,-,NYSE,-,2.54亿,931.80万,资本市场,0.42%,36.47%,0.945
1928,Focus Universal,FCUV,US,1.53,-,19.14%,-7.07/-,-,-12.57,-,-,-,-,247.57万,-524.11万,电子设备与仪器,13.61%,2.14%,0.291
1929,麦克莫兰铜金,FCX,US,61.05,http://www.fcx.com,4.26%,0.61/31.27,"Freeport-McMoRan Copper & Gold Inc 是世界上成本最低的铜生产商和世界上最大的黄金生产商。

2007年03月16日，该公司以价值259亿美元现金及股票收购对手Phelps Dodge Corp.，造就了世界上最大的上市铜生产商。",-0.7,-,-,NYSE,-,854.70亿,8.81亿,金属与采矿,1.24%,86.52%,4.38
1930,Fidelity D & D,FDBC,US,46.03,-,1.87%,4.89/9.01,-,-0.24,-,-,-,-,2.67亿,746.00万,商业银行,0.06%,22.89%,1.09
1931,4D Molecular,FDMT,US,9.4,-,6.87%,-2.42/-,-,-2.19,-,-,-,-,4.80亿,-1.40亿,生物科技,1.13%,104.34%,0.949
1932,戴尔蒙特新鲜制造,FDP,US,41.85,-,2.74%,1.9/21.86,-,-1.06,-,-,NYSE,-,19.83亿,9070.00万,食品,0.66%,69.32%,0.984
1933,慧甚,FDS,US,224.12,-,3.11%,7.68/13.89,-,-1.74,-,-,NYSE,-,81.65亿,2.86亿,资本市场,2.12%,101.22%,3.83
1934,Fifth District,FDSB,US,15.1,-,0.79%,0.8/19.54,-,-0.33,-,-,-,-,7986.92万,408.80万,综合金融服务,0.23%,24.29%,0.616
1935,Fidus Investment,FDUS,US,18.4,-,1.52%,2.08/8.48,-,0.33,-,-,NASDAQ,-,6.98亿,8240.20万,资本市场,0.36%,26.66%,0.941
1936,联邦快递,FDX,US,387.98,http://www.fedex.com,1.60%,12.01/20.65,联邦快递集团为遍及全球的顾客和企业提供涵盖运输、电子商务和商业运作等一系列的全面服务。联邦快递隶属于美国联邦快递集团，是集团快递运输业务的中坚力量，同时还是全球最具规模的快递运输公司，为全球超过220个国家及地区提供快捷、可靠的快递服务。,-1.2,-,-,NYSE,-,925.75亿,28.36亿,航空货运与物流,0.39%,78.76%,3.11
1937,第一能源,FE,US,49.41,-,1.30%,1.77/28.02,"FirstEnergy (NYSE: FE) is a diversified energy company dedicated to safety, reliability and operational excellence. Headquartered in Akron, Ohio, FirstEnergy comprises the nation's largest investor-owned electric system based on serving six million customers in the Midwest and Mid-Atlantic regions.",-0.42,-,-,NYSE,-,285.79亿,10.20亿,电力,0.64%,89.22%,2.28
1938,5E Advanced,FEAM,US,1.56,-,8.12%,-0.99/-,-,1.3,-,-,-,-,6475.85万,-2158.50万,金属与采矿,0.70%,22.91%,1.26
1939,晖宝,FEBO,US,1.15,-,1.71%,-0.04/-,-,-1.71,-,-,-,-,1272.19万,-48.74万,专营零售,0.02%,0.51%,2.37
1940,四季教育,FEDU,US,9.58,-,0.00%,0.06/17.24,-,-8.85,-,-,-,-,2165.14万,143.54万,综合消费者服务,-,0.37%,0.3
1941,ENvue Medical,FEED,US,1.34,-,3.88%,-26.69/-,-,0,-,-,-,-,495.92万,-1677.50万,医疗保健设备,3.69%,0.71%,0.148
1942,高频电子,FEIM,US,51.54,-,4.18%,0.41/69.35,"Frequency Electronics, Inc. was founded in 1962 and is now a well-established public company in Long Island, New York, and trades on the NASDAQ Stock Exchange under the symbol FEIM. It has five wholly-owned subsidiaries: FEI Communications Inc. and FEI Government Systems Inc., located in Mitchel Field, New York; Gillam-FEi a.s., located in Liege, Belgium, near Brussels; FEI-Zyfer Inc., located in Garden Grove, California; FEI-Asia Ltd., located in the free trade zone in Tianjin, China. FEI and its subsidiaries are major worldwide suppliers of Precision Time and Frequency (PT&F) products for ground, seaborne, airborne, and space terminals and platforms used by commercial and",-1.6,-,-,NASDAQ,-,5.07亿,400.20万,通信设备,1.52%,67.57%,8.42
1943,富兰克林电子,FELE,US,101.94,-,1.64%,3.25/30.61,"Franklin Electric's principal markets include clean water systems, water transfer and grey water systems, and fueling systems. Headquartered in Bluffton, Indiana, Franklin serves all corners of the world with more than 14 manufacturing and distribution facilities.",0.32,-,-,NASDAQ,-,45.02亿,1.47亿,机械制造,2.44%,85.04%,3.4
1944,Femasys,FEMY,US,0.407,-,5.01%,-0.47/-,-,2.01,-,-,-,-,2457.90万,-1862.79万,医疗保健服务,0.46%,15.80%,4.2
1945,Fennec制药,FENC,US,6.84,-,6.61%,-0.34/-,-,2.7,-,-,-,-,2.36亿,-974.10万,生物科技,0.37%,45.90%,6.65
1946,凤凰新媒体,FENG,US,1.76,-,1.69%,0.0000/440,-,-1.12,-,-,-,-,2113.90万,4.80万,互动媒体与服务,0.01%,0.07%,0.126
1947,Ferrovial,FER,US,69.09,-,0.87%,1.46/48.37,-,-1.14,-,-,-,-,504.05亿,10.42亿,建筑与工程,0.30%,28.62%,7.27
1948,Fifth Era,FERA,US,10.36,-,0.00%,0.15/78.43,-,0,-,-,-,-,3.24亿,413.02万,资本市场,0.11%,84.75%,1.44
1949,Ferguson Enterprises,FERG,US,263.59,-,1.56%,10.18/25.54,-,0.08,-,-,-,-,512.40亿,20.06亿,贸易与经销,0.58%,94.11%,8.75
1950,Forum Energy,FET,US,61.93,-,4.43%,-0.81/-,-,2.06,-,-,NYSE,-,7.02亿,-966.00万,能源设备与服务,0.92%,71.11%,2.41
1951,Futurefuel,FF,US,4.12,-,2.74%,-1.13/-,-,-0.24,-,-,NYSE,-,1.81亿,-4939.70万,化学制品,0.54%,38.13%,1.17
1952,First Trust Enhanced,FFA,US,22.07,-,1.27%,4.04/5.46,-,0.41,-,-,NYSE,-,4.41亿,8074.93万,资本市场,0.15%,32.28%,0.93
1953,法拉第未来,FFAI,US,0.371,-,14.47%,-3.14/-,-,-5.84,-,-,-,-,9229.42万,-3.91亿,汽车,7.49%,12.78%,-
1954,First,FFBC,US,30.58,-,3.15%,2.68/11.51,-,2.41,-,-,NASDAQ,-,32.09亿,7444.50万,商业银行,1.46%,80.11%,1.09
1955,Flaherty & Crumrine,FFC,US,16.06,-,0.87%,1.48/10.87,-,-0.37,-,-,NYSE,-,7.74亿,7115.69万,资本市场,0.19%,22.28%,0.911
1956,法拉盛金融,FFIC,US,16.06,-,1.67%,0.54/28.82,-,-0.37,-,-,NASDAQ,-,5.44亿,1888.00万,商业银行,1.18%,75.15%,0.769
1957,第一金融银行股份,FFIN,US,31.96,-,2.28%,1.77/18.05,"First Financial Bankshares, Inc. is recognized as one of the nation’s most financially secure banking institutions, with assets of $3.5 billion, 11 separately chartered affiliate banks and 52 convenient banking locations, plus a Trust Company with six convenient locations, all to serve customers in Texas markets stretching from Hereford in the Panhandle to Huntsville, north of Houston.",-1.39,-,-,NASDAQ,-,45.78亿,2.54亿,商业银行,0.41%,61.39%,2.39
1958,F5,FFIV,US,303.16,-,3.35%,3.12/24.27,F5 Networks是应用交付网络的全球领导者。F5提供的解决方案保证每个用户的应用实现安全、高速和高可用，帮助企业获得最大投资回报。通过在网络中增加智能和可管理性而降低应用的负荷，F5使应用得以优化，从而提高运行速度，并降低资源消耗。,1.09,-,-,NASDAQ,-,171.34亿,1.80亿,通信设备,1.48%,104.53%,4.84
1959,F&G Annuities & Life,FG,US,27.99,-,2.99%,1.89/15.31,-,2.19,-,-,-,-,37.96亿,2.48亿,保险,0.29%,22.88%,0.79
1960,First Guaranty,FGBI,US,9.12,http://www.fgb.net/,4.66%,-4.17/-,"First Guaranty Bancshares is a Louisiana-chartered bank holding company headquartered in Hammond, Louisiana. Our wholly owned subsidiary, First Guaranty Bank, a Louisiana-chartered commercial bank, provides personalized commercial banking services mainly to Louisiana customers through 21 banking facilities primarily located in the MSAs, of Hammond, Baton Rouge, Lafayette and Shreveport-Bossier City. Our principal business consists of attracting deposits from the general public and local municipalities in our market areas and investing those deposits, together with funds generated from operations and borrowings in securities and in lending activities to serve the credit needs of our customer base, including commercial real estate loans, commercial and industrial loans, one- to four-family residential real estate loans, construction and land development loans, agricultural and farmland loans, and to a lesser extent, consumer and multifamily loans. We also participate in certain syndicated loans, including shared national credits, with other financial institutions.",-3.49,S1/F1,-,NASDAQ,-,1.44亿,-5835.00万,商业银行,0.75%,4.79%,0.746
1961,FGI Industries,FGI,US,9.26,-,42.13%,-3.2/-,-,18.57,-,-,-,-,1784.70万,-613.95万,耐用消费品,1.04%,37.12%,1.03
1962,FG Imperii Acquisiti,FGII,US,9.89,-,0.00%,-0.01/-,-,-0.2,-,-,-,-,2.84亿,-2.11万,资本市场,0.00%,-,0.0000
1963,Founder Group,FGL,US,1.84,-,5.25%,-0.03/-,-,1.66,-,-,NYSE,-,81.60万,-45.85万,电子设备与仪器,5.61%,0.01%,0.198
1964,FG Merger,FGMC,US,10.141,-,0.20%,0.26/73.17,-,0.02,-,-,-,-,1.04亿,142.70万,资本市场,0.24%,72.17%,1.27
1965,FG Nexus,FGNX,US,6.85,-,2.58%,-25.69/-,-,1.03,-,-,-,-,4405.80万,-6854.60万,保险,0.31%,29.16%,0.363
1966,First Hawaiian,FHB,US,26.41,-,5.01%,2.21/11.75,-,-2.04,-,-,NASDAQ,-,32.45亿,2.76亿,商业银行,2.55%,106.37%,1.17
1967,联邦投资,FHI,US,55.86,-,3.35%,5.13/10.5,-,-1.08,-,-,-,-,42.36亿,4.03亿,资本市场,1.05%,90.83%,3.54
1968,第一地平线,FHN,US,24.21,-,2.33%,0.54/11.51,"First Horizon National Corporation is a premier financial services company with a long history of success and traditions dating back to 1864. Today, the company, one of the top 50 bank	 holding companies in the U.S., is known for exceptional customer	 service and a deep commitment to our people.",-2.02,-,-,NYSE,-,115.24亿,2.57亿,商业银行,0.81%,87.79%,1.37
1969,Foghorn,FHTX,US,5.31,-,5.39%,-1.18/-,-,2.31,-,-,-,-,3.12亿,-7428.30万,生物科技,0.27%,70.96%,-
1970,First Interstate,FIBK,US,34.85,-,2.12%,2.95/11.23,"It is a financial and bank holding company headquartered in Billings, Montana. As of September 30, 2009, It had consolidated assets of $6.9 billion, deposits of $5.7 billion, loans of $4.6 billion and total stockholders’ equity of $571 million. It currently operates 72 banking offices in 42 communities located in Montana, Wyoming and western South Dakota. Through the Bank, It delivers a comprehensive range of banking products and services to individuals, businesses, municipalities and other entities throughout its market areas. Its customers participate in a wide variety of industries, including energy, healthcare and professional services, education and governmental services, construction, mining, agriculture, retail and wholesale trade and tourism.",-0.03,-,-,NASDAQ,-,33.94亿,3.02亿,商业银行,1.45%,91.66%,0.984
1971,Fair Isaac,FICO,US,1004.72,-,4.58%,6.68/36.23,FICO (NYSE:FICO) 是决策管理的领导者，通过每个有效决策，助力业务转型。公司使用预测分析技术帮助企业在整个组织和客户生命周期中实现决策的自动化、改进和关联性连接。,2.55,-,-,NYSE,-,238.34亿,1.58亿,软件,1.35%,87.95%,-
1972,FiEE,FIEE,US,6.62,-,18.18%,0.12/77.09,-,13.36,-,-,NYSE,-,5252.39万,68.13万,软件,0.18%,0.00%,10.61
1973,Figma,FIG,US,17.47,http://www.fortress.com,4.68%,-3.71/-,峰堡投资是一家多样化的全球领先的投资管理公司。 Fortress成立于1998年，是一家以资产为基础的投资管理公司，基本经营理念是收益与资金投资者相联。公司管理的基金主要采用绝对回报策略。不管市场表现如何，公司努力获得正值回报。,0.87,-,-,NYSE,-,92.06亿,-12.50亿,软件,11.44%,60.29%,6.09
1974,Figure Technology,FIGR,US,32.15,-,2.91%,0.54/51.96,-,-0.22,-,-,-,-,69.56亿,1.34亿,消费信贷,1.90%,46.59%,5.66
1975,FIGS,FIGS,US,16.51,-,8.37%,0.21/80.52,-,2.42,-,-,-,-,27.58亿,3425.00万,纺织服装与奢侈品,3.57%,91.55%,6.3
1976,FIGX Capital,FIGX,US,10.2,-,0.00%,0.2/79.21,-,0,-,-,-,-,1.98亿,249.64万,资本市场,0.01%,82.65%,-
1977,Fidelis Insurance,FIHL,US,20.96,-,1.64%,2.12/8.02,-,-1.55,-,-,-,-,18.09亿,2.25亿,保险,0.44%,90.69%,0.754
1978,Angel Oak Financial,FINS,US,12.795,-,0.70%,1.4/9.11,-,0.16,-,-,-,-,4.28亿,4691.20万,资本市场,0.05%,67.42%,0.919
1979,信也科技,FINV,US,4.81,-,2.75%,0.29/3.35,-,1.91,-,-,-,-,12.19亿,3.64亿,消费信贷,0.85%,9.20%,0.515
1980,FinWise,FINW,US,16.19,-,2.75%,1.2/13.76,-,0.06,-,-,-,-,2.21亿,1609.10万,商业银行,0.21%,28.46%,1.15
1981,FTAI Infrastructure,FIP,US,5.41,-,5.05%,-2.24/-,-,-2.35,-,-,-,-,6.39亿,-2.07亿,石油与天然气,0.56%,85.48%,30.06
1982,富达国民信息服务,FIS,US,45.73,-,2.33%,0.73/61.58,-,-0.02,-,-,NYSE,-,235.24亿,3.82亿,信息技术服务,0.64%,97.68%,1.69
1983,金融机构,FISI,US,33.71,-,3.31%,3.65/8.56,-,-1.29,-,-,NASDAQ,-,6.64亿,2062.10万,商业银行,0.63%,79.54%,1.05
1984,费哲金融服务,FISV,US,60.84,-,1.88%,6.36/9.32,"Fiserv, Inc. (NASDAQ: FISV) is the leading global provider of information management and electronic commerce systems for the financial services industry.",-1.15,-,-,NASDAQ,-,324.28亿,34.80亿,综合金融服务,0.75%,89.80%,1.26
1985,五三银行,FITB,US,49.66,-,3.28%,0.16/22.2,-,-2.42,-,-,NASDAQ,-,449.83亿,1.28亿,商业银行,0.50%,91.41%,1.41
1986,Five Below,FIVE,US,234.01,-,4.55%,6.51/36.04,Five Below创办于2002年，是美国一家专注于青少年的特色零售连锁店，出售玩具、零食、服饰、文教、工艺、DVD等等各种青少年喜爱的商品，所有商品定价均不超过5美元。,-1.76,-,-,NASDAQ,-,129.26亿,3.59亿,专营零售,2.31%,102.75%,5.89
1987,Five9,FIVN,US,16.55,-,7.18%,0.51/32.15,-,7.05,-,-,NASDAQ,-,12.67亿,3941.60万,信息技术服务,3.03%,97.65%,1.61
1988,Comfort Systems USA,FIX,US,1726.12,-,8.62%,10.52/49.66,"Comfort Systems USA is a national heating, ventilation and cooling (HVAC) company headquartered in Houston, Texas.",-2.69,-,-,NYSE,-,607.64亿,3.70亿,建筑与工程,2.40%,94.66%,21.59
1989,National Beverage,FIZZ,US,34.2,-,1.77%,1.53/17.02,-,1,-,-,NASDAQ,-,32.02亿,1.43亿,饮料,0.84%,25.12%,5.42
1990,Starfighters Space,FJET,US,5.91,-,8.00%,-0.76/-,-,-2.31,-,-,-,-,2.61亿,-1654.36万,航空航天与国防,2.82%,0.49%,10.48
1991,Franklin Wireless,FKWL,US,3.64,-,0.55%,0.1/229.3,-,-0.55,-,-,-,-,4289.48万,117.41万,通信设备,0.05%,9.90%,1.21
1992,Flaherty & Crumrine,FLC,US,17.12,-,0.64%,1.55/11.08,-,-0.12,-,-,NYSE,-,1.79亿,1615.08万,资本市场,0.19%,33.67%,0.904
1993,Fold Holdings,FLD,US,1.52,-,10.27%,-1.65/-,-,4.11,-,-,-,-,7724.17万,-6959.05万,软件,0.75%,7.68%,1.23
1994,伟创力,FLEX,US,91.41,http://www.flextronics.com,4.63%,1.69/39.45,该公司是全球领先的电子产品的原始设备制造商和服务商。公司为医疗，汽车，以及国防和航空航天行业提供高可靠性解决方案。,5.19,-,-,NASDAQ,-,336.09亿,6.30亿,电子设备与仪器,1.00%,99.42%,6.56
1995,Flagstar Bank,FLG,US,14.03,-,7.56%,-0.5/-,-,-2.23,-,-,-,-,58.36亿,1300.00万,商业银行,4.59%,91.20%,0.719
1996,Fulgent Genetics,FLGT,US,16.31,-,1.59%,-1.97/-,-,1.75,-,-,NASDAQ,-,4.70亿,-6051.30万,医疗保健技术,1.44%,60.10%,0.423
1997,Full House Resorts,FLL,US,2.49,-,5.67%,-1.12/-,-,0.81,-,-,NASDAQ,-,9011.89万,-4019.70万,酒店餐饮与休闲,0.17%,40.57%,35.57
1998,Filana Therapeutics,FLNA,US,1.61,-,4.22%,-1.88/-,-,-3.01,-,-,-,-,7777.57万,-9097.30万,制药,0.77%,29.05%,1.05
1999,Fluence Energy,FLNC,US,13.38,-,3.72%,-0.34/-,-,-1.04,-,-,-,-,24.61亿,-4507.00万,电子设备与仪器,2.80%,94.63%,6.34
2000,FLEX LNG,FLNG,US,30.98,-,1.29%,1.38/22.4,-,-0.23,-,-,-,-,16.76亿,7481.50万,海运,1.42%,22.40%,2.33
2001,Fluent,FLNT,US,3.22,-,9.45%,-1.05/-,-,4.55,-,-,-,-,9598.87万,-2716.70万,媒体,0.10%,32.02%,5.27
2002,花苑食品,FLO,US,8.8,-,2.56%,0.4/-,"Flowers Foods (NYSE: FLO), headquartered in Thomasville, Ga., is a leading producer and marketer of packaged bakery foods in the United States. The company operates 40 highly efficient bakeries that produce breads, buns, rolls, snack cakes, and pastries, which are distributed fresh to foodservice and retail customers in the Southeastern, Southwestern, and mid-Atlantic states and frozen to national foodservice and retail customers.",0.23,-,-,NYSE,-,18.64亿,8382.50万,食品,2.35%,81.44%,1.43
2003,Flowco Holdings,FLOC,US,24.06,-,4.96%,1.53/52.5,-,1.91,-,-,-,-,21.74亿,4139.80万,石油与天然气,1.04%,54.50%,9.51
2004,福陆,FLR,US,48.23,-,3.61%,-0.31/-,"Fluor is a FORTUNE 500 company that delivers engineering, procurement, construction, maintenance (EPCM), and project management to governments and clients in diverse industries around the world. For nearly a century, clients have selected Fluor as their company of choice to complete challenging projects in remote parts of the world.",1.28,-,-,NYSE,-,69.02亿,-5100.00万,工业集团企业,1.51%,96.23%,2.13
2005,福斯,FLS,US,83.22,-,5.05%,2.66/30.72,"Flowserve is the recognized world leader in supplying pumps, valves, seals, automation, and services to the power, oil, gas, chemical, and other industries. With more than 15,000 employees in more than 50 countries, we combine our global reach with a local presence.",1.6,-,-,NYSE,-,106.35亿,3.46亿,机械制造,1.67%,97.82%,4.85
2006,Flutter,FLUT,US,111.57,-,7.10%,-1.75/-,-,5.21,-,-,-,-,194.58亿,-3.10亿,酒店餐饮与休闲,2.60%,90.55%,2.15
2007,Flux Power Holdings,FLUX,US,1.24,-,5.48%,-0.11/-,-,-1.59,-,-,-,-,2646.18万,-196.10万,电子设备与仪器,0.41%,25.93%,3.51
2008,1-800-FLOWERS.COM,FLWS,US,3.61,-,5.82%,0.28/-,-,-4.5,-,-,NASDAQ,-,2.31亿,1759.60万,多元化零售,2.36%,82.40%,0.798
2009,闪送,FLX,US,3.16,-,19.78%,0.08/13.83,-,17.91,-,-,-,-,2.16亿,1564.81万,航空货运与物流,-,4.03%,2.2
2010,弗莱克斯蒂尔工业,FLXS,US,48.2,-,3.57%,3.83/8.3,-,-0.17,-,-,NASDAQ,-,2.58亿,2041.60万,专营零售,1.09%,72.22%,1.39
2011,Firefly Aerospace,FLY,US,35.13,-,11.18%,-4.83/-,-,-8.85,-,-,NYSE,-,56.25亿,-3.34亿,航空航天与国防,5.74%,36.73%,4.73
2012,Fly-E,FLYE,US,2,-,6.79%,-6.14/-,-,-6.41,-,-,-,-,326.48万,-570.82万,汽车,0.64%,0.85%,0.156
2013,Flywire,FLYW,US,13.55,-,3.46%,0.11/121.9,-,1.96,-,-,-,-,16.46亿,1349.70万,综合金融服务,1.01%,95.34%,1.97
2014,flyExclusive,FLYX,US,2.15,-,5.12%,-1.01/-,-,0,-,-,AMEX,-,2.05亿,-2756.40万,航空公司,4.76%,58.89%,-
2015,Farmers & Merchants,FMAO,US,26.64,-,2.73%,2.43/10.23,-,0.45,-,-,NASDAQ,-,3.67亿,957.80万,商业银行,0.84%,29.34%,0.976
2016,First Mid Bancshares,FMBH,US,43.07,-,1.34%,3.84/12.5,-,-0.32,-,-,NASDAQ,-,11.47亿,9174.90万,商业银行,0.44%,43.04%,1.2
2017,FMC,FMC,US,14.88,http://www.fmc.com,4.78%,-17.88/-,"FMC是一家多元化的化学公司，其业务是为农业、消费业和工业市场提供创新的解决方案,应用和产品。公司有三个业务板块：农产品，特种化学品和工业化学品。",2.98,-,-,NYSE,-,18.61亿,-22.39亿,化学制品,2.32%,88.38%,0.898
2018,Kandal M Venture,FMFC,US,0.365,-,7.63%,0.01/-,-,-0.55,-,-,-,-,667.95万,16.89万,纺织服装与奢侈品,-,0.97%,0.837
2019,Federated Hermes Pre,FMN,US,11.15,-,0.71%,0.12/93.91,-,-0.62,-,-,NYSE,-,8717.85万,92.84万,资本市场,0.22%,35.17%,0.892
2020,Farmers National,FMNB,US,14.06,-,1.79%,1.46/14.54,-,0.86,-,-,NASDAQ,-,8.33亿,1626.40万,综合金融服务,0.62%,41.86%,1.09
2021,费森尤斯医疗,FMS,US,22.77,-,1.10%,3.94/11.64,-,0.13,-,-,NYSE,-,133.62亿,11.48亿,医疗保健服务,0.06%,6.49%,0.855
2022,Foremost Clean,FMST,US,1.81,-,6.77%,-0.24/-,-,-5.73,-,-,-,-,2640.86万,-303.83万,电子设备与仪器,0.93%,3.14%,1.05
2023,Mexican Economic Dev,FMX,US,113.73,-,1.00%,0.31/36.56,Fomento Economico Mexicano成立于1980年，总部位于墨西哥，是一家拉丁美洲知名饮料公司，也是墨西哥最大的饮料集团，主要帮可口可乐生产各种饮料。此外，该公司还在墨西哥经营连锁便利店。,0.1,-,-,NYSE,-,394.58亿,10.79亿,饮料,0.27%,31.28%,2.16
2024,First Trust Mortgage,FMY,US,11.9,-,0.33%,1.08/11.01,-,-0.34,-,-,NYSE,-,5013.61万,455.37万,资本市场,0.26%,63.22%,0.924
2025,Fabrinet,FN,US,720.19,-,6.33%,5.83/68.43,"It provides precision optical, electro-mechanical and electronic manufacturing services to original equipment manufacturers (OEMs) of complex products such as optical communication components, modules and sub-systems. We offer a broad range of advanced optical capabilities across the entire manufacturing process, including process engineering, design for manufacturability, supply chain management, manufacturing, final assembly and test. We focus primarily on low-volume production of a wide variety of products, which we refer to as “low-volume, high-mix”.",4.46,-,-,NYSE,-,258.02亿,2.09亿,电子设备与仪器,1.90%,106.90%,11.81
2026,F.N.B.,FNB,US,17.52,-,2.58%,0.38/10.64,-,-1.74,-,-,NYSE,-,62.31亿,1.37亿,商业银行,1.45%,86.35%,0.916
2027,Floor & Decor,FND,US,51.08,-,5.17%,1.94/26.46,-,0.26,-,-,-,-,55.21亿,2.09亿,建筑产品,1.99%,114.67%,2.29
2028,富达国民金融A,FNF,US,52.33,-,2.72%,2.22/23.57,"Fidelity National Title Group (FNTG) is one of the largest and most respected providers of title insurance and escrow in the world. Fidelity National Title, Chicago Title, Ticor Title, Commonwealth Land Title, Lawyers Title, and Alamo Title issue residential and commercial title insurance policies throughout the United States. In addition we offer extensive expertise for global real estate transactions through FNF International.",1.53,-,-,NYSE,-,141.89亿,6.02亿,保险,0.85%,80.85%,1.91
2029,FingerMotion,FNGR,US,1.08,-,7.48%,-0.09/-,-,0.93,-,-,-,-,6618.38万,-521.98万,无线电信业务,0.63%,1.96%,4.04
2030,Funko,FNKO,US,4.38,-,3.84%,-1.24/-,-,0.23,-,-,-,-,2.45亿,-6736.00万,休闲设备与用品,0.60%,76.89%,1.32
2031,第一万通金控,FNLC,US,29.05,-,1.55%,3.1/9.02,-,-0.17,-,-,NASDAQ,-,3.27亿,899.30万,商业银行,0.09%,38.12%,1.14
2032,First Northern,FNRN,US,15.5,-,-,-/0.0000,-,-,-,-,-,-,-,-,商业银行,-,2.22%,0.0000
2033,Frontier,FNUC,US,2.32,-,9.80%,-/-,-,-5.31,-,-,-,-,4182.09万,-1173.70万,金属与采矿,2.19%,5.40%,0.863
2034,Franco-nevada,FNV,US,242.33,-,2.78%,5.77/42.01,-,-0.7,-,-,NYSE,-,467.21亿,11.12亿,金属与采矿,0.30%,74.20%,6.12
2035,First Northwest,FNWB,US,10.08,-,4.46%,-0.48/-,-,0,-,-,NASDAQ,-,9575.29万,-419.10万,商业银行,0.64%,46.18%,0.609
2036,Finward,FNWD,US,33.8,-,2.26%,1.89/18.1,-,1.81,-,-,-,-,1.46亿,808.70万,商业银行,0.20%,48.85%,0.838
2037,Finance Of America,FOA,US,21.46,-,5.52%,4.72/3.82,-,-0.42,-,-,-,-,1.84亿,4802.70万,消费信贷,1.48%,66.81%,0.567
2038,Cohen & Steers Close,FOF,US,13.75,-,1.28%,2.28/6.07,"Cohen & Steers is a manager of portfolios specializing in U.S. and international real estate securities, large cap value stocks, listed infrastructure and utilities, and preferred securities. The company also manages alternative investment strategies such as hedged real estate securities portfolios and private real estate multimanager strategies for qualified investors. Headquartered in New York City, with offices in London, Brussels, Hong Kong and Seattle, Cohen & Steers serves individual and institutional investors through a broad range of investment vehicles.",0.59,-,-,NYSE,-,3.82亿,6298.16万,资本市场,0.22%,19.71%,1.04
2039,Hang Feng Technology,FOFO,US,3.86,-,10.38%,-1.65/-,-,5.46,-,-,-,-,2922.44万,-958.78万,专业服务,0.61%,0.13%,3.42
2040,爱美医疗,FOLD,US,14.49,-,0.07%,-0.09/-,"Amicus Therapeutics is a biopharmaceutical company focused on the discovery, development and commercialization of novel small molecule, orally administered drugs known as pharmacological chaperones, for the treatment of a range of human genetic diseases.",0.21,-,-,NASDAQ,-,45.50亿,-2711.00万,生物科技,1.71%,102.71%,16.6
2041,福纳,FONR,US,18.83,-,0.16%,0.66/17.46,-,0,-,-,NASDAQ,-,1.23亿,404.40万,医疗保健设备,0.44%,47.53%,0.698
2042,福里斯特,FOR,US,28.12,-,3.26%,0.93/8.57,-,0.61,-,-,NYSE,-,14.34亿,4750.00万,住宅房地产投资信托,1.28%,35.31%,0.789
2043,Forian,FORA,US,2.155,-,0.46%,-0.09/-,-,-0.23,-,-,-,-,6732.41万,-287.40万,软件,1.17%,14.33%,2.26
2044,FormFactor,FORM,US,155.08,-,8.06%,0.7/222.4,"A global leader in advanced wafer probe card technology and design, FormFactor is a mission critical supplier to top chipmakers, enabling them to bring next-generation devices to market. Its aggressive investment in 3D MEMS development and production puts FormFactor among the top 10 global MEMS manufacturers, where the company is further distinguished by innovation that is transforming and reducing the overall cost of semiconductor test.",4.52,-,-,NASDAQ,-,120.89亿,5436.10万,半导体产品与设备,2.21%,95.75%,11.68
2045,佛罗斯特研究,FORR,US,6.06,-,8.64%,-6.28/-,Forrester Research is a technology and market research company that provides pragmatic advice to global leaders in business and technology.,1.68,-,-,NASDAQ,-,1.16亿,-1.19亿,专业服务,0.53%,51.41%,0.918
2046,配方系统,FORTY,US,141,-,0.00%,39.63/3.56,"Formula Systems is a IT global solutions provider with over 6000 software professionals and aggregate sales of approximately $493M for 2006. Formula Systems offers a wide range of IT solutions and services in over fifty countries.

Formula Systems' companies provide quality IT solutions worldwide, developing and implementing innovative, proprietary software, services and solutions, turnkey projects and outsourcing services as well as software distribution and support. Formula Systems companies are traded on Nasdaq: Formula Systems (FORTY), Magic (MGIC), Sapiens (SPNS) and on the Tel Aviv Stock Exchange (TASE): Formula Systems, Magic, Sapiens and Matrix.",4.06,-,-,NASDAQ,-,21.62亿,6.06亿,信息技术服务,0.00%,5.71%,1.59
2047,福斯尔,FOSL,US,4.74,-,6.10%,-1.45/-,-,-5.2,-,-,NASDAQ,-,2.77亿,-7829.90万,纺织服装与奢侈品,1.01%,52.16%,2.69
2048,Shift4 Payments,FOUR,US,45.29,-,5.98%,1.15/46.57,-,-2.08,-,-,-,-,36.79亿,7900.00万,综合金融服务,2.91%,96.91%,7.85
2049,福克斯B,FOX,US,56.17,-,2.94%,1.88/12.64,-,-2.72,-,-,NASDAQ,-,238.94亿,8.28亿,媒体,0.59%,65.14%,2.19
2050,福克斯A,FOXA,US,62.85,http://www.21cf.com,2.38%,1.88/14.14,二十一世纪福克斯公司，一家特拉华州公司，是一家多元化的全球性媒体公司，在以下六个行业细分业务：（一）有线网络编程; （二）电影娱乐; （三）电视; （四）直接广播卫星电视;（五）其他，企业内部调整。二十一世纪福克斯公司的业务在美国，英国，欧洲大陆，澳洲，亚洲和拉丁美洲主要进行。,-2.6,-,-,NASDAQ,-,267.36亿,8.28亿,媒体,1.71%,118.68%,2.45
2051,福克斯工厂控股,FOXF,US,17.7,-,3.41%,-13.03/-,-,2.31,-,-,NASDAQ,-,7.42亿,-5.45亿,汽车零配件,0.87%,100.57%,1.11
2052,Foxx Development,FOXX,US,5.395,-,1.73%,-1.05/-,-,-2,-,-,-,-,3779.30万,-715.14万,通信设备,0.06%,0.65%,-
2053,First Trust Intermed,FPF,US,18.44,-,1.22%,1.97/9.35,-,0.38,-,-,-,-,11.22亿,1.20亿,资本市场,0.09%,29.95%,0.921
2054,五点控股,FPH,US,5.11,-,5.93%,1.01/16.68,-,0.99,-,-,NYSE,-,7.58亿,-222.70万,房地产管理和开发Ⅲ,0.84%,53.51%,0.901
2055,Farmland,FPI,US,11.71,http://www.farmlandpartners.com,1.38%,0.65/17.74,"Farmland Partners is an internally managed real estate company that owns and seeks to acquire high-quality primary row crop farmland located in agricultural markets throughout North America. The substantial majority of the farms in our initial portfolio are devoted to primary row crops, such as corn and soybeans, because we believe primary row crop farmland is likely to provide attractive risk-adjusted returns over time through a combination of stable rental income generation and value appreciation. Upon completion of a series of formation transactions, our initial portfolio will be comprised of 38 farms with approximately 7,300 total acres, including 33 farms in Illinois, four farms in Nebraska and one farm in Colorado. In addition, our initial portfolio will include three grain storage facilities.",0.95,S1/F1,-,NYSE,-,5.11亿,2879.70万,房地产管理和开发Ⅲ,0.67%,57.45%,1.11
2056,Forgent Power,FPS,US,35.14,-,3.55%,-/756.1,-,1.5,-,-,-,-,110.25亿,1025.90万,电气设备,3.48%,0.23%,28.59
2057,第一工业地产,FR,US,61.37,-,2.40%,1.08/23.77,-,-2.35,-,-,NYSE,-,81.36亿,1.43亿,工业房地产投资信托,0.90%,100.12%,2.85
2058,Blackrock Floating R,FRA,US,11.11,-,0.68%,0.69/16.13,-,0.27,-,-,NYSE,-,3.94亿,2440.92万,资本市场,0.29%,26.32%,0.919
2059,富兰克林金融服务,FRAF,US,56.03,-,4.47%,4.76/10.51,-,-0.41,-,-,-,-,2.52亿,663.70万,商业银行,0.59%,39.10%,1.41
2060,First Bank,FRBA,US,16.53,-,2.73%,1.25/9.8,-,0.3,-,-,NASDAQ,-,4.10亿,3133.50万,商业银行,0.30%,64.36%,0.949
2061,Friedman Industries,FRD,US,20.52,-,6.18%,1.46/9.32,"Friedman Industries, Incorporated is engaged in steel processing, pipe manufacturing and processing, and steel and pipe distribution. The Company has two product groups: coil and tubular products. The Company purchases hot-rolled steel coils, processes the coils into flat, finished sheet and plate and sells these products on a wholesale. The Company also processes customer-owned coils on a fee basis. The steel coils are processed through cut-to-length lines, which level the steel and cut it to prescribed lengths. In addition, the Company operates steel temper mills, which improve the flatness and surface qualities of hot-rolled steel.",4.35,-,-,AMEX,-,1.46亿,1031.10万,金属与采矿,0.61%,53.08%,1.03
2062,Freight Technologies,FRGT,US,0.89,-,3.75%,-2.41/-,-,1.14,-,-,-,-,254.60万,-422.02万,公路与铁路,6.47%,0.77%,0.405
2063,Freedom Holding,FRHC,US,148.11,-,2.49%,2.43/3403,-,1.86,-,-,-,-,90.63亿,1.45亿,资本市场,0.30%,3.87%,6.5
2064,第一招商股份,FRME,US,39.59,-,1.60%,3.9/12.57,First Merchants Corporation is the largest financial services holding company headquartered in Central Indiana.,-0.28,-,-,NASDAQ,-,24.75亿,2768.70万,商业银行,0.91%,72.15%,0.926
2065,Fermi,FRMI,US,5.4,-,11.91%,-1.13/-,-,-8.78,-,-,-,-,34.01亿,-4684.50亿,信息技术服务,7.76%,7.14%,11.25
2066,Forum Markets,FRMM,US,4.87,-,9.05%,-55.18/-,-,4.96,-,-,-,-,9892.49万,-4.51亿,软件,11.39%,24.37%,0.413
2067,Frontline,FRO,US,35.59,http://www.frontline.bm,2.98%,1.7/20.9,Frontline Ltd是一家国际货运公司在百慕达注册成立为获豁免公司根据1981年百慕达公司法于1992年6月12日成立。他们主要是石油和成品油船的所有权和经营参与。通过位于百慕大，印度，菲律宾，利比里亚，挪威，英国和新加坡的子公司和合作伙伴进行操作。他们还参与了包机，购销船只。,1.98,-,1-441-2956935,NYSE,-,79.23亿,3.79亿,石油与天然气,0.95%,22.23%,3.15
2068,JFrog,FROG,US,45.25,-,4.07%,-0.62/-,-,2.91,-,-,-,-,54.82亿,-7181.90万,软件,1.26%,82.85%,6.18
2069,FRP Holdings,FRPH,US,21.59,-,2.80%,0.18/124.3,-,0.89,-,-,NASDAQ,-,4.14亿,333.00万,工业房地产投资信托,0.26%,46.97%,0.966
2070,Freshpet,FRPT,US,66.15,http://www.freshpet.com,2.68%,2.85/23.32,"We started Freshpet with a single-minded mission to bring the power of real, fresh food to our dogs and cats. We were inspired by the rapidly growing view among pet owners that their dogs and cats are a part of their family, leading them to demand healthier pet food choices. Over the last eight years, we have created a comprehensive business model to deliver wholesome pet food that “pet parents” can trust, and in the process we believe we have become one of the fastest growing pet food companies in North America. Our business model is difficult for others to replicate and we see significant opportunity for future growth by leveraging the unique elements of our business, including our brand, our product know-how, our Freshpet Kitchens, our refrigerated distribution, our Freshpet Fridge and our culture.",0.9,S1/F1,-,NASDAQ,-,32.45亿,1.39亿,食品,1.84%,118.15%,2.68
2071,Freshworks,FRSH,US,8.46,http://www.papamurphys.com,2.97%,0.63/12.85,"Papa Murphy’s is a high-growth franchisor and operator of the largest Take ‘N’ Bake pizza chain in the United States. We were founded in 1981 and have grown our footprint to a total of 1,418 system-wide stores as of December 30, 2013, more than 20 times the stores of our nearest Take ‘N’ Bake pizza restaurant competitor. The Papa Murphy’s experience is different from traditional pizza restaurants.",2.42,S1/F1,-,NASDAQ,-,23.60亿,1.84亿,软件,2.96%,78.38%,2.29
2072,Primis Financial,FRST,US,14.34,-,4.42%,2.49/7.7,-,3.02,-,-,-,-,3.55亿,731.20万,商业银行,6.24%,84.32%,0.832
2073,Foresight Autonomous,FRSX,US,2,-,4.71%,-0.12/-,-,-5.88,-,-,-,-,479.36万,-1210.30万,软件,1.95%,1.76%,0.769
2074,FRT信托,FRT,US,111.04,-,1.02%,4.68/23.8,"Federal Realty Investment Trust is an equity real estate investment trust specializing in the ownership, management, development, and redevelopment of high quality retail assets. Federal Realty's portfolio (excluding joint venture properties) contains approximately 18.6 million square feet located primarily in strategically selected metropolitan markets in the Northeast, Mid-Atlantic, and California.",-0.41,-,-,NYSE,-,95.93亿,4.03亿,零售房地产投资信托,0.56%,97.56%,3.11
2075,Five Star Bancorp,FSBC,US,40.5,-,1.65%,2.9/14.05,-,-0.52,-,-,NASDAQ,-,8.66亿,6160.60万,商业银行,0.72%,58.28%,1.94
2076,Fs Bancorp,FSBW,US,41.49,-,3.11%,4.35/9.39,-,1.2,-,-,NASDAQ,-,3.11亿,783.00万,商业银行,0.10%,60.36%,0.992
2077,FS Credit,FSCO,US,5,-,2.00%,0.76/6.62,-,0.2,-,-,-,-,9.92亿,1.50亿,资本市场,0.70%,30.66%,0.699
2078,First Seacoast,FSEA,US,11.22,-,2.71%,-0.23/-,-,0.85,-,-,-,-,5266.84万,-84.50万,商业银行,0.47%,22.79%,0.829
2079,Flag Ship,FSHP,US,-,-,-,0.2/26.25,-,-,-,-,-,-,5507.97万,162.08万,资本市场,-,53.48%,-
2080,Flexible Solutions,FSI,US,6.58,-,3.03%,0.06/106.5,-,-0.3,-,-,AMEX,-,8381.27万,78.69万,化学制品,0.14%,11.71%,2.15
2081,FS KKR Capital,FSK,US,10.52,-,2.36%,0.04/267.8,-,-0.57,-,-,-,-,29.46亿,1100.00万,资本市场,1.08%,34.01%,0.504
2082,第一太阳能,FSLR,US,193.76,-,3.91%,14.25/13.62,First Solar第一太阳能1999年建立，于2002年开始商业化生产，是全球最大的薄膜太阳能光伏模块生产商。以产品生命周期为单位，First Solar太阳能光伏技术拥有业界最低的碳足迹和最短的能源偿还期。该公司2006年11月17日在纳斯达克IPO。,-1.24,-,-,NASDAQ,-,208.20亿,15.28亿,半导体产品与设备,1.48%,94.48%,2.18
2083,Fastly,FSLY,US,23.76,-,7.97%,-0.83/-,-,-4.81,-,-,-,-,37.15亿,-1.22亿,信息技术服务,5.16%,76.37%,4
2084,Fortuna Mining,FSM,US,10.27,-,3.21%,0.94/10.88,-,1.48,-,-,NYSE,-,31.28亿,2.87亿,金属与采矿,1.60%,68.74%,1.87
2085,Franklin Street,FSP,US,0.667,-,8.97%,-0.43/-,-,6.89,-,-,AMEX,-,6916.15万,-4496.00万,写字楼房地产投资信托,0.60%,57.31%,0.112
2086,联邦信号,FSS,US,116.01,-,2.25%,4.06/28.65,"Federal Signal Corporation (NYSE: FSS) enhances the safety, security and well-being of communities and workplaces around the world. Founded in 1901, Federal Signal is a leading global designer and manufacturer of products and total solutions that serve municipal, governmental, industrial and institutional customers.",-0.68,-,-,NYSE,-,70.64亿,2.47亿,汽车零配件,0.45%,100.08%,5.11
2087,FS Specialty Lending,FSSL,US,11.89,-,1.26%,0.73/16.22,-,0.08,-,-,-,-,9.03亿,5564.10万,资本市场,0.46%,31.47%,0.653
2088,LB福斯特,FSTR,US,32.03,-,8.80%,0.73/44.4,"L.B. Foster Company (NASDAQ: FSTR) of Pittsburgh, PA has begun delivering 28,500 tons of 115# standard continuous welded rail (CWR) to New England Central Railroad (NECR), an operating subsidiary of RailAmerica, Inc. for upgrading approximately 140 miles of track. L.B. Foster's specially-equipped CWR trains will complete 18 shipments of welded rail by mid-2011 for installation at various locations throughout Vermont.",6.8,-,-,NASDAQ,-,3.35亿,754.50万,机械制造,2.03%,80.67%,1.91
2089,FirstSun Capital,FSUN,US,38.23,-,3.98%,3.52/17.22,-,-0.53,-,-,-,-,16.87亿,9793.60万,商业银行,0.88%,44.69%,1.46
2090,Firstservice,FSV,US,146.38,-,4.06%,3.19/41.49,-,-1.86,-,-,NASDAQ,-,67.31亿,1998.90万,房地产管理和开发Ⅲ,0.50%,70.86%,4.71
2091,Franklin Universal T,FT,US,8.14,-,1.02%,0.77/10.64,-,-0.12,-,-,NYSE,-,2.05亿,1922.36万,资本市场,0.13%,21.18%,0.962
2092,FTAI Aviation,FTAI,US,232.85,-,4.64%,4.66/50.02,-,-1.14,-,-,NYSE,-,238.86亿,4.77亿,贸易与经销,1.22%,93.82%,71.49
2093,FTC Solar,FTCI,US,5.04,-,6.82%,-5.68/-,-,-1.75,-,-,-,-,7854.94万,-7957.70万,电子设备与仪器,0.37%,10.85%,-
2094,Frontdoor,FTDR,US,61.48,-,4.30%,3.48/16.91,-,0.94,-,-,-,-,43.11亿,2.55亿,综合消费者服务,0.65%,104.38%,17.82
2095,燃料技术,FTEK,US,1.35,-,5.22%,-0.08/-,"Fuel Tech's APC technologies are installed worldwide on over 640 combustion units, including utility, industrial and municipal solid waste applications. Products include customized NOx control systems, which can reduce emissions from 30% - 85%, and proprietary urea-to-ammonia conversion technology, which can provide safe reagent for use in selective catalytic reduction systems.",0.75,-,-,NASDAQ,-,4206.12万,-232.40万,商业服务与用品,0.79%,24.68%,1.05
2096,Franklin Ltd Duratio,FTF,US,5.88,-,1.02%,0.42/13.91,-,0,-,-,AMEX,-,2.38亿,1707.94万,资本市场,0.42%,38.43%,0.888
2097,富册金融科技集团,FTFT,US,1.55,-,14.18%,-2.31/-,-,9.93,-,-,-,-,812.28万,-462.01万,综合金融服务,9.84%,1.20%,0.185
2098,Fathom Holdings,FTHM,US,0.983,-,17.19%,-0.72/-,-,2.4,-,-,-,-,3222.51万,-2030.70万,房地产管理和开发Ⅲ,0.94%,9.90%,0.861
2099,First Trust High,FTHY,US,13.65,-,0.74%,0.67/13.36,-,0.37,-,-,-,-,5.02亿,2468.07万,资本市场,0.19%,42.06%,0.913
2100,TechnipFMC,FTI,US,74.76,-,3.71%,2.34/31.02,-,3.2,-,-,NYSE,-,299.01亿,9.64亿,能源设备与服务,0.88%,100.31%,8.89
2101,Flotek工业,FTK,US,17.01,-,3.38%,0.9/20.16,"Flotek Industries Inc., is a diversified global supplier of drilling-and production-related products and services to the energy and mining industries. Flotek is headquartered in Houston, Texas and its common shares are traded on the New York Stock Exchange market under the stock ticker symbol, “FTK.”",0.47,-,-,NYSE,-,6.15亿,3052.80万,化学制品,0.65%,31.52%,5.44
2102,FitLife Brands,FTLF,US,9.38,-,4.84%,0.68/13.92,-,-2.29,-,-,-,-,8808.83万,632.60万,医疗保健服务,0.19%,10.28%,2.02
2103,飞塔信息,FTNT,US,84.34,-,2.49%,2.45/33.67,"Fortinet 是多层威胁防御系统的创新者和先锋。该系统能够为业务通信提供最佳安全、优秀性能和低总体占用成本。 Fortinet获奖众多的安全系统和预订服务在世界各地已经拥有多达两万余用户，包括最大型的电信运营商、服务提供商和各种规模的企业。 

Fortinet由Ken Xie（谢青）在2000年创建。Ken Xie曾经是NetScreen公司（后为Juniper公司以35 亿多美元并购）有远见的创始人、总裁和CEO。 Fortinet由一支强大的、在网络和安全领域富有丰富经验的管理团队领导。 处于领先地位的Fortinet，作为一家私有网络安全公司得到工业界资深的风险基金投资超过一亿美元。 

公司总部设在美国加州Sunnyvale，在北美、欧洲、亚洲地区都设有客户支持、开发和销售办公室， 以支持客户持续不断的成功。Fortinet通过世界各地的渠道合作伙伴网络来销售产品系统和预订服务。",1.91,-,-,NASDAQ,-,624.05亿,18.53亿,软件,0.95%,67.23%,50.44
2104,Fortrea Holdings,FTRE,US,9.8,-,6.02%,-10.81/-,-,1.77,-,-,-,-,9.16亿,-9.86亿,医疗保健设备,0.83%,100.19%,1.63
2105,FAST TRACK,FTRK,US,0.35,-,11.35%,-0.07/-,-,-5.41,-,-,-,-,763.44万,-150.97万,互动媒体与服务,0.03%,0.39%,0.627
2106,Fortis,FTS,US,56.33,-,1.01%,2.48/22.94,-,-0.42,-,-,NYSE,-,286.79亿,12.50亿,复合型公用事业,0.08%,50.94%,1.77
2107,Fortive,FTV,US,61.09,-,1.50%,1.74/32.47,-,-0.03,-,-,NYSE,-,188.07亿,5.79亿,机械制造,0.93%,107.14%,2.91
2108,Presidio,FTW,US,10.59,-,3.52%,0.07/42.51,-,0.76,-,-,NASDAQ,-,2.93亿,294.70万,石油与天然气,0.23%,122.99%,-
2109,FuboTV,FUBO,US,12.01,-,6.03%,-0.02/39.92,-,-2.12,-,-,-,-,13.02亿,-597.60万,媒体,4.33%,44.83%,4.73
2110,BitFuFu,FUFU,US,2.12,-,6.40%,-0.35/-,-,0.47,-,-,-,-,3.53亿,-5752.50万,软件,1.73%,4.24%,2.86
2111,富乐,FUL,US,62.83,-,2.31%,0.38/21.43,-,-0.48,-,-,NYSE,-,34.23亿,2104.50万,化学制品,0.69%,101.92%,1.66
2112,Fulcrum Therapeutics,FULC,US,7.84,-,4.94%,-1.18/-,-,-2.97,-,-,-,-,5.22亿,-7488.00万,制药,1.48%,102.46%,1.5
2113,富尔顿金融,FULT,US,21.43,-,3.83%,0.51/10,-,-2.94,-,-,NASDAQ,-,38.33亿,9219.90万,商业银行,1.17%,78.40%,1.09
2114,六旗娱乐,FUN,US,18.28,-,3.13%,-15.89/-,"Cedar Fair is a publicly traded partnership headquartered in Sandusky, Ohio, and one of the largest regional amusement-resort operators in the world. The Partnership owns and operates 11 amusement parks, six outdoor water parks, one indoor water park and five hotels.",-0.65,-,-,NYSE,-,18.64亿,-15.99亿,酒店餐饮与休闲,1.16%,107.95%,2.38
2115,马里兰第一联合,FUNC,US,38.18,-,2.11%,3.78/9.7,-,0.58,-,-,NASDAQ,-,2.46亿,666.30万,商业银行,0.12%,44.09%,1.2
2116,Sprott Focus Trust,FUND,US,10.16,-,2.20%,1.82/5.57,-,1.6,-,-,NASDAQ,-,3.01亿,5402.83万,资本市场,0.36%,64.07%,1.05
2117,Fury Gold,FURY,US,0.592,-,4.41%,-0.03/-,-,0.51,-,-,-,-,1.13亿,-471.05万,金属与采矿,0.23%,8.16%,1.53
2118,First US Bancshares,FUSB,US,15.51,-,2.20%,1.03/14.63,-,-2.51,-,-,NASDAQ,-,8763.39万,599.20万,商业银行,0.29%,17.01%,0.83
2119,Fusemachines,FUSE,US,1.87,-,17.24%,-0.08/-,-,7.47,-,-,-,-,5411.46万,-92.80万,信息技术服务,1.00%,5.97%,-
2120,富途控股,FUTU,US,159.89,-,3.97%,1.31/15.39,-,3.7,-,-,-,-,224.16亿,14.57亿,资本市场,1.22%,5.47%,4.36
2121,Fortress Value V,FVAV,US,10.09,-,0.00%,-/-,-,0.5,-,-,-,-,3.17亿,-7.21万,资本市场,0.00%,1.72%,-
2122,FVCBankcorp,FVCB,US,15.69,-,3.83%,1.22/12.13,-,0.06,-,-,-,-,2.82亿,638.60万,商业银行,0.69%,48.94%,1.08
2123,未来愿景,FVN,US,10.82,-,0.23%,0.28/39.42,-,-0.28,-,-,-,-,8162.61万,207.04万,资本市场,0.83%,67.72%,45.27
2124,FrontView REIT,FVR,US,17.71,-,3.39%,-0.22/-,-,1.9,-,-,-,-,3.97亿,-382.90万,权益型REITs,0.83%,73.10%,1.01
2125,Fiverr International,FVRR,US,10.64,-,4.31%,0.58/18.23,-,4.21,-,-,-,-,3.83亿,2098.30万,多元化零售,1.70%,63.63%,0.928
2126,福沃德工业,FWDI,US,4.62,-,7.08%,-5.91/-,-,-0.86,-,-,NYSE,-,3.56亿,-5.86亿,软件,0.99%,51.41%,0.404
2127,Liberty Formula One,FWONA,US,81.39,-,2.01%,1.62/50.2,-,-0.23,-,-,NASDAQ,-,278.60亿,5.55亿,娱乐,0.39%,88.80%,3.59
2128,Liberty Formula One,FWONK,US,88.6,-,2.16%,1.62/54.65,-,-0.08,-,-,NASDAQ,-,303.28亿,5.55亿,娱乐,1.90%,99.00%,3.91
2129,福沃运输,FWRD,US,23.44,-,4.92%,-3.51/-,Forward Air Corporation is a leading provider of time-definite surface transportation and related logistics services to the North American air freight and expedited LTL market.,3.03,-,-,NASDAQ,-,7.40亿,-1.08亿,航空货运与物流,3.38%,99.01%,6.53
2130,First Watch,FWRG,US,13.28,-,3.78%,0.32/42.12,-,0.45,-,-,-,-,8.18亿,1943.20万,酒店餐饮与休闲,1.25%,115.41%,1.31
2131,First National,FXNC,US,28.21,-,2.31%,1.97/14.41,-,0.21,-,-,-,-,2.55亿,1770.30万,商业银行,1.36%,41.47%,1.37
2132,简伯特,G,US,34.32,http://www.genpact.com,1.83%,3.18/10.55,简伯特是在业务流程管理和技术服务的全球领导者，凭借更聪明的进程的力量，更智能的分析和技术来帮助客户推动他们的企业发展。公司认为，其智能企业流程（SEPSM）框架，其独特的科学工艺与在多个垂直行业里深厚的专业知识相结合，带来了更出色的业务成效。公司的智能决策服务通过有针对性的分析，重新设计的专业知识和先进的风险管理为客户提供宝贵的商业见解。,-0.52,-,-,NYSE,-,58.26亿,5.52亿,专业服务,1.44%,102.99%,2.29
2133,Gabelli Equity Trust,GAB,US,5.61,-,1.62%,0.95/6,-,0.9,-,-,NYSE,-,17.46亿,2.91亿,资本市场,0.27%,7.96%,1
2134,德美银行,GABC,US,43.53,-,1.24%,3.06/14.52,-,-0.18,-,-,NASDAQ,-,16.36亿,1.13亿,商业银行,0.29%,48.84%,1.41
2135,Gaia,GAIA,US,3.05,-,3.00%,-0.18/-,-,1.67,-,-,-,-,7618.25万,-449.40万,互动媒体与服务,0.12%,43.28%,0.866
2136,格拉德斯通投资,GAIN,US,16.28,-,2.23%,2.67/5.39,-,0.71,-,-,-,-,6.48亿,1.02亿,资本市场,0.85%,16.44%,1.09
2137,Galectin,GALT,US,2.33,-,3.21%,-0.48/-,-,-1.69,-,-,NASDAQ,-,1.53亿,-3097.40万,生物科技,0.39%,17.57%,-
2138,General American Inv,GAM,US,65.1,-,1.61%,14.11/4.75,"General American Investors Company, Inc. is one of the nation’s oldest closed-end funds. For over 80 years, we have internally managed a global portfolio of investments, consisting principally of common stocks of U. S. companies but also including international and private securities.",-0.18,-,-,NYSE,-,15.62亿,3.29亿,资本市场,0.05%,33.00%,0.997
2139,Gambling.com Group,GAMB,US,3.66,-,4.13%,-0.93/-,-,0.83,-,-,-,-,1.28亿,-3293.00万,互动媒体与服务,3.55%,36.71%,1.19
2140,GameSquare,GAME,US,0.597,-,5.25%,-0.61/-,-,-1.97,-,-,-,-,5716.94万,-4010.05万,娱乐,3.90%,15.10%,1.8
2141,Gain Therapeutics,GANX,US,1.97,-,8.99%,-0.61/-,-,4.23,-,-,-,-,8321.66万,-2016.11万,生物科技,1.62%,19.16%,4.49
2142,盖普,GAP,US,24.99,-,2.74%,2.19/11.19,-,-0.87,-,-,-,-,91.30亿,8.16亿,专营零售,2.54%,62.29%,2.4
2143,斯蒂加斯海运,GASS,US,9.37,-,3.64%,1.64/5.74,StealthGas Inc is an international shipping transportation company specialising in the transportation of various petroleum and petrochemical gas products in liquefied form.,2.18,-,-,NASDAQ,-,3.48亿,6064.86万,石油与天然气,0.34%,37.75%,0.504
2144,Gatx,GATX,US,198.16,-,1.06%,9.14/21.12,-,-0.39,-,-,NYSE,-,70.39亿,3.33亿,公路与铁路,0.51%,99.08%,2.56
2145,Galiano Gold,GAU,US,2.43,-,2.25%,-0.11/-,-,-0.41,-,-,-,-,6.34亿,-2929.00万,金属与采矿,0.74%,55.55%,2.9
2146,Gauzy,GAUZ,US,0.69,-,6.59%,-1.15/-,-,-5.22,-,-,-,-,1293.28万,-2151.40万,电子设备与仪器,0.27%,14.46%,0.724
2147,Guggenheim Taxable M,GBAB,US,14.5,-,0.62%,1.06/14.89,-,-0.31,-,-,NYSE,-,3.99亿,2911.40万,资本市场,0.26%,28.05%,0.956
2148,冰川万通金控,GBCI,US,48.72,-,4.88%,2/23.78,"Glacier Bancorp, Inc., is a multibank holding company with assets of $6.909 billion, headquartered in Kalispell, Montana, operating these principal subsidiaries: Glacier Bank of Kalispell, First Security Bank of Missoula, Valley Bank of Helena, Big Sky Western Bank of Bozeman, Western Security Bank of Billings, First Bank of Montana, Lewistown; Mountain West Bank in Idaho, Utah and Washington; 1st Bank in Wyoming and Utah; Citizens Community Bank of Idaho, Bank of the San Juans in Colorado and First National Bank & Trust in Wyoming.
Over the years, Glacier Bancorp has received numerous awards for stability and soundness and has repeatedly ranked among the top 10% in the nation for financial strength.",-1.32,-,-,NASDAQ,-,63.40亿,8214.40万,商业银行,0.94%,80.52%,1.49
2149,Golub Capital BDC,GBDC,US,13.29,-,1.95%,0.25/10.58,-,1.53,-,-,NASDAQ,-,34.98亿,6524.60万,资本市场,0.64%,44.78%,0.895
2150,GBank Financial,GBFH,US,29.01,-,2.21%,1.46/20.06,-,-2.68,-,-,-,-,4.20亿,2092.90万,商业银行,0.37%,24.78%,2.53
2151,Global Indemnity,GBLI,US,27.795,-,2.92%,1.75/16.02,-,-0.02,-,-,NASDAQ,-,3.99亿,2489.30万,保险,0.01%,47.49%,0.568
2152,New Concept Energy,GBR,US,0.808,-,7.00%,-0.01/-,-,-0.74,-,-,AMEX,-,414.66万,-4.60万,石油与天然气,0.94%,3.84%,0.923
2153,Global Business,GBTG,US,5.73,-,1.84%,0.22/27.51,-,0.53,-,-,-,-,29.99亿,1.09亿,软件,0.43%,25.43%,1.86
2154,格林布赖尔,GBX,US,49.29,http://www.gbrx.com,2.51%,1.66/10.28,格林布赖尔公司，于1981在特拉华成立，是北美洲和欧洲一家领先的集汽车设计、制造以及销售为一身的铁路货运公司，这家公司在北美洲还生产制造和销售远洋船用驳船，并且为铁路运输及相关运输业提供车轮服务、启动车翻修以及零部件租赁和其他服务。该公司通过战略投资在巴西制造铁路车，是北美海运船舶的制造商和营销商。,-0.67,-,-,NYSE,-,15.25亿,5140.00万,机械制造,1.06%,98.55%,0.975
2155,格林县万通金控,GCBC,US,23.43,-,2.56%,1.13/10.22,-,1.83,-,-,NASDAQ,-,3.99亿,2968.40万,商业银行,0.09%,13.75%,1.54
2156,Green Circle,GCDT,US,0.772,-,14.99%,-0.03/-,-,-2.77,-,-,-,-,993.95万,-29.04万,机械制造,-,-,-
2157,GCL Global,GCL,US,0.52,-,7.59%,-0.04/63.75,-,-1.33,-,-,-,-,6382.00万,-509.89万,娱乐,0.31%,0.11%,1.93
2158,Gcm Grosvenor,GCMG,US,10.8,-,2.03%,0.87/48.2,-,-0.09,-,-,-,-,21.87亿,4537.10万,资本市场,0.51%,92.58%,81.2
2159,格涅斯科,GCO,US,35.15,http://www.genesco.com,2.33%,1.28/28.76,Genesco Inc.经营业务包括设计，生产，销售鞋帽以及服饰。,-1.46,-,-,NYSE,-,3.82亿,1326.90万,专营零售,1.15%,92.06%,0.674
2160,大健云仓,GCT,US,46.74,-,5.68%,3.6/12.46,-,-1.6,-,-,-,-,17.12亿,1.37亿,多元化零售,2.36%,66.05%,3.52
2161,GlucoTrack,GCTK,US,0.733,-,9.33%,31.22/-,-,0.55,-,-,-,-,142.52万,-1938.80万,医疗保健设备,6.83%,3.20%,0.504
2162,GCT Semiconductor,GCTS,US,1.35,-,6.02%,-0.82/-,"GCT Semiconductor位于加州圣何塞，主要为第四代移动设备生产4G芯片。

GCT Semiconductor将于2月27日当周在纳斯达克上市，本次IPO发行750万股普普通股，发行价格为7美元~9美元，募集资金6000万美元。以发行价区间的中间价格计算，该公司市值为3.24亿美元。美银美林为唯一的承销商。",1.5,-,-,NASDAQ,-,9786.71万,-4337.20万,电子设备与仪器,2.38%,5.37%,-
2163,Gabelli Convertible,GCV,US,4.47,-,1.57%,1.07/4.18,-,0.22,-,-,NYSE,-,8962.49万,2143.77万,资本市场,0.14%,19.22%,1.03
2164,通用动力,GD,US,313.21,-,2.03%,15.65/20.15,-,-1.73,-,-,NYSE,-,848.32亿,42.10亿,航空航天与国防,0.48%,86.17%,3.31
2165,GD Culture Group,GDC,US,4.225,-,4.94%,-2.53/-,-,4.32,-,-,-,-,2.57亿,-1.64亿,信息技术服务,0.03%,0.12%,0.51
2166,Godaddy,GDDY,US,86.04,-,4.00%,6.34/13.11,-,1.5,-,-,NYSE,-,114.74亿,8.75亿,信息技术服务,1.64%,102.07%,53.34
2167,黄金娱乐,GDEN,US,28.35,-,1.04%,-0.23/-,-,-0.18,-,-,NASDAQ,-,7.48亿,-604.30万,酒店餐饮与休闲,4.93%,66.36%,1.78
2168,GDEV,GDEV,US,16.63,-,10.23%,3.82/4.35,-,-7.56,-,-,-,-,3.02亿,6933.10万,娱乐,0.14%,2.58%,-
2169,金生游乐,GDHG,US,1.8,-,13.43%,-10.83/-,-,-9.09,-,-,-,-,3605.78万,-859.34万,酒店餐饮与休闲,0.01%,0.10%,0.2
2170,Gdl Fund,GDL,US,8.45,-,0.35%,0.68/12.14,-,-0.35,-,-,NYSE,-,9234.00万,760.90万,资本市场,0.05%,44.67%,0.798
2171,Western Asset Global,GDO,US,11.079,-,0.36%,1.23/9.03,-,-0.19,-,-,NYSE,-,8330.74万,922.97万,资本市场,0.32%,18.39%,0.913
2172,Green Dot,GDOT,US,12.2,-,0.70%,-1.79/-,"Green Dot is a leading prepaid financial services company providing simple, low-cost and convenient money management solutions to a broad base of U.S. consumers. We believe that we are the leading provider of general purpose reloadable prepaid debit cards in the United States and that our Green Dot Network is the leading prepaid reload network in the United States. We sell our cards and offer our reload services nationwide at approximately 50,000 retail stores, which provide consumers convenient access to our products and services. Our proprietary technology platform, Green PlaNET, enables real-time transactions in a secure environment.",-0.16,-,-,NYSE,-,6.78亿,-9886.60万,消费信贷,0.69%,88.83%,0.762
2173,Goodrx,GDRX,US,2.31,-,2.17%,0.09/26,-,0.43,-,-,-,-,7.91亿,3043.90万,医疗保健技术,0.95%,112.78%,1.28
2174,万国数据,GDS,US,45.08,https://www.gds-services.com,3.56%,0.08/70.75,万国数据服务有限公司于2006年12月1日在开曼群岛注册成立，是中国高性能数据中心的领先的开发商和运营商，其数据中心覆盖国内重点核心城市。他们的数据中心总机房占地面积大，可提供高可用性，高生产力，高效的数据中心服务。万国数据还通过其创新的CloudMiXTM平台，为客户提升访问和管理多云服务的能力。他们有15年的服务记录，成功地满足了一些最大和最苛刻的客户对中国外包数据中心服务的需求。其300多个客户的基础主要包括大型互联网公司，金融机构，电信和IT服务提供商，以及大型国内私营部门和跨国公司。,4.23,-,86-21-20330303,NASDAQ,上海市浦东新区杨高南路428号由由世纪广场2号楼2层,90.58亿,1.28亿,信息技术服务,0.96%,39.38%,2.46
2175,CytoMed Therapeutics,GDTC,US,0.951,-,9.90%,-0.26/-,-,-5.84,-,-,-,-,1125.30万,-309.55万,制药,0.38%,0.44%,2.21
2176,The Gabelli,GDV,US,29.29,-,0.96%,4.73/6.08,"The Gabelli Dividend & Income Trust, or the Fund, is a non-diversified, closed-end management investment company.
Under normal market conditions, the Fund invests at least 80% of its assets in dividend paying or other income producing securities.",0.17,-,-,NYSE,-,25.61亿,4.21亿,资本市场,0.11%,32.39%,0.944
2177,Grid Dynamics,GDYN,US,5.72,-,3.68%,0.11/50.5,-,2.69,-,-,-,-,4.88亿,966.80万,信息技术服务,1.46%,78.44%,0.901
2178,GE航空航天,GE,US,284.6,http://www.ge.com,3.17%,1.82/34.41,通用电气是世界上最大的提供技术和服务业务的跨国公司。GE旗下业务主要集中于金融服务、工业产品制造、医疗、能源和传媒等其它领域。1896年，道琼斯工业指数榜设立，通用电气公司是当时榜上的12家公司之一，时至今日，它是唯一一个仍在指数榜上的公司。,0.8,-,-,NYSE,-,2969.34亿,19.04亿,航空航天与国防,0.93%,80.08%,16.44
2179,Great Elm Capital,GECC,US,5.55,-,1.53%,-2.57/-,-,0,-,-,NASDAQ,-,7710.09万,-3178.90万,资本市场,0.29%,10.47%,0.683
2180,格瑞夫A,GEF,US,66.5,-,2.51%,3.04/3.66,格瑞夫是生产工业包装产品并提供相关服务的企业。格瑞夫一直致力于为各种各样的企业提供极富专业水准且具有竞争力的产品以及服务，包括：钢桶、塑料桶、纤维桶、水桶、IBC、其他各类工业包装产品以及灌装服务。在美国，格瑞夫还生产瓦楞纸箱并经营林业。格瑞夫在全球50多个国家拥有200多家工厂，有条件从任何地方为本土，为国际性的客户提供优质的产品以及服务。格瑞夫在中国的业务始于1993年，目前格瑞夫在中国拥有7家工厂，已发展成为中国最大的钢桶生产企业。除钢桶之外，格瑞夫在中国还提供塑料桶、纤维桶等其他工业包装产品，为化工、石油、食品、农业、医药及矿业等众多领域的客户提供专业服务。,-1.26,-,-,NYSE,-,30.78亿,1.75亿,容器与包装,1.17%,94.17%,1.05
2181,格瑞夫B,GEF.B,US,83.34,-,4.02%,3.04/4.59,-,-3.79,-,-,NYSE,-,38.57亿,1.75亿,容器与包装,8.14%,9.21%,1.31
2182,Great Elm,GEG,US,2.05,-,0.00%,-0.75/-,-,-3.76,-,-,-,-,6712.63万,-2278.40万,资本市场,0.00%,22.19%,1.2
2183,GE HealthCare,GEHC,US,68.83,-,1.53%,4.56/15.07,-,-1.52,-,-,-,-,314.06亿,20.84亿,医疗保健设备,0.79%,89.12%,2.97
2184,Genesis Energy,GEL,US,16.77,-,2.23%,-4.19/-,-,-1.47,-,-,NYSE,-,20.54亿,-5.13亿,石油与天然气,0.31%,75.43%,-
2185,Gelteq,GELS,US,0.7,-,10.49%,-0.47/-,-,3.4,-,-,-,-,749.77万,-436.81万,制药,0.44%,0.78%,0.722
2186,Gemini Space Station,GEMI,US,4.39,-,6.86%,-15.52/-,-,0.46,-,-,-,-,5.27亿,-5.83亿,资本市场,3.02%,27.50%,0.974
2187,Gen Digital,GEN,US,19.04,-,2.15%,0.75/19.12,-,1.22,-,-,NYSE,-,115.32亿,4.61亿,软件,0.90%,88.45%,4.95
2188,Generate Biomedicine,GENB,US,12.8,-,4.67%,-/-,-,-0.47,-,-,-,-,16.31亿,-2.50亿,生物科技,0.47%,0.00%,-
2189,范科工业,GENC,US,14.73,-,1.17%,0.23/14.12,-,-1.34,-,-,NASDAQ,-,2.16亿,344.20万,机械制造,0.29%,63.63%,1
2190,Genius Sports,GENI,US,4.47,-,5.06%,-0.44/-,-,2.76,-,-,-,-,11.50亿,-1.12亿,互动媒体与服务,1.34%,90.17%,1.59
2191,GEN Restaurant,GENK,US,1.611,-,6.25%,-0.59/-,-,-4.11,-,-,-,-,5304.05万,-302.60万,酒店餐饮与休闲,0.24%,19.23%,4.24
2192,GEO惩教集团,GEO,US,18.83,-,3.08%,1.85/9.82,"GEO is a leader in the delivery of private correctional and detention management, community re-entry services as well as behavioral and mental health services to government agencies around the globe.",1.89,-,-,NYSE,-,24.99亿,2.54亿,商业服务与用品,0.65%,93.89%,1.66
2193,Geospace Technologie,GEOS,US,10.15,-,3.77%,-0.76/-,-,1.7,-,-,NASDAQ,-,1.31亿,-976.50万,机械制造,1.41%,56.49%,1.13
2194,杰龙,GERN,US,1.5,-,3.33%,-0.13/-,"Geron is developing first-in-class biopharmaceuticals for the treatment of cancer and chronic degenerative diseases. The company is advancing anti- cancer therapies through multiple Phase 2 clinical trials in different cancers by targeting the enzyme telomerase and with a compound designed to penetrate the blood-brain barrier. The company is developing cell therapy products from differentiated human embryonic stem cells for multiple indications, including central nervous system (CNS) disorders, heart failure, diabetes and osteoarthritis, and has initiated a Phase 1 clinical trial in spinal cord injury.",0,-,-,NASDAQ,-,9.61亿,-8350.00万,生物科技,2.13%,74.72%,4.26
2195,Getty Images,GETY,US,0.893,-,5.33%,-0.5/-,-,-2.93,-,-,-,-,3.73亿,-2.06亿,信息技术服务,0.84%,43.35%,0.675
2196,GE Vernova,GEV,US,1149.19,-,3.65%,17.65/32.94,-,-0.03,-,-,-,-,3088.10亿,47.45亿,电子设备与仪器,1.35%,77.45%,22.18
2197,Gevo,GEVO,US,1.8,-,3.59%,-0.14/-,-,-0.55,-,-,-,-,4.37亿,-3383.60万,石油与天然气,0.91%,35.92%,0.938
2198,New Germany Fund,GF,US,11.66,-,3.09%,3.43/3.4,-,0.17,-,-,NYSE,-,1.89亿,5554.04万,资本市场,0.54%,65.21%,0.918
2199,Guardforce AI,GFAI,US,0.495,-,3.95%,-0.3/-,-,-2.17,-,-,-,-,1546.90万,-665.72万,商业服务与用品,0.84%,2.95%,0.453
2200,格里丰,GFF,US,93.03,-,2.12%,1.44/97.06,"Griffon Corporation is a diversified management and holding company that conducts business through wholly-owned subsidiaries. Griffon oversees the operations of its subsidiaries, allocates resources among them and manages their capital structures. Griffon provides direction and assistance to its subsidiaries in connection with acquisition and growth opportunities as well as in connection with divestitures. Griffon also seeks out, evaluates and, when appropriate, will acquire additional businesses that offer potentially attractive returns on capital to further diversify itself.",0.82,-,-,NYSE,-,43.33亿,6438.70万,建筑产品,0.79%,76.35%,39.79
2201,金田,GFI,US,45.74,-,3.78%,3.99/11.48,"Gold Fields is one of the world’s largest unhedged producers of gold with attributable annualised production of 3.6 million gold equivalent ounces from eight operating mines in Australia, Ghana, Peru and South Africa.",4.05,-,-,NYSE,-,409.38亿,35.67亿,金属与采矿,0.24%,16.92%,4.85
2202,GFL Environmental,GFL,US,40.41,-,2.91%,7.47/5.18,-,0.12,-,-,-,-,144.95亿,27.96亿,商业服务与用品,0.79%,72.36%,2.72
2203,Greenfire Resources,GFR,US,6.1,-,5.02%,0.48/22.08,-,2.01,-,-,-,-,7.65亿,3464.41万,石油与天然气,0.25%,8.91%,0.899
2204,Globalfoundries,GFS,US,61.79,-,5.91%,1.59/38.85,-,0.41,-,-,-,-,343.81亿,8.85亿,半导体产品与设备,3.92%,101.07%,2.88
2205,加利西亚金融,GGAL,US,43.17,-,4.93%,0.09/47.62,-,-0.69,-,-,NASDAQ,-,69.34亿,1.46亿,商业银行,0.57%,2.30%,1.3
2206,固瑞克,GGG,US,81.58,-,1.93%,0.72/26.23,"Founded in 1926, Graco is a world leader in fluid handling systems and components. Graco products move, measure, control, dispense and apply a wide range of fluids and viscous materials used in vehicle lubrication, commercial and industrial settings.",-0.73,-,-,NYSE,-,135.40亿,1.19亿,机械制造,1.05%,90.80%,4.94
2207,"Gamco Global Gold, N",GGN,US,5.4,-,2.22%,2/2.71,-,-0.18,-,-,AMEX,-,8.44亿,3.11亿,资本市场,0.29%,14.34%,0.981
2208,Gogoro,GGR,US,4.13,-,3.86%,-5.42/-,-,-0.24,-,-,-,-,8290.39万,-7996.90万,电子设备与仪器,0.34%,9.93%,0.766
2209,The Glimpse Group,GGRP,US,0.587,-,10.23%,-0.11/-,-,1.73,-,-,-,-,1237.19万,-225.89万,软件,-,8.85%,0.811
2210,Gabelli Multimedia T,GGT,US,4.15,-,2.15%,1.17/4.46,"The Gabelli Global Multimedia Trust is a closed-end, non-diversified management investment company whose investment objective is long-term growth of capital. The Fund seeks opportunities for long-term growth presented in the global telecommunications, media, publishing and entertainment industries. The Fund will also invest in companies participating in emerging technological advances in interactive services and products. Income is a secondary objective of the Multimedia Trust.",-0.95,-,-,NYSE,-,1.74亿,3892.16万,资本市场,0.53%,8.07%,1.19
2211,Gabelli Global Small,GGZ,US,16.12,-,1.01%,2.83/5.4,-,0.44,-,-,NYSE,-,1.23亿,2279.49万,资本市场,0.02%,23.41%,0.966
2212,Guardant Health,GH,US,88.91,-,4.84%,-3.32/-,-,1.18,-,-,-,-,116.62亿,-4.16亿,生物科技,0.98%,99.86%,-
2213,格雷厄姆控股,GHC,US,1127.82,-,2.57%,67.11/16.78,-,-0.37,-,-,NYSE,-,49.05亿,2.92亿,综合消费者服务,0.57%,89.94%,1.01
2214,格林酒店,GHG,US,1.25,-,3.25%,0.36/5.01,-,1.63,-,-,-,-,1.27亿,3599.88万,酒店餐饮与休闲,-,10.64%,0.531
2215,Greystone Housing,GHI,US,5.2,-,2.80%,-0.52/-,-,0.39,-,-,-,-,1.23亿,-1168.78万,商业银行,0.16%,10.78%,0.442
2216,Graham,GHM,US,97.4,-,3.20%,0.96/72.26,-,-0.2,-,-,NYSE,-,10.78亿,1053.00万,机械制造,0.89%,82.39%,8.21
2217,GH Research,GHRS,US,20.25,-,9.94%,-0.79/-,-,7.66,-,-,-,-,12.56亿,-4825.80万,制药,0.62%,75.14%,4.49
2218,Pgim Global High Yie,GHY,US,11.88,-,0.59%,0.72/9.52,-,-0.42,-,-,NYSE,-,4.87亿,2938.02万,资本市场,0.36%,25.41%,0.895
2219,CGI,GIB,US,72.7,-,1.64%,1.5/12.88,-,-0.42,-,-,NYSE,-,156.13亿,3.22亿,信息技术服务,0.22%,63.64%,2.15
2220,GIBO Holdings,GIBO,US,1.4,-,3.17%,0.19/-,-,-1.41,-,-,-,-,4512.15万,-5669.18万,互动媒体与服务,0.87%,1.92%,1.8
2221,Global Industrial,GIC,US,33.82,-,1.95%,1.86/17.95,-,0.18,-,-,-,-,12.94亿,7210.00万,贸易与经销,0.75%,33.57%,4.13
2222,Giftify,GIFT,US,1.21,-,7.50%,-0.35/-,-,0.83,-,-,-,-,4072.01万,-1049.17万,专营零售,0.20%,10.20%,1.83
2223,GigCapital7,GIG,US,10.69,-,0.28%,0.11/93.15,-,-0.19,-,-,AMEX,-,3.56亿,382.55万,资本市场,0.02%,81.38%,169.7
2224,和信超媒体,GIGM,US,1.47,-,8.22%,-0.14/-,-,0.68,-,-,NASDAQ,-,1624.68万,-151.40万,娱乐,0.02%,4.22%,0.403
2225,G-III Apparel,GIII,US,31.36,-,2.06%,1.58/19.64,-,-0.44,-,-,NASDAQ,-,13.23亿,6735.30万,纺织服装与奢侈品,0.96%,96.99%,0.752
2226,吉登运动服,GIL,US,58.57,-,2.56%,2.61/27.19,-,-2.12,-,-,NYSE,-,108.46亿,3.99亿,纺织服装与奢侈品,0.53%,81.89%,3.04
2227,吉利德科学,GILD,US,130.4,http://www.gilead.com,2.28%,6.84/19.02,Gilead Sciences Inc （吉利德科学） 是美国一家知名的生技制药公司。,-2.42,-,-,NASDAQ,-,1618.55亿,85.10亿,生物科技,0.48%,88.01%,7.13
2228,吉来特卫星网络,GILT,US,17.42,-,3.46%,0.35/63.44,"Gilat is a leading provider of satellite communications products and services. Gilat's solutions serve the communications needs of carriers, enterprises, governments, service providers and consumers around the globe.",-1.25,-,-,NASDAQ,-,13.15亿,2072.30万,通信设备,0.45%,42.46%,2.63
2229,Generation Income,GIPR,US,0.262,-,12.99%,-2/-,-,3.15,-,-,-,-,142.74万,-1034.09万,抵押型REITs,9.22%,10.91%,-
2230,通用磨坊,GIS,US,34.97,http://www.generalmills.com,2.59%,3.57/8.43,通用磨坊公司于1928年在特拉华州注册成立，是一家全球领先的品牌零售食品制造商和销售商。该公司也是食品餐饮服务和烘培食品行业的领先供应商。,-1.41,-,-,NYSE,-,186.63亿,19.20亿,食品,1.19%,85.14%,2
2231,Global Interactive,GITS,US,1.47,-,8.22%,-0.56/-,-,-3.29,-,-,-,-,540.11万,-178.77万,软件,1.02%,0.81%,1.03
2232,GigCapital8,GIW,US,10.04,-,0.15%,0.09/200,-,0.15,-,-,-,-,3.66亿,183.13万,资本市场,0.10%,75.00%,1.43
2233,GigCapital9,GIX,US,9.87,-,0.00%,-0.01/-,-,-0.05,-,-,-,-,3.61亿,-4.48万,资本市场,0.00%,-,-
2234,Glaukos,GKOS,US,121.48,-,2.69%,-3.28/-,-,0.5,-,-,NYSE,-,71.10亿,-1.88亿,医疗保健设备,0.82%,98.08%,10.84
2235,Globe Life,GL,US,152.56,-,2.26%,3.45/10.17,-,-0.92,-,-,-,-,119.68亿,2.71亿,保险,0.88%,84.29%,2
2236,格拉德斯通资本,GLAD,US,18.32,-,2.42%,0.24/11.6,-,0.83,-,-,NASDAQ,-,4.14亿,545.40万,资本市场,0.97%,13.63%,0.867
2237,Global-E Online,GLBE,US,31.61,-,2.61%,0.4/77.77,-,2.5,-,-,-,-,53.09亿,6827.00万,多元化零售,0.74%,69.53%,5.69
2238,Globus Maritime,GLBS,US,2.12,-,5.05%,-0.08/-,-,-2.75,-,-,NASDAQ,-,4575.45万,-174.70万,海运,0.40%,1.56%,0.26
2239,Goldmining,GLDG,US,1.2,-,3.28%,-0.02/-,-,-1.64,-,-,-,-,2.57亿,-487.16万,金属与采矿,0.63%,9.27%,1.45
2240,Global Engine Group,GLE,US,0.341,-,6.71%,-0.04/-,-,-0.58,-,-,-,-,624.03万,-74.37万,信息技术服务,6.10%,0.76%,0.773
2241,GalaxyEdge Acquisiti,GLED,US,9.89,-,0.10%,-/-,-,0,-,-,-,-,1.43亿,-4.54万,资本市场,1.48%,-,-
2242,GCI Liberty A,GLIBA,US,37,-,2.67%,-9.97/-,-,-0.32,-,-,-,-,14.73亿,-3.09亿,互动媒体与服务,1.35%,64.40%,0.873
2243,GCI Liberty C,GLIBK,US,36.28,-,3.00%,-9.97/-,-,-1.17,-,-,-,-,14.44亿,-3.09亿,互动媒体与服务,1.36%,90.64%,0.856
2244,Galmed,GLMD,US,0.627,-,7.64%,-2.39/-,-,1.95,-,-,-,-,413.80万,-1030.90万,制药,2.29%,3.17%,0.262
2245,Greenland Energy,GLND,US,6.21,-,15.32%,-/130,-,-15.05,-,-,-,-,1.62亿,124.90万,石油与天然气,7.54%,33.72%,-
2246,Golar LNG,GLNG,US,52.63,-,1.57%,0.64/81.56,-,-0.09,-,-,NASDAQ,-,53.57亿,6567.60万,石油与天然气,0.92%,85.92%,2.91
2247,Clough Global Opport,GLO,US,5.84,-,0.69%,1.12/5.22,-,0.69,-,-,AMEX,-,2.50亿,4787.45万,资本市场,0.21%,52.63%,0.887
2248,Globant,GLOB,US,42.84,http://www.globant.com,3.99%,2.33/17.97,"Globant is a new-breed technology services provider focused on delivering innovative software solutions by leveraging emerging technologies and related market trends. Over the last several years, a number of new technologies and related market trends, including mobility, cloud computing and software as a service, gamification, social media, wearables, internet of things and big data have emerged that are revolutionizing the way end-users interface with information technology and are reshaping the business and competitive landscape for enterprises. As enterprises adapt their business models to benefit from these changes, they are increasingly seeking solutions that not only meet the rigorous engineering requirements of emerging technologies, but that also engage the end-user in new and powerful ways.",-1.11,S1/F1,-,NYSE,-,18.50亿,1.03亿,软件,4.76%,101.23%,0.884
2249,Gloo Holdings,GLOO,US,6.88,-,10.19%,-8.03/-,-,-7.77,-,-,-,-,5.56亿,-1.82亿,专业服务,2.08%,34.19%,4.12
2250,Global Partners,GLP,US,46.39,-,3.07%,2.13/21.87,"Global Partners LP is a leader in the storage, distribution and marketing of gasoline, distillates and residual oil to wholesalers, retailers and commercial customers throughout the Northeast.",-1.65,-,-,NYSE,-,15.77亿,7209.40万,石油与天然气,0.05%,48.64%,2.61
2251,Galapagos,GLPG,US,28.6,-,1.78%,5.72/5,-,-0.28,-,-,NASDAQ,-,18.85亿,3.77亿,制药,0.21%,47.77%,0.496
2252,Gaming And Leisure,GLPI,US,47.31,-,1.89%,0.82/15.03,-,1.44,-,-,NASDAQ,-,133.99亿,2.32亿,专业房地产投资信托,0.90%,96.91%,2.89
2253,Clough Global Equity,GLQ,US,8.08,-,1.37%,1.86/4.35,-,0.37,-,-,AMEX,-,1.51亿,3481.96万,资本市场,0.23%,48.51%,0.903
2254,绿光资本,GLRE,US,19,-,1.85%,2.21/8.63,"Greenlight Reinsurance Ltd. is an AM Best ""A-"" (Excellent) rated specialist property and casualty reinsurance company based in the Cayman Islands.  The Company provides a variety of custom-tailored reinsurance solutions to the insurance, risk retention group, captive and financial marketplaces.  Established in 2004, Greenlight Re selectively offers customized reinsurance solutions in markets where capacity and alternatives are limited.  With a focus on deriving superior returns from both sides of the balance sheet, Greenlight Re's assets are managed according to a value-oriented equity-focused strategy that complements the Company's business goal of long-term growth in book value per share.",0.58,-,-,NASDAQ,-,6.46亿,7483.20万,保险,0.92%,50.10%,0.912
2255,Greenwich,GLSI,US,24.21,-,5.53%,-0.85/-,-,2.28,-,-,-,-,3.35亿,-1143.55万,制药,1.38%,9.48%,153.2
2256,Gabelli Global Utili,GLU,US,19.99,-,1.26%,4.79/4.18,-,0.35,-,-,AMEX,-,1.20亿,2865.06万,资本市场,0.12%,19.04%,1.09
2257,Monte Rosa,GLUE,US,19.79,-,5.01%,-0.46/-,-,-1.88,-,-,-,-,15.84亿,-3862.60万,生物科技,1.18%,79.63%,6.79
2258,Clough全球股息和收益,GLV,US,6.04,-,1.00%,1.02/5.91,-,1,-,-,AMEX,-,7495.45万,1267.50万,资本市场,0.25%,34.44%,0.876
2259,康宁,GLW,US,175.89,-,5.16%,1.87/94.67,-,3.77,-,-,-,-,1510.92亿,15.96亿,电子设备与仪器,1.30%,72.95%,12.8
2260,迦里仕人才,GLXG,US,1.67,-,10.87%,-1.94/-,-,-9.24,-,-,-,-,995.57万,-351.20万,专业服务,0.42%,0.17%,2.88
2261,Galaxy Digital,GLXY,US,26.005,-,5.48%,-0.53/-,-,-1.05,-,-,-,-,101.49亿,-2.41亿,资本市场,1.83%,67.46%,5.19
2262,通用汽车,GM,US,78.05,http://www.gm.com,2.04%,3.33/22.13,"通用汽车公司（GM）成立于1908年9月16日，自从威廉·杜兰特创建了美国通用汽车公司以来，先后联合或兼并了别克、凯迪拉克、雪佛兰、奥兹莫比尔、庞蒂克、克尔维特、悍马等公司，拥有铃木（Suzuki）3%股份。使原来的小公司成为它的分部。
公司下属的分部达二十多个，拥有员工266,000名。通用汽车公司的全球总部位于美国密歇根州的汽车之城底特律，迄今在全球35个国家和地区建立了汽车制造业务。
　　
通用汽车公司曾与菲亚特、五十铃、富士重工汽车公司结成合作伙伴关系。 　　

2009年6月1日，通用汽车申请破产保护。2009年7月10日成立新通用汽车有限公司，结束破产保护。目前由美国联邦政府注资而持有其60.8%的股权，新公司标志保持不变，只保留“雪佛兰”、“凯迪拉克”、“别克”和“GMC”4个核心汽车品牌。

2010年11月18日重回纽交所，发行价33美元",-0.6,-,-,NYSE,-,703.74亿,31.80亿,汽车,0.68%,86.27%,1.15
2263,Genmab,GMAB,US,26.87,-,1.13%,15.5/17.4,-,-0.41,-,-,-,-,167.54亿,9.63亿,制药,0.18%,11.41%,2.87
2264,游戏驿站,GME,US,24.95,-,2.08%,0.93/26.74,-,-0.24,-,-,NYSE,-,111.87亿,4.18亿,专营零售,1.26%,35.74%,2.05
2265,Globus Medical,GMED,US,94.87,-,2.28%,3.98/23.86,-,0.52,-,-,NYSE,-,128.31亿,5.38亿,医疗保健设备,0.61%,103.94%,2.81
2266,GMEX Robotics,GMEX,US,0.468,-,87.97%,-16.99/-,-,25.13,-,-,-,-,94.78万,-987.02万,软件,-,0.29%,0.07
2267,家游控股,GMHS,US,0.93,-,6.90%,0.05/13.46,-,-7,-,-,-,-,5330.69万,289.28万,专业服务,0.03%,0.11%,1.46
2268,环球墨非,GMM,US,1.37,-,8.09%,-1.19/-,-,0.74,-,-,NYSE,-,7064.82万,-1930.23万,信息技术服务,0.01%,0.03%,1.14
2269,Guardian Metal Resou,GMTL,US,18.43,-,5.52%,-/-,-,-4.06,-,-,-,-,7.16亿,-477.10万,金属与采矿,1.02%,-,20.62
2270,Genie Energy,GNE,US,13.82,-,2.05%,0.77/75.5,-,1.02,-,-,NYSE,-,3.66亿,2019.60万,石油与天然气,0.22%,40.19%,1.84
2271,根科船务贸易,GNK,US,23.52,-,1.82%,-0.1/-,-,0.6,-,-,NYSE,-,10.19亿,-436.60万,海运,0.77%,51.94%,1.14
2272,Global Net Lease,GNL,US,9.51,-,1.53%,-1.21/-,-,0.42,-,-,NYSE,-,20.23亿,-2.69亿,权益型REITs,0.51%,70.39%,1.22
2273,Greenlane Holdings,GNLN,US,4.01,-,14.65%,-11.42/-,-,3.08,-,-,-,-,252.61万,-8558.00万,经销商,24.26%,5.69%,0.037
2274,Genelux,GNLX,US,2.52,-,5.36%,-0.86/-,-,0,-,-,-,-,1.13亿,-3214.50万,生命科学工具,0.33%,20.20%,9.77
2275,Genprex,GNPX,US,1.02,-,5.88%,-17.4/-,-,0,-,-,-,-,922.58万,-1622.90万,制药,7.67%,0.58%,1.16
2276,Generac Holdings,GNRC,US,220.93,-,2.19%,2.73/81.25,"It is a leading designer and manufacturer of a wide range of automatic, stationary standby and portable generators. As the only significant market participant focused exclusively on these products,It has a leading market share of the standby generator market in the United States and Canada, having grown its company organically by a 16% CAGR since 2000. It designs, engineers and manufactures generators with an output of between 800W and 9mW of power. It designs, manufactures, sources and modifies engines, alternators, automatic transfer switches and other components necessary for its products. Its generators are fueled by natural gas, liquid propane, gasoline, diesel and Bi-Fuel™. Its products serve the power requirements of a wide variety of end markets including the residential, commercial, industrial and telecommunications markets.",1.17,-,-,NYSE,-,129.63亿,1.60亿,电气设备,1.13%,95.46%,4.92
2277,Genius Group,GNS,US,0.325,-,12.57%,-0.55/-,-,-11.2,-,-,-,-,5474.32万,-5526.71万,综合消费者服务,2.96%,0.26%,0.613
2278,Genasys,GNSS,US,1.89,-,5.43%,-0.02/-,-,2.72,-,-,-,-,8545.13万,-81.70万,电子设备与仪器,0.25%,50.32%,47.25
2279,Gamco Natural Resour,GNT,US,8.72,-,1.26%,2.79/3.13,-,0.23,-,-,NYSE,-,1.41亿,4515.82万,资本市场,0.32%,28.60%,1.05
2280,Genenta Science,GNTA,US,0.708,-,7.12%,-0.39/-,-,0.85,-,-,-,-,1670.24万,-766.34万,生物科技,-,11.84%,0.651
2281,真泰克,GNTX,US,23.88,-,6.40%,1.74/13.26,"Gentex is a global, high technology electronics company that is managed by engineers and others who understand the freedom and discipline that's required to run an entrepreneurial company.",3.69,-,-,NASDAQ,-,51.02亿,1.93亿,汽车零配件,2.37%,98.81%,2.04
2282,通用金融,GNW,US,8.86,http://www.genworth.com,2.03%,0.54/15.3,加拿大简沃瑟金融公司于2003年在特拉华州成立，是一家领先的金融服务公司，致力于向超过25个国家、15万人以上的客户提供保险、理财、投资和金融解决方案。它在美国特拉华州注册成立于2003年，并准备其其首次公开募股，于2004年5月28日完成募股。加拿大简沃瑟金融公司致力于帮助满足客户的生活，养老，购房和财富管理的需求。该公司的产品能在突发事件到来保护人们，帮助解决未参保和中间市场服务欠缺的需要保护的人的问题。这些产品和服务包括公司在美国地区的寿险产品，以及保健协调和健康服务。,-0.23,-,-,NYSE,-,34.13亿,2.23亿,保险,0.47%,88.14%,0.39
2283,Grocery Outlet,GO,US,7.81,-,2.55%,-2.3/-,-,-0.38,-,-,-,-,7.73亿,-2.25亿,多元化零售,2.94%,128.13%,0.785
2284,Eva Live,GOAI,US,3.57,-,12.23%,0.26/13.77,-,-0.28,-,-,-,-,1.12亿,812.73万,信息技术服务,0.25%,0.08%,11.55
2285,GoHealth,GOCO,US,1.205,-,6.25%,-20.17/-,-,0.42,-,-,-,-,3475.96万,-2.57亿,保险,0.29%,56.50%,0.918
2286,Guggenheim Strategic,GOF,US,11.22,-,0.67%,0.74/12.5,-,0.18,-,-,NYSE,-,22.65亿,1.49亿,资本市场,0.35%,26.67%,0.976
2287,Gogo,GOGO,US,4.04,http://www.gogoair.com,5.99%,0.1/42.28,"Gogo Inc 是一家在飞机上提供Wifi服务的供应商；为商用飞机和私人飞机服务。所提供的Wifi服务在部分航班上免费，从2012年底开始，公司尝试按小时收费模式，并推出了月套餐。

2013年6月21日，Gogo登陆纳斯达克，IPO发行价17美元，发型1100万股，融资1.87亿美元。",-6.91,-,-,NASDAQ,-,5.46亿,1292.30万,信息技术服务,1.51%,72.48%,5.4
2288,Gold.com,GOLD,US,47.01,-,3.45%,0.43/106,Randgold Resources (NASDAQ：GOLD)是一家黄金生产商；在非洲撒哈拉以南以南地区（Sub-Saharan Africa）控制着大量矿山资源；拥有Loulo mine and Gounkoto mine 80%权益。,0.23,-,-,NASDAQ,-,13.23亿,1069.70万,综合金融服务,2.78%,64.90%,2.02
2289,高尔史密斯控股,GOLF,US,98.1,-,2.35%,3.13/30.47,-,-0.79,-,-,NYSE,-,57.44亿,1.89亿,酒店餐饮与休闲,0.81%,57.23%,7.33
2290,格拉德斯通商业,GOOD,US,12.58,-,2.41%,0.14/92.39,-,1.21,-,-,NASDAQ,-,6.09亿,659.10万,权益型REITs,0.46%,52.16%,3.55
2291,谷歌C,GOOG,US,342.32,http://www.google.com,2.85%,10.91/31.33,"谷歌（GOOG）的使命是整合全球信息，使人人皆可访问并从中受益。目前被公认为是全球规模最大的搜索引擎。
谷歌的实用性及便利性赢得了众多用户的青睐，它几乎完全是在用户的交口称颂下成为全球最知名的品牌之一的。 作为一个企业，谷歌通过提供广告服务来获取收入，使广告客户能够刊登与特定网页内容相关、重要而又经济实效的在线广告。",1.35,-,-,NASDAQ,-,41410.45亿,1321.70亿,互动媒体与服务,0.36%,58.85%,9.97
2292,谷歌A,GOOGL,US,344.4,-,2.92%,10.91/31.52,-,1.63,-,-,NASDAQ,-,41662.07亿,1321.70亿,互动媒体与服务,0.46%,78.30%,10.03
2293,加拿大鹅,GOOS,US,11.7,http://www.canadagoose.com/ca/en/home-page,1.87%,-0.04/72.21,Canada Goose . 1957年成立于加拿大多伦多。2013年12月与贝恩资本合作，注册成立Canada Goose Holdings Inc。Canada Goose 已经成长为一个全球知名的外衣品牌。 该公司所有产品均在加拿大制造生产，以其品质卓越、保暖舒适的特点而享誉世界。公司的零售店与线上分销已遍布全球36个国家。,-0.51,S1/F1,-,NYSE,-,11.36亿,-409.90万,纺织服装与奢侈品,0.81%,60.68%,2.75
2294,黄金资源,GORO,US,1.69,-,3.01%,-0.05/-,-,1.81,-,-,AMEX,-,2.74亿,-645.90万,金属与采矿,1.28%,44.70%,6.21
2295,Gossamer Bio,GOSS,US,0.363,-,4.28%,-0.75/-,-,-2.94,-,-,-,-,8519.48万,-1.70亿,生物科技,1.60%,78.87%,-
2296,高途,GOTU,US,1.92,-,2.65%,-0.28/-,-,1.59,-,-,-,-,4.58亿,-4623.23万,综合消费者服务,0.17%,23.13%,2.55
2297,GeoVax Labs,GOVX,US,1.09,-,4.35%,-22.4/-,-,-5.22,-,-,-,-,315.29万,-2146.48万,生物科技,2.32%,3.77%,0.825
2298,Greenpower Motor,GP,US,0.941,-,6.07%,-2.59/-,-,-4.85,-,-,-,-,473.26万,-775.72万,汽车,5.08%,1.99%,-
2299,General Purpose Acqu,GPAC,US,-,-,-,0.07/968,-,-,-,-,NASDAQ,-,2.93亿,30.23万,资本市场,0.00%,-,1.31
2300,GP-Act III,GPAT,US,10.82,-,0.32%,0.33/32.7,-,-0.32,-,-,-,-,3.89亿,1189.17万,资本市场,2.92%,98.64%,-
2301,通用配件,GPC,US,108.74,-,1.44%,1.37/249.1,-,-0.96,-,-,NYSE,-,149.65亿,1.89亿,汽车零配件,0.81%,89.06%,3.34
2302,硕迪生物,GPCR,US,45.49,-,4.76%,-0.8/-,-,-3.25,-,-,-,-,32.33亿,-1.41亿,生物科技,1.21%,31.02%,2.13
2303,GPGI,GPGI,US,16.06,-,5.20%,-1.23/-,-,-1.83,-,-,-,-,46.55亿,-1.36亿,综合金融服务,1.45%,28.21%,19.14
2304,汽车一组,GPI,US,341.39,-,2.33%,25.29/12.46,"Houston-based Group 1 Automotive, Inc., a Fortune 500 automotive retailer, is a leading operator in the automotive retailing industry. Since its initial public offering in October 1997, Group 1 has grown to become the fourth largest dealership group in the United States. The company has achieved this success through a strategy that leverages management experience and emphasizes geographic and brand diversity, interrelated revenue streams, operational efficiencies and the prudent deployment of capital.",0.47,-,-,NYSE,-,40.53亿,3.25亿,专营零售,0.86%,99.83%,1.45
2305,Graphic Packaging,GPK,US,9.35,-,2.01%,1.48/6.23,-,-0.85,-,-,NYSE,-,27.65亿,4.44亿,容器与包装,1.34%,113.50%,0.829
2306,Granite Point,GPMT,US,1.45,-,7.24%,-1.16/-,-,-4.61,-,-,-,-,6948.35万,-5555.30万,抵押型REITs,0.29%,45.87%,0.126
2307,环汇,GPN,US,67.76,-,1.89%,5.79/13.32,"Global Payments Inc. (NYSE: GPN), a Fortune 1000 company, is a leading provider of payment processing services, headquartered in Atlanta, Georgia, USA. We process billions of payment card, check, and eCommerce transactions annually for over one million merchant locations worldwide.",-0.15,-,-,NYSE,-,186.50亿,14.00亿,综合金融服务,0.66%,83.75%,0.815
2308,格尔夫波特能源,GPOR,US,187.6,-,2.41%,21.74/8.55,-,-0.56,-,-,NASDAQ,-,33.86亿,3.96亿,石油与天然气,1.50%,114.21%,1.85
2309,绿色平原,GPRE,US,15.92,-,3.68%,-1.8/-,-,-2.45,-,-,NASDAQ,-,11.12亿,-1.21亿,石油与天然气,1.18%,107.19%,1.45
2310,GeoPark,GPRK,US,9.05,-,3.24%,0.96/11.79,-,-0.66,-,-,NYSE,-,5.85亿,4966.70万,石油与天然气,1.79%,0.00%,2.38
2311,Gopro,GPRO,US,1.33,http://zh.gopro.com/,9.92%,-0.59/-,GoPro相机是一款小型可携带固定式防水防震相机。GoPro的相机现已被冲浪、滑雪、极限自行车及跳伞等极限运动团体广泛运用，因而“GoPro”也几乎成为“极限运动专用相机”的代名词。,3.1,S1/F1,1 (888) 600 4659,NASDAQ,-,2.18亿,-9348.70万,耐用消费品,6.45%,43.96%,2.84
2312,Hyperscale Data,GPUS,US,0.155,-,3.25%,-0.83/-,-,0.65,-,-,-,-,6810.62万,-7503.90万,软件,3.53%,7.69%,0.568
2313,Grab Holdings,GRAB,US,3.9,-,4.04%,0.07/59.67,-,-1.52,-,-,-,-,159.92亿,2.68亿,多元化零售,1.88%,79.89%,2.38
2314,Graf Global,GRAF,US,-,-,-,0.22/35.66,-,-,-,-,-,-,3.09亿,621.54万,资本市场,0.00%,98.53%,-
2315,Grail,GRAL,US,54.42,-,9.73%,-11.11/-,-,7.44,-,-,-,-,22.32亿,-4.08亿,医疗保健技术,1.59%,72.92%,0.866
2316,均富资本,GRAN,US,1.04,-,2.86%,-0.06/-,-,-0.95,-,-,-,-,2590.25万,-145.79万,资本市场,0.02%,0.25%,2.8
2317,Green Brick,GRBK,US,70.82,-,1.91%,7.09/9.76,-,-1.42,-,-,NASDAQ,-,30.56亿,3.13亿,耐用消费品,0.35%,77.90%,1.64
2318,The Gorman-Rupp,GRC,US,76.78,-,9.76%,2.02/34.4,-,3.24,-,-,NYSE,-,20.20亿,1784.00万,机械制造,3.35%,63.54%,4.75
2319,Grace Therapeutics,GRCE,US,2.3,-,13.19%,-0.41/-,-,-2.13,-,-,-,-,3559.03万,-661.50万,制药,29.41%,28.94%,0.548
2320,Guardian Pharmacy,GRDN,US,37.57,-,3.27%,0.79/49.11,-,1.62,-,-,-,-,24.17亿,4921.90万,医疗保健服务,3.19%,55.22%,11.75
2321,GridAI Technologies,GRDX,US,2.27,-,7.93%,-/-,-,0,-,-,-,-,763.15万,-366.49万,制药,3.65%,4.93%,0.338
2322,Greenidge Generation,GREE,US,1.2,-,5.83%,0.35/3.68,-,0,-,-,-,-,1947.50万,528.60万,软件,0.78%,8.38%,-
2323,Eagle Capital Growth,GRF,US,10.1,-,0.00%,1.27/7.97,-,-0.88,-,-,AMEX,-,4007.51万,502.86万,资本市场,0.01%,2.41%,0.845
2324,基立福,GRFS,US,8.08,-,1.88%,0.69/11.78,-,1.13,-,-,NASDAQ,-,55.55亿,4.72亿,生物科技,0.13%,55.05%,0.898
2325,GRI Bio,GRI,US,2.315,-,7.05%,-121.8/-,-,-3.94,-,-,NYSE,-,334.52万,-1195.60万,制药,2.87%,0.22%,0.557
2326,Greenland Mines,GRML,US,0.485,-,14.92%,-0.22/-,-,8.02,-,-,-,-,5880.07万,-1055.17万,金属与采矿,3.76%,3.68%,6.22
2327,佳明,GRMN,US,259.39,-,1.64%,8.65/30.07,Garmin成立于1989年，长久以来致力于GPS产品之设计研发，，提供创新与便利的产品，以提升客户的生活质量，才造就了今日全球卫星定位导航系统的领导品牌Garmin。Garmin是GPS产品的领导品牌，在最近的十年中建立了许多「第一」的记录，从研发第一台使用于非精密进场的通用型航空专用卫星定位仪，到首次生产具备GPS与VHF双重功能的掌上型产品，甚至再将全世界最小的GPS推广到户外活动的领域。,-0.54,-,-,NASDAQ,-,500.32亿,16.64亿,耐用消费品,0.47%,56.56%,5.58
2328,Grindr,GRND,US,13.48,-,4.20%,0.45/26.34,-,3.06,-,-,-,-,24.96亿,9475.10万,软件,3.00%,18.92%,53.07
2329,绿专资本,GRNQ,US,2.51,-,6.25%,-0.37/-,-,4.58,-,-,-,-,2165.08万,-298.23万,综合金融服务,1.23%,1.29%,6.09
2330,Granite Ridge,GRNT,US,5.63,-,2.66%,0.18/30.49,-,0,-,-,-,-,7.43亿,2435.30万,石油与天然气,1.70%,78.22%,1.23
2331,Brazil Potash,GRO,US,3.26,-,3.07%,-1.23/-,-,0,-,-,-,-,1.77亿,-5215.91万,金属与采矿,0.38%,20.03%,1.12
2332,Grove Collaborative,GROV,US,1.09,-,7.25%,-0.34/-,-,0,-,-,-,-,4580.58万,-1321.60万,居家用品,0.17%,29.07%,-
2333,美国全球投资者,GROW,US,2.67,-,4.62%,0.05/342,"U.S. Global Investors, Inc. is an investment management firm specializing in gold, natural resources, emerging markets and global infrastructure opportunities around the world.

The company, headquartered in San Antonio, Texas, manages a  family of no-load mutual funds across a range of asset classes. In addition, the company manages funds for international clients.",2.69,-,-,NASDAQ,-,3351.59万,66.10万,资本市场,0.11%,50.51%,0.759
2334,Gold Royalty,GROY,US,3.48,-,3.47%,-0.02/-,-,0.58,-,-,-,-,8.03亿,-413.00万,金属与采矿,0.99%,27.54%,1.15
2335,Groupon,GRPN,US,14.67,http://www.groupon.com,5.20%,-2.08/-,"Groupon成立于2008年11月，经营方式为网友团购，每天只推一款折扣产品、每人每天限拍一次。Groupon在中国与腾讯合资成立的高朋网（Gaopeng.com）开展团购业务。

   2011年11月4日，Groupon登陆纳斯达克；本次IPO发行3500万股，发行价每股20美元，融资7亿美元。此次IPO的主承销商为摩根士丹利、高盛、瑞士信贷。",0.34,-,-,NASDAQ,-,5.98亿,-8352.00万,多元化零售,5.08%,91.09%,-
2336,大猩猩科技,GRRR,US,13.09,-,4.16%,-0.51/-,-,2.67,-,-,-,-,3.62亿,-1127.66万,信息技术服务,2.00%,14.36%,1.85
2337,Gravity,GRVY,US,62.82,-,8.22%,6.72/9.35,-,1.11,-,-,NASDAQ,-,4.37亿,4670.22万,娱乐,0.27%,12.89%,0.99
2338,GrowGeneration,GRWG,US,1.37,-,7.75%,-0.4/-,-,-3.52,-,-,-,-,8232.45万,-2404.60万,专营零售,1.52%,30.52%,0.844
2339,Gabelli Healthcare &,GRX,US,9.13,-,1.54%,0.15/58.77,-,0.33,-,-,NYSE,-,1.35亿,229.47万,资本市场,0.05%,38.97%,0.851
2340,高盛,GS,US,926.91,http://www.gs.com,1.47%,17.74/15.97,高盛成立于1869年，是一家全球性的投资银行、证券和投资管理公司，是全世界历史最悠久及规模最大的投资银行之一。在全球范围内为包括企业、金融机构、政府和富裕人群在内的各类客户提供一系列服务。高盛的经营活动分为三个部分：投资银行、交易和资本投资产管理和证券服务。,-0.47,-,-,NYSE,-,2734.33亿,54.03亿,资本市场,0.43%,74.21%,2.22
2341,全球星,GSAT,US,81.81,-,1.14%,-0.15/-,-,0.64,-,-,AMEX,-,105.20亿,-1925.60万,无线电信业务,2.66%,24.70%,29.58
2342,南方万通金控,GSBC,US,66.88,-,2.29%,6.23/10.2,-,-0.01,-,-,NASDAQ,-,7.27亿,1747.60万,商业银行,1.49%,45.11%,1.15
2343,高盛BDC,GSBD,US,9.51,-,1.42%,1.03/8.98,-,0.32,-,-,NYSE,-,10.71亿,1.19亿,资本市场,0.70%,33.52%,0.752
2344,Goosehead Insurance,GSHD,US,48.26,-,5.50%,0.2/56.57,-,-4.94,-,-,-,-,17.18亿,488.90万,保险,2.49%,115.47%,-
2345,Gesher Acquisition,GSHR,US,-,-,-,0.2/61.07,-,-,-,-,-,-,2.12亿,347.34万,资本市场,-,84.02%,1.47
2346,GSI Technology,GSIT,US,7.83,-,16.27%,-0.28/-,-,16.78,-,-,NASDAQ,-,2.83亿,-842.20万,半导体产品与设备,5.30%,23.45%,3.39
2347,一盈证券,GSIW,US,30,-,1.42%,-0.11/-,-,1.35,-,-,-,-,3.20亿,-649.48万,资本市场,0.17%,0.26%,16.11
2348,葛兰素史克,GSK,US,54.44,http://www.gsk.com,1.94%,1.9/14.36,"葛兰素史克公司，由葛兰素威康和史克必成强强联合,于2000年12月成立。两个制药巨人的成功合并，为葛兰素史克成为行业中无可争议的领导者奠定了基础，并在全球药品市场中占据了7%的份额。葛兰素史克公司在抗感染、中枢神经系统、呼吸和胃肠道/代谢四大医疗领域代表当今世界的最高水平，在疫苗领域和抗肿瘤药物方面也雄居行业榜首。此外，公司在消费保健领域也居世界领先地位，主要产品包括非处方药、口腔护理品和营养保健饮料。",-2.14,-,-,NYSE,-,1103.72亿,76.86亿,制药,0.25%,19.61%,5.01
2349,环球租船,GSL,US,38.54,-,2.50%,11.4/3.4,-,2.36,-,-,NYSE,-,13.84亿,4.07亿,海运,0.68%,45.75%,0.769
2350,Ferroglobe,GSM,US,4.53,-,10.77%,-0.91/-,"Globe Specialty Metals Inc. (NASDAQ: GSM), is among the world's largest producers of silicon metal and silicon-based specialty alloys – critical ingredients in a host of industrial and consumer products with growing markets.",6.09,-,-,NASDAQ,-,8.46亿,-1.71亿,金属与采矿,1.58%,60.87%,1.42
2351,GSR IV,GSRF,US,10.08,-,0.00%,0.17/127.7,-,0,-,-,-,-,2.96亿,232.10万,资本市场,0.11%,71.97%,1.32
2352,金太阳,GSUN,US,0.691,-,21.90%,-1.79/-,-,11.27,-,-,-,-,692.99万,-508.73万,媒体,3.78%,0.36%,0.747
2353,固特异轮胎橡胶,GT,US,7.06,http://www.goodyear.com,3.26%,-5.99/-,固特异，美国最大规模的轮胎生产公司，创建于1898年，总部位于美国俄亥俄州阿克隆市，至今已有百余年的历史。该公司在全球员工总数超过6.9万名，公司主要在28个国家90多个工厂中生产轮胎、工程橡胶产品和化学产品,0.14,-,-,NASDAQ,-,20.23亿,-17.21亿,汽车零配件,2.04%,95.31%,0.626
2354,GT Biopharma,GTBP,US,0.313,-,14.76%,-6.68/-,-,-12.81,-,-,-,-,987.64万,-3444.90万,制药,5.27%,1.57%,1.71
2355,Gran Tierra Energy,GTE,US,8.64,-,4.69%,-5.45/-,-,-3.46,-,-,AMEX,-,3.05亿,-1.93亿,石油与天然气,0.95%,51.16%,1.33
2356,格陵兰科技,GTEC,US,0.7,-,4.87%,0.31/2.7,-,0.29,-,-,-,-,1332.32万,493.15万,机械制造,0.22%,2.05%,0.183
2357,Gores Holdings X,GTEN,US,10.34,-,0.00%,0.04/506.2,-,0,-,-,-,-,4.66亿,92.07万,资本市场,0.00%,92.59%,-
2358,Globa Terra,GTERA,US,10.24,-,0.00%,0.36/84.29,-,0.1,-,-,-,-,2.43亿,288.25万,资本市场,0.00%,74.81%,-
2359,Gates Industrial,GTES,US,25.53,-,2.55%,0.98/25.85,-,0.12,-,-,-,-,65.00亿,2.51亿,机械制造,0.74%,106.25%,1.95
2360,恋上餐厅,GTIM,US,1.28,-,1.94%,0.02/12.98,"Good Times Restaurants Inc. opened its first restaurant in 1987 in Boulder, Colorado. The Company owns and operates, and franchises, restaurants in Colorado, Wyoming, North Dakota and Idaho.",-0.78,-,-,NASDAQ,-,1351.41万,18.10万,酒店餐饮与休闲,0.22%,10.21%,0.406
2361,GitLab,GTLB,US,21.51,-,4.07%,-0.34/-,-,4.11,-,-,-,-,36.59亿,-5595.60万,软件,4.34%,87.37%,3.69
2362,查特工业,GTLS,US,207.85,-,0.13%,0.3/737,"Chart Industries, Inc. is a leading global manufacturer of standard and custom engineered products and systems for a wide variety of cryogenic and heat transfer applications. Our industrial gas equipment is used throughout the liquid gas supply chain in the production, storage and end use of natural gas and industrial gases.",-0.04,-,-,NASDAQ,-,99.49亿,1350.00万,机械制造,1.93%,97.84%,3.08
2363,ZoomInfo,GTM,US,6.13,-,6.81%,0.38/14.71,-,4.43,-,-,-,-,18.27亿,1.24亿,软件,3.10%,92.58%,1.21
2364,格雷电视,GTN,US,5.6,-,5.09%,-1.41/-,"Gray Television, Inc. is a television broadcast company headquartered in Atlanta, Georgia, whose primary mission is to provide quality news and entertainment services to the local markets in which the Company operates.",-1.75,-,-,NYSE,-,5.76亿,-1.37亿,媒体,1.66%,84.73%,0.267
2365,格雷电视A,GTN.A,US,10.32,-,2.00%,-1.41/-,-,-6.27,-,-,NYSE,-,10.61亿,-1.37亿,媒体,0.02%,0.39%,0.492
2366,Garrett Motion,GTX,US,21.01,-,3.26%,1.55/12.76,-,2.29,-,-,-,-,39.57亿,3.10亿,汽车零配件,1.07%,95.83%,-
2367,Getty Realty,GTY,US,33.45,-,2.58%,0.43/22.22,"Getty Realty Corp(NYSE: GTY) is the leading publicly-traded real estate investment trust in the United States specializing in ownership, leasing and financing of retail motor fuel and convenience store properties and petroleum distribution terminals.",-0.92,-,-,NYSE,-,20.23亿,2662.90万,专业房地产投资信托,0.78%,81.11%,1.86
2368,Guggenheim Active,GUG,US,15.6,-,0.58%,1.12/12.29,-,0.06,-,-,-,-,5.14亿,3700.61万,资本市场,0.10%,32.64%,0.925
2369,海湾资源,GURE,US,5,http://www.gulfresourcesinc.com,11.65%,-0.43/-,"海湾资源是从事制造销售溴盐、原盐，制造销售用于油气资源开发、油田钻井、废水处理、造纸化学助剂、无机化学等化学产品的公司。2009年12月31日前，公司的产品只在中国市场销售。海湾资源的两大业务是销售溴盐、原盐的生产销售，以及化学产品的生产销售。Shouguang City Haoyuan Chemical Company Limited (SCHC)是海湾资源的全资子公司，负责制造销售溴盐产品；Shouguang Yuxin Chemical Industry Company Limited (SYCI)也是海湾资源的全资子公司，负责生产销售化学产品。
公司先是在美国OTCBB市场实现借壳上市，融资2.49亿元人民币，2009年10月27日又成功转入纳斯达克主板市场，融资7500万美元。",-4.51,S1/F1,86-536-5670008,NASDAQ,中国山东省寿光市东部工业园区蔬菜科技园11楼,769.77万,-4106.78万,化学制品,1.44%,1.15%,0.072
2370,Gabelli Utility Trus,GUT,US,6.16,-,1.76%,0.51/12.17,-,-1.6,-,-,NYSE,-,5.52亿,4534.06万,资本市场,0.22%,7.97%,2.03
2371,Fractyl Health,GUTS,US,0.62,-,9.29%,-1.86/-,-,6.71,-,-,-,-,9836.24万,-1.41亿,生命科学工具,1.97%,70.73%,10.33
2372,Visionary Holdings,GV,US,0.201,-,8.12%,-3.66/-,-,2.03,-,-,AMEX,-,112.71万,-1584.24万,综合消费者服务,16.44%,3.99%,0.22
2373,花岗岩建筑,GVA,US,123.37,-,2.07%,4.42/27.96,"Incorporated in 1922, Granite Construction builds roads, tunnels, bridges, airports and other infrastructure-related projects used by millions of people. In addition, Granite produces sand, gravel, ready-mix and asphalt concrete and other construction materials. Unusual among large contractors, Granite handles both large and small jobs through its regional offices nationwide.",0.64,-,-,NYSE,-,53.97亿,1.93亿,建筑与工程,0.72%,118.98%,4.58
2374,Globavend Holdings,GVH,US,3.67,-,22.21%,1.61/12.29,-,17.63,-,-,-,-,839.26万,68.30万,航空货运与物流,4.16%,18.17%,0.836
2375,Greenwave,GWAV,US,3.54,-,10.13%,-34.05/-,-,-5.6,-,-,-,-,293.69万,-1786.10万,商业服务与用品,0.39%,0.35%,0.09
2376,ESS Tech,GWH,US,1.14,-,4.39%,-4.34/-,-,0,-,-,-,-,3183.22万,-6344.00万,电气设备,1.79%,23.53%,3.69
2377,Guidewire Software,GWRE,US,139.56,-,7.24%,1.08/62.39,-,6.33,-,-,-,-,118.15亿,9141.80万,软件,1.64%,98.62%,7.82
2378,Global Water,GWRS,US,7.45,-,2.56%,0.11/72.47,-,0.54,-,-,NASDAQ,-,2.14亿,295.70万,水务,0.29%,27.08%,2.47
2379,固安捷,GWW,US,1147.99,-,1.68%,35.47/31.85,-,-1.45,-,-,NYSE,-,543.34亿,17.06亿,贸易与经销,0.64%,75.23%,14.54
2380,Gaxos,GXAI,US,1.35,-,5.30%,-0.55/-,-,2.27,-,-,-,-,1379.69万,-390.06万,娱乐,4.94%,4.60%,1.05
2381,GXO Logistics,GXO,US,56.27,-,2.88%,0.28/202.3,-,-0.69,-,-,-,-,64.74亿,3200.00万,航空货运与物流,0.79%,99.53%,2.17
2382,Gyre Therapeutics,GYRE,US,7.44,-,4.19%,0.06/143.5,-,0,-,-,-,-,7.21亿,502.70万,制药,0.27%,3.68%,6.8
2383,旋翼物业,GYRO,US,7.62,-,0.00%,-0.09/325.6,"Gyrodyne Company of America Inc. owns, leases and manages diverse commercial properties. The firm is committed to environmentally sensitive “green” development and is distinguished by its service-oriented philosophy toward property ownership and management. Gyrodyne remains in an active acquisition mode, having grown from a largely Long Island player during the past year into a significant East Coast presence with an emphasis on medical office product.",1.6,-,-,NASDAQ,-,1675.87万,-13.79万,房地产管理和开发Ⅲ,0.03%,43.89%,1.45
2384,凯悦酒店,H,US,164.26,http://www.hyatt.com,1.76%,-0.55/-,凯悦酒店集团(H)是世界知名的跨国酒店集团。集团总部设在美国芝加哥。集团旗下酒店品牌包括：君悦(Grand Hyatt)，凯悦(Hyatt Regency)，柏悦(Park Hyatt)，凯悦渡假村(Hyatt Resorts)及凯悦假日俱乐部（Hyatt Vacation Club）。君悦及柏悦全部属五星级酒店，以豪华驰名。,-0.12,-,-,NYSE,-,154.63亿,-5200.00万,酒店餐饮与休闲,1.63%,125.77%,4.64
2385,HCM IV Acquisition,HACQ,US,-,-,-,-/-,-,-,-,-,-,-,3.70亿,-5.97万,资本市场,-,-,-
2386,美国血液技术,HAE,US,59.93,-,2.80%,2.47/15.87,"For more than 30 years, Haemonetics has been a global leader in blood processing technology.",0.52,-,-,NYSE,-,27.85亿,1.17亿,医疗保健设备,1.07%,111.08%,3.06
2387,韩美金融,HAFC,US,30.13,-,2.15%,2.53/11.11,-,1.28,-,-,NASDAQ,-,8.96亿,2255.70万,商业银行,0.98%,90.11%,1.12
2388,Hafnia,HAFN,US,8.44,-,1.77%,0.68/12.42,-,-0.47,-,-,-,-,42.18亿,3.40亿,石油与天然气,0.71%,15.71%,1.81
2389,海恩时富,HAIN,US,0.924,-,11.80%,-1.51/-,"The Hain Celestial Group (Nasdaq: HAIN), headquartered in Melville, NY, is a leading natural and organic food and personal care products company in North America and Europe.",7.94,-,-,NASDAQ,-,8407.73万,-1.37亿,食品,1.66%,71.13%,0.255
2390,哈里伯顿,HAL,US,40.36,http://www.halliburton.com,3.24%,0.55/21.89,美国哈利伯顿公司（Halliburton Co NYSE：HAL)是全球最大的油田服务供应商。,1.79,-,-,NYSE,-,337.07亿,4.61亿,能源设备与服务,1.73%,88.39%,3.13
2391,奥洛兹美医疗,HALO,US,65.36,-,2.51%,2.64/24.44,"Halozyme Therapeutics is a biopharmaceutical company developing and commercializing products targeting the extracellular matrix for the endocrinology, oncology, dermatology and drug delivery markets. The company's product portfolio is primarily based on intellectual property covering the family of human enzymes known as hyaluronidases and additional enzymes that affect the extracellular matrix.",-1.85,-,-,NASDAQ,-,77.43亿,3.17亿,生物科技,1.19%,104.66%,158.6
2392,浩希健康,HAO,US,1.14,-,7.27%,-1.53/-,-,3.64,-,-,NYSE,-,6776.60万,-688.12万,媒体,0.01%,0.07%,4.25
2393,孩之宝,HAS,US,95.08,-,2.99%,-2.3/-,孩之宝是美国一家大型游戏公司，也是全球第二大玩具生产商，仅次于美泰公司（Mattel）。孩之宝1923年在美国罗德岛，由Henry与Helal Hassenfeld兄弟创建，名字源自Hassenfeld Brothers的缩写。公司起初只是做些铅笔盒之类的文具，后收购了Playskool公司。1935年，Hasbro公司靠Monopoly(大富翁)游戏发迹，逐渐成为世界级的玩具公司。目前公司旗下有变形金刚、特种部队、星球大战等多个知名品牌。,-1.55,-,-,NASDAQ,-,134.56亿,-3.22亿,休闲设备与用品,1.22%,92.35%,24.99
2394,Hannon Armstrong,HASI,US,41.75,-,2.27%,1.49/29.72,-,-0.31,-,-,NYSE,-,54.85亿,1.85亿,专业房地产投资信托,0.64%,98.05%,2.13
2395,Harvard Ave,HAVA,US,10.03,-,0.00%,0.09/284.7,-,-0.03,-,-,-,-,2.08亿,72.91万,资本市场,0.00%,29.36%,-
2396,Hayward Holdings,HAYW,US,15.36,-,2.12%,0.7/22.06,-,0.2,-,-,-,-,33.43亿,1.52亿,机械制造,1.15%,101.75%,2.1
2397,亨廷顿银行,HBAN,US,16.4,-,2.82%,0.26/16.07,-,-2.56,-,-,NASDAQ,-,332.45亿,4.82亿,商业银行,0.79%,88.98%,1.12
2398,Hamilton Beach,HBB,US,20.87,-,3.04%,1.95/10.71,-,0.63,-,-,-,-,2.83亿,2645.50万,耐用消费品,0.18%,39.60%,1.55
2399,Home合众银行,HBCP,US,61.96,-,1.94%,5.93/10.45,-,-0.9,-,-,NASDAQ,-,4.85亿,1136.00万,商业银行,1.26%,47.70%,1.09
2400,哈佛生物科学,HBIO,US,6.86,-,6.05%,-1.28/-,"Harvard Bioscience is a global developer, manufacturer and marketer of a broad range of specialized products, primarily apparatus and scientific instruments used to advance life science research and regenerative medicine at pharmaceutical and biotechnology companies, universities and government laboratories worldwide.",1.18,-,-,NASDAQ,-,3094.01万,-5670.00万,生命科学工具,0.40%,53.12%,2.25
2401,Hudbay Minerals,HBM,US,24.35,-,2.46%,1.44/17.01,-,1.37,-,-,NYSE,-,96.72亿,5.68亿,金属与采矿,1.05%,76.40%,2.99
2402,Hotel101 Global,HBNB,US,6.74,-,0.00%,-/-,-,3.22,-,-,-,-,15.78亿,-1249.53万,酒店餐饮与休闲,0.00%,0.18%,86.41
2403,哈里逊合众银行,HBNC,US,17.83,-,2.11%,-3.24/-,-,0.17,-,-,NASDAQ,-,9.10亿,2616.80万,商业银行,0.83%,78.55%,1.3
2404,HBT Financial,HBT,US,28.16,-,1.16%,2.44/13.31,-,0.25,-,-,-,-,10.25亿,7700.80万,商业银行,0.35%,20.33%,1.67
2405,HCA Healthcare,HCA,US,432.46,-,6.20%,28.7/14.25,-,-8.77,-,-,NYSE,-,966.85亿,67.84亿,医疗保健服务,2.19%,60.94%,-
2406,Hall Chadwick,HCAC,US,9.95,-,0.20%,0.08/445,-,-0.1,-,-,NASDAQ,-,2.91亿,65.29万,资本市场,0.05%,0.07%,1.45
2407,华谌科技,HCAI,US,8.38,-,5.99%,0.04/84.19,-,-6.16,-,-,-,-,974.17万,81.59万,机械制造,6.71%,0.38%,0.415
2408,Health Catalyst,HCAT,US,1.38,-,8.27%,-2.55/-,-,3.76,-,-,-,-,1.02亿,-1.78亿,专业服务,0.57%,75.29%,0.413
2409,Warrior Met Coal,HCC,US,86.66,-,3.48%,1.08/80.28,"HCC Insurance Holdings, Inc. is a leading international Specialty Insurance group with offices across the United States and in the United Kingdom, Spain and Ireland.",-2.21,-,-,NYSE,-,45.76亿,5699.80万,石油与天然气,1.62%,98.74%,2.14
2410,Happy City,HCHL,US,1.55,-,16.07%,-0.13/-,-,10.71,-,-,-,-,4614.66万,-242.94万,酒店餐饮与休闲,-,0.61%,20.95
2411,HCI集团,HCI,US,156.84,-,4.28%,24.58/6.81,-,2.16,-,-,NYSE,-,20.38亿,2.99亿,保险,1.71%,79.32%,1.96
2412,Hennessy Capital VII,HCIC,US,9.89,-,0.00%,0.0000/-,-,0.1,-,-,-,-,3.51亿,-4.45万,资本市场,0.00%,-,-
2413,哈克特服务,HCKT,US,12.98,-,6.03%,0.47/25.29,"The Hackett Group (NASDAQ: HCKT), a global strategic business advisory, operations consulting and finance strategy firm, is a leader in business best practices, business benchmarking, and transformation consulting services including strategy and operations, working capital management, and globalization advice.",2.93,-,-,NASDAQ,-,3.27亿,1294.30万,专业服务,1.34%,85.71%,4.81
2414,和黄医药,HCM,US,14,http://www.chi-med.com,2.80%,0.53/5.35,"Hutchison China MediTech Limited (""Chi-Med"") is a China-based globally-focused healthcare group which researches, develops, manufactures and sells pharmaceuticals and health-related consumer products.",0.94,S1/F1,+852-21281188,NASDAQ,-,24.43亿,4.57亿,制药,0.01%,2.98%,1.97
2415,HCM III,HCMA,US,10.15,-,0.10%,0.1/156.1,-,0.1,-,-,-,-,3.42亿,219.30万,资本市场,0.00%,89.36%,1.4
2416,医疗保健服务,HCSG,US,22.42,-,5.80%,0.82/22.77,-,3.99,-,-,NASDAQ,-,15.46亿,2606.00万,商业服务与用品,1.46%,102.21%,3.01
2417,Healthcare Triangle,HCTI,US,2.19,-,8.00%,-152.3/-,-,-2.67,-,-,-,-,430.90万,-947.60万,软件,8.61%,0.19%,1.69
2418,HCW Biologics,HCWB,US,0.376,-,8.56%,-10.63/-,-,-8.07,-,-,-,-,253.20万,-2229.87万,制药,8.87%,6.06%,0.915
2419,Healthy Choice,HCWC,US,0.268,-,5.17%,-0.24/-,-,-1.11,-,-,-,-,609.72万,-393.58万,医疗保健设备,-,2.34%,0.835
2420,家得宝,HD,US,335.89,http://www.homedepot.com,1.64%,14.26/23.63,家得宝（HD）创立于1978年，是全球最大的家具建材零售商。家得宝销售各类建筑材料、家居用品和草坪花园产品，而且提供各类相关服务。,-1.26,-,-,NYSE,-,3345.56亿,141.56亿,专营零售,0.33%,72.68%,26.11
2421,HDFC银行,HDB,US,25.65,-,0.98%,0.53/16.15,"HDFC Bank was incorporated in August 1994, and, currently has an nationwide network of 2000 Branches and 5,624 ATM's in 
996 Indian towns and cities.",0.55,-,-,NYSE,-,1308.53亿,81.03亿,商业银行,0.11%,13.22%,2.1
2422,海底捞,HDL,US,13.77,-,1.62%,0.06/24.58,-,-3.03,-,-,-,-,8.95亿,3642.90万,酒店餐饮与休闲,-,0.05%,2.3
2423,哈德森科技,HDSN,US,6.3,-,1.57%,0.38/16.05,"Hudson Technologies is a company based on superior engineering and chemistry know-how to solve problems related to refrigerants and their effect on chiller performance. Hudson focuses solely on the relationship of refrigerants, oil and contaminants to the operation of chiller and refrigerant systems, leaving machinery service and maintenance to mechanical contractors.",-0.79,-,-,NASDAQ,-,2.68亿,1666.70万,化学制品,0.42%,79.11%,1.1
2424,夏威夷电力,HE,US,15.26,-,3.22%,0.71/21.4,"Hawaiian Electric Industries, Inc. (HEI) supplies power to 95% of Hawaii's population through its electric utilities, Hawaiian Electric Company, Inc., Hawaii Electric Light Company, Inc. and Maui Electric Company, Limited, and provides a wide range of financial services to individuals and businesses through American Savings Bank, F.S.B., one of Hawaii’s largest financial institutions.",-0.78,-,-,NYSE,-,26.34亿,1.23亿,电力,0.83%,80.47%,1.68
2425,海科航空,HEI,US,264.04,-,2.55%,1.36/51.69,-,-1.75,-,-,NYSE,-,368.38亿,1.90亿,航空航天与国防,1.12%,72.59%,8.18
2426,海科航空 A,HEI.A,US,203.85,-,2.41%,1.36/39.91,-,-1.84,-,-,-,-,284.41亿,1.90亿,航空航天与国防,0.27%,48.25%,6.32
2427,海伦特洛伊家电,HELE,US,23.62,-,15.03%,-39.08/-,-,-0.84,-,-,NASDAQ,-,5.49亿,-8.99亿,个人用品,8.44%,98.78%,0.688
2428,Cybin,HELP,US,5.61,-,11.62%,-3.4/-,-,-2.43,-,-,-,-,2.81亿,-1.01亿,制药,4.89%,60.21%,1.02
2429,D-MARKET Electronic,HEPS,US,2.79,-,1.79%,-0.42/-,-,-0.36,-,-,-,-,8.97亿,-1.33亿,多元化零售,-,9.49%,19.11
2430,John Hancock,HEQ,US,11.61,-,1.76%,1.56/7.46,-,-0.34,-,-,NYSE,-,1.40亿,1883.34万,资本市场,0.33%,26.80%,0.955
2431,奇梦岛,HERE,US,3.69,-,6.86%,0.23/3.36,-,5.43,-,-,-,-,2.01亿,3806.57万,休闲设备与用品,0.24%,1.54%,1.64
2432,Herzfeld Credit,HERZ,US,16.66,-,3.61%,0.08/-,-,-2.94,-,-,-,-,2816.98万,128.38万,资本市场,0.60%,43.51%,0.676
2433,Hess Midstream,HESM,US,37.34,-,2.63%,2.87/21.98,-,-1.37,-,-,NYSE,-,77.55亿,3.53亿,石油与天然气,1.54%,91.67%,13.65
2434,Home Federal Bancorp,HFBL,US,19.49,-,1.52%,1.09/11.52,-,2.04,-,-,NASDAQ,-,5992.47万,327.40万,商业银行,0.01%,7.32%,1.04
2435,HF Foods,HFFG,US,1.97,-,4.82%,-0.73/-,-,0,-,-,-,-,1.04亿,-3884.30万,经销商,0.25%,21.64%,0.437
2436,Highland,HFRO,US,6.11,-,1.15%,-0.48/-,-,0.16,-,-,-,-,3.38亿,-2681.33万,资本市场,0.05%,53.95%,0.537
2437,Heritage金融银行,HFWA,US,26.47,-,5.67%,1.99/16.17,"Heritage Bank has been creating financial solutions for the needs of our neighbors since 1927. We are known as the ""quality bank"" because our staff works together as a team, focused on building lasting relationships to help customers reach their financial goals. We are dedicated to exceeding customers' expectations. Combine this with a devoted focus on giving back to the communities through contributions and staff volunteer efforts, and you have exactly what customers and communities deserve from their local bank.",-4.44,-,-,NASDAQ,-,10.92亿,1894.70万,商业银行,1.37%,72.15%,0.979
2438,Hamilton Insurance,HG,US,32.67,-,1.40%,5.75/5.63,-,-0.03,-,-,-,-,32.49亿,5.77亿,保险,0.52%,77.15%,1.15
2439,Heritage Global,HGBL,US,1.41,-,3.65%,0.1/13.65,-,2.92,-,-,-,-,4897.60万,358.70万,资本市场,0.19%,39.33%,0.731
2440,高地全球配置基金,HGLB,US,8.16,-,4.23%,2.9/2.82,-,-1.33,-,-,-,-,1.91亿,6774.66万,资本市场,0.56%,26.34%,0.608
2441,Hagerty,HGTY,US,10.7,-,1.32%,0.41/88.42,-,0.85,-,-,-,-,36.66亿,4146.30万,保险,0.09%,85.74%,11.9
2442,希尔顿分时度假俱乐部,HGV,US,46.13,-,1.98%,0.9/46.28,-,0.13,-,-,NYSE,-,37.48亿,8100.00万,酒店餐饮与休闲,0.98%,109.52%,2.91
2443,Howard Hughes,HHH,US,64.07,-,1.41%,2.22/28.97,-,0,-,-,-,-,38.21亿,1.32亿,住宅房地产投资信托,0.74%,87.05%,1.32
2444,哈特-汉克斯,HHS,US,2.76,-,0.00%,-0.11/-,-,1.47,-,-,NYSE,-,2046.48万,-81.10万,媒体,0.01%,30.03%,1.03
2445,欣厄姆银行,HIFS,US,284.8,-,3.15%,15.51/13.75,-,0.02,-,-,NASDAQ,-,6.21亿,3383.30万,商业银行,2.11%,69.33%,1.35
2446,哈特福德保险,HIG,US,134.45,-,3.27%,3.08/9.12,哈特福德金融集团(HIG)是美国最大的保险和金融服务公司之一。集团在汽车和家庭保险、商家财产、伤亡保险、再保险及各种各样的人寿保险、投资产品、职工利益、养老退休计划和慈善机构的债务资金业务始终处于领先地位。,-3.7,-,-,NYSE,-,368.57亿,8.51亿,保险,0.93%,93.55%,1.99
2447,骇维金属加工,HIHO,US,0.831,-,3.65%,-0.09/-,-,0.97,-,-,NASDAQ,-,382.41万,-42.70万,机械制造,0.60%,4.08%,0.651
2448,亨廷顿英戈尔斯工业,HII,US,359.29,-,4.33%,15.39/23.38,-,-2.93,-,-,NYSE,-,141.48亿,6.05亿,航空航天与国防,1.43%,93.45%,2.79
2449,Hims & Hers Health,HIMS,US,30.56,-,8.63%,0.57/54.27,-,8.56,-,-,-,-,69.66亿,1.28亿,医疗保健服务,21.08%,83.71%,12.88
2450,奇景光电,HIMX,US,12.09,http://www.himax.com.tw,9.97%,0.13/48,奇景光电（Himax Technologies Inc）是一家专精各种 TFT-LCD 相关应用的平面显示器之积体电路的研发、设计、制造管理与销售的半导体厂商。,10.61,-,-,NASDAQ,-,21.09亿,4393.70万,半导体产品与设备,2.42%,9.67%,2.36
2451,Vyome,HIND,US,2.21,-,4.96%,-4.86/-,-,-2.21,-,-,-,-,1551.09万,-1026.20万,制药,1.11%,1.34%,6.35
2452,Western Asset High I,HIO,US,3.67,-,0.82%,0.28/13.34,-,0.82,-,-,NYSE,-,3.49亿,2616.22万,资本市场,0.27%,31.89%,0.9
2453,Hippo Holdings,HIPO,US,28.72,-,2.60%,2.28/12.96,-,0.84,-,-,-,-,7.48亿,5770.00万,保险,0.28%,49.09%,1.71
2454,Health In Tech,HIT,US,1.51,-,6.62%,0.02/70.8,-,0,-,-,-,-,9053.70万,127.88万,保险,1.30%,6.09%,5.3
2455,High Tide,HITI,US,2.47,-,5.42%,0.01/-,-,2.92,-,-,-,-,2.17亿,88.88万,专营零售,0.71%,12.73%,3.33
2456,HIVE Digital,HIVE,US,2.52,-,8.66%,-0.33/-,-,-0.79,-,-,NYSE,-,6.38亿,-7210.80万,软件,6.42%,32.11%,1.14
2457,海伍兹物业,HIW,US,23.89,-,1.86%,1.45/16.75,-,0.97,-,-,NYSE,-,26.34亿,1.57亿,写字楼房地产投资信托,0.82%,104.90%,1.12
2458,Western Asset High,HIX,US,3.96,-,1.27%,0.4/9.14,-,0.51,-,-,NYSE,-,3.57亿,3635.62万,资本市场,0.52%,19.28%,0.906
2459,尚乘数科,HKD,US,1.75,-,9.47%,0.44/10.05,-,3.55,-,-,-,-,5.50亿,5470.50万,软件,0.11%,0.65%,2.07
2460,海天网络,HKIT,US,0.99,-,20.50%,-0.03/-,-,-1,-,-,-,-,867.38万,-91.61万,信息技术服务,23.71%,0.29%,0.251
2461,生研生物,HKPD,US,0.644,-,12.52%,0.01/-,-,3.37,-,-,-,-,1513.40万,15.37万,医疗保健服务,-,0.78%,2.94
2462,赫克拉矿业,HL,US,18.8,-,4.10%,0.49/39.25,-,2.01,-,-,NYSE,-,126.07亿,3.21亿,金属与采矿,1.47%,69.68%,4.86
2463,康宝莱,HLF,US,16.58,http://www.Herbalife.com,2.94%,2.22/7.51,Herbalife Ltd.康宝莱，一个主要销售减肥瘦身产品、营养保健品、能量饮料、体育健身产品和个人皮肤护理品的著名直销企业，另外还销售一些宣传音像制品，其中以健康瘦身类保健品起家并为人们所熟知。公司于1980年在开曼群岛注册成立，总部在美国洛杉矶，在多数国家实行“直销”模式。据2012年7月统计，康宝莱业务遍及全球84个国家和地区，拥有270 万的直销员网络。公司的主要收入来源于六个地区：北美，墨西哥，中南美州，欧洲、中东、非洲，亚太地区和中国。,2.47,-,-,NYSE,-,17.15亿,2.28亿,医疗保健服务,0.97%,100.48%,-
2464,华利安,HLI,US,158,-,1.57%,4.89/24.62,-,-0.17,-,-,NYSE,-,110.26亿,3.26亿,资本市场,0.51%,103.69%,4.81
2465,Helios Technologies,HLIO,US,68.16,-,2.77%,1.46/46.62,-,-0.23,-,-,-,-,22.57亿,4840.00万,机械制造,1.15%,97.85%,2.42
2466,谐波,HLIT,US,10.56,-,2.51%,-0.38/-,-,1.25,-,-,-,-,11.64亿,-4331.00万,通信设备,0.65%,89.80%,3.04
2467,Holley,HLLY,US,3.41,-,2.97%,0.16/21.51,-,1.19,-,-,-,-,4.12亿,1917.50万,汽车零配件,0.50%,59.09%,0.919
2468,Hillman Solutions,HLMN,US,8.81,-,2.41%,0.2/42.89,-,-1.34,-,-,-,-,17.29亿,4030.50万,耐用消费品,1.00%,107.28%,1.41
2469,Haleon,HLN,US,9.58,-,0.89%,0.25/19.02,-,0.52,-,-,-,-,426.25亿,22.42亿,医疗保健服务,0.13%,6.39%,1.93
2470,Hamilton Lane,HLNE,US,94.84,-,9.63%,4.4/22.65,-,-8.07,-,-,NASDAQ,-,52.90亿,1.83亿,资本市场,6.22%,95.34%,6.03
2471,宏力型钢,HLP,US,0.9,-,3.78%,0.01/65.39,-,0,-,-,-,-,6609.49万,99.00万,机械制造,0.04%,0.26%,1.19
2472,希尔顿酒店,HLT,US,335.63,http://www.hilton.com/,1.71%,6.18/52.7,Hilton Worldwide Holdings Inc.是全球最大的，发展最快的酒店公司之一，在全球有4115家酒店，度假村和分时度假物业，包括在91个国家和地区的678630个房间。在其成立以来的近100年内，该公司定义了酒店业，并建立了10个世界级品牌组合。该公司的全方位服务旗舰品牌，希尔顿酒店及度假村，是世界上最知名的酒店品牌。该公司的优质品牌产品组合还包括其豪华酒店品牌，华尔道夫酒店及度假村和康莱德酒店及度假村；其全套服务酒店品牌，希尔顿逸林酒店和希尔顿尊盛酒店；其重点服务酒店品牌，希尔顿花园客栈，汉普顿酒店，希尔顿欣庭酒店和Home2 Suites by Hilton酒店；及其分时品牌，希尔顿度假。超过314000个团队成员自豪地服务于该公司世界各地的物业和办公室，并拥有大约40万成员在该公司的殊荣客户忠诚度计划，希尔顿荣誉客会。该公司通过三个分部经营其业务：（1）管理和特许经营；（2）所有权；（3）分时。这些互补的业务分部使公司能够充分利用其强大的品牌，全球市场的占有率和显著的经营规模。通过其管理和特许经营业务分部（其中包括3918家酒店的610413间客房），该公司管理着由第三方拥有的酒店，度假村和分时度假酒店。该公司有权将其品牌授权给加盟商。希尔顿全球控股有限公司于2010年3月18日在美国特拉华州注册成立。,0.4,S1/F1,-,NYSE,-,767.91亿,14.57亿,酒店餐饮与休闲,0.67%,99.13%,-
2473,螺旋能源,HLX,US,9.89,-,4.38%,0.21/101.5,-,1.96,-,-,NYSE,-,14.57亿,-1340.60万,能源设备与服务,3.12%,86.88%,0.936
2474,Helix Acquisition II,HLXC,US,-,-,-,-0.01/-,-,-,-,-,-,-,2.27亿,-5.15万,资本市场,0.00%,-,-
2475,本田,HMC,US,24.34,-,0.90%,0.74/9.98,本田技研工业株式会社成立于1948年。公司总部在日本东京，注册资金为860亿日元，目前全球雇员总数达18万人以上。Honda在全球29个国家和地区拥有130个以上的生产基地，产品包括摩托车、汽车和通用产品等，是全球最大的摩托车厂家，汽车的产量和规模也排名世界十大厂家之列。,-0.57,-,-,NYSE,-,315.82亿,29.68亿,汽车,0.11%,3.60%,0.397
2476,HMH Holding,HMH,US,20.13,-,3.22%,-/19.09,-,-0.4,-,-,-,-,8.68亿,4545.40万,能源设备与服务,-,-,1.24
2477,霍勒斯曼恩,HMN,US,45.54,-,1.69%,3.93/11.34,-,-1.56,-,-,NYSE,-,18.39亿,1.62亿,保险,0.36%,102.06%,1.24
2478,Heidmar Maritime,HMR,US,0.82,-,3.46%,-0.39/-,-,1.23,-,-,-,-,4788.49万,-2256.11万,海运,0.35%,0.22%,4.48
2479,哈莫尼黄金,HMY,US,16.77,-,3.50%,0.94/10.65,-,3.01,-,-,NYSE,-,104.78亿,5.89亿,金属与采矿,0.60%,18.76%,3.34
2480,Hinge Health,HNGE,US,44.29,-,3.12%,-7.77/-,-,2.43,-,-,-,-,34.27亿,-4.24亿,医疗保健技术,1.78%,91.64%,9.05
2481,HNI,HNI,US,37.7,-,2.39%,1.13/50.08,-,1.32,-,-,NYSE,-,27.14亿,5420.00万,商业服务与用品,0.48%,81.33%,1.48
2482,Hennessy Advisors,HNNA,US,9.865,-,1.71%,0.24/8.6,-,-0.65,-,-,NASDAQ,-,7785.63万,193.00万,资本市场,0.02%,13.99%,0.787
2483,Hallador Energy,HNRG,US,15.97,-,2.73%,0.98/17.98,-,0.19,-,-,NASDAQ,-,7.53亿,4187.10万,石油与天然气,2.32%,68.13%,4.71
2484,The Honest,HNST,US,3.57,-,5.38%,-0.14/-,-,3.78,-,-,-,-,4.01亿,-1568.60万,专营零售,2.44%,43.48%,2.36
2485,Hanover Bancorp,HNVR,US,22.36,-,0.22%,1.01/21.37,-,-0.04,-,-,-,-,1.60亿,748.80万,商业银行,0.07%,28.25%,0.82
2486,胡克家具,HOFT,US,12.68,-,11.79%,-2.54/-,-,1.04,-,-,NASDAQ,-,1.37亿,-2696.70万,耐用消费品,0.71%,71.88%,0.808
2487,哈雷戴维森,HOG,US,23.11,http://www.harley-davidson.com,1.88%,2.82/7.44,哈雷戴维森（Harley-Davidson Inc）是知名的摩托车制造商。,-1.15,-,-,NYSE,-,25.21亿,3.39亿,汽车,3.74%,98.54%,0.803
2488,盟云全息,HOLO,US,1.92,-,7.53%,-0.57/-,-,-1.03,-,-,-,-,4399.17万,-753.80万,信息技术服务,5.26%,1.47%,0.114
2489,Home Bancshares,HOMB,US,26.46,-,1.55%,2.41/10.86,-,-1.34,-,-,NASDAQ,-,51.97亿,1.18亿,商业银行,1.16%,71.50%,1.19
2490,霍尼韦尔,HON,US,213.17,http://www.honeywell.com,2.28%,1.29/29.94,霍尼韦尔（HON）是一家年收入超过200亿美元，在多元化技和制造业方面占世界领导地位的跨国公司，连续50年位列《财富》500强排行榜。在全球，其业务涉及航空产品及服务；住宅及楼宇控制和工业控制技术；自动化产品；特种化学、纤维、塑料、电子和先进材料、以及交通和动力系统及产品等领域。,-0.55,-,-,NYSE,-,1350.76亿,8.21亿,工业集团企业,0.73%,77.75%,9.94
2491,Robinhood Markets,HOOD,US,84.71,-,2.68%,2.12/40.53,-,1.4,-,-,-,-,763.10亿,18.83亿,资本市场,2.74%,72.30%,8.35
2492,Hope Bancorp,HOPE,US,12.43,-,2.07%,0.49/25.82,-,-1.04,-,-,NASDAQ,-,15.90亿,6158.80万,商业银行,0.75%,89.97%,0.697
2493,Hoth Therapeutics,HOTH,US,0.81,-,6.52%,-0.9/-,-,1.5,-,-,-,-,1549.34万,-1246.93万,制药,2.61%,5.20%,2.52
2494,Hour Loop,HOUR,US,2.06,-,6.50%,0.05/42.51,-,3,-,-,-,-,7247.88万,170.48万,多元化零售,0.62%,0.32%,10.35
2495,霍夫纳尼安,HOV,US,117.13,-,4.12%,2.8/15.17,-,-2.29,-,-,NYSE,-,6.96亿,1819.00万,耐用消费品,2.36%,64.02%,0.993
2496,New Horizon Aircraft,HOVR,US,1.91,-,7.87%,-0.47/-,-,7.3,-,-,-,-,8645.30万,-1940.43万,航空航天与国防,2.22%,2.79%,15.04
2497,Werewolf,HOWL,US,0.813,-,10.00%,-1.32/-,-,-5.47,-,-,-,-,3950.92万,-6082.20万,制药,0.43%,38.99%,1.59
2498,赫尔默里奇和佩恩材料,HP,US,38.36,-,2.77%,-0.98/-,-,2.08,-,-,NYSE,-,38.30亿,-9670.60万,能源设备与服务,1.38%,98.67%,1.47
2499,Helport AI,HPAI,US,1.6,-,6.49%,0.05/32.41,-,3.9,-,-,-,-,6023.51万,185.86万,软件,0.03%,0.51%,3.45
2500,慧与,HPE,US,28.16,http://www.hpe.com,3.19%,0.32/-,慧与公司于2015年2月25日在美国特拉华州注册成立，具有惠普公司的技术设施，软件，服务和融业务等基础。惠普企业是供应的尖端处理技术处于全球领先地位，其公司帮助客户优化自身的传统IT，同时帮助他们建立特有的符合客户需求、安全的可移动云端系统。,0.82,-,-,NYSE,-,373.64亿,4.23亿,电脑与外围设备,0.84%,91.47%,1.51
2501,John Hancock Preferr,HPF,US,15.85,-,1.01%,0.82/12.22,-,0.13,-,-,NYSE,-,3.43亿,1774.89万,资本市场,0.07%,11.35%,0.993
2502,John Hancock Preferr,HPI,US,16.11,-,0.87%,0.81/12.49,-,0.19,-,-,NYSE,-,4.31亿,2177.46万,资本市场,0.15%,13.47%,1
2503,HighPeak Energy,HPK,US,6.23,-,4.09%,0.13/41.51,-,-0.16,-,-,-,-,7.87亿,1896.30万,石油与天然气,2.37%,20.69%,0.494
2504,Hudson Pacific,HPP,US,8.48,-,5.19%,-12.81/-,"It is a full-service, vertically integrated real estate company focused on owning, operating and acquiring high-quality office properties in select growth markets primarily in Northern and Southern California. Our investment strategy is focused on high barrier-to-entry, in-fill locations with favorable, long-term supply-demand characteristics. These markets include Los Angeles, Orange County, San Diego, San Francisco, Silicon Valley and the East Bay.",2.29,-,-,NYSE,-,4.60亿,-5.72亿,写字楼房地产投资信托,1.67%,113.45%,0.181
2505,惠普,HPQ,US,19.79,-,4.79%,0.59/7.21,惠普（HPQ）是全球性的资讯科技公司，总部在美国，竞争对手有IBM和Dell。主要业务是生产打印机、数码影像、软件、计算机与资讯服务等。2002年收购了美国著名的电脑公司康柏电脑。中国惠普有限公司总部位于北京，在上海等九座城市都设有分公司。,-1.74,-,-,NYSE,-,180.99亿,5.45亿,电脑与外围设备,1.89%,87.93%,-
2506,John Hancock Preferr,HPS,US,14.62,-,1.13%,0.74/12.45,-,0.14,-,-,NYSE,-,4.70亿,2372.08万,资本市场,0.11%,13.12%,1.02
2507,Horizon Quantum,HQ,US,11.37,-,8.00%,-83872/-,-,-1.13,-,-,-,-,5.86亿,-8.39万,软件,0.25%,0.09%,-
2508,Abrdn Healthcare Inv,HQH,US,19.27,-,2.06%,1.83/11.18,-,-0.77,-,-,NYSE,-,11.02亿,9861.33万,资本市场,0.17%,22.98%,1.01
2509,HireQuest,HQI,US,11.06,-,6.68%,0.45/24.46,-,5.53,-,-,-,-,1.55亿,633.00万,专业服务,0.24%,11.63%,2.27
2510,Abrdn Life Sciences,HQL,US,17.27,-,1.61%,2.89/6.14,-,-0.8,-,-,NYSE,-,5.25亿,8559.43万,资本市场,0.16%,29.43%,1.02
2511,Healthequity,HQY,US,82.45,http://www.healthequity.com,6.91%,2.5/32.37,"HealthEquity is a leader and an innovator in the high-growth category of technology-enabled services platforms that empower consumers to make healthcare saving and spending decisions. Our platform provides an ecosystem where consumers can access their tax-advantaged healthcare savings, compare treatment options and pricing, evaluate and pay healthcare bills, receive personalized benefit and clinical information, earn wellness incentives, and make educated investment choices to grow their tax-advantaged healthcare savings.",6.05,S1/F1,-,NASDAQ,-,69.65亿,2.15亿,医疗保健服务,0.97%,107.89%,3.31
2512,医疗保健房地产信托,HR,US,18.71,-,1.78%,-0.71/-,-,0.65,-,-,NYSE,-,64.84亿,-2.46亿,医疗保健房地产投资信托,1.07%,110.26%,1.4
2513,HR布洛克服务,HRB,US,30.26,-,5.19%,-3.17/6.25,-,-2.42,-,-,NYSE,-,38.36亿,-4.08亿,综合消费者服务,2.17%,92.58%,-
2514,Herc Holdings,HRI,US,122.45,-,4.92%,0.03/4086,-,0.82,-,-,NYSE,-,40.86亿,100.00万,贸易与经销,2.30%,106.25%,2.1
2515,荷美尔食品,HRL,US,21.55,-,2.62%,0.33/24.23,-,-0.97,-,-,NYSE,-,118.59亿,1.82亿,食品,1.52%,44.60%,1.49
2516,Harmony,HRMY,US,30.8,-,4.22%,2.76/11.23,-,-3.99,-,-,-,-,17.82亿,1.59亿,制药,1.85%,88.02%,2.05
2517,Harrow,HROW,US,39.7,-,5.21%,-0.14/-,-,2.45,-,-,-,-,14.78亿,-513.90万,制药,1.61%,60.34%,28.18
2518,Heritage Insurance,HRTG,US,29.27,http://www.heritagepci.com,7.62%,6.33/4.6,"Heritage Insurance Holdings is a property and casualty insurance holding company headquartered in Clearwater, Florida and, through our insurance subsidiary, Heritage P&C, we provide personal residential insurance for single-family homeowners and condominium owners in Florida. We began operations in August 2012 and wrote our first policy in November 2012. In December 2012, we began selectively assuming policies from Citizens through participation in a legislatively established depopulation program, which is designed to reduce the state’s risk exposure by encouraging private insurance companies to assume Citizens’ policies. Once Citizens informs us which policies we may assume, we notify each policyholder of our offer to assume their policy, the amount of their estimated premium upon renewal and their right to elect not to participate in, or “opt-out” of, the assumption transaction. Citizens transfers to us the unearned premiums as of the effective date of the assumption transaction for the policies that have not opted out of such transaction. A policyholder may also opt-out during the 30-day period following the effective date of the assumption transaction. If a policyholder opts-out during such period, we return the applicable unearned premiums to Citizens. See “Business—Citizens Assumption Transactions.”",4.65,S1/F1,-,NYSE,-,8.99亿,1.96亿,保险,1.87%,61.73%,1.78
2519,Heron Therapeutics,HRTX,US,1.19,-,25.00%,-0.12/-,-,19,-,-,NASDAQ,-,2.24亿,-2019.50万,制药,3.28%,83.21%,17
2520,Horizon Technology,HRZN,US,3.88,-,4.09%,-0.06/-,-,-3.72,-,-,NASDAQ,-,2.65亿,-266.10万,资本市场,2.89%,13.81%,0.83
2521,禾赛,HSAI,US,22.34,-,5.56%,0.45/56.32,-,6.38,-,-,-,-,35.11亿,6233.00万,电子设备与仪器,1.38%,35.03%,2.74
2522,汇丰控股,HSBC,US,89.69,-,0.87%,1.21/14.61,-,0.06,-,-,NYSE,-,3082.38亿,211.02亿,商业银行,0.03%,2.43%,1.55
2523,HeartSciences,HSCS,US,2.05,-,2.45%,-2.61/-,-,0.49,-,-,-,-,652.86万,-639.10万,医疗保健设备,0.35%,6.59%,2.46
2524,Solana,HSDT,US,2.16,-,6.36%,-1.85/-,-,4.85,-,-,-,-,1.19亿,-4089.00万,软件,0.73%,21.89%,0.394
2525,Himalaya Shipping,HSHP,US,13.47,-,2.22%,0.38/35.58,-,0.75,-,-,-,-,6.30亿,1770.00万,海运,0.57%,23.09%,3.89
2526,亨利香恩服务,HSIC,US,77.54,-,2.35%,3.29/22.36,-,-0.87,-,-,NASDAQ,-,88.98亿,3.98亿,医疗保健服务,0.87%,107.06%,2.15
2527,Highlander Silver,HSLV,US,6.33,-,2.87%,-/-,-,-1.71,-,-,-,-,12.87亿,-939.83万,金属与采矿,0.10%,0.21%,16.11
2528,Horizon Space II,HSPT,US,8.7,-,6.60%,0.2/28.19,-,6.1,-,-,-,-,5098.80万,180.90万,资本市场,0.15%,112.28%,0.712
2529,美国豪斯特酒店,HST,US,20.9,-,1.80%,1.11/18.74,-,-0.81,-,-,NYSE,-,143.33亿,7.65亿,酒店和度假村房地产投资信托,0.67%,106.16%,2.19
2530,健康流科技,HSTM,US,21.31,-,3.01%,0.61/34.05,-,1.96,-,-,NASDAQ,-,6.24亿,1834.20万,医疗保健技术,0.86%,72.57%,1.76
2531,好时,HSY,US,191.48,http://www.thehersheycompany.com,1.56%,4.46/43.94,美国好时公司1927年10月24日于特拉华州注册成立，总部设在宾夕法尼亚州的赫尔希，业务遍及全球，是北美最大的优质巧克力生产商，同时也是全球巧克力和糖果生产领导者。公司的主要产品包括巧克力和糖果产品，烘焙原料，配料和饮料等。公司旗下有超过80个品牌。它的经营分部包括美国，美洲，亚洲，欧洲，中东和非洲。,-0.32,-,-,NYSE,-,388.11亿,8.83亿,食品,1.10%,123.22%,8.37
2532,Hometrust Bancshares,HTB,US,44.63,-,4.19%,3.75/11.26,-,-3.57,-,-,-,-,7.50亿,1677.20万,商业银行,0.33%,61.57%,0.171
2533,High-Trend,HTCO,US,11.25,-,12.48%,-4.18/-,-,11.39,-,-,-,-,8308.49万,-2146.28万,海运,29.76%,0.01%,10.54
2534,HeartCore,HTCR,US,3.28,-,9.24%,0.25/0.72,-,3.8,-,-,-,-,417.15万,579.39万,软件,6.50%,2.51%,0.516
2535,John Hancock Tax-Adv,HTD,US,24.93,-,1.17%,2.97/8.38,-,-0.12,-,-,NYSE,-,8.83亿,1.05亿,资本市场,0.17%,17.17%,0.96
2536,Heartflow,HTFL,US,30.44,-,5.07%,-3.17/-,-,-2.56,-,-,-,-,26.10亿,-1.17亿,医疗保健技术,1.19%,61.17%,8.68
2537,海格投资,HTGC,US,15.51,-,1.95%,1.9/8.54,-,1.04,-,-,NYSE,-,29.02亿,3.40亿,资本市场,1.17%,27.50%,1.31
2538,希尔托普控股,HTH,US,36.65,-,2.61%,2.64/13.3,-,-3.45,-,-,NYSE,-,21.45亿,3783.60万,商业银行,1.46%,56.33%,1
2539,华住,HTHT,US,51.77,http://www.huazhu.com,2.80%,0.24/21.94,华住酒店集团，是国内第一家多品牌的连锁酒店管理集团。自2005年创立以来，华住在短短数年间已经完成全国主要城市的战略布局，并重点在长三角、环渤海湾、珠三角和中西部发达城市形成了密布的酒店网络。,-0.61,S1/F1,86-21-60760606,NASDAQ,中国上海市长宁区虹桥路2266号,159.40亿,7.26亿,酒店餐饮与休闲,0.45%,4.54%,8.71
2540,哈特兰快递,HTLD,US,13.03,-,7.99%,-0.67/-,-,8.4,-,-,NASDAQ,-,10.09亿,-5245.30万,公路与铁路,2.01%,47.18%,1.34
2541,HomesToLife,HTLM,US,1.88,-,0.00%,0.18/10.19,-,-4.08,-,-,-,-,1.69亿,1655.42万,专营零售,0.01%,0.00%,7.64
2542,H2O,HTO,US,59.72,-,3.43%,2.93/24.36,-,-2.59,-,-,-,-,24.99亿,1.03亿,水务,3.82%,71.98%,1.62
2543,Fusion Fuel Green,HTOO,US,3.43,-,12.35%,-0.12/-,-,0.88,-,-,-,-,1035.12万,-276.48万,电气设备,2.07%,0.14%,0.852
2544,High Templar,HTT,US,2.42,-,2.08%,0.63/3.71,-,0.83,-,-,-,-,3.76亿,1.01亿,综合金融服务,0.02%,15.58%,0.226
2545,赫兹,HTZ,US,5.71,http://www.hertz.com,5.85%,-2.41/-,"赫兹（Hertz）公司1918年就已经开始开展租车业务，1965年又拓展了设备租赁业务；现已发展成美国市值最大的上市汽车租赁公司。

2005年以前，赫兹一直隶属于福特汽车公司，2005年以后独立上市后被凯雷集团为首的私募银团收购，并在2006年二次上市。",-3.22,-,-,NYSE,-,17.99亿,-7.47亿,公路与铁路,3.69%,114.59%,-
2546,哈勃集团,HUBB,US,553.07,-,2.58%,16.63/33.06,-,-0.86,-,-,NYSE,-,293.26亿,8.87亿,电气设备,0.85%,97.37%,7.62
2547,Hub Cyber Security,HUBC,US,1.79,-,23.56%,-15/-,-,2.87,-,-,-,-,229.49万,-4178.00万,通信设备,1.36%,0.05%,-
2548,枢纽,HUBG,US,42.9,-,2.76%,1.34/24.99,-,-1.38,-,-,NASDAQ,-,26.23亿,8064.80万,公路与铁路,0.85%,101.07%,1.54
2549,Hubspot,HUBS,US,223.32,http://www.hubspot.com,3.91%,0.88/256.5,"HubSpot provides a cloud-based marketing and sales software platform that enables businesses to deliver an inbound experience. An inbound marketing and sales experience attracts, engages and delights customers by being more relevant, more helpful, more personalized and less interruptive than traditional marketing and sales tactics. Our software platform features integrated applications to help businesses attract visitors to their websites, convert visitors into leads, close leads into customers and delight customers, so that they become promoters of those businesses. These integrated applications include social media, search engine optimization, blogging, website content management, marketing automation, email, CRM, analytics and reporting.",4.02,S1/F1,-,NYSE,-,117.78亿,4591.10万,软件,1.72%,89.63%,5.7
2550,华迪国际,HUDI,US,1.18,-,7.59%,-0.1/-,-,-0.42,-,-,-,-,1687.30万,-139.59万,金属与采矿,0.11%,0.83%,0.223
2551,虎虎科技,HUHU,US,9.66,-,3.47%,-0.38/-,-,-1.53,-,-,-,-,2.51亿,-873.12万,软件,0.14%,0.21%,36.18
2552,慧择,HUIZ,US,1.67,-,8.98%,0.0000/29.16,-,0,-,-,-,-,1684.79万,57.77万,保险,0.04%,0.01%,0.286
2553,哈门那,HUM,US,215.23,-,1.73%,9.87/21.75,-,0.13,-,-,NYSE,-,258.39亿,11.88亿,医疗保健服务,0.84%,100.87%,1.46
2554,Humacyte,HUMA,US,0.7,-,4.52%,-0.26/-,-,-1.13,-,-,-,-,1.55亿,-4083.30万,生物科技,1.19%,24.99%,50
2555,亨斯迈,HUN,US,13.62,-,3.62%,-1.65/-,-,0.52,-,-,NYSE,-,23.70亿,-2.84亿,化学制品,1.97%,92.03%,0.862
2556,TuHURA Biosciences,HURA,US,2.35,-,7.64%,-0.63/-,-,2.62,-,-,-,-,1.49亿,-3006.03万,制药,1.97%,10.06%,7.23
2557,赫克,HURC,US,16.45,-,1.84%,-0.54/-,-,0.98,-,-,-,-,1.06亿,-346.80万,机械制造,0.05%,71.23%,0.533
2558,休伦咨询,HURN,US,126.51,-,5.93%,6.02/19.96,-,3.84,-,-,NASDAQ,-,20.97亿,1.05亿,专业服务,1.32%,106.90%,3.97
2559,Hut 8,HUT,US,76.87,-,6.69%,-2.14/-,-,-2.41,-,-,-,-,85.24亿,-2.26亿,软件,5.30%,70.33%,5.99
2560,虎牙,HUYA,US,3.09,-,1.61%,-0.07/-,-,-0.32,-,-,-,-,6.91亿,-1610.03万,娱乐,0.32%,34.71%,0.982
2561,Hennessy Capital,HVII,US,10.41,-,0.10%,0.14/73.47,-,0.14,-,-,-,-,2.71亿,368.74万,资本市场,0.14%,90.86%,1.44
2562,Highview Merger,HVMC,US,10.11,-,0.10%,0.17/94.42,-,0,-,-,-,-,2.97亿,314.89万,资本市场,0.01%,84.79%,-
2563,哈弗蒂家具,HVT,US,22.71,-,1.29%,1.22/18.63,-,-0.31,-,-,NYSE,-,3.68亿,1973.00万,专营零售,0.28%,82.17%,1.19
2564,哈弗蒂家具 A,HVT.A,US,-,-,-,1.22/19.61,-,-,-,-,-,-,3.87亿,1973.00万,专营零售,0.01%,-,1.26
2565,Hawthorn Bancshares,HWBK,US,34.45,-,1.74%,3.44/9.97,-,-1.15,-,-,-,-,2.37亿,2380.10万,商业银行,0.07%,30.20%,1.36
2566,汉考克惠特尼,HWC,US,66.83,-,3.64%,5.7/13.1,-,-2.61,-,-,-,-,54.23亿,4742.20万,商业银行,0.91%,95.38%,1.22
2567,HWH International,HWH,US,1.07,-,4.72%,-0.4/-,-,0.94,-,-,-,-,799.97万,-263.06万,食品与日用品零售,0.26%,1.93%,3.06
2568,霍金斯材料,HWKN,US,170.7,-,4.50%,3.19/43.29,-,1.9,-,-,NASDAQ,-,35.68亿,6608.50万,化学制品,0.86%,77.41%,6.88
2569,Howmet Aerospace,HWM,US,242.44,-,2.25%,3.73/64.51,-,-1.51,-,-,-,-,971.49亿,15.06亿,航空航天与国防,0.37%,92.74%,18.15
2570,昊鑫控股,HXHX,US,0.612,-,4.15%,0.14/2.26,-,-2.24,-,-,-,-,841.50万,177.24万,公路与铁路,3.19%,0.96%,0.337
2571,赫氏,HXL,US,89.39,-,3.50%,0.49/57.28,-,-2.11,-,-,-,-,67.42亿,3720.00万,航空航天与国防,2.15%,115.05%,5.32
2572,海斯特-耶鲁,HY,US,40.24,-,2.85%,-3.4/-,-,1.33,-,-,NYSE,-,7.20亿,-6010.00万,机械制造,0.78%,58.01%,1.53
2573,Hydrofarm,HYFM,US,1.04,-,8.48%,-62.35/-,-,5.05,-,-,-,-,495.52万,-2.90亿,多元化零售,0.27%,8.59%,-
2574,MindWalk,HYFT,US,1.22,-,5.00%,-0.16/-,-,1.67,-,-,-,-,5698.85万,-743.82万,制药,0.39%,9.64%,5.19
2575,Western Asset High Y,HYI,US,10.79,-,0.93%,0.84/9.82,-,0,-,-,NYSE,-,1.38亿,1069.70万,资本市场,0.40%,14.78%,0.906
2576,Hyliion Holdings,HYLN,US,1.92,-,3.44%,-0.33/-,-,1.59,-,-,-,-,3.42亿,-5718.80万,电子设备与仪器,0.58%,24.60%,1.78
2577,Hycroft Mining,HYMC,US,38.04,-,6.21%,-0.94/-,-,0.48,-,-,-,-,34.63亿,-4066.40万,金属与采矿,2.87%,25.86%,16.21
2578,Hoyne Bancorp,HYNE,US,15.71,-,2.39%,0.03/546.7,-,-1.32,-,-,-,-,1.27亿,23.27万,商业银行,0.29%,13.01%,0.788
2579,Hyperion DeFi,HYPD,US,4.17,-,8.65%,-9.4/-,-,6.11,-,-,-,-,4750.32万,-4699.92万,软件,3.31%,12.43%,1.16
2580,Hyperfine,HYPR,US,1.29,-,3.91%,-0.43/-,-,0.78,-,-,-,-,1.27亿,-3557.40万,医疗保健设备,0.28%,17.65%,3.1
2581,Blackrock Corporate,HYT,US,8.61,-,0.35%,0.9/9.62,-,0.23,-,-,NYSE,-,14.04亿,1.46亿,资本市场,0.34%,19.28%,0.892
2582,海上麦斯服务,HZO,US,29.72,-,5.87%,-0.48/-,-,0.34,-,-,NYSE,-,6.55亿,-1052.40万,专营零售,1.62%,92.03%,0.702
2583,IAC,IAC,US,44.48,-,2.84%,-1.3/-,-,1.21,-,-,-,-,33.31亿,-1.04亿,互动媒体与服务,1.62%,107.65%,0.704
2584,Idea Acquisition,IACO,US,9.9,-,0.00%,-/-,-,0.2,-,-,-,-,4.33亿,-4.89万,资本市场,-,-,-
2585,Voya Asia Pacific Hi,IAE,US,8.04,-,1.40%,1.04/7.55,-,2.16,-,-,NYSE,-,8643.27万,1115.65万,资本市场,0.19%,34.87%,1.05
2586,Abrdn Australia Equi,IAF,US,12.67,-,0.66%,1.45/9.1,-,0,-,-,AMEX,-,1.21亿,1334.23万,资本市场,0.04%,29.45%,0.863
2587,Iamgold,IAG,US,17.23,-,3.01%,1.16/15.1,-,0.7,-,-,NYSE,-,100.32亿,6.64亿,金属与采矿,1.46%,62.99%,2.39
2588,英特格拉生命科学,IART,US,10.57,-,5.28%,-6.74/-,-,2.42,-,-,NASDAQ,-,8.23亿,-5.16亿,医疗保健设备,0.93%,96.12%,0.788
2589,i-80 Gold,IAUX,US,1.56,-,2.90%,-0.3/-,-,0.65,-,-,-,-,13.11亿,-1.99亿,金属与采矿,1.47%,40.75%,3.78
2590,IB Acquisition,IBAC,US,10.75,-,0.00%,-0.01/25.18,-,-0.46,-,-,-,-,6170.47万,-5.89万,资本市场,0.02%,20.07%,-
2591,独立银行,IBCP,US,33.43,-,3.84%,3.3/9.86,-,0.39,-,-,NASDAQ,-,6.88亿,1687.50万,商业银行,1.00%,82.16%,1.35
2592,IBEX,IBEX,US,28.31,-,3.28%,1.81/8.56,-,1.94,-,-,-,-,3.80亿,2425.90万,专业服务,1.81%,80.20%,2.46
2593,Innovation Beverage,IBG,US,1.11,-,4.32%,-0.14/-,-,0,-,-,-,-,499.22万,-126.10万,饮料,4.26%,0.05%,1.87
2594,iBio,IBIO,US,1.68,-,9.94%,-0.19/-,-,-7.18,-,-,AMEX,-,5803.32万,-1471.30万,生物科技,3.47%,45.39%,1.03
2595,盈透证券,IBKR,US,76.62,http://www.interactivebrokers.com,1.99%,0.6/125.5,"盈透有限公司是全球最大的专业网上交易券商之一。由董事长兼首席执行官Thomas Peterffy于1977年创建。在全球70多个市场中心进行经纪代理、庄家及自营等交易操作。在经纪代理业务中，IB为机构和专业的交易人员提供种类繁多的电子交易产品的直接进场（在线）交易的下单执行和结算服务。这些电子交易产品包括了全球的期权、期货、股票、外汇和债券(资讯,行情)业务。2009年5月该公司在纳斯达克上市。",0.95,-,-,NASDAQ,-,1302.69亿,2.67亿,资本市场,0.67%,89.06%,23.32
2596,IBM,IBM,US,231.98,http://www.ibm.com,3.38%,1.3/20.27,IBM1911年创立于美国，是全球最大的信息技术和业务解决方案公司。该公司的主要业务是计算机和有关服务，产品包括软件和服务器。IBM为计算机产业长期的领导者，目前仍然保持着拥有全世界最多专利的地位。,0.39,-,-,NYSE,-,2180.35亿,12.16亿,信息技术服务,1.05%,63.95%,6.61
2597,印度工业信贷投资银行,IBN,US,27.6,http://www.icicibank.com,1.50%,0.62/6.2,ICICI Bank Limited在世界银行、印度政府以及印度行业代表的倡议下成立于1994年1月5日。Icici银行有限公司是一家多元化的金融服务集团，通过各种输出渠道为公司和零售客户提供大范围的银行和金融服务。从总资产看，公司是印度最大的私营银行和第二大银行。除了银行产品和服务，公司还通过专门的子公司提供生命保险和综合保险，资产管理，证券经营以及私募股权产品和服务。公司的商业战略关键要素主要是：1.关注可持续盈利增长机会，主要用过：2加强公司的零售和法人公司特许经营；3.在公司国内存款的基础上，保持经常性账户和储蓄账户、零售定期存款的比例；4.设立农村银行特许经营；5强化公司的保险、资产管理和有价证券业务；6.强调保守的风险管理实务，提高资产质量；7.采用技术形成竞争优势；8.吸纳和留住有才能的专业人员。公司前进的目标是使公司的资本基数杠杆化，以实现盈利性增长，同时保持公司存款状况、成本比例和信用程度的改善。随着公司业务的发展，在服务质量上满足顾客期望将成为公司战略的决定性因素。,-1.6,-,-,NYSE,-,985.83亿,43.91亿,商业银行,0.28%,17.65%,2.54
2598,Impact BioMedical,IBO,US,0.653,-,4.27%,-0.38/-,-,-0.31,-,-,AMEX,-,7040.73万,-1183.80万,制药,0.03%,1.33%,5.58
2599,国际银行,IBOC,US,71.31,-,1.96%,6.63/10.75,-,-1.33,-,-,NASDAQ,-,44.34亿,4.12亿,商业银行,0.52%,70.02%,1.36
2600,Installed Building,IBP,US,302.57,-,2.71%,9.76/30.71,-,-2.07,-,-,NYSE,-,81.51亿,2.65亿,专营零售,0.96%,99.45%,11.48
2601,ImmunityBio,IBRX,US,7.44,-,10.62%,-0.38/-,-,-9.16,-,-,-,-,76.49亿,-3.51亿,制药,4.59%,16.55%,-
2602,Ibotta,IBTA,US,34.97,-,3.66%,0.13/233.3,-,-2.13,-,-,-,-,8.34亿,357.50万,信息技术服务,1.53%,75.34%,2.9
2603,伊芙美尔医疗,ICCC,US,8.355,-,4.88%,-0.12/-,-,4.44,-,-,NASDAQ,-,7558.60万,-104.00万,生物科技,0.52%,14.26%,2.79
2604,IceCure Medical,ICCM,US,0.28,-,6.51%,-0.24/-,-,-4.11,-,-,-,-,2273.04万,-1505.70万,医疗保健设备,1.73%,0.65%,2.52
2605,洲际交易所,ICE,US,158.45,-,1.97%,5.79/27.07,"洲际交易所（ICE）是美国第二大期货交易所，最早由全球一些大能源公司和金融机构组建于2000年，2001年通过收购伦敦国际石油交易所(IPE)进入期货市场，2005年登陆纽交所，完成首次公开发售，2007年1月收购纽约期货交易所，8月收购温尼伯商品交易所（即现在的加拿大期货交易所），2009年收购清算公司（TCC）。
 
目前洲际交易所通过旗下期货业务、全球OTC业务、市场数据业务等三个业务部门运营，涉及原油、精炼油、天然气、煤、排放量、糖、棉花、CDS、外汇以及指数等产品的合约交易。其中期货业务主要由美国、欧洲、加拿大等地交易所构成，OTC业务包括能源和CDS合约，市场数据业务则是通过市场数据授权获得营收。",0.62,-,-,NYSE,-,897.51亿,33.15亿,资本市场,0.53%,92.78%,3.1
2606,ICF国际,ICFI,US,67.47,-,3.36%,4.97/13.34,-,0.78,-,-,NASDAQ,-,12.22亿,9158.80万,专业服务,5.54%,92.71%,1.19
2607,聪链集团,ICG,US,1.32,-,5.43%,-0.06/-,-,2.33,-,-,-,-,8013.97万,-679.70万,软件,0.17%,0.52%,0.574
2608,Ichor Holdings,ICHR,US,70.93,-,8.22%,-1.54/-,-,3.68,-,-,NASDAQ,-,24.64亿,-5278.10万,半导体产品与设备,2.14%,98.26%,3.71
2609,ICL Group,ICL,US,5.18,-,1.46%,0.18/29.58,-,-0.58,-,-,NYSE,-,66.86亿,2.26亿,化学制品,0.23%,17.48%,1.12
2610,Icon,ICLR,US,102.17,-,7.32%,4.29/13.01,-,-3.92,-,-,NASDAQ,-,78.02亿,3.39亿,生命科学工具,2.38%,104.46%,0.836
2611,Investcorp Credit,ICMB,US,1.88,-,8.06%,-0.61/-,-,1.08,-,-,-,-,2713.30万,-884.79万,资本市场,0.13%,8.42%,0.442
2612,Icon Energy,ICON,US,1.05,http://www.iconixbrand.com,5.45%,-18.04/-,"Iconix Brand Group, Inc.于1978年在美国特拉华州成立，是一家品牌管理公司和35个全球消费品牌的跨越女装，男装，娱乐和家庭多元化的投资组合的所有者。公司的经营策略主要是通过战略授权和世界各地的合资伙伴关系，以最大限度地发挥其品牌价值，以及通过战略收购增长的品牌组合。",3.96,-,-,NASDAQ,-,337.48万,-717.40万,海运,-,0.27%,0.158
2613,SeaStar Medical,ICU,US,4.13,-,8.14%,-5.86/-,-,-2.59,-,-,-,-,1649.41万,-1215.00万,医疗保健设备,3.44%,1.74%,1.58
2614,ICU医疗,ICUI,US,124.82,-,2.99%,0.03/4262,-,0.22,-,-,NASDAQ,-,31.20亿,73.20万,医疗保健设备,0.91%,102.54%,1.47
2615,IDACORP,IDA,US,146.06,-,2.20%,5.96/25.02,-,-1.85,-,-,NYSE,-,80.93亿,3.23亿,电力,0.80%,102.22%,2.27
2616,T Stamp,IDAI,US,2.43,-,8.16%,-2.67/-,-,-0.82,-,-,-,-,1284.26万,-832.51万,软件,1.79%,10.49%,1.47
2617,InterDigital,IDCC,US,368.5,-,3.88%,15.77/23.28,-,2.52,-,-,NASDAQ,-,94.66亿,4.07亿,通信设备,0.99%,100.48%,8.6
2618,"Voya Infrastructure,",IDE,US,13.485,-,2.40%,1.55/7.54,-,1.24,-,-,NYSE,-,2.04亿,2353.92万,资本市场,0.27%,16.39%,1.08
2619,Intellicheck,IDN,US,8.05,-,8.03%,0.07/128,-,-6.94,-,-,AMEX,-,1.63亿,127.30万,电子设备与仪器,3.73%,58.40%,7.87
2620,Idaho Strategic,IDR,US,43.09,-,3.70%,1.15/40.75,-,1.75,-,-,-,-,6.81亿,1671.57万,金属与采矿,0.74%,44.67%,6.3
2621,万威B,IDT,US,51.79,-,4.29%,1.72/15.86,-,0.94,-,-,NYSE,-,12.99亿,4331.00万,综合电信业务,0.47%,55.17%,3.82
2622,IDEXX实验室,IDXX,US,565.93,-,2.84%,13.17/42.43,-,0.89,-,-,NASDAQ,-,449.49亿,10.59亿,医疗保健设备,0.76%,99.03%,28
2623,IDEAYA生物科学,IDYA,US,30.73,-,3.29%,-1.28/-,-,0.1,-,-,-,-,26.99亿,-1.14亿,生物科技,0.79%,109.45%,2.64
2624,Ivanhoe Electric,IE,US,13.64,-,4.79%,-0.79/-,-,0.44,-,-,-,-,21.55亿,-1.06亿,金属与采矿,1.22%,66.91%,5.18
2625,Infinite Eagle,IEAG,US,10.08,-,0.50%,-0.01/-,-,0.5,-,-,-,-,4.39亿,-6.01万,资本市场,0.00%,-,-
2626,伊坎企业,IEP,US,8.14,-,2.11%,-0.52/-,-,0.99,-,-,NASDAQ,-,51.87亿,-2.93亿,工业集团企业,0.79%,87.83%,2.67
2627,IES Holdings,IESC,US,599.8,-,5.46%,4.58/27.07,-,2.33,-,-,NASDAQ,-,119.53亿,9143.90万,建筑与工程,1.34%,94.77%,12.44
2628,IDEX,IEX,US,204.74,-,1.47%,6.41/31.44,-,-0.92,-,-,NYSE,-,151.92亿,4.83亿,机械制造,0.68%,104.56%,3.77
2629,讯鸟软件,IFBD,US,1,-,7.24%,-7.13/-,-,2.04,-,-,-,-,818.86万,-5718.59万,媒体,0.04%,0.33%,0.511
2630,国际香料香精,IFF,US,71.14,-,1.37%,-1.41/-,-,0.28,-,-,NYSE,-,181.72亿,-3.61亿,化学制品,0.40%,100.50%,1.28
2631,Aberdeen India Fund,IFN,US,12.06,-,0.62%,-1.16/-,-,0.25,-,-,NYSE,-,5.14亿,-4670.92万,资本市场,0.16%,16.45%,0.825
2632,InflaRx,IFRX,US,1.48,-,9.62%,-0.8/-,-,-5.13,-,-,-,-,1.07亿,-5355.58万,制药,1.72%,26.85%,2.19
2633,Intercorp Financial,IFS,US,45.1,-,4.41%,5.15/8.71,-,2.52,-,-,-,-,50.10亿,5.75亿,商业银行,0.86%,14.26%,1.36
2634,Voya Global Advantag,IGA,US,9.64,-,2.72%,0.53/8.21,-,0.94,-,-,NYSE,-,1.48亿,818.18万,资本市场,0.63%,21.93%,0.921
2635,Invest Green,IGAC,US,-,-,-,-0.05/-,-,-,-,-,-,-,2.38亿,-35.13万,资本市场,0.00%,33.46%,1.43
2636,IGC Pharma,IGC,US,0.337,-,3.82%,-0.04/-,-,-0.88,-,-,AMEX,-,3329.43万,-342.00万,制药,0.55%,4.91%,4.11
2637,Voya Global Equity D,IGD,US,6.01,-,1.18%,0.36/8.61,-,1.18,-,-,NYSE,-,4.74亿,2870.56万,资本市场,0.28%,23.83%,0.966
2638,Western Asset Invest,IGI,US,16.08,-,0.95%,1/16.07,-,-0.06,-,-,NYSE,-,9637.79万,599.85万,资本市场,0.39%,37.52%,0.908
2639,International,IGIC,US,26.31,-,3.20%,2.92/8.86,-,-0.42,-,-,-,-,11.27亿,1.27亿,保险,0.15%,16.42%,1.59
2640,Cbre Global Real Est,IGR,US,4.72,-,0.95%,0.11/41.91,-,-0.21,-,-,NYSE,-,7.15亿,1705.27万,资本市场,0.29%,23.12%,1.05
2641,洪恩,IH,US,1.706,-,5.68%,0.27/6.39,-,-3.07,-,-,-,-,8719.09万,1364.23万,综合消费者服务,0.02%,0.11%,0.613
2642,Voya Emerging Market,IHD,US,7.28,-,0.91%,0.9/7.81,-,1.82,-,-,NYSE,-,1.29亿,1593.15万,资本市场,0.62%,43.51%,1.13
2643,洲际酒店,IHG,US,146.28,http://www.ihgplc.com,1.34%,4.91/28.98,洲际酒店集团（IHG）是世界上最具全球化并拥有客房数最多的酒店集团，总部位于英国。该集团拥有多个闻名遐尔的酒店品牌，其中包括洲际酒店及度假村、皇冠酒店及度假村、假日酒店及度假村、快捷假日酒店等，并且拥有世界最大的酒店忠诚客户计划 -- 优悦会。,1.85,-,-,NYSE,-,219.68亿,7.58亿,酒店餐饮与休闲,0.18%,9.88%,-
2644,iHeartMedia,IHRT,US,5.42,-,38.15%,-3.06/-,-,35.16,-,-,-,-,8.19亿,-4.73亿,媒体,1.29%,72.17%,-
2645,IHS Holding,IHS,US,8.25,-,0.61%,0.43/19.28,-,0.37,-,-,-,-,27.68亿,1.44亿,综合电信业务,1.19%,40.89%,-
2646,Innsuites,IHT,US,1.17,-,4.17%,-0.1/-,-,-2.5,-,-,AMEX,-,1076.97万,-86.91万,酒店和度假村房地产投资信托,0.30%,2.89%,2.98
2647,Morgan Stanley India,IIF,US,22.12,-,1.31%,-0.64/-,-,-0.18,-,-,NYSE,-,2.11亿,-611.90万,资本市场,0.57%,39.98%,0.8
2648,信息服务,III,US,4.12,-,2.99%,0.19/21.03,-,2.74,-,-,NASDAQ,-,1.96亿,934.10万,专业服务,0.59%,68.77%,2.07
2649,Insteel Industries,IIIN,US,25.24,-,5.13%,0.66/11.54,-,-1.87,-,-,NASDAQ,-,4.90亿,1281.00万,金属与采矿,1.82%,84.35%,1.35
2650,i3 Verticals,IIIV,US,21.58,-,2.58%,0.02/40.35,-,1.41,-,-,-,-,6.58亿,48.40万,软件,1.59%,122.19%,1.83
2651,Invesco Value Munici,IIM,US,12.24,-,0.99%,-0.68/-,-,0.58,-,-,NYSE,-,5.76亿,-3197.75万,资本市场,0.23%,18.73%,1.02
2652,Inspira Technologies,IINN,US,0.535,-,7.59%,-0.45/-,-,-0.93,-,-,-,-,2331.49万,-1322.00万,医疗保健设备,0.35%,4.80%,10.09
2653,Innovative,IIPR,US,55.91,-,5.51%,3.98/14.33,-,5.47,-,-,NYSE,-,15.98亿,1.11亿,工业房地产投资信托,1.28%,69.30%,0.887
2654,Inhibikase,IKT,US,1.88,-,4.66%,-0.49/-,-,-2.59,-,-,-,-,2.48亿,-4825.92万,生物科技,0.61%,80.66%,1.44
2655,Intelligent Living,ILAG,US,3.9,-,4.10%,-0.27/-,-,6.56,-,-,-,-,810.02万,-533.03万,建筑产品,0.80%,0.00%,0.731
2656,Triller Group,ILLR,US,0.227,-,18.36%,-0.97/-,-,-11.33,-,-,-,-,4482.50万,-1.75亿,综合金融服务,1.11%,0.40%,-
2657,Illumination I,ILLU,US,9.9,-,0.00%,-/-,-,0.71,-,-,-,-,3.10亿,-8.76万,资本市场,0.00%,-,-
2658,Illumina,ILMN,US,127.88,http://www.illumina.com,3.31%,5.47/22.85,"Illumina, Inc.是一家生命科学用具以及用于分析基因变异和基因功能的整合系统的一流开发商、制造商和销售商。公司于1998年4月在加利福尼亚州组成，2000年7月在特拉华州完成重组。公司利用专利技术提供一系列的基因分析方案以及为高度相联的市场提供产品和服务，包括基因序列、基因类型、基因表达和分子诊断市场。公司客户有：现金的基因组研究中心、学术机构、政府管辖的实验室、临床研究组织以及制药公司、生物科技公司、农产品基因组鉴定研发公司和客户基因组鉴定公司。",1.95,-,-,NASDAQ,-,194.26亿,8.50亿,生命科学工具,0.60%,104.79%,7.13
2659,Industrial Logistics,ILPT,US,7.41,-,5.59%,-1/-,-,3.49,-,-,-,-,4.94亿,-6618.70万,工业房地产投资信托,0.63%,47.80%,1.01
2660,ImageneBio,IMA,US,5.71,-,11.26%,-9.64/-,-,-2.56,-,-,CVE,-,6386.63万,-5239.50万,生物科技,3.50%,48.19%,0.48
2661,驰能设备,IMAX,US,36.45,http://www.imax.com,1.83%,0.65/56.43,"IMAX公司成立于1967年，总部位于加拿大多伦多和美国纽约，1994年在纳斯达克上市。IMAX是世界一流的娱乐科技公司，专门从事身临其境的电影技术，通过专利的IMAX, IMAX® 3D, 和IMAX DMR® (数字原底翻版)技术，IMAX影院为观众提供世界上最完美的电影感受。",-0.44,-,-,NYSE,-,19.68亿,3487.60万,娱乐,1.73%,90.20%,5.81
2662,IM Cannabis,IMCC,US,0.284,-,13.33%,-1.95/-,-,-5.33,-,-,-,-,176.74万,-825.48万,制药,56.09%,2.99%,-
2663,Immunocore,IMCR,US,29.3,-,3.15%,-0.71/-,-,0.24,-,-,-,-,14.89亿,-3551.40万,生物科技,0.46%,101.41%,3.91
2664,Insight Molecular,IMDX,US,3.76,-,14.49%,-1.65/-,-,6.82,-,-,-,-,1.21亿,-5022.20万,生物科技,1.02%,52.68%,-
2665,安格莱斯市场,IMKTA,US,90.69,-,1.70%,1.51/24.81,-,-0.18,-,-,NASDAQ,-,17.23亿,2812.84万,食品与日用品零售,0.74%,91.97%,1.05
2666,Immutep,IMMP,US,0.573,-,2.80%,-0.02/-,-,0.35,-,-,-,-,8444.42万,-2991.69万,生物科技,1.29%,1.35%,1.28
2667,浸入科技,IMMR,US,6.09,-,3.36%,0.34/9.59,-,-0.33,-,-,NASDAQ,-,2.02亿,1106.10万,电子设备与仪器,1.64%,49.35%,0.657
2668,Immix Biopharma,IMMX,US,9.85,-,5.80%,-0.89/-,-,-3.15,-,-,-,-,5.22亿,-2943.86万,制药,0.97%,46.00%,5.57
2669,Immunome,IMNM,US,23.56,-,5.44%,-2.43/-,-,2.48,-,-,-,-,26.65亿,-2.12亿,制药,0.57%,104.89%,4.2
2670,Imunon,IMNN,US,2.79,-,5.59%,-6.83/-,-,-2.45,-,-,-,-,1094.45万,-1449.50万,生物科技,0.52%,10.80%,1.55
2671,帝国石油,IMO,US,124.37,-,2.15%,4.74/25.24,"Imperial Oil Limited (Imperial) is an integrated oil company. The Company is engaged in all phases of the petroleum industry in Canada, including the exploration for, and production and sale of, crude oil and natural gas. In Canada, the Company is a producer of crude oil and natural gas and a petroleum refiner and a marketer of petroleum products. It is also a supplier of petrochemicals. Imperial is engaged in the exploration for and development of petroleum and natural gas in Canada only. The Company purchases domestic crude oil from a number of sources. Domestic purchases of crude oil are made under renewable contracts with 30 to 60 day cancellation terms. Crude oil from foreign sources is purchased by the Company through Exxon Mobil Corporation. The Company has interests in other oil sands leases in the Athabasca and Peace River areas of northern Alberta. Imperial owns and operates four refineries. The Strathcona refinery operates lubricating oil production facilities.",-1.86,-,-,AMEX,-,601.44亿,23.83亿,石油与天然气,0.23%,26.73%,3.71
2672,南茂,IMOS,US,45.61,-,2.36%,0.49/90.94,-,-0.35,-,-,NASDAQ,-,15.96亿,1755.29万,半导体产品与设备,0.27%,6.09%,2.09
2673,Imperial,IMPP,US,4.64,-,5.78%,1.35/4.15,-,3.11,-,-,-,-,2.07亿,4997.82万,海运,1.66%,35.61%,0.39
2674,免疫子制药,IMRN,US,0.894,-,7.83%,0.0000/-,-,1.48,-,-,NASDAQ,-,730.07万,-127.98万,制药,0.26%,2.06%,0.837
2675,Immuneering,IMRX,US,6.04,-,6.61%,-1.27/-,-,-1.47,-,-,-,-,3.91亿,-5602.49万,生物科技,1.43%,48.84%,1.79
2676,Terrestrial,IMSR,US,7.795,-,12.66%,-0.39/-,-,0.71,-,-,-,-,8.26亿,-2801.66万,电力,5.61%,22.22%,2.79
2677,综合媒体科技,IMTE,US,0.518,-,6.67%,-0.08/-,-,1.57,-,-,-,-,178.53万,-26.84万,耐用消费品,0.66%,3.07%,0.123
2678,Immatics,IMTX,US,11.35,-,5.02%,-1.89/-,-,1.79,-,-,-,-,15.22亿,-2.31亿,生物科技,0.22%,75.77%,2.68
2679,Immunic,IMUX,US,0.88,-,5.56%,-0.62/-,-,-4.14,-,-,-,-,1.20亿,-9717.20万,生物科技,3.02%,37.73%,-
2680,Immunovant,IMVT,US,28.58,-,3.08%,-2.04/-,-,-1.14,-,-,-,-,58.17亿,-3.58亿,制药,1.64%,53.41%,5.9
2681,国际货币快递,IMXI,US,15.94,-,0.50%,1.09/14.7,-,0.38,-,-,-,-,4.80亿,3267.10万,综合金融服务,1.17%,86.67%,2.98
2682,In8bio,INAB,US,1.5,-,6.34%,-4.44/-,-,5.63,-,-,-,-,1477.06万,-1944.00万,制药,0.61%,32.04%,0.536
2683,Indigo,INAC,US,-,-,-,0.21/82.35,-,-,-,-,-,-,1.50亿,182.22万,资本市场,-,65.52%,1.32
2684,First Internet,INBK,US,22.52,-,2.83%,-4.03/-,-,-0.44,-,-,NASDAQ,-,1.96亿,-3516.80万,商业银行,0.41%,70.99%,0.546
2685,Intelligent Bio,INBS,US,2.55,-,5.32%,-6.27/-,-,-3.04,-,-,-,-,510.30万,-566.06万,医疗保健设备,1.87%,0.28%,0.46
2686,Inhibrx,INBX,US,129.06,-,10.84%,-9.04/-,-,7.61,-,-,-,-,18.85亿,-1.40亿,生物科技,6.03%,85.33%,235.9
2687,Intercure,INCR,US,0.908,http://www.incresearch.com,8.34%,-0.01/-,"INC Research Holdings is a leading global Contract Research Organization, or CRO, based on revenues, and are exclusively focused on Phase I to Phase IV clinical development services for the biopharmaceutical and medical device industries. We provide our customers highly differentiated therapeutic alignment and expertise, with a particular strength in Central Nervous System, or CNS, oncology and other complex diseases. We consistently and predictably deliver clinical development services in a complex environment and offer a proprietary, operational approach to clinical trials through our Trusted Process® methodology. Our service offerings focus on optimizing the development of, and therefore, the commercial potential for, our customers' new biopharmaceutical compounds, enhancing returns on their research and development, or R&D, investments and reducing their overhead by offering an attractive variable cost alternative to fixed cost, in-house resources.",1,S1/F1,-,NASDAQ,-,4965.07万,-50.53万,食品与日用品零售,0.16%,1.30%,0.388
2688,因塞特医疗,INCY,US,94.65,-,1.64%,6.59/14.64,-,-0.86,-,-,NASDAQ,-,188.37亿,12.87亿,生物科技,0.57%,101.70%,3.65
2689,美国独立银行,INDB,US,77.75,-,1.47%,4.44/15.7,-,-0.63,-,-,NASDAQ,-,37.76亿,7991.90万,商业银行,0.77%,86.07%,1.07
2690,indie Semiconductor,INDI,US,3.66,-,10.64%,-0.73/-,-,6.71,-,-,-,-,8.29亿,-1.43亿,半导体产品与设备,5.61%,100.39%,2.32
2691,Indonesia Energy,INDO,US,3.26,-,7.25%,-0.19/-,-,-5.51,-,-,-,-,4885.92万,-282.48万,石油与天然气,10.30%,1.20%,2.23
2692,Indaptus,INDP,US,3.3,-,12.35%,-21.58/-,-,4.76,-,-,-,-,739.97万,-2084.89万,制药,0.92%,1.61%,2.36
2693,Indivior,INDV,US,33.23,-,1.57%,1.68/19.29,-,0.21,-,-,-,-,40.51亿,2.10亿,制药,0.71%,100.24%,-
2694,INNEOVA Holdings,INEO,US,0.748,-,15.22%,0.02/-,-,19.87,-,-,-,-,1237.61万,24.30万,专营零售,1.51%,0.01%,1.11
2695,Infleqtion,INFQ,US,13.27,-,8.81%,-1.85/-,-,-4.94,-,-,-,-,28.73亿,-6693.11万,电子设备与仪器,6.40%,6.11%,8.3
2696,Infusystem,INFU,US,10.34,-,4.19%,0.32/31.51,-,0.68,-,-,AMEX,-,2.09亿,662.70万,医疗保健设备,0.58%,71.32%,3.64
2697,印孚瑟斯,INFY,US,12.86,http://www.infosys.com,3.63%,0.58/12282221,"Infosys是一家印度资讯科技服务公司，公司总部位于印度矽谷Bangalore。是第一家在纳斯达克上市的印度软件公司，将自己从一个从事Y2K问题修补工作的技术车间改造成一家世界一流公司，提供低成本软件给大型跨国企业，如锐跑(Reebok)、花旗银行等。公司服务包括传统软件开发、维修及加强服务。透过五个国家的17家办事处销售商品及提供服务。主要针对北美、欧洲及日本大型资讯科技密集的组织。其专注在特定市场，包括金融服务、制造业、零售业等。其他产品及服务协助投资及经销管理、仓储管理及电子商务。

Infosys同时在纽交所和纳斯达克均有交易，代码都为INFY；同时还在英国伦敦和法国巴黎市场交易。",-0.62,-,-,NYSE,-,520.27亿,4236.00,信息技术服务,0.57%,13.03%,0.0000
2698,荷兰国际,ING,US,27.95,http://www.ing.com,1.52%,3.26/8.3,"荷兰国际集团是（Internationale Nederlanden Group）简称ING,在1991年由荷兰国民人寿保险公司和荷兰邮政银行集团合并组成的综合性财政金融集团。据美国《财富》杂志统计，以资产净值计算，荷兰国际集团位居全球500家大企业的第64位。在提供综合性金融财经业务方面（银行与保险业务），居世界第三位。目前，该集团在世界上65个国家和地区设有分支机构，雇员超过10万人。",0.83,-,-,NYSE,-,811.23亿,97.69亿,综合金融服务,0.09%,5.77%,1.28
2699,Ingram Micro,INGM,US,30.35,-,2.17%,1.4/21.44,-,-0.2,-,-,-,-,70.30亿,3.28亿,软件,3.00%,102.57%,1.65
2700,Inogen,INGN,US,7.05,-,2.58%,-0.86/-,-,0.86,-,-,NASDAQ,-,1.92亿,-2274.70万,医疗保健设备,1.10%,75.33%,0.999
2701,宜瑞安,INGR,US,112.69,-,2.56%,11.36/9.75,-,-0.18,-,-,NYSE,-,71.06亿,7.29亿,食品,0.82%,94.23%,1.66
2702,INNO HOLDINGS,INHD,US,0.145,-,7.05%,-0.01/-,-,-7.05,-,-,-,-,121.99万,-2.86万,经销商,1.99%,2.17%,0.026
2703,MiNK Therapeutics,INKT,US,10.95,-,10.03%,-2.93/-,-,2.05,-,-,-,-,5437.61万,-1249.43万,生物科技,2.00%,3.04%,-
2704,因立夫,INLF,US,3.31,-,11.66%,-0.33/-,-,-5.16,-,-,-,-,4569.87万,-544.63万,机械制造,0.38%,0.00%,2.83
2705,Intellinetics,INLX,US,-,-,-,-0.44/-,-,-,-,-,-,-,3131.99万,-187.29万,软件,0.01%,11.87%,2.75
2706,InMed,INM,US,0.771,-,4.07%,-0.95/-,-,1.18,-,-,-,-,255.51万,-375.51万,制药,1.24%,7.74%,0.267
2707,INmune Bio,INMB,US,1.39,-,6.52%,-1.86/-,-,0.72,-,-,-,-,3695.35万,-4593.30万,制药,0.64%,18.94%,1.57
2708,InMode,INMD,US,14.4,-,1.57%,1.45/9.72,-,0.28,-,-,-,-,9.12亿,9383.10万,医疗保健设备,0.73%,54.64%,1.34
2709,Summit Hotel,INN,US,4.79,-,3.83%,-0.22/-,-,1.91,-,-,NYSE,-,5.21亿,-2356.80万,酒店和度假村房地产投资信托,0.59%,93.95%,0.605
2710,InnovAge Holding,INNV,US,7.95,-,6.20%,0.14/166.6,-,2.71,-,-,-,-,10.79亿,1863.70万,医疗保健服务,1.34%,12.80%,4.2
2711,伊诺维奥制药,INO,US,1.15,-,3.95%,-1.81/-,-,0.88,-,-,NASDAQ,-,9383.07万,-8494.59万,生物科技,0.89%,40.23%,3.9
2712,Innodata,INOD,US,42.34,-,6.26%,1.01/42.89,-,-2.62,-,-,NASDAQ,-,13.80亿,3218.10万,专业服务,2.58%,48.05%,12.88
2713,Infinity Natural,INR,US,15.99,-,2.95%,0.9/73.42,-,0.5,-,-,NYSE,-,10.16亿,1383.60万,石油与天然气,1.35%,83.27%,3.31
2714,Inspired,INSE,US,7.04,-,7.26%,-0.58/-,-,4.3,-,-,-,-,1.88亿,-1700.00万,软件,0.60%,80.15%,-
2715,Inseego,INSG,US,15.02,-,5.40%,-0.18/-,-,1.35,-,-,NASDAQ,-,2.44亿,-273.60万,通信设备,0.48%,32.54%,-
2716,Insmed,INSM,US,135.17,-,6.04%,-6.42/-,-,-6.02,-,-,NASDAQ,-,291.77亿,-12.77亿,制药,1.17%,98.64%,39.48
2717,Inspire Medical,INSP,US,56.31,-,3.44%,4.95/11.15,-,-0.07,-,-,-,-,16.22亿,1.45亿,医疗保健技术,2.52%,118.12%,2.08
2718,International航道,INSW,US,79.55,-,4.54%,6.27/12.71,-,3.57,-,-,NYSE,-,39.32亿,3.09亿,石油与天然气,1.36%,75.65%,1.95
2719,Intapp,INTA,US,22.25,-,2.90%,-0.25/-,-,2.44,-,-,-,-,17.89亿,-2028.70万,软件,0.94%,87.42%,4.36
2720,英特尔,INTC,US,82.54,http://www.intel.com,8.39%,-0.73/-,英特尔(INTC)成立于1968年，是全球最大的半导体芯片制造商，具有41年产品创新和市场领导的历史。1971年，英特尔推出了全球第一个微处理器。微处理器所带来的计算机和互联网革命，改变了整个世界。,23.6,-,-,NASDAQ,-,4145.98亿,-37.28亿,半导体产品与设备,6.63%,59.51%,3.72
2721,The Intergroup,INTG,US,36.58,-,3.94%,0.46/-,-,3.66,-,-,-,-,7860.35万,98.00万,权益型REITs,2.61%,3.13%,-
2722,慧悦财经,INTJ,US,10.04,-,1.25%,-2.28/-,-,-3.09,-,-,-,-,1543.65万,-233.48万,综合金融服务,0.03%,0.94%,1.33
2723,Inter & Co,INTR,US,8,-,2.19%,0.54/14.74,-,0.13,-,-,-,-,35.31亿,2.40亿,商业银行,1.14%,53.97%,1.9
2724,Intensity,INTS,US,5.25,-,3.75%,-8.56/-,-,-1.5,-,-,-,-,1333.77万,-1160.60万,生物科技,1.46%,5.18%,1.12
2725,Intest,INTT,US,18.36,-,12.79%,-0.21/-,-,6.74,-,-,AMEX,-,2.29亿,-252.70万,半导体产品与设备,7.43%,56.17%,2.21
2726,财捷,INTU,US,395.95,-,4.10%,4.09/25.23,-,3.3,-,-,NASDAQ,-,1095.00亿,11.39亿,软件,0.86%,86.17%,5.75
2727,Intrusion,INTZ,US,0.84,-,4.86%,-0.46/-,-,4.61,-,-,-,-,1711.00万,-905.90万,软件,0.52%,8.08%,2.35
2728,Inuvo,INUV,US,1.93,-,3.52%,-0.35/-,-,-3.02,-,-,AMEX,-,2839.75万,-509.55万,媒体,1.64%,11.53%,2.83
2729,InnVenture,INV,US,6.54,-,11.39%,-5.39/-,-,-5.22,-,-,-,-,5.24亿,-2.93亿,综合金融服务,6.63%,21.32%,2.56
2730,Innoviva,INVA,US,23.57,-,2.70%,4.02/6.44,-,0.38,-,-,NASDAQ,-,17.45亿,2.71亿,制药,0.62%,102.11%,1.49
2731,单片机微系统,INVE,US,4.37,-,10.36%,-0.79/-,-,12.63,-,-,NASDAQ,-,1.05亿,-1882.70万,电子设备与仪器,6.28%,45.11%,0.744
2732,Invitation Homes,INVH,US,27.13,-,1.26%,0.96/27.71,-,-0.62,-,-,NYSE,-,162.63亿,5.87亿,住宅房地产投资信托,0.71%,103.14%,1.71
2733,Innovex,INVX,US,27.9,-,2.42%,1.21/22.96,-,2.27,-,-,-,-,19.13亿,8329.80万,能源设备与服务,0.59%,61.23%,1.81
2734,Innoviz Technologies,INVZ,US,0.689,-,19.03%,-0.34/-,-,11.13,-,-,-,-,1.48亿,-6779.50万,软件,1.90%,25.38%,1.9
2735,IonQ,IONQ,US,42.69,-,7.17%,-1.82/-,-,-2.15,-,-,-,-,156.52亿,-5.10亿,信息技术服务,5.78%,52.87%,4.12
2736,ioneer,IONR,US,3.86,-,4.40%,0.0000/-,-,0,-,-,-,-,2.58亿,-407.00万,金属与采矿,0.05%,0.60%,1.12
2737,伊奥尼斯制药,IONS,US,73.27,-,2.95%,-2.38/-,-,-1.11,-,-,NASDAQ,-,120.97亿,-3.81亿,制药,1.12%,103.61%,24.74
2738,Income Opportunity,IOR,US,17.9,-,0.00%,0.98/18.24,-,-0.89,-,-,-,-,7278.46万,399.00万,抵押型REITs,0.28%,0.01%,0.587
2739,英诺斯派材料,IOSP,US,77.15,-,1.93%,4.69/16.47,-,0.64,-,-,NASDAQ,-,19.20亿,1.17亿,化学制品,0.63%,99.15%,1.45
2740,Samsara,IOT,US,29.96,-,4.03%,-0.02/-,-,2.32,-,-,AMEX,-,173.98亿,-911.70万,软件,1.03%,90.05%,12.25
2741,iOThree,IOTR,US,2.5,-,6.94%,-0.01/-,-,2.04,-,-,-,-,641.25万,-13.47万,通信设备,0.97%,1.66%,1.52
2742,Iovance,IOVA,US,3.44,-,4.89%,-1.09/-,-,-1.15,-,-,-,-,14.17亿,-3.91亿,生物科技,3.31%,63.59%,2.03
2743,国际纸业,IP,US,32.65,http://www.internationalpaper.com,3.16%,-6.95/-,"国际纸业(International Paper Co ,NYSE:IP)是世界上规模最大的纸产品生产企业。",-2.65,-,-,NYSE,-,172.88亿,-35.16亿,林业与纸制品,1.50%,100.70%,1.17
2744,依特香水,IPAR,US,91.19,-,3.18%,5.25/17.37,-,0.04,-,-,NASDAQ,-,29.25亿,1.68亿,个人用品,1.74%,62.05%,3.32
2745,Inflection Point,IPCX,US,10.3,-,0.05%,0.02/712.4,-,0,-,-,-,-,3.55亿,49.84万,资本市场,1.04%,93.05%,-
2746,Professional,IPDN,US,0.878,-,7.42%,-2.11/-,-,-9.48,-,-,NASDAQ,-,899.49万,-645.10万,信息技术服务,1.11%,0.90%,0.765
2747,Inflection Point V,IPEX,US,-,-,-,0.04/313,-,-,-,-,-,-,1.24亿,39.69万,资本市场,0.00%,74.95%,1.49
2748,IPG光电,IPGP,US,124.55,-,6.47%,0.73/170,-,0.8,-,-,NASDAQ,-,52.86亿,3109.60万,电子设备与仪器,3.72%,69.89%,2.48
2749,Innate Pharma,IPHA,US,1.41,-,5.11%,-0.64/-,-,2.92,-,-,-,-,1.32亿,-5771.41万,生物科技,-,0.29%,-
2750,Intrepid Potash,IPI,US,36.91,-,2.54%,0.86/44.33,-,-1.34,-,-,NYSE,-,4.96亿,1118.50万,化学制品,1.13%,61.68%,1.01
2751,Intelligent,IPM,US,1.72,-,1.70%,-0.15/-,-,-2.27,-,-,-,-,1562.75万,-195.65万,信息技术服务,0.18%,5.29%,0.86
2752,Dune,IPOD,US,10.37,-,0.00%,0.22/62.64,-,0.1,-,-,AMEX,-,2.10亿,334.95万,资本市场,0.28%,98.19%,-
2753,Century Therapeutics,IPSC,US,2.22,-,4.65%,-0.14/-,-,-1.77,-,-,-,-,3.99亿,-958.00万,生物科技,0.67%,14.32%,2.51
2754,IP Strategy,IPST,US,5.73,-,9.09%,-16.03/-,-,4.18,-,-,-,-,303.50万,-1.38亿,软件,7.82%,4.38%,0.031
2755,iPower,IPW,US,1.03,-,5.61%,-1.6/-,-,-3.74,-,-,NYSE,-,136.22万,-172.69万,专营零售,90.08%,2.59%,0.076
2756,Ideal Power,IPWR,US,4.5,-,38.58%,-1.16/-,"Ideal Power are specialists in power conversion, using expert knowledge to specify, source and purchase power supply products for use in any application and across all industries.",18.11,-,-,NASDAQ,-,5440.23万,-1057.84万,电气设备,14.85%,19.74%,6.9
2757,IperionX,IPX,US,29.43,-,3.30%,-0.1/-,-,-0.96,-,-,-,-,9.99亿,-3476.81万,金属与采矿,0.26%,0.95%,9.23
2758,爱奇艺,IQ,US,1.17,-,3.75%,0.0000/-,-,-2.5,-,-,-,-,11.29亿,-2950.21万,娱乐,1.58%,6.90%,0.593
2759,Invesco Quality Muni,IQI,US,9.88,-,0.91%,-0.61/-,-,0.2,-,-,NYSE,-,5.22亿,-3219.05万,资本市场,0.21%,23.49%,1.01
2760,iQSTEL,IQST,US,1.61,-,25.00%,-2.86/-,-,-14.36,-,-,-,-,816.39万,-985.90万,综合电信业务,1.32%,3.82%,0.731
2761,艾昆纬,IQV,US,162.28,-,2.44%,7.91/20.03,-,1,-,-,-,-,272.41亿,13.60亿,生命科学工具,0.65%,94.91%,4.19
2762,英格索兰,IR,US,83.81,http://www.ingersollrand.com,2.47%,1.46/56.45,"英格索兰(Ingersoll Rand) 是总部在美国新泽西洲伍德克利夫湖一家多品牌产品的制造型企业；早在1871年就创始了其业务。
2008年6月5日，英格索完成收购美国特灵公司(Trane)。特灵是全球最大的采暖、通风、空调和楼宇自动管理系统供应商之一。此次收购使英格索兰成为一个年收入达到170亿美元的全球多元化工业企业，进入世界500强。",-1.34,-,-,NYSE,-,328.22亿,5.81亿,机械制造,1.15%,104.19%,3.25
2763,Iris Acquisition,IRAB,US,-,-,-,-0.01/-,-,-,-,-,-,-,2.27亿,-6.80万,资本市场,-,-,-
2764,Opus Genetics,IRD,US,5.23,-,8.56%,-0.8/-,-,0.38,-,-,-,-,3.73亿,-4959.10万,制药,1.19%,37.56%,24.33
2765,铱星通讯,IRDM,US,38.96,-,7.04%,0.2/39.02,-,-4.81,-,-,NASDAQ,-,41.19亿,2159.40万,综合电信业务,3.79%,88.57%,8.79
2766,IREN,IREN,US,50.64,-,7.71%,0.81/48.22,-,-2.65,-,-,-,-,168.27亿,2.29亿,软件,13.92%,42.68%,6.7
2767,Iron Horse,IRHO,US,9.96,-,0.00%,0.06/238,-,0.1,-,-,-,-,2.92亿,135.89万,资本市场,0.03%,-,1.32
2768,艾里德克斯,IRIX,US,1.06,-,3.33%,-0.26/-,-,0.95,-,-,NASDAQ,-,1834.58万,-443.70万,医疗保健设备,0.45%,18.28%,-
2769,铁山,IRM,US,116.03,-,1.77%,0.49/238.7,-,-0.08,-,-,NYSE,-,345.16亿,1.45亿,信息技术服务,0.56%,86.25%,-
2770,Iradimed,IRMD,US,88.68,http://www.iradimed.com,4.16%,1.77/50.43,"iRadimed develops, manufactures, markets and distributes MRI compatible products, and today, we are the global market leader in the sale of non-magnetic IV infusion pump systems. We were the first to develop an infusion delivery system that neutralizes the dangers and problems present during MRI procedures. Standard infusion pumps contain magnetic and electronic components which can create radio frequency interference and are dangerous to operate in the presence of the powerful magnet that drives an MR system. Our mRidium MRI compatible IV infusion pump system uses a patented non-magnetic ultrasonic motor and other uniquely-designed non-ferrous parts that enable accurate, safe and dependable fluid delivery to patients undergoing an MR procedure. With the expanding use of MRI procedures, both traditional procedures and new intraoperative and interventional procedures, safe and reliable infusion delivery in an MR environment is becoming increasingly important to hospitals and other medical providers. Our founder, President and Chief Executive Officer, Roger Susi, is a pioneer in the MRI compatible medical device industry, having invented the first MRI compatible patient monitoring system in 1986 and the first non-magnetic MRI safe infusion system in 2004. Since launching our first generation MRI compatible IV infusion pump system in 2005, we have continued to modify and improve our system, and we have leveraged our development strengths and unique market position to expand our customer base and profitability.",-0.14,S1/F1,-,NASDAQ,-,11.34亿,2248.00万,医疗保健设备,0.77%,57.53%,11.98
2771,Disc Medicine,IRON,US,68.85,-,4.12%,-6.01/-,-,0.78,-,-,-,-,26.27亿,-2.12亿,生物科技,1.10%,101.26%,3.55
2772,IRSA Investments,IRS,US,14.5,-,4.60%,0.21/3.72,-,-1.16,-,-,NYSE,-,11.76亿,1.61亿,零售房地产投资信托,0.18%,1.76%,0.925
2773,Independence Realty,IRT,US,15.79,-,1.64%,0.24/65.79,-,-0.38,-,-,AMEX,-,37.21亿,5655.80万,住宅房地产投资信托,0.92%,98.23%,1.08
2774,iRhythm,IRTC,US,122.35,-,2.54%,-1.39/-,-,0.73,-,-,NASDAQ,-,40.20亿,-4455.10万,医疗保健技术,0.52%,107.11%,26.32
2775,Ironwood医药,IRWD,US,3.93,-,5.54%,0.15/26.68,"It is an entrepreneurial pharmaceutical company that discovers, develops and intends to commercialize innovative medicines targeting important therapeutic needs. Our goal is to build the next great pharmaceutical company, an outstanding business that will thrive and endure well beyond our lifetimes and generate substantial returns for our shareholders. In order to be successful, we will need to overcome the enormous challenges inherent in the pharmaceutical product development model.",3.69,-,-,NASDAQ,-,6.41亿,2401.70万,生物科技,0.85%,95.60%,-
2776,Isabella Bank,ISBA,US,41.63,-,7.77%,2.56/15.3,-,-6.3,-,-,-,-,3.05亿,499.20万,商业银行,0.77%,10.71%,1.3
2777,Pgim High Yield Bond,ISD,US,13.38,-,0.75%,0.55/11.44,-,0.3,-,-,NYSE,-,4.46亿,1841.83万,资本市场,0.17%,24.15%,0.954
2778,IsoEnergy,ISOU,US,11.73,-,6.56%,-0.01/-,-,-3.85,-,-,-,-,7.11亿,-82.15万,金属与采矿,0.17%,11.00%,2.43
2779,iSpecimen,ISPC,US,0.13,-,8.02%,-2.28/-,-,-19.75,-,-,-,-,385.61万,-1048.75万,软件,94.72%,0.42%,1.25
2780,雾麻科技,ISPR,US,1.37,-,28.85%,-0.17/-,-,-12.18,-,-,-,-,7848.71万,-986.18万,烟草,1.21%,8.55%,3.81
2781,直觉外科,ISRG,US,482.22,http://www.intuitivesurgical.com,2.47%,2.31/57.33,达芬奇手术机器人(Intuitive Surgical Inc.)成立于1995年，总部位于美国加利福尼亚州阳光谷。公司自行设计、生产及销售达芬奇牌手术系统。这套全自动手术系统可以极大程度地解放外科医生，通过微控操作和视觉成像等多种新技术最大程度地减少病患痛苦，降低失败几率。公司产品目前覆盖北美、南美、欧洲、中东、澳洲和亚洲。公司现拥有1924名员工，公司总市值197亿美元。,0.71,-,-,NASDAQ,-,1707.84亿,8.21亿,医疗保健设备,0.75%,84.68%,9.77
2782,创新软件,ISSC,US,19.9,-,3.72%,0.23/18.67,-,-0.75,-,-,NASDAQ,-,3.54亿,405.91万,航空航天与国防,2.60%,49.48%,5.15
2783,Investar Holding,ISTR,US,27.71,http://www.investarbank.com,2.59%,2.22/17.43,"Investar Holding is a bank holding company headquartered in Baton Rouge, Louisiana, offering a wide range of commercial banking products tailored to meet the needs of individuals and small to medium-sized businesses through Investar Bank, our Louisiana-chartered commercial bank subsidiary. We serve our primary markets of Baton Rouge, New Orleans, Lafayette and Hammond, Louisiana, and their surrounding metropolitan areas from our main office located in Baton Rouge and from nine additional full-service branches located throughout our market area. We have experienced significant growth since the Bank was chartered as a de novo commercial bank by John J. D’Angelo, our President and Chief Executive Officer, in 2006 and believe we will have continuing opportunities to grow, both organically and through strategic acquisitions. With an experienced management team that has successfully executed two acquisitions since 2011, excellent credit quality, high levels of capital, and an infrastructure capable of accommodating our growing franchise, we believe that we are positioned to take advantage of market opportunities in the future.",1.09,S1/F1,-,NASDAQ,-,3.81亿,2184.80万,商业银行,0.98%,46.44%,1.41
2784,加特纳,IT,US,150.55,-,2.52%,9.68/13.94,-,1.31,-,-,NYSE,-,101.64亿,7.29亿,信息技术服务,1.52%,103.39%,31.77
2785,Integer Holdings,ITGR,US,86.02,-,2.37%,2.96/28.51,-,1.37,-,-,NYSE,-,29.31亿,1.03亿,医疗保健设备,1.65%,110.57%,1.68
2786,ITHAX Acquisition II,ITHA,US,-,-,-,-0.01/-,-,-,-,-,-,-,3.04亿,-5.60万,资本市场,-,0.11%,-
2787,投资者不动产,ITIC,US,245.4,-,2.50%,18.64/15.2,-,0.91,-,-,NASDAQ,-,5.35亿,3518.00万,保险,2.00%,34.92%,1.99
2788,飞天兆业,ITOC,US,0.374,-,30.00%,-0.32/-,-,24.67,-,-,-,-,637.67万,-509.79万,医疗保健设备,3.86%,2.84%,1.04
2789,互联网科技包装,ITP,US,0.194,-,3.19%,-0.51/-,-,3.19,-,-,-,-,329.13万,-690.39万,林业与纸制品,2.63%,6.19%,0.022
2790,Integra Resources,ITRG,US,2.94,-,3.72%,-0.01/-,-,-0.68,-,-,-,-,5.94亿,-224.30万,金属与采矿,2.00%,24.44%,3.21
2791,埃创,ITRI,US,88.55,-,1.94%,6.62/13.04,-,-0.01,-,-,NASDAQ,-,39.25亿,3.01亿,电子设备与仪器,1.48%,109.93%,2.29
2792,Ituran Location,ITRN,US,57.68,-,4.26%,2.92/19.71,-,2.93,-,-,NASDAQ,-,11.43亿,5796.70万,通信设备,0.77%,62.82%,5.25
2793,ITT,ITT,US,218.62,-,2.51%,6.15/40.05,ITT Corp(ITT)已分拆为三家独立上市公司。分拆后的防务及信息解决方案业务被命名为ITT Exelis，股票代码为“XLS”；水技术及服务业务被命名为Xylem，股票代码为“XYL”。两家新公司的股票都将于2011年11月1日开始交易。,-0.22,-,-,NYSE,-,195.45亿,4.88亿,机械制造,0.53%,92.48%,4.79
2794,伊利诺伊机械,ITW,US,269.29,-,1.21%,10.52/25.3,-,-1.41,-,-,NYSE,-,775.77亿,30.66亿,机械制造,0.41%,84.56%,24.05
2795,Inventiva,IVA,US,5.15,-,2.88%,-2.23/-,-,-1.15,-,-,-,-,10.70亿,-4.16亿,生物科技,0.16%,22.47%,-
2796,Iveda Solutions,IVDA,US,0.299,-,13.82%,-0.88/-,-,8.73,-,-,-,-,333.08万,-319.81万,软件,4.33%,2.82%,0.697
2797,INVO Fertility,IVF,US,2.14,-,5.99%,-17.83/-,-,-1.38,-,-,-,-,345.70万,-2533.31万,医疗保健设备,1.53%,2.62%,-
2798,景顺抵押资本,IVR,US,8.36,-,2.31%,1.32/8.24,-,1.46,-,-,NYSE,-,7.27亿,8817.30万,抵押型REITs,4.79%,36.81%,1.15
2799,Inventrust,IVT,US,32.51,-,3.28%,1.44/22.67,-,0.56,-,-,-,-,25.26亿,1.11亿,零售房地产投资信托,0.44%,77.68%,1.41
2800,Invivyd,IVVD,US,1.46,-,6.62%,-0.3/-,-,-3.31,-,-,-,-,4.13亿,-5248.90万,制药,0.63%,88.93%,1.71
2801,景顺,IVZ,US,25.51,http://www.invesco.com,2.48%,-1.6/-,景顺投资管理公司于1978年在美国成立，是一家全球领先的独立投资管理公司，致力于帮助世界各地的投资者实现财务目标。公司透过结合各投资团队的独特投资管理能力，为全球零售、机构及高资产值客户提供全方位的投资策略及传播媒介。截至2011年12月31日，公司业务遍及20多个国家，管理6253亿美元的资产。,0.55,-,-,NYSE,-,113.34亿,-7.26亿,资本市场,1.41%,74.35%,1.17
2802,欧力士,IX,US,30.4,-,1.00%,2.24/11.27,-,0,-,-,NYSE,-,337.51亿,24.85亿,资本市场,0.02%,2.42%,1.15
2803,Incannex Healthcare,IXHL,US,4.03,-,11.32%,-0.04/-,-,6.33,-,-,-,-,5631.39万,-1292.80万,制药,4.41%,2.22%,0.767
2804,IZEA Worldwide,IZEA,US,4.3,-,1.87%,0.0000/1761,-,0.7,-,-,NASDAQ,-,7454.53万,4.23万,媒体,0.14%,13.31%,1.52
2805,拍明芯城,IZM,US,0.373,-,3.41%,0.1/3.75,-,-2.1,-,-,-,-,448.28万,119.45万,电子设备与仪器,1.08%,0.47%,0.291
2806,雅各布工程,J,US,126.6,-,1.78%,1.12/34.34,-,-0.77,-,-,-,-,148.69亿,1.26亿,专业服务,0.55%,90.06%,4.32
2807,Jack In The Box,JACK,US,12.92,http://www.jackinthebox.com,7.16%,-0.13/-,"Jack In The Box Inc.（魔术玩偶箱公司）总部设在加利福尼亚州圣地亚哥，专营2,910家Jack in the Box快速服务餐厅和Qdoba墨西哥烧烤快速休闲餐厅。首家Jack in the Box餐厅于1951年开业。Jack in the Box从数量上来说是全国最大的汉堡包连锁店之一，是公司10大市场中第二或第三大快速服务汉堡连锁店，占了整个体系的约61％。Jack in the Box餐厅推出大量有特色的创新产品，供成年快餐消费者选择。公司的菜单上品种众多，包括汉堡包、炸玉米饼、特色三明治、饮料、真冰淇淋奶昔、沙拉和其他附加食品。Jack in the Box餐厅还为客人提供定制膳食或在任一时间订购任一产品，包括早餐食品。",1.65,-,-,NASDAQ,-,2.46亿,-245.80万,酒店餐饮与休闲,4.20%,95.45%,-
2808,Jackson Acquisition,JACS,US,10.58,-,0.00%,0.31/34.34,-,-0.28,-,-,-,-,3.13亿,911.56万,资本市场,0.11%,92.05%,1511
2809,Jaguar Uranium,JAGU,US,2.58,-,13.65%,-0.26/-,-,7.05,-,-,-,-,5209.99万,-231.45万,金属与采矿,0.85%,0.05%,8.9
2810,Jaguar Health,JAGX,US,0.388,http://www.jaguaranimalhealth.com,8.12%,-22.97/-,Jaguar Animal Health is an animal health company focused on developing and commercializing first-in-class gastrointestinal products for companion and production animals. Canalevia is our lead prescription drug product candidate for the treatment of various forms of watery diarrhea in dogs. We expect to announce data from our field efficacy trial of Canalevia for general acute watery diarrhea in dogs in the fourth quarter of 2014.,-1.52,S1/F1,-,NASDAQ,-,505.15万,-5357.50万,医疗保健设备,3.13%,0.50%,-
2811,Jakks Pacific,JAKK,US,22.2,-,3.01%,0.88/25.74,-,-1.77,-,-,NASDAQ,-,2.54亿,987.10万,休闲设备与用品,0.39%,60.62%,1.02
2812,Janus Living,JAN,US,25.11,-,4.21%,-/1041,-,1.66,-,-,-,-,66.07亿,634.90万,医疗保健房地产投资信托,-,0.01%,5.15
2813,Janux Therapeutics,JANX,US,15.01,-,2.21%,-1.83/-,-,-1.19,-,-,-,-,9.13亿,-1.14亿,制药,1.05%,102.03%,0.954
2814,JATT II,JATT,US,10.5,-,1.73%,-/0.0000,-,0.7,-,-,-,-,8190.00万,-,资本市场,0.06%,-,0.0000
2815,爵士制药,JAZZ,US,196.52,-,3.32%,-5.84/-,-,-1.72,-,-,NASDAQ,-,120.98亿,-3.56亿,制药,1.26%,100.05%,2.8
2816,JBDI Holdings,JBDI,US,0.58,-,5.15%,0.01/-,-,-0.51,-,-,-,-,1103.69万,19.80万,容器与包装,0.11%,0.28%,2.78
2817,Jbg Smith,JBGS,US,15.53,-,1.95%,-2.09/-,-,1.11,-,-,-,-,11.72亿,-1.39亿,权益型REITs,0.38%,96.63%,1.01
2818,JB亨特运输服务,JBHT,US,248.59,-,2.50%,1.5/37.68,-,-2.02,-,-,NASDAQ,-,234.42亿,1.42亿,公路与铁路,0.82%,74.91%,6.52
2819,Janus International,JBI,US,5.44,-,2.98%,0.39/14.04,-,1.3,-,-,-,-,7.55亿,5380.00万,建筑产品,1.01%,96.33%,1.32
2820,Jade Biosciences,JBIO,US,24.98,-,11.32%,-3.19/-,-,-0.91,-,-,-,-,12.32亿,-1.27亿,制药,1.86%,96.02%,6.87
2821,捷普,JBL,US,341.65,http://www.jabil.com,1.83%,3.46/44.55,捷普电子公司于1992年在特拉华州成立，是全球电子制造服务和解决方案的领先供应商之一。公司提供全面的电子产品设计、生产和产品管理服务的公司，其业务涉及多个领域，包括售后服务、计算与存储、国防与航空航天、数字家庭与办公室、新兴增长的医疗保健与仪器设备、工业与清洁技术、消费者生活方式中可穿戴材料技术、移动EMS、网络与电信、印刷与包装等。,0.92,-,-,NYSE,-,360.45亿,3.69亿,电子设备与仪器,1.18%,95.75%,26.82
2822,捷蓝航空,JBLU,US,5.27,http://www.jetblue.com,3.81%,-1.66/-,捷蓝航空是总部位于美国的一家廉价航空公司。,0.38,-,-,NASDAQ,-,19.61亿,-6.02亿,航空公司,7.61%,83.61%,0.925
2823,JBS,JBS,US,16.62,-,3.00%,1.89/8.79,-,-1.42,-,-,-,-,177.98亿,20.24亿,食品,1.73%,45.65%,2.04
2824,John B. Sanfilippo,JBSS,US,81.71,-,2.09%,3.14/13.57,-,0.33,-,-,NASDAQ,-,9.55亿,3668.30万,食品,0.76%,93.02%,2.58
2825,JBT Marel,JBTM,US,130.17,-,1.83%,-0.98/-,-,-0.56,-,-,-,-,67.75亿,-5050.00万,机械制造,0.66%,97.79%,1.52
2826,Jefferson Capital,JCAP,US,20.44,-,1.50%,5.64/6.71,-,-0.87,-,-,NYSE,-,12.61亿,1.88亿,消费信贷,0.99%,21.69%,2.65
2827,Nuveen Core Equity,JCE,US,15.92,-,0.91%,2.74/5.81,-,0.19,-,-,NYSE,-,2.71亿,4661.61万,资本市场,0.16%,25.54%,0.941
2828,江森自控,JCI,US,141.92,"http://www.johnsoncontrols.com,www.tyco.com",1.17%,0.86/25.58,江森自控(JCI)是全球最主要的建筑设备自动化管理系统的生产商和工程承建商，可为建筑物提供节能、环境控制、防火、保安、自动化管理系统及工业控制设备，并可为各种建筑物提供从设计、产品制造、系统安装调试、维修到物业管理的全过程优质服务。,0.13,-,-,NYSE,-,868.64亿,5.24亿,建筑产品,0.37%,92.62%,6.72
2829,佳益净科控股,JCSE,US,1.14,-,10.85%,-0.12/-,-,7.55,-,-,-,-,604.96万,-65.41万,机械制造,2.32%,0.32%,0.49
2830,朱伊特卡梅伦贸易,JCTC,US,1.925,-,3.04%,-1.48/-,-,0.79,-,-,-,-,677.62万,-519.31万,林业与纸制品,0.48%,12.41%,0.435
2831,京东,JD,US,30.27,http://www.jd.com,1.20%,0.99/14.73,京东商城是目前国内最大自营式B2C企业。京东商城目前拥有遍及全国各地2500万注册用户，近6000家供应商，在线销售家电、数码通讯、电脑、家居百货、服装服饰、母婴、图书、食品等11大类数万个品牌百万种优质商品，日订单处理量超过30万单，网站日均PV超过5000万。2007年，京东商城获得了来自今日资本千万美元的融资。2008年底，获得今日资本、雄牛资本以及亚洲著名投资银行家梁伯韬先生私人公司共计2100万美元的联合注资。2011年初，京东获得俄罗斯投资者数字天空技术(DST)、老虎基金等共6家基金和社会知名人融资共计15亿美元。,0.97,S1/F1,"86-10-89118888,86-10-89126805",NASDAQ,北京市大兴区亦庄经济技术开发区科创11街18号A栋20楼,413.43亿,28.07亿,多元化零售,0.32%,7.26%,1.28
2832,课标科技,JDZG,US,1.2,-,5.93%,-5.5/-,-,1.69,-,-,-,-,517.78万,-151.53万,综合消费者服务,3.15%,0.00%,0.3
2833,杰富瑞金融,JEF,US,47.46,-,6.63%,0.72/14.73,-,3.87,-,-,-,-,97.02亿,1.56亿,资本市场,1.90%,70.21%,0.914
2834,Jeld-wen Holding,JELD,US,1.46,-,14.62%,-7.29/-,-,12.31,-,-,NYSE,-,1.26亿,-6.21亿,建筑产品,2.50%,90.87%,1.37
2835,707 Cayman Holdings,JEM,US,1.24,-,7.03%,-0.24/-,-,-3.13,-,-,NYSE,-,223.36万,-526.26万,专营零售,-,0.92%,0.341
2836,Jena II,JENA,US,-,-,-,-0.08/-,-,-,-,-,-,-,2.97亿,-183.68万,资本市场,-,82.52%,1.33
2837,J and Friends,JF,US,1.08,-,7.62%,-/-,-,2.86,-,-,-,-,1711.61万,-68.07万,消费信贷,-,0.03%,-
2838,JFB Construction,JFB,US,5.85,-,8.25%,-0.31/-,-,-3.47,-,-,-,-,8311.62万,-527.26万,房地产管理和开发Ⅲ,2.08%,4.80%,2.2
2839,嘉银科技,JFIN,US,4.66,-,2.16%,1.05/1.13,-,0.65,-,-,-,-,2.49亿,2.20亿,消费信贷,-,1.06%,0.392
2840,Nuveen Floating Rate,JFR,US,7.46,-,1.00%,0.24/15.2,-,-0.13,-,-,NYSE,-,12.01亿,3268.50万,资本市场,0.28%,44.14%,0.876
2841,玖富,JFU,US,2.887,-,1.30%,0.13/0.938,-,1.3,-,-,-,-,3352.19万,3050.99万,综合金融服务,-,0.00%,0.063
2842,极光,JG,US,7.133,-,6.73%,0.0000/702.8,-,1.9,-,-,-,-,4251.34万,6.05万,软件,0.38%,0.66%,4.52
2843,Nuveen Global High I,JGH,US,12.65,-,1.97%,1.22/10.4,-,-0.16,-,-,NYSE,-,3.56亿,3421.89万,资本市场,0.31%,52.71%,0.918
2844,骏利亨德森集团,JHG,US,51.55,-,0.08%,5.25/9.73,-,0,-,-,NYSE,-,79.43亿,8.16亿,资本市场,0.71%,90.69%,1.33
2845,John Hancock Investo,JHI,US,13.34,-,1.27%,1.16/11.55,-,0,-,-,NYSE,-,1.17亿,1009.96万,资本市场,0.32%,28.52%,0.899
2846,John Hancock Income,JHS,US,11.195,-,0.63%,0.95/11.76,-,0.31,-,-,NYSE,-,1.30亿,1108.60万,资本市场,0.02%,60.46%,0.899
2847,詹姆斯哈迪,JHX,US,21.97,-,1.55%,0.14/107,-,0.32,-,-,NYSE,-,127.46亿,7550.00万,建筑材料,0.94%,38.46%,1.99
2848,J.Jill,JILL,US,13.21,-,4.27%,1.84/7.06,-,1.54,-,-,NYSE,-,1.97亿,2789.10万,专营零售,0.68%,43.14%,1.62
2849,JJSF食品,JJSF,US,84.16,-,4.78%,0.05/26.09,-,2.97,-,-,NASDAQ,-,16.00亿,88.30万,食品,2.01%,79.89%,1.75
2850,杰克亨利,JKHY,US,151.15,-,1.93%,3.71/21.5,-,0.37,-,-,NASDAQ,-,109.08亿,2.69亿,综合金融服务,0.95%,101.60%,4.95
2851,晶科能源,JKS,US,22.59,http://www.jinkosolar.com,4.70%,-3.05/-,晶科能源有限公司是中国领先的光伏产品制造商，注册资金1.9亿美元，是（香港）栢嘉科技有限公司全资创办的外资企业。业务营销网络涵盖北美，欧洲以及亚洲。公司员工总数约2500余人，生产基地位于江西省以及浙江省，生产设备面积总占670000平方米。公司的全球营销中心位于中国上海，并且正在荷兰的鹿特丹筹备完善海外仓库。晶科能源于2010年5月14在美国纽约证券交易所成功上市，发行价为每ADS11美元，筹资总额达到6418万美元。1ADS=4普通股,-1.61,S1/F1,86-793-8469699,NYSE,江西省上饶经济开发区金科路 1号,11.67亿,-6.36亿,电子设备与仪器,0.82%,7.40%,0.519
2852,即亮集团,JL,US,6.39,-,6.99%,0.62/9.23,-,6.32,-,-,-,-,2403.73万,231.94万,纺织服装与奢侈品,1.01%,0.35%,1.44
2853,巨龙控股,JLHL,US,9.73,-,8.26%,0.18/56.81,-,1.78,-,-,-,-,2.09亿,367.36万,电子设备与仪器,1.57%,0.44%,21.29
2854,仲量联行,JLL,US,338.56,-,1.83%,16.73/19.83,-,0.28,-,-,NYSE,-,157.07亿,7.92亿,房地产管理和开发Ⅲ,0.63%,93.15%,2.09
2855,Nuveen Mortgage & In,JLS,US,18.165,-,0.66%,1.74/10.46,-,-0.19,-,-,NYSE,-,9948.29万,951.13万,资本市场,0.30%,48.65%,0.932
2856,JM Group,JMG,US,-,-,-,0.15/56,-,-,-,-,-,-,1.34亿,239.75万,多元化零售,-,0.79%,-
2857,Jumia Technologies,JMIA,US,7.14,-,6.73%,-0.25/-,-,0.14,-,-,-,-,8.84亿,-6155.10万,多元化零售,2.67%,12.93%,33.68
2858,Nuveen Multi-Market,JMM,US,5.854,-,0.10%,0.21/11.58,-,-0.61,-,-,NYSE,-,5539.26万,196.01万,资本市场,0.04%,75.06%,0.908
2859,John Marshall,JMSB,US,21.03,-,1.56%,1.49/14.13,-,-0.47,-,-,-,-,2.99亿,2115.60万,商业银行,0.17%,48.63%,1.13
2860,强生,JNJ,US,227.5,http://www.jnj.com,1.29%,2.17/26.03,美国强生(Johnson & Johnson)成立于1886年，是一家多元化的医疗卫生保健品及消费者护理产品公司。生产及销售产品涉及消费品及个人护理产品、医药产品和医疗器材及诊断产品市场等多个领域。,-1.37,-,-,NYSE,-,5476.42亿,52.35亿,制药,0.25%,73.96%,6.75
2861,GEE Group,JOB,US,0.236,-,2.08%,0.0000/-,-,-1.67,-,-,AMEX,-,2592.95万,-15.00万,专业服务,0.08%,23.45%,0.519
2862,Joby Aviation,JOBY,US,8.5,-,5.30%,-1.13/-,-,0.12,-,-,-,-,83.57亿,-9.30亿,航空公司,4.07%,48.16%,5.93
2863,圣乔,JOE,US,71.01,-,3.94%,2/35.34,-,2.06,-,-,NYSE,-,40.86亿,1.16亿,房地产管理和开发Ⅲ,0.26%,86.47%,5.33
2864,Japan Smaller Capita,JOF,US,10.98,-,0.41%,2.61/4.54,-,0.46,-,-,NYSE,-,3.11亿,7407.10万,资本市场,0.21%,78.83%,0.923
2865,约翰逊户外,JOUT,US,51.6,-,3.18%,-0.33/-,-,-1.26,-,-,NASDAQ,-,5.39亿,-330.00万,休闲设备与用品,0.74%,76.34%,1.3
2866,欢聚,JOYY,US,58.74,-,2.16%,39.86/1.4,-,1.71,-,-,-,-,29.36亿,20.97亿,互动媒体与服务,0.48%,3.03%,0.449
2867,Nuveen Preferred & I,JPC,US,7.95,-,0.44%,0.53/9.73,-,0.13,-,-,NYSE,-,29.48亿,1.72亿,资本市场,0.25%,18.08%,0.982
2868,摩根大通,JPM,US,308.28,http://www.jpmorganchase.com,1.05%,5.95/14.36,摩根大通集团（JPMorgan Chase & Co，NYSE：JPM；），业界称西摩或小摩，总部位于美国纽约，总资产2.5万亿美元，总存款达1.5万亿美元，占美国存款总额的25%，分行6000多家，是美国最大金融服务机构之一，摩根大通于2000年由大通曼哈顿银行及J.P.摩根公司合并而成，并分别收购芝加哥第一银行和贝尔斯登银行和华盛顿互惠银行。摩根大通是一家跨国金融服务机构及美国最大的银行之一，业务遍及60多个国家，包括投资银行、金融交易处理、投资管理、商业金融服务、个人银行业务等。,-1.09,-,-,NYSE,-,8260.36亿,161.48亿,商业银行,0.20%,74.00%,2.4
2869,Nuveen Credit Strate,JQC,US,4.77,-,1.15%,0.17/14.67,-,-0.63,-,-,NYSE,-,7.05亿,2304.05万,资本市场,0.61%,36.49%,0.868
2870,Nuveen Real Asset In,JRI,US,12.89,-,0.77%,1.79/7.2,-,0.08,-,-,NYSE,-,3.54亿,4911.12万,资本市场,0.34%,21.46%,0.964
2871,Nuveen Real Estate I,JRS,US,8.09,-,1.24%,-0.15/-,-,0.25,-,-,NYSE,-,2.34亿,-431.19万,资本市场,0.07%,22.50%,0.985
2872,Jerash Holdings,JRSH,US,3.42,-,3.40%,0.15/24.15,-,1.18,-,-,-,-,4343.38万,195.09万,纺织服装与奢侈品,2.07%,7.90%,0.692
2873,詹姆斯河集团控股,JRVR,US,6.35,http://www.jrgh.net/,3.99%,0.86/7.38,"James River Group Holdings, Ltd. is a Bermuda-based insurance holding company. We own and operate a group of specialty insurance and reinsurance companies founded by members of our management team. For the year ended December 31, 2013, 70% of our group-wide gross written premiums originated from the U.S. excess and surplus lines market. Substantially all of our business is casualty insurance and reinsurance, and for the year ended December 31, 2013, we derived over 95% of our group-wide gross written premiums from casualty insurance and reinsurance. Our objective is to generate compelling returns on tangible equity, while limiting underwriting and investment volatility. We seek to accomplish this by earning profits from insurance and reinsurance underwriting on a consistent basis while managing our capital opportunistically to grow tangible equity per share for our shareholders. Our group includes three specialty property-casualty insurance and reinsurance segments: Excess and Surplus Lines, Specialty Admitted Insurance and Casualty Reinsurance. In all of our segments, we tend to focus on accounts associated with small or medium-sized businesses.",1.44,-,-,NASDAQ,-,2.92亿,3955.10万,保险,0.87%,76.44%,0.542
2874,Jasper Therapeutics,JSPR,US,0.838,-,10.50%,-3.95/-,-,-7.4,-,-,-,-,2346.13万,-7580.10万,生物科技,2.59%,71.97%,5.66
2875,Jet.AI,JTAI,US,7.12,-,9.02%,1.52/1,-,-7.41,-,-,-,-,460.53万,458.95万,软件,31.53%,0.06%,0.21
2876,Jupiter,JUNS,US,0.39,-,11.66%,-0.25/-,-,1.04,-,-,-,-,1414.97万,-864.49万,制药,0.44%,1.77%,-
2877,Coffee Holding,JVA,US,4.53,-,4.40%,0.29/13.62,"Coffee Holding Co., Inc. is an integrated wholesale coffee roaster and dealer in the United States. The Company conducts wholesale coffee operations, including manufacturing, roasting, packaging, marketing and distributing roasted and blended coffees for private labeled accounts and its own brands, and it sells green coffee. The Company’s core product, coffee, can be summarized and divided into three product categories: wholesale green coffee, private-label coffee and branded coffee. The wholesale green coffee includes unroasted raw beans imported from around the world and sold to large and small roasters and coffee shop operators. The private-label coffee consists of coffee roasted, blended, packaged and sold under the specifications and names of others, including supermarkets. The branded coffee includes coffee roasted and blended to the Company’s own specifications and packaged and sold under the Company’s seven own and licensed brand names in different segments of the market.",-0.44,-,-,NASDAQ,-,2586.00万,164.83万,饮料,1.45%,17.52%,0.924
2878,聚好商城,JWEL,US,2.36,-,0.00%,-0.58/-,-,-1.26,-,-,-,-,512.23万,-126.31万,多元化零售,0.01%,0.53%,0.326
2879,金铉集团,JXG,US,3.9,-,5.32%,0.47/19.09,-,-1.27,-,-,-,-,3617.96万,171.81万,酒店餐饮与休闲,0.51%,0.27%,1.51
2880,Jackson Financial,JXN,US,113.13,-,3.07%,-0.24/-,-,-0.24,-,-,-,-,79.63亿,-1700.00万,综合金融服务,0.52%,85.72%,0.845
2881,佳裕达,JYD,US,4.301,-,11.46%,-2.23/-,-,4.9,-,-,-,-,3569.36万,-509.09万,航空货运与物流,0.99%,0.01%,0.938
2882,The Joint,JYNT,US,9.02,http://www.thejoint.com,2.67%,0.19/44.44,"The Joint Corp. , a Delaware corporation, was formed on March 10, 2010, for the purpose of franchising chiropractic clinics, selling regional developer rights and supporting the operations of franchised chiropractic clinics at locations throughout the United States.",2.5,S1/F1,-,NASDAQ,-,1.29亿,290.73万,医疗保健技术,0.30%,77.64%,8.58
2883,见知教育,JZ,US,0.932,-,0.00%,-0.01/-,-,-5.67,-,-,-,-,4403.64万,-225.06万,综合消费者服务,-,0.00%,6.38
2884,九紫新能,JZXN,US,0.964,-,3.08%,-29.38/-,-,-1.13,-,-,-,-,128.10万,-1019.11万,专营零售,1.56%,19.14%,0.091
2885,凯登纸业,KAI,US,312.76,-,5.53%,8.66/36.22,-,-4.23,-,-,NYSE,-,36.93亿,1.02亿,机械制造,1.66%,111.81%,3.77
2886,KALA BIO,KALA,US,0.136,-,15.58%,-3.31/-,-,-11.69,-,-,-,-,1.26亿,-2698.00万,制药,0.79%,0.31%,17
2887,凯撒铝业,KALU,US,177.86,-,9.00%,3.85/18.95,-,8.4,-,-,NASDAQ,-,29.06亿,6250.00万,金属与采矿,2.87%,98.72%,3.31
2888,KalVista,KALV,US,19.63,-,5.56%,-2.97/-,-,2.88,-,-,NASDAQ,-,10.05亿,-1.10亿,制药,2.59%,131.34%,59.13
2889,Kairos Pharma,KAPA,US,0.607,-,11.06%,-0.3/-,-,-9.27,-,-,-,-,1299.66万,-544.70万,制药,1.02%,4.08%,2.05
2890,Karooooo,KARO,US,50,-,2.74%,1.46/25.87,-,0.1,-,-,-,-,15.45亿,4507.30万,软件,0.59%,12.45%,8.3
2891,韩国国民银行,KB,US,106.76,-,1.28%,10.67/9.86,-,0.11,-,-,NYSE,-,398.06亿,40.38亿,商业银行,0.04%,5.46%,0.974
2892,Kayne Anderson,KBDC,US,14.25,-,2.17%,1.33/10.11,-,0.92,-,-,-,-,9.48亿,9370.60万,资本市场,0.39%,54.91%,0.854
2893,KB Home,KBH,US,55.27,http://www.kbhome.com,2.42%,0.53/9.82,KB Home 是美国一家住宅建筑商,-1.55,-,-,NYSE,-,34.63亿,3342.40万,耐用消费品,1.62%,94.14%,0.898
2894,Karbon Capital Partn,KBON,US,10.075,-,0.05%,0.03/966.5,-,-0.15,-,-,-,-,3.45亿,35.70万,资本市场,0.00%,-,1.03
2895,KBR科技,KBR,US,35.23,http://www.kbr.com,1.85%,3.21/10.76,KBR 是一个全球性工程设计、建筑施工和服务公司，为能源、碳氢化合物、政府服务、矿产、民用基础设施、电力、工业和商业市场等行业服务。,0,-,-,NYSE,-,44.67亿,4.15亿,建筑与工程,0.82%,97.68%,2.97
2896,FST,KBSX,US,1.39,-,7.39%,-0.03/-,-,-11.47,-,-,-,-,6222.47万,-150.02万,休闲设备与用品,0.17%,4.19%,2.73
2897,金山云,KC,US,16.35,-,2.10%,-0.03/-,-,-3.48,-,-,-,-,49.40亿,-1.34亿,专业服务,0.30%,0.26%,3.71
2898,Kochav Defense,KCHV,US,10.3,-,0.10%,0.24/63.75,-,0.19,-,-,-,-,3.53亿,553.52万,资本市场,-,94.79%,1.4
2899,Kyndryl Holdings,KD,US,13.57,-,2.38%,0.79/12.29,-,1.12,-,-,-,-,30.59亿,1.81亿,信息技术服务,1.73%,84.27%,2.56
2900,Kodiak,KDK,US,8.75,-,3.59%,-6.42/-,-,-1.46,-,-,-,-,15.97亿,-5.86亿,信息技术服务,0.37%,29.86%,-
2901,Keurig Dr Pepper,KDP,US,29.22,-,3.43%,0.2/21.7,-,2.42,-,-,-,-,397.56亿,2.70亿,饮料,1.16%,93.78%,1.57
2902,金博尔电子,KE,US,27.74,-,4.18%,0.56/27.85,-,2.14,-,-,NASDAQ,-,6.72亿,1372.30万,电子设备与仪器,0.42%,84.73%,1.16
2903,Keel Infrastructure,KEEL,US,3.29,-,7.72%,-/-,-,1.54,-,-,-,-,19.83亿,-2.85亿,信息技术服务,18.24%,36.03%,3.54
2904,凯利服务A,KELYA,US,9.61,-,2.85%,-7.24/-,-,1.59,-,-,NASDAQ,-,3.29亿,-2.54亿,专业服务,0.77%,79.50%,0.337
2905,凯利服务B,KELYB,US,16.84,-,2.99%,-7.24/-,-,-1.29,-,-,NASDAQ,-,5.76亿,-2.54亿,专业服务,1.82%,1.48%,0.59
2906,Kenon Holdings,KEN,US,81.67,-,1.91%,1.27/64.21,-,0.42,-,-,NYSE,-,42.56亿,6627.40万,独立电力生产商,0.10%,11.74%,2.68
2907,韩国电力,KEP,US,15.63,-,1.23%,9.22/3.39,-,1.43,-,-,NYSE,-,200.68亿,59.15亿,电力,0.05%,1.80%,0.602
2908,基瓦尼科技,KEQU,US,37.14,-,0.14%,2.18/9.61,-,2.85,-,-,NASDAQ,-,1.06亿,623.00万,医疗保健设备,0.01%,39.76%,1.51
2909,卡比海运,KEX,US,150.6,-,1.50%,6.37/22.78,-,-0.17,-,-,NYSE,-,80.75亿,3.55亿,海运,1.50%,101.97%,2.39
2910,Keycorp,KEY,US,21.63,-,2.66%,0.45/13.04,-,-1.73,-,-,NYSE,-,235.18亿,4.86亿,商业银行,1.27%,91.50%,1.34
2911,是德科技,KEYS,US,346.96,-,2.14%,1.64/62.11,-,0.12,-,-,NYSE,-,595.05亿,2.81亿,电子设备与仪器,0.57%,90.87%,9.59
2912,Korea Fund,KF,US,55.46,-,2.77%,12.79/2.54,-,3.12,-,-,NYSE,-,2.31亿,5317.34万,资本市场,0.18%,78.72%,1.31
2913,肯塔基第一银行,KFFB,US,4.31,-,0.00%,0.08/41.94,-,-4.22,-,-,NASDAQ,-,3485.37万,64.80万,商业银行,0.28%,3.77%,0.71
2914,K&F Growth,KFII,US,10.47,-,0.00%,0.28/40.31,-,0,-,-,-,-,4.11亿,1019.64万,资本市场,0.02%,88.38%,1.42
2915,K力,KFRC,US,32.41,-,5.25%,1.97/16.96,-,1.15,-,-,NASDAQ,-,5.91亿,3482.50万,专业服务,2.84%,94.30%,4.74
2916,汇富金融服务,KFS,US,11.8,-,4.63%,-0.43/-,-,1.2,-,-,NYSE,-,3.42亿,-1191.70万,保险,0.28%,48.31%,22.52
2917,光辉国际,KFY,US,65.8,-,7.51%,3.91/12.71,-,0.69,-,-,NYSE,-,34.14亿,2.04亿,专业服务,0.63%,97.23%,1.71
2918,Kestrel Group,KG,US,9.82,-,7.46%,8.08/1.63,-,-6.03,-,-,-,-,7602.59万,4672.50万,保险,0.18%,15.00%,0.529
2919,金罗斯黄金,KGC,US,32.79,http://www.kinross.com,2.99%,1.96/16.43,"Kinross Gold Corporation主要从事黄金开采和加工产业，对银矿石和勘探和收购是其副业，公司在美洲、俄罗斯联邦、西非和全世界的范围内开展金矿开采性质的业务。金罗斯的主要产品以金银矿石的原形运到炼油厂进行最终处理。金罗斯的业务策略是通过增加黄金储备,产品生产量,长期的现金流和每股收益来增加股东价值资产净值。金罗斯的战略还包括优化性能、提高现有的业务价值水平、投资质量勘探和开发项目以及获得新的潜在增加机遇的项目。金罗斯公司最初于1993年5月通过与CMP资源有限公司合并成立。",2.09,-,-,NYSE,-,392.69亿,23.90亿,金属与采矿,0.46%,59.08%,4.58
2920,Kolibri Global,KGEI,US,5.47,-,9.16%,0.44/12.54,-,-1.8,-,-,-,-,1.94亿,1547.70万,石油与天然气,3.73%,40.74%,0.952
2921,Kodiak Gas,KGS,US,65.98,-,2.66%,0.9/70.38,-,1.79,-,-,-,-,56.67亿,8052.10万,石油与天然气,0.83%,103.76%,4.71
2922,卡夫亨氏,KHC,US,21.94,-,2.37%,-4.93/-,-,-0.14,-,-,NASDAQ,-,260.16亿,-58.46亿,食品,1.29%,85.92%,0.624
2923,Orthopediatrics,KIDS,US,16.19,-,2.78%,-1.69/-,-,-0.12,-,-,-,-,4.16亿,-3964.80万,医疗保健设备,1.45%,65.36%,1.2
2924,Classover,KIDZ,US,0.949,-,14.87%,-739353/-,-,-18.89,-,-,-,-,123.89万,-704.49万,综合消费者服务,65.86%,3.74%,0.328
2925,金克地产,KIM,US,23.69,http://www.kimcorealty.com,1.80%,0.82/28.82,金克不动产公司是一家马里兰公司，是全国最大的业主和运营商的社区和社区购物中心之一。公司是一个自我管理的房地产投资信托，拥有和经营邻里和社区购物中心超过50年。本公司并无参与，亦不预期将保留任何与其物业营运有关的任何房地产投资信托顾问。该公司通过其前身The Kimco Corporation开始运营，该公司于1966年由其主要股东拥有的几个购物中心物业的贡献而组织。公司的初始增长主要是由于地面开发和购物中心的建设。随后，公司修订了其增长战略，重点是收购现有的购物中心，并继续在全国扩张。,-0.63,-,-,NYSE,-,159.77亿,5.54亿,零售房地产投资信托,0.70%,96.78%,1.54
2926,金石保险,KINS,US,17.6,-,4.82%,2.93/6.25,-,1.03,-,-,NASDAQ,-,2.55亿,4076.71万,保险,1.00%,53.56%,2.08
2927,KKR Income,KIO,US,11.18,-,0.72%,0.57/19.68,-,0.63,-,-,NYSE,-,4.58亿,2328.70万,资本市场,0.25%,25.19%,0.88
2928,Nauticus Robotics,KITT,US,3.07,-,20.98%,-10.45/-,-,0.66,-,-,-,-,1339.30万,-4082.84万,机械制造,33.73%,2.86%,1.91
2929,Kkr,KKR,US,101.83,http://www.kkr.com,2.14%,2.51/40.32,KKR & CO. L.P.(KKR) 是美国私募股权巨头。,0.19,-,-,NYSE,-,907.87亿,22.52亿,资本市场,0.35%,60.78%,3.2
2930,科磊,KLAC,US,1935,-,5.21%,17.24/55.65,-,6.59,-,-,NASDAQ,-,2536.33亿,22.67亿,半导体产品与设备,0.87%,89.77%,46.4
2931,Klarna,KLAR,US,14.07,-,3.43%,-0.79/-,-,2.7,-,-,-,-,99.28亿,-2.94亿,综合金融服务,2.35%,51.35%,3.96
2932,KinderCare Learning,KLC,US,3.37,-,6.46%,-0.95/-,-,1.2,-,-,-,-,3.99亿,-1.13亿,综合消费者服务,1.82%,95.27%,0.528
2933,库力索法半导体,KLIC,US,87.71,-,3.80%,0.32/-,-,3.6,-,-,NASDAQ,-,45.90亿,1679.60万,半导体产品与设备,1.75%,89.83%,5.56
2934,Kailera Therapeutics,KLRA,US,22.47,-,12.76%,-/-,-,-10.41,-,-,-,-,27.79亿,-1.49亿,制药,1.36%,-,-
2935,Kalaris,KLRS,US,6.11,-,3.44%,-2.85/-,-,0.16,-,-,-,-,1.40亿,-4343.80万,生物科技,0.35%,78.24%,1.78
2936,Kaltura,KLTR,US,1.28,-,5.60%,-0.08/-,-,2.4,-,-,-,-,1.90亿,-1207.20万,软件,0.36%,34.56%,29.77
2937,Klx Energy Services,KLXE,US,3.35,-,24.15%,-4.12/-,-,13.95,-,-,-,-,6589.03万,-7710.00万,能源设备与服务,5.05%,25.25%,-
2938,金佰利,KMB,US,97.85,-,1.80%,6.09/16.07,金佰利是世界级家用纸类、无纺布及吸水体方面技术的创始者。金佰利已经成为全球最大的纸巾生产厂商和全美第二大家庭和个人护理用品公司，三项核心业务遍及全球：个人健康护理用品，消费者用纸巾产品和非家用类产品。,-0.08,-,-,NYSE,-,324.79亿,20.21亿,林业与纸制品,1.02%,86.83%,21.62
2939,Kamada,KMDA,US,8.28,-,1.69%,0.35/23.65,-,0.12,-,-,NASDAQ,-,4.78亿,2019.80万,生物科技,0.07%,9.30%,1.78
2940,金德尔摩根,KMI,US,31.74,http://www.kindermorgan.com,2.11%,0.44/21.3,金德尔摩根公司创立于2006年8月23日，总部设在德克萨斯州休斯顿。公司按照控股公司模式运作，通过对能源业务的直接拥有和一般合伙人持股的商业模式支撑两方面主要业务板块：为客户提供能源、大宗商品和液态商品运输、储存和分销，并为股东带来长期价值。公司是北美第四大能源公司。,0.03,-,-,NYSE,-,706.16亿,9.76亿,石油与天然气,0.58%,68.00%,2.25
2941,Kemper,KMPR,US,32.82,-,2.76%,2.31/13.47,-,0.58,-,-,NYSE,-,19.30亿,1.43亿,保险,1.53%,88.29%,0.72
2942,K-Tech Solutions,KMRK,US,3.23,-,28.57%,-24/-,-,-23.28,-,-,-,-,6815.30万,-49.42万,休闲设备与用品,7.69%,0.20%,9
2943,肯纳金属,KMT,US,39.2,-,2.93%,0.75/27.09,-,-0.71,-,-,NYSE,-,29.87亿,5718.30万,机械制造,0.82%,100.25%,2.27
2944,Kestra Medical,KMTS,US,22.45,-,9.97%,-1.76/-,-,-1.19,-,-,-,-,13.10亿,-9277.70万,医疗保健设备,0.80%,96.79%,4.55
2945,车美仕,KMX,US,38.27,-,2.26%,1.68/21.95,Carmax(KMX)是美国最大二手车零售商。CarMax在2008年卖出了39万辆车，销售额高达82亿美元，作为世界唯一的一个二手车流通企业跻身美国财富500强。股神巴菲特自2007年第三季度开始买入该公司股票并达到了15%，这是CarMax所允许的最大持股限额，据称，这是巴菲特在全球汽车及汽车流通相关领域唯一的一笔投资。,-0.73,-,-,NYSE,-,54.27亿,2.47亿,专营零售,2.10%,106.53%,0.922
2946,Knowles,KN,US,30.61,-,9.11%,0.11/46.85,-,-2.11,-,-,NYSE,-,26.19亿,970.00万,电子设备与仪器,2.63%,100.03%,3.36
2947,康迪科技,KNDI,US,0.727,http://www.kandivehicle.com/default.aspx,4.52%,0.02/-,浙江康迪车业有限公司，为集研发、生产、销售各种车辆的现代化企业、2008年进入中国机械行业500强。公司现有电动汽车、专用汽车、全地形车、农夫车、休闲车等5个系列五十多个品种。2008年3月18日康迪车业在美国纳斯达克主版上市，成为金华市首家纳斯达克上市公司。,-0.41,-,86-579-82239856,NASDAQ,浙江省金华市工业园区康迪汽车城,6251.16万,172.40万,汽车,0.29%,1.28%,0.177
2948,Knife River,KNF,US,89.15,-,3.08%,2.77/32.21,-,0.91,-,-,-,-,50.60亿,1.57亿,建筑材料,0.63%,90.09%,3.08
2949,KNOT Offshore,KNOP,US,10.52,-,3.12%,0.48/21.92,-,0.86,-,-,NYSE,-,3.54亿,1615.70万,海运,0.70%,24.26%,0.66
2950,Knorex,KNRX,US,1.18,-,5.82%,-/-,-,-1.91,-,-,-,-,3589.93万,-461.87万,软件,-,0.04%,-
2951,Kiniksa,KNSA,US,42.79,-,2.45%,0.8/55.73,-,-0.6,-,-,-,-,32.89亿,5900.50万,制药,1.47%,94.33%,5.79
2952,Kinsale Capital,KNSL,US,345.08,-,6.86%,4.9/15.1,-,-0.78,-,-,NASDAQ,-,79.59亿,1.13亿,保险,1.84%,88.89%,4.05
2953,Kinetik Holdings,KNTK,US,47.47,-,2.50%,2.66/43.24,-,0.34,-,-,-,-,77.07亿,1.78亿,石油与天然气,1.34%,105.96%,-
2954,Knight-Swift,KNX,US,65.2,-,2.92%,-0.01/311.6,-,-0.87,-,-,NYSE,-,105.92亿,-131.70万,公路与铁路,1.48%,102.73%,1.5
2955,可口可乐,KO,US,76.63,https://www.coca-colacompany.com,1.09%,3.05/25.16,可口可乐(KO) 成立于1892年，是全球最大的饮料公司、碳酸饮料市场的领导者及头号生产商。,0.46,-,-,NYSE,-,3298.27亿,131.07亿,饮料,0.28%,74.14%,10.25
2956,Kodiak Sciences,KOD,US,44.84,-,5.04%,-4.32/-,-,-0.82,-,-,-,-,27.87亿,-2.30亿,生物科技,0.76%,92.70%,17.71
2957,柯达,KODK,US,12.74,-,4.99%,-1.78/-,-,-0.62,-,-,NYSE,-,12.44亿,-1.28亿,休闲设备与用品,1.29%,33.88%,2.03
2958,可口可乐凡萨瓶装,KOF,US,102.28,-,1.37%,0.08/129.8,-,0.43,-,-,NYSE,-,1718.98亿,13.24亿,饮料,0.21%,35.36%,21.17
2959,科佩斯控股,KOP,US,40.28,-,4.24%,2.82/13.91,-,4.22,-,-,NYSE,-,7.79亿,5600.00万,化学制品,0.93%,101.68%,1.36
2960,高平电子,KOPN,US,3.7,-,8.64%,0.01/266.1,-,4.82,-,-,NASDAQ,-,6.78亿,254.94万,半导体产品与设备,4.88%,49.82%,10.57
2961,KORE Group Holdings,KORE,US,9.15,-,0.44%,-3.19/-,-,-0.22,-,-,-,-,1.61亿,-6297.60万,信息技术服务,1.16%,19.77%,-
2962,Kosmos Energy,KOS,US,2.81,-,5.16%,-1.47/-,-,-2.09,-,-,NYSE,-,16.67亿,-7.00亿,石油与天然气,2.21%,57.83%,3.15
2963,高斯电子,KOSS,US,4.42,-,6.58%,-0.03/-,-,-1.34,-,-,NASDAQ,-,4184.17万,-32.17万,耐用消费品,0.53%,5.41%,1.38
2964,CSLM Digital,KOYN,US,10.09,-,0.00%,1.01/172.3,-,0,-,-,-,-,3.18亿,184.79万,资本市场,0.01%,74.07%,-
2965,Katapult Holdings,KPLT,US,7.08,-,2.16%,-0.11/-,-,1.72,-,-,-,-,3117.00万,-55.70万,软件,0.95%,42.04%,-
2966,Kiora制药,KPRX,US,2.35,-,3.75%,-2.6/-,-,-2.08,-,-,-,-,928.40万,-1083.52万,制药,1.16%,17.67%,0.576
2967,Karyopharm,KPTI,US,8.66,-,5.60%,-17.93/-,"Karyopharm Therapeutics Inc. is a United States-based company. The Company is a clinical-stage pharmaceutical company focused on discovery and development of first-in-class drugs directed against nuclear transport targets for the treatment of cancer and other diseases. It has discovered and developed small molecule, Selective Inhibitors of Nuclear Export (SINE), compounds that inhibit the nuclear export protein XPO1. In addition, the Company focuses on oncology targets, which compement its XPO1 SINE program. KPT-330 (Selinexor)is an XPO1 inhibitor being evaluated in multiple open-label phase-I clinical trials in patients with pretreated relapsed and/or refractory hematological and solid tumor malignancies. KPT-335 (Verdinexor)is a SINE compound, which is closely- related to Selinexor that is being evaluated for the treatment of lymphomas in pet dogs.",-1.03,-,-,NASDAQ,-,1.95亿,-1.96亿,生物科技,1.29%,41.11%,-
2968,克罗格,KR,US,67.23,https://www.thekrogerco.com,2.59%,1.55/40.54,克罗格 (KR) 是美国第三大零售集团，仅次于沃尔玛和家得宝。,-2.71,-,-,NYSE,-,411.87亿,10.16亿,食品与日用品零售,0.63%,87.47%,6.95
2969,KRAKacquisition,KRAQ,US,9.92,-,0.15%,-0.01/-,-,-0.2,-,-,-,-,4.28亿,-10.24万,资本市场,-,-,-
2970,吉劳埃地产,KRC,US,31.88,-,2.23%,2.33/13.46,-,1.34,-,-,NYSE,-,37.16亿,2.76亿,写字楼房地产投资信托,1.11%,124.55%,0.686
2971,KKR房地产金融信托,KREF,US,6.01,-,4.60%,-0.96/-,-,-1.31,-,-,NYSE,-,3.86亿,-6188.10万,抵押型REITs,3.23%,79.60%,0.353
2972,凯特地产信托,KRG,US,25.97,-,1.19%,1.37/17.66,-,-0.23,-,-,NYSE,-,52.73亿,2.99亿,零售房地产投资信托,1.10%,105.69%,1.72
2973,36氪,KRKR,US,3.49,-,10.03%,0.0000/4.31,-,-4.12,-,-,-,-,688.86万,159.67万,互动媒体与服务,-,0.00%,0.374
2974,KORU Medical,KRMD,US,3.96,-,3.26%,-0.06/-,-,-0.75,-,-,-,-,1.84亿,-263.79万,医疗保健设备,0.35%,45.40%,10.79
2975,Karman Holdings,KRMN,US,70.22,-,8.73%,0.13/535.9,-,-8.33,-,-,-,-,93.06亿,1736.60万,航空航天与国防,3.23%,75.28%,24.31
2976,Kornit Digital,KRNT,US,15.95,-,3.36%,-0.3/-,-,1.01,-,-,NASDAQ,-,7.39亿,-1351.80万,商业服务与用品,0.36%,99.60%,1.04
2977,卡尼金融储蓄,KRNY,US,7.79,-,4.10%,0.3/14.06,-,-3.23,-,-,NASDAQ,-,5.04亿,2909.20万,商业银行,0.59%,66.16%,0.661
2978,康诺斯全球,KRO,US,7.12,-,5.70%,-0.96/-,-,4.09,-,-,NYSE,-,8.19亿,-1.11亿,化学制品,2.00%,15.06%,1.09
2979,Keros,KROS,US,11.51,-,2.16%,2.34/2.62,-,-0.43,-,-,-,-,2.28亿,8701.40万,生物科技,1.38%,100.94%,0.751
2980,Kimbell Royalty,KRP,US,14.7,-,1.32%,0.62/28.3,-,0.75,-,-,NYSE,-,15.86亿,5603.70万,石油与天然气,0.72%,30.24%,2.53
2981,Korro Bio,KRRO,US,12.89,-,6.40%,-12.48/-,-,-5.19,-,-,-,-,1.86亿,-1.17亿,生物科技,1.28%,56.65%,3.61
2982,Rice Acquisition 3,KRSP,US,10.32,-,0.49%,0.11/173,-,0.49,-,-,-,-,4.75亿,274.39万,资本市场,1.49%,47.79%,-
2983,Karat Packaging,KRT,US,29.21,-,4.08%,1.57/18.53,-,1.04,-,-,-,-,5.83亿,3147.80万,容器与包装,0.95%,32.26%,3.9
2984,Kura Sushi USA,KRUS,US,56.62,-,2.89%,-0.39/-,-,-0.89,-,-,-,-,6.88亿,-477.20万,酒店餐饮与休闲,5.35%,79.45%,3.01
2985,Krystal Biotech,KRYS,US,272.52,-,5.70%,7.08/39.16,-,1.67,-,-,-,-,80.22亿,2.05亿,生物科技,1.03%,97.95%,6.58
2986,Knightscope,KSCP,US,3.14,-,4.38%,-4/-,-,-1.88,-,-,-,-,5112.83万,-3381.50万,商业服务与用品,2.12%,7.16%,1.84
2987,Joint Stock,KSPI,US,85.78,-,3.08%,11.1/7.7,-,0.72,-,-,-,-,162.87亿,21.15亿,软件,0.35%,45.22%,3.32
2988,科尔士百货,KSS,US,14.69,-,3.52%,2.43/6.06,科尔士百货公司 (Kohl's) 是美国著名的面向家庭的专业百货公司。科尔士百货公司Kohl家族于1962年在密尔沃基创立。公司的销售对象以家有幼儿的年轻母亲为主，店铺多数设于家庭聚居的市区。,-2.46,-,-,NYSE,-,16.49亿,2.72亿,多元化零售,3.91%,106.22%,0.407
2989,韩国电信,KT,US,21.67,-,1.27%,4.93/8.72,-,-0.09,-,-,NYSE,-,104.49亿,11.98亿,综合电信业务,0.22%,27.38%,0.855
2990,Kontoor Brands,KTB,US,72.71,-,4.82%,4.1/17.66,-,-4.05,-,-,-,-,40.18亿,2.27亿,纺织服装与奢侈品,0.84%,102.53%,7.11
2991,Key Tronic,KTCC,US,2.98,-,1.21%,-1/-,-,2.76,-,-,NASDAQ,-,3236.06万,-1082.50万,电子设备与仪器,0.02%,41.31%,0.305
2992,Dws Municipal Income,KTF,US,9.14,-,0.44%,-0.15/-,-,0.11,-,-,NYSE,-,3.58亿,-570.49万,资本市场,0.19%,48.66%,0.968
2993,克瑞拓斯安全防卫,KTOS,US,61.26,-,7.25%,0.14/521.9,-,-6.5,-,-,NASDAQ,-,114.82亿,2200.00万,航空航天与国防,2.79%,80.98%,5.75
2994,Pasithea,KTTA,US,0.69,-,5.08%,-2.91/-,-,0.15,-,-,-,-,1720.86万,-2042.77万,生物科技,0.89%,51.57%,0.312
2995,K2 Capital Acquisiti,KTWO,US,9.93,http://www.k2m.com,0.30%,-0.02/-,"K2M Group is a global medical device company focused on designing, developing and commercializing innovative and proprietary complex spine technologies and techniques. Our complex spine products are used by spine surgeons to treat some of the most difficult and challenging spinal pathologies, such as deformity (primarily scoliosis), trauma and tumor. We believe these procedures typically receive a higher rate of positive insurance coverage and often generate more revenue per procedure as compared to traditional degenerative spine surgery procedures. We have applied our product development expertise in innovating complex spine technologies and techniques to the design, development and commercialization of an expanding number of minimally invasive surgery, or MIS, products. These proprietary MIS products are designed to allow for less invasive access to the spine and faster patient recovery times as compared to traditional open access surgical approaches. We have also leveraged these core competencies in the design, development and commercialization of an increasing number of products for patients suffering from degenerative spinal conditions.",-0.1,S1/F1,-,NASDAQ,-,1.99亿,-9.71万,资本市场,0.40%,0.36%,-
2996,KULR Technology,KULR,US,2.41,-,4.98%,-1.56/-,-,-2.43,-,-,-,-,1.11亿,-6189.98万,电子设备与仪器,1.91%,22.06%,0.916
2997,Kura Oncology,KURA,US,9.26,-,3.18%,-3.18/-,-,-0.11,-,-,NASDAQ,-,8.22亿,-2.79亿,制药,0.99%,95.36%,4.72
2998,Kustom Entertainment,KUST,US,3.86,-,11.21%,-17.23/-,-,-9.81,-,-,-,-,203.27万,-667.15万,电子设备与仪器,14.43%,0.30%,0.478
2999,Keen Vision,KVAC,US,12.19,-,0.00%,0.19/35.14,-,1.08,-,-,-,-,6712.45万,191.03万,资本市场,0.01%,73.95%,-
3000,KVH通信,KVHI,US,9.78,-,4.13%,-0.38/-,-,-1.41,-,-,NASDAQ,-,1.91亿,-738.30万,通信设备,0.38%,71.28%,1.45
3001,Kenvue,KVUE,US,17.49,-,1.52%,0.77/22.84,-,0,-,-,-,-,335.79亿,14.70亿,个人用品,0.34%,94.75%,3.12
3002,Klaviyo,KVYO,US,19.45,-,3.25%,-0.11/-,-,3.68,-,-,-,-,59.28亿,-3176.80万,软件,2.28%,110.07%,4.95
3003,Kennedy-Wilson,KW,US,10.9,-,0.09%,-0.28/-,-,0,-,-,NYSE,-,15.09亿,-3880.00万,权益型REITs,0.54%,83.99%,2.02
3004,K Wave Media,KWM,US,0.3,-,6.75%,0.0000/0.0000,-,-7.98,-,-,-,-,2197.32万,0.0000,娱乐,0.51%,1.04%,300
3005,奎克化学,KWR,US,140.84,-,4.15%,-0.14/-,-,1.77,-,-,NYSE,-,24.41亿,-248.80万,化学制品,1.25%,91.71%,1.78
3006,开心,KXIN,US,5.94,-,2.87%,-24.2/-,-,0.34,-,-,-,-,982.34万,-5390.70万,专营零售,0.24%,0.02%,0.448
3007,Kyivstar,KYIV,US,11.72,-,1.82%,0.57/21.82,-,1.82,-,-,-,-,27.06亿,1.24亿,通信设备,0.58%,4.63%,2.08
3008,Kymera Therapeutics,KYMR,US,84.91,-,4.02%,-3.69/-,-,-2.59,-,-,-,-,69.32亿,-3.11亿,生物科技,0.56%,109.71%,4.39
3009,Kayne Anderson Energ,KYN,US,13.42,-,1.41%,-0.28/-,-,-0.45,-,-,NYSE,-,22.70亿,-4686.60万,资本市场,0.26%,34.44%,0.973
3010,Kyntra Bio,KYNB,US,7.14,-,3.85%,45.37/0.158,-,1.84,-,-,-,-,2889.43万,1.83亿,生物科技,0.27%,28.77%,-
3011,Kyverna,KYTX,US,9.06,-,10.95%,-3.64/-,-,1.23,-,-,-,-,5.48亿,-1.61亿,生物科技,4.09%,62.95%,2.36
3012,Kazia Therapeutics,KZIA,US,12.26,-,5.41%,0.0000/-,-,3.72,-,-,-,-,1.40亿,-837.13万,生物科技,2.32%,0.04%,4.52
3013,Kezar Life Sciences,KZR,US,7.33,-,1.93%,-7.66/-,-,0.83,-,-,-,-,5403.33万,-5603.30万,制药,0.58%,64.19%,0.771
3014,洛斯保险,L,US,110.58,https://www.loews.com,1.49%,7.98/13.65,洛斯保险 (L) 是一控股公司，主要从事钟表、电器和厨具的销售，酒店经营业务，香烟的制造与销售，财产险、伤亡险和人寿保险业务，离岸石油和天然气钻探等。广为国人所熟悉的香烟品牌Kent和Newport就是该公司的产品。,-1.64,-,-,NYSE,-,227.54亿,16.67亿,保险,0.27%,59.02%,1.22
3015,Standard BioTools,LAB,US,0.9,-,4.03%,-0.2/-,-,0.67,-,-,-,-,3.51亿,-7489.60万,生命科学工具,0.43%,77.43%,0.827
3016,Lakewood-Amedex,LABT,US,7.35,-,27.63%,-/-,-,-15.03,-,-,-,-,5141.67万,-384.76万,生物科技,-,-,-
3017,Lithium,LAC,US,4.64,-,4.66%,-0.5/-,-,-1.69,-,-,-,-,16.12亿,-1.22亿,金属与采矿,3.88%,23.05%,1.52
3018,利西亚车行,LAD,US,274.92,-,1.91%,32.38/7.82,-,-0.53,-,-,NYSE,-,64.06亿,8.20亿,专营零售,0.71%,104.58%,0.97
3019,Ladder Capital,LADR,US,10.34,-,1.10%,0.51/24,-,-1.05,-,-,NYSE,-,13.20亿,260.50万,抵押型REITs,0.73%,62.05%,0.912
3020,SEALSQ,LAES,US,2.95,-,6.41%,-0.24/-,-,4.98,-,-,-,-,6.39亿,-3419.40万,半导体产品与设备,3.51%,4.66%,1.38
3021,LaFayette Acquisitio,LAFA,US,10,-,0.00%,0.1/283.5,-,0,-,-,-,-,1.57亿,55.43万,资本市场,-,42.66%,-
3022,雷克兰医疗工业,LAKE,US,10.05,-,2.58%,-2.63/-,-,-0.99,-,-,NASDAQ,-,9885.47万,-2531.10万,纺织服装与奢侈品,0.62%,66.77%,0.766
3023,拉马尔户外广告,LAMR,US,134.35,-,1.66%,5.78/23.23,-,0.84,-,-,NASDAQ,-,136.29亿,5.87亿,媒体,0.56%,98.82%,13.47
3024,Gladstone Land,LAND,US,9.93,https://www.GladstoneLand.com,1.50%,-0.29/-,Gladstone Land Corporation是一家房地产公司，最初在美国加州注册成立于1997年6月14日重新注册成立于美国特拉华州于2004年，在马里兰州的总公司法律重新注册成立于2011年3月24日，该公司是外部管理的房地产公司。,-0.53,-,-,NASDAQ,-,4.17亿,-1048.40万,专业房地产投资信托,1.67%,37.63%,0.622
3025,复朗集团,LANV,US,1.56,-,3.23%,-0.73/-,-,0.65,-,-,-,-,1.82亿,-8610.23万,纺织服装与奢侈品,0.15%,83.35%,-
3026,Lithium Argentina,LAR,US,9.31,-,6.24%,-0.47/-,-,2.76,-,-,-,-,15.12亿,-7544.90万,金属与采矿,1.94%,21.47%,1.97
3027,兰德马克银行,LARK,US,27,-,0.93%,3.09/8.77,-,0.63,-,-,NASDAQ,-,1.65亿,1877.50万,商业银行,0.05%,29.90%,1.03
3028,Laser Photonics,LASE,US,0.975,-,4.95%,-1.02/-,-,0.52,-,-,-,-,3178.96万,-3255.88万,电气设备,6.17%,5.36%,-
3029,nLIGHT,LASR,US,75.79,-,7.24%,-0.47/-,-,2.14,-,-,-,-,42.28亿,-2346.70万,半导体产品与设备,2.58%,80.26%,18.65
3030,Galata Acquisition,LATA,US,-,-,-,0.11/150.3,-,-,-,-,-,-,2.31亿,153.50万,资本市场,0.00%,77.34%,-
3031,Laureate Education,LAUR,US,30.99,-,3.90%,1.91/15.41,-,-0.83,-,-,NASDAQ,-,43.41亿,2.82亿,综合消费者服务,0.73%,93.93%,3.65
3032,CS Disco,LAW,US,4.13,-,8.12%,-0.72/-,-,4.82,-,-,-,-,2.62亿,-4437.20万,专业服务,0.57%,57.67%,2.04
3033,Robot,LAWR,US,-,-,-,-0.1/-,-,-,-,-,-,-,1.72亿,-457.93万,软件,-,0.38%,117.2
3034,Lazard,LAZ,US,47.3,-,2.90%,2.37/18.76,-,0.55,-,-,NYSE,-,44.42亿,2.37亿,资本市场,0.95%,94.16%,5.08
3035,LandBridge,LB,US,68.29,-,4.11%,1.18/174.7,-,-1.97,-,-,NYSE,-,52.64亿,3012.80万,石油与天然气,0.59%,110.62%,15.47
3036,利邦厨具,LBGJ,US,1.2,-,8.73%,-0.06/-,-,-4.76,-,-,-,-,403.01万,-101.36万,耐用消费品,4.62%,0.04%,0.512
3037,Liberty Broadband A,LBRDA,US,41.89,-,22.73%,-18.71/-,-,-25.74,-,-,NASDAQ,-,60.11亿,-26.76亿,媒体,4.08%,86.52%,1.05
3038,Liberty Broadband C,LBRDK,US,41.94,-,23.62%,-18.71/-,-,-25.73,-,-,NASDAQ,-,60.18亿,-26.76亿,媒体,7.12%,83.59%,1.06
3039,Liberty Energy,LBRT,US,32.74,-,5.38%,0.14/35.54,-,1.3,-,-,-,-,53.43亿,2255.80万,能源设备与服务,2.47%,100.88%,2.74
3040,LB Pharmaceuticals,LBRX,US,30.73,-,8.09%,-3.13/-,-,-0.15,-,-,-,-,8.81亿,-2520.50万,制药,0.90%,85.64%,2.92
3041,自由全球,LBTYA,US,11.9,https://www.libertyglobal.com,2.52%,-20.86/-,Liberty Global Plc，目前于2013年1月29日按照英国法律以Lynx欧洲有限公司为名成立，以Lynx Merger Sub 1 和Viper Merger Sub 1作为自由全球和维珍媒体的继任者，而自由全球和维珍媒体在合并后关闭。在关闭之前，新自由全球公司根据2006年英国公司法重新注册为一个新的公共有限公司，并改名为自由全球私人公司。关闭之后，Lynx Merger Sub 1 和Viper Merger Sub 1作为子公司将被新自由全球私人公司全资持有。Liberty Global Plc是一个视频，宽带互联网，固定电话和移动服务的国际供应商。,-1.73,-,-,NASDAQ,-,39.87亿,-71.38亿,媒体,1.09%,97.41%,0.41
3042,自由全球B,LBTYB,US,17.35,-,7.42%,-20.86/-,-,3.03,-,-,NASDAQ,-,58.13亿,-71.38亿,媒体,3.31%,0.05%,0.597
3043,自由全球C,LBTYK,US,11.5,-,3.11%,-20.86/-,-,-1.88,-,-,NASDAQ,-,38.53亿,-71.38亿,媒体,1.08%,76.91%,0.396
3044,Lendingclub,LC,US,17.47,http://www.lendingclub.com/,2.89%,1.18/14.87,Lendingclub Corporation以SocBank Corporation的名字于2006年10月在美国特拉华州注册成立，并于2006年11月更名为LendingClub Corporation。该公司是世界上最大的链接借款人与投资者的在线市场。,0.87,S1/F1,-,NYSE,-,20.18亿,1.36亿,消费信贷,3.44%,82.91%,1.34
3045,Lakeshore III,LCCC,US,-,-,-,0.06/51.14,-,-,-,-,-,-,9216.67万,50.98万,资本市场,0.00%,63.21%,-
3046,Locafy,LCFY,US,4.8,-,5.19%,-1.73/-,-,3.9,-,-,-,-,863.55万,-283.57万,软件,1.02%,1.03%,3.43
3047,Lucid Group,LCID,US,6.25,-,3.99%,-11.81/-,-,-0.32,-,-,-,-,22.89亿,-36.82亿,汽车,12.77%,69.44%,3.19
3048,LCI Industries,LCII,US,120.01,-,2.11%,7.59/15.48,-,-0.45,-,-,NYSE,-,29.14亿,1.88亿,汽车零配件,0.79%,108.66%,2.14
3049,LCNB,LCNB,US,16.34,-,2.40%,1.63/10.17,-,1.74,-,-,NASDAQ,-,2.33亿,444.40万,商业银行,0.13%,39.51%,0.844
3050,Lineage Cell,LCTX,US,1.55,-,2.76%,-0.28/-,-,-0.64,-,-,-,-,3.86亿,-6353.30万,生物科技,0.35%,40.85%,8.66
3051,生活时光品牌家具,LCUT,US,6.84,-,5.14%,-1.24/-,-,3.48,-,-,NASDAQ,-,1.55亿,-2693.70万,耐用消费品,0.40%,39.92%,0.766
3052,loanDepot,LDI,US,1.59,-,3.91%,-0.3/-,-,1.92,-,-,NYSE,-,5.36亿,-6264.60万,综合金融服务,1.85%,23.92%,2.28
3053,Leidos Holdings,LDOS,US,146.06,-,1.78%,11.31/12.7,-,-1.04,-,-,NYSE,-,183.93亿,14.48亿,信息技术服务,0.64%,78.42%,3.74
3054,Cohen & Steers Ltd D,LDP,US,20.84,-,0.48%,2.22/9.41,-,0.1,-,-,NYSE,-,6.06亿,6440.10万,资本市场,0.07%,28.29%,0.925
3055,Lands'End,LE,US,11.49,-,2.48%,0.18/64.24,-,-1.79,-,-,NASDAQ,-,3.54亿,550.80万,多元化零售,1.87%,26.96%,1.45
3056,李尔,LEA,US,128.32,-,2.96%,8.22/14.87,"李尔公司（Lear Cooperation Limited）1917年成立于美国底特律，总部设在美国密歇根州，是世界第五大汽车零部件供应商。
李尔公司主要致力于设计，制造和集成汽车座椅系统，仪表盘，车门面板，车顶内蓬系统，车地毯和音响系统，电子与电力分配系统等。",-1.08,-,-,NYSE,-,64.96亿,4.37亿,汽车零配件,0.91%,107.50%,1.29
3057,林肯电气控股,LECO,US,260,-,2.01%,9.39/27.38,-,-1.2,-,-,NASDAQ,-,142.54亿,5.21亿,机械制造,0.56%,79.57%,9.7
3058,旭明光电,LEDS,US,1.63,-,30.43%,-0.16/-,"台湾旭明光电为高功率LED芯片厂商，专门从事LED磊晶、晶粒、封装之制造与研发；客户主要是台湾和中国业者。母公司是美国SemiLEDs。

2010年12月9日，旭明光电（SemiLEDs Corporation ）登陆纳斯达克，以17美元价格发行525万份ADS，融资近9000万美元。",18.12,-,-,NASDAQ,-,1346.00万,-134.50万,半导体产品与设备,4.39%,1.30%,8.96
3059,李氏企业,LEE,US,8.14,-,7.29%,-0.92/-,-,-2.75,-,-,NYSE,-,1.81亿,-561.10万,媒体,0.27%,11.76%,-
3060,礼恩派,LEG,US,11.34,-,3.21%,1.7/6.57,-,-0.35,-,-,NYSE,-,15.47亿,2.35亿,耐用消费品,2.02%,81.65%,1.51
3061,Legacy Housing,LEGH,US,21.41,-,3.14%,1.74/12.19,-,-0.23,-,-,-,-,5.10亿,4180.90万,耐用消费品,0.56%,40.72%,0.977
3062,传奇生物,LEGN,US,23.9,-,4.56%,-0.81/-,-,-0.38,-,-,-,-,44.20亿,-2.97亿,制药,0.77%,23.74%,4.41
3063,Legato Merger IV,LEGO,US,-,-,-,0.06/0.0000,-,-,-,-,-,-,3.09亿,65.31万,资本市场,-,0.10%,-
3064,Legato Merger,LEGT,US,11.03,-,0.18%,0.06/55.53,-,0,-,-,-,-,4.20亿,159.97万,资本市场,0.04%,76.26%,-
3065,莱纳,LEN,US,94.05,https://www.lennar.com,2.33%,0.93/12.99,Lennar是全美知名房地产开发商。,-0.14,-,-,NYSE,-,231.64亿,2.29亿,耐用消费品,1.10%,95.46%,1.06
3066,莱纳B,LEN.B,US,91.5,-,2.00%,0.93/12.64,-,-0.69,-,-,NYSE,-,225.36亿,2.29亿,耐用消费品,0.54%,4.05%,1.03
3067,LENZ Therapeutics,LENZ,US,9.38,-,5.79%,-2.85/-,-,2.51,-,-,-,-,2.94亿,-8212.70万,生物科技,2.37%,112.88%,1.03
3068,Bny Mellon Strategic,LEO,US,6.31,-,0.55%,-0.2/-,-,-0.32,-,-,NYSE,-,4.03亿,-1309.87万,资本市场,0.30%,45.25%,0.951
3069,Leslie's,LESL,US,2.13,-,15.15%,-8.92/-,-,-7.79,-,-,-,-,1984.43万,-8297.10万,专营零售,1.74%,66.23%,-
3070,Centrus Energy,LEU,US,205.63,-,10.13%,4.33/51.97,-,-6.35,-,-,AMEX,-,40.44亿,7780.00万,独立电力生产商,4.91%,77.71%,5.29
3071,李维斯,LEVI,US,22.31,-,2.62%,0.45/13.86,-,-0.8,-,-,-,-,85.80亿,1.76亿,纺织服装与奢侈品,2.23%,90.54%,3.89
3072,Lexaria Bioscience,LEXX,US,0.944,-,6.36%,-0.13/-,-,0.11,-,-,-,-,2339.93万,-304.50万,制药,0.35%,6.39%,3.55
3073,Leapfrog Acquisition,LFAC,US,-,-,-,0.03/7192,-,-,-,-,-,-,14.77亿,20.53万,资本市场,-,-,-
3074,Lifecore Biomedical,LFCR,US,5.02,-,5.69%,-0.29/-,-,2.03,-,-,-,-,1.88亿,-1091.30万,生命科学工具,0.95%,67.00%,139.4
3075,LifeMD,LFMD,US,4.64,-,10.57%,0.25/19.79,-,2.2,-,-,-,-,2.23亿,1124.79万,医疗保健服务,3.00%,39.40%,9.61
3076,LEIFRAS,LFS,US,2.08,-,4.69%,0.11/19.46,-,2.72,-,-,-,-,5441.41万,279.63万,综合消费者服务,-,0.20%,4.62
3077,LifeStance Health,LFST,US,7.05,-,3.43%,0.03/283,-,0.86,-,-,-,-,27.34亿,966.30万,医疗保健服务,1.46%,95.76%,1.8
3078,Lument Finance,LFT,US,1.3,-,3.15%,-0.14/-,-,2.36,-,-,-,-,6811.90万,-748.53万,抵押型REITs,0.14%,23.29%,0.421
3079,美国力特保险丝,LFUS,US,407.14,-,2.84%,-2.89/-,-,1.36,-,-,NASDAQ,-,102.45亿,-7170.00万,电子设备与仪器,1.09%,100.92%,4.22
3080,Lifevantage,LFVN,US,5.08,-,7.66%,0.19/8.28,-,2.42,-,-,NASDAQ,-,6504.82万,243.10万,医疗保健设备,2.26%,61.00%,1.97
3081,Lifeward,LFWD,US,7.38,-,12.29%,-17.16/-,-,-3.53,-,-,-,-,1127.83万,-1991.40万,医疗保健设备,0.47%,2.93%,1.34
3082,传丞环球,LGCB,US,0.615,-,5.71%,-1.27/-,-,0.33,-,-,-,-,798.34万,-736.81万,多元化零售,1.78%,0.12%,0.489
3083,罗科仕,LGCL,US,1.98,-,12.29%,0.58/60.57,-,10.61,-,-,-,-,8472.50万,139.88万,专业服务,0.01%,0.04%,1.9
3084,Legacy Education,LGCY,US,11.8,-,20.00%,0.34/17.99,-,-4.45,-,-,NASDAQ,-,1.49亿,422.97万,综合消费者服务,1.87%,37.81%,3.23
3085,狮子集团控股,LGHL,US,1.06,-,25.40%,0.0000/-,-,12.17,-,-,-,-,53.75万,-1110.75万,资本市场,2.02%,0.01%,0.069
3086,Lazard全球收入基金,LGI,US,17.48,-,2.18%,2.57/6.81,-,0.46,-,-,NYSE,-,2.27亿,3338.92万,资本市场,0.41%,15.16%,0.951
3087,LGI Homes,LGIH,US,45.49,-,3.54%,3.13/14.5,-,0.53,-,-,NASDAQ,-,10.52亿,7255.20万,房地产管理和开发Ⅲ,1.41%,84.62%,0.502
3088,The LGL Group,LGL,US,7.4,-,1.15%,0.13/70.35,-,-2.25,-,-,AMEX,-,4839.92万,68.80万,电子设备与仪器,0.09%,25.70%,1.11
3089,Legence,LGN,US,80.4,-,6.93%,-0.57/-,-,-0.89,-,-,-,-,86.86亿,-5978.00万,建筑与工程,3.42%,107.52%,22.15
3090,Ligand,LGND,US,231.27,-,2.95%,6.44/37.24,-,1.22,-,-,NASDAQ,-,46.34亿,1.24亿,生物科技,0.88%,103.26%,4.56
3091,Largo,LGO,US,1.29,-,10.88%,-1.01/-,-,3.2,-,-,-,-,1.26亿,-6850.90万,金属与采矿,5.01%,13.93%,0.963
3092,LogProstyle,LGPS,US,0.89,-,15.36%,0.14/3.54,-,5.95,-,-,-,-,2102.93万,334.13万,房地产管理和开发Ⅲ,3.40%,0.33%,0.783
3093,Longeveron,LGVN,US,0.94,-,7.17%,-1.29/-,-,-3.69,-,-,-,-,2187.17万,-2270.40万,生物科技,0.89%,4.70%,3.85
3094,徕博科,LH,US,263.8,-,1.37%,10.54/24.74,Labcorp是美国排名前二的独立医学实验室。除了覆盖美国本土，还在比利时、英国和加拿大等开展业务。除了常规的临床检测之外，公司还提供高精尖检测服务包括癌症、HIV 基因型和表型及基因诊断等。,-0.42,-,-,NYSE,-,216.81亿,8.77亿,医疗保健服务,0.60%,97.90%,2.51
3095,Linkhome,LHAI,US,1.07,-,8.33%,0.0000/231.9,-,-0.93,-,-,-,-,1736.61万,7.49万,房地产管理和开发Ⅲ,0.86%,0.96%,2.41
3096,索威尔,LHSW,US,0.261,-,14.59%,-0.01/12.55,-,12.02,-,-,-,-,1435.50万,-73.32万,软件,1.44%,0.20%,0.834
3097,L3Harris,LHX,US,317.51,-,4.26%,8.57/36.93,-,-3.85,-,-,-,-,593.06亿,16.06亿,航空航天与国防,1.26%,88.37%,3.02
3098,理想汽车,LI,US,18.13,-,1.82%,0.08/121.7,-,-2.79,-,-,-,-,195.73亿,1.61亿,汽车,0.47%,1.96%,1.88
3099,理臣国际,LICN,US,5.7,-,14.38%,-32.46/-,-,-5.79,-,-,-,-,9305.41万,-935.60万,专业服务,0.64%,0.00%,1.45
3100,AEye,LIDR,US,2.19,-,53.25%,-1.47/-,-,29.59,-,-,-,-,9930.76万,-3395.80万,软件,2.38%,19.04%,1.22
3101,Chicago Atlantic BDC,LIEN,US,9.41,-,0.84%,1.46/6.45,-,-0.84,-,-,-,-,2.15亿,3327.92万,综合金融服务,0.07%,15.39%,0.708
3102,Life360,LIF,US,45.78,-,4.58%,1.95/24.49,-,4.47,-,-,-,-,36.94亿,1.51亿,专业服务,0.75%,31.88%,6.74
3103,Ethos Technologies,LIFE,US,16.77,-,6.04%,4.31/14.82,-,2.63,-,-,NASDAQ,-,10.54亿,7115.10万,信息技术服务,2.52%,-,-
3104,雷诺士,LII,US,490.97,-,2.17%,22.89/21.21,"雷诺士国际集团（Lennox　International　Inc.）是一家拥有百年历史的冷暖空调及制冷设备全球主要供应商。该集团的核心业务包括家用和商用供热与制冷设备、主要用于食品保鲜的西克制冷设备以及全套专业服务，其中主要业务为家用供热和制冷设备。凭借全方位的分销渠道，各大业务分别塑造了各自旗下多个强大品牌，包括Lennox,Armstrong Air, Bohn, Larkin, Heatcraft 等。在地域市场分布上，87%的雷诺士国际集团业务在美洲，欧洲和亚太地区业务则构成了其他13%的份额。在客户构成上，家用和商用分别占63%和37%。",-0.55,-,-,NYSE,-,170.95亿,8.06亿,耐用消费品,1.10%,73.56%,14.7
3105,Liberty Latin A,LILA,US,8.38,-,2.47%,-3.06/-,-,-1.3,-,-,NASDAQ,-,16.77亿,-6.11亿,媒体,0.40%,73.18%,3.02
3106,Liberty Latin C,LILAK,US,8.6,-,2.82%,-3.06/-,-,-1.04,-,-,NASDAQ,-,17.21亿,-6.11亿,媒体,0.37%,73.86%,3.1
3107,Liminatus Pharma,LIMN,US,0.198,-,5.00%,-0.43/-,-,-1,-,-,-,-,888.58万,-1020.65万,制药,3.20%,0.70%,-
3108,Linde,LIN,US,510.3,-,1.75%,14.69/34.28,-,0.44,-,-,-,-,2364.70亿,68.98亿,化学制品,0.32%,82.20%,6.18
3109,林肯教育服务,LINC,US,39.11,-,4.16%,0.65/61.99,-,-1.21,-,-,NASDAQ,-,12.40亿,1999.80万,综合消费者服务,0.85%,82.97%,6.21
3110,Lindblad,LIND,US,18.38,-,2.93%,-0.63/-,-,-0.16,-,-,NASDAQ,-,11.99亿,-3464.70万,酒店餐饮与休闲,0.98%,60.46%,-
3111,Lineage,LINE,US,37.14,-,5.51%,-0.43/-,-,4.47,-,-,-,-,84.36亿,-1.00亿,权益型REITs,1.72%,33.48%,1.02
3112,互联电子,LINK,US,2.96,-,7.05%,-0.13/-,-,3.86,-,-,NASDAQ,-,4662.00万,-194.80万,电子设备与仪器,0.61%,2.17%,5.06
3113,Lionsgate Studios,LION,US,11.43,-,2.73%,-0.95/-,-,0.79,-,-,NASDAQ,-,33.17亿,-2.69亿,娱乐,1.23%,86.29%,-
3114,Liqtech,LIQT,US,2.12,-,9.15%,-0.89/-,-,-0.47,-,-,-,-,2108.94万,-852.77万,机械制造,0.29%,38.57%,2.02
3115,兰亭集势,LITB,US,2.18,"http://www.lightinthebox.com,www.miniinthebox.com",5.63%,0.04/4.72,兰亭集势（LightInTheBox）成立于2007年，是中国一家外贸B2C网站，主要市场在欧洲和北美，主要出售服饰、电子通信设备、零件配件及家居园艺等产品。2013年6月6日，兰亭集势在纽交所IPO，发行价9.5美元，融资额约7885万美元。1份ADS=2个普通股,2.35,S1/F1,86-10-56920099,NYSE,北京市朝阳区酒仙桥北路7号电通创意广场2号楼D区,3911.68万,827.90万,多元化零售,0.02%,0.49%,-
3116,Lumentum控股,LITE,US,881.64,-,7.91%,1.17/250.2,-,4.1,-,-,NASDAQ,-,629.49亿,8240.00万,通信设备,6.11%,112.08%,74.36
3117,Lite,LITS,US,1.18,-,5.08%,-1.03/-,-,0,-,-,-,-,4290.72万,-3443.80万,生物科技,1.23%,22.97%,0.524
3118,Live Ventures,LIVE,US,13.328,-,0.00%,-0.02/1.85,-,-2,-,-,NASDAQ,-,4093.90万,-6.40万,专营零售,0.07%,7.25%,0.434
3119,LivaNova,LIVN,US,64.2,-,2.92%,-4.45/-,-,-1.45,-,-,NASDAQ,-,35.11亿,-2.42亿,医疗保健设备,0.72%,102.47%,2.93
3120,Lixte Biotechnology,LIXT,US,3.71,-,10.43%,-1.26/-,-,-6.78,-,-,-,-,4310.26万,-607.86万,生物科技,0.46%,6.30%,5.43
3121,莱克兰金融,LKFN,US,59.69,-,2.96%,4.02/14.59,-,0.3,-,-,NASDAQ,-,15.08亿,1.03亿,商业银行,0.56%,79.39%,1.98
3122,LKQ,LKQ,US,31.6,-,2.49%,2.36/13.29,-,0.73,-,-,NASDAQ,-,80.65亿,6.07亿,经销商,0.89%,106.48%,1.23
3123,Lake Superior,LKSP,US,10.095,-,0.10%,0.1/237.9,-,0.15,-,-,-,-,1.58亿,66.60万,资本市场,0.08%,78.07%,1.42
3124,礼来,LLY,US,883.96,https://www.lilly.com,3.13%,23/40.46,"美国礼来公司(Eli Lilly and Company)是一家全球性的以研发为基础的医药公司，致力于为全人类提供以药物为基础的创新医疗保健方案，使人们生活过得更长久、更健康、更有活力。 

公司主要是从事药品研究、生产和销售的世界十大著名医药公司之一，是全球第一个上市胰岛素和生产抗生素的企业，并形成了以中枢神经系统、抗肿瘤、内分泌系统、抗感染和骨质疏松等为主的治疗领域。目前，该公司药品行销于143个国家，在9个国家设有大型研究与开发设施，在60多个国家从事临床试验。",-3.67,-,-,NYSE,-,8351.82亿,206.40亿,制药,0.52%,83.25%,31.47
3125,Liberty Live A,LLYVA,US,91.02,-,2.68%,-0.95/-,-,1.3,-,-,-,-,83.68亿,-8696.70万,娱乐,0.36%,93.57%,-
3126,Liberty Live C,LLYVK,US,93.63,-,3.16%,-0.95/-,-,1.35,-,-,-,-,86.08亿,-8696.70万,娱乐,0.40%,93.17%,-
3127,勒梅特微管医疗,LMAT,US,113.45,-,1.74%,2.55/44.9,-,0.49,-,-,NASDAQ,-,25.92亿,5773.40万,医疗保健设备,0.40%,94.05%,6.59
3128,Limbach Holdings,LMB,US,96.19,-,6.16%,3.37/29.35,-,-3.59,-,-,NASDAQ,-,11.47亿,3906.40万,建筑与工程,1.76%,86.23%,5.86
3129,Lm Funding America,LMFA,US,0.254,-,8.43%,-3.28/-,-,2.01,-,-,NASDAQ,-,410.41万,-2849.92万,综合金融服务,1.49%,5.93%,0.134
3130,Lemonade,LMND,US,65.71,-,3.61%,-2.24/-,-,-0.65,-,-,-,-,50.48亿,-1.66亿,保险,1.81%,58.23%,9.46
3131,Limoneira,LMNR,US,12.74,-,2.42%,-0.53/-,-,-0.39,-,-,NASDAQ,-,2.31亿,-955.20万,食品,0.24%,54.26%,1.53
3132,Lumexa Imaging,LMRI,US,9.6,-,6.91%,-0.66/-,-,2.02,-,-,-,-,9.23亿,-4710.40万,医疗保健技术,1.74%,29.46%,1.57
3133,洛克希德马丁,LMT,US,513.45,https://www.lockheedmartin.com,4.38%,6.47/24.7,"洛克希德·马丁是在营业额上全球最大的军火承包商；由原洛克希德公司和马丁·玛丽埃塔公司于1995年合并而成。
公司核心业务是航空、电子、信息技术、航天系统和导弹，主要产品包括美国海军所有潜射弹道导弹、战区高空区域防空系统、通信卫星系统、F-16、F-22和F-35(JSF)等战斗机，U-2间谍侦察机、SR-71“黑鸟”战略侦察机，C一5系列“银河”大型军用运输机及岸基反潜机P-3系列、C-130系列军用运输机、军用电子系统、飞行训练辅助设备、火控系统和空中交通管制设备等，占据美国防部每年采购预算1／3的订货，控制了40%的世界防务市场，几乎包揽了美国所有军用卫星的生产和发射业务，成为世界级军火“巨头”。",-3.08,-,-,NYSE,-,1183.83亿,14.88亿,航空航天与国防,1.34%,74.24%,15.81
3134,Lunai,LNAI,US,0.31,-,14.43%,0.04/-,-,1.64,-,-,-,-,1124.40万,101.96万,生物科技,1.50%,3.09%,-
3135,林肯国民,LNC,US,36.97,-,2.28%,5.94/6.51,-,1.4,-,-,NYSE,-,70.69亿,10.86亿,保险,0.68%,83.08%,0.713
3136,巴西农业不动产,LND,US,4.05,-,1.75%,-0.11/-,-,1,-,-,NYSE,-,4.16亿,-1127.70万,食品,0.14%,1.42%,0.649
3137,Cheniere Energy,LNG,US,257.09,https://www.cheniere.com,1.53%,24.19/10.14,"Cheniere Energy, Inc.注册于特拉华州，是一家位于休斯敦的能源公司，主要从事液化天然气相关业务。公司通过持有Cheniere Energy有限合伙公司88.8%的股份以及与其签订的合约从事路易斯安那州萨宾帕斯液化天然气终端业务。公司还拥有并经营克里奥小径管道，将萨宾帕斯液化天然气终端与北美市场连接起来。萨宾帕斯液化天然气终端大约一半的接受能力承包给了两个国际石油公司。",-0.04,-,-,AMEX,-,540.24亿,53.30亿,石油与天然气,0.62%,90.60%,6.71
3138,LINKBANCORP,LNKB,US,8.63,-,3.27%,0.9/9.65,-,-0.92,-,-,-,-,3.23亿,3351.10万,商业银行,0.46%,34.80%,1.06
3139,Linkers Industries,LNKS,US,1.73,-,6.67%,-0.12/-,-,-3.89,-,-,-,-,277.94万,-117.23万,电气设备,36.71%,0.06%,0.306
3140,林赛,LNN,US,108.89,-,3.13%,2.71/19.22,-,-1.48,-,-,NYSE,-,11.32亿,2856.90万,机械制造,3.51%,105.06%,2.23
3141,Lensar,LNSR,US,5.09,-,3.99%,-2.87/-,-,-3.23,-,-,-,-,6156.68万,-3428.00万,医疗保健设备,0.47%,39.38%,-
3142,美国联合能源,LNT,US,72.31,-,1.12%,3.15/23.06,-,-0.44,-,-,NYSE,-,186.76亿,8.10亿,电力,0.80%,89.27%,2.55
3143,Lantheus Holdings,LNTH,US,84.33,-,4.20%,3.46/23.51,-,1.82,-,-,NASDAQ,-,54.90亿,2.34亿,医疗保健设备,0.76%,106.69%,5.04
3144,LanzaTech Global,LNZA,US,24.98,-,6.42%,-22.27/-,-,-0.08,-,-,-,-,2.52亿,-4895.10万,商业服务与用品,0.47%,2.79%,-
3145,曼哈顿大桥投资股份,LOAN,US,4.46,-,1.51%,0.11/10.17,-,0.22,-,-,NASDAQ,-,5097.49万,127.43万,抵押型REITs,0.14%,29.11%,1.18
3146,Loar,LOAR,US,57.32,-,2.37%,0.77/74.38,-,-2.72,-,-,-,-,53.67亿,7214.60万,航空航天与国防,1.23%,90.63%,4.57
3147,Live Oak Bancshares,LOB,US,37.43,-,2.55%,2.25/14.05,-,-0.13,-,-,NASDAQ,-,17.31亿,3004.00万,综合金融服务,0.79%,71.17%,1.35
3148,萝贝,LOBO,US,0.657,-,3.02%,-0.28/-,-,4.29,-,-,-,-,1083.40万,-262.22万,汽车,7.98%,0.19%,1.26
3149,Local Bounti,LOCL,US,2.3,-,18.37%,-5.61/-,-,-6.12,-,-,-,-,5242.90万,-9478.20万,食品,1.43%,6.14%,-
3150,El Pollo Loco,LOCO,US,13.84,http://www.elpolloloco.com,1.44%,0.91/15.65,"El Pollo Loco Holdings, Inc.是一家不同于别的和不断增长的概念餐厅，专门为公司的客户从事于火烤柑橘腌鸡。公司在LSR部门经营发展最快的餐饮业。公司认为它提供了典型的快速休闲餐厅的食品质量同时也提高了速度，便利性和典型传统的方便和价值传统的QSRs，该公司把它称之为“QSR +”，它提供了一种价值导向的快速休闲餐厅的经验。公司的特色菜单采用该公司的招牌产品 - 柑橘腌制火烤鸡和各种墨西哥风格的主菜。",-0.29,S1/F1,-,NASDAQ,-,4.15亿,2648.60万,酒店餐饮与休闲,1.79%,85.78%,1.42
3151,Comstock,LODE,US,3.25,-,4.17%,-1.17/-,-,-0.31,-,-,AMEX,-,2.41亿,-4307.64万,石油与天然气,1.53%,21.21%,2.24
3152,罗技,LOGI,US,95.39,-,1.45%,3.86/19.65,罗技(Logitech International SA ，NASDAQ：LOGI)成立于1982年，是全球最著名的电脑周边设备供应商，特别是鼠标设备最为著名；世界排名前20位的电脑厂商都是它的客户。,0.41,-,-,NASDAQ,-,139.83亿,5.68亿,电脑与外围设备,0.49%,47.81%,5.99
3153,Live Oak Acquisition,LOKV,US,10.45,-,0.29%,-0.67/-,-,0.1,-,-,-,-,3.00亿,-1649.54万,资本市场,-,99.17%,1.43
3154,Loma Negra,LOMA,US,11.12,-,3.48%,0.03/80.3,-,-0.18,-,-,-,-,12.98亿,1616.06万,建筑材料,0.47%,3.42%,1.77
3155,LeonaBio,LONA,US,8.33,-,17.92%,-24.7/-,-,-3.36,-,-,-,-,7824.80万,-1.06亿,制药,0.71%,68.95%,2.82
3156,Loop Industries,LOOP,US,1.32,-,2.78%,-0.2/-,-,-0.75,-,-,-,-,6380.56万,-959.50万,化学制品,0.03%,7.24%,-
3157,大峡谷教育,LOPE,US,163.49,-,3.77%,7.76/20.12,-,-0.94,-,-,NASDAQ,-,43.48亿,2.16亿,综合消费者服务,1.01%,104.84%,5.82
3158,路特斯科技,LOT,US,1.33,-,3.70%,-0.72/-,-,-1.48,-,-,-,-,8.61亿,-4.64亿,汽车,0.00%,0.75%,-
3159,The Lovesac,LOVE,US,16.07,-,3.34%,0.28/58.43,-,-4.06,-,-,-,-,2.38亿,406.50万,耐用消费品,1.06%,93.90%,1.09
3160,劳氏,LOW,US,244.45,https://www.Lowes.com,1.68%,11.87/20.63,美国劳氏公司(LOW)是美国第二大家居装饰用品连锁店，与业界排名第一的家得宝相比，各具特色。《财富》杂志曾这样形容：许多人把劳氏视为“穷人版”的家得宝。,-0.85,-,-,NYSE,-,1369.07亿,66.36亿,专营零售,0.38%,78.74%,-
3161,Logistic Properties,LPA,US,3.65,-,5.28%,0.33/10.99,-,1.39,-,-,-,-,1.15亿,1049.68万,房地产管理和开发Ⅲ,0.40%,2.12%,0.45
3162,Launch One,LPAA,US,10.73,-,0.00%,0.29/37.13,-,-0.09,-,-,-,-,3.08亿,830.92万,资本市场,0.00%,99.17%,-
3163,Launch Two,LPBB,US,10.63,-,0.05%,0.31/34.29,-,0.09,-,-,-,-,3.06亿,891.15万,资本市场,0.51%,98.24%,1.31
3164,Lipocine,LPCN,US,2.42,-,5.23%,-1.77/-,-,2.98,-,-,NASDAQ,-,1942.08万,-962.75万,制药,1.97%,24.24%,1.34
3165,Launchpad Cadenza I,LPCV,US,9.97,-,0.20%,0.02/2718,-,0,-,-,-,-,2.87亿,10.55万,资本市场,0.00%,-,1.3
3166,Dorian LPG,LPG,US,37.62,http://www.dorianlpg.com,2.43%,2.65/13.32,"Dorian LPG is a Marshall Islands corporation headquartered in the United States and primarily focused on owning and operating VLGCs, each with a cargo-carrying capacity of greater than 80,000 cbm.  Our fleet currently consists of four LPG carriers, including three 82,000 cbm VLGCs and one pressurized 5,000 cbm vessel, which we refer to collectively as our Initial Fleet. In addition, we have newbuilding contracts for the construction of 19 new 84,000 cbm VLGCs at Hyundai Heavy Industries Co., Ltd., or Hyundai, and Daewoo Shipping and Marine Engineering Ltd., or Daewoo, both of which are based in South Korea, with scheduled deliveries between July 2014 and January 2016. We refer to these contracts as our VLGC Newbuilding Program.",2.73,S1/F1,-,NYSE,-,16.08亿,1.13亿,石油与天然气,0.92%,64.21%,1.48
3167,LG Display,LPL,US,4.18,-,5.14%,0.31/26.68,-,-2.34,-,-,NYSE,-,41.80亿,1.57亿,耐用消费品,0.20%,3.15%,0.914
3168,LPL Financial,LPLA,US,320.51,-,1.71%,10.97/29.78,"It provide an integrated platform of proprietary technology, brokerage and investment advisory services to over 12,000 independent financial advisors and financial advisors at financial institutions across the country, enabling them to successfully service their retail investors with unbiased, conflict-free financial advice. In addition, we support over 4,000 financial advisors with customized clearing, advisory platforms and technology solutions.",-0.15,-,-,NASDAQ,-,257.01亿,8.63亿,资本市场,0.66%,101.00%,4.81
3169,Open Lending,LPRO,US,1.77,-,7.78%,-0.04/-,-,5.99,-,-,-,-,2.09亿,-423.60万,资本市场,0.34%,66.05%,2.79
3170,LivePerson,LPSN,US,2.72,-,5.31%,-8.57/-,-,1.68,-,-,NASDAQ,-,3278.58万,-6723.30万,信息技术服务,1.34%,25.20%,-
3171,LightPath,LPTH,US,16.09,-,14.43%,-0.27/-,-,10.05,-,-,NASDAQ,-,9.29亿,-1229.84万,电子设备与仪器,11.66%,51.22%,11.92
3172,路易斯安那太平洋,LPX,US,75.31,-,2.97%,2.09/36.03,-,0.82,-,-,NYSE,-,52.60亿,1.46亿,林业与纸制品,1.75%,101.81%,3.04
3173,Liquidia,LQDA,US,37.31,-,4.59%,-0.8/-,-,-0.4,-,-,-,-,32.88亿,-6892.40万,制药,1.02%,70.18%,73.44
3174,Liquidity Services,LQDT,US,34.89,https://www.liquidityservices.com,3.73%,0.24/36.35,"流动性服务公司（LSI）及其子公司提供了领先的剩余资产在线拍卖市场。LSI公司支持买家卖家在网上进行高效率自动化的在线交易，产品分类超过500个。公司为买家提供了专业化全球化、有组织的交易平台，涉及产品供应过剩和数字化影像及其他相关产品信息的残余价值交易。此外，LSI公司帮助企业和政府卖家提高过量资产的金融回报，通过提供流动性市场以及整合了销售和市场营销、物流和交易结算为一个单一产品的增值服务来实现。公司1999年11月以Liquidation.com, Inc.为名注册于特拉华州，2000年初开始运营。",1.25,-,-,NASDAQ,-,10.82亿,748.90万,商业服务与用品,0.53%,78.82%,5.03
3175,拉姆研究,LRCX,US,267.78,-,3.47%,3.97/49.92,-,3.57,-,-,NASDAQ,-,3348.78亿,49.88亿,半导体产品与设备,0.99%,83.74%,31.64
3176,Lead Real Estate,LRE,US,1.29,-,10.08%,0.43/3,-,0.78,-,-,-,-,1759.81万,587.35万,住宅房地产投资信托,-,0.38%,0.504
3177,La Rosa Holdings,LRHC,US,2.18,-,22.82%,-32.64/-,-,5.83,-,-,-,-,127.09万,-2310.53万,房地产管理和开发Ⅲ,68.96%,0.03%,0.816
3178,Larimar,LRMR,US,4.54,-,3.00%,-2.27/-,-,0.89,-,-,-,-,4.72亿,-1.66亿,制药,2.20%,70.05%,6.04
3179,Stride,LRN,US,98.12,-,2.78%,3.89/13.1,K12国际教育是美国最大的在线教育公司，为从幼儿园到12年级的学生提供专有的课程和教育服务。K12国际教育主要为在线公立和私立学校，传统学校，混合学校，甚至直接为家庭提供课程和学术支持。自2000年创立以来，K12国际教育为世界超过200000学生提供包括核心课程、AP课程、世界语言、重修和选修课程在内的150万余种课程。,-0.24,-,-,NYSE,-,41.78亿,1.68亿,综合消费者服务,1.32%,106.71%,2.7
3180,Lesaka Technologies,LSAK,US,4.86,-,0.82%,-0.01/-,-,0.21,-,-,-,-,4.08亿,-101.30万,软件,0.07%,22.47%,2.26
3181,莱克肖尔万通金控,LSBK,US,15.95,-,0.95%,0.97/15.42,-,0.63,-,-,NASDAQ,-,1.25亿,192.30万,综合金融服务,0.10%,27.18%,0.881
3182,莱迪思半导体,LSCC,US,122.8,-,5.62%,0.02/5450,-,4.06,-,-,NASDAQ,-,168.08亿,308.40万,半导体产品与设备,2.45%,111.89%,23.54
3183,雷神能源,LSE,US,5.327,-,8.43%,0.08/72.3,-,7.18,-,-,-,-,9069.22万,125.44万,能源设备与服务,1.39%,0.01%,2
3184,Laird Superfood,LSF,US,3.12,-,5.43%,-0.31/-,-,2.63,-,-,-,-,3408.67万,-325.22万,食品,0.77%,15.99%,2.97
3185,Lakeside,LSH,US,0.579,-,14.33%,-0.17/-,-,-7.8,-,-,-,-,1993.36万,-294.09万,航空货运与物流,0.15%,0.61%,1.64
3186,Lightspeed,LSPD,US,9.4,-,2.49%,-0.83/-,-,-0.42,-,-,-,-,12.91亿,-1.16亿,软件,1.76%,55.78%,0.859
3187,Lisata Therapeutics,LSTA,US,3.2,-,3.00%,-1.91/-,-,-3.9,-,-,-,-,2890.33万,-1658.60万,生物科技,0.44%,7.51%,1.95
3188,莱帝运输,LSTR,US,179.02,-,2.79%,3.31/52.87,-,-0.49,-,-,NASDAQ,-,60.81亿,1.15亿,公路与铁路,0.81%,102.78%,7.64
3189,Lightbridge,LTBR,US,12.61,-,7.00%,-0.8/-,-,-3,-,-,NASDAQ,-,4.37亿,-1958.03万,专业服务,2.58%,39.46%,2.15
3190,LTC Properties,LTC,US,38.24,-,1.45%,2.54/16.14,-,0.84,-,-,NYSE,-,18.93亿,1.17亿,权益型REITs,0.51%,73.32%,1.76
3191,Life Time Group,LTH,US,27.26,-,2.67%,1.71/16.25,-,0.33,-,-,-,-,60.71亿,3.74亿,酒店餐饮与休闲,1.16%,82.93%,1.94
3192,LATAM Airlines,LTM,US,50,-,1.85%,0.0000/9.83,-,-0.56,-,-,NYSE,-,143.55亿,14.60亿,航空公司,0.22%,10.37%,10.67
3193,Lantern Pharma,LTRN,US,2.46,-,16.88%,-1.57/-,-,6.49,-,-,-,-,2768.66万,-1711.94万,生物科技,2.86%,20.73%,4.23
3194,创力,LTRX,US,6.54,-,4.69%,-0.07/-,-,2.19,-,-,NASDAQ,-,2.60亿,-273.10万,通信设备,1.24%,35.84%,3.49
3195,陆控,LU,US,1.92,-,4.57%,-0.38/-,-,3.23,-,-,-,-,16.64亿,-5.30亿,综合金融服务,0.08%,4.80%,0.149
3196,Lucid Diagnostics,LUCD,US,1.07,-,5.50%,-0.69/-,-,-1.83,-,-,-,-,2.09亿,-7056.90万,医疗保健技术,0.87%,18.21%,-
3197,Lucky Strike,LUCK,US,7.24,-,7.17%,-0.23/-,-,-3.85,-,-,-,-,9.97亿,-3122.60万,酒店餐饮与休闲,0.12%,89.64%,-
3198,Innovative Eyewear,LUCY,US,1.05,-,2.86%,-1.9/-,-,0,-,-,-,-,661.57万,-759.12万,专营零售,2.26%,6.53%,0.73
3199,禄达技术,LUD,US,5.35,-,15.87%,-0.02/-,-,-8.7,-,-,-,-,1.21亿,-42.12万,金属与采矿,-,0.27%,5.83
3200,Lululemon Athletica,LULU,US,143.8,https://www.lululemon.com,2.55%,13.27/10.53,"lululemon是加拿大时尚运动品牌, 成立于1998年， 被誉为加拿大第一专业运动品牌，在瑜伽、健身等运动服饰领域品牌知名度高",1.51,-,-,NASDAQ,-,166.23亿,15.79亿,纺织服装与奢侈品,3.81%,81.55%,3.35
3201,Lumen Technologies,LUMN,US,8.84,-,5.77%,-1.75/-,-,-1.89,-,-,-,-,91.07亿,-17.39亿,综合电信业务,1.02%,70.50%,-
3202,Pulmonx,LUNG,US,1.27,-,3.91%,-1.33/-,-,-0.78,-,-,-,-,5364.12万,-5400.30万,医疗保健设备,0.72%,79.27%,0.991
3203,Intuitive Machines,LUNR,US,25.53,-,13.28%,-0.73/-,-,-7.37,-,-,-,-,55.35亿,-8391.00万,电子设备与仪器,10.71%,51.48%,-
3204,西南航空,LUV,US,39.45,https://www.southwest.com,4.50%,0.45/23.6,西南航空(LUV)是全美最大的廉价航空公司。2011年9月27日，西南航空出资14亿美元收购另一家廉价航空公司图兰航空（AirTran）。,4.5,-,-,NYSE,-,192.82亿,2.27亿,航空公司,1.93%,98.76%,2.8
3205,LuxExperience,LUXE,US,8.87,-,3.10%,-0.89/2.19,-,-1.77,-,-,-,-,12.18亿,-1399.87万,多元化零售,-,15.78%,0.816
3206,Lulu's Fashion,LVLU,US,9.565,-,3.04%,-4.9/-,-,1.86,-,-,-,-,2739.80万,-1371.30万,多元化零售,0.86%,42.73%,9.09
3207,LiveOne,LVO,US,5.08,-,8.75%,-1.31/-,-,0.99,-,-,-,-,6843.39万,-1320.10万,娱乐,0.71%,16.79%,-
3208,金沙集团,LVS,US,52.81,http://www.lasvegassands.com/,2.25%,0.85/19.03,拉斯维加斯金沙集团股份有限公司经营酒店、娱乐场、度假村及会展业务，总部设于美国内华达州的拉斯维加斯，公司于拉斯维加斯以及中华人民共和国澳门特别行政区分别拥有威尼斯人度假村–酒店–娱乐场、金沙会议展览中心以及澳门金沙娱乐场。目前，集团正在发展其它娱乐场酒店度假村项目，其中包括拉斯维加斯的Palazzo Resort Hotel 、澳门威尼斯人度假村– 酒店，以及新加坡的The Marina Bay Sands。,1.66,-,-,NYSE,-,350.46亿,5.67亿,酒店餐饮与休闲,2.19%,41.39%,22.04
3209,LiveWire Group,LVWR,US,2.04,-,11.99%,-0.37/-,-,6.81,-,-,-,-,4.18亿,-7511.40万,汽车,0.95%,2.61%,9.07
3210,蓝威斯顿控股,LW,US,44.32,-,2.97%,1.3/20.38,-,0.86,-,-,NYSE,-,61.19亿,1.80亿,食品,0.89%,91.25%,3.35
3211,LightWave,LWAC,US,-,-,-,0.19/84.34,-,-,-,-,-,-,3.06亿,363.36万,资本市场,0.00%,83.70%,1.44
3212,来福威食品,LWAY,US,27.66,-,5.97%,0.91/30.24,-,4.5,-,-,NASDAQ,-,4.19亿,1385.90万,食品,1.25%,32.85%,4.88
3213,Lightwave Logic,LWLG,US,12.665,-,15.15%,-0.16/-,-,-6.88,-,-,-,-,19.07亿,-2031.38万,电子设备与仪器,7.52%,23.18%,25.53
3214,乐信,LX,US,2.14,-,5.09%,0.71/1.5,-,-0.93,-,-,-,-,3.60亿,2.40亿,综合金融服务,1.79%,22.45%,0.211
3215,丽翔教育,LXEH,US,1.28,-,17.09%,0.0000/-,-,-4.48,-,-,-,-,245.33万,-224.17万,综合消费者服务,-,0.00%,0.067
3216,Lexeo Therapeutics,LXEO,US,5.85,-,3.99%,-1.86/-,-,-2.66,-,-,-,-,4.33亿,-9996.10万,生物科技,1.63%,103.27%,1.76
3217,Luxfer Holdings,LXFR,US,13.14,-,3.64%,0.29/45.46,-,1.86,-,-,NYSE,-,3.50亿,770.00万,机械制造,0.30%,95.10%,1.55
3218,LXP Industrial Trust,LXP,US,50.72,-,1.33%,1.82/28.09,-,0.42,-,-,NYSE,-,29.90亿,1.06亿,权益型REITs,0.81%,95.98%,1.54
3219,莱斯康制药,LXRX,US,1.68,-,5.06%,-0.14/-,-,0,-,-,NASDAQ,-,7.12亿,-5034.10万,生物科技,0.88%,61.48%,6.61
3220,LSB Industries,LXU,US,14.39,-,4.15%,0.34/42.01,-,-1.24,-,-,NYSE,-,10.34亿,2461.30万,化学制品,1.48%,55.14%,1.99
3221,利安德巴塞尔,LYB,US,69.87,http://www.lyondellbasell.com,3.32%,-2.34/-,"利安德巴塞尔工业公司是世界上最大的聚合物、石化产品和燃油公司之一。是全球聚烯烃技术、生产和市场的领导者；是环氧丙烷及其衍生物的先驱；燃油及其精炼产品，包括生物燃料的重要生产商。通过研发，利安德巴塞尔公司开发了创新型的材料和技术，带来特殊顾客价值和产品，为全世界人民提高了生活质量。利安德巴塞尔公公司总部设在荷兰，是Access Industries公司的私有公司。

　　利安德巴塞尔工业为满足不同客户不断变化的各种需求而致力于持续不断的研究和发展的各种项目，包括新的催化剂、工艺和产品的不断创新。利安德巴塞尔产品实际上被全球市场所广泛采用来生产出无法计数的货物和产品，从而提升了世界各族人民的生活质量。

　　利安德巴塞尔工业清楚的认识到在社区中做一个负责任的守法公民的重要性。 利安德巴塞尔工业致力于在最高要求的正直、良知和责任感以及最高标准的责任关怀下来运行企业。

　　利安德巴塞尔工业的产品在提升人们的生活品质中起到了非常重要的作用。",-1.2,-,31 10 275 5500,NYSE,"Weena 737 Rotterdam, 3013 AM",225.52亿,-7.45亿,化学制品,1.86%,73.04%,2.24
3222,Lyell Immunopharma,LYEL,US,22.41,-,6.02%,-16.06/-,-,-5.04,-,-,-,-,5.23亿,-2.74亿,生物科技,0.56%,55.71%,2.11
3223,Lyft,LYFT,US,14.24,-,3.28%,6.92/1.91,-,1.5,-,-,-,-,54.41亿,28.44亿,公路与铁路,2.81%,98.39%,1.66
3224,劳埃德银行,LYG,US,5.34,http://www.lloydsbankinggroup.com,0.94%,0.09/13.87,劳埃德银行（Lloyds Banking ，也叫莱斯银行），是英国历史最悠久的银行，亦是伯明翰的第一家银行，成立于1765年。1995年莱德银行成功收购了英国信托储蓄银行（TSB）之后组成莱德TSB银行，成为英国最大的五家商业银行(巴克莱银行、汇丰银行、莱德银行、HBOS和国民西敏寺银行)之一。,0.19,-,-,NYSE,-,782.66亿,56.42亿,商业银行,0.12%,3.52%,1.39
3225,LSI设备,LYTS,US,22.1,-,5.43%,0.44/33.72,-,-2.51,-,-,NASDAQ,-,8.05亿,1570.30万,电气设备,3.18%,77.53%,2.28
3226,Live Nation,LYV,US,156.64,-,3.84%,-0.24/74.16,-,2.24,-,-,NYSE,-,367.79亿,4.96亿,娱乐,1.60%,82.62%,135.7
3227,Legalzoom.com,LZ,US,6.31,-,2.16%,0.09/70.71,-,0.96,-,-,-,-,10.91亿,1542.70万,专业服务,1.48%,97.28%,6.35
3228,La-Z-Boy,LZB,US,35.4,-,2.98%,1.67/17.32,-,-1.39,-,-,NYSE,-,14.49亿,6871.20万,专营零售,0.65%,100.70%,1.39
3229,Lifezone Metals,LZM,US,5.05,-,11.53%,-0.17/-,-,8.84,-,-,-,-,4.54亿,-1362.79万,金属与采矿,3.32%,25.66%,6.15
3230,联掌门户,LZMH,US,0.123,-,22.76%,-0.04/-,-,0,-,-,-,-,1870.46万,-604.01万,信息技术服务,11.97%,0.19%,2.08
3231,梅西百货,M,US,20.1,https://www.macysinc.com,2.82%,2.37/8.26,梅西百货公司（Macy's Inc ，NYSE：M）是美国的一个连锁百货公司。梅西百货是美国的高档百货商店，主要经营服装、鞋帽和家庭装饰品。公司规模虽然不是很大，但在美国和世界有很高的知名度。1994年，公司被著名的美国联合百货公司收购。,-0.4,-,-,NYSE,-,53.02亿,6.42亿,多元化零售,1.33%,90.28%,1.09
3232,万事达,MA,US,504.17,https://www.mastercard.com,1.99%,16.54/30.04,万事达卡公司是一家全球性金融支付解决方案提供商，始创于1966年，总部位于美国纽约州。该公司提供信贷、电子资金和自动柜员机(ATM)等服务，其业务主要通过万事达卡的核心运营机构—万事达卡国际组织进行。,0.36,-,-,NYSE,-,4496.25亿,149.68亿,综合金融服务,0.29%,88.76%,58.11
3233,MAA房产信托,MAA,US,125.66,-,1.33%,3.79/32.99,-,-0.27,-,-,NYSE,-,146.20亿,4.43亿,住宅房地产投资信托,0.46%,96.31%,2.58
3234,麦思智能,MAAS,US,9.2,-,15.15%,-3.63/-,-,0.99,-,-,-,-,40.68亿,-2765.43万,资本市场,0.19%,0.00%,45.77
3235,马塞里奇房产,MAC,US,21.2,-,2.62%,-0.78/-,-,-0.98,-,-,NYSE,-,55.16亿,-1.97亿,零售房地产投资信托,0.93%,103.02%,2.25
3236,Melar,MACI,US,10.81,-,0.00%,0.26/42.19,-,0.09,-,-,-,-,2.34亿,553.94万,资本市场,0.00%,100.55%,-
3237,Magnitude,MAGH,US,-,-,-,0.0000/7186,-,-,-,-,-,-,2.37亿,3.29万,建筑与工程,-,0.41%,520
3238,Magnera,MAGN,US,10.45,-,3.28%,-0.95/-,-,0.77,-,-,-,-,3.75亿,-3400.00万,林业与纸制品,0.86%,104.36%,0.361
3239,MAIA Biotechnology,MAIA,US,1.27,-,7.14%,-0.7/-,-,0.79,-,-,-,-,7705.28万,-2239.62万,制药,0.90%,4.13%,32.56
3240,Main Street Capital,MAIN,US,54.06,-,0.99%,5.52/9.87,-,0.07,-,-,NYSE,-,48.71亿,4.93亿,资本市场,0.42%,23.42%,1.63
3241,Madison Air Solution,MAIR,US,33.83,-,1.90%,-/0.0000,-,-1.2,-,-,-,-,165.38亿,-,机械制造,-,-,0.0000
3242,Mako Mining,MAKO,US,7.73,-,4.43%,0.41/20.06,-,0.78,-,-,-,-,6.77亿,3374.00万,金属与采矿,0.16%,0.01%,4.49
3243,Mama's Creations,MAMA,US,14.46,-,4.88%,0.14/111.2,-,2.92,-,-,-,-,5.88亿,528.60万,食品与日用品零售,0.68%,74.76%,11.17
3244,迈克丽斯,MAMK,US,-,-,-,0.0000/106676,-,-,-,-,-,-,2.16亿,2026.00,纺织服装与奢侈品,-,0.31%,17.59
3245,Massimo,MAMO,US,0.995,-,5.00%,0.04/27.45,-,-2.45,-,-,-,-,4143.27万,150.93万,汽车零配件,3.27%,0.57%,1.75
3246,万宝盛华,MAN,US,29.47,-,3.96%,0.05/-,-,0.72,-,-,NYSE,-,13.70亿,250.00万,专业服务,3.70%,111.77%,0.663
3247,VeraDermics,MANE,US,67.84,-,7.51%,-111.91/-,-,-2.04,-,-,-,-,25.33亿,-8337.30万,生物科技,1.20%,-,-
3248,曼哈特,MANH,US,142.35,-,4.14%,0.83/38.87,-,2.91,-,-,NASDAQ,-,84.22亿,4929.50万,软件,1.11%,104.70%,41.05
3249,曼联,MANU,US,17.07,-,1.83%,-0.02/-,"曼彻斯特联足球俱乐部（简称曼联）位于英国英格兰西北区大曼彻斯特郡曼彻斯特市，其前身“牛顿·希斯”成立于1878年，1902年改组并改现名。现为英格兰足球超级联赛俱乐部。

2012年8月10日，曼联登陆纽交所，IPO融资1亿美元；发行价为14美元；承销商为Jefferies、瑞信、JP摩根、美林银行、德意志银行。",0.71,-,-,NYSE,-,29.43亿,-330.39万,娱乐,0.74%,49.70%,11.48
3250,WM Technology,MAPS,US,0.374,-,25.49%,0.02/30.32,-,-8.33,-,-,-,-,5948.11万,196.20万,软件,10.90%,37.14%,1.04
3251,万豪酒店,MAR,US,367.15,-,1.28%,9.53/37.4,-,-0.3,-,-,NASDAQ,-,972.70亿,26.01亿,酒店餐饮与休闲,0.53%,62.17%,-
3252,MARA Holdings,MARA,US,11.64,-,6.91%,-3.69/-,-,-1.36,-,-,-,-,44.26亿,-13.11亿,软件,12.59%,66.11%,1.27
3253,海洋石油信托,MARPS,US,4.95,-,2.58%,0.16/13.45,-,-1.88,-,-,NASDAQ,-,990.00万,32.27万,石油与天然气,0.26%,3.71%,9.8
3254,马斯可木业,MAS,US,74.18,-,2.77%,1.05/17.88,-,-1.62,-,-,NYSE,-,149.65亿,2.13亿,建筑产品,2.03%,102.11%,-
3255,麦斯莫医疗,MASI,US,178.63,-,0.16%,-2.83/-,-,-0.04,-,-,NASDAQ,-,93.54亿,-1.51亿,医疗保健设备,1.17%,107.53%,12.97
3256,三易科技,MASK,US,1.6,-,6.47%,0.07/2.41,-,-4.19,-,-,-,-,184.45万,76.49万,软件,11.66%,5.27%,0.345
3257,908 Devices,MASS,US,6.74,-,5.62%,0.54/12.93,-,-0.3,-,-,-,-,2.52亿,1948.90万,生命科学工具,0.46%,70.81%,1.75
3258,美泰,MAT,US,14.54,https://www.corporate.mattel.com,2.98%,1.25/10.63,美泰公司是全球最大的玩具制造商之一，在儿童产品的设计、生产、销售方面处于领导地位，拥有著名玩具品牌“芭比”。,-1.49,-,-,NASDAQ,-,42.25亿,3.98亿,休闲设备与用品,1.37%,102.72%,1.89
3259,Metalpha Technology,MATH,US,1.11,-,5.22%,-0.07/7.51,-,-3.48,-,-,NYSE,-,5229.57万,-288.53万,综合金融服务,0.19%,2.02%,1.49
3260,Mativ Holdings,MATV,US,9.76,-,2.80%,-6.19/-,-,1.24,-,-,-,-,5.36亿,-3.37亿,林业与纸制品,0.45%,91.58%,1.07
3261,马修国际,MATW,US,28.15,-,3.66%,1.39/38.72,-,0.04,-,-,NASDAQ,-,8.76亿,4362.90万,综合消费者服务,0.79%,89.47%,1.61
3262,美森,MATX,US,172.32,-,2.21%,13.99/11.78,-,1.15,-,-,NYSE,-,52.42亿,4.45亿,海运,0.77%,87.30%,1.9
3263,Mediaalpha,MAX,US,9.6,-,3.95%,0.46/23.78,-,1.16,-,-,-,-,6.09亿,2562.30万,信息技术服务,1.53%,86.79%,145.5
3264,Maxeon Solar,MAXN,US,1.49,-,9.09%,-3.89/-,-,-3.25,-,-,-,-,2522.98万,-6545.80万,电子设备与仪器,1.97%,2.45%,-
3265,梅斯物业,MAYS,US,40.48,-,1.20%,-0.42/-,-,1.17,-,-,NASDAQ,-,8159.88万,-84.30万,写字楼房地产投资信托,0.21%,3.93%,1.54
3266,Maze Therapeutics,MAZE,US,25.81,-,3.23%,-3.05/-,-,-0.77,-,-,-,-,14.26亿,-1.31亿,制药,1.79%,85.44%,4.02
3267,牛大人,MB,US,6.02,-,7.67%,-0.25/-,-,0.33,-,-,NASDAQ,-,1.03亿,-405.90万,酒店餐饮与休闲,0.07%,0.36%,11.9
3268,Check-cap,MBAI,US,1.53,-,7.35%,0.89/-,-,4.08,-,-,-,-,1115.12万,521.30万,医疗保健设备,0.72%,0.39%,2.97
3269,M3-Brigade,MBAV,US,10.792,-,1.15%,0.16/67.11,-,-0.49,-,-,-,-,3.88亿,577.88万,资本市场,0.04%,93.91%,-
3270,Marathon Bancorp,MBBC,US,14.97,-,5.36%,0.35/57.72,-,4.91,-,-,-,-,4399.11万,94.57万,商业银行,0.30%,20.42%,0.938
3271,MasterBrand,MBC,US,9.36,-,3.48%,0.21/44.87,-,0.11,-,-,-,-,11.98亿,2670.00万,专营零售,1.29%,113.74%,0.891
3272,Mbia,MBI,US,6.08,https://www.mbia.com,2.90%,-3.58/-,MBIA Inc 是美国城市债券保险商。,0.83,-,-,NYSE,-,3.10亿,-1.77亿,保险,0.52%,46.97%,-
3273,Merchants,MBIN,US,48.96,-,1.67%,3.78/12.96,-,-1.51,-,-,-,-,22.49亿,1.74亿,商业银行,0.84%,93.56%,1.3
3274,Mustang Bio,MBIO,US,0.754,-,6.68%,-0.39/-,-,-1.18,-,-,-,-,571.34万,-192.10万,生物科技,1.36%,7.88%,0.599
3275,Mobileye Global,MBLY,US,9.23,http:/​/​www.mobileye.com,7.99%,-4.68/-,Mobileye N.V.于2001年在荷兰注册成立。公司是一家基于摄像头的先进驾驶辅助系统的软件和相关技术的设计和开发的全球领导者。公司的技术让乘客在道路上安全行驶，减少了交通事故的风险，拯救生命并具有通过使自动驾驶带来革命性的驾驶体验的潜力。该公司的专有软件算法和EYEQ芯片执行的视野详细的解释和预测与其他车辆，行人，骑自行车的人，动物，杂物和其他障碍可能发生的碰撞。该公司的产品还能够检测道路标记，例如，车道，道路边界，障碍和类似物品，以及识别和读取交通标志和交通灯。,6.09,S1/F1,-,NYSE,-,77.73亿,-38.18亿,软件,6.54%,58.96%,0.952
3276,Microbot Medical,MBOT,US,2.2,-,2.98%,-0.29/-,-,0.92,-,-,NASDAQ,-,1.48亿,-1314.20万,医疗保健设备,1.70%,17.04%,1.9
3277,Moleculin Biotech,MBRX,US,2.54,-,5.47%,-28.42/-,-,0,-,-,NASDAQ,-,1355.43万,-3366.40万,制药,1.90%,1.90%,0.903
3278,Malibu Boats,MBUU,US,26.1,-,1.86%,-0.16/33.72,-,-0.91,-,-,NASDAQ,-,4.86亿,-316.40万,机械制造,1.02%,102.72%,0.981
3279,M3-Brigade VI,MBVI,US,10.09,-,0.00%,0.14/104.8,-,0,-,-,-,-,4.35亿,415.05万,资本市场,0.10%,80.64%,-
3280,莫肯特尔银行,MBWM,US,50.62,-,2.96%,5.47/9.85,-,-0.12,-,-,NASDAQ,-,8.74亿,8875.30万,商业银行,0.85%,63.10%,1.21
3281,MBX Biosciences,MBX,US,31.96,-,7.53%,-2.38/-,-,-4.28,-,-,-,-,15.20亿,-8697.10万,制药,1.52%,103.11%,4.12
3282,Moelis A,MC,US,68.08,http://www.moelis.com,3.94%,3.11/22.68,"Moelis & Company is a leading global independent investment bank that provides innovative strategic and financial advice to a diverse client base, including corporations, governments and financial sponsors. With 14 offices located in the United States, Europe, the Middle East, Asia and Australia, we advise clients around the world on their most critical decisions, including mergers and acquisitions, recapitalizations and restructurings and other corporate finance matters.",1.25,S1/F1,-,NYSE,-,52.85亿,2.33亿,资本市场,1.61%,106.74%,9.3
3283,Metropolitan,MCB,US,88.01,-,1.93%,6.71/12.66,-,-1.3,-,-,-,-,10.91亿,3142.60万,商业银行,1.11%,73.49%,1.15
3284,MetroCity Bankshares,MCBS,US,31.5,-,3.53%,2.66/13.17,-,-0.25,-,-,-,-,9.03亿,6853.20万,商业银行,0.38%,21.90%,1.66
3285,麦当劳,MCD,US,299.36,http://www.mcdonalds.com,1.11%,12/24.85,麦当劳（MCD）创立于1940年，是大型的连锁快餐集团，在世界上大约拥有三万间分店，是全球餐饮业最有价值的品牌。,-1.05,-,630-623-3000,NYSE,-,2127.93亿,85.63亿,酒店餐饮与休闲,0.54%,73.76%,-
3286,MasterCraft Boat,MCFT,US,23.53,-,1.92%,0.38/24.56,-,-0.88,-,-,NASDAQ,-,3.83亿,616.30万,机械制造,0.31%,95.87%,2.03
3287,Yorkville,MCGA,US,10.17,-,0.10%,0.03/480.5,-,0.1,-,-,-,-,2.40亿,49.91万,资本市场,0.06%,82.84%,1.41
3288,Mechanics,MCHB,US,15.39,-,1.78%,1.22/12.82,-,-0.39,-,-,-,-,34.07亿,2.66亿,商业银行,1.05%,13.10%,1.19
3289,微芯科技,MCHP,US,89.44,-,3.96%,0.0000/-,-,-1.32,-,-,NASDAQ,-,483.99亿,240.00万,半导体产品与设备,2.14%,95.40%,7.38
3290,Marchex,MCHX,US,1.74,-,2.30%,-0.12/-,-,0,-,-,NASDAQ,-,7707.71万,-523.50万,软件,0.05%,52.86%,2.56
3291,Barings Corporate In,MCI,US,17.79,-,1.02%,1.37/13.01,-,0.79,-,-,NYSE,-,3.65亿,2805.93万,资本市场,0.05%,16.41%,1.07
3292,麦克森,MCK,US,828.11,http://www.mckesson.com/,1.56%,24.83/23.37,麦克森公司，主要从事提供药品、医疗用品和医疗信息技术，使医疗安全，同时降低成本，是一家北美领先的批发商。该公司经营两个分部。麦克森的分销解决方案分部分销伦理的专利药品，医疗手术用品和设备、健康和美容产品在北美国。这部分还为生物技术和制药生产商提供专业的医药解决方案，并在社区环境中经营管理、技术、临床支持和业务解决方案，以肿瘤和其他专业实践操作。此外，该分部销售的金融，经营和临床解决方案的药房（零售，医院，替代网站），并提供咨询，外包和其他服务。,-0.96,-,-,NYSE,-,1014.33亿,30.80亿,医疗保健服务,0.57%,89.08%,-
3293,XAI Madison Equity P,MCN,US,5.895,-,0.68%,0.43/13.79,-,-0.32,-,-,NYSE,-,1.24亿,902.69万,资本市场,0.13%,22.38%,0.91
3294,穆迪,MCO,US,456.05,http://www.moodys.com,1.27%,3.74/31.93,穆迪公司是国际权威投资信用评估机构，同时也是著名的金融信息出版公司。穆迪投资者服务公司现已在12个国家开设了15个分支机构，投资信用评估对象遍布全球。穆迪公司已先后对100多个国家的政府和企业所发行的10万余种证券进行了信用分析与评估。目前，阅读和使用穆迪所发布的各类信息的客户已达1.5万余家，其中有3000多家客户属于机构投资者，他们管理着全球80％的资本市场。高级雇员总数达1500人，其中有680人为专业评估分析师。,0.82,-,-,NYSE,-,796.61亿,6.61亿,资本市场,0.45%,91.55%,26.61
3295,Mfs Charter Income T,MCR,US,6.02,-,1.00%,0.42/14.29,-,0.08,-,-,NYSE,-,2.51亿,1755.76万,资本市场,0.26%,41.24%,0.892
3296,Seres Therapeutics,MCRB,US,8.1,-,6.86%,0.64/13.63,-,0.12,-,-,NASDAQ,-,7764.90万,569.60万,制药,0.84%,24.42%,1.76
3297,Monarch Casino,MCRI,US,114.98,-,4.06%,5.55/18.69,-,-1.43,-,-,NASDAQ,-,20.40亿,2759.20万,酒店餐饮与休闲,2.30%,62.13%,3.71
3298,Micropolis,MCRP,US,2.46,-,8.13%,-0.1/-,-,0,-,-,-,-,8582.56万,-328.13万,汽车,0.73%,1.03%,39.68
3299,马库斯,MCS,US,18.78,http://www.marcuscorp.com/,2.23%,0.42/45.49,马库斯（Marcus Corp）是一家集电影院、酒店和度假村为一体的综合运营商。,0.91,-,-,NYSE,-,5.77亿,1269.10万,酒店餐饮与休闲,0.52%,80.49%,1.26
3300,Charming Medical,MCTA,US,-,-,-,0.0000/767.2,-,-,-,-,-,-,5.04亿,-7.30万,制药,-,0.30%,1398
3301,Mister Car Wash,MCW,US,7.07,-,1.00%,0.32/22.53,-,0.86,-,-,-,-,23.22亿,1.03亿,综合消费者服务,3.32%,101.19%,2.05
3302,默邱利通用,MCY,US,96.47,-,2.08%,9.77/9.88,-,-1.2,-,-,NYSE,-,53.43亿,5.41亿,保险,0.57%,46.87%,2.21
3303,Pediatrix Medical,MD,US,23.04,-,4.35%,1.97/11.57,-,1.23,-,-,NYSE,-,19.14亿,1.65亿,医疗保健服务,0.58%,102.39%,2.21
3304,MDA Space,MDA,US,32.25,-,3.96%,0.63/56.51,-,-1.86,-,-,-,-,44.72亿,7912.78万,航空航天与国防,0.29%,0.39%,4.53
3305,Spectral AI,MDAI,US,1.84,-,4.06%,-0.29/-,-,2.22,-,-,-,-,5855.61万,-757.10万,医疗保健技术,1.05%,14.71%,-
3306,MongoDB,MDB,US,253.59,-,6.77%,-0.88/-,-,-1.75,-,-,-,-,203.81亿,-7115.10万,软件,2.69%,91.97%,6.9
3307,MDB Capital Holdings,MDBH,US,3.765,-,2.75%,-2.14/-,-,-1.44,-,-,-,-,3878.00万,-2124.50万,医疗保健房地产投资信托,0.04%,3.56%,0.639
3308,Medicus Pharma,MDCX,US,0.315,-,4.82%,-2.74/-,-,-5.12,-,-,-,-,1239.91万,-4728.15万,生物科技,23.54%,10.18%,-
3309,Madrigal,MDGL,US,512.39,-,4.09%,-12.85/-,-,-1.22,-,-,NASDAQ,-,117.54亿,-2.88亿,生物科技,0.99%,102.68%,19.5
3310,MediaCo Holding,MDIA,US,0.91,-,7.78%,-0.84/-,-,1.11,-,-,-,-,7437.60万,-6669.80万,媒体,0.67%,104.59%,1.6
3311,Medline,MDLN,US,44.76,-,7.22%,-0.01/50.73,-,-3.18,-,-,-,-,588.01亿,11.59亿,医疗保健设备,1.57%,70.48%,5.48
3312,亿滋国际,MDLZ,US,57.61,https://www.mondelezinternational.com,1.73%,1.89/30.17,MDLZ是原卡夫食品全球零食业务。2012年10月1日卡夫食品（原交易代码：KFT）将公司拆分为北美杂货业务（交易代码：KRFT）和全球零食业务。,-0.17,-,-,NASDAQ,-,739.40亿,24.51亿,食品,0.79%,84.25%,2.86
3313,Medalist Diversified,MDRR,US,11.2,-,0.09%,-1.9/-,-,-0.09,-,-,-,-,1599.92万,-238.88万,房地产管理和开发Ⅲ,0.86%,4.19%,1.7
3314,美敦力,MDT,US,83.32,http://www.medtronic.com,1.19%,2.77/23.18,美敦力公司总部位于美国明尼苏达州明尼阿波利斯市，是一家医疗科技公司，致力于为慢性疾病患者提供终身的治疗方案。其主要产品覆盖心律失常、心衰、血管疾病、心脏瓣膜置换等。,-0.56,-,763-514-4000,NYSE,-,1069.73亿,35.57亿,医疗保健设备,0.51%,85.42%,2.18
3315,MDU Resources Group,MDU,US,21.79,-,1.49%,0.93/23.43,-,-0.68,-,-,NYSE,-,44.61亿,1.90亿,复合型公用事业,0.55%,96.17%,1.61
3316,Modiv,MDV,US,16.13,-,1.81%,-0.31/-,-,0.94,-,-,-,-,1.66亿,-213.40万,权益型REITs,0.20%,25.05%,1.02
3317,MediWound,MDWD,US,16.72,-,4.50%,-2.1/-,-,0.42,-,-,NASDAQ,-,2.15亿,-2387.90万,制药,0.55%,47.92%,4.92
3318,MiMedx Group,MDXG,US,3.43,-,6.27%,0.33/10.49,-,2.39,-,-,NASDAQ,-,5.10亿,4857.80万,生物科技,1.46%,72.23%,1.99
3319,MDxHealth,MDXH,US,2.08,-,5.99%,-0.67/-,-,-4.15,-,-,-,-,1.07亿,-3351.90万,生物科技,0.26%,49.77%,-
3320,Mayville Engineering,MEC,US,21.96,-,5.47%,-0.4/-,-,2.66,-,-,-,-,4.46亿,-811.00万,机械制造,0.66%,69.28%,1.85
3321,快验保,MED,US,11.15,-,2.46%,-1.7/-,-,1.55,-,-,NYSE,-,1.23亿,-1867.20万,医疗保健服务,0.98%,73.29%,0.618
3322,Medpace Holdings,MEDP,US,410.54,-,6.60%,4.35/25.47,-,4.35,-,-,NASDAQ,-,117.25亿,1.24亿,生命科学工具,3.95%,83.02%,19.6
3323,Montrose,MEG,US,21.15,-,2.92%,-0.14/-,-,1.2,-,-,-,-,7.65亿,-499.30万,专业服务,2.01%,92.50%,1.7
3324,NYLI CBRE,MEGI,US,15.14,-,1.00%,1.28/7.36,-,0.7,-,-,-,-,7.88亿,6642.35万,资本市场,0.17%,44.34%,0.962
3325,智富融资,MEGL,US,1.19,-,3.23%,-0.21/-,-,-4.03,-,-,-,-,602.62万,-106.75万,资本市场,0.24%,0.82%,0.361
3326,Functional Brands,MEHA,US,0.108,-,9.62%,0.08/2.96,-,3.85,-,-,-,-,224.60万,75.85万,医疗保健设备,29.29%,2.12%,1.46
3327,Methode Electronics,MEI,US,8.39,-,8.29%,-1.02/-,-,7.02,-,-,NYSE,-,2.97亿,-3610.00万,电子设备与仪器,1.53%,89.94%,0.44
3328,Mercadolibre,MELI,US,1835.22,http://www.mercadolibre.com/,2.29%,39.4/46.59,"Mercadolibre, Inc.是拉美电子商务平台和支付的领导者。该公司是电子商务推动者，其任务是建立必要的网络和技术工具，以使几乎任何人都可在拉丁美洲实现对任何东西的交易。该公司通过其市场平台开展电子商务（其市场平台包括机动车辆、船舶、飞机、服务和房地产的网上分类广告），且该市场平台是拉丁美洲最大的网上交易市场，可使用户在拉美的每一个国家通过MercadoPago来购买或售出产品，个人和企业能够发送和接收在线付款；通过MercadoClics，可实现面向大型零售商和品牌的广告服务，并进一步在网上推广自己的产品和服务；通过MercadoShops便于用户建立并管理自己的在线网络商店，以实现电子商务市场的自由竞争。该公司于1999年10月15日在特拉华州注册成立。",1.44,-,-,NASDAQ,-,930.40亿,19.97亿,多元化零售,0.64%,76.06%,13.79
3329,健永生技,MENS,US,2.19,-,4.85%,-0.02/-,-,-3.52,-,-,-,-,1.67亿,-125.20万,制药,0.22%,0.91%,-
3330,梅赛尼斯,MEOH,US,59.63,-,2.47%,1.1/57.74,-,-1.23,-,-,NASDAQ,-,46.12亿,7987.60万,化学制品,0.93%,62.83%,1.89
3331,美世国际,MERC,US,1.12,-,4.27%,-7.44/-,-,-4.27,-,-,NASDAQ,-,7502.04万,-4.98亿,林业与纸制品,0.68%,71.93%,1.1
3332,Meshflow Acquisition,MESH,US,9.95,-,0.00%,0.05/778.8,-,0.1,-,-,-,-,4.29亿,55.10万,资本市场,0.00%,0.04%,-
3333,Mesoblast,MESO,US,15.51,-,1.71%,-0.03/-,-,0.06,-,-,NASDAQ,-,19.98亿,-4016.20万,生物科技,0.07%,3.40%,3.48
3334,大都会人寿,MET,US,77.7,http://www.metlife.com,2.63%,4.74/15.97,大都会人寿(MET)是全美排名第一的人寿保险公司。公司现为美洲、亚太区及欧洲的7000万客户提供创新的服务和解决方案，致力于帮助客户建立财务自主。2005年，伴随着美国大都会集团获得了花旗集团旗下的旅行者寿险年金公司以及花旗集团的国际保险业务，大都会人寿成为全美最大的人寿保险公司，同时也扩大了在国际市场上的份额。,2.16,-,212-5782211,NYSE,-,506.65亿,31.73亿,保险,0.65%,75.03%,1.78
3335,Meta,META,US,675.03,-,4.07%,23.98/28.34,-,2.41,-,-,-,-,17135.12亿,604.58亿,互动媒体与服务,0.61%,75.92%,7.89
3336,Ramaco Resources A,METC,US,13.79,-,3.52%,-0.99/-,-,-1.36,-,-,NASDAQ,-,9.26亿,-5144.60万,金属与采矿,2.40%,88.56%,1.91
3337,Ramaco Resources B,METCB,US,10.15,-,3.53%,-0.99/-,-,-0.49,-,-,-,-,6.81亿,-5144.60万,金属与采矿,0.32%,56.80%,1.41
3338,M Evo Global,MEVO,US,9.87,-,0.00%,-/-,-,0,-,-,-,-,3.95亿,-4.99万,资本市场,-,-,-
3339,MFA Financial,MFA,US,10.21,-,0.98%,1.31/7.6,-,0.39,-,-,NYSE,-,10.37亿,1.36亿,抵押型REITs,0.97%,51.32%,0.568
3340,宏利金融,MFC,US,38.74,http://www.manulife.com,1.35%,2.25/16.96,宏利金融(MFC)旗下公司宏利人寿是加拿大规模最大的人寿保险公司。集团在完成加拿大历史上最大一宗跨国合并交易，成功实施对美国恒康金融服务有限公司的合并后，成为加拿大第一、北美第二。宏利金融是加拿大主要的财经服务企业，业务遍布全球19个国家和地区。,0.23,-,416-926-3000,NYSE,"200 Bloor Street East North Tower 10 Toronto, ON M4W 1E5 Canada",649.46亿,38.29亿,保险,0.09%,47.67%,2.05
3341,瑞穗金融,MFG,US,8.11,-,1.05%,2.63/20.72,-,-0.12,-,-,NYSE,-,1001.65亿,65.04亿,商业银行,0.03%,1.93%,1.41
3342,移动财经,MFI,US,10.8,-,4.50%,-1.05/-,-,-1.82,-,-,-,-,5.42亿,-174.47万,软件,0.02%,0.22%,192.9
3343,MidCap Financial,MFIC,US,11.32,-,1.63%,0.68/16.52,-,-0.26,-,-,-,-,10.44亿,6316.90万,资本市场,0.51%,34.34%,0.798
3344,Medallion Financial,MFIN,US,9.4,-,5.10%,1.89/5.14,-,-0.21,-,-,NASDAQ,-,2.21亿,4304.40万,商业银行,0.20%,32.72%,0.541
3345,Mfs Municipal Income,MFM,US,5.38,-,0.74%,0.14/39.11,-,-0.19,-,-,NYSE,-,2.22亿,566.60万,资本市场,0.18%,43.50%,0.893
3346,Mistras Group,MG,US,18.91,-,3.02%,0.54/35.73,-,0.32,-,-,NYSE,-,6.02亿,1683.70万,专业服务,0.80%,51.80%,2.56
3347,麦格纳国际,MGA,US,62.94,-,1.41%,2.94/20.99,-,1.19,-,-,NYSE,-,173.98亿,8.29亿,汽车零配件,0.83%,67.09%,1.39
3348,MGE Energy,MGEE,US,80.18,-,1.68%,3.72/21.69,-,-0.46,-,-,NASDAQ,-,29.47亿,1.36亿,电力,0.34%,58.90%,2.26
3349,Mfs Government,MGF,US,2.91,-,0.69%,0.16/17.85,-,0.34,-,-,NYSE,-,9483.75万,531.36万,资本市场,0.05%,56.72%,0.913
3350,禧图集团,MGIH,US,1.5,-,0.00%,-0.56/-,-,1.35,-,-,-,-,1687.50万,-631.54万,容器与包装,0.50%,0.90%,0.678
3351,The Marygold,MGLD,US,1.096,-,14.91%,-0.02/-,-,-3.86,-,-,-,-,4692.11万,-93.20万,综合金融服务,0.07%,0.72%,2.07
3352,美高梅,MGM,US,39.54,http://www.mgmresorts.com,4.57%,0.77/49.14,美高梅国际集团（MGM Resorts International）是一家总部设在内华达州的拉斯维加斯的赌场运营商，为游客提供博彩、住宿、餐饮、娱乐、零售等多层次服务；其非赌博业务营收已过半。,1.54,-,-,NYSE,-,101.16亿,2.06亿,酒店餐饮与休闲,2.05%,71.63%,4.16
3353,Megan Holdings,MGN,US,0.191,-,13.00%,0.03/7.57,-,-4.5,-,-,-,-,706.70万,44.66万,食品,19.16%,0.11%,0.816
3354,Magnite,MGNI,US,12.98,-,4.99%,1.01/12.85,-,3.59,-,-,-,-,18.59亿,1.45亿,信息技术服务,1.35%,95.36%,2.02
3355,Macrogenics,MGNX,US,3.19,-,4.40%,-1.18/-,-,0.31,-,-,NASDAQ,-,2.03亿,-7462.00万,生物科技,0.96%,62.23%,3.65
3356,MGP Ingredients,MGPI,US,20.22,-,1.96%,-4.99/-,-,0.15,-,-,NASDAQ,-,4.32亿,-1.07亿,饮料,1.23%,72.65%,0.601
3357,McGrath Rentcorp,MGRC,US,115.82,-,2.87%,6.35/18.24,-,0.71,-,-,NASDAQ,-,28.51亿,1.56亿,商业服务与用品,1.06%,88.36%,2.3
3358,美华创富,MGRT,US,137,-,5.91%,0.17/1053,-,-2.14,-,-,-,-,18.84亿,178.84万,软件,0.67%,0.00%,121
3359,Mangoceuticals,MGRX,US,0.417,-,10.40%,-2.17/-,-,3.22,-,-,-,-,707.54万,-2181.90万,制药,1.35%,14.93%,0.465
3360,MeiraGTx Holdings,MGTX,US,9.23,-,5.58%,-1.42/-,-,-0.97,-,-,-,-,8.54亿,-1.14亿,生物科技,1.01%,70.13%,-
3361,Metagenomi,MGX,US,1.5,-,5.59%,-2.36/-,-,4.9,-,-,-,-,5643.08万,-8786.80万,生物科技,0.53%,19.89%,0.356
3362,Magnolia Oil & Gas,MGY,US,29.24,-,1.50%,1.73/16.69,-,-1.28,-,-,-,-,54.29亿,3.25亿,石油与天然气,0.99%,107.84%,2.8
3363,Magyar Bancorp,MGYR,US,17.75,-,0.17%,0.51/10.3,-,1.31,-,-,NASDAQ,-,1.15亿,616.60万,商业银行,0.02%,34.02%,0.944
3364,McGraw Hill,MH,US,12.99,-,3.26%,0.47/-,-,-1.67,-,-,-,-,24.81亿,8558.70万,媒体,2.42%,103.09%,3.12
3365,Blackrock Muniholdin,MHD,US,11.83,-,1.02%,1.08/39.51,-,0.42,-,-,NYSE,-,6.17亿,5630.72万,资本市场,0.43%,42.87%,0.922
3366,Western Asset Munici,MHF,US,6.86,-,0.94%,0.17/41.36,-,-0.58,-,-,NYSE,-,1.52亿,368.31万,资本市场,0.23%,22.88%,0.981
3367,Mastech Digital,MHH,US,6.875,-,11.99%,0.05/134.1,-,3.07,-,-,AMEX,-,8164.55万,60.90万,专业服务,0.58%,18.50%,0.914
3368,莫霍克工业,MHK,US,107.74,-,3.68%,5.96/17.82,-,-0.49,-,-,NYSE,-,65.93亿,3.70亿,耐用消费品,2.00%,86.59%,0.787
3369,MI 家居,MHO,US,133.64,-,3.50%,15.07/9.51,-,-0.76,-,-,NYSE,-,34.20亿,6783.20万,耐用消费品,1.36%,94.17%,1.07
3370,NFT,MI,US,0.26,-,11.54%,-0.16/-,-,11.11,-,-,-,-,480.45万,-81.09万,多元化零售,1.18%,0.12%,0.06
3371,Miami International,MIAX,US,45.87,-,2.64%,-1/-,-,0.84,-,-,-,-,42.04亿,-7002.90万,资本市场,0.80%,40.89%,4.77
3372,梦龙,MICC,US,13.23,-,1.10%,0.56/23.56,-,0.61,-,-,-,-,81.00亿,3.44亿,食品与日用品零售,0.15%,37.98%,11.04
3373,The Middleby,MIDD,US,141.93,-,4.79%,-5.38/-,-,-2.37,-,-,NASDAQ,-,66.17亿,-2.78亿,耐用消费品,1.46%,109.17%,2.38
3374,Mawson,MIGI,US,7.37,-,27.14%,-20.11/-,-,23.45,-,-,-,-,4043.72万,-2365.66万,信息技术服务,9.40%,0.20%,-
3375,Mint,MIMI,US,0.318,-,7.52%,-0.35/-,-,-0.31,-,-,-,-,795.40万,-858.27万,综合消费者服务,6.01%,2.43%,1.58
3376,Mfs Intermediate Inc,MIN,US,2.47,-,0.41%,0.16/15.41,-,0.41,-,-,NYSE,-,2.81亿,1824.07万,资本市场,0.12%,52.39%,0.904
3377,MIND Technology,MIND,US,6.42,-,5.47%,0.09/77.8,-,3.22,-,-,NASDAQ,-,5835.17万,75.00万,电子设备与仪器,1.78%,14.52%,1.41
3378,Mayfair Gold,MINE,US,3.05,-,7.64%,-0.12/-,-,1.33,-,-,-,-,2.05亿,-726.32万,金属与采矿,0.12%,0.01%,5.39
3379,Mirion Technologies,MIR,US,19.71,-,2.39%,0.13/171.3,-,1.18,-,-,-,-,49.33亿,2880.00万,专业服务,1.32%,102.75%,2.64
3380,MIRA,MIRA,US,1.05,-,4.76%,-1.35/-,-,0,-,-,-,-,4412.32万,-3199.93万,制药,0.36%,5.28%,4.25
3381,Mirum,MIRM,US,91.49,-,3.13%,-0.47/-,-,-0.5,-,-,-,-,55.79亿,-2336.30万,制药,0.88%,102.11%,17.73
3382,Milestone,MIST,US,1.89,-,4.28%,-0.75/-,-,1.07,-,-,-,-,2.22亿,-6305.80万,制药,0.63%,22.60%,5.32
3383,Mitek Systems,MITK,US,14.29,-,3.58%,0.06/40.02,-,2.36,-,-,NASDAQ,-,6.48亿,277.20万,软件,1.42%,80.95%,2.77
3384,Moving iMage,MITQ,US,0.64,-,19.05%,0.01/-,-,5.09,-,-,-,-,636.49万,12.20万,电子设备与仪器,13.40%,5.59%,1.27
3385,TPG Mortgage,MITT,US,8.11,-,2.67%,0.9/9.38,-,0.62,-,-,NYSE,-,2.57亿,2742.60万,权益型REITs,0.62%,37.39%,0.756
3386,Blackrock Muniyield,MIY,US,11.91,-,1.52%,1.02/34.94,-,0.34,-,-,NYSE,-,3.45亿,2964.07万,资本市场,0.10%,16.76%,0.959
3387,味好美,MKC,US,51.53,http://www.mccormickcorporation.com/,2.37%,3.78/8.47,味好美(MKC)是全球最大的香辛料供应商之一。公司通过全球信息系统资源的交流，给不同民族、不同地域带来纯正本地化口味的调味品，并用自己丰富的制作经验、先进的技术来服务世界各地的食品工业，从而成为调味品行业的专家。,-0.69,-,-,NYSE,-,138.53亿,10.16亿,食品,0.80%,91.59%,1.98
3388,味好美 V,MKC.V,US,51.78,http://www.mccormickcorporation.com/,3.17%,3.78/8.51,味好美(MKC)是全球最大的香辛料供应商之一。公司通过全球信息系统资源的交流，给不同民族、不同地域带来纯正本地化口味的调味品，并用自己丰富的制作经验、先进的技术来服务世界各地的食品工业，从而成为调味品行业的专家。,1.37,-,-,NYSE,-,139.21亿,10.16亿,食品,0.09%,0.26%,1.99
3389,澔鸿科技,MKDW,US,7.17,-,6.90%,-0.02/-,-,0.99,-,-,-,-,3053.30万,-141.24万,电子设备与仪器,1.47%,0.43%,4.82
3390,Markel Group,MKL,US,1912.45,-,2.11%,169.74/11.53,-,-0.9,-,-,NYSE,-,239.96亿,20.81亿,保险,0.44%,74.90%,1.29
3391,McKinley,MKLY,US,-,-,-,0.14/122,-,-,-,-,-,-,2.47亿,202.27万,资本市场,0.00%,79.18%,-
3392,MKS仪器,MKSI,US,280.98,-,5.23%,4.39/64.12,-,0.15,-,-,NASDAQ,-,189.16亿,2.95亿,半导体产品与设备,1.26%,105.35%,6.96
3393,MarketWise,MKTW,US,17.51,-,6.69%,2.41/50.32,-,2.76,-,-,-,-,2.83亿,562.00万,软件,1.65%,41.28%,-
3394,MarketAxess Holdings,MKTX,US,163.19,-,2.71%,6.66/23.52,-,-0.26,-,-,NASDAQ,-,58.01亿,2.47亿,资本市场,1.23%,104.01%,5.06
3395,MacKenzie Realty,MKZR,US,3.27,-,3.47%,-5.34/-,-,-1.21,-,-,-,-,643.01万,-959.29万,权益型REITs,1.00%,8.64%,0.124
3396,Mountain Lake II,MLAA,US,10.015,-,0.25%,-0.01/-,-,-0.05,-,-,-,-,4.91亿,-8.22万,资本市场,0.05%,-,-
3397,Mesa Laboratories,MLAB,US,97.96,-,3.65%,1.97/144.9,-,1.09,-,-,NASDAQ,-,5.41亿,1084.80万,医疗保健设备,2.69%,82.92%,2.9
3398,Mountain Lake,MLAC,US,10.57,-,0.19%,0.27/39.55,-,0,-,-,-,-,3.28亿,828.19万,资本市场,0.00%,94.86%,-
3399,Mount Logan,MLCI,US,4.14,-,7.41%,-7.08/-,-,-4.17,-,-,-,-,4635.21万,-6084.70万,综合金融服务,0.22%,26.53%,0.51
3400,新濠博亚娱乐,MLCO,US,5.63,http://www.melco-crown.com/eng/main.php,2.74%,0.16/12.38,新濠博亚娱乐有限公司专注于迅速增长的澳门博彩市场，发展并持有博彩及娱乐度假设施。公司透过其全资附属公司新濠博亚(澳门)股份有限公司股份有限公司持有澳门仅有的六个博彩专营权之一，于澳门特别行政区经营娱乐场业务。,-0.53,-,-,NASDAQ,-,22.90亿,1.85亿,酒店餐饮与休闲,0.30%,10.07%,-
3401,Moolec Science SA,MLEC,US,7.27,-,8.62%,-17.25/-,-,1.11,-,-,-,-,527.89万,-1.11亿,食品,5.36%,0.18%,-
3402,微易芯,MLGO,US,4.02,-,6.49%,2.13/3.07,-,4.42,-,-,-,-,4999.86万,1628.85万,信息技术服务,1.32%,1.63%,0.151
3403,木勒工业,MLI,US,136.02,-,1.59%,2.19/17.76,-,0.21,-,-,NYSE,-,150.40亿,2.39亿,机械制造,0.44%,91.78%,4.51
3404,MillerKnoll,MLKN,US,17.6,-,2.80%,0.99/111.4,-,1.62,-,-,-,-,12.03亿,6790.00万,商业服务与用品,0.68%,92.11%,0.901
3405,马丁-玛丽埃塔材料,MLM,US,615.3,-,1.94%,18.81/32.49,-,-0.58,-,-,NYSE,-,369.46亿,11.37亿,建筑材料,0.39%,99.42%,3.68
3406,毛伊岛菠萝食品,MLP,US,15.54,-,1.62%,-0.54/-,-,0.97,-,-,NYSE,-,3.09亿,-1057.90万,房地产管理和开发Ⅲ,0.17%,24.08%,9.34
3407,Miller Industries,MLR,US,47.59,-,3.92%,2.01/23.52,-,-0.17,-,-,NYSE,-,5.41亿,2301.40万,机械制造,0.51%,94.59%,1.29
3408,Milestone Scientific,MLSS,US,0.322,-,5.86%,-0.07/-,-,-0.62,-,-,AMEX,-,2590.59万,-572.22万,医疗保健设备,0.33%,5.66%,9.2
3409,MoonLake,MLTX,US,17.18,-,4.67%,-3.53/-,-,1.48,-,-,PINK,-,12.52亿,-2.27亿,生物科技,1.07%,78.59%,4.11
3410,Mineralys,MLYS,US,27.51,-,6.00%,-2.29/-,-,-3.44,-,-,-,-,22.68亿,-1.55亿,制药,0.99%,107.98%,3.51
3411,Mixed Martial Arts,MMA,US,0.746,-,7.07%,-1.31/-,-,1.36,-,-,-,-,1975.67万,-1710.10万,软件,1.52%,0.63%,-
3412,NYLI MacKay,MMD,US,15,-,0.99%,1.04/151,-,-0.66,-,-,NYSE,-,2.82亿,1957.57万,资本市场,0.35%,30.00%,0.913
3413,MiniMed Group,MMED,US,13.2,-,5.80%,-0.59/-,-,-3.15,-,-,-,-,37.07亿,-1.48亿,医疗保健设备,2.40%,0.01%,1.07
3414,马库斯米利查普,MMI,US,28.26,http://www.motorola.com,2.83%,-0.05/-,摩托罗拉公司于2011年1月4日正式分拆为两个经营实体，分别是摩托罗拉移动控股和摩托罗拉解决方案公司。摩托罗拉移动控股(Motorola Mobility)主营智能手机和机顶盒业务，根据新的定位，它将主要为个体消费者提供服务，范围包括：手机及其配件、机顶盒、视频音频数字设备、软件和宽频接入解决方案。截至配股登记日期2010年12月21日结束，摩托罗拉公司在册股东所持每8股摩托罗拉公司普通股换取1股摩托罗拉移动技术公司普通股。,1.11,-,-,NYSE,-,10.76亿,-190.90万,房地产管理和开发Ⅲ,0.89%,61.71%,1.78
3415,Martin Midstream,MMLP,US,2.53,-,4.49%,-0.37/-,-,-1.17,-,-,NASDAQ,-,9880.94万,-659.90万,石油与天然气,0.01%,44.82%,-
3416,3M,MMM,US,145.99,http://www.3m.com,1.57%,1.23/27.32,3M是世界知名制造商，是一个由研究、制造和销售组成的联合企业；公司素以勇于创新，产品繁多著称于世。在其近百年历史中开发出五万多种高品质产品，涉及的领域包括：工业、化工、电子、电气、通信、交通、汽车、航空、医疗、安全、建筑、文教办公、商业及家庭消费品。,0.79,-,651-733-1110,NYSE,-,761.44亿,6.53亿,工业集团企业,1.14%,75.47%,23.34
3417,马克西姆斯服务,MMS,US,65.47,-,3.04%,1.71/9.61,-,-0.12,-,-,NYSE,-,35.71亿,9394.30万,专业服务,2.26%,104.92%,2.08
3418,Merit Medical,MMSI,US,68.58,-,3.18%,2.17/31.84,-,-0.04,-,-,NASDAQ,-,40.91亿,1.28亿,医疗保健设备,0.89%,104.34%,2.58
3419,Mfs Multimarket Inco,MMT,US,4.53,-,0.88%,0.4/11.24,-,0,-,-,NYSE,-,2.49亿,2212.60万,资本市场,0.24%,25.76%,0.892
3420,Miluna Acquisition,MMTX,US,10.05,-,0.00%,0.08/280.3,-,0.1,-,-,-,-,8872.24万,31.65万,资本市场,0.00%,25.87%,1.28
3421,Western Asset Manage,MMU,US,10.28,-,0.96%,0.74/227.2,-,-0.48,-,-,NYSE,-,5.61亿,4042.94万,资本市场,0.20%,36.99%,0.926
3422,MakeMyTrip,MMYT,US,46.02,http://www.makemytrip.com,2.64%,0.27/77.15,"MakeMyTrip(MMYT)是印度最大的旅游网站；经营模式类似于中国的携程。

公司于2010年8月12日登陆纳斯达克，发行价为每股14美元，上市首日股价大涨88.9%。本次IPO发行500万股，融资7000万美元。",0.83,-,-,NASDAQ,-,43.79亿,2755.60万,酒店餐饮与休闲,0.90%,80.30%,-
3423,思维终端科技,MNDO,US,1.08,-,5.14%,0.13/8.37,-,0.93,-,-,NASDAQ,-,2180.00万,260.40万,软件,0.48%,8.34%,0.946
3424,Mobile-health,MNDR,US,0.859,-,27.50%,-0.51/-,-,2.26,-,-,-,-,439.04万,-85.84万,软件,8.00%,1.47%,0.527
3425,monday.com,MNDY,US,67.79,-,4.81%,2.31/29.21,-,4.94,-,-,-,-,34.68亿,1.19亿,软件,2.85%,77.41%,2.78
3426,曼恩凯德生物医疗,MNKD,US,2.7,http://www.mannkindcorp.com,3.69%,0.02/142.2,Mannkind Corporation于1991年2月14日在美国特拉华州注册成立。Mannkind Corporation是一家生物制药公司，侧重于诸如糖尿病和癌症之类疗法和药品的开发、研制和推广。该公司的主导候选产品——AFREZZA吸入粉末，是一种超速效胰岛素，处于后期临床研究阶段，用于成人1型或2型糖尿病高血糖的控制治疗。AFREZZA是由该公司的专有技术圈颗粒加载到胰岛素分子里。这些加载的粒子雾化吸入后，会深入到使用AFREZZA吸入器的肺部。糖尿病是一个重大的健康问题。,-0.37,-,-,NASDAQ,-,8.34亿,586.30万,生物科技,0.94%,58.60%,-
3427,美第奇新星生物技术,MNOV,US,1.37,-,1.46%,-0.24/-,-,0,-,-,NASDAQ,-,6743.31万,-1199.80万,生物科技,0.04%,10.73%,1.62
3428,Monopar Therapeutics,MNPR,US,53.2,-,6.19%,-1.85/-,-,-0.08,-,-,-,-,3.56亿,-1371.69万,生物科技,3.51%,78.77%,2.58
3429,Mach Natural,MNR,US,13.04,-,2.22%,1.09/15.34,-,0,-,-,NYSE,-,21.94亿,1.43亿,石油与天然气,1.10%,18.41%,1.1
3430,Monro,MNRO,US,17.12,-,4.11%,0.26/-,-,-0.87,-,-,NASDAQ,-,5.14亿,774.20万,专营零售,4.08%,128.84%,0.85
3431,MainStreet Bank,MNSB,US,23.855,-,1.79%,1.76/11.17,-,0.36,-,-,-,-,1.75亿,410.00万,商业银行,0.56%,67.63%,0.913
3432,名创优品,MNSO,US,15.08,-,0.93%,0.14/26.91,-,3.43,-,-,-,-,46.37亿,1.72亿,多元化零售,0.15%,1.46%,3.05
3433,怪物饮料,MNST,US,78.23,https://www.monsterbevcorp.com,1.32%,1.95/40.15,怪物饮料公司，原名为汉森天然公司，在美国特拉华州注册成立于1990年4月25日。公司拥有两个可报告分部，即直接货物配送，其主要产品包括能量饮料和仓库，其主要产品包括基于果汁和苏打饮料。该店铺直接配送分部开发市场，主要是通过独家经销商网络来销售产品，而仓库分部开发，市场和主要直接销售产品给零售商。不涉及直接配送或仓储分部公司及未分配数额特别是已分配至“企业及未分配。”,0.86,-,-,NASDAQ,-,765.02亿,19.05亿,饮料,0.60%,65.40%,9.27
3434,Montauk Renewables,MNTK,US,1.43,-,3.55%,0.01/117.2,-,1.42,-,-,-,-,2.05亿,174.80万,独立电力生产商,0.23%,13.92%,0.778
3435,MNTN,MNTN,US,9.99,-,4.38%,-0.13/-,-,1.73,-,-,-,-,7.38亿,-642.60万,软件,1.69%,53.63%,2.41
3436,Momentus,MNTS,US,5.66,-,7.09%,-49.1/-,-,0.35,-,-,-,-,3243.18万,-3058.50万,航空航天与国防,14.45%,1.05%,1.89
3437,MoneyHero,MNY,US,1.35,-,3.76%,-0.1/-,-,1.5,-,-,-,-,5911.49万,-570.70万,综合金融服务,0.15%,1.76%,1.54
3438,奥驰亚集团,MO,US,66.88,http://www.altria.com/en/cms/Home/default.aspx,1.61%,4.12/16.09,奥驰亚是全世界最大消费品集团。麾下有菲莫美国烟草公司、菲莫资本公司，以及万宝路香烟等。,-0.4,-,804-274-2200,NYSE,-,1117.77亿,69.47亿,烟草,0.57%,62.63%,-
3439,Mobilicom,MOB,US,5.87,-,3.64%,-2.68/-,-,-2.81,-,-,-,-,7415.79万,-2372.49万,航空航天与国防,1.33%,14.16%,8.41
3440,Mobix Labs,MOBX,US,2.92,-,11.31%,-0.16/-,-,6.57,-,-,-,-,3073.61万,-1012.50万,半导体产品与设备,4.28%,6.59%,6.59
3441,摩丁制造,MOD,US,251.7,-,2.95%,0.91/135.7,-,0.45,-,-,NYSE,-,132.72亿,4820.00万,汽车零配件,0.99%,108.90%,11.83
3442,Modular Medical,MODD,US,4.86,-,7.97%,-0.37/-,-,4.63,-,-,-,-,2629.83万,-2185.20万,医疗保健设备,0.48%,10.88%,4.47
3443,穆格A,MOG.A,US,312.91,-,9.10%,2.49/38.37,-,2.26,-,-,NYSE,-,99.27亿,1.61亿,软件,1.90%,90.20%,4.72
3444,穆格B,MOG.B,US,312.58,-,0.44%,2.49/38.33,-,-2.93,-,-,NYSE,-,99.17亿,1.61亿,软件,0.01%,0.25%,4.72
3445,蘑菇街,MOGU,US,2.42,-,0.00%,0.0000/11.71,-,4.76,-,-,-,-,1978.02万,708.68万,多元化零售,0.01%,0.07%,0.252
3446,Molina Healthcare,MOH,US,175.94,-,4.83%,0.27/48.76,-,0.71,-,-,NYSE,-,91.66亿,1400.00万,医疗保健服务,3.46%,101.87%,2.25
3447,Molecular Partners,MOLN,US,4.46,-,0.23%,-2.08/-,-,1.36,-,-,-,-,1.80亿,-7768.52万,生物科技,0.00%,8.98%,1.78
3448,挚文集团,MOMO,US,6.15,-,2.04%,0.35/8.12,-,0.49,-,-,-,-,9.33亿,1.15亿,互动媒体与服务,0.32%,26.98%,0.589
3449,晨星,MORN,US,176.27,http://www.morningstar.com/,2.54%,8.93/18.14,"Morningstar晨星由现任董事长乔• 曼斯威托（Joe Mansueto）于1984年美国创立。旨在为投资者提供专业的财经资讯、基金及股票的分析和评级，以及方便、实用、功能卓著的分析应用软件工具，是目前美国最主要的投资研究机构之一和国际基金评级的权威机构。
晨星公司是一个跨国公司，有2900名成员分布在美国、加拿大、欧洲、日本、韩国、香港、澳大利亚、新西兰及中国，为全球的投资者提供关于260,000多种基金、股票投资的数据和资讯以及分析工具。2003年2月20日晨星中国总部在深圳成立，目前员工人数约900人。",-0.77,-,-,NASDAQ,-,67.89亿,3.74亿,资本市场,1.97%,61.97%,5.56
3450,美国美盛,MOS,US,24,https://www.mosaicco.com,3.25%,1.7/14.11,美盛(MOS)是世界上最大的磷肥生产商和销售商，第二大化肥生产商，财富500强中惟一的一家化肥企业。由两家成功且享有声誉的行业领导者－美国嘉吉公司作物营养部和美国IMC于2004年10月共同组建而成。嘉吉公司是中国进口磷肥的最大供应商。,-1.15,-,-,NYSE,-,76.28亿,5.41亿,化学制品,2.55%,91.43%,0.631
3451,摩凡陀,MOV,US,27.73,-,2.40%,1.19/23.06,-,-2.26,-,-,NYSE,-,6.12亿,2655.20万,纺织服装与奢侈品,0.53%,81.45%,1.2
3452,Corvex,MOVE,US,17.12,-,17.48%,-21.79/-,-,4.26,-,-,-,-,2810.47万,-1832.20万,信息技术服务,4.67%,4.13%,-
3453,MP Materials,MP,US,60.73,-,7.36%,-0.5/-,-,-4.09,-,-,-,-,107.90亿,-8587.40万,金属与采矿,3.74%,70.67%,5.45
3454,Blackrock Muniyield,MPA,US,11.27,-,1.07%,1.1/33.23,-,0.18,-,-,NYSE,-,1.46亿,1420.45万,资本市场,0.34%,25.48%,0.909
3455,Motorcar Parts,MPAA,US,11.51,-,3.18%,0.14/113.5,-,0.35,-,-,NASDAQ,-,2.21亿,267.00万,汽车零配件,0.35%,85.02%,0.855
3456,宾州中部银行,MPB,US,33.22,-,2.53%,2.59/16.41,-,-2.72,-,-,NASDAQ,-,8.40亿,870.60万,商业银行,0.52%,48.34%,0.947
3457,马拉松原油,MPC,US,224.14,-,2.38%,13.24/16.31,-,1.37,-,-,NYSE,-,660.09亿,40.47亿,石油与天然气,0.52%,75.96%,3.81
3458,MapLight Therapeutic,MPLT,US,29.76,-,11.58%,-18.56/-,-,2.23,-,-,-,-,12.63亿,-1.61亿,制药,6.99%,54.93%,2.76
3459,Mplx,MPLX,US,55.34,-,1.78%,4.82/11.44,-,-0.49,-,-,NYSE,-,561.81亿,49.12亿,石油与天然气,0.95%,17.52%,3.93
3460,Medical Properties,MPT,US,5.14,-,1.92%,-0.46/-,-,-1.34,-,-,-,-,31.50亿,-2.77亿,医疗保健房地产投资信托,0.88%,58.02%,0.684
3461,M-tron Industries,MPTI,US,63.4,-,5.79%,2.94/26.76,-,3.48,-,-,-,-,2.26亿,844.70万,电子设备与仪器,2.18%,40.61%,3.58
3462,Mega Matrix,MPU,US,0.623,-,13.36%,-0.75/-,-,4.01,-,-,-,-,4236.35万,-3429.63万,娱乐,0.11%,1.41%,2.34
3463,Barings Participatio,MPV,US,17.991,-,1.80%,1.25/14.65,-,0.96,-,-,NYSE,-,1.94亿,1322.90万,资本市场,0.13%,20.47%,1.18
3464,Monolithic Power,MPWR,US,1632.06,-,4.14%,12.94/129,-,2.51,-,-,NASDAQ,-,801.64亿,6.21亿,半导体产品与设备,1.48%,97.07%,22.7
3465,海洋产品,MPX,US,7.99,-,1.86%,0.32/24.73,-,-0.99,-,-,NYSE,-,2.82亿,1138.30万,机械制造,0.17%,16.15%,2.25
3466,Marqeta,MQ,US,4.31,-,2.91%,-0.03/-,-,0.47,-,-,-,-,18.31亿,-1392.50万,综合金融服务,0.70%,77.70%,2.4
3467,Blackrock Muniyield,MQY,US,11.44,-,0.88%,1.02/37.25,-,0.18,-,-,NYSE,-,8.22亿,7326.57万,资本市场,0.31%,32.63%,0.921
3468,Everspin,MRAM,US,14.07,-,12.96%,-0.03/-,-,11.49,-,-,NASDAQ,-,3.28亿,-58.60万,半导体产品与设备,7.31%,51.45%,4.75
3469,Meridian,MRBK,US,18.42,-,13.76%,1.93/9.06,-,-8.86,-,-,-,-,2.19亿,471.40万,商业银行,4.49%,62.24%,1.08
3470,Mercury Systems,MRCY,US,77.99,-,3.70%,-0.47/-,-,-1.17,-,-,NASDAQ,-,46.81亿,-2761.00万,航空航天与国防,0.83%,107.20%,3.21
3471,Meridian Holdings,MRDN,US,6.48,-,6.84%,-7.76/-,-,3.02,-,-,NASDAQ,-,8191.38万,-8989.78万,娱乐,2.15%,3.83%,1.76
3472,Mereo Biopharma,MREO,US,0.29,-,8.14%,-0.05/-,-,-5.54,-,-,-,-,4628.86万,-4187.80万,制药,0.98%,7.78%,1.13
3473,默沙东,MRK,US,111.9,http://www.msdchina.com.cn/,2.21%,7.3/15.14,默克公司，世界制药企业的领先者，是一家以科研为本，致力于医学研究、开发和销售人用和兽用医药创新产品的跨国制药企业。该公司自1891年成立起便不遗余力地通过其广泛深远的研究项目研制新药，并尽力令有需者都能获得其药物帮助，而且默克公司还无偿出版非广告宣传刊物，为大众提供健康信息。该公司共有员工63，000多名。业务覆盖全球约200个国家和地区。全球设有10个研究中心、33家工厂在25个国家有17个配送中心。,-2.37,-,908-423-1000,NYSE,-,2763.79亿,182.54亿,制药,0.29%,79.33%,5.25
3474,Marker Therapeutics,MRKR,US,1.4,-,6.90%,-0.79/-,-,-3.45,-,-,-,-,2334.24万,-1216.36万,生物科技,0.57%,23.58%,1.39
3475,Merlin,MRLN,US,12.01,-,12.38%,-/169,-,-5.66,-,-,NASDAQ,-,10.15亿,600.83万,软件,31.43%,79.14%,-
3476,MEDIROM Healthcare,MRM,US,1.17,-,5.24%,-0.61/33.32,-,2.18,-,-,-,-,935.35万,-478.93万,酒店餐饮与休闲,-,0.18%,5.55
3477,Moderna,MRNA,US,50.73,-,5.52%,-7.26/-,-,-4.01,-,-,-,-,201.19亿,-28.22亿,生物科技,1.25%,76.52%,2.33
3478,Murano Global,MRNO,US,0.343,-,7.90%,0.02/-,-,-6.54,-,-,-,-,2720.53万,156.28万,酒店餐饮与休闲,12.88%,0.19%,0.094
3479,Millrose Properties,MRP,US,30.73,-,1.77%,2.44/12.6,-,0.79,-,-,-,-,51.01亿,4.05亿,权益型REITs,0.45%,87.07%,0.871
3480,威达信,MRSH,US,170.1,-,2.08%,2.37/20.88,-,-2.25,-,-,-,-,819.53亿,11.46亿,保险,0.36%,90.36%,5.63
3481,Marti Technologies,MRT,US,2.11,-,6.19%,-0.53/-,-,0.48,-,-,NYSE,-,1.82亿,-4144.60万,公路与铁路,0.04%,12.79%,-
3482,马尔登运输,MRTN,US,14.8,-,5.53%,0.21/83.33,-,-0.2,-,-,NASDAQ,-,12.08亿,138.20万,公路与铁路,2.43%,70.29%,1.58
3483,Maravai,MRVI,US,3.55,-,6.09%,-0.9/-,-,2.9,-,-,-,-,9.13亿,-1.31亿,制药,0.99%,90.11%,4.3
3484,迈威尔科技,MRVL,US,164.31,http://www.marvell.com/,7.45%,3.1/53.8,迈威科技（集团）有限公司是一个针对高速、高密度、数位资料存贮和宽频数位资料网路市场，从事混合信号和数位信号处理集成电路的主要设计师、开发商和供应商。公司的主要产品是处理器，储存设备，无线通讯模块，光纤宽带设备以及解决方案等。,-0.76,-,441-296-6395,NASDAQ,-,1436.56亿,26.70亿,半导体产品与设备,4.32%,78.78%,10.04
3485,Marex,MRX,US,52.8,-,2.24%,4.12/13.13,-,1.27,-,-,-,-,38.59亿,2.94亿,综合金融服务,1.44%,71.40%,3.05
3486,摩根士丹利,MS,US,188.07,http://www.morganstanley.com,1.02%,3.47/16.98,摩根士丹利(MS)成立于1935年，总部位于纽约，是一家全球性金融服务公司，通过其下属公司和分支机构向包括企业、政府、金融机构和个人在内的客户提供产品和服务；业务包括三大类：机构证券、全球财富管理集团和资产管理；通过其位于纽约及周边的总部、全美国的分支机构以及伦敦、东京、香港和其他世界金融中心的中枢开展业务。,-0.31,-,212-7614000,NYSE,美国纽约州纽约市百老汇1585号，邮编：NY 10036,2971.51亿,54.11亿,资本市场,0.38%,85.25%,2.92
3487,MSA Safety,MSA,US,169.85,-,2.18%,7.11/23.61,-,-1.43,-,-,NYSE,-,65.86亿,2.79亿,商业服务与用品,0.54%,88.10%,4.83
3488,MultiSensor AI,MSAI,US,5.56,-,3.09%,-0.31/-,-,-0.18,-,-,-,-,1118.84万,-1171.30万,电子设备与仪器,1.33%,47.35%,0.349
3489,美莎比信托,MSB,US,27.03,-,7.22%,1.06/25.57,-,-1.92,-,-,NYSE,-,3.55亿,1386.88万,金属与采矿,0.43%,50.90%,18.08
3490,Midland States,MSBI,US,25,-,5.00%,-6.12/19.83,-,6.88,-,-,NASDAQ,-,5.20亿,1623.50万,商业银行,1.52%,66.21%,0.931
3491,新濠影汇,MSC,US,2.7,-,11.60%,-0.08/-,-,8,-,-,-,-,5.69亿,-5876.50万,酒店餐饮与休闲,0.01%,5.68%,1.09
3492,明晟,MSCI,US,592.69,-,1.45%,5.54/32.7,"MSCI Inc. (MSCI) is a provider of investment decision support tools, including indices, portfolio risk and performance analytics and corporate governance products and services. It operates in two segments: the Performance and Risk business, and the Governance business. MSCI’s products are its global equity indices and environmental, social and governance (ESG) products marketed under the MSCI and MSCI ESG brands, its portfolio risk and performance analytics covering global equity and fixed income markets marketed under the Barra brand, its market and credit risk analytics marketed under the RiskMetrics and Barra brands and its governance research and outsourced proxy voting and reporting services. In April 2014, Vestar Capital Partners acquired Institutional Shareholder Services Inc. (ISS) from MSCI Inc. On May 12, 2014, it completed the repurchase of its entire share capital from Morgan Stanley. In August 2014, MSCI Inc. acquired GMI Ratings through subsidiary MSCI ESG Research Inc.",-0.89,-,-,NYSE,-,431.48亿,4.06亿,资本市场,0.55%,91.58%,-
3493,Morgan Stanley Emerg,MSD,US,7.37,-,1.15%,1.05/7.06,-,-0.41,-,-,NYSE,-,1.49亿,2113.10万,资本市场,0.53%,27.85%,0.937
3494,Morgan Stanley Direc,MSDL,US,15.03,-,1.80%,1.4/10.5,-,0.27,-,-,-,-,12.82亿,1.22亿,综合金融服务,0.71%,41.47%,0.733
3495,米德尔赛克斯水务,MSEX,US,53.5,-,3.75%,2.36/23.26,-,-1.53,-,-,NASDAQ,-,9.94亿,4274.60万,水务,3.62%,80.30%,2.01
3496,微软,MSFT,US,424.62,-,2.20%,8.91/26.44,-,2.13,-,-,-,-,31530.71亿,662.05亿,软件,0.38%,73.56%,8.07
3497,Madison Square,MSGE,US,63.46,-,4.91%,1.5/57.78,-,2.85,-,-,-,-,30.00亿,7106.10万,娱乐,1.13%,99.72%,83.28
3498,Motorsport Games,MSGM,US,4.09,-,8.83%,1.43/3.41,-,6.79,-,-,-,-,2363.39万,692.81万,软件,2.14%,4.95%,3.49
3499,麦迪逊广场花园体育,MSGS,US,333.3,-,3.12%,-0.02/-,-,0.47,-,-,-,-,80.22亿,-57.90万,酒店餐饮与休闲,1.16%,91.69%,-
3500,Masonglory,MSGY,US,0.51,-,5.50%,0.01/10.69,-,-3.23,-,-,-,-,725.48万,14.68万,建筑与工程,1.21%,1.38%,0.833
3501,摩托罗拉解决方案,MSI,US,438.26,-,1.72%,12.93/33.82,2011年1月4日，摩托罗拉正式分拆为两个部门，也就是摩托罗拉移动(Motorola Mobility)和摩托罗拉解决方案(Motorola Solutions)部门，并分别在纽约证券交易所上市交易。摩托罗拉解决方案公司主营公共安全无线电和手持式扫描仪业务。将主要为企业和政府提供服务，范围包括双向无线电、移动计算终端、条码扫描仪、无线宽带网络等。,-1.11,-,-,NYSE,-,728.40亿,21.54亿,通信设备,0.41%,86.09%,30.22
3502,MSC Income,MSIF,US,12.35,-,4.14%,1.91/6.41,-,0.32,-,-,-,-,5.68亿,8872.80万,资本市场,0.58%,20.49%,0.77
3503,Satellos Bioscience,MSLE,US,6.98,-,4.99%,-1.7/-,-,2.5,-,-,-,-,1.44亿,-2487.30万,制药,0.11%,0.00%,5.18
3504,MSC Industrial Direc,MSM,US,97.83,-,1.22%,1.69/26.3,-,-0.23,-,-,NYSE,-,54.62亿,9428.80万,贸易与经销,1.21%,84.11%,3.95
3505,Emerson Radio,MSN,US,0.44,-,4.45%,-0.14/-,-,3.04,-,-,AMEX,-,925.88万,-287.70万,专营零售,0.37%,4.88%,0.455
3506,Maison Solutions,MSS,US,1.17,-,14.20%,-0.53/-,-,3.82,-,-,-,-,372.54万,-1172.40万,食品与日用品零售,6.52%,1.46%,0.483
3507,Strategy,MSTR,US,171.02,-,4.80%,-15.23/-,-,-0.84,-,-,NASDAQ,-,591.04亿,-42.30亿,软件,4.34%,53.45%,1.34
3508,明成集团,MSW,US,1.25,-,8.26%,-0.28/-,-,8.7,-,-,-,-,1621.88万,-360.45万,建筑与工程,1.17%,0.17%,16.45
3509,安赛乐米塔尔,MT,US,59.71,http://www.arcelormittal.com/,1.85%,4.13/14.42,"安赛乐米塔尔是全球领先的钢铁企业，业务遍布全球60多个国家和地区。
安赛乐米塔尔是全球主要钢铁市场的领导者，包括汽车，建筑，家用电器，包装，并拥有世界领先的研发能力和技术，以及丰富的原材料供应和强大的分销网络。随着业务覆盖四大洲超过20个国家，公司业务已遍及全球主要的钢铁市场，从新兴市场到成熟市场。
安赛乐米塔尔在纽约（MT），阿姆斯特丹（MT），法国巴黎（MT），布鲁塞尔（MT），卢森堡（MT）以及在西班牙的巴塞罗那，毕尔巴鄂，马德里，巴伦西亚（MTS）证券交易所上市。",0.29,-,-,NYSE,-,454.47亿,31.52亿,金属与采矿,0.15%,3.75%,0.834
3510,Metalla Royalty,MTA,US,6.8,-,2.22%,-0.05/-,-,0.44,-,-,-,-,6.35亿,-424.10万,金属与采矿,0.36%,28.88%,2.52
3511,Metals II,MTAL,US,-,-,-,-0.93/-,-,-,-,-,-,-,3.08亿,-2.15万,资本市场,0.00%,46.31%,0.0000
3512,美国制商银行,MTB,US,214.92,-,2.19%,4.16/11.06,-,-2.18,-,-,NYSE,-,315.75亿,6.64亿,商业银行,0.48%,91.51%,1.24
3513,海川证券,MTC,US,6.71,-,8.15%,-1.05/-,-,3.23,-,-,-,-,6.68亿,-5607.52万,软件,0.09%,0.14%,45.96
3514,Match Group,MTCH,US,36.75,-,4.99%,2.53/13.94,-,3.06,-,-,NASDAQ,-,85.50亿,6.13亿,信息技术服务,1.46%,107.65%,-
3515,梅特勒-托利多,MTD,US,1282.45,https://www.mt.com/cn/zh/home.html,3.39%,42.17/29.88,梅特勒托利多是精密仪器/衡器的全球生产商和销售商，绝大多数仪器和衡器在其销售的领域内保持全球领先。企业通过提供综合多种技术（包括客户特殊应用的解决方案）的创新型仪器/衡器，专注于开拓高附加值的市场。公司业务的地理分布多样化，2010 年在欧洲的销售额占37%，美洲占 36%，而亚洲和其他地区占到 27%。,1.43,-,-,NYSE,-,259.68亿,8.69亿,生命科学工具,0.74%,101.57%,-
3516,Matador Resources,MTDR,US,60.46,-,2.60%,6.1/9.89,"Matador Resources is an independent energy company engaged in the exploration, development, production and acquisition of oil and natural gas resources in the United States, with a particular emphasis on oil and natural gas shale plays and other unconventional resource plays. Our current operations are located primarily in the Eagle Ford shale play in south Texas and the Haynesville shale play in northwest Louisiana and east Texas",-1,-,-,NYSE,-,75.12亿,7.59亿,石油与天然气,0.94%,91.14%,1.33
3517,Maris-Tech,MTEK,US,1.38,-,9.70%,-0.3/-,-,3.76,-,-,-,-,1338.41万,-238.83万,通信设备,2.30%,7.64%,3.81
3518,铭腾,MTEN,US,1.19,-,6.67%,-0.2/-,-,-0.83,-,-,-,-,147.42万,-135.68万,汽车零配件,3.94%,0.02%,0.207
3519,寰泰生技,MTEX,US,4.76,-,6.81%,-8/-,-,1.28,-,-,NASDAQ,-,918.52万,-1521.30万,个人用品,1.42%,10.38%,-
3520,Mgic Investment,MTG,US,28.63,-,1.20%,3.17/8.33,-,-0.49,-,-,NYSE,-,61.54亿,7.38亿,综合金融服务,0.78%,102.34%,1.2
3521,Meritage Homes,MTH,US,69.07,http://www.lgvcapital.com,2.12%,6.4/11.95,Meritage Homes Corp 是美国一家房地产开发商。,-1.19,-,-,NYSE,-,46.07亿,5530.90万,耐用消费品,1.64%,103.67%,0.904
3522,Materialise,MTLS,US,5.21,http://www.materialise.com,3.13%,0.15/33.97,"Materialise is a leading provider of additive manufacturing software and of sophisticated 3D printing services. Our customers are active in a wide variety of industries, including healthcare, automotive, aerospace, art and design and consumer products. Since our founding in 1990 by our Chief Executive Officer, Wilfried Vancraen, we have consistently focused on developing innovative applications of additive manufacturing technologies. We believe our proprietary software platforms, which enable and enhance the functionality of 3D printers and of 3D printing operations, have become a market standard for professional 3D printing, with a current installed base of more than 8,000 licenses. We believe that our commitment to enabling 3D printing technologies has significantly supported and accelerated the acceptance and proliferation of additive manufacturing and will continue to play an instrumental role as the industry evolves. In the healthcare sector, our technology was directly responsible for the design and manufacture of over 146,000 customized, patient-specific medical devices during 2013. In our 3D printing service centers, including what we believe to be the world’s largest single-site additive manufacturing service center in Leuven, Belgium, we printed more than 500,000 medical devices, prototypes, production parts, and consumer products during 2013. As of March 31, 2014, our team consisted of 997 FTEs and fully dedicated consultants, holding 410 masters degrees, of whom 48 had PhDs. Our portfolio of intellectual property features 62 patents and 101 pending patent applications as of March 31, 2014. For the year ended December 31, 2013, we generated €68.7 million of revenue, representing 16.3% growth over the prior year, EBITDA of €7.6 million and net profit of €3.4 million. For the three months ended March 31, 2014, we generated €18.7 million of revenue, representing 20.4% growth over the same period in the prior year, EBITDA of €1.4 million and net profit of €0.1 million. For a description of EBITDA and a reconciliation of our net profit to our EBITDA, see “—Other Financial Information” below.",1.96,S1/F1,-,NASDAQ,-,3.08亿,905.78万,电脑与外围设备,0.09%,13.72%,1.03
3523,Vail Resorts,MTN,US,119.02,http://www.vailresorts.com,3.77%,0.65/18.4,美国范尔度假村集团（Vail Resorts)是全球山地度假行业的领军者，集团各子公司运营着10个世界级的山地度假村和3个城市滑雪场，包括科罗拉多州的范尔(Vail)、海狸溪(Beaver Creek)、布里肯里奇(Breckenridge)、基斯通(Keystone)，犹他州的帕克城(Park city)，位于加州与内华达州之间的太浩湖地区的天堂(Heavenly)、北极星(Northstar)和柯克伍德(Kirkwood)，威斯康辛的 Wilmot Mountain，明尼苏达州的 AftonAlps，密歇根州的 Mt. Brighton，澳大利亚的 Perisher 以及加拿大的惠斯勒黑梳山 Whistler-Blackcomb。Vail集团通过其子公司RockResorts拥有并管理着一系列休闲奢华度假酒店，以及位于怀俄明州Jackson Hole的the GrandTeton Lodge Company。 Vail集团发展公司是Vail集团的一个房地产公司，负责规划和发展部分。,-3.68,-,-,NYSE,-,42.41亿,2325.50万,酒店餐饮与休闲,3.66%,114.59%,14.05
3524,Matinas Biopharma,MTNB,US,0.61,-,4.05%,-2/-,-,-1.13,-,-,-,-,390.78万,-1096.30万,制药,0.42%,7.37%,0.809
3525,Mesa Royalty Trust,MTR,US,4.66,-,2.97%,0.27/17,-,-1.27,-,-,NYSE,-,868.43万,51.09万,石油与天然气,0.26%,13.83%,2.75
3526,Materion,MTRN,US,185.89,-,2.63%,3.61/51.68,-,1.44,-,-,NYSE,-,38.67亿,7482.30万,金属与采矿,0.81%,94.04%,4.1
3527,Matrix Service,MTRX,US,12.74,-,3.11%,-0.16/-,-,1.43,-,-,NASDAQ,-,3.58亿,-455.70万,建筑与工程,0.74%,87.59%,2.6
3528,MACOM Technology,MTSI,US,287.64,-,3.78%,0.65/133.1,"主要业务是制造和供应模拟芯片,主要客户来自互联网、军事、汽车以及工业等行业。

目前公布发行价19美元，发行规模600万股，融资额1.14亿美元，

该公司计划赴纳斯达克上市，股票代码为MTSI，巴克莱资本、JP摩根、Jefferies是其主承销商。",1.14,-,-,NASDAQ,-,215.76亿,4876.70万,半导体产品与设备,1.74%,95.54%,15.95
3529,Metallus,MTUS,US,19.11,-,4.40%,-0.03/-,-,1.92,-,-,-,-,7.97亿,-120.00万,金属与采矿,0.59%,83.41%,1.16
3530,MetaVia,MTVA,US,1.56,-,7.30%,-7.35/-,-,2.63,-,-,-,-,794.19万,-1297.30万,制药,4.78%,0.73%,1.49
3531,马尼托沃克,MTW,US,13.47,-,2.96%,0.2/67.18,-,0.82,-,-,NYSE,-,4.84亿,720.00万,机械制造,0.51%,72.54%,0.696
3532,Minerals,MTX,US,71.85,-,1.65%,-0.59/-,-,0.7,-,-,NYSE,-,22.29亿,-1840.00万,化学制品,0.54%,98.07%,1.3
3533,MasTec,MTZ,US,376.12,-,3.26%,5.12/74.3,-,-1.77,-,-,NYSE,-,296.49亿,3.99亿,建筑与工程,1.17%,74.42%,9.1
3534,美光科技,MU,US,496.72,http://www.micron.com/,3.66%,16.91/23.23,美光科技是美国最大的电脑内存芯片厂商。通过全球化的运营，美光科技制造并向市场推出DRAM、NAND闪存、CMOS图像传感器、其它半导体组件以及存储器模块，用于前沿计算、消费品、网络和移动便携产品。,3.11,-,208-368-4000,NASDAQ,-,5601.68亿,190.25亿,半导体产品与设备,3.15%,78.73%,7.73
3535,Blackrock Muniassets,MUA,US,10.55,-,1.04%,0.88/35.3,-,-0.09,-,-,NYSE,-,4.06亿,3367.17万,资本市场,0.23%,23.95%,0.935
3536,Blackrock Muniholdin,MUC,US,10.83,-,0.55%,0.94/47.35,-,-0.09,-,-,NYSE,-,10.20亿,8805.83万,资本市场,0.20%,30.27%,0.919
3537,三菱日联金融,MUFG,US,17.29,-,0.84%,1.02/23.08,-,0.41,-,-,-,-,1959.82亿,115.66亿,商业银行,0.02%,2.80%,1.44
3538,Blackrock Muniholdin,MUJ,US,12.06,-,0.67%,1.02/25.97,-,0.25,-,-,NYSE,-,6.41亿,5402.21万,资本市场,0.08%,12.51%,0.955
3539,墨菲石油,MUR,US,39,http://www.murgitroyd.com/,2.19%,0.73/53.64,墨菲石油公司是美国一家石油和天然气综合性公司，成立于1963年5月20日，总部设在阿肯色州的埃尔多拉多。公司在世界各地的分公司和其它分支机构近70家，拥有雇员1339人。公司经营范围：油气勘探与生产，石油炼制、运输和销售。主要子公司：美国墨菲石油公司、墨菲东部石油公司、墨菲石油有限公司、墨菲勘探与生产公司。,-1.42,-,-,NYSE,-,55.91亿,1.04亿,石油与天然气,0.78%,89.51%,1.09
3540,墨菲美国,MUSA,US,531.29,http://www.metalsusa.com,2.52%,24.38/20.89,"As one of the largest metal service center businesses in the United States, we believe that we are a leading provider of value-added processed carbon steel (“value-added” refers to enhanced metal processing and services beyond basic delivery which are recognized and desired by many end-users as efficient cost savings opportunities), stainless steel, aluminum, red metals and manufactured metal components. We believe that we serve an important function as an intermediary between primary metal producers that generally sell large volumes in limited sizes and configurations and end-users that generally require more services and smaller quantities of customized products. Operating 35 facilities comprising almost 5 million square feet of industrial space, our metal service center business sold more than 1.4 million tons of metal products in 2008. We sell our products and services to a diverse customer base and broad range of end markets, including the land and marine transportation, energy, aerospace, defense, electrical and appliance manufacturing, fabrication, furniture, commercial construction, and machinery and equipment industries, among several others, throughout the United States.",-0.28,-,-,NYSE,-,98.29亿,4.71亿,石油与天然气,2.01%,83.65%,15.76
3541,McEwen,MUX,US,24.25,-,3.84%,0.64/41.87,"McEwen Mining Inc. (McEwen Mining), formerly US Gold Corporation, is a precious metals exploration-stage company. It is engaged in the business of acquiring, exploring, and developing mineral properties in North America. We presently hold an interest in numerous properties in Nevada and Mexico. The Company operates in two segments: Nevada and Mexico. As of December 31, 2010, it held an interest in approximately 1,525 square miles of mineral concessions in west central Mexico. Its primary property in Mexico is the El Gallo Project, located in Sinaloa state on the Sierra Madre Trend, a geological area of significant gold and silver mineralization. As of December 31, 2010, the Company held 100% interest in Tonkin property and also continued to rationalize the Nevada Pacific, White Knight and Tone properties. In February 2011, it completed a preliminary economic assessment. On January 24, 2012, Minera Andes Acquisition Corp. became an indirect wholly owned subsidiary of McEwen Mining.",1.25,-,-,NYSE,-,14.42亿,3443.40万,金属与采矿,1.22%,45.69%,2.64
3542,Muzero Acquisition,MUZE,US,9.88,-,0.00%,-0.01/-,-,0,-,-,-,-,2.70亿,-4.95万,资本市场,0.00%,-,-
3543,MVB Financial,MVBF,US,26,-,3.04%,2.11/12.4,-,0.08,-,-,-,-,3.34亿,2694.00万,商业银行,0.25%,52.95%,1
3544,维视图像,MVIS,US,0.652,-,7.41%,-0.35/-,-,2.84,-,-,NASDAQ,-,2.00亿,-9498.10万,电子设备与仪器,1.33%,27.54%,3.6
3545,Mv Oil Trust,MVO,US,2.55,-,14.50%,0.91/2.82,-,-1.92,-,-,NYSE,-,2932.50万,1040.75万,石油与天然气,2.36%,4.07%,12.94
3546,微宏控股,MVST,US,1.89,-,6.09%,-0.09/-,-,-4.06,-,-,-,-,6.28亿,-2921.80万,电子设备与仪器,1.63%,25.43%,1.53
3547,Mueller Water Produc,MWA,US,28.17,-,1.50%,0.28/22.07,-,0.28,-,-,NYSE,-,44.05亿,4320.00万,机械制造,2.07%,94.73%,4.33
3548,Multi Ways Holdings,MWG,US,2.11,-,4.83%,0.03/-,-,1.98,-,-,-,-,1084.96万,90.30万,机械制造,0.09%,0.17%,0.504
3549,SOLV Energy,MWH,US,38.82,-,4.65%,-/52.69,-,3.16,-,-,-,-,78.61亿,1.49亿,电气设备,0.71%,0.50%,17.38
3550,Marwynn Holdings,MWYN,US,0.61,-,13.57%,-0.23/-,-,-12.86,-,-,-,-,1231.88万,-416.44万,食品与日用品零售,6.48%,1.21%,5.4
3551,美格纳半导体,MX,US,5.25,-,28.10%,-0.82/-,-,22.95,-,-,NYSE,-,1.91亿,-2972.40万,半导体产品与设备,27.68%,52.01%,0.771
3552,Mexco Energy,MXC,US,9.22,-,2.58%,0.3/15.08,-,-0.75,-,-,AMEX,-,1886.41万,61.57万,石油与天然气,0.38%,12.73%,0.98
3553,Maxcyte,MXCT,US,0.863,-,4.29%,-0.42/-,-,0.12,-,-,-,-,9222.14万,-4463.00万,生物科技,0.35%,61.92%,0.538
3554,Mexico Equity & Inco,MXE,US,13.38,-,3.26%,2.92/2.72,-,-0.89,-,-,NYSE,-,5887.48万,1283.40万,资本市场,0.01%,55.06%,0.842
3555,Mexico Fund,MXF,US,21.62,-,2.30%,5.27/4.1,-,1.41,-,-,NYSE,-,3.12亿,7599.58万,资本市场,0.70%,62.00%,0.982
3556,MaxLinear,MXL,US,60.32,http://www.MaxLinear.com,28.67%,-0.52/-,"MaxLinear is a provider of highly integrated radio-frequency analog and mixed signal semiconductor SoC solutions for broadband communication applications offering high levels of performance, small silicon die-size, and low power consumption.",76.12,-,760-692-0711,NYSE,"2051 Palomar Airport Road, Suite 100, Carlsbad, CA, 92011, US",54.01亿,-4513.70万,半导体产品与设备,34.52%,84.69%,11.89
3557,迈尔斯,MYE,US,21.49,-,2.93%,0.93/23.01,-,0.7,-,-,NYSE,-,8.04亿,3492.80万,容器与包装,0.46%,93.44%,2.73
3558,First Western金融,MYFW,US,26.39,-,5.51%,1.36/16.88,-,1.34,-,-,-,-,2.57亿,620.80万,资本市场,0.55%,63.97%,0.939
3559,万基遗传,MYGN,US,4.78,http://www.myriad.com/,2.84%,-3.95/-,"Myriad Genetics, Inc.是一家领先的分子诊断公司，致力于通过该评估发展中国家疾病的人员的风险转化试验的发现及商业化，为患者的生活带来改变，指导治疗决策和评估疾病进展和复发的危险。它执行所有它的分子诊断测试和分析自己的参考实验室，并应用了一些专有技术，帮助其理解人类疾病的遗传基础和基因及其相关蛋白可能在疾病的发生和发展中起的作用。这些技术包括生物标志物发现的基础技术，高通量DNA测序，RNA表达和复用蛋白质分析。它使用这些信息来指导新的分子诊断测试的发展，旨在以后的生活（预测医学）评估个体发展疾病的风险，找出应对药物治疗患者的可能性和指导病人的剂量，以确保最佳的治疗（个性化医疗），或评估疾病进展和疾病复发（预后药）的患者的风险。公司认为，通过提供医师以解决未满足临床需要的关键信息，来改善患者的医疗管理。该公司的总部设在犹他州的盐湖城，财年截止到2016年6月30日产生了大约7.54亿美元的全球收入。",-0.21,-,-,NASDAQ,-,4.51亿,-3.66亿,生物科技,0.84%,101.53%,1.23
3560,Blackrock Muniyield,MYI,US,10.91,-,0.92%,0.98/29.15,-,0.09,-,-,-,-,7.25亿,6508.33万,资本市场,0.48%,36.60%,0.917
3561,Blackrock Muniyield,MYN,US,9.92,-,0.81%,0.94/62.3,-,0.05,-,-,NYSE,-,3.80亿,3607.85万,资本市场,0.52%,28.92%,0.913
3562,Mynd,MYND,US,0.342,-,6.29%,-0.06/-,-,-2.29,-,-,-,-,1561.05万,-2889.20万,综合消费者服务,0.01%,0.04%,2.67
3563,Myomo,MYO,US,0.824,-,7.94%,-0.37/-,-,5.51,-,-,-,-,3173.37万,-1557.39万,医疗保健设备,0.73%,36.40%,2.78
3564,PLAYSTUDIOS,MYPS,US,0.44,-,4.71%,-0.23/-,-,-1.35,-,-,-,-,5645.85万,-2863.90万,娱乐,0.41%,35.77%,0.248
3565,MYR Group,MYRG,US,339.28,-,3.13%,7.57/44.52,-,0.36,-,-,NASDAQ,-,52.72亿,1.18亿,建筑与工程,1.15%,96.21%,7.98
3566,Myseum,MYSE,US,3.19,-,12.88%,-0.62/-,-,6.69,-,-,-,-,1620.93万,-260.73万,软件,17.56%,4.67%,2.66
3567,My Size,MYSZ,US,0.633,-,3.20%,-1.87/-,-,1.28,-,-,NASDAQ,-,304.99万,-585.20万,软件,0.34%,2.70%,0.592
3568,The Marzetti,MZTI,US,127.48,-,3.83%,3.87/19.43,-,1.72,-,-,-,-,34.96亿,1.06亿,食品,1.59%,61.84%,3.38
3569,MOZAYYX Acquisition,MZYX,US,-,-,-,-/-,-,-,-,-,-,-,3.71亿,-3.98万,资本市场,-,-,0.0000
3570,能链智电,NAAS,US,2.28,-,8.10%,-0.01/-,-,8.57,-,-,-,-,2748.59万,-6276.97万,电子设备与仪器,0.05%,0.00%,-
3571,N-able,NABL,US,5.18,-,5.70%,-0.09/-,-,5.5,-,-,-,-,9.76亿,-1703.20万,信息技术服务,1.33%,98.13%,1.21
3572,Nuveen California Qu,NAC,US,11.84,-,0.51%,-0.81/-,-,0.34,-,-,NYSE,-,18.38亿,-1.18亿,资本市场,0.18%,14.38%,3.64
3573,Nuveen Quality Munic,NAD,US,11.77,-,1.19%,0.28/42.04,-,0.26,-,-,NYSE,-,27.48亿,6535.63万,资本市场,0.19%,20.92%,0.962
3574,Niagen,NAGE,US,4.93,-,4.86%,0.22/22.71,-,4.23,-,-,-,-,3.95亿,1738.20万,制药,0.92%,40.62%,5.16
3575,Natural Alternatives,NAII,US,2.675,-,7.07%,-0.47/-,-,-3.08,-,-,NASDAQ,-,1652.29万,-284.40万,食品与日用品零售,0.26%,37.14%,0.239
3576,Northern Dynasty,NAK,US,1.97,-,4.46%,-0.14/-,-,-2.48,-,-,AMEX,-,11.03亿,-7611.29万,金属与采矿,0.90%,18.73%,85.65
3577,Nakamoto,NAKA,US,0.215,-,7.52%,-0.26/-,-,-4.87,-,-,-,-,1.48亿,-5222.89万,软件,1.01%,19.18%,0.289
3578,进馨科技,NAMI,US,0.488,-,20.19%,0.0000/13.89,-,-6.15,-,-,-,-,3858.68万,-297.25万,综合消费者服务,-,0.00%,2.31
3579,Namib,NAMM,US,2.05,-,7.77%,1.96/1.1,-,-0.49,-,-,-,-,1.12亿,1.01亿,金属与采矿,14.88%,2.61%,-
3580,NewAmsterdam Pharma,NAMS,US,29.72,-,8.26%,-1.72/-,-,-5.53,-,-,-,-,34.17亿,-2.04亿,制药,1.36%,100.88%,5
3581,Nuveen New York Qual,NAN,US,11.45,-,0.44%,-0.75/-,-,0.04,-,-,NYSE,-,3.55亿,-2314.97万,资本市场,0.09%,14.65%,1.05
3582,纳比特,NAN,US,2.21,-,12.66%,0.98/2.52,-,-8.3,-,-,NYSE,-,5130.31万,2038.02万,半导体产品与设备,3.09%,3.54%,0.591
3583,Nordic American,NAT,US,5.54,-,4.40%,0.06/95.61,-,1.65,-,-,NYSE,-,11.73亿,1227.00万,石油与天然气,1.80%,45.60%,2.63
3584,Nathan's Famous,NATH,US,101.14,-,0.12%,4.21/19.31,-,-0.01,-,-,NASDAQ,-,4.14亿,1721.10万,酒店餐饮与休闲,1.09%,48.85%,-
3585,NCR Atleos,NATL,US,44.54,-,2.62%,2.2/20.28,-,-1.83,-,-,-,-,32.85亿,1.62亿,软件,1.63%,96.50%,8.15
3586,天然阳光产品,NATR,US,27.33,-,7.63%,1.08/24.51,-,1.75,-,-,NASDAQ,-,4.78亿,1952.10万,制药,0.46%,80.72%,2.96
3587,Nautilus,NAUT,US,2.62,-,6.78%,-0.47/-,-,1.55,-,-,-,-,3.32亿,-5900.10万,生物科技,0.48%,45.92%,2.11
3588,Navient,NAVI,US,8.95,-,3.28%,-0.81/-,-,1.24,-,-,NASDAQ,-,8.41亿,-8000.00万,消费信贷,0.78%,98.35%,0.351
3589,Navan,NAVN,US,15.6,-,6.97%,-4.07/-,-,0.71,-,-,-,-,39.12亿,-3.98亿,软件,2.46%,64.75%,3.24
3590,Nuveen Arizona Quali,NAZ,US,12.64,-,1.29%,-0.6/-,-,0.96,-,-,NYSE,-,1.55亿,-731.83万,资本市场,0.16%,8.97%,1.15
3591,NioCorp Developments,NB,US,5.66,-,7.16%,-0.44/-,-,-1.22,-,-,-,-,8.08亿,-4328.20万,金属与采矿,2.61%,24.57%,2.62
3592,Nuveen Taxable,NBB,US,15.81,-,1.53%,0.56/43.62,-,0.64,-,-,NYSE,-,4.65亿,1644.11万,资本市场,0.08%,44.62%,0.96
3593,NB Bancorp,NBBK,US,19.82,-,5.58%,1.34/16.86,-,3.44,-,-,-,-,8.87亿,1498.40万,商业银行,3.15%,49.99%,1.05
3594,Neuberger Municipal,NBH,US,10.29,-,0.48%,0.16/63.43,-,-0.29,-,-,AMEX,-,3.05亿,480.48万,资本市场,0.28%,42.52%,0.902
3595,National Bank,NBHC,US,42.58,-,1.89%,2.86/18.03,-,-0.79,-,-,NYSE,-,19.03亿,2079.30万,商业银行,1.17%,81.80%,1.14
3596,Nebius Group,NBIS,US,147.16,-,12.38%,0.4/366.1,-,-6.32,-,-,-,-,372.34亿,1.02亿,信息技术服务,9.14%,47.53%,8.07
3597,神经分泌生物科学,NBIX,US,127.68,-,2.41%,4.81/26.83,-,-1.93,-,-,NASDAQ,-,128.42亿,4.79亿,制药,1.23%,99.29%,3.95
3598,东北银行,NBN,US,119.77,-,1.98%,5.22/11.75,-,-1.82,-,-,NASDAQ,-,10.25亿,4328.00万,商业银行,1.62%,73.31%,1.91
3599,新桥生物,NBP,US,2.45,-,4.66%,-0.21/-,-,-0.81,-,-,-,-,2.83亿,-4626.90万,生物科技,0.37%,12.68%,1.23
3600,纳伯斯工业,NBR,US,89.89,-,4.25%,18.75/5.01,-,1.52,-,-,-,-,14.35亿,2.87亿,能源设备与服务,2.90%,81.48%,2.43
3601,Newbridge收购,NBRG,US,-,-,-,-0.14/-,-,-,-,-,-,-,7470.79万,-22.10万,资本市场,-,-,-
3602,NBT Bancorp,NBTB,US,43.25,-,5.45%,3.34/12.25,-,-4.5,-,-,NASDAQ,-,22.49亿,5114.20万,商业银行,0.95%,63.67%,1.18
3603,Nanobiotix,NBTX,US,33.58,-,2.76%,-0.59/-,-,-0.39,-,-,-,-,16.29亿,-2812.06万,生物科技,0.15%,11.88%,-
3604,Neuberger Next,NBXG,US,14.6,-,1.81%,4.08/3.58,-,2.24,-,-,-,-,11.50亿,3.21亿,资本市场,0.13%,39.74%,0.842
3605,NACCO Industries,NC,US,50.36,-,6.66%,2.37/21.59,-,4.5,-,-,NYSE,-,3.79亿,1757.40万,石油与天然气,0.23%,35.64%,0.884
3606,Nuveen California Mu,NCA,US,9.35,-,1.18%,-0.21/-,-,0,-,-,NYSE,-,3.10亿,-711.34万,资本市场,0.10%,24.55%,1.06
3607,Nuveen Churchill Dir,NCDL,US,13.96,-,2.57%,1.3/10.51,-,-0.21,-,-,-,-,6.89亿,6561.40万,资本市场,0.44%,31.60%,0.782
3608,NewcelX,NCEL,US,4.66,-,16.90%,-/-,-,-5.09,-,-,-,-,2352.97万,-419.29万,制药,3.89%,0.00%,8.29
3609,新世纪,NCEW,US,15.89,-,17.07%,-3.71/-,-,2.38,-,-,-,-,5084.80万,-1067.36万,航空货运与物流,0.93%,0.10%,9.61
3610,思宏国际,NCI,US,0.959,-,8.60%,0.06/16.39,-,3.12,-,-,NYSE,-,1813.85万,25.94万,纺织服装与奢侈品,39.80%,0.39%,2.45
3611,Northann,NCL,US,0.154,-,11.72%,-0.82/-,-,6.21,-,-,-,-,827.49万,-1167.40万,耐用消费品,1.19%,0.38%,0.917
3612,挪威邮轮,NCLH,US,18.51,-,2.66%,0.94/19.92,"挪威邮轮（Norwegian Cruise Line Holdings Ltd NASDAQ: NCLH）是挪威一家邮轮公司；与嘉年华邮轮和皇家加勒比海邮轮竞争。

2008年，阿波罗和德州太平洋集团以10亿美元的价格分别购买了Norwegian Cruise公司37.5%和12.5%的股权；邮轮旅游业务运营商云顶香港持有余下的50%股权。

2013年1月18，挪威邮轮在纳斯达克上市，IPO发行2350万股普通股，发行价19美元，融资4.465亿美元；瑞银集团和（UBS）和巴克莱银行是本次IPO的主承销商。",0.49,-,-,NASDAQ,-,84.32亿,4.23亿,酒店餐饮与休闲,3.33%,87.21%,3.82
3613,National Cinemedia,NCMI,US,3.54,-,2.56%,-0.11/-,-,0.85,-,-,NASDAQ,-,3.30亿,-1060.00万,媒体,0.31%,88.07%,0.88
3614,Nucana,NCNA,US,2.06,-,5.12%,0.0000/-,-,-4.19,-,-,-,-,857.37万,-3947.10万,制药,0.55%,0.00%,0.262
3615,nCino,NCNO,US,17.68,-,4.19%,0.05/390.9,-,4.31,-,-,-,-,20.25亿,518.00万,软件,6.14%,106.42%,1.92
3616,Netcapital,NCPL,US,0.38,-,3.77%,-1.71/-,-,2.43,-,-,-,-,298.22万,-758.44万,综合金融服务,3.00%,2.46%,0.138
3617,Nocera,NCRA,US,0.21,-,8.37%,-0.21/-,-,3.45,-,-,-,-,358.58万,-296.00万,贸易与经销,1.26%,1.15%,1.64
3618,NCS Multistage,NCSM,US,78.77,-,7.13%,9.17/8.71,-,1.14,-,-,NASDAQ,-,2.07亿,2374.80万,能源设备与服务,4.79%,62.08%,1.64
3619,Intercont,NCT,US,2.65,http://www.newcastleinv.com/,31.78%,-2.49/-,"紐卡斯爾投資公司（Newcastle Investment Corp - NCT)成立与1998年，总部设在纽约；是一家房地产投资和金融公司，主要投资经营房地产证券。该公司投资组合包括商业抵押贷款支持证券、物业房地产投资信托基金、房地产相关的资产债券、机构住宅抵押证券发行的高级无抵押债务等。

此外，公司还拥有经营性房地产；具有房地产信托基金资格。",17.78,-,-,NYSE,-,323.13万,-268.24万,海运,3.15%,1.15%,0.131
3620,第九城市,NCTY,US,5.65,http://www.the9.com,3.09%,-0.03/-,"第九城市是立足于中国市场的在线游戏开发商和运营商，曾是《魔兽世界》在中国的代理商。目前“第九城市”开发和代理的产品有《EA Sports FIFA Online 2》、《奇迹世界》(SUN)、《卓越之剑》(GE)、《快乐西游》、《王者世界》(Atlantica)、《名将三国》、《九洲战记》、《Audition2》(AU2)、《暗黑之门》(Hellgate: London)、《Ragnarok2》(RO2)、《Emil Chronicle Online》、《Huxley》等。
第九城市于2004年12月15日在纳斯达克上市,发行价每ADS17美元，1ADS=1普通股。",2.73,S1/F1,86-21-51729999,NASDAQ,上海市浦东新区张江高科技园区碧波路690号3号楼,8602.43万,-5754.90万,软件,0.18%,0.00%,2.28
3621,Virtus Convertible &,NCV,US,16.48,-,1.22%,3.48/4.74,-,0.8,-,-,NYSE,-,3.72亿,7851.10万,资本市场,0.20%,30.50%,0.937
3622,Virtus Convertible &,NCZ,US,14.98,-,0.87%,3.24/4.62,-,0.74,-,-,NYSE,-,2.85亿,6171.00万,资本市场,0.28%,37.86%,0.943
3623,纳斯达克,NDAQ,US,89.9,http://www.nasdaq.com/,3.27%,0.92/26.71,"纳斯达克(NASDAQ)是美国全国证券交易商协会于1968年着手创建的自动报价系统名称的英文简称。纳斯达克的特点是收集和发布场外交易非上市股票的证券商报价。它现已成为全球最大的证券交易市场。目前的上市公司有5200多家。纳斯达克又是全世界第一个采用电子交易的股市，它在55个国家和地区设有26万多个计算机销售终端。
纳斯达克-OMX集团(NASDAQ OMX)成立于2007年5月，美国纳斯达克证券交易所并购北欧证券交易商瑞典OMX集团，并购后的新集团将命名为纳斯达克-OMX集团（NASDAQ OMX Group），由纳斯达克的格赖费尔德出任CEO，OMX的博克尔担任总裁，并由双方派出的代表共同经营。在新集团董事会15名成员中，9人来自纳斯达克，5人来自OMX。",3.29,-,-,NASDAQ,-,511.03亿,5.19亿,资本市场,0.93%,84.78%,4.25
3624,Noodles,NDLS,US,11.31,https://www.noodles.com,16.61%,-7.36/-,快餐连锁店Noodles & Company创立于1995年，目前运营超过300家快餐连锁店，截至2013年4月2日的12个月录得销售额3.12亿美元。,14.53,-,-,NASDAQ,-,6659.58万,-4256.80万,酒店餐饮与休闲,1.99%,32.80%,-
3625,Nuveen Dynamic Munic,NDMO,US,10.34,-,0.77%,0.25/41.5,-,0,-,-,-,-,6.16亿,1484.02万,资本市场,0.08%,16.73%,0.975
3626,恩德拉生命科学,NDRA,US,4.97,-,5.60%,-8.93/-,-,-0.6,-,-,NASDAQ,-,616.65万,-702.74万,医疗保健设备,0.85%,7.18%,2.73
3627,诺信,NDSN,US,282.36,-,2.27%,2.39/30.11,-,-0.52,-,-,NASDAQ,-,157.51亿,1.33亿,机械制造,0.43%,75.94%,5.06
3628,Noble,NE,US,49.54,-,2.76%,1.36/36.45,-,1.23,-,-,NYSE,-,79.00亿,2.17亿,能源设备与服务,0.85%,76.87%,1.74
3629,Nuveen Amt-free,NEA,US,11.47,-,0.83%,0.28/41.78,-,-0.26,-,-,NYSE,-,34.30亿,8210.27万,资本市场,0.17%,18.38%,0.972
3630,东北社区银行,NECB,US,24.29,-,1.84%,3.35/7.56,-,-0.61,-,-,-,-,3.36亿,4441.30万,综合金融服务,0.22%,47.89%,0.954
3631,新纪元能源,NEE,US,95.28,-,2.59%,1.05/24.28,-,-1.01,-,-,NYSE,-,1986.91亿,21.82亿,电力,0.47%,82.84%,3.6
3632,新蛋,NEGG,US,38.855,-,11.12%,-0.21/-,-,-0.5,-,-,-,-,8.15亿,-418.10万,专营零售,0.42%,1.23%,7.14
3633,纽蒙特,NEM,US,120.7,http://www.newmont.com/,8.26%,3.01/15.24,"纽蒙特矿业建立于1916年，总部位于美国科罗拉多州丹佛市。该公司在其创立之初不久就在纽约股票交易所、澳大利亚证券交易所和加拿大多伦多证券交易所三大交易所挂牌上市，通过资本运作夯实基础后，就开始进行大规模的合并和收购等扩张活动。经营范围以金、铜、煤、石油、天然气等为中心。并且在2002年2月收购加拿大同业Franco-Nevada公司和澳大利亚的NormandyMining公司一跃成为全球黄金矿业界的""龙头老大""。年产金达到230吨，可报告储量达到2703.52吨，非储量黄金矿藏约为1539.15吨。",8.68,-,-,NYSE,-,1288.54亿,32.62亿,金属与采矿,1.16%,77.89%,3.69
3634,New England Realty,NEN,US,60.99,-,3.19%,51.75/34.94,-,2.5,-,-,AMEX,-,2.11亿,603.13万,权益型REITs,0.03%,3.19%,-
3635,Neogenomics,NEO,US,8.29,-,6.26%,-0.84/-,-,4.8,-,-,NASDAQ,-,10.79亿,-1.08亿,生命科学工具,0.98%,101.92%,1.29
3636,纽勤,NEOG,US,9.54,-,3.69%,0.02/-,-,2.03,-,-,NASDAQ,-,20.77亿,340.00万,医疗保健设备,0.93%,107.57%,0.988
3637,Neonode,NEON,US,1.64,-,2.39%,0.51/3.24,-,0.61,-,-,NASDAQ,-,2752.40万,849.30万,软件,0.37%,20.94%,1.03
3638,NeoVolta,NEOV,US,2.78,-,5.36%,-0.2/-,-,-0.71,-,-,-,-,1.19亿,-678.21万,电子设备与仪器,0.72%,30.52%,23.76
3639,Nephros,NEPH,US,2.87,-,9.68%,0.11/25.59,-,1.06,-,-,-,-,3054.90万,119.40万,耐用消费品,0.13%,48.84%,3
3640,Minerva,NERV,US,6.575,http://www.minervaneurosciences.com,10.86%,-34.67/-,"Minerva Neurosciences is a clinical-stage biopharmaceutical company focused on the development and commercialization of a portfolio of product candidates to treat patients suffering from central nervous system, or CNS, diseases. Leveraging our domain expertise, we have acquired or in-licensed four development-stage proprietary compounds that we believe have innovative mechanisms of action with potentially positive therapeutic profiles. Our lead product candidates are MIN-101, a compound we are developing for the treatment of patients with schizophrenia, and MIN-117, a compound we are developing for the treatment of patients suffering from major depressive disorder, or MDD. In addition, our portfolio includes MIN-202, a compound we are co-developing for the treatment of patients suffering from primary and secondary insomnia, and MIN-301, a compound we are developing for the treatment of patients suffering from Parkinson's disease. We believe our innovative product candidates have significant potential to transform the lives of a large number of affected patients and their families who are currently not well-served by available therapies in each of their respective indications.",-3.73,S1/F1,-,NASDAQ,-,2.88亿,-2.93亿,制药,0.53%,53.80%,-
3641,国家能源服务,NESR,US,24.44,-,6.33%,0.52/48.18,-,3.47,-,-,-,-,24.63亿,5113.20万,能源设备与服务,1.62%,57.84%,2.55
3642,Cloudflare,NET,US,207.07,http://www.net.cn/,3.66%,-0.29/-,中国万网是一家互联网应用服务提供商，主要提供完整的互联网应用服务，服务包括域名服务、主机服务、企业邮箱、网站建设、网络营销以及高端的企业电子商务解决方案。万网是阿里巴巴B2B（1688.HK）旗下公司，阿里于09年12月以7900万美元的价格将其收购。,1.01,-,-,PREIPO,-,728.85亿,-1.02亿,信息技术服务,0.66%,87.60%,49.96
3643,纽马克特,NEU,US,696.88,-,3.87%,12.62/15.6,-,2.03,-,-,NYSE,-,64.10亿,1.18亿,化学制品,1.98%,69.52%,3.7
3644,Neuphoria,NEUP,US,5.04,-,5.05%,-2.37/-,-,2.65,-,-,-,-,2717.01万,-804.24万,制药,1.76%,29.32%,0.915
3645,New Pacific Metals,NEWP,US,5.46,-,4.24%,0.0000/-,-,0.74,-,-,-,-,10.05亿,-74.56万,金属与采矿,0.59%,19.61%,7.54
3646,NewtekOne,NEWT,US,12.74,-,3.44%,2.21/6.31,-,1.68,-,-,NASDAQ,-,3.67亿,5817.70万,资本市场,0.48%,50.16%,1.05
3647,Nexa Resources,NEXA,US,14.43,-,6.02%,1/14.41,-,-2.43,-,-,-,-,19.11亿,1.33亿,金属与采矿,3.06%,7.24%,1.91
3648,Nexmetals,NEXM,US,2.36,-,10.66%,-2.09/-,-,-8.17,-,-,-,-,8380.98万,-4309.10万,金属与采矿,0.10%,18.08%,1.39
3649,Nexxen International,NEXN,US,7.37,-,4.08%,0.42/16.4,-,3.66,-,-,-,-,4.11亿,2504.30万,互动媒体与服务,0.72%,65.83%,0.865
3650,Nexera,NEXR,US,1.84,-,20.50%,-81.07/-,-,-8,-,-,-,-,148.89万,-367.70万,多元化零售,10.61%,0.01%,0.13
3651,NextDecade,NEXT,US,7.09,-,5.92%,-1.17/-,"触控科技前身CocoaChina.com开发者社区既是Apple Cocoa Framework在中国的技术传播、讨论以及分享社区。该社区今天已经发展成为中国最大的iOS移动开发者社区，拥有26万注册开发者会员。

2010年11月12日触控科技正式组建团队，并在之后2年间获得北极光、迪士尼思伟创投、红杉创投以及纪源资本（GGV）的风险投资，融资总规模3200万美金。

触控科技可以说是中国移动游戏领域最幸运的公司之一。在产品研发方面，触控科技拥有《捕鱼达人》休闲游戏系列产品，该产品在中国拥有2亿激活用户，是中国团队在全球迄今最成功的休闲游戏产品。

另一方面，触控科技投资并支持的2D 游戏引擎 Cocos2D-X在中国拥有70%的开发者认可和使用比例。此外，Cocos2D-X在全球199个国家地区有40万开发者使用，而Cocos2D-X已经成为全球使用率最高的手机游戏引擎之一，在中国前10名收入最高的手机游戏产品中有8款产品是由Cocos2D-X引擎及工具开发的。

2012年触控科技和中国三大运营商合作，将运营商计费成功运用于智能机游戏的道具计费中，并且在2013年2月份，《捕鱼达人2》成为中国收入最高的手机游戏产品。运营商渠道获得成功后，触控科技在2013年全面开展面向全球的代理发行工作。

在中国市场，迪士尼、NEXON、Gameloft、育碧、KONAMI、Gamevil等众多一线厂商的产品由触控独家代理发行。同时触控还是《我叫MT》《时空猎人》《乱斗堂》等众多一线网游产品的重要代理方或者独家代理方。2013年Q3，触控科技在台湾正式发行5款产品，在韩国发行2款产品，在美国发行2款产品，所有海外发行工作均有触控科技当地团队负责运维执行。

触控科技对当前中国移动游戏市场最大的价值在于推动行业效率的提升，降低行业总体成本。通过稳定、高效、不断进化的游戏引擎和工具，给更多游戏开发者带来便捷和有效的技术支撑。

触控科技希望通过对新渠道、新模式、新的产品形式的探索和尝试，为行业带来更多有效的参照与发展空间。让中国游戏厂商可以在全球获得更大的市场份额。",-4.58,-,-,NASDAQ,-,18.79亿,-3.06亿,石油与天然气,2.13%,48.22%,19.69
3652,Northfield Bancorp,NFBK,US,13.78,-,1.72%,0.02/120.8,-,0.58,-,-,NASDAQ,-,5.76亿,1184.30万,商业银行,0.53%,57.98%,0.828
3653,New Fortress Energy,NFE,US,0.629,-,11.36%,-6.63/-,-,0.64,-,-,-,-,1.80亿,-18.45亿,石油与天然气,5.45%,59.16%,0.984
3654,National Fuel Gas,NFG,US,88.18,-,2.70%,1.99/12.79,-,-1.09,-,-,NYSE,-,83.79亿,1.82亿,燃气,0.65%,80.00%,2.34
3655,New Found Gold,NFGC,US,2.07,-,3.27%,-0.15/-,-,-3.27,-,-,-,-,7.15亿,-3469.42万,金属与采矿,0.46%,10.14%,2.34
3656,"Virtus Dividend, Int",NFJ,US,14.06,-,0.78%,1.58/8.78,-,-0.07,-,-,-,-,13.07亿,1.49亿,资本市场,0.10%,40.01%,0.949
3657,奈飞,NFLX,US,92.44,-,1.59%,1.25/29.11,-,-0.41,-,-,NASDAQ,-,3892.46亿,52.83亿,娱乐,0.78%,79.75%,12.51
3658,NOVAGOLD RESOURCES,NG,US,8.63,-,5.56%,-0.04/-,-,-2.04,-,-,AMEX,-,37.87亿,-1543.50万,金属与采矿,1.07%,75.62%,8.53
3659,NervGen Pharma,NGEN,US,3.92,-,4.07%,-0.44/-,-,-0.25,-,-,-,-,3.17亿,-3217.42万,制药,0.19%,0.18%,126.5
3660,英国电力,NGG,US,87.42,http://www.nextgensciences.com,0.69%,0.17/22.51,英国电力(NGG)是全英最大的能源与公用事业公司。该公司是2002年4月27日，由英国能源商National Grid公司和Lattice公司合并而成，资产总额达148亿英磅（210亿美元）。英国电力是一家国际能源输送公司，主要业务是在被管制的电力和天然气行业。他们在英格兰和威尔士拥有和经营高压碘的输送网络以及在英国天然气运输系统。他在美国是前十家电力公司之一，在新英格兰/纽约地区拥有最大的输电和配电网络。,0.53,-,-,NYSE,-,869.18亿,8.29亿,复合型公用事业,0.07%,5.84%,1.74
3661,NGL Energy Partners,NGL,US,14.41,-,2.10%,0.16/45.13,-,0.98,-,-,NYSE,-,17.84亿,1.45亿,石油与天然气,0.16%,59.18%,-
3662,Neurogene,NGNE,US,27.03,-,4.42%,-4.24/-,-,0.3,-,-,-,-,4.22亿,-9035.10万,生物科技,1.94%,103.15%,1.59
3663,Natural Gas Services,NGS,US,39.67,-,4.58%,1.59/25.06,-,3.31,-,-,NYSE,-,4.99亿,1992.80万,能源设备与服务,0.79%,75.72%,1.82
3664,Natural Grocers,NGVC,US,27.39,-,4.73%,0.49/13.19,-,0.74,-,-,NYSE,-,6.31亿,1133.40万,食品与日用品零售,1.16%,38.23%,2.87
3665,Ingevity,NGVT,US,76.41,-,4.00%,-4.61/-,-,1.53,-,-,NYSE,-,26.91亿,-1.67亿,化学制品,0.69%,106.33%,90.64
3666,National Healthcare,NHC,US,172.86,-,2.54%,7.76/22.47,-,1.34,-,-,AMEX,-,26.96亿,1.20亿,医疗保健服务,0.95%,62.30%,2.52
3667,National Health,NHI,US,77,-,1.78%,3.03/26.28,-,-0.8,-,-,NYSE,-,37.31亿,1.42亿,权益型REITs,0.73%,71.47%,2.45
3668,NewHold Investment,NHIC,US,10.45,-,0.77%,0.2/57.02,-,0.48,-,-,-,-,2.80亿,491.80万,资本市场,0.10%,86.19%,1.39
3669,National Healthcare,NHP,US,12.85,-,5.72%,-/-,-,2.8,-,-,-,-,8.71亿,-7106.70万,医疗保健房地产投资信托,-,-,1.45
3670,Neuberger High Yield,NHS,US,6.35,-,1.25%,0.65/9.86,-,-0.78,-,-,AMEX,-,1.99亿,2021.61万,资本市场,0.66%,12.12%,0.854
3671,然健环球,NHTC,US,2.94,https://www.naturalhealthtrendscorp.com,2.05%,-0.08/-,天然健康指数公司是最初于1988年成立于佛罗里达州，于2005年6月29日合并成立附属公司并重新纳入特拉华州。该公司是一家国际直销的电子商务公司，总部设在美国德克萨斯州达拉斯。由公司控股，子公司根据“莱科萨斯”的品牌销售个人护理，保健，和产品以提高“生活质量”。,0.34,-,-,NASDAQ,-,2521.89万,-88.20万,个人用品,0.20%,12.42%,1.08
3672,尼索思,NI,US,47.99,-,0.89%,1.96/24.75,-,-0.62,-,-,NYSE,-,230.04亿,9.29亿,复合型公用事业,0.71%,96.59%,2.43
3673,Nicolet Bankshares,NIC,US,145.51,-,2.33%,10.06/23.27,-,1.02,-,-,-,-,31.02亿,1519.60万,商业银行,0.66%,60.77%,1.37
3674,NICE,NICE,US,100.35,-,3.80%,9.82/9.74,-,1.64,-,-,NASDAQ,-,59.61亿,6.12亿,软件,0.84%,50.32%,1.54
3675,Nicola Mining,NICM,US,6.28,-,5.32%,-/261.3,-,-0.79,-,-,-,-,1.19亿,-259.28万,金属与采矿,0.23%,-,36.09
3676,Virtus Equity & Conv,NIE,US,25.81,-,1.80%,4.13/6.26,-,1.14,-,-,NYSE,-,7.15亿,1.14亿,资本市场,0.35%,26.29%,0.918
3677,Nuveen Select Maturi,NIM,US,9.36,-,0.43%,0.28/45.03,-,-0.37,-,-,NYSE,-,1.17亿,342.66万,资本市场,0.04%,40.67%,0.942
3678,Nine Energy Service,NINE,US,9.38,-,3.85%,-1.25/-,-,3.08,-,-,-,-,1.31亿,-5132.20万,能源设备与服务,0.27%,19.39%,-
3679,蔚来,NIO,US,6.21,-,2.71%,-0.98/-,-,-1.11,-,-,NYSE,-,155.60亿,-22.27亿,汽车,0.82%,15.30%,26.2
3680,NIP Group,NIPG,US,0.69,-,4.51%,-2.4/-,-,-2.82,-,-,-,-,8120.18万,-1.36亿,娱乐,-,0.40%,0.633
3681,NIQ Global,NIQ,US,11.55,-,5.97%,-1.32/-,-,2.94,-,-,NYSE,-,34.09亿,-3.53亿,信息技术服务,1.27%,82.78%,3.45
3682,小牛电动,NIU,US,3.15,-,3.40%,-0.04/-,-,1.94,-,-,-,-,2.47亿,-563.21万,汽车,0.20%,7.17%,1.91
3683,NewGenIVF Group,NIVF,US,1.96,-,7.33%,214.73/0.113,-,2.62,-,-,-,-,111.43万,987.94万,生物科技,3.41%,0.26%,0.042
3684,Nixxy,NIXX,US,0.615,-,6.18%,-0.73/-,-,0,-,-,-,-,1653.88万,-1498.30万,无线电信业务,1.34%,6.29%,2.07
3685,新泽西能源,NJR,US,55.82,-,2.04%,1.22/17.23,-,-1.2,-,-,NYSE,-,56.29亿,1.22亿,燃气,0.62%,76.52%,2.28
3686,耐克,NKE,US,44.69,http://www.nike.com/,1.85%,1.38/29.41,耐克（NIKE）创立于1968年，在全球范围内从事鞋类、服装、设备、配饰产品的设计、开发和营销。耐克经销运动鞋和运动服装，其产品组合包括跑步、训练、篮球和足球用鞋以及运动型都市鞋和儿童鞋。该公司还营销网球、高尔夫、棒球、足球、长曲棍球、竞走、户外活动、滑板、自行车、排球、摔跤、啦啦队、水上运动以及其它多种运动项目的专用鞋和休闲鞋。耐克在180多个国家通过零售商户、直营零售店以及一系列独立分销商和特许经营商销售其产品。,-0.2,-,503-6716453,NYSE,美国俄勒冈州比佛顿市鲍尔曼大道1号 邮编：97005,661.81亿,20.39亿,纺织服装与奢侈品,1.36%,80.56%,4.7
3687,Terra Innovatum,NKLR,US,7.26,-,14.83%,-0.19/446,-,-5.96,-,-,-,-,5.10亿,-558.00万,独立电力生产商,6.03%,9.89%,-
3688,National Bankshares,NKSH,US,35.65,-,6.35%,2.49/12.92,-,-2.62,-,-,NASDAQ,-,2.27亿,498.10万,商业银行,0.77%,37.98%,1.21
3689,内克塔治疗,NKTR,US,91.68,-,3.89%,-9.73/-,-,0.46,-,-,NASDAQ,-,30.45亿,-1.64亿,制药,3.18%,58.07%,33.89
3690,Nkarta,NKTX,US,2.92,-,5.20%,-1.41/-,-,-2.01,-,-,-,-,2.08亿,-1.04亿,生物科技,1.45%,78.50%,0.667
3691,Nuveen California Am,NKX,US,12.23,-,0.37%,-0.79/-,-,0.25,-,-,NYSE,-,6.42亿,-3741.71万,资本市场,0.20%,16.41%,1.12
3692,NL Industries,NL,US,5.97,-,3.53%,-0.77/-,-,2.4,-,-,NYSE,-,2.92亿,-3782.60万,机械制造,0.30%,10.54%,0.813
3693,Net Lease Office,NLOP,US,13.15,-,2.89%,-9.81/-,-,2.57,-,-,-,-,1.95亿,-1.45亿,房地产管理和开发Ⅲ,1.47%,50.98%,0.663
3694,Annaly Capital,NLY,US,22.75,-,2.23%,0.33/8.21,-,1.43,-,-,NYSE,-,166.14亿,2.42亿,抵押型REITs,0.75%,57.22%,1.15
3695,Nuveen Multi-Asset,NMAI,US,13.57,-,1.48%,2.43/5.58,-,0.37,-,-,-,-,4.54亿,8126.53万,资本市场,0.13%,20.99%,1
3696,Newsmax,NMAX,US,6.23,-,11.03%,-0.96/-,-,-7.15,-,-,-,-,8.05亿,-9949.51万,媒体,3.77%,34.39%,7.59
3697,Nuveen Municipal,NMCO,US,10.73,-,0.28%,0.02/523.9,-,-0.19,-,-,-,-,5.94亿,113.44万,资本市场,0.11%,19.01%,0.987
3698,New Mountain Finance,NMFC,US,8.09,-,1.74%,0.16/48.33,-,0.37,-,-,NYSE,-,7.97亿,1648.80万,资本市场,0.96%,33.24%,0.674
3699,Nouveau Monde,NMG,US,2.07,-,4.23%,-0.5/-,-,-2.82,-,-,-,-,3.33亿,-7670.43万,独立电力生产商,0.60%,7.04%,5.72
3700,Nuveen Municipal Inc,NMI,US,10.2,-,5.14%,0.27/37.45,-,-2.86,-,-,NYSE,-,1.15亿,307.14万,资本市场,0.62%,15.08%,1.03
3701,NMI Holdings,NMIH,US,41.11,-,1.36%,5.01/8.05,"NMI Holdings, Inc., through its subsidiaries, provides residential mortgage insurance services for mortgage originators in the United States. The company was founded in 2009 and is based in Emeryville, California.",-0.12,-,-,NASDAQ,-,31.31亿,3.89亿,商业银行,0.50%,96.91%,1.21
3702,Neuberger Energy,NML,US,9.87,-,2.39%,0.08/120.6,-,-1.79,-,-,AMEX,-,5.59亿,463.78万,资本市场,0.46%,35.13%,1.02
3703,Navios Maritime,NMM,US,70.32,-,2.91%,9.59/7.04,-,0.93,-,-,NYSE,-,20.07亿,2.85亿,海运,0.38%,33.39%,0.601
3704,NMP Acquisition,NMP,US,10.16,-,0.00%,0.24/91.23,-,-0.1,-,-,-,-,1.62亿,177.87万,资本市场,0.00%,87.47%,207.3
3705,野村控股,NMR,US,7.87,http://www.nomura.com/,3.99%,0.62/9.94,野村控股（英文名NOMURA SECURITIES）是日本最大的证券公司。其在国内有分社113个，海外国际子公司及分社、办事处共29个。野村控股还设有综合研究所、电子计算中心，接受其他机构委托，从事调查研究等情报业务。野村控股是日本四大证券公司之首，也是全世界最大证券公司之一。,-4.84,-,-,NYSE,-,228.37亿,22.76亿,资本市场,0.07%,2.50%,0.981
3706,Neumora,NMRA,US,2.25,-,4.93%,-1.45/-,-,0.9,-,-,-,-,4.11亿,-2.37亿,制药,1.41%,34.59%,3.95
3707,Newmark Group,NMRK,US,16.04,-,2.12%,0.71/23.44,-,0.06,-,-,-,-,29.58亿,1.26亿,房地产管理和开发Ⅲ,0.54%,70.89%,2.02
3708,Nuveen Minnesota Qua,NMS,US,12.12,-,0.50%,0.89/130.9,-,0.37,-,-,NYSE,-,7552.32万,536.46万,资本市场,0.11%,10.39%,1.03
3709,Nuveen Massachusetts,NMT,US,12.5,-,1.27%,0.77/-,-,-0.4,-,-,NYSE,-,1.22亿,749.56万,资本市场,0.13%,9.48%,1.09
3710,NeuroOne Medical,NMTC,US,4.76,-,4.04%,-0.03/-,-,0.21,-,-,-,-,4021.65万,-143.79万,医疗保健设备,0.23%,25.98%,6.28
3711,Nuveen Municipal Hig,NMZ,US,10.28,-,0.48%,0.22/46.04,-,-0.29,-,-,NYSE,-,12.08亿,2623.47万,资本市场,0.25%,16.16%,0.969
3712,NextNav,NN,US,17.71,-,5.75%,-1.42/-,-,-1.17,-,-,-,-,24.09亿,-1.89亿,电子设备与仪器,2.73%,59.62%,-
3713,NN,NNBR,US,2.49,-,8.81%,-1.07/-,-,-4.6,-,-,NASDAQ,-,1.25亿,-3400.40万,机械制造,2.66%,63.00%,3.68
3714,Nano Dimension,NNDM,US,1.8,-,2.50%,-1.36/-,-,0,-,-,NASDAQ,-,3.74亿,-2.93亿,电子设备与仪器,0.51%,33.84%,0.678
3715,Nano Nuclear,NNE,US,24.495,-,7.82%,-0.13/-,-,-3.3,-,-,-,-,12.76亿,-651.63万,电力,4.10%,50.43%,2.13
3716,Nelnet,NNI,US,141.13,-,3.64%,11.79/11.85,-,0.02,-,-,NYSE,-,50.80亿,4.28亿,消费信贷,0.99%,46.46%,1.38
3717,NNN REIT,NNN,US,43.87,-,1.40%,2.07/21.41,-,-0.93,-,-,NYSE,-,83.47亿,3.90亿,零售房地产投资信托,0.81%,92.11%,1.89
3718,Anbio Biotechnology,NNNN,US,27.35,-,5.50%,0.15/614.6,-,0.29,-,-,-,-,39.35亿,640.35万,生物科技,0.04%,0.07%,130.2
3719,Nano-x Imaging,NNOX,US,1.735,-,8.16%,-1.16/-,-,1.17,-,-,-,-,1.21亿,-7501.80万,医疗保健设备,5.06%,23.27%,0.864
3720,NanoViricides,NNVC,US,1.26,-,5.92%,-0.22/-,-,-3.08,-,-,AMEX,-,2720.97万,-400.58万,制药,0.86%,14.13%,2.46
3721,Nuveen New York Muni,NNY,US,8.56,-,0.64%,-0.17/-,-,-0.58,-,-,NYSE,-,1.62亿,-326.25万,资本市场,0.04%,22.71%,1
3722,北美建筑,NOA,US,14.49,-,5.25%,0.86/16.69,-,3.57,-,-,NYSE,-,4.12亿,2467.47万,能源设备与服务,0.38%,57.59%,1.24
3723,诺亚控股,NOAH,US,10.4,http://ir.noahwm.com,3.77%,0.23/8.53,"诺亚财富创建于2003年，是中国领先的第三方理财机构，专注为中国高净值资产客户提供全方位理财规划顾问服务。诺亚业务模式为通过向客户免费推荐金融产品，并根据客户产品配置金额向产品提供方收取佣金。2007年诺亚财富获红杉资本中国基金500万美元投资.

2010年11月10日，诺亚财富在纽交所上市，代码“NOAH”，共发行840万ADS，每ADS发行价为12美元，融资超1亿美元，其中2ADS=1普通股。",3.28,S1/F1,021-38602301,NYSE,上海市浦东新区银城中路68号时代金融中心6楼,6.82亿,7991.55万,资本市场,0.11%,7.81%,0.485
3724,诺斯罗普·格鲁曼,NOC,US,575.11,http://www.northropgrumman.com/,2.34%,6.16/17.85,"诺斯罗普·格鲁曼公司（Northrop Grumman Corp）组建于1994年，是诺斯罗普公司收购格鲁曼公司后组成的；为世界第三大军工生产厂商，世界上最大的雷达制造商和最大的海军船只制造商。

该公司是一家高科技公司，其作为主要的承包商，首要转承包商，组织人员或优先供应商的形式为它的美国和国外的军方，政府和商业客户提供系统同化，防卫电器和信息技术的创新解决方案。",-2.14,-,-,NYSE,-,816.85亿,8.75亿,航空航天与国防,0.73%,82.31%,4.77
3725,NI Holdings,NODK,US,13.24,-,2.15%,-0.5/-,-,1.46,-,-,NASDAQ,-,2.72亿,-1041.30万,保险,0.25%,24.49%,1.13
3726,CO2 Energy,NOEM,US,-,-,-,0.17/60.45,-,-,-,-,-,-,9988.35万,165.24万,资本市场,-,68.13%,-
3727,Northern Oil and Gas,NOG,US,26.71,-,2.04%,0.4/72.89,-,-0.71,-,-,AMEX,-,28.25亿,3876.10万,石油与天然气,1.38%,102.71%,1.33
3728,诺基亚,NOK,US,10.46,http://www.nokia.com/,5.71%,0.02/63.73,诺基亚公司是全球领先的手机制造商，其生产的一系列手机配备了许多服务和软件，使用户能够体验音乐、导航、视频、电视、影像、游戏、商务等诸多功能。此外，诺基亚还通过诺基亚西门子通信技术有限公司为通信网络提供设备、服务和解决方案。,1.26,-,358-718034927,NYSE,"Nokia House Keilalahdentie 2-4 Espoo, 02150 Finland",585.00亿,9905.48万,通信设备,2.27%,13.44%,2.4
3729,Nuveen Missouri Qual,NOM,US,11,-,5.66%,0.8/-,-,-5.66,-,-,NYSE,-,2588.15万,187.95万,资本市场,1.23%,12.42%,1.02
3730,Nomadar,NOMA,US,4.4,-,0.00%,-0.19/-,-,3.65,-,-,-,-,7381.40万,-276.73万,酒店餐饮与休闲,0.06%,1.40%,10.28
3731,Nomad Foods,NOMD,US,9.54,-,1.99%,1.07/8.45,-,0,-,-,NYSE,-,13.56亿,1.60亿,食品与日用品零售,1.21%,71.50%,0.463
3732,Inotiv,NOTV,US,0.291,-,7.09%,-0.83/-,-,-1.69,-,-,-,-,1000.94万,-2837.80万,生命科学工具,0.72%,22.60%,0.092
3733,NOV,NOV,US,20.5,http://www.nov.com/,2.40%,0.39/50.99,"国民油井华高成立于1862年美国德州,建立至今公司致力于为能源业提供先进,高质,经济且兼顾环保的解决方案。全球范围内已拥有550处制造及服务中心,并以出色业绩居世界油井机械及其供应管理的领先地位。国民油井华高的业务集中在设计、制造和销售海陆钻井的重要机械部件及整体方案。经营范围从制造完整的陆上钻机和井架,业内最大型的吊装设备,各类井下钻机马达到特制钻采工具,并且在世界各主要钻采地附近的服务网络是客户的供应链。",1.38,-,-,NYSE,-,73.93亿,1.45亿,能源设备与服务,1.86%,100.88%,1.18
3734,Novanta,NOVT,US,134.1,-,3.87%,1.47/88.9,-,0.81,-,-,NASDAQ,-,47.85亿,5382.90万,电子设备与仪器,1.08%,111.20%,3.64
3735,ServiceNow,NOW,US,90.17,http://www.service-now.com/,6.44%,0.45/52.93,ServiceNow是美国一家基于云计算平台的商业软件公司，以SaaS模式提供服务。,6.36,S1/F1,-,NYSE,-,929.93亿,4.69亿,软件,3.80%,87.36%,7.93
3736,Neptune Insurance,NP,US,26.81,-,4.16%,-0.26/-,-,-1.36,-,-,NYSE,-,37.01亿,-2719.50万,保险,1.45%,68.31%,-
3737,New Providence III,NPAC,US,10.32,-,0.00%,0.27/51.61,-,0,-,-,-,-,3.96亿,767.60万,资本市场,-,90.82%,1.33
3738,Northpointe,NPB,US,17.61,-,5.17%,2.14/7.76,-,1.67,-,-,-,-,6.07亿,2170.10万,商业银行,0.84%,50.86%,1.03
3739,NeuroPace,NPCE,US,16.8,-,2.96%,-0.66/-,-,-0.41,-,-,-,-,5.70亿,-2146.50万,医疗保健设备,0.43%,80.26%,29.95
3740,Nuveen Core Plus,NPCT,US,10.38,-,0.58%,0.89/11.64,-,0.29,-,-,-,-,2.98亿,2563.73万,资本市场,0.37%,25.59%,0.872
3741,Nuveen Variable Rate,NPFD,US,19.04,-,0.74%,1.19/8.8,-,0.32,-,-,-,-,4.60亿,2866.05万,资本市场,0.10%,34.14%,0.94
3742,帕斯托工业,NPK,US,143.16,-,5.80%,4.63/31,-,2.32,-,-,NYSE,-,10.26亿,3308.40万,耐用消费品,1.56%,57.74%,2.6
3743,新园国际,NPKI,US,15.1,-,3.60%,0.46/32.73,-,2.65,-,-,-,-,12.75亿,3893.90万,能源设备与服务,0.82%,91.13%,3.63
3744,Enpro,NPO,US,294.49,-,4.46%,1.92/153.6,-,1.98,-,-,NYSE,-,62.21亿,4050.00万,机械制造,1.51%,101.79%,4.03
3745,网塑科技,NPT,US,1.99,-,46.39%,-0.05/-,-,8.74,-,-,-,-,4414.81万,-93.26万,化学制品,65.20%,-,-
3746,Nuveen Virginia Qual,NPV,US,11.51,-,0.26%,0.92/-,-,0,-,-,NYSE,-,2.21亿,1689.35万,资本市场,0.14%,10.25%,0.993
3747,NET Power,NPWR,US,1.73,-,4.41%,-7.34/-,-,1.76,-,-,-,-,3.89亿,-5.79亿,独立电力生产商,0.49%,39.43%,1.91
3748,Nuveen Pennsylvania,NQP,US,12.03,-,0.25%,-0.92/-,-,0.08,-,-,NYSE,-,4.48亿,-3422.96万,资本市场,0.52%,24.40%,1.02
3749,NRC,NRC,US,17.23,-,2.52%,0.5/33.79,-,-0.12,-,-,-,-,3.92亿,1160.00万,专业服务,0.20%,46.83%,28.02
3750,NerdWallet,NRDS,US,10.88,-,5.16%,0.66/14.7,-,4.02,-,-,-,-,7.16亿,4870.00万,信息技术服务,1.19%,85.54%,1.91
3751,Nerdy,NRDY,US,0.918,-,2.76%,-0.33/-,-,1.21,-,-,-,-,1.73亿,-3992.00万,综合消费者服务,1.36%,19.04%,9.09
3752,Nexpoint Real Estate,NREF,US,14.15,-,1.65%,4.28/3.49,-,1.22,-,-,-,-,2.64亿,7567.60万,抵押型REITs,0.14%,66.77%,0.682
3753,NRG能源,NRG,US,159.81,-,4.33%,4.09/43.02,-,3.42,-,-,NYSE,-,342.88亿,7.97亿,独立电力生产商,0.97%,83.94%,33.26
3754,Energy Vault,NRGV,US,4.46,-,7.62%,-0.65/-,-,0,-,-,-,-,7.77亿,-1.04亿,电气设备,2.35%,38.26%,8.76
3755,北沿合众银行,NRIM,US,24.46,-,4.75%,2.92/8.38,-,-2.78,-,-,NASDAQ,-,5.44亿,1367.50万,商业银行,0.79%,72.02%,1.62
3756,Nurix Therapeutics,NRIX,US,16.68,-,3.68%,-0.79/-,-,0.66,-,-,-,-,17.25亿,-8717.40万,生物科技,0.59%,109.59%,3.59
3757,Nuveen New York Amt-,NRK,US,10.56,-,1.15%,-0.88/-,-,0.76,-,-,NYSE,-,9.21亿,-7703.43万,资本市场,0.26%,19.09%,1.02
3758,Neuberger Real Estat,NRO,US,3,-,1.00%,-0.1/-,-,-0.33,-,-,-,-,1.90亿,-623.03万,资本市场,0.46%,24.96%,0.921
3759,Natural Resource,NRP,US,115.15,-,2.75%,10.18/11.42,-,0.13,-,-,NYSE,-,15.26亿,1.34亿,石油与天然气,0.18%,38.18%,2.41
3760,NeuroSense,NRSN,US,0.75,-,13.99%,-0.44/-,-,4.9,-,-,-,-,2651.24万,-1112.50万,生物科技,0.87%,0.99%,-
3761,北欧皇家石油信托,NRT,US,8.35,-,1.62%,0.21/8,-,0.48,-,-,NYSE,-,7674.14万,194.50万,石油与天然气,0.22%,5.50%,41.34
3762,NRx Pharmaceuticals,NRXP,US,2.94,-,5.28%,-1.34/-,-,3.52,-,-,-,-,9721.88万,-2862.20万,制药,1.62%,15.87%,-
3763,Neuraxis,NRXS,US,7.86,-,8.46%,-0.95/-,-,5.5,-,-,-,-,9043.26万,-861.52万,医疗保健设备,6.43%,13.10%,26.64
3764,National Storage,NSA,US,43.33,-,1.28%,0.69/62.68,-,-0.64,-,-,NYSE,-,33.42亿,5332.20万,专业房地产投资信托,0.96%,97.99%,5.53
3765,诺福克南方,NSC,US,319.71,-,1.60%,12.76/27.24,-,-0.54,-,-,NYSE,-,782.73亿,5.47亿,公路与铁路,0.37%,70.67%,4.95
3766,Insight Enterprises,NSIT,US,73.23,-,2.07%,5/14,-,-0.15,-,-,NASDAQ,-,22.03亿,1.57亿,电子设备与仪器,1.08%,103.88%,1.34
3767,Insperity,NSP,US,32.77,-,4.32%,-0.19/-,-,1.74,-,-,NYSE,-,12.51亿,-700.00万,专业服务,1.42%,104.48%,27.2
3768,InspireMD,NSPR,US,1.25,-,6.33%,-0.76/-,-,-2.34,-,-,AMEX,-,5861.62万,-4878.60万,医疗保健设备,0.11%,49.27%,1.06
3769,Nasus Pharma,NSRX,US,3.6,-,8.38%,-0.72/-,-,5.88,-,-,-,-,4215.89万,-585.60万,制药,3.03%,0.02%,15.25
3770,纳普科安全技术,NSSC,US,45.91,-,2.83%,0.72/34.53,-,2.3,-,-,NASDAQ,-,16.37亿,2566.80万,电子设备与仪器,0.64%,88.32%,9.3
3771,NSTS Bancorp,NSTS,US,12.55,-,0.00%,-0.08/-,-,0.13,-,-,-,-,6603.22万,-38.60万,商业银行,0.02%,23.45%,0.826
3772,Nortech Systems,NSYS,US,14.25,-,7.52%,-0.09/-,-,-7.35,-,-,NASDAQ,-,3970.24万,-25.20万,电子设备与仪器,1.84%,2.93%,1.16
3773,美国网存,NTAP,US,108.71,http://www.netapp.com/,2.92%,4.38/17.7,NetApp Inc (NASDAQ：NTAP)是信息存储服务供应商。,0.29,-,-,NASDAQ,-,214.52亿,8.72亿,电脑与外围设备,0.75%,100.83%,18.53
3774,毕达菲尔特银行,NTB,US,55.87,-,1.23%,5.61/9.64,-,-0.73,-,-,NYSE,-,22.35亿,2.32亿,商业银行,0.31%,73.00%,1.96
3775,网班科技,NTCL,US,0.359,-,10.00%,-0.6/-,-,2.57,-,-,-,-,2151.95万,-1082.46万,软件,1.29%,2.66%,3.74
3776,网侦系统,NTCT,US,33.26,-,2.79%,1.07/25.05,-,2.06,-,-,NASDAQ,-,24.02亿,7729.10万,通信设备,0.54%,93.92%,1.46
3777,网易,NTES,US,110.58,http://corp.163.com/,1.30%,1.51/14.62,"网易 (NASDAQ: NTES)是中国领先的互联网技术公司，其绝大部分收入来自网络游戏，而游戏中以计时收费的《梦幻西游》《大话西游》《魔兽世界》为主。所运营的163邮箱和126邮箱，占据了国内免费邮箱市场一半多的份额。另外，网易在门户网站业务方面，和新浪、搜狐，腾讯等，并称为四大门户。网易旗下还包括了搜索、无线、交友等业务。
网易于2000年6月30日在纳斯达克上市，发行价每ADS15.5美元，拆股复权后为3．875美元，目前1ADS=25普通股。",0.95,-,86-10-82558163,NASDAQ,北京市海淀区中关村东路1号院清华科技园8号楼启迪科技大厦(火炬大厦)D座26层,705.64亿,48.28亿,信息技术服务,0.10%,8.77%,3.08
3778,NETGEAR,NTGR,US,25.63,http://www.netgear.com/,1.56%,-0.63/-,美国网件公司（NETGEAR）于1996年1月创立，2003年在美国 Nasdaq 交易所成功上市。是全球中小规模网络解决方案/无线网络的服务提供商，长期致力于为中小规模企业用户与 SOHO 用户提供简便易用并具有强大功能的网络综合解决方案。总部设在美国加州硅谷圣克拉拉市，业务遍及世界多个国家和地区。美国网件整合了旗下各条产品线，分为基础组网产品; 旗下的交换机产品系列、企业级无线产品系列、VPN 防火墙系列；企业级 NAS 存储 ReadyNAS™ 系列；内容安全产品 ProSecure™ 系列以及数字家庭网络产品系列。针对不同的市场和客户提供业界领先的产品和解决方案,1.22,-,-,NASDAQ,-,7.01亿,-1792.30万,通信设备,1.38%,92.87%,1.41
3779,Neonc,NTHI,US,4.78,-,14.41%,-3.2/-,-,-0.21,-,-,-,-,1.19亿,-6214.62万,制药,3.40%,8.52%,-
3780,北方科技国际,NTIC,US,8.02,-,2.25%,0.02/-,-,0.25,-,-,NASDAQ,-,7612.58万,20.25万,化学制品,0.12%,38.29%,1.04
3781,Network-1,NTIP,US,1.47,-,32.88%,-0.11/-,-,0.68,-,-,AMEX,-,3350.62万,-242.00万,通信设备,2.01%,21.15%,0.847
3782,Intellia,NTLA,US,13.63,-,16.51%,-3.81/-,-,-14.11,-,-,NASDAQ,-,16.10亿,-4.13亿,生物科技,8.07%,88.47%,2.4
3783,路坦力,NTNX,US,40.56,-,4.11%,0.61/40.27,-,3.6,-,-,NASDAQ,-,107.57亿,1.65亿,软件,1.41%,92.30%,-
3784,Nutrien,NTR,US,71.57,-,2.53%,4.66/15.18,-,-0.86,-,-,-,-,344.15亿,22.67亿,化学制品,0.34%,70.03%,1.36
3785,Natera,NTRA,US,203.75,-,3.88%,-1.52/-,-,1.3,-,-,-,-,290.91亿,-2.08亿,生物科技,0.74%,93.44%,16.99
3786,Nutriband,NTRB,US,3.996,-,0.40%,-2.54/-,-,-0.35,-,-,-,-,4865.08万,-2907.57万,制药,0.07%,2.90%,6.45
3787,NextTrip,NTRP,US,2.61,-,11.23%,-1.39/-,-,-5.43,-,-,-,-,3567.04万,-1088.94万,软件,28.79%,7.98%,6.06
3788,北方信托,NTRS,US,164.01,-,1.38%,2.72/16.72,-,-0.83,-,-,NASDAQ,-,303.50亿,5.05亿,资本市场,0.65%,85.05%,2.51
3789,Netskope,NTSK,US,9.63,-,5.62%,-3.18/-,-,-1.63,-,-,-,-,38.55亿,-6.79亿,软件,1.45%,58.54%,19.81
3790,Netstreit,NTST,US,20.56,-,1.61%,0.06/183.5,-,-0.92,-,-,-,-,20.00亿,568.70万,权益型REITs,0.98%,122.34%,1.33
3791,纳索尔科技,NTWK,US,3.55,-,3.14%,-0.18/22.21,-,1.43,-,-,NASDAQ,-,4194.86万,-211.05万,软件,0.08%,24.00%,1.17
3792,Newbury Street II,NTWO,US,10.63,-,0.00%,0.27/38.72,-,0.57,-,-,-,-,2.56亿,662.10万,资本市场,0.00%,94.33%,-
3793,纳图兹家具,NTZ,US,3.04,-,3.58%,-0.33/-,-,-0.98,-,-,NYSE,-,3348.44万,-1807.19万,耐用消费品,0.02%,4.41%,0.806
3794,Nu Holdings,NU,US,14.51,-,2.42%,0.59/24.58,-,0.35,-,-,-,-,705.27亿,28.69亿,消费信贷,0.77%,75.29%,6.25
3795,New Era Energy,NUAI,US,4.27,-,8.24%,-1.04/-,-,-0.93,-,-,-,-,3.89亿,-2958.58万,信息技术服务,6.08%,10.26%,-
3796,Eagle Nuclear,NUCL,US,13.09,-,14.53%,-0.08/-,-,-0.91,-,-,-,-,3.87亿,-150.44万,金属与采矿,-,4.13%,9.69
3797,纽柯钢铁,NUE,US,214.29,-,1.87%,7.53/28.1,-,0.63,-,-,NYSE,-,488.01亿,17.37亿,金属与采矿,0.56%,79.93%,2.33
3798,如新集团,NUS,US,7.54,-,2.01%,3.25/2.31,"如新集团自1984年于美国犹他州普罗沃市成立，至今成为全球最大且发展最迅速的直销公司之一， 业务遍及亚洲、美洲、欧洲、非洲及太平洋地区近50个市场，活跃销售人员超过80万人。
如新集团拥有两大品牌产品线：Nu Skin 如新个人保养品及Pharmanex华茂营养补充品，提供消费者最先进和高品质的产品，赋予销售人员在分享优质产品的同时，开创无限宽广的事业的机会。如新中国更是第一批获发中国直销经营许可证的直销公司之一。",1.07,-,-,NYSE,-,3.71亿,1.60亿,个人用品,0.70%,75.78%,0.46
3799,NusaTrip,NUTR,US,-,-,-,-0.06/-,-,-,-,-,NASDAQ,-,1.74亿,-57.96万,交通基本设施,-,2.10%,-
3800,Nutex Health,NUTX,US,108.24,-,4.23%,11.13/10.65,-,-0.97,-,-,-,-,7.54亿,7078.90万,医疗保健服务,2.58%,37.96%,2.29
3801,Nuveen Municipal Val,NUV,US,9.15,-,0.49%,0.29/31.78,-,0.22,-,-,NYSE,-,18.99亿,5976.15万,资本市场,0.10%,21.96%,0.995
3802,Nuvation Bio,NUVB,US,4.89,-,7.54%,-0.6/-,-,-2.98,-,-,-,-,17.00亿,-2.05亿,制药,1.74%,60.51%,5.56
3803,Nuvalent,NUVL,US,104.5,-,3.90%,-5.85/-,-,-3.26,-,-,-,-,82.15亿,-4.25亿,生物科技,1.92%,109.53%,6.58
3804,Nuveen Amt-Free Muni,NUW,US,14.28,-,0.98%,0.5/28.48,-,-0.07,-,-,NYSE,-,2.56亿,899.99万,资本市场,0.15%,36.34%,0.945
3805,Nuwellis,NUWE,US,1.18,-,5.04%,-25.39/-,-,-0.84,-,-,-,-,311.01万,-1751.70万,医疗保健设备,1.60%,6.53%,1.18
3806,Nova Minerals,NVA,US,6.11,-,4.87%,-0.03/-,-,-0.81,-,-,-,-,2.32亿,-724.06万,金属与采矿,-,0.53%,3.45
3807,诺瓦瓦克斯医药,NVAX,US,8.22,-,2.70%,2.72/3.04,-,0.86,-,-,NASDAQ,-,13.39亿,4.40亿,生物科技,1.15%,72.12%,-
3808,Novocure,NVCR,US,12.47,-,4.13%,-1.22/-,-,-0.95,-,-,NASDAQ,-,14.44亿,-1.36亿,医疗保健设备,0.77%,85.30%,4.24
3809,Nuvectis Pharma,NVCT,US,8.9,-,7.85%,-1.32/-,-,1.25,-,-,-,-,2.36亿,-2887.10万,生物科技,0.48%,16.26%,12.81
3810,英伟达,NVDA,US,208.27,-,5.58%,4.93/42.15,英伟达公司设计、开发和销售获奖的3D绘图处理器、绘图处理单元和相关软件，从专业工作站到价值较低的电脑，这些产品让桌上电脑使用者(不论是专业工作站或个人电脑)能设定性能、品质、和特性。其3D绘图处理器被广泛的应用在游戏、网际网络和工业设计。,4.32,-,-,NASDAQ,-,50609.61亿,1200.67亿,半导体产品与设备,0.92%,67.30%,32.18
3811,NVE,NVEC,US,82.17,-,6.70%,2.12/28.06,-,4.93,-,-,NASDAQ,-,3.97亿,1027.13万,半导体产品与设备,1.86%,83.56%,6.38
3812,Nuveen Amt-Free,NVG,US,12.62,-,0.75%,0.27/47.26,-,-0.16,-,-,NYSE,-,26.95亿,5702.96万,资本市场,0.23%,15.06%,0.975
3813,Navigator Holdings,NVGS,US,20.63,http://www.navigatorgas.com,3.26%,1.49/13.44,"Navigator Holdings Ltd. owns and operates a fleet of gas carriers worldwide. It offers international seaborne transportation and regional distribution services of liquefied petroleum gas (LPG), petrochemical gases, and ammonia for energy companies.",-1.15,S1/F1,-,NYSE,-,13.46亿,1.00亿,石油与天然气,1.48%,32.45%,1.1
3814,Nova,NVMI,US,542.95,-,5.60%,8.61/66.57,-,3.83,-,-,NASDAQ,-,172.57亿,2.59亿,半导体产品与设备,1.20%,67.73%,13.09
3815,Nvni Group,NVNI,US,1.38,-,4.35%,-0.11/-,-,0,-,-,-,-,1384.51万,-1074.04万,软件,0.96%,1.50%,-
3816,enVVeno Medical,NVNO,US,13,-,0.39%,-33.06/-,-,0.39,-,-,-,-,852.18万,-1947.20万,医疗保健设备,0.79%,18.69%,0.314
3817,诺和诺德,NVO,US,41.17,http://www.novonordisk.com/,3.48%,3.62/11.35,"诺沃诺迪是世界领先的生物制药公司，公司历史最早可追溯至1923年，80多年来一直是世界糖尿病研究和药物开发领域的主导。诺沃诺迪总部位于丹麦首都哥本哈根，现今在全球79个国家设有分支机构，6个国家设有生产厂，截至2008年年底员工超过 27,000名，销售遍及180个国家。",6.88,-,-,NYSE,-,1826.55亿,160.96亿,制药,0.74%,9.12%,5.99
3818,NVR,NVR,US,6503.95,-,5.77%,71.33/14.34,"NVR Inc是全美最大的住宅建筑商之一，成立于1980年,总部设在Reston, Virginia。主营独户住宅，连栋房屋和公寓大楼的建造和销售，同时提供抵押贷款服务。虽然次债危机重创了美国房地产市场，但公司一直保持盈利。1985年上市",-2.48,-,-,NYSE,-,177.68亿,1.98亿,耐用消费品,0.57%,79.75%,5.09
3819,Enviri,NVRI,US,19.31,-,1.54%,-2.08/-,-,-0.67,-,-,-,-,15.97亿,-1.68亿,商业服务与用品,0.88%,105.52%,6.26
3820,诺华,NVS,US,145.47,http://www.novartis.com/,1.37%,7.21/19.85,诺华公司在全球制药行业居领先位置，2007年位居世界500强企业第168位。1996年，汽巴-嘉基公司和山德士公司宣布合并，成立了诺华公司。诺华专注于医药保健的增长领域，拥有创新药品、质优价廉型非专利药品、预防性疫苗和诊断试剂，以及消费者保健产品等多元化的业务组合，以此最好地满足患者和社会的需求。诺华是唯一在上述四大领域均处于领先位置的公司。,-1.36,-,+41 61 324 37 69,NYSE,-,2775.79亿,139.84亿,制药,0.07%,6.55%,6.02
3821,Envista Holdings,NVST,US,26.8,-,3.90%,0.28/92.93,-,-0.89,-,-,-,-,43.68亿,4700.00万,医疗保健设备,1.94%,111.89%,1.41
3822,nVent Electric,NVT,US,142.17,-,2.59%,4.36/32.37,-,-0.27,-,-,-,-,229.89亿,7.10亿,电气设备,1.39%,91.86%,6.16
3823,纳微半导体,NVTS,US,17.28,-,15.61%,-0.57/-,-,-6.65,-,-,-,-,39.88亿,-1.17亿,半导体产品与设备,22.50%,48.93%,8.99
3824,Nuvve Holding,NVVE,US,0.494,-,8.06%,-75.65/-,-,2.07,-,-,-,-,262.41万,-3082.26万,电气设备,7.50%,2.46%,0.842
3825,NOVONIX,NVX,US,0.724,-,6.21%,-0.14/-,-,-2.29,-,-,-,-,1.56亿,-9272.52万,电子设备与仪器,0.18%,2.20%,0.964
3826,New America,NWAX,US,10.12,-,0.20%,0.03/1055,-,0.1,-,-,-,-,5.04亿,47.76万,资本市场,0.07%,0.00%,562.2
3827,Northwest Bancshares,NWBI,US,13.28,-,1.86%,0.93/15.41,-,-1.04,-,-,NASDAQ,-,19.42亿,1.26亿,商业银行,0.52%,66.97%,1.03
3828,NorthWestern,NWE,US,71.19,-,1.28%,2.95/24.18,-,-0.64,-,-,NYSE,-,43.78亿,1.81亿,复合型公用事业,0.38%,97.90%,1.52
3829,Norwood Financial,NWFL,US,30.86,-,2.40%,3.01/12.11,-,0.03,-,-,NASDAQ,-,3.36亿,2775.50万,商业银行,0.21%,41.53%,1.39
3830,NatWest Group,NWG,US,15.76,-,0.92%,0.91/8.54,-,0.51,-,-,-,-,628.88亿,73.68亿,商业银行,0.06%,4.81%,1.1
3831,刺梨工坊,NWGL,US,0.99,-,10.21%,0.0000/-,-,5.32,-,-,-,-,1638.76万,5.71万,林业与纸制品,-,0.07%,1.7
3832,纽威,NWL,US,4.23,http://www.newellrubbermaid.com,3.86%,-0.68/-,纽威品牌集团（Newell Brands）（Newell Brands，NYSE: NWL) ，全球领先的消费品生产和销售商，美国500强企业。纽威前身是1902年成立于美国纽约的纽威制造公司（Newell Manufacturing Company）。公司总部位于美国佐治亚州的亚特兰大。100多年来，纽威不断拓展经营项目，先后收购和并购了多家公司。1979年纽威在美国纽约证券交易所上市。1999年，纽威收购了乐柏美（Rubbermaid），更名为纽威乐柏美（Newell Rubbermaid）。2015年，纽威乐柏美以超过150亿美元收购了Jarden Corp (JAH.N) ，合并后的公司更名为Newell Brands。目前，纽威品牌集团（Newell Brands）的业务、品牌与产品分为写作、户外解决方案、工具、消费品解决方案、商用品解决方案、婴童用品、家庭用品解决方案、品牌解决方案、流程解决方案，以性能卓越、设计新颖、不断创新为最大特征。纽威旗下的著名品牌包括：Paper Mate、 Sharpie、 EXPO、 Parker、 Elmer's、 Coleman、 K2、 Rawlings、 Irwin、 Lenox、 Oster、 Sunbeam、 Rubbermaid Commercial Products、 Graco、 Baby Jogger、 Aprica、 Calphalon、 Rubbermaid、 Goody、 First Alert、 FoodSaver、 Jostens、 NUK、 Yankee Candle,2.17,-,-,NYSE,-,17.97亿,-2.85亿,耐用消费品,1.15%,97.14%,0.752
3833,西北天然气,NWN,US,53.36,-,1.63%,2.77/19.81,-,-0.28,-,-,NYSE,-,22.45亿,1.13亿,燃气,0.62%,78.30%,1.52
3834,NWPX,NWPX,US,84.78,-,3.42%,3.62/23.07,-,0.98,-,-,NASDAQ,-,8.17亿,3541.10万,金属与采矿,2.35%,80.69%,2.07
3835,新闻集团B,NWS,US,30.24,http://www.smithsnews.co.uk/,1.46%,0.54/14.59,新闻集团是世界著名传媒集团。全球业务遍及美加、欧洲大陆、英国、澳大利亚、拉美和太平洋地区。媒介产品包罗万象，包括电影和电视节目、报纸、杂志和图书等。旗下著名品牌包括福克斯电视网、20世纪福克斯电影制片公司(20th Century Fox)、英国《泰晤士报》、英国天空广播公司(BSkyB)、《纽约邮报》。2007年7月31日，道琼斯董事会接受新闻集团的50亿美元收购交易，由此，道琼斯通讯社、道琼斯指数、《华尔街日报》、《巴伦周刊》等资产也悉数归入新闻集团。,-0.53,-,212-8527000,NASDAQ,"1211 Avenue of the Americas New York,America",167.95亿,3.05亿,媒体,0.69%,49.31%,1.91
3836,新闻集团,NWSA,US,26.2,http://www.newscorp.com/investor/annual_reports.html,1.73%,0.54/12.64,新闻集团是世界著名传媒集团。全球业务遍及美加、欧洲大陆、英国、澳大利亚、拉美和太平洋地区。媒介产品包罗万象，包括电影和电视节目、报纸、杂志和图书等。旗下著名品牌包括福克斯电视网、20世纪福克斯电影制片公司(20th Century Fox)、英国《泰晤士报》、英国天空广播公司(BSkyB)、《纽约邮报》。2007年7月31日，道琼斯董事会接受新闻集团的50亿美元收购交易，由此，道琼斯通讯社、道琼斯指数、《华尔街日报》、《巴伦周刊》等资产也悉数归入新闻集团。,-0.42,-,-,NASDAQ,-,145.51亿,3.05亿,媒体,0.96%,106.33%,1.65
3837,Newton Golf,NWTG,US,1.3,-,16.36%,-1.63/-,-,18.18,-,-,-,-,596.97万,-602.00万,休闲设备与用品,1.11%,5.64%,6.44
3838,Quanex,NX,US,20.45,-,2.44%,-0.09/-,-,-0.1,-,-,NYSE,-,9.39亿,-407.10万,建筑产品,0.85%,100.73%,1.29
3839,Nextdoor Holdings,NXDR,US,1.6,-,5.19%,-0.14/-,-,3.9,-,-,-,-,6.04亿,-5420.40万,软件,0.81%,63.03%,1.4
3840,NP多元化房地产信托,NXDT,US,5.16,-,3.68%,-2.81/-,-,2.58,-,-,-,-,2.59亿,-1.30亿,资本市场,0.14%,45.72%,0.37
3841,Nexgen Energy,NXE,US,12.4,-,4.45%,-0.39/-,-,-2.44,-,-,AMEX,-,81.97亿,-2.26亿,金属与采矿,0.70%,50.90%,6.14
3842,NXG NextGen,NXG,US,55.55,-,1.73%,6.85/8.11,-,1.31,-,-,OTCMKT,-,3.14亿,3879.31万,资本市场,0.93%,25.00%,1.1
3843,NexGel,NXGL,US,0.646,-,18.00%,-0.38/-,-,5.73,-,-,-,-,547.53万,-300.00万,医疗保健设备,4.83%,7.40%,1.23
3844,Nuveen New Jersey Qu,NXJ,US,12.41,-,0.56%,-0.48/-,-,0.16,-,-,NYSE,-,5.12亿,-1970.59万,资本市场,0.29%,14.40%,1.01
3845,Nexalin Technology,NXL,US,0.426,-,9.74%,-0.5/-,-,-1.16,-,-,-,-,876.78万,-822.22万,医疗保健设备,1.44%,5.87%,2.34
3846,Nuveen Select Tax Fr,NXP,US,14.24,-,0.77%,0.36/88.89,-,0.18,-,-,NYSE,-,7.41亿,1883.22万,资本市场,0.22%,16.78%,0.996
3847,恩智浦,NXPI,US,244.04,http://www.nxp.com/,1.88%,8/30.51,"恩智浦半导体NXP Semiconductors N.V. (Nasdaq: NXPI) 以其领先的射频、模拟、电源管理、接口、安全和数字处理方面的专长，提供高性能混合信号（High Performance Mixed Signal）和标准产品解决方案。

这些创新的产品和解决方案可广泛应用于汽车、智能识别、无线基础设施、照明、工业、移动、消费和计算等领域。 恩智浦成立于2006年（前身为皇家飞利浦公司事业部），公司总部位于欧洲，在全球超过25个国家拥有28,000名员工。",1.19,-,-,NASDAQ,-,616.67亿,20.21亿,半导体产品与设备,1.42%,92.86%,6.13
3848,NextPlat,NXPL,US,6.67,-,8.67%,-0.44/-,-,7.06,-,-,-,-,1800.90万,-1171.20万,多元化零售,1.98%,4.77%,1.04
3849,Nexpoint Residential,NXRT,US,26.21,-,2.62%,-1.26/-,-,0.81,-,-,NYSE,-,6.68亿,-3202.70万,住宅房地产投资信托,0.56%,79.59%,2.26
3850,Nexstar Media Group,NXST,US,203.78,-,2.61%,3.04/56.7,-,-0.51,-,-,NASDAQ,-,61.80亿,1.09亿,媒体,0.54%,100.02%,2.99
3851,Nextpower,NXT,US,121.41,-,6.73%,2.94/30.45,-,-2.37,-,-,-,-,180.26亿,4.35亿,电子设备与仪器,1.00%,101.14%,8.38
3852,NextCure,NXTC,US,10.52,-,15.32%,-19.65/-,-,-15.16,-,-,-,-,3745.55万,-5584.40万,生物科技,5.78%,43.50%,1.07
3853,Nexentis,NXTS,US,5,-,4.39%,-3.54/-,-,-0.2,-,-,-,-,365.23万,-400.40万,综合金融服务,6.08%,1.14%,0.228
3854,Next Technology,NXTT,US,1.65,-,5.23%,61.77/0.879,-,-4.07,-,-,-,-,1.26亿,1.43亿,软件,0.11%,0.06%,0.276
3855,NextNRG,NXXT,US,0.437,-,22.75%,-0.72/-,-,15.61,-,-,-,-,6845.82万,-8640.64万,石油与天然气,10.33%,4.99%,-
3856,Nayax,NYAX,US,66.309,-,2.35%,0.96/69.79,-,0.1,-,-,-,-,24.79亿,3551.60万,信息技术服务,0.05%,15.95%,10.73
3857,American Strategic,NYC,US,8.225,-,5.65%,-8.32/-,-,-3.24,-,-,-,-,2214.94万,-2119.40万,权益型REITs,0.33%,1.80%,0.342
3858,纽约时报,NYT,US,80.89,http://www.nytimes.com/,2.24%,2.11/38.08,《纽约时报》（The New York Times）有时简称为“时报”（The Times）。是一份在美国纽约出版的日报，在全世界发行，有相当的影响力，美国高级报纸/严肃刊物的代表，长期以来拥有良好的公信力和权威性。由于风格古典严肃，它有时也被戏称为“灰色女士”（The Gray Lady）。它最初的名字是《纽约每日时报》（The New-York Daily Times），创始人是亨利·J·雷蒙德和乔治·琼斯。,0.57,-,-,NYSE,-,130.97亿,3.44亿,媒体,0.85%,98.78%,6.42
3859,Nyxoah,NYXH,US,2.98,-,3.92%,-2.77/-,-,-2.61,-,-,-,-,1.30亿,-1.06亿,医疗保健设备,0.18%,8.85%,2.26
3860,Nuveen Municipal Cre,NZF,US,12.59,-,0.79%,0.3/41.57,-,-0.16,-,-,NYSE,-,24.39亿,5867.86万,资本市场,0.14%,17.36%,0.979
3861,Realty Income,O,US,63.33,-,1.40%,1.17/55.78,-,-1.17,-,-,NYSE,-,590.52亿,10.59亿,零售房地产投资信托,0.44%,78.14%,1.5
3862,OmniAb,OABI,US,1.46,-,7.69%,-0.57/-,-,-6.41,-,-,-,-,2.11亿,-6477.90万,生物科技,0.39%,39.93%,0.792
3863,Oaktree Acquisition,OACC,US,-,-,-,0.3/36.02,-,-,-,-,-,-,2.63亿,728.88万,资本市场,0.00%,84.38%,-
3864,Oak Woods,OAKU,US,-,-,-,-0.02/-,-,-,-,-,-,-,3762.00万,-13.45万,资本市场,-,167.69%,1.11
3865,Oxley Bridge,OBA,US,10.18,-,0.00%,0.25/67.32,-,0.1,-,-,-,-,3.22亿,478.22万,资本市场,-,87.94%,-
3866,Our Bond,OBAI,US,0.504,-,19.16%,-2.23/-,-,0.6,-,-,-,-,1041.93万,-1054.90万,信息技术服务,15.83%,0.00%,-
3867,Blue Owl Capital,OBDC,US,11.27,-,2.60%,1.24/8.92,-,-0.7,-,-,-,-,55.98亿,6.27亿,资本市场,0.71%,53.22%,0.757
3868,Obsidian Energy,OBE,US,13.54,-,9.16%,0.37/35.64,-,6.03,-,-,-,-,9.15亿,2567.09万,石油与天然气,2.81%,22.47%,0.902
3869,Orchestra BioMed,OBIO,US,4.13,-,5.18%,-1.11/-,-,-0.48,-,-,-,-,2.42亿,-5295.50万,医疗保健设备,0.58%,37.43%,4.51
3870,Origin Bancorp,OBK,US,46.63,-,2.19%,2.42/17.95,-,0.15,-,-,-,-,14.45亿,2769.30万,商业银行,0.92%,62.76%,1.15
3871,Orange County,OBT,US,35.46,-,2.92%,3.33/11.42,-,-0.51,-,-,-,-,4.75亿,4161.40万,商业银行,0.32%,55.47%,1.67
3872,欧文斯科宁,OC,US,125.61,-,3.49%,-6.22/-,-,-0.04,-,-,NYSE,-,100.97亿,-5.22亿,建筑材料,1.32%,98.44%,2.62
3873,Optical Cable,OCC,US,12.32,-,14.36%,-0.05/-,-,-4.35,-,-,NASDAQ,-,1.09亿,-39.75万,通信设备,7.40%,17.86%,6
3874,OFS Credit,OCCI,US,2.92,-,2.06%,-0.35/-,-,0.34,-,-,-,-,8493.72万,-991.25万,资本市场,0.29%,4.34%,0.555
3875,OceanFirst,OCFC,US,19.08,-,2.52%,1.17/16.37,-,0.1,-,-,NASDAQ,-,10.99亿,2050.60万,商业银行,2.61%,80.53%,0.658
3876,东方文化,OCG,US,0.615,-,11.06%,-0.19/-,-,0,-,-,-,-,357.61万,-382.43万,多元化零售,13.11%,0.05%,0.072
3877,Ocugen,OCGN,US,1.66,-,5.99%,-0.23/-,-,-0.6,-,-,-,-,5.44亿,-6784.60万,制药,1.93%,18.66%,-
3878,Oculis Holding,OCS,US,26.44,-,4.80%,-2.38/-,-,-1.23,-,-,-,-,15.33亿,-1.25亿,制药,0.83%,31.18%,6.21
3879,Oaktree Specialty,OCSL,US,12.31,-,1.92%,0.06/33.58,-,-1.44,-,-,-,-,10.84亿,560.80万,资本市场,0.99%,41.90%,0.755
3880,Ocular Therapeutix,OCUL,US,9.49,http://www.ocutx.com,2.87%,-1.42/-,"Ocular Therapeutix is a biopharmaceutical company focused on the development and commercialization of innovative therapies for diseases and conditions of the eye using our proprietary hydrogel platform technology. Our bioresorbable hydrogel based product candidates are designed to provide sustained delivery of therapeutic agents to the eye. Our lead product candidates are the drug eluting punctum plugs OTX-DP and OTX-TP that are inserted into a natural opening called the punctum located in the inner portion of the eyelid near the nose. Our punctum plug product candidates combine our hydrogel technology with U.S. Food and Drug Administration, or FDA, approved therapeutic agents with the goal of providing sustained delivery of drug to the eye. In addition to our ongoing product development, we have recently launched our first commercial product, ReSure Sealant, a hydrogel based ophthalmic wound sealant approved by the FDA in January 2014 to close corneal incisions following cataract surgery. ReSure Sealant is the first and only surgical sealant to be approved by the FDA for ophthalmic use. In the pivotal clinical trials that formed the basis for FDA approval, ReSure Sealant provided superior wound closure and a better safety profile than sutured closure.",-1.04,S1/F1,-,NASDAQ,-,20.66亿,-2.66亿,制药,1.34%,88.73%,3.16
3881,美国石油勘探,ODC,US,74.38,-,4.72%,2.07/20.43,-,3.94,-,-,NYSE,-,10.77亿,2802.50万,居家用品,0.52%,72.29%,3.95
3882,ODDITY Tech,ODD,US,16.06,-,4.65%,1.95/8.22,-,3.68,-,-,-,-,9.10亿,1.11亿,个人用品,3.31%,103.96%,2.29
3883,Old Dominion Freight,ODFL,US,219.98,-,2.09%,4.86/44.76,-,-1.26,-,-,NASDAQ,-,458.20亿,10.24亿,公路与铁路,0.84%,80.06%,10.63
3884,Osisko Development,ODV,US,3.23,-,6.08%,-0.69/-,-,-4.15,-,-,-,-,9.84亿,-1.23亿,金属与采矿,0.99%,30.23%,1.98
3885,Odysight.ai,ODYS,US,4.94,-,4.81%,-1.07/-,-,3.35,-,-,-,-,8081.55万,-1703.50万,软件,0.03%,29.21%,3.18
3886,Orion,OEC,US,7.54,http://www.orioncarbons.com,5.38%,-1.24/-,"Orion Engineered Carbons S.a r.l. is a leading global producer of carbon black. Carbon black is a form of carbon used to improve certain properties of materials into which it is added. It is used as a pigment and as a performance additive in coatings, polymers, printing and special applications (specialty carbon black) and in the reinforcement of rubber in tires and mechanical rubber goods (rubber carbon black). Historically, our business operated as a business line of Evonik and was acquired from Evonik on July 29, 2011 (the “Acquisition”) by investment funds managed by affiliates of Rhône Capital L.L.C. (the “Rhône Investors”) and investment funds managed directly or indirectly by Triton Managers III Limited and TFF III Limited (the “Triton Investors”). Prior to the Acquisition, the Company had no operations.",2.72,S1/F1,-,NYSE,-,4.24亿,-7010.00万,化学制品,0.66%,92.23%,1.1
3887,Orion Energy Systems,OESX,US,9.25,-,4.32%,-0.48/-,-,-0.11,-,-,NASDAQ,-,3748.90万,-166.50万,电子设备与仪器,0.43%,38.72%,3.17
3888,至一建筑,OFAL,US,0.712,-,13.25%,-0.27/-,-,4.86,-,-,-,-,2456.20万,-343.25万,耐用消费品,-,0.30%,1.97
3889,OFG,OFG,US,45.53,-,2.30%,4.6/9.38,-,-1.24,-,-,NYSE,-,19.24亿,2.05亿,综合金融服务,0.84%,96.32%,1.38
3890,Orthofix Medical,OFIX,US,12.35,-,3.22%,-2.33/-,-,1.65,-,-,NASDAQ,-,4.96亿,-9219.20万,医疗保健设备,0.40%,88.09%,1.1
3891,欧美佳福莱克斯,OFLX,US,34.305,-,3.39%,1.47/23.36,-,1.19,-,-,NASDAQ,-,3.46亿,1482.70万,机械制造,0.56%,29.86%,4.11
3892,"Once Upon a Farm, PB",OFRM,US,14.86,-,4.70%,-2.51/-,-,1.23,-,-,-,-,6.22亿,-1724.90万,食品,1.68%,0.16%,-
3893,Ofs Capital,OFS,US,3.77,-,5.17%,-2.47/-,-,-0.53,-,-,NASDAQ,-,5051.08万,-3309.30万,资本市场,0.27%,8.63%,0.41
3894,OceanaGold,OGC,US,32.79,-,2.00%,-/0.0000,-,0.83,-,-,-,-,-,2870.00万,金属与采矿,-,0.00%,0.0000
3895,OGE Energy,OGE,US,47.1,-,1.12%,2.33/20.65,-,-0.9,-,-,NYSE,-,97.20亿,4.71亿,电力,0.77%,81.30%,1.95
3896,Oragenics,OGEN,US,0.642,-,9.51%,-4.56/-,-,1.74,-,-,AMEX,-,278.37万,-984.25万,制药,0.81%,7.17%,0.336
3897,Organigram Global,OGI,US,1.445,-,4.88%,0.11/14.87,-,0.7,-,-,-,-,1.97亿,1456.32万,制药,1.01%,7.94%,0.731
3898,Organon,OGN,US,11.26,-,18.90%,0.72/15.67,-,30.93,-,-,-,-,29.31亿,1.87亿,制药,12.31%,76.17%,3.9
3899,One Gas,OGS,US,88.09,-,1.64%,4.39/20.92,-,-0.75,-,-,NYSE,-,55.29亿,2.64亿,燃气,0.58%,91.37%,1.61
3900,Omega Healthcare,OHI,US,46.41,-,1.21%,1.96/23.42,-,0.13,-,-,NYSE,-,138.21亿,5.90亿,医疗保健房地产投资信托,0.74%,80.40%,2.67
3901,欧文斯伊利诺斯玻璃,OI,US,10.7,-,2.67%,-0.84/-,-,0.19,-,-,NYSE,-,16.40亿,-1.29亿,容器与包装,1.30%,99.86%,1.27
3902,Invesco Municipal In,OIA,US,6.1,-,1.31%,-0.41/-,-,-0.16,-,-,NYSE,-,2.91亿,-1951.53万,资本市场,0.31%,16.50%,1.04
3903,国际海洋工程,OII,US,37.35,-,3.54%,0.36/10.97,-,-1.74,-,-,NYSE,-,37.25亿,3610.70万,能源设备与服务,1.55%,101.40%,3.37
3904,OneIM,OIM,US,10.04,-,0.00%,-0.01/-,-,0.1,-,-,-,-,3.61亿,-5.91万,资本市场,-,-,-
3905,OIO Group,OIO,US,2.93,-,64.96%,-/-,-,-58.44,-,-,-,-,4140.21万,-256.72万,商业服务与用品,4.28%,0.11%,3.06
3906,Oil States,OIS,US,11.08,-,3.30%,-1.86/-,-,1.65,-,-,NYSE,-,6.67亿,-1.09亿,能源设备与服务,1.34%,85.04%,1.16
3907,欧尼克(万欧卡),OKE,US,87.5,-,1.49%,5.43/16.25,-,0.33,-,-,NYSE,-,551.28亿,33.93亿,石油与天然气,0.51%,76.42%,2.45
3908,Oklo,OKLO,US,71,-,13.89%,-0.72/-,-,-7.14,-,-,-,-,123.48亿,-1.06亿,电力,16.45%,82.25%,8.36
3909,Okta,OKTA,US,75.98,-,4.51%,1.33/57.19,-,-0.08,-,-,NASDAQ,-,134.40亿,2.35亿,信息技术服务,1.59%,90.71%,1.92
3910,OnKure,OKUR,US,4.8,-,4.59%,-4.4/-,-,-2.04,-,-,-,-,1.94亿,-5951.70万,生物科技,0.73%,78.97%,3.45
3911,Okyo Pharma,OKYO,US,1.61,-,4.28%,-0.07/-,-,1.26,-,-,-,-,8449.16万,-258.69万,制药,0.09%,1.28%,-
3912,The OLB Group,OLB,US,0.489,-,3.97%,-1.74/-,-,2.3,-,-,-,-,611.53万,-667.97万,信息技术服务,2.27%,2.44%,1.33
3913,Universal Display,OLED,US,99.03,-,3.47%,5.09/19.13,-,1.28,-,-,NASDAQ,-,46.30亿,2.42亿,半导体产品与设备,1.31%,84.66%,2.63
3914,Ollie's Bargain,OLLI,US,90.25,-,3.74%,3.92/22.87,-,2.27,-,-,NASDAQ,-,55.01亿,2.41亿,多元化零售,1.97%,107.71%,2.91
3915,Olema,OLMA,US,15.53,-,4.04%,-1.87/-,-,1.17,-,-,-,-,13.54亿,-1.62亿,生物科技,0.96%,103.87%,2.83
3916,欧林,OLN,US,26.77,-,3.97%,-0.88/-,-,2.1,-,-,NYSE,-,30.48亿,-1.00亿,化学制品,1.43%,93.95%,1.66
3917,Olenox Industries,OLOX,US,0.61,-,7.50%,-/-,-,1.67,-,-,-,-,586.18万,-1263.64万,建筑产品,2.74%,1.50%,0.279
3918,One Liberty,OLP,US,23.22,-,2.33%,1.16/19.88,-,0.96,-,-,NYSE,-,5.07亿,2547.40万,权益型REITs,0.27%,36.73%,1.69
3919,Olaplex Holdings,OLPX,US,2.04,-,0.49%,-0.01/-,-,0.49,-,-,-,-,13.70亿,-925.20万,个人用品,1.54%,88.44%,1.56
3920,Outset Medical,OM,US,4.52,-,5.03%,-5.37/-,-,-1.09,-,-,-,-,8276.85万,-8165.30万,医疗保健设备,0.57%,86.41%,0.652
3921,北方中心机场,OMAB,US,116.52,-,3.04%,0.77/18.96,-,2.09,-,-,NASDAQ,-,56.25亿,2.97亿,交通基本设施,0.14%,10.99%,8.99
3922,宏盟集团,OMC,US,75.74,-,1.89%,-0.27/-,-,-1.41,-,-,NYSE,-,215.85亿,-5450.00万,媒体,1.43%,109.40%,1.79
3923,Omnicell,OMCL,US,37.37,-,5.55%,0.04/828.2,-,2.75,-,-,NASDAQ,-,16.99亿,205.20万,医疗保健技术,1.05%,103.46%,1.38
3924,Omada Health,OMDA,US,14.33,-,3.66%,-0.35/-,-,0.77,-,-,-,-,8.44亿,-1277.80万,医疗保健服务,1.98%,77.40%,3.68
3925,奥麦罗制药,OMER,US,13.53,-,6.51%,-0.05/-,-,0.07,-,-,NASDAQ,-,9.74亿,-335.00万,制药,2.20%,46.07%,-
3926,奥德赛海洋探索,OMEX,US,0.92,-,6.26%,-1.1/-,-,-0.65,-,-,NASDAQ,-,5383.72万,-4308.52万,金属与采矿,2.66%,33.70%,-
3927,OneMain Holdings,OMF,US,59.44,-,1.51%,6.59/8.89,-,0.75,-,-,NYSE,-,69.64亿,7.83亿,消费信贷,0.95%,92.84%,2.05
3928,Ohmyhome,OMH,US,0.95,-,10.58%,-0.07/-,-,-8.65,-,-,-,-,2437.79万,-184.63万,房地产管理和开发Ⅲ,0.18%,0.17%,3.64
3929,OMS Energy,OMSE,US,4.74,-,4.91%,0.33/6.87,-,1.28,-,-,-,-,2.01亿,1384.00万,能源设备与服务,0.02%,0.83%,1.18
3930,安森美半导体,ON,US,98.4,-,4.45%,0.29/319.9,-,0.63,-,-,NASDAQ,-,387.03亿,1.21亿,半导体产品与设备,3.42%,107.53%,5.04
3931,Old National Bancorp,ONB,US,23.36,-,3.11%,1.8/12.16,-,-2.63,-,-,NASDAQ,-,90.24亿,2.30亿,商业银行,1.00%,96.47%,1.06
3932,百济神州,ONC,US,300.8,-,1.36%,0.2/116.3,-,0.33,-,-,-,-,333.72亿,2.87亿,制药,0.16%,30.78%,7.65
3933,1RT Acquisition,ONCH,US,10.18,-,0.10%,0.23/75.98,-,0,-,-,-,-,2.20亿,288.91万,资本市场,0.03%,70.91%,-
3934,Onconetix,ONCO,US,0.588,-,22.22%,-16.56/-,-,-11.71,-,-,-,-,40.74万,-1553.09万,生物科技,2.23%,1.22%,0.026
3935,Oncolytics Biotech,ONCY,US,1.03,-,11.01%,-0.3/-,-,-5.5,-,-,-,-,1.20亿,-2875.90万,生物科技,0.94%,2.87%,-
3936,Ondas,ONDS,US,10.55,-,6.21%,-0.62/-,-,0.09,-,-,-,-,50.84亿,-1.37亿,无线电信业务,9.58%,32.88%,10.88
3937,一建筑,ONEG,US,5.82,-,11.69%,-0.01/-,-,11.49,-,-,-,-,9312.00万,-13.10万,建筑与工程,22.30%,0.33%,7.36
3938,OneWater Marine,ONEW,US,11.3,-,4.77%,-0.47/-,-,2.73,-,-,-,-,1.88亿,-771.10万,专营零售,0.77%,67.38%,0.677
3939,Onfolio Holdings,ONFO,US,1.32,-,5.88%,-0.58/-,-,-2.94,-,-,-,-,773.94万,-306.35万,综合金融服务,13.85%,4.89%,3.45
3940,Onity Group,ONIT,US,46.26,-,4.66%,23.07/2.12,-,-0.84,-,-,-,-,3.93亿,1.85亿,商业银行,1.22%,54.83%,0.627
3941,Orion Properties,ONL,US,2.49,-,2.00%,-2.48/-,-,-0.4,-,-,-,-,1.42亿,-1.39亿,写字楼房地产投资信托,0.25%,55.63%,0.227
3942,OneMedNet,ONMD,US,1.1,-,36.56%,-0.06/-,-,23.73,-,-,-,-,5741.64万,-280.10万,医疗保健技术,74.64%,11.44%,-
3943,昂跑,ONON,US,36.25,-,3.31%,0.78/46.75,-,0.08,-,-,-,-,119.99亿,2.57亿,纺织服装与奢侈品,1.98%,69.34%,5.83
3944,Onto Innovation,ONTO,US,307.86,-,6.25%,2.78/112,-,5.32,-,-,-,-,153.14亿,1.37亿,半导体产品与设备,2.28%,96.69%,7.29
3945,Ooma,OOMA,US,16.06,-,2.39%,0.23/68.31,-,1.01,-,-,NYSE,-,4.41亿,645.90万,信息技术服务,0.92%,68.35%,4.75
3946,Offerpad Solutions,OPAD,US,0.81,-,8.95%,-1.5/-,-,-0.74,-,-,-,-,3830.23万,-4638.40万,房地产管理和开发Ⅲ,1.15%,27.54%,1
3947,OPAL Fuels,OPAL,US,2.34,-,4.27%,0.15/95.48,-,-4.88,-,-,-,-,4.09亿,428.30万,石油与天然气,0.68%,61.24%,-
3948,OP Bancorp,OPBK,US,14.35,-,2.34%,1.72/7.84,-,1.7,-,-,-,-,2.14亿,723.40万,商业银行,0.34%,61.06%,0.918
3949,Option Care,OPCH,US,28.4,-,2.37%,1.28/21.48,-,-0.49,-,-,-,-,44.58亿,2.08亿,医疗保健服务,1.00%,104.46%,3.36
3950,Opendoor,OPEN,US,5.51,-,8.05%,-1.7/-,-,5.56,-,-,-,-,52.80亿,-13.00亿,房地产管理和开发Ⅲ,4.48%,42.81%,5.25
3951,OppFi,OPFI,US,8.73,-,2.87%,0.99/28.23,-,1.87,-,-,-,-,7.43亿,2632.90万,消费信贷,0.96%,83.99%,12.71
3952,合宜银行控股,OPHC,US,5.52,-,4.33%,1.42/4.03,-,1.66,-,-,NASDAQ,-,6715.87万,1664.80万,商业银行,0.40%,13.63%,0.551
3953,OPKO Health,OPK,US,1.23,-,2.87%,-0.3/-,-,0.82,-,-,NASDAQ,-,9.34亿,-2.26亿,制药,0.48%,26.48%,0.737
3954,OPENLANE,OPLN,US,31.86,-,3.51%,-0.96/19.06,-,0.63,-,-,-,-,33.87亿,1.78亿,综合消费者服务,0.46%,108.04%,2.73
3955,R/D战略机会基金,OPP,US,7.81,-,1.92%,0.39/10.43,-,-0.26,-,-,NYSE,-,1.95亿,969.60万,资本市场,0.27%,33.26%,0.895
3956,欧朋浏览器,OPRA,US,17.23,-,4.29%,1.21/14.3,-,4.05,-,-,-,-,15.49亿,1.08亿,软件,0.39%,16.14%,1.53
3957,Oportun Financial,OPRT,US,5.77,-,2.96%,0.54/10.17,-,0.52,-,-,-,-,2.57亿,2524.60万,消费信贷,0.91%,75.40%,0.658
3958,OptimizeRx,OPRX,US,6.43,-,3.81%,0.28/23.51,-,0.31,-,-,-,-,1.21亿,513.20万,医疗保健技术,2.20%,69.86%,0.94
3959,Ocean Power,OPTT,US,0.372,-,4.70%,-0.16/-,-,2.76,-,-,NASDAQ,-,8482.47万,-2957.80万,独立电力生产商,1.56%,8.35%,4.23
3960,Optimum,OPTU,US,1.51,-,9.28%,-4/-,-,-9.58,-,-,-,-,7.10亿,-18.69亿,媒体,0.69%,108.21%,-
3961,Syntec Optics,OPTX,US,9.58,-,19.48%,-0.05/-,-,-7.17,-,-,-,-,3.54亿,-179.32万,电子设备与仪器,16.22%,1.70%,37.13
3962,Optex Systems,OPXS,US,10.61,-,4.75%,0.04/16.19,-,0.81,-,-,-,-,7360.54万,24.20万,航空航天与国防,1.05%,36.04%,2.97
3963,奥本海默控股,OPY,US,103.51,-,9.07%,14.13/7.47,-,-8,-,-,NYSE,-,11.08亿,1.48亿,资本市场,1.47%,37.08%,1.13
3964,Osisko Gold,OR,US,40.35,-,2.15%,1.1/36.7,-,0.77,-,-,NYSE,-,75.63亿,2.06亿,金属与采矿,0.58%,72.42%,5.28
3965,奥玛特科技,ORA,US,113.36,-,1.61%,2.04/56.23,-,-0.21,-,-,NYSE,-,69.66亿,1.24亿,独立电力生产商,0.64%,84.75%,2.74
3966,Eightco Holdings,ORBS,US,0.902,-,6.47%,-4.14/-,-,-2.7,-,-,-,-,3.39亿,-2.62亿,信息技术服务,3.30%,26.37%,1.46
3967,Orchid Island,ORC,US,7.05,-,3.07%,1.24/11.6,-,3.07,-,-,NYSE,-,14.15亿,-1995.50万,抵押型REITs,3.99%,38.76%,1.02
3968,甲骨文,ORCL,US,173.28,http://www.oracle.com,6.76%,4.47/30.79,甲骨文公司是领先世界的信息管理软体供应商。公司开发、制造、销售和分布电脑软体以帮助公司管理和增长他们的业务。公司的软体产品可以分类为两个区域: 系统软体和网际网路商业应用软体。,-1.7,-,650-506-7000,NYSE,-,4983.61亿,127.61亿,软件,1.94%,43.26%,14.86
3969,Origin Materials,ORGN,US,2.46,-,9.32%,-50.55/-,-,4.24,-,-,-,-,1334.56万,-2.50亿,化学制品,0.59%,14.32%,0.128
3970,Organogenesis,ORGO,US,2.35,-,4.29%,0.16/15.1,-,0.86,-,-,-,-,3.02亿,2002.20万,生物科技,1.70%,51.26%,1.01
3971,Old Republic,ORI,US,40.39,-,2.81%,1.36/9.64,-,1.23,-,-,NYSE,-,98.37亿,3.30亿,保险,1.03%,77.92%,1.66
3972,ORIC Pharmaceuticals,ORIC,US,10.24,-,4.70%,-1.47/-,-,-1.82,-,-,-,-,11.66亿,-1.29亿,生物科技,1.88%,114.27%,3.03
3973,Orion Digital,ORIO,US,1.04,-,3.77%,-0.25/-,-,-1.89,-,-,-,-,2490.13万,-622.45万,综合金融服务,0.05%,3.28%,0.472
3974,Origin Investment,ORIQ,US,10.24,-,0.05%,0.13/129.3,-,0.39,-,-,-,-,8832.00万,68.31万,资本市场,0.21%,69.66%,81.27
3975,闽东红集团,ORIS,US,0.396,-,12.59%,0.01/400.5,-,-7.69,-,-,-,-,200.25万,10.80万,食品,14.98%,1.65%,0.028
3976,Oruka Therapeutics,ORKA,US,69.03,-,3.93%,-1.85/-,-,1.9,-,-,-,-,34.65亿,-1.05亿,生物科技,2.62%,105.60%,7.39
3977,Orangekloud,ORKT,US,1.1,-,2.82%,-0.49/-,-,3.29,-,-,-,-,642.37万,-279.98万,软件,5.25%,1.65%,0.879
3978,Orla Mining,ORLA,US,14.59,-,4.26%,0.33/47.17,-,1.96,-,-,-,-,50.42亿,1.07亿,金属与采矿,0.61%,59.47%,7.68
3979,奥莱利,ORLY,US,93.13,-,2.09%,2.98/30.7,-,-0.12,-,-,NASDAQ,-,779.22亿,25.38亿,专营零售,0.63%,84.96%,-
3980,Oramed,ORMP,US,3.85,-,2.86%,1.53/2.43,-,0.26,-,-,NASDAQ,-,1.56亿,6405.00万,制药,0.19%,28.02%,0.78
3981,Orion Group Holdings,ORN,US,12.27,-,3.06%,0.06/198.3,-,-2,-,-,NYSE,-,4.93亿,248.80万,建筑与工程,0.62%,83.30%,3.1
3982,Orrstown Financial,ORRF,US,36.51,-,2.32%,4.21/8.46,-,-0.38,-,-,NASDAQ,-,7.16亿,2180.90万,商业银行,2.20%,58.02%,1.19
3983,Old Second Bancorp,OSBC,US,20,-,2.02%,1.64/12.03,-,0.76,-,-,NASDAQ,-,10.36亿,2558.50万,商业银行,1.24%,72.06%,1.14
3984,Oscar Health,OSCR,US,16.81,-,3.80%,-1.69/-,-,2.31,-,-,-,-,50.62亿,-4.43亿,保险,1.38%,64.46%,5.18
3985,Octave Specialty,OSG,US,4.59,-,5.66%,-5.93/-,-,0,-,-,NYSE,-,2.07亿,-2.62亿,保险,0.69%,78.21%,0.289
3986,OSI Systems,OSIS,US,292.61,-,3.73%,3.52/31.48,-,2.19,-,-,NASDAQ,-,48.20亿,5925.50万,电子设备与仪器,1.68%,118.29%,5.7
3987,Oshkosh,OSK,US,150.33,http://www.oshkoshcorporation.com,3.36%,10.08/14.56,Oshkosh Corp 是美国一家卡车制造商；总部位于威斯康星州。,-1.8,-,-,NYSE,-,94.18亿,6.47亿,机械制造,0.68%,103.06%,2.08
3988,OneSpan,OSPN,US,11.34,-,2.24%,1.91/5.77,-,1.43,-,-,-,-,4.20亿,7290.40万,软件,1.06%,95.21%,1.55
3989,OSR Holdings,OSRH,US,0.693,-,22.69%,-0.92/-,-,16.47,-,-,-,-,2295.55万,-1801.09万,医疗保健服务,12.35%,0.52%,0.296
3990,One Stop Systems,OSS,US,9.71,-,8.65%,0.23/47.27,-,-0.72,-,-,-,-,2.41亿,508.77万,软件,5.80%,38.40%,5.23
3991,奥斯汀科技,OST,US,-,-,-,-4.38/-,-,-,-,-,-,-,1015.63万,-1001.57万,电子设备与仪器,-,0.94%,1.45
3992,OS Therapies,OSTX,US,1.77,-,28.97%,-0.98/-,-,22.07,-,-,-,-,7440.78万,-2875.38万,生物科技,11.49%,4.91%,-
3993,奥瑞许科技,OSUR,US,3,-,3.93%,-0.94/-,-,-1.64,-,-,NASDAQ,-,2.07亿,-6873.10万,医疗保健设备,0.75%,89.14%,0.608
3994,Onespaworld Holdings,OSW,US,24.14,-,4.64%,0.69/34.2,-,2.85,-,-,-,-,24.49亿,7161.80万,酒店餐饮与休闲,0.80%,101.42%,4.51
3995,Open Text,OTEX,US,22.41,-,2.00%,1.24/12.87,-,0.54,-,-,NASDAQ,-,56.16亿,3.15亿,软件,0.50%,82.15%,1.39
3996,Blue Owl Technology,OTF,US,11.1,-,1.58%,1.76/7.11,-,0,-,-,-,-,51.25亿,7.20亿,资本市场,0.41%,17.33%,0.637
3997,OTG Acquisition I,OTGA,US,10.1,-,0.10%,0.12/136.7,-,0.1,-,-,-,-,2.98亿,218.12万,资本市场,0.39%,72.71%,325.8
3998,Off The Hook YS,OTH,US,3.03,-,5.59%,-0.09/-,-,1.34,-,-,-,-,7368.96万,-187.18万,机械制造,1.48%,1.64%,6.22
3999,奥的斯,OTIS,US,77.95,-,2.68%,0.88/20.2,-,-1.94,-,-,-,-,299.11亿,3.40亿,机械制造,0.92%,90.30%,-
4000,Outlook Therapeutics,OTLK,US,0.315,-,13.94%,-0.38/-,-,9.76,-,-,-,-,3803.41万,-2305.81万,制药,5.64%,6.70%,-
4001,Oatly Group AB,OTLY,US,12.6,-,2.83%,-5.03/-,-,-0.79,-,-,-,-,3.93亿,-1.53亿,食品与日用品零售,0.12%,0.46%,21.21
4002,奥特泰尔,OTTR,US,88.15,-,1.01%,6.59/13.4,-,-0.45,-,-,NASDAQ,-,36.98亿,2.76亿,电力,1.52%,67.60%,1.99
4003,Ouster,OUST,US,28.22,-,8.71%,-1.07/-,-,6.85,-,-,-,-,17.72亿,-6037.70万,机械制造,5.07%,47.09%,6.77
4004,OUTFRONT Media,OUT,US,30.02,-,2.24%,0.83/35.95,-,0.54,-,-,NYSE,-,52.85亿,1.47亿,媒体,0.47%,103.81%,7.44
4005,俄亥俄河谷银行,OVBC,US,45.6,-,1.61%,3.31/13.77,-,-0.89,-,-,-,-,2.15亿,1560.10万,商业银行,0.15%,27.40%,1.31
4006,Ovid Therapeutics,OVID,US,2.6,-,5.04%,-0.23/-,-,-2.99,-,-,NASDAQ,-,4.50亿,-1741.40万,制药,0.73%,35.56%,3.44
4007,橡木谷银行,OVLY,US,33.775,-,2.12%,2.9/11.88,-,-0.63,-,-,NASDAQ,-,2.84亿,2391.30万,商业银行,0.40%,33.76%,1.37
4008,Ovintiv,OVV,US,55.73,-,2.01%,4.83/12.71,-,-1.5,-,-,-,-,157.90亿,12.42亿,石油与天然气,0.91%,82.65%,1.41
4009,Blue Owl,OWL,US,9.18,-,4.62%,0.12/181.5,-,-2.55,-,-,-,-,143.12亿,7883.30万,资本市场,3.87%,99.76%,6.49
4010,OBOOK Holdings,OWLS,US,5.93,-,5.55%,-0.05/-,-,1.19,-,-,-,-,5.24亿,-390.83万,软件,0.27%,0.30%,-
4011,Owlet,OWLT,US,5.23,-,5.62%,-2.31/-,-,-0.38,-,-,-,-,1.47亿,-4185.50万,软件,1.26%,60.39%,7.74
4012,Oxbridge Re,OXBR,US,0.786,-,13.95%,-0.28/-,-,-8.6,-,-,NASDAQ,-,636.77万,-207.90万,保险,0.39%,7.53%,1.08
4013,Oxford Lane Capital,OXLC,US,9.99,-,1.11%,0.22/259.9,-,0.91,-,-,NASDAQ,-,9.75亿,2088.62万,资本市场,0.51%,9.89%,0.523
4014,牛津工业,OXM,US,44.61,-,2.55%,-1.86/-,-,-2.04,-,-,NYSE,-,6.64亿,-2788.90万,纺织服装与奢侈品,1.95%,112.69%,1.29
4015,Oxford Square,OXSQ,US,1.89,-,1.58%,-0.25/-,-,-0.53,-,-,-,-,1.65亿,-1873.11万,资本市场,1.00%,4.90%,1.14
4016,西方石油,OXY,US,57.12,http://www.oxy.com/Pages/default.aspx,2.14%,1.65/34.39,西方石油公司1920年成立于美国加利福尼亚州的洛杉矶。该公司拥有自己的石油和煤气的生产厂Altura Energy公司，并占有Oxy Vinyls公司76%的股份、Equistar Chemicals公司30%的股份。90年代以来，公司的主要经营活动集中于油气勘探生产和化工业务方面。,-1.23,-,-,NYSE,-,566.46亿,16.47亿,石油与天然气,0.79%,77.19%,2.04
4017,Oyster II,OYSE,US,10.23,-,0.00%,0.24/59.98,-,0,-,-,-,-,3.47亿,578.44万,资本市场,0.10%,94.46%,-
4018,欧扎克银行,OZK,US,47.47,-,2.47%,6.2/7.49,-,-2.14,-,-,-,-,52.40亿,6.99亿,商业银行,1.01%,91.99%,0.905
4019,Everpure,P,US,71.43,http://www.pandora.com,4.30%,-/125.4,潘多拉媒体是2000年成立于美国奥克兰（Oakland）的一家网络电台，通过研究包括旋律、和声、节奏、形式、作品及歌词等在内的400项音乐特征，对歌曲的音乐结构进行分析形成“音乐基因组”；并在此基础上以独具特色的方式为用户提供音乐搜索、点播等个性化服务。,2.07,-,-,NYSE,-,236.05亿,1.88亿,电脑与外围设备,0.87%,84.14%,16.33
4020,Plains All American,PAA,US,21.51,-,1.54%,1.66/10.58,-,0.19,-,-,NYSE,-,151.76亿,14.35亿,石油与天然气,0.47%,39.61%,1.95
4021,Proem I,PAAC,US,-,-,-,-/-,-,-,-,-,NASDAQ,-,1.81亿,-5.55万,资本市场,-,-,-
4022,泛美白银,PAAS,US,55.99,-,2.80%,2.56/24.15,-,1.58,-,-,NASDAQ,-,236.21亿,9.78亿,金属与采矿,0.94%,55.31%,3.38
4023,太平洋航空,PAC,US,268.28,-,1.73%,1.05/25.52,-,2.38,-,-,NYSE,-,135.56亿,5.31亿,交通基本设施,0.32%,18.31%,10.86
4024,Pacific Biosciences,PACB,US,1.56,-,7.32%,-1.82/-,-,-0.64,-,-,NASDAQ,-,4.84亿,-5.46亿,生命科学工具,4.22%,66.99%,91.76
4025,Pioneer I,PACH,US,10.2,-,0.00%,0.25/60.66,-,0.2,-,-,-,-,2.90亿,478.23万,资本市场,0.00%,99.21%,-
4026,Ranpak Holdings,PACK,US,4.21,-,8.88%,-0.45/-,-,5.25,-,-,-,-,3.60亿,-3830.00万,容器与包装,0.60%,89.96%,0.673
4027,PACS,PACS,US,35.43,-,5.14%,1.23/29.07,-,1.08,-,-,-,-,55.68亿,1.92亿,医疗保健服务,1.71%,28.87%,5.88
4028,潘世奇汽车,PAG,US,160.42,-,1.54%,14.13/11.28,-,0.26,-,-,NYSE,-,105.47亿,9.35亿,专营零售,1.32%,27.49%,1.9
4029,Plains GP,PAGP,US,23.15,-,1.17%,1.31/17.62,"Plains GP Holdings, L.P has direct and indirect partnership interests in Plains All American Pipeline, L.P. (PAA). PAA is a limited partnership engaged in the transportation, storage, terminalling and marketing of crude oil, and refined products. Through its 50% ownership in PAA/Vulcan Gas Storage LLC, which it refers to as PAA/Vulcan, PAA is involved in the development and operation of natural gas storage facilities. The Company has no separate operating activities apart from those conducted by PAA. PAA manages its operations through three operating segments: transportation; facilities, and Supply and Logistics.",0.09,-,-,NYSE,-,45.81亿,2.60亿,石油与天然气,0.68%,77.31%,3.41
4030,Pagseguro Digital,PAGS,US,10.24,-,3.24%,1.31/8.09,-,0.49,-,-,-,-,31.30亿,3.87亿,综合金融服务,1.97%,59.56%,1.17
4031,Phibro Animal Health,PAHC,US,55.16,http://www.pahc.com,3.38%,1.33/24.28,"Phibro Animal Health Corporation is one of the leading animal health companies in the world and is dedicated to helping meet the growing demand for animal protein. We are a global diversified animal health and mineral nutrition company. For nearly 40 years we have been committed providing livestock producers with value-based products and solutions to help them maintain and enhance the health and productivity of their animals. We sell more than 1,100 product presentations in over 65 countries to approximately 2,850 customers. We develop, manufacture and market products for a broad range of food animals including poultry, swine, beef and dairy cattle and aquaculture. Our products help prevent, control and treat diseases, enhance nutrition to help improve health and performance and contribute to balanced mineral nutrition.",0.86,S1/F1,-,NASDAQ,-,22.36亿,5398.60万,医疗保健服务,1.02%,92.19%,6.73
4032,Western Asset Invest,PAI,US,12.15,-,0.74%,1.01/11.98,-,0.08,-,-,NYSE,-,1.16亿,964.66万,资本市场,0.20%,31.81%,0.918
4033,Pyrophyte II,PAII,US,-,-,-,0.14/93.06,-,-,-,-,-,-,2.77亿,297.39万,资本市场,0.00%,94.43%,-
4034,Proficient Auto,PAL,US,7,-,6.63%,-1.31/-,-,4.32,-,-,-,-,1.94亿,-3601.96万,公路与铁路,0.89%,69.55%,0.623
4035,Palisade Bio,PALI,US,2.08,-,7.37%,-0.3/-,-,-4.15,-,-,-,-,3.45亿,-1678.10万,生物科技,2.90%,81.86%,2.67
4036,Paloma I,PALO,US,9.88,-,0.00%,-/-,-,0.3,-,-,-,-,1.96亿,-5.91万,资本市场,0.00%,-,-
4037,Pampa Energy,PAM,US,80.56,-,2.98%,0.28/11.62,-,-2.82,-,-,NYSE,-,43.81亿,3.77亿,石油与天然气,0.39%,0.35%,1.22
4038,PAMT,PAMT,US,9.75,-,5.44%,-2.48/-,-,0,-,-,-,-,2.04亿,-5260.70万,公路与铁路,0.09%,19.43%,0.97
4039,Pangaea Logistics,PANL,US,7.17,-,2.48%,0.3/24.18,-,-1.1,-,-,NASDAQ,-,4.68亿,1936.90万,海运,1.22%,32.06%,1.09
4040,派拓网络,PANW,US,178.54,http://www.paloaltonetworks.com,3.39%,1.1/113,Palo Alto Networks是美国一家网络安全公司，由Nir Zuk先生于2005年创立，公司主要专注于防火墙的创建。Palo Alto Networks 2012年7月20日登陆纽交所上市，发行价42美元，IPO发行620万股，融资额2.6亿美元。摩根士丹利、高盛集团和花旗集团是本次IPO的主承销商。,3.08,-,-,NYSE,-,1447.96亿,7.66亿,通信设备,0.73%,80.97%,15.42
4041,Pineapple Financial,PAPL,US,0.92,-,20.34%,-3.05/-,-,5.75,-,-,-,-,2400.16万,-2593.09万,综合金融服务,50.70%,0.60%,0.885
4042,PAR Technology,PAR,US,13.71,http://www.partech.com,3.54%,-2.09/-,3PAR公司是一家主营大中型企业公用存储系统、金融服务、云计算服务的面向消费者和政府实体的全球供应商。该公司帮助企业组织建立基础设施、支持基于云的服务、内部传递系统以及在线供应商销售。在实用功能的存储系统架构、集成硬件平台（包括操作系统和应用软件的范围），其企业级存储系统采用集成设计，全面支持多项合约，并发展成为自我配置、自我优化、自我监督、自我愈合和可扩展性。,2.16,-,510-413-5999,NYSE,"4209 Technology Drive Fremont, CA 94538",5.65亿,-8446.10万,软件,1.41%,108.33%,0.685
4043,Park Dental,PARK,US,17.95,-,0.36%,-0.18/-,-,-0.83,-,-,-,-,8104.52万,-35.80万,医疗保健服务,0.23%,14.91%,3.72
4044,Par Pacific,PARR,US,64.19,-,2.34%,7.28/8.6,-,0.63,-,-,AMEX,-,31.76亿,3.69亿,石油与天然气,1.57%,106.41%,2.1
4045,Passage Bio,PASG,US,5.84,-,4.58%,-14.35/-,-,-1.02,-,-,-,-,1873.36万,-4552.20万,生物科技,1.82%,55.49%,0.999
4046,平安生物,PASW,US,0.164,-,11.70%,-0.1/-,-,-4.09,-,-,-,-,2042.62万,-180.21万,纺织服装与奢侈品,-,0.20%,3.22
4047,UiPath,PATH,US,10.37,-,4.91%,0.52/19.24,-,2.78,-,-,-,-,54.33亿,2.82亿,软件,5.18%,69.23%,2.61
4048,Patrick Industries,PATK,US,97.07,-,5.60%,4.16/23.8,-,-3.03,-,-,NASDAQ,-,32.14亿,1.35亿,休闲设备与用品,3.55%,109.12%,2.71
4049,PAVmed,PAVM,US,9,-,2.18%,-5.63/-,-,-1.85,-,-,NASDAQ,-,6545.47万,-377.40万,医疗保健设备,0.57%,2.15%,7.05
4050,幸福来,PAVS,US,1.46,-,8.74%,-0.01/-,-,2.1,-,-,-,-,153.10万,-68.10万,软件,5.62%,0.01%,0.065
4051,Patria Investments,PAX,US,13.09,-,2.87%,0.54/24.39,-,1.63,-,-,-,-,20.87亿,8560.00万,资本市场,1.45%,71.26%,3.38
4052,PIMCO Access,PAXS,US,14.65,-,0.89%,1.04/1241,-,-0.2,-,-,-,-,6.89亿,4692.30万,资本市场,0.18%,20.91%,0.962
4053,Paymentus Holdings,PAY,US,27.25,-,2.93%,0.53/51.21,-,0.96,-,-,NYSE,-,34.28亿,6693.70万,综合金融服务,1.48%,82.46%,6.12
4054,Paycom Software,PAYC,US,123.72,http://www.paycom.com,3.79%,8.13/13.01,"Paycom Software is a leading provider of a comprehensive, cloud-based human capital management, or HCM, software solution delivered as Software-as-a-Service, or SaaS. We provide functionality and data analytics that businesses need to manage the complete employment life cycle from recruitment to retirement. Our solution requires virtually no customization and is based on a core system of record maintained in a single database for all HCM functions, including talent acquisition, time and labor management, payroll, talent management and human resources, or HR, management applications. Our user-friendly software allows for easy adoption of our solution by employees, enabling self-management of their HCM activities in the cloud, which reduces the administrative burden on employers and increases employee productivity.",-1.42,S1/F1,-,NYSE,-,58.97亿,4.53亿,软件,2.60%,103.37%,3.41
4055,Payoneer Global,PAYO,US,5.11,-,4.88%,0.2/24.07,-,3.86,-,-,-,-,17.62亿,7319.20万,软件,0.84%,94.32%,2.5
4056,PayPay,PAYP,US,20.02,-,3.91%,-/19.11,-,-1.04,-,-,-,-,135.51亿,6.47亿,综合金融服务,-,0.02%,7.48
4057,Paysign,PAYS,US,6.22,-,5.25%,0.14/45.45,-,2.13,-,-,-,-,3.43亿,755.16万,专业服务,0.91%,46.70%,7.08
4058,沛齐,PAYX,US,89.82,-,1.91%,3.73/19.66,-,-1.24,-,-,NASDAQ,-,321.82亿,13.39亿,专业服务,0.96%,80.29%,8.02
4059,普罗斯佩里蒂银行,PB,US,68.66,-,2.48%,5.72/12.75,-,-1.39,-,-,NYSE,-,69.23亿,5.43亿,商业银行,0.70%,79.87%,0.909
4060,Pembina Pipeline,PBA,US,43.37,-,1.20%,1.95/22.3,-,0.42,-,-,NYSE,-,252.11亿,11.30亿,石油与天然气,0.15%,56.58%,2.3
4061,PBF Energy,PBF,US,40.74,-,2.45%,-1.39/-,-,-0.56,-,-,NYSE,-,47.85亿,-1.58亿,石油与天然气,1.98%,82.94%,0.9
4062,Pioneer Bancorp,PBFS,US,14.36,-,2.42%,0.83/17.75,-,0.77,-,-,-,-,3.60亿,2028.70万,商业银行,0.10%,23.18%,1.11
4063,普雷斯蒂奇,PBH,US,58.94,-,4.21%,2.8/14.95,-,2.03,-,-,NYSE,-,27.89亿,1.36亿,医疗保健服务,0.78%,110.59%,1.52
4064,Pathfinder Bancorp,PBHC,US,13.4,-,0.81%,-0.31/-,-,-1.47,-,-,NASDAQ,-,8383.70万,-146.90万,商业银行,0.06%,23.20%,0.685
4065,必能宝,PBI,US,15.58,-,2.31%,0.84/15.46,-,1.37,-,-,NYSE,-,22.36亿,1.45亿,商业服务与用品,1.93%,88.43%,-
4066,Psyence Biomedical,PBM,US,7.91,-,25.14%,-1.88/-,-,-12.4,-,-,-,-,808.54万,-199.27万,制药,1.63%,15.80%,0.681
4067,巴西石油,PBR,US,20.87,http://www.petrobras.com.br/en/,2.08%,1.52/3.96,"巴西石油公司 (简称petrobras )成立于1953年10月3日，是一个以石油为主体、上下游一体化跨国经营的国家石油公司，巴西联邦政府有关部门与机构共持股51.53％。总部设在巴西里约热内卢。现有职工4,9317人。公司注册资本133.72亿雷亚尔。是巴西四大国营企业之一，也是南半球和南美最大的石油公司之一。虽然主要是一家国营石油企业，但它同样也是一家多样化经营企业。其主要业务活动包括了石油生产的各个方面，如石油勘探、生产精炼、运输以及销售等，是一个大型企业集团。除石油勘探与生产外，其业务活动还涉及石油工业的上下游各个部门：其一，石油炼制。其二，石油产品运输。其三，石油产品销售。",-1.43,-,-,NYSE,-,776.60亿,196.34亿,石油与天然气,0.41%,16.06%,1.03
4068,帕米亚盆地皇室信托,PBT,US,22.24,-,1.27%,0.31/72.49,-,0.5,-,-,NYSE,-,10.37亿,1430.02万,石油与天然气,0.13%,43.08%,7413
4069,Puma Biotechnology,PBYI,US,7.54,-,6.31%,0.62/12.33,-,1.89,-,-,-,-,3.84亿,3111.10万,生物科技,0.51%,69.41%,2.94
4070,Premium Catering,PC,US,-,-,-,-0.15/-,-,-,-,-,-,-,3049.78万,-427.15万,酒店餐饮与休闲,-,0.90%,3.72
4071,ProCap,PCAP,US,10.24,-,0.00%,0.26/57.32,-,0,-,-,PINK,-,3.24亿,565.92万,资本市场,0.50%,87.93%,-
4072,帕卡,PCAR,US,127,http://www.paccar.com,1.99%,4.52/28.13,帕卡公司(PCAR)是美国最大的卡车制造企业，在世界卡车企业排位中也仅次于戴姆勒，排在世界第二。作为一家跨国技术公司，帕卡生产并向全世界销售肯沃斯（KENWORHT）、彼得比尔特（Peterbilt）、道夫(DAF)、福登（FODEN）等重型、公路和非公路8级卡车；公司在北美生产并销售肯沃斯、彼得比尔特6-7级的重型卡车，“彼得比尔特”牌卡车和“肯沃斯”牌卡车是美国公路上的流行品牌。,0.02,-,425-468-7400,NASDAQ,-,668.35亿,23.76亿,机械制造,0.53%,71.94%,3.47
4073,PCB Bancorp,PCB,US,23.95,-,1.13%,2.59/8.52,-,0.34,-,-,-,-,3.41亿,1056.70万,商业银行,0.14%,40.57%,0.859
4074,High Income,PCF,US,5.74,-,1.94%,0.61/9.44,-,1.06,-,-,NYSE,-,1.07亿,1138.35万,资本市场,0.24%,20.95%,0.814
4075,太平洋煤气和电力,PCG,US,16.61,-,3.03%,0.39/12.86,-,-1.31,-,-,NYSE,-,365.79亿,8.58亿,独立电力生产商,1.00%,97.72%,1.15
4076,PicoCELA,PCLA,US,2.217,-,7.45%,-4.62/-,-,-5.66,-,-,-,-,2131.38万,-423.27万,通信设备,0.02%,0.38%,6.72
4077,Pcm Fund,PCM,US,5.71,-,0.52%,0.33/10.6,-,-0.35,-,-,NYSE,-,7051.14万,402.90万,资本市场,0.25%,13.05%,0.967
4078,Pimco Corporate & In,PCN,US,11.96,-,0.75%,0.7/10.34,-,0.17,-,-,NYSE,-,8.82亿,5093.00万,资本市场,0.37%,15.01%,1.02
4079,Procore,PCOR,US,55.4,-,5.24%,-0.67/-,-,3.75,-,-,-,-,83.16亿,-1.01亿,软件,1.48%,94.73%,6.59
4080,Pimco California Mun,PCQ,US,8.81,-,0.68%,0.58/15.09,-,0.46,-,-,NYSE,-,4.95亿,3277.10万,资本市场,0.13%,30.88%,0.888
4081,Pacira BioSciences,PCRX,US,24.51,-,4.77%,0.16/141.1,-,-3.35,-,-,NASDAQ,-,9.92亿,703.40万,制药,1.35%,116.93%,1.43
4082,Processa,PCSA,US,2.98,-,7.02%,-10.36/-,-,-0.33,-,-,-,-,792.69万,-1356.38万,制药,0.94%,3.84%,1.42
4083,Perceptive,PCSC,US,11.37,-,3.01%,0.08/150.3,-,0.62,-,-,-,-,1.26亿,83.75万,资本市场,0.11%,120.34%,-
4084,PureCycle,PCT,US,7.27,-,4.56%,-1.08/-,-,0.55,-,-,-,-,13.14亿,-1.83亿,化学制品,1.82%,79.11%,28.62
4085,Paylocity Holding,PCTY,US,102.19,-,3.88%,1.8/23.11,-,2.11,-,-,NASDAQ,-,55.06亿,9818.80万,专业服务,1.82%,80.16%,5.01
4086,Vaxcyte,PCVX,US,59.49,-,4.95%,-5.63/-,-,-2.11,-,-,-,-,85.90亿,-7.67亿,生物科技,0.64%,102.88%,3.2
4087,Pure Cycle,PCYO,US,11.5,-,3.21%,0.24/19.75,-,2.59,-,-,NASDAQ,-,2.77亿,567.00万,水务,0.10%,52.31%,1.86
4088,PagerDuty,PD,US,7.13,-,15.42%,1.91/3.49,-,15.75,-,-,-,-,6.06亿,1.74亿,软件,7.52%,89.76%,2.39
4089,Perpetuals,PDC,US,7.16,-,16.50%,-/-,-,3.62,-,-,-,-,2184.21万,-179.97万,软件,-,0.21%,42.12
4090,Pearl Diver Credit,PDCC,US,10.15,-,2.67%,-2.83/-,-,0.5,-,-,-,-,6937.16万,-1933.21万,资本市场,0.03%,31.61%,0.704
4091,拼多多,PDD,US,98.03,-,1.20%,2.54/9.79,-,0.27,-,-,-,-,1391.68亿,142.09亿,多元化零售,0.36%,7.56%,2.35
4092,Pro-Dex,PDEX,US,52.1,-,6.61%,2.11/14.73,-,2.24,-,-,NASDAQ,-,1.67亿,686.70万,医疗保健设备,1.34%,24.26%,4.01
4093,PDF Solutions,PDFS,US,46.49,-,13.57%,-0.02/-,-,6,-,-,NASDAQ,-,18.55亿,-64.00万,专业服务,4.20%,76.69%,6.84
4094,Pimco Dynamic Income,PDI,US,17.44,-,0.33%,1.05/9.47,-,0.17,-,-,NYSE,-,76.25亿,4.58亿,资本市场,0.38%,17.58%,1.03
4095,Ponce Financial,PDLB,US,17.71,-,1.94%,1.21/15.51,-,1.03,-,-,-,-,4.28亿,2757.80万,商业银行,0.17%,47.45%,1.35
4096,Piedmont Realty,PDM,US,8.14,http://www.piedmontreit.com,1.86%,-0.67/-,"Piedmont Office Realty Trust, Inc. is a fully integrated, self-administered and self-managed real estate investment trust (REIT) specializing in the acquisition, ownership, management, development and disposition of primarily high-quality Class A office buildings located in major U.S. office markets and leased primarily to high-credit-quality tenants. Major markets include: Washington, D. C., greater Los Angeles, the New York metropolitan area, Boston and Chicago.",0.87,-,770-418-8800,NYSE,"11695 Johns Creek Parkway, Suite 350, Johns Creek, GA, 30097-152",10.18亿,-8362.00万,写字楼房地产投资信托,1.10%,91.81%,0.681
4097,PIMCO Dynamic Income,PDO,US,13.37,-,0.87%,1.08/7.97,-,0.15,-,-,-,-,19.05亿,1.49亿,资本市场,0.26%,18.05%,1.02
4098,Precision Drilling,PDS,US,95.14,-,6.36%,0.1/917.2,-,3.36,-,-,NYSE,-,12.32亿,134.33万,能源设备与服务,1.16%,54.98%,1.07
4099,PDS Biotechnology,PDSB,US,0.901,-,13.58%,-0.74/-,-,-2.91,-,-,-,-,5028.99万,-3449.55万,生物科技,1.69%,14.16%,5.43
4100,John Hancock Premium,PDT,US,13.03,-,0.73%,1.39/9.36,-,-0.15,-,-,NYSE,-,6.41亿,6846.94万,资本市场,0.26%,13.21%,0.931
4101,PIMCO Dynamic,PDX,US,20.58,-,0.53%,-1.96/-,-,0.39,-,-,-,-,9.20亿,-8769.30万,资本市场,0.27%,48.19%,0.979
4102,Palladyne AI,PDYN,US,6.31,-,5.27%,0.26/29.7,-,-2.17,-,-,-,-,2.98亿,1003.90万,电脑与外围设备,3.01%,22.62%,3.99
4103,Pebblebrook Hotel,PEB,US,13.96,-,2.98%,-0.9/-,-,1.6,-,-,NYSE,-,15.83亿,-1.06亿,酒店和度假村房地产投资信托,2.38%,126.73%,0.641
4104,北卡罗来纳国民银行,PEBK,US,39.31,-,2.62%,3.74/10.83,-,-0.56,-,-,NASDAQ,-,2.15亿,1983.00万,商业银行,0.80%,47.02%,1.37
4105,Peoples Bancorp,PEBO,US,34.13,-,1.82%,3.03/11,-,-1.39,-,-,NASDAQ,-,12.26亿,2900.60万,综合金融服务,1.42%,60.58%,1.01
4106,Phillips Edison,PECO,US,39.46,-,2.69%,0.89/43.08,-,1.08,-,-,-,-,49.71亿,3037.82万,零售房地产投资信托,1.22%,86.37%,2.18
4107,PEDEVCO,PED,US,16.05,-,3.17%,-2.25/-,-,-0.37,-,-,AMEX,-,2.13亿,-1036.20万,石油与天然气,0.29%,0.93%,1.12
4108,公共服务企业,PEG,US,80.74,-,1.97%,4.23/19.08,-,0.72,-,-,NYSE,-,402.68亿,21.11亿,独立电力生产商,0.41%,76.40%,2.37
4109,Pegasystems,PEGA,US,37.33,-,5.48%,0.19/18.37,-,5.9,-,-,NASDAQ,-,62.59亿,3276.40万,软件,3.27%,59.54%,8.87
4110,Penumbra,PEN,US,329.89,-,1.33%,4.57/73.01,-,-0.93,-,-,NYSE,-,129.73亿,1.78亿,医疗保健设备,0.92%,95.16%,9.09
4111,Penguin Solutions,PENG,US,30.69,-,9.96%,0.62/40.78,-,11.16,-,-,-,-,15.57亿,3284.80万,电子设备与仪器,5.16%,113.72%,3.94
4112,佩恩国民博彩,PENN,US,17.24,-,6.20%,-0.02/-,-,-0.12,-,-,NASDAQ,-,23.02亿,-230.00万,酒店餐饮与休闲,6.02%,97.20%,1.26
4113,Adams Natural Resour,PEO,US,26.74,-,1.20%,1.99/13.43,-,0.3,-,-,NYSE,-,7.35亿,5476.16万,资本市场,0.55%,40.55%,1.11
4114,百事,PEP,US,155.44,http://www.pepsico.com,1.04%,1.7/24.33,百事公司于1919年成立，是一家全球食品和饮料公司，生产、策划和销售谷类休闲快餐、碳酸和非碳酸饮料及食品。百事公司由菲多利北美、百事饮料北美、百事国际和桂格食品北美组成。,-0.17,-,-,NYSE,-,2124.50亿,23.27亿,饮料,0.39%,75.68%,9.94
4115,PepGen,PEPG,US,1.54,-,4.65%,-2.12/-,-,-3.14,-,-,-,-,1.06亿,-8965.50万,生物科技,0.95%,83.12%,0.722
4116,玩美,PERF,US,1.66,-,3.05%,0.05/36.41,-,1.22,-,-,-,-,1.69亿,464.30万,软件,0.11%,8.70%,1.1
4117,Perion Network,PERI,US,10.27,-,2.35%,-0.19/-,-,0.39,-,-,NASDAQ,-,4.04亿,-793.30万,软件,0.65%,58.09%,0.598
4118,佩尔马福克斯环境服务,PESI,US,12.69,-,5.35%,-0.75/-,-,-0.24,-,-,NASDAQ,-,2.35亿,-1378.40万,商业服务与用品,0.69%,42.01%,4.69
4119,Petmed Express,PETS,US,2.29,-,3.41%,-2.55/-,-,2.69,-,-,NASDAQ,-,4900.71万,-5322.50万,食品与日用品零售,0.33%,33.02%,1.5
4120,天地荟,PETZ,US,1,-,3.45%,0.17/5.74,-,-1.48,-,-,-,-,1032.33万,179.95万,房地产管理和开发Ⅲ,0.04%,0.82%,0.378
4121,GrabAGun Digital,PEW,US,2.97,-,5.20%,-0.13/-,-,-0.34,-,-,-,-,8764.38万,-250.70万,综合消费者服务,0.92%,15.96%,0.815
4122,Pinnacle Food,PFAI,US,4.01,-,4.52%,-0.08/-,-,0.75,-,-,-,-,4691.70万,-80.87万,食品,0.08%,0.40%,8.74
4123,保富银行,PFBC,US,93.5,-,2.59%,10.61/8.52,-,-1.55,-,-,NASDAQ,-,11.39亿,1.34亿,商业银行,0.89%,69.55%,1.52
4124,Flaherty & Crumrine,PFD,US,11.49,-,0.52%,0.97/11.82,-,-0.09,-,-,NYSE,-,1.48亿,1249.59万,资本市场,0.08%,28.74%,0.908
4125,辉瑞,PFE,US,27,http://www.pfizer.com,2.70%,1.37/19.76,辉瑞制药有限公司是一家专门研究的全球性制药公司。该公司有三个业务部门:医疗保健、动物健康和消费者医疗保健。它的产品遍及许多国家。,1.24,-,212-573-2323,NYSE,-,1535.86亿,77.71亿,制药,0.75%,65.79%,1.78
4126,信安金融,PFG,US,99.34,-,3.11%,5.32/18.14,-,2.41,-,-,NYSE,-,215.02亿,11.85亿,保险,1.11%,74.27%,1.81
4127,Performance Food,PFGC,US,90.28,-,2.57%,1/41.1,-,0.07,-,-,NYSE,-,141.83亿,1.55亿,食品与日用品零售,0.98%,101.33%,3.05
4128,人民金融服务,PFIS,US,56.45,-,2.02%,5.92/9.54,-,-1.52,-,-,NASDAQ,-,5.65亿,5918.70万,商业银行,1.30%,30.18%,1.09
4129,Pimco Income Strateg,PFL,US,8.04,-,0.50%,0.47/10.92,-,0.12,-,-,NYSE,-,3.95亿,2104.30万,资本市场,0.40%,15.93%,1.03
4130,PennantPark Floating,PFLT,US,8.63,-,1.16%,-0.04/24.85,-,0.12,-,-,NASDAQ,-,8.56亿,-357.80万,资本市场,0.71%,22.76%,0.802
4131,Pimco Income Strateg,PFN,US,7.03,-,1.42%,0.53/8.24,-,-0.14,-,-,NYSE,-,6.56亿,4986.40万,资本市场,0.56%,17.08%,0.934
4132,Flaherty & Crumrine,PFO,US,9.29,-,0.32%,0.81/11.53,-,0,-,-,NYSE,-,1.21亿,1053.74万,资本市场,0.19%,34.15%,0.9
4133,Provident Financial,PFS,US,22.36,-,2.11%,2.23/10.01,-,-1.71,-,-,NYSE,-,29.14亿,2.91亿,综合金融服务,0.67%,72.56%,1.03
4134,Profusa,PFSA,US,0.577,-,9.73%,-107.01/-,-,-3.19,-,-,-,-,254.47万,-3582.30万,医疗保健设备,10.93%,1.51%,-
4135,PennyMac Financial,PFSI,US,91.39,-,3.08%,9.69/9.47,-,1.71,-,-,NYSE,-,47.45亿,5.01亿,综合金融服务,0.97%,60.10%,1.1
4136,PhenixFIN,PFX,US,39.81,-,0.00%,-2.38/-,-,0.78,-,-,-,-,7955.07万,-477.02万,资本市场,0.01%,20.27%,0.511
4137,宝洁,PG,US,148.18,http://www.pg.com,3.32%,5.53/21.21,宝洁（PG）建立于1837年，是目前全球最大的日用品公司之一。主要产品有：美容美发，居家护理，家庭健康用品，健康护理，食品及饮料等。宝洁目前在中国的品牌包括：飘柔、潘婷、海飞丝、沙宣、伊卡璐、舒肤佳、玉兰油、SK-II、护舒宝、佳洁士、欧乐-B、汰渍、碧浪、吉列等。,2.46,-,513-983-1100,NYSE,-,3443.70亿,128.56亿,居家用品,0.59%,68.63%,6.29
4138,Pantages Capital,PGAC,US,10.51,-,0.00%,0.23/45.48,-,0,-,-,-,-,1.16亿,254.80万,资本市场,0.10%,84.86%,-
4139,皮帕克格拉德斯通金融,PGC,US,39.44,-,2.45%,2.12/15.92,-,-1.52,-,-,NASDAQ,-,6.98亿,1415.30万,商业银行,1.16%,70.90%,0.999
4140,Precigen,PGEN,US,4.13,-,7.83%,-1.37/-,-,4.29,-,-,-,-,14.62亿,-4.30亿,生物科技,2.25%,38.63%,70
4141,Progyny,PGNY,US,18.17,-,3.48%,0.68/24.32,-,2.83,-,-,-,-,14.23亿,5852.00万,医疗保健服务,2.19%,104.58%,2.76
4142,Pimco Global Stocksp,PGP,US,9.17,-,1.09%,1.21/4.37,-,0,-,-,NYSE,-,1.06亿,1393.00万,资本市场,0.11%,14.17%,1.03
4143,美国前进保险,PGR,US,200.89,http://www.progressive.com,2.29%,4.81/10.16,美国前进保险公司(PGR)是全美第四大汽车保险公司。自1937年建立以来，公司就一直是美国汽车保险行业的一股创新力量。在首批为顾客提供按月分期缴纳保费优惠条件的保险公司中，美国前进保险公司拥有24/7的索赔答复、网上报价比较，以及每年20亿美元的保费收入——这使它成为全美第四大汽车保险公司。,-2.16,-,-,NYSE,-,1174.00亿,28.18亿,保险,0.33%,86.79%,3.66
4144,Pagaya Technologies,PGY,US,13.59,-,3.07%,0.99/14.51,-,0.59,-,-,-,-,11.22亿,7728.40万,消费信贷,3.92%,59.43%,2.34
4145,Principal Real Estat,PGZ,US,10.12,-,2.15%,0.77/13.19,-,-0.98,-,-,NYSE,-,6774.44万,513.46万,资本市场,0.42%,21.77%,0.891
4146,派克汉尼汾,PH,US,974.47,http://www.parker.com,1.88%,13.08/34.77,"派克汉尼汾公司是一家总部位于美国的世界一流的工业企业。自1918年创立至今，派克汉尼汾公司已发展为全球运动和控制领域最大、产品种类最完备的公司。公司制造流体传动元器件及系统，用于控制各种机械和其他设备的传动、流量和压力。派克提供1,400多条产品线，用于1,000多种工程机械、工业和航空航天领域内的项目。派克是唯一一家能够给客户提供液压、气动、密封、机电一体化和计算机传动控制解决方案的制造商。此外，在该领域内派克拥有世界上最大的销售网络，遍布全球的7,500多个销售商为400,000多个用户提供服务。",0.06,-,-,NYSE,-,1229.94亿,16.53亿,机械制造,0.36%,92.95%,8.59
4147,Pharming Group,PHAR,US,16.68,-,0.90%,0.0000/413.2,-,0.24,-,-,-,-,11.78亿,285.10万,制药,-,0.19%,4.25
4148,Phathom,PHAT,US,11.7,-,7.44%,-3.03/-,-,-3.78,-,-,-,-,9.29亿,-2.21亿,制药,3.01%,78.37%,-
4149,飞利浦,PHG,US,27.47,http://www.philips.com,0.92%,1.1/24.88,飞利浦于1891年成立荷兰，是全球最大的电子公司之一；主要生产照明、家庭电器、医疗系统。,-0.58,-,-,NYSE,-,261.32亿,10.50亿,医疗保健服务,0.08%,23.97%,2.03
4150,BiomX,PHGE,US,1.11,-,18.33%,-22.19/-,-,-7.5,-,-,-,-,726.33万,-3619.90万,制药,5.89%,4.32%,-
4151,菲律宾长途电话,PHI,US,20.74,-,1.37%,2.36/8.78,-,-1.19,-,-,NYSE,-,44.81亿,5.10亿,无线电信业务,0.03%,3.61%,2.09
4152,PHINIA,PHIN,US,73.69,-,2.17%,3.31/21.32,-,1.13,-,-,-,-,27.71亿,1.30亿,机械制造,1.09%,102.97%,1.75
4153,Phio Pharmaceuticals,PHIO,US,1.19,-,4.88%,-1.45/-,-,-3.25,-,-,-,-,1382.45万,-869.80万,制药,2.24%,3.06%,0.686
4154,Pimco High Income Fu,PHK,US,4.7,-,1.29%,0.34/8.92,-,0.86,-,-,NYSE,-,8.06亿,5780.60万,资本市场,0.18%,12.57%,0.953
4155,普得集团,PHM,US,127.56,http://www.pulte.com,2.89%,1.81/11.89,帕尔迪是美国最大房屋营建商（按营收计算）。,-2.36,-,-,NYSE,-,242.98亿,3.47亿,耐用消费品,0.97%,92.94%,1.88
4156,Phoenix Asia,PHOE,US,16.2,-,0.54%,0.01/589.9,-,-3.57,-,-,-,-,3.50亿,19.83万,建筑与工程,0.01%,0.06%,46.69
4157,Phreesia,PHR,US,9.54,-,9.49%,0.04/251.4,-,7.8,-,-,-,-,5.80亿,230.60万,医疗保健技术,3.17%,95.78%,1.72
4158,Phunware,PHUN,US,2.24,-,2.68%,-0.57/-,-,-1.75,-,-,-,-,4522.76万,-1140.10万,软件,0.74%,14.09%,0.47
4159,Pharvaris,PHVS,US,28.63,-,7.95%,-3.49/-,-,4.91,-,-,-,-,18.73亿,-2.06亿,制药,0.59%,90.85%,5.88
4160,Impinj,PI,US,123.91,-,5.38%,-0.37/-,-,2.46,-,-,-,-,37.74亿,-1084.70万,软件,1.21%,107.65%,18.04
4161,PicS,PICS,US,12.75,-,5.33%,996.35/8.29,-,-0.78,-,-,-,-,16.52亿,1.99亿,综合金融服务,0.95%,-,2.34
4162,北极星,PII,US,60.04,-,2.79%,-8.18/-,-,1.06,-,-,NYSE,-,33.99亿,-4.66亿,汽车,2.95%,101.77%,4.07
4163,P3 Health Partners,PIII,US,2.64,-,7.37%,-45.26/-,-,-2.76,-,-,PINK,-,1904.34万,-1.48亿,医疗保健服务,0.12%,9.73%,-
4164,Putnam Master Interm,PIM,US,3.22,-,1.56%,0.23/14.33,-,0.31,-,-,NYSE,-,1.55亿,1082.81万,资本市场,0.11%,58.14%,0.929
4165,Alpine Income,PINE,US,19.83,-,4.43%,0.07/-,-,0.86,-,-,-,-,3.28亿,106.30万,权益型REITs,1.47%,51.19%,1.05
4166,Pinterest,PINS,US,19.92,-,2.32%,0.62/27.52,-,0.66,-,-,-,-,114.70亿,4.17亿,互动媒体与服务,2.10%,98.94%,2.42
4167,Piper Sandler,PIPR,US,86.79,-,2.04%,16.89/21.99,-,-1.13,-,-,-,-,61.86亿,2.81亿,资本市场,0.69%,85.72%,4.51
4168,Pjt Partners,PJT,US,152.7,-,2.41%,7/20.49,-,-0.91,-,-,NYSE,-,36.91亿,1.80亿,资本市场,1.69%,87.56%,11.98
4169,Park酒店及度假村,PK,US,11.2,-,2.57%,-1.43/-,-,1.17,-,-,NYSE,-,22.54亿,-2.83亿,权益型REITs,1.33%,99.90%,0.72
4170,帕克合众银行,PKBK,US,30.02,-,2.61%,3.2/8.42,-,0.47,-,-,NASDAQ,-,3.52亿,1183.90万,商业银行,0.61%,56.23%,1.05
4171,帕克航空航天,PKE,US,33.15,-,3.41%,0.37/76.1,-,1.04,-,-,NYSE,-,6.61亿,743.40万,航空航天与国防,1.18%,83.70%,6.2
4172,美国包装,PKG,US,212.87,-,3.29%,1.92/25.66,-,-1,-,-,NYSE,-,189.51亿,1.70亿,容器与包装,1.26%,97.91%,4.12
4173,帕克俄亥俄控股,PKOH,US,28.48,-,3.84%,1.73/17.23,-,1.24,-,-,NASDAQ,-,4.10亿,2380.00万,机械制造,0.57%,55.05%,1.08
4174,Peakstone,PKST,US,20.97,-,0.14%,-8.37/-,-,0.1,-,-,-,-,7.80亿,-3.08亿,房地产管理和开发Ⅲ,1.36%,57.72%,1.05
4175,浦项钢铁,PKX,US,70.15,http://www.posco.com/,1.54%,6.02/46.61,韩国浦项钢铁公司成立于1968年4月1日成立，总部位于韩国浦项南港口，主要产品包括冷热轧、线材、电工钢、钢板、不锈钢等。2007年浦项公司钢铁产量达到 3278万吨，世界排名第4位，为全球最大的钢铁制造厂商之一。每年为全球超过六十个国家的用户提供二千六百多万吨钢铁产品。POSCO分别在韩国浦项市（Pohang）和光阳市（Kwangyang）设有完善的厂房，生产各种先进的钢铁产品，包括热轧钢卷、钢板、钢条、冷轧钢板、电导钢片和不锈钢产品等，被美国Morgan Stanley投资银行评定为“全球最具竞争力的钢铁制造商”，POSCO凭借其在急剧变化的全球商业环境中的技术竞争优势，锐意成为二十一世纪的全球领先钢铁制造商。,2.81,-,82 5 4220 0114,NYSE,"1 Goedong-dong Nam-gu Pohang, 790-600 South Korea",212.19亿,4.55亿,金属与采矿,0.04%,2.66%,0.55
4176,Planet Labs,PL,US,35.44,-,11.41%,-0.8/-,-,-7.44,-,-,-,-,122.68亿,-2.47亿,信息技术服务,4.01%,56.04%,65.15
4177,福尼克斯,PLAB,US,52.27,-,4.52%,0.74/22.58,-,3.55,-,-,NASDAQ,-,30.82亿,4293.90万,半导体产品与设备,2.17%,95.60%,2.54
4178,美国绿星球,PLAG,US,1.3,-,9.49%,-3.35/-,-,-5.11,-,-,-,-,1850.25万,-2697.57万,石油与天然气,0.06%,0.28%,-
4179,戴夫和巴斯特娱乐,PLAY,US,12.33,http://www.daveandbusters.com,4.29%,-1.4/-,"Dave & Buster总部位于美国达拉斯的一家娱乐及餐饮连锁,在美国和加拿大市场上有门店。",-2.91,S1/F1,-,NASDAQ,-,4.28亿,-4870.00万,酒店餐饮与休闲,4.68%,120.02%,4.7
4180,Plumas Bancorp,PLBC,US,51.25,-,1.80%,4.6/11.1,-,-0.89,-,-,NASDAQ,-,3.57亿,976.30万,商业银行,0.34%,44.67%,1.35
4181,Polibeli Group,PLBL,US,6.707,-,15.07%,-/-,-,0.1,-,-,-,-,24.57亿,22.64万,贸易与经销,0.06%,1.01%,-
4182,Playboy,PLBY,US,1.83,-,4.32%,-0.13/-,-,-1.08,-,-,-,-,2.10亿,-1267.20万,酒店餐饮与休闲,0.91%,28.46%,11.44
4183,儿童之家,PLCE,US,3.37,-,3.54%,-4.01/-,-,-0.59,-,-,NASDAQ,-,7485.40万,-8826.30万,专营零售,1.09%,79.87%,-
4184,安博,PLD,US,142.1,http://www.prologis.com,2.13%,1.05/35.69,"美国普洛斯集团(ProLogis)——工业物流老大，普洛斯(ProLogis)是世界领先的物流配送设施和服务的投资开发美国普洛斯集团商，财富1000强及标准普尔500家指数公司之一。公司管理着299亿美金物业资产，在北美、欧洲、亚洲20个国家超过100个市场上开发、拥有和管理的配送设施多达2,523处，约4,100万平米。",-0.17,-,-,NYSE,-,1324.70亿,9.80亿,工业房地产投资信托,0.35%,93.87%,2.48
4185,Platinum Group,PLG,US,1.79,-,3.37%,-0.03/-,-,0.56,-,-,AMEX,-,2.27亿,-383.50万,金属与采矿,0.91%,15.46%,3.14
4186,Plum Acquisition,PLMK,US,10.59,-,0.09%,0.26/42.42,-,0.09,-,-,-,-,2.57亿,605.18万,资本市场,0.04%,92.70%,1.47
4187,Palomar Holdings,PLMR,US,126.07,-,3.92%,7.4/16.96,-,-2.04,-,-,-,-,33.43亿,1.97亿,保险,1.55%,90.97%,3.55
4188,Planet Fitness,PLNT,US,69.62,-,2.18%,2.62/25.23,-,0.72,-,-,NYSE,-,55.28亿,2.19亿,酒店餐饮与休闲,1.23%,115.50%,-
4189,Douglas Dynamics,PLOW,US,46.45,http://www.douglasdynamics.com/,2.58%,1.99/22.86,"It is the North American leader in the design, manufacture and sale of snow and ice control equipment for light trucks, which consists of snowplows and sand and salt spreaders, and related parts and accessories. We sell our products under the WESTERN®, FISHER® and BLIZZARD® brands which are among the most established and recognized in the industry.",0.69,-,-,NYSE,-,10.72亿,4689.70万,机械制造,0.72%,91.32%,3.81
4190,Preformed Line,PLPC,US,351.17,-,7.59%,7.17/48.74,-,6.8,-,-,NASDAQ,-,17.20亿,3528.30万,电气设备,7.79%,65.01%,3.62
4191,Pliant Therapeutics,PLRX,US,1.24,-,3.97%,-2.43/-,-,-1.59,-,-,-,-,7677.42万,-1.49亿,制药,0.59%,75.75%,0.424
4192,Polyrizon,PLRZ,US,15.56,-,10.89%,-4.9/-,-,5.21,-,-,-,-,2912.60万,-333.50万,生物科技,3.62%,1.98%,1.39
4193,脉冲生物科学,PLSE,US,23.02,-,5.77%,-1.08/-,-,-5.07,-,-,NASDAQ,-,15.65亿,-7278.10万,医疗保健设备,1.26%,9.26%,19.41
4194,Pulsenmore,PLSM,US,3.37,-,5.19%,0.77/-,-,-7.92,-,-,-,-,2191.46万,-496.96万,医疗保健设备,0.16%,-,0.841
4195,Playtika Holding,PLTK,US,3.4,-,4.43%,-0.55/-,-,3.98,-,-,-,-,12.90亿,-2.06亿,娱乐,1.04%,15.60%,-
4196,Palantir,PLTR,US,143.09,-,3.11%,0.69/210.6,-,1.07,-,-,-,-,3422.25亿,16.25亿,软件,1.77%,57.62%,46.32
4197,Platinum Analytics,PLTS,US,-,-,-,-0.13/-,-,-,-,-,-,-,3.16亿,-202.26万,软件,-,0.40%,58.53
4198,普拉格能源,PLUG,US,3.14,-,9.28%,-1.42/-,-,-1.26,-,-,NASDAQ,-,43.77亿,-16.32亿,电子设备与仪器,5.78%,46.46%,4.47
4199,Pluri,PLUR,US,3.345,-,9.30%,-1.36/-,-,-2.76,-,-,-,-,3604.13万,-1239.30万,生物科技,0.14%,0.26%,-
4200,正羽科技,PLUS,US,84.82,-,1.96%,4.1/16.86,-,-0.05,-,-,NASDAQ,-,22.39亿,1.08亿,电子设备与仪器,0.68%,96.91%,2.11
4201,贝德斯金融,PLUT,US,-,-,-,-0.16/-,-,-,-,-,-,-,4543.60万,-226.75万,综合金融服务,-,0.12%,3.33
4202,Protalix,PLX,US,2.18,-,3.27%,-0.08/-,-,1.87,-,-,AMEX,-,1.76亿,-660.40万,生物科技,0.56%,18.98%,3.64
4203,普雷克萨斯,PLXS,US,254.08,-,4.10%,1.54/38.49,-,1.68,-,-,NASDAQ,-,68.06亿,4118.20万,电子设备与仪器,1.74%,98.10%,4.6
4204,Polaryx Therapeutics,PLYX,US,4.85,-,11.65%,-0.2/-,-,-8.83,-,-,-,-,2.30亿,-898.50万,生物科技,2.31%,-,50.52
4205,菲利普莫里斯,PM,US,164.2,http://www.pmi.com/eng/pages/homepage.aspx,3.10%,1.56/23.06,菲利普·莫里斯公司（Philip Morris Companies Inc.简称PM）是当今世界第一大烟草公司，同时也是世界第二大食品制造商。主要经营烟草、食品、啤酒、金融房地产等业务，拥有五个主要经营子公司及其在世界各地的一百多家各种类型公司，业务遍及世界180多个国家和地区。,-2.95,-,-,NYSE,-,2559.11亿,24.38亿,烟草,0.33%,82.30%,-
4206,安林财经印刷,PMAX,US,2.38,-,11.42%,-0.14/-,-,-6.3,-,-,-,-,408.24万,-259.43万,互动媒体与服务,33.06%,0.38%,0.853
4207,PharmaCyte Biotech,PMCB,US,0.722,-,5.07%,-2.41/-,-,-3.73,-,-,-,-,775.11万,-1833.30万,生物科技,0.67%,9.05%,0.203
4208,Primech Holdings,PMEC,US,0.7,-,10.00%,-0.03/-,-,7.69,-,-,-,-,2689.26万,-80.60万,商业服务与用品,9.03%,0.41%,1.8
4209,Picard Medical,PMI,US,0.846,-,5.58%,-0.75/-,-,0.36,-,-,-,-,6360.10万,-2700.20万,医疗保健设备,0.41%,0.59%,16.92
4210,Pimco Municipal Inco,PML,US,7.54,-,0.33%,0.27/27.56,-,-0.26,-,-,NYSE,-,9.46亿,3434.00万,资本市场,0.13%,30.43%,0.931
4211,Putnam Managed Munic,PMM,US,6.18,-,1.13%,0.17/36.56,-,-0.24,-,-,NYSE,-,2.65亿,724.05万,资本市场,0.20%,22.07%,0.922
4212,ProMIS Neurosciences,PMN,US,11.24,-,4.60%,-22.61/-,-,3.31,-,-,-,-,1.01亿,-3971.91万,生物科技,1.76%,3.03%,-
4213,Perfect Moment,PMNT,US,0.285,-,4.44%,-0.21/-,-,-2.73,-,-,-,-,1335.82万,-604.70万,纺织服装与奢侈品,2.28%,11.78%,12.39
4214,Putnam Municipal Opp,PMO,US,10.4,-,0.67%,0.67/60.97,-,0,-,-,NYSE,-,2.85亿,1877.51万,资本市场,0.31%,31.93%,0.913
4215,PennyMac Mortgage,PMT,US,12.12,-,2.18%,0.99/12.28,-,1.42,-,-,NYSE,-,10.57亿,8605.30万,抵押型REITs,1.96%,65.02%,0.785
4216,Perimeter,PMTR,US,10.3,-,0.00%,0.21/59.82,-,0,-,-,-,-,3.18亿,530.79万,资本市场,0.00%,86.21%,-
4217,Cpi卡集团,PMTS,US,18.17,-,5.83%,1.32/13.93,-,2.83,-,-,NASDAQ,-,2.08亿,1495.00万,消费信贷,1.12%,30.08%,-
4218,Pmv Pharmaceuticals,PMVP,US,1.44,-,3.50%,-1.48/-,-,0.7,-,-,-,-,7679.43万,-7774.20万,生物科技,0.69%,71.20%,0.734
4219,斯凯蒙太阳能,PN,US,2.38,-,9.45%,-0.1/-,-,-6.3,-,-,NYSE,-,6262.20万,-269.60万,电子设备与仪器,7.35%,0.39%,3.15
4220,爱国者国家合众银行,PNBK,US,1.31,-,4.23%,-0.17/-,-,0.77,-,-,NASDAQ,-,1.53亿,-1271.00万,商业银行,0.12%,14.33%,1.62
4221,PNC金融服务,PNC,US,219.86,http://www.pnc.com,2.86%,4.13/12.82,PNC Financial Services Group Inc（NYSE: PNC）总部位于匹兹堡，是一家集多种金融服务于一体的金融公司，该公司下设六大系统，除PNC银行以外，还有PNC顾问公司、PNC房地产金融和PNC信托服务等。,-2.32,-,412-762-2000,NYSE,"One PNC Plaza 249 Fifth Avenue Pittsburgh, PA 15222-2707 United",883.94亿,16.86亿,商业银行,0.43%,83.57%,1.39
4222,Pinnacle Financial,PNFP,US,95.84,-,4.10%,8.15/23.15,-,-3.27,-,-,NASDAQ,-,144.72亿,1.35亿,商业银行,0.96%,89.12%,0.992
4223,Pimco New York Munic,PNI,US,7.01,-,0.79%,0.27/26.08,-,0.86,-,-,NYSE,-,1.67亿,642.10万,资本市场,0.09%,2.18%,0.897
4224,Pennantpark,PNNT,US,4.55,-,1.43%,0.14/11.61,-,-0.22,-,-,NASDAQ,-,2.97亿,895.50万,资本市场,0.55%,20.17%,5.99
4225,滨特尔,PNR,US,91.75,-,3.09%,3.99/22.68,-,1.4,-,-,NYSE,-,148.27亿,6.54亿,机械制造,1.59%,94.10%,3.83
4226,PrimeEnergy,PNRG,US,230,-,6.23%,15.85/14.14,-,-1.78,-,-,NASDAQ,-,3.72亿,2631.20万,石油与天然气,12.05%,24.47%,1.73
4227,The Pennant Group,PNTG,US,30.01,-,3.42%,0.86/35.46,-,-0.33,-,-,-,-,10.49亿,2957.80万,医疗保健服务,0.64%,92.83%,3.15
4228,品尼高西方资本,PNW,US,102.3,-,1.41%,5.15/20.08,-,-1.11,-,-,NYSE,-,123.81亿,6.17亿,电力,0.63%,100.32%,1.76
4229,Phaos Technology,POAS,US,1.895,-,3.94%,-/-,-,-0.42,-,-,-,-,5386.92万,-152.61万,电脑与外围设备,1.90%,1.41%,61.13
4230,Precision Optics,POCI,US,4.15,-,4.02%,-0.44/-,-,-1.19,-,-,-,-,4362.33万,-341.78万,医疗保健设备,0.31%,16.41%,4.67
4231,PodcastOne,PODC,US,3.2,-,22.78%,-0.08/-,-,18.52,-,-,-,-,8796.15万,-218.30万,软件,5.63%,3.77%,5.58
4232,银休特,PODD,US,189.56,-,2.30%,3.51/53.13,-,-1.38,-,-,NASDAQ,-,131.30亿,2.47亿,医疗保健设备,1.62%,102.61%,8.67
4233,Poet Technologies,POET,US,15.1,-,26.45%,-0.68/-,-,28.84,-,-,-,-,23.06亿,-6296.32万,半导体产品与设备,87.11%,7.26%,12.54
4234,Polar Power,POLA,US,1.72,-,7.06%,-3.59/-,-,1.18,-,-,NASDAQ,-,626.11万,-913.30万,电气设备,4.32%,10.60%,43
4235,Andretti,POLE,US,10.68,-,0.09%,0.28/37.74,-,0,-,-,-,-,3.15亿,835.04万,资本市场,0.02%,93.97%,-
4236,石榴云医,POM,US,0.393,-,12.34%,-1.6/-,-,-1.01,-,-,NYSE,-,4654.87万,-1009.13万,医疗保健服务,-,4.38%,-
4237,小马智行,PONY,US,10.69,-,4.49%,-0.35/-,-,3.19,-,-,-,-,46.35亿,-1.34亿,软件,1.01%,31.81%,2.81
4238,Pool,POOL,US,232.55,-,3.57%,1.46/21.02,-,1.69,-,-,NASDAQ,-,85.35亿,5322.90万,经销商,2.87%,99.47%,7.53
4239,波特兰通用电气,POR,US,50.98,-,1.40%,2.77/19.28,-,-0.88,-,-,NYSE,-,59.00亿,3.06亿,电力,1.35%,95.36%,1.43
4240,Post Holdings,POST,US,103.65,-,2.94%,1.87/15.42,-,-0.95,-,-,NYSE,-,49.21亿,9680.00万,食品,1.82%,98.78%,1.42
4241,帕沃英蒂格盛,POWI,US,73.54,-,3.79%,0.39/185.4,-,1.25,-,-,NASDAQ,-,40.96亿,2209.30万,半导体产品与设备,2.35%,106.56%,6.09
4242,Powell Industries,POWL,US,252.76,-,4.92%,3.42/49.1,-,0.23,-,-,NASDAQ,-,92.00亿,4139.00万,电气设备,1.47%,81.58%,13.75
4243,Outdoor Holding,POWW,US,1.98,-,4.31%,-0.04/-,-,0.51,-,-,-,-,2.32亿,-511.16万,航空航天与国防,0.47%,51.73%,0.979
4244,Purple Biotech,PPBT,US,4.54,-,3.52%,-0.03/-,-,-0.22,-,-,-,-,409.98万,-2638.60万,制药,0.41%,0.01%,0.422
4245,Pilgrim's Pride,PPC,US,33.63,-,1.97%,4.56/7.39,-,-0.24,-,-,NASDAQ,-,80.01亿,10.82亿,食品,1.79%,19.48%,2.17
4246,Propanc Biopharma,PPCB,US,0.11,-,12.07%,-0.69/-,-,-5.17,-,-,-,-,240.45万,-886.14万,制药,6.98%,0.59%,0.23
4247,PPG工业,PPG,US,109.8,-,1.55%,6.96/15.59,-,-0.44,-,-,NYSE,-,245.73亿,15.76亿,化学制品,0.70%,89.88%,3.09
4248,Policy Holding,PPHC,US,14.02,-,5.29%,-2.37/-,-,-0.43,-,-,-,-,4.06亿,-3900.10万,复合型公用事业,0.22%,5.59%,5.42
4249,Perma-Pipe,PPIH,US,32.1,-,5.15%,2.12/15.31,-,2.74,-,-,NASDAQ,-,2.61亿,1703.50万,机械制造,1.56%,46.47%,2.88
4250,宾州电力,PPL,US,38.75,-,1.44%,1.6/24.68,-,0.54,-,-,NYSE,-,291.46亿,11.81亿,电力,0.85%,86.60%,1.96
4251,先驱电气,PPSI,US,3.19,-,13.71%,-0.54/-,-,6.69,-,-,NASDAQ,-,3539.71万,-599.90万,电气设备,3.39%,7.92%,1.21
4252,Putnam Premier Incom,PPT,US,3.49,-,0.29%,0.13/11.26,-,0.29,-,-,NYSE,-,3.34亿,1247.06万,资本市场,0.05%,42.61%,0.925
4253,Perpetua Resources,PPTA,US,29.14,-,3.94%,-1.08/-,-,-1.12,-,-,-,-,36.41亿,-1.00亿,金属与采矿,0.77%,66.53%,4.23
4254,Permian Resources,PR,US,20.5,-,2.21%,1.31/18.47,-,-1.73,-,-,-,-,172.69亿,9.35亿,石油与天然气,1.33%,96.09%,1.68
4255,Proassurance,PRA,US,24.69,-,0.39%,0.99/25.03,-,0.2,-,-,NYSE,-,12.74亿,5091.50万,保险,0.98%,96.25%,0.944
4256,PRA Group,PRAA,US,21.15,-,3.62%,-7.79/-,-,1.98,-,-,NASDAQ,-,8.13亿,-3.05亿,消费信贷,0.67%,97.83%,0.83
4257,Praxis,PRAX,US,344.82,-,7.09%,-13.48/-,-,4.62,-,-,-,-,96.04亿,-3.03亿,生物科技,1.35%,103.79%,10.94
4258,Porch Group,PRCH,US,7.89,-,5.72%,-0.03/-,-,2.6,-,-,-,-,8.49亿,-336.10万,软件,2.25%,71.86%,-
4259,PROCEPT BioRobotics,PRCT,US,24.36,-,5.32%,-1.72/-,-,0.5,-,-,-,-,13.86亿,-9557.20万,医疗保健设备,2.20%,102.86%,3.79
4260,Perdoceo Education,PRDO,US,32.35,-,6.37%,2.47/12.68,-,-3.49,-,-,-,-,20.28亿,1.60亿,综合消费者服务,1.36%,99.67%,2.09
4261,Prenetics Global,PRE,US,18.33,-,9.49%,-4.15/-,-,4.74,-,-,-,-,2.98亿,-5832.40万,生物科技,1.47%,13.39%,1.71
4262,PRF Technologies,PRFX,US,2.28,-,4.98%,-7.47/-,-,-5.39,-,-,-,-,192.52万,-483.80万,制药,1.93%,1.30%,0.225
4263,PROG Holdings,PRG,US,31.43,-,2.49%,3.66/8.58,-,0.16,-,-,-,-,12.59亿,1.47亿,综合消费者服务,0.97%,102.38%,1.69
4264,培瑞克,PRGO,US,11.82,-,2.10%,-10.29/-,-,1.11,-,-,NYSE,-,16.27亿,-14.25亿,制药,1.50%,111.71%,0.554
4265,Progress Software,PRGS,US,27.23,-,3.79%,0.54/13.48,-,-0.84,-,-,NASDAQ,-,11.46亿,2281.30万,软件,3.95%,110.06%,2.3
4266,Presurance,PRHI,US,0.657,-,1.06%,-1.51/-,-,-0.45,-,-,-,-,1722.84万,-1843.80万,保险,0.16%,2.05%,1.92
4267,Primerica,PRI,US,279.97,http://www.primerica.com/,1.78%,22.95/11.7,"It is a leading distributor of financial products to middle income households in North America with approximately 100,000 licensed sales representatives. We assist our clients in meeting their needs for term life insurance, which we underwrite, and mutual funds, variable annuities and other financial products, which we distribute primarily on behalf of third parties. We insure more than 4.3 million lives and more than two million clients maintain investment accounts with us. Our distribution model uniquely positions us to reach underserved middle income consumers in a cost effective manner and has proven itself in both favorable and challenging economic environments. We view this offering as our company’s refounding — an opportunity to enhance the entrepreneurial spirit of our organization and to align the interests of our independent sales force and our employees with our future performance.",-0.3,-,-,NYSE,-,87.90亿,7.51亿,保险,0.60%,100.94%,3.59
4268,Primoris Services,PRIM,US,171.6,-,3.12%,5.09/33.85,-,-0.54,-,-,NASDAQ,-,93.06亿,2.75亿,建筑与工程,0.71%,105.13%,5.54
4269,Park National,PRK,US,171.87,-,1.72%,11.18/17.24,-,-0.74,-,-,AMEX,-,31.05亿,1.80亿,商业银行,0.43%,49.24%,2.3
4270,United Parks,PRKS,US,33.8,-,5.23%,3.09/9.76,-,-3.4,-,-,-,-,16.44亿,1.68亿,酒店餐饮与休闲,1.65%,137.28%,-
4271,Proto Labs,PRLB,US,64.62,-,2.76%,0.89/72.38,"Proto Labs is a leading online and technology-enabled quick-turn manufacturer of custom parts for prototyping and short-run production. We provide “Real Parts, Really Fast” to product developers worldwide, who are under increasing pressure to bring their finished products to market faster than their competition. We utilize computer numerical control, or CNC, machining and injection molding to manufacture custom parts for our customers.",1.1,S1/F1,-,NYSE,-,15.37亿,2124.10万,机械制造,0.65%,90.43%,2.28
4272,Prelude,PRLD,US,4.7,-,10.14%,-1.29/-,-,6.82,-,-,-,-,3.81亿,-9949.80万,生物科技,3.77%,71.15%,5.55
4273,Perimeter Solutions,PRM,US,30.85,-,2.57%,-1.37/-,-,-0.19,-,-,-,-,50.32亿,-2.06亿,化学制品,0.66%,87.35%,4.44
4274,Primo Brands,PRMB,US,20.4,-,1.78%,0.16/123.3,-,0.94,-,-,-,-,74.09亿,6010.00万,饮料,0.96%,109.24%,2.48
4275,Prime Medicine,PRME,US,3.7,-,5.47%,-1.35/-,-,-3.65,-,-,NYSE,-,6.68亿,-2.01亿,生物科技,1.69%,45.41%,5.53
4276,Profound Medical,PROF,US,6.99,-,9.93%,-1.41/-,-,3.56,-,-,-,-,2.54亿,-4257.00万,医疗保健设备,0.53%,42.36%,3.82
4277,ProKidney,PROK,US,1.94,-,4.75%,-0.52/-,-,-3,-,-,-,-,5.86亿,-6898.60万,生物科技,0.68%,30.20%,-
4278,Prairie Operating,PROP,US,1.16,-,3.36%,-1.35/-,-,-2.52,-,-,-,-,1.13亿,-6090.70万,石油与天然气,4.85%,12.93%,0.424
4279,Provident Financial,PROV,US,17.01,-,1.52%,0.48/16.43,-,-0.23,-,-,NASDAQ,-,1.08亿,311.70万,商业银行,0.26%,52.70%,0.851
4280,Purple Innovation,PRPL,US,0.641,-,4.53%,-0.48/-,-,0.16,-,-,-,-,6986.17万,-5141.40万,耐用消费品,0.14%,59.19%,-
4281,Precipio,PRPO,US,27.995,-,2.59%,-0.23/-,-,3.57,-,-,-,-,4993.42万,-36.30万,生命科学工具,0.95%,13.82%,3.43
4282,ProQR Therapeutics,PRQR,US,1.55,http://www.proqr-tx.com,9.20%,-0.47/-,"ProQR Therapeutics B.V. is an innovative biopharmaceutical company engaged in the discovery and development of RNA-based therapeutics for the treatment of severe genetic disorders, with an initial focus on Cystic Fibrosis, or CF. Utilizing our unique, proprietary RNA repair technologies, we believe we will be able to treat genetic disorders in which a single protein is defective due to certain types of genetic mutation. We design our therapeutic candidates to specifically target and repair the defective messenger RNA, or mRNA, that is a product of a mutated gene in order to restore the expression and function of normal, or wild-type, protein. Our technologies employ single-stranded RNA-based oligonucleotides, which act as guide sequences to repair the targeted abnormal mRNA. The repaired mRNA then acts as a template to generate wild-type protein to address the underlying cause of the genetic disorder. We believe that this is a unique approach that offers advantages compared with small molecule, gene therapy and other therapeutic strategies.",-4.91,S1/F1,-,NASDAQ,-,1.63亿,-4950.71万,生物科技,1.62%,35.43%,2.82
4283,Peraso,PRSO,US,0.999,-,3.40%,-0.67/-,-,-0.1,-,-,-,-,1255.99万,-475.30万,半导体产品与设备,4.17%,2.86%,2.71
4284,Pursuit Attractions,PRSU,US,41.18,-,2.02%,0.8/49.87,-,0.98,-,-,-,-,11.30亿,2266.80万,商业服务与用品,0.87%,109.71%,1.94
4285,PermRock Royalty,PRT,US,2.87,-,3.38%,0.39/7.41,-,-3.04,-,-,-,-,3491.57万,471.27万,石油与天然气,0.30%,2.52%,1.31
4286,Prothena,PRTA,US,10.75,-,3.91%,-4.53/-,-,0.19,-,-,NASDAQ,-,5.79亿,-2.44亿,生物科技,0.66%,88.49%,2.06
4287,Puretech Health,PRTC,US,16.95,-,2.08%,-0.19/8.04,-,-4.56,-,-,-,-,4.07亿,-4460.50万,制药,-,0.39%,1.08
4288,Priority Technology,PRTH,US,5.33,-,3.22%,0.7/7.88,-,0.95,-,-,-,-,4.39亿,5568.10万,专业服务,0.29%,26.89%,-
4289,CarParts.com,PRTS,US,0.972,-,3.13%,-0.82/-,-,1.25,-,-,NASDAQ,-,6851.84万,-5044.30万,专营零售,0.49%,18.41%,1.28
4290,保德信金融,PRU,US,94.21,http://www.prudential.com,1.38%,10.05/9.16,"保德信金融（PRU）是美国最大的金融机构之一。主要经营各类金融产品和服务，包括人寿保险、证券经纪和金融顾问服务、互助基金和年金、资产管理、养老金与退休相关的服务和管理、银行和信托服务、房地产经纪和搬迁服务等。 
旗下保德信保险公司是美国最大的人寿保险公司之一。",-0.15,-,973-802-6000,NYSE,"751 Broad Street Newark, NJ 07102 United States",327.68亿,35.76亿,保险,0.62%,61.37%,1.01
4291,Privia Health,PRVA,US,23.84,-,3.15%,0.19/130.7,-,1.45,-,-,-,-,29.95亿,2291.90万,医疗保健服务,0.55%,95.83%,4.06
4292,ParaZero,PRZO,US,0.719,-,10.74%,-0.31/-,-,-4.64,-,-,-,-,1777.39万,-541.22万,航空航天与国防,1.96%,0.92%,5.62
4293,公共存储,PSA,US,308.29,-,1.42%,9.04/34.13,-,-0.81,-,-,NYSE,-,541.18亿,15.86亿,专业房地产投资信托,0.64%,81.00%,11.05
4294,Palmer Square Capita,PSBD,US,10.6,-,3.40%,-0.1/-,-,0,-,-,-,-,3.31亿,-316.97万,资本市场,0.52%,53.33%,0.713
4295,普罗斯佩克特资本,PSEC,US,2.73,-,1.48%,0.09/-,-,0.74,-,-,NASDAQ,-,13.28亿,4151.10万,资本市场,1.39%,16.80%,0.449
4296,Cohen & Steers Selec,PSF,US,19.81,-,0.74%,2.09/9.48,-,0.1,-,-,NYSE,-,2.38亿,2513.04万,资本市场,0.37%,26.43%,0.896
4297,Paysafe,PSFE,US,8.71,-,5.11%,-3.14/-,-,1.75,-,-,-,-,4.46亿,-1.83亿,综合金融服务,0.74%,52.17%,0.682
4298,Performance Shipping,PSHG,US,1.81,-,2.56%,3.87/0.467,-,2.84,-,-,-,-,2250.22万,4814.20万,海运,0.36%,5.59%,0.082
4299,PS International,PSIG,US,6.32,-,4.44%,-0.13/-,-,0.32,-,-,-,-,9717.99万,-41.68万,航空货运与物流,17.80%,0.40%,8.9
4300,国际电力解决方案,PSIX,US,77.04,-,7.07%,4.95/15.58,-,-1.52,-,-,NASDAQ,-,17.76亿,1.14亿,电气设备,3.52%,30.98%,9.94
4301,Paramount Skydance,PSKY,US,10.97,-,3.82%,-0.53/-,-,-2.66,-,-,-,-,121.96亿,-5.86亿,媒体,0.73%,28.27%,1.04
4302,普尔斯玛特,PSMT,US,161.1,-,3.31%,2.91/31.91,-,-0.65,-,-,NASDAQ,-,49.77亿,8925.70万,食品与日用品零售,0.84%,86.69%,3.73
4303,Parsons,PSN,US,53.45,-,4.07%,2.26/23.72,-,3.13,-,-,-,-,57.20亿,2.41亿,信息技术服务,1.19%,99.66%,2.16
4304,Personalis,PSNL,US,6.1,-,5.42%,-0.91/-,-,3.39,-,-,-,-,6.39亿,-8127.00万,生命科学工具,3.57%,77.14%,2.44
4305,极星汽车 A,PSNY,US,17.92,-,5.59%,-0.85/-,-,1.3,-,-,-,-,15.59亿,-23.57亿,汽车,0.06%,0.84%,-
4306,极星汽车 C-1,PSNYW,US,3.47,-,8.12%,-0.85/-,-,4.36,-,-,-,-,3.02亿,-23.57亿,汽车,0.00%,0.50%,-
4307,培生,PSO,US,14.47,http://www.pearson.com,1.22%,0.69/19.53,"英国培生集团是目前全球最大的图书出版集团。旗下包括全球最大的教育出版集团朗文集团(Longman)、企鹅集团(Penguin);和金融时报集团(FT)，并拥有著名的经济学人集团50%股权。
2008年5月培生收购上海乐宁英语和北京戴尔英语；2009年4月培生以1.45亿美元收购华尔街英语；2011年11月培生以2.94亿美元收购环球雅思",0.21,-,-,NYSE,-,87.97亿,4.50亿,综合消费者服务,0.20%,4.04%,1.79
4308,PSQ Holdings,PSQH,US,0.733,-,5.14%,-0.81/-,-,1.81,-,-,-,-,3806.54万,-3661.17万,综合金融服务,0.31%,22.83%,2.83
4309,Postal Realty Trust,PSTL,US,21.64,-,1.82%,0.47/52.06,-,-0.51,-,-,-,-,5.98亿,1149.30万,抵押型REITs,0.76%,70.37%,2.1
4310,Plus Therapeutics,PSTV,US,6.6,-,12.36%,-0.29/-,-,-9.34,-,-,-,-,4528.94万,-2238.60万,生物科技,3.39%,6.61%,11.34
4311,Phillips 66,PSX,US,162.85,-,1.82%,10.82/14.83,-,2.08,-,-,NYSE,-,653.00亿,44.03亿,石油与天然气,0.61%,77.40%,2.24
4312,Cohen & Steers Tax-A,PTA,US,19.28,-,1.76%,1.62/11.9,-,-0.05,-,-,-,-,10.66亿,8954.30万,资本市场,0.20%,24.09%,0.911
4313,PTC,PTC,US,137.17,-,2.32%,1.4/19.78,-,0.99,-,-,NASDAQ,-,163.23亿,1.67亿,软件,1.15%,98.81%,4.25
4314,Ptc Therapeutics,PTCT,US,68.23,-,3.06%,8.58/8.29,-,-0.52,-,-,NASDAQ,-,56.57亿,6.83亿,生物科技,0.85%,111.89%,-
4315,Patterson-UTI Energy,PTEN,US,11.33,-,4.38%,-0.06/-,-,1.71,-,-,NASDAQ,-,43.01亿,-2462.70万,能源设备与服务,2.34%,110.94%,1.36
4316,Protagonist,PTGX,US,100,-,6.86%,-2.05/-,-,-2.55,-,-,NASDAQ,-,63.81亿,-1.30亿,制药,1.30%,110.74%,10.38
4317,Pelthos Therapeutics,PTHS,US,23.06,-,2.46%,-23.04/-,-,-0.6,-,-,-,-,7737.88万,-4331.90万,生物科技,0.53%,29.98%,1.99
4318,长安能源,PTLE,US,6.5,-,10.94%,0.05/-,-,1.56,-,-,-,-,4082.71万,120.95万,石油与天然气,0.97%,0.07%,4.85
4319,Portillo's,PTLO,US,6.42,-,3.52%,0.28/25.08,-,0.47,-,-,-,-,4.85亿,1934.50万,酒店餐饮与休闲,1.78%,76.89%,1.04
4320,Palatin Technologies,PTN,US,22.22,-,7.42%,-1.47/-,-,8.13,-,-,AMEX,-,3937.83万,-258.63万,制药,0.34%,42.14%,3.43
4321,Pitanium,PTNM,US,-,-,-,-0.12/-,-,-,-,-,-,-,2.39亿,-271.29万,个人用品,-,0.28%,45.97
4322,Peloton Interactive,PTON,US,5.18,-,6.67%,-0.06/-,-,4.65,-,-,-,-,22.04亿,-2480.00万,休闲设备与用品,2.54%,90.38%,-
4323,Praetorian Acquisiti,PTOR,US,9.84,-,0.05%,-0.01/-,-,0,-,-,-,-,3.34亿,-4.92万,资本市场,-,-,-
4324,Pattern Group,PTRN,US,13.5,-,3.70%,-1.36/-,-,1.81,-,-,-,-,23.86亿,-1.57亿,多元化零售,1.32%,31.75%,4.11
4325,PIMCO企业与收入机会,PTY,US,12.13,-,0.50%,0.81/9.99,-,0.25,-,-,NYSE,-,25.71亿,1.52亿,资本市场,0.46%,15.24%,1.04
4326,Pubmatic,PUBM,US,9.62,-,6.28%,-0.31/-,-,5.02,-,-,-,-,4.49亿,-1446.20万,信息技术服务,1.32%,65.40%,1.71
4327,保诚,PUK,US,30.72,-,1.47%,1.54/9.74,"英国保诚集团在1848年创立，当时命名为英国保诚投资信贷保险公司（Prudential Investment, Loan, and Assurance Company)，业务以人寿保险为主。英国保诚保险成立后，业务迅速发展，1890年初，便成为了英国最大的人寿保险公司，为英国人民提供周全的保障，至今仍傲踞榜首。",1.15,-,-,NYSE,-,387.49亿,39.78亿,保险,0.05%,2.68%,1.93
4328,Pulmatrix,PULM,US,1.35,-,2.43%,-1.41/-,-,-3.57,-,-,NASDAQ,-,493.06万,-516.20万,制药,0.15%,8.92%,0.88
4329,ProPetro Holding,PUMP,US,17,-,4.46%,0.01/2530,-,1.01,-,-,NYSE,-,20.84亿,82.40万,能源设备与服务,2.33%,78.86%,2.51
4330,Hyperliquid Strategi,PURR,US,6,-,4.82%,-15.5/-,-,0.5,-,-,-,-,7.44亿,-3.18亿,资本市场,2.84%,26.48%,1.26
4331,PVH,PVH,US,93.64,-,2.74%,0.53/169.6,-,-1.79,-,-,NYSE,-,42.90亿,2530.00万,纺织服装与奢侈品,2.14%,104.47%,0.895
4332,Permianville Royalty,PVL,US,1.82,-,2.21%,0.11/17.08,-,0.55,-,-,-,-,6006.00万,351.61万,石油与天然气,0.54%,9.75%,1.54
4333,Palvella,PVLA,US,123.59,-,4.45%,-3.71/-,-,-2.72,-,-,-,-,17.69亿,-4171.50万,制药,1.12%,69.65%,63.22
4334,Power房地产投资信托,PW,US,0.8,-,8.15%,-0.83/-,-,8.7,-,-,AMEX,-,293.78万,-284.79万,专业房地产投资信托,1.53%,5.80%,-
4335,Perella Weinberg,PWP,US,21.07,-,2.91%,0.55/54.92,-,0.67,-,-,-,-,19.49亿,3547.70万,专业服务,0.98%,96.44%,-
4336,广达,PWR,US,624.84,-,2.68%,6.91/91.17,-,-1.36,-,-,NYSE,-,937.61亿,10.28亿,建筑与工程,0.50%,92.46%,10.49
4337,AP VIII Queso,PXED,US,27.77,-,5.73%,0.73/10.19,-,4.01,-,-,-,-,9.94亿,2623.40万,综合消费者服务,2.32%,85.11%,3.42
4338,美国像素,PXLW,US,6,-,6.75%,-4.22/-,-,6.57,-,-,NASDAQ,-,3816.75万,-2249.90万,半导体产品与设备,1.02%,23.97%,-
4339,Pyxis Tankers,PXS,US,4.38,-,3.70%,0.19/22.47,-,0,-,-,NASDAQ,-,4481.16万,199.40万,海运,0.59%,2.00%,0.471
4340,PolyPid,PYPD,US,4.62,-,3.23%,-2.09/-,-,-0.43,-,-,-,-,8816.45万,-3416.90万,制药,0.56%,15.81%,8.03
4341,Paypal Holdings,PYPL,US,50.48,-,2.07%,5.46/8.68,-,1.47,-,-,-,-,454.16亿,52.33亿,综合金融服务,0.92%,79.21%,2.24
4342,Pyxis Oncology,PYXS,US,1.9,-,14.04%,-1.28/-,-,11.11,-,-,-,-,1.19亿,-7962.10万,制药,1.50%,36.80%,2.24
4343,Paramount Gold,PZG,US,1.64,-,3.27%,-0.11/-,-,-2.38,-,-,AMEX,-,1.37亿,-875.13万,金属与采矿,1.40%,13.07%,4.82
4344,棒约翰,PZZA,US,37.01,http://www.papajohns.com,1.80%,0.9/41.17,棒约翰(PZZA)是世界三大pizza品牌之一。,0.22,-,-,NASDAQ,-,12.17亿,2956.90万,酒店餐饮与休闲,1.58%,105.51%,-
4345,Qnity Electronics,Q,US,144.48,http://www.quintiles.com/,3.74%,3.3/43.73,"昆泰跨国控股公司Quintiles Transnational 通过为制药、生物技术及卫生保健行业提供专业服务、信息咨询和提出合作解决方案等多方位的服务，帮助和促进全球卫生保健事业的发展。 
Quintiles 公司总部位于北卡罗来纳州的 Research Triangle Park 附近，在全球共有大约 16,000 名雇员，在 49 个国家设有办事处，且名列《财富》杂志 1000 强。Quintiles 公司通过三大主要团队运作，即产品开发部、商务服务部和医药生物开发部。",3.1,-,-,NYSE,-,302.60亿,6.92亿,半导体产品与设备,0.76%,73.69%,4.27
4346,D-Wave Quantum,QBTS,US,18.49,-,9.22%,-1.11/-,-,-4.25,-,-,-,-,67.90亿,-3.55亿,软件,6.69%,46.05%,7.97
4347,Q/C Technologies,QCLS,US,3.87,-,8.38%,-8.66/-,-,4.59,-,-,-,-,3039.28万,-1498.44万,软件,4.77%,9.41%,1.24
4348,高通,QCOM,US,148.85,http://www.qualcomm.com,5.94%,2.81/29.6,美国高通公司以其CDMA(码分多址)数字技术为基础，开发并提供富于创意的数字无线通信产品和服务。其主要业务涵盖技术领先的3G芯片组、系统软件以及开发工具和产品，技术许可的授予，BREW应用开发平台等。,11.12,-,858-587-1121,NASDAQ,-,1588.23亿,30.04亿,半导体产品与设备,2.76%,76.92%,6.88
4349,QCR Holdings,QCRH,US,88.39,-,1.95%,7.54/10.82,-,-0.19,-,-,NASDAQ,-,14.58亿,3338.30万,商业银行,0.80%,76.46%,1.3
4350,QuidelOrtho,QDEL,US,11.59,-,4.14%,-16.69/-,-,3.11,-,-,NASDAQ,-,7.89亿,-11.32亿,医疗保健设备,2.59%,121.41%,0.411
4351,Quetta Acquisition,QETA,US,-,-,-,-0.2/-,-,-,-,-,-,-,4309.91万,-78.09万,资本市场,0.00%,38.88%,-
4352,奇富科技,QFIN,US,13.01,-,4.00%,3.22/1.85,-,2.04,-,-,-,-,15.86亿,8.57亿,消费信贷,1.80%,32.31%,0.46
4353,快而精医药,QGEN,US,38.41,-,1.66%,1.96/18.63,-,1.16,-,-,NASDAQ,-,79.15亿,4.25亿,生命科学工具,0.56%,69.36%,2.1
4354,科力斯,QLYS,US,84.34,-,2.93%,5.49/15.01,"科力斯Qualys 立于1999年，总部设在美国加州，是美国漏洞管理技术与合规解决方案商科力斯公司。科力斯公司运用领衔全球的漏洞管理技术与合规解决方案，服务于各大小规模组织，以无设备，无运维，无管理的方式推出漏洞管理，法规遵循方案，并根据用户风险的优先级进行及时漏洞补救。

2012年9月28日，科力斯登陆纳斯达克，发行价12美元，IPO发行800万股，融资1亿美元，承销商为摩根大通和瑞士信贷。",0.36,-,-,NASDAQ,-,29.76亿,1.98亿,软件,1.27%,100.36%,5.3
4355,昆腾,QMCO,US,7.17,-,7.24%,-7.58/-,-,1.85,-,-,-,-,1.05亿,-9150.50万,电脑与外围设备,4.29%,13.21%,-
4356,QMMM Holdings,QMMM,US,-,-,-,-0.08/-,-,-,-,-,-,-,68.30亿,-138.19万,媒体,-,0.40%,1756
4357,Quantum eMotion,QNC,US,2.69,-,6.50%,-0.04/0.0000,-,-2.89,-,-,-,-,-,-769.27万,软件,-,0.04%,0.0000
4358,Quince Therapeutics,QNCX,US,1.36,-,4.41%,-1.68/-,-,0,-,-,-,-,2216.91万,-8397.90万,生物科技,8.33%,12.48%,-
4359,Quoin,QNRX,US,5.7,-,10.12%,-14.8/-,-,-0.52,-,-,-,-,1028.07万,-1580.47万,生物科技,17.26%,1.34%,0.784
4360,QuinStreet,QNST,US,13.03,http://www.quinstreet.com/,4.49%,0.96/11.9,"QuinStreet is a leader in vertical marketing and media on the Internet. We have built a strong set of capabilities to engage Internet visitors with targeted media and to connect our marketing clients with their potential customers online. We focus on serving clients in large, information-intensive industry verticals where relevant, targeted media and offerings help visitors make informed choices, find the products that match their needs, and thus become qualified customer prospects for our clients. Our current primary client verticals are the education and financial services industries. We also have a presence in the home services, business-to-business, or B2B, and healthcare industries.",3.66,-,650-578-7700,NASDAQ,"1051 East Hillsdale Blvd., Suite 800, Foster City, CA, 94404, US",7.43亿,5476.20万,信息技术服务,1.27%,91.39%,2.52
4361,Quantum BioPharma,QNTM,US,3.61,-,14.64%,-8.2/-,-,12.46,-,-,-,-,1403.49万,-2617.53万,制药,7.69%,2.14%,2.03
4362,Nuveen Nasdaq 100,QQQX,US,29.93,-,1.11%,3.75/7.98,-,1.08,-,-,NASDAQ,-,14.61亿,1.83亿,资本市场,0.12%,28.48%,0.968
4363,Quest Resource,QRHC,US,1.14,-,9.57%,-0.73/-,-,-0.87,-,-,-,-,2389.41万,-1538.20万,商业服务与用品,0.33%,36.29%,0.59
4364,Qorvo,QRVO,US,87.8,-,2.93%,3.33/23.9,-,3.72,-,-,NASDAQ,-,81.40亿,3.09亿,半导体产品与设备,1.63%,91.75%,2.2
4365,QuantumScape,QS,US,7.22,-,19.84%,-0.76/-,-,-2.56,-,-,-,-,44.41亿,-1.01亿,电子设备与仪器,13.62%,35.94%,4
4366,Quartzsea,QSEA,US,10.4,-,0.19%,0.05/110.8,-,0,-,-,-,-,1.19亿,52.91万,资本市场,0.02%,68.48%,-
4367,Quantum-Si,QSI,US,0.906,-,7.97%,-0.51/-,-,-3.72,-,-,-,-,1.96亿,-1.01亿,生物科技,4.21%,34.53%,0.89
4368,餐饮品牌国际,QSR,US,80.9,-,1.42%,2.36/36.21,-,-0.41,-,-,NYSE,-,280.95亿,7.76亿,酒店餐饮与休闲,0.96%,86.73%,7.73
4369,QT Imaging,QTI,US,6.465,-,4.22%,-2.01/-,-,-0.84,-,-,-,-,7785.48万,-2108.30万,医疗保健设备,0.14%,0.22%,12.08
4370,Quanterix,QTRX,US,3.28,-,6.33%,-2.51/-,-,3.8,-,-,-,-,1.54亿,-1.07亿,生命科学工具,1.87%,78.04%,0.521
4371,Q32 Bio,QTTB,US,6.22,-,9.72%,2.42/3.05,-,-4.01,-,-,-,-,9099.53万,2982.10万,生物科技,3.57%,51.77%,2.17
4372,Q2 Holdings,QTWO,US,49.46,-,4.78%,0.84/59.35,-,4.1,-,-,NYSE,-,30.87亿,5200.80万,信息技术服务,1.22%,105.49%,4.66
4373,Quad/Graphics,QUAD,US,7.89,-,3.39%,0.57/14.86,-,1.02,-,-,NYSE,-,4.01亿,2700.00万,商业服务与用品,0.57%,55.64%,3.12
4374,Quantum Computing,QUBT,US,8.94,-,7.51%,-0.11/-,-,-1.22,-,-,-,-,20.07亿,-1867.40万,软件,6.62%,43.59%,1.26
4375,Mainz Biomed,QUCY,US,0.508,-,3.92%,-2.7/-,-,-0.39,-,-,-,-,635.78万,-1621.07万,生物科技,0.79%,8.71%,9.96
4376,快辑半导体,QUIK,US,13.08,-,15.24%,-0.91/-,-,10.1,-,-,NASDAQ,-,2.32亿,-1481.60万,半导体产品与设备,8.35%,20.75%,10.32
4377,Quantumsphere,QUMS,US,10.16,-,0.00%,0.06/278.8,-,0.1,-,-,-,-,1.16亿,41.58万,资本市场,0.00%,59.72%,-
4378,uniQure,QURE,US,18.03,-,4.28%,-3.46/-,-,2.79,-,-,NASDAQ,-,11.27亿,-1.99亿,生物科技,1.82%,98.87%,5.67
4379,QXO,QXO,US,20.97,-,5.75%,-0.63/-,-,-5.11,-,-,-,-,148.86亿,-2.79亿,耐用消费品,3.15%,93.17%,1.72
4380,莱德系统,R,US,253.34,-,4.47%,2.36/19.8,-,4.43,-,-,NYSE,-,98.02亿,9300.00万,公路与铁路,1.41%,92.28%,3.43
4381,Brookfield Real,RA,US,12.92,-,0.70%,1.12/11.54,-,0.08,-,-,NYSE,-,7.14亿,6187.90万,资本市场,0.37%,31.51%,0.898
4382,Real Asset,RAAQ,US,10.91,-,1.28%,0.25/59.04,-,-0.09,-,-,-,-,2.51亿,424.99万,资本市场,0.52%,94.16%,-
4383,Rithm Acquisition,RAC,US,10.45,-,0.00%,0.07/40.05,-,0.29,-,-,-,-,3.07亿,217.68万,资本市场,0.00%,91.31%,1.33
4384,法拉利,RACE,US,351.95,-,0.91%,10.53/33.29,-,-0.63,-,-,NYSE,-,623.93亿,18.74亿,汽车,0.27%,34.27%,13.61
4385,Radiopharm,RADX,US,4.51,-,3.49%,-0.01/-,-,-0.33,-,-,-,-,5328.14万,-1798.33万,制药,0.26%,429.50%,1.54
4386,FreightCar America,RAIL,US,8.75,-,3.06%,1.16/4.38,-,-0.96,-,-,NASDAQ,-,1.67亿,3810.40万,机械制造,1.42%,43.36%,-
4387,Rain Enhancement,RAIN,US,2.35,-,0.85%,-1.2/-,-,0,-,-,-,-,1924.38万,-909.14万,水务,0.05%,7.73%,-
4388,Ralliant,RAL,US,44.63,-,3.42%,-10.84/-,-,-1.65,-,-,-,-,49.95亿,-12.22亿,电子设备与仪器,1.03%,101.94%,3.06
4389,LiveRamp,RAMP,US,29.25,-,3.74%,1.16/26.85,-,4.09,-,-,-,-,18.46亿,7504.00万,信息技术服务,0.56%,96.30%,1.92
4390,兰德资本,RAND,US,10.891,-,0.99%,-2.73/-,-,-1.48,-,-,NASDAQ,-,3234.42万,-803.96万,资本市场,0.15%,1.63%,0.62
4391,Range Capital,RANG,US,-,-,-,0.25/42.01,-,-,-,-,-,-,1.70亿,403.55万,资本市场,0.00%,72.32%,813.1
4392,Rani Therapeutics,RANI,US,0.939,-,7.64%,-0.45/-,-,2.51,-,-,-,-,1.16亿,-2967.30万,制药,1.00%,44.89%,3.52
4393,Rapport,RAPP,US,36.56,-,3.75%,-2.86/-,-,0.55,-,-,-,-,17.48亿,-1.11亿,制药,0.78%,106.37%,3.61
4394,Ultragenyx,RARE,US,24.1,-,3.11%,-5.83/-,-,-0.74,-,-,NASDAQ,-,23.69亿,-5.75亿,生物科技,1.66%,98.23%,-
4395,Rave Restaurant,RAVE,US,2.78,-,9.20%,0.09/13.86,-,6.51,-,-,NASDAQ,-,3950.82万,128.20万,酒店餐饮与休闲,1.19%,10.99%,2.87
4396,雷特控股,RAY,US,2.535,-,10.04%,0.32/6.42,-,-0.59,-,-,-,-,690.76万,61.05万,耐用消费品,0.43%,1.72%,0.457
4397,雷亚电子,RAYA,US,3.39,-,6.89%,-0.01/-,-,-2.31,-,-,-,-,333.09万,-51.67万,电气设备,2.46%,0.01%,0.126
4398,RB Global,RBA,US,106.75,-,1.96%,2.06/51.93,-,0.5,-,-,NYSE,-,198.47亿,3.82亿,商业服务与用品,0.75%,95.79%,3.27
4399,RBB,RBB,US,23.63,-,3.38%,1.83/9.85,-,-1.54,-,-,-,-,4.03亿,1130.00万,商业银行,0.48%,52.36%,0.76
4400,Ribbon,RBBN,US,2.78,-,3.87%,0.22/12.31,-,2.58,-,-,-,-,4.88亿,3963.60万,信息技术服务,0.67%,73.89%,1.09
4401,RBC轴承,RBC,US,589.51,-,2.57%,6.23/69.4,-,-1.98,-,-,NYSE,-,186.40亿,1.96亿,机械制造,0.49%,95.86%,5.72
4402,Republic Bancorp,RBCAA,US,73.39,-,5.17%,6.74/10.96,-,-4.47,-,-,NASDAQ,-,14.40亿,4256.90万,商业银行,1.21%,29.47%,1.27
4403,Rhinebeck Bancorp,RBKB,US,16.49,-,6.29%,0.93/18.44,-,4.7,-,-,-,-,1.84亿,221.60万,资本市场,0.06%,19.64%,1.33
4404,Roblox,RBLX,US,56.09,-,6.44%,-1.54/-,-,1.15,-,-,-,-,401.49亿,-10.65亿,软件,1.95%,81.20%,101.8
4405,Robin,RBNE,US,1.91,-,4.36%,-0.3/-,-,-6.37,-,-,-,-,1446.28万,-40.35万,石油与天然气,2.54%,3.77%,0.475
4406,Rubrik,RBRK,US,52.28,-,4.91%,-1.78/-,-,2.45,-,-,-,-,107.60亿,-3.49亿,信息技术服务,1.78%,73.32%,-
4407,Ready Capital,RC,US,1.86,-,5.25%,-1.44/-,-,2.76,-,-,-,-,3.03亿,-2.37亿,房地产管理和开发Ⅲ,0.65%,59.63%,0.211
4408,Red Cat Holdings,RCAT,US,11.8,-,6.94%,-0.73/-,-,-5.9,-,-,-,-,14.29亿,-7207.50万,航空航天与国防,11.75%,38.29%,5.82
4409,AVITA Medical,RCEL,US,4.46,-,7.62%,-1.74/-,-,3,-,-,-,-,1.37亿,-4858.70万,制药,0.56%,15.69%,-
4410,Renn Fund,RCG,US,2.89,-,1.70%,0.11/25.54,-,-1.67,-,-,AMEX,-,2027.56万,79.39万,资本市场,0.14%,17.32%,1.02
4411,罗杰斯通信,RCI,US,36.06,-,3.57%,0.58/3.83,-,-3.45,-,-,NYSE,-,194.81亿,3.14亿,无线电信业务,0.39%,59.73%,1.5
4412,Rocket,RCKT,US,3.52,-,6.52%,-2.01/-,-,-4.35,-,-,-,-,3.84亿,-2.23亿,生物科技,1.83%,83.97%,1.39
4413,Rocky Brands,RCKY,US,42.76,-,2.86%,2.98/14.47,-,-1.24,-,-,NASDAQ,-,3.22亿,2227.40万,纺织服装与奢侈品,0.55%,69.02%,1.28
4414,皇家加勒比邮轮,RCL,US,265.84,http://www.royalcaribbean.co.uk/,3.21%,15.75/16.7,皇家加勒比邮轮（Royal Caribbean Cruises Ltd NYSE：RCL)总部位于美国迈阿密，是全球第二大邮轮运营商。,2.08,-,-,NYSE,-,712.96亿,42.68亿,酒店餐饮与休闲,0.69%,82.33%,7.1
4415,RCM Technologies,RCMT,US,31.62,-,6.18%,2.19/13.6,-,2.26,-,-,NASDAQ,-,2.22亿,1633.40万,专业服务,1.23%,41.84%,4.83
4416,研控科技,RCON,US,1,http://www.recon.cn,3.03%,-0.09/-,"研控科技（集团）有限公司（NASDAQ:RCON），总部设在中国北京，是中国石油服务业的业界领航者之一。现有员工300余人，其中研发人员占到公司企业员工的1/3。业务覆盖石油服务行业上、中、下游。服务涉及石油勘探，开采，加工等相关领域的设备、工具、仪器仪表的研究设计与开发；自动化产品的研发、生产和销售。集团由三家公司组成，分别为南京研控科技有限公司、山东济宁埃尼能源技术有限公司、北京百恒达石油技术有限公司。公司相继研制出了以：RSCADA、注水系统、加热炉、多效成封器、声波管道系统为主的各种油田服务系统及硬件产品，产品技术领先，并且深受用户好评.
2009年的7月30日研控科技成功挂牌美国纳斯达克股票市场",1.01,S1/F1,（86-10）84945799/84945793,NASDAQ,中国北京市朝阳区拂林路9号景龙国际C座1902,9062.74万,-83.27万,能源设备与服务,0.02%,0.12%,1.36
4417,Pimco Strategic Inco,RCS,US,5.36,-,1.86%,0.4/7.11,-,-0.37,-,-,NYSE,-,2.50亿,1874.40万,资本市场,0.24%,12.52%,1.13
4418,RedCloud Holdings,RCT,US,0.74,-,6.18%,-0.74/-,-,1.65,-,-,-,-,4093.56万,-2654.50万,软件,1.08%,3.31%,-
4419,Arcus Biosciences,RCUS,US,25.5,-,5.29%,-3.29/-,-,1.47,-,-,-,-,32.04亿,-3.53亿,生物科技,0.89%,97.33%,5.08
4420,龙腾收购,RDAC,US,5.95,-,5.12%,0.09/22.5,-,5.12,-,-,-,-,3540.86万,157.40万,资本市场,0.02%,64.36%,0.84
4421,Republic Digital,RDAG,US,10.25,-,0.05%,0.27/49.8,-,-0.05,-,-,-,-,3.84亿,771.87万,资本市场,0.87%,91.55%,-
4422,RADCOM,RDCM,US,15.77,-,4.94%,0.74/22.01,-,2.54,-,-,NASDAQ,-,2.64亿,1199.10万,通信设备,4.29%,50.82%,2.31
4423,Reddit,RDDT,US,154.89,-,2.86%,2.84/56.27,-,1.26,-,-,-,-,298.06亿,5.30亿,软件,2.41%,90.63%,10.18
4424,瑞捷科技,RDGT,US,1.84,-,14.61%,-0.01/0.133,-,3.37,-,-,-,-,165.40万,-6.02万,食品与日用品零售,19.89%,0.01%,0.056
4425,Redhill Biopharma,RDHL,US,1.025,-,5.83%,0.0000/-,-,-0.49,-,-,NASDAQ,-,524.07万,-413.30万,制药,1.82%,0.00%,-
4426,Reading A,RDI,US,1.16,-,7.89%,-0.62/-,-,1.75,-,-,NASDAQ,-,2635.20万,-1414.00万,娱乐,0.06%,41.29%,-
4427,Reading B,RDIB,US,9.48,-,0.00%,-0.62/-,-,-0.32,-,-,NASDAQ,-,2.15亿,-1414.00万,娱乐,0.06%,11.76%,-
4428,Radian Group,RDN,US,35.6,http://www.radian.biz/page?name=Investors,2.22%,4.18/8.24,"Radian Group Inc. (NYSE: RDN), headquartered in Philadelphia, provides private mortgage insurance and related risk management products and services to mortgage lenders nationwide through its principal operating subsidiary, Radian Guaranty Inc. These services help promote and preserve homeownership opportunities for homebuyers, while protecting lenders from default related losses on residential first mortgages and facilitating the sale of low-downpayment mortgages in the secondary market.",-1.03,-,-,NYSE,-,48.00亿,5.83亿,综合金融服务,0.58%,92.95%,1
4429,RadNet,RDNT,US,57.63,http://www.radnet.com/,4.36%,-0.25/-,"RadNet, Inc. provides outpatient diagnostic imaging services in the United States. The company offers various imaging services, including magnetic resonance imaging, computed tomography, positron emission tomography, nuclear medicine, mammography, ultrasound, diagnostic radiology (X-ray), fluoroscopy, and other related procedures. It also provides teleradiology services for remote interpretation of images on behalf of radiology groups, hospitals, and imaging center customers. In addition, the company develops and sells computerized systems for the imaging industry, including picture archiving communications and radiology information systems, and related workflow solutions for hospitals, teleradiology businesses, imaging centers and specialty physician groups to distribute, visualize, store, and retrieve digital images taken from various diagnostic imaging modalities. As of December 31, 2012, it operated directly or indirectly through joint ventures, 246 centers located in California, Maryland, Florida, Delaware, New Jersey, Rhode Island, and New York. The company was founded in 1985 and is headquartered in Los Angeles, California.",2.11,-,-,NASDAQ,-,45.11亿,-1865.20万,医疗保健设备,0.55%,97.92%,4.14
4430,RideNow,RDNW,US,6.84,-,4.82%,-1.38/-,-,0,-,-,-,-,2.63亿,-5240.00万,专营零售,0.23%,43.62%,-
4431,Red Violet,RDVT,US,38.53,-,2.66%,0.94/41.34,-,1.16,-,-,-,-,5.44亿,1315.40万,软件,0.56%,68.92%,5.39
4432,Redwire,RDW,US,9.68,-,7.57%,-2.28/-,-,-3.59,-,-,-,-,19.26亿,-2.72亿,航空航天与国防,17.12%,70.94%,1.82
4433,Radware,RDWR,US,26.16,-,2.30%,0.47/54.35,-,2.07,-,-,NASDAQ,-,11.01亿,2025.70万,信息技术服务,0.35%,76.16%,3.15
4434,如瑞迪博士,RDY,US,13.67,-,1.91%,0.54/18.11,-,0.66,-,-,NYSE,-,114.09亿,4.52亿,制药,0.32%,13.32%,2.75
4435,Roadzen,RDZN,US,1.34,-,13.48%,-0.2/-,-,-4.96,-,-,-,-,1.07亿,-1526.23万,保险,0.37%,2.63%,-
4436,The RealReal,REAL,US,12.28,-,4.38%,-0.36/-,-,-2.07,-,-,-,-,14.61亿,-4179.90万,多元化零售,2.26%,98.33%,-
4437,The Real Brokerage,REAX,US,2.68,-,3.83%,-0.04/-,-,2.68,-,-,-,-,5.69亿,-810.50万,房地产管理和开发Ⅲ,0.55%,43.39%,11.03
4438,Reborn Coffee,REBN,US,2.54,-,6.03%,-1.73/-,-,6.28,-,-,-,-,2086.22万,-914.12万,食品与日用品零售,1.41%,1.56%,4.63
4439,大徳,RECT,US,1.44,-,16.30%,0.14/7.17,-,6.67,-,-,-,-,2088.00万,204.16万,机械制造,3.21%,0.23%,0.994
4440,REE Automotive,REE,US,0.57,-,2.54%,-0.81/-,-,-3.39,-,-,-,-,1791.89万,-2431.40万,汽车,0.08%,21.50%,0.498
4441,Reeds饮料,REED,US,3.94,-,5.87%,-1.91/-,-,5.07,-,-,AMEX,-,4657.25万,-1584.70万,饮料,0.05%,5.43%,5.14
4442,Chicago Atlantic,REFI,US,12.15,-,3.07%,1.71/7.16,-,2.1,-,-,-,-,2.58亿,3601.05万,抵押型REITs,0.68%,31.34%,0.837
4443,Research Frontiers,REFR,US,0.96,-,9.00%,-0.06/-,-,-4,-,-,NASDAQ,-,3335.83万,-204.56万,电子设备与仪器,0.10%,11.36%,35.56
4444,Regency Centers,REG,US,80.19,-,1.28%,2.82/28.57,-,-0.68,-,-,NYSE,-,146.81亿,5.14亿,零售房地产投资信托,0.56%,101.16%,2.2
4445,再生元制药,REGN,US,751.57,http://www.regeneron.com,3.30%,43.07/17.64,Regeneron Pharmaceuticals Inc (NASDAQ：REGN)是美国一家制药公司。,-1.89,-,-,NASDAQ,-,794.56亿,45.05亿,生物科技,0.80%,86.09%,2.54
4446,Ring Energy,REI,US,1.52,-,3.27%,-0.17/-,-,-0.65,-,-,AMEX,-,3.18亿,-3473.12万,石油与天然气,1.11%,29.30%,0.381
4447,Rekor Systems,REKR,US,0.869,-,5.69%,-0.26/-,-,2.96,-,-,-,-,1.19亿,-3146.00万,商业服务与用品,1.16%,33.08%,2.77
4448,理查森电子,RELL,US,14.44,-,5.69%,0.19/55.96,-,2.12,-,-,NASDAQ,-,2.10亿,268.10万,电子设备与仪器,0.95%,64.01%,1.31
4449,RELX,RELX,US,36.53,-,1.44%,1.51/23.49,-,1.11,-,-,NYSE,-,652.34亿,27.77亿,信息技术服务,0.16%,4.63%,20.5
4450,Remitly Global,RELY,US,21.08,-,4.33%,0.33/65.37,-,3.03,-,-,NASDAQ,-,44.41亿,6793.30万,信息技术服务,1.29%,82.67%,5.11
4451,Rent the Runway,RENT,US,4.94,-,4.37%,1.89/7.3,-,2.7,-,-,-,-,1.65亿,2260.00万,多元化零售,0.56%,7.61%,-
4452,RenX Enterprises,RENX,US,2.73,-,8.86%,-83.99/-,-,0.74,-,-,NYSE,-,684.56万,-1958.83万,商业服务与用品,21.64%,0.34%,1.56
4453,Replimune Group,REPL,US,2.42,-,14.39%,-2.62/-,-,-15.09,-,-,-,-,2.00亿,-2.41亿,生物科技,11.63%,96.22%,0.949
4454,Riley Exploration,REPX,US,35.3,-,3.56%,7.61/4.76,-,-2.46,-,-,-,-,7.66亿,1.61亿,石油与天然气,2.31%,63.14%,1.21
4455,万物新生,RERE,US,4.78,-,4.71%,0.3/21.79,-,2.36,-,-,-,-,10.48亿,4808.85万,多元化零售,0.61%,64.43%,1.84
4456,RPC,RES,US,8,-,5.97%,0.15/55.27,-,3.9,-,-,NYSE,-,17.73亿,3208.00万,能源设备与服务,2.54%,40.20%,1.61
4457,瑞图生态,RETO,US,0.679,-,12.94%,-0.7/-,-,-1.31,-,-,-,-,815.70万,-138.09万,建筑材料,3.70%,0.02%,0.269
4458,Revelation,REVB,US,1.17,-,2.59%,-23.95/-,-,0.86,-,-,-,-,435.29万,-1486.52万,生物科技,0.81%,7.70%,0.491
4459,Rex American,REX,US,46.74,-,2.50%,2.5/18.56,-,0.41,-,-,NYSE,-,15.40亿,8295.10万,石油与天然气,0.51%,79.52%,2.52
4460,雷克斯工业房地产,REXR,US,35.47,-,6.67%,0.38/36.54,-,-2.37,-,-,NYSE,-,80.26亿,8786.50万,工业房地产投资信托,2.59%,107.96%,0.991
4461,Reynolds Consumer,REYN,US,21.06,-,2.35%,1.43/14.74,-,0.86,-,-,-,-,44.38亿,3.01亿,耐用消费品,2.22%,29.89%,1.97
4462,Resideo Technologies,REZI,US,41.04,-,2.56%,-3.77/-,-,1.01,-,-,-,-,62.14亿,-5.62亿,专业服务,1.04%,97.60%,2.55
4463,地区金融,RF,US,27.76,-,2.41%,0.63/11.1,-,-2.25,-,-,NYSE,-,237.07亿,5.39亿,商业银行,0.85%,88.49%,1.36
4464,RF Acquisition II,RFAI,US,10.97,-,0.00%,0.24/27.18,-,0.46,-,-,-,-,9153.11万,336.73万,资本市场,0.00%,54.29%,-
4465,RF Acquisition III,RFAM,US,9.845,-,0.00%,-0.01/-,-,-0.56,-,-,-,-,1.37亿,-5.30万,资本市场,0.00%,0.36%,298.3
4466,Cohen & Steers Total,RFI,US,11.5,-,0.96%,0.43/27.05,-,0.09,-,-,NYSE,-,3.08亿,1137.03万,资本市场,0.27%,19.17%,1.04
4467,RF Industries,RFIL,US,14.77,-,6.81%,0.0000/589.4,-,2.57,-,-,NASDAQ,-,1.60亿,-5.00万,电子设备与仪器,1.32%,37.44%,4.49
4468,Rafael Holdings,RFL,US,1.23,-,9.23%,-0.32/-,-,-5.38,-,-,-,-,6397.49万,-1623.30万,制药,0.24%,7.73%,0.808
4469,RiverNorth Flexible,RFM,US,14.29,-,1.12%,0.95/173.6,-,0.2,-,-,-,-,8737.90万,582.43万,资本市场,0.12%,16.82%,0.908
4470,RiverNorth II,RFMZ,US,12.99,-,0.39%,0.88/198.5,-,0.39,-,-,-,-,3.16亿,2148.45万,资本市场,0.13%,29.99%,0.905
4471,美国再保险集团,RGA,US,209.07,-,1.79%,17.94/11.59,-,-0.24,-,-,NYSE,-,136.96亿,11.82亿,保险,0.44%,96.63%,1.02
4472,脑再生科技,RGC,US,27.49,-,6.62%,-0.01/-,-,-2.9,-,-,NYSE,-,135.94亿,-358.42万,制药,0.11%,0.11%,2749
4473,RGC Resources,RGCO,US,22.08,-,3.04%,0.48/17.8,-,-2.65,-,-,NASDAQ,-,2.30亿,488.29万,燃气,0.09%,41.24%,1.97
4474,Repligen,RGEN,US,117.6,-,6.02%,0.87/135.7,-,3.1,-,-,NASDAQ,-,66.33亿,4889.40万,生物科技,2.32%,114.01%,3.15
4475,皇家黄金,RGLD,US,252.36,-,1.89%,6.7/45.92,-,0.44,-,-,NASDAQ,-,214.10亿,4.66亿,金属与采矿,1.24%,84.21%,2.99
4476,Regentis,RGNT,US,3.09,-,14.61%,-24.16/-,-,0.32,-,-,-,-,1600.43万,-1364.80万,医疗保健设备,0.12%,5.62%,3.37
4477,Regenxbio,RGNX,US,8.76,-,5.04%,-3.76/-,-,-2.56,-,-,NASDAQ,-,4.52亿,-1.94亿,生物科技,1.64%,79.12%,4.4
4478,Resources Connection,RGP,US,4.04,-,5.38%,-0.74/-,-,3.59,-,-,-,-,1.39亿,-2453.30万,专业服务,0.99%,73.52%,0.743
4479,斯特姆-鲁格,RGR,US,42.47,http://www.ruger.com/,1.91%,-0.27/-,斯特姆-鲁格是美国最大的枪械制造商之一。,0.33,-,-,NYSE,-,6.77亿,-439.10万,休闲设备与用品,0.69%,60.12%,2.39
4480,Regis,RGS,US,27.499,http://www.regiscorp.com/,1.35%,0.74/0.58,Regis是一家美发店运营商，截至2011年底，在全球范围内拥有、特许经营或持有股份的美发沙龙数量约为12800家,1.51,-,-,NYSE,-,6871.39万,181.20万,综合消费者服务,0.16%,38.50%,0.364
4481,Royce Global,RGT,US,14.49,-,0.76%,2.9/5,-,0.77,-,-,NYSE,-,9446.05万,1888.53万,资本市场,0.29%,27.44%,0.944
4482,Rigetti Computing,RGTI,US,16.61,-,6.23%,-0.7/-,-,-1.48,-,-,-,-,55.17亿,-2.16亿,信息技术服务,6.03%,48.51%,10.1
4483,RH,RH,US,137.51,-,3.59%,6.65/20.75,"高档家居用品零售商Restoration Hardware控股公司2012年11月2日登纽交所，发行价24美元，本次IPO融资1.24亿美元。美银美林、高盛为本次IPO主承销商。
Restoration Hardware目前在美国和加拿大拥有83家连锁店。",-0.42,-,-,NYSE,-,25.90亿,1.25亿,专营零售,4.84%,93.42%,42.74
4484,罗致恒富,RHI,US,25.61,-,10.90%,0.14/20.24,-,-5.85,-,-,NYSE,-,26.20亿,1379.00万,专业服务,7.20%,111.03%,2.05
4485,Resolute Holdings,RHLD,US,138.46,-,5.54%,-0.69/-,-,-3.3,-,-,-,-,11.73亿,-592.30万,综合金融服务,4.23%,46.85%,179.8
4486,Ryman Hospitality,RHP,US,102.21,-,2.96%,3.94/26.5,-,1.61,-,-,NYSE,-,64.50亿,2.43亿,权益型REITs,0.86%,104.66%,5.5
4487,Ribbon Acquisition,RIBB,US,10.6,-,0.19%,0.11/73.62,-,0.86,-,-,-,-,5081.05万,69.02万,资本市场,1.53%,101.18%,1.03
4488,RCI Hospitality,RICK,US,25.99,-,3.50%,1.23/18.54,-,1.13,-,-,NASDAQ,-,2.00亿,1081.10万,酒店餐饮与休闲,0.40%,48.72%,0.767
4489,Transocean,RIG,US,6.11,-,2.72%,-3.04/-,-,0.83,-,-,NYSE,-,67.62亿,-29.15亿,能源设备与服务,3.45%,71.16%,0.834
4490,里格尔制药,RIGL,US,30.29,-,3.84%,20.4/1.53,-,-1.4,-,-,NASDAQ,-,5.60亿,3.67亿,制药,1.71%,90.30%,1.43
4491,BRC Group Holdings,RILY,US,7.64,-,3.12%,9.8/0.897,-,-0.78,-,-,NASDAQ,-,2.69亿,2.99亿,资本市场,1.49%,17.09%,-
4492,Algorhythm Holdings,RIME,US,1.02,-,3.92%,-6.41/-,-,0,-,-,-,-,1494.47万,-1587.10万,软件,2.57%,0.48%,-
4493,力拓,RIO,US,99.61,http://www.riotinto.com,1.36%,6.14/12.54,力拓集团（Rio Tinto Group），成立于1873年的西班牙，现总部在英国。1954年，公司出售了大部分西班牙业务。1962年至1997年，该公司兼并了数家全球有影响力的矿业公司，并在2000年成功收购了澳大利亚北方矿业公司，成为在勘探、开采和加工矿产资源方面的全球佼佼者，被称为铁矿石三巨头之一。,0.77,-,44-20-77812000,NYSE,-,1250.06亿,99.66亿,金属与采矿,0.12%,10.33%,2.01
4494,Riot Platforms,RIOT,US,18.61,-,4.42%,-1.95/-,-,2.2,-,-,-,-,70.56亿,-6.63亿,软件,5.96%,70.50%,2.47
4495,Rithm Capital,RITM,US,10.13,-,1.28%,1.05/9.97,-,0.1,-,-,-,-,56.56亿,5.67亿,抵押型REITs,0.74%,51.02%,0.803
4496,域塔物流科技,RITR,US,0.486,-,7.01%,-0.09/-,-,-2.61,-,-,-,-,3034.77万,-513.04万,房地产管理和开发Ⅲ,0.21%,0.64%,1.45
4497,RiverNorth机会基金,RIV,US,11.67,-,1.45%,1.06/5.54,-,-0.34,-,-,NYSE,-,2.51亿,2287.70万,资本市场,0.17%,47.78%,0.731
4498,Rivian Automotive,RIVN,US,16.52,-,4.78%,-3.07/-,-,-2.54,-,-,-,-,205.01亿,-36.46亿,汽车,2.91%,57.54%,4.49
4499,Republic Airways,RJET,US,18.15,-,7.28%,1.9/11.15,-,0.17,-,-,-,-,8.50亿,7620.00万,航空公司,0.81%,72.90%,0.64
4500,瑞杰金融,RJF,US,153.42,-,1.79%,5.61/13.94,-,0.01,-,-,NYSE,-,298.56亿,11.04亿,资本市场,0.72%,77.89%,2.39
4501,阿凯迪亚生物科学,RKDA,US,1.07,-,8.49%,-1.71/-,-,0.94,-,-,-,-,220.09万,-233.90万,食品,0.26%,1.96%,0.532
4502,Rocket Lab,RKLB,US,79.68,-,8.66%,-0.37/-,-,-5.82,-,-,-,-,458.77亿,-1.98亿,航空航天与国防,3.90%,47.75%,26.64
4503,Rocket Companies,RKT,US,15.6,-,3.80%,-0.05/-,-,2.09,-,-,-,-,439.89亿,-6800.00万,抵押型REITs,1.64%,84.93%,1.92
4504,拉夫劳伦,RL,US,371.24,http://www.RalphLauren.com,1.54%,12.93/24.47,"拉夫·劳伦是有着浓浓美国气息的高品味时装品牌，款式高度风格产品化是拉夫·劳伦旗下的两个著名品牌""LaurenRalphLauren”（拉夫·劳伦女装）和""PoloRalphLauren”（拉夫·劳伦马球男装）的共同特点。除时装外，拉夫·劳伦（RalphLauren）品牌还包括香水、童装、家居等产品。拉夫·劳伦（RalphLauren）的主要消费阶层是中等或以上收入的消费者和社会名流。",0.03,-,-,NYSE,-,224.74亿,7.89亿,纺织服装与奢侈品,0.96%,98.89%,7.78
4505,Relay Therapeutics,RLAY,US,15.13,-,4.77%,-1.61/-,-,0.27,-,-,-,-,27.04亿,-2.76亿,生物科技,1.48%,96.28%,4.77
4506,Radiant Logistics,RLGT,US,8.42,-,4.03%,0.14/28.07,-,-0.12,-,-,AMEX,-,3.94亿,659.80万,公路与铁路,0.44%,53.45%,1.71
4507,RLI保险,RLI,US,52.81,-,3.31%,0.6/12.29,-,-3.88,-,-,NYSE,-,48.55亿,5488.50万,保险,1.51%,84.27%,2.7
4508,RLJ Lodging,RLJ,US,7.97,-,1.89%,0.01/356.7,-,0.25,-,-,NYSE,-,12.11亿,339.40万,酒店和度假村房地产投资信托,0.84%,87.27%,0.672
4509,Relmada Therapeutics,RLMD,US,7.21,-,4.00%,-1.45/-,-,-0.55,-,-,-,-,7.56亿,-5738.52万,制药,0.74%,48.58%,8.74
4510,Cohen & Steers Real,RLTY,US,15.45,-,0.97%,1.08/14.35,-,0.06,-,-,-,-,2.58亿,1800.47万,资本市场,0.24%,22.48%,0.982
4511,雾芯科技,RLX,US,2.24,-,3.14%,0.1/20.77,-,1.82,-,-,-,-,27.38亿,1.32亿,烟草,0.23%,19.68%,1.22
4512,Rallybio,RLYB,US,8.63,-,3.29%,-1.59/-,-,1.53,-,-,-,-,4564.99万,-897.80万,生命科学工具,1.03%,83.89%,0.788
4513,Regional Management,RM,US,39.15,-,3.72%,4.71/8.22,-,1.03,-,-,NYSE,-,3.65亿,4441.20万,商业银行,0.82%,89.58%,0.979
4514,RE/MAX Holdings,RMAX,US,7.99,-,24.01%,0.41/19.74,-,21.8,-,-,NYSE,-,1.61亿,815.30万,房地产管理和开发Ⅲ,9.14%,77.80%,0.356
4515,Richmond Mutual,RMBI,US,14.92,-,1.95%,1.2/12.64,-,0.47,-,-,-,-,1.57亿,278.50万,商业银行,0.63%,20.99%,1.08
4516,Rambus,RMBS,US,158.4,-,10.54%,2.14/74.34,Rambus Inc (NASDAQ：RMBS)是一家领先的半导体供应商，其内存技术应用于Intel主存平台；三星、NEC、东芝、日立等厂商也都采用了其内存技术。,14.37,-,-,NASDAQ,-,171.32亿,2.30亿,半导体产品与设备,4.21%,92.61%,12.56
4517,洛矶山巧克力工厂,RMCF,US,2.3,-,4.61%,-0.15/-,-,5.99,-,-,NASDAQ,-,2146.55万,-114.10万,食品,0.24%,31.51%,3.57
4518,Royalty Management,RMCO,US,2.77,-,7.82%,-0.05/-,-,0.73,-,-,-,-,4196.47万,-72.69万,专业服务,0.12%,11.27%,3.66
4519,瑞思迈,RMD,US,219.85,-,1.47%,5.08/21.55,-,0.15,-,-,NYSE,-,320.27亿,7.41亿,医疗保健设备,0.55%,66.59%,5.07
4520,RiverNorth,RMI,US,15.22,-,1.18%,0.97/125.1,-,-0.33,-,-,-,-,9702.05万,617.80万,资本市场,0.02%,22.12%,0.959
4521,Suncrete,RMIX,US,15.08,-,5.13%,-/-,-,-2.14,-,-,PINK,-,10.65亿,-146.98万,建筑材料,0.92%,-,-
4522,RiverNorth市政收入,RMM,US,14.18,-,1.05%,0.94/297.3,-,-0.35,-,-,LON,-,2.80亿,1853.15万,资本市场,0.13%,16.77%,0.938
4523,RiverNorth Managed,RMMZ,US,14.765,-,1.12%,0.94/206.7,-,-0.1,-,-,-,-,1.25亿,795.79万,资本市场,0.04%,14.57%,0.928
4524,Rimini Street,RMNI,US,3.47,-,2.01%,0.4/8.57,-,-0.29,-,-,-,-,3.18亿,3709.80万,软件,0.67%,67.34%,-
4525,The RMR Group,RMR,US,16.96,-,2.93%,0.71/23.23,-,1.37,-,-,NASDAQ,-,5.44亿,1219.00万,权益型REITs,1.25%,78.37%,2.34
4526,Real Messenger,RMSG,US,1.84,-,16.15%,-0.25/-,-,-5.64,-,-,-,-,1761.12万,-238.39万,信息技术服务,73.67%,0.76%,15.86
4527,Royce Micro-Cap Trus,RMT,US,13.28,-,1.59%,1.64/8.09,-,0.84,-,-,NYSE,-,7.10亿,8775.59万,资本市场,0.20%,37.20%,1.13
4528,罗克韦尔医药,RMTI,US,0.873,-,6.19%,-0.15/-,-,1.99,-,-,NASDAQ,-,3440.08万,-531.40万,制药,0.55%,8.96%,0.931
4529,Atrium Therapeutics,RNA,US,13.49,-,2.31%,-4.97/-,-,-2.6,-,-,-,-,2.09亿,-4950.10万,生物科技,0.13%,82.39%,-
4530,Cartesian Therapeuti,RNAC,US,6.75,-,5.88%,-5.02/-,-,-3.16,-,-,-,-,1.79亿,-1.30亿,生物科技,1.24%,19.16%,-
4531,TransCode,RNAZ,US,8.52,-,2.08%,-52.59/-,-,-1.73,-,-,-,-,781.26万,-3627.13万,生物科技,0.15%,0.39%,0.756
4532,RingCentral,RNG,US,40.9,-,6.63%,0.48/79.25,"RingCentral provides cloud computing based phone systems, designed to help small businesses manage mobile, fax, and email communications. Its products include RingCentral Office, RingCentral Mobile, and RingCentral Fax.",5.88,-,-,NYSE,-,34.39亿,4339.10万,通信设备,1.71%,111.54%,-
4533,Ranger Energy,RNGR,US,18.32,-,3.30%,0.55/35.61,-,-0.22,-,-,-,-,4.38亿,1230.00万,能源设备与服务,2.30%,64.55%,1.46
4534,Range Capital II,RNGT,US,10.04,-,0.00%,0.12/171.2,-,0.3,-,-,-,-,3.15亿,183.68万,资本市场,-,67.29%,-
4535,Cohen & Steers Reit,RNP,US,20.68,-,1.02%,1.2/17.32,-,0.1,-,-,NYSE,-,9.93亿,5730.30万,资本市场,0.16%,20.54%,1
4536,Renaissancere,RNR,US,309.38,-,1.53%,56.23/5.06,-,-1.3,-,-,NYSE,-,133.82亿,26.47亿,保险,0.66%,100.75%,1.23
4537,Renasant,RNST,US,39.35,-,2.73%,2.09/20.15,-,-1.58,-,-,NASDAQ,-,36.52亿,1.81亿,商业银行,0.61%,87.03%,0.94
4538,Rein Therapeutics,RNTX,US,1.66,-,10.87%,-1.96/-,-,-9.78,-,-,-,-,4654.48万,-4987.10万,制药,0.48%,37.72%,-
4539,ReNew Energy Global,RNW,US,5.2,-,2.41%,0.29/13.35,-,0.39,-,-,-,-,18.94亿,1.07亿,独立电力生产商,0.22%,63.05%,1.38
4540,RenovoRx,RNXT,US,0.857,-,8.11%,-0.32/-,-,-4.78,-,-,-,-,3861.02万,-1116.80万,制药,0.73%,14.56%,7.14
4541,Construction,ROAD,US,120.17,-,3.95%,0.31/55.65,-,-1.28,-,-,-,-,67.91亿,1720.50万,建筑与工程,0.78%,98.61%,7.01
4542,Rank One Computing,ROC,US,6.59,-,20.65%,-0.18/-,-,13.43,-,-,-,-,1.26亿,-267.68万,软件,1.64%,0.96%,-
4543,Gibraltar Industries,ROCK,US,39.57,-,2.66%,-1.48/-,-,-0.78,-,-,NASDAQ,-,11.74亿,-4438.80万,建筑产品,1.06%,99.62%,1.23
4544,罗杰斯,ROG,US,131.46,-,4.90%,-3.4/-,-,2.37,-,-,NYSE,-,23.45亿,-6180.00万,电子设备与仪器,0.98%,102.95%,1.96
4545,Roivant Sciences,ROIV,US,27.41,-,4.47%,-0.88/-,-,-2.59,-,-,-,-,196.17亿,-6.03亿,生物科技,1.15%,71.27%,4.6
4546,罗克韦尔自动化,ROK,US,401.18,http://www.rockwellautomation.com/,2.36%,2.71/45.53,罗克韦尔(ROK)是全球领先的工业自动化解决方案供应商。公司旗下有两个业务部门：控制系统部、动力系统部。罗克韦尔所有产品50多万种，包括：可编程控制器、电源装置、传感器、操作员界面、运动控制产品、通信产品、软件、培训、客户支持、应用系统、质量管理、技术支持服务、旋转设备(电机、机械动力)、交流变频器、直流调速器、企业资产管理和过程解决方案。,-1.89,-,(414) 382-2000,NYSE,-,450.76亿,3.05亿,电气设备,0.79%,84.77%,12.03
4547,Roku,ROKU,US,115.22,-,2.86%,0.6/192.2,-,0.23,-,-,-,-,169.87亿,8836.10万,媒体,1.72%,85.29%,6.39
4548,Rollins,ROL,US,56.6,-,1.88%,0.22/51.49,-,-0.68,-,-,NYSE,-,272.51亿,1.08亿,商业服务与用品,0.81%,57.48%,19.72
4549,High Roller,ROLR,US,9.38,-,16.97%,0.37/32.32,-,1.63,-,-,-,-,1.02亿,316.10万,酒店餐饮与休闲,30.87%,0.61%,10.6
4550,罗马绿色金融,ROMA,US,6.11,-,18.03%,-0.05/-,-,8.53,-,-,-,-,3.64亿,-225.54万,专业服务,0.13%,0.16%,33.39
4551,Root,ROOT,US,57.68,-,10.42%,2.49/23.43,-,6.89,-,-,-,-,8.97亿,3830.00万,保险,2.62%,73.05%,3.16
4552,儒博实业,ROP,US,353.4,-,4.29%,4.88/21.11,-,-2.85,-,-,NYSE,-,361.88亿,5.09亿,工业集团企业,1.32%,96.67%,1.92
4553,罗斯百货,ROST,US,226.37,http://www.rossstores.com,1.24%,6.66/34,罗斯百货是美国知名服饰零售商。,-0.24,-,-,NASDAQ,-,729.25亿,21.45亿,专营零售,0.33%,91.17%,11.79
4554,Repay Holdings,RPAY,US,3.66,-,9.95%,-3/-,-,-8.96,-,-,-,-,3.14亿,-2.57亿,软件,2.44%,89.81%,0.649
4555,Ridgepost Capital,RPC,US,7.71,-,3.50%,0.18/43.29,-,0,-,-,-,-,8.44亿,1950.10万,资本市场,1.01%,64.58%,2.4
4556,Rapid7,RPD,US,5.95,-,4.67%,0.36/16.99,-,2.94,-,-,NASDAQ,-,3.97亿,2338.10万,专业服务,3.26%,97.12%,2.57
4557,Republic Power Group,RPGL,US,0.708,-,39.91%,0.02/109.4,-,-19.27,-,-,-,-,3100.29万,28.35万,软件,18.68%,0.01%,8.14
4558,Rapid Micro,RPID,US,2.28,-,4.44%,-1.05/-,-,1.33,-,-,-,-,1.04亿,-4712.30万,生命科学工具,0.25%,35.66%,3.14
4559,RPM International,RPM,US,104.98,-,1.87%,3.45/20.14,-,-0.68,-,-,NYSE,-,133.98亿,4.40亿,化学制品,0.78%,82.41%,4.26
4560,Royalty Pharma,RPRX,US,49.38,-,1.43%,1.79/36.95,-,-0.52,-,-,NASDAQ,-,284.89亿,7.71亿,制药,0.50%,83.32%,4.4
4561,Rithm Property,RPT,US,14.43,-,2.07%,-0.36/-,-,-0.28,-,-,NYSE,-,1.11亿,-274.00万,权益型REITs,0.29%,66.96%,0.459
4562,Cohen & Steers Quali,RQI,US,13.05,-,0.92%,0.35/37.11,-,0.15,-,-,NYSE,-,17.54亿,4727.21万,资本市场,0.15%,17.79%,1.08
4563,Richtech Robotics,RR,US,2.46,-,7.42%,-0.04/-,-,-3.91,-,-,-,-,5.50亿,-840.20万,机械制造,3.27%,30.53%,1.62
4564,Red River Bancshares,RRBI,US,93.8,-,3.09%,6.4/14.43,-,-0.12,-,-,-,-,6.17亿,4276.40万,商业银行,1.05%,31.91%,1.69
4565,Range Resources,RRC,US,42.36,-,1.90%,1.45/11.06,-,-0.66,-,-,NYSE,-,99.81亿,3.42亿,石油与天然气,1.68%,98.42%,2.17
4566,红罗宾汉堡连琐店,RRGB,US,3.98,-,4.91%,-1.31/-,-,2.84,-,-,NASDAQ,-,7217.86万,-2328.40万,酒店餐饮与休闲,0.60%,48.21%,-
4567,Red Rock Resorts,RRR,US,54.08,-,3.18%,3.19/30.01,-,-2.72,-,-,NASDAQ,-,56.43亿,1.88亿,酒店餐饮与休闲,3.31%,88.41%,27.09
4568,Regal Rexnord,RRX,US,212.25,-,3.66%,4.22/50.55,-,-0.57,-,-,-,-,141.29亿,2.79亿,机械制造,1.61%,108.46%,2.06
4569,Reliance,RS,US,351.68,-,3.20%,5.13/22.31,-,2.07,-,-,NYSE,-,179.53亿,2.65亿,金属与采矿,0.88%,83.65%,2.52
4570,RiverNorth Capital,RSF,US,14.53,-,0.89%,0.74/14.02,-,-0.62,-,-,-,-,5869.80万,300.67万,资本市场,0.14%,45.18%,0.949
4571,共和废品处理,RSG,US,209.79,-,1.97%,6.86/30.3,-,-1.99,-,-,NYSE,-,648.16亿,21.39亿,商业服务与用品,0.53%,59.51%,5.42
4572,Rush Street,RSI,US,23.65,-,3.00%,0.35/165,-,1.42,-,-,-,-,54.95亿,3330.80万,酒店餐饮与休闲,1.02%,91.46%,37.3
4573,Riskified,RSKD,US,4.46,-,2.14%,-0.18/-,-,0.68,-,-,-,-,6.61亿,-2756.50万,信息技术服务,1.01%,54.45%,2.24
4574,Research Solutions,RSSS,US,2.5,-,1.60%,0.04/21.24,-,0,-,-,-,-,8226.37万,129.63万,信息技术服务,0.33%,41.51%,4.77
4575,Reservoir Media,RSVR,US,10.13,-,2.42%,0.06/101.2,-,-0.1,-,-,-,-,6.65亿,389.82万,娱乐,0.29%,47.82%,1.78
4576,Renatus Tactical,RTAC,US,10.36,-,0.47%,0.35/63.85,-,0.39,-,-,-,-,3.23亿,505.57万,资本市场,0.47%,41.90%,-
4577,能多洁,RTO,US,34.08,-,1.80%,0.3/36.63,-,1.46,-,-,-,-,172.17亿,4.70亿,商业服务与用品,0.29%,13.08%,3.13
4578,雷神技术,RTX,US,174.26,-,3.43%,1.53/32.34,-,-2.81,-,-,-,-,2346.73亿,20.59亿,航空航天与国防,0.78%,79.73%,3.54
4579,Rubico,RUBI,US,3.4,-,9.72%,49.07/0.987,-,6.58,-,-,NYSE,-,261.05万,264.50万,海运,-,0.05%,0.057
4580,Rumble,RUM,US,6.52,-,5.67%,-0.32/-,-,0,-,-,-,-,28.38亿,-8183.04万,娱乐,1.75%,22.92%,10.33
4581,Sunrun,RUN,US,12.74,-,5.05%,1.96/6.67,-,-1.7,-,-,NASDAQ,-,30.00亿,4.50亿,电气设备,2.66%,107.65%,0.958
4582,Rush Enterprises A,RUSHA,US,74.92,-,3.18%,3.37/22.24,-,0.4,-,-,NASDAQ,-,58.66亿,2.64亿,专营零售,0.63%,102.97%,2.66
4583,Rush Enterprises B,RUSHB,US,77.35,-,2.78%,3.37/22.96,-,1.38,-,-,NASDAQ,-,60.56亿,2.64亿,专营零售,0.72%,39.14%,2.75
4584,Robinhood Ventures I,RVI,US,30.5,-,8.27%,-/0.0000,-,8.31,-,-,-,-,6.44亿,-,资本市场,-,0.00%,0.0000
4585,Revolve Group,RVLV,US,26.83,-,3.48%,0.87/31.06,-,1.44,-,-,-,-,19.16亿,6170.90万,多元化零售,1.96%,113.16%,3.74
4586,Revolution Medicines,RVMD,US,135.3,-,4.79%,-5.95/-,-,0.61,-,-,-,-,284.56亿,-11.31亿,生物科技,1.93%,92.80%,17.44
4587,Retractable,RVP,US,0.649,-,6.64%,-0.43/-,-,0.15,-,-,AMEX,-,1942.92万,-1279.57万,医疗保健设备,0.43%,8.78%,0.254
4588,Reviva,RVPH,US,0.9,-,5.62%,-5.48/-,-,1.24,-,-,-,-,1152.93万,-1986.49万,制药,1.52%,4.35%,1.33
4589,Riverview Bancorp,RVSB,US,5.48,-,4.38%,0.18/23.41,-,0,-,-,NASDAQ,-,1.13亿,370.10万,商业银行,0.16%,67.37%,0.691
4590,Rail Vision,RVSN,US,7.65,-,7.32%,-6.15/-,-,-6.65,-,-,-,-,1677.02万,-1110.00万,电子设备与仪器,0.95%,12.48%,0.825
4591,Royce Small-Cap,RVT,US,18.34,-,1.37%,2.19/8.37,-,0.66,-,-,NYSE,-,21.94亿,2.62亿,资本市场,0.09%,29.76%,1.01
4592,Revvity,RVTY,US,86.77,-,2.91%,2.07/40.22,-,-0.44,-,-,-,-,97.01亿,2.41亿,生命科学工具,1.12%,101.66%,1.34
4593,Ryvyl,RVYL,US,5.43,-,9.91%,-29.33/-,-,-5.57,-,-,-,-,694.91万,-1752.60万,信息技术服务,7.26%,6.86%,10.42
4594,Runway Growth,RWAY,US,6.42,-,1.71%,0.93/7.89,-,0,-,-,-,-,2.69亿,3404.90万,消费信贷,1.57%,75.14%,0.554
4595,Redwood Trust,RWT,US,5.71,-,1.40%,-0.63/-,-,0.18,-,-,NYSE,-,7.14亿,-7704.10万,抵押型REITs,0.94%,77.69%,0.779
4596,RXO,RXO,US,19.38,-,4.35%,-0.59/-,-,0.41,-,-,-,-,31.92亿,-1.00亿,公路与铁路,0.61%,106.48%,2.07
4597,Recursion,RXRX,US,3.51,-,3.14%,-1.44/-,-,0.29,-,-,-,-,18.51亿,-6.45亿,生物科技,2.00%,64.69%,1.64
4598,RxSight,RXST,US,7.25,-,2.92%,-0.95/-,-,0.69,-,-,-,-,2.99亿,-3894.40万,医疗保健设备,0.84%,89.82%,1.09
4599,Rackspace Technology,RXT,US,1.58,-,17.65%,-0.95/-,-,-7.06,-,-,-,-,3.90亿,-2.26亿,信息技术服务,7.30%,66.46%,-
4600,加拿大皇家银行,RY,US,175.33,http://www.rbc.com/,1.54%,2.97/15.8,"加拿大皇家银行成立于1869年，是加拿大市值最高、资产最大的银行，也是北美领先的多元化金融服务公司之一。在全球，加拿大皇家银行拥有约7万名员工，在30多个国家设立有分支机构，1300多家分行，超过4,800台ATM、电话和网络银行及销售点端，为1400多万客户提供各类金融服务。它提供全球化的个人及商业银行服务、信用卡服务、财富管理服务、保险、企业和投资银行和交易处理。",0.24,-,416-974-5151,NYSE,"200 Bay Street Royal Bank Plaza Toronto, ON M5J 2J5 Canada",2448.68亿,42.66亿,商业银行,0.21%,44.32%,2.58
4601,瑞安航空,RYAAY,US,56.67,-,1.25%,2.85/11.25,-,-0.37,-,-,NASDAQ,-,295.80亿,30.15亿,航空公司,0.29%,20.57%,2.87
4602,Rayonier Advanced,RYAM,US,9.62,-,4.21%,-6.33/-,-,-1.33,-,-,NYSE,-,6.48亿,-4.21亿,化学制品,1.42%,66.83%,2.05
4603,Ryan Specialty,RYAN,US,34.61,-,3.50%,0.5/143.7,-,-2.23,-,-,-,-,91.09亿,6339.90万,保险,2.67%,85.82%,14.06
4604,Ryde Group,RYDE,US,1.24,-,17.43%,-0.14/-,-,-16.22,-,-,-,-,2.03亿,-378.17万,公路与铁路,0.18%,0.12%,112.7
4605,软云科技,RYET,US,1.16,-,5.04%,-0.14/-,-,-0.85,-,-,-,-,4185.28万,-456.18万,软件,0.11%,0.19%,5.66
4606,RYTHM,RYM,US,29.65,-,9.56%,-16.68/-,-,5.8,-,-,-,-,6372.22万,-3325.70万,饮料,0.47%,8.79%,4.89
4607,雷欧尼尔,RYN,US,21.33,-,1.03%,3.07/13.59,-,0.14,-,-,NYSE,-,64.45亿,4.74亿,专业房地产投资信托,0.57%,91.96%,2.92
4608,rYojbaba,RYOJ,US,2.06,-,10.49%,0.01/199.3,-,0.49,-,-,-,-,2379.30万,11.94万,医疗保健服务,0.22%,0.20%,3.9
4609,Rhythm,RYTM,US,85.7,-,3.84%,-3.11/-,-,0.58,-,-,-,-,58.52亿,-2.02亿,制药,0.49%,107.23%,42.07
4610,Ryerson Holding,RYZ,US,26.38,-,5.83%,-1.76/-,-,3.86,-,-,-,-,8.40亿,-5640.00万,机械制造,0.91%,154.69%,1.12
4611,Rezolute,RZLT,US,3.1,-,5.14%,-0.4/-,-,-0.32,-,-,-,-,2.97亿,-4092.40万,制药,1.58%,94.25%,2.32
4612,Rezolve AI,RZLV,US,2.62,-,4.23%,-0.38/-,-,0.77,-,-,-,-,10.45亿,-1.01亿,专业服务,4.00%,13.01%,4.23
4613,SentinelOne,S,US,14.24,http://www.sprint.com,3.23%,-1.37/-,Sprint Nextel公司是美国第三大移动电信公司，公司同时还是一家互联网通信运营商。Sprint公司1889年在堪斯州创立。2005年8月，Sprint同Nextel通信公司总价值350亿美元的并购交易完成，合并后的新公司名为Sprint Nextel。公司主要提供通讯及业务，它建立并运营着美国境内唯一全数字的光纤通信网络，在提供先进数据服务方面首屈一指。,2.3,-,800-829-0965,NYSE,-,48.46亿,-4.51亿,软件,1.37%,80.23%,3.37
4614,Seabridge Gold,SA,US,30.09,-,2.12%,-0.39/-,-,-0.3,-,-,NYSE,-,32.31亿,-3877.77万,金属与采矿,0.67%,42.29%,3.94
4615,Space Asset Acquisit,SAAQ,US,10.19,-,0.30%,-0.01/-,-,0.3,-,-,-,-,3.19亿,-6.48万,资本市场,0.13%,-,-
4616,Saba Capital,SABA,US,8.4,-,1.77%,1.18/7.15,-,-0.71,-,-,-,-,2.33亿,3256.74万,资本市场,0.22%,50.61%,0.847
4617,Sabre,SABR,US,1.82,http://www.sabre.com,6.00%,1.34/1.37,"Sabre Corporation is a leading technology solutions provider to the global travel and tourism industry. We span the breadth of a highly complex, $6.6 trillion global travel ecosystem through three business segments: (i) Travel Network, our global B2B travel marketplace for travel suppliers and travel buyers, (ii) Airline and Hospitality Solutions, an extensive suite of leading software solutions primarily for airlines and hotel properties, and (iii) Travelocity, our portfolio of online consumer travel e-commerce businesses through which we provide travel content and booking functionality primarily for leisure travelers. Collectively, these offerings enable travel suppliers to better serve their customers across the entire travel lifecycle, from route planning to post-trip business intelligence and analysis. Items that are not allocated to our business segments are identified as corporate and include primarily certain shared technology costs as well as stock-based compensation expense, litigation costs related to occupancy or other taxes and other items that are not identifiable with one of our segments.",4,S1/F1,-,NASDAQ,-,7.19亿,5.25亿,酒店餐饮与休闲,0.73%,93.03%,-
4618,SAB Biotherapeutics,SABS,US,3.52,-,6.32%,0.22/18.64,-,-7.37,-,-,-,-,2.47亿,1327.37万,生物科技,1.51%,71.26%,1.63
4619,Safeguard Acquisitio,SAC,US,10.04,-,0.20%,0.08/944.1,-,0.2,-,-,-,-,3.15亿,33.36万,资本市场,0.61%,-,1.41
4620,Sachem Capital,SACH,US,1.05,-,2.83%,0.04/27.43,-,-0.94,-,-,AMEX,-,5036.55万,183.60万,抵押型REITs,0.42%,18.88%,0.288
4621,Safehold,SAFE,US,15.99,-,2.38%,1.6/10.03,-,1.65,-,-,-,-,11.48亿,1.14亿,房地产管理和开发Ⅲ,0.60%,66.78%,0.477
4622,Safety Insurance,SAFT,US,76.04,-,1.54%,6.72/11.25,-,-0.09,-,-,NASDAQ,-,11.17亿,9925.50万,保险,0.54%,80.96%,1.25
4623,XCF Global,SAFX,US,0.34,-,7.57%,0.52/1.27,-,-8.11,-,-,-,-,9365.26万,7400.48万,石油与天然气,11.32%,2.97%,2.48
4624,Sagtec Global,SAGT,US,1.714,-,5.42%,0.12/10.71,-,3.25,-,-,-,-,2185.35万,152.12万,软件,7.17%,0.21%,3.26
4625,索尼克汽车,SAH,US,71.84,-,2.92%,3.49/20.3,-,0.87,-,-,NYSE,-,24.10亿,1.19亿,专营零售,1.02%,68.88%,2.26
4626,Saia,SAIA,US,442.44,-,3.45%,9.54/46.27,-,0.33,-,-,NASDAQ,-,118.00亿,2.55亿,公路与铁路,1.35%,107.36%,4.58
4627,科学应用,SAIC,US,95.61,-,2.53%,7.73/11.51,-,0.36,-,-,NYSE,-,41.21亿,3.58亿,综合电信业务,1.03%,84.29%,2.75
4628,SAIHEAT,SAIH,US,10.5,-,2.70%,-1.57/-,-,-2.33,-,-,-,-,2004.86万,-288.70万,专业服务,0.09%,0.03%,1.72
4629,SailPoint,SAIL,US,11.95,-,4.91%,-0.54/-,-,2.93,-,-,-,-,67.37亿,-2.94亿,软件,2.79%,100.67%,0.984
4630,波斯顿啤酒,SAM,US,236.4,-,4.60%,9.9/22.76,-,-1.68,-,-,NYSE,-,24.68亿,1.08亿,饮料,2.54%,94.62%,2.92
4631,Silvercrest Asset,SAMG,US,13.4,-,1.65%,0.56/32.35,-,0.68,-,-,NASDAQ,-,1.58亿,488.50万,资本市场,0.13%,61.53%,3.14
4632,桑坦德银行,SAN,US,11.96,-,1.47%,1.06/10.62,"西班牙桑坦德银行，也称西班牙国际银行，该集团在德国的欧洲业务范围包括,挪威,葡萄牙,西班牙和英国，拉丁美洲业务范围包括桑坦德西班牙中部小组，还有阿根廷,巴西,智利,墨西哥,普埃托里科、乌拉圭和委内瑞拉国家。",0.59,-,-,NYSE,-,1756.84亿,165.49亿,商业银行,0.05%,3.09%,1.06
4633,Sana Biotechnology,SANA,US,3.29,-,6.69%,-0.96/-,-,-4.36,-,-,-,-,9.03亿,-2.44亿,生物科技,1.64%,58.64%,5.61
4634,Sangoma Technologies,SANG,US,4.31,-,2.55%,-0.13/-,-,-0.23,-,-,-,-,1.43亿,-433.30万,通信设备,0.00%,16.79%,0.573
4635,新美亚电子,SANM,US,192.16,-,7.79%,0.91/45.59,-,6.74,-,-,-,-,104.93亿,4928.60万,电子设备与仪器,2.35%,99.91%,3.94
4636,思爱普,SAP,US,175.26,http://www.sap.com,2.62%,1.91/23.75,"SAP创立于1972年的德国，是全球商业软件市场的领导厂商，提供优质的应用程序和服务，在全球120多个国家拥有109,000个企业客户，其中包括财富500强80%以上的企业，并在包括欧洲、美洲、中东及亚太地区的50个国家雇用52,921名员工。公司总部位于德国沃尔多夫。SAP的核心业务是销售其研发的商业软件解决方案及其服务的用户许可证。",7.36,-,49-62-27747474,NYSE,-,2046.26亿,22.25亿,软件,0.59%,5.75%,3.96
4637,Saratoga Investment,SAR,US,22.49,-,1.42%,2.49/9.47,-,-0.13,-,-,NYSE,-,3.65亿,3921.74万,资本市场,0.34%,13.20%,0.883
4638,StandardAero,SARO,US,24.54,-,2.86%,0.84/29.43,-,0.82,-,-,-,-,81.63亿,2.77亿,航空航天与国防,1.44%,94.72%,3.06
4639,Satellogic,SATL,US,6.17,-,14.39%,-0.04/-,-,-9.4,-,-,-,-,8.84亿,-478.30万,信息技术服务,8.67%,52.62%,14.59
4640,回声星通信,SATS,US,117.5,-,4.74%,-50.41/-,-,-3.31,-,-,NASDAQ,-,339.43亿,-144.97亿,通信设备,5.42%,97.72%,5.89
4641,Safe Bulkers,SB,US,6.52,-,1.70%,0.3/21.81,-,0.62,-,-,NYSE,-,6.67亿,3056.30万,海运,0.47%,33.07%,0.803
4642,SBA通信,SBAC,US,219.47,-,1.44%,9.83/22.09,-,-0.06,-,-,NASDAQ,-,232.78亿,10.54亿,专业房地产投资信托,0.69%,97.85%,-
4643,SBC Medical Group,SBC,US,3.35,-,5.15%,0.5/6.74,-,-1.47,-,-,-,-,3.44亿,5098.56万,医疗保健技术,5.20%,6.27%,1.41
4644,Seacoast Banking,SBCF,US,31.25,-,4.06%,1.59/21.38,-,-2.4,-,-,NASDAQ,-,30.52亿,1.43亿,商业银行,1.63%,84.10%,1.13
4645,Sharplink,SBET,US,7.31,-,4.13%,-7.37/-,-,-1.62,-,-,-,-,14.41亿,-7.35亿,软件,2.74%,47.42%,0.596
4646,Splash Beverage,SBEV,US,0.273,-,10.29%,-11.97/-,-,0.37,-,-,-,-,271.73万,-2606.68万,饮料,11.75%,2.88%,-
4647,SB Financial Group,SBFG,US,22.18,-,4.04%,2.19/10,-,4.08,-,-,NASDAQ,-,1.40亿,1397.40万,商业银行,0.08%,55.42%,0.99
4648,Sunshine Biopharma,SBFM,US,1,-,3.03%,-1.44/-,-,1.01,-,-,-,-,490.59万,-597.54万,制药,0.87%,2.30%,0.213
4649,辛克莱,SBGI,US,15.74,-,3.30%,-1.61/-,-,-0.13,-,-,NASDAQ,-,11.33亿,-1.12亿,媒体,0.95%,61.07%,2.56
4650,莎莉美容,SBH,US,14.76,http://www.sallybeautyholdings.com,3.32%,0.47/7.94,"Sally Beauty Holdings, Inc. is an international specialty retailer and distributor of professional beauty supplies with revenues of more than $2.6 billion annually. 

Through the Sally Beauty Supply and Beauty Systems Group businesses, the Company sells and distributes through over 4,000 stores, including approximately 200 franchised units, throughout the United States, the United Kingdom, Belgium, Canada, Chile, Puerto Rico, Mexico, France, Ireland, Spain and Germany.",1.17,-,-,NYSE,-,14.32亿,4555.70万,专营零售,0.96%,117.79%,1.74
4651,Western Asset Interm,SBI,US,7.69,-,0.78%,0.12/64.43,-,-0.52,-,-,AMEX,-,1.08亿,168.09万,资本市场,0.40%,43.25%,0.899
4652,Star Bulk Carriers,SBLK,US,24.23,-,1.97%,0.73/32.1,-,0.25,-,-,NASDAQ,-,27.02亿,8417.40万,海运,0.97%,29.09%,1.1
4653,StableX,SBLX,US,2.54,-,8.50%,-32.24/-,-,2.83,-,-,-,-,369.82万,-2821.84万,汽车,3.13%,8.12%,0.997
4654,Sabine Royalty Trust,SBR,US,74.83,-,1.20%,5.04/14.85,-,-0.64,-,-,NYSE,-,10.91亿,7344.36万,石油与天然气,0.13%,15.06%,159.2
4655,Sabra Health Care,SBRA,US,20.09,-,2.21%,0.64/32.55,-,0.9,-,-,NASDAQ,-,50.66亿,1.56亿,医疗保健房地产投资信托,0.93%,101.63%,1.8
4656,SABESP,SBS,US,34.7,-,1.46%,1.59/18.07,-,0.46,-,-,NYSE,-,244.60亿,10.84亿,水务,0.21%,9.59%,3.05
4657,Southside Bancshares,SBSI,US,32.82,-,1.29%,2.3/14.1,-,-1,-,-,NASDAQ,-,9.76亿,6922.00万,商业银行,0.26%,57.05%,1.15
4658,Sibanye,SBSW,US,12.72,-,3.83%,-0.11/-,-,0.47,-,-,-,-,90.01亿,-3.12亿,金属与采矿,0.68%,19.08%,3.86
4659,星巴克,SBUX,US,98.67,http://www.starbucks.com,1.52%,0.26/82.12,星巴克（SBUX）创立于1971年，是全球最大的咖啡连锁店，是世界领先的特种咖啡的零售商、烘焙者和品牌拥有者。旗下零售产品包括30多款全球顶级的咖啡豆、手工制作的浓缩咖啡和多款咖啡冷热饮料、新鲜美味的各式糕点食品以及丰富多样的咖啡机、咖啡杯等商品。此外，公司通过与合资伙伴生产和销售瓶装星冰乐咖啡饮料、冰摇双份浓缩咖啡和冰淇淋，通过营销和分销协议在零售店以外的便利场所生产和销售星巴克咖啡和奶油利口酒，并不断拓展泰舒茶、星巴克音乐光盘等新的产品和品牌。,-0.87,-,206-447-1575,NASDAQ,-,1124.15亿,2.93亿,酒店餐饮与休闲,0.54%,80.98%,-
4660,SilverBox,SBXD,US,-,-,-,0.28/47.83,-,-,-,-,-,-,2.73亿,571.59万,资本市场,0.00%,99.02%,-
4661,SilverBox V,SBXE,US,-,-,-,-0.8/-,-,-,-,-,-,-,3.44亿,-768.94万,资本市场,-,-,1.34
4662,司凯奇,SCAG,US,1.07,-,19.00%,-0.18/-,-,7,-,-,-,-,7769.23万,-1294.38万,汽车,0.05%,0.00%,-
4663,南方铜业,SCCO,US,180.43,-,2.56%,5.24/34.38,-,-1,-,-,NYSE,-,1490.47亿,43.35亿,金属与采矿,1.70%,8.81%,13.5
4664,Lmp Capital & Income,SCD,US,15.07,-,1.00%,-0.05/-,-,0,-,-,NYSE,-,3.45亿,-82.02万,资本市场,0.43%,33.06%,0.913
4665,学乐集团,SCHL,US,40.34,http://www.scholastic.com,4.26%,1.91/13.99,学乐集团成立于1920年，是目前世界上最大的儿童图书，多媒体教材出版商和分销商，同时也是美国最大的校内读书俱乐部和书市运营商之一。,-4.09,-,-,NASDAQ,-,8.77亿,4730.00万,媒体,4.16%,96.29%,1.01
4666,嘉信理财,SCHW,US,88.5,http://www.aboutschwab.com,1.77%,1.37/17.06,"嘉信理财（Charles Schwab）是一家总部设在旧金山的金融服务公司，成立于30年前.它是全美国最大的金融服务公司之一。嘉信理财旗下附属机构包括有嘉信理财公司(Charles Schwab & Co., Inc.)、嘉信银行(Schwab Bank)、CyberTrader公司(CyberTrader, Inc.)和嘉信理财香港有限公司(Charles Schwab, Hong Kong, Ltd .)，提供证券经纪、银行、资产管理与相关的金融服务。所有活跃帐户总数超过七百万，管理资产总额逾一兆美元。我们的客户包括美国国内以及世界各地的独立投资者、独立投资顾问以及公司退休与投资计划的企业。",-0.47,-,415-667-7000,NYSE,"211 Main Street San Francisco, CA 94105 United States",1538.22亿,23.97亿,资本市场,0.72%,83.73%,3.61
4667,Service,SCI,US,87.73,http://www.sci-corp.com/,2.72%,3.83/22.43,Service Corp International是北美最大的葬礼、火化、公墓服务公司,1.57,-,-,NYSE,-,121.70亿,5.43亿,综合消费者服务,1.30%,87.71%,7.43
4668,SC II Acquisition,SCII,US,9.99,-,0.10%,0.01/2372,-,0,-,-,-,-,2.49亿,10.48万,资本市场,0.28%,0.08%,1.43
4669,Socket Mobile,SCKT,US,0.882,-,5.93%,-1.81/-,-,-4.85,-,-,NASDAQ,-,725.26万,-1437.85万,电脑与外围设备,0.29%,6.66%,1.7
4670,史提宾,SCL,US,52.06,-,3.14%,2.05/25.19,-,0.56,-,-,NYSE,-,11.81亿,4689.50万,化学制品,0.65%,83.99%,0.95
4671,Scilex Holding,SCLX,US,6.69,-,5.91%,-36.48/-,-,-3.6,-,-,-,-,5680.66万,-4.02亿,制药,0.40%,14.14%,-
4672,Stellus Capital,SCM,US,9.56,-,2.30%,0.95/10.23,-,-0.21,-,-,NYSE,-,2.77亿,2704.53万,资本市场,0.38%,13.44%,0.746
4673,Scinai,SCNI,US,0.737,-,86.18%,0.0000/-,-,61.62,-,-,-,-,260.57万,-830.70万,制药,59.23%,0.00%,1.05
4674,Scienture Holdings,SCNX,US,0.41,-,4.78%,-2.7/-,-,-1.91,-,-,-,-,1665.86万,-4151.23万,制药,1.56%,3.32%,0.238
4675,康姆斯克,SCOR,US,7.235,-,7.41%,4.3/2.46,-,8.31,-,-,-,-,1.09亿,4427.30万,信息技术服务,0.07%,30.68%,0.975
4676,Social Commerce,SCPQ,US,9.93,-,0.00%,-0.15/-,-,0.2,-,-,-,-,1.36亿,-58.30万,资本市场,0.00%,-,-
4677,ScanSource,SCSC,US,40.43,-,3.03%,1.66/11.75,-,1.23,-,-,NASDAQ,-,8.68亿,3637.20万,电子设备与仪器,0.74%,104.63%,0.953
4678,Shoe Carnival,SCVL,US,18.7,-,1.92%,1.91/9.83,-,-0.27,-,-,NASDAQ,-,5.14亿,5226.90万,专营零售,1.17%,70.77%,0.745
4679,374Water,SCWO,US,2.97,-,7.61%,-1.38/-,-,2.77,-,-,-,-,5180.09万,-2097.51万,电子设备与仪器,0.31%,9.44%,7.69
4680,Scynexis,SCYX,US,1.02,http://www.scynexis.com,5.81%,-0.17/-,"SCYNEXIS is a pharmaceutical company committed to the discovery, development and commercialization of novel anti-infectives to address significant unmet therapeutic needs. We are developing our lead product candidate, SCY-078, as a novel oral and intravenous (IV) drug for the treatment of serious and life-threatening invasive fungal infections in humans. SCY-078 has been shown to be effective in vitro and in vivo in animal studies against a broad range of Candida and Aspergillus fungal species, including drug resistant strains. These important pathogens account for approximately 85% of invasive fungal infections in the United States and Europe. SCY-078 was shown to be sufficiently safe and well-tolerated in multiple Phase 1 studies to support progression to Phase 2 studies. We anticipate that the first patient will be enrolled in the second half of 2014 in a Phase 2 study with an oral formulation of SCY-078 for the treatment of invasive Candida infection, a common and often fatal invasive fungal infection, and anticipate beginning studies with an IV formulation of SCY-078 in 2015.",-2.86,S1/F1,-,NASDAQ,-,4555.71万,-860.90万,制药,0.37%,19.78%,0.922
4681,Santacruz Silver Min,SCZM,US,8.49,-,4.41%,0.47/18.58,-,-1.39,-,-,-,-,7.84亿,4222.20万,金属与采矿,0.36%,0.10%,4.38
4682,Sandridge Energy,SD,US,15.1,-,1.28%,1.91/7.92,-,-0.85,-,-,NYSE,-,5.56亿,7020.30万,石油与天然气,0.95%,75.21%,1.09
4683,盛大科技,SDA,US,1.44,-,8.72%,-0.07/-,-,-3.36,-,-,-,-,1.47亿,-748.50万,公路与铁路,0.12%,0.45%,5.03
4684,Stablecoin,SDEV,US,1.33,-,9.30%,-/-,-,3.1,-,-,-,-,3541.13万,-2214.10万,软件,4.80%,4.46%,-
4685,Schrodinger,SDGR,US,11.79,-,5.52%,-1.41/-,-,3.33,-,-,-,-,8.70亿,-1.03亿,制药,1.85%,106.86%,2.39
4686,Smith Douglas,SDHC,US,14.13,-,11.10%,1.19/67.11,-,-1.94,-,-,-,-,7.18亿,1069.40万,建筑与工程,1.45%,93.82%,8.27
4687,Siddhi,SDHI,US,-,-,-,-0.01/-,-,-,-,-,-,-,3.61亿,-22.34万,资本市场,0.00%,91.76%,-
4688,PGIM Short Duration,SDHY,US,16.06,-,0.57%,0.52/13.39,-,-0.37,-,-,-,-,3.96亿,1272.71万,资本市场,0.21%,50.15%,0.908
4689,数智集团,SDM,US,-,-,-,-1.4/-,-,-,-,-,-,-,5869.12万,-3784.56万,专业服务,-,0.86%,6.56
4690,Sadot Group,SDOT,US,1.52,-,7.90%,-21.02/-,-,-6.17,-,-,-,-,281.06万,-1386.20万,酒店餐饮与休闲,0.63%,0.33%,0.136
4691,Seadrill,SDRL,US,48.1,-,2.20%,-1.24/-,-,0.8,-,-,-,-,30.04亿,-7700.00万,能源设备与服务,0.69%,105.17%,1.05
4692,Stardust Power,SDST,US,2.58,-,5.40%,-2.13/-,-,-7.19,-,-,-,-,2577.45万,-1572.36万,化学制品,2.04%,4.44%,-
4693,冬海集团,SE,US,85.44,-,3.41%,2.65/33.16,-,2.51,-,-,NYSE,-,523.31亿,15.78亿,娱乐,0.61%,69.18%,4.18
4694,Vivid Seats,SEAT,US,6.8,-,7.76%,-59.2/-,-,3.5,-,-,-,-,7320.71万,-4.29亿,软件,3.67%,84.39%,-
4695,Seaboard,SEB,US,5833.06,-,2.38%,514.46/11.26,-,0.15,-,-,AMEX,-,55.87亿,4.96亿,食品,3.51%,22.93%,1.07
4696,Solaredge,SEDG,US,45.83,-,8.30%,-6.88/-,SolarEdge Technologies (SEDG) is a leading provider of intelligent inverter solutions that are changing the way power is harvested and managed in solar PV systems.,-3.23,-,-,NASDAQ,-,27.87亿,-4.05亿,半导体产品与设备,5.76%,101.74%,6.52
4697,奥瑞金种业,SEED,US,1.31,http://www.originseed.com.cn/,10.95%,-1/-,北京奥瑞金种业股份有限公司是由一批留美归国学者于1997年创立的，融合现代生物技术及遗传育种等高科技手段，进行农作物优良新品种选育、生产、加工、销售及技术服务的农业生物高新技术企业。公司现拥有13个营销中心、8个生产中心、8个育种站、1个南繁基地、1个研发中心，已建成遍及全国的营销服务网络，并向东南亚及南亚部分国家提供产品和服务；建有国内种业企业最具规模的生命科学研究中心；并参控股三家“中国种业50强企业”。,-4.38,-,86-10-58907588,NASDAQ,"中国北京市昌平区生命园路21号,邮编: 102206",1590.94万,-749.09万,食品,0.41%,0.88%,-
4698,Seer,SEER,US,1.97,-,4.38%,-1.28/-,-,1.55,-,-,-,-,1.11亿,-7360.00万,生命科学工具,3.90%,43.63%,0.429
4699,Seaport,SEG,US,22.71,-,5.52%,-9.18/-,-,1.98,-,-,-,-,2.91亿,-1.17亿,娱乐,0.21%,79.75%,0.637
4700,Sports Entertainment,SEGG,US,0.655,-,20.83%,-3.86/-,-,-2.53,-,-,-,-,828.15万,-1189.59万,娱乐,36.67%,1.33%,0.252
4701,Solaris能源,SEI,US,72.41,-,7.01%,0.69/179.4,-,4.22,-,-,-,-,51.86亿,2890.90万,能源设备与服务,5.40%,120.87%,9.19
4702,SEI投资,SEIC,US,88.84,-,4.18%,1.43/14.49,-,-2.43,-,-,NASDAQ,-,106.95亿,1.74亿,资本市场,1.51%,73.05%,4.36
4703,Global Self Storage,SELF,US,5.35,-,1.88%,0.18/29.76,-,0.38,-,-,NASDAQ,-,6067.20万,203.85万,权益型REITs,0.16%,26.72%,1.3
4704,Semilux,SELX,US,0.422,-,7.93%,-0.07/-,-,1.44,-,-,-,-,1829.57万,-185.93万,半导体产品与设备,1.97%,7.70%,3.8
4705,Select Medical,SEM,US,16.45,-,0.49%,1.16/13.95,-,0.12,-,-,NYSE,-,20.40亿,1.46亿,医疗保健服务,1.29%,81.92%,1.2
4706,SEMrush Holdings,SEMR,US,12,-,0.17%,-0.13/-,-,0.17,-,-,-,-,18.14亿,-1895.70万,软件,1.68%,48.27%,6.29
4707,Seneca Foods A,SENEA,US,133.33,-,2.56%,13.02/10.03,-,-0.89,-,-,NASDAQ,-,9.02亿,8939.20万,食品,2.28%,72.89%,1.26
4708,Seneca Foods B,SENEB,US,133.22,-,0.55%,13.02/10.02,-,-0.1,-,-,NASDAQ,-,9.01亿,8939.20万,食品,0.01%,4.13%,1.26
4709,Senseonics Holdings,SENS,US,7.05,-,3.71%,-1.66/-,-,0.71,-,-,AMEX,-,2.95亿,-6911.30万,医疗保健设备,1.07%,15.79%,4.83
4710,Septerna,SEPN,US,24.67,-,3.64%,-1.1/-,-,-1.2,-,-,-,-,11.08亿,-4887.90万,生物科技,2.20%,101.28%,2.9
4711,Serina Therapeutics,SER,US,1.97,-,4.12%,-1.91/-,-,1.55,-,-,-,-,2425.89万,-1943.60万,生命科学工具,0.66%,3.58%,-
4712,Sera Prognostics,SERA,US,2.01,-,10.42%,-0.67/-,-,-5.19,-,-,-,-,7867.91万,-3192.80万,医疗保健服务,0.07%,53.59%,1.04
4713,Serve Robotics,SERV,US,9.22,http://www.servicemaster.com,4.08%,-1.63/-,"ServiceMaster Global Holdings' core services include termite and pest control, home warranties, disaster restoration, janitorial, residential cleaning, furniture repair and home inspection under the following leading brands: Terminix, American Home Shield, ServiceMaster Restore, ServiceMaster Clean, Merry Maids, Furniture Medic and AmeriSpec. Our operations for the historical periods presented in this prospectus are organized into five principal reportable segments:    Terminix, American Home Shield, ServiceMaster Clean, Other Operations and Headquarters, and TruGreen. The TruGreen Business, through which we provided lawn care services during the periods presented, is currently reported in continuing operations. Beginning with the reporting period for the three months ended March 31, 2014, the TruGreen Business will be reported in discontinued operations, and the ServiceMaster Clean segment will be combined with our Merry Maids business into a new Franchise Services Group reportable segment.",-1.07,S1/F1,-,NYSE,-,6.98亿,-1.01亿,电子设备与仪器,3.88%,39.58%,1.99
4714,SES AI,SES,US,1.16,-,18.03%,-0.22/-,-,-4.92,-,-,-,-,4.28亿,-1209.80万,电子设备与仪器,10.02%,22.75%,2.11
4715,Aptera Motors,SEV,US,2.91,-,5.94%,-1.79/-,-,-3.96,-,-,NASDAQ,-,1.06亿,-4390.70万,汽车,0.85%,2.29%,5.21
4716,Seven Hills Realty,SEVN,US,8.13,-,2.82%,1/11.9,-,1.88,-,-,-,-,1.84亿,1543.40万,房地产管理和开发Ⅲ,0.33%,32.68%,0.559
4717,Sezzle,SEZL,US,78.7,-,4.70%,3.93/19.98,-,-1.32,-,-,-,-,26.60亿,1.33亿,软件,2.77%,38.67%,15.66
4718,Stifel Financial,SF,US,77.19,-,1.98%,1.56/14.05,-,0.39,-,-,NYSE,-,118.73亿,2.42亿,资本市场,0.77%,87.33%,2.24
4719,Sound Financial,SFBC,US,42.25,-,1.82%,2.79/15.22,-,-0.33,-,-,NASDAQ,-,1.08亿,713.10万,商业银行,0.40%,37.33%,0.992
4720,Servisfirst,SFBS,US,79.21,http://www.servisfirstbank.com,2.09%,5.06/14.61,"ServisFirst Bancshares is a bank holding company, headquartered in Birmingham, Alabama. Our wholly-owned subsidiary, ServisFirst Bank, provides commercial banking services through 12 full-service banking offices located in Alabama and the panhandle of Florida, as well as a loan production office in Nashville, Tennessee. Through our bank, we originate commercial, consumer and other loans and accept deposits, provide electronic banking services, such as online and mobile banking, including remote deposit capture, deliver treasury and cash management services and provide correspondent banking services to other financial institutions. As of March 31, 2014, our balance sheet was highlighted by total assets of approximately $3.6 billion, total loans of approximately $2.9 billion, total deposits of approximately $3.0 billion and total stockholders’ equity of approximately $312 million.",-0.89,S1/F1,-,NASDAQ,-,43.30亿,8297.10万,商业银行,0.52%,75.40%,2.26
4721,Smithfield Foods,SFD,US,29.35,-,1.14%,2.52/11.7,-,0.24,-,-,-,-,115.49亿,9.87亿,食品,2.97%,12.31%,1.7
4722,星辉云印,SFHG,US,2.44,-,5.76%,-0.13/-,-,0.41,-,-,-,-,990.64万,-254.59万,商业服务与用品,0.53%,0.43%,1.49
4723,Stitch Fix,SFIX,US,3.85,-,5.28%,-0.07/-,-,1.58,-,-,-,-,5.26亿,-901.60万,专营零售,1.16%,88.69%,2.51
4724,SFL,SFL,US,10.93,-,1.66%,-0.2/-,-,1.02,-,-,NYSE,-,16.06亿,-2643.10万,海运,0.89%,31.64%,1.67
4725,Sprouts Farmers,SFM,US,72.96,-,3.31%,5.36/13.17,Sprouts Farmers Market创立于2002年，目前在美国西南8个州运营超过150个天然和有机食品杂货店。截至2012年12月30日的12个月录得销售额18亿美元。,0.57,-,-,NASDAQ,-,68.99亿,5.24亿,食品与日用品零售,1.60%,97.72%,4.92
4726,西蒙斯第一国民银行,SFNC,US,21.02,-,2.73%,-2.96/-,-,-1.73,-,-,NASDAQ,-,30.49亿,6854.40万,商业银行,0.60%,79.74%,0.887
4727,Southern First,SFST,US,56.32,-,1.73%,3.75/14.97,-,-0.58,-,-,NASDAQ,-,5.24亿,988.70万,商业银行,1.53%,74.34%,1.38
4728,盛丰物流,SFWL,US,0.89,-,2.47%,0.14/6.16,-,0,-,-,-,-,7342.28万,1192.60万,公路与铁路,0.03%,0.13%,0.627
4729,Sweetgreen,SG,US,7.14,-,9.86%,-1.14/-,-,7.53,-,-,-,-,8.48亿,-1.34亿,酒店餐饮与休闲,2.84%,88.36%,2.38
4730,Saga Communications,SGA,US,11.765,-,1.51%,-1.22/-,-,1.69,-,-,AMEX,-,7487.21万,-753.10万,媒体,0.01%,55.62%,0.494
4731,Superior Group,SGC,US,11.76,-,6.80%,0.47/26.38,-,3.8,-,-,NASDAQ,-,1.85亿,700.00万,纺织服装与奢侈品,0.33%,41.37%,0.958
4732,Super Group,SGHC,US,12.53,-,3.88%,0.43/29.34,-,2.29,-,-,-,-,63.66亿,2.17亿,酒店餐饮与休闲,1.40%,18.41%,7.93
4733,Sight Sciences,SGHT,US,4.36,-,3.70%,-0.74/-,-,0.93,-,-,-,-,2.37亿,-3842.60万,医疗保健设备,0.71%,44.31%,3.71
4734,Somnigroup,SGI,US,79.06,-,2.44%,1.86/43.29,-,-0.48,-,-,-,-,166.30亿,3.84亿,耐用消费品,1.19%,99.46%,5.35
4735,奇点未来,SGLY,US,0.45,-,7.87%,-1.87/-,-,-4.26,-,-,-,-,328.21万,-1014.00万,航空货运与物流,1.41%,2.68%,0.704
4736,Sigma Lithium,SGML,US,19.69,-,9.57%,-0.45/-,-,-2.33,-,-,-,-,21.94亿,-5018.50万,金属与采矿,2.56%,32.08%,38.76
4737,Sangamo Therapeutics,SGMO,US,0.19,-,45.10%,-0.44/-,-,-25.49,-,-,NASDAQ,-,7871.21万,-1.23亿,生物科技,7.59%,14.92%,-
4738,Sagimet Biosciences,SGMT,US,5.86,-,4.75%,-1.58/-,-,-0.17,-,-,-,-,1.91亿,-5103.80万,制药,0.94%,45.05%,1.71
4739,SpyGlass Pharma,SGP,US,23.52,-,9.48%,-17.98/-,-,-0.47,-,-,-,-,7.86亿,-3986.90万,制药,1.56%,-,7.44
4740,Spar Group,SGRP,US,0.621,-,8.57%,-1.04/-,-,4.37,-,-,NASDAQ,-,1498.47万,-2462.60万,媒体,0.21%,7.33%,23.88
4741,Surgery Partners,SGRY,US,14.34,-,5.33%,-0.61/-,-,-1.98,-,-,NASDAQ,-,18.76亿,-7790.00万,医疗保健设备,1.66%,121.33%,1.09
4742,Star Group,SGU,US,12.87,-,2.06%,0.89/5.59,-,1.02,-,-,NYSE,-,4.23亿,3544.10万,燃气,0.10%,34.92%,1.31
4743,Shake Shack,SHAK,US,103.02,-,5.75%,1.14/96.19,Shake Shack以其Shackburger汉堡、热狗和同名奶昔而著称，这家公司在2001年由丹尼尔·梅耶（Daniel Meyer）创立。Shake Shack目前主要业务集中在美国东海岸，但同时也已在伦敦、伊斯坦布尔和迪拜等美国以外的城市开设了分店。Shake Shack的汉堡被誉为纽约最好吃的汉堡，也是纽约代表性的美食之一。,5.56,-,-,NYSE,-,43.98亿,4572.50万,酒店餐饮与休闲,3.01%,107.00%,8.37
4744,SharonAI Holdings,SHAZ,US,42.19,-,6.45%,-4.04/-,-,-1.08,-,-,-,-,6.81亿,-3962.39万,电子设备与仪器,4.84%,0.02%,-
4745,Shore Bancshares,SHBI,US,19.1,-,2.81%,1.78/10.17,-,-0.78,-,-,NASDAQ,-,6.39亿,1708.80万,商业银行,1.17%,65.19%,1.06
4746,Sotera,SHC,US,15.58,-,2.54%,0.27/57,-,1.63,-,-,-,-,44.43亿,7794.90万,生命科学工具,1.10%,94.47%,7.33
4747,壳牌,SHEL,US,89.13,-,1.14%,3.03/14.22,-,-0.16,-,-,-,-,2535.70亿,178.37亿,石油与天然气,0.15%,12.88%,1.45
4748,谢南多厄电讯,SHEN,US,16.03,-,6.52%,-0.71/-,-,-6.26,-,-,NASDAQ,-,8.86亿,-3939.20万,无线电信业务,0.70%,72.93%,0.915
4749,SHF Holdings,SHFS,US,0.953,-,14.37%,-0.82/-,-,9.54,-,-,-,-,429.37万,-240.24万,综合金融服务,13.10%,11.11%,0.521
4750,新韩金融,SHG,US,66.38,-,1.90%,6.79/9.2,-,-0.52,-,-,NYSE,-,316.74亿,34.42亿,综合金融服务,0.05%,4.84%,0.789
4751,Shimmick,SHIM,US,5.91,-,6.36%,-0.74/-,-,4.42,-,-,-,-,2.15亿,-2558.40万,建筑与工程,4.41%,4.83%,-
4752,Seanergy Maritime,SHIP,US,13.99,-,4.31%,1.02/14.27,-,-1.13,-,-,NASDAQ,-,3.03亿,2124.20万,海运,1.24%,14.51%,1.08
4753,Shoals Technologies,SHLS,US,7.93,-,6.11%,0.2/39.63,-,1.93,-,-,-,-,13.30亿,3357.40万,电子设备与仪器,1.83%,106.45%,2.22
4754,SCHMID Group,SHMD,US,6.97,-,21.47%,-0.29/-,-,11.7,-,-,-,-,3.88亿,-1242.56万,机械制造,63.26%,3.99%,-
4755,Sunstone Hotel,SHO,US,9.64,-,1.83%,0.04/215.6,-,0.84,-,-,NYSE,-,18.23亿,845.80万,酒店和度假村房地产投资信托,0.49%,100.68%,1.1
4756,史蒂夫·马登,SHOO,US,38.58,http://www.stevemadden.com,5.93%,0.63/63.1,史蒂夫·马登(SHOO)是一家知名鞋业公司，专门设计并销售各种女用、男用及儿童流行鞋类。公司产品主要迎合年轻女士。在美国，史蒂夫·马登的单鞋一般在100-200美金，靴子在200-400美金。其中FIX是旗下的休闲类高端品牌。,1.63,-,-,NASDAQ,-,28.18亿,4466.10万,纺织服装与奢侈品,1.56%,109.09%,3.25
4757,Shopify,SHOP,US,125.83,-,3.86%,0.95/133.3,-,1.29,-,-,NYSE,-,1640.96亿,12.31亿,软件,0.69%,68.23%,12.18
4758,Shuttle,SHPH,US,1.03,-,10.23%,-7.16/-,-,9.81,-,-,-,-,575.90万,-1172.17万,生物科技,3.11%,1.94%,2.56
4759,宣伟,SHW,US,337.7,http://www.sherwin-williams.com/index.jsp,1.42%,10.37/32.52,宣伟公司（Sherwin-Williams Co ，NYSE：SHW）是一家涂料生产商，总部设在美国俄亥俄州克里夫兰市。自1866年以来，该公司一直生产并向全世界提供优质的涂料广泛用于建筑装饰，道路桥梁、工业维护、车辆船舶、航空航天领域；是美国规模最大，产品门类最齐全的专业涂料制造商和全球涂料工业的领导者。,0.01,-,-,NYSE,-,835.34亿,25.68亿,化学制品,0.73%,81.05%,18.17
4760,Shoulder Innovations,SI,US,12.97,-,4.83%,-4.65/-,-,-0.77,-,-,-,-,2.68亿,-4035.90万,医疗保健设备,0.46%,31.65%,1.9
4761,SI-BONE,SIBN,US,13.52,-,7.84%,-0.44/-,-,0.9,-,-,-,-,5.98亿,-1890.40万,医疗保健设备,0.90%,96.23%,3.37
4762,巴西国家黑色冶金,SID,US,1.29,-,1.94%,-0.28/-,-,0,-,-,NYSE,-,17.11亿,-2.75亿,金属与采矿,0.07%,3.00%,0.728
4763,Sidus Space,SIDU,US,3.42,-,15.63%,-1.19/-,-,-7.82,-,-,-,-,2.69亿,-2947.43万,航空航天与国防,29.00%,8.50%,5.31
4764,Siebert Financial,SIEB,US,1.9,-,3.78%,0.13/15.19,-,2.7,-,-,NASDAQ,-,7778.78万,512.10万,资本市场,0.09%,7.94%,0.872
4765,Sifco Industries,SIF,US,14.79,-,8.51%,0.29/27.22,-,0.68,-,-,AMEX,-,9192.17万,179.00万,航空航天与国防,0.79%,18.51%,2.38
4766,Sify Technologies,SIFY,US,15.4,-,4.66%,-0.03/-,-,-1.28,-,-,NASDAQ,-,11.14亿,-1444.10万,信息技术服务,0.05%,0.69%,5.07
4767,西格内特珠宝,SIG,US,88.67,-,4.29%,7.13/12.07,-,-1.12,-,-,NYSE,-,35.53亿,2.94亿,专营零售,1.73%,115.35%,1.81
4768,西佳科技,SIGA,US,4.57,-,3.42%,0.33/14.06,-,0.88,-,-,-,-,3.27亿,2327.91万,制药,1.12%,49.78%,1.65
4769,Selective Insurance,SIGI,US,82.48,-,2.86%,7.54/11.1,-,-2.25,-,-,NASDAQ,-,49.41亿,9540.00万,保险,1.41%,86.31%,1.38
4770,SPROTT,SII,US,130.69,-,2.68%,2.61/50.04,-,0.66,-,-,TSE,-,33.70亿,6734.50万,资本市场,0.68%,51.66%,9.18
4771,Sila Realty,SILA,US,30.4,-,0.13%,0.6/50.7,-,0,-,-,-,-,16.79亿,3312.00万,资本市场,1.74%,66.29%,1.26
4772,矽晶电信,SILC,US,30.57,-,3.56%,-2.01/-,-,3.77,-,-,NASDAQ,-,1.74亿,-1147.90万,通信设备,1.08%,29.73%,1.48
4773,Silo Pharma,SILO,US,0.5,-,10.55%,-0.5/-,-,5.49,-,-,-,-,813.33万,-422.77万,制药,9.05%,7.59%,1.29
4774,Group Simec,SIM,US,30.71,-,0.00%,0.17/55.36,-,-1.1,-,-,AMEX,-,47.14亿,8515.32万,金属与采矿,-,0.15%,1.43
4775,SIM Acquisition,SIMA,US,10.77,-,0.00%,0.29/37.58,-,0.09,-,-,-,-,3.30亿,878.96万,资本市场,0.00%,98.89%,-
4776,慧荣科技,SIMO,US,153.46,-,8.30%,0.91/42.53,-,8.07,-,-,NASDAQ,-,52.15亿,1.23亿,半导体产品与设备,2.21%,19.87%,6.28
4777,SINTX Technologies,SINT,US,2.47,-,6.97%,-6.16/-,-,-1.59,-,-,-,-,1018.07万,-1708.30万,医疗保健设备,0.60%,7.11%,3.47
4778,Sionna Therapeutics,SION,US,38.11,-,9.15%,-1.88/-,-,-0.63,-,-,-,-,17.15亿,-7526.80万,制药,2.01%,97.62%,5.59
4779,Sirius XM Holdings,SIRI,US,26.61,http://www.siriusxm.com/,8.82%,2.38/11.12,Sirius XM Radio Inc (NASDAQ：SIRI)是一家卫星电台运营商。,-4.96,-,-,NASDAQ,-,89.56亿,8.05亿,媒体,3.72%,74.20%,0.775
4780,SITE Centers,SITC,US,5.57,-,3.13%,3.36/1.64,-,2.39,-,-,-,-,2.92亿,1.78亿,权益型REITs,1.19%,111.40%,0.873
4781,Siteone Landscape,SITE,US,145.09,-,2.98%,3.39/42.35,-,0.48,-,-,NYSE,-,64.29亿,1.52亿,贸易与经销,0.83%,111.12%,3.87
4782,SiTime,SITM,US,570.26,-,4.16%,-1.72/-,-,2.54,-,-,-,-,150.53亿,-4290.30万,半导体产品与设备,1.68%,91.73%,13.02
4783,思享无限,SJ,US,1.1,-,12.61%,-2.01/-,-,-0.9,-,-,-,-,4670.90万,-8395.26万,软件,0.19%,0.23%,0.531
4784,JM斯马克,SJM,US,96.07,-,1.98%,-4.94/-,-,-0.12,-,-,NYSE,-,102.46亿,-5.27亿,食品,1.23%,92.59%,1.96
4785,San Juan Basin,SJT,US,4.2,-,5.84%,-0.01/-,-,-5.62,-,-,NYSE,-,1.96亿,-38.78万,石油与天然气,0.81%,32.94%,85.71
4786,Skyline Builders,SKBL,US,3.6,-,7.41%,0.02/80.94,-,-4.76,-,-,-,-,5152.17万,43.90万,建筑与工程,2.04%,5.58%,2.85
4787,Skeena Resources,SKE,US,31.61,-,2.42%,-1.16/-,-,-0.53,-,-,-,-,38.48亿,-1.33亿,金属与采矿,0.50%,47.10%,33.17
4788,Skillsoft,SKIL,US,6.43,-,7.81%,-16.27/-,-,-1.68,-,-,PINK,-,5666.32万,-1.40亿,综合消费者服务,1.46%,70.23%,-
4789,SkinHealth,SKIN,US,0.851,-,5.57%,-0.08/-,-,3.03,-,-,-,-,1.09亿,-951.90万,个人用品,0.81%,62.42%,1.78
4790,SKK,SKK,US,1.66,-,13.41%,-0.16/-,-,-7.26,-,-,-,-,404.62万,-292.00万,建筑与工程,2.78%,1.18%,0.559
4791,Skillz,SKLZ,US,7.91,-,16.31%,-4.51/-,-,-36.47,-,-,-,-,1.23亿,-7040.80万,软件,1.11%,19.59%,1.1
4792,韩国SK电信,SKM,US,38.04,-,4.51%,1.26/51.58,-,0.21,-,-,NYSE,-,145.82亿,2.83亿,无线电信业务,0.65%,7.22%,1.64
4793,Tanger,SKT,US,36.67,-,1.74%,1.01/36.87,-,-0.84,-,-,NYSE,-,42.00亿,1.14亿,零售房地产投资信托,0.55%,92.71%,5.95
4794,Skyward Specialty,SKWD,US,45.94,-,2.10%,4.21/12.04,-,-0.52,-,-,-,-,20.46亿,1.70亿,保险,0.81%,84.29%,2.03
4795,Champion Homes,SKY,US,82,-,1.92%,3.14/21.23,-,0.92,-,-,AMEX,-,45.35亿,1.77亿,耐用消费品,0.67%,115.65%,2.85
4796,Skye Bioscience,SKYE,US,0.97,-,11.57%,-1.41/-,-,7.9,-,-,-,-,3407.31万,-5592.48万,制药,0.78%,46.09%,1.7
4797,Sky Harbour,SKYH,US,10.54,-,3.31%,0.56/42.66,-,1.25,-,-,-,-,8.03亿,1881.80万,交通基本设施,0.27%,28.96%,6.29
4798,Sky Quarry,SKYQ,US,6,-,15.16%,-4.41/-,-,-15.01,-,-,-,-,2254.47万,-1219.84万,商业服务与用品,27.83%,8.28%,7.08
4799,SkyWater Technology,SKYT,US,33.58,-,3.32%,2.47/13.88,-,0.48,-,-,-,-,16.51亿,1.19亿,半导体产品与设备,2.82%,52.61%,8.79
4800,西空航空,SKYW,US,86.09,-,8.37%,10.62/8.05,-,-7.18,-,-,NASDAQ,-,34.59亿,1.02亿,航空公司,2.14%,92.63%,1.27
4801,SKYX Platforms,SKYX,US,1.04,-,9.61%,-0.32/-,-,0.97,-,-,-,-,1.39亿,-3447.48万,耐用消费品,1.81%,12.89%,-
4802,芯科实验室,SLAB,US,215.5,-,1.14%,-1.98/-,-,0.46,-,-,NASDAQ,-,71.05亿,-6490.70万,半导体产品与设备,1.90%,103.37%,6.49
4803,SOLAI,SLAI,US,0.758,-,10.67%,-0.02/-,-,1.07,-,-,-,-,1499.58万,-3387.70万,软件,1.40%,0.05%,0.438
4804,SLB,SLB,US,56.15,http://www.slb.com,5.25%,0.5/24.98,斯伦贝谢（Schlumberger）公司是一家油田技术服务公司，公司成立于1927年，总部位于纽约、巴黎和海牙，在全球140多个国家设有分支机构。,2.58,-,713-513-2000,NYSE,-,842.89亿,7.52亿,能源设备与服务,1.56%,85.55%,3.08
4805,Solid Biosciences,SLDB,US,7.92,-,5.41%,-1.99/-,-,-3.65,-,-,-,-,7.79亿,-1.74亿,生物科技,0.97%,83.44%,4.33
4806,Slide Insurance,SLDE,US,18.47,-,3.07%,4.75/5.17,-,1.37,-,-,-,-,22.96亿,4.44亿,保险,1.35%,33.12%,2.06
4807,Solid Power,SLDP,US,3.67,-,6.49%,-0.51/-,-,-0.81,-,-,-,-,8.24亿,-9341.00万,电子设备与仪器,4.37%,34.85%,1.98
4808,Super League,SLE,US,3.76,-,5.51%,-40.43/-,-,-1.31,-,-,-,-,549.13万,-2071.70万,娱乐,0.80%,11.73%,0.313
4809,永明金融,SLF,US,71.53,http://www.sunlife.com,0.85%,4.5/15.65,加拿大永明金融(SLF)是当今世界最大的保险和资产管理公司之一，主要为个人及企业客户提供各类理财及保障的产品和服务。2003年与中国光大集团联合成立了光大永明人寿公司。,1.12,-,416-979-9966,NYSE,"Sun Life Centre 150 King Street West Toronto, ON M5H 1J9 Canada",396.29亿,25.32亿,保险,0.11%,45.56%,2.44
4810,SL Green Realty,SLG,US,42.16,-,1.88%,-1.2/-,-,0.24,-,-,NYSE,-,29.98亿,-8439.10万,写字楼房地产投资信托,1.36%,97.65%,0.905
4811,智慧物流,SLGB,US,0.744,-,13.17%,0.02/16.55,-,-7.58,-,-,-,-,3050.40万,81.38万,商业服务与用品,6.68%,0.06%,1.87
4812,Sol-gel,SLGL,US,74.83,-,13.13%,-2.19/-,-,3.5,-,-,-,-,2.45亿,-612.70万,制药,2.79%,23.89%,10.72
4813,西尔格控股,SLGN,US,39.02,-,1.90%,2.71/14.3,-,-1.79,-,-,NASDAQ,-,41.24亿,2.88亿,容器与包装,0.65%,90.64%,1.81
4814,Standard Lithium,SLI,US,3.76,-,2.55%,-0.23/-,-,0.8,-,-,-,-,9.14亿,-4839.80万,化学制品,0.58%,27.70%,2.58
4815,学贷美,SLM,US,23.83,-,10.01%,1.56/6.13,-,1.75,-,-,NASDAQ,-,44.94亿,3.04亿,消费信贷,6.01%,106.60%,2.06
4816,Brera Holdings,SLMT,US,0.672,-,7.35%,-1.25/-,-,-1.18,-,-,-,-,5510.09万,-238.17万,娱乐,1.83%,41.28%,5.21
4817,Silence Therapeutics,SLN,US,7.7,-,4.08%,-0.63/-,-,-1.79,-,-,-,-,3.64亿,-8861.20万,生物科技,1.90%,12.76%,5.84
4818,Southland,SLND,US,1,-,4.85%,-5.67/-,-,-2.91,-,-,-,-,5421.89万,-3.07亿,建筑与工程,0.94%,15.08%,-
4819,Stabilis Solutions,SLNG,US,3.64,-,4.79%,-0.07/-,-,2.54,-,-,-,-,6769.05万,-135.40万,石油与天然气,0.39%,5.53%,1.03
4820,Soluna Holdings,SLNH,US,1.2,-,20.52%,-2.38/-,-,-10.45,-,-,-,-,1.36亿,-5341.10万,信息技术服务,21.37%,10.93%,2.54
4821,Soleno Therapeutics,SLNO,US,52.72,-,0.34%,0.4/132.9,-,-0.21,-,-,-,-,27.22亿,2047.50万,生命科学工具,6.63%,123.72%,6.05
4822,Simulations Plus,SLP,US,14.56,-,4.27%,0.26/-,-,1.96,-,-,NASDAQ,-,2.94亿,521.10万,医疗保健技术,1.22%,81.69%,2.2
4823,SelectQuote,SLQT,US,0.91,-,14.08%,0.02/8.2,-,8.59,-,-,-,-,1.60亿,322.70万,保险,1.05%,41.16%,0.446
4824,SLR Investment,SLRC,US,15.7,http://www.solarcapltd.com.,2.31%,1.7/9.26,"Solar Capital is a closed-end, externally managed investment company that has elected to be treated as a business development company under the Investment Company Act of 1940 and intends to be taxed as a regulated investment company under Subchapter M of the Internal Revenue Code. 

Solar Capital invests primarily in leveraged, middle-market companies in the form of senior secured loans, mezzanine loans and equity securities. Solar Capital’s investment objective is to generate both current income and capital appreciation through debt and equity investments. Solar Capital does this through applying private equity style investing to credit and non-control equity opportunities as well as a value-oriented focus on preservation of capital. Solar Capital maintains this investment philosophy through a disciplined approach to rigorous monitoring.",2.15,-,212-993-1670,NASDAQ,"500 Park Avenue, 5th Floor, New York, NY 10022, US",8.57亿,9253.70万,资本市场,0.48%,32.21%,0.863
4825,SELLAS Life Sciences,SLS,US,4.46,-,5.93%,-0.25/-,-,-3.88,-,-,-,-,8.23亿,-2686.30万,制药,4.08%,20.01%,11.61
4826,Solesence,SLSN,US,1.21,-,15.32%,0.03/47.75,-,9.01,-,-,-,-,8546.53万,179.00万,医疗保健服务,0.66%,5.20%,4.84
4827,Solaris,SLSR,US,10.52,-,1.91%,-0.26/-,-,0.57,-,-,-,-,17.57亿,-4222.70万,金属与采矿,0.10%,26.12%,-
4828,Sylvamo,SLVM,US,41.18,-,4.29%,3.29/12.4,-,0.1,-,-,-,-,16.36亿,1.32亿,林业与纸制品,1.30%,98.96%,1.69
4829,Silexion,SLXN,US,0.783,-,20.54%,8.96/-,-,-14.89,-,-,-,-,319.05万,-1191.20万,生物科技,4.40%,0.46%,1.23
4830,SM Energy,SM,US,28.78,-,3.14%,5.65/10.65,-,-1.74,-,-,NYSE,-,69.00亿,6.48亿,石油与天然气,1.32%,96.99%,1.43
4831,Smartstop,SMA,US,32.46,-,2.99%,-0.2/-,-,-0.09,-,-,-,-,17.93亿,-875.80万,工业房地产投资信托,0.74%,84.03%,1.52
4832,Southern Missouri,SMBC,US,67.27,-,2.51%,3/11.37,-,-0.47,-,-,NASDAQ,-,7.41亿,5148.00万,综合金融服务,1.07%,55.53%,1.29
4833,Smartfinancial,SMBK,US,42.17,-,2.24%,3/13.66,-,0.45,-,-,NASDAQ,-,7.21亿,1368.00万,商业银行,0.66%,62.55%,1.28
4834,Summit Midstream,SMC,US,29.68,-,1.96%,-1.61/-,-,0.2,-,-,NYSE,-,6.04亿,-1956.90万,石油与天然气,0.39%,48.02%,1.39
4835,超微电脑,SMCI,US,29.08,-,8.24%,0.95/20.01,-,8.71,-,-,NASDAQ,-,174.62亿,5.69亿,信息技术服务,7.48%,55.64%,2.5
4836,三井住友金融,SMFG,US,20.2,-,1.04%,2.32/27.43,三井住友银行（Sumitomo Mitsui Banking Corporation 略称：SMBC）总部位于东京都。商标千代田区有乐町，成立于2001年4月1日，是由住友集团的中核银行住友银行与三井集团的樱花银行合并而成，总资产达100万亿日元的三井住友银行系日本三井财团和住友财团的核心企业，是日本第二大商业银行、世界十大商业银行之一。,0.5,-,-,NYSE,-,1289.00亿,88.95亿,商业银行,0.03%,1.83%,1.29
4837,斯科兹物种,SMG,US,67.2,-,4.40%,-2.16/43.43,-,4.46,-,-,NYSE,-,39.00亿,-1.25亿,化学制品,2.31%,74.84%,-
4838,SEACOR Marine,SMHI,US,6.91,-,1.51%,-1.06/-,-,-0.72,-,-,-,-,1.87亿,-2784.40万,海运,0.26%,41.71%,0.707
4839,Smith-Midland,SMID,US,34.18,-,4.34%,2.36/14.5,-,3.7,-,-,-,-,1.81亿,1250.60万,建筑材料,0.14%,61.73%,3.34
4840,SMJ International,SMJF,US,3.18,-,7.62%,0.01/122.6,-,0.95,-,-,-,-,8810.19万,21.42万,建筑产品,72.30%,1.54%,14.32
4841,Summit Therapeutics,SMMT,US,22.08,-,4.06%,-1.44/-,-,-0.85,-,-,NASDAQ,-,171.36亿,-10.80亿,制药,3.92%,15.21%,26.01
4842,Standard Motor,SMP,US,38.6,-,3.68%,1.88/20.79,-,1.37,-,-,NYSE,-,8.59亿,4133.50万,汽车零配件,0.68%,81.17%,1.26
4843,易美味,SMPL,US,13.36,-,6.08%,-1.41/-,-,7.57,-,-,-,-,12.09亿,-1.34亿,食品,4.02%,98.41%,0.811
4844,NuScale Power,SMR,US,11.96,-,12.66%,-2.17/-,-,-5.97,-,-,-,-,41.04亿,-3.56亿,独立电力生产商,13.21%,40.49%,3.51
4845,SmartRent,SMRT,US,1.35,-,4.35%,-0.32/-,-,-2.17,-,-,NASDAQ,-,2.60亿,-6055.80万,软件,0.27%,59.63%,1.12
4846,Smith Micro Software,SMSI,US,0.788,-,10.71%,-1.46/-,-,5.49,-,-,NASDAQ,-,2018.07万,-3009.60万,软件,0.46%,7.16%,1.1
4847,先科电子,SMTC,US,109.79,-,7.44%,-0.46/-,-,4.22,-,-,NASDAQ,-,102.23亿,-4037.60万,半导体产品与设备,2.89%,110.70%,18.6
4848,Sanara,SMTI,US,19.22,-,4.18%,-4.36/-,-,0.47,-,-,-,-,1.76亿,-3756.26万,医疗保健设备,0.84%,21.71%,29.66
4849,SmartKem,SMTK,US,0.271,-,13.60%,-1.29/-,-,8.4,-,-,-,-,574.60万,-1050.90万,半导体产品与设备,7.22%,4.87%,-
4850,Similarweb,SMWB,US,2.59,-,5.37%,-0.39/-,-,0,-,-,-,-,2.27亿,-3293.60万,软件,0.95%,66.42%,9.74
4851,SMX,SMX,US,2.08,-,50.00%,-0.82/-,-,-40.91,-,-,-,-,989.96万,-1.69亿,专业服务,2.22%,0.16%,1.12
4852,Solarmax Technology,SMXT,US,0.6,-,5.03%,-0.13/-,-,0.67,-,-,-,-,3414.39万,-632.54万,电子设备与仪器,0.12%,2.58%,-
4853,SharkNinja,SN,US,115.74,-,2.23%,4.97/23.31,-,0.92,-,-,NYSE,-,163.47亿,7.01亿,耐用消费品,1.18%,57.01%,6.11
4854,实耐宝,SNA,US,378.42,-,4.26%,4.76/19.15,-,-3.16,-,-,NYSE,-,196.03亿,2.47亿,机械制造,1.16%,93.37%,3.29
4855,蜗牛游戏,SNAL,US,0.626,-,10.36%,-0.73/-,-,-8.61,-,-,-,-,2668.14万,-2723.51万,娱乐,13.29%,6.89%,-
4856,Snap,SNAP,US,5.65,https://www.snap.com,3.77%,-0.27/-,Snapchat (快拍)是由斯坦福大学两位学生开发的一款“阅后即焚”照片分享应用。用户可以通过该应用拍照、录制视频、添加文字和图画，并将他们发送到自己在该应用上的好友列表。该应用最主要的功能是所有照片都有一个1到10秒的生命期，用户拍了照片发送给好友后，这些照片会根据用户所预先设定的时间按时自动销毁。,1.44,S1/F1,1-310-3993339,NYSE,-,95.43亿,-4.60亿,软件,2.98%,53.15%,4.18
4857,Sleep Number,SNBR,US,2.36,-,9.35%,-5.77/-,-,-4.07,-,-,-,-,5437.68万,-1.32亿,耐用消费品,4.20%,79.04%,-
4858,Sun Country Airlines,SNCY,US,16.4,-,3.30%,0.99/16.83,-,0.37,-,-,-,-,8.89亿,5280.90万,航空公司,1.20%,115.00%,1.42
4859,Smart Sand,SND,US,5.24,-,3.98%,0.03/167.5,-,-0.76,-,-,NASDAQ,-,2.25亿,134.50万,金属与采矿,0.65%,32.30%,0.94
4860,Sonida Senior Living,SNDA,US,36.03,-,5.16%,-4.22/-,-,2.5,-,-,-,-,17.07亿,-7641.60万,医疗保健服务,0.90%,31.04%,0.0000
4861,闪迪,SNDK,US,989.9,http://www.sandisk.com/,5.91%,6.27/-,SanDisk Corp (NASDAQ：SNDK)是知名的移动设备闪存制造商。,6.16,-,-,NASDAQ,-,1461.10亿,9.15亿,电脑与外围设备,8.39%,81.80%,14.31
4862,SNDL,SNDL,US,1.51,-,5.23%,-0.04/-,-,-1.31,-,-,-,-,3.91亿,-1150.38万,制药,0.88%,22.00%,0.487
4863,Schneider National,SNDR,US,30.28,-,1.76%,0.59/51.25,-,0.5,-,-,NYSE,-,53.09亿,1.04亿,公路与铁路,1.89%,74.54%,1.76
4864,Syndax,SNDX,US,21.39,-,4.19%,-3.29/-,-,1.86,-,-,NASDAQ,-,18.87亿,-2.85亿,生物科技,2.00%,113.73%,29.18
4865,SenesTech,SNES,US,1.57,-,2.01%,-1.95/-,-,2.01,-,-,NASDAQ,-,832.64万,-638.30万,化学制品,0.45%,15.94%,0.87
4866,StoneX,SNEX,US,106.14,-,2.94%,2.66/23.21,-,1.18,-,-,-,-,83.53亿,1.39亿,资本市场,0.68%,81.48%,3.31
4867,Security National,SNFCA,US,9.9,-,2.34%,1.3/8.01,-,0.51,-,-,NASDAQ,-,2.58亿,3215.23万,综合金融服务,0.17%,41.67%,0.628
4868,Soligenix,SNGX,US,1.39,-,3.65%,-2.14/-,-,1.46,-,-,-,-,1432.55万,-1108.04万,制药,0.62%,4.48%,2.71
4869,施乐辉,SNN,US,31.57,-,1.00%,0.72/21.57,-,-1.1,-,-,NYSE,-,134.80亿,6.25亿,医疗保健设备,0.30%,7.09%,2.55
4870,Sonoma制药,SNOA,US,1.14,-,16.11%,-1.56/-,-,-36.67,-,-,NASDAQ,-,198.52万,-259.40万,医疗保健设备,3.02%,5.45%,0.578
4871,Snowflake,SNOW,US,140.32,-,6.27%,-3.95/-,-,-4.15,-,-,NYSE,-,485.09亿,-13.32亿,信息技术服务,3.52%,75.53%,25.21
4872,新思科技,SNPS,US,500.82,-,7.24%,0.34/87.1,-,9.62,-,-,NASDAQ,-,959.38亿,6495.80万,软件,1.58%,86.79%,3.14
4873,Sensei,SNSE,US,31.79,-,4.51%,-16.72/-,-,-2.54,-,-,-,-,4260.75万,-2108.50万,生物科技,0.67%,4.83%,2.29
4874,Senstar,SNT,US,3,-,3.93%,0.14/14.42,-,-1.64,-,-,-,-,6999.50万,324.90万,软件,0.04%,6.54%,1.62
4875,叁腾科技,SNTG,US,1.91,-,4.64%,-0.34/-,-,-1.55,-,-,-,-,535.82万,-79.80万,消费信贷,2.29%,1.20%,0.569
4876,Senti Biosciences,SNTI,US,1.09,-,6.93%,-2.73/-,-,7.92,-,-,-,-,3394.75万,-6143.80万,生物科技,1.76%,18.11%,6.09
4877,SANUWAVE Health,SNWV,US,18.7,-,4.89%,1.38/13.6,-,-2.15,-,-,-,-,1.61亿,1181.30万,生物科技,0.66%,42.72%,99.47
4878,新聚思,SNX,US,227.71,-,2.54%,4.05/18.55,-,2.19,-,-,NYSE,-,183.06亿,3.27亿,专业服务,0.87%,90.36%,2.08
4879,赛诺菲-安万特,SNY,US,46.78,-,1.64%,1.54/13.2,赛诺菲·安万特(SNY)是世界第三大制药公司，在欧洲排名第一。集团在七大治疗领域居领先地位：心血管疾病、血栓形成、肿瘤学、糖尿病、中枢神经系统、内科学和疫苗。,-1.58,-,-,NYSE,-,1148.69亿,18.59亿,制药,0.12%,9.21%,1.36
4880,Synergy CHC,SNYR,US,0.4,-,4.75%,-1.27/-,-,0,-,-,-,-,459.36万,-1234.12万,制药,8.73%,15.68%,-
4881,南方电力,SO,US,93.49,http://www.southerncompany.com,1.13%,3.94/24.28,"南方公司是美国最大的电力厂商，并且是世界独立电力厂商的龙头之一,总部位于亚特兰大。其全资子公司包括阿拉巴马电力公司(Alabama Power)、佐治亚电力公司(Georgia Power)、海湾电力公司(Gulf Power)、密西西比电力公司(Mississippi Power)和萨凡纳电力公司(Savannah Power)。该公司还拥有南方通信服务公司(Southern LINC)、南方核能公司(Southern Nuclear)、南方公司服务公司(SCS)、南方能源(Energy Solutions)、南方电信(Southern Telecom)、南方电力(SPC)和其它一些直接或间接子公司。其服务范围包括乔治亚、阿拉巴马、密西西比州东南和佛罗里达州。透过公司的电力子公司，它供应电力给10个国家：阿根廷、巴哈马、巴西、智利、中国、英国、德国、菲律宾和美国部分地区等。",-0.45,-,(404) 506-5000,NYSE,-,1053.92亿,43.41亿,电力,0.27%,70.97%,2.93
4882,Volato Group,SOAR,US,0.229,-,7.52%,1.18/0.893,-,1.33,-,-,-,-,461.75万,517.30万,航空公司,12.22%,1.06%,-
4883,South Bow,SOBO,US,32,-,1.54%,2.08/15.41,-,0.44,-,-,-,-,66.74亿,4.33亿,石油与天然气,0.42%,63.87%,2.46
4884,SOBR,SOBR,US,0.54,-,5.12%,-6.12/-,-,-1.28,-,-,-,-,151.56万,-900.19万,电子设备与仪器,3.49%,2.01%,0.304
4885,Sable Offshore,SOC,US,13.58,-,4.84%,-4.18/-,-,-4.77,-,-,-,-,20.00亿,-4.10亿,石油与天然气,1.52%,87.30%,3.74
4886,Solarius Capital,SOCA,US,10.18,-,0.20%,0.19/114.3,-,0,-,-,-,-,2.39亿,208.85万,资本市场,0.08%,82.94%,-
4887,SoFi Technologies,SOFI,US,18.44,-,2.23%,0.42/48.86,-,0.66,-,-,-,-,235.16亿,4.81亿,消费信贷,3.29%,54.91%,2.24
4888,Sound集团,SOGP,US,14.45,-,5.06%,0.03/1.86,-,-1.1,-,-,-,-,6010.14万,3238.65万,娱乐,0.66%,0.01%,1.05
4889,搜狐,SOHU,US,15.72,http://www.sohu.com,3.96%,13.96/1.04,搜狐是一家立足于中国市场的互联网媒体、搜索、在线游戏及无线增值服务集团，旗下拥有由门户网站搜狐网、网络游戏公司畅游、社区网站chinaren、房地产网站焦点网、搜狗等品牌组成的互联网业务线。目前搜狐的收入主要由品牌广告、在线游戏、无线增值三部分组成。搜狐2000年7月12日在美国纳斯达克挂牌上市，发行价13美元。搜狐持股68%的畅游(CYOU)也是纳斯达克上市公司。,3.83,S1/F1,86-10-62726666,NASDAQ,北京市海淀区中关村东路1号院搜狐网络大厦,4.10亿,3.94亿,互动媒体与服务,0.18%,32.97%,0.321
4890,Solstice Advanced,SOLS,US,81.3,-,2.34%,1.49/54.47,-,0.31,-,-,-,-,129.10亿,2.37亿,化学制品,0.85%,82.19%,9.15
4891,Solventum,SOLV,US,68.52,-,1.85%,8.94/7.64,-,-0.64,-,-,-,-,118.82亿,15.56亿,医疗保健技术,0.41%,72.74%,2.35
4892,Sonoco Products,SON,US,48.45,-,2.99%,0.68/4.71,-,-1.5,-,-,NYSE,-,47.90亿,6760.10万,容器与包装,2.12%,85.50%,1.34
4893,DNA X,SONM,US,4.19,-,16.63%,-28.58/-,-,3.97,-,-,-,-,623.58万,-2065.70万,软件,1.54%,10.45%,-
4894,搜诺思,SONO,US,14.75,-,3.33%,0.78/-,-,2.29,-,-,-,-,17.83亿,9379.80万,耐用消费品,0.74%,95.24%,4.02
4895,索尼,SONY,US,20.28,-,1.51%,-0.44/-,-,-1.02,-,-,-,-,1198.07亿,-26.13亿,耐用消费品,0.13%,7.43%,2.3
4896,Society Pass,SOPA,US,0.438,-,14.84%,-1.06/-,-,-5.81,-,-,-,-,563.59万,-648.11万,多元化零售,5.36%,2.90%,0.405
4897,Sophia Genetics,SOPH,US,4.85,-,7.82%,-1.17/-,-,-0.41,-,-,-,-,3.48亿,-7899.90万,生命科学工具,0.10%,25.44%,7.37
4898,Source Capital,SOR,US,46.065,-,1.08%,7.23/6.37,-,-0.46,-,-,NYSE,-,3.79亿,5950.87万,资本市场,0.74%,18.62%,0.954
4899,AsiaStrategy,SORA,US,2.79,-,8.54%,-0.02/-,-,-0.71,-,-,-,-,6937.06万,-56.31万,经销商,0.61%,0.15%,7.77
4900,Soren Acquisition,SORN,US,9.9,-,0.00%,-0.01/-,-,0,-,-,-,-,3.44亿,-8.32万,资本市场,0.00%,-,-
4901,艾斯欧艾斯,SOS,US,1.18,-,8.94%,-0.01/-,-,-4.07,-,-,-,-,1062.70万,-1421.60万,专业服务,0.45%,3.76%,0.024
4902,Sono-Tek,SOTK,US,4.7,-,10.48%,0.08/46.84,-,8.29,-,-,-,-,7383.88万,124.86万,电子设备与仪器,0.48%,8.01%,3.86
4903,Soulpower,SOUL,US,10.32,-,0.10%,0.22/58.78,-,0.05,-,-,-,-,3.50亿,596.17万,资本市场,0.00%,97.65%,-
4904,SoundHound AI,SOUN,US,8.19,-,7.86%,-0.03/-,-,4.73,-,-,-,-,34.91亿,-1400.60万,软件,7.52%,45.57%,7.53
4905,Sow Good,SOWG,US,1.78,-,18.80%,-3.44/-,-,7.94,-,-,-,-,3569.51万,-4064.15万,食品与日用品零售,20.16%,0.10%,-
4906,Safe Pro Group,SPAI,US,4.36,-,5.75%,-0.85/-,-,0.23,-,-,-,-,9107.86万,-1432.28万,软件,0.64%,15.09%,5.14
4907,品谱控股,SPB,US,84.36,-,1.38%,1.21/18.67,-,0.04,-,-,NYSE,-,19.57亿,2840.00万,耐用消费品,0.71%,115.70%,1.03
4908,Supercom,SPCB,US,8.98,-,5.15%,1.32/13.94,-,0.5,-,-,NASDAQ,-,4205.79万,532.00万,电子设备与仪器,0.82%,9.94%,1.13
4909,维珍银河,SPCE,US,2.58,-,6.64%,-5.44/-,-,-4.8,-,-,-,-,2.44亿,-2.79亿,航空航天与国防,13.51%,17.92%,0.889
4910,Special Opportunitie,SPE,US,14.3,-,0.39%,1.84/7.77,-,0.35,-,-,NYSE,-,1.52亿,1954.18万,资本市场,0.15%,26.50%,0.877
4911,Silver Pegasus,SPEG,US,10.21,-,0.00%,0.0000/53105,-,-0.1,-,-,-,-,1.57亿,2948.00,资本市场,0.00%,87.62%,1.45
4912,South Plains,SPFI,US,43.22,-,2.02%,3.59/12.08,-,-0.89,-,-,-,-,7.06亿,5847.10万,商业银行,0.83%,42.84%,1.43
4913,西蒙地产,SPG,US,201.16,http://www.simon.com/,1.49%,14.17/14.13,"美国西蒙地产集团是北美最大的零售地产上市公司；总部位于美国印第安纳波利里斯。
   公司拥有、开发和管理的零售地产类型主要包括以下五大类：区域性购物中心、名品直销折扣购物中心、娱乐主题型购物中心、社区及时尚生活中心、以及在其他国家拥有的零售地产项目。
   西蒙地产是标准普尔500指数成分股之一。",-1.23,-,-,NYSE,-,653.46亿,46.24亿,零售房地产投资信托,0.33%,90.48%,12.65
4914,标普全球,SPGI,US,436.79,-,1.70%,14.67/29.61,-,-0.51,-,-,NYSE,-,1324.07亿,44.71亿,资本市场,0.59%,86.32%,4.25
4915,Suburban Propane,SPH,US,19.3,-,1.69%,0.69/9.63,-,-0.87,-,-,NYSE,-,12.80亿,4578.00万,燃气,0.10%,42.47%,2.04
4916,Springview,SPHL,US,2.31,-,13.57%,-0.02/-,-,-10.47,-,-,-,-,2832.52万,-39.95万,建筑与工程,0.31%,0.64%,6.45
4917,Sphere,SPHR,US,131.38,-,6.10%,0.93/139.6,-,2.75,-,-,-,-,46.64亿,3340.50万,娱乐,2.32%,114.60%,2.09
4918,Spire Global,SPIR,US,16.51,-,10.55%,1.66/11.27,-,-5.87,-,-,-,-,5.78亿,5130.50万,信息技术服务,6.32%,36.00%,5.12
4919,Spark I Acquisition,SPKL,US,11.39,-,0.00%,0.02/335.9,-,0,-,-,-,-,9862.36万,29.36万,资本市场,0.00%,27.70%,-
4920,Sound Point,SPMC,US,9.77,-,2.41%,-0.37/51.34,-,2.41,-,-,-,-,2.00亿,-756.20万,资本市场,0.08%,57.30%,0.578
4921,SiriusPoint,SPNT,US,23.76,-,3.00%,3.8/6.27,-,1.67,-,-,-,-,27.80亿,4.44亿,保险,0.45%,82.92%,1.22
4922,Spok Holdings,SPOK,US,11.37,-,1.41%,0.77/14.84,-,0,-,-,NASDAQ,-,2.36亿,1588.10万,无线电信业务,0.37%,52.81%,1.61
4923,Spotify Technology,SPOT,US,518,-,2.80%,12.64/41.08,-,0.4,-,-,-,-,1066.47亿,25.96亿,娱乐,1.04%,66.00%,10.91
4924,Simpple,SPPL,US,2.27,-,4.46%,-0.56/-,-,1.34,-,-,-,-,2221.46万,-325.47万,软件,25.02%,0.01%,8.32
4925,Spruce,SPRB,US,54.37,-,4.44%,-50.83/-,-,0.67,-,-,-,-,1.47亿,-3896.60万,制药,5.29%,25.13%,3.46
4926,SciSparc,SPRC,US,6.69,-,19.60%,17.92/-,-,1.67,-,-,-,-,378.32万,-932.80万,制药,30.71%,0.64%,-
4927,Spero Therapeutics,SPRO,US,2.74,-,2.86%,0.15/18.5,-,-2.14,-,-,-,-,1.59亿,857.20万,制药,0.82%,30.87%,2.69
4928,Spruce Power Holding,SPRU,US,3.57,-,10.82%,-1.42/-,-,-7.99,-,-,-,-,6541.94万,-2602.70万,独立电力生产商,0.74%,36.24%,0.551
4929,ARS Pharmaceuticals,SPRY,US,8.29,-,5.54%,-1.74/-,-,-0.12,-,-,-,-,8.23亿,-1.71亿,制药,3.29%,90.57%,7.2
4930,SPS Commerce,SPSC,US,54.65,http://www.spscommerce.com,3.24%,2.46/21.64,SPS Commerce 是按需供应链管理解决方案和Retail Universe社区的提供商，为客户提供集成、协作、连接、可见性以及数据分析等服务。利用软件即服务模式通过网络提供解决方案，改善零售供应链社区的供应商、零售商、分销商以及其他客户建立贸易伙伴关系和管理及执行订单的方式。公司的Retail Universe汇聚了数千名零售供应链成员的资料，帮助零售商、供应商和第三方物流商根据产品或集成要求寻找、联系和建立新业务伙伴关系。总部位于明尼阿波利斯市。,2.49,-,-,NASDAQ,-,20.20亿,9333.90万,软件,1.03%,104.66%,2.07
4931,Sprout Social,SPT,US,5.99,-,6.96%,-0.74/-,-,6.96,-,-,-,-,3.60亿,-4332.70万,软件,1.69%,93.47%,1.77
4932,Sportsman's,SPWH,US,1.5,http://www.sportsmanswarehouse.com,8.22%,-1.3/-,"Sportsman’s Warehouse is a high-growth outdoor sporting goods retailer focused on meeting the everyday needs of the seasoned outdoor veteran, the first-time participant and every enthusiast in between. Our mission is to provide a one-stop shopping experience that equips our customers with the right hunting, shooting, fishing and camping gear to maximize their enjoyment of the outdoors. We strive to accomplish this goal by tailoring our broad and deep merchandise assortment to meet local conditions and demand, offering everyday low prices, providing friendly support from our knowledgeable, highly trained staff and offering extensive in-store events and educational programming. These core strategies help position Sportsman’s Warehouse as the “local outdoor experts” and the preferred place to both shop and share outdoor-based experiences in the communities we serve. As a result, we are expanding our loyal customer base in existing markets and increasing our store footprint in new markets, which we believe will further drive our growth and profitability.",-1.32,S1/F1,-,NASDAQ,-,5843.00万,-5006.10万,休闲设备与用品,2.70%,66.81%,0.31
4933,SunPower,SPWR,US,0.976,http://us.sunpowercorp.com/,13.67%,-0.52/-,SunPower成立于1985年，公司总部位于加州的San Jose，于2005年在NASDAQ上市，是一家集开发、设计、生产和销售高效、高可靠性太阳能电池片、组件和系统为一体的光伏公司,-0.41,-,-,NASDAQ,-,1.24亿,-4535.40万,电子设备与仪器,3.91%,18.64%,-
4934,SPX Technologies,SPXC,US,222.82,-,2.21%,5.1/45.82,-,-0.51,-,-,NYSE,-,111.80亿,2.44亿,机械制造,0.58%,93.98%,5
4935,Nuveen动态覆盖基金,SPXX,US,17.49,-,1.21%,2.24/7.82,-,1.04,-,-,NYSE,-,3.14亿,4018.65万,资本市场,0.89%,30.93%,0.905
4936,Presidio Property,SQFT,US,3.445,-,4.91%,-8.65/-,-,-0.43,-,-,-,-,496.66万,-1057.13万,权益型REITs,1.36%,2.06%,0.295
4937,智利矿业化工,SQM,US,88.79,-,3.89%,2.06/43.12,-,3.91,-,-,NYSE,-,253.62亿,5.88亿,化学制品,0.85%,28.92%,4.46
4938,Sequans,SQNS,US,3.3,http://www.sequans.com,12.54%,-0.12/-,Sequans Communications S.A. Ame (SQNS)2003年成立于法国巴黎；是4G无线通讯技术设计、研发和产品供应商。,11.86,-,33 1 70 72 16 00,NYSE,"Batiment Citicenter 19 Le Parvis de La Defense Paris, 92073",5278.65万,-1.02亿,半导体产品与设备,1.40%,0.69%,0.413
4939,Spire,SR,US,90.87,-,1.57%,1.55/19.87,-,-0.48,-,-,NYSE,-,53.70亿,9120.00万,燃气,0.59%,90.31%,1.68
4940,Sportradar Group,SRAD,US,13.29,-,9.84%,0.4/127,-,3.02,-,-,-,-,149.52亿,1.18亿,软件,4.51%,90.40%,13.02
4941,SR Bancorp,SRBK,US,18.53,-,1.37%,0.2/36.12,-,-0.11,-,-,-,-,1.54亿,152.70万,商业银行,0.70%,32.56%,0.82
4942,1st Source,SRCE,US,73.11,-,5.30%,1.63/10.95,-,-1.07,-,-,NASDAQ,-,17.60亿,3995.60万,商业银行,1.18%,52.33%,1.38
4943,桑普拉能源,SRE,US,93.2,-,1.06%,2.75/33.9,-,-0.76,-,-,NYSE,-,608.91亿,17.96亿,独立电力生产商,0.42%,92.82%,1.75
4944,Surf Air,SRFM,US,1.13,-,4.82%,-3.15/-,-,-0.88,-,-,-,-,1.11亿,-1.11亿,航空公司,5.51%,7.89%,-
4945,Seritage Growth,SRG,US,2.62,-,2.71%,-1.3/-,-,1.55,-,-,NYSE,-,1.48亿,-7311.50万,房地产管理和开发Ⅲ,0.73%,41.46%,0.445
4946,石通瑞吉,SRI,US,6.52,-,6.40%,-3.7/-,-,-5.09,-,-,NYSE,-,1.84亿,-1.03亿,汽车零配件,0.81%,85.56%,1.02
4947,Scully Royalty,SRL,US,6.81,-,1.31%,-0.96/-,-,-0.87,-,-,-,-,1.04亿,-149.27万,贸易与经销,0.03%,40.15%,0.469
4948,Sarepta,SRPT,US,20.3,-,3.67%,-7.13/-,-,-0.59,-,-,NASDAQ,-,21.31亿,-7.13亿,制药,2.09%,89.29%,1.87
4949,Scholar Rock Holding,SRRK,US,46.48,-,2.19%,-3.29/-,-,-2.11,-,-,-,-,55.45亿,-3.78亿,制药,1.40%,107.28%,22.59
4950,Strata,SRTA,US,4.92,-,5.36%,0.5/10.29,-,3.36,-,-,-,-,4.25亿,4134.70万,航空货运与物流,1.23%,60.24%,1.52
4951,Sensus Healthcare,SRTS,US,3.94,-,4.07%,-0.47/-,-,0.25,-,-,NASDAQ,-,6486.05万,-771.90万,医疗保健设备,0.16%,26.94%,1.35
4952,Nxg Cushing Midstrea,SRV,US,44.91,-,2.53%,0.88/51.32,-,-0.38,-,-,NYSE,-,2.01亿,391.76万,资本市场,0.76%,17.95%,0.996
4953,SRx Health,SRXH,US,0.12,-,1.69%,-0.26/-,-,1.69,-,-,-,-,5791.50万,-861.40万,医疗保健服务,7.15%,0.23%,17.14
4954,Surrozen,SRZN,US,28.14,-,11.65%,-32.37/-,-,-8.14,-,-,-,-,3.23亿,-2.42亿,制药,2.14%,81.75%,-
4955,SPACSphere Acquisiti,SSAC,US,9.92,-,0.10%,-0.02/-,-,0,-,-,-,-,2.38亿,-11.02万,资本市场,1.57%,0.14%,-
4956,SouthState,SSB,US,94.86,-,2.77%,7.9/9.93,-,-3.29,-,-,NASDAQ,-,92.90亿,2.26亿,综合金融服务,2.05%,84.59%,1.03
4957,Summit State Bank,SSBI,US,13.83,-,0.73%,1.26/5.88,-,0.88,-,-,NASDAQ,-,9365.02万,843.60万,商业银行,0.01%,28.57%,1.11
4958,辛普森配件制造,SSD,US,181.57,-,2.13%,8.27/21.67,-,-2.03,-,-,NYSE,-,74.80亿,3.45亿,建筑产品,0.87%,103.32%,3.68
4959,STARRY SEA,SSEA,US,-,-,-,0.08/242.2,-,-,-,-,-,-,7765.68万,32.06万,资本市场,-,53.44%,1.32
4960,SS Innovations,SSII,US,4.36,-,4.47%,-0.06/-,-,-2.46,-,-,-,-,8.73亿,-1212.74万,医疗保健设备,0.08%,0.44%,22.83
4961,南非萨索尔,SSL,US,12.87,http://www.sasol.com,2.68%,0.02/21.85,南非萨索尔是目前世界上唯一进行大规模煤液化生产合成燃料的国际公司。萨索尔早在1955年在南非最大城市约翰内斯堡以南80公里的萨索尔堡兴建了第一座煤变油工厂。20世纪70年代石油危机后，又在约翰内斯堡东南120公里的塞康达相继建起了第二座和第三座工厂。萨索尔使用间接转化技术，先将煤气化，然后合成燃料油和化工产品。目前生产汽油、柴油、蜡、乙烯、丙烯、聚合物、氨、醇、醛、酮等113种化工产品。,-0.08,-,-,NYSE,-,83.46亿,1456.23万,石油与天然气,0.14%,3.60%,0.971
4962,Sono Group,SSM,US,6.89,-,6.00%,3.24/2.08,-,6,-,-,-,-,981.71万,471.20万,电子设备与仪器,0.07%,13.83%,-
4963,Ss&c Technologies,SSNC,US,67.29,-,4.20%,0.94/20,-,-3.95,-,-,-,-,161.99亿,2.26亿,专业服务,1.82%,87.48%,2.37
4964,EW史立普斯报业,SSP,US,4.75,-,4.42%,-1.87/-,-,-2.26,-,-,NYSE,-,4.34亿,-1.64亿,媒体,0.96%,68.39%,0.525
4965,SSR Mining,SSRM,US,30.55,-,3.90%,1.95/15.81,-,2.35,-,-,-,-,62.56亿,3.96亿,金属与采矿,0.83%,65.60%,1.78
4966,SuRo Capital,SSSS,US,13.04,-,2.97%,2.01/6.78,-,-0.69,-,-,-,-,3.31亿,4880.83万,资本市场,0.78%,21.27%,1.61
4967,System1,SST,US,3.9,-,31.07%,-8.32/-,-,1.83,-,-,NYSE,-,3859.96万,-6534.50万,软件,2.12%,5.74%,1.27
4968,SoundThinking,SSTI,US,6.71,-,4.50%,-0.74/-,-,0.75,-,-,PINK,-,8692.09万,-942.00万,软件,0.69%,58.96%,1.2
4969,Shutterstock,SSTK,US,17.48,http://www.shutterstock.com/,2.91%,1.29/13.66,"Shutterstock是一家商业图片交易商，成立于2003年，总部位于美国纽约。Shutterstock在全球100多个国家展开业务，提供10种语言服务。作为一个双边市场，Shutterstock的使命是将具有创造力的专业人士与最佳照片结合起来。Shutterstock公司拥有一个在线图书馆，里面存储着海量的照片和各种专业图片，订阅其服务的用户可以得到授权下载想要的图片。
通过贡献者收集图片，当这些图片被付费用户下载之后，Shutterstock与图片贡献者分享收入。
Shutterstock的口号是Make money with your photos!该公司2012年10月11日登陆纽交所上市，发行价17美元,IPO发行450万股普通股，融资约7650万美元；摩根士丹利和德银为其主承销商。",-2.13,S1/F1,-,NYSE,-,6.21亿,4549.60万,信息技术服务,0.73%,61.75%,1.07
4970,Stratasys,SSYS,US,8.62,http://www.stratasys.com/,3.07%,-1.28/-,"Stratasys Inc 位于美国明尼苏达洲，是FDM办公室型的直接数字制造系统与工程材料快速原型系统以及桌上型ABS立体打印系统的生产制造商。目前致力推动FDM直接数字制造(Direct Digital Manufature,DDM)技术应用于快速原型，夹具与治具，以及最终使用零件。",1.65,-,-,NASDAQ,-,7.42亿,-1.04亿,电脑与外围设备,0.76%,46.09%,0.881
4971,Sensata,ST,US,41.69,http://www.sprottresource.com/,1.77%,0.21/194.2,"Sensata, a global industrial technology company, is a leader in the development, manufacture and sale of sensors and controls. it produces a wide range of customized, innovative sensors and controls for mission-critical applications such as thermal circuit breakers in aircraft, pressure sensors in automotive systems, and bimetal current and temperature control devices in electric motors. IT believes that it is one of the largest suppliers of sensors and controls in each of the key applications in which we compete and that we have developed our strong market position due to our long-standing customer relationships, technical expertise, product performance and quality and competitive cost structure.It competes in growing global market segments driven by demand for products that are safe, energy-efficient and environmentally-friendly, as well as the proliferation of, and increasing use of sensors and controls in, electronic applications. In addition, our long-standing position in emerging markets, including our 14-year presence in China, further enhances our growth prospects",-0.41,-,31-546-879-555,NYSE,"Kolthofsingel 8, 7602 EM Almelo, the Netherlands, NL",60.78亿,3130.00万,电子设备与仪器,0.93%,107.87%,2.18
4972,Staar Surgical,STAA,US,25.67,-,4.17%,-1.62/-,-,3.34,-,-,NASDAQ,-,12.71亿,-8044.80万,医疗保健设备,1.27%,103.72%,3.69
4973,Stag Industrial,STAG,US,38.86,-,1.71%,1.46/27.18,-,-1.07,-,-,NYSE,-,74.29亿,2.73亿,工业房地产投资信托,0.59%,90.59%,2.07
4974,斯塔克,STAK,US,0.867,-,13.24%,-0.53/-,-,4.33,-,-,-,-,1665.54万,-571.27万,能源设备与服务,-,0.97%,1.29
4975,S&T Bancorp,STBA,US,43.22,-,3.47%,3.51/11.53,-,-0.74,-,-,NASDAQ,-,15.67亿,3507.20万,商业银行,0.54%,69.43%,1.1
4976,斯图尔特信息服务,STC,US,71.67,-,3.06%,4.12/16.85,-,1.03,-,-,NYSE,-,21.81亿,1696.40万,权益型REITs,0.60%,94.84%,1.33
4977,思泰瑞医疗,STE,US,221.8,-,1.88%,5.72/30.73,-,-0.77,-,-,NYSE,-,217.53亿,5.62亿,医疗保健设备,0.46%,95.48%,3.04
4978,Stellar,STEL,US,37.28,-,1.38%,1.99/18.45,-,-0.75,-,-,-,-,18.98亿,1.03亿,商业银行,0.44%,62.54%,1.14
4979,Stem,STEM,US,11.41,-,9.93%,16.52/0.706,-,1.15,-,-,NASDAQ,-,9720.15万,1.38亿,电气设备,1.29%,20.63%,-
4980,Stepstone Group,STEP,US,51.82,-,6.76%,-6.72/-,-,-5.64,-,-,-,-,61.75亿,-5.28亿,资本市场,1.86%,100.02%,-
4981,SRH Total Return,STEW,US,17.635,-,1.07%,1.81/9.77,-,-0.37,-,-,-,-,17.01亿,1.74亿,资本市场,0.15%,16.50%,0.763
4982,Streamex,STEX,US,1.02,-,14.49%,-9.65/-,-,13.71,-,-,-,-,9967.61万,-4.63亿,医疗保健设备,2.37%,19.38%,0.748
4983,星际时尚,STFS,US,4.01,-,0.50%,-1.83/-,-,-0.74,-,-,-,-,478.69万,-1826.33万,媒体,0.31%,1.46%,0.747
4984,尚德机构,STG,US,3.374,-,0.00%,7.76/0.864,-,-4.69,-,-,-,-,4518.80万,5228.45万,综合消费者服务,0.00%,0.38%,0.334
4985,Stagwell,STGW,US,6.85,-,5.53%,0.13/59.66,-,5.22,-,-,-,-,17.36亿,2910.10万,媒体,1.13%,36.81%,2.29
4986,Star Holdings,STHO,US,8.3,-,2.76%,-4.9/-,-,-0.48,-,-,-,-,1.00亿,-6424.90万,房地产管理和开发Ⅲ,0.25%,69.45%,0.398
4987,Solidion Technology,STI,US,4.08,https://www.suntrust.com,16.40%,-10.39/-,太阳信托银行（SunTrust Banks Inc.）是美国一家地区性银行。,9.68,-,-,NYSE,-,3160.24万,-4100.40万,电子设备与仪器,8.14%,3.83%,-
4988,Neuronetics,STIM,US,1.68,-,4.44%,-0.59/-,-,-0.59,-,-,PREIPO,-,1.17亿,-3899.80万,医疗保健设备,2.57%,60.30%,5.22
4989,Columbia Seligman Pr,STK,US,47.33,-,1.95%,8.72/5.43,-,1.48,-,-,NYSE,-,8.36亿,1.54亿,资本市场,0.32%,16.77%,1.25
4990,Sol Strategies,STKE,US,1.33,-,8.04%,-0.31/-,-,-6.99,-,-,-,-,4247.75万,-863.96万,软件,0.62%,5.59%,0.73
4991,Steakholder Foods,STKH,US,1.77,-,11.88%,-0.01/-,-,-2.21,-,-,-,-,244.37万,-384.40万,食品,-,0.00%,0.594
4992,SunOpta,STKL,US,6.49,-,0.31%,0.13/49.27,-,0.15,-,-,NASDAQ,-,7.68亿,1559.30万,食品,0.54%,84.73%,4.5
4993,The One,STKS,US,1.75,-,3.71%,-4.05/-,-,0,-,-,NASDAQ,-,5492.11万,-1.25亿,酒店餐饮与休闲,0.10%,38.78%,-
4994,Stellantis,STLA,US,8.06,-,2.90%,-9.09/-,-,-2.77,-,-,-,-,233.54亿,-262.51亿,汽车,0.83%,35.21%,0.372
4995,Steel Dynamics,STLD,US,226.79,-,3.29%,2.79/23.92,-,0.77,-,-,NASDAQ,-,328.22亿,4.03亿,金属与采矿,0.88%,82.46%,3.58
4996,意法半导体,STM,US,50.47,-,3.68%,0.19/305.2,-,1.53,-,-,-,-,448.57亿,3700.00万,半导体产品与设备,1.53%,10.01%,2.52
4997,斯坦泰克,STN,US,89.33,-,1.14%,3.06/29.14,-,0.04,-,-,NYSE,-,101.90亿,3.50亿,专业服务,0.16%,65.28%,4.31
4998,StoneCo,STNE,US,12.22,-,4.83%,1.59/7.02,-,1.66,-,-,-,-,29.72亿,4.24亿,专业服务,3.89%,68.88%,1.48
4999,Scorpio Tankers,STNG,US,78.37,http://www.scorpiotankers.com/,2.67%,7.4/11.78,"It was incorporated in the Republic of The Marshall Islands on July 1, 2009 by Simon Financial Limited, or Simon, which is owned by members of the Lolli-Ghetti family and manages their shipping interests.",1.52,-,+377-9798-5716,NYSE,"9, Boulevard Charles III, 98000 MC",40.57亿,3.44亿,石油与天然气,1.67%,68.95%,1.27
5000,Stoke Therapeutics,STOK,US,34.03,-,5.94%,-0.12/-,-,-2.58,-,-,-,-,21.19亿,-688.50万,生物科技,0.86%,116.84%,6.01
5001,Strategic Education,STRA,US,73.53,-,3.86%,1.52/12.82,-,1.86,-,-,NASDAQ,-,16.63亿,3280.90万,综合消费者服务,2.40%,101.63%,1.02
5002,Sterling,STRL,US,497.18,-,4.41%,9.5/52.57,-,0.3,-,-,NASDAQ,-,152.54亿,2.90亿,建筑与工程,1.24%,90.54%,13.76
5003,Sutro Biopharma,STRO,US,33.33,-,10.11%,-22.49/-,-,-4.31,-,-,-,-,5.52亿,-1.91亿,制药,2.16%,32.95%,-
5004,Star Equity,STRR,US,9.45,-,3.19%,-2.08/-,-,1.61,-,-,-,-,3510.25万,-665.70万,工业集团企业,0.13%,26.70%,0.534
5005,Stratus Properties,STRS,US,30.24,-,2.53%,1.49/20.15,-,-0.82,-,-,NASDAQ,-,2.41亿,1198.20万,权益型REITs,0.43%,51.49%,1.18
5006,Strattec Security,STRT,US,76.44,-,5.32%,3.31/11.77,-,-4.17,-,-,NASDAQ,-,3.20亿,1347.60万,汽车零配件,5.66%,86.09%,1.35
5007,Strawberry,STRW,US,12.37,-,2.77%,0.6/21.85,-,-0.64,-,-,-,-,1.65亿,757.50万,医疗保健房地产投资信托,0.17%,26.56%,13.67
5008,Starz,STRZ,US,18.67,-,4.92%,-5.69/-,-,-1.16,-,-,NASDAQ,-,3.13亿,-1.16亿,娱乐,1.06%,88.97%,0.473
5009,Sharps Technology,STSS,US,1.88,-,5.74%,-11.16/-,-,2.73,-,-,-,-,7268.94万,-2.83亿,医疗保健设备,1.11%,35.19%,0.275
5010,道富,STT,US,150.74,http://www.statestreet.com,0.91%,2.53/14.78,道富银行(State Street) 总部位于美国麻萨诸塞州波士顿，在全球金融资产服务业处于领先地位。是美国道富集团的全资子公司。美国道富集团成立于1792年，现为全球最大的托管银行和最大的资产管理公司之一，托管的资产高达9.1万亿美元，管理着超过1.2万亿美元的资产。,-0.34,-,617-786-3000,NYSE,"One Lincoln Street Boston, MA 02111 United States",417.44亿,7.05亿,资本市场,0.52%,93.94%,1.73
5011,Shattuck,STTK,US,7.74,-,7.52%,-0.7/-,-,1.18,-,-,-,-,5.85亿,-4880.90万,生物科技,0.36%,55.35%,7.1
5012,StubHub,STUB,US,7.15,-,6.59%,-6.25/-,-,2.44,-,-,-,-,25.51亿,-19.92亿,娱乐,1.32%,78.09%,1.31
5013,Stevanato Group,STVN,US,16.18,-,6.07%,0.6/26.92,-,-0.37,-,-,-,-,44.17亿,1.64亿,生命科学工具,1.00%,101.85%,2.53
5014,Starwood Property,STWD,US,18.21,-,1.13%,1.15/16.4,-,0.39,-,-,NYSE,-,67.50亿,4.12亿,抵押型REITs,0.56%,50.16%,0.993
5015,希捷科技,STX,US,586.25,http://www.seagate.com,3.67%,5.31/66.67,成立于 1979 年的希捷公司是领先的硬盘和存储解决方案供应商。希捷提供行业内最广泛的硬盘、固态硬盘和固态混合硬盘系列产品。此外，公司为消费者和小企业用户提供大量的零售存储产品，同时也提供针对所有品牌的硬盘和数字媒体类型的数据恢复服务。,-0.23,-,-,NASDAQ,-,1313.35亿,11.42亿,电脑与外围设备,1.24%,86.77%,286.1
5016,趋实医疗设备,STXS,US,1.93,-,3.57%,-0.25/-,-,-1.53,-,-,NASDAQ,-,1.88亿,-2291.40万,医疗保健设备,0.65%,44.02%,13.99
5017,星座品牌,STZ,US,156,-,3.56%,9.62/15.93,-,-2.08,-,-,NYSE,-,268.63亿,16.87亿,饮料,0.93%,84.90%,3.32
5018,森科能源,SU,US,64,http://www.suncor.com/default.aspx,1.91%,3.54/17.6,森科能源(SU)是加拿大最大的石油公司，也译为森高能源。森科能源有限公司是全球领先的综合性能源企业，2009年在世界500强企业排名中位列325位，公司的主要业务涉及到油砂开采、原油的深度提炼及天然气、风力发电、生物燃料等能源行业，公司业务遍及全球100多个国家及地区。,-0.87,-,-,NYSE,-,759.62亿,43.16亿,石油与天然气,0.24%,68.00%,2.31
5019,荣志集团,SUGP,US,4.445,-,7.08%,-1.72/-,-,-7.4,-,-,-,-,651.09万,-237.56万,商业服务与用品,3.85%,0.01%,0.588
5020,Sun Communities,SUI,US,129.83,-,1.11%,10.84/11.75,-,0.18,-,-,NYSE,-,159.99亿,13.61亿,住宅房地产投资信托,0.52%,99.34%,2.3
5021,SUI Group,SUIG,US,1.56,-,4.55%,-6.59/-,-,1.3,-,-,-,-,1.20亿,-2.65亿,商业银行,0.38%,26.26%,0.296
5022,SUMA,SUMA,US,9.86,-,0.20%,-/-,-,0,-,-,-,-,2.31亿,-2.09万,资本市场,0.02%,-,0.0000
5023,太阳石油,SUN,US,65.91,-,1.93%,2.29/26.89,-,-0.42,-,-,NYSE,-,135.00亿,5.02亿,石油与天然气,0.17%,48.64%,2.08
5024,Sunbelt Rentals,SUNB,US,76.88,-,3.67%,2.6/22.25,-,0.69,-,-,-,-,317.74亿,10.99亿,贸易与经销,0.66%,5.08%,4.17
5025,SUNation Energy,SUNE,US,1.24,-,3.23%,-4.38/-,-,0,-,-,-,-,422.42万,-1089.28万,电气设备,2.43%,5.89%,0.174
5026,Sunrise Realty,SUNS,US,7.53,-,2.88%,0.93/8.38,-,0.8,-,-,NASDAQ,-,1.02亿,1214.24万,权益型REITs,0.88%,31.25%,0.559
5027,Supernus,SUPN,US,49.76,-,3.57%,-0.68/-,-,-1.25,-,-,NASDAQ,-,28.65亿,-3855.00万,制药,0.89%,99.42%,2.7
5028,Grupo Supervielle,SUPV,US,8.98,-,6.34%,-0.06/-,-,0.22,-,-,NYSE,-,7.95亿,-2574.41万,商业银行,0.84%,3.74%,1.18
5029,SuperX AI,SUPX,US,8.94,-,11.79%,-1.41/-,-,-8.78,-,-,-,-,3.87亿,-2121.45万,信息技术服务,3.94%,21.76%,19.48
5030,SurgePays,SURG,US,0.548,-,19.16%,-1.8/-,-,-17.96,-,-,-,-,1376.68万,-3606.89万,综合电信业务,5.64%,8.25%,-
5031,PowerBank,SUUN,US,0.68,-,5.40%,-0.13/-,-,4.94,-,-,-,-,3166.65万,-488.62万,电力,0.97%,1.23%,1.78
5032,Suzano,SUZ,US,9.1,-,1.71%,1.98/4.7,-,-2.67,-,-,-,-,115.03亿,24.48亿,林业与纸制品,0.23%,4.98%,1.44
5033,科兴生物,SVA,US,-,http://www.sinovac.com,-,-0.11/-,"北京科兴生物制品有限公司是由中维科生物技术有限公司、北京北大未名生物工程集团有限公司合资组建的生物高科技企业。公司于2001年在北京中关村高科技园区北大生物城注册成立，注册资本14121万元人民币。2003年9月北京科兴在美国OTCBB上市，并于2004年底转板美国证券交易所（AMEX），目前在纳斯达克全球精选市场（NasdaqGS：SVA）上市，是第一家在北美上市的中国疫苗企业。
科兴控股目前已上市产品包括针对甲型肝炎，流感，禽流感（H5N1）和H1N1流感等传染病的人用疫苗以及兽用狂犬病灭活疫苗，在研项目包括肠道病毒71型（EV71）疫苗，肺炎球菌结合疫苗，Hib疫苗和脑膜炎疫苗等。
另外科兴控股全资子公司——唐山怡安生物工程有限公司（Tangshan Yian Biological Engineering Co., Ltd.，简称“怡安生物”）,致力于动物疫苗的研究开发、生产和销售。",-,S1/F1,86 10 8289 0088,NASDAQ,中国北京市海淀区上地西路39号，邮编100085,3.89亿,-1087.20万,生物科技,-,14.57%,0.045
5034,Spring Valley III,SVAC,US,10.37,-,1.05%,0.45/134.8,-,-0.58,-,-,-,-,3.18亿,235.93万,资本市场,0.58%,71.95%,-
5035,Silicon Valley Acqui,SVAQ,US,-,-,-,-0.04/-,-,-,-,-,-,-,2.91亿,-34.31万,资本市场,-,-,1.5
5036,Service Properties,SVC,US,1.54,-,8.74%,-1.22/-,-,7.69,-,-,-,-,9.00亿,-2.02亿,酒店和度假村房地产投资信托,0.97%,22.69%,1.39
5037,Stellar V Capital,SVCC,US,10.47,-,0.00%,0.26/42.64,-,0,-,-,-,-,2.26亿,530.70万,资本市场,0.00%,88.34%,-
5038,Silvaco,SVCO,US,9.93,-,9.38%,-1.39/-,-,9.85,-,-,-,-,3.12亿,-4120.60万,软件,3.63%,23.84%,4.16
5039,Spring Valley IV,SVIV,US,9.94,-,0.00%,-/0.0000,-,-0.1,-,-,-,-,3.05亿,-,资本市场,-,-,0.0000
5040,希尔威,SVM,US,12.51,http://www.silvercorpmetals.com/,5.11%,-0.04/-,希尔威是一家在多伦多交易所和纽交所双板上市的加拿大注册的矿业公司，通过开发中国河南省洛宁县月亮沟的四个银铅锌矿，成为中国最大的原生白银精粉生产商。,3.05,S1/F1,8610-8587-1130,AMEX,Suite 601 – Building 1 China View Mansion  #A2 East GongTi Road,27.63亿,-922.20万,金属与采矿,1.21%,46.35%,3.89
5041,Savara,SVRA,US,5.12,-,5.06%,-0.53/-,-,3.64,-,-,NASDAQ,-,10.48亿,-1.19亿,生物科技,0.88%,100.21%,5.16
5042,Saver O,SVRE,US,3.86,-,17.09%,0.0000/-,-,-13.22,-,-,-,-,244.52万,-922.98万,软件,-,0.00%,0.637
5043,OceanPal,SVRN,US,8.83,-,3.39%,-/-,-,-2,-,-,-,-,1656.39万,-6520.00万,海运,0.37%,9.56%,0.224
5044,Savers Value Village,SVV,US,8.72,-,4.42%,0.14/59.72,-,2.83,-,-,-,-,13.52亿,2263.90万,多元化零售,1.83%,108.15%,3.1
5045,Smurfit WestRock,SW,US,39.96,-,2.15%,1.34/29.97,-,-1.38,-,-,-,-,209.49亿,6.99亿,容器与包装,0.86%,87.50%,1.14
5046,Stran,SWAG,US,1.56,-,10.50%,-0.04/-,-,-3.11,-,-,-,-,2915.66万,-74.70万,媒体,0.25%,9.38%,0.956
5047,Smith & Wesson,SWBI,US,15,-,2.11%,0.05/61.27,-,-0.99,-,-,-,-,6.67亿,225.90万,休闲设备与用品,0.96%,51.26%,1.84
5048,Latham Group,SWIM,US,6.01,-,1.66%,0.1/63.19,-,-0.17,-,-,-,-,7.03亿,1112.40万,耐用消费品,0.45%,96.09%,1.73
5049,史丹利百得,SWK,US,76.64,-,2.22%,2.66/29.61,-,0.83,-,-,NYSE,-,119.01亿,4.02亿,机械制造,1.14%,91.93%,1.31
5050,思佳讯,SWKS,US,63.65,-,3.31%,0.53/24.28,-,3.41,-,-,NASDAQ,-,95.73亿,7920.00万,半导体产品与设备,2.73%,102.61%,1.66
5051,Swarmer,SWMR,US,37.88,-,6.95%,-/-,-,-1.07,-,-,-,-,4.68亿,-852.93万,软件,6.01%,0.05%,51.54
5052,Swvl Holdings,SWVL,US,1.775,-,7.69%,0.12/13.47,-,-2.47,-,-,-,-,1768.67万,131.27万,软件,0.31%,0.24%,2.99
5053,Southwest Gas,SWX,US,90.46,-,1.67%,6.09/14.88,-,-0.06,-,-,NYSE,-,65.46亿,4.40亿,燃气,0.70%,92.29%,1.65
5054,Total Return,SWZ,US,6.08,-,0.66%,1.38/4.41,-,0.83,-,-,NYSE,-,7898.35万,1790.99万,资本市场,0.92%,62.89%,0.673
5055,SunCoke Energy,SXC,US,6.51,-,4.40%,-0.52/-,-,2.2,-,-,NYSE,-,5.52亿,-4420.00万,金属与采矿,1.39%,91.46%,0.925
5056,Standex,SXI,US,273.33,-,7.17%,1.43/61.48,-,-0.53,-,-,NYSE,-,33.12亿,1717.50万,机械制造,2.19%,100.98%,4.73
5057,森馨,SXT,US,123.15,-,19.16%,3.18/38.96,-,24.11,-,-,NYSE,-,52.40亿,1.34亿,化学制品,4.20%,99.13%,4.39
5058,苏轩堂,SXTC,US,2.1,-,4.48%,-0.06/-,-,-0.99,-,-,-,-,621.20万,-636.88万,制药,3.08%,0.22%,0.307
5059,60 Degrees,SXTP,US,1.63,-,4.68%,-11.73/-,-,-4.68,-,-,-,-,429.80万,-786.62万,制药,2.13%,0.37%,-
5060,新氧,SY,US,2.72,-,2.41%,-0.44/-,-,0.74,-,-,-,-,2.73亿,-3464.86万,医疗保健设备,0.28%,15.00%,1.23
5061,Stock Yards Bancorp,SYBT,US,70.49,-,2.72%,4.77/14.85,-,0.07,-,-,NASDAQ,-,20.81亿,1.40亿,商业银行,0.54%,61.47%,1.93
5062,Synchrony Financial,SYF,US,76.3,http://www.synchronyfinancial.com,1.91%,2.29/7.31,"Synchrony Financial is one of the premier consumer financial services companies in the United States. We provide a range of credit products through programs we have established with a diverse group of national and regional retailers, local merchants, manufacturers, buying groups, industry associations and healthcare service providers, which we refer to as our “partners.” During 2013, we financed $93.9 billion of purchase volume, and at December 31, 2013, we had $57.3 billion of loan receivables and 62.0 million active accounts. For the three months ended March 31, 2014, we financed $21.1 billion of purchase volume, and at March 31, 2014, we had $54.3 billion of loan receivables and 57.3 million active accounts. For the year ended December 31, 2013, we had net earnings of $2.0 billion, representing a return on assets of 3.5%, and for the three months ended March 31, 2014, we had net earnings of $558 million, representing a return on assets of 3.9%. See “Summary Historical and Pro Forma Financial Information” for return on assets, return on equity and equity to assets ratios.",-0.42,S1/F1,-,NYSE,-,257.09亿,7.84亿,消费信贷,1.27%,107.40%,1.69
5063,史赛克,SYK,US,327.51,-,2.91%,8.49/38.64,史赛克公司是全球最大的骨科及医疗科技公司之一，总部设于美国密西根州的克拉马苏市，在全球有14个生产研发及销售分部，员工超过一万六千多人。产品涉及关节置换、创伤、颅面、脊柱、手术设备、神经外科、耳鼻喉、介入性疼痛管理、微创手术、导航手术、智能化手术室及网络通讯、生物科技、医用床、急救推床等。由于业绩良好，史赛克公司分别被美国著名的《财富》杂志及《Business Week》评为财富500强公司及全美50大医疗公司之一。美国史赛克公司亚太总部设于香港，支持史赛克公司在亚太地区多个国家的业务发展，包括大中华、澳洲、新西兰、韩国和东南亚地区；提供财务、人力资源、市场推广、信息管理及产品策略支持。,-0.65,-,-,NYSE,-,1254.31亿,32.46亿,医疗保健设备,0.47%,78.72%,5.59
5064,Symbotic,SYM,US,59.39,-,7.68%,0.02/-,-,-4.99,-,-,-,-,357.63亿,260.20万,软件,2.41%,110.86%,53.89
5065,Synaptics,SYNA,US,93.86,-,8.92%,-0.91/-,-,10.49,-,-,NASDAQ,-,36.35亿,-3540.00万,半导体产品与设备,4.82%,98.43%,2.63
5066,Silynxcom,SYNX,US,1.19,-,2.50%,-0.27/-,-,-0.83,-,-,-,-,789.49万,-163.60万,耐用消费品,0.78%,1.05%,1.2
5067,Sypris Solutions,SYPR,US,3.79,-,7.96%,-0.28/-,-,3.27,-,-,NASDAQ,-,8728.36万,-633.80万,汽车零配件,0.54%,16.60%,4.67
5068,Spyre Therapeutics,SYRE,US,69.67,-,5.25%,-1.98/-,-,0.62,-,-,-,-,60.10亿,-1.55亿,生物科技,0.85%,94.77%,10.74
5069,西斯科,SYY,US,76.56,http://www.sysco.com/,2.31%,1.81/20.37,"Sysco Corp（NYSE：SYY）是北美最大的食品销售企业；为36万家餐厅，饭店，学校，医院等提供餐食。该公司销售的食品包括鲜冻肉，海鲜，家禽，蔬菜，水果,零食，以及环保餐具，厨房用品等。",0.99,-,-,NYSE,-,366.09亿,8.66亿,食品与日用品零售,1.01%,88.24%,16.04
5070,Sizzle,SZZL,US,10.3,-,0.10%,0.26/49.78,-,0,-,-,-,-,3.22亿,646.98万,资本市场,0.25%,90.98%,-
5071,美国电话电报,T,US,26.2,http://www.att.com,2.07%,0.54/8.57,AT&T(T)是全美第一大移动运营商（收购T-Mobile美国后），第一大互联网服务提供商（康卡斯特居第二位）。旗下主要业务部门有：通信服务集团、网络系统集团、AT&T环球信息服务集团和多媒体产品和服务集团。2011年3月AT&T以价值390亿美元的现金和股票收购德国电信旗下美国子公司T-Mobile美国。,-1.54,-,-,NYSE,-,1824.83亿,37.93亿,综合电信业务,0.44%,66.56%,1.66
5072,Transalta,TAC,US,12.49,-,4.64%,-0.47/-,-,3.39,-,-,NYSE,-,37.13亿,-1.39亿,独立电力生产商,0.42%,73.70%,11.14
5073,Titan Acquisition,TACH,US,-,-,-,0.27/49.2,-,-,-,-,-,-,3.56亿,723.62万,资本市场,0.00%,94.51%,1.31
5074,Berto,TACO,US,10.32,-,0.29%,0.29/49.16,-,0.19,-,-,NASDAQ,-,3.87亿,787.63万,资本市场,0.48%,71.18%,1.3
5075,Transact,TACT,US,3.43,-,1.47%,-0.12/-,-,0.88,-,-,NASDAQ,-,3524.76万,-124.00万,电脑与外围设备,0.10%,47.24%,1.13
5076,武田制药,TAK,US,16.63,-,0.69%,0.88/72.95,-,-0.12,-,-,-,-,525.37亿,13.78亿,制药,0.05%,2.64%,1.08
5077,好未来,TAL,US,11.24,http://www.100tal.com/,5.73%,2.79/12.92,"好未来（前学而思）创建于2003年，是一家中国领先的教育科技企业，以科技驱动、人才亲密、品质领先为发展的核心目标。自创立以来，好未来一直致力于促进科技互联网与教育融合，为孩子创造更美好的学习体验。

好未来业务专注在0－24岁的教育领域，旗下拥有五个主品牌：学而思培优、智康1对1、摩比思维馆、学而思网校和家长帮（2014年8月原E度论坛正式更名家长帮社区）。其中，学而思培优作为K12高端培优教育平台，下设三个子品牌：学而思理科、乐加乐英语和东学堂语文。

2010年10月20日，好未来的前身学而思在美国纽交所正式挂牌交易，发行价为10美元/ADS（1ADS=2普通股），共融资1.2亿美元。",3.02,S1/F1,52926669转1111/3333/6666,NYSE,北京市海淀区中关村大街32号和盛大厦18层,68.57亿,5.31亿,综合消费者服务,0.80%,170.48%,1.82
5078,Talkspace,TALK,US,5.18,-,0.19%,0.05/111.3,-,0.19,-,-,-,-,8.68亿,779.30万,医疗保健服务,1.06%,59.18%,7.41
5079,Talos Energy,TALO,US,14.9,-,2.30%,-2.82/-,-,-2.17,-,-,-,-,24.87亿,-4.94亿,石油与天然气,0.71%,70.86%,1.15
5080,碳博士控股,TANH,US,0.344,-,7.43%,7.39/0.943,-,-1.71,-,-,NASDAQ,-,468.12万,951.08万,化学制品,0.22%,1.04%,0.033
5081,淘屏,TAOP,US,1.24,-,0.81%,-6.54/-,-,0.65,-,-,-,-,1145.60万,-467.95万,软件,0.01%,0.27%,0.791
5082,TAO Synergies,TAOX,US,5.19,-,8.17%,-8.81/-,-,0.97,-,-,-,-,3877.93万,-2907.58万,制药,2.21%,8.49%,1.77
5083,摩森康胜B,TAP,US,42.44,http://www.molsoncoors.com/,3.13%,-10.75/-,"摩森康胜（Molson Coors Brewing Co）是一家总部在美国的啤酒制造商，业务遍及北美、欧洲和亚洲；旗下有银子弹啤酒(Coorslight)，Molson Canadian, Carling, Blue Moon, and Keystone Light等众多品牌。",-1,-,-,NYSE,-,75.63亿,-21.40亿,饮料,1.97%,95.37%,0.739
5084,摩森康胜A,TAP.A,US,-,-,-,-10.75/-,-,-,-,-,NYSE,-,85.34亿,-21.40亿,饮料,0.24%,0.00%,0.834
5085,Protara Therapeutics,TARA,US,5.13,-,4.09%,-1.34/-,-,-2.47,-,-,-,-,2.77亿,-5743.90万,生物科技,0.82%,74.23%,1.41
5086,Tarsus,TARS,US,61.45,-,4.02%,-1.59/-,-,0.79,-,-,-,-,26.15亿,-6641.80万,制药,1.81%,103.01%,7.61
5087,TaskUs,TASK,US,6.48,-,4.15%,1.14/5.8,-,1.41,-,-,-,-,5.93亿,1.02亿,专业服务,2.39%,71.92%,0.989
5088,TAT Technologies,TATT,US,35.96,-,5.92%,1.39/27.75,-,-7.06,-,-,NASDAQ,-,4.67亿,1682.20万,航空航天与国防,2.28%,55.84%,2.65
5089,Tavia,TAVI,US,10.61,-,0.00%,0.23/46.85,-,0.47,-,-,-,-,1.69亿,360.54万,资本市场,0.00%,89.22%,-
5090,泰勒设备,TAYD,US,57.99,-,5.82%,2.12/17.98,-,-0.02,-,-,NASDAQ,-,1.87亿,669.68万,机械制造,2.19%,37.01%,2.66
5091,BBB Foods,TBBB,US,37.27,-,3.49%,-1.37/-,-,-0.08,-,-,-,-,43.93亿,-1.58亿,食品与日用品零售,0.55%,90.25%,19.17
5092,The Bancorp,TBBK,US,57.91,-,6.29%,4.99/10.49,-,-4.23,-,-,NASDAQ,-,24.24亿,6006.90万,商业银行,1.37%,106.41%,3.48
5093,乌龟海岸,TBCH,US,11.45,-,3.28%,0.78/14.45,-,1.42,-,-,-,-,2.27亿,1573.10万,耐用消费品,0.79%,64.85%,1.77
5094,Brag House Holdings,TBH,US,0.745,-,9.32%,-1.31/-,-,2.05,-,-,-,-,1750.46万,-1589.05万,娱乐,8.65%,15.35%,5.1
5095,TrueBlue,TBI,US,4.77,-,7.21%,-1.61/-,-,3.25,-,-,NYSE,-,1.45亿,-4796.00万,专业服务,1.09%,90.88%,0.527
5096,Taboola.com,TBLA,US,3.8,-,3.76%,0.14/24.95,-,2.15,-,-,-,-,10.55亿,4228.40万,信息技术服务,0.92%,39.17%,1.16
5097,Thornburg Income,TBLD,US,21.79,-,2.96%,3.05/6.93,-,-1.54,-,-,-,-,6.77亿,9768.70万,资本市场,0.27%,28.26%,0.995
5098,Tamboran Resources,TBN,US,35.62,-,2.38%,-0.79/-,-,-1.03,-,-,-,-,9.93亿,-1479.60万,石油与天然气,0.55%,31.33%,2.77
5099,Theravance,TBPH,US,16.46,-,2.21%,2.1/8,-,0.92,-,-,NASDAQ,-,8.48亿,1.06亿,制药,0.58%,98.23%,2.86
5100,TruBridge,TBRG,US,25.77,-,0.39%,0.29/88.78,-,0.04,-,-,-,-,3.87亿,435.40万,医疗保健技术,5.92%,45.13%,2.17
5101,团车,TC,US,9.7,-,1.31%,0.0000/-,-,-2.18,-,-,-,-,2.13亿,-9.42万,媒体,0.00%,0.00%,46.41
5102,德州资本银行,TCBI,US,99.13,-,5.04%,1.58/12.74,-,-4.3,-,-,NASDAQ,-,43.29亿,6947.50万,商业银行,2.19%,99.64%,1.31
5103,特里科银行,TCBK,US,49.33,-,3.50%,3.72/12.21,-,-2.66,-,-,NASDAQ,-,15.74亿,3368.50万,商业银行,0.53%,70.48%,1.19
5104,Texas Community,TCBS,US,16.905,-,1.18%,1.04/17.16,-,0.15,-,-,-,-,4877.76万,284.20万,商业银行,0.13%,11.24%,0.907
5105,Third Coast,TCBX,US,37.51,-,4.76%,4.45/9.66,-,-2.9,-,-,-,-,6.21亿,1519.70万,商业银行,1.53%,54.05%,0.955
5106,TechCreate,TCGL,US,-,-,-,0.0000/-,-,-,-,-,-,-,35.32亿,-1.58万,专业服务,-,0.92%,5084
5107,洲际地产投资,TCI,US,36.57,-,4.37%,1.6/22.89,-,2.52,-,-,NYSE,-,3.16亿,1380.30万,权益型REITs,0.32%,3.86%,0.377
5108,Tactile Systems,TCMD,US,25.07,-,11.27%,0.83/29.88,-,2.54,-,-,NASDAQ,-,5.70亿,1908.60万,医疗保健设备,1.57%,89.70%,2.61
5109,携程,TCOM,US,53.11,-,0.85%,7.24/7.28,-,0.3,-,-,-,-,346.40亿,47.61亿,酒店餐饮与休闲,0.29%,23.33%,1.42
5110,BlackRock TCP,TCPC,US,4.14,-,2.64%,-1.05/-,-,1.22,-,-,NASDAQ,-,3.49亿,-8893.10万,资本市场,0.50%,24.71%,0.583
5111,Alaunos,TCRT,US,2.76,-,3.62%,-2.2/-,-,0,-,-,-,-,656.40万,-428.20万,生物科技,0.86%,5.43%,3.05
5112,TScan Therapeutics,TCRX,US,1.26,-,7.92%,-1/-,-,5,-,-,NYSE,-,7572.77万,-1.30亿,制药,2.26%,58.00%,0.615
5113,Tucows,TCX,US,16.95,-,4.93%,-6.85/-,-,3.16,-,-,NASDAQ,-,1.89亿,-7581.90万,信息技术服务,0.22%,55.26%,-
5114,道明银行,TD,US,105.03,http://www.td.com/,1.20%,1.73/11.2,道明银行总部设在加拿大的多伦多。道明银行与其附属机构一起称为 TD 银行财团，是一家加拿大的特许银行。,0,-,-,NYSE,-,1752.77亿,29.08亿,商业银行,0.13%,49.69%,2.08
5115,Translational,TDAC,US,10.6,-,0.47%,0.29/36.5,-,-0.84,-,-,-,-,2.32亿,636.24万,资本市场,0.00%,95.47%,-
5116,USA TODAY,TDAY,US,7.29,-,2.48%,0.01/611.5,-,0.41,-,-,-,-,10.69亿,174.90万,媒体,0.99%,92.91%,6.9
5117,天睿,TDC,US,26.43,-,3.20%,1.38/19.24,-,2.01,-,-,NYSE,-,25.02亿,1.30亿,软件,1.70%,100.87%,10.88
5118,Templeton Dragon Fun,TDF,US,11.28,-,1.68%,3.05/3.69,-,-0.18,-,-,NYSE,-,2.84亿,7688.65万,资本市场,0.12%,76.61%,0.865
5119,TransDigm Group,TDG,US,1148.18,-,2.13%,6.62/35.86,-,-1.51,-,-,NYSE,-,648.42亿,3.86亿,航空航天与国防,1.14%,95.93%,-
5120,Dreamland,TDIC,US,1.12,-,78.63%,-0.16/-,-,-23.29,-,-,-,-,828.80万,-475.27万,商业服务与用品,1.61%,0.87%,2.07
5121,Teladoc Health,TDOC,US,5.75,-,3.33%,-1.14/-,-,0.88,-,-,NYSE,-,10.37亿,-2.00亿,医疗保健技术,2.29%,74.70%,0.749
5122,电话和数据系统,TDS,US,45.21,-,1.15%,-0.66/-,-,-0.33,-,-,NYSE,-,51.47亿,-7546.10万,无线电信业务,0.58%,96.00%,1.38
5123,Trident Digital,TDTH,US,1.96,-,13.18%,-0.02/-,-,-4.34,-,-,-,-,751.96万,-1127.15万,专业服务,-,0.10%,-
5124,ThredUp,TDUP,US,4.21,-,6.09%,-0.17/-,-,0.48,-,-,-,-,5.43亿,-2021.40万,专营零售,1.50%,88.17%,9.17
5125,潮水,TDW,US,88.52,-,4.34%,6.69/13.11,-,3.39,-,-,NYSE,-,43.88亿,3.35亿,海运,1.69%,99.29%,3.21
5126,Tailwind 2.0,TDWD,US,-,-,-,0.05/459.9,-,-,-,-,-,-,2.35亿,51.00万,资本市场,-,60.37%,1.4
5127,Teledyne,TDY,US,648.68,-,3.77%,4.9/32.2,-,-0.47,-,-,NYSE,-,300.45亿,2.27亿,电子设备与仪器,0.96%,95.41%,2.81
5128,T1 Energy,TE,US,5.29,-,7.77%,-2.19/-,-,-1.86,-,-,-,-,14.76亿,-3.81亿,电气设备,4.92%,55.51%,4.58
5129,Teads,TEAD,US,0.828,-,10.93%,-5.69/-,-,10.4,-,-,-,-,8030.89万,-5.17亿,信息技术服务,0.51%,26.17%,0.841
5130,Atlassian,TEAM,US,71.55,-,5.38%,-0.36/-,"Enterprise software-maker Atlassian (TEAM) provides collaboration tools, especially for software development and project management. Its products include JIRA (project management), Confluence (content sharing), HipChat (messaging), JIRA Service Desk (service requests) and at least six smaller products.",5.81,S1/F1,-,NASDAQ,-,188.71亿,-9451.50万,软件,3.15%,88.94%,11.86
5131,Bio-Techne,TECH,US,54.185,-,5.15%,0.49/104.5,-,3.8,-,-,NASDAQ,-,84.77亿,7617.50万,生命科学工具,1.27%,110.09%,4.22
5132,泰克资源,TECK,US,60.17,-,2.07%,2.07/22.22,-,-0.95,-,-,NYSE,-,294.59亿,5.87亿,金属与采矿,0.67%,68.00%,1.56
5133,Tectonic,TECX,US,28.54,-,4.92%,-4.05/-,-,0.35,-,-,-,-,5.36亿,-7415.10万,生物科技,2.90%,72.68%,2.13
5134,Templeton Emerging M,TEI,US,6.48,-,1.63%,1.99/3.26,-,0.47,-,-,NYSE,-,3.06亿,9399.72万,资本市场,0.26%,32.05%,1.15
5135,泰科电子,TEL,US,214.67,-,5.03%,5.46/21.58,-,-1.41,-,-,NYSE,-,627.14亿,16.05亿,电子设备与仪器,1.14%,90.59%,4.74
5136,TELA Bio,TELA,US,0.67,-,15.43%,-0.83/-,-,7.72,-,-,-,-,2997.60万,-3883.10万,医疗保健设备,0.18%,61.34%,4.75
5137,Telomir,TELO,US,1.4,-,7.97%,-0.33/-,-,1.45,-,-,-,-,4813.34万,-1041.32万,制药,0.38%,6.74%,8.14
5138,Tempus AI,TEM,US,52.12,-,4.16%,-1.41/-,-,1.32,-,-,-,-,93.51亿,-2.45亿,专业服务,3.64%,57.41%,19.03
5139,查科斯能源海运,TEN,US,39.27,-,2.80%,4.45/8.94,-,1.87,-,-,NYSE,-,11.83亿,1.32亿,石油与天然气,0.72%,26.63%,0.654
5140,Tenable Holdings,TENB,US,20.02,-,3.49%,-0.3/-,-,2.77,-,-,-,-,22.93亿,-3611.80万,软件,1.86%,97.66%,7.02
5141,Tenax Therapeutics,TENX,US,14.3,-,5.94%,-1.34/-,-,2.36,-,-,NASDAQ,-,3.69亿,-5259.90万,生物科技,2.22%,40.88%,3.8
5142,阿根廷电信,TEO,US,11.33,-,5.83%,-0.05/-,-,-2.07,-,-,NYSE,-,48.80亿,-1.16亿,综合电信业务,0.20%,1.58%,1.04
5143,泰瑞达,TER,US,418.08,-,5.23%,3.48/118.1,-,4.26,-,-,NYSE,-,654.54亿,5.54亿,半导体产品与设备,2.08%,96.67%,23.41
5144,Terns,TERN,US,52.89,-,0.11%,-1.03/-,-,0.11,-,-,-,-,61.04亿,-9620.70万,制药,3.07%,106.78%,6.06
5145,梯瓦制药,TEVA,US,30.64,http://www.tevapharm.com/,4.58%,1.23/253,梯瓦制药（Teva Pharmaceutical）是以色列一家跨国制药企业，是全球最大的非专利制药企业；公司致力于非专利药品、专利品牌药品和活性药物成分的研究开发、生产和推广。,-1.83,-,-,NYSE,-,356.77亿,1.41亿,制药,0.41%,59.35%,4.51
5146,特雷克斯,TEX,US,62.59,-,2.48%,3.36/32.2,-,-0.35,-,-,NYSE,-,71.16亿,2.21亿,机械制造,0.54%,102.93%,3.4
5147,Truist Financial,TFC,US,50.73,-,2.08%,1.1/12.17,-,-1.3,-,-,-,-,632.03亿,13.77亿,商业银行,0.59%,77.36%,1.07
5148,TFI International,TFII,US,138.93,-,2.05%,3.74/36.77,-,0.77,-,-,-,-,114.18亿,3.11亿,公路与铁路,0.30%,73.44%,4.26
5149,Triumph Financial,TFIN,US,67.56,-,4.20%,0.23/56.45,-,0.36,-,-,-,-,16.08亿,555.40万,商业银行,1.49%,98.39%,1.78
5150,Triple Flag,TFPM,US,33.76,-,3.30%,1.18/29.06,-,-0.56,-,-,-,-,69.75亿,2.40亿,综合金融服务,0.34%,85.56%,3.41
5151,Tfs Financial,TFSL,US,14.68,-,1.05%,0.08/45.72,-,-0.34,-,-,NASDAQ,-,41.19亿,2227.40万,综合金融服务,0.26%,12.70%,2.17
5152,泰利福,TFX,US,136.56,-,2.98%,-20.3/-,-,-0.07,-,-,NYSE,-,60.45亿,-9.06亿,医疗保健设备,2.37%,108.22%,1.93
5153,特里迪加,TG,US,9.42,-,4.24%,0.96/9.78,-,2.39,-,-,NYSE,-,3.27亿,3347.60万,化学制品,0.23%,67.19%,1.51
5154,Taseko Mines,TGB,US,7.2,-,2.72%,-0.07/-,-,0.56,-,-,AMEX,-,26.33亿,324.82万,金属与采矿,0.85%,43.48%,4.64
5155,The Generation,TGE,US,1.1,-,3.67%,-/7.99,-,0.92,-,-,-,-,5330.72万,538.30万,娱乐,0.32%,0.19%,0.073
5156,Tecogen,TGEN,US,4.29,-,9.11%,-0.3/-,-,2.88,-,-,NASDAQ,-,1.28亿,-824.88万,建筑产品,0.99%,25.24%,5.93
5157,THE GROWHUB,TGHL,US,0.321,-,10.08%,-0.07/-,-,-10.08,-,-,-,-,812.12万,-145.03万,软件,0.18%,1.73%,-
5158,Treasure Global,TGL,US,4.26,-,4.39%,-8.88/-,-,-1.62,-,-,-,-,713.86万,-524.38万,软件,1.30%,3.10%,0.398
5159,Tecnoglass,TGLS,US,45.1,-,2.51%,3.42/12.64,-,2.24,-,-,NASDAQ,-,20.18亿,1.60亿,建筑材料,1.14%,53.69%,2.83
5160,Gas Transporter,TGS,US,30.27,-,3.00%,0.38/15.8,-,-1.37,-,-,NYSE,-,45.57亿,2.88亿,石油与天然气,0.26%,3.09%,2.13
5161,塔吉特,TGT,US,129.26,https://corporate.target.com/,1.47%,8.16/15.8,"塔吉特公司于1902年在美国明尼苏达州成立，经营范围涉及一般商品以及餐饮的大型折扣百货商店，包括塔吉特商店和超级塔吉特商店；经营定位是高级折扣零售店，即介于高级百货店与一般折扣店之间。截至2006年底，塔吉特在全美共有1,488家门店，29个配送中心，营业面积达到192,064千平方英尺，遍及全美各个州。塔吉特在门店及配送中心的开发上采取了自己投资开发为主，租赁为辅的方式。",-0.7,-,612) 304-6073,NYSE,"1000 Nicollet Mall Minneapolis, MN 55403 United States",585.36亿,37.05亿,食品与日用品零售,0.69%,84.31%,3.62
5162,TG Therapeutics,TGTX,US,36.62,-,2.36%,3.1/13.08,-,-0.81,-,-,NASDAQ,-,58.48亿,4.47亿,制药,0.92%,65.18%,9.02
5163,Target Hospitality,TH,US,14.25,-,3.18%,-0.37/-,-,1.79,-,-,-,-,14.19亿,-3712.10万,酒店餐饮与休闲,4.02%,33.60%,3.64
5164,泰尼特,THC,US,180.81,-,5.82%,15.61/11.26,-,-3.99,-,-,NYSE,-,158.40亿,14.07亿,医疗保健服务,3.09%,97.37%,3.75
5165,Tims天好,THCH,US,2.12,-,9.57%,-1.91/-,-,1.44,-,-,-,-,7047.64万,-6213.12万,酒店餐饮与休闲,0.01%,10.18%,-
5166,第一金融,THFF,US,66.32,-,2.76%,6.68/9.96,-,0.17,-,-,NASDAQ,-,7.89亿,7920.80万,商业银行,1.15%,78.94%,1.21
5167,汉诺威保险,THG,US,177.54,-,2.82%,18.5/9.43,-,-2.38,-,-,NYSE,-,62.47亿,6.62亿,保险,0.85%,89.18%,1.75
5168,TryHard,THH,US,0.403,-,3.74%,0.0000/192.4,-,0.5,-,-,-,-,2016.86万,10.48万,娱乐,0.29%,0.10%,3.73
5169,International Tower,THM,US,2.63,-,6.32%,-0.02/-,-,3.95,-,-,AMEX,-,6.88亿,-463.83万,金属与采矿,0.66%,52.62%,12.18
5170,索尔工业,THO,US,79,-,2.79%,0.75/13.83,-,0.24,-,-,NYSE,-,41.55亿,3947.20万,汽车,1.21%,101.15%,0.961
5171,Abrdn Healthcare Opp,THQ,US,17.66,-,1.99%,-2.77/-,-,-1.18,-,-,NYSE,-,7.32亿,-1.15亿,资本市场,0.31%,18.28%,0.988
5172,Thermon Group,THR,US,54.18,-,2.07%,1.28/30.29,-,0.2,-,-,NYSE,-,17.81亿,4182.60万,电气设备,1.35%,100.93%,3.31
5173,Gentherm,THRM,US,30.46,-,7.16%,0.14/41.28,-,2.87,-,-,NASDAQ,-,9.34亿,421.80万,汽车零配件,2.03%,98.80%,1.3
5174,Thryv Holdings,THRY,US,3.32,-,6.33%,0.01/477.6,-,5.06,-,-,-,-,1.47亿,30.70万,媒体,0.71%,93.58%,0.672
5175,Abrdn World Healthca,THW,US,12.04,-,2.54%,1.37/8.77,-,-1.39,-,-,NYSE,-,4.86亿,5538.75万,资本市场,0.37%,16.88%,0.948
5176,TIC,TIC,US,8.62,-,3.92%,-0.6/-,-,-0.69,-,-,-,-,19.06亿,-9327.70万,专业服务,1.54%,80.36%,0.875
5177,米雷康姆国际移动通信,TIGO,US,84.06,-,1.79%,7.86/10.79,-,-0.2,-,-,-,-,142.06亿,13.16亿,综合电信业务,1.10%,42.62%,3.9
5178,老虎证券,TIGR,US,6.94,-,4.39%,0.06/7.25,-,5.15,-,-,-,-,12.39亿,1.71亿,资本市场,1.46%,2.50%,1.43
5179,Titan Mining,TII,US,2.62,-,3.01%,0.0000/-,-,1.16,-,-,NYSE,-,2.58亿,-7.60万,金属与采矿,0.24%,8.19%,68.95
5180,Instil Bio,TIL,US,8.055,-,9.41%,-10.7/-,-,-1.53,-,-,NASDAQ,-,5462.88万,-7137.20万,生物科技,0.59%,63.61%,0.454
5181,Interface,TILE,US,28.1,-,2.93%,1.99/14.14,-,0.57,-,-,NASDAQ,-,16.42亿,1.16亿,耐用消费品,1.06%,97.66%,2.56
5182,TIM,TIMB,US,26.1,-,1.58%,0.33/15.86,-,0.27,-,-,-,-,124.87亿,7.87亿,综合电信业务,0.04%,4.16%,2.85
5183,Tiptree,TIPT,US,17.19,-,1.91%,0.93/18.64,-,-0.52,-,-,NASDAQ,-,6.51亿,3492.70万,保险,1.09%,43.72%,1.28
5184,Team,TISI,US,17,-,2.38%,-11.7/-,-,1.31,-,-,NYSE,-,7771.35万,-5266.10万,机械制造,0.12%,53.63%,-
5185,Titan Machinery,TITN,US,21.28,-,2.61%,-2.38/-,-,-0.75,-,-,NASDAQ,-,4.97亿,-5417.40万,贸易与经销,0.71%,90.26%,0.858
5186,Tivic Health,TIVC,US,1.33,-,15.18%,-7.84/-,-,18.75,-,-,-,-,382.76万,-887.80万,医疗保健设备,44.05%,6.12%,0.158
5187,TJGC Group,TJGC,US,1.63,-,12.75%,-0.09/-,-,9.4,-,-,-,-,4938.90万,-145.96万,媒体,3.41%,0.62%,20.9
5188,The Tjx,TJX,US,157.03,http://www.tjx.com,1.79%,4.93/31.63,美国TJX公司（TJX）是全球知名的折扣服装及家居用品零售商，总部设在美国波士顿，在北美地区和许多欧洲国家开有连锁分店。,-0.83,-,-,NYSE,-,1738.02亿,54.94亿,专营零售,0.36%,91.37%,17.06
5189,Teekay,TK,US,12.96,-,3.97%,1.14/11.46,-,3.02,-,-,NYSE,-,11.25亿,9811.10万,海运,0.77%,50.99%,1.55
5190,土耳其移动通信,TKC,US,6.36,-,1.26%,0.19/13.63,-,0.47,-,-,NYSE,-,55.97亿,4.11亿,无线电信业务,0.04%,5.87%,0.925
5191,Tokyo Lifestyle,TKLF,US,2.32,-,8.72%,-0.02/2.21,-,9.95,-,-,-,-,982.01万,-86.00万,多元化零售,0.05%,0.16%,0.232
5192,Alpha Teknova,TKNO,US,3.18,-,10.89%,-0.32/-,-,4.95,-,-,-,-,1.70亿,-1725.90万,制药,0.69%,12.76%,2.48
5193,TKO Group Holdings,TKO,US,186.5,-,3.18%,2.42/182.4,-,0.13,-,-,-,-,356.45亿,1.95亿,娱乐,1.52%,94.64%,9.45
5194,铁姆肯,TKR,US,107.2,http://www.timken.com/,2.39%,4.13/25.94,铁姆肯公司（Timken Co ）1899 年成立于美国，是世界上最大的圆锥滚子轴承和无缝合金钢管制造公司。铁姆肯公司在大中华区的11个主要城市设立了各级办事机构，并建立了6家大型制造基地，1家提供一站式销售服务的高端动力传动产品经销公司，多个物流和服务中心。,-1.38,-,-,NYSE,-,74.80亿,2.88亿,机械制造,0.75%,91.42%,2.35
5195,Tandy Leather,TLF,US,2.345,-,2.13%,1.11/2.08,-,-0.21,-,-,NASDAQ,-,1893.09万,910.20万,专营零售,0.06%,63.05%,0.36
5196,Ten-League,TLIH,US,0.254,-,17.21%,0.07/1.65,-,4.1,-,-,-,-,746.87万,187.36万,机械制造,1.05%,0.60%,1.1
5197,印尼电信,TLK,US,16.69,-,1.67%,0.01/9.97,-,-3.08,-,-,NYSE,-,165.33亿,9.51亿,综合电信业务,0.13%,5.11%,2
5198,Talen Energy,TLN,US,364.32,-,6.04%,-4.79/-,-,5.52,-,-,NYSE,-,165.38亿,-2.19亿,电力,1.26%,102.54%,15.13
5199,Talon Capital,TLNC,US,10.25,-,0.88%,0.13/132.7,-,0.44,-,-,-,-,3.48亿,262.52万,资本市场,0.00%,53.31%,-
5200,Talphera,TLPH,US,0.775,-,8.51%,-0.34/-,-,-3,-,-,-,-,3878.86万,-1429.00万,制药,0.13%,41.74%,2.28
5201,Tilray Brands,TLRY,US,6.75,-,3.89%,-0.65/-,-,-2.74,-,-,-,-,8.07亿,-7182.50万,制药,7.41%,9.33%,0.518
5202,Telos,TLS,US,4.43,-,4.69%,-0.5/-,-,3.99,-,-,-,-,3.47亿,-3654.60万,软件,0.67%,61.40%,3.62
5203,Tiziana Life,TLSA,US,1.29,-,8.13%,-0.05/-,-,4.88,-,-,-,-,1.65亿,-563.20万,生物科技,0.27%,2.47%,17.92
5204,TriSalus Life,TLSI,US,4.64,-,3.02%,-1.84/-,-,0.22,-,-,-,-,2.85亿,-6969.00万,生命科学工具,0.12%,20.58%,-
5205,Telix,TLX,US,10.56,-,2.85%,-0.02/-,-,3.63,-,-,-,-,35.77亿,-712.50万,制药,-,0.33%,8.61
5206,Tilly's,TLYS,US,3.99,-,8.43%,-0.58/-,-,-6.56,-,-,NYSE,-,1.22亿,-1745.20万,专营零售,2.05%,91.34%,1.43
5207,丰田汽车,TM,US,192.32,-,0.92%,1.48/10.64,"丰田汽车公司是全球最大的汽车制造商。公司的业务主要分为三个部分：汽车业务，汽车金融服务和其他业务。

汽车业务包括设计，制造，组装，如卡车及相关零部件和配件，轿车，微型客车和商用车，销售。

金融服务业务主要包括向经销商提供融资和为购买或租赁的丰田汽车顾客；还提供通过源于丰田经销商购买零售租赁租赁合同。

此外，丰田还涉及设计和制造的预制房屋和信息技术相关业务。",-1.92,-,-,NYSE,-,2506.58亿,193.30亿,汽车,0.05%,1.51%,1.01
5208,TMC the metals,TMC,US,5.11,-,5.73%,-0.83/-,-,-2.48,-,-,-,-,22.14亿,-3.20亿,金属与采矿,1.70%,11.03%,-
5209,Treace Medical,TMCI,US,1.98,-,10.44%,-0.93/-,-,8.79,-,-,-,-,1.28亿,-5900.20万,医疗保健设备,0.68%,55.48%,1.47
5210,The Metals Royalty,TMCR,US,14.47,-,9.14%,-/-,-,0.56,-,-,-,-,7.97亿,-119.74万,综合金融服务,0.74%,-,26.75
5211,TMD Energy,TMDE,US,1.2,-,5.30%,0.09/15.06,-,-9.09,-,-,-,-,2827.80万,187.72万,石油与天然气,-,0.37%,1.58
5212,TransMedics Group,TMDX,US,110.93,-,4.37%,5.6/20.14,-,-2.01,-,-,-,-,38.32亿,1.90亿,医疗保健技术,2.43%,106.52%,8.1
5213,腾讯音乐,TME,US,9.34,-,1.14%,0.52/9.3,-,0.97,-,-,-,-,147.00亿,15.81亿,娱乐,1.12%,30.13%,0.072
5214,Taylor Morrison Home,TMHC,US,63.24,-,2.18%,1.03/8.85,Taylor Morrison Home Corporation 成立于1936年，是美国前十大住宅开发商之一。2013年2月13日首次公开提交上市申请，计划在纽交所上市并融资5亿美元。,-1.69,-,-,NYSE,-,59.08亿,9862.50万,耐用消费品,1.48%,104.44%,0.947
5215,赛默飞世尔,TMO,US,469.71,-,2.22%,4.44/25.49,-,0.65,-,-,NYSE,-,1745.54亿,16.51亿,生命科学工具,0.72%,92.27%,3.36
5216,Tompkins Financial,TMP,US,82.33,-,4.23%,11.3/7.37,-,-2.82,-,-,AMEX,-,11.87亿,1.61亿,商业银行,0.67%,69.77%,1.26
5217,Trilogy Metals,TMQ,US,4.09,-,3.34%,-0.04/-,-,-2.39,-,-,AMEX,-,7.18亿,-706.30万,金属与采矿,1.43%,40.69%,5.91
5218,Spartacus II,TMTS,US,9.975,-,0.25%,-/-,-,-0.05,-,-,-,-,3.06亿,-103.87万,资本市场,-,-,-
5219,T-Mobile US,TMUS,US,189.8,-,3.13%,9.75/19.03,-,-2.2,-,-,NASDAQ,-,2091.34亿,109.92亿,无线电信业务,1.59%,41.86%,3.53
5220,坦能,TNC,US,81.52,-,3.79%,2.38/33.52,-,1.7,-,-,NYSE,-,14.68亿,4380.00万,机械制造,3.24%,95.72%,2.44
5221,Tandem Diabetes Care,TNDM,US,20.36,-,4.64%,-3.04/-,-,-1.55,-,-,-,-,13.95亿,-2.05亿,医疗保健设备,1.30%,107.90%,8.99
5222,Trinet Group,TNET,US,40.11,-,4.88%,3.2/11.93,-,3.08,-,-,NYSE,-,18.50亿,1.55亿,专业服务,0.66%,98.45%,34.25
5223,Tango Therapeutics,TNGX,US,25.77,-,4.25%,-0.87/-,-,-0.39,-,-,-,-,37.17亿,-1.02亿,生物科技,5.14%,120.82%,10.74
5224,Teekay Tankers,TNK,US,75.94,-,3.92%,10.15/7.49,-,2.9,-,-,NYSE,-,26.31亿,3.51亿,石油与天然气,1.59%,64.22%,1.29
5225,Travel + Leisure,TNL,US,67.32,-,3.52%,1.25/17.73,-,3.35,-,-,-,-,42.02亿,7900.00万,酒店餐饮与休闲,1.90%,96.82%,-
5226,TNL Mediagene,TNMG,US,1.12,-,6.84%,-0.15/-,-,-4.27,-,-,-,-,286.32万,-432.19万,互动媒体与服务,1.23%,0.11%,0.082
5227,Tenon Medical,TNON,US,0.805,-,3.68%,-1.7/-,-,-1.23,-,-,-,-,909.36万,-1255.60万,医疗保健设备,0.23%,4.49%,4.63
5228,Tonix,TNXP,US,12.61,-,3.68%,-14.57/-,-,0.96,-,-,NASDAQ,-,1.79亿,-1.24亿,制药,2.07%,28.84%,0.731
5229,Tenaya Therapeutics,TNYA,US,0.672,-,5.85%,-0.59/-,-,-1.75,-,-,-,-,1.46亿,-9059.70万,生物科技,2.00%,31.34%,1.18
5230,The Oncology,TOI,US,3.25,-,3.98%,-0.54/-,-,-0.61,-,-,-,-,3.21亿,-5030.50万,医疗保健服务,1.23%,39.01%,-
5231,托尔兄弟,TOL,US,146.64,-,2.28%,2.2/10.07,-,-1.75,-,-,NYSE,-,138.88亿,2.11亿,耐用消费品,0.88%,89.68%,1.65
5232,TOMI Environmental,TOMZ,US,0.609,-,15.00%,-0.19/-,-,1.5,-,-,-,-,1250.92万,-374.90万,商业服务与用品,5.60%,4.72%,21
5233,TON Strategy,TONX,US,2.38,-,4.03%,-5.96/-,-,0.85,-,-,-,-,1.35亿,-1.50亿,软件,0.27%,24.43%,0.211
5234,Kartoon Studios,TOON,US,0.695,-,5.41%,-0.49/-,-,-1.14,-,-,-,-,3915.35万,-2453.20万,娱乐,0.47%,22.75%,1.49
5235,中阳金融集团,TOP,US,0.8,-,10.09%,0.01/-,-,-1.6,-,-,-,-,3763.56万,19.05万,资本市场,0.54%,0.51%,1.08
5236,Toppoint Holdings,TOPP,US,0.868,-,7.33%,-0.41/-,-,6.11,-,-,-,-,1709.96万,-734.46万,公路与铁路,0.14%,0.15%,1.98
5237,Top Ships,TOPS,US,2.5,-,20.66%,0.67/4.4,-,-7.75,-,-,NASDAQ,-,1357.63万,308.60万,石油与天然气,11.49%,1.41%,0.152
5238,Toro,TORO,US,6.9,-,13.46%,0.08/139.2,-,3.45,-,-,-,-,1.99亿,142.99万,石油与天然气,6.00%,2.87%,1.22
5239,Toast,TOST,US,29.04,-,4.92%,0.59/49.22,-,4.01,-,-,-,-,168.34亿,3.42亿,综合金融服务,2.54%,85.22%,7.93
5240,途牛,TOUR,US,7.01,http://www.tuniu.com,5.82%,0.01/17.11,途牛旅游网创立于2006年10月，以“让旅游更简单”为使命，为消费者提供由北京、上海、广州、深圳等64个城市出发的旅游产品预订服务，产品全面，价格透明，全年365天24小时400电话预订，并提供丰富的后续服务和保障。目前，途牛旅游网提供8万余种旅游产品供消费者选择，涵盖跟团、自助、自驾、邮轮、酒店、签证、景区门票以及公司旅游等，已成功服务累计超过400万人次出游。同时基于途牛旅游网全球中文景点目录以及中文旅游社区，可以更好地帮助游客了解目的地信息，妥善制定好出游计划，并方便地预订旅程中的服务项目。,4.63,S1/F1,86-25-86853969,NASDAQ,南京市玄武区玄武大道699-32号途牛大厦,7615.49万,445.08万,酒店餐饮与休闲,0.48%,0.34%,0.517
5241,Theriva Biologics,TOVX,US,0.381,-,9.97%,-2.08/-,-,0,-,-,-,-,1748.51万,-2524.90万,制药,15.60%,2.82%,1.14
5242,唐恩银行,TOWN,US,35.2,-,3.78%,2.22/18.95,-,-0.06,-,-,NASDAQ,-,32.13亿,1.70亿,商业银行,0.64%,51.69%,1.33
5243,TOYO,TOYO,US,11.65,-,6.19%,1.14/11.09,-,-6.35,-,-,-,-,4.40亿,3965.99万,电子设备与仪器,15.69%,0.45%,3.95
5244,Turning Point Brands,TPB,US,78.27,-,4.41%,3.18/26.03,-,4.08,-,-,NYSE,-,15.14亿,5816.50万,烟草,1.81%,96.77%,4.27
5245,Tutor Perini,TPC,US,86.76,-,3.19%,1.53/56.75,-,0.32,-,-,NYSE,-,45.65亿,8044.00万,建筑与工程,0.92%,77.46%,3.75
5246,TechPrecision,TPCS,US,4.11,-,6.94%,-0.13/-,-,5.66,-,-,OTCBB,-,4114.66万,-124.50万,航空航天与国防,1.61%,20.43%,5.16
5247,Trio Petroleum,TPET,US,0.5,-,3.62%,-0.1/-,-,-4.76,-,-,-,-,1691.32万,-101.26万,石油与天然气,9.73%,1.23%,1.39
5248,TPG,TPG,US,43.62,-,2.23%,0.89/89.24,-,0.3,-,-,-,-,164.72亿,1.85亿,资本市场,1.34%,86.70%,13.9
5249,Tri Pointe Homes,TPH,US,46.9,-,0.07%,2.73/16.56,-,0.02,-,-,NYSE,-,39.93亿,2.41亿,耐用消费品,1.45%,101.55%,1.2
5250,Texas Pacific Land,TPL,US,438.91,-,2.75%,6.98/62.86,-,-0.05,-,-,NYSE,-,302.59亿,4.81亿,综合金融服务,0.39%,72.53%,20.74
5251,Tapestry,TPR,US,145.89,-,2.06%,4.06/56.55,-,-0.38,-,-,-,-,295.38亿,8.36亿,纺织服装与奢侈品,0.59%,96.34%,53.6
5252,Tempest Therapeutics,TPST,US,1.79,-,5.89%,-6.33/-,-,-0.56,-,-,-,-,2567.58万,-2626.20万,生物科技,1.23%,5.62%,3.85
5253,TriplePoint,TPVG,US,5.21,-,2.22%,1.22/4.29,-,0.77,-,-,NYSE,-,2.11亿,4920.70万,资本市场,1.02%,11.24%,0.597
5254,Tootsie Roll,TR,US,41.84,-,3.86%,1.37/31.44,-,-1.81,-,-,NYSE,-,31.45亿,1.00亿,食品,0.69%,31.97%,3.34
5255,Apex Tech Acquisitio,TRAD,US,9.88,-,0.20%,-/-,-,0.05,-,-,-,-,1.41亿,-4.77万,资本市场,2.84%,-,1.25
5256,ReposiTrak,TRAK,US,8.12,-,14.05%,0.19/21.1,-,7.55,-,-,-,-,1.48亿,340.02万,软件,3.61%,38.55%,2.97
5257,Traws Pharma,TRAW,US,1.16,-,13.11%,0.83/1.72,-,-4.92,-,-,-,-,1178.24万,686.50万,制药,2.04%,34.19%,-
5258,First Tracks,TRAX,US,18.16,-,13.32%,-/-,-,-4.42,-,-,-,-,6.31亿,-1.66亿,生物科技,-,84.32%,2.2
5259,Tejon Ranch,TRC,US,19.72,-,1.63%,0.0000/7100,-,0.72,-,-,NYSE,-,5.33亿,7.50万,权益型REITs,0.23%,72.32%,1.12
5260,Entrada Therapeutics,TRDA,US,12.63,-,5.15%,-3.47/-,-,-1.41,-,-,-,-,4.84亿,-1.44亿,制药,0.75%,80.77%,1.58
5261,LendingTree,TREE,US,48.26,-,4.68%,11.14/4.42,-,2.72,-,-,NASDAQ,-,6.69亿,1.51亿,综合金融服务,1.18%,83.54%,2.33
5262,Trex,TREX,US,41.9,-,1.99%,1.78/22.86,-,-1.11,-,-,NYSE,-,43.53亿,1.90亿,林业与纸制品,1.95%,100.85%,4.21
5263,Targa Resources,TRGP,US,240.69,-,1.63%,8.52/27.91,"It own general and limited partner interests, including IDRs, in Targa Resources Partners LP (NYSE:NGLS), a publicly traded Delaware limited partnership that is a leading provider of midstream natural gas and natural gas liquid services in the United States. The Partnership is engaged in the business of gathering, compressing, treating, processing and selling natural gas and storing, fractionating, treating, transporting and selling natural gas liquids, or NGLs, and NGL products.",0.33,-,-,NYSE,-,517.01亿,18.52亿,石油与天然气,0.27%,94.13%,16.85
5264,TRG Latin America,TRGS,US,9.84,-,0.05%,-/-,-,0,-,-,-,-,2.56亿,-4.90万,资本市场,-,-,-
5265,汤森路透,TRI,US,89.75,http://www.thomsonreuters.com/,2.72%,3.34/26.47,汤森路透集团(TRI)创建于上世纪30年代，总部设在加拿大多伦多，是全球专业信息服务行业最领先的跨国企业。该集团目前在全球的雇员人数约为3．2万，在全球金融信息市场上占有11％的份额。集团主要专注于法律、金融、教育、科技与医疗保健四个市场。,-0.48,-,646-2234000,NYSE,-,397.56亿,15.02亿,媒体,2.16%,90.96%,3.34
5266,Trinity Biotech,TRIB,US,0.641,-,3.91%,-0.04/-,-,-3.61,-,-,NASDAQ,-,1199.33万,-1476.40万,医疗保健设备,0.20%,0.23%,-
5267,Trinity Capital,TRIN,US,15.84,-,1.54%,1.96/9.72,-,1.54,-,-,LON,-,13.17亿,1.36亿,综合金融服务,1.15%,24.18%,1.2
5268,猫途鹰,TRIP,US,11.19,http://www.TripAdvisor.com,4.14%,0.32/32.1,"TripAdvisor(TRIP)是一家旅游点评网站，拆分前的Expedia旗下子公司；2011年12月20日拆分后以代码TRIP在纳斯达克独立上市交易。

TripAdvisor Media Group旗下拥有TripAdvisor, Airfarewatchdog, BookingBuddy, Cruise Critic, Family Vacation Critic, FlipKey, Holiday Lettings, Holiday Watchdog, Independent Traveler, OneTime, SeatGuru, SmarterTravel, SniqueAway, Travel Library, TravelPod, VirtualTourist and Kuxun.cn等19个旅游媒体品牌.

在中国,TripAdvisor于2009年4月创建中文旅游点评网站到到网(Daodao.com)；2009年10月，收购中国旅游搜索引擎酷讯网(Kuxun.cn)。其兄弟公司Expedia在中国控股了OTA艺龙网。",3.04,S1/F1,-,NASDAQ,"Newton, Massachusetts United States",12.84亿,4000.00万,多元化零售,2.94%,111.02%,1.99
5269,天宝导航,TRMB,US,67.35,-,1.48%,1.77/36.87,-,0.46,-,-,NASDAQ,-,156.31亿,4.24亿,电子设备与仪器,0.56%,98.24%,2.68
5270,Torm,TRMD,US,31.16,-,2.72%,2.91/11.15,-,2.06,-,-,-,-,31.82亿,2.85亿,海运,0.78%,38.48%,1.44
5271,TrustMark,TRMK,US,44.44,-,1.90%,3.72/11.67,-,-1.05,-,-,NASDAQ,-,26.16亿,2.24亿,商业银行,0.59%,75.31%,1.23
5272,Trinity Industries,TRN,US,31.75,-,1.33%,3.13/9.99,-,0.44,-,-,NYSE,-,25.29亿,2.53亿,机械制造,0.68%,89.22%,2.35
5273,Terreno Realty,TRNO,US,65.28,-,2.65%,3.92/17.29,-,-1.58,-,-,NYSE,-,69.36亿,4.01亿,工业房地产投资信托,0.64%,104.46%,1.67
5274,Interactive Strength,TRNR,US,1.06,-,3.77%,-171.77/-,-,0,-,-,-,-,218.04万,-2396.80万,多元化零售,0.98%,0.34%,0.251
5275,Transcat,TRNS,US,77.89,-,2.70%,0.37/92.09,-,-3.05,-,-,NASDAQ,-,7.27亿,342.90万,贸易与经销,0.67%,97.38%,2.45
5276,Tron,TRON,US,1.99,-,12.44%,-0.16/-,-,-8.29,-,-,-,-,9.44亿,-1681.13万,休闲设备与用品,2.23%,1.63%,4.49
5277,盟军,TROO,US,3.1,-,20.07%,-0.01/-,-,13.14,-,-,-,-,3.79亿,-96.60万,专业服务,0.86%,0.13%,4.74
5278,普信集团,TROW,US,99.06,-,1.17%,9.26/10.58,-,-0.43,-,-,NASDAQ,-,215.56亿,20.36亿,资本市场,0.71%,84.22%,1.98
5279,Tronox Holdings,TROX,US,10.12,-,8.63%,-2.97/-,-,7.2,-,-,NYSE,-,16.14亿,-4.70亿,化学制品,3.50%,70.45%,1.14
5280,TC Energy,TRP,US,62.02,http://www.towerresources.co.uk/,2.48%,2.39/26.06,"横加公司（TransCanada Corp.，TSX: TRP, NYSE: TRP）成立于1951年，是北美地区一家拥有五十年历史的能源公司和天然气输送公司，是北美地区第一家独立从事电力生产的企业，TransCanada在业务主要分为三个部分：天然气输送、能源和天然气销售。TransCanada拥有长达38000 公里（23600英里）的管线，可以将西加拿大与主要的加拿大和美国市场连接在一起。TransCanada将加拿大大约70％的天然气产品输送到市场，其中约有60％供给美国市场。",1.89,-,-,NYSE,-,646.08亿,24.80亿,石油与天然气,0.28%,72.84%,3.54
5281,瑞奇包装系统,TRS,US,36.92,-,3.48%,2.97/11.27,-,1.99,-,-,NASDAQ,-,13.54亿,1.20亿,工业集团企业,1.53%,101.07%,1.92
5282,同日科技,TRSG,US,-,-,-,0.0000/-,-,-,-,-,-,-,2068.72万,-1.34万,机械制造,-,4.16%,1.18
5283,Trustco Bank,TRST,US,46.15,-,1.13%,3.26/12.79,-,-0.71,-,-,NASDAQ,-,8.08亿,1628.50万,商业银行,0.44%,78.96%,1.2
5284,Trio-Tech,TRT,US,16.52,-,62.26%,0.02/-,-,19.88,-,-,AMEX,-,1.45亿,20.30万,半导体产品与设备,1.41%,22.23%,4.31
5285,TPG RE Finance Trust,TRTX,US,8.36,-,1.68%,0.57/14.25,-,0.36,-,-,-,-,6.48亿,4547.90万,抵押型REITs,0.85%,76.19%,0.607
5286,TransUnion,TRU,US,72.61,-,2.29%,2.34/30.76,-,-0.64,-,-,NYSE,-,140.09亿,4.55亿,专业服务,0.74%,106.14%,3.16
5287,TruGolf Holdings,TRUG,US,2.2,-,10.85%,-51.39/-,-,-19.12,-,-,-,-,201.14万,-1522.79万,休闲设备与用品,27.60%,0.08%,0.468
5288,Trupanion,TRUP,US,27.46,http://www.trupanion.com,11.62%,0.45/61.37,"Trupanion is a direct-to-consumer monthly subscription service providing a medical insurance plan for cats and dogs throughout the United States, Canada and Puerto Rico. Our data-driven, vertically-integrated approach enables us to provide pet owners with what we believe is the highest value medical plan for their pets, priced specifically for each pet’s unique characteristics. Our growing and loyal member base provides us with highly predictable and recurring revenue. We operate our business with a focus on maximizing the lifetime value of each pet while sustaining a favorable ratio of lifetime value relative to acquisition cost.",2.31,S1/F1,-,NASDAQ,-,11.93亿,1943.30万,医疗保健服务,0.86%,74.80%,3.11
5289,旅行者保险,TRV,US,302.73,-,1.70%,7.89/8.47,-,-1.5,-,-,-,-,643.74亿,17.11亿,保险,0.80%,87.29%,2.01
5290,Trivago,TRVG,US,2.79,-,1.44%,0.04/14.96,"Trivago,全球最大的酒店搜索引擎，致力于为客户提供一种直接、简单易用并且公正的酒店搜索服务。trivago 成立于 2005 年，总部位于德国杜塞尔多夫，搜索平台覆盖了来自 190 多个国家的 130 万家酒店，包括 250 多家酒店预订网站和酒店连锁品牌，如 Expedia、Agoda、Priceline、Booking.com 等。",0.72,-,-,NASDAQ,-,1.97亿,1316.78万,软件,0.05%,6.05%,0.787
5291,Trevi Therapeutics,TRVI,US,14.41,-,3.24%,-0.32/-,-,1.55,-,-,-,-,20.17亿,-4275.90万,制药,1.08%,93.21%,11.01
5292,TRX Gold,TRX,US,1.24,-,3.63%,-0.08/-,-,0,-,-,AMEX,-,4.04亿,-2454.40万,金属与采矿,0.74%,4.47%,7.52
5293,泰纳瑞斯钢铁,TS,US,63.29,-,1.56%,1.83/16.57,-,1.05,-,-,NYSE,-,320.19亿,19.33亿,金属与采矿,0.28%,6.25%,1.93
5294,Telesat,TSAT,US,47.69,-,6.20%,-7.74/-,-,-1.41,-,-,-,-,7.08亿,-1.13亿,通信设备,1.78%,311.12%,1.83
5295,Timberland Bancorp,TSBK,US,40.65,-,3.63%,1.04/10.5,-,0.27,-,-,NASDAQ,-,3.20亿,821.60万,商业银行,0.35%,63.69%,1.19
5296,拖拉机供应,TSCO,US,36.74,-,3.54%,0.31/17.87,-,-3.75,-,-,NASDAQ,-,193.25亿,1.65亿,专营零售,2.64%,97.90%,7.69
5297,Tower半导体,TSEM,US,200.54,-,7.43%,1.97/102.4,-,-0.36,-,-,NASDAQ,-,225.68亿,2.20亿,半导体产品与设备,3.08%,66.77%,7.77
5298,Taysha Gene,TSHA,US,6.4,-,3.52%,-0.34/-,-,0,-,-,-,-,18.39亿,-1.09亿,生物科技,0.82%,95.48%,7.45
5299,Tcw Strategic Income,TSI,US,4.553,-,0.44%,0.41/11.17,-,0,-,-,NYSE,-,2.18亿,1948.33万,资本市场,0.17%,55.99%,0.891
5300,特斯拉,TSLA,US,376.3,http://www.teslamotors.com/,3.22%,0.15/365.9,"特斯拉公司（Tesla Inc）成立于2003年，总部位于美国加州硅谷，主要从事纯电动汽车的设计、制造和销售，也向第三方提供电动汽车动力系统的研究开发和代工生产服务。2008年2月正式推出第一代产品Roadster电动跑车；现正在积极研发第二代产品Model S电动轿车，并准备在该平台上衍生出电动跨界车（Crossover）Model X等其他车型。

  Tesla在美国、欧洲和日本设有自营的产品销售网络，并提供电动汽车在线订制及购买服务。戴姆勒奔驰和丰田汽车是Tesla的股东及战略合作伙伴，Tesla也向它们提供电动汽车动力系统的研发及代工服务。

  2010年6月，Tesla在纳斯达克上市，IPO发行价17.00美元，净募集资金1.84亿美元。Tesla由此成为1956年福特汽车IPO以来第一家上市的美国汽车制造商，也是目前唯一一家在美国上市的纯电动汽车独立制造商。",0.69,http://sec.gov/Archives/edgar/data/1318605/000119312510149105/d424b4.htm,-,NASDAQ,"1050 BING STREET SAN CARLOS, CA, USA",14132.79亿,4.77亿,汽车,2.23%,42.69%,16.8
5301,Sixth Street专业贷款,TSLX,US,18.69,-,1.83%,1.81/10.41,-,0.75,-,-,NYSE,-,17.76亿,1.71亿,综合金融服务,0.56%,58.05%,1.1
5302,台积电,TSM,US,402.46,http://www.tsmc.com,4.09%,0.69/34.68,台积公司于1987年在新竹科学园区成立，是一家专业集成电路制造服务公司，提供制程技术及拥有专业晶圆制造服务领域最完备的组件数据库、知识产权、设计工具、及设计流程。台积公司目前总产能已达全年430万片晶圆，其营收约占全球晶圆代工市场的百分之六十。,5.17,-,-,NYSE,-,20873.61亿,178.62亿,半导体产品与设备,0.42%,3.06%,11.36
5303,泰森食品,TSN,US,64.03,http://www.tyson.com/,2.70%,0.25/112.7,泰森食品（Tyson Foods Inc）是全球最大的鸡肉、牛肉、猪肉供应商及生产商。,-1.84,-,-,NYSE,-,225.44亿,8500.00万,食品,0.76%,89.23%,1.25
5304,Townsquare Media,TSQ,US,6.85,http://www.townsquaremedia.com,6.17%,-0.71/-,"Townsquare Media is an integrated and diversified media and entertainment company that owns and operates market leading radio stations, digital and social properties and live events in small and mid-sized markets across the United States, delivering national scale and expertise to the communities we serve on a local level. Our integrated and diversified product and service offerings, which we refer to as Townsquare Everywhere, enable local, regional and national advertisers to target audience engagement across multiple platforms, including on-air, online and at live events. For national advertisers, we supplement our local offerings with the nationwide reach of our owned, operated and affiliated music and entertainment websites, which, on a combined basis, attracted approximately 78 million U.S. based unique visitors in March 2014. Our Townsquare Everywhere capabilities, combined with our leading market position in small and mid-sized markets, together enable us to generate higher total revenue per audience member than radio station owners focused on larger markets. Townsquare offers our audience original entertainment, music and lifestyle media experiences that connect them with content they love, people they trust and products they want.",0.59,S1/F1,-,NYSE,-,1.17亿,-1151.60万,媒体,1.41%,63.89%,-
5305,TSS,TSSI,US,15.75,-,6.25%,0.61/30.05,-,-0.32,-,-,-,-,4.55亿,1512.50万,信息技术服务,5.67%,30.50%,5.93
5306,特灵科技,TT,US,486.42,-,1.25%,13.09/36.85,-,0.18,-,-,-,-,1075.58亿,29.19亿,机械制造,0.43%,86.75%,12.54
5307,Titan America,TTAM,US,16.46,-,3.78%,1.01/16.36,-,0.37,-,-,-,-,30.35亿,1.85亿,建筑产品,0.70%,15.70%,2.93
5308,ServiceTitan,TTAN,US,62.66,-,5.34%,-1.73/-,-,2.84,-,-,-,-,59.69亿,-1.60亿,软件,1.73%,92.83%,3.91
5309,托罗配件,TTC,US,95.23,-,1.64%,0.69/27.87,-,-1.07,-,-,NYSE,-,92.31亿,6790.00万,机械制造,0.47%,90.40%,6.5
5310,The Trade Desk,TTD,US,23.97,-,5.26%,0.91/25.42,-,5.97,-,-,NASDAQ,-,112.68亿,4.43亿,互动媒体与服务,4.89%,84.03%,4.54
5311,道达尔,TTE,US,89.73,-,1.27%,5.84/14.65,-,-0.82,-,-,-,-,1922.81亿,131.27亿,石油与天然气,0.04%,33.08%,1.67
5312,TTEC Holdings,TTEC,US,3.1,-,5.12%,-3.99/-,-,2.31,-,-,NASDAQ,-,1.51亿,-1.92亿,专业服务,1.33%,29.55%,1.58
5313,德照科技,TTEK,US,31.24,-,2.74%,0.4/23.15,-,-0.29,-,-,NASDAQ,-,81.48亿,1.05亿,商业服务与用品,0.87%,92.16%,4.41
5314,TechTarget,TTGT,US,5.65,-,9.06%,-14.06/-,-,7.82,-,-,NASDAQ,-,4.08亿,-10.08亿,信息技术服务,1.88%,38.25%,0.687
5315,脂鲤技术,TTI,US,9.69,-,5.25%,0.02/436.3,-,1.68,-,-,NYSE,-,13.11亿,300.50万,能源设备与服务,2.26%,88.00%,4.62
5316,TTM科技,TTMI,US,149.01,-,9.72%,1.73/87.2,-,12.05,-,-,NASDAQ,-,154.74亿,1.77亿,电子设备与仪器,2.63%,96.31%,8.78
5317,Turn,TTRX,US,3.545,-,6.12%,-0.12/-,-,5.82,-,-,-,-,1.06亿,-319.41万,生命科学工具,0.15%,1.62%,22.58
5318,Take-Two Interactive,TTWO,US,210.75,-,1.52%,-1.3/-,-,0.41,-,-,NASDAQ,-,390.26亿,-2.39亿,娱乐,0.64%,92.02%,11.16
5319,泰勒斯,TU,US,12.31,-,1.37%,0.53/23.68,-,-0.89,-,-,NYSE,-,192.20亿,8.12亿,综合电信业务,0.21%,46.37%,1.67
5320,Bloomia Holdings,TULP,US,3.893,-,4.05%,-2.9/4.63,-,-1.44,-,-,-,-,690.28万,-513.00万,综合金融服务,0.53%,8.64%,0.97
5321,Turbo Energy,TURB,US,1.85,-,8.29%,-0.03/-,-,-7.04,-,-,-,-,2223.17万,-164.51万,电子设备与仪器,-,0.27%,14.68
5322,Mammoth Energy,TUSK,US,2.57,-,6.98%,0.1/27.04,-,3.63,-,-,NASDAQ,-,1.24亿,459.70万,能源设备与服务,0.28%,71.66%,0.481
5323,涂鸦智能,TUYA,US,2.4,-,3.91%,0.09/25.43,-,4.35,-,-,-,-,14.72亿,5789.00万,信息技术服务,0.14%,23.50%,1.44
5324,墨西哥电视,TV,US,3.08,-,3.25%,-0.18/-,-,0,-,-,NYSE,-,16.38亿,-4.90亿,媒体,0.13%,27.05%,0.316
5325,Texas Ventures,TVA,US,10.45,-,0.33%,0.26/52.9,-,0.29,-,-,-,-,3.13亿,592.64万,资本市场,0.07%,89.49%,1.45
5326,Thayer Ventures,TVAI,US,-,-,-,0.2/71.7,-,-,-,-,-,-,2.78亿,388.38万,资本市场,-,95.09%,-
5327,Tevogen Bio Holdings,TVGN,US,7.55,-,10.41%,-8.08/-,-,7.7,-,-,-,-,3143.97万,-2627.54万,生物科技,1.22%,2.54%,-
5328,Tvardi Therapeutics,TVRD,US,3.1,-,8.64%,-2.46/-,-,2.99,-,-,-,-,2908.22万,-1821.40万,制药,0.34%,28.90%,1.39
5329,Travere Therapeutics,TVTX,US,40.5,-,3.43%,-0.29/-,-,-0.78,-,-,-,-,37.41亿,-2554.60万,制药,1.50%,110.56%,32.58
5330,Tradeweb Markets,TW,US,113.29,-,2.55%,3.81/32.9,-,-0.29,-,-,-,-,267.39亿,8.13亿,资本市场,1.27%,100.45%,4.11
5331,TaoWeave,TWAV,US,1.76,-,10.61%,-2.76/-,-,-1.68,-,-,NASDAQ,-,585.59万,-638.70万,信息技术服务,1.29%,12.50%,0.833
5332,TWFG,TWFG,US,19.8,-,4.41%,0.53/137.7,-,-0.85,-,-,-,-,10.96亿,796.30万,保险,1.60%,80.68%,10.83
5333,富原集团,TWG,US,3.5,-,3.68%,3.86/106.7,-,-0.85,-,-,-,-,9069.63万,240.07万,食品,13.72%,1.14%,4.32
5334,泰坦国际,TWI,US,8.22,-,2.75%,-1/-,-,0.37,-,-,NYSE,-,5.26亿,-6349.40万,汽车零配件,1.13%,90.49%,1.02
5335,双环,TWIN,US,18.06,-,2.48%,1.56/11.94,-,-0.55,-,-,NASDAQ,-,2.60亿,2185.30万,电气设备,0.21%,64.27%,1.41
5336,Twilio,TWLO,US,143.79,-,2.22%,0.22/643.9,Twilio成立于2007年，是一个专注通讯服务的开放PaaS平台。通过将复杂的底层通信功能打包成 API 并对外开放，Twilio让 web、桌面及移动应用可以方便地嵌入短信、语音及 VoIP 功能，从而实现云通信的功能。,1.55,-,-,NYSE,-,217.86亿,3383.40万,软件,1.09%,90.62%,2.79
5337,Twelve Seas III,TWLV,US,-,-,-,0.01/6311,-,-,-,-,-,-,2.34亿,3.70万,资本市场,0.00%,-,1.4
5338,Taiwan Fund,TWN,US,91.07,-,4.06%,11.4/7.26,-,5.23,-,-,NYSE,-,5.28亿,7267.03万,资本市场,0.63%,84.35%,1.46
5339,Two Harbors,TWO,US,11,-,0.73%,-4.88/-,-,0,-,-,NYSE,-,11.56亿,-5.07亿,抵押型REITs,1.86%,71.41%,0.974
5340,Twist Bioscience,TWST,US,60.94,-,5.52%,-0.5/-,-,3.55,-,-,-,-,37.36亿,-3050.70万,生物科技,1.61%,122.85%,8.19
5341,特尔尼翁钢铁,TX,US,43.32,-,2.48%,0.22/20,-,2.15,-,-,NYSE,-,85.04亿,4.25亿,金属与采矿,0.17%,1.16%,0.712
5342,10x Genomics,TXG,US,22.08,-,4.30%,-0.35/-,-,3.08,-,-,-,-,28.21亿,-4354.40万,生命科学工具,1.40%,104.51%,3.54
5343,Therapeuticsmd,TXMD,US,2.19,-,3.67%,-0.05/-,-,0.46,-,-,AMEX,-,2534.79万,-56.90万,制药,0.09%,28.21%,0.943
5344,德州仪器,TXN,US,277.14,http://www.ti.com/,5.61%,1.7/47.18,德州仪器是全球领先的半导体公司，为现实世界的信号处理提供创新的数字信号处理(DSP)及模拟器件技术。除半导体业务外，还提供包括教育产品和数字光源处理解决方案(DLP)。德州仪器总部位于美国得克萨斯州的达拉斯，并在25多个国家设有制造、设计或销售机构。该公司营运业务分为两大区域：半导体与教育科技。前者主营设计，制造，销售集成电路，后者提供手持式制图计算机。,-1.8,-,972-9952011,NASDAQ,-,2521.97亿,15.45亿,半导体产品与设备,1.54%,86.47%,15.03
5345,TXNM Energy,TXNM,US,59.02,-,0.25%,1.49/42.47,-,0.03,-,-,-,-,64.29亿,1.51亿,电力,0.86%,100.31%,1.89
5346,TXO Partners,TXO,US,12.29,-,2.40%,-0.43/-,-,0.49,-,-,-,-,6.79亿,-2161.90万,石油与天然气,0.82%,30.44%,0.981
5347,德州公路酒吧,TXRH,US,159.78,-,1.55%,6.11/25.94,-,-0.41,-,-,NASDAQ,-,105.22亿,4.06亿,酒店餐饮与休闲,1.71%,98.12%,7.2
5348,德事隆,TXT,US,87.96,http://www.textron.com/,3.37%,5.15/16.63,德事隆（Textron Inc）于1923年成立于马萨诸塞州，成立之初是一家小型纺织品公司；现发展为一家多元化工业集团。,-2.67,-,-,NYSE,-,153.14亿,9.21亿,航空航天与国防,0.71%,89.56%,1.94
5349,Tri-Continental,TY,US,34.02,-,0.77%,4.75/7.16,-,0.5,-,-,NYSE,-,18.21亿,2.54亿,资本市场,0.03%,13.66%,0.936
5350,Tortoise Energy,TYG,US,47.52,-,2.06%,1.12/42.31,-,-2.42,-,-,NYSE,-,8.19亿,1935.58万,资本市场,0.74%,27.28%,0.833
5351,Tigo Energy,TYGO,US,5.01,-,8.10%,-0.03/-,-,2.45,-,-,-,-,3.80亿,-188.00万,电子设备与仪器,0.93%,15.82%,13.76
5352,泰勒科技,TYL,US,342.03,-,2.62%,7.32/46.01,-,1.87,-,-,NYSE,-,145.20亿,3.16亿,软件,0.90%,101.54%,3.92
5353,Tyra Biosciences,TYRA,US,37.59,-,6.24%,-2.01/-,-,2.45,-,-,-,-,22.36亿,-1.20亿,生物科技,2.85%,105.52%,8.63
5354,旅游族,TZOO,US,9.7,http://www.travelzoo.com/,19.41%,0.42/26.44,Travelzoo是美国一家提供旅游资讯和搜索服务旅游网站，旗下fly.com的比价模式类似于去哪儿网（Qunar.com）；此外还涉足了团购业务。该上市公司未包括亚太地区业务。,2.32,-,-,NASDAQ,-,1.06亿,247.80万,媒体,10.49%,37.10%,-
5355,Unity,U,US,26.01,-,5.92%,-0.96/-,-,6.99,-,-,-,-,113.49亿,-4.03亿,软件,2.56%,79.62%,3.51
5356,安德玛C,UA,US,5.99,http://www.underarmour.com,3.72%,-1.06/-,"Under Armour, Inc.的主要业务是开发、销售和分销男性、女性和年轻人的冠名演出服、鞋和饰品。该公司的防潮制造应用于各地衣物的许多设计和款式中，从而提供了一个可媲美传统产品的演出替代品。它的产品销往世界各地，在全球的运动场上，无论年轻人还是专业人员，各阶段的运动员都穿着它的产品，一些有着充满活力的生活方式的客人也穿他们的产品。该公司于1996年作为一家马里兰公司成立。",-3.23,-,-,NYSE,-,25.51亿,-4.52亿,纺织服装与奢侈品,1.38%,78.24%,1.78
5357,安德玛,UAA,US,6.2,https://www.underarmour.com,4.08%,-1.06/-,安德玛服装的主要业务是开发、销售和分销男性、女性和年轻人的冠名演出服、鞋和饰品。该公司的防潮制造应用于各地衣物的许多设计和款式中，从而提供了一个可媲美传统产品的演出替代品。它的产品销往世界各地，在全球的运动场上，无论年轻人还是专业人员，各阶段的运动员都穿着它的产品，一些有着充满活力的生活方式的客人也穿他们的产品。该公司于1996年作为一家马里兰公司成立。,-2.82,-,-,NYSE,-,26.41亿,-4.52亿,纺织服装与奢侈品,3.86%,103.72%,1.84
5358,United Acquisition I,UAC,US,-,-,-,-0.12/-,-,-,-,-,-,-,1.36亿,-39.55万,资本市场,-,0.15%,-
5359,联合航空控股,UAL,US,93,http://www.unitedcontinentalholdings.com/,2.83%,2.16/8.24,联合大陆航空（美国联合大陆控股有限公司）由之前全美第四大航空公司美联航(UAUA)和全球第六大航空公司美国大陆航空公司(CAL)合并而来。合并后的联合大陆航空已超过达美航空，成为目前全球最大的航空公司；占美国国内市场份额比例将达到21%，占全球运力比例将达到7%。,1.92,-,-,NYSE,-,301.85亿,6.99亿,航空公司,1.97%,89.91%,1.9
5360,美国锑,UAMY,US,9.74,-,8.79%,-0.04/-,-,-3.75,-,-,AMEX,-,13.94亿,-434.70万,金属与采矿,8.95%,42.42%,9.89
5361,CVR Partners,UAN,US,131.21,-,2.98%,9.33/14.06,-,0.74,-,-,NYSE,-,13.87亿,9866.20万,化学制品,1.22%,49.72%,5.22
5362,AgEagle天线系统,UAVS,US,1.08,-,6.31%,-0.52/-,-,-2.7,-,-,-,-,6182.65万,-1305.53万,贸易与经销,2.44%,5.72%,1.73
5363,联合合众银行,UBCP,US,16.235,-,1.19%,1.34/12.06,-,-0.06,-,-,NASDAQ,-,9346.25万,775.30万,商业银行,0.06%,11.56%,1.33
5364,优步,UBER,US,74.64,-,1.66%,4.82/15.12,-,-0.08,-,-,PREIPO,-,1520.29亿,100.53亿,公路与铁路,0.67%,83.96%,5.62
5365,瑞银,UBS,US,41.41,http://www.ubs.com/,1.41%,2.46/16.48,瑞银（UBS）全称为瑞士联合银行集团，它是欧洲最大的金融控股集团。旗下由瑞银华宝、瑞银机构资产管理与瑞银瑞士私人银行三大分支机构组成，瑞银集团的业务主要包括财富管理、投资银行及证券和资产管理三大块。,0.9,-,-,NYSE,-,1280.27亿,77.67亿,资本市场,0.06%,41.46%,1.42
5366,联合银行,UBSI,US,43.49,-,1.58%,3.28/11.93,-,-0.96,-,-,NASDAQ,-,60.20亿,1.24亿,商业银行,0.68%,71.62%,1.1
5367,有家保险,UBXG,US,1.15,-,9.95%,-0.36/-,-,9,-,-,-,-,3482.68万,-1017.75万,专业服务,0.06%,0.44%,0.942
5368,优品车,UCAR,US,1.64,-,17.16%,-0.81/-,-,-2.96,-,-,-,-,825.44万,-307.11万,专营零售,81.16%,0.01%,0.195
5369,美国社区银行,UCB,US,33.08,-,2.49%,2.62/11.89,-,-1.75,-,-,-,-,39.59亿,8428.90万,商业银行,0.61%,86.13%,1.08
5370,中国粮投,UCFI,US,-,-,-,0.17/34.21,-,-,-,-,-,-,2.88亿,841.25万,食品与日用品零售,-,1.46%,14.5
5371,优克联,UCL,US,1.205,-,6.25%,0.02/7.28,-,0.42,-,-,-,-,4590.12万,630.10万,无线电信业务,-,0.07%,1.59
5372,超科林半导体,UCTT,US,83.01,-,6.03%,-4/-,-,6.1,-,-,NASDAQ,-,37.76亿,-1.81亿,半导体产品与设备,2.99%,95.61%,5.31
5373,Udemy,UDMY,US,4.25,-,8.25%,0.03/162.9,-,-10.15,-,-,-,-,6.20亿,380.70万,综合消费者服务,5.16%,89.42%,2.95
5374,UDR不动产信托,UDR,US,34.77,-,1.10%,1.13/30.39,-,-0.4,-,-,NYSE,-,113.31亿,3.73亿,住宅房地产投资信托,0.88%,105.04%,3.49
5375,Urban Edge,UE,US,21.7,-,1.34%,0.74/29.23,-,0.51,-,-,NYSE,-,27.34亿,9353.50万,零售房地产投资信托,0.57%,96.62%,2.12
5376,Uranium Energy,UEC,US,14.05,-,7.38%,-0.05/-,-,-6.02,-,-,AMEX,-,68.88亿,-2427.80万,石油与天然气,1.77%,76.56%,4.88
5377,Universal,UEIC,US,4.14,-,1.94%,-1.41/-,-,0.49,-,-,NASDAQ,-,5222.45万,-1859.90万,耐用消费品,0.40%,68.76%,0.357
5378,联合火险,UFCS,US,40.15,-,2.43%,4.64/8.7,-,0.48,-,-,NASDAQ,-,10.28亿,1.18亿,保险,0.49%,65.14%,1.09
5379,Uni-Fuels Holdings,UFG,US,0.97,-,8.47%,-0.18/-,-,2.65,-,-,-,-,3149.11万,-175.07万,石油与天然气,3.77%,2.03%,2.99
5380,仪化宇辉,UFI,US,3.61,-,2.96%,-1.15/-,-,1.69,-,-,NYSE,-,6707.76万,-2106.30万,纺织服装与奢侈品,0.22%,40.83%,0.292
5381,UFP Industries,UFPI,US,94.9,-,2.19%,5/18.29,-,-1.64,-,-,NASDAQ,-,53.90亿,2.95亿,林业与纸制品,0.75%,85.89%,1.76
5382,UFP Technologies,UFPT,US,200.06,-,4.56%,8.87/22.59,-,0.99,-,-,NASDAQ,-,15.43亿,6831.30万,医疗保健设备,3.28%,110.83%,3.64
5383,United-Guardian,UG,US,7.21,-,9.40%,0.46/15.73,-,6.03,-,-,NASDAQ,-,3312.50万,210.57万,个人用品,0.59%,19.88%,2.89
5384,UGI公用事业,UGI,US,36.92,-,1.57%,1.38/13.21,-,-0.75,-,-,NYSE,-,79.24亿,2.97亿,燃气,0.48%,93.45%,1.58
5385,Ultrapar Holdings,UGP,US,5.75,-,2.09%,0.42/13.72,-,0.35,-,-,NYSE,-,61.45亿,4.48亿,石油与天然气,0.15%,5.55%,2.15
5386,Urban-gro,UGRO,US,8.57,-,9.63%,-41.83/-,-,-7.75,-,-,-,-,966.82万,-2209.90万,娱乐,11.55%,3.71%,-
5387,U-Haul Holding,UHAL,US,52.59,-,1.73%,0.94/80.17,-,-1.31,-,-,NASDAQ,-,103.12亿,2.11亿,公路与铁路,2.11%,36.92%,1.38
5388,U-Haul Holding N,UHAL.B,US,48.87,-,1.64%,0.94/74.5,-,-1.29,-,-,-,-,95.82亿,2.11亿,公路与铁路,0.39%,-,1.28
5389,United Homes,UHG,US,1.18,-,0.84%,-0.28/-,-,-0.84,-,-,-,-,6941.61万,-1625.20万,耐用消费品,0.21%,16.00%,1.21
5390,Universal Health,UHS,US,174.35,-,4.23%,23.42/7.15,-,-3.77,-,-,NYSE,-,106.41亿,14.89亿,医疗保健服务,1.48%,94.50%,1.45
5391,Universal Health,UHT,US,40.77,-,1.77%,1.27/32.12,-,0.2,-,-,NYSE,-,5.66亿,1760.90万,医疗保健房地产投资信托,0.44%,62.13%,3.71
5392,厄比奎蒂,UI,US,1033.33,-,3.67%,7.3/70.38,-,-0.44,-,-,-,-,625.38亿,4.41亿,通信设备,1.19%,4.76%,61.58
5393,优利系统,UIS,US,2.65,-,4.28%,-4.79/-,-,3.11,-,-,NYSE,-,1.92亿,-3.40亿,信息技术服务,1.02%,77.00%,-
5394,优客工场,UK,US,0.265,-,17.89%,-2.01/-,-,-7.02,-,-,NASDAQ,-,120.73万,-541.13万,写字楼房地产投资信托,10.50%,0.01%,0.065
5395,联合利华,UL,US,58.13,http://www.unilever.com/,1.54%,5.08/11.43,联合利华集团是由荷兰Margrine Unie人造奶油公司和英国Lever Brothers香皂公司于 1929年合并而成。总部设于荷兰鹿特丹和英国伦敦，分别负责食品及洗剂用品事业的经营，是全球第二大消费用品制造商。,1.06,-,-,NYSE,-,1270.11亿,111.13亿,居家用品,0.15%,9.94%,6.97
5396,Ultralife,ULBI,US,7.55,-,5.36%,-0.35/-,-,-3.7,-,-,NASDAQ,-,1.26亿,-589.80万,电气设备,0.14%,33.79%,0.967
5397,Frontier Group,ULCC,US,3.94,-,4.84%,-0.6/-,-,2.6,-,-,-,-,9.05亿,-1.37亿,航空公司,4.80%,54.47%,1.84
5398,环球物流控股,ULH,US,23.67,-,13.93%,-3.79/-,-,-4.63,-,-,NASDAQ,-,6.24亿,-9987.30万,公路与铁路,1.07%,28.45%,1.15
5399,UL Solutions,ULS,US,90.19,-,3.17%,1.62/55.84,-,0.78,-,-,-,-,181.46亿,3.25亿,信息技术服务,0.90%,112.41%,14.38
5400,Ulta Beauty,ULTA,US,558.55,http://www.ulta.com,2.27%,25.72/21.09,Ulta Salon创建于1990年，是美国最大的化妆品折扣零售商,-1.04,-,-,NASDAQ,-,243.31亿,11.53亿,专营零售,0.90%,97.66%,8.68
5401,Unusual Machines,UMAC,US,14.65,-,11.16%,-0.74/-,-,-9.18,-,-,-,-,7.00亿,-1919.36万,通信设备,14.39%,32.19%,4
5402,UMB金融,UMBF,US,122.22,-,2.28%,9.35/13.59,-,-1.13,-,-,NASDAQ,-,93.05亿,6.85亿,商业银行,1.06%,93.61%,1.26
5403,联电,UMC,US,12.28,-,1.67%,0.11/23.23,-,2.33,-,-,NYSE,-,308.93亿,13.30亿,半导体产品与设备,0.44%,6.03%,2.55
5404,UMH Properties,UMH,US,15.72,-,1.71%,0.07/224,-,1.42,-,-,NYSE,-,13.36亿,596.60万,住宅房地产投资信托,0.59%,81.03%,2.29
5405,Union Bankshares,UNB,US,24.79,-,1.34%,2.43/10.32,-,0.65,-,-,NASDAQ,-,1.14亿,1108.00万,商业银行,0.13%,18.64%,1.41
5406,Unicycive,UNCY,US,7.29,-,5.51%,-1.67/-,-,-0.82,-,-,-,-,1.84亿,-2655.50万,生物科技,1.21%,32.67%,6.1
5407,第一联合,UNF,US,260.23,-,1.22%,3.15/34.71,-,-0.63,-,-,NYSE,-,47.06亿,5484.70万,商业服务与用品,1.31%,98.55%,2.16
5408,联合原生态食品,UNFI,US,48.15,-,3.64%,0.26/-,-,1.13,-,-,NASDAQ,-,29.25亿,1600.00万,经销商,0.62%,93.83%,1.89
5409,联合健康,UNH,US,354.92,http://www.unitedhealthgroup.com/main/default.aspx,1.94%,6.92/26.76,联合健康集团公司 (UnitedHealth Group) 是一家多元化的健康福利机构，通过旗下六家公司在全美50个州和国际间营运，给各领域的保健业者提供全面的保健产品和服务。,0.1,-,-,NYSE,-,3223.43亿,62.80亿,医疗保健服务,0.94%,82.85%,3.1
5410,Uniti Group,UNIT,US,11.98,-,2.85%,6.61/2.29,-,1.96,-,-,NASDAQ,-,28.64亿,12.49亿,专业房地产投资信托,0.88%,91.82%,7.53
5411,尤纳姆,UNM,US,77.48,-,1.05%,4.28/16.89,-,0.23,-,-,NYSE,-,124.72亿,7.38亿,保险,0.77%,90.55%,1.12
5412,联合太平洋,UNP,US,268.7,http://www.up.com,2.36%,2.87/22.12,联合太平洋公司(Union Pacific Company)1862年7月1日通过的法案建立的。联合太平洋公司控制着三个子公司，它们是Union Pacific Railroad Company（太平洋联合铁路公司）、 Overnite Transportationhe和Fenix。其中，太平洋联合铁路公司，是现今全美国最大的铁路网络之一，横跨美国中部及西部地区，太平洋联合铁路公司领导着美国的运输业，在美国的西部和加拿大、墨西哥长达36000英里的铁路线上运输煤、化学制品和其它货物。Overnite Transportation公司是美国最大的卡车运输公司之一。Fenix公司又是有四个技术公司组成，主要从事通讯、微波系统制造和运输管理软件、电子商务应用软件的开发。,-0.94,-,402-544-5000,NYSE,"1400 Douglas Street Omaha, NE 68179 United States",1595.31亿,17.01亿,公路与铁路,0.60%,87.13%,8.22
5413,Unity Bancorp,UNTY,US,52.43,-,2.92%,5.78/8.68,-,-0.64,-,-,NASDAQ,-,5.26亿,1428.80万,商业银行,0.77%,48.97%,1.47
5414,Urban One,UONE,US,5.65,-,3.28%,-32.94/-,-,0.18,-,-,NASDAQ,-,2550.89万,-1.47亿,媒体,1.30%,14.58%,1.04
5415,Urban One D,UONEK,US,4.954,-,5.53%,-32.94/-,-,-0.42,-,-,NASDAQ,-,2236.66万,-1.47亿,媒体,0.47%,29.93%,0.909
5416,Wheels Up Experience,UP,US,0.416,-,11.65%,-0.42/-,-,5.32,-,-,-,-,3.02亿,-2.94亿,航空公司,0.55%,76.84%,-
5417,Upstream Bio,UPB,US,9.3,-,4.38%,-2.66/-,-,-3.13,-,-,-,-,5.06亿,-1.43亿,生物科技,1.93%,94.61%,1.49
5418,Upbound Group,UPBD,US,19.77,-,3.48%,1.3/15.75,-,1.18,-,-,-,-,11.54亿,7324.20万,专营零售,1.27%,96.02%,1.66
5419,大自然药业,UPC,US,3.28,-,12.80%,-8.06/-,-,-2.38,-,-,-,-,184.77万,-367.21万,制药,3.05%,0.10%,0.041
5420,Upland Software,UPLD,US,0.605,http://www.uplandsoftware.com,4.41%,-1.56/-,"Upland is a leading provider of cloud-based enterprise work management software. We define enterprise work management software as software applications that enable organizations to plan, manage and execute projects and work. Our software applications help organizations better optimize the allocation and utilization of their people, time and money. We provide a family of cloud-based enterprise work management software applications for the information technology, marketing, finance, professional services and process excellence functions within organizations. Our software applications address a broad range of enterprise work management needs, from strategic planning to task execution.",2.54,S1/F1,-,NASDAQ,-,1776.47万,-4475.20万,软件,0.46%,44.43%,0.22
5421,联合包裹,UPS,US,107.02,http://www.ups.com/,1.19%,6.56/16.32,UPS快递 (UPS Express )于1907年成立于美国，是世界上最大的快递承运商与包裹递送公司，同时也是专业的运输、物流、资本与电子商务服务的提供者。,-0.65,-,404-8286000,NYSE,美国佐治亚州亚特兰大市Glenlake大街55号，邮编:GA 30328,909.32亿,55.72亿,航空货运与物流,0.56%,67.83%,5.6
5422,Upstart,UPST,US,33.49,-,3.12%,0.56/59.8,-,2.04,-,-,-,-,32.05亿,5360.10万,消费信贷,2.98%,64.86%,4.01
5423,Upwork,UPWK,US,10.63,-,3.12%,0.87/11.38,-,1.43,-,-,-,-,13.14亿,1.15亿,软件,2.20%,104.67%,2.08
5424,Upexi,UPXI,US,1.4,-,7.04%,-1.93/-,-,-1.41,-,-,-,-,9766.48万,-1.12亿,软件,3.41%,26.05%,2.01
5425,都市服饰,URBN,US,73.64,http://www.urbanoutfittersinc.com/,2.11%,5.15/13.56,"Urban Outfitters是美国服装零售，提供各种生活用品的创新型专业零售兼批发服务。
Urban Outfitters是同名连锁店和连锁运营商Anthropologie的母公司",-0.28,-,-,NASDAQ,-,63.04亿,4.65亿,专营零售,1.71%,79.34%,2.24
5426,Ur-能源,URG,US,1.7,-,3.76%,-0.2/-,-,-1.73,-,-,AMEX,-,6.75亿,-7489.80万,石油与天然气,1.66%,61.78%,8.72
5427,乌龙制药,URGN,US,24.11,https://www.urogen.com,3.33%,-3.19/-,乌龙制药有限公司于2004年4月以以色列国法律成立，名称为TheraCoat Ltd.，2015年9月，该公司更名为乌龙制药有限公司。该公司是一家临床阶段的生物制药公司，专注于开发旨在改变泌尿系统病理学护理标准的新型疗法。,-0.82,S1/F1,-,NASDAQ,-,11.74亿,-1.53亿,制药,1.52%,89.83%,-
5428,联合租赁,URI,US,974.41,-,3.76%,8.44/24.35,-,-1.25,-,-,NYSE,-,610.43亿,5.31亿,贸易与经销,1.68%,90.99%,6.81
5429,Uranium Royalty,UROY,US,3.75,-,6.02%,0.03/169.8,-,0.27,-,-,-,-,5.49亿,408.72万,资本市场,1.51%,25.31%,1.95
5430,Liberty All Star Equ,USA,US,5.8,-,1.18%,0.56/10.42,-,1.05,-,-,NYSE,-,17.49亿,1.68亿,资本市场,0.30%,18.27%,0.848
5431,USA Compression,USAC,US,27.52,-,1.24%,0.85/38.72,"USA Compression Partners LP成立于1998年，是一家天然气服务供应商；总部位于德克萨斯州的奥斯汀；之前被私募股权公司Riverstone Holdings LLC收购。

2013年1月8日向美国证交会(SEC)提交了IPO补充文件，确认发行价格区间为$19.00 - $21.00，发行1000万股，计划融资2亿美元。巴克莱资本、高盛、摩根大通和富国银行担任承销人。",0.33,-,-,NYSE,-,39.90亿,1.03亿,能源设备与服务,0.20%,36.23%,-
5432,USA Rare Earth,USAR,US,21.86,-,10.55%,-3.31/-,-,-5.33,-,-,-,-,47.65亿,-2.98亿,金属与采矿,7.71%,29.07%,9.67
5433,Americas Gold,USAS,US,5.85,-,4.21%,-0.33/-,-,-1.52,-,-,AMEX,-,19.06亿,-8744.60万,金属与采矿,2.05%,24.81%,8.6
5434,美国黄金,USAU,US,16.2,-,2.81%,-0.82/-,-,-1.04,-,-,-,-,2.67亿,-1184.39万,金属与采矿,0.96%,27.41%,5.08
5435,美国合众银行,USB,US,55.58,http://www.usbank.com/,2.42%,1.18/11.63,美国合众银行成立于1895年，总部位于明尼阿波利斯，是美国第6大商业银行之一。公司拥有2472个办事机构以及4841个ATM机，向客户、机构和企业提供包括银行、经纪、保险、投资、抵押信贷和支付服务的综合产品。,-1.85,-,-,NYSE,-,864.27亿,18.41亿,商业银行,0.40%,81.44%,1.47
5436,USBC,USBC,US,0.374,-,4.92%,-0.39/-,-,2.19,-,-,-,-,1.45亿,-2435.39万,综合金融服务,0.61%,0.95%,1.5
5437,USCB Financial,USCB,US,19.12,-,3.18%,1.34/12.56,-,-1.8,-,-,-,-,3.49亿,935.10万,商业银行,0.43%,87.64%,1.56
5438,United Maritime,USEA,US,2.05,-,1.97%,-0.7/-,-,0.99,-,-,-,-,1955.32万,-618.80万,海运,0.27%,3.12%,0.37
5439,美国能源,USEG,US,0.927,-,7.65%,-0.43/-,-,2.77,-,-,NASDAQ,-,4919.51万,-1437.40万,石油与天然气,4.30%,2.72%,2.03
5440,美国食品控股,USFD,US,93.2,-,2.28%,2.98/30.36,-,0.4,-,-,NYSE,-,205.27亿,6.76亿,食品与日用品零售,0.79%,106.23%,4.77
5441,U.S. GoldMining,USGO,US,13.225,-,2.22%,-0.55/-,-,1.11,-,-,-,-,1.76亿,-699.11万,金属与采矿,1.63%,3.33%,23.16
5442,Usio,USIO,US,1.19,-,1.50%,-0.09/-,-,-0.83,-,-,-,-,3301.80万,-251.23万,消费信贷,0.05%,15.44%,1.84
5443,美国灰矿建材,USLM,US,131.49,-,2.94%,4.69/28.08,-,-0.66,-,-,NASDAQ,-,37.70亿,1.34亿,建筑材料,1.27%,30.14%,5.98
5444,优莎娜,USNA,US,19.44,-,1.85%,0.58/33.35,-,1.04,-,-,NYSE,-,3.59亿,1076.00万,医疗保健设备,0.77%,57.84%,0.673
5445,美国理疗保健,USPH,US,73.53,-,2.96%,1.42/28.09,-,-1.65,-,-,NYSE,-,11.12亿,3958.30万,医疗保健服务,1.12%,106.31%,2.33
5446,Cohen & Steers Infra,UTF,US,26.28,-,0.82%,3.97/7.66,-,0.04,-,-,NYSE,-,29.38亿,3.83亿,资本市场,0.23%,26.07%,1.03
5447,Reaves Utility Incom,UTG,US,42.19,-,0.76%,8.62/5.02,-,0.12,-,-,AMEX,-,38.57亿,7.69亿,资本市场,0.14%,13.79%,1.09
5448,联合治疗,UTHR,US,567.16,-,2.19%,30.13/18.62,-,-0.99,-,-,NASDAQ,-,248.57亿,13.35亿,生物科技,0.71%,95.08%,3.5
5449,环球技术学院,UTI,US,35.49,-,6.26%,0.24/36.37,-,-2.31,-,-,NYSE,-,19.53亿,1282.70万,综合消费者服务,0.75%,99.04%,5.81
5450,Unitil,UTL,US,52.77,-,2.56%,2.97/18.91,-,-0.21,-,-,NYSE,-,9.49亿,5020.00万,复合型公用事业,0.74%,81.81%,0.764
5451,犹他医疗产品,UTMD,US,67.17,-,1.72%,3.48/18.78,-,-1.03,-,-,NASDAQ,-,2.14亿,260.40万,医疗保健设备,0.31%,70.30%,1.79
5452,UT斯达康,UTSI,US,2.49,http://www.utstar.com,3.83%,-0.87/-,"UTStarcom (NASDAQ: UTSI) is a global telecom infrastructure provider dedicated to developing technology that will serve the rapidly growing demand for bandwidth from cloud-based services, mobile, streaming and other applications. We work with carriers globally, from Asia to the Americas, to meet this demand through a range of innovative broadband packet optical transport and wireless/fixed-line access products and solutions. The Company’s end-to-end broadband product portfolio, enhanced through in-house Software Defined Networking (SDN)-based orchestration, enables mobile and fixed-line network operators and enterprises worldwide to build highly efficient and resilient future-proof networks for a range of applications, including mobile backhaul, metro aggregation, broadband access and Wi-Fi data offload. Our strategic investments in media operational support service providers expand UTStarcom’s capabilities in the field of next generation video platforms. UTStarcom was founded in 1991, started trading on NASDAQ in 2000, and has operating entities in Hong Kong; Tokyo, Japan; Fremont, USA; Delhi and Bangalore, India; Hangzhou, China. For more information about UTStarcom, please visit http://www.utstar.com.",-4.6,-,86 10-85205588,NASDAQ,"Union 7, Level 23,  One Island East  18 Westlands Road  Hong Kong  +852-3750-7632",2280.00万,-795.00万,通信设备,0.12%,0.86%,0.625
5453,Utz Brands,UTZ,US,7.76,-,4.62%,0.01/857.8,-,2.51,-,-,-,-,6.86亿,80.00万,食品,2.77%,85.17%,0.961
5454,Universal Safety,UUU,US,6.06,-,4.17%,-0.64/-,-,1.17,-,-,AMEX,-,1646.98万,-147.66万,电子设备与仪器,1.28%,7.50%,7.25
5455,Energy Fuels,UUUU,US,20.32,-,10.31%,-0.38/-,-,-7.26,-,-,AMEX,-,50.44亿,-8563.40万,石油与天然气,4.65%,61.12%,7.44
5456,万全保险,UVE,US,39.48,-,10.47%,6.56/5.63,-,12.22,-,-,NYSE,-,11.02亿,5429.10万,保险,2.07%,74.67%,1.88
5457,宾夕法尼亚裕益银行,UVSP,US,37.57,-,2.12%,3.16/11,-,0.16,-,-,NASDAQ,-,10.50亿,2709.20万,商业银行,0.98%,80.26%,1.1
5458,环球烟草,UVV,US,53.67,-,1.26%,3.03/15.69,-,-0.19,-,-,NYSE,-,13.38亿,7591.50万,烟草,0.56%,79.35%,0.902
5459,UWM Holdings,UWMC,US,3.78,-,4.77%,0.13/220.9,-,3,-,-,-,-,60.48亿,2738.00万,综合金融服务,4.93%,72.49%,30.24
5460,优信,UXIN,US,2.91,-,6.38%,0.0000/-,-,3.19,-,-,-,-,6.00亿,-3968.77万,专营零售,0.09%,0.00%,-
5461,UY Scuti,UYSC,US,10.6,-,0.66%,0.73/153.4,-,-0.19,-,-,-,-,8117.85万,55.39万,资本市场,0.00%,61.40%,1.38
5462,维萨,V,US,309.42,http://www.corporate.visa.com,1.77%,3.03/27.01,Visa是全球支付技术公司，连接着全世界200多个国家和地区的消费者、企业、金融机构和政府，促进人们更方便地使用数字货币，代替现金或支票。,0.17,-,415-9322100,NYSE,美国加州旧金山市8999邮箱 邮编:CA 94128,5616.51亿,58.53亿,综合金融服务,0.33%,88.62%,14.69
5463,Virginia National,VABK,US,41.88,-,1.33%,3.57/11.34,-,1.09,-,-,-,-,2.27亿,525.90万,商业银行,0.05%,53.51%,1.22
5464,万豪度假环球,VAC,US,72.5,-,2.80%,-8.84/-,-,1.65,-,-,NYSE,-,24.87亿,-3.08亿,酒店餐饮与休闲,0.98%,92.80%,1.25
5465,Voyager,VACH,US,13,-,10.61%,0.28/45.74,-,4.5,-,-,-,-,4.11亿,898.91万,资本市场,0.12%,99.21%,-
5466,Viking Acquisition I,VACI,US,10.15,-,0.15%,0.01/1531,-,0,-,-,-,-,3.18亿,20.77万,资本市场,0.35%,64.74%,-
5467,华仕伯,VAL,US,91.19,http://www.valsparglobal.com,2.61%,13.92/6.43,美国威士伯公司(The valspar Corporation)创建于1806年，是世界第七大涂料公司，也是著名的上市公司，公司总部设在美国明尼波利斯市，全球有80多家工厂，雇员16500多人。威士伯公司根据目标市场的不同，将产品划分为民用涂料、包装物涂料、工业涂料、特种涂料等类别。,0.95,-,-,NYSE,-,63.15亿,9.83亿,能源设备与服务,1.61%,85.05%,1.99
5468,淡水河谷,VALE,US,17.17,http://www.vale.com/,1.63%,0.55/31.17,巴西的淡水河谷公司是世界上最大的铁矿石（矿砂）生产和供应商，也是美洲大陆最大的采矿业公司，被誉为巴西“皇冠上的宝石”和“亚马逊地区的引擎”。除经营铁矿砂外，公司还经营锰矿砂、铝矿、金矿等矿产品及纸浆、港口、铁路和能源。淡水河谷铁矿石产量占巴西全国总产量的80%，其铁矿资源集中在“铁四角”地区和巴西北部的巴拉州，拥有挺博佩贝铁矿、卡潘尼马铁矿、卡拉加斯铁矿等，保有铁矿储量约40亿吨，其主要矿产可维持开采近400年。,0.18,-,-,NYSE,-,733.08亿,23.52亿,金属与采矿,0.62%,18.92%,2.19
5469,Valneva,VALN,US,5.5,-,3.00%,-0.8/-,-,3.19,-,-,-,-,4.77亿,-1.35亿,生物科技,0.18%,6.04%,3.83
5470,Value Line,VALU,US,35.9,-,2.56%,1.92/15.32,-,-0.22,-,-,NASDAQ,-,3.37亿,1805.20万,媒体,0.60%,6.08%,3.13
5471,Vivani Medical,VANI,US,1.35,-,6.87%,-0.43/-,-,3.05,-,-,-,-,1.14亿,-2660.90万,制药,0.69%,6.40%,7.26
5472,INNOVATE,VATE,US,13,-,11.75%,-4.84/-,-,7.62,-,-,-,-,1.77亿,-6400.00万,金属与采矿,1.58%,17.47%,-
5473,Invesco Bond Fund,VBF,US,15.05,-,1.07%,0.38/24.73,-,0.07,-,-,NYSE,-,1.72亿,438.76万,资本市场,0.46%,30.75%,0.917
5474,Viewbix,VBIX,US,2.81,-,5.46%,-2.28/-,-,2.29,-,-,-,-,3747.53万,-1928.50万,软件,0.35%,0.91%,7.51
5475,VersaBank,VBNK,US,18.16,-,3.24%,0.26/25.16,-,1.48,-,-,-,-,5.82亿,816.48万,商业银行,0.42%,34.01%,1.45
5476,伟世通,VC,US,113.69,-,4.85%,1.16/18.17,-,3.92,-,-,NYSE,-,30.35亿,3100.00万,汽车零配件,5.72%,111.84%,1.95
5477,Vericel,VCEL,US,35.64,-,5.64%,0.33/109.9,-,3.6,-,-,NASDAQ,-,18.15亿,1651.80万,生物科技,1.12%,105.26%,5.12
5478,VCI Global,VCIG,US,1.01,-,5.73%,50.47/0.582,-,-1.94,-,-,-,-,372.28万,466.81万,专业服务,4.84%,0.02%,0.023
5479,Victory Capital,VCTR,US,74.355,-,2.38%,4.13/17.56,-,-0.22,-,-,-,-,47.43亿,2.70亿,资本市场,0.63%,80.43%,1.96
5480,Invesco California V,VCV,US,10.65,-,0.47%,-0.87/-,-,0.28,-,-,NYSE,-,5.12亿,-4188.46万,资本市场,0.10%,16.69%,1.09
5481,Fundrise Innovation,VCX,US,85.48,-,5.57%,-/0.0000,-,-4.75,-,-,-,-,-,7543.90万,资本市场,-,0.06%,0.0000
5482,Veracyte,VCYT,US,34.33,-,5.40%,0.84/41.28,-,3.56,-,-,NASDAQ,-,27.39亿,6635.30万,医疗保健设备,0.82%,110.04%,2.09
5483,维易科精密仪器,VECO,US,51.73,-,6.02%,0.6/88.28,-,3.11,-,-,NASDAQ,-,31.24亿,3539.00万,半导体产品与设备,2.50%,102.23%,3.53
5484,Veea,VEEA,US,0.596,-,5.91%,-0.16/-,-,0.68,-,-,-,-,3004.29万,-666.00万,信息技术服务,0.58%,2.99%,-
5485,Twin Vee PowerCats,VEEE,US,0.199,-,3.57%,-4.37/-,-,1.53,-,-,-,-,389.75万,-860.73万,休闲设备与用品,4.47%,2.00%,0.289
5486,Veeva Systems,VEEV,US,161.13,-,3.55%,5.55/28.96,"Veeva Systems Inc. (Veeva) which provides industry-specific, cloud-based software solutions for the life sciences industry. Veeva delivers industry-specific cloud-based solutions including data, software, and services to the global life sciences industry. The Company's solutions enable pharmaceutical and other life sciences companies. As of January 31, 2013, it served 51, 95 and 134 life sciences customers, respectively. As of August 31, 2013, it served approximately 170 life sciences customers, including 33 of the 50 largest global pharmaceutical companies. The Company's solutions have been implemented in over 75 countries.",3.19,-,-,NYSE,-,263.18亿,9.09亿,医疗保健技术,1.10%,86.39%,3.65
5487,Velocity Financial,VEL,US,19.47,-,1.70%,2.81/7.37,-,0.41,-,-,-,-,7.64亿,1.04亿,综合金融服务,0.16%,98.75%,1.14
5488,Velo3D,VELO,US,17.36,-,14.40%,-4.33/-,-,3.52,-,-,-,-,4.55亿,-7136.20万,机械制造,19.76%,25.35%,11.93
5489,Venu Holding,VENU,US,4,-,4.10%,-1.1/-,-,-0.5,-,-,-,-,2.41亿,-4431.76万,酒店餐饮与休闲,0.61%,8.85%,1.82
5490,VEON,VEON,US,53,-,4.02%,0.3/7.37,-,-3.21,-,-,NASDAQ,-,39.20亿,5.32亿,无线电信业务,0.15%,25.00%,2.93
5491,Vera Therapeutics,VERA,US,37.69,-,7.83%,-4.66/-,-,-1.82,-,-,-,-,27.03亿,-3.00亿,生物科技,2.98%,102.46%,4.47
5492,Veritone,VERI,US,2.23,-,6.65%,-1.76/-,-,2.29,-,-,NASDAQ,-,2.07亿,-1.12亿,信息技术服务,2.71%,29.82%,3.04
5493,Veru,VERU,US,2.32,-,2.16%,-0.26/-,-,0.43,-,-,-,-,3723.67万,-533.26万,制药,0.14%,24.29%,1
5494,Vertex,VERX,US,12.52,-,6.93%,0.05/277.7,-,7.1,-,-,-,-,20.03亿,721.10万,软件,1.78%,107.43%,7.73
5495,朱砂能源,VET,US,12.35,-,3.13%,-3.1/-,-,-0.88,-,-,NYSE,-,18.85亿,-4.77亿,石油与天然气,0.80%,49.94%,1.16
5496,威富,VFC,US,19.79,http://www.vfc.com,2.97%,0.96/34.66,美国VF（威富）集团是全球最大的成衣上市公司之一。主要经营：牛仔休闲服饰、内衣、工装服饰、针织品、童装、背包及泳装等等。其中牛仔服装、户外产品、形象服装和运动服装方面居主导地位。其旗下品牌主要有：Wrangler、Lee、Riders、The North Face、Vans、Reef、Eagle Creek、Eastpak、JanSport、Napapijri、Nautica、Kipling、John Varvatos、7 For All Mankin、Lucy、Majestic、Lee Sport和RedKap。,-1.15,-,-,NYSE,-,77.43亿,3.74亿,纺织服装与奢侈品,1.46%,99.43%,4.34
5497,Village Farms国际,VFF,US,2.84,-,5.69%,0.29/10.08,-,1.07,-,-,-,-,3.27亿,3244.10万,食品,1.26%,20.55%,1.09
5498,Abrdn National Munic,VFL,US,10.16,-,0.69%,-0.42/-,-,-0.1,-,-,AMEX,-,1.25亿,-512.81万,资本市场,0.20%,31.93%,0.898
5499,VinFast Auto,VFS,US,4.36,-,2.61%,-1.65/-,-,-1.13,-,-,-,-,102.00亿,-38.63亿,汽车,0.92%,0.16%,-
5500,Venture Global,VG,US,11.9,-,5.33%,0.93/13.07,-,-8.11,-,-,NYSE,-,295.43亿,22.60亿,石油与天然气,5.12%,97.10%,4.38
5501,Verde Clean Fuels,VGAS,US,1.77,-,10.06%,-0.39/-,-,4.73,-,-,-,-,7885.28万,-695.80万,石油与天然气,0.64%,6.63%,7.7
5502,Virtus Global Multi-,VGI,US,7.56,-,0.86%,0.74/10.19,-,-0.4,-,-,NYSE,-,8552.70万,839.70万,资本市场,0.31%,39.89%,0.912
5503,Invesco Trust For In,VGM,US,10.15,-,0.89%,-0.67/-,-,0.3,-,-,NYSE,-,5.50亿,-3623.83万,资本市场,0.24%,24.14%,1.02
5504,Versigent,VGNT,US,34.96,-,8.76%,-/4.7,-,1.89,-,-,-,-,24.84亿,5.28亿,电气设备,-,96.68%,1.5
5505,Vista Gold,VGZ,US,2.23,-,7.41%,-0.06/-,-,3.24,-,-,AMEX,-,3.23亿,-749.90万,金属与采矿,0.59%,13.62%,21.44
5506,Virnetx Holding,VHC,US,14.34,-,6.15%,-5/-,-,-0.28,-,-,AMEX,-,6002.58万,-1822.50万,软件,0.42%,13.35%,2.67
5507,Vine Hill Capital II,VHCP,US,-,-,-,0.0000/0.0000,-,-,-,-,-,-,3.04亿,0.0000,资本市场,-,-,1.35
5508,瓦利化工,VHI,US,14.49,-,4.42%,-2.02/-,-,1.61,-,-,NYSE,-,4.10亿,-5760.00万,化学制品,0.68%,3.59%,0.401
5509,VenHub Global,VHUB,US,0.71,http://www.doginn.com,5.09%,-1.67/-,"Vapor Hub International is still in our development stage and plan on commencing business operations on our website in spring 2012. The DogInn website has not yet been developed, and substantial additional development work and funding will be required before the website can be fully operational. The first phase of our plan of operations is the early stage development of the website that demonstrates the capabilities of the website, initial content development, and the development of a list of pet related service providers. Expenses related to phase one are expected to be less than $30,000 and we expect to have this stage of the websites development completed by September of 2011. If we are successful in the first phase the development of our website we will move on to the second phase of our plan of operations which is the full development of the website. The company currently does not have sufficient capital to proceed with the second phase of its plan of operations which is estimated at approximately $100,000 and expected to take approximately 6 months. We can provide no assurance that we will be successful in our planned development of our website.",3.2,S1/F1,-,OTCMKTS,-,6026.40万,-6239.92万,多元化零售,-,-,-
5510,Via Transportation,VIA,US,15.63,-,4.42%,-2.92/-,美国维亚康姆(VIA)是全球著名媒体集团，旗下拥有哥伦比亚广播公司（CBS）、派拉蒙电影公司、MTV电视网等著名公司品牌。2006年维亚康姆拆分成了两家上市公司，另一家是（VIACOM INC NEW  NASDAQ:VIAB）,0.19,-,-,NASDAQ,-,12.70亿,-9636.10万,软件,1.16%,44.61%,2.02
5511,Viavi Solutions,VIAV,US,47.75,-,4.33%,-0.31/-,-,3.47,-,-,NASDAQ,-,110.49亿,-6950.00万,通信设备,2.01%,97.31%,13.24
5512,VICI Properties,VICI,US,28.42,-,1.09%,2.61/10.95,-,-0.32,-,-,-,-,303.81亿,27.75亿,酒店和度假村房地产投资信托,0.59%,98.41%,1.09
5513,Vicor,VICR,US,273.53,-,5.64%,2.63/90.8,-,5.15,-,-,NASDAQ,-,124.11亿,2066.40万,电子设备与仪器,2.99%,60.45%,16.46
5514,Viking,VIK,US,81.82,-,2.25%,2.59/22.69,-,1.04,-,-,-,-,260.43亿,11.48亿,酒店餐饮与休闲,0.86%,64.62%,23.81
5515,Vinci Compass,VINP,US,11.51,-,5.63%,0.63/18.96,-,3.6,-,-,-,-,7.53亿,3972.59万,资本市场,0.91%,19.41%,2.08
5516,云米科技,VIOT,US,1,-,2.36%,0.1/3.32,-,2.56,-,-,-,-,6732.17万,2025.48万,耐用消费品,0.44%,3.68%,0.308
5517,唯品会,VIPS,US,14.36,http://www.vipshop.com/,2.46%,10.35/6.66,唯品会是一家专门做特卖的网站，以比零售大幅优惠的折扣价，向中国消费者提供品牌正品，商品囊括时装、护肤品、箱包、家纺、皮具、配饰、香水等等。唯品会2012年3月23日登陆纽交所，发行价6.5美元，发行1118万份ADS（每ADS=2股普通股），融资7264万美元。,0.77,S1/F1,86-20-22330000,NYSE,广州市荔湾区花海街20号唯品会（醉观公园旁）,68.97亿,10.36亿,多元化零售,0.30%,315.66%,1.18
5518,Vir Biotechnology,VIR,US,10.37,-,6.18%,-3.16/-,-,0.19,-,-,-,-,16.72亿,-4.38亿,生物科技,1.10%,73.19%,2.18
5519,Virco Mfg.,VIRC,US,6.11,-,4.62%,0.16/37.5,-,1.16,-,-,NASDAQ,-,9630.06万,256.80万,耐用消费品,0.16%,41.24%,0.909
5520,Virtu Financial,VIRT,US,48.53,-,2.32%,5.14/16.03,-,0.68,-,-,NASDAQ,-,75.06亿,4.68亿,资本市场,1.01%,87.42%,4.74
5521,Vistance Networks,VISN,US,19.4,http://www.visionchina.cn,2.46%,10.09/1.97,华视传媒成立于2005年4月，是集数字移动媒体广告的投资、运营、服务于一体的首家全国性的数字移动电视媒体广告网络运营商。华视传媒有效整合了全国最具经济辐射力中心城市的户外数字电视广告市场，建立起全国性的户外数字电视广告联播网络，打破了区域运营商广告经营上的地域限制，实现了户外数字电视全国性的广告价值。公司于2007年12月6日在纳斯达克上市，每ADS发行价8美元。,1.68,S1/F1,86-755-82932222,NASDAQ,深圳市福田区农园路香榭里花园7号首层,43.74亿,22.15亿,通信设备,1.81%,82.63%,-
5522,Vista Energy,VIST,US,70.89,-,2.48%,7.02/10.28,-,0.84,-,-,NASDAQ,-,73.94亿,7.19亿,能源设备与服务,1.70%,50.71%,2.94
5523,Vital Farms,VITL,US,12.64,-,4.71%,1.49/8.54,-,-0.71,-,-,-,-,5.66亿,6628.20万,食品,5.06%,103.85%,1.61
5524,巴西电信,VIV,US,16.05,-,1.63%,0.35/22.77,-,0.44,-,-,NYSE,-,256.45亿,11.26亿,综合电信业务,0.05%,4.04%,2.04
5525,VivoPower,VIVO,US,3.48,-,29.23%,-/-,-,-0.29,-,-,NASDAQ,-,5843.01万,-1279.20万,独立电力生产商,1.74%,3.75%,2.91
5526,VivoSim Labs,VIVS,US,1.46,-,5.41%,-3.14/-,-,-1.35,-,-,-,-,380.76万,-807.90万,生物科技,0.68%,3.48%,0.399
5527,Invesco Advantage Mu,VKI,US,8.75,-,0.80%,-0.6/-,-,0,-,-,AMEX,-,3.89亿,-2665.17万,资本市场,0.14%,21.17%,1.01
5528,Invesco Municipal Tr,VKQ,US,9.67,-,0.62%,-0.64/-,-,0,-,-,NYSE,-,5.35亿,-3570.52万,资本市场,0.57%,31.59%,0.995
5529,Viking Therapeutics,VKTX,US,32.75,http://www.vikingtherapeutics.com,4.16%,-3.19/-,"Viking Therapeutics is a clinical-stage biopharmaceutical company focused on the development of novel, first-in-class or best-in-class therapies for metabolic and endocrine disorders. We have exclusive worldwide rights to a portfolio of five drug candidates in clinical trials or preclinical studies, which are based on small molecules licensed from Ligand. Our lead clinical program is VK0612, a first-in-class, orally available drug candidate entering a Phase 2b clinical trial for type 2 diabetes, one of the largest global healthcare challenges today. Preliminary clinical data suggest VK0612 has the potential to provide substantial glucose-lowering effects, with an attractive safety and convenience profile compared with existing type 2 diabetes therapies. Our second clinical program is VK5211, an orally available drug candidate entering a Phase 2 clinical trial for the treatment of cancer cachexia, a complex disease characterized by an uncontrolled decline in muscle mass. VK5211 is a non-steroidal selective androgen receptor modulator, or SARM. A SARM is designed to selectively interact with a subset of receptors that have a normal physiologic role of interacting with naturally-occurring hormones called androgens. Broad activation of androgen receptors with drugs, such as exogenous testosterone, can stimulate muscle growth but often results in unwanted side effects, such as prostate growth, hair growth and acne. VK5211 is expected to selectively produce the therapeutic benefits of testosterone in muscle tissue, with improved safety, tolerability and patient acceptance. We expect to commence Phase 2 clinical trials for both VK0612 and VK5211 in early 2015 and to complete the clinical trials in 2016. We are also developing three preclinical programs targeting metabolic diseases and anemia. Our most advanced preclinical program is VK0214, a novel liver-selective thyroid hormone receptor beta, or TRß, agonist for lipid disorders such as dyslipidemia and nonalcoholic steatohepatitis, or NASH. We expect to file an investigational new drug application, or IND, and commence clinical trials for this program in 2015.",-0.15,S1/F1,-,NASDAQ,-,37.96亿,-3.60亿,制药,1.81%,62.37%,5.94
5530,Village Super Market,VLGEA,US,42.4,-,1.16%,2.25/11.06,-,-1.49,-,-,NASDAQ,-,6.25亿,2987.30万,食品与日用品零售,0.40%,61.17%,1.21
5531,Valens Semiconductor,VLN,US,1.79,-,10.91%,-0.31/-,-,8.48,-,-,-,-,1.88亿,-3158.30万,半导体产品与设备,1.79%,37.13%,1.8
5532,瓦莱罗能源,VLO,US,235.85,-,1.61%,7.57/30.03,-,0.86,-,-,NYSE,-,705.08亿,23.48亿,石油与天然气,0.56%,86.45%,2.97
5533,Volaris航空控股,VLRS,US,7.51,-,3.19%,-0.09/-,-,1.9,-,-,NYSE,-,8.63亿,-1.04亿,航空公司,0.27%,34.79%,3.28
5534,Invesco High Income,VLT,US,10.35,-,0.58%,0.35/13.96,-,-0.1,-,-,NYSE,-,6725.47万,225.97万,资本市场,0.32%,9.99%,0.922
5535,Veralto,VLTO,US,88.62,-,1.18%,3.79/23.15,-,-0.19,-,-,-,-,217.62亿,9.40亿,商业服务与用品,0.48%,95.48%,7.01
5536,硅谷国家银行,VLY,US,13.37,-,3.52%,0.28/11.83,-,-2.9,-,-,NYSE,-,74.11亿,1.57亿,商业银行,1.56%,75.30%,0.992
5537,Vision Marine,VMAR,US,1.27,-,6.99%,-13.37/-,-,-6.62,-,-,-,-,198.21万,-617.75万,休闲设备与用品,18.42%,1.26%,0.209
5538,火神材料,VMC,US,292.07,-,1.69%,8.16/35.39,-,-0.22,-,-,NYSE,-,381.04亿,10.77亿,建筑材料,0.54%,96.49%,4.47
5539,Viemed Healthcare,VMD,US,9.66,-,4.00%,0.38/24.89,-,1.79,-,-,-,-,3.72亿,1493.40万,医疗保健服务,0.38%,64.04%,2.63
5540,Versamet Royalties,VMET,US,12.29,-,4.27%,0.22/63.86,-,-2.23,-,-,-,-,12.98亿,2033.20万,综合金融服务,0.81%,0.00%,5.55
5541,维蒙特工业,VMI,US,498.92,-,2.70%,5.55/26.28,-,0.91,-,-,NYSE,-,97.52亿,1.08亿,建筑与工程,1.46%,90.44%,5.78
5542,Invesco Municipal Op,VMO,US,9.66,-,0.78%,-0.67/-,-,0,-,-,NYSE,-,6.51亿,-4513.12万,资本市场,0.30%,28.89%,1
5543,文斯控股,VNCE,US,4.8,http://www.vince.com,18.10%,0.49/9.67,"Vince Holding Corp, formerly Apparel Holding Corp., is a diversified apparel company. The Company designs, manufactures, and markets a collection of fashion brands which include Vince, Rebecca Taylor, David Meister, Sag Harbor, My Michelle and XOXO, along with numerous private label businesses for retailers. The Company operates in four segments: Vince, American Recreational Products (ARP), Juniors and Moderate. Vince, contemporary fashion apparel and accessories sold under the Vince brand name through wholesale distribution to department stores and specialty stores as well as direct-to-consumer through Vince’s retail stores and the www.vince.com Website. American Recreational Products (ARP), recreational apparel and products sold under Kelty, Sierra Designs, Ultimate Direction, Slumberjack, Wenzel and Isis brand names.",11.37,S1/F1,-,NYSE,-,6166.70万,637.80万,专营零售,11.50%,11.47%,1.23
5544,万达生物制药,VNDA,US,6.89,-,5.53%,-3.74/-,-,2.99,-,-,NASDAQ,-,4.14亿,-2.20亿,制药,1.92%,71.14%,1.27
5545,世纪互联,VNET,US,9.22,http://www.21vianet.com,3.73%,-0.02/-,"上市公司世纪互联（21ViaNet）是世纪互联集团旗下运营IDC数据业务的子公司。世纪互联集团旗下拥有三家核心企业：世纪互联数据中心有限公司（21ViaNet）、世纪互联智慧能源系统技术有限公司（EnerGrid）、云快线科技有限公司（CloudEx）。被称为中国的Rackspace(NYSE:RAX)。

2011年4月21日，世纪互联以15美元的发行价在纳斯达克上市，发行115万ADS（1ADS=6普通股），IPO融资1.56亿美元。",4.3,S1/F1,010-8456 2121,NASDAQ,北京市朝阳区酒仙桥东路1号M5楼三层,26.25亿,-3671.78万,信息技术服务,1.92%,8.11%,2.31
5546,Vendome I,VNME,US,10.13,-,0.00%,0.25/65.43,-,0,-,-,-,-,2.53亿,387.04万,资本市场,0.01%,95.64%,633.1
5547,沃纳多房地产基金,VNO,US,29.3,http://www.vno.com/index.phtml,3.20%,4.4/6.55,Vornado Realty Trust 是一家房产信托公司。,1.31,-,-,NYSE,-,55.24亿,8.43亿,零售房地产投资信托,1.00%,92.90%,1.15
5548,Viper Energy,VNOM,US,47.57,http://www.viperenergy.com,1.76%,-0.48/-,"Viper Energy is a Delaware limited partnership formed by Diamondback to own, acquire and exploit oil and natural gas properties in North America. Our primary business objective is to provide an attractive return to unitholders by focusing on business results, maximizing distributions through organic growth and pursuing accretive growth opportunities through acquisitions of mineral interests from Diamondback and from third parties. Our initial assets consist of mineral interests in oil and natural gas properties in the Permian Basin in West Texas, substantially all of which are leased to working interest owners who bear the costs of operation and development. Diamondback will contribute these assets, which it acquired in September 2013 from a third party for cash, to us upon the closing of this offering.",-0.38,S1/F1,-,NASDAQ,-,170.82亿,-6800.00万,石油与天然气,0.86%,95.07%,3.84
5549,Volitionrx,VNRX,US,0.14,-,6.25%,-0.22/-,-,-2.78,-,-,AMEX,-,2218.74万,-2335.70万,医疗保健设备,1.39%,10.23%,-
5550,Vontier,VNT,US,36.16,-,3.29%,2.77/12.55,-,-1.82,-,-,-,-,50.95亿,4.06亿,信息技术服务,0.93%,101.18%,4.1
5551,Vantage,VNTG,US,0.786,-,8.46%,0.05/42.28,-,-2.24,-,-,-,-,2494.57万,147.34万,海运,0.06%,2.47%,1.99
5552,VOC Energy,VOC,US,3.49,-,2.29%,0.44/8.02,-,0,-,-,NYSE,-,5933.00万,739.50万,石油与天然气,0.33%,3.08%,5.7
5553,沃达丰,VOD,US,15.63,http://www.vodafone.com/,0.86%,0.04/-,"沃达丰是全球最大移动运营商，拥有世界上最完备的企业信息管理系统和客户服务系统，在增加客户、提供服务、创造价值上拥有较强的优势。该公司的全球策略是涵盖语音、数据、互联网接入服务，并且提供客户满意的服务。沃达丰集团公司目前在全球拥有超过10万员工。该公司已在19个国家和地区开展电信业务，用户超过了6,500万。2000年年初，该公司出资560亿美元成功地并购了美国空中通讯公司。",0.06,-,44-1635-33251,NASDAQ,-,360.85亿,9.73亿,无线电信业务,0.10%,8.55%,0.582
5554,Vor Biopharma,VOR,US,13.81,-,8.21%,-70.5/-,-,-5.54,-,-,-,-,6.75亿,-6.96亿,生物科技,3.13%,52.13%,-
5555,Vox Royalty,VOXR,US,5.41,-,4.70%,0.11/63.33,-,1.69,-,-,-,-,3.73亿,588.60万,金属与采矿,0.35%,54.03%,3.48
5556,Voya Financial,VOYA,US,80.35,-,3.52%,6.4/12.11,-,1.88,-,-,NYSE,-,74.21亿,6.13亿,综合金融服务,1.87%,107.75%,1.5
5557,Voyager Technologies,VOYG,US,28.68,-,7.47%,-2.89/-,-,-4.78,-,-,-,-,16.96亿,-1.16亿,航空航天与国防,1.61%,53.79%,4.42
5558,Vishay精密集团,VPG,US,60.62,-,6.45%,0.4/152.3,-,4.9,-,-,NYSE,-,8.06亿,529.30万,电子设备与仪器,2.48%,102.13%,2.4
5559,Invesco Pennsylvania,VPV,US,10.64,-,0.90%,-0.68/-,-,0.38,-,-,NYSE,-,1.90亿,-1214.40万,资本市场,0.09%,8.24%,1.01
5560,Vera Bradley,VRA,US,3.94,http://www.verabradley.com/,5.51%,-1.71/-,"Vera Bradley is a leading designer, producer, marketer and retailer of stylish and highly-functional accessories for women. Our products include a wide offering of handbags, accessories and travel and leisure items. Over our 28-year history, Vera Bradley has become a true lifestyle brand that appeals to a broad range of consumers. Our brand vision is accessible luxury that inspires a casual, fun and family-oriented lifestyle. We have positioned our brand to highlight the high quality, distinctive and vibrant styling and functional design of our products. Frequent releases of new designs help keep the brand fresh and our customers continually engaged.",-1.25,-,-,NASDAQ,-,1.10亿,-4784.00万,纺织服装与奢侈品,0.77%,34.17%,0.837
5561,Virax Biolabs Group,VRAX,US,0.16,-,8.18%,-0.49/-,-,0.63,-,-,-,-,318.77万,-233.88万,医疗保健设备,15.14%,0.17%,0.599
5562,Verrica,VRCA,US,6.98,-,10.02%,-1.68/-,-,7.55,-,-,-,-,1.20亿,-1788.60万,制药,1.36%,30.56%,4.85
5563,Viridian,VRDN,US,13.73,-,6.54%,-3.32/-,-,-3.51,-,-,-,-,14.15亿,-3.43亿,制药,1.13%,104.98%,2.4
5564,Veris Residential,VRE,US,18.93,-,0.11%,-0.15/24.7,-,0.05,-,-,-,-,17.76亿,-1400.80万,写字楼房地产投资信托,0.55%,90.81%,1.57
5565,Varex Imaging,VREX,US,12.53,-,3.38%,0.06/-,-,2.2,-,-,NASDAQ,-,5.25亿,230.00万,医疗保健设备,0.88%,96.14%,1.1
5566,Vroom,VRM,US,16.59,-,3.74%,-10.24/-,-,0.18,-,-,-,-,8636.88万,-5305.00万,消费信贷,0.24%,97.15%,0.741
5567,Verifyme,VRME,US,0.841,-,8.09%,-0.39/-,-,-1.41,-,-,-,-,1103.31万,-490.50万,软件,0.60%,9.70%,1
5568,Varonis Systems,VRNS,US,24.53,-,4.39%,-1.13/-,-,2.55,-,-,NASDAQ,-,28.16亿,-1.29亿,软件,1.90%,99.14%,4.7
5569,Verra Mobility,VRRM,US,15.02,-,2.48%,0.86/16.7,-,-0.6,-,-,-,-,22.82亿,1.37亿,专业服务,1.01%,103.33%,7.79
5570,Verisk分析,VRSK,US,177.59,http://www.verisk.com/,1.77%,6.5/25.61,"Verisk Analytics, Inc. was formerly known as Insurance Services Office, Inc. and changed its name to Verisk Analytics, Inc. in 2008. The company was founded in 1971 and is based in Jersey City, New Jersey.Verisk Analytics, Inc. provides data, analytics, and decision-support services for professionals in property/casualty insurance, finance, risk management, real estate, healthcare, government, and human resources fields. The company offers the insurance marketplace with statistical, actuarial, underwriting, and claims data; policy language; information about specific locations; fraud-identification tools; consulting services; and information for marketing, loss control, and audit. It also collects information useful for insurance underwriting.",0.25,-,-,NASDAQ,-,232.64亿,9.08亿,专业服务,1.45%,97.75%,75.28
5571,威瑞信,VRSN,US,269.2,http://www.verisigninc.com/,8.47%,2.34/29.13,威瑞信公司为网站、企业、电子商务服务供应商以及个人提供基础建设服务。公司的域名注册、数位证明、全球性登记和付款提供重要的网页认证、授权和交易基础设施服务，为网络业务的需求建立它们的网站身分以及管理安全电子商务和通讯。,-2.8,-,650-961-7500,NASDAQ,-,244.97亿,2.15亿,信息技术服务,1.89%,97.57%,-
5572,维谛技术,VRT,US,323.46,-,4.32%,1.02/79.73,-,0.53,-,-,-,-,1242.44亿,3.90亿,电气设备,1.40%,78.57%,29.27
5573,维德思投资,VRTS,US,143.14,http://www.virtus.com,2.92%,20.27/6.91,"Virtus Investment Partners, Inc. (Virtus) is a provider of investment management products and services to individuals and institutions. It operates a multi-manager investment management business, comprised of affiliated managers, each having its own distinct investment style, autonomous investment process and brand. Virtus provide the products in a number of forms and through multiple distribution channels. The retail products include open-end mutual funds, closed-end funds and separately managed accounts. The fund family of open-end funds is distributed primarily through intermediaries. Retail separately managed accounts are comprised of intermediary programs, sponsored and distributed by unaffiliated brokerage firms, and private client accounts, which are offerings to the high net-worth clients of the affiliated managers. The Company also manages institutional accounts for corporations, multi-employer retirement funds and foundations, endowments and special purpose funds.",0.39,-,-,NASDAQ,-,9.56亿,1.38亿,资本市场,2.34%,82.59%,0.922
5574,福泰制药,VRTX,US,430.29,http://www.vrtx.com/,1.45%,15.46/27.69,福泰制药(Vertex Pharmaceuticals Inc NASDAQ：VRTX)从事用来治疗绝症的新型小分子药物的发明、开发及销售。公司临床研发八种新型治疗病毒疾病、炎症、癌症、自动免疫的疾病和神经混乱的药物。该公司是组织药物设计的领导厂商。,-1.11,-,617-444-6100,NASDAQ,-,1094.48亿,39.53亿,生物科技,0.44%,92.56%,5.86
5575,Versus Systems,VS,US,1.16,-,6.03%,-0.37/-,-,0,-,-,-,-,568.59万,-179.22万,软件,0.35%,2.66%,0.488
5576,童程童美,VSA,US,0.827,-,27.50%,0.01/-,-,3.38,-,-,-,-,704.51万,151.03万,综合消费者服务,2.87%,0.00%,-
5577,卫讯公司,VSAT,US,61.99,http://www.viasat.com/,5.27%,-0.69/-,"ViaSat, Inc. engages in the design, production, and marketing of satellite and other wireless communication, and networking systems for government and commercial customers. ViaSat, Inc. was founded in 1986 and is headquartered in Carlsbad, California.",-0.94,-,-,NASDAQ,-,84.20亿,-9291.00万,通信设备,1.06%,92.93%,1.84
5578,维多利亚的秘密,VSCO,US,52.78,-,4.14%,2/26.38,-,1.15,-,-,-,-,42.47亿,1.61亿,专营零售,1.58%,100.63%,4.96
5579,VSE,VSEC,US,178.83,http://www.vsecorp.com,3.52%,0.55/428.7,"VSE Corporation was established in 1959 with a mission to provide engineering and technical support services to reduce the cost and improve the reliability of DoD systems and equipment. Originally incorporated as Value Engineering Company, VSE has evolved along with the government’s and military’s needs, while remaining true to our roots as a value engineering firm. VSE has four wholly-owned subsidiaries: Energetics Incorporated, Integrated Concepts and Research Corporation (ICRC), G&B Solutions, Inc., and Akimeka LLC.",-2.69,-,-,NASDAQ,-,50.17亿,1170.30万,航空航天与国防,1.42%,91.84%,3.49
5580,VSee Health,VSEE,US,0.213,-,5.66%,-0.73/-,-,0.47,-,-,-,-,1007.48万,-1471.29万,医疗保健技术,1.47%,2.17%,1.85
5581,威世科技,VSH,US,28.19,http://www.vishay.com,4.02%,-0.07/-,"Vishay 是世界最大的分立半导体和被动元件的制造商之一. Vishay元件用于工业, 计算机, 汽车, 消费, 电信, 军事, 航空及医疗市场的各种类型的电子设备中.

Vishay 的全球足迹包括在中国, 亚洲其他五个国家/地区, 欧洲及美洲设立的制造机构, 以及在全球开设的销售办事处. Vishay 在技术, 成功收购战略,注重降低成本, 以及提供“一站式”服务已使该公司成为全球业界的领先者.",3.15,-,-,NYSE,-,38.37亿,-897.80万,半导体产品与设备,2.00%,107.41%,1.84
5582,VS MEDIA Holdings,VSME,US,0.96,-,8.30%,-0.28/-,-,-0.41,-,-,-,-,264.07万,-444.45万,媒体,2.64%,0.47%,0.344
5583,Versant Media Group,VSNT,US,38.74,-,5.73%,-/5.89,-,-4.32,-,-,-,-,54.81亿,9.30亿,互动媒体与服务,1.62%,84.55%,0.533
5584,Vistra,VST,US,164.35,-,6.59%,2.22/73.99,-,4.78,-,-,NYSE,-,556.41亿,7.52亿,独立电力生产商,1.04%,85.39%,21.23
5585,Vestand,VSTD,US,0.438,-,3.07%,-/-,-,-3.95,-,-,-,-,623.05万,-261.19万,酒店餐饮与休闲,0.18%,1.86%,1.33
5586,Verastem,VSTM,US,5.91,-,6.66%,-3.02/-,"Verastem is a biopharmaceutical company focused on discovering and developing proprietary small molecule drugs targeting cancer stem cells along with proprietary companion diagnostics. A cancer stem cell is a particularly aggressive type of tumor cell, resistant to conventional cancer therapy, that we believe is an underlying cause of tumor recurrence and metastasis. We also believe that the presence of cancer stem cells in tumors may be a key reason for the ultimate failure of many existing chemotherapeutics and other cancer therapies to achieve a durable clinical response.",-5.14,-,-,NASDAQ,-,5.19亿,-2.09亿,制药,2.25%,86.73%,9.08
5587,Vestis,VSTS,US,9.79,-,4.46%,-0.05/-,-,3.05,-,-,-,-,12.92亿,-639.10万,多元化零售,0.82%,107.14%,1.49
5588,Catheter Precision,VTAK,US,0.93,-,6.91%,-15.9/-,-,-1.17,-,-,-,-,250.40万,-1718.30万,医疗保健设备,3.23%,2.28%,0.355
5589,VTEX,VTEX,US,4.03,-,5.50%,0.11/34.85,-,3.07,-,-,-,-,6.97亿,2001.00万,软件,1.26%,65.76%,2.99
5590,Vistagen,VTGN,US,0.594,-,7.02%,-1.46/-,-,4.21,-,-,NASDAQ,-,2353.45万,-5341.10万,制药,1.49%,34.49%,0.462
5591,Virtuix,VTIX,US,4.03,-,26.25%,-0.34/-,-,-8.41,-,-,-,-,1.28亿,-689.23万,耐用消费品,3.36%,0.12%,-
5592,Vesta Real Estate,VTMX,US,36.27,-,8.63%,0.29/9.78,-,2.31,-,-,-,-,32.08亿,1.01亿,房地产管理和开发Ⅲ,0.15%,0.78%,1.12
5593,Invesco Trust For In,VTN,US,11.24,https://www.invesco.com,1.78%,-0.89/-,"Invesco Van Kampen Trust for Investment Grade Municipals (the Trust), formerly Van Kampen Trust for Investment Grade Municipals, is a diversified, closed-end management investment company. The Trust’s investment objective is to seek to provide a high level of current income exempt from federal income tax, consistent with preservation of capital. The Trust will invest substantially all of its assets in municipal securities rated investment grade at the time of investment. The Trust seeks to achieve its investment objective by investing primarily in municipal securities that are rated BBB or higher by Standard & Poor’s (S&P) or Baa or higher by Moody’s at the time of purchase. Municipal securities include long-term obligations (municipal bonds), short-term municipal notes, participation certificates, municipal leases, and tax-exempt commercial paper. Invesco Advisers, Inc. is the investment adviser of the Trust.",-0.18,-,-,NYSE,-,1.64亿,-1307.39万,资本市场,0.17%,12.57%,1.09
5594,Bristow,VTOL,US,48.52,-,3.56%,4.47/11.13,-,0.56,-,-,-,-,14.36亿,1.29亿,航空货运与物流,0.88%,100.04%,1.36
5595,芬塔,VTR,US,83.62,http://www.ventasreit.com/,1.97%,0.57/158.2,"Ventas, Inc. is a publicly owned real estate investment trust. The firm engages in investment, management, financing, and leasing of properties in the healthcare industry. It invests in the real estate markets of the United States and Canada. The firm primarily invests in healthcare-related facilities including hospitals, skilled nursing facilities, senior housing facilities, medical office buildings, and other healthcare related facilities. Ventas, Inc. was founded in 1983 and is based in Chicago, Illinois with additional offices in Louisville, Kentucky and Dallas, Texas.",0.83,-,-,NYSE,-,397.58亿,2.51亿,专业房地产投资信托,0.86%,102.55%,3.17
5596,Viatris,VTRS,US,14.59,-,2.71%,-3/-,-,-1.08,-,-,-,-,169.89亿,-35.15亿,制药,1.28%,84.46%,1.15
5597,Vitesse Energy,VTS,US,18.04,-,3.02%,0.67/29.77,-,-2.85,-,-,-,-,7.52亿,2527.70万,石油与天然气,0.87%,50.61%,1.2
5598,VirTra,VTSI,US,4.58,-,4.24%,0.02/200.3,-,-0.43,-,-,-,-,5177.18万,25.84万,航空航天与国防,0.48%,18.03%,1.14
5599,vTv Therapeutics,VTVT,US,32.76,-,8.64%,-3.2/-,-,-6,-,-,NASDAQ,-,1.29亿,-2697.40万,制药,5.05%,32.09%,2
5600,Vuzix,VUZI,US,2.47,-,4.60%,-0.42/-,-,3.35,-,-,NASDAQ,-,2.05亿,-3233.55万,耐用消费品,0.84%,34.73%,8.32
5601,Vivos,VVOS,US,0.842,-,10.94%,-2.07/-,-,-6.03,-,-,-,-,1135.52万,-2117.00万,医疗保健技术,1.72%,5.34%,-
5602,Invesco Senior Incom,VVR,US,3.15,http://www.invesco.com,1.28%,0.11/15.12,"Invesco Van Kampen Senior Income Trust (the Trust), formerly Van Kampen Senior Income Trust, is a diversified, closed-end management investment company. The Trust’s investment objective is to seek to provide a high level of income, consistent with preservation of capital. The Trust invests primarily in a portfolio of interests in floating or variable rate senior loans to corporations, partnerships and other entities, which operate in a variety of industries and geographical regions. The Trust borrows money for investment purposes, which may create the opportunity for enhanced return, but also should be considered a speculative technique and may increase the Trust’s volatility. Invesco Advisers, Inc. acts as the investment adviser of the Fund.",0.64,-,-,NYSE,-,4.84亿,1670.01万,资本市场,0.22%,36.60%,0.844
5603,胜牌,VVV,US,33.23,-,5.07%,-0.26/49.02,-,2.78,-,-,NYSE,-,42.31亿,-3280.00万,化学制品,3.26%,114.28%,13.75
5604,V2X,VVX,US,63.29,-,4.55%,2.47/25.41,-,-0.61,-,-,-,-,19.79亿,7788.20万,航空航天与国防,1.28%,101.55%,1.82
5605,VisionWave,VWAV,US,5.86,-,7.33%,-0.46/-,-,4.83,-,-,-,-,1.17亿,-693.59万,航空航天与国防,3.57%,1.63%,38.3
5606,Voyager Therapeutics,VYGR,US,3.79,-,5.94%,-2.04/-,-,-6.19,-,-,NASDAQ,-,2.26亿,-1.20亿,生物科技,1.18%,56.46%,1.15
5607,VYNE,VYNE,US,0.645,-,2.97%,-0.62/-,-,0.78,-,-,-,-,2149.34万,-2648.30万,制药,0.24%,24.98%,0.774
5608,NCR Voyix,VYX,US,7.06,-,6.32%,0.3/23.29,-,5.06,-,-,-,-,9.78亿,4200.00万,软件,1.30%,111.23%,0.847
5609,威瑞森通信,VZ,US,46.38,http://www.verizon.com,2.04%,4.06/11.29,Verizon(VZ)是全美第二大移动运营商，仅次于AT&T。主要业务是：语音通话、固定宽带和无线通信。,-1.78,-,212-395-1000,NYSE,-,1938.68亿,171.74亿,综合电信业务,0.64%,66.89%,1.86
5610,Vizsla Silver,VZLA,US,3.35,-,3.18%,-0.35/-,-,1.52,-,-,-,-,11.71亿,-1.17亿,金属与采矿,1.26%,49.05%,3.29
5611,Wayfair,W,US,78.78,-,4.17%,-2.44/-,"Wayfair is transforming the way people shop for their homes. Our homes are the center of our lives, where we raise families, create our fondest memories and spend most of our time. Our homes are very personal expressions of self and identity, which is why many of us seek uniqueness, crave originality and enjoy the feeling created by home design, furniture and décor. We built Wayfair to meet this emotional need for mass market consumers.",2.39,S1/F1,-,NYSE,-,103.01亿,-3.13亿,多元化零售,2.27%,114.88%,-
5612,美国西屋制动,WAB,US,267.06,http://www.wabtec.com,1.55%,2.12/37.45,"Westinghouse Air Brake Technologies Corporation was founded in 1869 and is headquartered in Wilmerding, Pennsylvania.Westinghouse Air Brake Technologies Corporation, doing business as Wabtec Corporation, provides technology-based equipment and services for the rail industry. The company operates through two segments, Freight Group and Transit Group.",-0.89,-,-,NYSE,-,453.14亿,3.62亿,机械制造,0.46%,94.10%,4.08
5613,西美银行,WABC,US,55.02,https://www.westamerica.com/,2.49%,4.52/11.56,"Westamerica Bancorporation operates as the holding company for Westamerica Bank that provides various banking services to individuals and corporate customers in northern and central California. Its deposit products include money market savings and checking accounts; non interest bearing demand account deposits; interest bearing transaction, savings, and time accounts; and certificates of deposit. The companys portfolio of loans includes commercial and residential real estate loans, commercial loans, and real estate construction loans. As of December 31, 2009, the company operated 97 offices in 22 counties .",0.68,-,-,NASDAQ,-,13.00亿,2735.50万,商业银行,0.88%,81.94%,1.47
5614,WaFd,WAFD,US,35.2,-,1.10%,1.61/10.94,-,-0.62,-,-,NASDAQ,-,26.00亿,1.22亿,商业银行,1.14%,80.88%,0.97
5615,华富教育,WAFU,US,1.64,-,4.82%,-0.04/-,-,-1.2,-,-,-,-,723.33万,-16.96万,综合消费者服务,0.25%,3.99%,0.676
5616,天成科技,WAI,US,2.296,-,4.38%,-26.92/-,-,4.65,-,-,-,-,529.44万,-2402.07万,专业服务,0.61%,0.00%,0.175
5617,阿莱恩斯西部银行,WAL,US,79.44,http://www.westernalliancebancorp.com,2.25%,1.64/9.19,"Western Alliance Bancorporation (WAL) is a bank holding company. The Company provides a range of banking and related services to locally owned businesses, professional firms, real estate developers and investors, local non-profit organizations, high net worth individuals and other consumers through its subsidiary banks and financial services companies located in Nevada, Arizona, California and Colorado. Western Alliance also offers an array of financial products and services aimed at satisfying the needs of small to mid-sized businesses and their proprietors, including cash management, trust administration and estate planning, custody and investments and equipment leasing. The Company also provides a range of banking services, as well as trust and investment advisory services, through its consolidated subsidiaries. On December 31, 2009, the Company sold a 75% interest in Miller/Russell & Associates, Inc (MRA).",-0.61,-,-,NYSE,-,86.33亿,1.79亿,商业银行,0.91%,85.56%,1.18
5618,Waldencast,WALD,US,0.852,-,11.38%,-2.01/-,-,6.5,-,-,-,-,1.09亿,-2.30亿,个人用品,0.28%,17.98%,0.237
5619,华盛顿信托银行,WASH,US,30.81,http://www.washtrust.com/,1.91%,2.72/11.14,"Washington Trust Bancorp, Inc. operates as the holding company for The Washington Trust Company that offers a range of banking and related financial services to individuals and businesses in the United States. As of December 31, 2009, Washington Trust Bancorp operated 18 branch offices in Rhode Island, eastern Massachusetts, and southeastern Connecticut. The company was founded in 1800 and is headquartered in Westerly, Rhode Island.",-2,-,-,NASDAQ,-,5.87亿,1260.00万,商业银行,1.24%,67.03%,1.07
5620,沃特世,WAT,US,309.87,http://www.waters.com/,2.75%,10.8/47.33,"Waters Corporation (Waters) is an analytical instrument manufacturer. Through its Waters Division, Waters designs, manufactures, sells and services high-performance liquid chromatography (HPLC), ultra performance liquid chromatography (UPLC), referred to as liquid chromatography (LC), and mass spectrometry (MS) instrument systems and support products, including chromatography columns and other consumable products, and post-warranty service plans. Through its TA Division (TA), the Company primarily designs, manufactures, sells and services thermal analysis, rheometry and calorimetry instruments. The Company is also a developer and supplier of software-based products that interface with the Company’s instruments, as well as other manufacturers’ instruments. Waters operates in two segments: Waters Division and TA Division. In February 2009, the Company acquired Thar Instruments, Inc.",-0.43,-,-,NYSE,-,304.19亿,6.43亿,生命科学工具,0.89%,95.50%,11.88
5621,Energous,WATT,US,28.19,-,20.46%,-6.46/-,-,20.42,-,-,NASDAQ,-,1.55亿,-959.30万,电气设备,9.81%,1.74%,12.41
5622,Eco Wave Power,WAVE,US,7.05,-,3.29%,-0.08/-,-,0.71,-,-,-,-,4116.96万,-369.70万,独立电力生产商,0.23%,0.14%,7.26
5623,Waystar Holding,WAY,US,25.42,-,4.62%,0.63/43.5,-,2.29,-,-,-,-,48.76亿,1.12亿,软件,1.39%,104.27%,1.26
5624,微博,WB,US,8.41,http://www.weibo.com,1.44%,1.88/4.6,新浪微博是一个由新浪网推出，提供微型博客服务的类Twitter网站。用户可以通过网页、WAP页面、手机客户端、手机短信、彩信发布消息或上传图片。新浪可以把微博理解为“微型博客”或者“一句话博客”。用户可以将看到的、听到的、想到的事情写成一句话，或发一张图片，通过电脑或者手机随时随地分享给朋友，一起分享、讨论；还可以关注朋友，即时看到朋友们发布的信息。2014年3月27日，新浪微博正式更名为“微博”，拿掉“新浪”两个字之后的“微博”在架构上成为独立公司，与新浪网一起构成新浪公司的重要两级，微博于2014年4月17日在美国纳斯达克正式挂牌上市。,0.96,S1/F1,"86-10-60618000,86-10-58983007",NASDAQ,北京市海淀区彩和坊路6号朔黄发展大厦7楼,20.66亿,4.49亿,互动媒体与服务,0.58%,30.85%,0.527
5625,华纳兄弟探索,WBD,US,27.07,-,0.99%,0.29/93.34,-,0.63,-,-,-,-,678.58亿,7.27亿,娱乐,0.87%,69.84%,1.89
5626,WaterBridge基础设施,WBI,US,28.47,-,3.37%,-0.1/-,-,0.96,-,-,-,-,35.15亿,-453.70万,能源设备与服务,0.83%,72.67%,5.84
5627,韦伯斯特金融,WBS,US,71.81,http://www.westbrom.co.uk/westbrom/home,0.77%,5.91/11.8,"Webster Financial Corporation (Webster) is a bank holding and financial holding company. Webster, through Webster Bank, National Association (Webster Bank) and various non-banking financial services subsidiaries, delivers financial services to individuals, families and businesses throughout southern New England and into eastern New York State. Webster also offers equipment financing, commercial real estate lending, asset-based lending, and health savings accounts on a regional or national basis. Webster provides business and consumer banking, mortgage lending, financial planning, trust and investment services through 181 banking offices, 501 automated teller machines (ATMs), telephone banking and its Internet Website (www.websteronline.com). Webster Bank offers, through its HSA Bank division, (www.hsabank.com), health savings accounts on a nationwide basis. Webster’s operates in four business segments: commercial, retail, consumer finance and other.",0.11,-,-,NYSE,-,116.35亿,9.86亿,商业银行,1.91%,89.94%,1.26
5628,Webtoon,WBTN,US,11.13,-,7.57%,-2.66/-,-,-6.23,-,-,-,-,14.99亿,-3.46亿,媒体,1.70%,40.01%,1.28
5629,Webuy Global,WBUY,US,1.27,-,9.83%,-8.02/-,-,4.96,-,-,-,-,622.66万,-767.05万,专营零售,5.33%,0.61%,13.66
5630,Wallbox,WBX,US,2.96,-,7.94%,-0.79/-,-,1.72,-,-,-,-,5316.78万,-1.19亿,电气设备,0.51%,0.91%,-
5631,西科国际,WCC,US,316.68,http://www.wesco.com,2.25%,13.26/23.9,"WESCO International, Inc. (WESCO) is a North American distributor of products and provider of supply chain services used primarily in the industrial, construction, utility and commercial, institutional and government markets. It serves over 100,000 customers globally, through approximately 380 full service branches and seven distribution centers located primarily in the United States, Canada and Mexico, with additional locations in the United Kingdom, Singapore, China, Australia, Africa and the United Arab Emirates. WESCO sells electrical and industrial maintenance, repair and operating supplies (MRO), and electrical and non-electrical construction and original equipment manufacturer (OEM) products and services. Its primary product categories include general electrical and industrial supplies, wire, cable and conduit, data communications, control and automation and motors. In July 2010, WESCO International, Inc. acquired the business of Potelcom Supply, Inc.",-0.47,-,-,NYSE,-,154.36亿,6.46亿,电气设备,1.01%,99.26%,3.07
5632,Waste Connections,WCN,US,166.07,http://www.wasteconnections.com/,2.12%,0.86/40.02,"Waste Connections, Inc., an integrated solid waste services company, provides solid waste collection, transfer, disposal, and recycling services. As of December 31, 2009, it owned or operated a network of 134 solid waste collection operations, 55 transfer stations, 37 recycling operations, and 43 active landfills, as well as 6 intermodal facilities. The company offers residential, commercial, and industrial solid waste collection services. Its transfer stations receive, compact, and load solid waste to be transported to landfills via truck, rail, or barge. Waste Connections also provides residential, commercial, industrial, and municipal customers recycling services for various recyclable materials, including cardboard, office paper, plastic containers, glass bottles, and ferrous and aluminum metals. In addition, it offers intermodal services, including repositioning, storage, maintenance, and repair of cargo containers for international shipping companies for the rail haul movement of cargo and solid waste containers in the Pacific Northwest. Further, the company provides container and chassis sales and leasing services to its customers.",-1.67,-,-,NYSE,-,421.95亿,2.19亿,商业服务与用品,0.56%,85.28%,5.24
5633,惠程控股,WCT,US,2.05,-,23.30%,-0.07/-,-,0.99,-,-,-,-,628.39万,-296.51万,软件,2.12%,0.18%,0.511
5634,Walker & Dunlop,WD,US,51.41,-,6.91%,1.65/31.36,-,3.52,-,-,-,-,17.64亿,5624.70万,综合金融服务,0.78%,82.80%,1.02
5635,Workday,WDAY,US,119.76,-,4.72%,2.61/44.41,"WORKDAY是美国目前唯一一家为企业提供全套基于云计算的人力资源管理软件服务公司。凭借云计算系统，跨国企业和敏感性公司可以实现全球所有员工同时在线办公，数据录入，修改；管理层可以依靠实时数据对问题作出判断，跨国公司实现全球统一版本无缝连接；所有员工可以登入网页版本、桌面版本和移动版本进行数据操作。

WORDAY成立于2005年,2012年10月13日IPO，发行价28美元，融资额约6.37亿美元",4.44,-,-,NYSE,-,307.78亿,6.93亿,软件,2.65%,92.81%,3.94
5636,西部数据,WDC,US,404,http://www.wdc.com/en/,3.58%,8.6/36.72,西部数据(WDC)作为全球知名的硬盘厂商，一直致力于为全球个人电脑用户提供完善的存储解决方案，而作为全球存储器业内的先驱及长期领导者，西数在为用户及收集、管理与使用数字信息的组织方面具有丰富的服务经验，同时也具有良好的口碑，特别是在欧美市场。,0.22,-,-,NASDAQ,-,1369.71亿,29.50亿,电脑与外围设备,1.67%,98.50%,19.26
5637,WD-40,WDFC,US,224.96,http://www.wd40company.com,3.44%,2.79/37.86,"The company was founded in 1953 and is headquartered in San Diego, California.
WD-40 Company produces and sells lubricants, hand cleaners, and household cleaners worldwide. It primarily offers WD-40, a multi-purpose product, which acts as a lubricant, rust preventative, penetrant, cleaner, and moisture displacer; 3-IN-ONE Oil, a drip oil for household consumers that has applications in the areas of locksmithing, HVAC, marine, farming, construction, and jewelry manufacturing, as well as household consumer applications; and a range of heavy-duty hand cleaner products, including bar soaps and liquid cleaners under the Lava and Solvol brands. The company also provides X-14 line of liquid mildew stain removers, liquid daily shower cleaners, automatic toilet bowl cleaners, and aerosol and liquid all-purpose bathroom cleaners; 2000 Flushes line of automatic toilet bowl cleaners; Carpet Fresh rug and room deodorizers; aerosol and liquid carpet stain removers under the Spot Shot brand name; and homecare and cleaning products under the 1001 brand name.",0.85,-,-,NASDAQ,-,30.27亿,3776.90万,居家用品,1.27%,89.57%,11.25
5638,水滴,WDH,US,1.69,-,1.20%,0.02/7.51,-,1.44,-,-,-,-,6.11亿,8135.68万,保险,0.10%,0.90%,0.83
5639,Western Asset,WDI,US,13.68,-,1.49%,1.38/9.92,-,-0.15,-,-,-,-,7.10亿,7158.07万,资本市场,0.24%,23.16%,0.938
5640,Woodside Energy,WDS,US,23.04,-,1.09%,1.43/16.12,-,0.04,-,-,-,-,438.01亿,27.18亿,石油与天然气,0.04%,1.35%,1.22
5641,Western Asset Premie,WEA,US,10.62,http://www.westernasset.com/us/en/,0.52%,1.17/9.1,"Western Asset Premier Bond Fund (the Fund) is a diversified, closed-end management investment company. The Fund seeks to provide current income and capital appreciation by investing primarily in a diversified portfolio of investment grade bonds. It invests substantially all (but at least 80%) of its total managed assets in bonds, including corporate bonds, the United States Government and agency securities and mortgage-related securities. It also invests at least 65% of its total managed assets in bonds that, at the time of investment, are investment grade quality. It may invest up to 35% of its total managed assets in bonds of below investment grade quality. It may invest in securities or instruments other than bonds (including preferred stock) and may invest up to 10% of its total managed assets in instruments denominated in currencies other than the United States dollar. Western Asset Management Company and Western Asset Management Company Limited act as the advisers of the Fund.",0.19,-,-,NYSE,-,1.26亿,1384.25万,资本市场,0.07%,53.29%,0.924
5642,Weave Communications,WEAV,US,4.87,-,7.22%,-0.37/-,-,3.4,-,-,-,-,3.83亿,-2805.20万,软件,1.50%,80.25%,4.65
5643,威州能源,WEC,US,114.6,http://www.wisconsinenergy.com/,1.11%,4.84/23.96,"Wisconsin Energy Corporation is a diversified holding company. The Company operates primarily through two segments: a utility energy segment and a non-utility energy segment. The Company’s primary subsidiaries include Wisconsin Electric Power Company (Wisconsin Electric), Wisconsin Gas LLC (Wisconsin Gas) and W.E. Power, LLC (We Power). The Company’s utility energy segment consists of Wisconsin Electric and Wisconsin Gas, operating together under the trade name of We Energies. Its utility energy segment operates in electric utility and natural gas utility. Its non-utility energy segment derives its revenues primarily from the ownership of electric power generating facilities for long-term lease to Wisconsin Electric. As of December 31, 2010, the Company had a 26.2% interest in American Transmission Company LLC (ATC). On January 12, 2011, OC 2 was placed into service and is fully operational.",-0.84,-,-,NYSE,-,373.25亿,15.57亿,复合型公用事业,0.47%,83.53%,2.74
5644,Welltower,WELL,US,208.75,-,1.85%,1.41/157,-,0.24,-,-,-,-,1470.71亿,9.37亿,医疗保健房地产投资信托,0.32%,96.62%,3.49
5645,温蒂,WEN,US,7.14,-,3.54%,0.85/8.24,-,3.03,-,-,NASDAQ,-,13.60亿,1.65亿,酒店餐饮与休闲,4.36%,100.13%,11.59
5646,Wen,WENN,US,10.225,-,0.05%,0.26/55.78,-,0,-,-,-,-,3.84亿,687.70万,资本市场,0.01%,89.09%,-
5647,沃纳企业,WERN,US,33.83,-,2.37%,-0.24/-,"Werner Enterprises, Inc. is a transportation and logistics company engaged in hauling truckload shipments of general commodities in both interstate and intrastate commerce. It also provides logistics services through the value added services (VAS) division. The Company operates in two business segments: Truckload Transportation Services (Truckload) and VAS. At December 31, 2009, the Company had a fleet of 7250 trucks, of which 6575 were owned by the Company and 675 were owned and operated by independent owner-operator drivers. At December 31, 2009, the Company operated 23,880 trailers. It included 22,515 dry vans, 400 flatbeds, 956 temperature-controlled trailers and nine specialized trailers.",-0.24,-,-,NASDAQ,-,20.28亿,-1439.90万,公路与铁路,1.18%,105.10%,1.46
5648,Western Midstream,WES,US,41.04,-,1.22%,2.99/13.99,"Western Gas Partners, LP (Partnership) is a limited partnership organized by Anadarko Petroleum Corporation to own, operate, acquire and develop midstream energy assets. The Company is engaged in the business of gathering, compressing, treating, processing and transporting natural gas for Anadarko. As of December 31, 2009, its assets consist of nine gathering systems, six natural gas treating facilities, four gas processing facilities, one natural gas liquid (NGL) pipeline and one interstate pipeline. The Company’s assets are located in East and West Texas, the Rocky Mountains and the Mid-Continent. In July 2009, the Company acquired a 51% interest in Chipeta Processing LLC (Chipeta).",-0.17,-,-,NYSE,-,161.56亿,11.54亿,石油与天然气,0.40%,41.50%,4.02
5649,Westrock Coffee,WEST,US,5.53,-,5.79%,-0.94/-,-,3.56,-,-,-,-,5.39亿,-9009.80万,饮料,0.58%,49.78%,1.99
5650,伟大奇科技,WETH,US,1.93,-,6.93%,0.6/3.22,-,2.88,-,-,-,-,2302.79万,716.05万,电子设备与仪器,0.70%,5.07%,0.168
5651,Wetour,WETO,US,0.544,-,7.14%,-0.08/-,-,2.26,-,-,-,-,4460.80万,-174.26万,软件,0.16%,0.05%,5.61
5652,WEX,WEX,US,150.45,-,4.88%,2.25/16.8,-,-2.79,-,-,NYSE,-,52.16亿,7770.00万,专业服务,2.56%,109.76%,4.09
5653,韦科鞋业,WEYS,US,33.68,http://www.weycogroup.com,3.31%,2.44/13.91,"Weyco Group, Inc. is engaged in the distribution of men’s footwear. The principal brands of shoes sold by the Company are Florsheim, Nunn Bush, and Stacy Adams. The Company also has other brands, including Brass Boot and Nunn Bush NXXT, which are included within Nunn Bush sales figures, SAO by Stacy Adams, which is included within Stacy Adams sales, and Florsheim by Duckie Brown. The Company’s products consist of both mid-priced leather dress shoes, which would be worn as a part of more formal and traditional attire and casual footwear of man-made materials or leather, which would be appropriate for leisure or less formal occasions. The Company’s business is separated into two reportable segments: the North American wholesale segment (wholesale) and the North American retail segment (retail). The Company also has other wholesale and retail businesses overseas, which include the recently acquired businesses in Australia, South Africa and Asia Pacific (Florsheim Australia).",0.12,-,-,NASDAQ,-,3.21亿,2307.80万,纺织服装与奢侈品,0.24%,22.44%,1.34
5654,韩国友利金融,WF,US,67.14,http://www.woorifg.com/,6.21%,2.81/7.56,"Woori Finance Holdings Co., Ltd., through its subsidiaries, provides financial product and services in Korea. The company offers various commercial banking products and services consisting of time deposits, demand deposits, installment deposits, certificates of deposit, and repurchase instruments; and working capital and facilities loans. It also provides various consumer banking products and services, including deposit products; and lending products, such as general purpose household loans, mortgage loans, and home equity loans; private banking services comprising financial and real estate advisory services to high net worth and mass affluent customers; and markets differentiated investment and banking products and services, including beneficiary certificates, overseas mutual fund products, specialized bank accounts, and credit cards. In addition, Woori Finance offers Internet banking services to its retail and corporate customers; capital market services, including securities investment and trading, derivatives trading, asset securitization services, and investment banking and securities brokerage; and merchant banking services that comprise commercial paper discounting, factoring financing, and payment guarantees. It operates 1,172 branches and 8,532 ATMs and cash dispensers. The company was founded in 2001 and is headquartered in Seoul, South Korea. Woori Finance Holdings Co., Ltd. operates as a subsidiary of Korea Deposit Insurance Corporation.",-4.95,-,-,NYSE,-,163.61亿,21.63亿,商业银行,0.08%,3.14%,0.656
5655,富国银行,WFC,US,79.42,-,1.38%,1.62/11.77,-,-1.35,-,-,-,-,2433.70亿,50.00亿,商业银行,0.50%,78.27%,1.49
5656,Where Food Comes,WFCF,US,12.59,-,0.00%,0.3/41.45,-,2.19,-,-,-,-,6366.43万,153.60万,专业服务,0.00%,11.80%,6.84
5657,WF Holding,WFF,US,1.36,-,6.54%,0.01/-,-,-1.23,-,-,-,-,685.17万,-32.05万,化学制品,0.98%,0.14%,0.78
5658,西弗雷泽木业,WFG,US,65.44,-,1.29%,-11.87/-,-,-0.4,-,-,-,-,51.24亿,-9.37亿,林业与纸制品,0.23%,50.95%,0.876
5659,威德福国际,WFRD,US,108.54,-,7.06%,1.5/16.86,-,5.45,-,-,-,-,78.07亿,1.08亿,能源设备与服务,2.08%,99.04%,4.44
5660,温尼巴格实业,WGO,US,32.87,http://www.winnebagoind.com/,1.90%,0.37/22.33,"Winnebago Industries, Inc. 是美国最大房车生产商。",0.7,-,-,NYSE,-,9.29亿,1030.00万,汽车,1.44%,102.42%,0.752
5661,Wellgistics,WGRX,US,0.13,-,9.56%,-1.43/-,-,-4.41,-,-,-,-,1646.49万,-1.01亿,制药,6.02%,1.55%,-
5662,GeneDx Holdings,WGS,US,68.53,-,6.31%,-0.73/-,-,3.46,-,-,-,-,20.07亿,-2102.10万,医疗保健技术,1.78%,106.72%,6.51
5663,温德姆酒店及度假村,WH,US,85.88,-,2.02%,2.51/33.4,-,-0.65,-,-,-,-,64.45亿,1.93亿,酒店餐饮与休闲,1.65%,113.76%,13.77
5664,Cactus,WHD,US,56.78,-,3.22%,2.42/27.42,-,2.55,-,-,-,-,45.52亿,1.66亿,能源设备与服务,1.13%,108.89%,3.71
5665,WhiteHorse Finance,WHF,US,7.52,-,2.14%,0.62/11.66,-,0.8,-,-,NASDAQ,-,1.67亿,1433.70万,资本市场,0.35%,16.71%,0.644
5666,Westwood Holdings,WHG,US,16.41,http://www.wrenextracare.co.uk/,5.00%,0.84/22.06,"Westwood Holdings Group, Inc. manages investment assets and provides services for its clients. The company operates through two subsidiaries, Westwood Management Corp. and Westwood Trust. Westwood Management Corp. is a registered investment advisor, and provides investment advisory services to corporate and public retirement plans, endowments, foundations, the WHG Funds, other mutual funds, and clients of Westwood Trust. Westwood Trust provides trust services and participation in common trust funds that it sponsors to institutions and high net worth individuals. Westwood Holdings Group, Inc. was founded in 1983 and is based in Dallas, Texas.",2.5,-,-,NYSE,-,1.56亿,705.80万,资本市场,0.13%,53.60%,1.24
5667,Wheeler Real Estate,WHLR,US,1.78,-,54.79%,-36.01/-,-,-5.32,-,-,NASDAQ,-,107.58万,-385.00万,零售房地产投资信托,3.91%,3.04%,-
5668,惠而浦,WHR,US,53.8,http://www.whirlpoolcorp.com,3.69%,5.68/10.9,"美国惠而浦公司是全球最具规模的大型白色家电制造商，号称“白电巨子”。公司于1911年成立，总部设在美国的密歇根州。1991年，美国惠而浦宣布全面收购飞利浦大型家用电器系列，为家用电器制造业树立新的里程碑。惠而浦家电集团旗下拥有Whirlpool, Maytag, KitchenAid, Jenn-Air, Amana, Brastemp和Bauknecht等众多著名国际品牌，业务遍及全球170多个国家和地区。作为世界上唯一一家专注于全系列大型家用电器的制造商，惠而浦致力于为全球消费者提供品质卓越的家电产品,其产品涉及洗衣机/干衣机、微波炉、冰箱、空调、灶具、抽油烟机、洗碗机、油热汀及家庭厨房垃圾处理机等9大系列。",-0.74,-,269-923-5000,NYSE,-,34.67亿,3.18亿,耐用消费品,4.52%,85.44%,1.27
5669,Whitehawk,WHWK,US,4.03,-,6.00%,-0.33/-,-,-3.36,-,-,-,-,1.90亿,-2059.60万,制药,0.47%,70.17%,1.4
5670,Western Asset Inflat,WIA,US,8.12,http://www.claymore.com,0.99%,0.66/12.29,"Western Asset/Claymore U.S. Treasury Inflation Protected Securities Fund operates as a closed-end and diversified management investment company. The fund invests primarily in U.S. treasury inflation protected securities. It also invests in corporate bonds or other securities and instruments. Its portfolio of investments includes investments in electrical, energy, environmental services, media, medical care facilities, oil and gas, paper and forest products, photo equipment and supplies, banking and finance, and food, beverage and tobacco sectors. Western Asset Management Company serves as investment adviser to the fund. The fund is based in Pasadena, California.",0,-,-,NYSE,-,1.89亿,1541.28万,资本市场,0.73%,50.37%,0.882
5671,G.Willi-Food,WILC,US,30.38,http://www.willi-food.co.il/,2.94%,2.04/14.93,"G. Willi-Food International Ltd., together with its subsidiaries, engages in the development, manufacture, marketing, import, export, and distribution of various food products worldwide. The company offers canned vegetables and pickles, including okra, mushrooms and terfess, artichoke, beans, asparagus, capers, corn kernels, baby corn, palm hearts, bamboo shoots, vine leaves, sour pickles, mixed pickled vegetables, pickled peppers, sun dried tomatoes, and edamame soybeans; and canned fish comprising tuna, sardines, anchovies, smoked and pressed cod liver, herring, fish paste, and salmon. It also provides canned fruits that include pineapple, peaches, apricot, pears, cherries, mangos, litchis, and fruit cocktail; edible oils comprising olive oil, sunflower oil, soybean oil, and corn rapeseed oil; dairy and dairy substitute products consisting of cheeses, feta, Bulgarian cheese, butter and spreads, margarine, melted cheese, cheese alternatives, and condensed milk; and dried fruit, nuts, and bean products, such as figs, apricots, prunes, papaya, pineapple, sunflower seeds, walnuts, pine nuts, cashew nuts, and peanuts. In addition, the company offers noodle soups, coffee creamers, lemon juice, halva, Turkish delight, cookies, vinegar, sweet pastry and crackers, sauces, corn flour, pastes, rice, rice sticks, pasta, spaghetti and noodles, breakfast cereals, corn flakes, instant coffee, rusks, coconut milk, and ouzo; and Mediterranean style chilled salads. It markets its products primarily under the brand names of Willi-Food, Shamir Salads, and Gold Frost. G. Willi-Food International offers its products to supermarket chains, mini-markets, wholesalers, manufacturers, and institutional consumers. The company was formerly known as G. Willi-Food Ltd. and changed its name to G. Willi-Food International Ltd. in June 1996. The company was founded in 1994 and is headquartered in Yavne, Israel. G. Willi-Food International Ltd. is a subsidiary of Willi-Food Investments Ltd.",1.5,-,-,NASDAQ,-,4.23亿,2834.83万,食品与日用品零售,0.06%,3.78%,2.06
5672,微美全息,WIMI,US,1.76,-,21.07%,1.44/0.952,-,-1.12,-,-,-,-,2263.42万,1483.86万,软件,1.91%,4.25%,0.109
5673,威玛克工贸,WINA,US,399.045,http://www.winmarkcorporation.com,3.02%,2.59/34.86,"Winmark Corporation franchises retail store concepts that buy, sell, trade, and consign merchandise in the United States and Canada. As of December 26, 2009, the company had 914 franchises operating under the brands of Play It Again Sports, Platos Closet, Once Upon a Child, Music Go Round, and Wirth Business Credit. The Play It Again Sports franchises buy, sell, trade, and consign used and new sporting goods, equipment, and accessories for various athletic activities, including hockey, wheeled sports, fitness, ski/snowboard, golf, and baseball/softball. The Platos Closet franchises buy and sell used clothing and accessories to the teenage and young adult markets. The Once Upon A Child franchises buy and sell new and used childrens clothing, toys, furniture, equipment, and accessories. The Music Go Round franchises buy, sell, trade, and consign new and used musical instruments, speakers, amplifiers, music-related electronics, and related accessories for parents of children who play musical instruments, as well as professional and amateur musicians. The Wirth Business Credit franchises engage in leasing and financing services businesses that provide franchisees with a range of small-ticket equipment leasing and financing options for business essential equipment and assets. The company was founded in 1988 and is headquartered in Minneapolis, Minnesota.",-0.31,-,-,NASDAQ,-,14.28亿,925.47万,专营零售,0.72%,75.45%,-
5674,Wingstop,WING,US,189.37,-,4.74%,6.23/29.69,-,1.41,-,-,NASDAQ,-,51.74亿,1.74亿,酒店餐饮与休闲,2.69%,134.01%,-
5675,Wipro,WIT,US,2.04,http://www.wipro.com/,2.46%,0.13/15.19,"Wipro（维布络）是一家全球性的IT服务公司，为客户提供覆盖IT服务，外包研发中心，基础设施外包，业务流程服务和商业咨询在内的多项IT业务。 

维布络成立于1947年，但最初是作为植物油精炼公司成立的；之后转向IT服务。经过三十多年在信息技术领域的精耕细作与积累，维布络已成为印度外包巨头。",0.49,-,-,NYSE,-,213.69亿,14.07亿,专业服务,0.08%,3.51%,2.26
5676,Western Asset Inflat,WIW,US,8.51,http://www.claymore.com/,0.47%,0.71/11.92,"A closed-end fund is a professionally-managed investment company registered under the Investment Company Act of 1940 that invests in securities that it believes will help it achieve its investment objective, pursuant to the prospectus limitations. Historically, most closed-end funds specialize in either fixed-income or equity securities and follow a pre-determined investment objective, such as current income or capital appreciation.",0,-,-,NYSE,-,5.21亿,4366.91万,资本市场,0.97%,39.62%,0.873
5677,Wix.com,WIX,US,75.67,-,6.68%,0.91/82.25,Wix成立于2006年，拥有346名以色列员工和59名美国员工。该公司提供的网站模版和小型网页应用模板，让个人和企业用户无需进行复杂的编程，就能构建个管理自己的网站。该公司目前在全球190个国家拥有超过4000万用户，其中68万是付费用户。,5.14,-,-,NASDAQ,-,41.65亿,5064.60万,信息技术服务,2.05%,96.14%,-
5678,Workiva,WK,US,53.15,http://www.workiva.com/,3.34%,-0.47/-,"Workiva has pioneered a cloud-based and mobile-enabled platform for enterprises to collaboratively collect, manage, report and analyze critical business data in real time. Our secure software platform, Wdesk, allows users to integrate and control all of their business data, regardless of format or location, with innovative live-linking technology. Our proprietary, integrated word processing, spreadsheet and presentation applications, built upon our data engine, allow thousands of users to collaborate simultaneously on data-linked reports and documents. Wdesk empowers our customers to dynamically define their business processes and optimize workflows so that critical data can be reported and analyzed more efficiently. Our customers can gain insights based on their trusted data, which enables better real-time decision-making. Additionally, our customers deploy our solutions to serve as a single system of record for critical data, to reduce risk and operational costs, and to increase efficiency in business reporting. As of September 30, 2014, we provided our solutions to more than 2,100 enterprise customers, including over 60% of both the Fortune 500 and Fortune 100.",1.84,S1/F1,-,NYSE,-,29.96亿,-2616.90万,软件,4.35%,91.89%,-
5679,World Kinect,WKC,US,26.11,-,20.56%,0.51/-,-,10.92,-,-,-,-,13.42亿,2620.00万,石油与天然气,6.50%,115.17%,1.11
5680,WISeKey,WKEY,US,7.19,-,5.40%,-0.24/-,-,-1.64,-,-,-,-,8088.63万,-3419.40万,信息技术服务,-,3.93%,0.175
5681,Workhorse Group,WKHS,US,2.67,-,6.39%,-6.76/-,-,0.38,-,-,-,-,2790.11万,-6408.60万,汽车,1.55%,0.82%,0.648
5682,Worksport,WKSP,US,1.1,-,6.06%,-3.16/-,-,0.92,-,-,-,-,1307.41万,-1935.23万,汽车零配件,1.97%,12.26%,0.571
5683,Willow Lane,WLAC,US,16.89,-,14.20%,0.2/84.87,-,12.6,-,-,-,-,2.92亿,343.85万,资本市场,11.09%,60.37%,-
5684,Willdan Group,WLDN,US,77.95,http://www.willdan.com,5.23%,3.63/21.94,"Willdan Group, Inc., together with its subsidiaries, provides outsourced services to small and mid-sized public agencies and large public utilities primarily in California and New York, as well as other parts of the United States. It offers a range of engineering services, such as city engineering, building and safety, public works and infrastructure design, construction management, traffic engineering, water and wastewater engineering, structural engineering, planning, landscape architecture, geotechnical engineering, flood control, code enforcement, energy efficiency, sustainability, and environmental consulting and remediation services, as well as climate action plans and greenhouse gas emission strategies. The company also provides public finance services, including district administration and federal compliance services; and financial consulting services comprising economic analyses and financial projects, such as fee and rate studies, special district formation, facility financing plans, economic impact analyses, reassessment engineering for bond refunding, and infrastructure analysis services, as well as formation of new public entities, annexations, and incorporations. In addition, it offers homeland security services, which include training, emergency operations planning, terrorism and threat vulnerability assessments, planning evaluations and exercises, and public safety and management consulting services. The company serves cities, counties, redevelopment agencies, water districts, school districts and universities, state agencies, federal agencies, tribal governments, private industries, public utilities, and various other special districts and agencies. Willdan Group is headquartered in Anaheim, California.",1.59,-,-,NASDAQ,-,11.53亿,5255.70万,专业服务,1.37%,75.48%,3.78
5685,Wearable Devices,WLDS,US,1.17,-,26.00%,-6.53/-,-,17,-,-,-,-,413.14万,-810.70万,电脑与外围设备,61.84%,5.62%,0.223
5686,威利斯金融租赁,WLFC,US,190.67,http://www.willislease.com/,3.36%,16/11.97,"Willis Lease Finance Corporation, together its subsidiaries, provides aviation services. It primarily focuses on providing operating leases of commercial aircraft engines and other aircraft-related equipment to air carriers, manufacturers, and overhaul/repair facilities worldwide. Its engine portfolio consists of noise-compliant stage III commercial jet engines. As of December 31, 2009, the company had a total lease portfolio of 169 aircraft engines and related equipment, 4 aircraft, and 3 spare parts packages with 58 lessees in 33 countries. It also engages in the purchase and resale of commercial aircraft engines. The company managed a total lease portfolio of 11 engines and related equipment for other parties. Willis Lease Finance Corporation primarily serves commercial aircraft operators, as well as maintenance, repair, and overhaul organizations. The company was founded in 1985 and is based in Novato, California.",0.35,-,-,NASDAQ,-,12.94亿,1.08亿,贸易与经销,2.17%,47.11%,1.95
5687,Willow Lane II,WLII,US,9.93,-,0.00%,-/-,-,-0.3,-,-,-,-,2.00亿,-4.39万,资本市场,-,-,-
5688,Westlake,WLK,US,110.64,http://www.westlakechemical.com/,3.39%,-11.7/-,"Westlake Chemical Corporation manufactures and markets basic chemicals, vinyls, polymers, and fabricated polyvinyl chloride (PVC) building products. It operates in two segments, Olefins and Vinyls. The Olefins segment provides ethylene, polyethylene, styrene monomer, and various ethylene co-products, such as chemical grade propylene, crude butadiene, pyrolysis gasoline, and hydrogen. The Vinyls segment offers PVC, vinyl chloride monomer, EDC, chlorine, caustic soda, and ethylene. This segment also manufactures and sells products fabricated from PVC, including pipes, window and door profiles, and fences. The companys products are used in various consumer and industrial markets, such as flexible and rigid packaging, automotive products, coatings, and residential and commercial construction, as well as in other durable and non-durable goods. Westlake Chemical Corporation provides its products for chemical processors, plastics fabricators, construction contractors, municipalities, and supply warehouses in the United States, Canada, Singapore, and internationally. The company was founded in 1985 and is headquartered in Houston, Texas.",-1.43,-,-,NYSE,-,141.71亿,-15.08亿,化学制品,3.15%,36.29%,1.61
5689,Westlake Chemical,WLKP,US,22.56,http://www.wlkpartners.com,1.76%,1.38/16.33,"Westlake Chemical Partners LP is a Delaware limited partnership recently formed by Westlake to operate, acquire and develop ethylene production facilities and related assets. Westlake is a vertically integrated, international manufacturer and marketer of basic chemicals, polymers, and fabricated building products. Our business and operations are conducted through OpCo, a recently formed partnership between Westlake and us. At the consummation of this offering, our assets will consist of a 10% limited partner interest in OpCo as well as the general partner interest in OpCo. Because we own OpCo’s general partner, we have control over all of OpCo’s assets and operations. Westlake has retained a 90% limited partner interest in OpCo and will retain a significant interest in us through its ownership of our general partner as well as 55.7% of our limited partner units (consisting of 1,436,115 common units and all of the subordinated units) and our incentive distribution rights.",0.45,S1/F1,-,NYSE,-,7.95亿,4869.80万,化学制品,0.10%,29.49%,3.08
5690,Wealthfront,WLTH,US,10.69,-,3.81%,2.22/-,-,1.71,-,-,-,-,16.10亿,-4206.60万,资本市场,0.76%,59.72%,2.62
5691,约翰威立 A,WLY,US,41.07,-,1.83%,1.63/13.66,-,-0.61,-,-,-,-,21.08亿,8627.00万,媒体,0.94%,96.20%,2.81
5692,约翰威立 B,WLYB,US,41.21,-,6.63%,1.63/13.7,-,0.02,-,-,-,-,21.15亿,8627.00万,媒体,0.01%,2.63%,2.82
5693,美国废物管理,WM,US,229.53,http://www.wm.com/index.jsp,2.45%,6.72/34.15,"Waste Management Inc is North America's leading provider of integrated environmental solutions. We partner with our customers and communities to manage and reduce waste from collection to disposal while recovering valuable resources and creating clean, renewable",-1.4,-,-,NYSE,-,924.81亿,27.08亿,商业服务与用品,0.37%,80.63%,9.26
5694,威廉姆斯,WMB,US,72.18,http://www.williams.com,1.73%,2.14/33.75,威廉斯公司是一家天然气公司，主要经营天然气的发掘、生产、收集、加工和输送。该公司的业务集中在太平洋西北地区、落基山脉、墨西哥湾沿岸地区、东海岸和加拿大的亚伯达省。威廉斯公司由四个业务部门组成，即：勘探与生产部、气体管道部、中游气体与液体部以及气体营销服务部。,0.74,-,918-573-2000,NYSE,-,882.66亿,26.15亿,石油与天然气,0.33%,87.17%,6.91
5695,华纳音乐,WMG,US,28.94,-,1.35%,0.33/22.56,-,-0.17,-,-,-,-,151.17亿,1.76亿,娱乐,0.68%,102.26%,21
5696,韦斯市场,WMK,US,68.72,http://www.weismarkets.com,2.53%,3.65/18.15,"Weis Markets, Inc. is a chain of supermarkets based in Sunbury, Pennsylvania, with a presence in Pennsylvania, New York, New Jersey, West Virginia, and Maryland. The company also operates Superpetz, a chain of pet supply stores.",-3.03,-,-,NYSE,-,17.00亿,9369.10万,食品与日用品零售,0.88%,41.26%,1.26
5697,Advanced Drainage,WMS,US,151.97,http://www.ads-pipe.com,2.06%,5.06/25.15,"Advanced Drainage Systems is the leading manufacturer of high performance thermoplastic corrugated pipe, providing a comprehensive suite of water management products and superior drainage solutions for use in the construction and infrastructure marketplace. Our innovative products are used across a broad range of end markets and applications, including non-residential, residential, agriculture and infrastructure applications. We have established a leading position in many of these end markets by leveraging our national sales and distribution platform, our overall product breadth and scale and our manufacturing excellence. In North America, our national footprint combined with our strong local presence and broad product offering makes us the leader in an otherwise highly fragmented sector comprised of many smaller competitors. We believe the markets we serve in the United States represent approximately $10.1 billion of annual revenue opportunity. In addition, we believe the increasing acceptance of thermoplastic pipe products in international markets represents an attractive growth opportunity.",-0.69,S1/F1,-,NYSE,-,118.38亿,3.94亿,建筑产品,2.63%,92.51%,6.14
5698,沃尔玛,WMT,US,129.92,http://walmartstores.com,2.15%,2.74/47.3,沃尔玛（WMT）创建于1962年，是一家世界性连锁企业，以营业额计算为全球最大的公司；主要涉足零售业；主要产品有：超级市场、便利店、折扣店。,-1.6,-,479-273-4000,NYSE,美国阿肯色州本顿维尔市西南八街702号,10355.91亿,218.93亿,食品与日用品零售,0.37%,36.74%,10.4
5699,WABASH国立,WNC,US,9.1,http://www.wabashnational.com,4.27%,5.09/1.75,"The company was founded in 1985 and is based in Lafayette, Indiana.Wabash National Corporation engages in the design, manufacture, and marketing of standard and customized truck trailers and related transportation equipment primarily in North America. The company operates in two segments, Manufacturing, and Retail and Distribution.",2.36,-,-,NYSE,-,3.70亿,2.11亿,机械制造,1.10%,92.27%,1.01
5700,Western New England,WNEB,US,13.86,-,2.33%,0.76/18.39,-,0.87,-,-,NASDAQ,-,2.81亿,1526.90万,商业银行,0.27%,63.69%,1.13
5701,美物科技,WNW,US,3.21,-,29.89%,-0.82/-,-,-12.05,-,-,-,-,427.08万,-1859.07万,多元化零售,96.11%,0.07%,0.086
5702,沃氪医疗,WOK,US,1.2,-,4.26%,-0.04/-,-,2.13,-,-,-,-,206.95万,-107.27万,医疗保健设备,1.85%,0.26%,0.113
5703,Wolfspeed,WOLF,US,31.23,-,13.32%,-5.78/-,-,13.36,-,-,-,-,15.10亿,-1.51亿,半导体产品与设备,32.51%,101.65%,2.41
5704,Petco Health,WOOF,US,2.94,http://www.vcaantech.com,2.01%,0.03/104.5,"VCA Antech, Inc. was founded in 1986 and is headquartered in Los Angeles, California.
VCA Antech, Inc. operates as an animal healthcare company in the United States and Canada. The company offers veterinary services and diagnostic testing to support veterinary care; and sells diagnostic imaging equipment, and other medical technology products and related services to the veterinary market. It operates in three segments: Animal Hospital, Laboratory, and Medical Technology.",-1.67,-,-,NASDAQ,-,9.47亿,906.60万,专营零售,0.51%,121.25%,0.814
5705,Worthington,WOR,US,55.19,http://www.wcn.co.uk,2.57%,2.2/24.31,"Worthington Industries, Inc. operates as a diversified metal processing company focusing on steel processing and manufactured metal products in the United States, Canada, and Europe. Its products include steel studs and tracks; floor and wall system components; roof trusses; and other building product accessories, such as metal corner bead, lath, lath accessories, clips, fasteners, and vinyl bead and trim. In addition, the company provides stamping, blanking, assembly, painting, packaging, die management, warehousing, distribution management, and other services to customers in the automotive industry; designs and builds light-gauge steel framed commercial structures and multi-family housing units; supplies and constructs metal framing products for single family housing, with a focus on military; designs and manufactures reusable custom platforms, racks, and pallets made of steel for supporting, protecting, and handling products throughout the shipping process; and offers pre-engineered steel egress stair solutions. Worthington Industries was founded in 1955 and is headquartered in Columbus, Ohio.",0.64,-,-,NYSE,-,27.18亿,1.08亿,金属与采矿,0.40%,52.23%,2.71
5706,White Pearl Acquisit,WPAC,US,9.95,-,0.00%,-/-,-,0,-,-,-,-,1.36亿,-5.83万,资本市场,0.00%,-,-
5707,W. P. Carey,WPC,US,73.12,http://www.wpcarey.com/en.aspx,1.31%,2.11/34.38,"W. P. Carey & Co. LLC is an investment management company that provides long-term sale-leaseback and build-to-suit financing for companies worldwide and manages a global investment portfolio of approximately $10.5 billion.  Publicly traded on the New York Stock Exchange (WPC), W. P. Carey and its CPA® series of income-generating, non-traded REITs help companies and private equity firms release capital tied up in real estate assets. The W. P. Carey Group’s investments are broadly diversified, comprising contractual agreements with approximately 275 long-term corporate obligors spanning 28 industries and 17 countries.",-0.81,-,-,NYSE,-,160.34亿,4.66亿,权益型REITs,0.66%,75.42%,1.98
5708,Wheaton Precious,WPM,US,139.44,-,3.00%,3.24/43.02,-,-1.49,-,-,NYSE,-,633.20亿,14.72亿,金属与采矿,0.37%,63.65%,7.29
5709,WPP,WPP,US,17.66,-,1.83%,-0.27/-,-,-0.62,-,-,-,-,38.10亿,-2.89亿,媒体,0.13%,9.82%,1.12
5710,西港燃料,WPRT,US,1.98,http://www.westport.com/,16.43%,-3.56/-,"Westport Innovations Inc. the research, development, and marketing of low-emission engine and fuel injection systems that utilize alternative gaseous fuels, such as natural gas, propane, or hydrogen. It develops technology and products that enable light, medium, and heavy-duty diesel engines to run primarily on compressed natural gas (CNG) or liquefied natural gas (LNG). The company focuses on three categories or target markets through its business units or joint ventures: Juniper, which is focused on 2.0L and 2.4L engines for industrial applications such as forklifts, oilfield service engines, and light-duty automotive; Cummins Westport (CWI), which is focused on natural gas engine applications for urban fleets, such as buses, refuse trucks, and vocational vehicles ranging from 5.9L to 8.9L; and Westport Heavy Duty (Westport HD), which is focused on LNG systems for heavy-duty trucks (Westport HD Systems) and the platform for the licensing of Westport HD Systems. The company was founded in 1995 and is headquartered in Vancouver, Canada.",-5.71,-,-,NASDAQ,-,3444.36万,-6162.60万,机械制造,1.49%,11.50%,0.501
5711,Wrap Technologies,WRAP,US,1.6,-,10.00%,-0.22/-,-,8.11,-,-,-,-,8880.01万,-1123.80万,商业服务与用品,0.69%,9.69%,7.73
5712,WR柏克利,WRB,US,66.53,http://www.wrberkley.com,2.57%,1.31/13.82,"W.R. Berkley Corporation, through its subsidiaries, operates in the property casualty insurance business in the United States and internationally. The company operates in five segments: Specialty, Regional, Alternative Markets, Reinsurance, and International. The company was founded in 1967 and is based in Greenwich, Connecticut.",-2.81,-,-,NYSE,-,259.48亿,5.15亿,保险,1.01%,76.30%,2.67
5713,Warby Parker,WRBY,US,22.81,-,5.03%,0.01/1702,-,1.56,-,-,-,-,27.93亿,164.10万,医疗保健设备,1.72%,101.92%,7.6
5714,文远知行,WRD,US,7.96,-,4.17%,-0.26/-,-,3.78,-,-,NYSE,-,26.69亿,-2.37亿,信息技术服务,0.67%,7.28%,2.36
5715,环球验收,WRLD,US,151.32,http://www.worldacceptance.com/,3.96%,-0.3/17.47,"WORLD ACCEPTANCE CORPORATION, founded in 1962, is one of the largest small-loan consumer finance companies in the United States and Mexico. It offers short-term small loans, medium-term larger loans, related credit insurance products, ancillary products and services to individuals who have limited access to other sources of consumer credit. It also offers income tax return preparation services and access to refund anticipation loans (through a third party bank) to its customer base and to others.",-0.5,-,-,NASDAQ,-,7.47亿,-151.35万,消费信贷,4.71%,81.92%,2.12
5716,西方铜金,WRN,US,2.79,-,2.72%,-0.01/-,-,1.09,-,-,AMEX,-,6.30亿,-227.52万,金属与采矿,0.51%,13.27%,4.46
5717,沃辛顿钢铁,WS,US,37.74,-,5.78%,1.33/15.82,-,5.33,-,-,-,-,19.17亿,6600.00万,金属与采矿,0.74%,52.00%,1.71
5718,韦斯银行,WSBC,US,34.02,http://www.wesbanco.com/,1.73%,2.23/10.96,"WesBanco, Inc. (WesBanco) is a bank holding company. The Company offers a range of financial services, including retail banking, corporate banking, personal and corporate trust services, brokerage services, mortgage banking and insurance. WesBanco offers these services, through two segments: community banking and trust and investment services. As of December 31, 2009, WesBanco operated one commercial bank, WesBanco Bank, Inc., (the Bank), through 114 offices, one loan production office and 138 automated teller machines (ATM) located in West Virginia, Ohio, and Western Pennsylvania. WesBanco Bank also offers trust and investment services and alternative investment products, including mutual funds and annuities. On March 27, 2009, WesBanco completed the purchase of five branches in the Columbus, Ohio market.",-0.23,-,-,NASDAQ,-,32.70亿,8439.50万,商业银行,0.91%,72.87%,0.803
5719,沃特财务,WSBF,US,17.91,http://www.wsbonline.com,2.59%,1.48/11.07,"Waterstone Financial, Inc. (Waterstone Financial) and its subsidiaries, including WaterStone Bank, is engaged in attracting deposits from the general public in the areas surrounding its eight banking offices and nine automated teller machines (ATM), including stand-alone ATM facilities, located in Milwaukee, Washington and Waukesha counties, Wisconsin. The Company invests those deposits, together with funds generated from operations, primarily in residential real estate mortgage loans. The residential mortgage loan portfolio was comprised of first mortgage loans secured by one-to four-family residences, and over four-family residences. The residential mortgage loans consisted of home equity loans and lines of credit secured by a junior position on one-to four-family residences. The loans receivable consists of construction and land mortgages, commercial mortgages, commercial business loans and consumer loans.",-0.33,-,-,NASDAQ,-,3.25亿,599.70万,商业银行,0.43%,51.50%,0.933
5720,Winchester Bancorp,WSBK,US,12.965,-,0.42%,0.23/84.81,-,0,-,-,-,-,1.21亿,203.60万,商业银行,0.02%,9.35%,1.03
5721,WillScot Holdings,WSC,US,22.66,-,4.58%,-0.29/-,-,0.76,-,-,-,-,41.01亿,-5299.00万,商业服务与用品,1.85%,116.42%,4.79
5722,WSFS金融,WSFS,US,71.39,http://www.wsfsbank.com/,3.59%,5.11/12.08,"The company, through its other subsidiaries, markets various third-party investment and insurance products, such as single-premium annuities, whole life policies, and securities; and provides investment advisory services to high net-worth individuals and institutions. WSFS Financial Corporation operates as the thrift holding company for the Wilmington Savings Fund Society, FSB, which provides various financial services primarily in the mid-Atlantic region of the United States. The company offers a range of deposit products, including savings accounts, demand deposits, interest-bearing demand deposits, money market deposit accounts, and certificates of deposits, as well as jumbo certificates of deposit.",1.77,-,-,NASDAQ,-,37.23亿,8682.70万,综合金融服务,1.39%,94.90%,1.37
5723,WeShop Holdings,WSHP,US,9.87,-,8.20%,-/-,-,-4.73,-,-,-,-,2.31亿,-545.08万,经销商,15.51%,0.02%,45.28
5724,威廉姆斯-索诺玛,WSM,US,190.55,http://www.williams-sonomainc.com/index.html,2.78%,8.96/20.84,"Williams-Sonoma Inc,Founded in 1956, Williams-Sonoma, Inc. is the premier specialty retailer of home furnishings and gourmet cookware in the United States. Our brands are among the best known and most-respected in the industry. We offer high-quality, stylish products for every room in the house: from the kitchen to the living room, bedroom, home office and even the hall closet.",-0.96,-,-,NYSE,-,226.79亿,10.88亿,专营零售,0.71%,95.76%,10.89
5725,华斯科,WSO,US,440.64,http://www.watsco.com/,1.77%,12.27/36,"Watsco is the largest distributor of air conditioning, heating and refrigeration equipment and related parts and supplies in the HVAC/R industry, currently operating over 500 locations in the United States and Puerto Rico, with additional market coverage on an export basis to parts of Latin America and the Caribbean",0.72,-,-,NYSE,-,178.91亿,4.97亿,贸易与经销,0.90%,105.43%,6.43
5726,华斯科B,WSO.B,US,-,-,-,12.27/29.82,-,-,-,-,NYSE,-,148.21亿,4.97亿,贸易与经销,0.00%,0.07%,5.33
5727,Whitestone REIT,WSR,US,18.95,http://www.whitestonereit.com,0.29%,0.98/19.51,"It is a fully integrated real estate company that owns and operates commercial properties in culturally diverse markets in major metropolitan areas. Founded in 1998, we are internally managed with a portfolio of 36 commercial properties in Texas, Arizona and Illinois.",-0.05,-,-,NYSE,-,9.74亿,4992.60万,零售房地产投资信托,0.60%,65.97%,2.13
5728,西氏,WST,US,306.16,http://www.westsideacquisitions.com/,4.69%,1.93/39.86,"Pharmaceutical, biopharmaceutical and medical device companies around the world rely on West Pharmaceutical Services, Inc. for standard-setting systems and device components for parenterally administered medicines.

West applies proprietary materials science, formulation research and manufacturing innovation to advance the quality, therapeutic value, development speed and rapid market availability of pharmaceuticals, biologics, vaccines and consumer health care products.",-1.14,-,-,NYSE,-,216.29亿,1.39亿,医疗保健设备,1.83%,95.92%,7.23
5729,Westin Acquisition,WSTN,US,10.03,-,0.00%,0.04/-,-,0,-,-,-,-,8079.16万,12.45万,资本市场,0.01%,24.68%,15.85
5730,WisdomTree,WT,US,16.37,-,5.20%,0.77/21.24,-,-3.19,-,-,-,-,23.18亿,1.09亿,资本市场,2.78%,111.86%,5.6
5731,West Bancorporation,WTBA,US,24.03,http://www.westbankiowa.com/,1.59%,0.62/11.59,"West Bank provides lending, deposit and trust services for individuals and businesses. We have eleven full-service banking locations in Des Moines, Iowa City and Coralville, Iowa. West Bank offers competitive personal & commercial banking products and is committed to providing top-notch customer service. West Bank places a high priority on community service and is actively involved with many civic and community projects in the greater Des Moines, Iowa City and Coralville area.",-1.84,-,-,NASDAQ,-,4.09亿,1057.20万,商业银行,0.22%,45.28%,1.51
5732,华通证券,WTF,US,3.44,-,18.10%,-0.17/-,-,-11.57,-,-,-,-,1.66亿,-836.66万,资本市场,0.16%,0.36%,5.99
5733,信达金融,WTFC,US,147.91,http://www.wintrust.com/,2.29%,3.26/12.3,"Wintrust Financial Corporation (Wintrust) is a financial services holding company based in Lake Forest, Illinois, with assets above $14 billion. The Company engages in the business of providing traditional community banking services, wealth management services, commercial insurance premium financing, mortgage origination, short-term accounts receivable financing, and certain administrative services, such as data processing of payrolls, billing and treasury management services. The Company provides community-oriented, personal and commercial banking services to customers located in the greater Chicago, Illinois and southern Wisconsin metropolitan areas (see map) through its 15 wholly owned banking subsidiaries.",-1.75,-,-,NASDAQ,-,99.75亿,2.19亿,商业银行,0.68%,96.85%,1.43
5734,Wintergreen,WTG,US,-,-,-,0.2/76.04,-,-,-,-,-,-,7515.38万,98.84万,资本市场,0.00%,66.41%,1.28
5735,W&T海底钻探,WTI,US,3.82,http://www.weatherlyplc.com/,4.21%,-1.01/-,"W&T Offshore, Inc., together with its subsidiaries, engages in the acquisition, exploitation, exploration, production, and development of oil and natural gas properties in the Gulf of Mexico. It has interests in approximately 77 producing fields in federal and state waters; leases covering approximately 0.6 million net acres in the outer continental shelf off the coasts of Louisiana, Texas, Mississippi, and Alabama; and interests in approximately 288 structures. As of December 31, 2009, the company had proved reserves of 371.0 billion cubic feet of gas equivalent. W&T Offshore, Inc. was founded in 1983 and is based in Houston, Texas.",0.53,-,-,NYSE,-,5.68亿,-1.50亿,石油与天然气,4.74%,35.88%,-
5736,白山保险集团,WTM,US,2259.27,http://www.watermangroup.com/,1.56%,430.14/5.06,"White Mountains Insurance Group, Ltd. (White Mountains or the Company) is a financial services holding company with primary business interests in property and casualty insurance and reinsurance. The Company's corporate headquarters and its registered office are located in Hamilton, Bermuda and its principal executive office is located in Hanover, New Hampshire.",-1.14,-,-,NYSE,-,55.95亿,11.06亿,保险,0.64%,112.48%,1.03
5737,联代科技,WTO,US,2.27,-,12.51%,0.02/-,-,1.43,-,-,-,-,384.19万,131.39万,电脑与外围设备,0.44%,0.49%,0.609
5738,Essential,WTRG,US,39.52,-,2.86%,2.2/18.16,-,-2.01,-,-,-,-,111.96亿,6.16亿,水务,2.33%,79.92%,1.63
5739,沃茨水工业,WTS,US,301.21,http://www.wattswater.com/,3.19%,10.17/29.5,"Watts Water Technologies, Inc. designs, manufactures, and sells water safety and flow control products primarily for the water quality, water conservation, water safety, and water flow control markets in North America, Europe, and China. Its products include backflow preventers and check valves for preventing reverse flow within water lines; fire protection systems, point-of-use water filtration and reverse osmosis systems, water supply products, and a range of water pressure regulators for commercial and residential applications; drainage products for industrial, commercial, marine, and residential applications; and temperature and pressure relief valves for water heaters, boilers, and associated systems. The companys products also comprise thermostatic mixing valves for tempering water in commercial and residential applications; systems for under-floor radiant applications and hydraulic pump groups for gas boiler manufacturers and renewable energy applications, including solar and heat pump control packages; and flexible stainless steel connectors for natural and liquid propane gas in commercial food service and residential applications.",-0.72,-,-,NYSE,-,100.55亿,3.41亿,机械制造,2.50%,98.01%,4.96
5740,Select Water,WTTR,US,16.74,-,2.86%,0.21/108.9,-,-0.18,-,-,NYSE,-,23.11亿,2122.30万,能源设备与服务,4.92%,81.49%,2.87
5741,韦莱韬悦,WTW,US,287.73,http://www.weightwatchersinternational.com/phoenix.zhtml?c=13017,2.15%,16.34/16.89,慧俪轻体（Weight Watchers International Inc）是一家专业减重顾问公司。自1963年创办以来，在全世界20多个国家和地区拥有超过49年的成功经验，通过互动课程提供结合健康饮食、运动和改善生活方式 的体重管理方案。全世界每周有约150万人次参加5万个慧俪轻体互动课程。拥有世界最大的体重管理服务网站之一：www.weightwatchers.com，并提供在线减重方案,-1.09,S1/F1,-,NYSE,-,271.05亿,16.05亿,保险,0.59%,100.79%,3.4
5742,西联汇款,WU,US,8.9,http://www.westernunion.com,11.95%,0.21/5.58,"西联(WU)是汇款服务的全球领跑者，帮助个人及公司客户方便、快捷、可靠地进行汇款、取款。西联是通过200多个国家和地区的364,0001余个合作网点提供汇款服务的全球实体。",-4.61,-,-,NYSE,-,27.89亿,6470.00万,综合金融服务,16.12%,103.62%,3.06
5743,TeraWulf,WULF,US,20.01,-,8.64%,-1.66/-,-,-1.77,-,-,-,-,96.60亿,-6.61亿,软件,10.81%,61.72%,68.76
5744,Wave Life Sciences,WVE,US,7.18,-,3.83%,-1.21/-,-,-1.78,-,-,NASDAQ,-,13.52亿,-2.04亿,制药,1.81%,96.33%,2.61
5745,维拉美特酒庄,WVVI,US,2.79,http://www.willamettevalleyvineyards.com/,3.68%,-0.64/-,"Willamette Valley Vineyards, Inc. engages in the production and sale of wines in the United States. It offers wines under the Pinot Noir, Chardonnay, Pinot Gris, Riesling and Oregon Blossom, Oregon's Nog, Edelweiss, Semi-Sparkling Muscat, Syrah, Merlot, Cabernet Sauvignon, Cabernet Franc, The Griffin, and Viognier brand names. The company markets and sells its wines directly at its winery; directly and indirectly through its shareholders; through self-distribution to local restaurants and retail outlets in Oregon; directly through mailing lists; and through distributors and wine brokers outside Oregon. Willamette Valley Vineyards, Inc. was founded in 1983 and is headquartered in Turner, Oregon.",2.65,-,-,NASDAQ,-,1389.29万,-317.06万,饮料,0.23%,12.70%,0.609
5746,慧俪轻体,WW,US,9.27,-,9.04%,-6.22/-,-,-0.22,-,-,-,-,9266.73万,-6209.50万,综合消费者服务,2.93%,60.55%,0.291
5747,伍德沃德,WWD,US,364.95,-,2.14%,2.23/44.52,-,-0.7,-,-,NASDAQ,-,217.57亿,1.34亿,航空航天与国防,1.04%,88.05%,8.41
5748,Westwater Resources,WWR,US,0.666,-,6.32%,-0.32/-,-,-2.06,-,-,-,-,8305.22万,-2732.60万,石油与天然气,0.81%,16.98%,0.457
5749,沃尔弗林集团,WWW,US,17.74,http://www.wolverineworldwide.com,4.95%,1.14/15.18,"沃尔弗林集团是美国著名的鞋类及服饰制造商，旗下品牌包括Bates, Cat Footwear, Chaco, Cushe, Harley-Davidson Footwear, Hush Puppies, HyTest, Merrell, Patagonia Footwear, Sebago, Soft Style及Wolverine。公司产品在超过180个国家有售。",0.34,-,-,NYSE,-,14.54亿,9580.00万,纺织服装与奢侈品,1.47%,105.02%,3.56
5750,山友暖通,WXM,US,0.485,-,20.41%,-0.53/-,-,-1.02,-,-,-,-,497.04万,-328.81万,建筑与工程,0.42%,0.61%,1.05
5751,惠好,WY,US,25.03,http://www.weyerhaeuser.com/,1.28%,0.45/55.7,"惠好(Weyerhaeuser Co ,NYSE:WY)于1900年成立于美国华盛顿；是世界上最大的综合性林产品公司之一。该公司拥有全球最大的私有商品针叶林的拥有者，是全球最大的针叶板材和商品木浆的生产商，其林产品出口量也居前列。",0.12,-,(253) 924-2345,NYSE,-,180.48亿,3.24亿,专业房地产投资信托,0.56%,90.78%,1.91
5752,WhiteFiber,WYFI,US,16.55,-,7.21%,-0.78/-,-,-1.02,-,-,-,-,6.35亿,-2468.25万,专业服务,6.77%,22.64%,1.32
5753,荣业食品,WYHG,US,0.649,-,64.12%,0.09/6.57,-,23.86,-,-,-,-,3266.48万,474.55万,食品,-,0.89%,0.197
5754,永利度假村,WYNN,US,105.67,http://www.wynnresorts.com,1.89%,3.16/33.59,永利度假村（Wynn Resorts Ltd）是一家总部位于拉斯维加斯的赌场经营商；在澳门有开展业务。,0.06,-,-,NASDAQ,-,109.94亿,3.27亿,酒店餐饮与休闲,1.58%,66.55%,-
5755,Widepoint,WYY,US,4.77,-,3.99%,-0.28/-,-,0.21,-,-,AMEX,-,4709.26万,-275.11万,信息技术服务,0.17%,18.30%,4.08
5756,Beyond Air,XAIR,US,0.51,-,6.03%,-3.44/-,-,-6.76,-,-,-,-,537.00万,-2296.70万,医疗保健设备,1.90%,15.01%,0.662
5757,Xenetic Biosciences,XBIO,US,3.05,-,2.72%,-1.58/-,-,-2.56,-,-,-,-,698.77万,-268.09万,制药,0.39%,11.44%,0.945
5758,Xbiotech,XBIT,US,2.51,-,7.47%,-1.49/-,-,-0.79,-,-,NASDAQ,-,7652.42万,-4554.00万,制药,0.08%,7.73%,0.458
5759,XBP Global,XBP,US,2.946,-,8.50%,-29.88/-,-,0.2,-,-,-,-,3466.87万,-3.51亿,综合金融服务,0.03%,60.43%,0.397
5760,X3 Acquisition,XCBE,US,-,-,-,-0.01/-,-,-,-,-,-,-,2.78亿,-6.92万,资本市场,-,-,-
5761,智能充电,XCH,US,0.99,-,3.88%,0.0000/-,-,-3.88,-,-,-,-,5885.70万,-733.81万,电气设备,0.01%,0.00%,2.35
5762,Exicure,XCUR,US,3.47,-,9.62%,-0.79/-,-,-4.67,-,-,-,-,2211.75万,-494.60万,制药,0.47%,2.65%,5.63
5763,X-Energy,XE,US,29.2,-,19.26%,-/-,-,26.96,-,-,AMEX,-,115.41亿,-3.90亿,电气设备,-,-,-
5764,埃克西尔能源,XEL,US,79.15,-,1.37%,3.44/24.48,-,-0.42,-,-,NYSE,-,494.02亿,20.18亿,电力,0.63%,88.65%,2.09
5765,Xcel Brands,XELB,US,2.21,-,5.63%,-5.08/-,-,3.76,-,-,NASDAQ,-,1306.88万,-1746.10万,纺织服装与奢侈品,0.49%,13.99%,0.728
5766,Xenon制药,XENE,US,55.24,http://www.xenon-pharma.com,2.25%,-4.36/-,"Xenon Pharmaceuticals is a clinical-stage biopharmaceutical company discovering and developing a pipeline of differentiated therapeutics for orphan indications that we intend to commercialize on our own, and for larger market indications that we intend to partner with global pharmaceutical companies. We have built a core enabling discovery platform for the discovery of validated drug targets by studying rare human diseases with extreme traits, including diseases caused by mutations in ion channels, known as channelopathies. We have an integrated platform that includes in-house capabilities for human genetics, small molecule drug discovery, and preclinical and clinical development.",-0.31,S1/F1,-,NASDAQ,-,53.39亿,-3.46亿,生物科技,0.65%,89.97%,9.18
5767,Xeris Biopharma,XERS,US,6.05,-,3.01%,0.0000/1885,-,1.68,-,-,-,-,10.44亿,55.40万,制药,0.66%,58.56%,76.58
5768,XFLH Capital,XFLH,US,9.92,-,0.00%,-0.02/-,-,0,-,-,-,-,1.38亿,-175.00,资本市场,0.01%,0.50%,367.4
5769,XAI Octagon,XFLT,US,18.11,-,0.83%,0.13/27.91,-,0.39,-,-,-,-,2.76亿,988.36万,资本市场,0.31%,26.50%,0.62
5770,X4 Pharmaceuticals,XFOR,US,4.11,-,5.61%,-1.87/-,-,-3.97,-,-,-,-,3.74亿,-7919.90万,生物科技,0.74%,98.27%,2.01
5771,Exagen,XGN,US,2.7,-,4.48%,-0.93/-,-,0.75,-,-,-,-,6494.33万,-1995.10万,医疗保健服务,0.55%,44.82%,3.72
5772,美乐居,XHG,US,1.06,-,0.98%,0.0000/-,-,3.92,-,-,-,-,5464.08万,-1.05亿,保险,0.01%,0.00%,-
5773,TEN Holdings,XHLD,US,1.45,-,5.73%,-8.58/-,-,-7.64,-,-,-,-,576.73万,-1950.90万,媒体,0.61%,0.29%,1.35
5774,Xenia Hotels,XHR,US,16.08,-,1.37%,0.64/23.7,-,-0.06,-,-,NYSE,-,14.83亿,6259.00万,酒店和度假村房地产投资信托,1.81%,96.82%,1.31
5775,XPLR,XIFR,US,10.05,-,2.82%,-0.3/-,-,1.21,-,-,-,-,9.48亿,-2800.00万,独立电力生产商,0.84%,59.53%,0.297
5776,Xilio Therapeutics,XLO,US,8.31,-,4.60%,-4.19/-,-,-1.89,-,-,-,-,4805.27万,-3503.60万,生物科技,1.10%,47.30%,1.36
5777,Xometry,XMTR,US,47.71,-,4.99%,-1.22/-,-,1.77,-,-,-,-,24.73亿,-6174.30万,信息技术服务,0.86%,100.11%,8.97
5778,Xencor,XNCR,US,12.98,-,8.27%,-1.24/-,"Xencor, Inc., a clinical-stage biopharmaceutical company, focuses on discovering and developing engineered monoclonal antibodies to treat severe and life-threatening diseases.",4.26,-,-,NASDAQ,-,9.52亿,-9192.30万,生物科技,0.91%,112.19%,1.5
5779,Xanadu Quantum,XNDU,US,30.95,-,18.54%,-12035/-,-,7.28,-,-,-,-,92.39亿,-1.20万,电脑与外围设备,-,47.37%,0.0000
5780,迅雷,XNET,US,6.44,http://www.xunlei.com/,2.47%,3.37/0.386,"迅雷2002年由邹胜龙及程浩始创于美国硅谷。2003年，创办者回国并成立深圳三代科技开发有限公司。2005年“三代”更名为迅雷网络技术有限公司。迅雷旗舰产品为迅雷下载器，目前为中国最大下载服务提供商之一，其收费下载会员已达百万。此外，迅雷拥有官网迅雷在线、客户端迅雷看看等产品。2008年迅雷高调进入网游市场，2010年宣布将网游作为支柱业务发展。
迅雷计划在IPO交易中发售731.5万股美国存托凭证(每股美国存托凭证相当于5股普通股)，代表3657.5万股普通股。",1.26,S1/F1,（0755）26035888,NASDAQ,中国广东省深圳市南山区高新技术产业园中区软件园二期11栋7楼,4.05亿,10.48亿,软件,0.22%,2.53%,0.295
5781,埃克森美孚,XOM,US,148.91,http://www.exxonmobil.com,2.22%,6.7/21.46,埃克森美孚公司是世界最大的非政府石油天然气生产商，总部设在美国得克萨斯州爱文市。在全球拥有生产设施和销售产品，在六大洲从事石油天然气勘探业务。,-1.08,-,972-444-1000,NYSE,-,6189.53亿,288.44亿,石油与天然气,0.33%,66.63%,2.39
5782,XOMA Royalty,XOMA,US,37.9,http://www.xoma.com,3.64%,1.53/14.24,"XOMA is at the forefront of antibody discovery and development, one of the most powerful and transformative fields of drug innovation today.  Building on a pioneering proprietary pipeline, a world-class antibody discovery and development platform, plus multiple revenue streams, XOMA is creating innovative human antibody therapeutics with the potential to transform medicine and reshape people’s lives.  

Our cross functional teams use a battery of intellectual property and an integrated platform of antibody technologies and capabilities to engineer cutting-edge therapeutic antibodies.",0.03,-,-,NASDAQ,-,4.52亿,3171.20万,制药,0.78%,107.78%,5.38
5783,Xos,XOS,US,1.72,-,4.11%,-2.71/-,-,0.88,-,-,-,-,2064.79万,-2532.00万,汽车零配件,0.09%,3.44%,0.887
5784,XP,XP,US,19.74,-,2.70%,1.79/10.84,-,0.56,-,-,-,-,102.37亿,9.44亿,资本市场,0.66%,80.96%,2.38
5785,XPEL,XPEL,US,46.63,-,2.72%,1.85/25.13,-,-0.45,-,-,-,-,12.87亿,5122.60万,汽车零配件,0.44%,76.21%,4.59
5786,Xperi,XPER,US,6.62,-,3.42%,-1.23/-,-,2.95,-,-,NASDAQ,-,3.11亿,-5633.90万,软件,0.47%,88.98%,0.751
5787,小鹏集团,XPEV,US,16.66,-,3.11%,-0.09/-,-,4.78,-,-,-,-,159.24亿,-1.63亿,汽车,0.98%,7.48%,3.67
5788,Solitario Resources,XPL,US,0.874,-,5.24%,-0.04/-,-,1.86,-,-,AMEX,-,8059.59万,-383.30万,金属与采矿,0.13%,24.05%,3.26
5789,XPO,XPO,US,223.68,-,2.61%,2.69/83.11,-,-0.48,-,-,NYSE,-,262.62亿,3.16亿,公路与铁路,0.66%,105.89%,14.11
5790,Xponential Fitness,XPOF,US,6.8,-,4.15%,-1.47/-,-,0.74,-,-,-,-,3.34亿,-3868.30万,酒店餐饮与休闲,0.62%,77.03%,-
5791,Expion360,XPON,US,0.73,-,8.57%,-1.13/-,-,4.29,-,-,-,-,791.77万,-623.52万,电子设备与仪器,1.04%,2.00%,1.21
5792,Expro Group,XPRO,US,17.76,-,6.03%,0.45/38.96,-,3.98,-,-,-,-,20.14亿,5168.60万,能源设备与服务,1.26%,99.95%,1.31
5793,登士柏,XRAY,US,11.91,-,2.69%,-3/-,-,0.08,-,-,NASDAQ,-,23.86亿,-5.98亿,医疗保健设备,1.39%,100.44%,1.78
5794,Chiron Real,XRN,US,35.77,-,3.39%,-0.91/-,-,1.82,-,-,-,-,4.73亿,-1211.60万,医疗保健房地产投资信托,0.46%,67.53%,1.23
5795,Armada,XRPN,US,10.349,-,0.18%,-0.02/269.3,-,0.14,-,-,-,-,3.27亿,-60.38万,资本市场,0.18%,110.30%,-
5796,XORTX Therapeutics,XRTX,US,3.03,-,20.87%,-0.56/-,-,9.39,-,-,-,-,421.91万,-265.63万,制药,37.79%,4.61%,2.02
5797,施乐,XRX,US,1.56,http://www.xerox.com/,8.38%,-8.25/-,世界上最大的现代化办公设备制造商、复印机的发明者，一个数字化、彩色、和文件解决方案的供应商，提供了全行业最齐全的文件处理产品和服务：复印机、打印机、传真机、扫描仪、桌面软件、数码打印和出版系统、消耗材料、以及从现场文件生产到系统集成的一系列文件管理服务,-6.59,-,-,NYSE,-,2.04亿,-10.43亿,电脑与外围设备,2.83%,78.89%,0.459
5798,Xsolla SPAC 1,XSLL,US,9.86,-,0.10%,-0.01/-,-,0.1,-,-,-,-,2.73亿,-7.67万,资本市场,1.92%,-,-
5799,XTI Aerospace,XTIA,US,2,-,5.69%,-4.24/-,-,-0.99,-,-,-,-,7694.44万,-6919.80万,软件,2.92%,5.09%,-
5800,X3控股,XTKG,US,-,-,-,-18.46/-,-,-,-,-,-,-,576.77万,-1638.18万,软件,-,0.08%,0.135
5801,Xtl生物制药,XTLB,US,2.43,-,2.45%,-0.01/-,-,-0.61,-,-,NASDAQ,-,574.84万,-550.00万,制药,0.18%,4.80%,-
5802,Xtant Medical,XTNT,US,0.524,-,7.06%,0.04/14.76,-,2.75,-,-,AMEX,-,7339.58万,497.30万,医疗保健设备,0.13%,58.15%,1.44
5803,XWELL,XWEL,US,1.22,-,12.28%,-5.08/-,-,7.02,-,-,-,-,967.07万,-2823.30万,综合消费者服务,2.25%,3.94%,-
5804,XMax,XWIN,US,7.28,-,3.25%,-0.17/-,-,0.55,-,-,-,-,3.44亿,-341.86万,专营零售,3.21%,5.85%,12.3
5805,Twenty One,XXI,US,7.8,-,2.56%,-3.68/-,-,0,-,-,-,-,50.81亿,-2.17亿,软件,0.22%,32.05%,1.48
5806,22nd Century,XXII,US,1.66,-,10.53%,-52.87/-,-,-2.92,-,-,AMEX,-,119.74万,-973.30万,生物科技,12.15%,6.02%,0.076
5807,小赢科技,XYF,US,5.02,-,3.03%,0.86/0.937,-,1.41,-,-,-,-,1.96亿,2.09亿,综合金融服务,0.10%,1.38%,0.175
5808,赛莱默,XYL,US,121.46,-,1.75%,3.93/30.57,-,-0.19,-,-,NYSE,-,292.51亿,9.57亿,机械制造,0.92%,92.20%,2.49
5809,Block,XYZ,US,71.63,-,3.57%,2.13/32.87,-,2.43,-,-,-,-,429.13亿,13.06亿,综合金融服务,0.75%,81.20%,1.93
5810,Exzeo Group,XZO,US,16.84,-,5.56%,0.99/18.5,-,2.93,-,-,-,-,15.31亿,8274.90万,综合金融服务,0.83%,8.62%,6.02
5811,有信云,YAAS,US,0.929,-,2.34%,-1.04/-,-,-1.17,-,-,-,-,379.00万,-964.61万,软件,0.75%,1.15%,0.463
5812,雅乐科技,YALA,US,6.59,-,2.12%,0.96/6.68,-,-0.15,-,-,-,-,10.01亿,1.50亿,互动媒体与服务,0.22%,15.35%,1.23
5813,元保,YB,US,16.73,-,4.78%,1.33/2.68,-,-3.57,-,-,-,-,7.71亿,2.87亿,保险,0.93%,2.03%,1.61
5814,cbdMD,YCBD,US,1.01,-,13.86%,-0.04/-,-,0,-,-,-,-,1060.05万,-32.46万,个人用品,29.66%,8.03%,1.18
5815,AA Mission II,YCY,US,-,-,-,0.08/254,-,-,-,-,-,-,1.49亿,58.53万,资本市场,0.00%,72.32%,-
5816,One and one Green,YDDL,US,4.62,-,4.83%,0.07/32.75,-,-2.94,-,-,-,-,2.59亿,382.63万,商业服务与用品,2.37%,0.11%,10.24
5817,YD Bio,YDES,US,5.46,-,7.05%,-1.24/-,-,4.1,-,-,-,-,3.85亿,-1239.00,生物科技,0.04%,0.20%,-
5818,悦航阳光,YDKG,US,0.902,-,4.32%,-0.08/-,-,-0.11,-,-,-,-,499.91万,-199.80万,软件,0.37%,2.15%,0.326
5819,Yelp,YELP,US,28.74,http://www.yelp.com/,2.12%,2.3/11.02,Yelp是美国一家在线点评网站。2012年3月2日在纽交所上市，IPO融资1亿美元；本次发行715万普通股，发行价15美元；高盛为主承销，Jefferies Group和花旗集团为副承销商。,1.48,S1/F1,-,NYSE,-,16.05亿,1.46亿,信息技术服务,1.19%,102.26%,2.26
5820,YETI Holdings,YETI,US,39.96,-,2.28%,2.05/18.29,-,0.1,-,-,-,-,30.25亿,1.65亿,休闲设备与用品,1.45%,114.25%,4.65
5821,Yext,YEXT,US,3.86,-,3.71%,0.31/12.57,-,2.39,-,-,NYSE,-,4.76亿,3787.10万,软件,1.47%,74.32%,2.99
5822,LQR House,YHC,US,0.871,-,3.71%,-3.51/-,-,-2.02,-,-,-,-,1861.00万,-2552.26万,饮料,0.35%,0.87%,0.634
5823,运鸿绿色CTI,YHGJ,US,2.92,-,0.00%,-1.01/-,-,8.47,-,-,-,-,758.43万,-270.20万,耐用消费品,0.06%,0.86%,1.08
5824,Yhn Acquisition,YHNA,US,-,-,-,0.18/34.87,-,-,-,-,-,-,4620.11万,132.51万,资本市场,0.00%,52.89%,1.86
5825,1药网,YI,US,6.8,-,3.66%,-0.05/-,-,-0.44,-,-,-,-,5893.86万,-949.39万,食品与日用品零售,0.10%,0.06%,1.76
5826,星图国际,YIBO,US,1.008,-,4.12%,-0.14/-,-,-1.18,-,-,-,-,5970.81万,-825.20万,机械制造,0.08%,0.43%,1.03
5827,云集,YJ,US,1.75,-,6.99%,-0.01/-,-,-5.91,-,-,-,-,861.97万,-1905.94万,多元化零售,0.33%,21.16%,0.064
5828,家星控股,YMAT,US,0.256,-,9.27%,0.0000/6.99,-,-1.16,-,-,-,-,440.33万,5237.00,化学制品,0.59%,0.29%,0.339
5829,满帮,YMM,US,8.66,-,2.18%,0.03/14.25,-,1.88,-,-,-,-,89.85亿,6.30亿,公路与铁路,0.41%,4.01%,1.54
5830,一亩田,YMT,US,0.197,-,4.57%,-0.02/-,-,0,-,-,-,-,2253.23万,-842.82万,专业服务,1.05%,0.10%,-
5831,Concorde,YOOV,US,1.53,-,11.59%,-/-,-,-6.71,-,-,-,-,3.47亿,-269.83万,商业服务与用品,-,5.49%,85
5832,The York Water,YORW,US,29.55,http://www.yorkwater.com/,2.52%,1.39/23.53,"York Water supply an average of 20 million gallons of water every day and have about 65,000 residential, commercial, and industrial customers. Over 180,000 people use their water in 43 communities in York and Adams County, Pennsylvania.",-2.09,-,-,NASDAQ,-,4.72亿,2005.80万,水务,0.85%,55.03%,1.96
5833,Clear Secure,YOU,US,54.81,-,2.62%,1.14/67.11,-,1.97,-,-,-,-,73.26亿,1.09亿,软件,0.91%,95.18%,41.21
5834,优蓝,YOUL,US,0.979,-,6.32%,0.12/-,-,3.16,-,-,-,-,7445.15万,526.50万,综合消费者服务,0.05%,1.77%,-
5835,阿根廷YPF,YPF,US,42.94,-,3.28%,-2.11/-,-,-0.85,-,-,NYSE,-,168.89亿,-8.26亿,石油与天然气,0.36%,9.24%,1.56
5836,一起教育科技,YQ,US,2.23,-,13.94%,-0.04/-,-,-13.9,-,-,-,-,1973.93万,-2208.12万,综合消费者服务,0.13%,0.02%,0.482
5837,宜人智科,YRD,US,2.07,http://www.yirendai.com/,2.12%,0.03/30.86,宜人贷有限公司于2014年9月24日在依据开曼群岛的法律注册成立。根据iResearch，该公司是中国连接投资者和个人借款领先的在线消费金融市场.他们的在线自动平台是业务的关键环节，使他们能够有效地满足借款人与投资者，并执行贷款交易。凭借他们的母公司宜信丰富的经验，该公司提供了有效的解决方案来解决大部分资金不足的投资者，中国的各个借款人的需求。他们的目标是通过在线市场使中国消费者更容易获得负担得起的信贷和吸引力的投资机会。,-0.48,S1/F1,+86 10 5236-2498,NYSE,北京市朝阳区通惠河北路朗园vintage 2号楼 A座 3-4层,1.79亿,579.51万,消费信贷,-,1.56%,0.135
5838,逸仙电商,YSG,US,2.85,-,10.37%,-0.01/-,-,-4.68,-,-,-,-,2.68亿,-1156.40万,个人用品,0.38%,1.21%,0.621
5839,York Space Systems,YSS,US,31.06,-,16.05%,-0.89/-,-,-13.02,-,-,-,-,39.64亿,-8507.90万,航空航天与国防,4.39%,0.03%,4.57
5840,Yesway,YSWY,US,21.75,-,3.00%,-/24.62,-,0.23,-,-,-,-,13.29亿,5397.70万,多元化零售,-,-,1.62
5841,益盛鑫,YSXT,US,1.23,-,4.84%,0.11/6.04,-,-0.81,-,-,-,-,2882.81万,267.94万,保险,0.90%,1.65%,0.935
5842,Yatra Online,YTRA,US,1.069,-,10.78%,-0.01/-,-,4.8,-,-,NASDAQ,-,6834.11万,-64.66万,酒店餐饮与休闲,0.08%,32.36%,1.18
5843,YUM! Brands,YUM,US,160.28,http://www.yum.com/,1.11%,5.59/28.42,"百胜餐饮集团是全球餐厅网络最大的餐饮集团，在全球110多个国家和地区拥有近36000家连锁餐厅。百胜餐饮集团旗下的肯德基、必胜客、塔可钟以及Long John Silver’s(LJS)四个餐饮品牌分别在烹鸡、比萨、墨西哥风味食品以及海鲜连锁餐饮领域居全球领导地位。截至2010年1月底，中国百胜已成功地在中国大陆开出了超过2,700家肯德基餐厅，450多家必胜客餐厅，100家必胜宅急送和19家东方既白餐厅，员工人数近25万。2009年中国百胜的营业额为288亿元人民币，是百胜全球餐饮集团发展最快、中增长最迅速的市场。",-0.28,-,-,NYSE,-,443.06亿,15.59亿,酒店餐饮与休闲,0.43%,87.59%,-
5844,百胜中国,YUMC,US,48.81,http://www.yumchina.com,1.47%,2.52/18.45,百胜中国控股有限公司是中国领先的餐饮公司，曾为Yum! Brands的子公司，于2016年独立上市。从百胜餐饮集团分拆出来之后，其将在中国市场拥有肯德基、必胜客和塔可钟三个品牌的独家运营和授权经营权，并完全拥有东方既白和小肥羊连锁餐厅。,1.6,-,86-21-24077777,NYSE,中国上海市长宁区虹桥路3号港汇中心二座16层,171.42亿,9.29亿,酒店餐饮与休闲,0.32%,68.31%,3.19
5845,云学堂,YXT,US,0.57,-,8.31%,-0.12/-,-,-8.95,-,-,-,-,3390.68万,-2272.70万,专业服务,0.18%,2.33%,3.18
5846,AiRWA,YYAI,US,0.817,-,3.28%,-0.02/-,-,-0.73,-,-,-,-,3443.04万,-57.64万,休闲设备与用品,0.96%,2.29%,0.184
5847,YY Group,YYGH,US,1.33,-,11.03%,-21.98/-,-,-8.28,-,-,-,-,1100.55万,-2141.91万,商业服务与用品,4.85%,0.28%,1.07
5848,Zillow Group C,Z,US,45.41,http://www.zillow.com/,3.26%,0.09/452.3,"Zillow是美国一家房地产信息网站, 为用户免费提供各类房地产信息查询服务, 类似一个房屋价值评估公司。

2011年7月20日，Zillow登录纳斯达克，发行价20美元，发行350万股普通股，融资6920万美元；花旗为其主承销商。",2.04,S1/F1,-,NASDAQ,-,104.03亿,2300.00万,房地产管理和开发Ⅲ,2.26%,100.48%,2.13
5849,阿提夫控股,ZBAI,US,9.27,-,0.00%,-5.57/-,-,0.11,-,-,-,-,9560.50万,-459.80万,专业服务,0.03%,0.12%,9.89
5850,致保科技,ZBAO,US,0.733,-,11.39%,-0.02/-,-,1.81,-,-,-,-,2496.72万,-61.93万,保险,0.77%,0.02%,8.83
5851,齐默巴奥米特控股,ZBH,US,91.26,-,3.04%,3.56/25.05,-,-1.28,-,-,NYSE,-,176.65亿,7.05亿,医疗保健设备,1.43%,102.41%,1.39
5852,Zenas BioPharma,ZBIO,US,18.19,-,5.44%,-8.44/-,-,-1.62,-,-,NASDAQ,-,11.35亿,-3.78亿,制药,2.18%,73.28%,4.69
5853,斑马技术,ZBRA,US,227.71,http://www.zebra.com,1.80%,8.24/26.28,"Zebra Technologies Corporation (NASDAQ: ZBRA) provides the broadest range of innovative technology solutions to identify, track, and manage the deployment of critical assets for improved business efficiency. Zebra’s core technologies include reliable on-demand printer and state-of-the-art software and hardware solutions. By enabling improvements in sourcing, visibility, security and accuracy, Zebra helps its customers to put the right asset in the right place at the right time.",0.37,-,-,NASDAQ,-,110.13亿,4.19亿,电子设备与仪器,1.37%,97.57%,3.07
5854,众巢医学,ZCMD,US,2.09,-,4.38%,-1.85/-,-,1.7,-,-,-,-,805.64万,-631.02万,综合消费者服务,0.12%,0.35%,0.432
5855,Ziff Davis,ZD,US,46.54,-,3.53%,1.16/37.19,-,-0.92,-,-,-,-,17.61亿,4735.40万,信息技术服务,1.12%,116.91%,1
5856,DirectBooking,ZDAI,US,2.45,-,14.06%,-0.19/-,-,-1.61,-,-,-,-,1970.72万,-508.22万,商业服务与用品,0.32%,0.19%,4.03
5857,Zedge,ZDGE,US,3.13,-,3.83%,-0.12/-,-,0,-,-,AMEX,-,4082.11万,-150.10万,互动媒体与服务,0.41%,16.48%,1.71
5858,ZenaTech,ZENA,US,2.12,-,3.11%,-0.28/-,-,1.44,-,-,-,-,1.19亿,-1651.74万,软件,7.20%,3.25%,-
5859,Zeo Energy,ZEO,US,0.916,-,10.62%,-0.56/-,-,1.33,-,-,-,-,5310.39万,-1400.88万,电子设备与仪器,2.55%,4.29%,9.96
5860,华米科技,ZEPP,US,16.76,-,5.69%,-0.16/-,-,1.45,-,-,-,-,2.41亿,-4006.80万,电子设备与仪器,0.62%,3.62%,1.12
5861,Zeta Global Holdings,ZETA,US,17.53,-,3.31%,-0.14/-,-,2.57,-,-,-,-,42.79亿,-3150.90万,软件,1.97%,84.36%,5.32
5862,Zillow Group A,ZG,US,45.63,-,3.94%,0.09/454.5,-,2.54,-,-,-,-,104.53亿,2300.00万,房地产管理和开发Ⅲ,2.22%,101.66%,2.14
5863,Ermenegildo Zegna,ZGN,US,11.96,-,2.84%,0.45/27.74,-,0,-,-,-,-,32.09亿,1.16亿,纺织服装与奢侈品,1.58%,22.20%,2.65
5864,知乎,ZH,US,3.4,-,3.47%,-0.11/-,-,-1.73,-,-,-,-,2.98亿,-2758.45万,互动媒体与服务,0.17%,18.49%,0.547
5865,以星综合航运,ZIM,US,25.93,-,0.90%,3.98/6.52,-,-0.58,-,-,-,-,31.25亿,4.79亿,海运,0.72%,48.02%,0.777
5866,齐昂银行,ZION,US,61.34,http://www.zionsbancorporation.com/,3.07%,1.56/9.42,"Zions Bancorporation operates full-service banking offices in ten Western states – Arizona, California, Colorado, Idaho, Nevada, New Mexico, Oregon, Texas, Utah and Washington. Zions Bank operates 105 full-service branches throughout Utah, 26 full-service branches in Idaho, and nearly 150 ATMs in the two states. In addition to a wide range of traditional banking services, Zions offers a comprehensive array of investment and mortgage services, and has a network of loan origination offices for small businesses nationwide. The company is also a leader in providing electronic banking services, including electronic municipal bond trading. Founded in 1873, Zions has been serving the communities of the Intermountain West for more than 130 years. 
From the vision of founder Brigham Young to the reality of one of the nation's most impressive banking organizations, Zions continues to be a pioneer in banking.",-2.06,-,-,NASDAQ,-,90.22亿,2.32亿,商业银行,1.01%,78.92%,1.25
5867,ZipRecruiter,ZIP,US,2.97,-,6.29%,-0.37/-,-,3.85,-,-,-,-,2.51亿,-3299.40万,专业服务,0.57%,75.28%,-
5868,中金科,ZJK,US,2.46,-,5.23%,0.1/38.53,-,-3.91,-,-,-,-,1.58亿,585.11万,机械制造,0.14%,0.26%,4.26
5869,中进医疗,ZJYL,US,2.16,-,8.82%,0.01/14.19,-,0.23,-,-,-,-,1690.71万,119.13万,医疗保健设备,0.59%,0.29%,0.57
5870,震坤行,ZKH,US,2.98,-,4.33%,0.0000/-,-,-0.67,-,-,-,-,4.74亿,-1998.28万,建筑产品,0.23%,0.46%,1.13
5871,正康国际,ZKIN,US,1.68,-,19.24%,-0.7/-,-,4.28,-,-,-,-,9628.47万,-398.52万,机械制造,0.05%,0.77%,3.93
5872,Lafayette Digital Ac,ZKP,US,-,-,-,-0.01/-,-,-,-,-,-,-,3.87亿,-5.81万,资本市场,-,0.05%,-
5873,再鼎医药,ZLAB,US,22.77,-,2.97%,-0.16/-,-,4.07,-,-,-,-,25.19亿,-1.76亿,生物科技,0.46%,25.73%,3.52
5874,Zoom通讯,ZM,US,92.03,-,4.07%,6.32/14.27,-,2.24,-,-,-,-,271.18亿,19.00亿,软件,1.60%,75.94%,2.76
5875,Zeta网络,ZNB,US,1.67,-,14.71%,-111.67/-,-,-1.76,-,-,-,-,263.99万,-4300.15万,软件,3.92%,0.47%,0.113
5876,Zentalis,ZNTL,US,3.98,-,9.64%,-1.91/-,-,2.31,-,-,-,-,2.82亿,-1.37亿,生物科技,2.12%,57.23%,1.31
5877,CleanCore Solutions,ZONE,US,0.302,-,5.33%,-1.02/-,-,0.67,-,-,-,-,6358.80万,-1.18亿,机械制造,0.60%,32.72%,0.677
5878,ZOOZ Strategy,ZOOZ,US,0.315,-,4.42%,-0.94/-,-,-0.63,-,-,-,-,5103.71万,-5558.90万,机械制造,0.21%,31.61%,0.428
5879,Zscaler,ZS,US,135.5,-,3.97%,-0.29/-,-,1.9,-,-,-,-,217.87亿,-4592.70万,信息技术服务,2.24%,53.66%,9.92
5880,zSpace,ZSPC,US,0.442,-,26.49%,-1.01/-,-,-22.46,-,-,-,-,134.34万,-2538.80万,综合消费者服务,5.43%,1.77%,-
5881,ZeroStack,ZSTK,US,6.68,-,10.12%,-41.92/-,-,-9.85,-,-,-,-,1623.78万,-1.20亿,食品,0.83%,0.07%,0.23
5882,Zentek,ZTEK,US,0.47,-,11.25%,-0.04/-,-,-2.08,-,-,-,-,5043.41万,-455.20万,医疗保健设备,0.07%,1.81%,5.6
5883,道元集团,ZTG,US,2.12,-,13.32%,-/25,-,-6.19,-,-,-,-,2503.47万,100.13万,信息技术服务,-,0.07%,3.63
5884,中通快递,ZTO,US,25.73,-,1.22%,1.63/15.26,-,0.86,-,-,NYSE,-,198.10亿,12.99亿,航空货运与物流,0.25%,10.72%,2.09
5885,Virtus Total,ZTR,US,6.8,-,0.88%,0.79/7.79,-,0,-,-,-,-,3.40亿,4361.40万,资本市场,0.25%,18.29%,0.846
5886,硕腾,ZTS,US,116.87,http://zoetis.com/,1.41%,6.03/18.39,Zoetis原为辉瑞旗下动物保健部门，2012年8月13日辉瑞将动物保健业务分拆独立成一家公司。Zoetis是全球动物保健药和疫苗行业最大的公司之一，其直接竞争对手包括默克、赛诺菲、美国礼来等大型制药公司旗下的动物保健部门。Zoetis 2013年2月1日IPO，发行价26美元，融资22亿美元,0.7,S1/F1,-,NYSE,-,491.46亿,26.73亿,制药,1.00%,97.48%,14.75
5887,Zumiez,ZUMZ,US,24.56,http://www.zumiez.com,2.88%,0.8/31.16,"Zumiez made their debut in the Seattle area in 1978, with a single store location at Northgate Mall. Now they have grown, and currently have over 400 retail stores that reach across the United States. They do what others have only dreamed of! They provide you with cutting edge clothing, footwear, accessories, DVDs, hard goods for skate and snow for active lifestyles. Everything they do revolves around the customer—you are the heart of our company.

Zumiez  love and support the skate and snow industries that their customers live and ride for. With the success of our retail Zumiez shops, they've opened their online store for the world to experience, ZUMIEZ.COM! They want their customers to seek them, either shopping from their recliner at home or roaming through their favorite Zumiez store location. So shop, download and explore the world of Zumiez!",-0.32,-,-,NASDAQ,-,4.17亿,1337.70万,专营零售,0.61%,75.56%,1.29
5888,Zura Bio,ZURA,US,5.38,-,5.25%,-1.06/-,-,-2.54,-,-,-,-,5.10亿,-9935.30万,生物科技,0.95%,44.21%,5.03
5889,Zevia,ZVIA,US,1.29,-,5.47%,-0.15/-,-,0.78,-,-,-,-,9923.33万,-992.00万,饮料,0.64%,70.46%,1.95
5890,Zevra,ZVRA,US,10.08,-,2.87%,1.4/7.16,-,-0.3,-,-,-,-,5.96亿,8322.90万,制药,1.22%,64.69%,3.85
5891,Zurn Elkay Water,ZWS,US,52.47,-,2.08%,0.35/41.05,-,-0.55,-,-,-,-,87.56亿,5890.00万,机械制造,2.33%,89.96%,5.45
5892,正业生物,ZYBT,US,0.92,-,8.70%,-0.06/-,-,0,-,-,-,-,4360.01万,-302.47万,制药,0.17%,0.49%,1.04
5893,Zymeworks,ZYME,US,28.1,-,4.99%,-1.08/-,-,2.44,-,-,NYSE,-,20.72亿,-8113.00万,制药,0.81%,96.77%,7.72
