ts_code,breakthrough_date,breakthrough_price,consolidation_amplitude,volatility_shrink_ratio,final_gain,success
sh603035,20240927,13.45,17.22,1.7531,1.26,False
sh600243,20240902,3.42,37.05,0.8013,1.75,False
sh688698,20250716,52.13,22.39,0.6446,6.37,False
sh600410,20240920,4.32,22.57,1.4493,7.17,False
sh600597,20240927,8.5,15.05,1.1778,-1.06,False
sh688448,20250716,30.15,46.26,0.1853,-0.3,False
sh688581,20250624,61.81,29.89,0.3154,7.57,False
sh688255,20250805,35.75,26.95,0.4149,6.41,False
sh600969,20240807,5.85,67.33,0.2625,-1.54,False
sh600114,20240806,13.92,25.72,2.2618,1.36,False
sh000132,20240930,5307.28,15.2,1.2743,-3.27,False
sh601996,20240927,1.92,16.38,1.2091,0.52,False
sh688361,20250701,86.6,25.24,1.4814,-4.28,False
sh600020,20240912,3.51,16.65,1.0684,-2.28,False
sh600673,20240930,7.92,15.56,1.1485,1.89,False
sh601222,20240731,5.89,13.79,0.953,0.17,False
sh600547,20240930,28.89,26.65,2.2962,-4.64,False
sh000006,20240926,4731.33,15.4,2.4898,8.63,False
sh688606,20250630,66.21,31.87,0.4867,-0.74,False
sh603898,20240927,7.96,38.28,0.502,1.0,False
sh600509,20240926,5.24,15.37,0.8091,8.77,False
sh603218,20240910,10.58,21.0,1.1069,-1.32,False
sh600293,20240927,2.65,11.1,1.1328,2.26,False
sh603730,20250819,5.92,13.45,0.5932,3.38,False
sh688648,20251110,57.76,61.48,0.7088,-10.98,False
sh688285,20251020,8.68,17.64,0.523,9.22,False
sh688078,20250627,31.28,25.37,0.4858,-1.53,False
sh600339,20240801,3.15,20.5,0.3623,0.63,False
sh900905,20240926,3.33,9.92,1.9706,1.29,False
sh603101,20240927,4.86,16.23,0.8103,0.82,False
sh600610,20240930,4.64,28.02,2.0789,-2.8,False
sh601388,20240927,2.38,14.92,1.0613,2.53,False
sh688551,20251124,37.56,33.6,1.2109,1.28,False
sh688036,20250804,84.1,14.27,0.5603,2.38,False
sh601908,20240930,2.95,26.24,2.3331,-4.75,False
sh603087,20251212,66.28,31.67,0.6153,2.41,False
sh600377,20241101,12.42,23.58,0.8693,0.48,False
sh600521,20240926,16.64,15.89,1.0688,16.29,False
sh688660,20250624,8.4,40.1,0.464,2.5,False
sh688033,20250929,6.61,21.28,1.5954,9.23,False
sh000853,20240927,1345.11,11.52,1.0224,4.58,False
sh603978,20260206,25.9,55.61,0.4712,-4.32,False
sh688800,20260401,83.9,35.7,1.4634,4.15,False
sh688349,20250724,25.3,17.55,1.2017,-2.25,False
sh600792,20240930,3.62,14.58,0.9998,3.31,False
sh688280,20251024,7.94,37.0,0.7639,12.97,False
sh600008,20240902,2.66,12.61,0.7947,-1.13,False
sh600638,20240731,4.44,37.51,0.5506,-12.15,False
sh600462,20240903,1.52,42.01,0.4959,-3.95,False
sh688579,20251021,11.48,25.63,0.8652,1.66,False
sh601689,20240926,39.43,31.97,0.7919,16.79,False
sh688050,20250901,81.13,22.83,1.1253,1.57,False
sh601113,20240930,3.5,18.88,0.6761,-4.86,False
sh603167,20240930,7.31,25.42,1.1148,-2.74,False
sh688399,20260204,71.46,49.8,1.1863,-4.11,False
sh605577,20250711,13.09,16.68,1.4213,-1.07,False
sh600742,20240926,7.36,13.47,0.9442,9.24,False
sh688403,20251124,13.62,53.9,0.4764,8.44,False
sh603052,20251027,29.26,30.27,0.9422,-0.34,False
sh601069,20240801,11.92,39.24,0.4617,-2.85,False
sh603787,20240902,10.32,35.08,0.4072,-7.56,False
sh600096,20240731,18.0,19.5,2.0343,0.06,False
sh603519,20240927,9.8,32.17,0.7123,6.22,False
sh601877,20240925,18.78,14.2,1.8715,16.35,False
sh688080,20250804,46.9,23.13,0.358,3.05,False
sh601838,20251014,18.23,14.47,1.2182,0.93,False
sh603803,20240930,6.58,28.34,0.8191,-2.13,False
sh600415,20240826,7.76,18.02,0.5441,3.61,False
sh688233,20260401,70.43,51.02,0.7031,5.61,False
sh603282,20260325,20.3,27.52,0.8946,4.24,False
sh603528,20240926,6.37,23.43,0.5999,13.97,False
sh600239,20240920,2.0,13.15,0.878,32.0,True
sh603186,20240819,24.15,39.9,1.3701,-6.13,False
sh603566,20241008,14.09,30.06,2.1704,-15.62,False
sh601808,20241008,17.14,23.49,1.1189,-12.02,False
sh688136,20250905,42.27,43.92,0.6354,0.57,False
sh600213,20240812,6.13,31.22,0.4119,3.75,False
sh603001,20240926,4.22,17.8,0.7286,9.95,False
sh688155,20251124,58.91,41.74,0.4197,2.85,False
sh600120,20240731,3.46,18.98,0.4841,-1.44,False
sh600773,20240806,11.36,27.54,0.8155,-2.11,False
sh601059,20251218,18.23,21.72,1.5014,-2.19,False
sh688261,20250630,41.25,25.36,0.3667,-2.79,False
sh600894,20240731,9.12,37.18,1.2058,3.73,False
sh603063,20250714,31.89,25.12,1.0082,-3.29,False
sh000148,20240926,7440.93,10.28,1.2947,12.83,False
sh603998,20240731,10.2,27.29,0.8188,2.25,False
sh600827,20240925,7.74,15.6,0.7795,16.91,False
sh603118,20240826,7.74,30.41,1.0994,-11.5,False
sh688548,20250813,11.42,7.32,0.9646,-3.5,False
sh600200,20240927,9.59,20.49,0.8402,4.38,False
sh600573,20240731,9.22,25.31,1.2215,3.15,False
sh603683,20260113,27.55,31.52,0.5022,-2.29,False
sh601216,20240731,3.6,19.25,1.1079,-1.94,False
sh688798,20250729,73.0,20.02,0.3563,-0.26,False
sh601088,20240812,36.06,17.51,1.3511,2.91,False
sh603881,20240912,10.95,12.73,1.4902,0.0,False
sh688336,20251015,52.97,30.57,0.9052,12.46,False
sh600624,20240927,3.61,59.53,0.4469,0.28,False
sh603387,20250710,8.1,9.38,1.5457,2.59,False
sh603880,20250924,6.12,29.25,0.9298,-1.31,False
sh600497,20240731,5.24,16.44,1.3327,-3.63,False
sh688378,20250717,17.25,17.55,1.2276,2.2,False
sh601089,20251126,24.53,29.53,0.5257,1.3,False
sh600988,20240923,18.4,30.88,0.5309,8.75,False
sh600072,20240930,14.47,23.83,2.6154,-3.73,False
sh603382,20260105,35.19,23.87,0.8456,-6.31,False
sh688333,20250703,65.99,35.94,0.5608,-9.09,False
sh600515,20240926,3.42,16.36,1.4674,2.64,False
sh600346,20240731,13.44,21.89,0.658,-4.46,False
sh601717,20240930,12.97,34.64,0.6947,-9.33,False
sh688350,20260324,26.24,45.99,0.9485,9.41,False
sh688299,20250811,18.22,27.68,0.6536,1.92,False
sh601127,20240930,88.81,25.6,0.7206,2.91,False
sh600325,20240926,6.15,32.54,1.0124,4.88,False
sh688819,20250624,27.04,28.53,0.4167,0.7,False
sh600196,20240731,22.99,13.35,1.256,1.78,False
sh603960,20241008,21.47,35.41,1.0355,-13.78,False
sh601169,20240807,5.04,12.67,1.4112,1.19,False
sh601588,20250702,1.77,20.04,0.4865,4.52,False
sh900957,20240830,0.27,77.98,1.6791,-0.75,False
sh600738,20240926,3.87,19.35,1.2522,5.43,False
sh603029,20240930,15.28,19.5,0.9516,-4.71,False
sh601326,20260105,3.5,21.31,0.2506,0.86,False
sh600396,20240930,2.7,29.95,0.8006,-6.67,False
sh600776,20240920,9.63,21.58,1.1351,5.3,False
sh603486,20250624,54.16,42.26,0.2856,6.67,False
sh600211,20240814,32.38,22.43,0.5734,0.25,False
sh601789,20240927,3.66,16.06,1.0794,3.55,False
sh688207,20250624,14.98,32.42,0.406,-1.0,False
sh603836,20251013,14.03,9.23,1.1914,1.57,False
sh000160,20240927,1841.66,15.53,1.474,3.01,False
sh603330,20240930,5.48,16.97,1.0384,-5.29,False
sh600421,20240819,6.66,43.96,0.5598,-4.35,False
sh688380,20250725,28.48,14.25,0.9284,-1.44,False
sh600975,20241107,6.98,37.57,0.9652,-5.01,False
sh600108,20240926,2.54,11.41,0.8996,5.89,False
sh688249,20250722,21.8,13.08,0.9195,1.97,False
sh600692,20240918,5.33,56.95,0.439,4.32,False
sh603587,20240927,10.91,13.65,0.9047,1.38,False
sh600816,20240925,2.74,19.39,1.3051,20.44,True
sh688199,20251020,23.99,36.49,0.4304,7.09,False
sh688603,20250723,48.8,25.12,0.4195,31.15,True
sh601921,20251103,8.08,16.96,0.5775,0.99,False
sh600858,20240926,4.34,20.59,1.665,1.61,False
sh600676,20240821,3.54,82.4,2.1354,-9.04,False
sh600874,20251216,6.14,17.61,1.4311,-2.12,False
sh603082,20250721,39.64,16.05,0.8015,0.15,False
sh600372,20240927,11.96,24.41,1.4311,3.85,False
sh603979,20240927,48.44,43.29,0.6303,-10.92,False
sh600615,20240802,8.75,43.7,0.4114,-6.0,False
sh603105,20250702,8.35,20.11,0.4538,1.44,False
sh600875,20240731,15.94,18.88,1.4919,-3.14,False
sh603231,20251215,18.68,21.3,1.6484,-0.32,False
sh603662,20250806,69.49,19.59,0.7865,-1.71,False
sh600592,20240731,9.3,37.07,1.0485,-4.52,False
sh600173,20250624,5.72,31.54,0.8107,3.32,False
sh600208,20240924,1.9,21.92,1.8076,53.68,True
sh603305,20250717,14.01,21.04,0.7412,-1.28,False
sh600888,20240927,6.94,16.74,0.8388,2.16,False
sh688107,20250725,28.84,10.67,0.8169,1.25,False
sh600246,20240926,7.15,31.64,0.5285,10.07,False
sh603663,20240801,13.98,50.54,0.5171,-6.36,False
sh600721,20240730,6.19,30.69,0.7606,29.24,True
sh603030,20240925,1.88,37.7,0.6624,12.77,False
sh600172,20240927,2.3,31.19,1.3794,3.91,False
sh601658,20251014,5.7,15.28,0.9052,-0.53,False
sh000137,20240927,3454.09,16.0,1.0673,7.82,False
sh603786,20250826,56.77,12.55,0.7741,2.08,False
sh600476,20240920,12.98,40.55,0.5495,10.09,False
sh688737,20250924,21.39,32.76,1.4494,9.12,False
sh601068,20250624,4.52,43.44,0.1686,0.88,False
sh603600,20240926,10.03,33.57,0.4832,15.95,False
sh600111,20240927,18.72,10.77,1.6034,6.14,False
sh600438,20240927,20.76,24.07,0.7813,-0.63,False
sh603535,20251020,11.2,25.9,0.9649,0.0,False
sh688584,20250624,17.72,29.53,0.4763,0.9,False
sh603018,20241021,8.36,41.81,1.5107,0.48,False
sh603530,20250627,26.15,28.87,0.4273,4.86,False
sh603363,20251229,4.68,28.61,0.7439,-3.63,False
sh603057,20250916,22.08,31.05,2.1638,-12.14,False
sh600968,20250911,3.97,11.76,1.1618,-2.52,False
sh601811,20240801,13.35,21.38,1.5059,-0.52,False
sh688161,20250625,26.14,24.57,0.3248,-1.68,False
sh688236,20260105,24.91,30.4,0.3548,-0.76,False
sh600177,20240731,6.49,13.48,0.7821,0.0,False
sh601375,20240731,3.66,16.03,0.5261,-3.45,False
sh600724,20240926,3.71,14.21,1.5147,-0.54,False
sh000151,20240927,1569.08,15.8,1.4767,0.78,False
sh601188,20240927,3.2,44.95,0.2486,7.81,False
sh603629,20250709,24.34,21.92,0.7057,4.44,False
sh688278,20250717,76.66,17.77,0.8098,-0.57,False
sh603806,20240930,17.4,25.72,0.6739,-10.46,False
sh603628,20240930,14.62,24.39,0.728,-6.7,False
sh601872,20240816,7.74,24.5,0.6969,1.03,False
sh688085,20250627,15.77,32.11,0.5062,1.0,False
sh603286,20240926,17.76,30.79,0.4064,7.49,False
sh601595,20240927,23.27,29.17,1.9655,-6.96,False
sh603086,20240927,4.07,11.37,0.9671,1.72,False
sh600797,20240920,4.91,12.42,0.6395,8.76,False
sh000856,20240927,5004.2,10.06,1.6075,5.9,False
sh688302,20251209,54.28,33.96,0.9299,-6.69,False
sh688665,20260226,55.0,19.26,1.3144,-10.91,False
sh603933,20250625,15.87,31.66,0.4899,2.84,False
sh603583,20250624,36.18,43.05,0.6838,0.14,False
sh603219,20250804,15.55,18.61,0.6796,6.3,False
sh603950,20250716,25.81,28.14,0.69,-6.16,False
sh688055,20250624,3.65,23.72,0.3299,0.82,False
sh900928,20240731,0.53,20.04,0.528,-2.85,False
sh601116,20240808,8.27,25.35,0.4441,-6.41,False
sh603257,20251201,59.63,43.22,0.8644,-3.24,False
sh601158,20240815,4.92,7.79,1.1157,-1.63,False
sh600642,20240807,7.61,18.12,1.9929,3.68,False
sh600011,20250320,6.66,17.34,0.4726,-1.2,False
sh688503,20250630,41.39,35.65,1.175,10.82,False
sh600576,20240906,5.28,36.13,1.276,-11.55,False
sh688484,20251114,42.92,25.68,1.7199,-8.67,False
sh600822,20240926,8.36,32.87,0.6257,4.9,False
sh000079,20240930,2590.19,17.34,1.3987,-4.22,False
sh603229,20240806,7.54,25.85,0.514,-0.66,False
sh600538,20241018,4.06,38.6,1.5253,4.68,False
sh603205,20250624,29.22,41.01,0.2754,0.61,False
sh600841,20240909,4.22,75.5,0.9766,-11.14,False
sh603903,20241008,7.0,28.51,1.0295,-8.71,False
sh600308,20240926,3.38,12.68,1.4983,8.87,False
sh688180,20251015,38.43,35.11,0.9914,0.29,False
sh900934,20240830,1.4,25.18,0.3508,-2.29,False
sh603383,20240731,31.44,36.33,1.1681,-3.78,False
sh688049,20251201,54.83,35.25,1.0487,-2.19,False
sh688560,20250924,14.15,19.17,1.9905,5.72,False
sh600621,20240731,13.48,24.55,1.4085,-2.97,False
sh600989,20250707,15.75,24.63,0.3231,-1.21,False
sh601939,20250902,9.03,13.35,0.6059,-2.32,False
sh688007,20250729,15.72,13.15,1.0558,-2.1,False
sh603879,20241025,2.85,25.36,0.8981,10.18,False
sh600715,20240905,1.64,32.98,0.954,0.0,False
sh600272,20240904,10.09,38.85,1.7457,-2.68,False
sh603182,20260306,16.02,13.99,1.2202,-0.81,False
sh688133,20250624,22.31,37.59,0.3989,6.01,False
sh601369,20240927,7.61,14.23,1.1195,2.1,False
sh688479,20250924,19.25,19.06,1.2335,-0.57,False
sh600958,20250114,9.66,25.1,1.3869,-0.62,False
sh600125,20240930,6.11,28.22,1.8939,-3.44,False
sh603067,20240927,8.14,27.36,1.8357,-0.88,False
sh688150,20250929,24.9,16.99,1.1478,-1.77,False
sh688099,20250725,75.0,13.57,1.0862,-3.87,False
sh603505,20240927,19.77,23.9,1.8725,-2.93,False
sh601016,20240731,2.9,16.18,0.9253,-2.41,False
sh688432,20250708,11.26,15.76,1.2187,0.18,False
sh603318,20240926,5.9,11.07,0.9841,10.34,False
sh601058,20240924,13.66,23.87,0.8698,13.84,False
sh688681,20251218,17.25,23.6,1.1751,2.14,False
sh600409,20240927,5.33,26.18,2.1092,6.01,False
sh603357,20250710,8.64,15.2,0.2137,-1.39,False
sh688178,20251128,25.63,38.58,0.4384,-2.3,False
sh601668,20240830,5.12,10.91,1.0221,-7.23,False
sh600970,20240930,11.05,34.34,0.9046,-5.61,False
sh600697,20240808,10.5,33.09,0.2909,-3.43,False
sh600710,20240731,7.66,18.36,2.0446,-2.09,False
sh688598,20250624,24.74,36.46,0.8574,1.41,False
sh600143,20240815,6.79,26.85,1.0951,-2.36,False
sh688202,20260107,65.49,35.84,0.6268,10.02,False
sh603529,20260323,31.11,13.28,1.9973,2.89,False
sh688651,20250711,35.0,20.93,0.8223,5.17,False
sh600510,20240926,4.33,23.81,1.3034,2.08,False
sh600343,20240919,8.26,52.16,1.67,5.08,False
sh603766,20240730,6.0,42.17,1.4585,-3.17,False
sh688565,20251125,10.27,20.82,1.0703,1.46,False
sh603949,20250815,18.95,42.44,0.4129,3.59,False
sh688185,20250630,59.63,27.45,0.5673,-0.92,False
sh600039,20240930,6.58,39.25,0.8022,5.32,False
sh600844,20240927,2.55,27.18,0.3961,-3.53,False
sh603906,20240927,8.22,24.24,1.0889,7.3,False
sh603728,20240927,44.08,34.24,1.2371,0.32,False
sh900952,20250117,0.11,29.95,0.9742,-4.46,False
sh600193,20241101,3.52,52.01,2.9747,18.18,False
sh600609,20240730,4.22,42.1,0.7716,-6.16,False
sh600320,20240926,3.6,23.68,0.8386,11.68,False
sh688061,20260108,34.5,22.81,0.6732,3.19,False
sh688355,20250625,17.4,30.2,0.2864,2.0,False
sh600869,20240816,3.77,51.01,1.469,-0.53,False
sh600387,20240930,2.95,21.03,0.7688,-6.78,False
sh600596,20240927,7.93,20.13,1.8301,0.25,False
sh603666,20250716,34.2,23.1,0.7462,-3.65,False
sh688699,20250724,34.0,16.09,1.086,12.15,False
sh605077,20251110,17.52,19.08,1.0235,-0.29,False
sh688103,20251105,63.29,29.42,1.2984,3.07,False
sh603980,20240927,3.61,21.74,0.6089,6.09,False
sh600176,20240801,10.36,30.26,0.6339,-3.57,False
sh603667,20240930,16.53,34.76,1.2886,-6.11,False
sh600725,20240930,2.83,37.74,0.5361,-1.41,False
sh688733,20250624,19.1,28.63,0.5025,0.47,False
sh601997,20240926,5.29,17.57,2.1087,7.75,False
sh000133,20240927,3774.3,13.21,1.0748,6.03,False
sh600115,20240927,3.94,19.14,1.1541,-6.35,False
sh600746,20240926,6.43,10.99,0.5392,7.93,False
sh603056,20260114,15.44,17.34,0.606,22.09,True
sh688580,20251021,48.17,31.56,0.3668,9.8,False
sh601022,20260126,9.8,25.29,0.313,-3.67,False
sh600508,20240927,13.01,32.5,0.8774,0.38,False
sh600812,20240731,4.7,29.16,0.5554,4.04,False
sh603899,20240927,31.21,24.5,1.1418,-1.03,False
sh601117,20240806,7.13,17.21,1.0028,-1.54,False
sh600021,20240807,8.91,16.08,0.8667,-2.69,False
sh688360,20251024,21.15,30.72,1.7132,7.94,False
sh600376,20240920,2.36,22.63,1.166,27.54,True
sh600525,20240904,4.28,18.61,0.8499,-0.23,False
sh688550,20251212,45.84,18.73,0.6388,-4.32,False
sh600611,20241218,7.95,50.7,0.5164,-11.19,False
sh603100,20240927,18.32,18.32,0.7812,-1.53,False
sh900904,20240926,0.49,28.96,0.4949,11.11,False
sh603429,20240930,4.48,22.31,1.6296,-3.79,False
sh603235,20250908,27.66,14.62,0.8677,-1.27,False
sh603936,20240731,7.95,25.4,1.4278,-7.3,False
sh600009,20240927,35.19,19.11,1.4031,-1.22,False
sh603718,20240930,7.37,23.79,0.6752,-10.44,False
sh600793,20240926,9.35,17.36,0.9111,5.03,False
sh688348,20250721,44.19,15.23,1.4377,2.2,False
sh603757,20251124,36.05,60.13,0.8004,1.64,False
sh000852,20240927,5136.44,12.68,1.3619,5.46,False
sh688306,20250722,10.32,35.06,0.7466,-1.16,False
sh688032,20250708,104.27,16.17,0.822,-3.14,False
sh600520,20240830,18.17,32.08,0.8005,-2.2,False
sh000061,20250326,176.31,1.1,2.4793,0.14,False
sh688536,20250723,137.38,33.99,0.9314,6.88,False
sh600990,20240731,18.36,67.2,0.8215,-1.31,False
sh603166,20240927,5.03,16.85,0.9671,0.4,False
sh600310,20240926,3.59,27.76,1.1154,11.98,False
sh688051,20251222,39.98,50.71,2.2508,-0.45,False
sh601688,20240906,12.18,13.89,0.4021,-0.33,False
sh603400,20260120,59.45,19.32,0.8456,0.42,False
sh688578,20251215,101.12,22.04,0.8598,1.38,False
sh603955,20241008,9.38,36.98,0.738,-11.3,False
sh603128,20240927,5.61,14.49,1.2003,0.0,False
sh600639,20240925,9.89,13.66,1.6306,17.3,False
sh600025,20250821,9.28,9.59,1.071,-1.4,False
sh600097,20240930,8.72,20.16,1.1729,-5.16,False
sh603367,20251031,21.21,62.93,0.4239,-3.91,False
sh603329,20250916,11.72,15.35,1.0298,-5.89,False
sh688251,20260206,26.83,31.66,0.4458,5.03,False
sh603601,20240927,2.92,14.25,0.9501,1.37,False
sh600743,20240920,1.28,15.96,0.7559,16.41,False
sh600110,20240930,3.81,30.03,2.8677,-6.04,False
sh605011,20250701,23.2,22.84,0.7761,3.19,False
sh688165,20250819,26.7,20.33,0.966,-3.03,False
sh603031,20240930,26.66,22.49,0.6447,-8.51,False
sh603283,20250801,37.89,22.84,0.6152,2.4,False
sh688232,20260112,32.09,14.81,2.5204,-2.09,False
sh688106,20250624,17.71,22.36,0.6252,0.06,False
sh601616,20240801,2.78,26.15,0.5883,0.36,False
sh000155,20240926,2627.37,11.59,1.397,10.57,False
sh603557,20251113,2.85,21.93,1.4895,-9.82,False
sh000966,20240927,6701.54,12.49,1.7029,3.01,False
sh600711,20240930,4.18,62.65,0.3655,-1.2,False
sh605377,20250728,9.22,13.57,1.6176,-4.45,False
sh603000,20240927,21.49,21.16,1.6535,-1.02,False
sh688137,20260113,49.6,17.47,0.7641,-7.58,False
sh600276,20240806,42.71,23.07,1.2045,-0.56,False
sh603567,20240806,11.09,25.08,0.4733,0.72,False
sh603833,20240927,54.07,29.63,1.461,-4.2,False
sh603335,20251219,5.74,25.12,0.9621,-2.09,False
sh600238,20240927,7.95,31.16,1.6338,-6.92,False
sh603999,20240924,4.99,12.55,0.7026,21.86,True
sh000934,20240731,4736.64,10.35,0.4153,-2.81,False
sh000149,20240816,3520.33,8.43,1.2583,1.51,False
sh603319,20240927,11.61,17.86,0.943,4.31,False
sh600408,20240927,1.76,20.65,1.7062,0.57,False
sh603062,20260121,49.62,14.28,0.6169,5.46,False
sh600392,20240927,8.97,14.84,1.211,3.23,False
sh688260,20260105,30.93,76.66,2.2225,16.55,False
sh601825,20250902,8.85,17.66,2.5802,-3.84,False
sh688433,20250625,35.25,51.35,0.5287,1.93,False
sh603630,20240930,11.12,18.24,1.717,-4.86,False
sh600121,20240927,3.39,11.93,1.1407,11.21,False
sh000107,20240927,4905.48,13.99,0.9482,2.11,False
sh600446,20240924,10.82,14.18,0.6896,40.11,True
sh688707,20251020,14.0,25.1,0.9019,0.29,False
sh600015,20240816,5.8,10.25,0.9855,1.9,False
sh600868,20240926,1.92,19.8,0.8561,9.38,False
sh603682,20250625,5.56,44.41,0.5981,1.26,False
sh600572,20240930,4.77,16.6,1.1478,-7.12,False
sh688633,20250708,27.15,33.21,0.6241,4.35,False
sh600826,20240906,5.5,17.87,0.6405,-6.72,False
sh603201,20250624,14.74,34.97,0.1738,1.24,False
sh600496,20240926,2.57,12.84,0.7786,8.95,False
sh688337,20250701,36.81,37.01,0.2563,-6.41,False
sh605177,20250625,18.17,39.53,0.3921,2.75,False
sh000828,20240926,1994.07,14.11,1.1619,21.06,True
sh603885,20240927,12.3,23.56,0.9746,-3.17,False
sh688332,20250819,109.0,21.23,0.3693,7.98,False
sh600073,20240830,5.95,15.16,0.5147,0.84,False
sh600309,20240926,79.97,19.98,0.8956,5.94,False
sh688181,20250624,29.74,38.78,0.3123,4.61,False
sh688048,20250624,53.66,38.66,0.5489,7.27,False
sh603130,20251113,37.84,35.59,1.6108,-5.44,False
sh605208,20260121,14.12,28.32,0.5468,0.85,False
sh603700,20250929,11.94,13.94,1.2539,-1.34,False
sh601168,20240927,16.87,36.21,0.5198,-0.18,False
sh600539,20240925,4.15,24.93,0.7571,7.23,False
sh603267,20250905,53.77,35.07,0.7694,2.25,False
sh600197,20240930,18.64,25.63,3.0916,-12.77,False
sh603686,20240930,8.75,42.71,0.8697,-1.83,False
sh688065,20250624,47.12,25.72,0.7034,0.02,False
sh605111,20250729,32.79,11.33,1.3036,-1.19,False
sh900918,20240730,0.26,25.29,0.3189,-1.52,False
sh603701,20240816,10.85,21.95,0.673,-0.74,False
sh600643,20240919,4.1,15.67,0.5205,32.44,True
sh601212,20240926,2.92,19.74,0.6733,5.14,False
sh688298,20250630,27.35,28.31,0.928,-1.86,False
sh688502,20250711,281.46,34.77,1.0609,4.62,False
sh600916,20250701,8.23,15.28,0.6011,-0.73,False
sh601788,20240924,15.02,15.88,0.489,38.95,True
sh688151,20251010,21.64,35.75,1.7013,-1.94,False
sh688702,20250725,69.28,22.43,1.0564,-3.12,False
sh601012,20240927,15.96,16.62,1.0345,1.5,False
sh603501,20240927,97.19,32.38,0.5519,14.34,False
sh600210,20240925,4.95,10.94,0.864,8.28,False
sh603066,20240926,9.5,15.17,1.101,7.69,False
sh600397,20240924,2.05,28.6,0.5732,19.51,False
sh688685,20250624,54.37,52.0,0.7563,1.28,False
sh603028,20240925,6.25,30.19,0.8777,4.32,False
sh603855,20241008,19.85,37.55,1.7785,-11.79,False
sh600739,20240925,9.05,18.93,2.5364,37.13,True
sh688478,20250624,30.06,37.35,0.2486,0.83,False
sh605296,20250904,30.68,22.91,0.7394,7.95,False
sh000952,20240926,3189.28,18.49,1.1394,7.77,False
sh603004,20250624,21.36,37.29,0.5869,2.29,False
sh600693,20240926,3.03,17.16,0.6572,4.29,False
sh600109,20240925,7.74,13.93,1.0784,23.9,True
sh600420,20240926,11.17,26.72,1.3785,7.97,False
sh000161,20240927,1369.76,11.25,1.4418,4.85,False
sh688455,20251020,14.57,25.19,0.6716,4.46,False
sh688206,20251126,33.77,51.22,0.8175,1.84,False
sh600714,20240927,7.47,15.57,1.1351,4.15,False
sh603656,20240930,11.45,15.98,1.1444,-0.26,False
sh601226,20240927,5.16,12.35,0.9306,1.36,False
sh600859,20240731,14.52,25.91,2.0312,1.31,False
sh688365,20251103,15.0,34.94,0.6307,-5.87,False
sh688602,20250924,8.49,22.49,0.9625,3.77,False
sh603129,20251119,253.73,29.35,1.2855,3.38,False
sh688198,20250729,110.34,13.71,0.9582,5.19,False
sh600543,20240830,5.37,38.04,0.5701,-8.75,False
sh600817,20240924,9.02,76.83,1.1911,32.7,True
sh603586,20240821,12.52,75.78,0.1451,-14.22,False
sh603230,20251112,12.86,28.66,0.2658,-1.4,False
sh688281,20250627,58.76,24.1,0.4794,-0.97,False
sh900901,20240926,0.5,12.63,0.9847,18.4,False
sh605108,20250820,20.73,19.39,0.2804,-2.46,False
sh600373,20240926,13.75,21.9,0.4883,5.75,False
sh603083,20260302,113.74,44.1,0.8564,-2.17,False
sh688661,20251208,46.69,34.96,0.9789,15.44,False
sh603719,20250710,13.71,17.27,0.9115,-4.52,False
sh603937,20251218,11.7,25.06,1.3114,2.91,False
sh603985,20241008,13.08,31.68,1.7851,-17.89,False
sh600720,20240927,9.03,19.21,2.2475,2.1,False
sh603556,20240731,41.62,31.79,1.4796,-3.36,False
sh600941,20250808,107.49,8.59,1.3499,-1.54,False
sh600889,20240730,4.79,78.45,0.5508,0.42,False
sh603518,20241008,8.22,34.37,1.141,-11.68,False
sh688081,20250625,18.8,35.12,0.9832,6.06,False
sh688148,20260316,8.97,31.18,1.3966,-9.81,False
sh600593,20240930,19.93,24.33,0.8583,-12.34,False
sh603861,20240926,7.94,16.91,0.88,9.06,False
sh688585,20260305,113.49,61.61,0.7129,14.54,False
sh603053,20250624,9.18,12.12,0.7316,1.53,False
sh600439,20240913,2.39,15.06,0.7463,0.84,False
sh603328,20240816,6.9,29.12,1.7636,-3.48,False
sh688398,20260121,20.15,25.3,0.59,13.65,False
sh603860,20250905,30.96,22.11,0.7148,0.97,False
sh601992,20240926,1.56,23.03,1.421,7.69,False
sh600477,20240926,2.35,16.26,1.0706,9.77,False
sh603366,20240926,3.99,19.46,0.6253,5.52,False
sh000136,20240930,12037.78,15.47,1.3282,-2.24,False
sh600221,20240930,1.29,16.71,1.597,-10.08,False
sh600927,20251021,14.81,13.63,0.7984,3.51,False
sh688160,20250714,93.51,36.05,0.4846,7.13,False
sh603605,20250724,84.44,23.36,0.1749,-3.85,False
sh688449,20250730,44.43,21.48,0.6061,-0.68,False
sh600708,20240920,1.9,13.1,0.8482,23.16,True
sh600926,20240924,11.64,16.84,2.0666,14.43,False
sh603019,20240731,43.63,22.81,0.7348,-10.29,False
sh603848,20250624,14.87,21.94,0.8837,1.48,False
sh688084,20250911,80.84,55.88,0.8364,8.42,False
sh600138,20240927,10.07,14.71,1.3638,-2.58,False
sh688279,20250818,216.62,25.32,1.0453,-1.25,False
sh688750,20250626,21.0,25.11,0.4383,0.62,False
sh601568,20251107,4.11,12.35,0.3324,0.97,False
sh603300,20240930,5.36,28.59,0.9731,-3.36,False
sh000150,20240927,11670.05,15.51,0.9645,0.14,False
sh688237,20260209,49.85,23.76,1.0971,-0.44,False
sh688037,20260324,159.09,58.59,0.491,5.32,False
sh000819,20240927,4963.64,22.71,0.6596,0.43,False
sh601727,20240925,3.96,15.42,0.8579,16.92,False
sh605277,20250625,15.78,34.79,0.3056,6.34,False
sh688499,20251124,56.13,47.16,0.4493,-2.46,False
sh688303,20250630,21.32,35.02,0.4326,11.26,False
sh688079,20260113,11.98,28.47,0.3895,5.59,False
sh600338,20240926,9.49,23.58,0.5422,9.69,False
sh000857,20240927,9634.05,12.65,1.4439,4.49,False
sh600871,20240731,1.84,15.6,0.6295,1.09,False
sh600796,20240927,4.46,15.6,1.3202,1.57,False
sh603466,20250626,9.76,37.29,0.4343,1.74,False
sh603162,20250702,8.71,24.63,0.2695,-2.87,False
sh600292,20240924,5.1,14.03,1.1332,28.63,True
sh600546,20240930,13.27,35.62,1.2709,-4.22,False
sh600315,20240930,18.57,27.5,3.3704,-8.02,False
sh900929,20240926,0.98,24.06,0.4829,12.2,False
sh688533,20250812,28.55,19.27,0.7341,0.7,False
sh600995,20240815,9.73,24.01,0.2801,-4.11,False
sh603228,20240809,22.98,39.89,1.5617,1.04,False
sh603153,20250711,17.58,9.42,1.0336,0.68,False
sh688678,20250728,22.85,35.74,0.5446,0.22,False
sh601126,20240822,16.14,23.44,0.601,-4.28,False
sh600577,20240924,4.32,40.87,1.0498,29.4,True
sh603266,20240930,17.09,25.7,0.9693,0.0,False
sh688636,20251023,33.39,27.03,0.5349,9.91,False
sh688351,20250625,19.91,26.42,0.7892,-0.6,False
sh600010,20240926,1.52,9.84,1.3293,11.86,False
sh688006,20251217,28.09,44.96,0.7273,5.38,False
sh688655,20260126,20.86,28.82,1.1381,-6.04,False
sh603456,20240927,13.97,22.45,1.0085,5.87,False
sh603131,20240927,14.51,37.85,0.2863,0.48,False
sh600620,20240924,4.96,32.83,0.6268,24.62,True
sh688561,20251020,33.99,31.48,0.8407,2.62,False
sh000003,20240924,240.1,5.37,1.0507,16.83,False
sh600493,20240927,4.6,13.57,1.1702,-0.22,False
sh603657,20251128,37.27,55.62,1.0634,-1.53,False
sh605008,20250821,15.95,19.84,0.9009,-5.33,False
sh603618,20240927,4.6,29.95,0.4525,2.83,False
sh688381,20250624,20.98,31.21,0.5847,3.1,False
sh688248,20251217,43.02,38.18,0.8659,4.14,False
sh688132,20250624,19.02,37.86,2.0174,4.05,False
sh603183,20251124,4.5,18.83,1.0524,2.67,False
sh600273,20240808,6.98,19.77,0.7132,2.15,False
sh603005,20240813,18.98,37.46,0.8136,-2.21,False
sh603878,20241118,6.07,41.15,0.679,5.11,False
sh688098,20260407,10.53,27.45,1.554,-15.0,False
sh688265,20260113,49.44,29.83,0.81,-5.89,False
sh600777,20240828,2.13,33.7,0.5786,-13.62,False
sh600959,20240924,2.85,12.2,0.5939,21.07,True
sh603353,20250908,16.48,21.98,0.5645,-0.3,False
sh601368,20240730,4.36,25.34,0.4981,-2.75,False
sh600917,20240927,5.61,9.46,1.2202,2.14,False
sh603356,20250624,13.44,28.75,0.4313,1.56,False
sh688680,20251107,45.78,27.89,1.8404,0.63,False
sh600895,20240730,19.0,27.95,0.8365,-5.16,False
sh605020,20251105,25.75,27.99,0.6698,6.06,False
sh600215,20241028,6.76,38.42,1.2909,7.39,False
sh688450,20251013,27.87,21.84,1.2612,-0.93,False
sh688203,20251031,13.19,39.22,0.8834,0.53,False
sh688599,20250708,15.75,18.15,1.1604,-2.79,False
sh600425,20240926,3.28,12.61,0.8168,8.23,False
sh600696,20240927,8.59,76.53,0.8904,11.87,False
sh600971,20250924,6.88,13.07,0.7112,0.15,False
sh605339,20250704,16.77,25.14,1.1185,0.66,False
sh601669,20240927,5.05,26.49,4.944,7.12,False
sh601512,20250708,7.32,12.78,0.7228,12.7,False
sh688179,20250630,12.72,39.06,0.4908,0.94,False
sh688379,20251124,45.13,43.25,0.4989,3.59,False
sh603729,20240930,14.85,20.46,1.2938,-6.87,False
sh600038,20240813,40.58,16.62,1.1084,-5.47,False
sh600845,20240930,32.39,16.86,1.0595,-9.63,False
sh688184,20250818,11.06,18.22,0.4871,-2.44,False
sh000863,20240927,1992.75,12.54,0.8299,7.4,False
sh600705,20240924,2.63,19.96,1.2592,54.75,True
sh603135,20250624,9.65,38.54,0.8157,2.38,False
sh603767,20240930,11.71,27.82,0.5984,-3.25,False
sh603386,20251203,13.76,30.39,0.9213,31.83,True
sh600076,20240926,1.71,54.83,0.4054,8.77,False
sh603200,20240930,21.33,25.59,0.4715,-6.8,False
sh688799,20251031,52.08,35.54,1.4739,-7.49,False
sh600511,20240930,33.75,24.35,1.5955,-4.95,False
sh688003,20250729,50.46,35.09,0.5305,-2.5,False
sh688507,20250717,77.8,26.67,1.0242,9.65,False
sh688060,20250624,35.89,22.77,0.5119,1.03,False
sh000987,20240927,3131.2,19.14,0.7302,0.93,False
sh600608,20240925,2.8,41.53,0.3939,-3.21,False
sh600192,20240806,4.53,36.31,0.5933,26.49,True
sh601390,20240930,6.31,25.1,4.3663,2.22,False
sh688549,20250724,7.88,17.17,0.5179,-0.76,False
sh603156,20250625,20.91,18.59,0.9983,-0.29,False
sh688163,20251125,23.14,28.68,0.7554,-0.13,False
sh000130,20240926,11262.03,11.8,2.1458,6.75,False
sh603360,20250716,20.4,23.3,1.9096,-3.19,False
sh600116,20240927,7.01,12.64,1.406,3.57,False
sh603055,20250725,10.23,19.52,0.6343,-5.38,False
sh688219,20250805,12.5,19.68,1.2201,4.8,False
sh603982,20250829,9.16,36.28,0.2179,0.87,False
sh688087,20250722,26.49,19.65,1.412,3.21,False
sh600595,20240930,3.03,27.91,0.6014,-0.66,False
sh688429,20250708,15.02,22.36,0.64,-5.19,False
sh601339,20240930,4.89,27.44,0.4703,4.09,False
sh600241,20240909,5.99,20.72,0.6902,-4.34,False
sh603303,20240801,10.41,28.12,0.4201,3.46,False
sh600388,20240927,11.62,17.45,2.2928,-0.69,False
sh688100,20250630,36.8,23.17,0.6523,-3.34,False
sh688234,20250724,60.71,24.46,0.6986,-2.65,False
sh603037,20240730,9.49,27.43,0.7033,-5.41,False
sh603285,20251201,25.18,37.07,0.3467,-1.87,False
sh600726,20240807,2.12,26.15,0.5689,-2.36,False
sh600375,20240826,4.28,24.32,0.7606,19.11,False
sh601177,20240926,7.34,23.81,0.5045,9.81,False
sh688667,20251124,66.66,24.84,1.5708,-10.53,False
sh600873,20251009,10.83,12.3,1.1595,0.65,False
sh603278,20250717,10.13,29.11,0.3709,0.3,False
sh688300,20250624,45.26,23.4,0.9581,1.88,False
sh688553,20260109,22.0,25.37,1.3714,-4.55,False
sh603699,20240731,15.76,30.71,1.3523,0.13,False
sh600612,20240930,60.81,25.08,1.0519,-9.01,False
sh601139,20240927,6.78,12.01,1.7406,3.98,False
sh688629,20250717,55.09,27.15,0.6182,-7.61,False
sh603236,20251201,94.25,31.72,1.236,-2.73,False
sh688287,20250805,5.22,29.53,0.9033,0.38,False
sh600872,20240930,22.91,35.8,1.156,-5.5,False
sh603161,20251219,13.54,15.91,1.5215,1.18,False
sh605259,20260310,23.27,13.45,1.0756,-2.36,False
sh600545,20240926,1.6,26.96,1.1234,6.25,False
sh600671,20241008,7.58,28.12,0.7773,3.69,False
sh600022,20240731,1.31,15.39,0.416,-1.53,False
sh688363,20251027,53.27,19.85,0.9845,-0.28,False
sh688530,20250710,17.16,15.78,1.1299,-1.46,False
sh688535,20250718,78.9,27.21,2.8197,5.96,False
sh600993,20240731,25.76,23.44,1.2233,3.49,False
sh603918,20240927,11.32,39.51,0.9459,-1.33,False
sh601225,20240830,23.27,21.28,1.2585,-7.99,False
sh600674,20240902,17.32,17.68,0.9331,0.12,False
sh601111,20240805,7.38,11.02,0.6336,-2.44,False
sh688052,20250729,174.0,26.26,0.9514,2.39,False
sh688601,20250624,39.86,30.07,0.7838,0.0,False
sh600489,20240927,13.95,42.75,1.5493,-1.43,False
sh688328,20251125,25.61,29.99,0.8507,1.02,False
sh603778,20240927,3.19,25.62,1.2597,-1.57,False
sh688786,20251124,27.35,30.25,1.6909,0.22,False
sh605168,20250630,29.43,25.92,0.4196,15.39,False
sh603585,20240912,10.84,18.11,1.3241,0.46,False
sh688282,20250926,46.46,30.73,1.3526,34.91,True
sh600877,20240801,11.6,25.2,1.1273,-3.53,False
sh600790,20240924,3.26,7.95,0.9152,15.96,False
sh603081,20240930,10.15,16.57,0.8987,-4.43,False
sh603107,20250716,15.9,9.49,0.9678,-0.5,False
sh601888,20240927,68.88,29.96,1.836,2.11,False
sh000851,20240926,12941.68,10.55,1.3247,10.23,False
sh600839,20240823,4.94,24.18,0.9593,0.0,False
sh688305,20250716,56.76,17.85,0.4128,0.6,False
sh600523,20240801,10.62,29.91,0.7837,-2.83,False
sh603232,20240924,10.93,32.95,1.0508,24.79,True
sh603280,20251121,40.15,33.31,0.7298,5.55,False
sh600170,20240927,2.17,24.73,1.3946,1.84,False
sh688718,20251205,14.51,25.41,0.9563,-7.51,False
sh600590,20240927,4.17,24.17,1.1986,3.36,False
sh000118,20240927,8591.07,15.32,1.2137,2.04,False
sh600459,20240930,14.41,18.61,1.2912,-4.16,False
sh600094,20240802,3.63,55.44,1.4951,-6.33,False
sh601990,20250625,8.15,13.18,0.3535,-2.82,False
sh688586,20250919,10.93,25.72,0.9336,-2.29,False
sh600269,20240819,4.55,12.85,0.9143,-2.64,False
sh603578,20240930,12.48,13.8,1.1496,-5.77,False
sh688128,20251124,28.55,41.47,0.844,1.75,False
sh688401,20260408,53.37,36.67,0.8105,-1.44,False
sh600740,20240927,4.1,19.21,0.907,0.73,False
sh600227,20240911,1.69,46.9,0.5612,-2.96,False
sh603536,20240924,8.75,29.42,1.0853,12.57,False
sh601858,20240927,19.32,20.97,1.3198,4.5,False
sh688166,20260401,50.94,35.59,1.1943,0.47,False
sh601868,20250707,2.23,6.79,0.408,3.13,False
sh603506,20251020,12.98,24.13,1.4336,4.62,False
sh000937,20240822,2661.41,9.14,1.1335,-3.1,False
sh603633,20241008,7.66,41.25,1.0589,-12.14,False
sh688157,20250715,28.83,16.45,0.6647,5.33,False
sh600712,20240806,3.73,25.13,0.5704,-6.7,False
sh688200,20250729,144.29,17.49,1.1352,-0.91,False
sh600088,20240930,16.96,23.44,1.6356,-7.67,False
sh603378,20251016,6.12,22.99,1.9904,1.63,False
sh603799,20240927,26.34,17.12,0.7817,4.67,False
sh603185,20250702,15.29,28.91,0.4699,14.78,False
sh600426,20240930,25.34,32.44,0.7869,-9.23,False
sh603565,20251124,10.26,16.01,0.9637,1.85,False
sh600468,20240930,4.63,19.15,1.6777,-5.18,False
sh603179,20240926,42.18,33.31,1.0752,24.06,True
sh600668,20240801,7.23,23.12,0.4656,0.69,False
sh688529,20250624,17.49,43.4,0.323,1.2,False
sh603202,20260121,96.41,6.9,0.5205,-3.0,False
sh600495,20240919,3.44,15.53,0.8777,1.46,False
sh603882,20250729,31.04,21.15,0.9179,-1.0,False
sh600075,20240903,3.89,14.6,0.5879,-3.86,False
sh600626,20240830,2.86,47.96,0.6259,2.8,False
sh605389,20260313,69.82,27.27,0.813,5.36,False
sh603599,20240930,12.48,20.43,1.6134,-10.02,False
sh603203,20240731,20.57,19.45,1.3952,-6.12,False
sh688357,20251229,34.43,32.51,1.367,-1.68,False
sh603929,20240813,21.14,20.15,1.5946,-7.76,False
sh600016,20240925,3.32,17.5,0.6542,5.72,False
sh600645,20240801,16.72,38.59,0.2916,5.68,False
sh600571,20240925,10.11,23.36,1.6031,17.3,False
sh605117,20250822,57.4,18.04,0.6822,10.7,False
sh688063,20260203,61.64,27.76,0.5024,0.16,False
sh601121,20251218,7.03,23.88,1.269,3.27,False
sh603261,20250702,21.65,37.09,0.5692,-2.59,False
sh600191,20240731,5.03,22.73,0.3567,-1.59,False
sh600825,20240920,4.13,12.97,0.8498,11.87,False
sh600058,20240927,7.16,16.61,1.4255,0.14,False
sh603155,20251031,15.83,31.73,0.2702,11.18,False
sh605090,20260323,39.24,44.85,0.588,3.64,False
sh603150,20250624,32.45,42.09,0.7491,0.0,False
sh600369,20240731,3.82,16.09,0.6587,-3.14,False
sh605268,20260304,11.52,12.4,1.1946,39.5,True
sh688066,20250625,19.14,27.44,0.4297,-0.57,False
sh600327,20240927,3.58,13.77,1.18,13.13,False
sh600640,20240927,10.84,23.32,2.6018,3.04,False
sh688501,20250924,27.77,25.07,0.9758,2.45,False
sh600517,20240924,4.46,12.88,1.3063,32.92,True
sh688656,20260105,156.99,44.83,0.8631,3.83,False
sh603886,20241107,13.2,37.41,0.664,-2.42,False
sh601028,20240923,12.9,43.41,1.0063,10.31,False
sh600623,20240731,6.08,24.56,0.5645,-3.29,False
sh603380,20251201,36.68,51.06,0.8424,-0.71,False
sh000865,20240731,1159.41,12.36,0.62,-2.89,False
sh688182,20250805,28.5,19.77,0.6535,-2.63,False
sh600559,20240926,18.65,18.81,0.9189,9.12,False
sh600843,20240912,7.42,48.8,0.8955,-6.74,False
sh600938,20250626,25.1,19.52,0.9557,-0.32,False
sh601988,20250616,5.27,11.0,0.626,5.31,False
sh600690,20240731,25.28,29.43,1.7784,-7.08,False
sh688418,20250801,29.86,30.89,0.7332,5.63,False
sh600977,20240927,11.24,13.83,1.6744,-2.49,False
sh600759,20241008,2.67,28.57,1.7715,-13.48,False
sh600423,20240927,2.54,20.43,0.7538,-0.79,False
sh000162,20240926,2525.66,12.43,1.2405,15.29,False
sh603049,20260203,53.58,16.46,0.7047,1.66,False
sh600939,20240926,2.44,12.98,0.9565,8.2,False
sh603298,20240926,18.62,29.77,0.6971,2.2,False
sh688152,20250630,46.86,24.0,1.0909,-7.79,False
sh603679,20251128,15.93,19.94,1.5338,-2.39,False
sh601011,20240927,1.96,27.42,0.7465,11.22,False
sh603818,20240930,2.84,36.32,1.0017,-9.51,False
sh600774,20240930,8.02,35.05,0.797,-7.98,False
sh688435,20250711,34.27,18.6,1.0747,1.84,False
sh688686,20251225,127.05,34.3,0.3236,-1.22,False
sh605068,20260105,25.82,33.73,0.5212,0.7,False
sh603350,20250625,34.75,50.0,0.8477,-1.06,False
sh603233,20250923,16.77,10.26,0.7432,-3.7,False
sh688518,20251205,23.4,25.21,0.6752,-3.12,False
sh601208,20240926,7.24,19.81,1.5106,10.36,False
sh900902,20240918,0.12,27.06,0.2494,3.2,False
sh688008,20240304,53.97,37.85,1.8952,-5.15,False
sh688556,20250630,7.18,33.82,0.4535,-0.42,False
sh600617,20240731,2.47,28.82,0.9427,-3.64,False
sh600370,20240926,1.52,28.41,1.4317,4.61,False
sh688662,20250708,38.18,33.12,0.3935,0.68,False
sh688031,20250725,53.69,29.36,1.1941,-0.56,False
sh600027,20241223,5.54,27.78,0.8497,-2.17,False
sh603165,20240926,9.57,20.96,0.6651,5.64,False
sh688366,20250724,54.63,11.13,1.5683,-2.6,False
sh605588,20250718,46.38,21.09,0.5906,2.52,False
sh600313,20240930,6.39,18.85,1.1216,-5.16,False
sh600540,20240927,3.75,12.52,0.8068,1.6,False
sh600814,20240806,5.99,28.73,0.3602,-2.67,False
sh605368,20250722,9.77,9.0,0.414,-1.54,False
sh600113,20240903,7.55,15.85,1.9221,3.05,False
sh601311,20240902,7.41,18.69,0.8059,-3.37,False
sh600689,20240926,7.4,25.1,0.5456,8.38,False
sh603198,20240926,58.76,30.79,0.5817,7.86,False
sh688252,20250625,24.4,33.34,0.4962,-3.48,False
sh603863,20250707,15.07,36.97,0.5968,2.32,False
sh601991,20240930,2.85,31.27,1.5777,-4.21,False
sh000135,20240926,4541.32,10.69,1.0712,16.41,False
sh603986,20240930,88.03,45.3,0.7594,-2.56,False
sh603032,20240911,15.35,40.86,0.7901,-9.64,False
sh603306,20240902,19.25,24.81,0.7391,17.61,False
sh688105,20250630,22.63,24.98,0.5045,-0.35,False
sh603307,20260109,42.55,27.0,0.7953,-4.18,False
sh601008,20240927,3.55,13.26,1.7123,1.97,False
sh600768,20240925,7.66,32.1,0.8471,6.01,False
sh603551,20251031,11.06,24.89,0.6654,-0.54,False
sh000153,20240930,3140.48,15.2,1.2641,-4.48,False
sh601377,20240731,5.18,17.67,0.8233,-3.09,False
sh600222,20240806,4.9,30.57,0.354,-5.11,False
sh601020,20240830,11.56,36.8,0.9376,-9.17,False
sh603648,20260122,10.97,13.27,0.6945,-2.46,False
sh688257,20250624,14.08,25.29,0.7867,3.34,False
sh600745,20240927,29.75,25.47,0.841,4.2,False
sh688583,20251204,92.62,32.62,0.554,-4.18,False
sh600158,20240930,8.14,18.36,1.8125,-4.42,False
sh600358,20240906,3.08,35.47,1.0515,2.6,False
sh688019,20260325,235.22,42.51,0.4606,7.77,False
sh603580,20240730,20.67,70.64,0.378,2.24,False
sh603255,20250624,29.78,42.42,0.3371,4.1,False
sh601969,20240927,6.28,22.32,0.7796,4.78,False
sh605123,20251020,70.34,19.45,1.2343,6.72,False
sh600316,20250409,35.68,40.75,0.7766,3.08,False
sh688057,20251020,12.43,17.72,0.5851,2.98,False
sh600996,20240731,7.68,38.69,0.2929,2.73,False
sh603160,20240731,62.23,22.4,0.8752,-6.75,False
sh605089,20251021,25.64,30.72,1.8981,1.01,False
sh603931,20250630,26.62,38.49,0.6545,-2.97,False
sh600526,20240927,4.01,17.57,1.6136,2.99,False
sh601138,20250625,20.34,38.96,0.6904,0.88,False
sh600188,20240930,15.75,32.44,0.9972,-3.68,False
sh603102,20250904,42.28,13.56,0.5587,9.56,False
sh600568,20240813,1.39,34.95,0.2678,-6.47,False
sh000854,20240927,3661.99,18.51,0.8465,2.1,False
sh600795,20240902,5.14,15.37,1.1327,-7.39,False
sh688005,20250624,22.81,33.78,0.6458,-1.4,False
sh688562,20250905,17.44,21.74,0.9169,2.64,False
sh688331,20260107,91.24,30.63,1.6995,13.26,False
sh688618,20251015,24.35,24.46,1.3723,7.23,False
sh600490,20240920,2.82,29.02,0.8749,6.74,False
sh900936,20240731,0.76,21.19,0.4322,-2.62,False
sh603901,20240930,7.18,24.13,1.2116,-7.79,False
sh000806,20240926,7042.16,10.51,1.3042,13.92,False
sh688028,20250714,22.29,18.2,0.7406,3.59,False
sh600820,20240930,6.22,31.53,2.5375,3.38,False
sh688486,20250820,75.72,24.38,1.434,-3.86,False
sh601958,20240731,10.16,23.22,1.3646,-3.64,False
sh600789,20240730,6.98,52.61,0.2669,28.09,True
sh603098,20240927,8.58,18.77,1.586,-1.28,False
sh688352,20250721,11.52,10.53,1.2116,1.82,False
sh601211,20250303,17.45,16.12,0.4852,1.03,False
sh688701,20260119,9.68,42.25,1.8342,14.98,False
sh600589,20240930,3.38,44.87,2.3959,-1.78,False
sh688266,20250820,105.9,35.39,1.4546,-3.21,False
sh600893,20240925,36.16,21.64,0.7162,15.04,False
sh605488,20250716,32.56,32.38,0.862,-3.59,False
sh603636,20240912,8.62,16.86,0.9139,6.15,False
sh600127,20240903,6.4,16.99,0.9721,-3.44,False
sh601577,20250911,9.39,13.74,1.5284,-5.86,False
sh688228,20250624,58.58,44.48,0.9042,0.12,False
sh603678,20240930,25.03,32.62,1.6689,3.92,False
sh600169,20240926,2.0,13.61,0.6412,11.5,False
sh688131,20260410,75.3,40.64,0.7204,0.27,False
sh600717,20240925,4.36,18.93,1.3144,5.97,False
sh603006,20240930,10.31,22.5,1.2313,-7.86,False
sh601515,20241023,3.19,46.67,1.1152,6.9,False
sh688205,20250729,64.38,66.16,0.6518,4.21,False
sh688456,20260408,56.05,48.24,1.3404,0.82,False
sh600141,20240903,18.67,25.85,0.5875,-6.21,False
sh603337,20240819,25.08,21.49,1.9235,-2.71,False
sh605189,20251212,16.07,38.51,0.8292,-5.23,False
sh688767,20251203,38.99,28.58,1.5349,0.21,False
sh688387,20250711,5.66,11.81,0.5482,0.53,False
sh688729,20260105,25.93,33.48,0.4567,2.93,False
sh600391,20240801,16.22,23.74,1.2359,-0.62,False
sh688119,20251211,4.94,17.54,2.1197,3.64,False
sh688683,20251124,30.1,27.95,0.6344,6.31,False
sh600258,20240926,12.79,16.99,1.1291,1.64,False
sh603060,20240828,7.03,22.13,0.8885,-14.8,False
sh600771,20240930,22.33,25.43,2.4501,-8.33,False
sh600216,20250107,15.2,26.99,0.5273,-0.13,False
sh688630,20251201,117.08,48.76,0.9527,7.57,False
sh000984,20240926,3494.98,12.96,1.4479,14.53,False
sh600322,20240816,1.64,55.4,0.4126,-19.51,False
sh688319,20251124,22.72,49.37,0.5926,12.76,False
sh603680,20240731,7.3,34.53,0.9026,-7.95,False
sh603706,20260122,20.95,18.61,0.4944,2.2,False
sh600846,20240924,7.04,25.77,0.4052,21.16,True
sh688187,20250722,43.98,15.32,0.6829,-0.7,False
sh603136,20251217,12.68,23.27,0.4256,-5.05,False
sh603883,20241104,19.23,54.37,0.6473,0.73,False
sh688334,20251125,18.78,24.75,1.2927,-0.43,False
sh600808,20240926,2.17,17.64,1.4457,5.07,False
sh601696,20250624,10.46,14.29,0.4634,1.24,False
sh600512,20240731,2.11,25.51,0.462,-6.16,False
sh688653,20250724,12.68,11.92,1.6249,1.1,False
sh600288,20240924,7.31,17.15,0.9136,28.59,True
sh688218,20250721,22.4,23.59,0.5137,-1.03,False
sh603388,20241025,2.18,29.15,0.7008,-1.38,False
sh688582,20250805,65.99,16.52,0.3911,-0.3,False
sh600159,20240920,2.45,22.57,0.961,10.2,False
sh605058,20251125,28.77,23.0,1.1898,8.45,False
sh688256,20250725,673.3,36.03,0.6762,2.35,False
sh603606,20240829,46.97,21.14,1.2667,0.98,False
sh600744,20240930,3.37,22.05,1.2788,-5.04,False
sh600117,20240926,2.46,37.27,0.51,3.25,False
sh605016,20251103,20.55,20.82,1.3582,4.82,False
sh000131,20240927,1771.86,15.18,0.9118,12.66,False
sh600470,20240902,4.3,13.15,0.8386,-2.33,False
sh603867,20260119,29.1,35.53,0.5446,-0.07,False
sh600727,20240927,6.68,32.75,0.8195,2.1,False
sh603036,20240930,10.57,17.11,0.7407,2.93,False
sh688466,20260310,19.08,20.73,0.6872,-2.73,False
sh600389,20240927,13.56,23.82,1.1128,-1.33,False
sh688101,20260203,17.0,24.35,0.7537,-0.29,False
sh600594,20240927,3.57,21.37,0.8371,-0.56,False
sh600908,20250929,5.83,12.99,0.871,1.89,False
sh603983,20250804,39.71,41.33,0.4071,4.58,False
sh688286,20250625,69.76,39.79,0.7066,0.24,False
sh603237,20250825,18.1,19.47,0.724,-0.94,False
sh603103,20250905,16.72,20.04,0.7784,6.52,False
sh688628,20250724,34.78,13.04,0.7785,-1.67,False
sh900906,20240816,0.12,47.82,0.5349,-5.65,False
sh600613,20240927,5.67,19.67,0.8512,-0.18,False
sh688552,20250910,33.43,44.83,2.0795,6.94,False
sh600189,20240924,7.43,26.19,0.6435,18.17,False
sh603279,20250723,16.04,15.57,2.5198,-3.62,False
sh688035,20251215,48.2,42.88,0.8769,2.41,False
sh900948,20240830,1.62,10.32,0.5082,0.0,False
sh688605,20250818,63.94,16.71,0.369,4.52,False
sh600810,20240926,6.75,17.63,1.2409,3.26,False
sh605258,20251020,31.18,20.91,1.3124,10.87,False
sh600295,20240930,9.67,26.22,0.7482,-5.89,False
sh600225,20240924,2.17,35.42,1.5776,21.2,True
sh605169,20260303,15.37,13.64,1.9468,-10.67,False
sh688787,20250624,102.83,39.87,0.5223,-3.92,False
sh603398,20250912,6.98,43.93,1.3286,6.73,False
sh688053,20251205,32.54,27.3,0.2693,11.99,False
sh600312,20241119,18.21,28.51,1.2362,-6.7,False
sh600675,20240924,2.71,16.57,0.9891,20.66,True
sh600026,20240731,14.97,31.08,1.0568,-4.01,False
sh603919,20240927,19.5,22.65,1.5224,-4.31,False
sh600992,20240913,14.27,37.15,0.7723,3.5,False
sh605589,20251028,29.97,24.46,2.6381,-10.94,False
sh600838,20240906,6.24,23.79,1.1244,5.93,False
sh603106,20251021,10.19,40.27,0.6197,0.39,False
sh688519,20251222,65.65,41.87,0.509,27.45,True
sh600876,20240930,10.58,21.67,2.4167,-4.35,False
sh600458,20240930,10.52,17.56,1.1888,-7.7,False
sh000119,20240927,3185.01,13.01,1.2162,4.9,False
sh688083,20250729,65.55,17.25,1.0081,1.66,False
sh688719,20250905,38.3,34.42,1.2048,6.66,False
sh600416,20240927,10.84,18.5,0.7913,4.98,False
sh603801,20250709,10.99,20.85,0.5235,-6.82,False
sh688757,20251021,27.89,36.77,0.5702,9.68,False
sh603987,20240927,6.57,14.72,0.8511,0.46,False
sh688230,20251124,65.86,39.05,0.7235,5.24,False
sh600171,20250725,34.95,16.69,0.9132,-1.69,False
sh603660,20240927,5.56,24.79,0.8933,9.53,False
sh600722,20240927,4.13,10.95,0.919,0.48,False
sh600226,20240930,2.27,16.81,1.1749,-7.05,False
sh603050,20240930,17.29,38.61,0.679,-9.31,False
sh600741,20240910,14.83,19.31,2.7323,2.83,False
sh688253,20250724,32.41,16.79,0.514,-0.99,False
sh603602,20250819,16.01,14.67,0.7888,1.19,False
sh603579,20241008,14.7,32.31,1.4111,-12.99,False
sh600095,20240805,7.14,20.58,0.6939,-12.18,False
sh603365,20250904,17.01,23.09,0.7718,-0.12,False
sh688156,20260119,19.26,34.29,0.6569,0.52,False
sh600444,20240730,12.68,37.21,0.9265,14.98,False
sh603355,20240930,22.59,14.13,0.908,-0.44,False
sh600123,20240926,8.9,24.01,0.7516,6.18,False
sh601827,20251010,8.33,7.09,1.3711,-0.84,False
sh688262,20250729,27.8,18.91,0.5643,0.43,False
sh600390,20240924,4.51,13.97,0.829,61.92,True
sh601608,20240930,4.12,16.11,1.8614,-0.97,False
sh600259,20240927,27.28,15.41,1.227,1.69,False
sh605358,20250725,24.9,18.9,0.4552,-0.8,False
sh601038,20240913,15.9,19.74,0.7669,3.02,False
sh603650,20250701,32.59,18.98,0.7857,-0.64,False
sh601077,20251014,7.16,21.16,0.4905,-1.26,False
sh688386,20260408,84.03,35.19,2.0626,-6.5,False
sh688135,20250624,19.21,66.87,1.1598,6.3,False
sh688766,20250731,69.89,22.41,0.5122,1.23,False
sh603798,20240930,8.44,20.79,1.579,-6.99,False
sh603379,20251203,53.06,19.97,0.9333,7.6,False
sh600340,20240926,1.24,22.72,0.6961,12.9,False
sh600289,20240829,1.34,20.27,0.6489,2.99,False
sh605388,20251203,8.1,29.11,0.3599,-3.09,False
sh688566,20260401,31.4,11.64,0.8265,1.08,False
sh900932,20250626,0.44,14.25,0.6339,0.23,False
sh603385,20240927,5.61,21.21,1.4996,-1.07,False
sh688528,20251128,11.58,19.19,1.0376,-3.71,False
sh603178,20240930,22.46,24.13,0.889,-6.86,False
sh000802,20240927,5693.53,11.53,1.4445,4.52,False
sh600824,20240924,3.13,14.78,0.6386,16.28,False
sh600059,20240926,8.31,12.3,1.1273,4.81,False
sh603966,20240927,7.05,26.69,0.8511,1.13,False
sh688318,20250625,124.01,25.48,0.8709,-10.32,False
sh688631,20250721,91.1,21.51,1.0665,-1.9,False
sh603967,20250904,11.64,12.29,0.5357,1.2,False
sh605116,20250624,20.71,20.43,0.7421,2.61,False
sh600570,20240926,18.8,19.11,1.1804,34.89,True
sh600017,20240925,2.65,13.36,1.3762,8.3,False
sh688500,20251124,68.12,35.5,0.7144,-6.12,False
sh600641,20240927,11.61,22.22,1.3571,9.22,False
sh603685,20260122,19.75,26.97,0.6811,6.99,False
sh600326,20250108,6.37,43.0,1.3743,-6.59,False
sh688067,20251208,25.5,20.39,2.504,-5.18,False
sh600195,20241008,7.48,29.29,1.6798,-14.04,False
sh600821,20240816,5.26,21.45,0.4206,-7.04,False
sh600368,20240927,3.48,24.17,1.4877,1.44,False
sh688029,20250624,64.78,27.72,0.3687,6.73,False
sh688619,20251208,15.2,27.99,1.5203,-7.89,False
sh600558,20240930,3.71,17.35,1.0429,-2.43,False
sh688183,20260226,90.8,31.29,1.1121,-10.79,False
sh603381,20250801,21.37,17.66,0.5501,-0.8,False
sh600071,20240910,16.8,23.94,0.6725,2.62,False
sh000139,20240930,350.1,7.38,0.8536,-1.13,False
sh601108,20250625,7.82,14.39,0.4169,-1.92,False
sh601975,20250724,2.95,28.25,2.8939,-3.39,False
sh603887,20240807,5.4,41.3,0.5017,4.63,False
sh688657,20250624,42.21,25.43,0.517,0.5,False
sh600516,20240927,4.55,18.34,1.9121,11.65,False
sh000057,20240927,3046.5,14.15,1.2742,5.94,False
sh600345,20240930,18.64,35.28,1.0985,-3.81,False
sh603007,20240905,3.13,23.35,0.5314,15.32,False
sh603048,20251020,19.64,23.13,1.1561,1.73,False
sh603333,20240927,3.44,27.95,0.5798,1.45,False
sh600422,20241210,15.06,38.93,0.2864,5.58,False
sh688383,20251201,64.26,32.36,1.111,11.5,False
sh600976,20241008,51.72,26.42,1.7554,-16.57,False
sh603180,20240930,19.82,24.27,1.3881,-8.78,False
sh600691,20240925,1.99,38.79,1.4578,10.05,False
sh688419,20260106,28.9,23.37,0.7959,16.89,False
sh688229,20250624,49.5,36.78,0.591,2.1,False
sh603351,20251031,28.92,24.32,0.4563,-0.73,False
sh605069,20251024,10.75,19.83,1.3231,-2.6,False
sh688267,20251029,28.2,24.32,0.9802,-3.87,False
sh600892,20240926,4.29,34.68,0.6979,-0.47,False
sh600775,20240927,8.4,20.51,0.7162,-2.26,False
sh600212,20241021,5.89,34.83,0.9451,32.26,True
sh601010,20240926,1.77,15.04,0.8066,8.48,False
sh688700,20250905,41.0,39.41,1.1223,4.88,False
sh600588,20240927,10.45,26.53,1.3001,5.84,False
sh603299,20240827,9.24,14.74,0.9059,2.06,False
sh688153,20250806,34.22,16.8,1.2544,-0.64,False
sh688030,20250714,16.29,11.38,0.9669,7.31,False
sh600522,20240807,13.79,16.2,1.2196,-6.89,False
sh600371,20240927,7.3,19.17,1.3028,-0.55,False
sh600616,20240926,4.94,15.58,0.9179,3.44,False
sh688557,20251124,35.44,26.63,1.8003,7.05,False
sh603755,20250714,26.3,11.97,1.0092,0.11,False
sh900903,20240809,0.17,46.28,1.0112,9.3,False
sh688283,20250717,27.04,20.22,0.5977,2.81,False
sh600658,20240918,3.62,26.23,1.0243,18.51,False
sh600791,20240905,3.58,17.16,0.7643,-7.54,False
sh688329,20251218,21.55,21.56,0.8033,0.74,False
sh600815,20240926,2.07,16.61,0.8005,3.86,False
sh603779,20240924,8.59,15.72,1.3181,20.25,True
sh603956,20250626,7.06,42.03,1.2377,-4.67,False
sh603399,20240926,6.74,21.68,1.1209,5.79,False
sh688600,20250923,21.74,17.74,1.6301,1.89,False
sh600488,20240808,3.71,21.84,0.5643,-1.89,False
sh601096,20250703,4.17,17.68,0.4789,3.36,False
sh603737,20240927,24.9,48.68,0.5466,1.15,False
sh000134,20240809,824.43,7.17,0.8799,3.13,False
sh000949,20240930,5089.83,17.73,2.3353,-6.52,False
sh601677,20240731,11.95,23.02,1.2554,-4.35,False
sh600475,20240927,8.62,11.0,1.7787,0.0,False
sh603199,20240821,32.91,24.71,1.0224,-0.24,False
sh601816,20250624,5.61,12.33,0.6788,-0.71,False
sh600688,20240731,2.72,14.92,0.5574,-1.1,False
sh688400,20250717,29.81,26.75,0.5069,0.54,False
sh600268,20240918,5.58,16.32,0.5251,6.27,False
sh603051,20251125,21.21,38.37,0.4144,-1.65,False
sh688129,20250916,24.28,25.03,0.9423,-4.37,False
sh605369,20250702,19.68,42.11,0.5991,-0.66,False
sh603661,20250624,28.27,28.86,0.2031,5.8,False
sh601009,20250325,9.86,9.2,1.6566,-0.2,False
sh603800,20240930,21.45,29.16,1.2219,-14.78,False
sh603281,20250625,23.22,18.14,0.2062,2.71,False
sh603033,20240919,12.1,30.56,1.1446,11.24,False
sh603348,20250819,21.82,10.09,0.7099,1.37,False
sh688235,20250709,226.46,20.58,1.2042,5.95,False
sh600909,20240731,4.54,20.21,0.8792,-2.42,False
sh603665,20241126,17.3,33.3,1.4492,7.05,False
sh000152,20240926,2555.47,13.79,1.8486,5.06,False
sh601611,20240930,8.21,23.44,3.1144,2.8,False
sh603079,20251015,17.57,18.09,1.37,2.68,False
sh600085,20240514,46.5,17.49,1.485,-3.18,False
sh688428,20260210,25.06,30.53,0.9187,-6.66,False
sh603078,20240927,12.9,23.4,1.5231,7.75,False
sh603499,20250811,17.49,22.52,0.6431,7.6,False
sh600769,20240906,6.8,24.55,0.8282,-1.47,False
sh603866,20240926,5.66,21.83,0.7078,10.07,False
sh603533,20250716,21.39,31.28,0.929,-2.1,False
sh603829,20251113,19.66,39.57,0.5948,19.94,False
sh603607,20251015,24.03,26.89,0.9141,0.71,False
sh603828,20240926,1.77,26.14,0.7173,20.34,True
sh600925,20250805,5.01,8.34,1.8416,-0.2,False
sh688162,20250624,26.52,44.13,0.416,2.64,False
sh600804,20241024,1.47,52.76,1.9576,4.08,False
sh601021,20240805,54.02,12.69,1.2572,-5.57,False
sh600223,20240927,7.08,19.89,1.0902,-2.82,False
sh600023,20240930,6.39,34.34,1.0009,-5.79,False
sh688362,20250627,29.8,30.67,0.698,-5.44,False
sh600997,20240930,7.07,21.64,0.9461,-4.53,False
sh688531,20251217,61.23,30.78,0.4044,13.16,False
sh688056,20251021,35.39,22.94,0.3034,3.39,False
sh605122,20251124,13.99,15.13,0.9325,-6.15,False
sh601968,20240926,4.93,15.97,0.959,5.7,False
sh603733,20250721,21.0,15.14,0.6066,1.1,False
sh688018,20250710,156.48,21.53,0.8118,-0.63,False
sh600359,20240924,6.04,16.21,0.7488,15.23,False
sh603085,20240930,9.48,23.42,1.3274,-7.07,False
sh600794,20240927,3.19,13.49,1.1019,1.88,False
sh000855,20240926,1247.09,11.89,1.0647,12.78,False
sh600569,20240925,1.59,17.73,1.8836,3.14,False
sh688301,20250806,87.28,17.02,0.5796,11.19,False
sh603698,20240801,12.59,21.58,0.9807,-1.27,False
sh000066,20240927,2571.19,16.2,0.8575,2.33,False
sh688981,20250724,91.75,12.57,0.9832,-2.45,False
sh600527,20240927,1.5,12.58,1.2326,6.67,False
sh605088,20250829,37.86,28.44,1.2588,3.43,False
sh603206,20250716,17.39,11.38,0.7689,-1.15,False
sh603900,20240802,5.53,55.93,0.6965,5.97,False
sh900937,20240910,0.14,15.25,0.6967,2.07,False
sh600491,20240731,2.7,28.96,0.9474,-4.07,False
sh603132,20251125,13.36,22.59,1.1613,2.25,False
sh688330,20250718,26.2,9.75,1.1001,2.48,False
sh688563,20251009,55.07,15.37,1.8409,-4.21,False
sh600622,20240925,2.01,22.88,1.6895,27.36,True
sh688004,20260109,25.64,34.24,2.5498,1.4,False
sh603703,20240802,10.41,31.58,0.6848,-12.3,False
sh600012,20241107,13.71,32.28,1.5903,-3.65,False
sh603099,20240806,22.81,35.11,0.619,-5.7,False
sh601916,20260311,3.06,7.99,1.2669,1.63,False
sh601890,20240927,7.22,14.92,0.7253,2.63,False
sh000849,20240731,7426.3,14.23,0.8743,-4.05,False
sh601777,20250410,7.83,61.54,0.4466,4.09,False
sh600575,20240924,3.42,21.51,1.3854,14.62,False
sh000807,20240927,20770.19,20.62,1.7691,0.82,False
sh600168,20240930,4.37,13.04,2.1756,1.37,False
sh603065,20250908,8.75,20.32,0.6335,-2.4,False
sh600395,20240930,5.83,21.93,1.3299,-5.66,False
sh000933,20240927,7754.54,12.04,1.2463,4.71,False
sh600126,20240930,4.37,28.37,0.8665,-5.95,False
sh603819,20241107,9.86,33.62,0.9325,15.31,False
sh603637,20240926,6.06,14.14,0.5802,8.58,False
sh603856,20250908,11.63,32.72,0.4268,-0.52,False
sh000100,20240926,5231.15,11.39,1.7162,8.33,False
sh600716,20240913,2.81,13.89,0.9972,1.07,False
sh603181,20260115,16.19,32.59,0.3994,2.53,False
sh600271,20240919,8.25,19.2,0.6501,7.52,False
sh688130,20251021,22.9,28.41,0.5395,2.97,False
sh603332,20250918,14.74,24.55,1.4402,-11.19,False
sh600758,20240926,2.98,16.89,0.7932,10.75,False
sh601989,20240927,5.08,27.86,1.2126,4.92,False
sh603655,20251217,35.6,39.65,0.7009,5.62,False
sh688728,20251021,16.0,23.0,1.2008,2.06,False
sh600469,20240731,5.49,17.77,0.9978,-4.92,False
sh600973,20240927,3.74,15.5,1.1177,3.21,False
sh600694,20240731,13.73,21.39,1.0498,0.34,False
sh605188,20260203,20.16,41.68,0.4817,-3.92,False
sh603336,20240819,3.76,35.43,0.9359,-14.08,False
sh600713,20240806,4.28,16.79,0.3414,1.17,False
sh603002,20240801,5.07,27.69,0.9857,-7.1,False
sh688201,20251124,13.33,39.35,1.0746,1.58,False
sh600089,20240927,13.44,15.94,2.3153,-1.19,False
sh600217,20240902,4.49,28.15,0.6998,-2.67,False
sh601015,20240927,3.18,19.95,0.6381,5.03,False
sh600897,20240731,12.88,12.98,0.7264,-0.39,False
sh601609,20251124,10.0,32.51,1.2586,3.8,False
sh600770,20240924,2.65,32.18,0.6267,32.08,True
sh688682,20250905,29.1,35.48,1.5303,2.23,False
sh688118,20250716,28.43,29.23,0.6079,-8.62,False
sh603507,20250627,24.64,36.1,0.5029,-0.93,False
sh605158,20250722,8.7,20.96,0.7819,6.21,False
sh603707,20250730,11.94,18.01,0.6558,-4.27,False
sh603260,20250722,52.86,18.96,0.9055,4.63,False
sh600323,20240925,18.94,21.95,2.1526,8.08,False
sh688062,20260107,45.2,26.17,1.0139,-5.75,False
sh688505,20250929,9.08,29.35,0.5754,-0.66,False
sh688356,20260105,91.88,22.87,0.7759,8.71,False
sh603928,20240930,8.14,12.69,0.9408,-4.67,False
sh605222,20250702,15.18,13.77,0.3671,0.53,False
sh600644,20240930,6.3,28.3,0.7136,-2.7,False
sh688001,20250728,27.51,12.68,1.1252,-1.05,False
sh688652,20250724,59.84,19.0,0.7342,-5.45,False
sh603598,20240927,13.16,20.27,1.0834,-4.94,False
sh600513,20240806,8.48,23.81,0.3421,-0.83,False
sh600809,20240930,212.83,33.28,1.9215,-7.87,False
sh603137,20250924,14.08,21.26,1.3812,-0.64,False
sh688186,20250919,26.4,21.31,0.6019,2.08,False
sh600847,20240906,7.69,19.17,0.2868,-1.17,False
sh601238,20240927,8.22,16.83,0.7815,-0.73,False
sh603194,20251022,40.83,21.41,1.8576,3.8,False
sh600703,20240930,12.44,25.38,1.8523,1.04,False
sh600099,20240905,7.66,30.41,1.1481,-4.05,False
sh603788,20240927,11.83,16.76,1.201,5.49,False
sh600070,20240809,1.34,48.02,1.1037,8.21,False
sh688396,20250625,46.85,25.22,0.5149,1.69,False
sh603327,20250630,9.25,26.89,0.4528,-1.3,False
sh601618,20240813,3.13,14.74,0.4517,2.23,False
sh000926,20240731,1941.91,5.34,0.9423,-1.86,False
sh603558,20240927,9.42,22.76,0.8368,1.7,False
sh601330,20250905,6.96,10.79,0.6967,1.15,False
sh600380,20240930,11.67,16.26,2.0364,-5.83,False
sh603070,20250708,13.74,32.88,0.5166,-1.16,False
sh600900,20241216,28.34,20.28,0.7649,1.02,False
sh600901,20250904,5.46,15.22,1.0649,-0.18,False
sh688146,20250630,28.74,19.78,0.4019,3.18,False
sh600133,20240930,9.86,41.57,0.8046,-4.87,False
sh600560,20240927,13.24,20.79,1.5079,8.91,False
sh000021,20240926,950.3,11.17,1.2635,7.25,False
sh688072,20250707,162.69,19.6,1.0953,-1.73,False
sh688621,20251112,61.42,45.93,1.4674,-7.02,False
sh688515,20250815,103.9,13.9,1.442,0.36,False
sh603716,20240730,7.14,49.67,0.5921,-5.6,False
sh000812,20240927,5638.91,9.78,1.1944,5.17,False
sh605081,20260126,11.83,21.9,0.7393,-10.48,False
sh600834,20240906,7.23,58.59,1.3148,-9.12,False
sh603758,20240930,7.74,19.67,1.1759,-9.69,False
sh900922,20240924,0.39,16.77,0.4165,19.69,False
sh603893,20250625,153.03,33.99,0.8603,-5.2,False
sh603168,20240930,7.68,26.25,1.3794,-6.38,False
sh600679,20240806,9.39,27.07,1.2374,-1.81,False
sh688538,20251222,2.66,17.6,0.7326,0.38,False
sh603213,20260113,13.61,11.2,1.6284,0.81,False
sh600299,20240918,9.94,18.96,0.5639,-0.5,False
sh603588,20240930,5.42,41.25,0.9492,-8.54,False
sh600637,20240923,6.09,12.79,0.4083,19.54,False
sh688576,20250630,63.6,17.65,0.2571,1.21,False
sh605398,20250624,31.84,31.49,0.7296,9.02,False
sh688325,20250630,47.02,23.47,0.4482,0.09,False
sh688320,20250624,47.99,55.12,0.3098,-1.96,False
sh600061,20240919,5.79,13.99,0.5086,19.51,False
sh603391,20250625,38.89,19.82,0.3884,0.03,False
sh600506,20240927,12.07,24.09,0.7171,2.57,False
sh601156,20250710,13.75,16.75,0.3491,-2.04,False
sh688193,20251127,47.9,23.24,1.0286,-2.57,False
sh600548,20240930,10.43,21.96,4.1561,-4.89,False
sh603003,20241017,5.11,34.7,2.5629,1.96,False
sh688609,20250630,10.47,43.08,0.2556,-6.3,False
sh603122,20250703,6.79,23.13,0.6399,1.33,False
sh600185,20240925,5.18,28.62,0.5633,14.09,False
sh603275,20260113,50.54,23.98,1.1778,-3.84,False
sh603712,20250919,21.45,30.0,1.0367,-1.59,False
sh688039,20250625,32.22,35.16,0.3738,2.11,False
sh600378,20240927,28.86,19.31,1.2529,-0.49,False
sh600651,20240730,3.0,28.79,0.651,-4.33,False
sh601728,20250709,7.51,9.6,0.8034,-0.67,False
sh688077,20251106,33.23,40.43,0.6347,-2.92,False
sh600336,20240730,4.95,30.16,0.6141,5.45,False
sh601567,20240829,30.48,31.57,0.653,3.51,False
sh600765,20240927,18.43,25.73,0.9911,6.84,False
sh600882,20240731,13.55,27.85,0.8324,2.8,False
sh688277,20260108,17.76,28.16,1.3007,28.94,True
sh688710,20250630,34.52,33.9,0.5487,-1.01,False
sh601000,20241010,4.58,20.94,0.8673,-1.31,False
sh600202,20240926,3.95,19.96,0.8587,8.1,False
sh603341,20250812,41.32,11.75,0.5349,4.5,False
sh688697,20250624,13.08,29.38,0.3307,1.76,False
sh688409,20250627,54.23,36.4,0.5587,-3.65,False
sh600681,20240927,3.14,9.03,1.4692,-0.95,False
sh600966,20240930,4.88,29.42,1.6344,-0.61,False
sh601999,20240923,5.42,17.41,0.8169,17.53,False
sh600155,20240925,6.61,18.22,0.6749,25.87,True
sh603017,20240930,8.71,25.18,1.1658,-5.51,False
sh603191,20250707,12.84,18.26,0.7675,7.09,False
sh603323,20240819,4.16,17.09,0.7097,-0.89,False
sh603825,20250711,12.98,29.33,0.9624,-6.86,False
sh688120,20250704,112.15,17.69,1.1337,0.27,False
sh600779,20240927,40.79,22.77,2.1097,-0.81,False
sh600918,20250624,6.33,14.74,0.4039,1.11,False
sh600584,20240925,29.65,29.69,0.7121,32.04,True
sh600737,20240926,8.69,18.46,1.2486,15.65,False
sh600250,20240924,8.25,37.91,0.4276,15.03,False
sh688111,20250731,313.5,20.2,1.4121,-1.79,False
sh600956,20250905,7.73,10.86,2.1879,4.14,False
sh603488,20240731,7.88,30.25,1.2691,2.41,False
sh603838,20241008,5.28,50.44,0.5327,0.57,False
sh600107,20240918,3.93,39.98,0.8257,10.18,False
sh603616,20240927,3.16,18.69,0.8717,11.71,False
sh600754,20240926,26.41,18.47,0.5916,3.33,False
sh000832,20240930,392.77,8.42,0.8945,-0.99,False
sh688246,20250701,30.36,32.47,0.9011,-2.34,False
sh688172,20250708,19.85,24.61,1.1149,-5.54,False
sh601985,20240924,10.42,24.68,1.3037,3.84,False
sh603659,20260309,27.7,20.22,1.0187,16.46,False
sh688721,20250807,48.29,19.06,0.9073,11.24,False
sh603790,20251210,20.33,39.21,0.7542,-3.44,False
sh600460,20240926,19.4,40.97,0.4702,35.82,True
sh605006,20260121,7.79,19.78,0.6797,2.18,False
sh600233,20240829,15.11,18.57,0.561,2.98,False
sh600149,20240919,3.57,17.35,1.1693,4.76,False
sh688592,20251215,43.3,31.08,0.5234,-3.58,False
sh603658,20240930,46.9,20.01,0.9212,-8.02,False
sh688208,20251212,35.31,25.07,1.7767,2.01,False
sh600800,20240926,2.23,19.53,1.3493,8.97,False
sh600032,20250701,7.57,25.99,0.4186,2.24,False
sh603170,20250807,13.13,17.25,0.3236,-0.91,False
sh600280,20240805,2.87,38.12,0.5951,8.36,False
sh601718,20240926,2.65,12.87,0.8695,7.92,False
sh600033,20240925,3.27,19.76,1.7318,1.53,False
sh688521,20251224,137.0,58.34,0.6517,-0.02,False
sh688615,20250715,169.77,25.13,0.7074,-3.05,False
sh600199,20240927,13.29,26.75,2.0235,-1.73,False
sh600603,20241008,5.61,24.23,2.2527,7.49,False
sh603226,20240930,3.66,25.73,1.422,-3.28,False
sh605151,20251020,19.63,17.63,1.7742,4.58,False
sh601166,20240920,15.19,12.05,1.5884,13.76,False
sh605098,20250813,36.12,10.05,0.8953,2.35,False
sh688296,20250624,12.25,26.67,0.4814,7.1,False
sh603268,20240926,14.0,22.45,0.6802,50.14,True
sh900916,20250219,0.35,18.07,0.8439,1.13,False
sh601128,20240930,6.3,29.87,0.7814,2.16,False
sh601899,20240731,15.98,24.71,1.664,-6.88,False
sh600866,20240926,5.08,27.31,0.6435,14.37,False
sh601162,20250625,4.5,18.73,0.4895,3.56,False
sh603090,20241107,16.75,33.45,1.4577,11.04,False
sh603223,20240730,7.82,30.86,1.3945,3.71,False
sh600055,20240926,13.09,11.56,0.6563,9.17,False
sh600828,20240909,2.79,19.07,0.77,-14.7,False
sh601100,20240829,49.46,23.06,0.4295,1.72,False
sh603389,20240730,5.31,65.99,0.5459,4.33,False
sh688610,20251212,59.14,35.15,1.1019,-0.24,False
sh605599,20250901,14.59,26.99,0.7495,-0.07,False
sh603909,20241008,8.64,24.78,1.4335,2.55,False
sh603595,20250717,19.72,34.22,0.3791,0.05,False
sh600665,20240919,2.62,26.2,1.1493,8.78,False
sh603727,20241008,12.31,36.95,0.7735,-12.18,False
sh601933,20240807,2.51,39.69,0.7811,-6.37,False
sh605179,20250819,20.8,19.69,0.1874,11.1,False
sh600078,20241008,6.49,30.15,1.0782,-8.01,False
sh600278,20240909,5.46,14.99,0.9525,-0.55,False
sh603569,20240930,7.36,23.7,1.1731,-7.61,False
sh603612,20251125,23.35,33.54,1.5253,-0.26,False
sh688139,20250722,32.11,8.44,0.9435,3.67,False
sh603375,20251125,41.5,20.0,0.9622,-7.28,False
sh605003,20251219,25.78,29.33,2.2881,14.82,False
sh600811,20240808,1.47,113.45,0.918,-8.16,False
sh688177,20260414,24.9,26.54,1.1309,-7.51,False
sh600930,20260311,6.37,16.16,0.4618,4.55,False
sh688410,20251021,14.73,34.88,0.7655,0.81,False
sh600751,20240924,2.27,13.46,0.5248,20.26,True
sh603040,20240903,18.57,19.62,0.7532,-0.92,False
sh000147,20240927,6861.61,14.41,1.5913,2.18,False
sh605060,20250625,18.93,43.09,0.255,7.45,False
sh603291,20250818,12.3,18.66,0.6571,1.54,False
sh600161,20240821,23.69,16.49,0.6392,-2.15,False
sh603997,20240905,11.88,19.34,0.3946,-0.42,False
sh688220,20250729,88.46,38.45,0.5432,1.74,False
sh601865,20250708,17.47,21.96,2.7914,-6.98,False
sh688709,20250624,32.43,28.16,0.649,0.99,False
sh688093,20251201,34.93,30.52,1.5718,1.91,False
sh000974,20240731,5253.33,9.17,0.403,-2.82,False
sh000109,20240930,10616.02,15.0,1.8861,-5.46,False
sh600448,20240925,2.19,16.29,1.0145,10.05,False
sh600831,20241028,2.6,35.72,1.5171,-5.77,False
sh688510,20251031,23.26,24.99,0.7069,7.27,False
sh600798,20240930,3.05,13.84,1.7921,-3.93,False
sh603089,20240930,8.4,19.56,2.357,-4.76,False
sh688343,20250730,56.33,25.27,0.865,10.05,False
sh601200,20240829,7.34,10.88,0.9545,-1.63,False
sh601880,20240926,1.33,10.66,1.4913,6.78,False
sh603123,20240906,7.0,19.02,0.7342,-8.14,False
sh603444,20240807,169.51,30.01,1.9816,2.52,False
sh600355,20240920,3.3,19.41,1.1922,6.36,False
sh603216,20260324,32.64,66.29,0.7117,-2.21,False
sh600481,20241008,5.08,29.22,2.6201,-15.35,False
sh900927,20240925,0.34,20.96,0.5188,14.75,False
sh600748,20240924,2.7,15.72,0.832,26.67,True
sh688393,20250701,29.54,43.19,0.5656,-1.79,False
sh600929,20250710,5.14,6.11,0.7693,-0.78,False
sh600706,20240930,10.5,29.23,0.9658,-14.1,False
sh600261,20240930,2.82,16.99,2.4462,-2.13,False
sh605499,20250916,292.78,16.29,0.6028,-2.87,False
sh605303,20260105,17.64,47.54,0.8684,3.85,False
sh600136,20240930,1.51,17.97,0.8431,-6.62,False
sh600598,20250127,13.68,22.5,0.982,0.51,False
sh688143,20251021,42.76,36.48,0.6494,-0.61,False
sh601528,20250909,5.53,12.8,0.9355,-1.45,False
sh688239,20250624,31.74,22.94,0.5513,10.05,False
sh603669,20240930,4.84,17.39,1.0662,-10.95,False
sh600178,20240927,9.53,35.43,2.0778,0.1,False
sh603075,20251201,22.49,20.8,0.5638,-0.49,False
sh688108,20260105,23.09,67.78,0.2608,2.6,False
sh688692,20250728,234.0,22.69,0.4607,2.05,False
sh600249,20240925,4.0,17.03,0.8849,12.25,False
sh603344,20250624,24.86,40.16,0.4602,2.01,False
sh601878,20240823,10.97,16.92,1.1549,0.64,False
sh603345,20240926,78.72,23.05,0.8539,20.92,True
sh600207,20240926,4.05,21.65,0.9636,8.15,False
sh600760,20240822,39.19,15.04,1.4301,3.78,False
sh605555,20250806,17.5,16.71,0.8155,-0.91,False
sh601619,20260408,5.22,48.2,1.0516,5.94,False
sh600887,20240926,23.82,24.53,1.3936,8.82,False
sh688272,20250905,25.13,42.72,1.4717,1.47,False
sh603326,20240926,5.5,19.47,1.0693,4.55,False
sh688125,20250718,38.35,21.18,0.5018,8.42,False
sh605198,20250916,47.95,30.85,0.7118,-6.8,False
sh688776,20250801,89.72,36.29,0.8932,-3.9,False
sh688211,20251015,32.2,15.44,0.5934,-2.17,False
sh605365,20250630,14.73,26.88,0.1363,-1.63,False
sh600150,20240927,38.14,26.25,1.1528,5.48,False
sh603012,20240927,4.57,13.13,0.989,1.53,False
sh600479,20240808,10.19,24.78,0.3375,0.88,False
sh603368,20240930,18.33,20.97,2.7267,-7.75,False
sh000138,20240807,6884.19,6.18,1.0081,0.95,False
sh603013,20251125,22.06,40.35,0.7373,-0.05,False
sh600684,20240801,3.07,35.24,0.4057,-6.51,False
sh600963,20240924,4.09,30.21,0.8533,19.8,False
sh688196,20251020,46.65,24.32,1.039,-4.33,False
sh603127,20251211,31.23,48.41,1.1495,14.31,False
sh601228,20240801,3.18,14.81,0.4035,-1.57,False
sh600857,20240927,6.09,20.4,0.7275,-0.66,False
sh600350,20240925,8.52,15.85,2.5342,-6.46,False
sh600503,20240926,2.02,18.83,1.1725,4.46,False
sh603126,20240927,5.5,20.56,0.769,5.27,False
sh600064,20240809,5.75,20.44,0.3114,-0.17,False
sh600819,20240730,4.75,29.27,0.3904,-4.21,False
sh603759,20251014,8.3,22.51,2.6099,4.1,False
sh000995,20240822,2706.85,8.47,1.2219,-2.74,False
sh603977,20250626,12.32,27.4,0.7925,1.38,False
sh600333,20240923,3.93,9.08,0.7347,15.01,False
sh600654,20240927,2.36,22.95,0.7982,-1.69,False
sh600007,20240731,20.28,17.51,1.2771,-1.82,False
sh900941,20240730,0.32,24.0,0.5132,1.25,False
sh600180,20240926,3.98,17.33,1.7004,8.54,False
sh688308,20250626,17.96,29.23,0.2232,1.61,False
sh603270,20250708,24.7,40.74,0.3691,2.91,False
sh600498,20240927,15.57,16.75,0.82,3.6,False
sh600302,20240919,3.83,24.64,0.6788,7.83,False
sh600551,20240829,7.36,17.34,1.8729,2.58,False
sh600036,20240808,28.92,14.43,0.7259,2.87,False
sh600982,20240930,3.76,13.82,3.0628,-4.26,False
sh600285,20240808,22.35,24.44,4.1005,0.76,False
sh000823,20240927,5700.07,23.0,0.662,0.95,False
sh600805,20240927,3.88,26.21,0.7485,1.55,False
sh688339,20250709,22.59,14.4,0.7157,-0.27,False
sh900913,20240925,0.22,54.41,0.9782,11.52,False
sh000989,20240926,4572.53,11.11,0.7596,11.04,False
sh688509,20251021,5.08,17.6,1.1915,-4.53,False
sh600648,20240731,8.85,18.99,0.4064,-2.26,False
sh603159,20240930,10.94,17.28,1.4479,-3.02,False
sh688293,20260113,55.76,26.97,0.8999,-0.09,False
sh603091,20260410,77.6,25.51,2.488,2.35,False
sh600361,20240731,4.18,34.76,1.496,-9.82,False
sh601163,20240930,15.43,15.07,1.314,-4.73,False
sh688314,20250624,29.27,39.74,0.5198,7.52,False
sh600606,20240926,1.72,24.28,1.2933,12.79,False
sh603117,20250212,6.18,64.14,0.6929,3.24,False
sh600406,20240807,23.11,16.66,0.3841,-2.03,False
sh600255,20240801,1.83,23.81,0.5572,-1.64,False
sh688114,20250822,74.63,19.39,0.7735,-4.03,False
sh603023,20240930,2.15,18.89,0.8639,-0.93,False
sh605507,20251224,23.27,12.24,0.9857,6.57,False
sh600732,20240930,10.3,31.34,1.1388,-8.54,False
sh600581,20240924,2.99,13.13,1.2056,16.05,False
sh000917,20240930,2857.05,16.46,1.5823,-3.53,False
sh688597,20250624,7.79,31.94,0.3971,1.93,False
sh600236,20240930,6.78,32.15,0.5873,-6.63,False
sh605337,20251110,12.93,25.11,0.4154,-0.62,False
sh600698,20240904,4.08,23.04,1.7212,-2.45,False
sh603189,20240823,11.77,18.29,0.7462,4.84,False
sh600935,20251010,2.45,12.32,1.6699,1.63,False
sh600080,20240930,6.71,17.9,0.9911,-5.66,False
sh601518,20240926,2.42,13.57,1.6252,2.89,False
sh603617,20250707,7.37,31.47,0.4048,0.27,False
sh601328,20240924,6.6,24.18,4.4779,3.34,False
sh603489,20250624,27.14,42.73,0.5208,-0.07,False
sh688096,20260108,8.96,26.97,1.6354,4.69,False
sh601366,20241226,5.25,21.71,1.1635,-3.43,False
sh603026,20240930,36.14,28.09,1.0603,-9.66,False
sh600919,20240807,6.72,12.86,0.6258,0.3,False
sh605298,20260324,43.52,35.45,1.9026,7.03,False
sh688225,20250820,21.89,17.5,1.3053,-1.55,False
sh601860,20251021,2.94,11.52,1.0514,-1.02,False
sh600399,20240927,5.71,30.9,0.3742,4.55,False
sh601601,20250514,33.65,15.98,1.1258,-2.26,False
sh000142,20240927,8178.57,11.65,1.6434,2.32,False
sh600403,20240925,2.76,19.99,0.7657,6.88,False
sh600050,20240816,4.46,11.79,1.1027,1.34,False
sh603688,20241009,34.57,45.23,3.6086,-19.53,False
sh688311,20250725,37.48,21.99,0.9496,-0.91,False
sh688025,20260116,145.0,29.4,1.1869,-0.34,False
sh688676,20250717,36.0,20.25,1.1528,12.17,False
sh600537,20240930,2.99,26.07,2.2758,-7.02,False
sh600863,20240902,4.15,16.76,0.8875,-5.54,False
sh600784,20240923,4.8,13.76,0.6391,17.9,False
sh688638,20251128,40.41,44.19,0.5373,-7.45,False
sh600579,20240802,6.08,28.88,1.4683,-12.5,False
sh600987,20240923,6.83,15.82,1.1793,9.81,False
sh688372,20250625,59.27,24.08,0.8862,-2.56,False
sh601231,20240808,14.48,22.44,2.2468,3.18,False
sh603590,20251113,47.31,38.38,1.0908,-6.0,False
sh600660,20240730,42.73,16.01,1.067,-5.99,False
sh601083,20251014,11.63,11.0,1.6061,4.9,False
sh603416,20240829,28.29,25.76,0.5629,1.94,False
sh600307,20240919,1.25,10.09,1.0944,8.0,False
sh688046,20250627,13.28,39.7,0.4012,8.13,False
sh688443,20260109,32.44,18.67,0.8866,-5.52,False
sh603789,20240930,7.74,26.57,0.7499,-5.3,False
sh600098,20240806,5.81,17.21,2.325,0.86,False
sh601500,20240930,5.37,32.92,0.3598,-6.89,False
sh600702,20240930,59.44,35.61,3.9365,8.9,False
sh603195,20260225,43.97,8.51,1.1343,-3.89,False
sh605050,20260320,14.43,13.38,0.8098,1.59,False
sh600265,20240930,15.44,24.82,1.3499,-5.12,False
sh688777,20250806,49.07,15.09,1.0356,-1.51,False
sh600132,20240926,58.1,23.5,1.5625,6.37,False
sh688273,20251201,37.47,29.46,1.9676,-5.71,False
sh600455,20240913,16.32,23.93,0.9721,5.15,False
sh000114,20240927,1207.97,12.17,1.9757,1.97,False
sh603843,20240730,2.71,55.77,0.3983,1.48,False
sh603516,20250718,45.3,32.19,1.0868,11.13,False
sh601005,20250702,1.41,17.22,0.4921,0.71,False
sh603071,20251201,13.53,12.77,1.2109,-1.48,False
sh600381,20241025,2.83,39.17,1.1821,-2.83,False
sh000300,20240926,3545.32,11.93,1.1671,12.76,False
sh688693,20250625,32.81,36.93,0.2576,9.72,False
sh600048,20240926,8.95,22.6,1.1356,10.17,False
sh600835,20240925,11.16,14.01,0.8993,13.89,False
sh603271,20251020,38.0,23.02,0.3603,7.74,False
sh601456,20250710,10.45,13.82,0.9172,7.94,False
sh605080,20250701,28.38,53.56,0.4971,-1.91,False
sh000813,20240927,2702.34,16.41,0.6884,0.37,False
sh603717,20240930,6.04,42.24,1.1407,-4.8,False
sh600006,20240930,7.04,37.23,0.8582,-8.52,False
sh688347,20260410,121.61,48.09,0.8122,2.47,False
sh688620,20250806,12.98,18.3,0.8519,5.93,False
sh603976,20251020,19.52,38.82,0.4832,2.2,False
sh600561,20240821,4.58,69.99,2.1912,-8.73,False
sh605399,20250924,12.59,46.83,0.4713,0.87,False
sh688577,20251222,95.19,41.34,0.9482,-4.93,False
sh600636,20240925,8.14,32.45,0.5,7.13,False
sh600351,20240930,6.08,17.01,1.8381,-6.74,False
sh600502,20240926,4.19,16.3,1.2045,12.89,False
sh603212,20251020,11.18,19.98,2.5389,1.25,False
sh688539,20250624,25.49,24.33,0.4262,4.16,False
sh600678,20240927,5.5,23.44,1.0546,7.27,False
sh603169,20240820,4.99,26.65,0.4599,-14.43,False
sh900923,20240802,0.41,26.4,0.7256,-2.21,False
sh600837,20240807,8.47,17.09,0.7662,-0.48,False
sh688608,20250819,259.99,29.09,0.5308,10.35,False
sh601118,20240827,4.73,32.71,0.6116,0.42,False
sh603258,20240910,16.93,16.06,0.7874,-4.37,False
sh688192,20260415,60.2,44.4,0.7582,-1.89,False
sh603897,20250624,22.75,50.1,0.8863,5.49,False
sh600853,20240927,3.29,14.13,0.849,3.04,False
sh600507,20240926,3.97,14.75,2.2921,3.78,False
sh603390,20251219,13.1,14.98,1.2876,-0.99,False
sh600060,20240930,21.5,53.51,0.7393,-12.14,False
sh603896,20240930,24.39,24.2,2.4897,-9.8,False
sh688321,20251031,30.87,49.44,0.9698,-1.49,False
sh600337,20241028,1.82,58.3,1.837,12.1,False
sh688625,20250624,30.77,38.07,0.3884,0.1,False
sh688511,20260324,26.47,37.01,0.3777,1.28,False
sh603088,20240930,7.02,31.94,1.6226,-5.27,False
sh600650,20250110,14.28,62.08,0.7108,1.47,False
sh900945,20240731,0.18,45.76,0.9774,-1.69,False
sh600379,20240919,8.99,16.55,0.8421,0.45,False
sh603713,20260106,60.59,22.63,0.8965,-2.28,False
sh688696,20250821,120.38,21.03,0.8359,4.49,False
sh603289,20251205,10.22,19.06,1.7892,-2.64,False
sh600203,20240923,7.08,18.12,1.1015,13.84,False
sh600599,20240827,9.82,34.35,0.6197,6.42,False
sh600905,20250625,4.21,9.0,1.2333,0.47,False
sh603288,20240830,35.88,9.89,1.1725,-4.21,False
sh600883,20240927,5.98,19.99,1.158,1.51,False
sh688425,20250708,4.01,7.6,0.7293,0.5,False
sh600764,20240801,20.24,25.63,1.0136,-5.78,False
sh603626,20240827,6.16,27.14,1.0003,61.2,True
sh601566,20241008,8.25,36.12,1.9757,-14.55,False
sh688772,20250625,14.9,41.5,0.2365,-7.25,False
sh603059,20251222,31.5,32.56,1.0596,-4.38,False
sh603322,20240930,29.4,31.11,0.9988,3.74,False
sh605055,20260203,9.25,23.69,0.8575,6.49,False
sh600433,20240925,2.73,12.66,0.9453,10.99,False
sh603016,20240912,15.41,17.01,0.4418,12.85,False
sh688215,20260115,72.22,29.7,1.0401,5.26,False
sh601318,20240813,37.3,14.92,0.5628,3.06,False
sh603058,20240731,7.82,28.69,0.7304,-4.86,False
sh600967,20240731,7.33,19.23,0.9444,2.59,False
sh688110,20260414,119.0,41.68,1.8269,1.88,False
sh600736,20240926,4.51,14.08,1.0219,2.22,False
sh603027,20241008,10.59,37.81,3.6407,-13.28,False
sh600585,20240926,22.14,26.97,1.8617,8.49,False
sh688097,20250630,27.82,40.92,0.349,-3.67,False
sh603992,20250624,21.06,33.4,0.4827,2.9,False
sh600778,20240805,4.24,30.18,0.4586,-4.72,False
sh603069,20240926,16.5,39.7,0.5369,3.45,False
sh603312,20250624,35.69,27.14,0.9294,1.82,False
sh688439,20250630,58.25,34.77,0.3769,-5.67,False
sh605180,20260121,15.43,26.53,0.9882,-1.56,False
sh688209,20250725,18.55,15.72,0.7441,-0.16,False
sh600148,20240731,12.95,30.57,0.4451,0.08,False
sh600232,20240731,4.28,23.28,0.4369,0.0,False
sh605007,20250707,11.77,10.25,1.2127,0.59,False
sh600461,20250401,8.97,15.82,0.671,5.8,False
sh688247,20250627,10.12,28.42,0.6467,5.53,False
sh600106,20240924,4.76,37.07,1.7439,16.58,False
sh605333,20250722,32.5,21.7,1.0218,4.03,False
sh600348,20240930,8.16,42.96,0.551,-5.51,False
sh000827,20240927,1397.0,11.11,1.1333,5.12,False
sh600281,20240911,3.21,30.79,0.7715,-7.79,False
sh603171,20250624,40.45,31.16,0.7954,6.72,False
sh600801,20240813,13.07,17.57,0.4266,-8.65,False
sh900917,20240926,0.22,22.2,0.313,19.46,False
sh603920,20240829,18.21,45.68,0.5686,17.19,False
sh688297,20250922,48.82,30.0,1.5184,-1.84,False
sh600785,20241104,11.61,38.06,1.4879,-1.46,False
sh688677,20251201,45.44,32.13,0.6555,2.93,False
sh600365,20240903,2.67,19.67,0.5703,-7.12,False
sh603095,20250624,16.04,33.82,0.4031,0.56,False
sh603113,20240930,5.54,31.24,1.2385,-4.51,False
sh603689,20240924,8.28,24.2,1.9761,9.3,False
sh600198,20240913,5.81,18.25,0.5139,60.93,True
sh688315,20250708,14.63,22.51,1.3699,4.17,False
sh600054,20240927,11.4,12.59,1.6569,-3.95,False
sh600829,20240905,6.48,15.71,2.1941,-17.9,False
sh603222,20240909,6.49,20.25,1.9369,-17.87,False
sh600360,20241008,3.74,47.44,0.5519,-1.07,False
sh600533,20240925,2.02,23.65,0.812,12.38,False
sh688021,20251219,18.43,24.22,1.6436,-0.71,False
sh603158,20240802,7.51,26.74,0.6448,-11.58,False
sh000841,20240927,7489.16,10.6,0.9103,4.43,False
sh688338,20251128,26.73,10.76,1.2564,-2.13,False
sh600664,20240919,3.04,27.34,0.3393,9.54,False
sh603908,20240806,21.32,29.32,0.6593,-7.5,False
sh600983,20240930,7.88,15.88,1.6868,-5.2,False
sh688376,20251202,46.0,35.39,0.5917,2.11,False
sh605136,20250904,10.07,23.87,0.4239,6.36,False
sh600303,20241024,2.74,22.1,0.9617,0.0,False
sh600550,20240822,4.53,30.91,0.7628,-2.65,False
sh601101,20240816,7.92,31.83,1.586,-4.92,False
sh603041,20240930,10.61,21.94,1.3028,-4.52,False
sh688411,20260128,240.4,76.77,0.5332,-5.57,False
sh600237,20240926,5.31,17.72,1.104,8.1,False
sh688138,20250708,27.08,32.24,0.7286,-1.11,False
sh603613,20250819,24.58,20.79,0.475,7.73,False
sh603568,20240927,19.29,17.33,0.751,8.66,False
sh600279,20240926,3.78,10.06,1.0436,7.41,False
sh600449,20240927,11.78,33.0,1.3453,0.34,False
sh603358,20250408,33.99,29.8,0.6829,4.91,False
sh688092,20250624,21.52,28.46,0.2928,4.37,False
sh688708,20250701,55.72,26.53,0.5841,1.51,False
sh601019,20251201,8.73,21.57,1.0788,-4.01,False
sh688221,20251015,14.8,64.98,1.1523,-2.23,False
sh600160,20240930,22.04,59.11,0.8063,-8.12,False
sh603290,20250724,85.62,11.43,0.9679,0.15,False
sh603316,20240920,4.19,22.07,0.6577,10.5,False
sh000146,20240927,6120.73,11.28,1.0943,4.56,False
sh603810,20250904,15.08,17.27,1.9066,1.99,False
sh601881,20240830,10.72,22.34,0.5689,3.45,False
sh000858,20240927,5553.45,17.8,0.6954,11.63,False
sh601766,20240924,6.99,21.63,3.6478,18.45,False
sh688038,20250901,15.85,22.43,1.8066,0.13,False
sh688496,20251027,8.93,21.68,1.1579,-19.93,False
sh600830,20250207,9.94,42.85,1.5258,-0.3,False
sh600184,20240807,9.14,27.24,0.784,-4.92,False
sh601949,20250708,6.65,14.28,0.4833,0.03,False
sh900926,20240927,1.51,25.72,4.1326,1.66,False
sh601965,20240927,17.36,17.97,0.9274,4.84,False
sh600549,20240924,17.3,12.23,0.9796,20.87,True
sh600480,20240930,6.9,30.24,0.8139,-4.57,False
sh603217,20260306,24.88,19.16,1.2913,-3.34,False
sh600354,20240926,5.01,15.43,0.8654,7.58,False
sh688646,20250825,32.82,23.51,0.8016,-4.72,False
sh688015,20251124,22.7,26.59,0.3904,3.96,False
sh603259,20251210,92.75,27.03,0.9336,-2.33,False
sh600633,20240927,9.4,13.97,1.3556,2.02,False
sh603190,20250624,22.59,34.5,0.4614,1.11,False
sh688121,20251021,12.87,29.54,0.3209,1.32,False
sh601319,20251014,8.1,20.12,2.204,5.93,False
sh600707,20240930,7.48,27.63,0.5059,-4.55,False
sh600928,20251104,3.99,20.37,0.5071,3.76,False
sh601998,20240815,5.89,18.92,0.5304,4.42,False
sh688408,20250717,51.06,23.68,1.0428,2.13,False
sh688392,20260408,130.0,52.55,1.467,-2.09,False
sh600749,20240806,11.35,27.73,1.6856,-5.37,False
sh603809,20250905,14.37,27.46,0.5129,3.9,False
sh601186,20240809,7.96,11.73,0.854,0.88,False
sh600179,20240925,2.23,16.02,0.7524,9.87,False
sh603668,20240926,12.26,19.02,0.999,-0.82,False
sh688238,20260112,7.8,22.94,0.9397,-2.44,False
sh688711,20250624,17.02,30.98,0.2213,3.76,False
sh600190,20241112,1.94,38.34,2.0715,-12.37,False
sh601001,20240926,15.1,33.73,0.7591,3.51,False
sh000111,20240731,5901.27,12.34,1.248,-5.67,False
sh600137,20240927,12.43,11.46,0.806,4.18,False
sh603808,20240930,7.17,15.82,1.5137,-7.39,False
sh601187,20250909,6.31,26.16,0.4246,-0.48,False
sh688276,20250717,22.24,9.36,1.2296,9.26,False
sh600886,20240930,16.49,24.07,0.7566,-4.61,False
sh688420,20251020,24.89,17.84,0.7173,5.26,False
sh600761,20240930,21.06,30.75,1.0087,-7.08,False
sh600206,20240926,9.43,12.69,1.1091,19.72,False
sh605033,20250707,19.42,53.4,1.4352,-0.88,False
sh603517,20240930,16.41,32.26,2.5204,-7.5,False
sh688147,20250624,29.34,29.5,0.4932,3.42,False
sh600248,20240925,3.59,11.67,0.8231,5.85,False
sh603559,20240805,3.25,37.58,0.5926,10.21,False
sh688109,20260320,130.66,34.53,0.5606,-2.3,False
sh000093,20240926,9970.5,13.11,1.2046,12.19,False
sh600962,20240920,11.55,25.28,1.659,7.36,False
sh601066,20250625,24.36,11.23,0.8577,-2.63,False
sh600685,20240813,27.04,15.29,1.2294,-4.59,False
sh688739,20251020,26.79,12.63,0.8833,1.9,False
sh603369,20240930,50.34,38.48,1.2089,-7.75,False
sh600478,20240930,4.11,21.37,1.8719,-4.38,False
sh600151,20240801,5.06,32.74,1.6796,-3.16,False
sh605199,20251103,9.46,13.49,1.6847,3.17,False
sh600436,20240926,221.01,20.86,0.4497,11.19,False
sh603395,20250821,36.46,8.68,0.6405,7.41,False
sh601686,20251127,6.41,26.67,0.9868,1.56,False
sh600818,20241008,16.38,37.11,1.3659,-11.78,False
sh603915,20250716,15.7,33.67,0.5459,-1.66,False
sh688010,20250805,35.99,35.39,0.7099,-4.72,False
sh600298,20240808,29.93,19.88,0.5864,-0.23,False
sh603589,20240926,39.9,14.34,1.4713,7.19,False
sh601700,20240930,4.42,19.81,0.9967,-0.9,False
sh601229,20240910,6.33,14.45,1.1127,-4.42,False
sh688197,20260310,40.29,21.46,0.9416,-5.01,False
sh603690,20240930,22.44,29.62,1.0968,-2.27,False
sh688309,20251205,23.41,26.19,2.2277,-2.43,False
sh900940,20240920,0.21,26.85,0.2501,22.82,True
sh603938,20250905,14.55,19.02,0.6548,-2.82,False
sh603939,20241008,26.61,40.34,1.5006,-17.66,False
sh600655,20240926,5.56,14.54,1.717,6.11,False
sh600332,20240806,28.57,16.39,0.6774,0.56,False
sh688073,20260107,67.58,32.54,1.0011,9.54,False
sh600079,20240731,19.46,27.37,1.2815,3.49,False
sh603768,20240920,12.22,29.5,1.0158,6.22,False
sh600284,20240802,5.37,22.91,0.5177,-2.98,False
sh688525,20250624,65.3,34.63,0.5879,3.83,False
sh605598,20250625,21.42,27.15,0.5265,-2.1,False
sh600037,20240925,6.35,10.81,0.9087,6.93,False
sh603726,20240925,12.53,38.51,1.582,10.13,False
sh000011,20240926,6059.39,8.57,1.233,13.08,False
sh600499,20240930,8.5,23.36,0.7654,-10.0,False
sh688611,20260324,52.79,34.74,0.358,-1.95,False
sh603116,20240927,4.3,14.58,1.3828,1.63,False
sh600867,20240930,8.52,18.32,1.8728,-9.97,False
sh688292,20250718,21.61,15.22,1.1115,2.41,False
sh601218,20240927,2.95,28.59,0.2769,2.71,False
sh600649,20240809,3.55,53.38,0.2656,-6.48,False
sh688508,20251225,62.0,31.45,0.4504,1.15,False
sh600780,20240927,5.94,20.14,0.7825,-2.86,False
sh601898,20240807,11.1,19.08,1.1406,6.67,False
sh900912,20240830,0.65,11.93,0.6206,-2.16,False
sh603811,20240927,6.75,14.13,0.7569,5.48,False
sh603317,20250818,12.03,14.0,0.5863,3.24,False
sh600580,20240930,10.48,26.44,1.0807,-4.37,False
sh600083,20241029,2.32,34.7,0.8133,-6.9,False
sh601018,20240926,3.36,14.06,3.5566,6.84,False
sh600733,20240930,8.07,53.89,0.5347,-7.43,False
sh603022,20240930,7.34,20.8,0.99,-5.58,False
sh603359,20251125,7.91,60.21,0.4285,4.68,False
sh688472,20250815,9.42,16.52,0.6628,5.73,False
sh688115,20251022,62.81,53.7,0.651,2.88,False
sh603188,20240806,2.67,35.17,0.6227,-4.87,False
sh600699,20240927,15.44,20.75,0.4679,5.31,False
sh600750,20240930,21.9,28.55,3.0636,-3.2,False
sh605336,20251224,16.2,20.0,1.6229,-2.84,False
sh600103,20240926,1.89,14.47,0.999,6.89,False
sh601666,20241129,9.8,46.02,0.1774,0.51,False
sh000125,20240926,10503.67,11.74,1.521,7.67,False
sh688176,20251219,11.36,20.7,0.5558,-2.64,False
sh600084,20240927,5.29,24.42,0.4489,-4.16,False
sh603527,20260112,11.49,24.33,0.325,0.35,False
sh688596,20250729,36.84,18.44,0.9484,-5.02,False
sh601628,20240815,29.31,13.67,1.8821,4.06,False
sh603045,20251212,19.39,29.18,1.1,-1.29,False
sh600898,20240808,1.34,41.38,0.7322,8.21,False
sh603877,20240930,13.88,25.48,2.5884,-7.71,False
sh601519,20240924,6.28,18.76,0.6001,46.5,True
sh688593,20250807,17.62,20.3,1.0077,-4.43,False
sh600081,20240923,9.04,15.92,0.7328,12.5,False
sh688173,20251113,14.88,20.51,1.0837,-5.91,False
sh688720,20260325,63.89,44.41,0.7015,6.75,False
sh603839,20240814,4.89,64.2,0.4265,-6.75,False
sh600755,20240927,6.55,30.33,1.1609,2.44,False
sh600251,20240930,7.65,19.62,2.2933,-2.48,False
sh603313,20241008,7.29,31.43,1.6696,-13.31,False
sh601600,20240924,6.91,31.74,0.4694,21.13,True
sh600398,20240930,7.4,59.86,0.6364,-16.35,False
sh603068,20250625,34.66,36.87,0.4282,-2.08,False
sh603815,20250630,7.25,26.83,1.0545,3.73,False
sh603993,20240926,7.87,37.73,0.4857,1.02,False
sh605299,20251015,9.29,24.98,0.5624,-1.29,False
sh600165,20240819,1.43,66.46,0.7972,4.88,False
sh603269,20240930,6.12,31.31,0.7541,-4.9,False
sh600578,20240813,3.16,15.34,0.4774,0.0,False
sh688639,20250925,32.9,26.18,0.8445,7.42,False
sh603112,20250924,16.67,21.71,0.6472,3.96,False
sh600862,20240927,19.39,17.57,0.836,7.01,False
sh000077,20240731,3297.19,11.62,1.2156,-6.05,False
sh603227,20250303,8.56,26.73,0.7562,1.99,False
sh600536,20240731,30.9,23.88,0.9487,-3.82,False
sh605099,20251015,30.58,38.05,0.7767,3.43,False
sh688310,20260209,17.7,25.34,0.5976,0.62,False
sh688543,20250930,51.18,28.25,2.4904,-1.39,False
sh600602,20240926,11.0,21.48,1.5238,30.74,True
sh600051,20240925,5.44,11.66,1.08,9.19,False
sh688047,20250627,139.01,23.24,0.6454,-4.36,False
sh605133,20251118,36.29,48.87,0.4997,-5.68,False
sh600661,20240805,10.67,50.0,1.068,-1.87,False
sh600986,20240926,4.4,17.23,0.9805,10.0,False
sh688520,20260416,45.01,36.16,0.6157,-1.69,False
sh603458,20250924,8.63,31.53,1.2065,0.81,False
sh603722,20250724,41.11,27.89,1.2856,-1.7,False
sh688009,20250714,5.26,8.99,0.79,2.09,False
sh688793,20260325,26.93,28.49,0.6446,-10.58,False
sh600131,20240925,17.57,18.69,0.3926,1.2,False
sh601333,20240924,3.27,20.41,0.9196,14.68,False
sh600456,20240828,25.66,21.33,0.6535,1.6,False
sh603989,20240927,13.75,21.81,1.4286,-2.62,False
sh603072,20251013,53.83,24.8,3.3908,-6.93,False
sh600418,20250305,34.83,30.61,1.5888,-2.64,False
sh603309,20240731,10.68,22.81,0.793,2.43,False
sh000159,20240926,2750.55,10.98,1.4249,11.46,False
sh603325,20251024,83.73,25.19,0.7823,-6.84,False
sh603823,20240904,9.83,24.52,0.7671,-11.6,False
sh600228,20240925,5.18,21.73,0.9357,8.49,False
sh688169,20250714,162.89,30.23,0.3333,-1.61,False
sh600152,20240903,5.6,21.98,0.8822,-5.89,False
sh603577,20240926,7.05,18.45,0.7135,7.51,False
sh600266,20240806,4.06,50.24,0.3786,3.69,False
sh600635,20240905,3.05,70.22,2.654,-6.55,False
sh603959,20241022,2.0,36.31,1.094,15.0,False
sh600066,20240918,20.98,33.69,0.315,5.34,False
sh688789,20250711,68.97,21.39,0.5545,-3.29,False
sh688013,20251225,52.94,29.62,0.8823,-3.25,False
sh601702,20250813,18.26,9.45,1.0639,-1.53,False
sh900920,20240927,0.17,21.52,0.8323,3.57,False
sh600486,20240927,56.37,19.75,1.8717,2.55,False
sh603272,20251205,19.27,26.68,1.743,-5.14,False
sh688517,20251212,15.89,35.23,3.1641,-1.07,False
sh688623,20260324,87.87,33.93,0.5337,-3.36,False
sh600331,20240926,6.2,22.74,0.9571,7.26,False
sh600562,20240731,13.49,19.8,1.4567,0.37,False
sh900908,20240912,0.46,12.5,0.4089,0.43,False
sh688075,20250630,37.57,23.15,0.4355,0.98,False
sh688512,20251021,11.4,27.22,0.5792,4.82,False
sh688288,20250711,28.5,42.53,0.4918,1.72,False
sh600653,20240925,1.38,22.9,0.488,7.25,False
sh900946,20240903,0.14,33.01,0.8522,-1.43,False
sh688668,20251120,87.7,62.03,0.5755,9.32,False
sh603696,20240927,7.28,25.59,0.6374,-0.27,False
sh600187,20250221,3.75,50.44,0.6677,-4.27,False
sh603277,20250722,16.4,22.38,0.4257,-0.18,False
sh603120,20251024,40.61,16.37,1.4697,-2.29,False
sh600850,20240924,17.67,16.9,1.2384,28.47,True
sh605218,20250625,22.57,39.31,0.2177,-2.35,False
sh605162,20251124,8.9,14.81,1.8316,4.04,False
sh688322,20250624,57.79,41.06,0.4928,2.92,False
sh605056,20250922,14.72,19.32,1.913,12.09,False
sh600157,20240927,1.22,25.75,1.1582,6.56,False
sh603014,20260105,41.49,28.67,0.2272,0.22,False
sh603826,20240819,30.59,34.3,0.5326,14.09,False
sh600119,20240924,6.47,29.25,0.3715,18.55,False
sh688695,20250716,31.21,17.59,0.5619,-2.72,False
sh605286,20250801,38.59,14.91,0.6597,-0.52,False
sh688468,20250624,7.24,25.88,0.297,1.66,False
sh600729,20240927,21.52,38.08,0.8275,-0.42,False
sh603038,20240827,8.41,25.14,0.7912,-7.25,False
sh601002,20240925,3.1,32.61,0.4882,10.32,False
sh601798,20240927,5.54,16.97,0.6684,1.26,False
sh600906,20250624,6.61,15.5,0.6079,2.27,False
sh600880,20240925,3.9,21.0,0.7531,12.05,False
sh688275,20250724,42.0,21.78,1.1028,-1.62,False
sh688426,20250630,22.17,40.01,0.856,2.3,False
sh605183,20251225,19.78,13.15,1.4303,1.37,False
sh688590,20250625,21.16,36.92,0.7918,-7.47,False
sh600936,20240829,2.38,23.3,0.6427,-3.78,False
sh688170,20260112,36.27,30.07,0.9357,3.47,False
sh688244,20250821,28.35,26.27,0.9445,-2.33,False
sh688113,20251124,38.32,18.26,0.9881,1.91,False
sh600252,20240806,2.29,18.09,0.367,2.18,False
sh605500,20251103,9.28,19.89,1.4569,0.54,False
sh603859,20241008,20.32,36.64,2.1125,-10.58,False
sh603676,20251010,11.65,27.58,1.3102,-0.09,False
sh600586,20240930,6.04,20.72,2.0809,-7.61,False
sh601579,20240801,9.78,46.61,2.3113,1.12,False
sh603817,20240926,4.86,12.3,0.9257,9.25,False
sh600328,20240730,7.29,18.93,0.6706,1.24,False
sh900914,20250717,0.54,16.83,1.6856,3.36,False
sh688027,20250715,268.24,21.17,0.8799,-0.31,False
sh601919,20240923,11.14,43.45,0.3723,22.08,True
sh600366,20240924,5.7,17.77,0.5537,24.91,True
sh600601,20240826,2.7,47.62,0.651,2.96,False
sh688313,20260310,82.99,42.27,0.5842,-4.81,False
sh600556,20240927,4.06,17.55,0.9044,1.23,False
sh688617,20250825,283.6,15.76,0.5039,7.72,False
sh688370,20250624,19.0,16.65,0.259,7.53,False
sh600031,20240809,14.74,13.72,0.8283,-0.81,False
sh600518,20240801,1.95,31.36,1.946,-3.59,False
sh000824,20240926,1990.87,15.06,1.2562,4.24,False
sh603172,20251218,17.98,22.74,0.9654,0.72,False
sh600282,20240930,4.65,31.51,0.625,-2.8,False
sh688659,20251128,10.15,21.88,2.0936,-2.46,False
sh603889,20240930,7.12,27.75,0.3541,-4.78,False
sh600802,20240924,3.09,13.8,0.8964,24.27,True
sh600629,20240926,4.63,17.65,1.4712,9.51,False
sh600667,20240927,5.74,18.14,0.8941,2.96,False
sh600980,20240925,13.26,14.77,0.5463,11.62,False
sh688375,20251127,65.93,28.39,0.4124,-0.05,False
sh688526,20251027,16.96,21.43,0.8157,-4.89,False
sh601279,20260209,4.64,40.34,1.084,-1.72,False
sh688041,20250729,143.0,18.2,0.3828,-0.38,False
sh600300,20240927,2.51,12.82,1.2247,0.8,False
sh688316,20250708,63.2,43.87,2.9252,8.59,False
sh600057,20240930,6.06,44.35,0.5052,-4.62,False
sh600530,20250918,7.7,33.81,0.8737,4.16,False
sh688671,20251125,22.13,22.97,1.3232,13.92,False
sh603927,20250704,20.58,15.37,1.2695,-2.53,False
sh603220,20250822,23.3,16.25,0.7029,2.32,False
sh688358,20250630,28.65,30.19,0.5401,0.94,False
sh603708,20240927,8.51,18.1,1.6459,0.35,False
sh600864,20240731,5.23,18.2,0.452,-5.16,False
sh600019,20240930,6.72,27.03,0.998,-0.15,False
sh605118,20251201,28.65,28.1,0.9063,1.82,False
sh600219,20240808,3.07,20.79,3.376,0.0,False
sh688158,20250718,24.62,29.3,0.6955,7.15,False
sh600583,20240930,5.62,27.49,1.1521,-2.49,False
sh688222,20251124,22.9,36.31,0.6046,1.88,False
sh603021,20240926,3.01,27.26,0.598,7.31,False
sh000145,20240927,5389.98,20.25,0.8238,1.36,False
sh603315,20241008,10.64,23.58,1.0345,-12.79,False
sh603813,20260304,34.46,42.27,2.577,3.28,False
sh605566,20260407,30.38,35.76,1.5984,0.95,False
sh688726,20250630,43.1,28.78,0.3744,3.09,False
sh605001,20251125,7.55,18.07,1.5731,-0.13,False
sh603610,20260206,18.34,25.5,1.4061,-1.91,False
sh600429,20240926,3.98,13.35,1.4366,5.78,False
sh600319,20240923,3.68,22.45,1.1267,15.49,False
sh900925,20240819,0.8,11.2,0.8775,0.13,False
sh601966,20240930,19.72,21.44,0.9609,-4.16,False
sh600483,20240807,9.87,22.41,1.1189,-0.3,False
sh603773,20250630,24.59,35.11,0.5161,2.24,False
sh688058,20250716,31.45,14.57,0.8994,-5.18,False
sh600999,20250114,17.35,29.93,1.1098,1.84,False
sh603214,20250729,20.61,22.86,0.7996,-6.99,False
sh601155,20240808,9.79,42.44,0.4143,-1.12,False
sh601928,20240814,10.05,17.35,1.5313,2.39,False
sh688016,20250701,94.24,21.22,0.4049,-2.82,False
sh603409,20250901,35.55,19.49,1.6784,-0.34,False
sh688571,20250924,7.8,20.36,1.2535,2.69,False
sh600630,20240930,8.81,23.06,1.3474,-5.56,False
sh600063,20240927,3.59,17.36,1.4541,2.51,False
sh688626,20251219,54.01,29.75,1.3846,2.37,False
sh601882,20240930,23.83,25.8,1.4093,-9.23,False
sh603970,20250904,13.76,13.83,0.9412,0.94,False
sh600567,20240926,1.66,16.7,0.7047,1.2,False
sh603697,20250904,12.47,29.26,0.9055,-1.04,False
sh600000,20250408,9.79,12.73,1.6481,2.76,False
sh605086,20250718,27.81,10.09,0.4788,0.97,False
sh000815,20240927,21180.43,20.58,1.7758,1.01,False
sh000068,20240927,2847.04,19.68,0.8088,1.93,False
sh603238,20240927,10.1,16.86,0.6564,-2.38,False
sh600529,20240926,25.6,18.69,1.6611,6.84,False
sh600833,20240829,10.63,13.62,1.2022,1.6,False
sh603496,20240930,25.94,29.75,0.8116,1.85,False
sh688141,20250630,32.58,42.74,0.2797,-8.59,False
sh688088,20250624,46.43,27.02,0.3889,4.01,False
sh601336,20240731,27.92,22.41,0.3774,-7.2,False
sh603193,20250724,34.26,45.35,1.3754,-7.5,False
sh688216,20260112,24.29,26.12,0.7838,10.79,False
sh603868,20240930,42.95,23.78,1.657,-8.85,False
sh603015,20240927,7.19,19.91,0.6558,4.73,False
sh600704,20240731,4.15,17.94,0.2868,0.72,False
sh605018,20250908,12.09,21.15,1.03,-0.41,False
sh600683,20240920,4.05,20.95,1.51,17.53,False
sh688258,20251212,65.5,31.89,0.6174,0.96,False
sh688391,20250630,29.09,28.79,0.3819,-1.93,False
sh603608,20240923,3.12,39.1,1.3175,-3.21,False
sh600961,20241008,9.08,43.77,0.7,-12.22,False
sh603197,20240927,34.95,33.9,1.0411,6.44,False
sh601065,20250710,8.35,5.63,0.7328,-0.24,False
sh600686,20241202,12.13,41.47,0.8345,8.66,False
sh601298,20250704,8.68,13.8,0.6925,-0.69,False
sh601857,20241008,8.87,38.47,0.7089,-10.26,False
sh688589,20250721,22.06,13.63,0.9217,2.45,False
sh603010,20240930,9.68,11.62,1.1424,-3.72,False
sh688213,20250805,100.1,22.5,1.1695,-3.75,False
sh688127,20250630,25.71,50.29,0.5194,-3.15,False
sh600435,20240730,9.14,34.98,0.8791,1.64,False
sh600885,20240731,19.21,18.52,0.9095,-0.93,False
sh688270,20251124,60.66,43.72,0.7677,9.22,False
sh601007,20240806,6.59,18.81,0.34,-6.07,False
sh688717,20251125,68.43,44.62,0.9598,-5.48,False
sh600903,20251010,7.01,8.28,1.5387,1.43,False
sh688690,20260109,27.31,25.97,0.4576,-0.81,False
sh600382,20240926,3.58,18.26,0.9473,-1.4,False
sh688559,20250722,32.45,32.65,0.6696,-0.46,False
sh600182,20240930,13.09,14.66,1.4377,-3.44,False
sh600618,20240731,8.77,20.84,0.8529,-8.89,False
sh601900,20240910,12.36,21.04,0.9004,-1.29,False
sh900943,20240806,0.42,33.19,0.4939,-2.62,False
sh688070,20251020,49.6,26.96,0.9873,7.06,False
sh603396,20250630,25.5,24.44,0.3766,3.57,False
sh603777,20240927,9.77,21.64,1.2066,-1.33,False
sh688327,20250725,15.88,16.91,0.8869,2.27,False
sh603916,20251105,10.22,14.83,1.1143,-0.68,False
sh601099,20240731,3.41,27.99,0.2479,-4.99,False
sh600501,20250107,17.86,42.04,0.5772,-3.92,False
sh605167,20250922,10.55,22.22,0.4266,-0.38,False
sh600352,20240819,8.01,12.46,0.6724,4.12,False
sh600855,20240924,9.4,45.78,0.4893,26.6,True
sh600028,20240912,5.96,21.94,0.8032,4.97,False
sh603211,20250624,18.04,42.55,0.3774,0.94,False
sh688369,20250716,28.79,31.2,1.0479,0.73,False
sh603125,20251020,16.62,18.81,0.4306,1.5,False
sh603968,20240930,10.35,17.79,1.4075,-8.31,False
sh600604,20240730,4.08,32.57,0.6157,-6.62,False
sh688022,20250624,13.97,43.02,0.3226,8.66,False
sh603709,20260325,17.17,23.05,1.1855,-0.23,False
sh603093,20260302,21.0,15.3,1.6389,4.43,False
sh600363,20240930,28.57,25.87,1.0603,-5.64,False
sh603926,20240930,8.72,15.93,1.0786,-5.16,False
sh688291,20251124,34.84,50.22,0.8235,2.67,False
sh600783,20240903,10.27,21.85,1.0602,-3.21,False
sh601952,20240808,9.34,17.72,0.4749,0.96,False
sh900911,20240731,0.8,10.74,0.6143,0.25,False
sh688568,20250630,36.01,28.22,0.7174,-1.75,False
sh603138,20240830,11.8,22.52,1.0146,-1.86,False
sh600807,20240816,3.04,20.53,0.8343,-15.46,False
sh000821,20240925,5948.3,12.9,1.2996,4.97,False
sh600287,20241008,3.61,36.84,0.7004,-6.93,False
sh688188,20250722,136.02,12.14,1.881,-1.79,False
sh603611,20240930,17.77,18.52,1.8484,-6.64,False
sh600753,20240927,5.94,44.18,0.4452,4.21,False
sh603042,20240920,10.16,24.68,0.5127,8.17,False
sh600100,20240925,5.32,15.82,1.245,20.86,True
sh688388,20260325,40.16,34.16,0.9972,6.52,False
sh600234,20240925,3.07,49.65,0.2699,-1.63,False
sh600467,20240926,1.72,20.94,1.1876,8.72,False
sh688595,20250625,38.08,39.79,0.677,-4.49,False
sh603338,20240930,58.26,23.53,1.2401,-9.54,False
sh688768,20250801,48.92,28.63,1.1329,7.65,False
sh605186,20250627,20.53,26.62,0.4221,-0.05,False
sh603043,20250624,15.57,20.8,1.0033,0.58,False
sh605318,20250718,26.5,19.12,0.884,11.58,False
sh601360,20250717,10.77,16.65,0.7719,-1.11,False
sh688091,20251103,58.19,47.66,0.3517,-10.04,False
sh601866,20240930,2.58,25.0,1.9498,-6.59,False
sh603508,20240813,15.81,42.51,0.8421,2.21,False
sh600730,20240806,4.59,24.3,0.4396,-10.46,False
sh600163,20240930,4.96,27.96,2.4065,3.23,False
sh688116,20250624,45.91,30.62,0.4853,-1.53,False
sh600257,20240930,5.21,20.05,1.2393,-9.98,False
sh688689,20250624,22.51,31.3,0.3968,2.53,False
sh601199,20250512,5.29,13.48,1.5381,-0.76,False
sh603990,20240926,9.2,30.36,2.152,8.48,False
sh688227,20250818,34.26,34.75,0.4822,9.19,False
sh603296,20250625,74.5,37.12,0.3163,4.4,False
sh600166,20240927,2.54,36.03,0.2969,-1.97,False
sh603677,20240930,11.69,22.14,1.5479,-2.91,False
sh688269,20251124,37.31,33.9,1.1483,0.54,False
sh600128,20240919,6.71,20.89,0.5006,6.41,False
sh603639,20240930,12.32,24.16,2.3339,-6.17,False
sh601800,20240801,8.23,13.52,1.0169,-1.7,False
sh603009,20240731,17.0,47.54,0.8062,-0.59,False
sh600718,20240731,8.07,15.3,0.9392,-4.58,False
sh688459,20250630,9.57,12.56,0.2978,0.42,False
sh600082,20240913,2.22,14.82,0.7474,9.01,False
sh603520,20241008,10.09,27.56,2.6225,-15.66,False
sh600231,20240924,1.63,23.22,0.6157,19.02,False
sh600105,20240927,3.94,29.29,1.4575,1.27,False
sh600756,20240920,10.83,19.8,0.9366,21.98,True
sh900939,20240806,0.32,73.62,0.2683,12.62,False
sh600305,20240926,7.53,13.17,0.9921,4.78,False
sh601107,20240819,4.87,20.33,2.5038,-2.05,False
sh601233,20250107,12.3,14.58,1.033,-2.28,False
sh600662,20240731,4.13,27.65,0.7721,-2.66,False
sh600985,20240926,15.5,33.93,0.882,2.45,False
sh603721,20250901,21.41,15.73,0.8484,1.87,False
sh000847,20240927,2700.64,14.18,1.4799,3.94,False
sh688069,20251128,22.31,21.89,1.7814,1.21,False
sh600861,20240927,16.67,26.67,1.3113,4.92,False
sh600535,20240805,14.14,27.72,0.484,-5.52,False
sh603922,20250728,22.17,29.13,0.7728,-3.47,False
sh601778,20251215,3.71,37.58,0.9457,3.77,False
sh601956,20251128,7.19,34.83,1.4616,-0.42,False
sh688489,20251128,45.24,33.3,1.863,-6.32,False
sh600052,20240731,3.94,30.62,1.3795,-2.79,False
sh000158,20240930,1253.5,14.76,1.531,-5.26,False
sh600419,20240927,8.29,19.21,1.3705,0.72,False
sh603073,20251218,18.33,22.95,0.8416,4.2,False
sh600383,20240903,3.77,38.26,0.8723,-4.24,False
sh603988,20250416,20.84,43.39,1.3869,-1.2,False
sh603515,20240926,15.58,23.08,2.5219,9.76,False
sh688716,20250714,37.16,41.9,0.3055,4.63,False
sh688271,20250722,133.39,16.24,0.487,2.85,False
sh600130,20240903,3.46,15.11,1.3986,-5.78,False
sh605305,20250624,26.79,35.3,0.2992,2.61,False
sh688126,20250708,18.55,12.72,0.5767,1.08,False
sh600267,20240802,7.56,27.51,0.3923,0.13,False
sh601818,20240904,2.87,12.79,0.654,-1.74,False
sh605366,20250904,6.18,39.26,0.2208,2.43,False
sh603011,20240930,6.66,18.58,0.8858,-4.2,False
sh688168,20251031,77.08,47.93,0.613,8.78,False
sh600229,20240925,6.71,13.28,0.7132,6.41,False
sh601678,20240926,3.59,17.82,1.7758,8.36,False
sh603822,20240805,20.56,25.65,0.5669,3.65,False
sh688395,20260112,25.15,21.14,0.6658,3.9,False
sh603196,20240904,8.82,39.03,1.6426,-1.25,False
sh603324,20250630,25.28,26.92,0.3812,-0.97,False
sh603124,20251217,75.33,35.95,1.3458,9.15,False
sh900921,20240927,0.11,20.28,0.6748,0.91,False
sh603890,20250710,12.12,28.67,0.2265,1.65,False
sh605128,20250624,27.63,36.4,0.7314,10.97,False
sh603738,20240730,13.25,14.75,1.4217,-4.0,False
sh603210,20251009,21.01,13.07,1.837,0.48,False
sh688368,20250730,92.58,26.63,0.4551,0.32,False
sh688012,20250722,187.5,15.68,0.9135,10.07,False
sh603739,20250624,13.23,38.8,0.3572,1.13,False
sh688788,20251208,58.78,39.96,1.128,5.48,False
sh605166,20250806,11.77,22.33,0.2039,3.99,False
sh600353,20240930,6.22,21.13,0.8837,0.16,False
sh688575,20250724,15.6,10.0,0.9188,0.77,False
sh600330,20240927,6.77,18.65,1.0467,0.59,False
sh603109,20251015,29.96,47.58,0.5245,-1.47,False
sh688622,20250630,78.67,36.04,0.4176,-0.66,False
sh688516,20250806,35.1,17.0,1.1485,2.02,False
sh600004,20240927,9.62,15.52,1.686,-2.18,False
sh000811,20240927,6135.24,23.28,0.6632,0.84,False
sh603276,20260115,17.84,19.22,0.5177,2.97,False
sh603711,20250707,13.88,25.51,0.7776,-0.79,False
sh688669,20251128,22.9,42.22,1.9822,-8.73,False
sh900947,20240829,0.19,25.6,0.9447,0.52,False
sh603239,20240930,14.09,39.73,0.5406,-5.54,False
sh601598,20250702,4.8,14.67,0.3713,3.13,False
sh688289,20250715,21.01,14.2,0.6775,1.05,False
sh000993,20240731,4683.33,9.64,1.2499,-6.89,False
sh600335,20240930,6.56,27.52,1.0236,-5.03,False
sh900909,20240910,0.4,20.06,0.3234,1.51,False
sh601137,20240927,15.4,24.32,0.7334,1.04,False
sh688323,20250624,13.87,25.28,0.5287,4.11,False
sh603408,20250722,11.68,10.27,1.1148,0.0,False
sh600062,20240827,19.88,24.9,0.4938,4.93,False
sh000044,20240926,3489.86,12.24,1.5341,12.22,False
sh600505,20240730,9.2,53.38,0.9416,-2.93,False
sh688017,20250806,140.13,27.94,0.5772,-1.16,False
sh688190,20250626,90.02,29.67,0.6919,1.38,False
sh600482,20240903,21.35,32.09,0.3291,3.79,False
sh603393,20240902,33.2,21.21,0.6713,-4.97,False
sh603121,20251209,19.01,30.66,0.9836,14.36,False
sh600682,20240911,5.55,25.46,1.5164,-5.76,False
sh688259,20250718,40.79,21.79,0.4144,2.43,False
sh600965,20240930,4.1,25.19,1.6186,-3.41,False
sh688390,20250801,44.08,18.73,0.9381,0.43,False
sh603609,20240731,7.04,29.17,0.746,-2.13,False
sh688217,20260105,28.48,21.3,1.144,6.99,False
sh600156,20240830,3.61,21.28,0.8607,-4.71,False
sh603320,20240809,12.95,44.97,1.8856,-0.31,False
sh000170,20240926,4697.73,12.13,1.2199,9.74,False
sh601633,20240925,24.31,22.76,0.5258,19.0,False
sh600135,20240905,5.62,27.2,0.5971,-7.47,False
sh603077,20240926,1.83,13.8,1.0085,12.01,False
sh600881,20240923,1.17,41.83,0.2926,61.54,True
sh601799,20240906,124.61,16.68,0.6806,-6.66,False
sh601003,20240925,2.77,13.74,2.1416,7.58,False
sh600452,20240927,9.93,23.82,0.5609,-4.03,False
sh603039,20240927,33.77,21.72,0.9899,2.72,False
sh600728,20240924,4.04,12.3,1.2018,26.73,True
sh688469,20250711,4.81,11.68,0.651,0.0,False
sh603076,20260210,25.44,16.03,0.5235,4.6,False
sh600104,20240731,14.23,12.91,2.3096,-3.51,False
sh600979,20240930,3.49,23.82,1.3186,-1.72,False
sh603615,20240905,13.69,44.17,1.1041,-0.88,False
sh688722,20251229,20.4,20.89,1.4572,-2.99,False
sh600463,20240730,8.69,53.03,0.4555,6.1,False
sh600230,20240807,10.68,35.77,0.7307,-5.71,False
sh000122,20240930,1534.65,14.11,1.611,-6.05,False
sh688591,20251106,46.29,41.24,1.5442,-2.44,False
sh689009,20250711,57.89,27.49,0.6556,0.45,False
sh601033,20251010,15.97,11.74,1.3895,1.0,False
sh000911,20240924,5571.65,9.78,0.6883,23.83,True
sh688268,20250625,48.23,22.98,0.6701,2.59,False
sh603310,20250721,18.61,24.81,0.5616,-2.31,False
sh603816,20240927,28.25,44.07,0.7013,-0.53,False
sh605028,20260130,26.53,37.06,1.1092,0.57,False
sh600587,20240806,16.42,20.17,0.8761,-0.61,False
sh600735,20251103,7.69,68.97,0.9937,-9.49,False
sh688475,20250725,35.0,21.33,1.0201,0.83,False
sh603991,20241227,50.39,105.0,0.3827,-5.42,False
sh688226,20250714,31.64,28.49,0.7769,16.06,False
sh603858,20240924,15.16,10.68,1.2917,19.46,False
sh603025,20240930,13.35,32.84,0.6083,-2.32,False
sh600734,20240819,3.03,47.57,0.7297,-6.93,False
sh605066,20251009,7.56,16.84,1.4691,2.25,False
sh603311,20240801,8.47,23.94,0.5063,-1.18,False
sh600955,20250624,14.57,21.67,0.3724,-1.99,False
sh688312,20250725,26.07,26.24,0.6676,2.45,False
sh601398,20250923,7.26,14.46,1.0092,-1.38,False
sh688488,20251022,14.77,28.89,1.009,-0.14,False
sh600600,20240927,69.03,28.8,2.183,-0.84,False
sh603111,20240801,5.56,33.04,0.4151,-4.31,False
sh688026,20260122,18.2,23.83,0.8689,-1.48,False
sh900915,20240924,0.48,21.69,0.9666,24.43,True
sh600329,20240927,30.99,30.26,1.5711,7.81,False
sh688068,20251015,170.79,52.14,0.9557,0.8,False
sh600803,20240807,17.27,20.92,0.5766,2.9,False
sh603888,20240926,16.25,17.32,0.8267,13.82,False
sh688658,20250929,22.75,50.61,1.025,-6.64,False
sh600283,20240930,8.85,17.87,2.2191,-3.28,False
sh603173,20260109,45.19,36.86,0.57,1.31,False
sh603208,20240930,20.81,25.06,0.9959,-8.94,False
sh000825,20240926,3012.28,13.93,1.9424,6.1,False
sh600519,20240926,1453.56,21.23,1.4585,7.64,False
sh600030,20240731,18.8,16.37,1.8349,-4.41,False
sh688371,20260227,21.94,22.04,0.8774,-6.61,False
sh688616,20251020,12.72,20.2,0.6225,3.38,False
sh600557,20241008,15.93,32.76,1.0284,-14.63,False
sh601699,20240930,17.24,35.53,1.0561,-6.15,False
sh600981,20240924,1.95,26.98,1.4556,24.62,True
sh603177,20240927,7.55,17.65,1.1947,0.53,False
sh603596,20250917,54.53,21.54,1.9021,-2.97,False
sh603725,20260119,10.14,19.36,0.55,-0.2,False
sh601236,20251110,8.8,17.93,0.6864,-1.59,False
sh688569,20250707,20.81,21.32,0.3252,1.63,False
sh601698,20250630,20.47,15.55,0.4631,-2.1,False
sh600628,20240731,6.0,19.67,0.5185,-0.83,False
sh600865,20240731,6.63,25.98,0.464,1.81,False
sh600018,20240924,5.68,14.45,2.3366,13.92,False
sh600782,20240930,3.6,27.68,3.4308,1.11,False
sh688670,20260225,19.95,51.25,0.4751,-8.17,False
sh600531,20240927,6.22,27.98,0.4958,7.08,False
sh600056,20240812,10.67,12.41,0.6388,-3.56,False
sh688317,20260126,25.55,20.78,0.6464,-15.46,False
sh600256,20240927,6.08,19.73,0.9137,12.18,False
sh601607,20240913,17.91,11.3,0.8822,4.97,False
sh600405,20240926,3.76,23.12,1.7909,7.18,False
sh603020,20240927,6.8,15.43,1.1931,0.88,False
sh600162,20240925,1.39,12.15,0.8224,12.96,False
sh688223,20250825,5.73,16.22,0.7062,-0.7,False
sh601828,20250702,3.06,21.94,0.581,-1.31,False
sh600428,20240731,5.56,25.09,0.7589,-3.96,False
sh601665,20250718,6.27,13.93,0.6856,-1.44,False
sh603797,20240930,3.75,17.09,1.0961,-3.73,False
sh600235,20240926,4.76,13.11,0.838,8.4,False
sh600933,20250729,17.0,20.61,0.4108,11.18,False
sh605567,20250929,10.1,20.39,1.2909,-0.5,False
sh688389,20250724,13.82,12.54,1.1405,-1.59,False
sh688570,20250905,20.5,18.98,1.3644,-1.46,False
sh603912,20250714,8.94,31.94,0.3449,1.01,False
sh601929,20240923,1.18,31.44,0.4739,26.27,True
sh600356,20240924,6.29,9.94,0.6572,15.58,False
sh600851,20240801,5.28,41.04,0.3243,5.3,False
sh603215,20251125,20.04,27.27,0.9468,3.49,False
sh600998,20240927,5.05,17.87,1.3655,2.97,False
sh603895,20250624,26.33,34.47,0.786,-2.16,False
sh900924,20240731,0.3,40.28,0.4178,-4.36,False
sh600318,20240924,6.6,24.95,3.4899,39.7,True
sh601136,20250724,20.4,9.66,1.1295,-2.99,False
sh600186,20240930,3.89,21.11,0.9868,5.14,False
sh600528,20240926,7.4,13.81,1.5594,14.47,False
sh601179,20240830,6.78,25.34,0.6977,0.15,False
sh000814,20240927,7544.73,10.94,0.9591,4.44,False
sh688513,20251127,53.48,43.6,0.5639,1.55,False
sh601599,20240925,3.13,18.19,0.863,6.39,False
sh600566,20241107,30.34,38.6,0.7024,-5.41,False
sh605100,20250624,19.77,25.24,1.2734,0.2,False
sh605300,20250626,13.89,25.54,1.0651,1.08,False
sh688089,20251010,26.42,23.92,0.9277,-9.8,False
sh600201,20241107,7.06,37.76,0.9964,-4.39,False
sh603511,20251201,16.15,26.47,0.8155,-1.24,False
sh600386,20240821,3.39,96.06,2.7203,-4.42,False
sh600118,20240802,24.97,31.53,1.7442,-10.05,False
sh603321,20251015,7.99,22.54,1.2321,1.75,False
sh603869,20240930,5.24,18.06,1.3182,-4.77,False
sh688123,20250729,75.98,16.38,1.303,-2.2,False
sh603192,20251128,23.67,70.49,2.8393,-1.23,False
sh600262,20240927,17.25,44.91,0.5543,3.25,False
sh000908,20240930,2594.73,24.26,0.7958,-3.22,False
sh601636,20240930,6.32,31.96,2.8016,-7.59,False
sh688212,20250924,48.0,23.8,0.5535,5.75,False
sh600153,20240926,8.2,29.4,0.6256,7.32,False
sh688588,20250624,13.9,36.18,0.2599,2.73,False
sh603538,20240930,12.62,22.85,1.5525,-3.49,False
sh600960,20240926,2.97,20.68,0.7758,8.08,False
sh688758,20251016,18.62,25.25,0.832,3.92,False
sh688691,20250807,65.85,29.38,0.8532,2.51,False
sh603308,20240930,12.38,30.73,2.0659,-1.13,False
sh601006,20240808,6.58,7.15,1.8519,-0.76,False
sh600763,20240731,44.12,27.4,1.1607,1.16,False
sh600884,20240930,9.32,26.62,1.7006,-12.23,False
sh601886,20240927,4.56,20.36,1.5515,5.7,False
sh688071,20250625,36.34,46.61,0.3359,-2.83,False
sh600563,20240911,84.52,27.86,0.6778,-1.18,False
sh603421,20240913,5.04,37.69,2.2943,20.04,True
sh603693,20250905,13.36,24.24,0.4145,-1.57,False
sh600657,20240923,3.27,20.29,0.8013,39.76,True
sh600879,20240926,7.53,21.08,0.5348,12.35,False
sh688345,20251124,33.0,46.44,0.465,-0.79,False
sh900942,20240731,0.71,13.06,1.0012,-1.12,False
sh601901,20240926,7.68,18.14,1.4344,12.63,False
sh600619,20240731,5.6,23.48,0.7541,-2.86,False
sh603108,20240927,16.04,25.91,2.388,2.99,False
sh603273,20250707,17.5,36.62,0.6821,1.71,False
sh600183,20240813,17.82,30.8,3.5218,-3.59,False
sh688558,20251127,28.99,22.0,1.4726,-1.1,False
sh600487,20240813,13.81,17.13,1.5485,-5.07,False
sh600854,20240801,3.79,28.5,0.9294,-2.37,False
sh600029,20240926,5.85,15.92,1.9617,2.56,False
sh000041,20240828,2658.97,9.18,1.2495,-4.11,False
sh600500,20240924,3.9,16.28,0.548,23.59,True
sh601098,20240808,11.52,18.97,0.8533,6.68,False
sh603917,20250801,13.21,18.44,0.8595,4.84,False
sh688326,20250716,88.55,36.06,0.5962,4.47,False
sh601963,20250804,10.2,14.93,3.0294,0.1,False
sh603776,20240927,10.25,36.63,0.4523,-0.2,False
sh603958,20240919,9.63,43.82,0.6885,13.71,False
sh600067,20240731,1.76,43.06,0.5539,-3.99,False
sh900910,20240918,0.26,20.21,0.3033,2.69,False
sh603221,20251128,12.27,24.64,0.8351,-1.3,False
sh688359,20251021,60.08,30.88,2.0141,22.0,True
sh688290,20250630,52.01,42.16,0.7349,-6.5,False
sh600362,20240930,23.32,30.02,0.743,-5.1,False
sh688023,20250626,54.49,27.02,0.4587,-5.56,False
sh600605,20240924,26.93,26.4,0.7647,16.15,False
sh603969,20240930,4.91,20.57,1.1738,0.2,False
sh688613,20251222,22.04,48.31,0.5741,-6.53,False
sh600301,20240930,17.62,40.31,0.5809,-2.33,False
sh600552,20240823,10.56,24.08,1.2637,26.52,True
sh600666,20240812,1.45,26.73,0.3084,5.52,False
sh600848,20240926,9.62,17.09,1.3046,9.67,False
sh600035,20240930,4.17,22.88,5.5981,-4.32,False
sh603176,20250630,4.78,35.9,0.8757,2.78,False
sh000820,20240930,4872.62,26.28,0.8966,-4.05,False
sh603139,20240809,13.83,29.56,0.5377,-11.86,False
sh603339,20240925,9.48,17.02,0.5705,9.18,False
sh603871,20250701,10.71,18.28,0.8633,-2.52,False
sh603377,20241024,1.54,22.42,1.1884,22.08,True
sh600101,20240930,8.5,42.0,0.7862,-2.47,False
sh688117,20251119,38.28,28.0,0.5626,9.98,False
sh600731,20240924,4.75,16.08,1.3232,19.16,False
sh688090,20250625,32.63,50.06,0.6885,0.67,False
sh600218,20240927,7.19,15.48,1.1579,-0.14,False
sh603995,20250625,17.92,30.17,0.6602,-2.06,False
sh688159,20260130,59.18,21.0,1.5655,-19.28,False
sh600582,20240930,6.2,27.42,0.8685,-2.9,False
sh601606,20251217,47.1,35.49,0.6963,1.15,False
sh605319,20250804,22.58,29.05,1.4437,9.3,False
sh603638,20240830,15.14,11.65,0.5698,-1.98,False
sh600129,20241107,28.7,45.89,1.3166,-5.89,False
sh688095,20250630,67.91,35.47,0.2088,-2.5,False
sh600167,20240806,5.26,27.78,0.4138,2.28,False
sh603297,20250725,90.32,13.51,0.9932,-3.52,False
sh000001,20221205,3211.81,12.74,0.8143,-1.02,False
sh601198,20240730,7.91,18.1,0.8169,4.05,False
sh688112,20251023,37.53,27.79,0.4655,5.09,False
sh000141,20240927,2694.97,15.65,1.1534,5.31,False
sh600400,20240927,2.3,12.23,0.9001,-1.74,False
sh688416,20250624,40.0,30.63,0.4969,1.07,False
sh600757,20250114,8.31,21.07,1.9208,-1.68,False
sh601555,20240920,5.78,15.58,0.425,24.57,True
sh605005,20251015,18.25,16.96,0.5615,-0.22,False
sh688171,20251124,44.81,34.93,0.6862,12.92,False
sh603373,20260226,46.02,18.98,0.537,-9.97,False
sh688458,20251021,43.8,26.47,0.8077,-3.26,False
sh600719,20241028,7.87,53.59,0.8765,-2.41,False
sh603008,20240927,16.3,34.54,0.9837,4.11,False
sh601801,20240927,6.6,24.71,0.8705,-0.91,False
sh688522,20250825,48.17,15.85,1.0275,2.53,False
sh600984,20240927,2.65,23.49,1.462,-1.51,False
sh603209,20250716,15.17,29.1,1.7878,-0.33,False
sh600663,20240731,8.87,24.36,1.3417,-6.43,False
sh601106,20240925,2.47,12.53,0.6976,30.77,True
sh900938,20240926,0.14,12.89,1.1807,17.73,False
sh688045,20250627,33.9,38.66,0.2988,-1.0,False
sh605266,20250624,20.9,28.86,1.0747,0.72,False
sh600053,20240920,13.87,29.33,0.8444,14.2,False
sh603439,20250710,13.02,10.7,0.7285,0.08,False
sh601918,20250722,6.83,13.07,0.8106,-4.25,False
sh603097,20250708,22.2,24.3,1.0017,-1.94,False
sh000808,20240927,7859.03,12.92,1.3037,4.78,False
sh000075,20240927,6421.16,12.33,1.1802,4.86,False
sh603225,20250106,11.41,14.09,0.8767,2.72,False
sh600367,20240930,11.05,22.05,0.9973,-6.15,False
sh600860,20240927,8.58,19.6,0.8667,-2.1,False
sh605228,20250624,10.97,37.54,0.3974,2.82,False
sh688295,20250625,20.04,32.98,0.9597,0.55,False
sh600787,20240731,4.85,16.02,0.6411,-1.24,False
sh603477,20250908,21.77,16.68,0.5524,5.14,False
sh603096,20240927,15.97,21.88,0.8879,0.5,False
sh603110,20250822,16.69,10.65,0.7714,-4.13,False
sh601399,20250630,3.0,22.48,0.6055,1.33,False
sh000846,20240926,1143.57,13.06,1.3233,13.51,False
sz003005,20250725,23.43,20.53,1.6065,2.56,False
sz002381,20240930,7.1,16.11,1.1488,-7.61,False
sz000692,20240919,2.94,15.23,1.9502,0.34,False
sz300347,20240925,53.1,24.78,0.5922,27.17,True
sz000421,20240925,4.89,46.55,0.3464,7.57,False
sz399648,20240926,9160.71,11.63,1.1699,12.07,False
sz002132,20240925,2.26,14.75,1.513,11.53,False
sz300072,20260413,4.95,35.02,1.0837,-5.66,False
sz301270,20250916,41.15,28.27,2.3122,-9.02,False
sz300493,20240807,7.58,25.2,1.2637,17.43,False
sz002098,20250107,7.68,33.13,1.7289,-0.65,False
sz001368,20251219,25.83,24.41,1.2698,-2.52,False
sz301127,20250624,16.08,38.9,0.746,4.98,False
sz399805,20240924,1985.69,12.41,0.944,53.63,True
sz002702,20240930,3.82,27.3,1.2985,-6.81,False
sz002265,20240923,9.27,19.17,1.3804,14.02,False
sz000776,20240919,11.77,13.67,0.8892,13.17,False
sz300539,20240821,8.22,42.7,0.474,-7.91,False
sz002963,20251215,14.45,46.13,0.6045,3.46,False
sz300010,20240731,2.62,39.11,0.7433,12.21,False
sz001326,20251225,42.14,32.38,1.1165,12.36,False
sz002478,20240930,5.23,19.37,1.8999,-5.16,False
sz000738,20240926,19.66,23.74,0.776,11.95,False
sz399551,20240927,6911.19,16.02,0.7747,6.51,False
sz300577,20240731,17.78,36.55,1.9535,-3.99,False
sz001212,20251024,49.67,48.0,0.4389,0.28,False
sz300124,20240927,53.89,29.42,0.9167,7.48,False
sz002678,20240926,3.87,37.8,0.4092,7.49,False
sz301369,20250624,52.72,33.5,0.4603,7.36,False
sz300738,20250625,20.18,36.78,1.0561,-2.92,False
sz002485,20240808,2.83,27.15,0.3183,3.53,False
sz300443,20240927,17.46,31.79,0.462,7.04,False
sz000823,20251020,12.39,21.63,0.8413,11.7,False
sz002351,20240930,12.15,44.11,1.1955,-0.82,False
sz300397,20240930,10.15,29.16,1.1867,17.14,False
sz300891,20251009,9.58,28.06,1.5517,-1.36,False
sz002655,20240814,10.57,31.41,0.6228,-2.08,False
sz002006,20240930,13.58,24.43,1.5291,-4.42,False
sz302132,20260109,86.05,26.85,0.8496,-5.8,False
sz301070,20251124,52.77,47.13,0.89,6.77,False
sz300715,20250624,9.83,52.44,0.4287,-1.83,False
sz002561,20240730,8.03,24.36,0.8028,4.23,False
sz002835,20240930,16.03,33.38,0.7393,0.75,False
sz002048,20240731,12.61,16.69,1.7412,-5.31,False
sz002181,20240925,3.4,17.65,0.625,7.05,False
sz000988,20240926,30.16,13.39,0.6256,15.48,False
sz300692,20260402,8.63,25.85,1.1208,-3.82,False
sz000039,20240930,8.82,25.94,0.7299,-4.88,False
sz300970,20250904,14.27,20.09,1.0395,2.73,False
sz399403,20240927,7409.61,16.3,1.6824,3.5,False
sz300425,20240924,4.27,13.27,1.7206,23.87,True
sz399399,20240926,6375.89,11.02,1.1592,12.39,False
sz300142,20240927,12.23,20.94,1.443,21.5,True
sz002184,20240926,9.38,23.42,1.3275,4.9,False
sz301512,20250624,41.41,32.02,0.2669,1.4,False
sz300710,20250922,19.48,16.97,2.5641,-1.28,False
sz002337,20240926,4.04,21.03,0.6604,9.16,False
sz301288,20250708,12.85,39.28,0.4665,-0.39,False
sz000510,20240927,3.31,17.52,0.7558,-0.6,False
sz300408,20250811,34.9,13.12,1.3452,25.76,True
sz301571,20251029,48.3,23.56,0.5387,-4.93,False
sz002507,20240924,12.48,11.34,1.1814,19.55,False
sz000869,20240926,22.17,14.17,2.2514,9.11,False
sz000014,20240926,9.82,26.05,1.1871,-0.2,False
sz301322,20251020,29.81,33.52,0.5514,3.86,False
sz002060,20240927,3.52,24.31,1.6307,1.99,False
sz000573,20240925,2.34,15.09,1.0495,8.55,False
sz002633,20240801,6.89,31.94,0.761,4.06,False
sz200055,20240930,1.65,15.49,2.6459,0.0,False
sz300215,20240806,4.84,53.41,0.6521,3.72,False
sz300913,20250626,44.78,37.65,0.4312,1.2,False
sz002549,20240919,5.93,31.54,0.7031,5.9,False
sz399233,20240927,2241.56,11.44,1.0818,5.69,False
sz300321,20241008,18.91,45.84,0.6223,-14.54,False
sz301258,20260115,35.03,20.97,0.8081,6.62,False
sz000913,20240809,14.17,52.43,0.6067,-6.63,False
sz300827,20250708,24.17,36.26,1.3883,-1.2,False
sz399660,20240927,1788.38,13.72,1.11,7.11,False
sz000409,20240927,8.12,15.52,1.2395,3.2,False
sz399987,20240927,6086.6,24.33,1.8103,0.05,False
sz002966,20251014,8.36,15.91,0.6275,-1.32,False
sz300869,20251124,16.56,20.45,0.883,1.21,False
sz300192,20240731,10.97,34.29,1.5652,21.7,True
sz002154,20241129,4.57,44.72,0.2335,7.88,False
sz300608,20240924,9.89,29.61,1.7799,60.16,True
sz300624,20250708,65.18,32.76,0.3563,8.16,False
sz000710,20240812,8.25,30.98,0.3807,-8.0,False
sz002599,20240927,5.23,23.04,0.8074,10.52,False
sz002905,20251230,11.62,26.16,0.8637,-4.73,False
sz301141,20251027,60.08,38.64,0.784,-3.23,False
sz301468,20260408,51.8,57.39,1.9425,3.55,False
sz300342,20240806,13.58,43.7,0.6338,-2.13,False
sz000697,20240801,6.26,61.43,0.5704,-9.82,False
sz002384,20250604,29.9,55.85,0.5442,4.85,False
sz300076,20240815,3.75,25.77,0.5494,0.53,False
sz002461,20250124,8.95,15.52,1.9898,1.45,False
sz000415,20240826,2.47,21.73,1.5533,-4.45,False
sz002106,20240930,9.32,41.52,0.8805,-0.11,False
sz300875,20251114,45.08,41.77,0.5103,1.11,False
sz301590,20251224,185.3,45.96,0.4603,-4.32,False
sz300373,20240927,38.43,31.66,0.8041,11.45,False
sz300792,20250801,25.89,15.26,0.4573,-1.04,False
sz002148,20240920,4.99,13.29,0.673,3.6,False
sz000096,20240930,9.8,17.89,1.6086,-3.88,False
sz002585,20240930,5.66,24.95,1.7248,-6.18,False
sz002919,20250624,16.64,24.65,0.9049,4.57,False
sz300543,20240816,7.46,30.83,0.9816,-5.09,False
sz300816,20250801,31.88,21.93,0.5289,7.69,False
sz002778,20240927,10.63,21.5,0.8195,10.25,False
sz300296,20250811,6.44,13.05,0.9153,2.95,False
sz300024,20240927,10.56,13.9,1.13,14.39,False
sz002251,20241028,3.22,29.04,0.8955,4.04,False
sz300676,20250724,52.87,28.72,0.3435,0.61,False
sz300858,20251022,17.68,44.55,0.6715,-0.45,False
sz002736,20240913,8.3,19.15,0.7571,9.4,False
sz301113,20251218,22.98,31.59,1.117,8.53,False
sz300639,20240813,6.45,37.45,0.5446,3.72,False
sz300439,20240816,9.62,17.64,0.6273,-9.46,False
sz002536,20240930,10.06,31.54,0.5971,2.19,False
sz000676,20240919,6.23,17.6,0.6993,11.72,False
sz002365,20240731,7.12,26.67,0.327,0.84,False
sz002051,20240925,7.06,14.81,1.1534,12.03,False
sz300097,20240904,6.5,30.87,1.0845,-5.54,False
sz399905,20240927,5201.67,11.8,1.2666,5.17,False
sz002602,20240927,3.79,18.57,1.164,1.58,False
sz001268,20260226,34.16,21.29,1.0889,-6.38,False
sz002198,20240930,6.87,36.19,0.292,-8.44,False
sz300477,20240927,2.77,25.79,1.1733,5.05,False
sz000638,20240924,3.92,27.25,0.8079,23.47,True
sz301069,20250625,15.76,41.17,0.3931,0.63,False
sz300110,20240816,3.55,21.52,0.8961,-12.68,False
sz001226,20250624,27.89,38.08,0.2945,0.97,False
sz000875,20240806,4.77,37.92,0.3792,0.99,False
sz000008,20240801,2.34,25.39,1.045,-10.68,False
sz300941,20250908,25.85,30.31,0.9752,1.28,False
sz002987,20251231,21.53,17.58,0.956,-3.07,False
sz002348,20240927,2.59,16.19,1.1985,11.97,False
sz300247,20240926,2.64,14.25,0.9488,16.67,False
sz002801,20240910,20.04,28.13,0.8665,-10.18,False
sz002555,20240925,13.23,19.76,1.23,20.49,True
sz301370,20250630,10.65,23.18,0.3506,0.56,False
sz300593,20240730,10.19,39.52,0.8335,2.85,False
sz002032,20240912,49.22,14.16,0.7436,2.68,False
sz000521,20240903,8.39,27.36,0.9145,-2.38,False
sz002664,20240930,13.8,18.36,1.3442,-6.81,False
sz301041,20251020,26.75,34.71,0.5655,9.42,False
sz399684,20240927,2005.32,22.86,2.2743,0.93,False
sz301188,20260109,18.76,13.29,1.3726,-2.72,False
sz300138,20240930,9.32,23.79,1.6839,-5.26,False
sz300724,20250729,57.71,14.9,0.9916,17.71,False
sz000610,20240926,12.56,25.7,0.8351,1.11,False
sz002303,20240820,2.12,47.85,0.5206,-1.41,False
sz001389,20251125,68.13,33.39,0.8119,2.36,False
sz300176,20240821,4.85,40.17,0.579,-6.6,False
sz300411,20240930,12.95,47.69,0.8611,-5.79,False
sz399437,20240924,4792.53,12.56,0.4249,44.93,True
sz002780,20240927,9.93,26.96,0.6684,0.6,False
sz000509,20240809,2.93,37.89,0.4639,-10.24,False
sz002867,20241113,11.51,44.77,1.249,0.0,False
sz000813,20240905,2.54,23.57,0.611,-3.15,False
sz300927,20251111,30.95,34.61,0.6008,-13.7,False
sz300221,20240923,5.38,32.89,0.6082,18.03,False
sz300092,20240930,11.06,36.56,2.0551,-2.89,False
sz002829,20240830,18.56,83.9,0.7394,-6.09,False
sz002054,20240930,5.42,16.86,1.4781,-5.17,False
sz002360,20240930,5.17,24.83,0.9817,-3.29,False
sz301316,20260109,51.7,32.75,0.4429,-4.99,False
sz300747,20251110,25.69,34.38,0.3881,-3.31,False
sz002533,20240731,9.12,17.79,1.1677,-6.36,False
sz399249,20240731,1316.12,27.03,0.4593,-2.99,False
sz000020,20240823,11.97,26.36,0.6716,-8.1,False
sz300969,20250624,67.19,34.61,0.4063,0.15,False
sz003019,20250812,32.96,22.03,0.6286,20.12,True
sz001359,20250624,28.71,40.65,0.8016,22.26,True
sz002160,20240924,3.18,19.92,0.4089,22.01,True
sz002733,20240927,11.58,13.34,1.3441,3.97,False
sz000969,20240731,8.38,20.12,1.0335,-1.67,False
sz002407,20240930,12.32,27.54,0.9395,-6.41,False
sz002952,20250724,20.72,28.85,0.4727,-1.35,False
sz301091,20250807,31.25,19.73,0.677,2.94,False
sz399654,20240927,1989.23,14.71,1.5751,4.73,False
sz002449,20240801,7.03,20.49,1.1079,-5.41,False
sz000927,20240926,2.51,12.65,1.1426,7.56,False
sz300813,20260320,28.21,17.19,1.036,6.91,False
sz002580,20240904,6.55,16.24,0.907,-2.6,False
sz300315,20240926,4.47,14.55,1.1949,16.11,False
sz000597,20240806,4.32,29.54,0.2796,8.1,False
sz002084,20240823,2.87,23.55,0.7378,-12.54,False
sz300525,20240920,11.98,25.86,0.5608,10.35,False
sz300870,20250625,120.97,53.45,0.4297,3.12,False
sz002279,20240912,5.01,29.39,0.4889,4.99,False
sz301175,20250625,5.11,19.11,0.3233,1.96,False
sz301388,20251125,31.98,28.1,1.5241,-1.88,False
sz002237,20240801,11.31,26.29,1.0158,-6.63,False
sz300773,20251229,26.59,18.91,1.407,-0.94,False
sz002354,20240930,3.44,28.32,1.5566,-4.94,False
sz300894,20250723,14.24,14.41,1.1403,0.98,False
sz001259,20260407,31.06,30.01,1.0365,-0.84,False
sz001896,20240930,4.14,25.34,0.7029,-5.31,False
sz301016,20250905,19.14,20.05,1.4008,10.03,False
sz000609,20241024,2.03,26.6,0.7246,15.27,False
sz002480,20240827,3.51,29.18,0.8936,-1.42,False
sz300446,20240801,14.29,40.85,1.2657,-8.05,False
sz301191,20250729,92.94,21.25,0.5958,-1.99,False
sz001217,20250905,11.59,12.49,0.7138,2.5,False
sz300121,20240926,7.62,20.25,0.902,11.41,False
sz301058,20250701,11.05,49.47,0.2513,1.27,False
sz002853,20240927,7.82,38.59,0.3248,-1.79,False
sz300276,20240821,3.76,17.8,0.7355,-10.37,False
sz300697,20251124,15.45,38.2,0.4928,5.95,False
sz002379,20240731,5.34,34.09,1.9947,-5.62,False
sz002830,20240926,10.12,18.1,0.6975,8.69,False
sz300238,20240830,9.84,25.74,1.4918,-3.66,False
sz002564,20241016,3.53,27.08,1.7311,13.31,False
sz002650,20240830,2.33,42.49,1.135,-9.01,False
sz002003,20241206,12.24,27.87,0.6519,1.47,False
sz002799,20240912,6.64,24.57,0.7897,2.71,False
sz002203,20240926,8.23,12.38,0.743,3.89,False
sz300496,20240930,52.49,41.87,1.4763,17.62,False
sz301275,20260106,54.97,6.89,0.9475,8.62,False
sz002137,20240829,5.11,18.59,1.0684,-0.78,False
sz301088,20250924,13.96,12.41,0.7556,-2.58,False
sz399244,20240926,433.52,11.88,1.4545,15.4,False
sz300511,20240819,3.66,55.58,0.4727,-23.5,False
sz000970,20240926,8.48,13.46,0.4016,11.67,False
sz300844,20250930,48.6,39.8,1.3986,2.88,False
sz002882,20251020,29.43,37.05,1.7597,4.45,False
sz002179,20240828,35.6,17.36,1.3337,3.9,False
sz001289,20250701,16.25,16.77,0.7421,2.03,False
sz003000,20250722,12.85,28.85,0.6622,-1.63,False
sz300625,20240930,11.35,24.69,1.0236,-2.82,False
sz399554,20240926,6638.15,10.32,1.131,9.48,False
sz002928,20260203,10.48,25.41,0.3464,9.83,False
sz300572,20240807,12.37,38.36,0.4352,3.31,False
sz301391,20260227,77.89,21.61,1.8155,4.26,False
sz300015,20240926,11.26,23.71,1.3913,34.9,True
sz001323,20250722,28.41,12.62,1.1655,3.74,False
sz002749,20241120,12.92,36.88,0.8345,-3.79,False
sz301216,20251124,17.01,32.76,0.878,10.05,False
sz301122,20250624,21.18,35.65,0.1936,1.56,False
sz002707,20240926,6.6,24.44,0.3359,6.06,False
sz300197,20240925,1.49,48.33,0.8698,35.57,True
sz002151,20240930,27.9,20.66,0.7674,-0.65,False
sz003028,20250625,31.1,38.29,0.5173,-2.51,False
sz301589,20250725,153.53,12.9,1.6787,-1.13,False
sz301213,20250910,53.88,61.91,0.9787,1.26,False
sz000958,20240815,3.67,33.62,0.4422,-5.45,False
sz002436,20240930,10.62,25.48,0.974,-3.48,False
sz399665,20240927,1729.7,11.3,1.7309,3.36,False
sz301169,20251021,42.3,31.24,0.7408,5.06,False
sz300643,20240815,11.13,50.09,0.5355,-5.75,False
sz002685,20240821,2.95,69.31,2.9564,-4.07,False
sz300324,20240920,2.3,41.03,0.5078,15.65,False
sz399302,20251225,220.38,0.47,1.2574,0.09,False
sz300822,20250815,19.92,22.02,0.7914,1.0,False
sz300620,20240930,42.06,20.13,0.6862,-1.81,False
sz300073,20240927,35.92,24.52,1.2653,11.8,False
sz002887,20251219,9.37,19.36,1.4251,0.53,False
sz002248,20240808,6.9,34.64,0.8832,-2.32,False
sz000975,20240731,17.42,30.49,0.9541,-2.81,False
sz300988,20251124,22.5,22.67,1.1135,5.78,False
sz300514,20240930,14.3,27.58,0.5776,-5.94,False
sz002761,20240926,8.1,17.79,0.7103,9.38,False
sz002206,20240927,3.86,17.72,0.9467,-0.26,False
sz000715,20240926,4.05,24.16,0.6048,4.56,False
sz002455,20240731,7.96,65.57,1.2418,-4.9,False
sz002900,20250912,14.2,29.45,0.5804,-6.69,False
sz300109,20240930,13.31,23.63,1.2845,-9.09,False
sz301517,20251124,44.01,45.4,0.5493,8.07,False
sz002332,20240919,10.96,15.27,0.6468,5.38,False
sz300147,20240731,4.06,59.91,0.3076,107.64,True
sz301559,20251103,17.01,19.69,0.5699,0.12,False
sz300975,20251125,12.6,33.88,1.5703,0.63,False
sz399406,20240927,11682.74,12.81,2.065,2.56,False
sz300420,20240927,2.39,17.74,1.6921,6.28,False
sz000538,20240808,49.59,15.2,0.7139,0.95,False
sz002856,20240926,7.83,48.81,0.464,20.05,True
sz300210,20240913,9.06,38.75,0.9168,-10.93,False
sz000822,20240930,6.04,25.62,2.4045,-7.12,False
sz300916,20250630,29.07,33.32,0.3016,-2.13,False
sz399236,20240926,1028.81,12.81,1.2688,12.69,False
sz002818,20240927,11.04,18.42,1.3261,1.45,False
sz002065,20240924,4.76,13.32,1.2415,31.09,True
sz000576,20240927,6.26,16.41,0.8763,3.51,False
sz001395,20251027,48.59,31.39,0.3743,0.84,False
sz002636,20240801,6.44,33.07,0.9646,-4.97,False
sz002298,20240927,4.38,32.09,0.8121,-0.68,False
sz000011,20240802,8.21,26.67,0.5544,14.37,False
sz300958,20250904,12.68,19.89,1.3486,3.08,False
sz301327,20250625,50.68,40.44,0.1904,0.0,False
sz300776,20250724,58.99,19.11,1.6644,4.85,False
sz002649,20240912,8.73,14.35,1.1584,0.92,False
sz300115,20240814,10.77,29.99,1.878,-0.09,False
sz001223,20251212,51.29,23.71,0.6504,-6.45,False
sz300472,20240806,5.34,34.27,0.4037,-4.12,False
sz301291,20250815,43.38,19.91,0.9073,-0.35,False
sz301358,20250811,34.02,22.19,0.5475,2.41,False
sz300709,20250624,38.5,44.68,0.3048,1.01,False
sz000547,20240801,7.19,29.47,0.7956,8.48,False
sz301022,20251015,35.02,47.09,0.4751,0.63,False
sz002607,20240806,2.43,71.66,0.688,-19.34,False
sz002037,20240807,6.59,44.43,1.4443,20.79,True
sz000524,20240925,8.77,28.92,0.3775,3.76,False
sz002550,20240731,5.33,16.95,1.4581,2.25,False
sz301526,20251124,5.54,48.27,0.6669,4.51,False
sz300596,20240927,26.4,20.73,1.022,4.28,False
sz002079,20240912,8.56,27.96,0.8611,-6.19,False
sz301568,20250625,38.32,40.03,0.3139,-1.88,False
sz002982,20250908,15.5,19.22,0.9832,1.94,False
sz000797,20240808,2.55,36.1,0.3691,0.0,False
sz002284,20240807,7.14,21.61,1.2654,-2.94,False
sz300242,20240819,2.4,39.15,0.7818,-15.0,False
sz300611,20240807,8.23,40.69,1.1597,-2.07,False
sz300042,20240930,21.99,38.47,2.0173,-0.55,False
sz399350,20240927,2169.46,11.94,1.1843,3.72,False
sz300376,20241008,3.94,78.4,0.5363,-16.5,False
sz301595,20251113,40.75,21.76,0.3474,-9.94,False
sz300797,20251124,16.25,39.08,0.7801,0.68,False
sz000410,20240731,6.7,36.13,1.061,-0.45,False
sz002103,20240925,5.33,14.78,0.9009,5.07,False
sz399679,20240927,4029.62,12.9,1.0814,5.7,False
sz300338,20240902,2.15,71.23,0.8593,9.77,False
sz002931,20250730,17.34,17.58,0.7957,-1.04,False
sz301116,20250807,11.58,18.26,0.685,-0.86,False
sz200706,20240806,1.75,37.15,0.8003,8.57,False
sz300994,20260121,17.34,34.5,0.4929,-3.86,False
sz300508,20240730,20.88,28.34,0.5086,-0.81,False
sz301222,20251020,29.28,26.25,2.2182,3.31,False
sz002254,20240930,10.01,21.45,1.7111,-3.5,False
sz300673,20250701,17.0,55.65,0.5543,-4.88,False
sz300292,20240816,3.58,30.99,0.6454,-1.96,False
sz301158,20260407,24.33,60.81,2.8564,2.34,False
sz001317,20251103,47.16,22.67,0.8593,-2.8,False
sz300021,20240930,3.86,28.1,1.5679,0.52,False
sz300546,20240815,11.36,62.3,0.7347,-6.34,False
sz000709,20240927,1.99,18.57,2.6056,6.03,False
sz000922,20241028,11.61,38.21,0.955,-4.22,False
sz301269,20250818,116.47,24.9,0.4566,7.01,False
sz300310,20240816,4.04,31.57,0.5102,5.45,False
sz399651,20240926,1348.08,12.97,0.6703,12.37,False
sz002402,20240927,10.36,22.47,0.6361,1.83,False
sz002398,20240827,3.78,22.08,1.0846,-10.84,False
sz300991,20260129,41.74,25.11,1.3994,0.98,False
sz002165,20240731,3.44,23.42,0.9185,0.58,False
sz002232,20240919,14.8,89.8,0.4126,26.76,True
sz000721,20240926,7.62,25.66,0.7169,6.43,False
sz301170,20251021,27.13,16.64,0.7341,4.5,False
sz002755,20240731,9.73,26.71,0.6813,8.63,False
sz300009,20240930,9.58,18.42,1.6896,-6.26,False
sz300520,20240930,18.5,24.24,1.1848,-0.81,False
sz000888,20240830,11.23,26.1,1.8329,5.52,False
sz301459,20250624,41.37,67.95,1.1031,5.56,False
sz300047,20240823,7.12,16.51,1.0476,1.26,False
sz003031,20250625,47.69,19.32,0.3582,10.59,False
sz000592,20240926,1.65,25.58,1.2442,9.09,False
sz002081,20240926,3.19,15.37,1.1278,6.9,False
sz300888,20251110,43.3,15.61,1.3667,-3.76,False
sz300414,20240902,7.04,20.69,0.7717,-8.52,False
sz002281,20240930,33.35,41.23,0.5265,-1.44,False
sz000792,20240927,17.22,23.87,0.8442,-0.41,False
sz399432,20240927,4076.07,15.22,0.8841,6.56,False
sz300173,20240927,3.8,19.69,1.4024,8.42,False
sz300209,20250414,4.73,33.79,1.4741,9.09,False
sz300721,20250724,15.07,29.14,0.4252,-0.86,False
sz000615,20241014,1.77,27.92,0.8853,-1.41,False
sz002306,20240927,2.82,23.57,1.4989,-3.19,False
sz399966,20240731,4532.07,15.57,0.8924,-3.88,False
sz002661,20240919,7.6,21.74,0.4747,8.55,False
sz399681,20240927,822.0,18.36,0.7554,1.1,False
sz301313,20250624,24.0,41.76,0.4972,0.0,False
sz000858,20240926,125.99,24.2,1.9253,14.03,False
sz000025,20240925,14.15,11.96,0.7368,11.1,False
sz301489,20260302,206.8,44.82,0.887,-10.66,False
sz301027,20250818,15.6,43.54,2.0641,-1.28,False
sz000816,20240924,1.97,38.03,0.2136,27.92,True
sz300922,20250905,24.25,39.51,1.2434,0.58,False
sz002578,20240927,2.78,19.64,1.0615,0.0,False
sz300224,20240927,9.25,15.59,0.7259,8.65,False
sz002785,20240731,25.46,15.31,0.7375,19.32,False
sz002862,20240731,9.66,35.88,0.5604,-2.51,False
sz300492,20240930,62.07,43.85,0.8113,-14.79,False
sz399649,20240927,2636.75,12.61,1.5668,1.95,False
sz002133,20240926,2.41,20.0,0.8906,0.83,False
sz002886,20250624,18.74,36.38,0.5983,0.16,False
sz300840,20250630,22.3,43.62,0.4614,-7.09,False
sz399360,20240927,4161.98,14.66,1.0847,8.55,False
sz300346,20240815,22.0,37.94,0.5681,-4.28,False
sz300621,20240809,7.98,51.02,0.2541,-6.39,False
sz300576,20240813,28.34,39.66,0.5442,-3.5,False
sz301395,20251028,11.39,21.88,0.4197,-0.18,False
sz399550,20240926,6714.91,10.3,0.9062,10.18,False
sz000739,20240924,13.75,23.88,0.4146,26.32,True
sz301168,20260130,44.18,19.05,0.7482,-0.43,False
sz300011,20240731,5.63,26.07,0.8819,-0.36,False
sz002962,20250625,15.51,31.1,0.4216,-2.26,False
sz300538,20240927,15.41,43.21,0.2779,3.31,False
sz000777,20240815,15.9,33.28,0.628,-13.27,False
sz002264,20240927,5.3,30.11,1.0641,-6.98,False
sz399804,20240927,1343.71,13.25,1.1152,2.72,False
sz300196,20240927,10.23,13.3,1.2703,4.3,False
sz002703,20240927,11.6,24.84,0.5431,10.26,False
sz301126,20250624,10.78,30.4,0.3908,3.62,False
sz002150,20240912,13.41,28.2,0.6509,0.3,False
sz002099,20240902,5.64,27.99,0.6779,-4.26,False
sz002299,20241008,13.56,29.02,2.4711,-9.88,False
sz300890,20251128,32.58,30.71,1.4873,-6.11,False
sz300396,20241008,20.37,39.58,2.052,-23.37,False
sz301326,20250624,69.1,46.0,0.8514,17.68,False
sz300777,20250908,35.7,25.12,1.4275,-1.65,False
sz002637,20240802,8.46,23.94,0.6151,0.0,False
sz002484,20240926,13.42,21.62,1.8059,8.72,False
sz000539,20240930,5.03,23.49,0.71,-6.56,False
sz002679,20240926,7.38,26.12,0.8587,3.52,False
sz001213,20250624,4.0,11.53,0.5534,1.03,False
sz002049,20240926,53.18,25.16,1.0522,25.03,True
sz301516,20250624,16.4,33.79,0.2351,5.98,False
sz301345,20260203,217.57,32.12,1.1637,0.46,False
sz000514,20240815,3.35,63.05,0.2159,-7.77,False
sz002007,20240930,17.21,23.41,1.1298,-9.41,False
sz301622,20250929,79.58,20.91,2.2389,4.78,False
sz002651,20240801,5.56,28.54,1.1759,16.37,False
sz301289,20250630,48.8,34.05,0.6084,1.02,False
sz300711,20250630,22.88,28.6,0.4341,-3.54,False
sz000625,20240930,14.54,36.41,0.6546,-10.6,False
sz002565,20240815,2.68,29.52,0.5993,-13.43,False
sz300630,20241112,11.79,61.38,0.7053,-10.43,False
sz002831,20240930,24.39,22.71,1.0328,-4.33,False
sz002185,20240927,8.43,22.58,0.6798,11.74,False
sz300143,20240909,8.72,17.16,0.7693,-17.78,False
sz300277,20240912,7.09,20.75,0.4537,5.81,False
sz399398,20240927,9833.64,12.59,1.2065,2.59,False
sz300424,20240927,13.02,56.63,0.4141,6.91,False
sz399402,20240925,2662.42,9.42,0.6277,18.44,False
sz301190,20251031,25.25,37.36,2.4583,-3.45,False
sz301059,20250624,11.13,37.74,0.2017,9.25,False
sz002852,20240930,7.41,34.15,0.7559,-4.59,False
sz002548,20240930,4.34,22.31,1.2649,-6.68,False
sz399232,20240930,2702.59,22.13,0.8591,-3.64,False
sz000826,20240927,1.83,30.87,0.7421,0.55,False
sz300214,20240930,5.53,26.33,3.5011,2.53,False
sz300447,20240930,13.58,31.23,0.7387,3.68,False
sz001258,20250929,7.25,14.39,0.8107,2.76,False
sz000572,20240927,3.44,46.61,0.2589,-2.33,False
sz001391,20250724,6.93,15.66,0.9542,-3.17,False
sz002061,20240926,3.64,15.74,2.4869,7.68,False
sz301323,20251219,54.05,60.61,0.2716,3.24,False
sz000868,20240826,4.6,54.16,2.5827,-6.3,False
sz300393,20240927,6.72,27.12,1.9521,6.99,False
sz002506,20240927,2.1,17.62,1.4095,1.43,False
sz300895,20250624,43.74,35.28,0.6798,2.63,False
sz300609,20240730,19.24,34.02,0.7583,5.77,False
sz300193,20240731,6.87,33.59,0.7513,-1.75,False
sz000895,20240926,23.54,13.84,1.1572,1.74,False
sz002681,20240829,4.37,20.53,1.3923,-2.52,False
sz399986,20240815,6128.17,8.79,0.7814,3.55,False
sz300647,20240731,4.78,60.76,0.8558,-5.44,False
sz399661,20240926,4845.8,12.35,1.7418,10.92,False
sz000912,20240919,3.83,13.25,1.713,6.01,False
sz300826,20250626,16.52,35.23,0.4768,4.84,False
sz301259,20250724,45.09,48.35,0.1995,-11.42,False
sz002929,20250822,49.98,24.07,0.7579,8.9,False
sz300320,20240806,7.49,33.75,1.3516,-5.21,False
sz300077,20240906,10.04,50.51,0.6001,-4.78,False
sz300510,20240911,4.62,22.35,1.2537,-18.18,False
sz300343,20240911,5.4,24.37,1.1609,-26.11,False
sz301469,20251224,29.3,17.63,0.9813,3.65,False
sz002765,20240731,4.84,26.5,0.6432,-4.13,False
sz300039,20240812,5.78,19.27,0.7025,-4.67,False
sz000851,20240902,3.11,76.55,1.3775,2.25,False
sz002598,20240927,7.62,13.94,1.2438,-0.13,False
sz000711,20241101,1.81,13.79,1.2936,6.63,False
sz300497,20240927,9.15,20.59,1.4484,0.22,False
sz003030,20251015,19.54,14.28,1.5656,0.82,False
sz000593,20240927,4.97,14.14,0.9724,5.63,False
sz300615,20240807,11.24,27.68,0.8467,6.23,False
sz002080,20240930,12.54,34.49,1.2727,-4.3,False
sz300793,20250625,18.16,42.9,0.3763,-3.63,False
sz301591,20250630,38.32,44.92,0.5256,3.91,False
sz399354,20240926,6737.44,12.96,1.1721,11.4,False
sz301112,20260112,42.96,64.55,0.2267,-5.26,False
sz002737,20250106,20.89,13.33,0.6398,-8.66,False
sz301226,20250624,27.3,47.89,0.4628,-0.62,False
sz300990,20260325,81.61,35.07,0.8543,-1.97,False
sz300025,20240927,9.37,40.37,0.7326,-5.98,False
sz399003,20240809,7421.46,7.23,1.7845,-0.3,False
sz002779,20240807,23.13,46.78,0.9061,5.74,False
sz000923,20240930,16.35,43.58,0.5945,-7.34,False
sz300542,20240730,12.08,60.48,0.6157,6.29,False
sz002918,20250721,8.82,11.99,1.1908,2.49,False
sz002584,20240924,6.41,23.48,0.4712,26.53,True
sz300311,20240920,3.85,57.67,1.1473,14.03,False
sz001227,20251022,2.44,10.18,0.9128,-0.82,False
sz300111,20240808,2.42,40.03,0.9497,-0.83,False
sz000639,20240927,2.72,28.63,0.8672,0.74,False
sz002579,20240927,7.21,18.57,1.0682,2.91,False
sz300476,20240927,33.7,51.75,1.0299,19.44,False
sz002199,20240820,6.17,96.28,0.183,3.4,False
sz001269,20250630,25.6,39.51,0.3347,4.22,False
sz300096,20240905,3.02,50.26,0.8616,-8.94,False
sz002603,20240930,17.72,30.97,0.7914,-6.94,False
sz301026,20251029,27.13,26.45,0.7949,-2.17,False
sz002364,20240731,5.9,26.59,1.1773,0.51,False
sz301312,20251126,48.45,43.6,0.7074,-1.03,False
sz300743,20251110,19.68,30.35,0.321,-3.05,False
sz000677,20240731,2.69,44.66,1.0918,-2.6,False
sz300438,20240822,23.63,38.53,0.5003,15.07,False
sz301616,20251124,49.15,19.31,1.7141,4.11,False
sz000520,20240926,2.52,28.98,0.9757,10.71,False
sz002033,20240927,8.74,17.68,0.8054,-5.72,False
sz300720,20251015,23.46,30.45,0.5786,3.84,False
sz301371,20250721,25.97,22.29,0.6278,1.85,False
sz002554,20240926,2.4,17.17,1.0917,8.75,False
sz002800,20240923,9.7,33.05,0.4925,16.19,False
sz399707,20240924,4739.96,12.98,0.4547,43.49,True
sz000793,20240912,1.31,33.09,0.4605,8.4,False
sz000009,20240930,9.58,22.16,2.0671,-6.58,False
sz300940,20251113,26.14,26.23,1.2019,-6.2,False
sz399436,20240930,4613.72,25.85,0.9274,-4.53,False
sz300410,20240816,5.81,81.57,0.2839,-11.19,False
sz300243,20240930,9.46,29.41,0.9796,4.65,False
sz300177,20240826,6.17,47.87,0.7902,-0.97,False
sz000042,20240926,4.39,29.7,0.8587,5.92,False
sz002302,20240826,5.78,20.22,0.8538,15.21,False
sz300725,20250624,34.9,32.35,0.6809,9.48,False
sz399685,20240927,1677.85,16.31,1.7259,5.39,False
sz301040,20250912,23.95,74.75,2.4537,-7.27,False
sz000021,20240731,14.2,27.73,0.4977,-7.32,False
sz300968,20250818,15.59,21.73,0.7844,2.18,False
sz399248,20240927,714.1,16.39,1.6906,0.36,False
sz000672,20240826,5.98,15.53,0.7466,-4.01,False
sz002361,20240731,3.18,28.83,0.8028,3.46,False
sz000546,20240904,4.75,22.89,1.2213,0.0,False
sz002828,20240930,8.77,21.32,0.89,0.91,False
sz002055,20240731,6.79,37.36,0.8971,-7.51,False
sz002606,20250107,9.01,30.93,0.9573,1.11,False
sz300220,20240731,7.26,43.92,0.6859,-2.07,False
sz000812,20240807,4.08,23.53,0.5862,-8.08,False
sz300926,20250624,26.14,42.01,0.4926,0.73,False
sz301359,20251024,20.7,22.44,0.8365,-0.97,False
sz002648,20240927,17.01,24.99,0.8109,2.76,False
sz300314,20240925,10.89,23.62,1.9203,10.74,False
sz000708,20240930,12.93,30.21,1.1974,-6.42,False
sz000926,20240926,2.3,31.39,0.7625,6.96,False
sz399655,20240927,9464.7,13.24,1.0538,3.27,False
sz001316,20251022,33.23,20.94,0.6723,4.39,False
sz301090,20250924,7.67,13.88,1.2381,-1.04,False
sz301223,20251218,17.87,12.35,0.9362,4.81,False
sz300672,20251106,85.59,24.68,0.7049,19.46,False
sz002406,20240926,5.03,19.35,1.1656,8.55,False
sz002161,20240731,4.6,23.29,0.5471,-2.61,False
sz000725,20240927,4.1,19.06,0.4394,0.98,False
sz002236,20240927,15.35,17.64,1.1322,-0.52,False
sz301413,20250729,86.57,38.78,0.4694,-2.07,False
sz001872,20260226,20.16,5.03,0.9982,4.41,False
sz301389,20251217,53.47,54.98,0.372,7.5,False
sz002278,20240924,4.34,35.06,0.4204,21.43,True
sz300871,20250905,22.35,24.52,1.8672,0.0,False
sz002085,20240927,13.8,37.67,0.5508,-4.71,False
sz000596,20241008,217.29,44.54,1.6304,-15.29,False
sz300043,20240830,2.73,23.2,1.0108,-8.79,False
sz003035,20251128,4.82,15.71,1.5759,-2.9,False
sz399106,20240926,1638.36,11.44,1.0848,16.6,False
sz300120,20240807,5.43,65.03,2.722,-0.74,False
sz001216,20260330,17.59,33.96,2.1682,7.79,False
sz002481,20240926,4.27,22.7,0.4834,10.54,False
sz300912,20251224,16.85,28.59,2.8379,-2.08,False
sz000608,20240924,1.71,19.0,0.7459,61.4,True
sz301017,20251031,12.27,25.84,0.6863,2.04,False
sz002632,20240828,7.02,29.9,0.4673,4.99,False
sz300409,20240903,9.14,17.9,0.7827,-1.75,False
sz002355,20240813,4.47,51.23,1.7685,-2.91,False
sz300772,20260206,18.59,31.9,0.9104,1.13,False
sz002798,20240926,3.61,18.13,0.7429,3.05,False
sz200037,20240930,1.75,17.18,2.3926,3.43,False
sz200550,20250206,9.84,19.39,1.1941,1.02,False
sz300239,20240927,4.99,18.99,1.1353,3.21,False
sz300971,20251225,24.09,24.35,1.2958,0.75,False
sz002378,20240927,6.18,19.44,0.9237,2.1,False
sz300696,20260409,30.07,31.76,1.8977,13.93,False
sz003001,20250714,27.67,22.97,0.929,11.06,False
sz001288,20250722,21.75,15.16,0.6488,-8.28,False
sz002178,20240926,3.75,26.49,0.7381,31.73,True
sz399602,20240926,824.18,12.26,0.6568,14.19,False
sz002883,20250624,11.1,31.07,0.4279,1.53,False
sz300845,20250924,11.08,30.89,2.1621,-2.62,False
sz002385,20240927,4.28,12.81,0.7484,-2.57,False
sz301089,20251022,32.75,26.77,0.7874,-4.4,False
sz002136,20240930,10.1,17.11,1.3901,-5.45,False
sz000425,20240826,6.58,19.8,0.4688,-5.78,False
sz002202,20240826,7.82,26.78,0.8381,4.09,False
sz002451,20240925,5.29,20.01,0.7452,15.5,False
sz002706,20240927,6.65,22.49,1.2977,-1.65,False
sz301123,20250624,22.01,40.69,0.2114,2.09,False
sz002155,20240807,12.12,37.24,1.3328,-2.28,False
sz002967,20250709,18.39,28.25,0.3525,-5.0,False
sz002261,20240903,12.32,28.18,0.8537,-1.06,False
sz301217,20260212,36.96,29.27,0.7165,28.38,True
sz300868,20250725,32.09,35.94,1.6035,-4.49,False
sz002432,20240808,40.99,14.07,0.7451,-1.68,False
sz002748,20240930,5.91,26.95,0.7698,-5.75,False
sz000408,20240926,24.85,21.09,0.6056,1.09,False
sz001322,20250916,8.44,14.72,1.8324,-5.81,False
sz300014,20240731,37.65,25.29,0.8655,-0.85,False
sz301390,20250905,36.05,19.32,0.8483,2.16,False
sz300573,20250324,55.85,24.62,0.9557,-2.44,False
sz399555,20240926,4713.72,11.93,1.1832,9.04,False
sz000917,20240925,5.61,11.68,1.0523,7.13,False
sz300823,20251020,15.39,20.98,0.732,6.63,False
sz399303,20240927,6368.0,12.39,1.3269,5.64,False
sz002479,20240822,3.7,23.53,0.4106,-3.24,False
sz399983,20240926,2346.81,16.53,1.2186,6.01,False
sz300642,20240816,14.0,32.14,0.5343,-15.14,False
sz399664,20240927,861.66,14.7,1.0561,3.63,False
sz002437,20240925,1.94,19.77,0.5708,10.31,False
sz000959,20240925,2.9,12.63,2.5018,13.8,False
sz301212,20250908,27.11,16.8,1.9393,1.66,False
sz301588,20250703,18.74,31.96,0.2704,0.37,False
sz000890,20240926,3.03,35.88,1.2543,2.64,False
sz003029,20251015,25.48,32.66,1.168,4.67,False
sz002901,20251201,49.46,24.81,1.3776,-1.94,False
sz300308,20240926,128.78,50.8,0.5945,25.65,True
sz002454,20240927,5.7,17.29,0.7076,1.58,False
sz002207,20240812,5.01,48.22,0.528,-8.18,False
sz000420,20240930,3.42,21.87,1.524,-8.19,False
sz002760,20240822,15.28,31.75,0.876,-12.04,False
sz399413,20240930,145.91,8.47,0.8978,-1.02,False
sz300515,20240731,9.31,28.23,1.2125,-3.98,False
sz002380,20240731,16.95,23.03,1.6957,-3.42,False
sz300989,20250627,16.38,33.27,0.3747,1.83,False
sz002249,20240919,4.55,11.08,1.1301,4.39,False
sz003004,20250908,19.74,17.71,1.7496,3.34,False
sz000989,20240927,6.68,13.49,0.693,0.6,False
sz300272,20240802,4.75,80.31,0.2642,-4.0,False
sz300693,20250716,31.67,18.55,0.6456,-2.02,False
sz300421,20240731,8.7,43.09,0.8204,-3.33,False
sz399407,20240927,1866.55,14.68,0.957,8.97,False
sz301558,20250625,8.86,61.62,0.297,-0.45,False
sz002180,20240924,25.5,28.89,0.6351,30.67,True
sz300146,20240930,14.54,26.63,0.746,-10.93,False
sz002333,20240930,5.71,17.93,2.3265,-5.95,False
sz000620,20240930,1.86,33.44,1.9126,-11.83,False
sz002560,20240927,5.57,16.87,0.864,3.23,False
sz002654,20240927,10.54,26.02,0.4767,-0.38,False
sz301071,20250811,30.97,13.87,0.6837,-0.26,False
sz002350,20240801,5.07,39.58,1.5645,-3.94,False
sz000010,20240924,1.87,23.26,0.4526,20.86,True
sz300959,20250707,43.51,54.93,1.2272,-0.64,False
sz001914,20250908,12.03,20.82,0.7992,2.24,False
sz002819,20240830,23.22,29.95,0.6164,0.82,False
sz002064,20240819,7.15,14.91,1.0697,-2.24,False
sz301368,20250819,76.39,19.24,1.1129,-6.9,False
sz300739,20251020,15.19,28.22,1.1262,8.76,False
sz399237,20240731,940.33,14.44,0.487,-1.43,False
sz300917,20250710,49.36,43.81,0.4609,-9.62,False
sz300211,20240814,6.16,33.08,0.4569,-14.12,False
sz300442,20240925,24.22,17.11,0.9275,37.03,True
sz301195,20250908,35.78,23.22,1.8945,-3.13,False
sz300125,20240807,3.65,130.79,1.4589,-21.9,False
sz002857,20240930,11.76,48.28,0.5543,-7.73,False
sz301317,20251027,33.43,30.28,0.6768,-2.0,False
sz300746,20260120,14.24,28.37,1.2242,-1.69,False
sz002532,20240926,7.01,42.06,0.4075,6.57,False
sz000995,20240919,10.19,37.23,1.613,18.06,False
sz300093,20240927,13.12,39.69,1.143,8.45,False
sz301023,20250624,42.07,47.94,1.0503,1.26,False
sz300708,20250708,8.58,26.14,1.486,3.84,False
sz301290,20251111,26.68,20.6,2.1064,2.29,False
sz300473,20240802,15.4,31.92,0.544,-4.48,False
sz001222,20260120,23.92,22.42,0.8677,-4.43,False
sz002866,20240912,13.61,29.34,1.4124,1.98,False
sz002285,20240808,1.97,61.37,0.2836,1.52,False
sz000796,20240731,3.31,19.82,0.6821,-2.42,False
sz002983,20251016,20.51,22.82,1.3734,0.34,False
sz300945,20260126,20.21,16.94,1.1719,-8.26,False
sz000338,20240930,14.8,27.52,1.023,-9.12,False
sz002805,20240905,11.71,29.04,0.8154,-6.49,False
sz002078,20240927,13.84,23.5,0.9079,-1.66,False
sz001388,20260119,45.91,14.89,0.5024,-0.78,False
sz002498,20240930,3.45,17.12,2.5578,-4.93,False
sz300597,20240807,7.15,28.94,0.9389,-0.28,False
sz002551,20240926,2.72,26.99,0.8748,9.18,False
sz301613,20251010,53.55,23.36,0.732,-7.82,False
sz000525,20240808,6.32,35.32,0.6714,18.62,False
sz002036,20240906,7.43,21.05,0.6449,-8.21,False
sz300139,20240906,12.63,33.48,0.8677,-1.11,False
sz002930,20250922,10.83,19.86,1.1566,-4.25,False
sz300339,20240920,22.12,17.04,1.6169,40.46,True
sz002465,20240930,10.56,25.36,1.381,-1.61,False
sz002102,20240930,2.7,46.41,0.8473,-8.15,False
sz000411,20240927,9.57,12.91,1.3178,0.73,False
sz002698,20240927,13.24,18.56,1.1264,-1.13,False
sz002594,20240314,68.34,26.27,2.971,3.35,False
sz300796,20250905,10.45,24.57,1.3187,-0.77,False
sz300377,20240731,6.08,26.78,1.0783,-8.88,False
sz300610,20240930,9.53,21.32,1.1622,-3.36,False
sz002448,20240930,6.22,20.26,1.1592,-5.95,False
sz300812,20251021,24.25,19.03,0.7407,8.45,False
sz300547,20240930,17.18,26.97,0.8196,-1.86,False
sz002581,20240930,10.8,27.12,1.6963,-6.11,False
sz300020,20241022,2.39,50.84,1.7064,12.55,False
sz301159,20251021,34.54,24.51,0.9559,2.2,False
sz000968,20240930,6.68,18.44,1.4984,-3.14,False
sz300293,20240830,15.47,46.73,0.9091,2.2,False
sz002255,20240930,5.04,19.78,1.1271,-4.36,False
sz002953,20250708,10.7,27.02,0.4792,-0.37,False
sz300509,20240830,4.67,17.32,0.9173,-0.86,False
sz300995,20251020,46.76,51.54,0.5376,0.43,False
sz003018,20251021,11.87,18.37,0.8291,3.71,False
sz001358,20251124,26.5,28.7,0.4778,1.96,False
sz301117,20250626,22.32,36.32,0.4642,-0.31,False
sz002732,20240927,15.25,13.52,1.5979,-1.31,False
sz002164,20240925,4.2,16.66,0.793,6.43,False
sz300638,20240930,14.5,60.22,0.3087,-4.14,False
sz002399,20240925,9.31,24.9,0.4212,23.2,True
sz002956,20251029,21.8,24.2,1.7081,1.79,False
sz002250,20240927,5.4,14.43,1.4252,-1.48,False
sz300677,20250701,24.32,22.74,0.4224,4.11,False
sz002403,20240821,7.7,27.14,0.7095,-16.88,False
sz300859,20250721,37.21,18.22,0.7946,2.36,False
sz399650,20240927,1966.19,13.42,0.759,3.32,False
sz001313,20251111,7.64,11.73,1.1058,8.38,False
sz301095,20260105,74.58,42.03,0.4427,6.32,False
sz301268,20251113,20.72,29.41,1.3567,-3.72,False
sz300817,20250624,22.52,53.28,0.943,2.93,False
sz300046,20240920,15.16,48.52,1.1565,14.05,False
sz002149,20240927,13.49,13.6,0.8195,2.37,False
sz301458,20250714,34.49,27.14,1.8527,3.65,False
sz000889,20240731,1.72,48.22,0.5092,5.81,False
sz300521,20240806,10.41,29.48,0.79,-1.34,False
sz200761,20240926,1.48,27.16,3.5949,0.0,False
sz300008,20240731,3.91,21.58,0.7719,-1.79,False
sz002107,20240927,4.15,18.95,1.4497,4.1,False
sz301171,20250718,27.6,20.72,0.7476,3.55,False
sz300614,20260120,15.08,29.81,1.084,1.86,False
sz000720,20240924,2.66,30.25,1.1476,21.43,True
sz002233,20240925,6.8,16.01,1.7004,4.27,False
sz002460,20240927,31.19,15.28,1.3267,0.83,False
sz002935,20250905,15.31,17.44,1.4126,3.46,False
sz399967,20240927,9227.7,17.76,0.8733,6.99,False
sz002660,20240911,7.4,19.54,0.8163,-2.43,False
sz301522,20250630,35.61,25.64,0.5299,-1.57,False
sz002307,20240827,3.46,29.88,0.6961,-12.72,False
sz300592,20240927,12.23,27.72,1.1633,2.45,False
sz300172,20240930,5.35,26.3,1.2804,-2.43,False
sz301658,20251103,32.98,32.98,1.2341,0.73,False
sz002986,20250717,10.88,21.88,1.3552,4.87,False
sz399433,20240731,1612.95,8.25,0.8434,-0.9,False
sz002349,20240812,7.42,21.37,0.6913,-8.35,False
sz300415,20240926,19.56,25.29,1.0708,16.16,False
sz300246,20240926,6.45,19.14,0.6779,13.33,False
sz002863,20240927,4.06,17.67,0.8189,2.71,False
sz301068,20251201,30.66,26.01,1.5016,-5.19,False
sz301295,20251128,27.16,27.33,0.4591,-0.04,False
sz300225,20240903,5.49,26.37,0.4635,-2.91,False
sz300923,20251124,25.98,16.8,1.4134,0.46,False
sz000543,20241206,7.96,26.32,0.4862,-3.14,False
sz002050,20240927,21.2,29.33,0.943,1.65,False
sz000990,20240927,7.48,25.79,0.8419,4.14,False
sz000859,20240902,3.87,61.87,0.2924,-13.18,False
sz002537,20240801,5.35,19.54,0.5085,-3.55,False
sz300326,20240925,4.31,35.32,0.6076,22.51,True
sz300575,20240927,6.02,32.36,0.459,4.32,False
sz399553,20240926,6382.74,11.09,0.7976,12.0,False
sz001324,20251009,19.69,24.99,1.0107,0.86,False
sz300012,20240812,11.77,27.29,1.2369,-5.52,False
sz002961,20251128,22.29,32.5,2.1595,19.83,False
sz002267,20240927,6.78,26.8,0.7716,5.9,False
sz399807,20240819,1262.52,6.55,1.0835,-2.85,False
sz002700,20241015,8.21,43.05,1.6119,-2.92,False
sz301125,20251210,18.69,38.89,1.1249,-8.13,False
sz000589,20240930,5.28,23.61,1.0011,-6.63,False
sz300491,20240930,16.74,28.62,0.5107,-6.27,False
sz301272,20250624,35.13,35.75,0.5338,2.56,False
sz002457,20240806,7.82,17.22,0.6044,1.92,False
sz002902,20251105,21.58,24.47,1.2554,-1.39,False
sz001309,20250702,86.93,34.22,1.1506,-0.16,False
sz002130,20240930,13.82,52.64,1.6721,12.52,False
sz002885,20250624,13.81,35.42,0.2728,1.59,False
sz002419,20240926,4.4,13.08,1.0231,8.41,False
sz000977,20240927,37.57,27.46,0.505,4.71,False
sz300345,20240807,7.3,36.73,0.5314,-4.93,False
sz002383,20240731,6.3,30.65,0.9177,0.79,False
sz000690,20240930,4.7,33.47,1.4517,-7.23,False
sz300622,20250617,36.03,46.17,0.3001,-1.3,False
sz300977,20250624,17.62,29.48,0.3032,3.46,False
sz300690,20250624,23.3,43.96,0.2519,3.22,False
sz300271,20240926,5.18,28.57,1.1962,28.57,True
sz002183,20240919,3.16,15.38,1.3045,6.96,False
sz000559,20240909,4.51,12.8,0.9805,5.32,False
sz002837,20240731,17.83,26.89,2.6875,-8.2,False
sz002563,20240927,5.24,32.28,1.03,16.41,False
sz002004,20240812,3.96,21.94,0.4564,2.78,False
sz000517,20240926,2.35,32.0,3.5432,-0.85,False
sz300893,20250624,16.86,34.15,0.7179,2.88,False
sz399429,20240927,1226.95,12.23,1.75,4.22,False
sz301011,20250624,27.93,55.1,1.3184,1.47,False
sz002634,20241024,3.65,43.26,0.9135,36.16,True
sz300168,20240924,5.42,44.19,0.267,61.25,True
sz300441,20240731,5.92,31.74,0.8477,-3.89,False
sz301538,20250624,52.79,38.26,0.4234,-0.25,False
sz300126,20240927,4.75,16.18,0.9413,5.47,False
sz301196,20260224,87.11,23.6,0.6345,-1.26,False
sz301193,20250702,16.41,27.46,0.6156,27.0,True
sz200019,20250220,3.23,9.24,0.4668,-0.62,False
sz301609,20260120,52.69,25.72,0.655,0.93,False
sz002851,20240926,24.77,24.75,0.694,12.8,False
sz002318,20240930,21.86,25.94,0.6445,-2.97,False
sz000058,20240828,6.04,20.37,0.9725,18.22,False
sz000825,20240927,3.59,22.79,4.1265,3.06,False
sz300911,20260227,41.59,20.57,1.2095,3.68,False
sz399231,20240930,1304.81,22.56,2.8053,-5.84,False
sz300217,20240925,3.97,18.25,0.9066,24.95,True
sz300444,20240927,6.24,19.82,1.0357,6.73,False
sz002631,20240926,4.12,27.86,0.9812,7.77,False
sz002062,20240930,3.86,17.97,1.3357,0.26,False
sz000571,20240910,3.01,13.99,0.8538,1.99,False
sz301320,20250905,18.96,27.96,1.8343,-0.42,False
sz002999,20250904,6.78,12.42,0.9557,2.36,False
sz300390,20240927,19.97,13.56,1.0393,11.07,False
sz000016,20240802,3.06,52.15,0.8038,-25.49,False
sz300259,20240927,2.71,21.99,1.1462,12.16,False
sz200530,20240731,1.38,12.71,0.7053,-0.73,False
sz002652,20241227,3.02,39.13,0.808,-13.58,False
sz002001,20240918,18.18,24.48,1.2198,2.15,False
sz301077,20250627,19.92,38.55,0.6177,1.46,False
sz001238,20260305,52.0,20.29,1.1625,-4.04,False
sz300469,20240821,13.5,74.27,0.5809,-13.56,False
sz300712,20250624,23.88,34.92,0.3208,0.08,False
sz000626,20240801,4.96,42.72,0.4378,-12.5,False
sz002335,20240930,23.83,29.64,2.3027,-3.06,False
sz301510,20250815,34.26,17.69,1.4047,0.47,False
sz301039,20250708,8.4,16.53,0.4884,-0.6,False
sz002832,20240930,23.75,34.27,1.0007,-13.64,False
sz002186,20240926,9.53,13.01,0.7441,1.05,False
sz300140,20240930,6.26,37.11,0.8572,-2.4,False
sz300427,20240809,4.23,28.05,1.0151,-3.55,False
sz399401,20240927,3420.21,12.34,1.2683,5.51,False
sz002528,20241024,2.71,31.7,1.0194,15.87,False
sz002728,20240930,8.56,30.92,0.9725,-5.61,False
sz300074,20240927,3.53,21.84,1.0787,6.23,False
sz002949,20250819,14.66,15.86,0.5982,0.95,False
sz300513,20240927,8.39,19.83,1.176,5.13,False
sz300846,20250725,21.91,25.28,0.9237,-6.34,False
sz300289,20240912,4.21,18.93,0.8016,-5.7,False
sz002135,20240927,4.16,17.84,1.7131,1.68,False
sz002766,20240813,4.55,73.96,0.326,-5.71,False
sz002907,20250924,16.53,31.1,0.6284,-1.75,False
sz000088,20240731,4.41,11.93,0.4715,-2.27,False
sz002452,20240903,7.14,33.48,0.5437,-4.06,False
sz000712,20240813,11.1,68.68,1.5154,0.9,False
sz002156,20240730,22.12,25.0,0.5788,-5.06,False
sz300190,20240925,3.01,14.74,0.9383,19.6,False
sz002431,20240927,1.76,25.38,1.1914,2.84,False
sz002682,20240731,4.39,30.78,0.7708,-7.74,False
sz300017,20240927,7.74,23.64,0.9763,9.17,False
sz399662,20240927,1390.85,15.6,0.9986,7.88,False
sz000911,20240924,6.81,14.66,1.2914,11.75,False
sz300825,20250717,11.65,20.28,0.5617,-1.37,False
sz300068,20240903,11.15,26.88,1.2056,-4.3,False
sz301111,20250624,15.65,29.86,0.6095,3.0,False
sz002734,20240802,6.91,24.09,0.5376,-8.25,False
sz300295,20240808,9.46,52.35,0.252,0.0,False
sz300674,20250811,26.13,40.54,0.5978,4.98,False
sz002955,20251020,26.26,24.87,1.6565,5.71,False
sz300026,20240812,3.65,22.99,0.4562,-8.22,False
sz300814,20250717,33.86,30.04,1.2023,-2.16,False
sz300541,20240924,9.11,21.5,0.9296,57.18,True
sz002587,20240816,5.92,29.16,1.2184,-7.09,False
sz300616,20240926,12.5,30.39,1.2089,2.96,False
sz002083,20240826,4.25,15.28,0.8593,-1.41,False
sz300790,20250731,22.58,18.98,1.0427,8.64,False
sz300371,20240816,9.43,30.22,0.564,-1.27,False
sz301592,20260304,127.16,18.23,0.9738,-5.92,False
sz300877,20251205,25.6,44.97,0.6553,0.04,False
sz301208,20250911,44.42,37.7,0.6235,-2.7,False
sz000417,20240924,4.22,11.17,0.765,21.33,True
sz002104,20240905,5.72,14.1,0.6397,-5.77,False
sz301172,20250624,20.22,28.61,0.2487,1.58,False
sz399319,20240927,2358.07,19.98,0.7009,0.98,False
sz002030,20240930,6.42,37.41,1.0526,-7.32,False
sz000523,20240926,2.92,17.0,1.2795,-2.74,False
sz300591,20240926,3.38,23.95,0.8533,47.93,True
sz301372,20260113,26.82,24.71,0.7521,2.98,False
sz002557,20240926,29.06,23.64,1.4573,0.34,False
sz000584,20240826,1.94,63.9,0.7086,20.1,True
sz000839,20240815,2.34,31.18,0.4652,-7.26,False
sz002803,20240927,11.89,26.92,1.674,-2.61,False
sz300245,20240731,6.14,52.47,1.6523,-4.72,False
sz000790,20240927,3.74,13.61,0.7168,-1.07,False
sz000877,20240930,5.7,28.87,4.5518,0.7,False
sz300112,20240923,7.17,19.49,0.6195,21.76,True
sz002329,20240930,3.48,33.83,0.625,-7.47,False
sz300475,20240930,32.27,36.79,0.554,-0.09,False
sz301296,20250625,9.68,28.84,0.4287,-1.86,False
sz002600,20250114,8.07,31.99,1.6427,4.83,False
sz301025,20251126,10.93,29.55,0.5914,2.93,False
sz300740,20251126,19.85,31.52,1.878,1.06,False
sz002367,20240927,5.94,16.99,1.5044,-1.35,False
sz000993,20240930,9.27,23.69,0.9186,-2.37,False
sz301314,20251124,42.9,19.41,1.7307,5.69,False
sz002056,20240927,12.16,13.7,1.1137,3.45,False
sz000545,20240903,2.09,28.44,1.2714,-7.18,False
sz300223,20240930,64.82,38.97,0.8595,4.72,False
sz300925,20250806,23.84,31.66,0.6111,0.96,False
sz301509,20250930,36.76,30.11,2.75,0.22,False
sz002782,20240926,10.56,17.04,0.7718,13.73,False
sz300389,20240930,11.53,37.56,0.5722,-3.64,False
sz399435,20240930,3908.64,19.26,2.5974,-6.38,False
sz300768,20250804,18.11,12.02,0.784,-0.17,False
sz002980,20251125,23.65,22.79,0.8935,-4.95,False
sz300413,20240926,21.22,15.51,1.8283,16.31,False
sz300174,20240930,15.53,17.88,1.9596,-7.6,False
sz300726,20250912,37.15,24.51,1.3907,7.11,False
sz000612,20240930,6.9,34.1,0.7133,-5.65,False
sz002301,20240926,5.02,14.49,0.9765,11.35,False
sz399686,20240924,1469.53,8.56,0.7624,51.45,True
sz301043,20260313,54.71,50.59,0.7764,-1.21,False
sz002848,20240925,7.42,20.04,0.8404,7.82,False
sz002666,20240927,3.85,13.94,1.2086,1.3,False
sz002235,20240924,4.42,17.37,1.3758,25.79,True
sz000726,20240927,5.74,27.71,0.7743,0.52,False
sz002466,20240930,35.2,27.63,2.191,-3.78,False
sz300569,20240927,4.62,20.59,0.6174,8.23,False
sz002933,20250624,33.23,33.48,0.6487,8.82,False
sz002752,20240930,5.32,20.87,1.1515,-4.14,False
sz301177,20250804,28.2,23.8,0.4376,4.79,False
sz000768,20240828,23.69,16.19,1.324,1.98,False
sz002428,20240924,11.54,31.07,1.2155,30.42,True
sz300527,20240806,6.72,20.22,1.0017,-1.79,False
sz001376,20250826,12.58,10.05,0.6725,-3.02,False
sz002086,20240930,2.26,27.32,0.8707,-11.06,False
sz300040,20240807,5.84,60.27,0.8014,-3.42,False
sz003036,20251128,17.0,36.59,0.8671,1.18,False
sz301139,20260112,20.48,25.47,1.0538,-2.34,False
sz300317,20240930,4.2,25.63,1.5593,-4.05,False
sz002218,20240927,3.37,18.06,1.4155,0.0,False
sz000925,20240930,6.58,19.16,0.9126,-4.03,False
sz000158,20240826,7.19,30.25,0.8088,2.92,False
sz300811,20250710,46.31,17.21,1.9597,2.81,False
sz399656,20240927,5223.82,13.52,1.2978,5.13,False
sz300359,20240730,4.48,31.51,0.6258,15.4,False
sz002950,20250703,8.79,24.91,0.4347,0.46,False
sz301220,20260306,40.38,14.9,1.0525,7.68,False
sz002405,20240730,6.99,29.09,0.9355,-5.01,False
sz002162,20240926,3.12,23.13,1.0396,7.37,False
sz002566,20240926,6.34,14.49,1.2003,7.73,False
sz200553,20240926,1.96,16.32,0.3296,10.2,False
sz300972,20251127,173.24,28.48,0.6941,3.79,False
sz000668,20240911,6.9,35.45,0.4928,-3.48,False
sz300695,20251119,92.72,29.94,1.3477,-2.97,False
sz300274,20240731,66.82,32.58,2.2163,3.23,False
sz300379,20240902,9.83,33.11,1.0986,-7.93,False
sz300123,20240802,5.16,37.27,0.6946,-7.56,False
sz001215,20250702,28.55,20.62,0.7916,0.25,False
sz002482,20240927,1.73,21.0,0.6821,-6.36,False
sz300896,20250630,173.62,18.02,0.6836,-2.22,False
sz300771,20251015,12.57,21.79,0.7211,0.64,False
sz002356,20240930,3.37,24.45,2.1842,-11.28,False
sz399802,20240927,4492.74,12.67,1.0986,5.9,False
sz002705,20240927,14.1,18.14,1.8698,-1.28,False
sz300059,20240924,11.9,15.06,0.6105,104.2,True
sz002262,20240924,24.41,22.88,0.4776,13.64,False
sz300323,20240815,5.09,29.95,0.7046,-11.98,False
sz301393,20251029,54.46,25.91,1.39,-2.48,False
sz300570,20240930,36.24,27.54,1.0379,-0.41,False
sz399556,20240926,2196.92,9.42,0.8898,13.65,False
sz300627,20240903,19.99,22.75,1.0565,1.36,False
sz003002,20250808,26.1,34.35,2.8307,-2.76,False
sz301239,20250725,43.05,22.74,0.9085,-3.6,False
sz300668,20250715,17.92,20.83,0.6479,1.62,False
sz000972,20240926,2.65,37.93,0.6799,4.53,False
sz300340,20240904,8.7,24.67,0.9528,-9.08,False
sz002386,20240926,4.12,13.45,1.0646,5.83,False
sz000695,20241226,10.38,71.7,1.6027,-7.03,False
sz000426,20240731,12.76,28.04,1.4397,-9.56,False
sz002201,20240930,5.01,26.18,1.0518,-6.79,False
sz301277,20250908,13.96,24.74,1.8113,0.86,False
sz300494,20240930,11.75,23.99,1.9131,-7.32,False
sz300808,20250905,29.57,33.85,1.1159,-3.08,False
sz300558,20240905,37.14,24.77,0.5476,5.55,False
sz301421,20260226,99.69,34.11,1.1308,-6.68,False
sz002204,20240927,4.37,13.39,1.4925,4.12,False
sz000717,20240923,1.95,17.64,1.8867,62.05,True
sz000423,20240927,56.57,36.19,0.3752,0.05,False
sz002763,20240930,6.51,17.23,2.1118,-4.61,False
sz300344,20251103,5.16,47.55,1.6783,-7.75,False
sz300516,20240830,28.33,19.54,1.1262,-4.41,False
sz300843,20250627,31.5,37.84,0.5239,-2.7,False
sz000759,20240808,3.45,32.98,1.2573,-14.2,False
sz301108,20260205,33.86,25.05,1.0832,-5.43,False
sz003007,20250625,30.66,33.89,0.3735,-4.27,False
sz300071,20240830,2.55,32.95,1.6038,-2.35,False
sz300820,20250701,49.0,32.76,0.4832,-1.31,False
sz002229,20241008,12.8,39.85,1.8214,-15.23,False
sz301396,20250814,59.43,30.19,0.8714,2.29,False
sz002687,20240930,4.61,18.5,2.3277,-7.38,False
sz300641,20240930,23.19,75.9,0.5528,-0.82,False
sz399667,20240926,2581.39,14.59,0.8316,31.01,True
sz002434,20240926,5.24,15.79,0.9573,8.02,False
sz301211,20250624,12.24,38.07,0.6612,2.98,False
sz300368,20240930,3.59,39.0,0.6886,14.48,False
sz002153,20240926,6.25,23.33,1.9457,15.36,False
sz300195,20240926,4.47,22.54,1.0275,16.11,False
sz301325,20250708,60.21,46.07,0.9845,-1.35,False
sz002353,20240930,31.94,31.64,0.9003,0.88,False
sz300395,20240828,30.35,27.22,0.7488,4.45,False
sz002500,20240731,4.83,17.23,0.9591,-2.48,False
sz000789,20240926,4.81,15.36,1.0981,4.78,False
sz002067,20240806,2.81,34.25,0.3232,-2.49,False
sz300588,20240823,9.18,35.16,0.6737,-5.23,False
sz000820,20240813,2.81,49.57,0.3778,-14.95,False
sz399234,20240930,873.63,19.28,2.0882,-3.64,False
sz300212,20240927,20.55,27.79,2.0971,23.6,True
sz002029,20240925,5.11,9.99,1.269,12.71,False
sz300422,20240816,4.71,26.44,0.5483,-12.53,False
sz301308,20250630,87.49,34.34,0.8048,-5.7,False
sz399404,20240807,5765.17,4.77,1.1219,-0.18,False
sz300759,20250708,24.86,23.48,1.4929,6.64,False
sz300145,20240930,2.95,18.05,1.9811,1.02,False
sz300717,20251128,20.0,15.39,1.4685,-1.7,False
sz000623,20240924,12.99,9.86,1.0767,41.42,True
sz002330,20240927,4.05,14.5,0.9148,-0.99,False
sz000070,20241022,4.87,23.16,1.2946,17.86,False
sz300939,20250624,30.0,28.84,0.2956,0.83,False
sz301515,20251125,21.78,17.69,1.1974,1.61,False
sz002657,20240924,12.1,33.4,0.6226,44.55,True
sz002879,20240801,13.15,20.74,0.4829,-1.45,False
sz301072,20251020,23.83,27.4,1.0648,4.62,False
sz300240,20240826,5.66,81.29,1.838,2.47,False
sz000795,20240731,5.55,19.49,0.6547,-3.79,False
sz002286,20240924,6.06,24.13,0.8616,29.4,True
sz301339,20260114,15.7,13.99,2.4017,-3.06,False
sz300946,20251204,58.6,36.04,0.5798,-7.08,False
sz002628,20240826,2.29,28.4,1.1557,-4.37,False
sz000568,20240930,143.75,37.98,1.4784,-5.91,False
sz002806,20240926,9.17,48.22,0.9504,27.59,True
sz002552,20240930,12.48,45.75,0.2946,-4.89,False
sz300908,20250624,29.99,21.45,0.4839,1.0,False
sz002035,20240731,6.29,42.29,0.7429,-2.55,False
sz000526,20240806,61.94,35.97,2.7074,-7.68,False
sz300745,20260316,26.19,25.45,0.7007,-8.93,False
sz002362,20240927,17.08,20.37,1.025,2.93,False
sz399418,20240926,2730.97,14.61,1.0415,23.68,True
sz002531,20241008,9.1,34.77,1.2696,-11.98,False
sz002864,20260105,31.66,43.82,0.6298,8.05,False
sz300159,20240823,1.88,54.08,1.8393,2.72,False
sz002605,20240911,20.49,28.61,0.6216,-8.05,False
sz301020,20251020,22.25,20.67,0.5316,5.98,False
sz000811,20240930,7.74,24.2,1.5029,-7.75,False
sz301293,20251225,57.47,24.83,0.8691,23.16,True
sz300470,20240926,31.39,17.01,0.9937,10.38,False
sz001221,20260324,64.29,32.97,0.8266,6.55,False
sz002865,20240930,47.9,30.49,0.7404,-4.32,False
sz002582,20240926,4.53,27.77,0.9954,4.2,False
sz300290,20240814,9.27,49.74,0.7511,-4.85,False
sz002256,20240904,1.82,38.4,1.0578,-7.14,False
sz300671,20250630,32.75,45.64,0.3481,-3.88,False
sz002899,20250625,23.05,47.28,0.5732,0.22,False
sz300996,20250709,15.9,20.44,0.7561,31.45,True
sz300114,20240926,43.3,34.34,0.7169,61.66,True
sz002731,20240930,8.89,19.18,1.1472,-7.65,False
sz000908,20250205,4.33,50.31,0.5884,0.23,False
sz002101,20240926,10.91,18.25,1.0278,11.37,False
sz001338,20250905,11.7,8.15,1.4,0.26,False
sz300795,20250709,15.67,23.14,1.1878,-0.7,False
sz300374,20240927,14.98,27.49,1.5432,20.49,True
sz399352,20240731,7004.81,8.77,1.0391,-4.18,False
sz300872,20251020,22.41,38.07,1.2964,0.94,False
sz399635,20240927,1333.35,15.52,1.3289,10.97,False
sz300189,20240924,2.2,43.17,0.56,43.18,True
sz300613,20240926,33.95,39.56,0.8295,39.29,True
sz000595,20240822,4.15,39.52,1.2756,0.24,False
sz001373,20250625,29.43,25.1,0.3354,2.55,False
sz000590,20240926,5.79,18.72,0.9153,7.77,False
sz300045,20240927,18.28,23.15,0.8021,12.8,False
sz002719,20240927,6.48,26.03,1.2613,2.16,False
sz002978,20250721,30.85,11.53,0.891,0.45,False
sz300522,20240927,10.82,22.65,0.8378,16.64,False
sz300658,20240924,4.48,19.43,0.9909,33.92,True
sz002757,20240926,11.67,13.3,1.0476,9.94,False
sz301246,20250905,14.96,17.84,0.9201,0.4,False
sz002230,20240927,40.3,27.75,0.6231,6.23,False
sz000723,20240930,5.19,25.1,1.1986,-8.48,False
sz002463,20240809,31.91,34.76,1.2481,4.17,False
sz300839,20260209,13.22,19.42,0.5795,6.58,False
sz002936,20251021,2.05,10.63,0.9138,-0.98,False
sz002167,20240930,6.37,20.51,1.4006,-2.35,False
sz301225,20251121,86.0,44.73,0.6616,16.28,False
sz002253,20240927,10.84,22.81,0.745,2.31,False
sz399653,20240926,2235.51,12.0,0.7017,15.76,False
sz002129,20240927,9.42,22.38,1.4382,-0.74,False
sz301096,20251226,55.93,51.22,0.4902,3.45,False
sz300488,20240930,22.09,14.98,1.8005,-3.94,False
sz000920,20240924,7.6,10.66,1.4597,20.26,True
sz002860,20240930,8.71,18.79,1.6949,-1.84,False
sz002787,20240927,7.07,18.38,1.8795,9.47,False
sz200028,20240930,14.32,17.02,2.7317,0.42,False
sz300226,20240927,19.8,24.83,1.0168,23.28,True
sz000069,20240926,2.41,26.79,1.6047,12.86,False
sz300920,20251230,46.77,37.25,0.8752,-5.79,False
sz002053,20240930,12.07,24.45,0.9697,0.0,False
sz300095,20240927,6.04,18.89,0.7028,6.45,False
sz300689,20260127,53.3,33.97,0.6886,9.62,False
sz300268,20240930,7.26,26.55,1.208,-5.65,False
sz002534,20240731,10.16,27.32,1.4819,-1.87,False
sz000027,20240930,6.84,32.66,2.3828,-2.78,False
sz301311,20250905,19.8,30.53,0.7733,1.72,False
sz001209,20250624,17.42,38.53,0.4574,2.18,False
sz399683,20240925,1557.34,8.26,0.777,14.36,False
sz002282,20250702,7.58,26.92,0.3212,0.66,False
sz301046,20250624,19.55,31.14,0.2669,1.53,False
sz002663,20240924,1.42,18.31,0.4895,24.65,True
sz300723,20250929,56.96,48.89,0.5607,-6.99,False
sz000617,20240819,5.45,13.64,0.811,-5.69,False
sz002304,20240926,80.62,16.61,1.5828,4.13,False
sz002802,20250624,13.46,30.45,0.6635,4.09,False
sz300458,20240830,16.84,35.58,0.7762,-6.99,False
sz300171,20240930,13.46,23.39,1.7346,-8.4,False
sz301008,20250624,22.4,74.49,0.6026,1.7,False
sz002519,20240930,5.28,30.01,0.6696,0.57,False
sz300943,20251124,17.22,51.59,2.1882,7.43,False
sz000659,20240813,1.76,42.98,1.1487,7.95,False
sz002985,20250930,29.21,21.38,1.9462,8.11,False
sz300416,20240930,12.9,28.33,2.0214,-4.19,False
sz002283,20240927,4.29,15.47,0.7782,0.7,False
sz399806,20240927,983.21,11.63,1.7902,5.77,False
sz002701,20240731,4.16,21.86,0.4988,-0.72,False
sz002266,20240926,2.94,11.54,0.9656,9.86,False
sz002960,20250624,9.72,24.1,0.4962,0.1,False
sz000892,20240802,2.9,33.3,0.4257,-8.97,False
sz002686,20240918,4.49,14.0,0.8704,12.25,False
sz300013,20240812,2.48,53.43,0.5477,-8.87,False
sz399552,20240926,7861.26,11.06,1.3493,8.53,False
sz002228,20240918,2.23,11.92,1.1888,4.48,False
sz301397,20251225,36.64,53.76,0.3922,-4.26,False
sz003006,20250725,29.21,37.47,1.0606,-11.16,False
sz300623,20240924,17.35,19.0,0.6421,73.43,True
sz000691,20240807,2.9,33.06,0.7594,0.0,False
sz300842,20250624,43.54,50.98,0.2253,0.76,False
sz002418,20240925,2.12,36.33,0.5194,8.96,False
sz002884,20250714,16.18,12.56,0.215,0.25,False
sz000422,20240924,11.7,26.09,0.5347,25.21,True
sz300559,20240930,10.27,28.1,0.9114,-7.11,False
sz002903,20250624,19.21,34.63,1.1002,1.82,False
sz002456,20240906,8.85,17.44,0.6716,-8.93,False
sz000938,20240927,21.92,35.83,0.425,4.7,False
sz301273,20251124,27.26,23.44,1.1522,3.34,False
sz000516,20240930,5.46,23.21,1.627,-3.48,False
sz002005,20240730,1.13,30.67,1.7692,3.54,False
sz002878,20240930,12.35,29.78,0.5368,-8.26,False
sz200030,20250314,3.25,6.73,1.1836,0.62,False
sz002562,20240911,3.41,39.06,0.818,-4.69,False
sz002836,20240812,6.0,38.18,0.3634,-2.83,False
sz000558,20240805,2.43,31.98,0.3113,-3.29,False
sz300270,20240927,6.22,34.6,0.9398,5.63,False
sz300691,20250728,19.43,26.1,0.4554,0.46,False
sz300976,20251126,58.46,31.08,1.1654,1.52,False
sz300127,20240930,16.41,20.6,1.0994,-4.27,False
sz002028,20240807,65.69,24.12,1.143,0.32,False
sz301539,20250703,19.02,35.51,0.3328,1.05,False
sz002486,20240923,1.76,24.37,1.6045,22.16,True
sz300169,20240731,5.94,51.33,0.3616,-8.08,False
sz002635,20240731,14.18,19.91,1.7163,-8.96,False
sz002066,20240918,8.39,12.58,0.8774,-1.91,False
sz301010,20250703,17.76,38.72,0.4569,7.71,False
sz399428,20240927,2402.1,13.12,1.2429,5.07,False
sz002352,20240830,34.06,15.94,0.7467,-0.06,False
sz301577,20251014,58.67,22.71,1.3642,2.66,False
sz300892,20250624,33.1,62.7,0.2999,4.23,False
sz300258,20240930,9.05,21.73,1.249,-5.53,False
sz000017,20240930,6.63,28.67,0.9676,-9.2,False
sz002998,20260120,8.13,19.29,0.5068,0.49,False
sz301321,20251201,16.3,25.45,0.8799,3.68,False
sz000570,20240926,4.67,14.33,1.1179,6.0,False
sz002063,20240731,5.32,20.43,0.6516,-2.07,False
sz200056,20240930,1.0,13.18,0.7138,-3.0,False
sz000059,20240927,4.39,20.01,1.5313,-0.68,False
sz300910,20250806,57.14,12.44,0.7169,3.76,False
sz301608,20250811,83.48,27.19,0.5327,2.67,False
sz301192,20251211,30.38,48.02,0.8056,-4.38,False
sz000669,20240927,1.43,15.63,0.9516,-1.4,False
sz399400,20240926,3127.31,11.61,1.113,13.23,False
sz300426,20240808,8.19,30.26,0.4378,-1.22,False
sz300141,20240822,7.84,41.68,0.613,-2.04,False
sz001696,20250314,23.26,36.12,0.6264,-4.51,False
sz001277,20251112,44.4,48.02,0.1535,-8.11,False
sz002187,20240926,4.9,13.96,0.7921,1.63,False
sz301038,20251126,25.42,37.79,0.7252,-7.12,False
sz002833,20240930,17.39,25.55,1.5426,-10.93,False
sz002334,20240930,6.72,17.05,1.2135,-4.61,False
sz300713,20251020,18.26,27.01,0.9609,-2.63,False
sz300468,20240731,8.47,24.83,1.0201,-7.91,False
sz001239,20250630,14.94,24.79,0.6842,0.54,False
sz301076,20250624,26.04,82.4,0.3962,1.39,False
sz002653,20240806,27.94,28.76,1.5581,-0.25,False
sz000713,20240925,5.82,29.79,0.7876,7.73,False
sz002200,20240930,4.92,16.19,1.0478,-1.08,False
sz000089,20240801,6.53,14.07,0.5586,-1.38,False
sz002906,20250624,32.86,34.5,0.4796,-2.04,False
sz002880,20240930,28.46,19.12,3.1771,-6.29,False
sz002767,20240827,12.22,37.32,0.3183,3.93,False
sz300669,20260121,31.65,52.85,0.4748,1.64,False
sz300288,20240924,11.46,21.85,0.5723,45.4,True
sz000973,20240816,3.82,18.99,0.7447,-7.08,False
sz300512,20240816,6.08,23.04,0.6258,-3.95,False
sz002948,20250923,4.84,15.35,1.2718,-1.65,False
sz300626,20240826,7.5,37.75,1.1036,4.8,False
sz300075,20240930,16.1,34.1,0.8012,8.32,False
sz300322,20240814,10.84,31.54,1.3235,-11.81,False
sz000910,20240925,6.37,11.8,1.1751,7.54,False
sz300824,20251027,12.86,21.01,1.4209,-0.86,False
sz002119,20240806,11.12,32.41,0.3883,-0.45,False
sz399663,20240927,1631.98,11.98,1.9481,1.58,False
sz300645,20240920,12.93,34.7,0.5307,8.43,False
sz002683,20240919,19.87,20.16,1.1893,2.61,False
sz300016,20240806,4.73,24.33,0.4289,-0.63,False
sz301215,20251205,6.45,26.23,0.4289,-3.1,False
sz002430,20240930,23.23,27.63,2.1104,-8.14,False
sz301446,20251212,28.88,33.73,0.8546,8.41,False
sz002157,20240802,2.84,32.73,0.6329,-2.82,False
sz300058,20240926,4.1,17.57,1.1465,19.85,False
sz300540,20240930,16.38,22.33,0.8917,2.53,False
sz300489,20240806,18.76,28.1,1.3755,-0.48,False
sz301439,20250624,15.8,38.82,0.2346,5.0,False
sz002128,20240930,18.96,42.09,0.7494,-3.53,False
sz001311,20250630,20.67,27.79,0.3775,-1.16,False
sz300027,20240814,1.96,26.97,0.6451,35.2,True
sz002400,20250710,8.07,20.66,0.6585,-3.47,False
sz000688,20240930,12.19,25.5,1.144,-4.27,False
sz300675,20250624,14.67,25.14,0.3952,0.07,False
sz002252,20240927,7.34,22.38,3.3054,-3.17,False
sz300294,20240731,31.26,22.13,2.2199,1.66,False
sz002735,20240930,10.09,35.29,0.8136,-7.24,False
sz301110,20250624,54.69,74.53,1.7999,1.77,False
sz300069,20240801,11.11,62.07,0.4314,0.99,False
sz002462,20240926,11.33,13.94,1.1405,8.47,False
sz300838,20250708,14.8,17.28,0.946,0.54,False
sz002937,20250806,17.79,16.92,0.6178,17.54,False
sz300659,20240923,13.52,22.54,1.0525,27.59,True
sz399998,20240930,2377.1,25.73,0.9455,-4.22,False
sz002756,20240927,36.8,20.08,1.0331,-4.46,False
sz002105,20240927,4.36,14.32,0.7206,7.34,False
sz301209,20251027,92.75,54.5,3.3929,-3.87,False
sz300876,20250702,25.93,29.85,0.8043,-2.43,False
sz399356,20240924,7991.4,8.7,0.5333,29.25,True
sz300370,20240815,1.96,27.42,0.8491,-11.73,False
sz300791,20251015,23.8,15.7,1.1741,-4.79,False
sz000591,20240927,4.52,16.42,1.6933,2.65,False
sz002082,20240812,4.59,26.04,0.4843,-3.7,False
sz300044,20240801,4.9,44.25,0.5368,-12.65,False
sz003032,20250821,6.91,15.71,0.4566,-1.59,False
sz002718,20240930,11.23,21.17,1.1242,11.58,False
sz002518,20240930,19.75,24.73,1.3592,-8.46,False
sz000876,20240731,9.45,20.18,0.3955,1.16,False
sz300942,20250930,10.55,40.06,0.9144,-2.75,False
sz002984,20250826,20.27,11.6,0.7588,-5.38,False
sz300244,20240930,13.41,35.42,3.2723,-4.1,False
sz000045,20240829,8.64,20.6,0.8081,-2.2,False
sz000838,20240926,2.54,21.44,1.288,0.79,False
sz002556,20240808,4.92,30.35,0.8596,-7.73,False
sz300590,20240813,10.52,26.22,1.3035,-2.0,False
sz001208,20250624,10.23,30.07,0.5519,4.2,False
sz002031,20240920,2.69,20.96,1.3288,6.69,False
sz002366,20240930,3.86,31.57,1.3464,-5.7,False
sz300741,20251212,18.76,21.65,0.5053,0.85,False
sz301024,20250926,41.8,51.0,0.63,-1.29,False
sz002601,20240926,17.6,25.48,0.7223,8.29,False
sz000488,20240805,3.59,23.37,0.3961,1.67,False
sz301297,20250630,41.27,46.18,1.3033,-1.09,False
sz300474,20240927,63.97,29.11,0.8652,22.35,True
sz300227,20240925,5.55,24.68,0.7349,29.37,True
sz000815,20240919,7.81,17.54,0.957,8.83,False
sz001225,20250624,33.55,33.62,0.2683,2.53,False
sz002783,20240927,7.54,15.49,1.2423,1.86,False
sz002019,20240806,12.18,26.16,1.1136,-0.82,False
sz000810,20240816,9.94,34.08,0.828,9.46,False
sz300222,20240807,5.79,26.79,1.237,-2.76,False
sz301292,20250924,18.36,28.72,2.0645,38.13,True
sz300091,20240913,1.57,43.73,0.7234,0.0,False
sz000544,20240731,7.29,21.89,1.8889,-3.7,False
sz301021,20250725,30.57,23.08,0.9641,0.65,False
sz002057,20240930,7.13,20.77,1.4923,-1.54,False
sz301315,20250627,58.5,35.2,0.735,-6.6,False
sz002530,20240927,7.23,33.48,1.0376,4.15,False
sz200505,20240731,2.06,10.7,1.0767,-0.97,False
sz301611,20250724,56.24,16.36,0.6509,-4.36,False
sz002849,20240927,12.19,24.75,2.0704,-4.68,False
sz399687,20240926,2191.76,16.71,0.6015,21.6,True
sz300727,20250702,27.68,36.85,0.6074,-2.53,False
sz301525,20250714,74.48,39.35,0.2805,4.05,False
sz002629,20240926,1.97,37.81,0.7287,18.27,False
sz300175,20241008,6.73,49.04,1.3499,-14.41,False
sz300241,20240731,3.95,27.72,0.7679,-4.3,False
sz300412,20240816,3.51,28.54,0.664,-13.96,False
sz300769,20250624,33.51,31.44,0.5592,-2.63,False
sz301338,20251124,57.28,32.61,1.2187,12.95,False
sz399434,20240926,1423.48,14.49,1.068,14.11,False
sz300388,20240814,5.68,18.08,0.5025,-3.88,False
sz301138,20251022,36.76,26.04,1.7018,1.82,False
sz300041,20240927,7.83,16.17,1.4981,5.75,False
sz002429,20240731,4.94,23.68,1.2896,-6.88,False
sz002100,20240930,6.95,26.74,1.4379,-7.77,False
sz301176,20251015,26.21,47.71,1.665,3.24,False
sz002753,20240927,5.87,20.76,0.8647,1.02,False
sz002932,20250908,19.73,22.02,1.1204,-1.47,False
sz300568,20240927,8.6,21.04,1.4127,10.12,False
sz002467,20240924,3.44,11.65,0.9048,26.16,True
sz000727,20240927,2.17,13.77,0.7495,0.92,False
sz002234,20240930,9.16,29.29,1.0724,-4.69,False
sz002163,20240926,6.6,25.07,1.0583,6.36,False
sz301115,20260108,16.41,14.99,1.1629,4.39,False
sz002730,20240927,6.82,14.86,1.1352,2.79,False
sz002404,20240730,5.06,41.0,0.2296,0.4,False
sz301221,20251029,52.75,22.73,0.9914,-2.54,False
sz002898,20251022,13.21,35.14,0.7568,1.36,False
sz300358,20240930,7.92,25.5,3.0239,-7.95,False
sz300022,20240924,3.8,20.24,0.9993,28.95,True
sz301092,20251010,31.36,20.88,0.9582,-4.11,False
sz399657,20240927,5314.32,12.94,1.1765,4.54,False
sz000159,20240730,5.68,20.9,0.6017,9.86,False
sz300810,20260209,43.64,22.67,0.9454,-1.63,False
sz300316,20240930,31.99,36.15,2.2112,4.81,False
sz300275,20250114,13.15,36.96,0.8924,2.05,False
sz300694,20250624,14.68,37.29,0.5666,0.2,False
sz002529,20240912,6.4,30.55,1.0146,-6.88,False
sz300973,20250730,46.36,29.11,0.3489,-1.77,False
sz300088,20240826,4.83,17.88,1.1385,13.66,False
sz000809,20240826,2.13,32.29,0.2713,-0.94,False
sz301511,20251124,30.68,34.31,0.9868,8.25,False
sz002567,20240930,5.77,24.21,1.7542,-9.19,False
sz000513,20240808,36.2,13.14,0.8956,-0.77,False
sz002357,20240930,5.94,47.84,0.3772,-2.53,False
sz300770,20251205,43.01,17.55,2.2939,-0.67,False
sz300391,20240806,4.29,115.63,1.8582,-8.62,False
sz300897,20251203,28.1,36.97,2.3214,-12.28,False
sz002630,20240815,2.44,33.79,0.4659,-1.23,False
sz301015,20250703,21.51,49.0,1.9911,0.51,False
sz002319,20240930,10.35,30.62,0.5397,-10.63,False
sz002483,20240926,4.3,19.85,0.9683,8.6,False
sz300445,20240930,16.89,20.97,1.5653,-4.5,False
sz300122,20240930,33.18,34.43,2.2762,-4.37,False
sz002850,20240927,86.32,20.91,1.4901,4.15,False
sz301408,20251027,13.47,31.35,0.9182,0.3,False
sz399557,20240926,1319.64,12.66,1.2542,18.13,False
sz300571,20240927,22.17,20.46,0.9501,5.64,False
sz301392,20260121,155.4,26.71,0.8113,-4.79,False
sz300644,20251224,34.09,21.19,0.5959,8.27,False
sz002263,20240927,2.13,17.08,0.836,0.47,False
sz002965,20250624,38.72,51.1,0.5538,-0.65,False
sz000897,20240925,2.06,12.86,0.8819,11.14,False
sz301121,20250724,39.65,40.28,1.762,3.28,False
sz300191,20240806,13.37,24.72,1.1088,0.45,False
sz399803,20240927,3201.89,18.61,0.714,7.19,False
sz002453,20240924,4.61,34.04,1.7107,22.34,True
sz300809,20250626,37.53,67.24,0.6611,-4.77,False
sz301276,20251104,21.14,30.44,0.5421,2.84,False
sz002134,20240806,8.08,29.66,1.2249,-0.25,False
sz002387,20240902,6.85,19.57,0.6964,-2.04,False
sz300341,20240909,9.03,20.22,0.5079,3.21,False
sz300847,20250905,17.98,35.17,0.4444,0.61,False
sz002881,20250625,45.35,41.82,0.456,-1.7,False
sz301238,20250804,18.31,20.0,1.076,3.17,False
sz002729,20240924,10.66,32.85,0.9233,34.13,True
sz003003,20250929,12.18,27.67,0.7704,1.23,False
sz300070,20240930,4.87,33.75,4.2497,8.63,False
sz301109,20250804,14.26,20.26,0.861,-0.63,False
sz000758,20240930,5.13,35.34,0.8723,-5.06,False
sz300517,20240815,8.55,42.96,1.58,-2.69,False
sz002382,20240927,4.89,14.45,0.8827,4.7,False
sz001308,20250703,22.35,26.92,0.3718,0.45,False
sz399018,20240927,3488.8,15.13,1.2859,12.15,False
sz002762,20240924,5.55,23.87,2.307,34.23,True
sz002131,20240927,1.68,17.7,1.3302,-1.19,False
sz000716,20240927,4.07,22.59,0.8063,0.74,False
sz002205,20240918,6.76,19.86,1.0035,3.11,False
sz300490,20240930,8.5,37.76,2.0135,-4.59,False
sz300194,20240925,3.89,16.33,1.1576,17.74,False
sz002152,20240927,10.27,16.32,0.7857,6.72,False
sz300369,20240919,5.85,22.76,1.2912,4.79,False
sz300788,20250630,31.76,23.85,0.4337,-2.42,False
sz301210,20250708,41.1,63.09,0.381,-3.28,False
sz399666,20240927,1170.62,13.95,1.1257,10.56,False
sz300640,20240925,4.16,20.37,0.8306,15.38,False
sz300327,20240730,19.43,29.81,0.8427,-2.11,False
sz000915,20240927,27.05,28.67,1.2676,2.4,False
sz300821,20250630,7.86,23.77,0.3631,15.14,False
sz002855,20240930,21.88,24.55,1.0322,-3.56,False
sz301197,20251020,19.55,20.91,1.186,4.81,False
sz001211,20250624,22.29,28.84,0.4722,1.79,False
sz300440,20240924,5.3,26.43,0.8607,36.96,True
sz300213,20240801,6.43,29.1,0.6464,-9.18,False
sz399235,20240926,764.87,12.45,1.0818,13.27,False
sz000821,20240930,12.36,21.65,1.723,-5.99,False
sz300915,20250624,23.83,27.55,0.8572,3.48,False
sz300589,20240930,12.8,23.05,1.2885,3.2,False
sz000788,20240731,5.29,33.98,0.3883,3.4,False
sz000012,20240926,5.16,12.06,1.0427,5.62,False
sz300394,20240731,70.24,30.31,0.9462,-16.0,False
sz002501,20240925,1.12,13.26,0.6806,13.39,False
sz300775,20251027,25.72,21.4,0.5566,0.43,False
sz301073,20250805,22.3,21.5,0.9234,2.87,False
sz002656,20240806,1.35,41.57,3.551,20.0,True
sz300938,20250709,23.16,28.61,0.8043,0.39,False
sz002331,20240806,6.96,31.95,1.0843,-4.6,False
sz300716,20250818,8.6,31.85,1.1156,12.56,False
sz300144,20240927,8.57,21.25,1.3703,4.78,False
sz002182,20240930,11.56,29.39,0.7865,-9.69,False
sz300758,20250707,14.78,44.83,0.5577,1.76,False
sz301309,20260119,30.14,18.29,0.6586,0.8,False
sz399405,20240926,1872.69,13.4,1.1092,20.85,True
sz300423,20240925,5.5,26.27,0.7018,18.18,False
sz002034,20240812,13.1,20.42,0.4873,-1.45,False
sz002667,20240903,6.31,48.0,1.3137,0.63,False
sz002553,20240927,9.4,29.15,2.3093,-1.49,False
sz002300,20240930,5.45,16.67,1.6142,-6.97,False
sz300595,20240927,17.07,24.51,1.8559,9.02,False
sz301376,20250812,18.69,19.49,0.2863,4.28,False
sz300594,20250908,17.87,23.52,1.4796,0.34,False
sz002807,20240819,3.47,16.3,0.3586,0.58,False
sz300947,20250901,21.55,36.8,0.4535,-1.02,False
sz002981,20251201,32.57,27.03,0.5341,-5.04,False
sz002287,20240926,19.42,13.17,1.0269,19.98,False
sz300471,20240830,9.09,28.33,1.6911,-8.58,False
sz301508,20250624,32.78,26.35,0.2996,2.87,False
sz300158,20240808,4.6,34.43,0.3752,-8.7,False
sz399383,20240927,2253.84,10.06,1.7747,4.54,False
sz000997,20240926,13.93,20.21,0.9133,14.07,False
sz002363,20240926,5.98,14.37,1.1932,7.19,False
sz399419,20240801,1616.42,12.21,0.5386,-4.11,False
sz000670,20240802,5.28,28.85,0.7803,-11.55,False
sz300997,20251014,17.0,36.4,3.3719,-0.06,False
sz002951,20251225,16.82,40.06,0.975,-11.36,False
sz300670,20251124,7.77,35.81,0.6969,16.47,False
sz300291,20240927,4.57,17.74,1.4739,1.97,False
sz001314,20250625,48.23,40.65,0.4551,-5.47,False
sz002583,20240920,4.33,17.8,1.1069,39.95,True
sz000090,20240926,3.77,21.25,2.2189,4.77,False
sz300545,20240829,24.38,22.82,0.6402,-1.8,False
sz002219,20240927,2.09,40.09,0.5556,24.88,True
sz300612,20240925,13.7,16.71,1.0696,12.48,False
sz003037,20251020,8.0,44.28,0.6999,8.75,False
sz300188,20240923,11.88,23.39,1.1848,25.67,True
sz300873,20250624,19.28,31.67,0.6625,2.7,False
sz300375,20240731,4.23,26.15,0.7419,-6.38,False
sz301596,20250804,91.2,24.17,0.5273,-2.8,False
sz001339,20250625,47.3,43.55,0.5846,0.34,False
sz000909,20240801,3.9,36.35,0.6801,0.26,False
sz000722,20240927,9.41,20.05,1.6052,-2.02,False
sz002231,20240823,4.51,24.42,0.8654,-1.33,False
sz301173,20251024,47.44,31.78,0.4097,3.35,False
sz300523,20240930,18.98,25.35,0.9221,1.21,False
sz002979,20250624,44.32,50.31,0.6697,-1.04,False
sz300617,20240930,27.56,24.84,1.0332,-1.81,False
sz000921,20240927,31.13,32.39,1.8605,-4.69,False
sz300815,20260113,24.83,22.8,0.6692,0.77,False
sz002586,20240924,1.74,21.86,1.6307,0.57,False
sz300313,20240930,7.06,28.21,0.7197,-3.12,False
sz301097,20260408,55.2,27.19,1.24,3.35,False
sz399652,20240927,2388.48,16.74,1.4486,12.23,False
sz002401,20240926,14.88,21.1,2.0868,17.88,False
sz300992,20251015,25.85,32.58,0.7456,1.24,False
sz002166,20240806,7.1,49.53,0.2035,-4.93,False
sz001296,20260316,26.03,19.13,1.0237,-7.8,False
sz301310,20260112,42.76,13.86,1.0979,-0.87,False
sz000026,20240926,9.0,10.02,1.0331,7.33,False
sz002535,20240926,3.39,22.31,0.4421,12.39,False
sz300269,20240815,4.0,64.48,0.5742,-28.75,False
sz300688,20250624,30.35,33.97,0.4954,4.18,False
sz300094,20240926,3.09,23.58,0.9579,14.89,False
sz000541,20240926,4.81,12.98,0.8698,7.69,False
sz002052,20240809,1.62,69.76,0.6438,-8.02,False
sz002328,20240930,4.89,20.24,1.3902,-4.5,False
sz000068,20240910,3.18,35.94,1.2347,-2.52,False
sz300921,20251013,22.57,29.01,1.5613,-2.08,False
sz300280,20241008,21.43,59.13,0.9498,-23.19,False
sz002786,20240919,8.76,32.74,1.4305,6.05,False
sz200029,20240829,2.16,13.06,0.2442,-1.39,False
sz300113,20240820,11.31,15.52,0.7477,-3.54,False
sz002861,20240809,9.22,61.44,1.1155,10.52,False
sz000791,20240927,5.93,18.65,1.3975,0.34,False
sz300417,20240731,7.95,42.73,1.869,-4.53,False
sz399431,20240815,6420.35,8.5,0.8409,3.57,False
sz301009,20251015,13.92,39.73,0.6613,-0.29,False
sz300170,20240829,6.39,14.81,0.8486,0.47,False
sz300459,20240926,3.75,15.64,0.9163,22.93,True
sz002305,20240809,1.68,60.2,0.2505,-8.93,False
sz301373,20251010,32.14,25.34,0.9071,-2.33,False
sz300722,20250908,32.87,48.25,0.7028,-1.83,False
sz301520,20251114,43.96,18.07,0.5966,-9.92,False
sz399965,20240925,2475.9,13.92,1.1217,19.81,False
sz002662,20240930,3.16,21.2,1.3193,-3.17,False
sz301047,20260109,72.09,17.29,0.5298,8.0,False
sz399682,20240926,1161.13,11.0,1.2142,20.1,True
sz002969,20250904,3.45,17.16,0.7739,4.06,False
sz300781,20250715,38.0,17.48,0.7304,-1.68,False
sz300360,20240927,14.0,28.81,0.3959,6.43,False
sz300866,20251015,119.98,26.44,0.79,1.8,False
sz000952,20240808,5.81,31.74,0.4028,-11.7,False
sz301219,20251125,60.94,32.99,0.6852,0.95,False
sz300054,20240801,21.66,15.75,1.9363,-5.59,False
sz003022,20251205,19.17,25.92,1.1062,-1.51,False
sz300607,20240930,12.49,37.6,2.1381,-3.76,False
sz002092,20240930,4.0,19.18,0.5077,-5.0,False
sz002472,20240731,22.27,20.97,1.0048,-7.37,False
sz301257,20260327,56.26,60.76,0.7848,4.51,False
sz002115,20240927,4.97,24.16,0.6887,0.2,False
sz300649,20240930,11.47,24.54,1.8963,3.14,False
sz300284,20240930,8.15,43.06,0.8903,15.21,False
sz002242,20240930,11.32,21.12,2.6203,-5.92,False
sz300982,20251031,18.98,14.35,0.8896,5.8,False
sz300079,20240816,4.47,20.99,0.6994,-2.01,False
sz301100,20260203,21.3,21.92,0.5982,-0.89,False
sz001286,20260107,9.51,13.91,0.5925,0.21,False
sz002725,20240927,8.53,16.12,1.0894,-1.41,False
sz301429,20251124,19.4,17.1,1.3955,2.53,False
sz300499,20240731,11.59,28.57,1.0117,-6.21,False
sz300550,20240802,10.6,47.45,2.0131,3.87,False
sz002596,20240906,1.71,29.52,1.2931,9.94,False
sz300303,20240815,4.77,18.11,0.9932,-2.73,False
sz003041,20250701,27.72,29.03,0.8235,0.22,False
sz001301,20250721,51.9,19.21,0.5451,2.5,False
sz301087,20250701,32.91,22.96,0.6971,1.12,False
sz002338,20240927,28.81,32.3,0.8243,10.07,False
sz300931,20260324,11.95,34.25,3.3241,3.93,False
sz301287,20251015,39.42,21.37,1.3682,0.25,False
sz002796,20240807,8.93,33.25,0.652,-3.47,False
sz300103,20240801,4.38,59.88,1.9678,-2.51,False
sz000665,20240923,3.66,18.21,0.8378,14.75,False
sz002376,20240910,5.38,16.06,0.7322,0.93,False
sz002797,20250709,7.27,13.86,1.5024,0.28,False
sz300279,20240816,4.59,26.71,0.6801,-7.19,False
sz399396,20240927,19819.08,20.39,1.7097,1.14,False
sz000498,20240925,5.13,12.15,1.0401,9.36,False
sz002611,20240731,6.5,48.01,0.9077,-11.54,False
sz300580,20240927,15.33,26.48,1.0846,1.04,False
sz301363,20250724,19.07,17.03,1.4171,-3.57,False
sz000828,20240925,8.91,27.01,1.3049,18.17,False
sz000055,20240926,3.56,13.2,0.9732,7.87,False
sz002021,20240927,1.86,24.38,1.75,-2.15,False
sz000532,20240731,12.4,30.43,0.6332,-5.89,False
sz200869,20240927,8.66,13.74,1.9402,2.89,False
sz002292,20240927,6.15,21.54,0.9987,-2.11,False
sz300952,20250624,27.35,56.22,0.3965,3.14,False
sz002508,20240927,20.45,23.63,2.3515,-0.98,False
sz300165,20240926,2.87,47.8,1.0285,20.56,True
sz001400,20251209,66.9,40.49,0.4374,-5.47,False
sz002639,20240927,5.6,24.66,1.4216,2.14,False
sz300779,20251015,181.59,47.67,1.1465,-2.75,False
sz300402,20240930,15.2,23.55,1.2071,-4.34,False
sz399697,20240927,2501.54,15.45,1.51,11.82,False
sz000537,20240930,9.64,19.67,1.4256,-8.82,False
sz002859,20240930,20.25,32.29,1.019,-5.13,False
sz399970,20240927,2616.65,17.0,0.8233,9.32,False
sz002677,20241008,7.9,28.03,1.0606,-11.39,False
sz301535,20251219,20.69,26.22,0.9478,0.97,False
sz300737,20251105,5.04,14.32,0.3223,4.76,False
sz002310,20240903,1.39,30.04,0.5419,3.6,False
sz301031,20250625,81.08,29.11,0.7513,-4.54,False
sz301662,20251224,122.0,42.84,1.0584,-1.41,False
sz300081,20240925,5.34,34.93,1.3307,20.41,True
sz002520,20240904,4.49,22.18,2.0263,12.92,False
sz301305,20260324,24.83,35.37,0.5468,-5.88,False
sz002793,20240930,4.45,35.37,1.4116,-4.72,False
sz001230,20251020,22.26,30.45,0.4589,4.99,False
sz300461,20240815,17.52,87.16,0.348,23.0,True
sz301282,20251113,25.75,19.86,0.7803,-4.27,False
sz300232,20240924,5.17,15.95,1.0784,43.9,True
sz000800,20240731,8.42,20.89,0.6286,-6.53,False
sz399647,20240927,8027.49,16.01,1.8067,5.75,False
sz301082,20250829,18.86,25.61,0.4776,-3.61,False
sz300661,20240927,61.46,27.18,0.6164,12.89,False
sz300306,20240829,9.33,27.04,0.4996,-1.72,False
sz300800,20251124,11.74,15.79,1.0444,2.47,False
sz001283,20250701,57.0,40.7,0.4276,4.35,False
sz002173,20240927,7.07,19.95,1.0338,-4.24,False
sz300348,20240731,7.85,27.31,1.5418,-6.49,False
sz002888,20250624,17.95,33.5,0.2525,0.78,False
sz301231,20251017,24.71,25.13,0.6773,53.1,True
sz002414,20240805,6.84,24.85,1.0864,-10.23,False
sz002743,20240926,3.95,13.79,0.8815,6.33,False
sz301166,20250924,30.74,15.1,0.9814,1.14,False
sz301252,20250630,24.93,36.71,0.2966,2.01,False
sz002224,20240927,4.04,14.53,0.8947,1.24,False
sz000737,20240731,8.93,54.1,0.7805,-6.27,False
sz300578,20240814,14.09,41.87,0.7018,2.13,False
sz002097,20240930,6.52,22.51,0.9617,-3.99,False
sz000779,20240926,7.44,27.53,1.621,8.6,False
sz300536,20241024,7.68,58.22,1.4142,-2.6,False
sz002772,20240926,6.13,19.16,0.6111,4.24,False
sz301157,20250728,50.23,18.56,0.9832,0.48,False
sz002121,20240927,3.98,14.0,1.6496,1.01,False
sz301263,20260120,32.71,21.66,1.0565,5.32,False
sz000928,20240926,5.52,13.79,0.8142,12.86,False
sz002446,20240927,6.05,19.42,0.6842,0.83,False
sz002913,20251203,37.73,31.9,1.2313,14.47,False
sz300633,20240930,36.21,41.11,1.9611,-8.04,False
sz003016,20250624,7.49,31.19,0.4506,0.13,False
sz300852,20250624,31.48,45.89,0.3859,1.87,False
sz000966,20240930,4.76,16.68,1.6102,-5.04,False
sz300354,20240930,36.28,21.83,1.2078,-7.63,False
sz002392,20240926,3.27,13.51,0.9801,18.97,False
sz000681,20240927,12.19,12.69,1.2684,-0.49,False
sz001335,20251023,38.82,14.41,1.0314,-3.17,False
sz300003,20240930,12.88,46.36,2.1172,-7.61,False
sz002238,20240927,8.15,19.25,1.4346,-3.31,False
sz300831,20250703,14.72,29.69,0.5345,-0.27,False
sz002142,20240926,21.4,23.07,1.5396,13.13,False
sz000598,20241008,7.21,35.97,3.6985,-1.53,False
sz000882,20240925,1.25,29.15,0.3329,21.6,True
sz300798,20260121,8.18,17.72,1.0718,17.11,False
sz002276,20240927,7.43,18.68,1.2483,1.08,False
sz301000,20250804,44.98,31.16,0.6543,4.4,False
sz002625,20240910,18.81,19.03,1.5041,1.33,False
sz300882,20250630,17.94,27.69,0.4369,-3.85,False
sz300384,20240830,12.66,23.15,0.3591,-0.24,False
sz301567,20250905,41.12,25.21,0.9517,0.27,False
sz000651,20240731,33.7,20.91,1.0682,1.34,False
sz300765,20250918,51.8,22.67,1.7642,-1.99,False
sz399438,20240814,2020.01,7.07,1.0924,-1.42,False
sz001201,20251110,16.21,18.53,0.4484,-0.19,False
sz300450,20240930,19.29,27.69,2.3194,-4.82,False
sz002496,20240930,2.46,45.49,0.4472,-16.67,False
sz301529,20250624,30.94,48.63,0.7636,4.49,False
sz300599,20240813,5.8,30.18,0.4769,-13.62,False
sz002192,20240927,34.27,18.51,0.737,-2.16,False
sz000548,20240731,4.23,29.09,0.3572,-1.89,False
sz002826,20240731,8.17,30.32,0.3948,3.3,False
sz300966,20251125,21.61,14.17,1.2467,-2.22,False
sz301319,20260408,47.2,47.48,0.7704,16.95,False
sz300681,20250815,32.02,23.49,1.5635,-0.06,False
sz300260,20240930,24.22,31.05,1.2518,-4.13,False
sz200020,20240904,2.36,15.55,2.3209,-4.66,False
sz200429,20250923,8.16,10.5,1.3364,0.86,False
sz301630,20260116,191.37,24.99,0.4857,-2.04,False
sz002572,20240926,14.31,28.32,0.6417,7.62,False
sz300928,20250702,34.45,31.63,0.5516,-0.99,False
sz000061,20240919,5.45,12.82,0.8767,5.5,False
sz301357,20260302,148.14,31.49,1.0567,-13.46,False
sz001965,20260309,9.94,8.3,1.0601,3.12,False
sz300478,20240820,9.04,33.18,0.4364,-22.46,False
sz000637,20240926,3.3,24.02,0.6573,3.03,False
sz300703,20251105,27.01,51.63,0.7582,2.7,False
sz002324,20240930,9.18,21.18,1.5736,-12.09,False
sz301066,20250624,15.07,77.51,0.5909,2.39,False
sz001229,20250703,32.88,27.19,0.6434,0.49,False
sz000856,20250626,10.62,42.75,0.4681,4.71,False
sz300265,20240807,7.82,47.23,0.4214,-11.76,False
sz301486,20251205,91.85,39.82,0.6207,19.23,False
sz300436,20240806,17.44,27.69,0.8158,16.97,False
sz399410,20240927,1605.9,18.9,0.7878,8.29,False
sz000679,20240805,3.43,45.41,0.7911,-5.83,False
sz002539,20240926,7.37,16.26,1.278,10.31,False
sz301028,20250624,11.97,36.88,0.3664,1.84,False
sz002197,20241017,4.12,28.7,1.0657,16.26,False
sz300151,20240731,15.6,34.13,1.1031,1.41,False
sz300206,20240911,8.94,18.51,1.0554,-1.9,False
sz300132,20240808,3.82,34.27,0.3213,-4.71,False
sz301618,20250630,59.65,42.75,0.5013,-1.93,False
sz301331,20260206,31.3,26.92,0.5953,-7.64,False
sz002988,20251020,41.59,30.49,1.1317,-2.84,False
sz002514,20240902,5.29,30.86,0.9257,-18.15,False
sz300248,20240903,6.77,15.8,0.7709,-0.89,False
sz200521,20250506,4.03,20.14,0.5862,0.5,False
sz002620,20240926,2.79,40.06,0.3932,8.6,False
sz002073,20240927,7.4,29.0,0.5865,-0.54,False
sz300454,20250624,89.88,29.11,0.5021,2.81,False
sz000560,20240830,2.5,40.44,1.2241,-2.0,False
sz002420,20240923,5.11,30.06,0.4875,14.87,False
sz300181,20240930,14.86,31.67,2.5688,-1.41,False
sz000900,20240925,3.58,16.13,2.7979,11.17,False
sz300332,20240930,6.0,26.91,3.2534,-4.0,False
sz399994,20240927,1262.04,14.34,1.3128,9.69,False
sz300006,20240909,2.76,20.42,1.3114,3.26,False
sz300655,20240927,7.28,22.36,1.1269,16.91,False
sz002109,20241028,3.17,41.72,2.4296,-1.26,False
sz399673,20240926,1686.83,13.96,0.7989,31.27,True
sz002958,20260209,3.22,8.27,0.6893,-2.8,False
sz300857,20250812,85.66,25.18,0.5115,14.2,False
sz300298,20240806,23.6,27.74,0.9763,1.99,False
sz300679,20250819,48.93,22.13,1.8128,3.54,False
sz301228,20251106,28.12,40.74,2.0753,7.47,False
sz002739,20240930,12.49,30.21,1.286,-15.53,False
sz002916,20260401,231.0,32.17,1.6255,5.19,False
sz000099,20240927,17.09,45.44,0.444,-2.81,False
sz300819,20250905,25.12,43.36,0.3121,-3.3,False
sz002210,20240806,1.54,30.17,0.4633,-3.25,False
sz301152,20250924,27.06,33.62,1.6123,16.22,False
sz002777,20240927,15.46,28.1,1.1548,7.12,False
sz300148,20240815,3.01,28.52,0.603,-13.62,False
sz002614,20240927,5.89,14.31,1.1959,1.02,False
sz000554,20240927,5.22,12.06,1.1238,5.36,False
sz002047,20240927,1.75,32.66,1.1217,0.57,False
sz002373,20240930,9.43,30.07,0.7667,-0.85,False
sz399409,20240927,3731.02,14.79,1.0514,10.68,False
sz301556,20250703,91.66,25.45,0.4113,-3.4,False
sz000987,20240924,5.21,13.1,1.011,40.49,True
sz399393,20240924,2669.22,13.16,1.0847,31.33,True
sz300106,20240823,7.0,27.93,0.8189,9.0,False
sz002009,20240930,12.78,30.61,0.8842,-4.07,False
sz301518,20260408,39.99,44.78,1.2584,1.45,False
sz002817,20240927,5.69,14.89,0.8026,0.53,False
sz300251,20240930,8.7,22.82,1.6641,-10.23,False
sz002297,20240731,6.37,37.15,0.4827,2.2,False
sz002991,20251110,59.68,11.38,1.3062,3.28,False
sz301328,20250627,41.82,36.53,0.2068,-2.32,False
sz300957,20251009,45.81,17.51,1.9137,2.95,False
sz000863,20240926,3.62,28.25,1.0042,-1.38,False
sz300398,20240731,12.3,32.45,0.6203,-7.97,False
sz301601,20250718,34.89,31.03,0.5683,0.63,False
sz002024,20240919,1.38,23.38,1.0574,4.35,False
sz200011,20240802,3.64,13.07,1.5477,3.57,False
sz301366,20250725,37.7,31.59,0.7425,0.98,False
sz300585,20240813,12.26,41.99,0.7787,4.24,False
sz000603,20240930,12.98,34.83,0.6986,1.16,False
sz002543,20240930,10.03,22.93,1.351,-1.52,False
sz399239,20240925,1222.2,14.33,1.0459,36.33,True
sz300919,20250718,33.46,11.37,1.3704,4.06,False
sz000050,20240927,7.37,23.63,0.9161,2.44,False
sz000403,20250317,16.65,12.4,0.9575,-0.64,False
sz002110,20240926,3.31,23.84,2.2872,-1.21,False
sz002922,20250724,16.92,15.99,1.3292,-4.37,False
sz000919,20240806,6.5,17.23,0.3901,2.31,False
sz301128,20250703,49.29,40.84,0.4186,-1.46,False
sz300198,20240925,1.44,33.56,0.4924,60.42,True
sz300051,20240927,7.88,27.7,0.729,-1.9,False
sz003027,20251215,19.67,38.58,3.4054,3.61,False
sz300602,20240821,15.06,32.2,0.7406,-2.12,False
sz001367,20251031,23.88,19.98,0.7033,-2.68,False
sz300784,20250721,54.83,21.41,0.5116,-0.33,False
sz301586,20250901,54.07,34.56,0.4092,-5.59,False
sz300365,20240830,5.23,24.09,0.8107,-9.37,False
sz002439,20240930,17.19,27.62,1.5956,-4.07,False
sz300863,20260324,50.98,29.82,0.9292,1.69,False
sz000957,20240927,10.0,48.34,1.018,-2.5,False
sz300032,20240815,3.73,38.35,0.5859,-7.24,False
sz002209,20240806,8.37,26.01,0.4232,-8.01,False
sz300555,20240805,6.09,25.24,0.6358,3.61,False
sz002593,20240930,3.13,19.73,1.6904,-5.11,False
sz300281,20240910,4.57,76.55,1.1142,-4.81,False
sz002247,20240801,1.46,43.18,0.7377,0.0,False
sz002941,20250625,11.17,19.49,0.9659,-0.72,False
sz300987,20251104,18.61,33.35,0.7216,-2.85,False
sz000698,20240930,3.25,23.81,0.9978,-5.54,False
sz000751,20240927,2.81,14.66,0.9584,2.49,False
sz301234,20251210,43.91,50.54,1.0686,0.2,False
sz300117,20241022,1.43,53.59,1.2145,9.79,False
sz002176,20240930,8.6,29.76,1.1564,-9.3,False
sz300805,20250630,11.0,38.49,0.5027,0.09,False
sz000931,20240806,4.11,32.31,0.5755,-1.46,False
sz399642,20240927,1541.24,13.19,0.7533,4.27,False
sz002138,20240927,25.56,27.5,0.5238,3.44,False
sz300037,20240830,32.12,19.67,0.4303,-1.06,False
sz300533,20240930,17.05,37.19,1.0014,-7.21,False
sz000581,20240731,15.79,12.7,1.0947,-5.26,False
sz002708,20240930,8.16,22.94,0.6357,-5.64,False
sz002221,20240926,8.72,11.15,1.3968,3.9,False
sz300828,20250912,16.61,23.65,1.2093,-3.07,False
sz002927,20250627,14.19,31.06,0.5917,1.83,False
sz002746,20240927,5.5,16.38,1.156,-0.91,False
sz301163,20251124,27.42,17.9,1.0602,3.83,False
sz002546,20240927,3.34,15.77,0.9295,3.29,False
sz002315,20240927,26.15,17.62,1.3955,0.31,False
sz300449,20240813,4.41,39.63,0.7393,7.48,False
sz399692,20240927,2839.86,13.49,1.7241,8.52,False
sz301057,20260408,32.59,48.45,1.6676,-1.81,False
sz399975,20240924,618.55,12.96,0.457,43.49,True
sz002672,20240927,3.92,28.3,1.6479,4.08,False
sz300407,20240828,7.49,24.46,1.1957,3.87,False
sz300254,20240805,8.68,52.08,0.306,3.11,False
sz300160,20240927,4.81,21.06,1.4997,6.03,False
sz001256,20250627,21.64,43.98,0.3335,-2.36,False
sz002812,20240930,34.21,26.24,1.6491,-2.22,False
sz301019,20250624,16.17,43.62,0.3533,5.81,False
sz300464,20240819,3.9,47.16,0.2436,-10.26,False
sz300237,20240805,1.31,34.4,0.7972,-0.76,False
sz000078,20240806,2.42,27.57,1.9105,-0.83,False
sz002871,20240913,8.12,36.71,2.8228,-3.08,False
sz301629,20250916,164.18,23.12,2.6107,37.56,True
sz300698,20251028,44.05,28.89,1.0658,8.22,False
sz000036,20240731,3.05,23.26,0.8507,-2.62,False
sz301300,20251020,39.01,22.1,0.6532,3.15,False
sz300751,20250813,76.37,16.49,0.6856,4.64,False
sz002042,20241008,3.84,37.57,0.7252,-14.58,False
sz000551,20240826,7.5,18.52,0.7259,-0.56,False
sz300084,20240927,5.55,25.58,1.7945,10.81,False
sz300455,20240927,11.66,40.87,0.762,11.24,False
sz002493,20240930,10.26,21.06,1.04,-8.68,False
sz300900,20250825,21.8,23.19,1.9902,-3.58,False
sz002309,20240820,1.88,30.55,0.6851,12.23,False
sz002840,20241128,13.57,41.62,0.7054,-0.52,False
sz301182,20250624,35.71,38.52,0.8177,1.51,False
sz300887,20251015,8.13,27.95,1.1783,-1.48,False
sz000007,20240815,4.63,26.69,1.12,-7.78,False
sz300381,20240730,6.24,64.36,0.353,6.57,False
sz300760,20250724,229.41,15.5,0.9918,-0.38,False
sz002347,20240806,4.34,34.49,0.8162,-16.13,False
sz000333,20240731,59.79,18.35,0.8108,-5.12,False
sz002577,20240815,13.56,27.82,0.7262,5.31,False
sz000819,20240809,15.86,28.98,1.7053,2.02,False
sz200025,20240731,3.46,11.17,0.4391,-2.02,False
sz002010,20240926,3.86,15.34,1.6484,8.29,False
sz000503,20240920,7.58,23.82,0.6158,12.01,False
sz002643,20240930,10.27,24.06,1.598,-4.28,False
sz300963,20250905,18.61,44.5,0.9027,-0.11,False
sz399243,20240926,1106.2,14.95,0.9252,23.31,True
sz300684,20250703,24.91,42.7,0.4038,2.29,False
sz002823,20240924,11.83,55.59,0.5581,30.1,True
sz300098,20240905,3.88,51.86,0.7358,-5.67,False
sz002891,20251110,60.46,20.64,0.983,-1.27,False
sz000963,20240819,29.35,24.04,0.5443,-3.51,False
sz300351,20240930,17.74,19.12,1.2529,-3.16,False
sz300502,20240910,65.83,38.93,0.826,5.7,False
sz002397,20240927,2.24,21.04,0.8854,-0.45,False
sz300636,20240930,9.19,36.72,1.4043,-8.81,False
sz003013,20251128,15.13,11.54,1.544,-0.26,False
sz300065,20240924,6.67,17.44,0.7772,59.82,True
sz000703,20240930,6.96,37.83,0.5982,-7.18,False
sz301266,20250630,33.43,34.65,0.349,2.3,False
sz300485,20240926,6.82,23.93,0.5707,16.13,False
sz002443,20240927,5.49,11.6,1.333,20.94,True
sz002124,20241008,2.39,29.59,0.5769,6.69,False
sz000887,20240731,11.93,20.12,1.14,-7.88,False
sz002975,20250624,32.77,38.88,0.2415,2.7,False
sz002273,20240913,15.72,31.6,0.616,2.16,False
sz301205,20251020,89.91,41.35,0.9603,8.79,False
sz300654,20250717,10.91,14.32,1.2187,5.04,False
sz301456,20250624,24.01,38.49,0.2386,1.37,False
sz399813,20240926,4335.97,15.34,0.8535,24.03,True
sz002714,20240731,41.42,19.32,0.7596,-0.85,False
sz301131,20251021,48.12,27.09,0.4956,1.37,False
sz300048,20240927,4.82,12.95,1.0871,3.53,False
sz301382,20250625,29.76,38.68,0.4379,-1.74,False
sz300561,20240731,8.76,66.68,1.8317,-7.64,False
sz300834,20251021,22.65,14.5,0.7449,0.75,False
sz301418,20251021,36.29,13.31,1.9638,4.68,False
sz001330,20250624,5.04,28.94,0.9087,-4.56,False
sz002693,20240805,5.28,56.77,0.3637,-4.17,False
sz002696,20240927,4.31,18.17,1.0689,3.02,False
sz399991,20240927,2035.84,16.03,1.2194,4.31,False
sz300650,20240801,9.74,42.7,0.6727,-7.29,False
sz399676,20240927,2771.44,14.15,1.0832,4.81,False
sz000905,20240927,5.87,10.41,1.4541,3.75,False
sz301387,20251015,39.46,28.06,0.5635,2.0,False
sz300337,20240815,7.06,32.64,0.9609,5.81,False
sz399638,20240925,4352.5,11.72,0.7633,24.36,True
sz300184,20240801,4.84,29.73,0.707,-6.2,False
sz002425,20240819,3.19,56.72,0.5114,-16.61,False
sz002970,20250630,49.0,41.4,0.4632,0.8,False
sz399008,20240927,1164.08,11.84,1.0437,3.26,False
sz001318,20250624,12.48,28.92,0.6318,5.21,False
sz300549,20240927,14.27,44.27,0.4101,5.05,False
sz000155,20240927,10.37,21.86,0.5838,2.41,False
sz002215,20240919,7.45,23.62,1.3815,2.55,False
sz300480,20240930,14.99,41.03,1.2048,-5.74,False
sz301119,20250708,34.93,87.65,0.4431,-0.23,False
sz001356,20250805,14.95,21.19,0.7031,0.33,False
sz300507,20240926,5.33,31.75,0.7855,21.39,True
sz002408,20240731,5.22,25.89,1.0664,-3.64,False
sz002608,20240930,7.96,22.13,0.8325,-4.65,False
sz300154,20240927,5.26,14.86,1.4138,6.46,False
sz300433,20240924,15.56,32.97,0.8615,52.89,True
sz399415,20240926,5523.92,11.84,0.9965,9.52,False
sz300748,20251217,33.05,41.18,0.3682,2.33,False
sz002646,20240927,10.42,29.3,2.4654,-5.09,False
sz000506,20241023,2.04,75.58,1.2578,27.45,True
sz002868,20240930,15.28,22.97,1.4692,-5.17,False
sz002015,20240930,8.35,36.36,0.9542,-7.18,False
sz301063,20250905,26.96,34.77,0.7497,3.23,False
sz000632,20240925,2.92,20.46,1.0224,8.22,False
sz300706,20251208,37.4,48.0,0.8053,-2.86,False
sz002321,20240905,1.69,29.52,0.4586,3.55,False
sz300179,20240927,7.0,22.61,0.6669,5.86,False
sz002076,20240926,1.71,20.27,0.8004,5.26,False
sz000565,20240920,4.36,13.37,0.5763,6.43,False
sz002342,20240926,3.12,16.89,0.5665,8.97,False
sz002511,20240930,7.89,23.93,1.9648,-8.88,False
sz000002,20240925,7.31,17.8,1.4574,27.77,True
sz000798,20240808,6.57,28.18,0.5368,-0.76,False
sz301187,20250624,26.72,52.38,0.3664,2.13,False
sz300137,20240930,4.78,23.09,2.0685,10.46,False
sz002845,20240930,13.39,23.22,0.8136,-4.26,False
sz002038,20240930,7.9,19.39,1.5795,-8.1,False
sz300905,20251119,33.59,30.69,0.9125,-6.73,False
sz000831,20240927,25.74,17.49,0.9429,0.82,False
sz300203,20240731,11.87,33.59,1.0112,-3.29,False
sz300648,20240911,18.39,22.57,1.7817,-2.99,False
sz399989,20240927,6443.84,14.52,1.2829,5.9,False
sz002114,20240920,4.84,26.17,0.4546,8.68,False
sz000407,20240925,2.75,12.37,0.6395,9.46,False
sz301256,20250806,11.04,32.32,0.1691,3.17,False
sz300829,20250808,18.37,34.62,0.218,0.38,False
sz300055,20240926,4.3,15.07,1.2362,19.51,False
sz002709,20240930,18.37,31.91,1.1574,-9.8,False
sz300867,20250908,17.37,31.38,0.5143,-0.63,False
sz000953,20240731,3.33,47.2,0.6352,31.53,True
sz301086,20250709,45.79,15.5,0.8275,0.9,False
sz001300,20260324,16.88,25.43,0.4706,-1.66,False
sz300036,20240927,15.24,21.66,0.683,12.73,False
sz002597,20240731,19.75,38.93,0.495,4.61,False
sz300551,20240920,7.8,41.39,0.7248,17.31,False
sz301428,20250624,39.99,40.46,0.4662,0.95,False
sz300804,20260209,43.19,17.01,0.6843,5.09,False
sz000930,20240930,5.79,20.75,1.8182,8.98,False
sz002724,20240927,4.7,14.74,1.2455,2.13,False
sz301101,20250820,49.09,27.55,0.3895,-0.84,False
sz300078,20240802,2.9,51.55,0.5378,-7.24,False
sz002945,20250625,14.68,25.38,0.3636,-3.34,False
sz000750,20240906,3.15,17.64,0.9802,-4.76,False
sz300664,20251010,5.39,12.06,2.2415,-0.93,False
sz301235,20251125,30.06,34.96,1.5428,-3.43,False
sz002243,20240918,5.76,32.65,0.6356,3.99,False
sz301035,20260120,78.6,18.52,0.8631,1.46,False
sz200625,20240927,3.36,21.14,2.2446,0.59,False
sz399397,20240927,1731.66,14.32,1.6499,3.83,False
sz000983,20240930,9.3,30.33,0.8934,-8.17,False
sz301552,20250630,38.26,39.39,0.4762,-2.77,False
sz000037,20240930,8.74,31.36,0.8167,-7.44,False
sz002377,20240930,2.14,19.33,1.3182,-5.14,False
sz301628,20250626,88.39,32.27,0.3591,2.55,False
sz001234,20260206,27.98,21.72,0.5008,0.64,False
sz300465,20240819,8.24,33.16,0.4164,-10.19,False
sz300236,20240730,32.16,18.87,0.7721,-3.86,False
sz002339,20240923,5.98,23.81,0.8061,14.38,False
sz002813,20240930,27.25,40.95,1.0937,-1.32,False
sz301018,20250714,39.3,24.27,0.8762,1.09,False
sz300255,20240912,10.42,31.0,0.6589,-4.32,False
sz301056,20251222,11.68,26.38,0.784,33.9,True
sz002020,20240802,10.33,19.69,0.7934,0.39,False
sz000829,20240801,8.43,27.62,0.8457,-1.54,False
sz002547,20240902,3.19,45.31,1.5893,-14.11,False
sz300581,20240801,8.18,39.02,1.1026,-4.28,False
sz002311,20240930,46.72,35.21,1.24,-8.39,False
sz399971,20240927,999.42,13.9,1.4145,1.63,False
sz002676,20240731,4.28,37.36,0.738,-1.87,False
sz002025,20240823,43.52,21.2,0.9658,5.74,False
sz399696,20240927,2250.07,17.43,0.784,9.49,False
sz300403,20240927,6.91,14.9,1.0749,7.38,False
sz300778,20250904,13.43,67.83,0.3231,2.01,False
sz002990,20250908,29.64,26.16,0.5693,1.82,False
sz300399,20240731,10.74,31.21,0.8123,-5.59,False
sz002638,20240920,1.78,30.15,0.5296,12.36,False
sz300935,20260416,32.64,45.36,2.089,1.93,False
sz000801,20240801,10.99,47.11,0.4815,-9.46,False
sz300233,20241008,15.14,36.14,2.7547,-15.66,False
sz000032,20240927,15.62,27.76,0.7888,12.93,False
sz002521,20240930,11.6,36.16,0.4852,-13.02,False
sz399001,20240926,8916.65,12.15,0.8481,17.43,False
sz300080,20240924,3.43,34.67,2.0361,53.94,True
sz000555,20240927,10.3,30.74,2.0186,2.72,False
sz002415,20240930,31.19,21.94,0.9754,-5.99,False
sz301230,20251103,35.05,34.4,1.3942,-7.56,False
sz002246,20240812,8.53,58.49,0.4713,5.04,False
sz002889,20250630,15.01,34.73,0.4012,-1.33,False
sz300349,20240930,12.87,22.38,1.1206,2.72,False
sz300986,20250819,13.8,31.84,0.5395,3.33,False
sz002172,20240927,2.75,24.5,1.0897,-1.09,False
sz001282,20250801,19.52,17.21,1.476,7.22,False
sz300801,20251223,27.08,65.55,1.5885,3.66,False
sz300307,20240926,5.53,19.14,0.5959,23.15,True
sz300660,20240927,17.98,18.6,0.8388,5.28,False
sz301083,20260304,19.38,36.77,0.4612,2.53,False
sz399646,20240926,7288.74,13.53,1.0748,12.15,False
sz300537,20240730,15.66,36.9,0.6847,-3.38,False
sz301587,20250624,22.66,37.7,0.2312,-2.25,False
sz002438,20240801,11.08,35.86,0.6061,-2.44,False
sz000778,20240930,3.8,19.52,2.8721,5.53,False
sz301129,20250630,26.92,40.0,0.3961,-6.65,False
sz300199,20240930,11.95,18.65,0.8227,-8.37,False
sz003026,20251024,35.11,18.0,1.015,-1.25,False
sz300603,20240923,7.53,22.75,0.5891,27.09,True
sz002096,20240807,11.3,47.28,0.9607,2.57,False
sz001366,20250924,12.51,18.77,0.9536,-0.88,False
sz002923,20250716,13.17,31.42,1.315,-2.58,False
sz300579,20240806,20.67,50.51,1.8813,-4.79,False
sz000736,20240918,8.98,32.77,0.8714,14.81,False
sz002225,20240927,3.68,29.44,1.0706,2.99,False
sz301167,20250924,15.64,24.09,1.2461,6.01,False
sz002742,20240730,2.25,63.65,0.8578,15.35,False
sz001328,20250805,44.44,34.88,0.942,0.63,False
sz000680,20240927,7.7,35.82,0.5612,-1.43,False
sz300506,20240923,1.67,57.48,0.4076,19.83,False
sz002393,20240808,16.3,22.98,0.5887,0.86,False
sz300355,20240927,2.63,16.31,1.2596,69.31,True
sz300853,20250624,24.2,46.25,0.3959,-3.1,False
sz002409,20240930,60.8,43.04,0.4234,-2.42,False
sz002895,20260325,38.4,29.35,1.062,1.43,False
sz399614,20240927,2366.92,18.1,0.7546,1.38,False
sz000627,20240902,2.09,25.28,0.6822,38.76,True
sz003017,20260105,32.85,22.97,0.6839,-4.69,False
sz300548,20240930,22.39,21.23,0.8963,-4.51,False
sz000929,20240927,6.6,20.03,0.8302,-4.09,False
sz002214,20240930,12.94,33.68,0.9919,-1.93,False
sz301262,20250905,24.95,23.11,0.9643,1.84,False
sz300481,20240927,13.45,22.84,1.1397,6.91,False
sz002120,20240903,7.31,34.4,0.9326,-2.46,False
sz002277,20240925,2.44,15.05,0.6178,12.7,False
sz002971,20251225,31.06,36.88,1.6328,-3.67,False
sz000883,20241218,5.04,29.14,0.4051,-1.98,False
sz000599,20240924,4.0,23.78,1.5389,13.25,False
sz200725,20240731,2.5,8.56,0.9882,-2.4,False
sz301135,20251022,28.06,27.08,1.3756,4.67,False
sz200596,20240927,108.0,27.22,0.8235,-0.47,False
sz002239,20240926,2.49,10.65,0.78,7.24,False
sz301386,20251125,23.68,29.23,2.2315,2.45,False
sz300002,20240830,8.81,19.91,0.8656,1.14,False
sz300651,20240930,13.69,35.01,0.6728,-5.77,False
sz301528,20251218,61.61,24.14,0.9661,13.54,False
sz002497,20240927,9.85,15.83,1.0789,-1.02,False
sz300451,20240926,3.68,25.07,1.1327,41.03,True
sz301186,20251015,43.03,16.33,0.8644,-0.65,False
sz002039,20240813,16.64,16.11,1.5183,2.16,False
sz399439,20240930,1798.07,18.37,1.1172,-2.5,False
sz002343,20240927,6.0,29.19,1.207,-4.83,False
sz000650,20240930,6.24,16.91,1.9076,-6.89,False
sz301566,20251024,17.35,19.81,1.0325,3.86,False
sz300883,20251219,6.83,18.1,1.7011,1.17,False
sz301001,20250725,31.84,26.09,0.4478,2.29,False
sz301356,20251217,21.51,29.16,1.5362,1.16,False
sz300929,20260112,11.24,20.14,0.8832,3.2,False
sz000060,20240926,4.36,13.53,0.769,11.23,False
sz002573,20240930,4.07,20.33,1.7052,0.0,False
sz002647,20240820,3.88,34.3,1.0621,-8.18,False
sz301631,20250728,83.31,15.96,1.1538,1.42,False
sz000507,20240926,4.61,8.86,1.0142,6.73,False
sz002869,20240830,23.62,59.22,0.8893,-4.06,False
sz002014,20240930,9.12,23.07,1.5534,-2.85,False
sz300261,20240812,6.21,37.48,0.5035,-10.31,False
sz300432,20240924,4.84,20.07,1.1907,64.01,True
sz300680,20250624,37.7,51.98,0.8027,-0.88,False
sz301318,20250911,31.76,27.74,1.8884,0.0,False
sz300967,20251022,21.26,38.75,0.9254,0.14,False
sz002827,20250224,27.75,52.08,0.6745,-2.67,False
sz300150,20240819,3.47,33.55,0.7221,-23.05,False
sz001266,20251020,27.81,18.36,1.91,6.44,False
sz002196,20240731,4.91,39.27,0.3403,-8.76,False
sz301029,20250728,23.98,17.94,0.8895,0.92,False
sz300099,20240805,5.15,30.05,0.6615,-15.55,False
sz000678,20240821,4.55,26.91,0.5653,-7.47,False
sz399411,20240927,3384.01,14.72,1.0721,0.87,False
sz300437,20240930,10.07,22.75,1.0455,0.0,False
sz300264,20240816,4.86,44.65,0.9489,-6.38,False
sz301067,20250716,30.7,36.95,0.4494,-3.39,False
sz002642,20240819,5.83,21.52,0.937,8.75,False
sz000065,20240930,10.47,24.89,2.1727,-2.67,False
sz000636,20240919,12.8,27.48,0.3006,7.34,False
sz300702,20251022,25.07,30.58,0.802,1.91,False
sz300479,20240905,16.54,37.3,0.5783,-8.71,False
sz001382,20251009,21.52,14.16,1.1999,1.58,False
sz000561,20240823,7.03,27.79,0.8341,-10.95,False
sz002072,20240806,3.84,42.43,0.5462,5.47,False
sz300249,20240909,6.84,17.39,0.8485,-7.02,False
sz000006,20240801,3.85,26.63,0.3798,0.52,False
sz002515,20240805,4.32,28.11,0.6892,-1.62,False
sz002989,20250826,31.22,26.68,0.7467,12.68,False
sz301330,20251118,29.78,29.74,0.5806,-2.52,False
sz002841,20240830,30.79,21.56,0.6392,1.66,False
sz300207,20240919,15.27,35.27,0.2308,9.23,False
sz300901,20251013,15.63,29.28,1.9014,0.58,False
sz000048,20240927,14.26,21.75,1.1338,-4.07,False
sz002108,20240927,3.19,12.91,1.1456,2.19,False
sz399672,20240927,3747.87,14.31,1.0331,1.63,False
sz399995,20240927,3491.51,20.96,3.6553,6.16,False
sz300333,20240731,4.86,69.26,1.3461,-6.38,False
sz000901,20250210,11.35,39.23,1.1397,-0.88,False
sz301419,20251128,31.9,28.44,0.8505,1.79,False
sz300180,20240815,3.66,25.04,0.7331,5.46,False
sz002146,20240926,1.47,35.24,1.7131,6.8,False
sz002272,20240816,5.34,44.48,0.6558,-14.42,False
sz002421,20240924,2.46,17.67,1.2302,31.24,True
sz301153,20250624,26.41,24.34,0.6924,-3.07,False
sz000702,20240802,4.48,92.09,0.2784,9.82,False
sz002211,20240927,2.81,25.11,0.7811,51.6,True
sz002917,20250714,14.24,22.03,0.4627,8.85,False
sz300678,20250630,34.58,39.21,1.1669,-3.96,False
sz300299,20240805,4.24,36.77,0.3941,-10.38,False
sz000962,20240926,10.54,15.31,0.9218,12.81,False
sz002959,20251027,49.44,17.78,1.2324,-6.45,False
sz300460,20240807,8.73,31.71,1.1029,2.06,False
sz301283,20260305,46.91,37.54,2.0765,3.39,False
sz301519,20250924,13.97,22.06,1.0429,-0.93,False
sz002875,20240905,11.9,23.25,0.4656,-1.09,False
sz002008,20240815,19.85,17.8,2.1872,-8.31,False
sz002792,20240807,10.98,20.22,0.7426,1.82,False
sz300107,20240815,8.84,47.12,0.6868,-7.58,False
sz001231,20251219,21.76,49.89,0.4648,2.99,False
sz399392,20240927,2148.58,13.25,1.2792,6.55,False
sz301557,20250905,73.75,16.15,1.6024,-0.77,False
sz002372,20240930,14.37,41.62,1.8833,-6.26,False
sz399408,20240926,12521.9,10.68,1.5782,9.1,False
sz000661,20240927,97.34,21.76,2.0354,4.22,False
sz300755,20250624,18.69,51.13,0.9966,4.33,False
sz301030,20250811,19.35,33.52,1.1432,-0.41,False
sz001979,20240808,8.73,34.86,0.6636,-0.69,False
sz002046,20240927,10.24,30.08,0.6231,4.88,False
sz002615,20240912,6.62,22.35,0.3873,-1.21,False
sz300149,20240802,5.02,51.32,0.3407,0.6,False
sz300918,20251015,21.18,39.83,1.332,-3.97,False
sz002542,20240927,1.76,25.25,1.0433,-1.7,False
sz399238,20240926,1239.66,19.95,0.8264,4.03,False
sz300584,20240802,16.48,36.33,0.285,1.46,False
sz301367,20250924,84.89,28.04,0.9347,-3.24,False
sz000536,20240816,2.52,37.09,1.0867,-13.1,False
sz301053,20251124,33.17,20.86,0.878,3.11,False
sz002858,20240927,10.66,18.79,1.3026,-3.28,False
sz301600,20250728,109.49,28.1,0.956,9.78,False
sz300956,20250819,17.6,18.62,1.0153,1.14,False
sz000862,20240930,5.04,20.16,0.9812,-5.56,False
sz301329,20250708,19.94,28.47,0.6576,-0.1,False
sz200539,20240731,2.07,5.37,0.4613,-0.97,False
sz002296,20240930,9.01,37.57,0.6368,-5.88,False
sz000785,20240926,2.63,23.19,0.6739,3.42,False
sz300250,20240910,13.34,23.9,0.6194,-5.85,False
sz300164,20240930,4.28,26.31,0.6588,7.71,False
sz002816,20240912,9.87,35.42,1.494,13.27,False
sz300862,20250630,26.48,46.2,0.3397,-6.08,False
sz300364,20240927,20.62,31.75,1.6726,7.42,False
sz300785,20250716,33.81,28.17,0.3591,-0.15,False
sz300050,20240814,3.39,42.47,0.7763,41.59,True
sz002476,20240927,3.83,18.73,1.2105,-0.78,False
sz002111,20240930,10.69,27.69,1.0093,-1.4,False
sz000402,20240925,2.63,25.75,1.1678,31.94,True
sz002940,20251031,39.63,62.95,0.5106,-5.12,False
sz000755,20240820,4.34,12.6,0.6642,5.3,False
sz002721,20240906,2.51,21.19,1.1985,-0.8,False
sz002592,20240930,4.39,22.47,0.618,-2.96,False
sz300554,20240930,23.58,40.06,1.2578,-6.57,False
sz002208,20240905,4.75,19.87,0.5663,54.95,True
sz000935,20240927,12.61,20.64,2.0725,9.44,False
sz399015,20240927,1918.25,12.31,1.3853,7.82,False
sz300033,20240924,111.83,17.63,0.7479,104.66,True
sz003040,20251014,20.95,45.16,0.9435,-0.53,False
sz300665,20240927,5.56,36.02,1.4602,5.22,False
sz399643,20240926,2047.57,13.76,0.8048,30.63,True
sz002139,20240927,10.32,24.46,0.4547,3.88,False
sz300498,20240731,19.29,18.79,0.5534,-0.62,False
sz300302,20240730,10.62,27.68,1.5243,-2.92,False
sz002177,20240819,3.5,33.08,1.5432,-8.85,False
sz001287,20250715,20.26,19.49,0.9127,1.58,False
sz300285,20240731,18.72,26.82,0.8971,-6.73,False
sz002410,20240926,11.02,28.32,0.5527,22.41,True
sz301162,20251124,55.97,22.28,0.7171,-3.61,False
sz002747,20240930,15.49,22.54,1.0977,-7.1,False
sz000733,20240930,43.49,25.26,1.3709,1.52,False
sz003023,20260116,24.2,31.62,0.4877,-0.87,False
sz300606,20240826,19.8,49.78,0.5041,0.15,False
sz002093,20240926,6.2,13.13,0.9521,12.9,False
sz000040,20241211,1.55,46.17,2.0201,-14.19,False
sz300532,20240820,9.01,24.6,0.8068,-0.91,False
sz002968,20251215,11.35,34.11,0.4175,5.03,False
sz300780,20250624,15.27,41.07,0.263,4.72,False
sz301218,20250626,21.25,28.06,0.3136,-0.71,False
sz300161,20240930,27.49,39.21,0.9159,-3.64,False
sz300406,20241008,15.36,35.47,1.422,-19.73,False
sz002293,20241008,7.11,29.61,1.8845,-8.72,False
sz002995,20250716,20.41,20.41,0.7107,-4.31,False
sz399420,20240731,1064.4,15.28,0.9729,-3.93,False
sz300953,20250624,96.85,53.9,0.4748,2.43,False
sz399974,20240926,1571.82,14.26,1.2758,11.05,False
sz002673,20240924,6.6,11.87,0.4428,42.88,True
sz000533,20240927,3.47,12.95,0.8753,0.86,False
sz399693,20240926,3130.45,15.56,1.034,25.71,True
sz001219,20250624,13.22,19.97,0.5752,2.04,False
sz300448,20240730,4.09,60.99,1.6629,13.19,False
sz002314,20240925,2.18,18.48,1.1324,9.63,False
sz301362,20251114,42.64,31.98,0.2472,-2.63,False
sz000607,20240926,3.39,20.86,0.7683,6.19,False
sz300733,20251015,18.8,44.29,0.3462,-2.29,False
sz300085,20240919,10.26,17.79,0.8151,122.03,True
sz000550,20240927,24.76,67.35,0.4277,12.52,False
sz002043,20240924,9.41,22.31,0.5449,21.11,True
sz300750,20250625,253.9,31.17,0.5773,-1.75,False
sz301301,20250701,12.25,30.32,0.6014,-0.65,False
sz002524,20240926,3.67,25.41,1.1894,4.36,False
sz300278,20240821,3.27,24.93,0.6469,-10.7,False
sz300699,20250625,31.03,24.78,0.3902,0.06,False
sz300102,20240802,6.36,30.12,1.5908,11.78,False
sz002870,20240927,31.01,11.46,1.1194,-0.48,False
sz300930,20251120,31.23,16.5,0.9933,-4.03,False
sz301286,20250722,28.2,27.34,0.9049,-4.43,False
sz000049,20250624,22.5,25.98,0.1825,0.0,False
sz301004,20250703,73.37,48.74,0.3969,-3.22,False
sz002346,20240926,7.75,16.18,1.1217,4.0,False
sz000655,20240927,5.52,16.19,1.1937,-0.54,False
sz300761,20250904,19.27,14.7,1.0183,24.13,True
sz300380,20240821,16.53,47.25,1.6085,-3.63,False
sz300886,20250924,28.24,27.11,1.8813,2.97,False
sz001205,20250916,16.65,6.91,1.1129,-2.28,False
sz301183,20250624,50.56,41.88,0.5878,-0.54,False
sz300133,20240930,6.98,29.34,1.3198,-10.89,False
sz002492,20240927,4.56,16.37,1.2887,1.1,False
sz002822,20240826,1.73,68.15,1.0001,1.62,False
sz301487,20251124,23.7,38.89,0.4454,-0.55,False
sz300685,20250708,22.84,16.6,1.8496,2.45,False
sz002538,20240813,4.57,26.43,0.6211,-2.84,False
sz399242,20240926,906.04,13.47,1.5023,12.66,False
sz300962,20250924,16.62,13.99,1.667,1.62,False
sz002011,20240927,10.97,16.46,0.6885,-0.55,False
sz001228,20250905,23.49,12.95,2.67,0.6,False
sz301353,20251225,27.03,22.55,0.9352,-0.7,False
sz000818,20241106,20.02,46.83,1.2199,-0.15,False
sz301500,20251105,16.12,24.84,1.1248,0.56,False
sz002576,20240801,12.85,30.94,0.5558,-7.24,False
sz002125,20240930,10.46,20.88,1.0225,-8.22,False
sz002442,20240927,4.34,14.74,1.1941,0.69,False
sz300818,20250718,22.68,25.24,0.7727,0.75,False
sz000151,20240909,10.26,28.61,0.5477,-1.36,False
sz300484,20240930,14.85,43.59,1.331,1.21,False
sz301267,20250625,18.98,19.5,0.4086,-0.58,False
sz399611,20240926,1931.86,12.76,0.7174,21.59,True
sz002738,20240926,30.07,22.0,1.472,10.97,False
sz000622,20241024,1.71,39.1,1.1797,5.85,False
sz003012,20250721,5.96,12.17,0.5165,4.53,False
sz300637,20240813,9.09,89.29,0.4654,-5.5,False
sz000685,20240808,6.99,14.42,0.6699,0.0,False
sz300503,20240731,14.03,33.01,0.697,-6.84,False
sz002396,20240920,13.72,15.61,1.235,9.62,False
sz300350,20240927,4.86,21.41,0.5223,8.64,False
sz300856,20250820,15.63,11.67,0.55,-3.39,False
sz002890,20251212,14.64,18.89,1.0021,-0.34,False
sz301229,20251020,20.7,35.93,0.651,6.52,False
sz002692,20240919,3.58,12.87,0.9999,1.12,False
sz300007,20240927,14.13,16.62,1.5892,11.32,False
sz300835,20251124,58.33,35.43,1.8261,5.09,False
sz300560,20240910,12.24,31.52,1.0166,-8.74,False
sz301383,20250820,42.56,17.82,0.6695,-1.79,False
sz300049,20240930,48.33,44.45,1.4675,-0.27,False
sz301130,20250924,29.73,26.79,0.818,-0.13,False
sz399812,20240927,5479.95,11.05,1.4996,2.48,False
sz002715,20241008,12.7,43.32,1.0394,-6.85,False
sz000761,20240925,2.87,22.76,1.9139,13.24,False
sz000886,20240731,4.58,47.57,0.1941,-3.49,False
sz300378,20240910,16.65,19.38,0.6736,-0.36,False
sz301201,20250627,21.17,33.41,0.7769,8.93,False
sz002424,20241024,3.73,24.35,1.1751,2.68,False
sz300185,20240927,2.04,13.8,0.9264,13.73,False
sz399639,20240930,1689.01,20.6,1.2542,-5.6,False
sz300564,20251125,16.22,17.61,0.8449,-1.91,False
sz300565,20240807,10.72,21.7,0.912,3.54,False
sz300830,20251020,10.4,49.92,0.3615,1.25,False
sz399677,20240924,3176.53,12.98,0.8873,51.57,True
sz002697,20240926,4.61,17.18,0.5383,4.99,False
sz399990,20240930,3017.57,21.81,1.1314,-3.61,False
sz000967,20240927,4.15,19.63,1.2995,3.61,False
sz300632,20240731,9.33,24.82,1.0168,-3.75,False
sz300061,20250114,12.42,70.98,1.1745,-4.67,False
sz301118,20250904,22.64,33.78,0.3811,4.37,False
sz000707,20240926,6.88,19.16,1.0766,9.89,False
sz002912,20250711,26.08,13.15,0.6034,4.6,False
sz001319,20250716,27.4,26.47,0.3273,-2.55,False
sz399009,20240927,3383.93,13.06,1.0672,5.65,False
sz002773,20240930,20.84,31.46,2.5606,-5.66,False
sz301156,20250901,19.45,23.24,0.4152,-1.85,False
sz301505,20251124,22.58,15.61,0.7953,0.09,False
sz002320,20240930,5.74,15.52,1.554,-6.97,False
sz000633,20240926,4.54,35.95,2.2382,4.63,False
sz300707,20250717,14.3,17.79,0.8557,0.35,False
sz000852,20250626,6.64,46.1,0.4807,1.81,False
sz301062,20250806,8.77,13.75,0.4086,-0.46,False
sz300155,20240905,3.96,33.65,0.5565,-8.84,False
sz002193,20240806,3.84,46.57,0.6562,-8.85,False
sz002609,20240927,7.58,18.08,1.2597,3.03,False
sz300904,20250730,54.88,24.35,0.2305,8.75,False
sz000830,20240731,10.95,21.61,3.8092,-4.11,False
sz300598,20240823,30.33,32.28,1.0892,-0.99,False
sz300136,20240730,18.91,23.79,1.7766,-8.46,False
sz000799,20240927,46.39,24.42,1.9805,6.49,False
sz300385,20240819,4.17,36.56,0.8018,-18.23,False
sz002510,20240924,3.86,23.95,0.551,17.36,False
sz301335,20260114,32.01,17.0,1.0308,-4.03,False
sz000564,20240920,1.82,15.44,1.5945,8.79,False
sz001387,20250624,13.53,30.76,0.2019,1.18,False
sz002077,20240927,12.34,27.75,0.4676,3.73,False
sz002624,20240926,8.18,22.91,1.0414,8.2,False
sz399013,20240927,4236.57,11.81,1.1635,2.98,False
sz002769,20240927,5.51,32.83,0.9184,-2.18,False
sz000429,20250620,13.32,14.6,1.3896,-3.98,False
sz300666,20240826,47.72,21.48,0.9122,2.12,False
sz300035,20240927,8.8,16.96,1.4297,10.45,False
sz003043,20251201,47.8,25.55,0.8357,2.49,False
sz002908,20260105,10.73,15.99,3.2954,6.62,False
sz300552,20240927,31.85,47.74,0.7333,4.43,False
sz300807,20250916,41.36,35.74,1.6762,-7.16,False
sz000933,20240930,19.28,54.63,0.792,-4.93,False
sz002727,20241106,14.4,45.32,1.2729,-0.28,False
sz301102,20250625,10.8,27.15,0.3606,0.74,False
sz002946,20250804,16.62,28.13,0.7146,4.69,False
sz000753,20240927,3.04,13.03,1.407,0.33,False
sz300667,20250805,16.37,14.34,0.7518,3.18,False
sz300286,20240930,20.37,32.6,1.0276,-8.89,False
sz002413,20240927,3.9,19.48,0.6232,5.64,False
sz300849,20250910,14.38,38.1,0.1993,-4.66,False
sz300018,20240814,4.78,26.76,0.5708,-0.63,False
sz000404,20240902,5.86,20.36,1.5582,-3.24,False
sz002117,20240930,7.27,19.96,2.1855,-3.85,False
sz301255,20250624,30.46,59.54,0.5127,-0.2,False
sz002470,20240926,1.46,14.39,1.497,7.53,False
sz300605,20240826,9.95,39.04,1.3149,-7.34,False
sz399623,20240927,6320.64,11.6,1.0685,3.25,False
sz399344,20240926,4912.19,11.94,0.8351,17.38,False
sz300864,20250624,19.72,23.77,0.2015,1.12,False
sz000950,20240925,5.04,12.23,0.6881,3.77,False
sz301581,20250708,53.64,26.49,2.325,-1.86,False
sz000899,20241008,8.97,33.53,0.8041,-8.03,False
sz300783,20250825,27.91,18.89,0.5205,-4.12,False
sz200058,20240904,1.51,11.41,0.587,-8.63,False
sz000019,20240904,6.04,10.47,1.0055,-6.79,False
sz002996,20250929,7.37,16.71,1.6017,6.65,False
sz000783,20240731,5.03,24.84,0.3797,-2.78,False
sz002750,20241104,2.25,27.59,0.7259,27.11,True
sz300256,20240809,2.08,31.12,0.7005,73.08,True
sz200016,20240926,0.66,29.55,0.6876,24.24,True
sz301055,20251020,20.77,32.27,0.9488,8.47,False
sz002023,20240930,9.97,25.69,0.7589,2.21,False
sz000530,20240925,3.78,16.06,0.6945,10.85,False
sz002544,20240930,21.0,24.24,1.1324,11.38,False
sz301361,20250707,32.0,35.72,0.5969,2.44,False
sz300582,20240830,8.83,47.11,0.4781,0.57,False
sz300218,20240903,14.43,33.6,0.4386,-4.16,False
sz301036,20250701,38.19,31.14,0.5584,-2.7,False
sz002613,20240927,3.59,22.71,0.8517,0.84,False
sz001279,20250624,39.99,42.01,0.8485,0.95,False
sz002189,20240731,15.03,23.68,0.9994,-2.93,False
sz300428,20240930,17.97,36.64,1.0658,-4.45,False
sz000980,20240805,2.02,48.83,0.7467,-23.27,False
sz399394,20240927,8104.03,13.43,1.357,4.83,False
sz301551,20250806,49.88,11.66,0.7974,0.96,False
sz300753,20250924,29.56,38.27,1.3873,-0.1,False
sz002374,20240926,2.09,22.24,0.7417,1.91,False
sz301078,20250626,13.42,47.78,1.0149,1.19,False
sz300101,20240926,14.48,23.17,0.8094,20.17,True
sz300466,20240924,6.5,18.26,1.1948,41.08,True
sz002569,20240911,6.05,23.07,1.2313,5.62,False
sz000807,20240926,12.81,29.1,0.4622,7.65,False
sz399440,20240930,1173.31,17.75,1.8398,-2.73,False
sz000629,20240927,2.68,15.34,0.8807,1.49,False
sz000802,20240924,5.37,17.08,0.8181,13.78,False
sz300230,20240926,3.38,13.64,0.8089,20.38,True
sz002791,20240927,27.99,29.21,1.4774,2.36,False
sz000518,20240802,2.34,61.82,0.4004,-12.39,False
sz300978,20250624,10.95,34.61,0.267,1.55,False
sz000031,20240920,2.5,14.41,0.8818,22.0,True
sz300083,20240821,6.09,33.18,0.4972,-5.75,False
sz002838,20240927,9.86,18.38,1.2628,0.41,False
sz002488,20240802,5.14,30.64,0.7434,20.23,True
sz300735,20250731,27.55,19.37,0.6429,4.9,False
sz002312,20240828,7.01,20.5,1.2087,10.7,False
sz002541,20241008,16.23,43.96,1.8269,-11.71,False
sz399972,20240926,3938.74,12.88,0.803,17.58,False
sz002675,20240927,12.84,12.49,0.7923,-1.17,False
sz301050,20250625,50.83,33.97,0.403,0.65,False
sz399695,20240927,1879.73,12.32,1.6027,5.27,False
sz300167,20240805,1.85,57.19,0.9031,-8.65,False
sz300534,20240806,7.89,23.23,0.6876,-1.14,False
sz002268,20240927,15.3,29.25,2.5109,5.36,False
sz399808,20240927,1878.2,11.28,1.0929,5.16,False
sz300053,20240730,10.81,30.94,0.9059,7.49,False
sz002095,20240924,13.07,24.72,1.7742,29.76,True
sz002920,20250812,113.91,19.41,0.3692,0.04,False
sz002226,20240930,4.5,23.03,2.7695,-3.55,False
sz000735,20240731,4.97,23.15,1.1286,-1.21,False
sz002112,20240912,9.2,17.25,0.7081,-1.41,False
sz002741,20240731,11.3,39.1,2.195,-6.46,False
sz301233,20251022,54.82,23.63,0.4455,2.59,False
sz003008,20251224,22.25,18.65,0.9601,-3.15,False
sz002171,20240930,6.83,23.5,1.017,-5.56,False
sz300802,20251020,19.89,23.6,0.6171,8.04,False
sz000936,20240930,6.67,21.27,1.7058,-4.05,False
sz300304,20240731,6.25,27.42,0.9874,-5.6,False
sz300663,20240902,10.48,24.25,0.8402,-2.39,False
sz301080,20251203,55.75,23.22,1.1561,-1.15,False
sz399645,20240926,8193.03,13.43,1.6733,12.66,False
sz000949,20240731,3.54,47.27,0.251,0.56,False
sz002274,20240926,7.05,17.96,0.5245,6.95,False
sz000767,20240927,2.46,12.17,2.1168,0.41,False
sz300528,20240805,7.39,34.17,0.9842,-4.6,False
sz002972,20251201,12.54,13.06,1.2555,2.07,False
sz000880,20240821,6.05,69.86,4.6983,-3.9,False
sz200726,20240930,3.91,12.44,0.9253,-0.77,False
sz001379,20250714,20.82,25.93,0.8183,1.54,False
sz301136,20251027,12.4,23.53,0.6202,3.06,False
sz399814,20240927,978.62,12.92,1.5351,2.4,False
sz300334,20250924,7.02,18.32,1.6566,-1.14,False
sz000729,20240924,9.34,23.0,0.4471,16.06,False
sz300566,20240926,13.98,28.71,1.5946,28.61,True
sz300335,20240926,3.96,17.62,0.6166,17.68,False
sz300001,20240731,19.88,19.24,0.927,-3.12,False
sz301178,20260114,56.43,42.2,0.6054,-5.37,False
sz002390,20240930,3.59,19.46,1.7393,-6.68,False
sz300850,20260105,43.44,36.32,0.5491,2.6,False
sz002259,20240930,2.65,23.8,1.584,-13.58,False
sz002896,20250711,61.44,34.69,0.4715,30.62,True
sz300631,20240930,21.42,28.21,1.1441,-5.46,False
sz002911,20250716,10.67,9.48,0.3812,-2.25,False
sz300318,20240802,4.97,31.74,0.562,1.01,False
sz000157,20240930,7.08,27.62,1.4045,-6.78,False
sz002444,20240829,24.47,24.2,0.9801,10.5,False
sz301261,20250709,78.17,44.8,0.7756,18.65,False
sz300482,20240930,26.0,29.7,2.1627,-7.27,False
sz399659,20240927,3230.26,11.77,1.301,5.5,False
sz002123,20240923,7.35,30.47,1.4033,14.83,False
sz301355,20250624,11.8,34.95,0.677,1.01,False
sz002570,20240924,2.69,13.91,1.0848,39.78,True
sz000063,20240731,26.8,12.55,1.1465,-5.15,False
sz002017,20240913,8.31,15.26,0.6325,8.55,False
sz000504,20240902,7.65,29.31,0.6821,3.4,False
sz300118,20240930,13.81,33.24,2.339,-8.98,False
sz300683,20251017,36.47,73.18,0.8805,-7.92,False
sz000850,20240906,3.38,14.52,0.6562,5.03,False
sz301548,20250624,47.02,40.24,0.428,3.45,False
sz002059,20240731,5.08,20.07,0.7599,3.74,False
sz002824,20240820,13.86,30.44,0.9614,-3.54,False
sz300729,20250819,14.76,14.24,0.3831,2.91,False
sz000833,20240730,4.65,28.32,0.3964,4.3,False
sz002494,20240927,3.36,19.87,0.9442,0.3,False
sz300201,20240930,4.0,25.68,1.1974,1.0,False
sz300452,20240927,11.48,12.79,1.2973,6.18,False
sz399689,20240930,911.27,23.87,1.8134,-4.28,False
sz300135,20240802,2.72,47.32,0.3554,-6.25,False
sz002669,20240927,8.62,19.93,1.0953,0.46,False
sz300767,20260123,21.1,32.16,0.546,-9.86,False
sz002340,20240731,6.12,20.65,1.2337,-5.55,False
sz301565,20250624,21.39,25.99,0.3256,20.85,True
sz300386,20240830,8.34,89.85,0.2347,26.86,True
sz200581,20240919,9.76,12.22,1.1279,9.74,False
sz002627,20240731,4.78,11.29,1.0209,-0.42,False
sz301002,20251218,30.78,63.02,0.5169,14.85,False
sz301560,20251104,38.43,27.24,0.6022,0.99,False
sz300383,20240926,8.47,13.77,0.6931,23.73,True
sz002516,20240925,3.83,17.0,1.0444,18.54,False
sz000878,20240927,12.5,24.55,0.55,4.56,False
sz300762,20250625,22.18,32.97,0.4086,-0.9,False
sz002491,20240930,3.93,28.42,0.8123,-3.82,False
sz300204,20240802,7.36,30.5,0.3837,-5.84,False
sz300902,20250707,18.85,34.91,0.4438,4.19,False
sz002558,20240926,9.83,19.28,0.9871,14.7,False
sz300153,20240903,6.08,19.28,0.5922,-3.62,False
sz002195,20240927,2.58,21.42,1.4857,5.81,False
sz002821,20240927,75.03,26.89,0.6075,-0.57,False
sz002368,20240930,20.44,50.81,0.5407,7.19,False
sz399412,20240926,2011.51,10.3,0.7513,19.24,False
sz300434,20240927,7.86,20.13,1.2028,4.45,False
sz002788,20240926,7.46,13.39,1.1831,12.6,False
sz002641,20240927,4.18,12.06,2.0001,2.87,False
sz301503,20250625,37.4,37.78,0.2512,-0.13,False
sz000635,20240925,6.24,14.54,0.6614,4.33,False
sz300701,20250625,10.07,36.06,0.206,2.38,False
sz002326,20240927,8.92,13.92,1.2499,3.7,False
sz300029,20240808,4.52,41.18,0.7808,-8.41,False
sz002775,20240822,2.32,42.16,0.9784,-4.74,False
sz002126,20240926,17.11,22.89,0.7215,19.87,False
sz002212,20240927,5.15,22.5,1.3462,5.24,False
sz300487,20240924,42.68,17.53,1.0246,44.02,True
sz000701,20240927,4.05,27.75,0.8141,0.0,False
sz002588,20240813,6.4,22.83,1.5871,3.28,False
sz300067,20240913,4.07,37.46,1.0477,-2.7,False
sz300855,20250624,22.16,21.05,0.569,6.5,False
sz301479,20251023,93.35,37.05,0.3908,0.48,False
sz300500,20240827,10.6,39.64,0.6778,-7.83,False
sz399671,20240927,6991.29,18.96,1.4926,5.51,False
sz300657,20240930,17.06,20.16,0.6976,-0.18,False
sz002691,20240902,5.18,28.78,0.9508,-5.21,False
sz399996,20240731,2437.69,11.4,1.7132,-5.49,False
sz300836,20260408,56.36,34.09,0.8467,10.2,False
sz000902,20240808,11.35,20.4,2.6021,1.76,False
sz300183,20240815,13.03,22.05,0.9766,-5.76,False
sz002716,20240930,3.5,26.74,1.1455,-6.29,False
sz301133,20250627,22.32,32.31,0.4362,0.04,False
sz002145,20240927,3.92,15.29,0.9816,1.28,False
sz300619,20240912,20.19,56.78,0.8108,-13.26,False
sz000762,20240927,21.3,15.5,0.7116,1.64,False
sz002271,20240927,10.69,38.45,2.1698,2.53,False
sz301207,20250701,16.32,22.73,0.4192,0.31,False
sz300878,20251219,23.98,43.02,1.8338,6.67,False
sz002422,20240731,29.16,19.92,1.2961,2.37,False
sz399358,20240926,3986.3,9.31,0.5822,15.62,False
sz300587,20240927,4.23,16.86,0.8849,11.34,False
sz000601,20240731,3.63,19.81,0.7441,-0.83,False
sz300129,20240927,7.17,21.01,0.4563,3.21,False
sz301199,20250624,24.28,39.15,0.3614,4.32,False
sz002026,20240927,8.22,28.09,0.5802,5.96,False
sz301603,20260227,75.01,20.86,1.7436,-5.41,False
sz300955,20260310,35.85,43.36,1.0152,-1.28,False
sz002993,20250627,39.74,42.09,0.1969,0.88,False
sz000786,20240926,28.28,30.62,0.6304,6.26,False
sz300400,20240730,10.92,42.52,0.5831,-7.33,False
sz002295,20240930,5.97,19.84,1.2876,-4.85,False
sz300253,20240927,6.28,18.49,0.9916,9.4,False
sz002068,20241028,7.18,43.67,1.6382,-1.11,False
sz002815,20240731,8.64,22.91,0.8115,-7.99,False
sz300463,20240812,12.71,24.24,0.4698,-5.59,False
sz301280,20250624,38.37,42.04,0.4145,1.64,False
sz300936,20250624,38.26,30.87,0.3073,0.08,False
sz301349,20250624,39.52,39.01,0.6927,-1.85,False
sz300718,20250715,77.08,32.68,0.6309,26.69,True
sz002876,20240930,23.08,32.09,0.7612,-2.9,False
sz002658,20240813,5.54,31.76,0.9464,-11.9,False
sz000985,20240903,13.64,16.33,0.7288,-5.72,False
sz399391,20240926,3028.91,14.3,1.1258,8.54,False
sz002522,20240927,3.42,15.4,1.2708,3.21,False
sz002371,20240830,234.98,19.22,1.454,-6.36,False
sz301307,20250624,23.76,44.84,0.645,1.39,False
sz301033,20251111,70.2,34.76,0.4744,-5.68,False
sz002616,20240802,4.33,34.63,0.3873,-4.62,False
sz300985,20251021,18.62,22.31,1.4896,3.22,False
sz300519,20240801,12.72,27.55,0.4153,-1.73,False
sz002943,20251126,32.19,25.81,1.6421,-1.58,False
sz002245,20240813,8.06,20.02,1.3128,-5.08,False
sz000756,20240812,16.22,19.76,0.7424,-7.22,False
sz300283,20240807,4.81,63.51,3.0494,-3.33,False
sz002416,20240805,9.36,34.33,0.5979,-9.08,False
sz000978,20240927,6.38,15.78,1.1769,-6.74,False
sz002722,20240920,11.81,12.26,0.828,18.71,False
sz301107,20251021,29.01,19.75,0.6139,5.41,False
sz002591,20240911,4.23,23.06,0.7403,-1.18,False
sz300557,20240926,17.98,30.21,0.8336,18.6,False
sz000718,20240923,1.71,19.37,1.0616,33.33,True
sz002458,20240930,9.12,21.15,0.8691,-4.17,False
sz399016,20240927,3516.86,13.23,1.0622,8.49,False
sz301149,20251111,11.71,28.18,0.3733,-2.22,False
sz001306,20250716,80.24,32.0,0.319,1.45,False
sz300030,20240909,4.86,35.49,0.9736,25.51,True
sz300861,20260109,15.74,26.35,0.3964,0.0,False
sz000955,20240925,3.63,31.92,1.853,1.65,False
sz300786,20251223,16.69,43.1,0.4095,-3.06,False
sz300600,20240927,6.16,20.17,0.5918,8.12,False
sz000586,20240927,8.13,30.07,0.7107,-0.98,False
sz003025,20250624,13.25,32.17,0.4707,3.09,False
sz399626,20240926,1128.76,13.02,0.7364,24.36,True
sz000166,20240731,4.43,13.48,1.0292,-0.68,False
sz002475,20241127,38.93,32.47,0.7844,1.18,False
sz300329,20240805,4.64,38.87,0.646,-12.51,False
sz301399,20251022,19.11,35.59,0.3802,2.46,False
sz002688,20240802,3.75,41.24,0.1543,-1.6,False
sz003816,20250625,3.6,13.02,0.6393,0.55,False
sz000401,20240924,4.56,14.84,0.7547,21.71,True
sz399668,20240926,3171.45,10.55,0.7321,25.96,True
sz301161,20250624,21.72,51.21,0.2242,3.68,False
sz002925,20251125,18.15,36.25,0.538,1.71,False
sz002158,20250722,18.11,23.39,0.3951,-4.36,False
sz002223,20240930,37.08,27.08,1.5952,-1.83,False
sz002159,20240903,13.63,15.95,1.4268,-3.01,False
sz300056,20240926,9.51,41.36,2.021,44.69,True
sz001360,20251124,15.97,13.24,1.2234,5.76,False
sz002090,20240930,8.49,20.78,0.8128,-5.3,False
sz300531,20240731,10.77,26.7,1.1713,-7.89,False
sz301085,20250813,62.5,18.24,0.8681,6.18,False
sz399640,20240926,1610.34,11.26,1.0033,28.56,True
sz301278,20250630,33.33,27.42,0.3349,1.05,False
sz200468,20240812,1.92,49.59,1.3944,-4.17,False
sz300301,20240927,1.3,16.99,0.8661,9.23,False
sz300628,20240910,31.7,24.82,0.3777,4.35,False
sz002174,20240927,8.44,15.46,1.318,-2.37,False
sz000100,20240927,4.21,21.93,0.4847,-1.43,False
sz301236,20250818,57.82,18.42,1.2851,5.83,False
sz002240,20240930,15.29,30.71,1.2032,-5.43,False
sz002389,20240806,15.0,32.58,1.0601,-5.6,False
sz300980,20250805,24.42,18.76,0.5095,-0.74,False
sz301665,20251027,30.47,17.39,1.8366,0.07,False
sz300086,20240906,4.17,21.63,1.1909,2.16,False
sz002040,20240925,5.62,11.59,0.5303,7.3,False
sz000553,20240926,5.1,19.14,1.3323,4.31,False
sz301302,20250717,24.03,43.65,0.501,1.46,False
sz002527,20240926,6.5,29.05,0.7113,11.85,False
sz000034,20240926,25.7,22.63,1.2062,19.76,False
sz200512,20241226,3.45,40.36,0.6511,-1.45,False
sz002873,20240930,9.83,34.62,0.6811,-8.44,False
sz300933,20250624,7.44,45.02,0.183,0.81,False
sz301285,20250624,29.95,26.84,0.8415,7.78,False
sz002810,20240927,12.85,20.72,1.0931,4.9,False
sz300162,20240731,6.32,81.0,0.4185,-1.9,False
sz300405,20240926,3.99,20.95,0.6861,13.53,False
sz002290,20241008,13.34,28.29,0.7427,-5.47,False
sz399423,20240926,1877.49,14.2,0.8217,20.74,True
sz301606,20251124,58.74,26.71,2.2529,5.04,False
sz002670,20240731,10.27,58.14,0.4447,-7.89,False
sz002811,20250731,10.36,70.24,0.1095,16.7,False
sz300730,20260408,14.78,23.7,0.9,2.3,False
sz002317,20240930,13.4,19.91,0.8142,-8.36,False
sz300267,20240808,2.69,29.36,0.4186,-11.52,False
sz300686,20260306,15.73,26.82,1.5506,-1.78,False
sz300961,20251016,17.86,36.04,1.173,-5.49,False
sz000028,20240930,31.26,33.58,1.3789,-11.23,False
sz399241,20240923,1071.68,14.36,1.1629,32.96,True
sz002012,20240912,3.68,26.7,0.756,1.09,False
sz000501,20240920,6.81,14.12,0.7452,13.36,False
sz300229,20240927,13.92,25.17,0.9769,13.0,False
sz301299,20250625,63.3,35.0,0.569,-3.63,False
sz002575,20240927,5.05,24.54,2.3659,4.75,False
sz000066,20240925,8.74,16.57,1.4751,16.93,False
sz002622,20240910,1.72,41.32,0.4618,-8.14,False
sz301007,20251231,40.52,42.77,0.5909,-3.08,False
sz000656,20240926,1.25,23.32,0.9187,-8.8,False
sz301333,20250708,50.97,28.69,1.9323,3.12,False
sz002345,20240927,4.65,21.75,1.1156,1.08,False
sz300885,20250624,12.69,72.72,0.448,9.61,False
sz300419,20240925,5.3,23.62,0.7613,30.19,True
sz301180,20250905,14.7,29.47,2.0122,1.36,False
sz001206,20260114,28.5,26.38,0.6595,-1.16,False
sz300130,20240925,17.05,20.35,1.028,50.32,True
sz301049,20250624,23.25,34.57,0.5064,2.28,False
sz002842,20240927,5.69,15.58,0.7813,-0.7,False
sz300457,20240925,16.32,31.01,0.6846,17.52,False
sz300004,20240820,4.84,32.53,0.4989,-16.53,False
sz001332,20250905,37.75,14.9,1.0938,28.42,True
sz002758,20240927,7.86,21.29,1.1254,6.87,False
sz002939,20251205,10.38,26.46,1.894,-3.37,False
sz300563,20240925,29.57,63.62,1.1165,66.95,True
sz301380,20251023,36.36,31.14,0.5916,-4.18,False
sz399811,20240927,2888.32,20.73,0.6907,13.18,False
sz002977,20251124,38.28,25.2,0.2509,2.69,False
sz000885,20240927,11.56,17.5,2.0973,1.73,False
sz301150,20260203,41.55,58.84,0.4532,8.35,False
sz301099,20250701,36.63,48.79,0.2833,-0.62,False
sz002441,20240930,7.12,25.58,3.6148,-4.63,False
sz002168,20241106,2.52,42.62,0.984,6.75,False
sz001298,20260119,32.66,29.96,0.5308,-2.3,False
sz003011,20260108,21.89,26.3,0.7049,1.92,False
sz002395,20240930,15.18,19.35,0.6509,-4.68,False
sz000686,20240924,6.01,18.01,0.469,46.42,True
sz300353,20240919,8.02,29.04,0.6102,16.58,False
sz002893,20250624,10.37,23.1,0.4344,3.11,False
sz300999,20250724,31.01,13.31,0.8012,-2.55,False
sz000683,20240731,6.49,26.03,1.5883,-5.55,False
sz300505,20240930,13.94,26.25,0.7762,1.29,False
sz300062,20240806,4.85,23.38,0.5752,3.51,False
sz301155,20251204,79.19,33.9,0.7618,5.44,False
sz300504,20250707,15.29,30.92,1.13,2.22,False
sz000430,20240925,5.36,24.08,0.7109,7.63,False
sz301598,20250806,63.71,23.71,0.5045,0.24,False
sz301202,20250704,41.06,42.6,0.6366,0.95,False
sz002427,20240930,3.53,22.93,1.2163,-3.4,False
sz002713,20240930,2.37,52.42,0.532,-3.42,False
sz002140,20240930,7.84,23.84,1.037,-3.32,False
sz003039,20250901,13.77,15.77,0.7038,-0.44,False
sz002469,20240930,5.25,25.7,1.5529,-5.71,False
sz300833,20250709,35.85,18.11,0.8666,-2.54,False
sz399674,20240927,1767.95,13.92,1.7041,5.11,False
sz300652,20240926,15.32,21.39,0.9938,22.25,True
sz001337,20250804,23.77,16.55,0.4965,-0.76,False
sz002694,20240930,3.94,28.11,0.6809,-4.06,False
sz399993,20240927,2293.23,13.94,1.2579,6.14,False
sz300907,20251125,33.09,41.25,0.9029,-9.4,False
sz301378,20250626,28.65,38.69,0.4658,-2.3,False
sz000529,20240930,5.99,25.06,1.8903,-8.35,False
sz301185,20250905,19.27,22.98,2.5943,-0.16,False
sz002289,20240927,3.25,38.66,2.206,-4.92,False
sz300880,20250707,21.55,22.2,0.4547,-2.51,False
sz002513,20240924,3.86,33.86,0.4893,10.62,False
sz300949,20251022,40.45,24.39,1.109,-0.27,False
sz301336,20251201,59.12,24.45,0.4474,-4.04,False
sz002074,20240731,19.43,24.25,0.5486,-1.65,False
sz002809,20240807,7.4,32.31,0.5729,-13.11,False
sz000567,20240926,5.83,24.31,1.7595,27.44,True
sz399307,20240930,276.91,10.32,0.9953,-0.87,False
sz000630,20240927,3.41,30.24,0.4926,-1.47,False
sz002323,20240923,1.25,23.47,0.6298,24.0,True
sz301061,20251119,90.21,35.1,0.5279,14.31,False
sz002644,20240807,7.32,26.44,0.4799,-2.87,False
sz300964,20251020,44.06,23.71,1.6924,4.13,False
sz399417,20240926,2191.46,12.31,0.8057,22.12,True
sz000999,20240812,32.11,23.24,0.5855,-1.85,False
sz000062,20251015,27.12,33.68,0.5145,-1.03,False
sz002190,20240926,14.71,18.11,0.6798,12.17,False
sz001260,20251124,20.1,19.67,1.3592,1.99,False
sz300287,20240730,2.87,67.19,0.5186,-7.67,False
sz000752,20240905,6.63,17.15,0.6029,3.02,False
sz002241,20240920,18.25,31.9,0.6273,12.6,False
sz300981,20251031,13.14,43.16,0.2713,2.05,False
sz301103,20251103,22.08,19.15,0.5462,-0.5,False
sz002726,20240927,6.93,20.68,0.8774,-0.72,False
sz300806,20250630,16.5,32.01,0.5803,-5.82,False
sz300553,20240930,18.78,32.66,0.7338,3.56,False
sz002909,20251020,6.46,24.3,0.4915,2.79,False
sz002595,20240731,36.0,16.78,0.7255,-3.64,False
sz300034,20240930,17.11,26.06,1.091,-0.88,False
sz399012,20240926,2450.19,12.69,0.9179,29.39,True
sz002768,20240927,19.58,12.66,1.2781,4.75,False
sz300363,20240927,14.02,28.44,0.5663,8.06,False
sz300865,20251103,33.02,29.15,0.9933,-2.91,False
sz300057,20240927,4.59,20.71,1.1958,4.79,False
sz003021,20250721,121.75,36.09,0.5733,-5.7,False
sz000582,20240731,7.38,12.87,0.4553,-0.14,False
sz002222,20240924,22.41,18.58,1.6659,30.17,True
sz002116,20240927,9.25,17.05,1.2218,8.32,False
sz300219,20240830,5.86,23.28,0.6971,-6.14,False
sz200570,20240930,1.93,11.58,2.3689,1.04,False
sz300583,20240730,15.3,67.31,0.5068,-13.99,False
sz301360,20250714,48.8,16.41,0.952,3.07,False
sz000056,20240926,2.01,20.73,0.8952,7.96,False
sz000531,20240930,5.47,25.11,1.5931,-3.47,False
sz002022,20240927,6.17,27.57,1.0349,0.49,False
sz200017,20240925,1.72,25.22,0.3312,8.72,False
sz399678,20240930,469.53,19.43,1.4613,-4.01,False
sz002291,20240924,4.88,27.31,0.8913,24.8,True
sz000782,20240927,4.31,9.87,0.6915,-2.32,False
sz002358,20240927,3.52,20.46,1.453,1.42,False
sz002997,20250717,39.13,23.21,0.5968,0.2,False
sz300951,20260112,36.8,17.56,0.4559,0.22,False
sz399441,20240927,2057.95,16.1,1.3238,5.52,False
sz300467,20240820,14.28,21.99,0.5638,-14.43,False
sz001236,20250924,11.24,37.37,0.9666,-2.31,False
sz002795,20240927,3.93,19.71,1.1387,-2.8,False
sz300100,20250916,48.69,21.71,1.0008,-6.41,False
sz002375,20240926,3.43,14.09,0.9359,10.49,False
sz300752,20250728,20.26,29.19,0.7838,-3.36,False
sz000035,20240730,4.42,27.24,0.9656,1.13,False
sz399395,20240927,5210.18,23.36,0.66,0.66,False
sz000981,20240802,1.41,65.01,2.8342,-11.35,False
sz300429,20240930,12.73,38.14,0.5506,0.86,False
sz002188,20240926,4.48,19.18,0.8741,-0.45,False
sz001278,20250624,17.0,49.03,1.0629,0.65,False
sz002612,20240927,14.84,17.25,1.3712,-1.82,False
sz300235,20250624,10.93,26.57,0.3305,1.01,False
sz301037,20250624,12.69,27.26,0.5764,3.07,False
sz000557,20240823,4.39,21.68,0.4724,-5.92,False
sz002044,20240927,3.93,17.99,1.1565,-0.25,False
sz002839,20240819,3.69,14.59,0.456,-0.81,False
sz300979,20250725,56.22,17.73,1.3424,-9.32,False
sz000030,20240731,4.97,21.45,1.2644,-6.24,False
sz002523,20240926,2.46,18.62,0.5452,7.33,False
sz300757,20250717,165.96,38.43,1.1316,8.42,False
sz002877,20240930,8.0,23.88,1.5944,-6.37,False
sz000519,20240806,13.39,28.45,1.0043,-4.85,False
sz002790,20241127,7.81,47.55,0.2743,0.26,False
sz300462,20240930,10.18,54.5,1.7355,-3.83,False
sz301281,20250624,31.13,42.98,0.9976,4.69,False
sz300231,20240912,7.71,18.21,1.1023,4.93,False
sz300937,20250904,27.78,18.42,0.8405,0.86,False
sz301348,20250701,22.54,29.8,0.4875,-8.44,False
sz301578,20250708,36.2,34.51,0.4232,-2.51,False
sz300401,20240927,13.59,44.58,1.0344,0.81,False
sz300128,20240904,3.49,29.69,1.3651,-6.3,False
sz399694,20240926,2113.75,14.54,0.9344,35.35,True
sz301051,20250701,20.02,48.84,1.2775,4.4,False
sz000534,20240927,10.33,17.65,1.2628,-2.23,False
sz399973,20240927,1266.27,18.06,0.7604,6.55,False
sz002674,20241008,10.02,24.46,1.955,-13.77,False
sz002313,20240930,7.65,41.78,0.9179,-5.49,False
sz000600,20241112,5.16,39.09,0.7211,-2.71,False
sz002489,20240731,2.6,24.94,0.6776,-0.38,False
sz301165,20251125,73.74,50.66,1.6681,2.39,False
sz002227,20240911,9.04,20.68,0.6917,-4.87,False
sz301398,20250624,39.49,35.99,0.6751,2.71,False
sz002094,20240819,2.37,36.34,0.3211,-10.97,False
sz300052,20240927,12.53,32.93,0.6348,7.34,False
sz399809,20240815,1699.06,10.8,0.9379,1.97,False
sz300208,20240930,2.26,62.37,0.3296,-3.98,False
sz002269,20240828,1.39,41.56,1.1614,-0.72,False
sz399680,20240930,681.55,28.7,0.7163,-5.32,False
sz300535,20240926,11.98,17.09,0.884,14.69,False
sz399644,20240926,3190.51,13.43,1.2071,11.53,False
sz300662,20240926,17.0,27.19,1.3241,15.06,False
sz300305,20240930,6.09,29.48,0.5939,-2.63,False
sz000719,20240814,9.87,24.44,0.8522,-1.72,False
sz300803,20250624,65.6,29.31,0.5899,18.72,False
sz000937,20240930,5.86,38.77,0.5558,-4.1,False
sz002459,20240927,12.32,27.59,1.666,4.79,False
sz003009,20260317,61.9,61.28,0.2857,-7.93,False
sz300518,20240820,11.22,54.16,0.526,-28.52,False
sz001336,20251218,23.93,42.84,1.0643,11.53,False
sz000728,20240731,6.41,17.77,1.0677,-2.65,False
sz002468,20240731,8.91,33.84,0.8004,-3.59,False
sz002712,20240927,4.16,22.84,1.4374,-1.2,False
sz301137,20250904,30.16,42.82,0.5933,5.07,False
sz001378,20250624,21.72,19.43,0.2897,1.15,False
sz002088,20240930,11.52,30.97,0.8909,-6.77,False
sz000881,20240927,6.6,15.59,0.9866,2.42,False
sz002973,20260119,14.61,29.0,0.4189,-0.96,False
sz300529,20240926,26.01,21.76,0.5494,26.14,True
sz000766,20240902,16.29,36.42,1.5934,-11.17,False
sz002275,20240829,12.74,12.87,1.167,1.18,False
sz301203,20260109,33.95,30.43,0.9015,3.06,False
sz002771,20240910,17.95,26.39,1.0545,-3.9,False
sz399658,20240927,3542.0,11.92,1.2323,2.74,False
sz002122,20240930,2.64,31.15,2.2113,-6.82,False
sz002216,20240927,11.12,23.83,2.666,-2.79,False
sz002445,20240925,1.78,9.04,0.9791,17.42,False
sz000156,20240926,6.45,17.55,0.6369,7.44,False
sz300319,20240829,8.66,46.74,0.6998,0.35,False
sz002217,20251219,3.12,32.74,0.9437,-0.96,False
sz003015,20251021,16.85,28.02,0.749,3.09,False
sz002336,20241024,3.29,29.43,0.6954,14.29,False
sz300851,20250624,27.0,32.67,0.2574,2.07,False
sz000965,20240920,2.8,18.0,1.0801,18.93,False
sz300357,20240930,24.02,26.4,1.9742,-4.04,False
sz000682,20240903,10.56,20.08,0.9871,-2.75,False
sz002391,20240926,4.72,11.0,0.9266,5.08,False
sz300157,20240814,2.59,38.27,0.5929,-18.15,False
sz002058,20240924,8.29,39.71,0.7163,25.81,True
sz002825,20240926,6.42,16.15,1.5511,8.39,False
sz300965,20251208,65.87,18.31,0.9007,5.97,False
sz300682,20260114,19.41,24.91,1.1585,-2.37,False
sz300263,20240926,5.74,13.83,1.1547,18.81,False
sz000505,20240919,5.95,22.47,1.079,1.51,False
sz002016,20250210,6.81,61.6,0.9702,-1.47,False
sz002645,20240930,7.76,24.63,1.4109,-5.8,False
sz301633,20250721,86.2,24.16,0.3076,-8.18,False
sz002626,20240731,13.74,32.53,0.5738,4.8,False
sz002847,20251110,76.68,17.63,1.2397,-0.34,False
sz300387,20240819,6.21,27.92,0.7006,1.45,False
sz000652,20240924,3.32,15.6,0.7616,31.63,True
sz300766,20250812,40.88,22.98,0.8552,4.79,False
sz002668,20240731,9.11,58.27,0.6409,-3.95,False
sz300134,20240830,7.51,23.71,1.0789,-1.86,False
sz001202,20251218,15.16,27.14,1.2407,3.56,False
sz399688,20240926,2067.09,32.51,0.5709,24.28,True
sz300453,20240927,6.5,16.4,0.9444,9.38,False
sz002495,20240926,1.64,23.15,0.6496,7.92,False
sz002559,20240930,8.38,20.96,1.2037,-3.94,False
sz000837,20240927,7.87,20.34,0.7682,4.07,False
sz002490,20240927,2.08,38.68,0.6026,1.92,False
sz300456,20240927,16.39,19.67,1.3465,12.75,False
sz301181,20260330,39.65,30.81,0.7803,1.01,False
sz002843,20240930,15.42,32.36,1.28,6.36,False
sz000657,20240930,9.64,25.3,1.0205,-6.74,False
sz300763,20250624,55.02,35.84,0.4173,3.62,False
sz301332,20250627,10.31,27.25,0.3639,5.24,False
sz000004,20240823,11.53,46.63,0.8066,4.34,False
sz002517,20240926,10.1,19.85,1.015,13.07,False
sz200045,20240829,3.29,6.0,0.7835,-3.95,False
sz000563,20240731,2.82,16.78,0.6167,-2.13,False
sz001380,20250804,20.52,23.54,0.4097,19.64,False
sz301298,20251015,16.79,15.29,0.9827,2.8,False
sz200488,20240806,1.44,21.05,0.5274,-1.39,False
sz002327,20240930,8.78,43.44,0.9814,-10.02,False
sz301502,20250624,39.82,40.76,0.2692,0.93,False
sz002640,20240909,1.95,38.75,0.7534,-7.18,False
sz200992,20240926,1.66,15.86,0.4118,19.88,False
sz301636,20251111,57.0,12.85,2.0538,-8.44,False
sz301065,20251010,23.13,20.11,0.9605,-1.95,False
sz002789,20240924,8.91,29.92,0.3433,20.43,True
sz002369,20240815,4.15,32.91,0.6315,-6.51,False
sz002194,20240830,8.72,17.51,0.6635,-7.91,False
sz300152,20240925,1.99,34.69,0.5176,149.25,True
sz300352,20240926,4.01,20.01,2.4319,39.15,True
sz300854,20260121,20.44,39.65,0.6021,5.04,False
sz002169,20240926,4.72,15.38,1.3924,13.98,False
sz001299,20251125,13.0,18.82,0.7713,-8.54,False
sz300066,20240819,3.48,24.64,0.5992,-10.92,False
sz002915,20251230,24.99,32.14,0.7466,-4.0,False
sz002589,20240925,2.46,19.79,0.8,22.37,True
sz002440,20240808,5.73,26.76,0.6133,-3.66,False
sz000700,20240924,5.14,21.64,0.4396,28.42,True
sz300634,20250624,26.04,37.32,0.5959,3.99,False
sz002213,20240926,10.0,16.84,1.1519,16.6,False
sz300486,20240806,5.3,38.4,0.8742,-3.21,False
sz301151,20260226,20.51,12.79,0.9258,-4.1,False
sz002774,20240930,6.18,23.53,2.2078,-3.88,False
sz002423,20240731,7.92,18.54,0.6988,-1.77,False
sz301206,20250929,29.11,13.73,1.4334,-3.68,False
sz300618,20240927,28.06,29.34,0.6917,19.42,False
sz301132,20251020,33.86,31.2,0.8271,9.24,False
sz300182,20240925,4.28,21.76,1.7412,24.09,True
sz300837,20260324,35.57,94.04,0.3492,0.79,False
sz000903,20240918,2.02,18.78,0.7803,5.94,False
sz002690,20240930,15.27,32.12,2.1008,-5.24,False
sz399997,20240927,10991.39,25.86,1.695,0.12,False
sz300005,20240816,5.21,32.54,0.5579,5.76,False
sz300656,20240809,21.02,53.9,0.3533,-5.23,False
sz000419,20240830,4.19,14.55,1.2928,1.19,False
sz399670,20240926,2797.8,11.1,0.6851,19.01,False
sz002069,20240926,2.78,15.0,1.2526,5.76,False
sz300166,20240923,6.55,16.08,1.0715,34.5,True
sz300252,20240807,7.65,32.28,1.2756,-11.63,False
sz002294,20240827,28.84,15.88,0.756,7.0,False
sz002992,20250630,63.66,39.87,0.9476,9.19,False
sz000860,20240927,18.24,25.15,2.1404,-4.5,False
sz301602,20250908,25.88,20.67,1.0763,-2.55,False
sz002027,20240926,5.89,21.73,0.8916,14.09,False
sz301198,20250624,10.99,37.35,0.3404,1.27,False
sz200012,20240826,2.15,10.25,1.7266,0.46,False
sz300586,20240927,6.8,16.86,0.8608,4.85,False
sz002540,20240927,4.98,19.61,0.6503,5.62,False
sz301536,20250818,63.78,27.97,0.4376,2.38,False
sz300082,20240902,5.68,32.4,0.9888,-11.44,False
sz002617,20240730,5.57,29.41,1.0091,-1.8,False
sz301032,20250624,12.33,34.65,1.0422,6.65,False
sz002370,20240816,3.06,40.13,0.5732,-10.78,False
sz301306,20251024,59.45,39.42,0.3778,-1.09,False
sz000663,20240926,5.03,21.82,1.3051,6.76,False
sz301555,20251205,31.13,21.85,1.3676,-0.42,False
sz399390,20240822,2736.25,9.11,1.1583,-2.81,False
sz300105,20240930,6.68,33.87,0.8249,-0.15,False
sz002659,20240805,3.74,29.95,0.4134,-9.63,False
sz300719,20251124,17.97,24.57,0.3296,-6.79,False
sz000803,20240927,3.69,18.77,1.1674,2.71,False
sz002045,20250806,16.16,14.12,0.4646,1.86,False
sz300031,20240815,15.15,21.51,1.3379,-5.54,False
sz301081,20260116,10.71,21.0,1.0918,12.42,False
sz399017,20240927,3049.4,12.61,1.0064,4.33,False
sz300556,20240927,17.86,27.75,1.3954,6.33,False
sz002590,20240801,13.52,45.47,0.6123,-10.58,False
sz002170,20240828,5.33,25.43,2.906,2.06,False
sz301106,20250624,28.94,29.85,0.2006,2.73,False
sz002723,20241107,6.08,39.02,1.3955,10.86,False
sz000757,20240730,3.18,39.67,0.6353,-6.92,False
sz002244,20250210,9.14,35.27,0.3408,6.46,False
sz002942,20251124,19.07,50.74,2.5508,8.02,False
sz300984,20251106,64.0,39.31,1.0554,-5.08,False
sz399669,20240927,7834.31,19.3,1.6901,0.58,False
sz000400,20240903,29.46,28.46,0.8523,-3.02,False
sz002689,20240904,2.75,25.86,0.754,-6.18,False
sz002921,20251015,15.47,32.18,0.4052,0.97,False
sz300328,20240809,5.29,28.2,0.4316,2.46,False
sz002474,20240920,4.65,20.6,0.8295,15.27,False
sz301251,20251223,55.01,36.68,0.7563,-2.09,False
sz300601,20240927,16.81,21.46,1.7815,6.31,False
sz300787,20251020,13.55,22.05,0.7709,7.75,False
sz301585,20250821,36.3,13.76,0.5756,-4.08,False
sz300366,20240920,7.86,29.68,0.4827,10.94,False
sz300860,20250630,26.68,35.55,1.1556,1.01,False
sz000951,20240731,14.36,26.63,0.9168,-2.85,False
sz301580,20250624,38.67,33.22,0.3624,5.74,False
sz000898,20240927,2.24,23.64,4.3801,3.57,False
sz300530,20240927,19.1,30.11,0.8706,0.16,False
sz300782,20250807,77.9,14.96,1.283,-0.13,False
sz300604,20240830,30.45,29.57,0.7367,-5.81,False
sz002091,20240925,6.35,14.67,1.2143,7.72,False
sz000731,20240924,6.35,9.31,0.8752,17.0,False
sz002471,20240930,2.38,20.52,0.6498,-0.42,False
sz300019,20240930,13.88,29.64,0.6406,1.01,False
sz002745,20240731,7.77,14.46,2.2657,-7.85,False
sz301160,20250625,57.82,51.7,0.674,-8.33,False
sz002388,20240819,3.86,35.83,0.4859,1.04,False
sz002947,20250703,34.92,38.41,0.6638,4.24,False
sz301237,20260330,54.53,45.92,0.6071,-4.68,False
sz002412,20240731,5.45,24.37,0.438,3.12,False
sz300848,20250625,17.32,22.55,0.6376,-1.33,False
sz002175,20240927,1.99,28.14,0.7757,1.01,False
sz300629,20240930,19.2,19.66,1.4253,-0.62,False
sz300300,20240926,1.65,45.77,0.5422,43.64,True
sz301279,20251020,22.59,24.29,1.1554,3.28,False
sz000932,20240930,4.6,33.36,4.8121,-6.09,False
sz000428,20240925,3.15,16.72,0.628,2.86,False
sz399641,20240926,1752.77,11.64,0.6928,20.13,True
sz003042,20250904,16.55,16.55,0.9286,2.66,False
sz300234,20240927,4.04,16.43,0.9044,6.94,False
sz002568,20240926,19.01,24.76,0.5763,12.2,False
sz300932,20250905,11.82,13.92,1.7302,-0.08,False
sz000628,20240927,44.92,31.68,1.1656,9.73,False
sz002872,20240819,4.06,32.85,0.7365,-5.91,False
sz301079,20250908,29.0,33.89,1.0086,-3.93,False
sz399006,20240926,1714.14,13.89,0.8521,29.1,True
sz301499,20251023,28.31,20.84,1.5811,-3.07,False
sz000848,20240807,7.84,22.85,0.4237,-0.64,False
sz002526,20240930,2.6,19.28,1.5665,-6.92,False
sz301550,20250624,55.88,83.94,0.6467,9.91,False
sz301303,20251020,15.39,22.79,0.4934,6.3,False
sz000552,20241008,2.99,49.47,0.7952,-9.02,False
sz002041,20240927,8.81,15.31,1.0302,-0.34,False
sz000301,20240927,8.55,17.56,1.6892,-3.51,False
sz300087,20240926,6.66,20.58,0.9245,15.92,False
sz002545,20240930,6.55,17.55,0.7256,-3.97,False
sz301533,20251024,38.02,21.62,0.614,5.55,False
sz002316,20241028,3.16,36.55,0.4485,0.0,False
sz000605,20240801,4.79,29.95,0.3695,-1.88,False
sz399976,20240927,2622.89,13.29,1.0013,5.53,False
sz301607,20250815,34.23,40.32,0.3746,5.11,False
sz002671,20240927,3.8,11.28,0.8587,6.58,False
sz399422,20240927,2564.68,12.48,1.6393,7.07,False
sz300404,20240731,7.52,26.12,1.1108,4.39,False
sz300898,20250728,28.59,25.12,0.665,-5.28,False
sz300257,20241008,10.9,28.93,1.9132,-20.83,False
sz300163,20240903,1.71,35.71,1.1199,-4.68,False
sz001255,20251020,32.08,22.27,0.741,4.27,False
sz002574,20240927,4.56,15.62,0.8591,-0.44,False
sz300700,20251106,11.72,32.76,0.6071,2.65,False
sz200541,20250402,2.47,8.82,0.9699,-8.91,False
sz300228,20240927,6.12,20.6,1.1984,8.66,False
sz200026,20240925,6.19,6.69,0.8438,4.68,False
sz399240,20240924,1015.59,9.5,0.6856,52.98,True
sz300960,20251020,25.94,59.22,0.3721,3.93,False
sz000029,20240830,11.13,15.15,0.7199,0.45,False
sz300435,20240930,11.74,21.09,1.8095,-5.96,False
sz300687,20250625,26.3,35.83,0.6413,-0.42,False
sz300266,20240924,1.52,37.28,0.5887,61.84,True
sz002820,20240927,7.68,17.34,0.985,0.0,False
sz301678,20260116,79.54,26.62,0.5135,5.13,False
sz300205,20241011,6.52,57.36,1.9715,-11.04,False
sz000619,20240925,4.37,21.44,1.114,6.86,False
sz301048,20251124,11.97,17.66,1.145,-1.84,False
sz300131,20240816,4.89,19.87,0.5845,0.61,False
sz001207,20250908,23.03,24.68,2.1619,-0.09,False
sz300418,20240930,37.55,25.41,1.0855,-3.6,False
sz300884,20250924,13.18,25.28,1.2829,-0.08,False
sz300382,20240904,7.28,32.67,0.5273,-10.71,False
sz002344,20240925,3.28,9.83,1.0503,10.05,False
sz301006,20260105,16.92,18.93,0.7578,2.36,False
sz002623,20240930,17.16,19.26,1.8446,-8.74,False
sz002976,20251015,24.43,18.97,1.0571,0.08,False
sz002270,20240806,18.2,31.18,3.0075,0.82,False
sz399810,20240926,2131.03,13.62,0.9884,12.74,False
sz002717,20240913,1.49,55.12,1.2639,26.17,True
sz002144,20240731,9.07,19.08,0.3527,-5.73,False
sz300331,20240830,17.01,25.38,0.8473,-7.05,False
sz301381,20250728,21.97,36.57,0.5889,-7.1,False
sz300562,20240807,8.42,31.41,0.3956,0.95,False
sz002938,20250701,33.78,43.55,0.6905,16.34,False
sz301248,20251020,25.75,32.36,1.0283,2.6,False
sz002759,20240930,8.06,35.94,1.6923,-10.55,False
sz001333,20250624,20.11,59.2,0.3318,2.39,False
sz002892,20250630,13.93,47.36,0.4455,-3.73,False
sz300108,20240802,2.05,79.97,1.9313,-6.83,False
sz000960,20240930,16.01,30.71,0.505,-1.37,False
sz300501,20240822,11.14,19.33,0.6896,-3.05,False
sz002394,20240926,6.46,14.44,1.4189,10.06,False
sz300635,20240910,8.2,18.34,0.8116,9.27,False
sz003010,20260112,39.46,42.09,0.4139,-2.86,False
sz399613,20240930,3048.22,23.39,0.9183,-4.69,False
sz000153,20240808,5.46,26.87,0.5203,-2.75,False
sz301098,20250904,8.93,22.09,0.8759,2.46,False
sz002127,20240925,2.74,14.23,0.9993,13.5,False
sz002910,20250929,9.64,20.7,1.0957,11.93,False
sz000705,20240808,7.6,26.86,0.4287,-3.82,False
sz300483,20240930,8.72,25.99,1.0371,5.16,False
sz300063,20240903,4.38,29.54,1.1697,-0.23,False
sz300998,20251023,24.09,21.46,1.7441,-2.62,False
sz002258,20240930,8.38,21.22,1.7001,-8.35,False
sz002897,20250811,40.7,15.96,0.86,5.36,False
sz002695,20240926,6.88,27.43,0.6381,4.94,False
sz399992,20240926,1399.32,12.9,1.3152,18.81,False
sz300653,20240809,24.01,22.69,0.5916,-15.83,False
sz301179,20260108,16.44,22.65,0.3968,3.35,False
sz399675,20240926,2094.4,15.71,1.1801,27.02,True
sz300832,20250724,57.26,28.68,0.5553,-3.04,False
sz000906,20241112,6.11,51.19,0.3794,17.84,False
sz300567,20240801,61.18,21.37,1.5499,-6.83,False
sz003038,20250624,19.35,37.92,0.4221,0.67,False
sz002141,20240827,1.31,47.12,1.31,6.87,False
sz300187,20240812,4.83,49.13,0.1921,-8.9,False
sz002426,20240815,1.7,21.38,0.6153,-5.88,False
sz000948,20240905,13.13,12.79,0.9662,12.34,False
sz000566,20240813,3.47,25.01,0.4687,-9.8,False
sz002075,20250210,6.08,50.93,1.5643,-2.47,False
sz002808,20240905,2.24,46.67,1.2087,-8.48,False
sz301337,20250630,29.21,31.88,0.2848,-1.47,False
sz000001,20240809,9.2,12.45,0.5682,0.98,False
sz002512,20240926,3.61,29.42,0.8358,23.27,True
sz300881,20250701,30.64,32.58,0.6063,18.05,False
sz002846,20240930,7.57,35.32,0.5362,-5.68,False
sz000528,20240731,9.78,24.01,1.6604,-3.99,False
sz301379,20250905,23.58,34.55,0.7654,7.97,False
sz300906,20251021,29.25,44.74,0.4319,3.32,False
sz300200,20240806,7.04,31.68,0.5195,0.57,False
sz002191,20240927,3.89,15.45,0.772,3.86,False
sz000998,20240930,11.37,16.47,1.2828,-8.0,False
sz300430,20240930,13.73,40.44,0.4352,-5.39,False
sz399416,20240927,2782.64,15.3,0.6628,6.16,False
sz301060,20250625,9.51,28.35,0.3397,2.1,False
sz300119,20240930,14.79,19.79,2.5568,-7.3,False
sz002322,20240924,13.68,23.64,0.4769,12.79,False
sz000631,20240926,2.54,17.73,1.8012,3.15,False
sz300705,20250701,16.51,30.99,0.6041,-2.24,False
sz301507,20250904,14.21,22.31,0.7954,0.99,False
sz002571,20240926,4.27,16.65,0.7912,5.39,False
