ts_code,trade_date,close,pe,pb,ps,total_mv,circ_mv
000001.SZ,20260417,11.01,5.0116,0.4735,1.6255,21365915.936,21365566.319
000001.SZ,20260416,11.09,5.048,0.4769,1.6373,21521163.2816,21520811.1242
000001.SZ,20260415,11.21,5.1026,0.4821,1.655,21754034.3,21753678.332
000001.SZ,20260414,11.17,5.0844,0.4804,1.6491,21676410.6272,21676055.9294
000001.SZ,20260413,11.07,5.0389,0.4761,1.6344,21482351.4452,21481999.9229
000001.SZ,20260410,11.09,5.048,0.4769,1.6373,21521163.2816,21520811.1242
000001.SZ,20260409,11.1,5.0526,0.4774,1.6388,21540569.1998,21540216.7248
000001.SZ,20260408,11.22,5.1072,0.4825,1.6565,21773440.2182,21773083.9327
000001.SZ,20260407,11.03,5.0207,0.4744,1.6285,21404727.7724,21404377.5203
000001.SZ,20260403,11.12,5.0617,0.4782,1.6417,21579381.0362,21579027.9261
000001.SZ,20260402,11.27,5.1299,0.4847,1.6639,21870469.8091,21870111.9359
000001.SZ,20260401,11.15,5.0753,0.4795,1.6462,21637598.7908,21637244.7281
000001.SZ,20260331,11.08,5.0435,0.4765,1.6358,21501757.3634,21501405.5235
000001.SZ,20260330,10.99,5.0025,0.4726,1.6225,21327104.0996,21326755.1176
000001.SZ,20260327,11.02,5.0161,0.4739,1.627,21385321.8542,21384971.9196
000001.SZ,20260326,10.94,4.9797,0.4705,1.6152,21230074.5086,21229727.1144
000001.SZ,20260325,10.94,4.9797,0.4705,1.6152,21230074.5086,21229727.1144
000001.SZ,20260324,10.88,4.9524,0.4679,1.6063,21113638.9994,21113293.5105
000001.SZ,20260323,10.45,4.7567,0.4494,1.5428,20279184.5169,20278852.6824
000001.SZ,20260320,10.77,4.6958,0.4714,1.4247,20900173.8992,20899831.9033
000001.SZ,20260319,10.88,4.7438,0.4762,1.4393,21113638.9994,21113293.5105
000001.SZ,20260318,10.96,4.7787,0.4797,1.4499,21268886.345,21268538.3157
000001.SZ,20260317,11.03,4.8092,0.4827,1.4591,21404727.7724,21404377.5203
000001.SZ,20260316,10.92,4.7612,0.4779,1.4446,21191262.6722,21190915.9131
000001.SZ,20260313,10.93,4.7656,0.4784,1.4459,21210668.5904,21210321.5137
000001.SZ,20260312,10.94,4.7699,0.4788,1.4472,21230074.5086,21229727.1144
000001.SZ,20260311,10.89,4.7481,0.4766,1.4406,21133044.9176,21132699.1111
000001.SZ,20260310,10.81,4.7133,0.4731,1.43,20977797.572,20977454.3059
000001.SZ,20260309,10.76,4.6915,0.4709,1.4234,20880767.981,20880426.3026
000001.SZ,20260306,10.82,4.7176,0.4736,1.4314,20997203.4902,20996859.9065
000001.SZ,20260305,10.81,4.7133,0.4731,1.43,20977797.572,20977454.3059
000001.SZ,20260304,10.71,4.6697,0.4687,1.4168,20783738.3901,20783398.2994
000001.SZ,20260303,10.88,4.7438,0.4762,1.4393,21113638.9994,21113293.5105
000001.SZ,20260302,10.85,4.7307,0.4749,1.4353,21055421.2448,21055076.7085
000001.SZ,20260227,10.9,4.7525,0.4771,1.4419,21152450.8358,21152104.7118
000001.SZ,20260226,10.87,4.7394,0.4757,1.438,21094233.0812,21093887.9098
000001.SZ,20260225,10.86,4.7351,0.4753,1.4366,21074827.163,21074482.3092
000001.SZ,20260224,10.91,4.7569,0.4775,1.4433,21171856.754,21171510.3124
000001.SZ,20260213,10.91,4.7569,0.4775,1.4433,21171856.754,21171510.3124
000001.SZ,20260212,10.96,4.7787,0.4797,1.4499,21268886.345,21268538.3157
000001.SZ,20260211,11.07,4.8266,0.4845,1.4644,21482351.4452,21481999.9229
000001.SZ,20260210,11.06,4.8223,0.4841,1.4631,21462945.527,21462594.3222
000001.SZ,20260209,11.07,4.8266,0.4845,1.4644,21482351.4452,21481999.9229
000001.SZ,20260206,11.05,4.8179,0.4836,1.4618,21443539.6088,21443188.7216
000001.SZ,20260205,11.09,4.8353,0.4854,1.4671,21521163.2816,21520811.1242
000001.SZ,20260204,10.97,4.783,0.4801,1.4512,21288292.2632,21287943.9163
000001.SZ,20260203,10.84,4.7263,0.4744,1.434,21036015.3266,21035671.1079
000001.SZ,20260202,10.86,4.7351,0.4753,1.4366,21074827.163,21074482.3092
000001.SZ,20260130,10.83,4.722,0.474,1.4327,21016609.4084,21016265.5072
000001.SZ,20260129,10.96,4.7787,0.4797,1.4499,21268886.345,21268538.3157
000001.SZ,20260128,10.84,4.7263,0.4744,1.434,21036015.3266,21035671.1079
000001.SZ,20260127,10.94,4.7699,0.4788,1.4472,21230074.5086,21229727.1144
000001.SZ,20260126,10.96,4.7787,0.4797,1.4499,21268886.345,21268538.3157
000001.SZ,20260123,10.99,4.7917,0.481,1.4538,21327104.0996,21326755.1176
000001.SZ,20260122,11.07,4.8266,0.4845,1.4644,21482351.4452,21481999.9229
000001.SZ,20260121,11.07,4.8266,0.4845,1.4644,21482351.4452,21481999.9229
000001.SZ,20260120,11.16,4.8659,0.4884,1.4763,21657004.709,21656650.3287
000001.SZ,20260119,11.12,4.8484,0.4867,1.471,21579381.0362,21579027.9261
000001.SZ,20260116,11.19,4.8789,0.4897,1.4803,21715222.4636,21714867.1307
000001.SZ,20260115,11.31,4.9313,0.495,1.4962,21948093.4819,21947734.3385
000001.SZ,20260114,11.36,4.9531,0.4972,1.5028,22045123.0729,22044762.3418
000001.SZ,20260113,11.47,5.001,0.502,1.5173,22258588.1731,22258223.949
000001.SZ,20260112,11.48,5.0054,0.5024,1.5187,22277994.0913,22277629.5496
000001.SZ,20260109,11.46,4.9967,0.5016,1.516,22239182.2549,22238818.3483
000001.SZ,20260108,11.51,5.0185,0.5038,1.5226,22336211.8459,22335846.3516
000001.SZ,20260107,11.64,5.0752,0.5094,1.5398,22588488.7825,22588119.1601
000001.SZ,20260106,11.67,5.0882,0.5108,1.5438,22646706.5371,22646335.9621
000001.SZ,20260105,11.5,5.0141,0.5033,1.5213,22316805.9277,22316440.751
000001.SZ,20251231,11.41,4.9749,0.4994,1.5094,22142152.6639,22141790.3451
000001.SZ,20251230,11.48,5.0054,0.5024,1.5187,22277994.0913,22277629.5496
000001.SZ,20251229,11.56,5.0403,0.5059,1.5292,22433241.4369,22432874.3549
000001.SZ,20251226,11.54,5.0316,0.5051,1.5266,22394429.6005,22394063.1536
000001.SZ,20251225,11.56,5.0403,0.5059,1.5292,22433241.4369,22432874.3549
000001.SZ,20251224,11.54,5.0316,0.5051,1.5266,22394429.6005,22394063.1536
000001.SZ,20251223,11.56,5.0403,0.5059,1.5292,22433241.4369,22432874.3549
000001.SZ,20251222,11.52,5.0228,0.5042,1.524,22355617.7641,22355251.9523
000001.SZ,20251219,11.62,5.0664,0.5086,1.5372,22549676.9461,22549307.9588
000001.SZ,20251218,11.64,5.0752,0.5094,1.5398,22588488.7825,22588119.1601
000001.SZ,20251217,11.53,5.0272,0.5046,1.5253,22375023.6823,22374657.5529
000001.SZ,20251216,11.48,5.0054,0.5024,1.5187,22277994.0913,22277629.5496
000001.SZ,20251215,11.51,5.0185,0.5038,1.5226,22336211.8459,22335846.3516
000001.SZ,20251212,11.35,4.9487,0.4967,1.5015,22025717.1547,22025356.7412
000001.SZ,20251211,11.37,4.9574,0.4976,1.5041,22064528.9911,22064167.9425
000001.SZ,20251210,11.33,4.94,0.4959,1.4988,21986905.3183,21986545.5398
000001.SZ,20251209,11.43,4.9836,0.5003,1.512,22180964.5003,22180601.5464
000001.SZ,20251208,11.52,5.0228,0.5042,1.524,22355617.7641,22355251.9523
000001.SZ,20251205,11.53,5.0272,0.5046,1.5253,22375023.6823,22374657.5529
000001.SZ,20251204,11.49,5.0098,0.5029,1.52,22297400.0095,22297035.1503
000001.SZ,20251203,11.55,5.0359,0.5055,1.5279,22413835.5187,22413468.7542
000001.SZ,20251202,11.64,5.0752,0.5094,1.5398,22588488.7825,22588119.1601
000001.SZ,20251201,11.69,5.097,0.5116,1.5464,22685518.3735,22685147.1634
000001.SZ,20251128,11.61,5.0621,0.5081,1.5359,22530271.0279,22529902.3581
000001.SZ,20251127,11.71,5.1057,0.5125,1.5491,22724330.2099,22723958.3647
000001.SZ,20251126,11.69,5.097,0.5116,1.5464,22685518.3735,22685147.1634
000001.SZ,20251125,11.8,5.1449,0.5164,1.561,22898983.4736,22898608.7705
000001.SZ,20251124,11.6,5.0577,0.5077,1.5345,22510865.1097,22510496.7575
000001.SZ,20251121,11.69,5.097,0.5116,1.5464,22685518.3735,22685147.1634
000001.SZ,20251120,11.85,5.1667,0.5186,1.5676,22996013.0646,22995636.7738
000001.SZ,20251119,11.8,5.1449,0.5164,1.561,22898983.4736,22898608.7705
000001.SZ,20251118,11.59,5.0534,0.5073,1.5332,22491459.1915,22491091.1568
000001.SZ,20251117,11.67,5.0882,0.5108,1.5438,22646706.5371,22646335.9621
000001.SZ,20251114,11.75,5.1231,0.5143,1.5544,22801953.8827,22801580.7673
000001.SZ,20251113,11.7,5.1013,0.5121,1.5478,22704924.2917,22704552.764
000001.SZ,20251112,11.68,5.0926,0.5112,1.5451,22666112.4553,22665741.5627
000001.SZ,20251111,11.67,5.0882,0.5108,1.5438,22646706.5371,22646335.9621
000001.SZ,20251110,11.63,5.0708,0.509,1.5385,22569082.8643,22568713.5594
000001.SZ,20251107,11.55,5.0359,0.5055,1.5279,22413835.5187,22413468.7542
000001.SZ,20251106,11.51,5.0185,0.5038,1.5226,22336211.8459,22335846.3516
000001.SZ,20251105,11.52,5.0228,0.5042,1.524,22355617.7641,22355251.9523
000001.SZ,20251104,11.59,5.0534,0.5073,1.5332,22491459.1915,22491091.1568
000001.SZ,20251103,11.43,4.9836,0.5003,1.512,22180964.5003,22180601.5464
000001.SZ,20251031,11.32,4.9356,0.4954,1.4975,21967499.4001,21967139.9392
000001.SZ,20251030,11.38,4.9618,0.4981,1.5054,22083934.9093,22083573.5431
000001.SZ,20251029,11.39,4.9662,0.4985,1.5068,22103340.8275,22102979.1438
000001.SZ,20251028,11.47,5.001,0.502,1.5173,22258588.1731,22258223.949
000001.SZ,20251027,11.52,5.0228,0.5042,1.524,22355617.7641,22355251.9523
000001.SZ,20251024,11.56,5.0403,0.5151,1.5292,22433241.4369,22432874.3549
000001.SZ,20251023,11.63,5.0708,0.5182,1.5385,22569082.8643,22568713.5594
000001.SZ,20251022,11.52,5.0228,0.5133,1.524,22355617.7641,22355251.9523
000001.SZ,20251021,11.43,4.9836,0.5093,1.512,22180964.5003,22180601.5464
000001.SZ,20251020,11.42,4.9792,0.5088,1.5107,22161558.5821,22161195.9457
000001.SZ,20251017,11.4,4.9705,0.508,1.5081,22122746.7457,22122384.7444
000001.SZ,20251016,11.54,5.0316,0.5142,1.5266,22394429.6005,22394063.1536
000001.SZ,20251015,11.4,4.9705,0.508,1.5081,22122746.7457,22122384.7444
000001.SZ,20251014,11.57,5.0446,0.5102,1.5306,22452647.3551,22452279.9555
000001.SZ,20251013,11.4,4.9705,0.5027,1.5081,22122746.7457,22122384.7444
000001.SZ,20251010,11.43,4.9836,0.504,1.512,22180964.5003,22180601.5464
000001.SZ,20251009,11.4,4.9705,0.5027,1.5081,22122746.7457,22122384.7444
000001.SZ,20250930,11.34,4.9443,0.5,1.5001,22006311.2365,22005951.1405
000001.SZ,20250929,11.37,4.9574,0.5013,1.5041,22064528.9911,22064167.9425
000001.SZ,20250926,11.4,4.9705,0.5027,1.5081,22122746.7457,22122384.7444
000001.SZ,20250925,11.4,4.9705,0.5027,1.5081,22122746.7457,22122384.7444
000001.SZ,20250924,11.46,4.9967,0.5053,1.516,22239182.2549,22238818.3483
000001.SZ,20250923,11.52,5.0228,0.508,1.524,22355617.7641,22355251.9523
000001.SZ,20250922,11.38,4.9618,0.5018,1.5054,22083934.9093,22083573.5431
000001.SZ,20250919,11.45,4.9923,0.5049,1.5147,22219776.3367,22219412.7477
000001.SZ,20250918,11.41,4.9749,0.5031,1.5094,22142152.6639,22141790.3451
000001.SZ,20250917,11.64,5.0752,0.5132,1.5398,22588488.7825,22588119.1601
000001.SZ,20250916,11.64,5.0752,0.5132,1.5398,22588488.7825,22588119.1601
000001.SZ,20250915,11.65,5.0795,0.5137,1.5411,22607894.7007,22607524.7607
000001.SZ,20250912,11.72,5.11,0.5168,1.5504,22743736.1281,22743363.9653
000001.SZ,20250911,11.85,5.1667,0.5225,1.5676,22996013.0646,22995636.7738
000001.SZ,20250910,11.77,5.1318,0.519,1.557,22840765.719,22840391.9686
000001.SZ,20250909,11.75,5.1231,0.5181,1.5544,22801953.8827,22801580.7673
000001.SZ,20250908,11.7,5.1013,0.5159,1.5478,22704924.2917,22704552.764
000001.SZ,20250905,11.72,5.11,0.5168,1.5504,22743736.1281,22743363.9653
000001.SZ,20250904,11.74,5.1188,0.5177,1.5531,22782547.9645,22782175.1666
000001.SZ,20250903,11.75,5.1231,0.5181,1.5544,22801953.8827,22801580.7673
000001.SZ,20250902,11.98,5.2234,0.5282,1.5848,23248290.0012,23247909.5823
000001.SZ,20250901,11.89,5.1842,0.5243,1.5729,23073636.7374,23073259.1764
000001.SZ,20250829,12.05,5.2539,0.5313,1.5941,23384131.4286,23383748.7869
000001.SZ,20250828,12.08,5.267,0.5326,1.598,23442349.1832,23441965.5888
000001.SZ,20250827,12.06,5.2583,0.5318,1.5954,23403537.3468,23403154.3875
000001.SZ,20250826,12.36,5.3891,0.545,1.6351,23985714.8927,23985322.4071
000001.SZ,20250825,12.45,5.4283,0.549,1.647,24160368.1565,24159972.813
000001.SZ,20250822,12.06,5.2583,0.5454,1.5954,23403537.3468,23403119.6511
000001.SZ,20250821,12.15,5.2975,0.5494,1.6073,23578190.6106,23577769.7978
000001.SZ,20250820,12.07,5.2626,0.5458,1.5967,23422943.265,23422525.223
000001.SZ,20250819,12.06,5.2583,0.5454,1.5954,23403537.3468,23403119.6511
000001.SZ,20250818,12.08,5.267,0.5463,1.598,23442349.1832,23441930.7948
000001.SZ,20250815,12.08,5.267,0.5463,1.598,23442349.1832,23441930.7948
000001.SZ,20250814,12.2,5.3193,0.5517,1.6139,23675220.2016,23674797.657
000001.SZ,20250813,12.26,5.3455,0.5544,1.6218,23791655.7107,23791231.0881
000001.SZ,20250812,12.33,5.376,0.5576,1.6311,23927497.1381,23927070.0911
000001.SZ,20250811,12.3,5.3629,0.5562,1.6271,23869279.3835,23868853.3755
000001.SZ,20250808,12.4,5.4065,0.5607,1.6404,24063338.5655,24062909.094
000001.SZ,20250807,12.47,5.437,0.5639,1.6496,24199179.9929,24198748.097
000001.SZ,20250806,12.46,5.4327,0.5635,1.6483,24179774.0747,24179342.5251
000001.SZ,20250805,12.47,5.437,0.5639,1.6496,24199179.9929,24198748.097
000001.SZ,20250804,12.3,5.3629,0.5562,1.6271,23869279.3835,23868853.3755
000001.SZ,20250801,12.28,5.3542,0.5553,1.6245,23830467.5471,23830042.2318
000001.SZ,20250731,12.23,5.3324,0.5531,1.6179,23733437.9562,23733014.3726
000001.SZ,20250730,12.49,5.4458,0.5648,1.6523,24237991.8293,24237559.2407
000001.SZ,20250729,12.34,5.3804,0.558,1.6324,23946903.0563,23946475.6629
000001.SZ,20250728,12.46,5.4327,0.5635,1.6483,24179774.0747,24179342.5251
000001.SZ,20250725,12.35,5.3847,0.5585,1.6338,23966308.9745,23965881.2348
000001.SZ,20250724,12.35,5.3847,0.5585,1.6338,23966308.9745,23965881.2348
000001.SZ,20250723,12.53,5.4632,0.5666,1.6576,24315615.5021,24315181.5281
000001.SZ,20250722,12.49,5.4458,0.5648,1.6523,24237991.8293,24237559.2407
000001.SZ,20250721,12.61,5.4981,0.5702,1.6681,24470862.8477,24470426.1029
000001.SZ,20250718,12.7,5.5373,0.5743,1.6801,24645516.1115,24645076.2495
000001.SZ,20250717,12.59,5.4894,0.5693,1.6655,24432051.0113,24431614.9592
000001.SZ,20250716,12.64,5.5112,0.5716,1.6721,24529080.6023,24528642.8184
000001.SZ,20250715,12.73,5.5504,0.5757,1.684,24703733.8661,24703292.9651
000001.SZ,20250714,12.98,5.6594,0.587,1.7171,25188881.821,25188432.2613
000001.SZ,20250711,12.91,5.6289,0.5838,1.7078,25053040.3936,25052593.2584
000001.SZ,20250710,13.18,5.7466,0.596,1.7435,25577000.185,25576543.6983
000001.SZ,20250709,12.84,5.5984,0.5806,1.6986,24917198.9662,24916754.2554
000001.SZ,20250708,12.69,5.533,0.5739,1.6787,24626110.1933,24625670.6777
000001.SZ,20250707,12.78,5.5722,0.5779,1.6906,24800763.457,24800320.8243
000001.SZ,20250704,12.6,5.4937,0.5698,1.6668,24451456.9295,24451020.531
000001.SZ,20250703,12.35,5.3847,0.5585,1.6338,23966308.9745,23965881.2348
000001.SZ,20250702,12.32,5.3716,0.5571,1.6298,23908091.2199,23907664.5192
000001.SZ,20250701,12.3,5.3629,0.5562,1.6271,23869279.3835,23868853.3755
000001.SZ,20250630,12.07,5.2626,0.5458,1.5967,23422943.265,23422525.223
000001.SZ,20250627,12.2,5.3193,0.5517,1.6139,23675220.2016,23674797.657
000001.SZ,20250626,12.41,5.4109,0.5612,1.6417,24082744.4837,24082314.6659
000001.SZ,20250625,12.06,5.2583,0.5454,1.5954,23403537.3468,23403119.6511
000001.SZ,20250624,11.93,5.2016,0.5395,1.5782,23151260.4102,23150847.2171
000001.SZ,20250623,11.93,5.2016,0.5395,1.5782,23151260.4102,23150847.2171
000001.SZ,20250620,11.84,5.1624,0.5354,1.5663,22976607.1464,22976197.0704
000001.SZ,20250619,11.7,5.1013,0.5291,1.5478,22704924.2917,22704519.0645
000001.SZ,20250618,11.77,5.1318,0.5323,1.557,22840765.719,22840358.0675
000001.SZ,20250617,11.76,5.1275,0.5318,1.5557,22821359.8008,22820952.4956
000001.SZ,20250616,11.79,5.1406,0.5332,1.5597,22879577.5554,22879169.2112
000001.SZ,20250613,11.58,5.049,0.5237,1.5319,22472053.2733,22471652.2023
000001.SZ,20250612,11.68,5.0926,0.5282,1.5451,22666112.4553,22665707.9208
000001.SZ,20250611,11.85,5.1667,0.5272,1.5676,22996013.0646,22995602.6423
000001.SZ,20250610,11.81,5.1493,0.5255,1.5623,22918389.3918,22917980.3549
000001.SZ,20250609,11.71,5.1057,0.521,1.5491,22724330.2099,22723924.6364
000001.SZ,20250606,11.7,5.1013,0.5206,1.5478,22704924.2917,22704519.0645
000001.SZ,20250605,11.67,5.0882,0.5192,1.5438,22646706.5371,22646302.349
000001.SZ,20250604,11.84,5.1624,0.5268,1.5663,22976607.1464,22976197.0704
000001.SZ,20250603,11.81,5.1493,0.5255,1.5623,22918389.3918,22917980.3549
000001.SZ,20250530,11.56,5.0403,0.5143,1.5292,22433241.4369,22432841.0586
000001.SZ,20250529,11.46,4.9967,0.5099,1.516,22239182.2549,22238785.3401
000001.SZ,20250528,11.53,5.0272,0.513,1.5253,22375023.6823,22374624.3431
000001.SZ,20250527,11.49,5.0098,0.5112,1.52,22297400.0095,22297002.0557
000001.SZ,20250526,11.42,4.9792,0.5081,1.5107,22161558.5821,22161163.0527
000001.SZ,20250523,11.46,4.9967,0.5099,1.516,22239182.2549,22238785.3401
000001.SZ,20250522,11.55,5.0359,0.5139,1.5279,22413835.5187,22413435.4868
000001.SZ,20250521,11.48,5.0054,0.5108,1.5187,22277994.0913,22277596.4838
000001.SZ,20250520,11.39,4.9662,0.5068,1.5068,22103340.8275,22102946.3372
000001.SZ,20250519,11.37,4.9574,0.5059,1.5041,22064528.9911,22064135.1935
000001.SZ,20250516,11.38,4.9618,0.5063,1.5054,22083934.9093,22083540.7653
000001.SZ,20250515,11.39,4.9662,0.5068,1.5068,22103340.8275,22102946.3372
000001.SZ,20250514,11.43,4.9836,0.5086,1.512,22180964.5003,22180568.6246
000001.SZ,20250513,11.29,4.9225,0.5023,1.4935,21909281.6455,21908890.6187
000001.SZ,20250512,11.16,4.8659,0.4965,1.4763,21657004.709,21656618.1846
000001.SZ,20250509,11.15,4.8615,0.4961,1.475,21637598.7908,21637212.6128
000001.SZ,20250508,11.08,4.831,0.493,1.4657,21501757.3634,21501373.6098
000001.SZ,20250507,11.03,4.8092,0.4908,1.4591,21404727.7724,21404345.7506
000001.SZ,20250506,10.96,4.7787,0.4876,1.4499,21268886.345,21268506.7476
000001.SZ,20250430,10.91,4.7569,0.4854,1.4433,21171856.754,21171478.8884
000001.SZ,20250429,10.98,4.7874,0.4885,1.4525,21307698.1814,21307317.8913
000001.SZ,20250428,11.0,4.7961,0.4894,1.4552,21346510.0178,21346129.035
000001.SZ,20250425,11.01,4.8005,0.4899,1.4565,21365915.936,21365534.6069
000001.SZ,20250424,11.03,4.8092,0.4908,1.4591,21404727.7724,21404345.7506
000001.SZ,20250423,11.01,4.8005,0.4899,1.4565,21365915.936,21365534.6069
000001.SZ,20250422,11.04,4.8135,0.4912,1.4605,21424133.6906,21423751.3224
000001.SZ,20250421,11.02,4.8048,0.4903,1.4578,21385321.8542,21384940.1787
000001.SZ,20250418,11.18,4.8746,0.5106,1.479,21695816.5454,21695429.3283
000001.SZ,20250417,11.06,4.8223,0.5051,1.4631,21462945.527,21462562.4661
000001.SZ,20250416,11.0,4.7961,0.5024,1.4552,21346510.0178,21346129.035
000001.SZ,20250415,10.95,4.7743,0.5001,1.4485,21249480.4268,21249101.1758
000001.SZ,20250414,10.93,4.7656,0.4992,1.4459,21210668.5904,21210290.0321
000001.SZ,20250411,10.89,4.7481,0.4974,1.4406,21133044.9176,21132667.7447
000001.SZ,20250410,10.9,4.7525,0.4978,1.4419,21152450.8358,21152073.3165
000001.SZ,20250409,10.8,4.7089,0.4933,1.4287,20958391.6538,20958017.598
000001.SZ,20250408,10.82,4.7176,0.4942,1.4314,20997203.4902,20996828.7417
000001.SZ,20250407,10.7,4.6653,0.4887,1.4155,20764332.4719,20763961.8795
000001.SZ,20250403,11.34,4.9443,0.5179,1.5001,22006311.2365,22005918.4779
000001.SZ,20250402,11.37,4.9574,0.5193,1.5041,22064528.9911,22064135.1935
000001.SZ,20250401,11.27,4.9138,0.5147,1.4909,21870469.8091,21870079.475
000001.SZ,20250331,11.26,4.9095,0.5143,1.4896,21851063.8909,21850673.9031
000001.SZ,20250328,11.35,4.9487,0.5184,1.5015,22025717.1547,22025324.0498
000001.SZ,20250327,11.39,4.9662,0.5202,1.5068,22103340.8275,22102946.3372
000001.SZ,20250326,11.38,4.9618,0.5198,1.5054,22083934.9093,22083540.7653
000001.SZ,20250325,11.43,4.9836,0.522,1.512,22180964.5003,22180568.6246
000001.SZ,20250324,11.38,4.9618,0.5198,1.5054,22083934.9093,22083540.7653
000001.SZ,20250321,11.42,4.9792,0.5216,1.5107,22161558.5821,22161163.0527
000001.SZ,20250320,11.49,5.0098,0.5248,1.52,22297400.0095,22297002.0557
000001.SZ,20250319,11.52,5.0228,0.5261,1.524,22355617.7641,22355218.7712
000001.SZ,20250318,11.49,5.0098,0.5248,1.52,22297400.0095,22297002.0557
000001.SZ,20250317,11.5,5.0141,0.5252,1.5213,22316805.9277,22316407.6275
000001.SZ,20250314,11.97,5.0003,0.5587,1.4104,23228884.083,23228524.181
000001.SZ,20250313,11.84,4.946,0.5527,1.3951,22976607.1464,22976251.1532
000001.SZ,20250312,11.85,4.9502,0.5531,1.3962,22996013.0646,22995656.7707
000001.SZ,20250311,11.61,4.8499,0.5419,1.368,22530271.0279,22529921.95
000001.SZ,20250310,11.59,4.8416,0.541,1.3656,22491459.1915,22491110.715
000001.SZ,20250307,11.67,4.875,0.5447,1.375,22646706.5371,22646355.6552
000001.SZ,20250306,11.63,4.8583,0.5429,1.3703,22569082.8643,22568733.1851
000001.SZ,20250305,11.66,4.8708,0.5443,1.3739,22627300.6189,22626950.0376
000001.SZ,20250304,11.51,4.8081,0.5372,1.3562,22336211.8459,22335865.7747
000001.SZ,20250303,11.51,4.8081,0.5372,1.3562,22336211.8459,22335865.7747
000001.SZ,20250228,11.53,4.8165,0.5382,1.3585,22375023.6823,22374677.0098
000001.SZ,20250227,11.62,4.8541,0.5424,1.3691,22549676.9461,22549327.5675
000001.SZ,20250226,11.52,4.8123,0.5377,1.3574,22355617.7641,22355271.3923
000001.SZ,20250225,11.47,4.7914,0.5354,1.3515,22258588.1731,22258243.3046
000001.SZ,20250224,11.59,4.8416,0.541,1.3656,22491459.1915,22491110.715
000001.SZ,20250221,11.64,4.8624,0.5433,1.3715,22588488.7825,22588138.8026
000001.SZ,20250220,11.66,4.8708,0.5443,1.3739,22627300.6189,22626950.0376
000001.SZ,20250219,11.71,4.8917,0.5466,1.3797,22724330.2099,22723978.1253
000001.SZ,20250218,11.81,4.9335,0.5513,1.3915,22918389.3918,22918034.3006
000001.SZ,20250217,11.78,4.9209,0.5499,1.388,22860171.6372,22859817.448
000001.SZ,20250214,11.55,4.8248,0.5391,1.3609,22413835.5187,22413488.2448
000001.SZ,20250213,11.5,4.804,0.5368,1.355,22316805.9277,22316460.1572
000001.SZ,20250212,11.42,4.7705,0.533,1.3456,22161558.5821,22161215.217
000001.SZ,20250211,11.42,4.7705,0.533,1.3456,22161558.5821,22161215.217
000001.SZ,20250210,11.43,4.7747,0.5335,1.3468,22180964.5003,22180620.8345
000001.SZ,20250207,11.38,4.7538,0.5312,1.3409,22083934.9093,22083592.7469
000001.SZ,20250206,11.36,4.7455,0.5302,1.3385,22045123.0729,22044781.5118
000001.SZ,20250205,11.37,4.7497,0.5307,1.3397,22064528.9911,22064187.1293
000001.SZ,20250127,11.47,4.7914,0.5354,1.3515,22258588.1731,22258243.3046
000001.SZ,20250124,11.34,4.7371,0.5293,1.3362,22006311.2365,22005970.2768
000001.SZ,20250123,11.32,4.7288,0.5284,1.3338,21967499.4001,21967159.0417
000001.SZ,20250122,11.09,4.6327,0.5176,1.3067,21521163.2816,21520829.8386
000001.SZ,20250121,11.33,4.7329,0.5288,1.335,21986905.3183,21986564.6592
000001.SZ,20250120,11.42,4.7705,0.533,1.3456,22161558.5821,22161215.217
000001.SZ,20250117,11.45,4.7831,0.5344,1.3491,22219776.3367,22219432.0696
000001.SZ,20250116,11.57,4.8332,0.5401,1.3633,22452647.3551,22452299.4799
000001.SZ,20250115,11.48,4.7956,0.5358,1.3526,22277994.0913,22277648.9221
000001.SZ,20250114,11.38,4.7538,0.5312,1.3409,22083934.9093,22083592.7469
000001.SZ,20250113,11.2,4.6786,0.5228,1.3197,21734628.3818,21734291.6314
000001.SZ,20250110,11.3,4.7204,0.5274,1.3314,21928687.5637,21928347.8066
000001.SZ,20250109,11.4,4.7622,0.5321,1.3432,22122746.7457,22122403.9819
000001.SZ,20250108,11.5,4.804,0.5368,1.355,22316805.9277,22316460.1572
000001.SZ,20250107,11.51,4.8081,0.5372,1.3562,22336211.8459,22335865.7747
000001.SZ,20250106,11.44,4.7789,0.534,1.3479,22200370.4185,22200026.452
000001.SZ,20250103,11.38,4.7538,0.5312,1.3409,22083934.9093,22083592.7469
000001.SZ,20250102,11.43,4.7747,0.5335,1.3468,22180964.5003,22180620.8345
000001.SZ,20241231,11.7,4.8875,0.5461,1.3786,22704924.2917,22704572.5078
000001.SZ,20241230,11.95,4.9919,0.5578,1.408,23190072.2466,23189712.946
000001.SZ,20241227,11.83,4.9418,0.5522,1.3939,22957201.2282,22956845.5356
000001.SZ,20241226,11.86,4.9543,0.5536,1.3974,23015418.9828,23015062.3882
000001.SZ,20241225,11.92,4.9794,0.5564,1.4045,23131854.492,23131496.0934
000001.SZ,20241224,11.86,4.9543,0.5536,1.3974,23015418.9828,23015062.3882
000001.SZ,20241223,11.73,4.9,0.5475,1.3821,22763142.0463,22762789.3603
000001.SZ,20241220,11.62,4.8541,0.5424,1.3691,22549676.9461,22549327.5675
000001.SZ,20241219,11.59,4.8416,0.541,1.3656,22491459.1915,22491110.715
000001.SZ,20241218,11.65,4.8666,0.5438,1.3727,22607894.7007,22607544.4201
000001.SZ,20241217,11.53,4.8165,0.5382,1.3585,22375023.6823,22374677.0098
000001.SZ,20241216,11.57,4.8332,0.5401,1.3633,22452647.3551,22452299.4799
000001.SZ,20241213,11.56,4.829,0.5396,1.3621,22433241.4369,22432893.8624
000001.SZ,20241212,11.85,4.9502,0.5531,1.3962,22996013.0646,22995656.7707
000001.SZ,20241211,11.73,4.9,0.5475,1.3821,22763142.0463,22762789.3603
000001.SZ,20241210,11.79,4.9251,0.5503,1.3892,22879577.5554,22879223.0655
000001.SZ,20241209,11.67,4.875,0.5447,1.375,22646706.5371,22646355.6552
000001.SZ,20241206,11.66,4.8708,0.5443,1.3739,22627300.6189,22626950.0376
000001.SZ,20241205,11.44,4.7789,0.534,1.3479,22200370.4185,22200026.452
000001.SZ,20241204,11.46,4.7873,0.5349,1.3503,22239182.2549,22238837.6871
000001.SZ,20241203,11.49,4.7998,0.5363,1.3538,22297400.0095,22297054.5397
000001.SZ,20241202,11.39,4.758,0.5316,1.342,22103340.8275,22102998.3644
000001.SZ,20241129,11.38,4.7538,0.5312,1.3409,22083934.9093,22083592.7469
000001.SZ,20241128,11.34,4.7371,0.5293,1.3362,22006311.2365,22005970.2768
000001.SZ,20241127,11.39,4.758,0.5316,1.342,22103340.8275,22102998.3644
000001.SZ,20241126,11.27,4.7079,0.526,1.3279,21870469.8091,21870130.9541
000001.SZ,20241125,11.18,4.6703,0.5218,1.3173,21695816.5454,21695480.3963
000001.SZ,20241122,11.28,4.7121,0.5265,1.3291,21889875.7273,21889536.5716
000001.SZ,20241121,11.59,4.8416,0.541,1.3656,22491459.1915,22491110.715
000001.SZ,20241120,11.64,4.8624,0.5433,1.3715,22588488.7825,22588138.8026
000001.SZ,20241119,11.68,4.8792,0.5452,1.3762,22666112.4553,22665761.2727
000001.SZ,20241118,11.75,4.9084,0.5485,1.3845,22801953.8827,22801600.5954
000001.SZ,20241115,11.44,4.7789,0.534,1.3479,22200370.4185,22200026.452
000001.SZ,20241114,11.54,4.8207,0.5386,1.3597,22394429.6005,22394082.6273
000001.SZ,20241113,11.61,4.8499,0.5419,1.368,22530271.0279,22529921.95
000001.SZ,20241112,11.54,4.8207,0.5386,1.3597,22394429.6005,22394082.6273
000001.SZ,20241111,11.6,4.8457,0.5415,1.3668,22510865.1097,22510516.3325
000001.SZ,20241108,11.72,4.8959,0.5471,1.3809,22743736.1281,22743383.7428
000001.SZ,20241107,11.91,4.9752,0.5559,1.4033,23112448.5738,23112090.4758
000001.SZ,20241106,11.55,4.8248,0.5391,1.3609,22413835.5187,22413488.2448
000001.SZ,20241105,11.65,4.8666,0.5438,1.3727,22607894.7007,22607544.4201
000001.SZ,20241104,11.46,4.7873,0.5349,1.3503,22239182.2549,22238837.6871
000001.SZ,20241101,11.43,4.7747,0.5335,1.3468,22180964.5003,22180620.8345
000001.SZ,20241031,11.38,4.7538,0.5312,1.3409,22083934.9093,22083592.7469
000001.SZ,20241030,11.32,4.7288,0.5284,1.3338,21967499.4001,21967159.0417
000001.SZ,20241029,11.54,4.8207,0.5386,1.3597,22394429.6005,22394082.6273
000001.SZ,20241028,11.64,4.8624,0.5433,1.3715,22588488.7825,22588138.8026
000001.SZ,20241025,11.71,4.8917,0.5466,1.3797,22724330.2099,22723978.1253
000001.SZ,20241024,11.75,4.9084,0.5485,1.3845,22801953.8827,22801600.5954
000001.SZ,20241023,11.86,4.9543,0.5536,1.3974,23015418.9828,23015062.3882
000001.SZ,20241022,11.79,4.9251,0.5503,1.3892,22879577.5554,22879223.0655
000001.SZ,20241021,11.81,4.9335,0.5513,1.3915,22918389.3918,22918034.3006
000001.SZ,20241018,12.04,5.0295,0.5739,1.4186,23364725.5104,23364363.5037
000001.SZ,20241017,11.95,4.9919,0.5696,1.408,23190072.2466,23189712.946
000001.SZ,20241016,12.06,5.0379,0.5748,1.421,23403537.3468,23403174.7388
000001.SZ,20241015,11.9,4.9711,0.5672,1.4021,23093042.6556,23092684.8583
000001.SZ,20241014,12.02,5.0212,0.5729,1.4163,23325913.674,23325552.2687
000001.SZ,20241011,11.72,4.8959,0.5586,1.3809,22743736.1281,22743383.7428
000001.SZ,20241010,11.98,5.0045,0.571,1.4116,23248290.0012,23247929.7985
000001.SZ,20241009,11.68,4.8792,0.5502,1.3762,22666112.4553,22665761.2727
000001.SZ,20241008,12.88,5.3804,0.6068,1.5176,24994822.639,24994435.3761
000001.SZ,20240930,12.21,5.1006,0.5752,1.4387,23694626.1198,23694259.0017
000001.SZ,20240927,11.42,4.7705,0.538,1.3456,22161558.5821,22161215.217
000001.SZ,20240926,11.15,4.6578,0.5253,1.3138,21637598.7908,21637263.5437
000001.SZ,20240925,10.5,4.3862,0.4947,1.2372,20376214.1079,20375898.4044
000001.SZ,20240924,10.37,4.3319,0.4885,1.2219,20123937.1713,20123625.3765
000001.SZ,20240923,10.04,4.1941,0.473,1.183,19483541.8708,19483239.9981
000001.SZ,20240920,9.9,4.1356,0.4664,1.1665,19211859.016,19211561.3527
000001.SZ,20240919,9.81,4.098,0.4622,1.1559,19037205.7522,19036910.795
000001.SZ,20240918,9.77,4.0813,0.4603,1.1512,18959582.0794,18959288.3249
000001.SZ,20240913,9.7,4.052,0.457,1.1429,18823740.6521,18823449.0022
000001.SZ,20240912,9.74,4.0687,0.4589,1.1476,18901364.3249,18901071.4723
000001.SZ,20240911,9.65,4.0312,0.4546,1.137,18726711.0611,18726420.9145
000001.SZ,20240910,9.9,4.1356,0.4664,1.1665,19211859.016,19211561.3527
000001.SZ,20240909,9.85,4.1147,0.464,1.1606,19114829.425,19114533.2651
000001.SZ,20240906,10.08,4.2108,0.4749,1.1877,19561165.5436,19560862.4682
000001.SZ,20240905,10.07,4.2066,0.4744,1.1865,19541759.6254,19541456.8507
000001.SZ,20240904,10.02,4.1857,0.472,1.1806,19444730.0344,19444428.7631
000001.SZ,20240903,10.08,4.2108,0.4749,1.1877,19561165.5436,19560862.4682
000001.SZ,20240902,10.11,4.2233,0.4763,1.1912,19619383.2982,19619079.3208
000001.SZ,20240830,10.16,4.2442,0.4786,1.1971,19716412.8892,19716107.4084
000001.SZ,20240829,10.13,4.2317,0.4772,1.1936,19658195.1346,19657890.5559
000001.SZ,20240828,10.33,4.3152,0.4866,1.2171,20046313.4985,20046002.9064
000001.SZ,20240827,10.43,4.357,0.4914,1.2289,20240372.6805,20240059.0817
000001.SZ,20240826,10.49,4.382,0.4942,1.236,20356808.1897,20356492.7869
000001.SZ,20240823,10.47,4.3737,0.4932,1.2336,20317996.3533,20317681.5518
000001.SZ,20240822,10.38,4.3361,0.489,1.223,20143343.0895,20143030.9941
000001.SZ,20240821,10.35,4.3236,0.4876,1.2195,20085125.3349,20084814.1415
000001.SZ,20240820,10.34,4.3194,0.4871,1.2183,20065719.4167,20065408.524
000001.SZ,20240819,10.29,4.2985,0.4848,1.2124,19968689.8257,19968380.4363
000001.SZ,20240816,10.13,4.2317,0.4772,1.1936,19658195.1346,19657890.5559
000001.SZ,20240815,10.03,4.1899,0.4846,1.1818,19464135.9526,19463763.5909
000001.SZ,20240814,9.92,4.1439,0.4793,1.1688,19250670.8524,19250302.5744
000001.SZ,20240813,9.95,4.1565,0.4807,1.1724,19308888.607,19308519.2153
000001.SZ,20240812,10.01,4.1815,0.4836,1.1794,19425324.1162,19424952.497
000001.SZ,20240809,10.04,4.1941,0.4851,1.183,19483541.8708,19483169.1378
000001.SZ,20240808,9.94,4.1523,0.4802,1.1712,19289482.6888,19289113.6683
000001.SZ,20240807,9.93,4.1481,0.4797,1.17,19270076.7706,19269708.1214
000001.SZ,20240806,9.93,4.1481,0.4797,1.17,19270076.7706,19269708.1214
000001.SZ,20240805,10.05,4.1982,0.4855,1.1842,19502947.789,19502574.6848
000001.SZ,20240802,10.14,4.2358,0.4899,1.1948,19677601.0528,19677224.6073
000001.SZ,20240801,10.27,4.2901,0.4962,1.2101,19929877.9893,19929496.7177
000001.SZ,20240731,10.27,4.2901,0.4962,1.2101,19929877.9893,19929496.7177
000001.SZ,20240730,10.08,4.2108,0.487,1.1877,19561165.5436,19560791.3256
000001.SZ,20240729,10.11,4.2233,0.4884,1.1912,19619383.2982,19619007.9665
000001.SZ,20240726,10.03,4.1899,0.4846,1.1818,19464135.9526,19463763.5909
000001.SZ,20240725,10.09,4.215,0.4875,1.1889,19580571.4618,19580196.8726
000001.SZ,20240724,10.13,4.2317,0.4894,1.1936,19658195.1346,19657819.0604
000001.SZ,20240723,10.18,4.2526,0.4918,1.1995,19755224.7256,19754846.7951
000001.SZ,20240722,10.23,4.2734,0.4942,1.2054,19852254.3166,19851874.5299
000001.SZ,20240719,10.37,4.3319,0.501,1.2219,20123937.1713,20123552.1872
000001.SZ,20240718,10.41,4.3486,0.5029,1.2266,20201560.8441,20201174.375
000001.SZ,20240717,10.4,4.3445,0.5024,1.2254,20182154.9259,20181768.828
000001.SZ,20240716,10.3,4.3027,0.4976,1.2136,19988095.7439,19987713.3585
000001.SZ,20240715,10.33,4.3152,0.4991,1.2171,20046313.4985,20045929.9994
000001.SZ,20240712,10.31,4.3069,0.4981,1.2148,20007501.6621,20007118.9055
000001.SZ,20240711,10.13,4.2317,0.4894,1.1936,19658195.1346,19657819.0604
000001.SZ,20240710,10.14,4.2358,0.4899,1.1948,19677601.0528,19677224.6073
000001.SZ,20240709,10.07,4.2066,0.4865,1.1865,19541759.6254,19541385.7787
000001.SZ,20240708,9.93,4.1481,0.4797,1.17,19270076.7706,19269708.1214
000001.SZ,20240705,9.97,4.1648,0.4817,1.1747,19347700.4434,19347330.3092
000001.SZ,20240704,10.26,4.286,0.4957,1.2089,19910472.0711,19910091.1707
000001.SZ,20240703,10.31,4.3069,0.4981,1.2148,20007501.6621,20007118.9055
000001.SZ,20240702,10.4,4.3445,0.5024,1.2254,20182154.9259,20181768.828
000001.SZ,20240701,10.35,4.3236,0.5,1.2195,20085125.3349,20084741.0933
000001.SZ,20240628,10.15,4.24,0.4904,1.1959,19697006.971,19696630.1543
000001.SZ,20240627,10.13,4.2317,0.4894,1.1936,19658195.1346,19657819.0604
000001.SZ,20240626,10.08,4.2108,0.487,1.1877,19561165.5436,19560791.3256
000001.SZ,20240625,10.08,4.2108,0.487,1.1877,19561165.5436,19560791.3256
000001.SZ,20240624,9.98,4.169,0.4822,1.1759,19367106.3616,19366735.8561
000001.SZ,20240621,10.0,4.1774,0.4831,1.1783,19405918.198,19405546.95
000001.SZ,20240620,10.05,4.1982,0.4855,1.1842,19502947.789,19502574.6848
000001.SZ,20240619,10.15,4.24,0.4904,1.1959,19697006.971,19696630.1543
000001.SZ,20240618,10.08,4.2108,0.487,1.1877,19561165.5436,19560791.3256
000001.SZ,20240617,10.1,4.2191,0.488,1.19,19599977.38,19599602.4195
000001.SZ,20240614,10.18,4.2526,0.4918,1.1995,19755224.7256,19754846.7951
000001.SZ,20240613,10.8,4.5115,0.5043,1.2725,20958391.6538,20957990.706
000001.SZ,20240612,10.88,4.545,0.508,1.282,21113638.9994,21113235.0816
000001.SZ,20240611,10.87,4.5408,0.5075,1.2808,21094233.0812,21093829.5347
000001.SZ,20240607,10.99,4.5909,0.5131,1.2949,21327104.0996,21326696.0981
000001.SZ,20240606,10.9,4.5533,0.5089,1.2843,21152450.8358,21152046.1755
000001.SZ,20240605,10.87,4.5408,0.5075,1.2808,21094233.0812,21093829.5347
000001.SZ,20240604,11.02,4.6034,0.5145,1.2984,21385321.8542,21384912.7389
000001.SZ,20240603,10.98,4.5867,0.5127,1.2937,21307698.1814,21307290.5511
000001.SZ,20240531,11.11,4.641,0.5187,1.3091,21559975.118,21559562.6615
000001.SZ,20240530,11.12,4.6452,0.5192,1.3102,21579381.0362,21578968.2084
000001.SZ,20240529,11.26,4.7037,0.5257,1.3267,21851063.8909,21850645.8657
000001.SZ,20240528,11.4,4.7622,0.5323,1.3432,22122746.7457,22122323.523
000001.SZ,20240527,11.51,4.8081,0.5374,1.3562,22336211.8459,22335784.5395
000001.SZ,20240524,11.31,4.7246,0.5281,1.3326,21948093.4819,21947673.6005
000001.SZ,20240523,11.4,4.7622,0.5323,1.3432,22122746.7457,22122323.523
000001.SZ,20240522,11.56,4.829,0.5397,1.3621,22433241.4369,22432812.2742
000001.SZ,20240521,11.55,4.8248,0.5393,1.3609,22413835.5187,22413406.7273
000001.SZ,20240520,11.38,4.7538,0.5313,1.3409,22083934.9093,22083512.4291
000001.SZ,20240517,11.42,4.7705,0.5332,1.3456,22161558.5821,22161134.6169
000001.SZ,20240516,11.17,4.6661,0.5215,1.3161,21676410.6272,21675995.9432
000001.SZ,20240515,10.83,4.5241,0.5057,1.2761,21016609.4084,21016207.3469
000001.SZ,20240514,10.91,4.5575,0.5094,1.2855,21171856.754,21171451.7225
000001.SZ,20240513,10.97,4.5826,0.5122,1.2926,21288292.2632,21287885.0042
000001.SZ,20240510,10.94,4.57,0.5108,1.289,21230074.5086,21229668.3633
000001.SZ,20240509,10.76,4.4948,0.5024,1.2678,20880767.981,20880368.5182
000001.SZ,20240508,10.73,4.4823,0.501,1.2643,20822550.2265,20822151.8774
000001.SZ,20240507,10.88,4.545,0.508,1.282,21113638.9994,21113235.0816
000001.SZ,20240506,10.89,4.5491,0.5085,1.2831,21133044.9176,21132640.6286
000001.SZ,20240430,10.79,4.5074,0.5038,1.2713,20938985.7356,20938585.1591
000001.SZ,20240429,10.81,4.5157,0.5047,1.2737,20977797.572,20977396.253
000001.SZ,20240426,10.6,4.428,0.4949,1.249,20570273.2899,20569879.767
000001.SZ,20240425,10.61,4.4322,0.4954,1.2501,20589679.2081,20589285.314
000001.SZ,20240424,10.53,4.3988,0.4916,1.2407,20434431.8625,20434040.9384
000001.SZ,20240423,10.54,4.4029,0.4921,1.2419,20453837.7807,20453446.4853
000001.SZ,20240422,10.5,4.3862,0.4902,1.2372,20376214.1079,20375824.2975
000001.SZ,20240419,10.69,4.4656,0.5156,1.2596,20744926.5537,20744529.6896
000001.SZ,20240418,10.8,4.5115,0.5209,1.2725,20958391.6538,20957990.706
000001.SZ,20240417,10.62,4.4364,0.5122,1.2513,20609085.1263,20608690.8609
000001.SZ,20240416,10.28,4.2943,0.4958,1.2113,19949283.9075,19948902.2646
000001.SZ,20240415,10.29,4.2985,0.4963,1.2124,19968689.8257,19968307.8116
000001.SZ,20240412,10.06,4.2024,0.4852,1.1853,19522353.7072,19521980.2317
000001.SZ,20240411,10.25,4.2818,0.4943,1.2077,19891066.153,19890685.6238
000001.SZ,20240410,10.28,4.2943,0.4958,1.2113,19949283.9075,19948902.2646
000001.SZ,20240409,10.4,4.3445,0.5016,1.2254,20182154.9259,20181768.828
000001.SZ,20240408,10.43,4.357,0.503,1.2289,20240372.6805,20239985.4689
000001.SZ,20240403,10.46,4.3695,0.5045,1.2325,20298590.4351,20298202.1097
000001.SZ,20240402,10.55,4.4071,0.5088,1.2431,20473243.6989,20472852.0323
000001.SZ,20240401,10.64,4.4447,0.5131,1.2537,20647896.9627,20647501.9548
000001.SZ,20240329,10.52,4.3946,0.5074,1.2395,20415025.9443,20414635.3914
000001.SZ,20240328,10.49,4.382,0.5059,1.236,20356808.1897,20356418.7506
000001.SZ,20240327,10.53,4.3988,0.5078,1.2407,20434431.8625,20434040.9384
000001.SZ,20240326,10.6,4.428,0.5112,1.249,20570273.2899,20569879.767
000001.SZ,20240325,10.4,4.3445,0.5016,1.2254,20182154.9259,20181768.828
000001.SZ,20240322,10.36,4.3277,0.4996,1.2207,20104531.2531,20104146.6402
000001.SZ,20240321,10.47,4.3737,0.5049,1.2336,20317996.3533,20317607.6567
000001.SZ,20240320,10.45,4.3653,0.504,1.2313,20279184.5169,20278796.5628
000001.SZ,20240319,10.4,4.3445,0.5016,1.2254,20182154.9259,20181768.828
000001.SZ,20240318,10.54,4.4029,0.5083,1.2419,20453837.7807,20453446.4853
000001.SZ,20240315,10.6,4.428,0.5112,1.249,20570273.2899,20569879.767
000001.SZ,20240314,10.23,4.3616,0.5014,1.1035,19852254.3166,19851874.5299
000001.SZ,20240313,10.33,4.4042,0.5063,1.1143,20046313.4985,20045929.9994
000001.SZ,20240312,10.56,4.5023,0.5176,1.1391,20492649.6171,20492257.5792
000001.SZ,20240311,10.47,4.4639,0.5132,1.1294,20317996.3533,20317607.6567
000001.SZ,20240308,10.38,4.4256,0.5088,1.1197,20143343.0895,20142957.7341
000001.SZ,20240307,10.38,4.4256,0.5088,1.1197,20143343.0895,20142957.7341
000001.SZ,20240306,10.33,4.4042,0.5063,1.1143,20046313.4985,20045929.9994
000001.SZ,20240305,10.43,4.4469,0.5112,1.1251,20240372.6805,20239985.4689
000001.SZ,20240304,10.33,4.4042,0.5063,1.1143,20046313.4985,20045929.9994
000001.SZ,20240301,10.49,4.4725,0.5142,1.1316,20356808.1897,20356418.7506
000001.SZ,20240229,10.59,4.5151,0.5191,1.1424,20550867.3717,20550474.2201
000001.SZ,20240228,10.49,4.4725,0.5142,1.1316,20356808.1897,20356418.7506
000001.SZ,20240227,10.5,4.4767,0.5147,1.1327,20376214.1079,20375824.2975
000001.SZ,20240226,10.53,4.4895,0.5161,1.1359,20434431.8625,20434040.9384
000001.SZ,20240223,10.85,4.6259,0.5318,1.1704,21055421.2448,21055018.4408
000001.SZ,20240222,10.9,4.6473,0.5343,1.1758,21152450.8358,21152046.1755
000001.SZ,20240221,10.8,4.6046,0.5294,1.165,20958391.6538,20957990.706
000001.SZ,20240220,9.82,4.1868,0.4813,1.0593,19056611.6704,19056247.1049
000001.SZ,20240219,9.81,4.1825,0.4808,1.0582,19037205.7522,19036841.558
000001.SZ,20240208,9.67,4.1228,0.474,1.0431,18765522.8975,18765163.9007
000001.SZ,20240207,9.61,4.0973,0.471,1.0367,18649087.3883,18648730.619
000001.SZ,20240206,9.68,4.1271,0.4745,1.0442,18784928.8157,18784569.4476
000001.SZ,20240205,9.38,3.9992,0.4598,1.0119,18202751.2697,18202403.0391
000001.SZ,20240202,9.27,3.9523,0.4544,1.0,17989286.1695,17988942.0227
000001.SZ,20240201,9.41,4.012,0.4612,1.0151,18260969.0243,18260619.68
000001.SZ,20240131,9.46,4.0333,0.4637,1.0205,18357998.6153,18357647.4147
000001.SZ,20240130,9.5,4.0504,0.4656,1.0248,18435622.2881,18435269.6025
000001.SZ,20240129,9.7,4.1356,0.4754,1.0464,18823740.6521,18823380.5415
000001.SZ,20240126,9.62,4.1015,0.4715,1.0377,18668493.3065,18668136.1659
000001.SZ,20240125,9.5,4.0504,0.4656,1.0248,18435622.2881,18435269.6025
000001.SZ,20240124,9.33,3.9779,0.4573,1.0065,18105721.6787,18105375.3044
000001.SZ,20240123,9.16,3.9054,0.449,0.9881,17775821.0694,17775481.0062
000001.SZ,20240122,9.1,3.8798,0.446,0.9816,17659385.5602,17659047.7245
000001.SZ,20240119,9.17,3.9097,0.4495,0.9892,17795226.9876,17794886.5532
000001.SZ,20240118,9.2,3.9225,0.4509,0.9924,17853444.7422,17853103.194
000001.SZ,20240117,9.23,3.9352,0.4524,0.9957,17911662.4968,17911319.8349
000001.SZ,20240116,9.34,3.9821,0.4578,1.0075,18125127.5969,18124780.8513
000001.SZ,20240115,9.21,3.9267,0.4514,0.9935,17872850.6604,17872508.741
000001.SZ,20240112,9.19,3.9182,0.4505,0.9914,17834038.824,17833697.6471
000001.SZ,20240111,9.17,3.9097,0.4495,0.9892,17795226.9876,17794886.5532
000001.SZ,20240110,9.09,3.8756,0.4455,0.9806,17639979.642,17639642.1776
000001.SZ,20240109,9.18,3.9139,0.45,0.9903,17814632.9058,17814292.1001
000001.SZ,20240108,9.15,3.9011,0.4485,0.987,17756415.1512,17756075.4593
000001.SZ,20240105,9.27,3.9523,0.4544,1.0,17989286.1695,17988942.0227
000001.SZ,20240104,9.11,3.8841,0.4465,0.9827,17678791.4784,17678453.2715
000001.SZ,20240103,9.2,3.9225,0.4509,0.9924,17853444.7422,17853103.194
000001.SZ,20240102,9.21,3.9267,0.4514,0.9935,17872850.6604,17872508.741
000001.SZ,20231229,9.39,4.0035,0.4603,1.0129,18222157.1879,18221808.5861
000001.SZ,20231228,9.45,4.029,0.4632,1.0194,18338592.6971,18338241.8678
000001.SZ,20231227,9.12,3.8883,0.447,0.9838,17698197.3966,17697858.8184
000001.SZ,20231226,9.1,3.8798,0.446,0.9816,17659385.5602,17659047.7245
000001.SZ,20231225,9.19,3.9182,0.4505,0.9914,17834038.824,17833697.6471
000001.SZ,20231222,9.2,3.9225,0.4509,0.9924,17853444.7422,17853103.194
000001.SZ,20231221,9.17,3.9097,0.4495,0.9892,17795226.9876,17794886.5532
000001.SZ,20231220,9.03,3.85,0.4426,0.9741,17523544.1328,17523208.8959
000001.SZ,20231219,9.1,3.8798,0.446,0.9816,17659385.5602,17659047.7245
000001.SZ,20231218,9.13,3.8926,0.4475,0.9849,17717603.3148,17717264.3654
000001.SZ,20231215,9.21,3.9267,0.4514,0.9935,17872850.6604,17872508.741
000001.SZ,20231214,9.15,3.9011,0.4485,0.987,17756415.1512,17756075.4593
000001.SZ,20231213,9.16,3.9054,0.449,0.9881,17775821.0694,17775481.0062
000001.SZ,20231212,9.42,4.0163,0.4617,1.0162,18280374.9425,18280025.2269
000001.SZ,20231211,9.35,3.9864,0.4583,1.0086,18144533.5151,18144186.3983
000001.SZ,20231208,9.3,3.9651,0.4558,1.0032,18047503.9241,18047158.6635
000001.SZ,20231207,9.44,4.0248,0.4627,1.0183,18319186.7789,18318836.3208
000001.SZ,20231206,9.5,4.0504,0.4656,1.0248,18435622.2881,18435269.6025
000001.SZ,20231205,9.48,4.0418,0.4647,1.0226,18396810.4517,18396458.5086
000001.SZ,20231204,9.63,4.1058,0.472,1.0388,18687899.2247,18687541.7129
000001.SZ,20231201,9.66,4.1186,0.4735,1.0421,18746116.9793,18745758.3537
000001.SZ,20231130,9.68,4.1271,0.4745,1.0442,18784928.8157,18784569.4476
000001.SZ,20231129,9.72,4.1442,0.4764,1.0485,18862552.4885,18862191.6354
000001.SZ,20231128,9.95,4.2422,0.4877,1.0733,19308888.607,19308519.2153
000001.SZ,20231127,10.01,4.2678,0.4906,1.0798,19425324.1162,19424952.497
000001.SZ,20231124,10.1,4.3062,0.4951,1.0895,19599977.38,19599602.4195
000001.SZ,20231123,10.15,4.3275,0.4975,1.0949,19697006.971,19696630.1543
000001.SZ,20231122,10.16,4.3318,0.498,1.096,19716412.8892,19716035.7012
000001.SZ,20231121,10.28,4.3829,0.5039,1.1089,19949283.9075,19948902.2646
000001.SZ,20231120,10.19,4.3445,0.4995,1.0992,19774630.6438,19774252.3421
000001.SZ,20231117,10.15,4.3275,0.4975,1.0949,19697006.971,19696630.1543
000001.SZ,20231116,10.24,4.3659,0.5019,1.1046,19871660.2348,19871280.0768
000001.SZ,20231115,10.37,4.4213,0.5083,1.1186,20123937.1713,20123552.1872
000001.SZ,20231114,10.27,4.3787,0.5034,1.1079,19929877.9893,19929496.7177
000001.SZ,20231113,10.25,4.3701,0.5024,1.1057,19891066.153,19890685.6238
000001.SZ,20231110,10.3,4.3914,0.5049,1.1111,19988095.7439,19987713.3585
000001.SZ,20231109,10.49,4.4725,0.5142,1.1316,20356808.1897,20356418.7506
000001.SZ,20231108,10.5,4.4767,0.5147,1.1327,20376214.1079,20375824.2975
000001.SZ,20231107,10.6,4.5193,0.5196,1.1435,20570273.2899,20569879.767
000001.SZ,20231106,10.69,4.5577,0.524,1.1532,20744926.5537,20744529.6896
000001.SZ,20231103,10.48,4.4682,0.5137,1.1305,20337402.2715,20337013.2036
000001.SZ,20231102,10.48,4.4682,0.5137,1.1305,20337402.2715,20337013.2036
000001.SZ,20231101,10.48,4.4682,0.5137,1.1305,20337402.2715,20337013.2036
000001.SZ,20231031,10.46,4.4597,0.5127,1.1284,20298590.4351,20298202.1097
000001.SZ,20231030,10.45,4.4554,0.5122,1.1273,20279184.5169,20278796.5628
000001.SZ,20231027,10.45,4.4554,0.5122,1.1273,20279184.5169,20278796.5628
000001.SZ,20231026,10.41,4.4383,0.5102,1.123,20201560.8441,20201174.375
000001.SZ,20231025,10.38,4.4256,0.5088,1.1197,20143343.0895,20142957.7341
000001.SZ,20231024,10.55,4.498,0.5358,1.1381,20473243.6989,20472852.0323
000001.SZ,20231023,10.5,4.4767,0.5332,1.1327,20376214.1079,20375824.2975
000001.SZ,20231020,10.6,4.5193,0.5383,1.1435,20570273.2899,20569879.767
000001.SZ,20231019,10.6,4.5193,0.5383,1.1435,20570273.2899,20569879.767
000001.SZ,20231018,10.95,4.6686,0.5561,1.1812,21249480.4268,21249073.9103
000001.SZ,20231017,11.02,4.6984,0.5596,1.1888,21385321.8542,21384912.7389
000001.SZ,20231016,11.01,4.6942,0.5591,1.1877,21365915.936,21365507.192
000001.SZ,20231013,11.0,4.6899,0.5586,1.1866,21346510.0178,21346101.645
000001.SZ,20231012,11.11,4.7368,0.5642,1.1985,21559975.118,21559562.6615
000001.SZ,20231011,10.98,4.6814,0.5576,1.1845,21307698.1814,21307290.5511
000001.SZ,20231010,11.02,4.6984,0.5596,1.1888,21385321.8542,21384912.7389
000001.SZ,20231009,11.11,4.7368,0.5642,1.1985,21559975.118,21559562.6615
000001.SZ,20230928,11.2,4.7752,0.5688,1.2082,21734628.3818,21734212.584
000001.SZ,20230927,11.17,4.7624,0.5673,1.2049,21676410.6272,21675995.9432
000001.SZ,20230926,11.16,4.7581,0.5667,1.2039,21657004.709,21656590.3962
000001.SZ,20230925,11.22,4.7837,0.5698,1.2103,21773440.2182,21773023.6779
000001.SZ,20230922,11.24,4.7922,0.5708,1.2125,21812252.0546,21811834.7718
000001.SZ,20230921,11.05,4.7112,0.5612,1.192,21443539.6088,21443129.3798
000001.SZ,20230920,11.15,4.7538,0.5662,1.2028,21637598.7908,21637184.8493
000001.SZ,20230919,11.21,4.7794,0.5693,1.2093,21754034.3,21753618.131
000001.SZ,20230918,11.23,4.788,0.5703,1.2114,21792846.1364,21792429.2249
000001.SZ,20230915,11.22,4.7837,0.5698,1.2103,21773440.2182,21773023.6779
000001.SZ,20230914,11.29,4.8135,0.5733,1.2179,21909281.6455,21908862.5066
000001.SZ,20230913,11.25,4.7965,0.5713,1.2136,21831657.9728,21831240.3188
000001.SZ,20230912,11.28,4.8093,0.5728,1.2168,21889875.7273,21889456.9596
000001.SZ,20230911,11.34,4.8349,0.5759,1.2233,22006311.2365,22005890.2413
000001.SZ,20230908,11.27,4.805,0.5723,1.2157,21870469.8091,21870051.4127
000001.SZ,20230907,11.33,4.8306,0.5754,1.2222,21986905.3183,21986484.6944
000001.SZ,20230906,11.43,4.8732,0.5805,1.233,22180964.5003,22180540.1639
000001.SZ,20230905,11.39,4.8562,0.5784,1.2287,22103340.8275,22102917.9761
000001.SZ,20230904,11.56,4.9286,0.5871,1.247,22433241.4369,22432812.2742
000001.SZ,20230901,11.32,4.8263,0.5749,1.2211,21967499.4001,21967079.1474
000001.SZ,20230831,11.13,4.7453,0.5652,1.2006,21598786.9544,21598373.7554
000001.SZ,20230830,11.13,4.7453,0.5652,1.2006,21598786.9544,21598373.7554
000001.SZ,20230829,11.31,4.8221,0.5744,1.2201,21948093.4819,21947673.6005
000001.SZ,20230828,11.52,4.9116,0.585,1.2427,22355617.7641,22355190.0864
000001.SZ,20230825,11.23,4.788,0.5703,1.2114,21792846.1364,21792429.2249
000001.SZ,20230824,11.13,4.7453,0.5652,1.2006,21598786.9544,21598373.7554
000001.SZ,20230823,11.25,4.7965,0.588,1.2136,21831657.9728,21831240.3188
000001.SZ,20230822,11.37,4.8476,0.5943,1.2265,22064528.9911,22064106.8822
000001.SZ,20230821,11.32,4.8263,0.5917,1.2211,21967499.4001,21967079.1474
000001.SZ,20230818,11.56,4.9286,0.6042,1.247,22433241.4369,22432812.2742
000001.SZ,20230817,11.57,4.9329,0.6048,1.2481,22452647.3551,22452217.8212
000001.SZ,20230816,11.73,5.0011,0.6131,1.2654,22763142.0463,22762706.5724
000001.SZ,20230815,11.73,5.0011,0.6131,1.2654,22763142.0463,22762706.5724
000001.SZ,20230814,11.67,4.9755,0.61,1.2589,22646706.5371,22646273.2907
000001.SZ,20230811,11.89,5.0693,0.6215,1.2826,23073636.7374,23073195.3236
000001.SZ,20230810,12.16,5.1845,0.6356,1.3117,23597596.5288,23597145.0912
000001.SZ,20230809,12.17,5.1887,0.6361,1.3128,23617002.447,23616550.6382
000001.SZ,20230808,12.1,5.1589,0.6325,1.3053,23481161.0196,23480711.8095
000001.SZ,20230807,12.16,5.1845,0.6356,1.3117,23597596.5288,23597145.0912
000001.SZ,20230804,12.3,5.2442,0.6429,1.3268,23869279.3835,23868822.7485
000001.SZ,20230803,12.33,5.2569,0.6445,1.3301,23927497.1381,23927039.3894
000001.SZ,20230802,12.03,5.129,0.6288,1.2977,23345319.5922,23344872.9809
000001.SZ,20230801,12.16,5.1845,0.6356,1.3117,23597596.5288,23597145.0912
000001.SZ,20230731,12.32,5.2527,0.644,1.329,23908091.2199,23907633.8424
000001.SZ,20230728,12.26,5.2271,0.6408,1.3225,23791655.7107,23791200.5607
000001.SZ,20230727,11.75,5.0097,0.6142,1.2675,22801953.8827,22801517.6663
000001.SZ,20230726,11.67,4.9755,0.61,1.2589,22646706.5371,22646273.2907
000001.SZ,20230725,11.72,4.9969,0.6126,1.2643,22743736.1281,22743301.0254
000001.SZ,20230724,11.26,4.8007,0.5885,1.2147,21851063.8909,21850645.8657
000001.SZ,20230721,11.34,4.8349,0.5927,1.2233,22006311.2365,22005890.2413
000001.SZ,20230720,11.32,4.8263,0.5917,1.2211,21967499.4001,21967079.1474
000001.SZ,20230719,11.31,4.8221,0.5912,1.2201,21948093.4819,21947673.6005
000001.SZ,20230718,11.25,4.7965,0.588,1.2136,21831657.9728,21831240.3188
000001.SZ,20230717,11.31,4.8221,0.5912,1.2201,21948093.4819,21947673.6005
000001.SZ,20230714,11.46,4.886,0.599,1.2362,22239182.2549,22238756.8047
000001.SZ,20230713,11.43,4.8732,0.5974,1.233,22180964.5003,22180540.1639
000001.SZ,20230712,11.24,4.7922,0.5875,1.2125,21812252.0546,21811834.7718
000001.SZ,20230711,11.21,4.7794,0.5859,1.2093,21754034.3,21753618.131
000001.SZ,20230710,11.2,4.7752,0.5854,1.2082,21734628.3818,21734212.584
000001.SZ,20230707,11.2,4.7752,0.5854,1.2082,21734628.3818,21734212.584
000001.SZ,20230706,11.24,4.7922,0.5875,1.2125,21812252.0546,21811834.7718
000001.SZ,20230705,11.34,4.8349,0.5927,1.2233,22006311.2365,22005890.2413
000001.SZ,20230704,11.4,4.8604,0.5959,1.2298,22122746.7457,22122323.523
000001.SZ,20230703,11.49,4.8988,0.6006,1.2395,22297400.0095,22296973.4456
000001.SZ,20230630,11.23,4.788,0.587,1.2114,21792846.1364,21792429.2249
000001.SZ,20230629,11.18,4.7666,0.5844,1.206,21695816.5454,21695401.4901
000001.SZ,20230628,11.3,4.8178,0.5906,1.219,21928687.5637,21928268.0535
000001.SZ,20230627,11.28,4.8093,0.5896,1.2168,21889875.7273,21889456.9596
000001.SZ,20230626,11.18,4.7666,0.5844,1.206,21695816.5454,21695401.4901
000001.SZ,20230621,11.35,4.8391,0.5933,1.2244,22025717.1547,22025295.7883
000001.SZ,20230620,11.36,4.8434,0.5938,1.2254,22045123.0729,22044701.3352
000001.SZ,20230619,11.45,4.8818,0.5985,1.2352,22219776.3367,22219351.2578
000001.SZ,20230616,11.63,4.9585,0.6079,1.2546,22569082.8643,22568651.1029
000001.SZ,20230615,11.61,4.95,0.6068,1.2524,22530271.0279,22529840.009
000001.SZ,20230614,11.47,4.8903,0.5995,1.2373,22258588.1731,22258162.3517
000001.SZ,20230613,11.77,5.0182,0.6062,1.2697,22840765.719,22840328.7602
000001.SZ,20230612,11.79,5.0267,0.6072,1.2718,22879577.5554,22879139.8541
000001.SZ,20230609,11.88,5.0651,0.6118,1.2815,23054230.8192,23053789.7766
000001.SZ,20230608,12.12,5.1674,0.6242,1.3074,23519972.856,23519522.9034
000001.SZ,20230607,11.94,5.0907,0.6149,1.288,23170666.3284,23170223.0583
000001.SZ,20230606,11.84,5.048,0.6098,1.2772,22976607.1464,22976167.5888
000001.SZ,20230605,11.91,5.0779,0.6134,1.2848,23112448.5738,23112006.4175
000001.SZ,20230602,11.93,5.0864,0.6144,1.2869,23151260.4102,23150817.5114
000001.SZ,20230601,11.59,4.9414,0.5969,1.2503,22491459.1915,22491028.9151
000001.SZ,20230531,11.6,4.9457,0.5974,1.2513,22510865.1097,22510434.462
000001.SZ,20230530,11.87,5.0608,0.6113,1.2805,23034824.901,23034384.2297
000001.SZ,20230529,11.98,5.1077,0.617,1.2923,23248290.0012,23247845.2461
000001.SZ,20230526,12.1,5.1589,0.6232,1.3053,23481161.0196,23480711.8095
000001.SZ,20230525,11.93,5.0864,0.6144,1.2869,23151260.4102,23150817.5114
000001.SZ,20230524,12.01,5.1205,0.6185,1.2956,23306507.7558,23306061.887
000001.SZ,20230523,12.21,5.2058,0.6288,1.3171,23694626.1198,23694172.826
000001.SZ,20230522,12.38,5.2783,0.6376,1.3355,24024526.7291,24024067.1241
000001.SZ,20230519,12.34,5.2612,0.6355,1.3312,23946903.0563,23946444.9363
000001.SZ,20230518,12.49,5.3252,0.6433,1.3473,24237991.8293,24237528.1406
000001.SZ,20230517,12.49,5.3252,0.6433,1.3473,24237991.8293,24237528.1406
000001.SZ,20230516,12.62,5.3806,0.65,1.3614,24490268.7659,24489800.2509
000001.SZ,20230515,12.83,5.4701,0.6608,1.384,24897793.048,24897316.7369
000001.SZ,20230512,12.62,5.3806,0.65,1.3614,24490268.7659,24489800.2509
000001.SZ,20230511,12.85,5.4786,0.6618,1.3862,24936604.8844,24936127.8308
000001.SZ,20230510,12.84,5.4744,0.6613,1.3851,24917198.9662,24916722.2838
000001.SZ,20230509,13.16,5.6108,0.6778,1.4196,25538188.3486,25537699.7862
000001.SZ,20230508,13.32,5.679,0.686,1.4369,25848683.0397,25848188.5374
000001.SZ,20230505,12.91,5.5042,0.6649,1.3926,25053040.3936,25052561.1125
000001.SZ,20230504,12.73,5.4275,0.6556,1.3732,24703733.8661,24703261.2674
000001.SZ,20230428,12.55,5.3507,0.6463,1.3538,24354427.3385,24353961.4223
000001.SZ,20230427,12.26,5.2271,0.6314,1.3225,23791655.7107,23791200.5607
000001.SZ,20230426,12.12,5.1674,0.6242,1.3074,23519972.856,23519522.9034
000001.SZ,20230425,12.28,5.2356,0.6324,1.3247,23830467.5471,23830011.6546
000001.SZ,20230424,12.1,5.1589,0.6438,1.3053,23481161.0196,23480711.8095
000001.SZ,20230421,12.5,5.3294,0.6651,1.3484,24257397.7475,24256933.6875
000001.SZ,20230420,12.75,5.436,0.6784,1.3754,24742545.7025,24742072.3613
000001.SZ,20230419,12.85,5.4786,0.6837,1.3862,24936604.8844,24936127.8308
000001.SZ,20230418,13.0,5.5426,0.6917,1.4024,25227693.6574,25227211.035
000001.SZ,20230417,12.93,5.5128,0.6879,1.3948,25091852.23,25091372.2064
000001.SZ,20230414,12.69,5.4104,0.6752,1.3689,24626110.1933,24625639.0796
000001.SZ,20230413,12.56,5.355,0.6683,1.3549,24373833.2567,24373366.9692
000001.SZ,20230412,12.48,5.3209,0.664,1.3463,24218585.9111,24218122.5936
000001.SZ,20230411,12.54,5.3465,0.6672,1.3527,24335021.4203,24334555.8753
000001.SZ,20230410,12.68,5.4062,0.6746,1.3678,24606704.2751,24606233.5326
000001.SZ,20230407,12.62,5.3806,0.6715,1.3614,24490268.7659,24489800.2509
000001.SZ,20230406,12.58,5.3635,0.6693,1.357,24412645.0931,24412178.0631
000001.SZ,20230404,12.65,5.3934,0.673,1.3646,24548486.5205,24548016.8918
000001.SZ,20230403,12.67,5.4019,0.6741,1.3668,24587298.3569,24586827.9857
000001.SZ,20230331,12.53,5.3422,0.6667,1.3517,24315615.5021,24315150.3284
000001.SZ,20230330,12.68,5.4062,0.6746,1.3678,24606704.2751,24606233.5326
000001.SZ,20230329,12.53,5.3422,0.6667,1.3517,24315615.5021,24315150.3284
000001.SZ,20230328,12.64,5.3891,0.6725,1.3635,24529080.6023,24528611.3448
000001.SZ,20230327,12.6,5.3721,0.6704,1.3592,24451456.9295,24450989.157
000001.SZ,20230324,12.82,5.4659,0.6821,1.3829,24878387.1298,24877911.1899
000001.SZ,20230323,12.9,5.5,0.6863,1.3916,25033634.4754,25033155.5655
000001.SZ,20230322,12.79,5.4531,0.6805,1.3797,24820169.3752,24819694.5491
000001.SZ,20230321,12.7,5.4147,0.6757,1.37,24645516.1115,24645044.6265
000001.SZ,20230320,12.57,5.3593,0.6688,1.356,24393239.1749,24392772.5162
000001.SZ,20230317,12.75,5.436,0.6784,1.3754,24742545.7025,24742072.3613
000001.SZ,20230316,12.82,5.4659,0.6821,1.3829,24878387.1298,24877911.1899
000001.SZ,20230315,13.05,5.5639,0.6943,1.4078,25324723.2484,25324238.7698
000001.SZ,20230314,12.87,5.4872,0.6848,1.3883,24975416.7208,24974938.9247
000001.SZ,20230313,13.05,5.5639,0.6943,1.4078,25324723.2484,25324238.7698
000001.SZ,20230310,13.14,5.6023,0.6991,1.4175,25499376.5122,25498888.6923
000001.SZ,20230309,13.2,5.6279,0.7023,1.4239,25615812.0214,25615321.974
000001.SZ,20230308,13.53,7.2259,0.7199,1.5501,26256207.3219,26255705.0234
000001.SZ,20230307,13.69,7.3114,0.7284,1.5684,26566702.0131,26566193.7746
000001.SZ,20230306,13.85,7.3969,0.7369,1.5868,26877196.7042,26876682.5258
000001.SZ,20230303,14.29,7.6318,0.7603,1.6372,27731057.1049,27730526.5916
000001.SZ,20230302,14.24,7.6051,0.7576,1.6315,27634027.514,27633498.8568
000001.SZ,20230301,14.17,7.5678,0.7539,1.6234,27498186.0866,27497660.0282
000001.SZ,20230228,13.78,7.3595,0.7332,1.5788,26741355.2768,26740843.6971
000001.SZ,20230227,13.69,7.3114,0.7284,1.5684,26566702.0131,26566193.7746
000001.SZ,20230224,13.86,7.4022,0.7374,1.5879,26896602.6224,26896088.0727
000001.SZ,20230223,14.05,7.5037,0.7475,1.6097,27265315.0682,27264793.4648
000001.SZ,20230222,14.02,7.4876,0.7459,1.6062,27207097.3136,27206576.8239
000001.SZ,20230221,14.1,7.5304,0.7502,1.6154,27362344.6592,27361821.1995
000001.SZ,20230220,14.15,7.5571,0.7529,1.6211,27459374.2502,27458848.9343
000001.SZ,20230217,13.43,7.1725,0.7145,1.5387,26062148.1399,26061649.5539
000001.SZ,20230216,13.6,7.2633,0.7236,1.5581,26392048.7493,26391543.852
000001.SZ,20230215,13.67,7.3007,0.7273,1.5661,26527890.1767,26527382.6807
000001.SZ,20230214,13.96,7.4556,0.7427,1.5994,27090661.8044,27090143.5422
000001.SZ,20230213,13.82,7.3808,0.7353,1.5833,26818978.9496,26818465.8849
000001.SZ,20230210,13.98,7.4663,0.7438,1.6017,27129473.6408,27128954.6361
000001.SZ,20230209,14.13,7.5464,0.7518,1.6188,27420562.4138,27420037.8404
000001.SZ,20230208,14.04,7.4983,0.747,1.6085,27245909.15,27245387.9178
000001.SZ,20230207,14.21,7.5891,0.756,1.628,27575809.7594,27575282.216
000001.SZ,20230206,14.0,7.477,0.7449,1.604,27168285.4772,27167765.73
000001.SZ,20230203,14.32,7.6479,0.7619,1.6406,27789274.8595,27788743.2324
000001.SZ,20230202,14.6,7.7974,0.7768,1.6727,28332640.5691,28332098.547
000001.SZ,20230201,14.7,7.8508,0.7821,1.6842,28526699.7511,28526154.0165
000001.SZ,20230131,14.99,8.0057,0.7975,1.7174,29089471.3788,29088914.8781
000001.SZ,20230130,15.15,8.0911,0.8061,1.7357,29399966.07,29399403.6293
000001.SZ,20230120,15.13,8.0805,0.805,1.7334,29361154.2336,29360592.5354
000001.SZ,20230119,15.09,8.0591,0.8029,1.7288,29283530.5608,29282970.3476
000001.SZ,20230118,15.11,8.0698,0.8039,1.7311,29322342.3972,29321781.4415
000001.SZ,20230117,14.97,7.995,0.7965,1.7151,29050659.5424,29050103.7842
000001.SZ,20230116,15.08,8.0538,0.8233,1.7277,29264124.6426,29263564.8006
000001.SZ,20230113,14.95,7.9843,0.8162,1.7128,29011847.706,29011292.6903
000001.SZ,20230112,14.67,7.8348,0.8009,1.6807,28468481.9965,28467937.3757
000001.SZ,20230111,14.67,7.8348,0.8009,1.6807,28468481.9965,28467937.3757
000001.SZ,20230110,14.44,7.712,0.7884,1.6544,28022145.8779,28021609.7958
000001.SZ,20230109,14.8,7.9042,0.808,1.6956,28720758.933,28720209.486
000001.SZ,20230106,14.62,7.8081,0.7982,1.675,28371452.4055,28370909.6409
000001.SZ,20230105,14.48,7.7333,0.7906,1.6589,28099769.5507,28099231.9836
000001.SZ,20230104,14.32,7.6479,0.7818,1.6406,27789274.8595,27788743.2324
000001.SZ,20230103,13.77,7.3541,0.7518,1.5776,26721949.3586,26721438.1502
000001.SZ,20221230,13.16,7.0283,0.7185,1.5077,25538188.3486,25537699.7862
000001.SZ,20221229,13.03,6.9589,0.7114,1.4928,25285911.412,25285427.6759
000001.SZ,20221228,13.14,7.0177,0.7174,1.5054,25499376.5122,25498888.6923
000001.SZ,20221227,13.11,7.0016,0.7158,1.502,25441158.7576,25440672.0515
000001.SZ,20221226,12.77,6.8201,0.6972,1.463,24781357.5388,24780883.4552
000001.SZ,20221223,12.98,6.9322,0.7087,1.4871,25188881.821,25188399.9411
000001.SZ,20221222,12.95,6.9162,0.707,1.4837,25130664.0664,25130183.3003
000001.SZ,20221221,12.89,6.8841,0.7038,1.4768,25014228.5572,25013750.0186
000001.SZ,20221220,12.76,6.8147,0.6967,1.4619,24761951.6206,24761477.9082
000001.SZ,20221219,13.04,6.9643,0.7119,1.494,25305317.3302,25304833.2228
000001.SZ,20221216,13.34,7.1245,0.7283,1.5283,25887494.8761,25886999.6313
000001.SZ,20221215,13.1,6.9963,0.7152,1.5008,25421752.8394,25421266.5045
000001.SZ,20221214,13.23,7.0657,0.7223,1.5157,25674029.776,25673538.6149
000001.SZ,20221213,13.24,7.0711,0.7229,1.5169,25693435.6942,25692944.1618
000001.SZ,20221212,13.11,7.0016,0.7158,1.502,25441158.7576,25440672.0515
000001.SZ,20221209,13.7,7.3167,0.748,1.5696,26586107.9313,26585599.3215
000001.SZ,20221208,13.36,7.1352,0.7294,1.5306,25926306.7125,25925810.7252
000001.SZ,20221207,13.15,7.023,0.7179,1.5066,25518782.4304,25518294.2393
000001.SZ,20221206,13.43,7.1725,0.7332,1.5387,26062148.1399,26061649.5539
000001.SZ,20221205,13.53,7.2259,0.7387,1.5501,26256207.3219,26255705.0234
000001.SZ,20221202,12.9,6.8895,0.7043,1.4779,25033634.4754,25033155.5655
000001.SZ,20221201,13.1,6.9963,0.7152,1.5008,25421752.8394,25421266.5045
000001.SZ,20221130,13.03,6.9589,0.7114,1.4928,25285911.412,25285427.6759
000001.SZ,20221129,12.99,6.9376,0.7092,1.4882,25208287.7392,25207805.4881
000001.SZ,20221128,11.81,6.3074,0.6448,1.3531,22918389.3918,22917950.948
000001.SZ,20221125,12.17,6.4996,0.6644,1.3943,23617002.447,23616550.6382
000001.SZ,20221124,11.77,6.286,0.6426,1.3485,22840765.719,22840328.7602
000001.SZ,20221123,11.82,6.3127,0.6453,1.3542,22937795.31,22937356.4949
000001.SZ,20221122,11.82,6.3127,0.6453,1.3542,22937795.31,22937356.4949
000001.SZ,20221121,11.46,6.1204,0.6257,1.313,22239182.2549,22238756.8047
000001.SZ,20221118,11.59,6.1899,0.6328,1.3278,22491459.1915,22491028.9151
000001.SZ,20221117,11.69,6.2433,0.6382,1.3393,22685518.3735,22685084.3846
000001.SZ,20221116,11.82,6.3127,0.6453,1.3542,22937795.31,22937356.4949
000001.SZ,20221115,12.01,6.4142,0.6557,1.376,23306507.7558,23306061.887
000001.SZ,20221114,11.95,6.3821,0.6524,1.3691,23190072.2466,23189628.6053
000001.SZ,20221111,11.43,6.1044,0.624,1.3095,22180964.5003,22180540.1639
000001.SZ,20221110,10.87,5.8053,0.5935,1.2454,21094233.0812,21093829.5347
000001.SZ,20221109,10.89,5.816,0.5946,1.2476,21133044.9176,21132640.6286
000001.SZ,20221108,10.85,5.7946,0.5924,1.2431,21055421.2448,21055018.4408
000001.SZ,20221107,10.88,5.8107,0.594,1.2465,21113638.9994,21113235.0816
000001.SZ,20221104,10.82,5.7786,0.5907,1.2396,20997203.4902,20996801.7999
000001.SZ,20221103,10.44,5.5757,0.57,1.1961,20259778.5987,20259391.0158
000001.SZ,20221102,10.63,5.6771,0.5804,1.2179,20628491.0445,20628096.4079
000001.SZ,20221101,10.67,5.6985,0.5825,1.2224,20706114.7173,20705718.5957
000001.SZ,20221031,10.34,5.5223,0.5645,1.1846,20065719.4167,20065335.5463
000001.SZ,20221028,10.42,5.565,0.5689,1.1938,20220966.7623,20220579.9219
000001.SZ,20221027,10.68,5.7039,0.5831,1.2236,20725520.6355,20725124.1426
000001.SZ,20221026,10.66,5.6932,0.582,1.2213,20686708.7991,20686313.0487
000001.SZ,20221025,10.65,5.6878,0.5815,1.2202,20667302.8809,20666907.5018
000001.SZ,20221024,10.62,5.6718,0.6023,1.2167,20609085.1263,20608690.8609
000001.SZ,20221021,11.09,5.9228,0.629,1.2706,21521163.2816,21520751.5676
000001.SZ,20221020,11.2,5.9816,0.6352,1.2832,21734628.3818,21734212.584
000001.SZ,20221019,11.29,6.0296,0.6403,1.2935,21909281.6455,21908862.5066
000001.SZ,20221018,11.48,6.1311,0.6511,1.3152,22277994.0913,22277567.8986
000001.SZ,20221017,11.48,6.1311,0.6511,1.3152,22277994.0913,22277567.8986
000001.SZ,20221014,11.53,6.1578,0.6539,1.321,22375023.6823,22374595.6334
000001.SZ,20221013,11.34,6.0563,0.6432,1.2992,22006311.2365,22005890.2413
000001.SZ,20221012,11.6,6.1952,0.6579,1.329,22510865.1097,22510434.462
000001.SZ,20221011,11.48,6.1311,0.6511,1.3152,22277994.0913,22277567.8986
000001.SZ,20221010,11.47,6.1258,0.6505,1.3141,22258588.1731,22258162.3517
000001.SZ,20220930,11.84,6.3234,0.6715,1.3565,22976607.1464,22976167.5888
000001.SZ,20220929,11.86,6.3341,0.6727,1.3588,23015418.9828,23014978.6827
000001.SZ,20220928,12.11,6.4676,0.6868,1.3874,23500566.9378,23500117.3565
000001.SZ,20220927,12.15,6.4889,0.6891,1.392,23578190.6106,23577739.5443
000001.SZ,20220926,12.0,6.4088,0.6806,1.3748,23287101.8376,23286656.34
000001.SZ,20220923,12.29,6.5637,0.6971,1.408,23849873.4653,23849417.2016
000001.SZ,20220922,12.29,6.5637,0.6971,1.408,23849873.4653,23849417.2016
000001.SZ,20220921,12.43,6.6385,0.705,1.4241,24121556.3201,24121094.8589
000001.SZ,20220920,12.34,6.5904,0.6999,1.4138,23946903.0563,23946444.9363
000001.SZ,20220919,12.57,6.7132,0.7129,1.4401,24393239.1749,24392772.5162
000001.SZ,20220916,12.56,6.7079,0.7124,1.439,24373833.2567,24373366.9692
000001.SZ,20220915,13.0,6.9429,0.7373,1.4894,25227693.6574,25227211.035
000001.SZ,20220914,12.73,6.7987,0.722,1.4585,24703733.8661,24703261.2674
000001.SZ,20220913,12.95,6.9162,0.7345,1.4837,25130664.0664,25130183.3003
000001.SZ,20220909,12.72,6.7934,0.7214,1.4573,24684327.9479,24683855.7204
000001.SZ,20220908,12.36,6.6011,0.701,1.4161,23985714.8927,23985256.0302
000001.SZ,20220907,12.33,6.5851,0.6993,1.4126,23927497.1381,23927039.3894
000001.SZ,20220906,12.5,6.6759,0.709,1.4321,24257397.7475,24256933.6875
000001.SZ,20220905,12.57,6.7132,0.7129,1.4401,24393239.1749,24392772.5162
000001.SZ,20220902,12.51,6.6812,0.7095,1.4332,24276803.6657,24276339.2345
000001.SZ,20220901,12.61,6.7346,0.7152,1.4447,24470862.8477,24470394.704
000001.SZ,20220831,12.75,6.8094,0.7231,1.4607,24742545.7025,24742072.3613
000001.SZ,20220830,12.48,6.6652,0.7078,1.4298,24218585.9111,24218122.5936
000001.SZ,20220829,12.42,6.6331,0.7044,1.4229,24102150.4019,24101689.3119
000001.SZ,20220826,12.61,6.7346,0.7152,1.4447,24470862.8477,24470394.704
000001.SZ,20220825,12.62,6.7399,0.7158,1.4459,24490268.7659,24489800.2509
000001.SZ,20220824,12.4,6.6225,0.7033,1.4206,24063338.5655,24062878.218
000001.SZ,20220823,12.34,6.5904,0.6999,1.4138,23946903.0563,23946444.9363
000001.SZ,20220822,12.5,6.6759,0.709,1.4321,24257397.7475,24256933.6875
000001.SZ,20220819,12.57,6.7132,0.7129,1.4401,24393239.1749,24392772.5162
000001.SZ,20220818,12.25,6.5423,0.6948,1.4035,23772249.7926,23771795.0138
000001.SZ,20220817,12.4,6.6225,0.7252,1.4206,24063338.5655,24062847.218
000001.SZ,20220816,12.13,6.4783,0.7094,1.3897,23539378.7742,23538898.1254
000001.SZ,20220815,12.11,6.4676,0.7083,1.3874,23500566.9378,23500087.0815
000001.SZ,20220812,12.38,6.6118,0.7241,1.4184,24024526.7291,24024036.1741
000001.SZ,20220811,12.35,6.5957,0.7223,1.4149,23966308.9745,23965819.6083
000001.SZ,20220810,12.06,6.4409,0.7053,1.3817,23403537.3468,23403059.4717
000001.SZ,20220809,12.12,6.4729,0.7088,1.3886,23519972.856,23519492.6034
000001.SZ,20220808,12.2,6.5156,0.7135,1.3977,23675220.2016,23674736.779
000001.SZ,20220805,12.31,6.5744,0.72,1.4103,23888685.3017,23888197.5205
000001.SZ,20220804,12.16,6.4943,0.7112,1.3932,23597596.5288,23597114.6912
000001.SZ,20220803,12.03,6.4248,0.7036,1.3783,23345319.5922,23344842.9059
000001.SZ,20220802,12.26,6.5477,0.717,1.4046,23791655.7107,23791169.9107
000001.SZ,20220801,12.42,6.6331,0.7264,1.4229,24102150.4019,24101658.2619
000001.SZ,20220729,12.68,6.772,0.7416,1.4527,24606704.2751,24606201.8326
000001.SZ,20220728,12.88,6.8788,0.7533,1.4756,24994822.639,24994312.2716
000001.SZ,20220727,12.79,6.8307,0.748,1.4653,24820169.3752,24819662.5741
000001.SZ,20220726,12.91,6.8948,0.6562,1.4791,25053040.3936,25052528.8375
000001.SZ,20220725,12.82,6.8468,0.6516,1.4688,24878387.1298,24877879.1399
000001.SZ,20220722,12.81,6.8414,0.6511,1.4676,24858981.2116,24858473.618
000001.SZ,20220721,13.01,6.9482,0.7509,1.4905,25247099.5756,25246584.057
000001.SZ,20220720,13.39,7.1512,0.7728,1.5341,25984524.4671,25983993.8911
000001.SZ,20220719,13.42,7.1672,0.7745,1.5375,26042742.2217,26042210.4569
000001.SZ,20220718,13.39,7.1512,0.7728,1.5341,25984524.4671,25983993.8911
000001.SZ,20220715,13.24,7.0711,0.7642,1.5169,25693435.6942,25692911.0618
000001.SZ,20220714,13.37,7.1405,0.7717,1.5318,25945712.6307,25945182.8472
000001.SZ,20220713,13.97,7.4609,0.8063,1.6005,27110067.7226,27109514.1642
000001.SZ,20220712,14.42,7.7013,0.8323,1.6521,27983334.0415,27982762.6519
000001.SZ,20220711,14.46,7.7226,0.8346,1.6567,28060957.7143,28060384.7397
000001.SZ,20220708,14.54,7.7654,0.8392,1.6658,28216205.0599,28215628.9153
000001.SZ,20220707,14.42,7.7013,0.8323,1.6521,27983334.0415,27982762.6519
000001.SZ,20220706,14.53,7.76,0.8386,1.6647,28196799.1417,28196223.3934
000001.SZ,20220705,14.91,7.963,0.8605,1.7082,28934224.0332,28933633.2275
000001.SZ,20220704,14.94,7.979,0.8623,1.7117,28992441.7878,28991849.7933
000001.SZ,20220701,14.92,7.9683,0.8611,1.7094,28953629.9514,28953038.7494
000001.SZ,20220630,14.98,8.0003,0.8646,1.7162,29070065.4606,29069471.8811
000001.SZ,20220629,14.64,7.8188,0.845,1.6773,28410264.2419,28409684.1348
000001.SZ,20220628,14.63,7.8134,0.8444,1.6761,28390858.3237,28390278.6129
000001.SZ,20220627,14.49,7.7387,0.8363,1.6601,28119175.4689,28118601.3056
000001.SZ,20220624,14.23,7.5998,0.8213,1.6303,27614621.5958,27614057.7349
000001.SZ,20220623,14.2,7.5838,0.8196,1.6269,27556403.8412,27555841.169
000001.SZ,20220622,14.08,7.5197,0.8126,1.6131,27323532.8228,27322974.9056
000001.SZ,20220621,14.37,7.6746,0.8294,1.6463,27886304.4505,27885735.0422
000001.SZ,20220620,14.34,7.6585,0.8276,1.6429,27828086.6959,27827518.4763
000001.SZ,20220617,14.45,7.7173,0.834,1.6555,28041551.7961,28040979.2178
000001.SZ,20220616,14.44,7.712,0.8334,1.6544,28022145.8779,28021573.6958
000001.SZ,20220615,14.74,7.8722,0.8507,1.6887,28604323.4239,28603739.3543
000001.SZ,20220614,14.12,7.541,0.815,1.6177,27401156.4956,27400596.9934
000001.SZ,20220613,13.91,7.4289,0.8028,1.5936,26993632.2134,26993081.0325
000001.SZ,20220610,14.32,7.6479,0.8265,1.6406,27789274.8595,27788707.4324
000001.SZ,20220609,14.35,7.6639,0.8282,1.6441,27847492.6141,27846923.9983
000001.SZ,20220608,14.16,7.5624,0.8173,1.6223,27478780.1684,27478219.0812
000001.SZ,20220607,14.16,7.5624,0.8173,1.6223,27478780.1684,27478219.0812
000001.SZ,20220606,14.17,7.5678,0.8178,1.6234,27498186.0866,27497624.6032
000001.SZ,20220602,13.95,7.4503,0.8051,1.5982,27071255.8862,27070703.1203
000001.SZ,20220601,14.08,7.5197,0.8126,1.6131,27323532.8228,27322974.9056
000001.SZ,20220531,14.16,7.5624,0.8173,1.6223,27478780.1684,27478219.0812
000001.SZ,20220530,14.08,7.5197,0.8126,1.6131,27323532.8228,27322974.9056
000001.SZ,20220527,14.18,7.5731,0.8184,1.6246,27517592.0048,27517030.1251
000001.SZ,20220526,14.19,7.5784,0.819,1.6257,27536997.923,27536435.6471
000001.SZ,20220525,14.39,7.6852,0.8305,1.6486,27925116.2869,27924546.0861
000001.SZ,20220524,14.4,7.6906,0.8311,1.6498,27944522.2051,27943951.608
000001.SZ,20220523,14.83,7.9202,0.8559,1.699,28778976.6876,28778389.0519
000001.SZ,20220520,15.02,8.0217,0.8669,1.7208,29147689.1334,29147093.9689
000001.SZ,20220519,14.62,7.8081,0.8438,1.675,28371452.4055,28370873.0909
000001.SZ,20220518,14.75,7.8775,0.8513,1.6899,28623729.3421,28623144.8763
000001.SZ,20220517,14.71,7.8561,0.849,1.6853,28546105.6693,28545522.7885
000001.SZ,20220516,14.41,7.6959,0.8317,1.6509,27963928.1233,27963357.13
000001.SZ,20220513,14.61,7.8027,0.8432,1.6738,28352046.4873,28351467.569
000001.SZ,20220512,14.38,7.6799,0.83,1.6475,27905710.3687,27905140.5641
000001.SZ,20220511,14.63,7.8134,0.8444,1.6761,28390858.3237,28390278.6129
000001.SZ,20220510,14.59,7.7921,0.8421,1.6716,28313234.6509,28312656.5251
000001.SZ,20220509,14.55,7.7707,0.8398,1.667,28235610.9781,28235034.4373
000001.SZ,20220506,14.96,7.9897,0.8634,1.7139,29031253.6242,29030660.8372
000001.SZ,20220505,15.32,8.1819,0.8842,1.7552,29729866.6793,29729259.6274
000001.SZ,20220429,15.32,8.1819,0.8842,1.7552,29729866.6793,29729259.6274
000001.SZ,20220428,15.65,8.3582,0.9033,1.793,30370261.9799,30369641.8518
000001.SZ,20220427,15.65,8.3582,0.9033,1.793,30370261.9799,30369641.8518
000001.SZ,20220426,14.73,7.8668,0.8782,1.6876,28584917.5057,28584333.8324
000001.SZ,20220425,14.85,7.9309,0.8853,1.7013,28817788.524,28817200.0958
000001.SZ,20220422,16.06,8.5771,0.9575,1.84,31165904.626,31165268.2517
000001.SZ,20220421,15.81,8.4436,0.9426,1.8113,30680756.671,30680130.203
000001.SZ,20220420,15.85,8.465,0.9449,1.8159,30758380.3438,30757752.2908
000001.SZ,20220419,15.81,8.4436,0.9426,1.8113,30680756.671,30680130.203
000001.SZ,20220418,15.9,8.4917,0.9479,1.8216,30855409.9348,30854779.9005
000001.SZ,20220415,16.42,8.7694,0.9789,1.8812,31864517.6811,31863867.0419
000001.SZ,20220414,16.04,8.5665,0.9563,1.8377,31127092.7896,31126457.2078
000001.SZ,20220413,15.8,8.4383,0.942,1.8102,30661350.7528,30660724.681
000001.SZ,20220412,15.92,8.5024,0.9491,1.8239,30894221.7712,30893590.9444
000001.SZ,20220411,16.05,8.5718,0.9569,1.8388,31146498.7078,31145862.7298
000001.SZ,20220408,16.4,8.7587,0.9777,1.8789,31825705.8447,31825055.998
000001.SZ,20220407,16.28,8.6946,0.9706,1.8652,31592834.8263,31592189.7346
000001.SZ,20220406,16.39,8.7534,0.9771,1.8778,31806299.9265,31805650.4761
000001.SZ,20220401,15.75,8.4116,0.939,1.8045,30564321.1619,30563697.0713
000001.SZ,20220331,15.38,8.214,0.9169,1.7621,29846302.1885,29845692.7591
000001.SZ,20220330,15.21,8.1232,0.9068,1.7426,29516401.5792,29515798.886
000001.SZ,20220329,14.68,7.8401,0.8752,1.6819,28487887.9147,28487306.2226
000001.SZ,20220328,14.85,7.9309,0.8853,1.7013,28817788.524,28817200.0958
000001.SZ,20220325,14.98,8.0003,0.8931,1.7162,29070065.4606,29069471.8811
000001.SZ,20220324,15.2,8.1178,0.9062,1.7414,29496995.661,29496393.364
000001.SZ,20220323,15.0,8.011,0.8943,1.7185,29108877.297,29108282.925
000001.SZ,20220322,15.18,8.1072,0.905,1.7391,29458183.8246,29457582.3201
000001.SZ,20220321,14.59,7.7921,0.8698,1.6716,28313234.6509,28312656.5251
000001.SZ,20220318,14.7,7.8508,0.8764,1.6842,28526699.7511,28526117.2665
000001.SZ,20220317,14.45,7.7173,0.8615,1.6555,28041551.7961,28040979.2178
000001.SZ,20220316,14.31,7.6425,0.8531,1.6395,27769868.9413,27769301.9105
000001.SZ,20220315,13.68,7.3061,0.8156,1.5673,26547296.0949,26546754.0276
000001.SZ,20220314,14.49,7.7387,0.8639,1.6601,28119175.4689,28118601.3056
000001.SZ,20220311,14.9,7.9576,0.8883,1.7071,28914818.115,28914227.7055
000001.SZ,20220310,14.57,7.7814,0.8686,1.6693,28274422.8145,28273845.4812
000001.SZ,20220309,13.84,9.2844,0.8251,1.7492,26857790.786,26857564.1934
000001.SZ,20220308,14.31,9.5997,0.8531,1.8086,27769868.9413,27769634.6537
000001.SZ,20220307,14.72,9.8747,0.8776,1.8604,28565511.5875,28565270.5872
000001.SZ,20220304,15.33,10.2839,0.9139,1.9375,29749272.5975,29749021.6102
000001.SZ,20220303,15.71,10.5388,0.9366,1.9856,30486697.4891,30486440.2802
000001.SZ,20220302,15.68,10.5187,0.9348,1.9818,30428479.7345,30428223.0168
000001.SZ,20220301,15.92,10.6797,0.9491,2.0121,30894221.7712,30893961.1242
000001.SZ,20220228,15.75,10.5657,0.939,1.9906,30564321.1619,30564063.2981
000001.SZ,20220225,15.9,10.6663,0.9479,2.0096,30855409.9348,30855149.6153
000001.SZ,20220224,15.91,10.673,0.9485,2.0108,30874815.853,30874555.3697
000001.SZ,20220223,16.19,10.8608,0.9652,2.0462,31418181.5626,31417916.495
000001.SZ,20220222,16.23,10.8877,0.9676,2.0513,31495805.2354,31495539.5129
000001.SZ,20220221,16.51,11.0755,0.9843,2.0867,32039170.9449,32038900.6382
000001.SZ,20220218,16.77,11.2499,0.9998,2.1195,32543724.818,32543450.2546
000001.SZ,20220217,16.42,11.0151,0.9789,2.0753,31864517.6811,31864248.848
000001.SZ,20220216,16.41,11.0084,0.9783,2.074,31845111.7629,31844843.0935
000001.SZ,20220215,16.28,10.9212,0.9706,2.0576,31592834.8263,31592568.2853
000001.SZ,20220214,16.58,11.1224,0.9885,2.0955,32175012.3723,32174740.9196
000001.SZ,20220211,17.1,11.4713,1.0195,2.1612,33184120.1186,33183840.1523
000001.SZ,20220210,16.99,11.3975,1.0129,2.1473,32970655.0184,32970376.853
000001.SZ,20220209,16.86,11.3103,1.0052,2.1309,32718378.0818,32718102.0449
000001.SZ,20220208,16.83,11.2902,1.0034,2.1271,32660160.3272,32659884.7814
000001.SZ,20220207,16.39,10.995,0.9771,2.0715,31806299.9265,31806031.5845
000001.SZ,20220128,15.83,10.6193,0.9438,2.0007,30719568.5074,30719309.3339
000001.SZ,20220127,16.3,10.9346,0.9718,2.0601,31631646.6627,31631379.7943
000001.SZ,20220126,16.65,11.1694,0.9926,2.1044,32310853.7997,32310581.2009
000001.SZ,20220125,16.85,11.3036,1.0046,2.1296,32698972.1636,32698696.2904
000001.SZ,20220124,17.2,11.5384,1.0254,2.1739,33378179.3006,33377897.697
000001.SZ,20220121,17.35,11.639,1.0344,2.1928,33669268.0735,33668984.0141
000001.SZ,20220120,17.33,11.6256,1.0332,2.1903,33630456.2371,33630172.5052
000001.SZ,20220119,16.5,11.0688,0.9837,2.0854,32019765.0267,32019494.8838
000001.SZ,20220118,16.52,11.0822,0.9849,2.0879,32058576.8631,32058306.3927
000001.SZ,20220117,16.22,10.8809,0.967,2.05,31476399.3172,31476133.7585
000001.SZ,20220114,16.33,10.9547,0.9736,2.0639,31689864.4173,31689597.0577
000001.SZ,20220113,16.98,11.3908,1.0332,2.1461,32951249.1002,32950971.0986
000001.SZ,20220112,17.0,11.4042,1.0345,2.1486,32990060.9366,32989782.6075
000001.SZ,20220111,17.41,11.6792,1.0594,2.2004,33785703.5827,33785418.541
000001.SZ,20220110,17.19,11.5317,1.046,2.1726,33358773.3824,33358491.9425
000001.SZ,20220107,17.2,11.5384,1.0466,2.1739,33378179.3006,33377897.697
000001.SZ,20220106,17.12,11.4847,1.0418,2.1638,33222931.955,33222651.6612
000001.SZ,20220105,17.15,11.5048,1.0436,2.1676,33281149.7096,33280868.9246
000001.SZ,20220104,16.66,11.1761,1.0138,2.1056,32330259.7179,32329986.9554
000001.SZ,20211231,16.48,11.0554,1.0028,2.0829,31980953.1903,31980683.3748
000001.SZ,20211230,16.82,11.2834,1.0235,2.1259,32640754.409,32640479.027
000001.SZ,20211229,16.75,11.2365,1.0192,2.117,32504912.9817,32504638.7456
000001.SZ,20211228,17.17,11.5182,1.0448,2.1701,33319961.546,33319680.4336
000001.SZ,20211227,17.22,11.5518,1.0478,2.1764,33416991.137,33416709.206
000001.SZ,20211224,17.31,11.6122,1.0533,2.1878,33591644.4007,33591360.9962
000001.SZ,20211223,17.32,11.6189,1.0539,2.189,33611050.3189,33610766.7507
000001.SZ,20211222,17.39,11.6658,1.0582,2.1979,33746891.7463,33746607.032
000001.SZ,20211221,17.59,11.8,1.0704,2.2232,34135010.1103,34134722.1215
000001.SZ,20211220,17.52,11.753,1.0661,2.2143,33999168.6829,33998881.8402
000001.SZ,20211217,17.57,11.7866,1.0691,2.2206,34096198.2739,34095910.6126
000001.SZ,20211216,17.72,11.8872,1.0783,2.2396,34387287.0469,34386996.9297
000001.SZ,20211215,17.55,11.7732,1.0679,2.2181,34057386.4375,34057099.1036
000001.SZ,20211214,17.58,11.7933,1.0697,2.2219,34115604.1921,34115316.3671
000001.SZ,20211213,18.27,12.2562,1.1117,2.3091,35454612.5477,35454313.4258
000001.SZ,20211210,18.38,12.3299,1.1184,2.323,35668077.6479,35667776.7251
000001.SZ,20211209,18.7,12.5446,1.1379,2.3635,36289067.0303,36288760.8683
000001.SZ,20211208,18.47,12.3903,1.1239,2.3344,35842730.9117,35842428.5153
000001.SZ,20211207,18.46,12.3836,1.1233,2.3331,35823324.9935,35823022.7609
000001.SZ,20211206,18.1,12.1421,1.1014,2.2876,35124711.9384,35124415.5998
000001.SZ,20211203,17.65,11.8402,1.074,2.2308,34251445.6195,34251156.6484
000001.SZ,20211202,17.59,11.8,1.0704,2.2232,34135010.1103,34134722.1215
000001.SZ,20211201,17.64,11.8335,1.0734,2.2295,34232039.7013,34231750.8939
000001.SZ,20211130,17.44,11.6994,1.0612,2.2042,33843921.3373,33843635.8044
000001.SZ,20211129,17.51,11.7463,1.0655,2.2131,33979762.7647,33979476.0857
000001.SZ,20211126,17.58,11.7933,1.0697,2.2219,34115604.1921,34115316.3671
000001.SZ,20211125,17.68,11.8604,1.0758,2.2345,34309663.3741,34309373.9118
000001.SZ,20211124,17.87,11.9878,1.0874,2.2586,34678375.8198,34678083.2468
000001.SZ,20211123,17.88,11.9945,1.088,2.2598,34697781.738,34697489.0013
000001.SZ,20211122,18.12,12.1555,1.1026,2.2902,35163523.7748,35163227.1087
000001.SZ,20211119,18.15,12.1757,1.1044,2.2939,35221741.5294,35221444.3721
000001.SZ,20211118,17.8,11.9409,1.0831,2.2497,34542534.3924,34542242.9655
000001.SZ,20211117,18.11,12.1488,1.102,2.2889,35144117.8566,35143821.3542
000001.SZ,20211116,18.22,12.2226,1.1087,2.3028,35357582.9568,35357284.6535
000001.SZ,20211115,18.43,12.3635,1.1215,2.3293,35765107.2389,35764805.4974
000001.SZ,20211112,18.27,12.2562,1.1117,2.3091,35454612.5477,35454313.4258
000001.SZ,20211111,18.35,12.3098,1.1166,2.3192,35609859.8933,35609559.4616
000001.SZ,20211110,17.4,11.6725,1.0588,2.1992,33766297.6645,33766012.7865
000001.SZ,20211109,17.53,11.7597,1.0667,2.2156,34018574.6011,34018287.5947
000001.SZ,20211108,17.42,11.6859,1.06,2.2017,33805109.5009,33804824.2955
000001.SZ,20211105,17.64,11.8335,1.0734,2.2295,34232039.7013,34231750.8939
000001.SZ,20211104,17.87,11.9878,1.0874,2.2586,34678375.8198,34678083.2468
000001.SZ,20211103,18.03,12.0952,1.0971,2.2788,34988870.511,34988575.3184
000001.SZ,20211102,18.18,12.1958,1.1063,2.2977,35279959.284,35279661.6356
000001.SZ,20211101,19.39,13.0075,1.1799,2.4507,37628075.3859,37627757.927
000001.SZ,20211029,19.5,13.0813,1.1866,2.4646,37841540.4861,37841221.2263
000001.SZ,20211028,19.72,13.2289,1.2,2.4924,38268470.6865,38268147.8247
000001.SZ,20211027,19.92,13.363,1.2121,2.5177,38656589.0504,38656262.9142
000001.SZ,20211026,20.05,13.4502,1.22,2.5341,38908865.987,38908537.7224
000001.SZ,20211025,20.12,13.4972,1.2243,2.5429,39044707.4144,39044378.0037
000001.SZ,20211022,20.04,13.4435,1.2194,2.5328,38889460.0688,38889131.9679
000001.SZ,20211021,20.0,13.4167,1.217,2.5278,38811836.396,38811508.95
000001.SZ,20211020,19.24,12.9069,1.2152,2.4317,37336986.613,37336671.6099
000001.SZ,20211019,19.57,13.1282,1.236,2.4734,37977381.9135,37977061.5076
000001.SZ,20211018,19.29,12.9404,1.2184,2.438,37434016.2039,37433700.3823
000001.SZ,20211015,19.66,13.1886,1.2417,2.4848,38152035.1773,38151713.2979
000001.SZ,20211014,19.21,12.8867,1.2133,2.4279,37278768.8584,37278454.3465
000001.SZ,20211013,19.58,13.135,1.2367,2.4747,37996787.8317,37996467.2621
000001.SZ,20211012,19.35,12.9807,1.2222,2.4456,37550451.7131,37550134.9091
000001.SZ,20211011,19.4,13.0142,1.2253,2.4519,37647481.3041,37647163.6815
000001.SZ,20211008,18.64,12.5044,1.1773,2.3559,36172631.5211,36172326.3414
000001.SZ,20210930,17.93,12.0281,1.1325,2.2661,34794811.329,34794517.7737
000001.SZ,20210929,18.15,12.1757,1.1464,2.2939,35221741.5294,35221444.3721
000001.SZ,20210928,17.97,12.0549,1.135,2.2712,34872435.0018,34872140.7916
000001.SZ,20210927,17.57,11.7866,1.1097,2.2206,34096198.2739,34095910.6126
000001.SZ,20210924,17.35,11.639,1.0958,2.1928,33669268.0735,33668984.0141
000001.SZ,20210923,17.68,11.8604,1.1167,2.2345,34309663.3741,34309373.9118
000001.SZ,20210922,17.98,12.0616,1.1356,2.2725,34891840.92,34891546.5461
000001.SZ,20210917,18.53,12.4306,1.1704,2.342,35959166.4209,35958863.0422
000001.SZ,20210916,19.08,12.7995,1.2051,2.4115,37026491.9218,37026179.5383
000001.SZ,20210915,19.52,13.0947,1.2329,2.4671,37880352.3225,37880032.7352
000001.SZ,20210914,19.37,12.9941,1.2234,2.4481,37589263.5495,37588946.4181
000001.SZ,20210913,20.21,13.5576,1.2765,2.5543,39219360.6782,39219029.794
000001.SZ,20210910,20.57,13.7991,1.2992,2.5998,39917973.7333,39917636.9551
000001.SZ,20210909,19.0,12.7459,1.2,2.4014,36871244.5762,36870933.5025
000001.SZ,20210908,19.23,12.9002,1.2146,2.4304,37317580.6948,37317265.8554
000001.SZ,20210907,19.24,12.9069,1.2152,2.4317,37336986.613,37336671.6099
000001.SZ,20210906,18.45,12.3769,1.1653,2.3319,35803919.0753,35803617.0064
000001.SZ,20210903,18.04,12.1019,1.1394,2.28,35008276.4292,35007981.0729
000001.SZ,20210902,18.4,12.3434,1.1621,2.3255,35706889.4843,35706588.234
000001.SZ,20210901,17.88,11.9945,1.1293,2.2598,34697781.738,34697489.0013
000001.SZ,20210831,17.8,11.9409,1.1243,2.2497,34542534.3924,34542242.9655
000001.SZ,20210830,17.72,11.8872,1.1192,2.2396,34387287.0469,34386996.9297
000001.SZ,20210827,18.39,12.3367,1.1615,2.3243,35687483.5661,35687182.4795
000001.SZ,20210826,18.46,12.3836,1.1659,2.3331,35823324.9935,35823022.7609
000001.SZ,20210825,19.16,12.8532,1.2102,2.4216,37181739.2674,37181425.5741
000001.SZ,20210824,19.36,12.9874,1.2228,2.4469,37569857.6313,37569540.6636
000001.SZ,20210823,19.3,12.9471,1.219,2.4393,37453422.1221,37453106.1368
000001.SZ,20210820,19.42,13.0276,1.2266,2.4545,37686293.1405,37685975.1905
000001.SZ,20210819,20.34,13.6448,1.3193,2.5707,39471637.6147,39471304.6022
000001.SZ,20210818,20.62,13.8326,1.3375,2.6061,40015003.3243,40014665.7275
000001.SZ,20210817,19.67,13.1953,1.2759,2.4861,38171441.0955,38171119.0523
000001.SZ,20210816,19.95,13.3832,1.294,2.5214,38714806.805,38714480.1776
000001.SZ,20210813,19.89,13.3429,1.2901,2.5139,38598371.2958,38598045.6508
000001.SZ,20210812,19.89,13.3429,1.2901,2.5139,38598371.2958,38598045.6508
000001.SZ,20210811,19.81,13.2892,1.2849,2.5038,38443123.9502,38442799.615
000001.SZ,20210810,19.73,13.2356,1.2798,2.4936,38287876.6047,38287553.5792
000001.SZ,20210809,19.06,12.7861,1.2363,2.409,36987680.0854,36987368.0294
000001.SZ,20210806,17.86,11.9811,1.1585,2.2573,34658969.9016,34658677.4924
000001.SZ,20210805,17.68,11.8604,1.1468,2.2345,34309663.3741,34309373.9118
000001.SZ,20210804,17.81,11.9476,1.1552,2.251,34561940.3106,34561648.72
000001.SZ,20210803,17.89,12.0012,1.1604,2.2611,34717187.6562,34716894.7558
000001.SZ,20210802,18.01,12.0817,1.1682,2.2763,34950058.6746,34949763.8095
000001.SZ,20210730,17.69,11.8671,1.1474,2.2358,34329069.2923,34328779.6663
000001.SZ,20210729,17.96,12.0482,1.165,2.2699,34853029.0836,34852735.0371
000001.SZ,20210728,17.75,11.9073,1.1513,2.2434,34445504.8015,34445214.1931
000001.SZ,20210727,17.76,11.914,1.152,2.2447,34464910.7196,34464619.9476
000001.SZ,20210726,18.8,12.6117,1.2194,2.3761,36483126.2122,36482818.413
000001.SZ,20210723,20.1,13.4838,1.3038,2.5404,39005895.578,39005566.4948
000001.SZ,20210722,20.38,13.6716,1.3219,2.5758,39549261.2875,39548927.6201
000001.SZ,20210721,20.45,13.7186,1.3112,2.5846,39685102.7149,39684767.9014
000001.SZ,20210720,20.6,13.8192,1.3208,2.6036,39976191.4879,39975854.2185
000001.SZ,20210719,21.21,14.2284,1.3599,2.6807,41159952.498,41159605.2415
000001.SZ,20210716,21.34,14.3156,1.3682,2.6971,41412229.4345,41411880.0497
000001.SZ,20210715,21.62,14.5035,1.3862,2.7325,41955595.1441,41955241.175
000001.SZ,20210714,20.76,13.9265,1.331,2.6238,40286686.179,40286346.2901
000001.SZ,20210713,21.12,14.168,1.3541,2.6693,40985299.2342,40984953.4512
000001.SZ,20210712,21.16,14.1949,1.3567,2.6744,41062922.907,41062576.4691
000001.SZ,20210709,21.27,14.2687,1.3637,2.6883,41276388.0071,41276039.7683
000001.SZ,20210708,21.51,14.4297,1.3791,2.7186,41742130.0439,41741777.8757
000001.SZ,20210707,22.55,15.1273,1.4458,2.8501,43760345.5365,43759976.3411
000001.SZ,20210706,22.78,15.2816,1.4605,2.8791,44206681.655,44206308.6941
000001.SZ,20210705,22.06,14.7986,1.4144,2.7881,42809455.5448,42809094.3719
000001.SZ,20210702,21.81,14.6309,1.3984,2.7565,42324307.5898,42323950.51
000001.SZ,20210701,23.2,15.5634,1.4875,2.9322,45021730.2194,45021350.382
000001.SZ,20210630,22.62,15.1743,1.4503,2.8589,43896186.9639,43895816.6225
000001.SZ,20210629,22.34,14.9865,1.4323,2.8235,43352821.2543,43352455.4972
000001.SZ,20210628,22.78,15.2816,1.4605,2.8791,44206681.655,44206308.6941
000001.SZ,20210625,23.36,15.6707,1.4977,2.9524,45332224.9105,45331842.4536
000001.SZ,20210624,23.08,15.4829,1.4798,2.917,44788859.201,44788481.3283
000001.SZ,20210623,23.14,15.5231,1.4836,2.9246,44905294.7102,44904915.8552
000001.SZ,20210622,22.97,15.4091,1.4727,2.9031,44575394.1008,44575018.0291
000001.SZ,20210621,22.16,14.8657,1.4208,2.8008,43003514.7268,43003151.9166
000001.SZ,20210618,22.65,15.1944,1.4522,2.8627,43954404.7185,43954033.8859
000001.SZ,20210617,23.1,15.4963,1.4811,2.9196,44827671.0374,44827292.8373
000001.SZ,20210616,23.26,15.6036,1.4913,2.9398,45138165.7285,45137784.9089
000001.SZ,20210615,23.22,15.5768,1.4888,2.9347,45060542.0558,45060161.891
000001.SZ,20210611,23.37,15.6774,1.4984,2.9537,45351630.8287,45351248.2081
000001.SZ,20210610,24.2,16.2342,1.5516,3.0586,46962322.0392,46961925.8295
000001.SZ,20210609,24.65,16.5361,1.5804,3.1155,47835588.3581,47835184.7809
000001.SZ,20210608,24.53,16.4556,1.5727,3.1003,47602717.3397,47602315.7272
000001.SZ,20210607,24.3,16.3013,1.558,3.0712,47156381.2211,47155983.3743
000001.SZ,20210604,24.54,16.4623,1.5734,3.1016,47622123.2579,47621721.4817
000001.SZ,20210603,23.77,15.9458,1.524,3.0043,46127867.5566,46127478.3871
000001.SZ,20210602,23.89,16.0263,1.5317,3.0194,46360738.575,46360347.4408
000001.SZ,20210601,23.92,16.0464,1.5336,3.0232,46418956.3296,46418564.7042
000001.SZ,20210531,24.2,16.2342,1.5516,3.0586,46962322.0392,46961925.8295
000001.SZ,20210528,24.5,16.4355,1.5708,3.0965,47544499.5851,47544098.4638
000001.SZ,20210527,24.79,16.63,1.5894,3.1332,48107271.2128,48106865.3435
000001.SZ,20210526,25.01,16.7776,1.6035,3.161,48534201.4132,48533791.942
000001.SZ,20210525,24.6,16.5025,1.5772,3.1092,47738558.7671,47738156.0085
000001.SZ,20210524,23.48,15.7512,1.5054,2.9676,45565095.9289,45564711.5073
000001.SZ,20210521,23.49,15.7579,1.5061,2.9689,45584501.8471,45584117.2618
000001.SZ,20210520,23.82,15.9793,1.5272,3.0106,46224897.1476,46224507.1595
000001.SZ,20210519,23.6,15.8317,1.5131,2.9828,45797966.9473,45797580.561
000001.SZ,20210518,23.9,16.033,1.5324,3.0207,46380144.4932,46379753.1953
000001.SZ,20210517,23.6,15.8317,1.3116,2.9828,45797966.9473,45797580.561
000001.SZ,20210514,23.32,15.6439,1.2961,2.9474,45254601.2377,45254219.4357
000001.SZ,20210513,23.07,15.4762,1.4791,2.9158,44769453.2828,44769075.5738
000001.SZ,20210512,23.55,15.7982,1.5099,2.9764,45700937.3563,45700551.7886
000001.SZ,20210511,23.53,15.7848,1.5086,2.9739,45662125.5199,45661740.2797
000001.SZ,20210510,23.86,16.0061,1.5298,3.0156,46302520.8204,46302130.1774
000001.SZ,20210507,24.05,16.1336,1.542,3.0396,46671233.2662,46670839.5124
000001.SZ,20210506,23.5,15.7646,1.5067,2.9701,45603907.7653,45603523.0163
000001.SZ,20210430,23.29,15.6237,1.4932,2.9436,45196383.4831,45196002.1723
000001.SZ,20210429,23.59,15.825,1.5125,2.9815,45778561.0291,45778174.8065
000001.SZ,20210428,23.35,15.664,1.4971,2.9512,45312818.9923,45312436.6991
000001.SZ,20210427,22.94,15.389,1.4708,2.8993,44517176.3462,44516800.7657
000001.SZ,20210426,22.94,15.389,1.4708,2.8993,44517176.3462,44516800.7657
000001.SZ,20210423,23.29,15.6237,1.4932,2.9436,45196383.4831,45196002.1723
000001.SZ,20210422,22.98,15.4158,1.4734,2.9044,44594800.019,44594423.7836
000001.SZ,20210421,23.01,15.4359,1.4753,2.9082,44653017.7736,44652641.047
000001.SZ,20210420,21.69,14.5504,1.4308,2.7414,42091436.5715,42091081.4563
000001.SZ,20210419,21.15,14.1882,1.3952,2.6731,41043516.9888,41043170.7146
000001.SZ,20210416,20.26,13.5911,1.3364,2.5606,39316390.2691,39316058.5664
000001.SZ,20210415,20.36,13.6582,1.343,2.5733,39510449.4511,39510116.1111
000001.SZ,20210414,20.67,13.8662,1.3635,2.6124,40112032.9153,40111694.4998
000001.SZ,20210413,20.78,13.94,1.3707,2.6263,40325498.0154,40325157.7991
000001.SZ,20210412,20.7,13.8863,1.3655,2.6162,40170250.6699,40169911.7633
000001.SZ,20210409,21.3,14.2888,1.405,2.6921,41334605.7617,41334257.0318
000001.SZ,20210408,21.56,14.4632,1.4222,2.7249,41839159.6349,41838806.6481
000001.SZ,20210407,21.64,14.5169,1.4275,2.735,41994406.9805,41994052.6839
000001.SZ,20210406,21.68,14.5437,1.4301,2.7401,42072030.6533,42071675.7018
000001.SZ,20210402,21.5,14.423,1.4182,2.7173,41722724.1257,41722372.1213
000001.SZ,20210401,21.78,14.6108,1.4367,2.7527,42266089.8352,42265733.2466
000001.SZ,20210331,22.01,14.7651,1.4519,2.7818,42712425.9538,42712065.5995
000001.SZ,20210330,21.93,14.7114,1.4466,2.7717,42557178.6082,42556819.5637
000001.SZ,20210329,21.49,14.4162,1.4176,2.7161,41703318.2075,41702966.3668
000001.SZ,20210326,21.14,14.1815,1.3945,2.6718,41024111.0706,41023764.9602
000001.SZ,20210325,20.75,13.9198,1.3688,2.6226,40267280.2609,40266940.5356
000001.SZ,20210324,20.53,13.7722,1.3543,2.5948,39840350.0605,39840013.9372
000001.SZ,20210323,21.23,14.2418,1.4004,2.6832,41198764.3344,41198416.7504
000001.SZ,20210322,21.55,14.4565,1.4215,2.7237,41819753.7167,41819400.8936
000001.SZ,20210319,20.47,13.732,1.3503,2.5872,39723914.5513,39723579.4103
000001.SZ,20210318,21.73,14.5772,1.4334,2.7464,42169060.2443,42168704.4742
000001.SZ,20210317,21.2,14.2217,1.3984,2.6794,41140546.5798,41140199.487
000001.SZ,20210316,21.66,14.5303,1.4288,2.7376,42033218.8169,42032864.1929
000001.SZ,20210315,21.6,14.49,1.4248,2.73,41916783.3077,41916429.666
000001.SZ,20210312,21.48,14.4095,1.4169,2.7148,41683912.2893,41683560.6123
000001.SZ,20210311,21.27,14.2687,1.4031,2.6883,41276388.0071,41276039.7683
000001.SZ,20210310,20.4,13.685,1.3457,2.5783,39588073.1239,39587739.129
000001.SZ,20210309,20.85,13.9869,1.3754,2.6352,40461339.4428,40460998.0804
000001.SZ,20210308,21.6,14.49,1.4248,2.73,41916783.3077,41916429.666
000001.SZ,20210305,22.34,14.9865,1.4736,2.8235,43352821.2543,43352455.4972
000001.SZ,20210304,22.92,15.3755,1.5119,2.8968,44478364.5098,44477989.2567
000001.SZ,20210303,23.01,15.4359,1.5178,2.9082,44653017.7736,44652641.047
000001.SZ,20210302,21.65,14.5236,1.4281,2.7363,42013812.8987,42013458.4384
000001.SZ,20210301,21.45,14.3894,1.4149,2.711,41625694.5347,41625343.3489
000001.SZ,20210226,21.38,14.3425,1.4103,2.7022,41489853.1073,41489503.0676
000001.SZ,20210225,22.09,14.8187,1.4572,2.7919,42867673.2994,42867311.6353
000001.SZ,20210224,22.16,14.8657,1.4618,2.8008,43003514.7268,43003151.9166
000001.SZ,20210223,21.93,14.7114,1.4466,2.7717,42557178.6082,42556819.5637
000001.SZ,20210222,22.38,15.0133,1.4763,2.8286,43430444.9271,43430078.5151
000001.SZ,20210219,23.85,15.9994,1.5733,3.0144,46283114.9022,46282724.4229
000001.SZ,20210218,24.3,16.3013,1.6029,3.0712,47156381.2211,47155983.3743
000001.SZ,20210210,23.82,15.9793,1.5713,3.0106,46224897.1476,46224507.1595
000001.SZ,20210209,24.58,16.4891,1.6214,3.1066,47699746.9307,47699344.4996
000001.SZ,20210208,24.8,16.6367,1.6359,3.1344,48126677.131,48126271.098
000001.SZ,20210205,24.93,16.7239,1.6445,3.1509,48378954.0676,48378545.9062
000001.SZ,20210204,24.6,16.5025,1.6227,3.1092,47738558.7671,47738156.0085
000001.SZ,20210203,24.95,16.7373,1.6458,3.1534,48417765.904,48417357.4151
000001.SZ,20210202,23.28,15.617,1.5357,2.9423,45176977.5649,45176596.4178
000001.SZ,20210201,24.55,16.8972,1.6495,3.4533,47641529.1761,47641122.8294
000001.SZ,20210129,23.09,15.8923,1.5514,3.248,44808265.1192,44807882.9381
000001.SZ,20210128,22.81,15.6996,1.5326,3.2086,44264899.4096,44264521.8631
000001.SZ,20210127,23.08,15.8854,1.5507,3.2466,44788859.201,44788477.1854
000001.SZ,20210126,22.37,15.3967,1.503,3.1467,43411039.0089,43410668.7452
000001.SZ,20210125,22.49,15.4793,1.5111,3.1636,43643910.0273,43643537.7773
000001.SZ,20210122,22.03,15.1627,1.4802,3.0989,42751237.7902,42750873.154
000001.SZ,20210121,22.23,15.3004,1.4936,3.127,43139356.1542,43138988.2076
000001.SZ,20210120,22.47,15.4655,1.5097,3.1608,43605098.1909,43604726.272
000001.SZ,20210119,22.34,15.3761,1.501,3.1425,43352821.2543,43352451.4871
000001.SZ,20210118,22.7,15.6238,1.5252,3.1931,44051434.3095,44051058.5836
000001.SZ,20210115,21.0,14.4538,1.411,2.954,40752428.2158,40752080.628
000001.SZ,20210114,20.17,13.8825,1.3552,2.8372,39141737.0054,39141403.1556
000001.SZ,20210113,20.7,14.2473,1.3908,2.9118,40170250.6699,40169908.0476
000001.SZ,20210112,21.0,14.4538,1.411,2.954,40752428.2158,40752080.628
000001.SZ,20210111,20.38,14.027,1.3693,2.8668,39549261.2875,39548923.9618
000001.SZ,20210108,19.85,13.6623,1.3337,2.7922,38520747.623,38520419.0698
000001.SZ,20210107,19.9,13.6967,1.3371,2.7992,38617777.214,38617447.8332
000001.SZ,20210106,19.56,13.4627,1.3142,2.7514,37957975.9953,37957652.2421
000001.SZ,20210105,18.17,12.506,1.2208,2.5559,35260553.3658,35260252.6196
000001.SZ,20210104,18.6,12.8019,1.2497,2.6164,36095007.8483,36094699.9848
000001.SZ,20201231,19.34,13.3112,1.2994,2.7205,37531045.7949,37530725.6831
000001.SZ,20201230,19.2,13.2149,1.29,2.7008,37259362.9402,37259045.1456
000001.SZ,20201229,19.17,13.1942,1.288,2.6966,37201145.1856,37200827.8876
000001.SZ,20201228,18.85,12.974,1.2665,2.6515,36580155.8032,36579843.8018
000001.SZ,20201225,18.04,12.4165,1.2121,2.5376,35008276.4292,35007977.8347
000001.SZ,20201224,18.26,12.5679,1.2269,2.5686,35435206.6295,35434904.3937
000001.SZ,20201223,18.0,12.389,1.2094,2.532,34930652.7564,34930354.824
000001.SZ,20201222,17.9,12.3201,1.2027,2.5179,34736593.5744,34736297.2972
000001.SZ,20201221,18.28,12.5817,1.2282,2.5714,35474018.4659,35473715.899
000001.SZ,20201218,18.36,12.6367,1.2336,2.5826,35629265.8115,35628961.9205
000001.SZ,20201217,18.95,13.0428,1.2732,2.6656,36774214.9852,36773901.3286
000001.SZ,20201216,19.01,13.0841,1.2773,2.674,36890650.4944,36890335.8447
000001.SZ,20201215,18.74,12.8983,1.2591,2.6361,36366690.7031,36366380.5223
000001.SZ,20201214,18.88,12.9946,1.2685,2.6558,36638373.5578,36638061.0598
000001.SZ,20201211,18.52,12.7469,1.2443,2.6051,35939760.5027,35939453.9634
000001.SZ,20201210,18.65,12.8363,1.2531,2.6234,36192037.4393,36191728.7482
000001.SZ,20201209,18.71,12.8776,1.2571,2.6318,36308472.9485,36308163.2643
000001.SZ,20201208,18.71,12.8776,1.2571,2.6318,36308472.9485,36308163.2643
000001.SZ,20201207,18.91,13.0153,1.2705,2.66,36696591.3124,36696278.3179
000001.SZ,20201204,19.3,13.2837,1.2967,2.7148,37453422.1221,37453102.6724
000001.SZ,20201203,19.54,13.4489,1.3129,2.7486,37919164.1589,37918840.7367
000001.SZ,20201202,19.63,13.5108,1.3189,2.7613,38093817.4227,38093492.5108
000001.SZ,20201201,20.05,13.7999,1.3471,2.8203,38908865.987,38908534.1234
000001.SZ,20201130,19.74,13.5866,1.3263,2.7767,38307282.5229,38306955.7903
000001.SZ,20201127,19.7,13.559,1.3236,2.7711,38229658.8501,38229332.7796
000001.SZ,20201126,19.5,13.4214,1.3102,2.743,37841540.4861,37841217.726
000001.SZ,20201125,19.06,13.1185,1.2806,2.6811,36987680.0854,36987364.6081
000001.SZ,20201124,19.36,13.325,1.3008,2.7233,37569857.6313,37569537.1885
000001.SZ,20201123,19.62,13.504,1.3182,2.7599,38074411.5045,38074086.7582
000001.SZ,20201120,18.86,12.9809,1.2672,2.6529,36599561.7214,36599249.5545
000001.SZ,20201119,18.85,12.974,1.2665,2.6515,36580155.8032,36579843.8018
000001.SZ,20201118,18.46,12.7056,1.2403,2.5967,35823324.9935,35823019.4473
000001.SZ,20201117,17.83,12.2719,1.198,2.5081,34600752.147,34600457.0284
000001.SZ,20201116,17.37,11.9553,1.1671,2.4434,33708079.9099,33707792.4052
000001.SZ,20201113,17.18,11.8246,1.1543,2.4166,33339367.4642,33339083.1042
000001.SZ,20201112,17.66,12.1549,1.1866,2.4842,34270851.5377,34270559.2329
000001.SZ,20201111,17.81,12.2582,1.1966,2.5053,34561940.3106,34561645.5231
000001.SZ,20201110,18.11,12.4647,1.2168,2.5475,35144117.8566,35143818.1035
000001.SZ,20201109,17.84,12.2788,1.1986,2.5095,34620158.0652,34619862.7811
000001.SZ,20201106,17.64,12.1412,1.1852,2.4813,34232039.7013,34231747.7275
000001.SZ,20201105,17.7,12.1825,1.1892,2.4898,34348475.2105,34348182.2436
000001.SZ,20201104,18.32,12.6092,1.2309,2.577,35551642.1387,35551338.9098
000001.SZ,20201103,17.96,12.3614,1.2067,2.5264,34853029.0836,34852731.8133
000001.SZ,20201102,17.63,12.1343,1.1845,2.4799,34212633.7831,34212341.9748
000001.SZ,20201030,17.75,12.2169,1.1926,2.4968,34445504.8015,34445211.007
000001.SZ,20201029,17.77,12.2306,1.1939,2.4996,34484316.6378,34484022.5124
000001.SZ,20201028,17.63,12.1343,1.1845,2.4799,34212633.7831,34212341.9748
000001.SZ,20201027,17.76,12.2238,1.1933,2.4982,34464910.7196,34464616.7597
000001.SZ,20201026,17.7,12.1825,1.1892,2.4898,34348475.2105,34348182.2436
000001.SZ,20201023,18.13,12.4784,1.2181,2.5503,35182929.693,35182629.6088
000001.SZ,20201022,17.56,12.0861,1.1798,2.4701,34076792.3557,34076501.7061
000001.SZ,20201021,17.91,12.327,1.2349,2.5193,34755999.4926,34755703.0499
000001.SZ,20201020,17.54,12.0723,1.2094,2.4673,34037980.5193,34037690.2007
000001.SZ,20201019,17.48,12.031,1.2052,2.4588,33921545.0101,33921255.6846
000001.SZ,20201016,17.1,11.7695,1.179,2.4054,33184120.1186,33183837.0828
000001.SZ,20201015,16.56,11.3978,1.1418,2.3294,32136200.5359,32135926.4381
000001.SZ,20201014,16.03,11.0331,1.1053,2.2549,31107686.8714,31107421.546
000001.SZ,20201013,16.06,11.0537,1.1073,2.2591,31165904.626,31165638.8041
000001.SZ,20201012,15.9,10.9436,1.0963,2.2366,30855409.9348,30855146.7612
000001.SZ,20201009,15.18,10.448,1.0466,2.1353,29458183.8246,29457932.5682
000001.SZ,20200930,15.17,10.4411,1.046,2.1339,29438777.9064,29438526.8156
000001.SZ,20200929,14.8,10.1865,1.0204,2.0818,28720758.933,28720513.9664
000001.SZ,20200928,15.31,10.5375,1.0556,2.1536,29710460.7611,29710207.3531
000001.SZ,20200925,15.19,10.4549,1.0473,2.1367,29477589.7428,29477338.3209
000001.SZ,20200924,15.12,10.4067,1.0425,2.1269,29341748.3154,29341498.0522
000001.SZ,20200923,15.63,10.7577,1.0777,2.1986,30331450.1435,30331191.4388
000001.SZ,20200922,15.57,10.7164,1.0735,2.1902,30215014.6343,30214756.9228
000001.SZ,20200921,15.86,10.916,1.0935,2.231,30777786.262,30777523.7505
000001.SZ,20200918,16.07,11.0606,1.108,2.2605,31185310.5442,31185044.5568
000001.SZ,20200917,15.57,10.7164,1.0735,2.1902,30215014.6343,30214756.9228
000001.SZ,20200916,15.44,10.627,1.0646,2.1719,29962737.6977,29962482.1379
000001.SZ,20200915,15.35,10.565,1.0584,2.1592,29788084.4339,29787830.3638
000001.SZ,20200914,15.3,10.5306,1.0549,2.1522,29691054.8429,29690801.6004
000001.SZ,20200911,15.01,10.331,1.0349,2.1114,29128283.2152,29128034.7727
000001.SZ,20200910,15.34,10.5581,1.0577,2.1578,29768678.5157,29768424.6111
000001.SZ,20200909,15.21,10.4687,1.0487,2.1395,29516401.5792,29516149.8263
000001.SZ,20200908,15.43,10.6201,1.0639,2.1705,29943331.7795,29943076.3852
000001.SZ,20200907,14.94,10.2828,1.0301,2.1015,28992441.7878,28992194.5039
000001.SZ,20200904,14.96,10.2966,1.0315,2.1044,29031253.6242,29031006.0093
000001.SZ,20200903,14.9,10.2553,1.0273,2.0959,28914818.115,28914571.4932
000001.SZ,20200902,15.32,10.5444,1.0563,2.155,29729866.6793,29729613.1058
000001.SZ,20200901,15.14,10.4205,1.0439,2.1297,29380560.1518,29380309.5575
000001.SZ,20200831,15.08,10.3792,1.0398,2.1212,29264124.6426,29263875.0414
000001.SZ,20200828,15.13,10.4136,1.0432,2.1283,29361154.2336,29360903.8048
000001.SZ,20200827,14.46,9.9525,1.0087,2.034,28060957.7143,28060718.3753
000001.SZ,20200826,14.37,9.8905,1.0025,2.0214,27886304.4505,27886066.6012
000001.SZ,20200825,14.6,10.0488,1.0185,2.0537,28332640.5691,28332398.9128
000001.SZ,20200824,14.46,9.9525,1.0087,2.034,28060957.7143,28060718.3753
000001.SZ,20200821,14.45,9.9456,1.008,2.0326,28041551.7961,28041312.6226
000001.SZ,20200820,14.59,10.0419,1.0178,2.0523,28313234.6509,28312993.1601
000001.SZ,20200819,15.1,10.393,1.0534,2.124,29302936.479,29302686.5468
000001.SZ,20200818,15.15,10.4274,1.0569,2.1311,29399966.07,29399715.3102
000001.SZ,20200817,15.19,10.4549,1.0597,2.1367,29477589.7428,29477338.3209
000001.SZ,20200814,14.47,9.9593,1.0094,2.0354,28080363.6325,28080124.128
000001.SZ,20200813,14.18,9.7597,0.9892,1.9946,27517592.0048,27517357.3002
000001.SZ,20200812,14.38,9.8974,1.0032,2.0228,27905710.3687,27905472.3538
000001.SZ,20200811,14.13,9.7253,0.9857,1.9876,27420562.4138,27420328.5368
000001.SZ,20200810,13.95,9.6014,0.9732,1.9623,27071255.8862,27071024.9886
000001.SZ,20200807,13.7,9.4294,0.9557,1.9271,26586107.9313,26585881.1716
000001.SZ,20200806,13.9,9.567,0.9697,1.9552,26974226.2952,26973996.2252
000001.SZ,20200805,13.76,9.4707,0.9599,1.9356,26702543.4404,26702315.6877
000001.SZ,20200804,14.04,9.6634,0.9794,1.9749,27245909.15,27245676.7627
000001.SZ,20200803,13.59,9.3537,0.948,1.9116,26372642.8311,26372417.8921
000001.SZ,20200731,13.34,9.1816,0.9306,1.8765,25887494.8761,25887274.0751
000001.SZ,20200730,13.37,9.2022,0.9327,1.8807,25945712.6307,25945491.3332
000001.SZ,20200729,13.54,9.3192,0.9446,1.9046,26275613.2401,26275389.1287
000001.SZ,20200728,13.34,9.1816,0.9306,1.8765,25887494.8761,25887274.0751
000001.SZ,20200727,13.24,9.1128,0.9236,1.8624,25693435.6942,25693216.5483
000001.SZ,20200724,13.5,9.2917,0.9418,1.899,26197989.5673,26197766.118
000001.SZ,20200723,14.01,9.6427,0.9773,1.9707,27187691.3954,27187459.5047
000001.SZ,20200722,14.41,9.918,1.0052,2.027,27963928.1233,27963689.6119
000001.SZ,20200721,14.49,9.9731,1.0108,2.0382,28119175.4689,28118935.6333
000001.SZ,20200720,14.73,10.1383,1.0276,2.072,28584917.5057,28584673.6976
000001.SZ,20200717,14.14,9.7322,0.9864,1.989,27439968.332,27439734.2895
000001.SZ,20200716,14.15,9.7391,0.9871,1.9904,27459374.2502,27459140.0422
000001.SZ,20200715,14.27,9.8217,0.9955,2.0073,27692245.2685,27692009.0744
000001.SZ,20200714,14.68,10.1039,1.0241,2.065,28487887.9147,28487644.9342
000001.SZ,20200713,14.89,10.2484,1.0387,2.0945,28895412.1968,28895165.7405
000001.SZ,20200710,14.86,10.2278,1.0366,2.0903,28837194.4422,28836948.4825
000001.SZ,20200709,15.53,10.6889,1.0834,2.1845,30137390.9615,30137133.912
000001.SZ,20200708,15.76,10.8472,1.0994,2.2169,30583727.08,30583466.2237
000001.SZ,20200707,15.48,10.6545,1.0799,2.1775,30040361.3705,30040105.1486
000001.SZ,20200706,15.68,10.7922,1.0938,2.2056,30428479.7345,30428220.2022
000001.SZ,20200703,14.25,9.8079,0.9941,2.0045,27653433.4322,27653197.569
000001.SZ,20200702,13.43,9.2435,0.9369,1.8891,26062148.1399,26061925.8492
000001.SZ,20200701,13.12,9.0302,0.9153,1.8455,25460564.6758,25460347.5162
000001.SZ,20200630,12.8,8.8099,0.8929,1.8005,24839575.2934,24839363.4304
000001.SZ,20200629,12.8,8.8099,0.8929,1.8005,24839575.2934,24839363.4304
000001.SZ,20200624,12.8,8.8099,0.8929,1.8005,24839575.2934,24839363.4304
000001.SZ,20200623,12.6,8.6723,0.879,1.7724,24451456.9295,24451248.3768
000001.SZ,20200622,12.64,8.6998,0.8818,1.778,24529080.6023,24528871.3875
000001.SZ,20200619,12.8,8.8099,0.8929,1.8005,24839575.2934,24839363.4304
000001.SZ,20200618,12.76,8.7824,0.8901,1.7949,24761951.6206,24761740.4197
000001.SZ,20200617,12.85,8.8443,0.8964,1.8076,24936604.8844,24936392.1938
000001.SZ,20200616,12.89,8.8719,0.8992,1.8132,25014228.5572,25014015.2045
000001.SZ,20200615,12.82,8.8237,0.8943,1.8033,24878387.1298,24878174.9358
000001.SZ,20200612,12.99,8.9407,0.9062,1.8272,25208287.7392,25208072.7313
000001.SZ,20200611,13.08,9.0026,0.9125,1.8399,25382941.003,25382724.5054
000001.SZ,20200610,13.49,9.2848,0.9411,1.8976,26178583.6491,26178360.3653
000001.SZ,20200609,13.67,9.4087,0.9536,1.9229,26527890.1767,26527663.9136
000001.SZ,20200608,13.62,9.3743,0.9501,1.9159,26430860.5857,26430635.1502
000001.SZ,20200605,13.59,9.3537,0.948,1.9116,26372642.8311,26372417.8921
000001.SZ,20200604,13.57,9.3399,0.9466,1.9088,26333830.9947,26333606.3868
000001.SZ,20200603,13.54,9.3192,0.9446,1.9046,26275613.2401,26275389.1287
000001.SZ,20200602,13.55,9.3261,0.8013,1.906,26295019.1583,26294794.8814
000001.SZ,20200601,13.32,9.1678,0.9292,1.8737,25848683.0397,25848462.5698
000001.SZ,20200529,13.0,8.9476,0.7687,1.8287,25227693.6574,25227478.484
000001.SZ,20200528,13.07,8.9958,0.7729,1.8385,25363535.0848,25363318.7528
000001.SZ,20200527,13.0,8.9476,0.8933,1.8287,25227693.6574,25227478.484
000001.SZ,20200526,13.04,8.9751,0.896,1.8343,25305317.3302,25305101.4947
000001.SZ,20200525,12.96,8.92,0.8905,1.823,25150069.9846,25149855.4733
000001.SZ,20200522,12.92,8.8925,0.8878,1.8174,25072446.3118,25072232.4626
000001.SZ,20200521,13.4,9.2229,0.9208,1.8849,26003930.3853,26003708.5912
000001.SZ,20200520,13.51,9.2986,0.9283,1.9004,26217395.4855,26217171.8707
000001.SZ,20200519,13.36,9.1954,0.918,1.8793,25926306.7125,25926085.5805
000001.SZ,20200518,13.2,9.0852,0.907,1.8568,25615812.0214,25615593.5376
000001.SZ,20200515,13.23,9.1059,0.9091,1.861,25674029.776,25673810.7956
000001.SZ,20200514,13.3,9.1541,0.9139,1.8708,25809871.2033,25809651.0644
000001.SZ,20200513,13.63,9.3812,0.9366,1.9173,26450266.5039,26450040.9028
000001.SZ,20200512,13.79,9.4913,0.9476,1.9398,26760761.195,26760532.9457
000001.SZ,20200511,14.0,9.6359,0.962,1.9693,27168285.4772,27168053.752
000001.SZ,20200508,13.95,9.6014,0.9586,1.9623,27071255.8862,27071024.9886
000001.SZ,20200507,13.69,9.4225,0.9407,1.9257,26566702.0131,26566475.4189
000001.SZ,20200506,13.77,9.4775,0.9462,1.937,26721949.3586,26721721.4404
000001.SZ,20200430,13.93,9.5877,0.9572,1.9595,27032444.0498,27032213.4832
000001.SZ,20200429,14.02,9.6496,0.9634,1.9721,27207097.3136,27206865.2574
000001.SZ,20200428,13.52,9.3055,0.929,1.9018,26236801.4037,26236577.6234
000001.SZ,20200427,13.5,9.2917,0.9277,1.899,26197989.5673,26197766.118
000001.SZ,20200424,13.24,9.1128,0.9098,1.8624,25693435.6942,25693216.5483
000001.SZ,20200423,13.23,9.1059,0.9091,1.861,25674029.776,25673810.7956
000001.SZ,20200422,13.23,9.1059,0.9091,1.861,25674029.776,25673810.7956
000001.SZ,20200421,13.45,9.2573,0.9242,1.8919,26100959.9763,26100737.3546
000001.SZ,20200420,12.99,8.9407,0.9233,1.8272,25208287.7392,25208072.7313
000001.SZ,20200417,12.89,8.8719,0.9162,1.8132,25014228.5572,25014015.2045
000001.SZ,20200416,12.68,8.7273,0.9012,1.7836,24606704.2751,24606494.3982
000001.SZ,20200415,12.87,8.8581,0.9147,1.8104,24975416.7208,24975203.6992
000001.SZ,20200414,12.86,8.8512,0.914,1.809,24956010.8026,24955797.9465
000001.SZ,20200413,12.59,8.6654,0.8948,1.771,24432051.0113,24431842.6241
000001.SZ,20200410,12.79,8.803,0.909,1.7991,24820169.3752,24819957.6777
000001.SZ,20200409,12.74,8.7686,0.9055,1.7921,24723139.7843,24722928.9143
000001.SZ,20200408,12.78,8.7962,0.9083,1.7977,24800763.457,24800551.925
000001.SZ,20200407,12.88,8.865,0.9154,1.8118,24994822.639,24994609.4518
000001.SZ,20200403,12.61,8.6791,0.8963,1.7738,24470862.8477,24470654.1295
000001.SZ,20200402,12.97,8.9269,0.9218,1.8244,25169475.9028,25169261.226
000001.SZ,20200401,12.89,8.8719,0.9162,1.8132,25014228.5572,25014015.2045
000001.SZ,20200331,12.8,8.8099,0.9098,1.8005,24839575.2934,24839363.4304
000001.SZ,20200330,12.94,8.9063,0.9197,1.8202,25111258.1482,25111043.9679
000001.SZ,20200327,13.15,9.0508,0.9346,1.8498,25518782.4304,25518564.7742
000001.SZ,20200326,13.06,8.9889,0.9282,1.8371,25344129.1666,25343913.0001
000001.SZ,20200325,12.87,8.8581,0.9147,1.8104,24975416.7208,24975203.6992
000001.SZ,20200324,12.61,8.6791,0.8963,1.7738,24470862.8477,24470654.1295
000001.SZ,20200323,12.15,8.3625,0.8636,1.7091,23578190.6106,23577989.5062
000001.SZ,20200320,12.52,8.6172,0.8899,1.7611,24296209.5839,24296002.3554
000001.SZ,20200319,12.23,8.4176,0.8692,1.7203,23733437.9562,23733235.5276
000001.SZ,20200318,12.71,8.748,0.9034,1.7879,24664922.0297,24664711.6563
000001.SZ,20200317,13.41,9.2298,0.9531,1.8863,26023336.3035,26023114.3439
000001.SZ,20200316,13.75,9.4638,0.9773,1.9341,26683137.5223,26682909.935
000001.SZ,20200313,14.52,9.9938,1.032,2.0425,28177393.2235,28177152.8914
000001.SZ,20200312,14.68,10.1039,1.0434,2.065,28487887.9147,28487644.9342
000001.SZ,20200311,14.69,10.1108,1.0441,2.0664,28507293.8329,28507050.6869
000001.SZ,20200310,14.76,10.1589,1.0491,2.0762,28643135.2602,28642890.9557
000001.SZ,20200309,14.45,9.9456,1.027,2.0326,28041551.7961,28041312.6226
000001.SZ,20200306,15.03,10.3448,1.0683,2.1142,29167095.0516,29166846.278
000001.SZ,20200305,15.39,10.5926,1.0938,2.1648,29865708.1067,29865453.3745
000001.SZ,20200304,14.69,10.1108,1.0441,2.0664,28507293.8329,28507050.6869
000001.SZ,20200303,14.72,10.1314,1.0462,2.0706,28565511.5875,28565267.945
000001.SZ,20200302,14.79,10.1796,1.0512,2.0804,28701353.0148,28701108.2137
000001.SZ,20200228,14.5,9.98,1.0306,2.0396,28138581.3871,28138341.386
000001.SZ,20200227,15.11,10.3998,1.0739,2.1255,29322342.3972,29322092.2995
000001.SZ,20200226,14.99,10.3172,1.0654,2.1086,29089471.3788,29089223.2673
000001.SZ,20200225,15.04,10.3517,1.069,2.1156,29186500.9698,29186252.0307
000001.SZ,20200224,15.23,10.4824,1.0825,2.1423,29555213.4156,29554961.3316
000001.SZ,20200221,15.58,10.7233,1.1073,2.1916,30234420.5525,30234162.6754
000001.SZ,20200220,15.59,10.7302,1.1081,2.193,30253826.4707,30253568.4281
000001.SZ,20200219,15.24,10.4893,1.0832,2.1437,29574619.3338,29574367.0843
000001.SZ,20200218,15.2,10.4618,1.0803,2.1381,29496995.661,29496744.0736
000001.SZ,20200217,15.37,10.5788,1.0924,2.162,29826896.2703,29826641.8692
000001.SZ,20200214,15.03,10.3448,1.0683,2.1142,29167095.0516,29166846.278
000001.SZ,20200213,14.65,11.4553,1.0412,2.4358,28429670.1601,28429427.6762
000001.SZ,20200212,14.77,11.5491,1.0498,2.4558,28662541.1784,28662296.7084
000001.SZ,20200211,14.79,11.5647,1.0512,2.4591,28701353.0148,28701108.2137
000001.SZ,20200210,14.5,11.338,1.0306,2.4109,28138581.3871,28138341.386
000001.SZ,20200207,14.62,11.4318,1.0391,2.4308,28371452.4055,28371210.4182
000001.SZ,20200206,14.77,11.5491,1.0498,2.4558,28662541.1784,28662296.7084
000001.SZ,20200205,14.63,11.4396,1.0398,2.4325,28390858.3237,28390616.1708
000001.SZ,20200204,14.6,11.4162,1.0377,2.4275,28332640.5691,28332398.9128
000001.SZ,20200203,13.99,10.9392,0.9943,2.3261,27148879.559,27148647.9993
000001.SZ,20200123,15.54,12.1512,1.1045,2.5838,30156796.8797,30156539.6647
000001.SZ,20200122,16.09,12.5812,1.1436,2.6752,31224122.3806,31223856.0621
000001.SZ,20200121,16.0,12.5109,1.1372,2.6603,31049469.1168,31049204.288
000001.SZ,20200120,16.45,12.8627,1.1692,2.7351,31922735.4357,31922463.1586
000001.SZ,20200117,16.39,12.8158,1.1649,2.7251,31806299.9265,31806028.6425
000001.SZ,20200116,16.33,12.7689,1.1607,2.7151,31689864.4173,31689594.1264
000001.SZ,20200115,16.52,12.9175,1.1742,2.7467,32058576.8631,32058303.4274
000001.SZ,20200114,16.76,13.1051,1.1912,2.7866,32524318.8998,32524041.4917
000001.SZ,20200113,16.99,13.285,1.2297,2.8249,32970655.0184,32970373.8033
000001.SZ,20200110,16.69,13.0504,1.208,2.775,32388477.4725,32388201.2229
000001.SZ,20200109,16.79,13.1286,1.2152,2.7916,32582536.6544,32582258.7497
000001.SZ,20200108,16.66,13.0269,1.2058,2.77,32330259.7179,32329983.9649
000001.SZ,20200107,17.15,13.4101,1.2413,2.8515,33281149.7096,33280865.8462
000001.SZ,20200106,17.07,13.3475,1.2355,2.8382,33125902.364,33125619.8248
000001.SZ,20200103,17.18,13.4335,1.2434,2.8565,33339367.4642,33339083.1042
000001.SZ,20200102,16.87,13.1911,1.221,2.8049,32737784.0,32737504.7712
000001.SZ,20191231,16.45,12.8627,1.1906,2.7351,31922735.4357,31922463.1586
000001.SZ,20191230,16.57,12.9566,1.1993,2.755,32155606.4541,32155332.1908
000001.SZ,20191227,16.63,13.0035,1.2036,2.765,32272041.9633,32271766.7068
000001.SZ,20191226,16.47,12.8784,1.1921,2.7384,31961547.2721,31961274.664
000001.SZ,20191225,16.3,12.7454,1.1798,2.7101,31631646.6627,31631376.8684
000001.SZ,20191224,16.4,12.8236,1.187,2.7268,31825705.8447,31825434.3952
000001.SZ,20191223,16.24,12.6985,1.1754,2.7002,31515211.1536,31514942.3523
000001.SZ,20191220,16.59,12.9722,1.2007,2.7584,32194418.2905,32194143.6961
000001.SZ,20191219,16.55,12.9409,1.1979,2.7517,32116794.6177,32116520.6854
000001.SZ,20191218,16.46,12.8706,1.1913,2.7367,31942141.3539,31941868.9113
000001.SZ,20191217,16.5,12.9018,1.1942,2.7434,32019765.0267,32019491.922
000001.SZ,20191216,16.13,12.6125,1.1675,2.6819,31301746.0534,31301479.0728
000001.SZ,20191213,16.12,12.6047,1.1667,2.6802,31282340.1352,31282073.3202
000001.SZ,20191212,15.6,12.1981,1.1291,2.5938,30273232.3889,30272974.1808
000001.SZ,20191211,15.66,12.245,1.1334,2.6037,30389667.8981,30389408.6969
000001.SZ,20191210,15.33,11.987,1.1096,2.5489,29749272.5975,29749018.8584
000001.SZ,20191209,15.41,12.0495,1.1153,2.5622,29904519.9431,29904264.8799
000001.SZ,20191206,15.6,12.1981,1.1291,2.5938,30273232.3889,30272974.1808
000001.SZ,20191205,15.43,12.0652,1.1168,2.5655,29943331.7795,29943076.3852
000001.SZ,20191204,15.31,11.9713,1.1081,2.5455,29710460.7611,29710207.3531
000001.SZ,20191203,15.45,12.0808,1.1182,2.5688,29982143.6159,29981887.8906
000001.SZ,20191202,15.36,12.0104,1.1117,2.5538,29807490.3521,29807236.1165
000001.SZ,20191129,15.29,11.9557,1.1067,2.5422,29671648.9247,29671395.8477
000001.SZ,20191128,15.49,12.1121,1.1211,2.5755,30059767.2887,30059510.9013
000001.SZ,20191127,15.47,12.0964,1.1197,2.5721,30020955.4523,30020699.396
000001.SZ,20191126,15.62,12.2137,1.1305,2.5971,30312044.2253,30311785.6862
000001.SZ,20191125,15.8,12.3545,1.1436,2.627,30661350.7528,30661089.2344
000001.SZ,20191122,15.59,12.1903,1.1284,2.5921,30253826.4707,30253568.4281
000001.SZ,20191121,15.86,12.4014,1.1479,2.637,30777786.262,30777523.7505
000001.SZ,20191120,15.85,12.3936,1.1472,2.6353,30758380.3438,30758117.9978
000001.SZ,20191119,16.41,12.8315,1.1877,2.7284,31845111.7629,31844840.1479
000001.SZ,20191118,16.45,12.8627,1.1906,2.7351,31922735.4357,31922463.1586
000001.SZ,20191115,16.34,12.7767,1.1827,2.7168,31709270.3355,31708999.8791
000001.SZ,20191114,16.32,12.7611,1.1812,2.7135,31670458.4991,31670188.3738
000001.SZ,20191113,16.33,12.7689,1.1819,2.7151,31689864.4173,31689594.1264
000001.SZ,20191112,16.33,12.7689,1.1819,2.7151,31689864.4173,31689594.1264
000001.SZ,20191111,16.28,12.7298,1.1783,2.7068,31592834.8263,31592565.363
000001.SZ,20191108,16.65,13.0191,1.2051,2.7683,32310853.7997,32310578.2122
000001.SZ,20191107,16.89,13.2068,1.2225,2.8082,32776595.8364,32776316.2765
000001.SZ,20191106,16.96,13.2615,1.2275,2.8199,32912437.2638,32912156.5453
000001.SZ,20191105,17.15,13.4101,1.2413,2.8515,33281149.7096,33280865.8462
000001.SZ,20191104,16.92,13.2302,1.2246,2.8132,32834813.591,32834533.5346
000001.SZ,20191101,16.86,13.1833,1.2203,2.8032,32718378.0818,32718099.0185
000001.SZ,20191031,16.26,12.7142,1.1769,2.7035,31554022.9899,31553753.8577
000001.SZ,20191030,16.43,12.8471,1.1892,2.7318,31883923.5993,31883651.6532
000001.SZ,20191029,16.91,13.2224,1.2239,2.8116,32815407.6728,32815127.7819
000001.SZ,20191028,16.66,13.0269,1.2058,2.77,32330259.7179,32329983.9649
000001.SZ,20191025,16.88,13.199,1.2217,2.8066,32757189.9182,32756910.5238
000001.SZ,20191024,16.87,13.1911,1.221,2.8049,32737784.0,32737504.7712
000001.SZ,20191023,16.45,12.8627,1.1906,2.7351,31922735.4357,31922463.1586
000001.SZ,20191022,16.42,12.8393,1.1884,2.7301,31864517.6811,31864245.9006
000001.SZ,20191021,16.89,13.2068,1.2659,2.8082,32776595.8364,32776316.2765
000001.SZ,20191018,16.51,12.9097,1.2374,2.7451,32039170.9449,32038897.6747
000001.SZ,20191017,16.7,13.0582,1.2516,2.7766,32407883.3907,32407606.9756
000001.SZ,20191016,16.79,13.1286,1.2584,2.7916,32582536.6544,32582258.7497
000001.SZ,20191015,17.18,13.4335,1.2876,2.8565,33339367.4642,33339083.1042
000001.SZ,20191014,17.22,13.4648,1.2906,2.8631,33416991.137,33416706.115
000001.SZ,20191011,16.81,13.1442,1.2599,2.7949,32621348.4908,32621070.2551
000001.SZ,20191010,16.24,12.6985,1.2172,2.7002,31515211.1536,31514942.3523
000001.SZ,20191009,16.25,12.7063,1.2179,2.7018,31534617.0718,31534348.105
000001.SZ,20191008,16.2,12.6673,1.2142,2.6935,31437587.4808,31437319.3416
000001.SZ,20190930,15.59,12.1903,1.1684,2.5921,30253826.4707,30253568.4281
000001.SZ,20190927,15.9,12.4327,1.1917,2.6436,30855409.9348,30855146.7612
000001.SZ,20190926,15.71,11.9585,1.1733,2.5428,29678673.1242,29678413.0954
000001.SZ,20190925,15.75,11.989,1.1763,2.5493,29754239.4466,29753978.7557
000001.SZ,20190924,15.18,11.5551,1.1338,2.457,28677419.3523,28677168.096
000001.SZ,20190923,15.38,11.7073,1.1487,2.4894,29055250.9643,29054996.3977
000001.SZ,20190920,15.34,11.6769,1.1457,2.4829,28979684.6419,28979430.7373
000001.SZ,20190919,14.84,11.2963,1.1084,2.402,28035105.6119,28034859.9832
000001.SZ,20190918,14.41,10.969,1.0762,2.3324,27222767.646,27222529.1346
000001.SZ,20190917,14.24,10.8396,1.0635,2.3049,26901610.7758,26901375.0782
000001.SZ,20190916,14.45,9.9973,1.0652,2.1258,24811244.4239,24811005.2504
000001.SZ,20190912,14.68,10.1564,1.0822,2.1596,25206163.8853,25205920.9049
000001.SZ,20190911,14.56,10.0734,1.0733,2.142,25000118.9489,24999877.9547
000001.SZ,20190910,14.55,10.0665,1.0726,2.1405,24982948.5375,24982707.7088
000001.SZ,20190909,14.69,10.1633,1.0829,2.1611,25223334.2967,25223091.1507
000001.SZ,20190906,14.81,10.2463,1.0917,2.1787,25429379.233,25429134.1009
000001.SZ,20190905,14.58,10.0872,1.0748,2.1449,25034459.7716,25034218.4464
000001.SZ,20190904,14.44,9.9904,1.0645,2.1243,24794074.0125,24793835.0045
000001.SZ,20190903,14.3,9.8935,1.0541,2.1037,24553688.2534,24553451.5626
000001.SZ,20190902,14.45,9.9973,1.0652,2.1258,24811244.4239,24811005.2504
000001.SZ,20190830,14.16,9.7966,1.0438,2.0831,24313302.4943,24313068.1208
000001.SZ,20190829,14.13,9.7759,1.0416,2.0787,24261791.2602,24261557.3832
000001.SZ,20190828,14.27,9.8727,1.0519,2.0993,24502177.0193,24501940.8251
000001.SZ,20190827,14.31,9.9004,1.0549,2.1052,24570858.6647,24570621.8085
000001.SZ,20190826,14.25,9.8589,1.0505,2.0964,24467836.1966,24467600.3334
000001.SZ,20190823,14.65,10.1356,1.0799,2.1552,25154652.6512,25154410.1673
000001.SZ,20190822,14.31,9.9004,1.0549,2.1052,24570858.6647,24570621.8085
000001.SZ,20190821,14.45,9.9973,1.0652,2.1258,24811244.4239,24811005.2504
000001.SZ,20190820,14.99,10.3709,1.105,2.2052,25738446.6376,25738198.5262
000001.SZ,20190819,14.92,10.3224,1.0998,2.1949,25618253.7581,25618006.8052
000001.SZ,20190816,14.9,10.3086,1.0984,2.192,25583912.9353,25583666.3135
000001.SZ,20190815,14.94,10.3363,1.1013,2.1979,25652594.5808,25652347.2969
000001.SZ,20190814,14.97,10.357,1.1035,2.2023,25704105.8149,25703858.0345
000001.SZ,20190813,14.89,10.3017,1.0976,2.1905,25566742.524,25566496.0677
000001.SZ,20190812,15.12,10.4608,1.1146,2.2243,25961661.9854,25961411.7222
000001.SZ,20190809,14.52,10.0457,1.0704,2.1361,24931437.3034,24931196.9713
000001.SZ,20190808,14.38,9.9488,1.06,2.1155,24691051.5443,24690813.5294
000001.SZ,20190807,13.54,9.3677,1.0175,1.9919,23248736.9896,23248514.1306
000001.SZ,20190806,13.37,9.2501,1.0047,1.9669,22956839.9963,22956619.9355
000001.SZ,20190805,13.35,9.2362,1.0032,1.964,22922499.1736,22922279.442
000001.SZ,20190802,13.74,9.5061,1.0325,2.0213,23592145.2169,23591919.0661
000001.SZ,20190801,14.1,9.7551,1.0596,2.0743,24210280.0261,24210047.9499
000001.SZ,20190731,14.13,9.7759,1.0618,2.0787,24261791.2602,24261558.6902
000001.SZ,20190730,14.37,9.9419,1.0798,2.114,24673881.1329,24673644.6128
000001.SZ,20190729,14.29,9.8866,1.0738,2.1022,24536517.842,24536282.6386
000001.SZ,20190726,14.23,9.8451,1.0693,2.0934,24433495.3738,24433261.158
000001.SZ,20190725,14.2,9.8243,1.0671,2.089,24381984.1397,24381750.4177
000001.SZ,20190724,13.88,9.6029,1.043,2.0419,23832530.976,23832302.5209
000001.SZ,20190723,13.76,9.5199,1.034,2.0243,23626486.0396,23626259.5596
000001.SZ,20190722,13.85,9.5822,1.0408,2.0375,23781019.7419,23780791.7806
000001.SZ,20190719,13.99,9.679,1.0513,2.0581,24021405.501,24021175.2354
000001.SZ,20190718,13.67,9.4576,1.0272,2.011,23471952.3373,23471727.3387
000001.SZ,20190717,13.69,9.4715,1.0287,2.014,23506293.1601,23506067.8322
000001.SZ,20190716,13.75,9.513,1.0333,2.0228,23609315.6283,23609089.3129
000001.SZ,20190715,14.0,9.6859,1.052,2.0596,24038575.9124,24038345.4822
000001.SZ,20190712,14.12,9.769,1.0611,2.0772,24244620.8488,24244388.4435
000001.SZ,20190711,13.54,9.3677,1.0175,1.9919,23248736.9896,23248514.1306
000001.SZ,20190710,13.56,9.3815,1.019,1.9948,23283077.8123,23282854.6242
000001.SZ,20190709,13.59,9.4023,1.0212,1.9993,23334589.0464,23334365.3645
000001.SZ,20190708,13.59,9.4023,1.0212,1.9993,23334589.0464,23334365.3645
000001.SZ,20190705,13.92,9.6306,1.046,2.0478,23901212.6215,23900983.508
000001.SZ,20190704,13.99,9.679,1.0513,2.0581,24021405.501,24021175.2354
000001.SZ,20190703,14.01,9.6929,1.0528,2.061,24055746.3238,24055515.729
000001.SZ,20190702,14.18,9.8105,1.0656,2.0861,24347643.317,24347409.9241
000001.SZ,20190701,13.93,9.6375,1.0468,2.0493,23918383.0328,23918153.7548
000001.SZ,20190628,13.78,9.5337,1.0355,2.0272,23660826.8623,23660600.0532
000001.SZ,20190627,13.71,9.4853,1.0302,2.0169,23540633.9828,23540408.3258
000001.SZ,20190626,13.37,9.2501,1.0047,1.9669,22956839.9963,22956619.9355
000001.SZ,20190625,13.43,9.2916,1.0147,1.9757,23059862.4645,23059641.4161
000001.SZ,20190624,13.69,9.4715,1.0343,2.014,23506293.1601,23506067.8322
000001.SZ,20190621,13.64,9.4369,1.0306,2.0066,23420441.1032,23420216.5984
000001.SZ,20190620,13.8,9.5476,1.0426,2.0302,23695167.6851,23694940.5467
000001.SZ,20190619,13.07,9.0425,0.9875,1.9228,22441727.6554,22441512.5323
000001.SZ,20190618,12.8,8.8557,0.9671,1.883,21978126.5485,21977915.8694
000001.SZ,20190617,12.67,8.7658,0.9573,1.8639,21754911.2007,21754702.6614
000001.SZ,20190614,12.49,8.6412,0.9437,1.8374,21445843.7961,21445638.2195
000001.SZ,20190613,12.59,8.7104,0.9512,1.8521,21617547.9098,21617340.6872
000001.SZ,20190612,12.57,8.6966,0.9497,1.8492,21583207.0871,21583000.1937
000001.SZ,20190611,12.65,8.7519,0.9558,1.861,21720570.378,21720362.1678
000001.SZ,20190610,12.34,8.5375,0.9323,1.8154,21188287.6256,21188084.5179
000001.SZ,20190606,11.92,8.2469,0.9006,1.7536,20467130.3483,20466934.1534
000001.SZ,20190605,11.97,8.2815,0.9044,1.7609,20552982.4051,20552785.3873
000001.SZ,20190604,11.85,8.1985,0.8953,1.7433,20346937.4687,20346742.426
000001.SZ,20190603,11.9,8.2331,0.8991,1.7506,20432789.5255,20432593.6599
000001.SZ,20190531,12.18,8.4268,0.9202,1.7918,20913561.0438,20913360.5695
000001.SZ,20190530,12.22,8.4544,0.9233,1.7977,20982242.6893,20982041.5566
000001.SZ,20190529,12.4,8.579,0.9369,1.8242,21291310.0938,21291105.9985
000001.SZ,20190528,12.49,8.6412,0.9437,1.8374,21445843.7961,21445638.2195
000001.SZ,20190527,12.37,8.5582,0.9346,1.8198,21239798.8597,21239595.2582
000001.SZ,20190524,12.35,8.5444,0.9331,1.8168,21205458.037,21205254.7647
000001.SZ,20190523,12.29,8.5029,0.9286,1.808,21102435.5688,21102233.284
000001.SZ,20190522,12.4,8.579,0.9369,1.8242,21291310.0938,21291105.9985
000001.SZ,20190521,12.56,8.6897,0.949,1.8477,21566036.6757,21565829.9469
000001.SZ,20190520,12.38,8.5651,0.9354,1.8213,21256969.2711,21256765.505
000001.SZ,20190517,12.44,8.6067,0.9399,1.8301,21359991.7393,21359786.9856
000001.SZ,20190516,12.85,8.8903,0.9709,1.8904,22063978.6053,22063767.1033
000001.SZ,20190515,12.92,8.9387,0.9762,1.9007,22184171.4849,22183958.8307
000001.SZ,20190514,12.49,8.6412,0.9437,1.8374,21445843.7961,21445638.2195
000001.SZ,20190513,12.3,8.5098,0.9293,1.8095,21119605.9802,21119403.5308
000001.SZ,20190510,12.68,8.7727,0.958,1.8654,21772081.6121,21771872.9082
000001.SZ,20190509,12.16,8.4129,0.9187,1.7889,20879220.2211,20879020.076
000001.SZ,20190508,12.6,8.7173,0.952,1.8536,21634718.3212,21634510.934
000001.SZ,20190507,12.95,8.9595,0.9784,1.9051,22235682.719,22235469.571
000001.SZ,20190506,12.87,8.9041,0.9724,1.8933,22098319.428,22098107.5969
000001.SZ,20190430,13.85,9.5822,1.0464,2.0375,23781019.7419,23780791.7806
000001.SZ,20190429,14.1,9.7551,1.0653,2.0743,24210280.0261,24210047.9499
000001.SZ,20190426,13.79,9.5407,1.0419,2.0287,23677997.2737,23677770.3
000001.SZ,20190425,14.13,9.7759,1.0676,2.0787,24261791.2602,24261558.6902
000001.SZ,20190424,14.44,9.9904,1.091,2.1243,24794074.0125,24793836.3402
000001.SZ,20190423,14.07,9.7344,1.0977,2.0699,24158768.792,24158537.2096
000001.SZ,20190422,14.15,9.7897,1.1039,2.0816,24296132.0829,24295899.1838
000001.SZ,20190419,14.73,10.191,1.1492,2.167,25292015.9421,25291773.4966
000001.SZ,20190418,14.34,9.9212,1.1187,2.1096,24622369.8988,24622133.8725
000001.SZ,20190417,14.35,9.9281,1.1195,2.1111,24639540.3102,24639304.1193
000001.SZ,20190416,14.58,10.0872,1.1375,2.1449,25034459.7716,25034219.795
000001.SZ,20190415,13.69,9.4715,1.068,2.014,23506293.1601,23506067.8322
000001.SZ,20190412,13.42,9.2847,1.047,1.9743,23042692.0532,23042471.1694
000001.SZ,20190411,13.54,9.3677,1.0563,1.9919,23248736.9896,23248514.1306
000001.SZ,20190410,13.73,9.4991,1.0712,2.0199,23574974.8055,23574748.8193
000001.SZ,20190409,13.81,9.5545,1.0774,2.0316,23712338.0964,23712110.7935
000001.SZ,20190408,13.96,9.6583,1.0891,2.0537,23969894.2669,23969664.4951
000001.SZ,20190404,13.86,9.5891,1.0813,2.039,23798190.1533,23797962.0274
000001.SZ,20190403,13.44,9.2985,1.0485,1.9772,23077032.8759,23076811.6629
000001.SZ,20190402,13.36,9.2432,1.0423,1.9654,22939669.585,22939449.6887
000001.SZ,20190401,13.18,9.1186,1.0282,1.9389,22630602.1804,22630385.2468
000001.SZ,20190329,12.82,8.8696,1.0002,1.886,22012467.3712,22012256.363
000001.SZ,20190328,12.22,8.4544,0.9534,1.7977,20982242.6893,20982041.5566
000001.SZ,20190327,12.38,8.5651,0.9658,1.8213,21256969.2711,21256765.505
000001.SZ,20190326,12.1,8.3714,0.944,1.7801,20776197.7529,20775998.5953
000001.SZ,20190325,12.11,8.3783,0.9448,1.7815,20793368.1642,20793168.8421
000001.SZ,20190322,12.59,8.7104,0.9822,1.8521,21617547.9098,21617340.6872
000001.SZ,20190321,12.69,8.7796,0.99,1.8669,21789252.0235,21789043.1549
000001.SZ,20190320,12.75,8.8211,0.9947,1.8757,21892274.4917,21892064.6356
000001.SZ,20190319,12.79,8.8488,0.9978,1.8816,21960956.1371,21960745.6227
000001.SZ,20190318,12.91,8.9318,1.0072,1.8992,22167001.0735,22166788.5839
000001.SZ,20190315,12.5,8.6482,0.9752,1.8389,21463014.2075,21462808.4663
000001.SZ,20190314,12.43,8.5997,0.9697,1.8286,21342821.3279,21342616.7388
000001.SZ,20190313,12.37,8.5582,0.9651,1.8198,21239798.8597,21239595.2582
000001.SZ,20190312,12.36,8.5513,0.9643,1.8183,21222628.4484,21222425.0114
000001.SZ,20190311,12.32,8.5236,0.9612,1.8124,21153946.8029,21153744.0243
000001.SZ,20190308,12.3,8.5098,0.9596,1.8095,21119605.9802,21119403.5308
000001.SZ,20190307,12.74,8.8142,0.9939,1.8742,21875104.0803,21874894.3888
000001.SZ,20190306,13.08,9.6852,1.0205,2.1231,22458898.0667,22458682.7791
000001.SZ,20190305,13.06,9.6703,1.0189,2.1198,22424557.244,22424342.2855
000001.SZ,20190304,12.99,9.6185,1.0134,2.1084,22304364.3644,22304150.5581
000001.SZ,20190301,12.76,9.4482,0.9955,2.0711,21909444.903,21909234.8823
000001.SZ,20190228,12.36,9.152,0.9643,2.0062,21222628.4484,21222425.0114
000001.SZ,20190227,12.4,9.1816,0.9674,2.0127,21291310.0938,21291105.9985
000001.SZ,20190226,12.2,9.0336,0.9518,1.9802,20947901.8665,20947701.0631
000001.SZ,20190225,12.55,9.2927,0.9791,2.037,21548866.2643,21548659.7001
000001.SZ,20190222,11.54,8.5449,0.9003,1.8731,19814654.7164,19814464.776
000001.SZ,20190221,11.36,8.4116,0.8863,1.8439,19505587.3118,19505400.3341
000001.SZ,20190220,11.41,8.4486,0.8902,1.852,19591439.3686,19591251.568
000001.SZ,20190219,11.27,8.3449,0.8792,1.8293,19351053.6095,19350868.1132
000001.SZ,20190218,11.36,8.4116,0.8863,1.8439,19505587.3118,19505400.3341
000001.SZ,20190215,10.95,8.108,0.8543,1.7773,18801600.4458,18801420.2164
000001.SZ,20190214,11.25,8.3301,0.8777,1.826,19316712.7868,19316527.6196
000001.SZ,20190213,11.38,8.4264,0.8878,1.8471,19539928.1345,19539740.8277
000001.SZ,20190212,11.19,8.2857,0.873,1.8163,19213690.3186,19213506.139
000001.SZ,20190211,11.21,8.3005,0.8746,1.8195,19248031.1413,19247846.6325
000001.SZ,20190201,11.2,8.2931,0.8738,1.8179,19230860.7299,19230676.3858
000001.SZ,20190131,11.1,8.2191,0.866,1.8017,19059156.6163,19058973.918
000001.SZ,20190130,10.95,8.108,0.8543,1.7773,18801600.4458,18801420.2164
000001.SZ,20190129,11.0,8.145,0.8582,1.7854,18887452.5026,18887271.4503
000001.SZ,20190128,10.94,8.1006,0.8535,1.7757,18784430.0344,18784249.9697
000001.SZ,20190125,11.0,8.145,0.8582,1.7854,18887452.5026,18887271.4503
000001.SZ,20190124,10.52,7.7896,0.8207,1.7075,18063272.757,18063099.6052
000001.SZ,20190123,10.35,7.6637,0.8075,1.6799,17771375.7638,17771205.4101
000001.SZ,20190122,10.28,7.6119,0.802,1.6686,17651182.8842,17651013.6826
000001.SZ,20190121,10.34,7.6563,0.8067,1.6783,17754205.3524,17754035.1633
000001.SZ,20190118,10.43,7.7229,0.8137,1.6929,17908739.0547,17908567.3842
000001.SZ,20190117,10.25,7.5897,0.7997,1.6637,17599671.6502,17599502.9423
000001.SZ,20190116,10.48,7.76,0.8176,1.701,17994591.1116,17994418.6181
000001.SZ,20190115,10.24,7.5823,0.7989,1.6621,17582501.2388,17582332.6956
000001.SZ,20190114,10.11,7.486,0.7887,1.641,17359285.891,17359119.4875
000001.SZ,20190111,10.2,7.5526,0.7958,1.6556,17513819.5933,17513651.7085
000001.SZ,20190110,10.1,7.4786,0.788,1.6394,17342115.4797,17341949.2407
000001.SZ,20190109,9.94,7.3601,0.7755,1.6134,17067388.8978,17067225.2924
000001.SZ,20190108,9.66,7.1528,0.7536,1.5679,16586617.3796,16586458.3827
000001.SZ,20190107,9.74,7.212,0.7599,1.5809,16723980.6705,16723820.3569
000001.SZ,20190104,9.75,7.2194,0.7607,1.5825,16741151.0819,16740990.6037
000001.SZ,20190103,9.28,6.8714,0.7402,1.5063,15934141.7476,15933989.0053
000001.SZ,20190102,9.19,6.8048,0.733,1.4917,15779608.0454,15779456.7844
000001.SZ,20181228,9.38,6.9455,0.7481,1.5225,16105845.8613,16105691.4731
000001.SZ,20181227,9.28,6.8714,0.7402,1.5063,15934141.7476,15933989.0053
000001.SZ,20181226,9.3,6.8862,0.7418,1.5095,15968482.5704,15968329.4989
000001.SZ,20181225,9.34,6.9158,0.745,1.516,16037164.2158,16037010.486
000001.SZ,20181224,9.42,6.9751,0.7513,1.529,16174527.5068,16174372.4602
000001.SZ,20181221,9.45,6.9973,0.7537,1.5339,16226038.7409,16225883.2005
000001.SZ,20181220,9.71,7.1898,0.7745,1.5761,16672469.4364,16672309.6166
000001.SZ,20181219,9.94,7.3601,0.7928,1.6134,17067388.8978,17067225.2924
000001.SZ,20181218,10.12,7.4934,0.8072,1.6426,17376456.3024,17376289.7343
000001.SZ,20181217,10.29,7.6193,0.8207,1.6702,17668353.2956,17668183.9294
000001.SZ,20181214,10.17,7.5304,0.8112,1.6507,17462308.3592,17462140.9681
000001.SZ,20181213,10.39,7.6933,0.8287,1.6864,17840057.4093,17839886.3971
000001.SZ,20181212,10.24,7.5823,0.8167,1.6621,17582501.2388,17582332.6956
000001.SZ,20181211,10.23,7.5749,0.8159,1.6605,17565330.8274,17565162.4488
000001.SZ,20181210,10.17,7.5304,0.8112,1.6507,17462308.3592,17462140.9681
000001.SZ,20181207,10.28,7.6119,0.8199,1.6686,17651182.8842,17651013.6826
000001.SZ,20181206,10.25,7.5897,0.8175,1.6637,17599671.6502,17599502.9423
000001.SZ,20181205,10.45,7.7378,0.8335,1.6962,17943079.8775,17942907.8778
000001.SZ,20181204,10.59,7.8414,0.8447,1.7189,18183465.6366,18183291.3326
000001.SZ,20181203,10.59,7.8414,0.8447,1.7189,18183465.6366,18183291.3326
000001.SZ,20181130,10.36,7.6711,0.8263,1.6816,17788546.1752,17788375.6568
000001.SZ,20181129,10.2,7.5526,0.8135,1.6556,17513819.5933,17513651.7085
000001.SZ,20181128,10.28,7.6119,0.8199,1.6686,17651182.8842,17651013.6826
000001.SZ,20181127,10.18,7.5378,0.8119,1.6523,17479478.7706,17479311.2149
000001.SZ,20181126,10.34,7.6563,0.8247,1.6783,17754205.3524,17754035.1633
000001.SZ,20181123,10.32,7.6415,0.8231,1.6751,17719864.5297,17719694.6697
000001.SZ,20181122,10.55,7.8118,0.8415,1.7124,18114783.9911,18114610.3455
000001.SZ,20181121,10.61,7.8562,0.8462,1.7221,18217806.4593,18217631.8262
000001.SZ,20181120,10.57,7.8266,0.8431,1.7156,18149124.8139,18148950.8391
000001.SZ,20181119,10.85,8.0339,0.8654,1.7611,18629896.3321,18629717.7487
000001.SZ,20181116,10.57,7.8266,0.8431,1.7156,18149124.8139,18148950.8391
000001.SZ,20181115,10.62,7.8636,0.847,1.7238,18234976.8707,18234802.0729
000001.SZ,20181114,10.44,7.7304,0.8327,1.6945,17925909.4661,17925737.631
000001.SZ,20181113,10.54,7.8044,0.8407,1.7108,18097613.5798,18097440.0987
000001.SZ,20181112,10.56,7.8192,0.8423,1.714,18131954.4025,18131780.5923
000001.SZ,20181109,10.55,7.8118,0.8415,1.7124,18114783.9911,18114610.3455
000001.SZ,20181108,10.89,8.0636,0.8686,1.7676,18698577.9776,18698398.7358
000001.SZ,20181107,10.81,8.0043,0.8622,1.7546,18561214.6866,18561036.7616
000001.SZ,20181106,10.84,8.0265,0.8646,1.7595,18612725.9207,18612547.5019
000001.SZ,20181105,10.92,8.0858,0.871,1.7725,18750089.2117,18749909.4761
000001.SZ,20181102,11.09,8.2116,0.8845,1.8,19041986.2049,19041803.6713
000001.SZ,20181101,10.83,8.0191,0.8638,1.7578,18595555.5094,18595377.2552
000001.SZ,20181031,10.91,8.0784,0.8702,1.7708,18732918.8003,18732739.2293
000001.SZ,20181030,10.9,8.071,0.8694,1.7692,18715748.3889,18715568.9826
000001.SZ,20181029,10.75,7.9599,0.8574,1.7449,18458192.2185,18458015.281
000001.SZ,20181026,11.18,8.2783,0.8917,1.8147,19196519.9072,19196335.8922
000001.SZ,20181025,11.29,8.3597,0.9005,1.8325,19385394.4322,19385208.6067
000001.SZ,20181024,11.04,8.1746,0.8805,1.7919,18956134.1481,18955952.4374
000001.SZ,20181023,10.84,8.0265,0.894,1.7595,18612725.9207,18612547.5019
000001.SZ,20181022,11.15,8.2561,0.9196,1.8098,19145008.6731,19144825.1519
000001.SZ,20181019,10.76,7.9673,0.8874,1.7465,18475362.6298,18475185.5277
000001.SZ,20181018,10.09,7.4712,0.8322,1.6377,17324945.0683,17324778.994
000001.SZ,20181017,10.33,7.6489,0.852,1.6767,17737034.9411,17736864.9165
000001.SZ,20181016,10.37,7.6785,0.8553,1.6832,17805716.5865,17805545.9036
000001.SZ,20181015,10.11,7.486,0.8338,1.641,17359285.891,17359119.4875
000001.SZ,20181012,10.3,7.6267,0.8495,1.6718,17685523.707,17685354.1762
000001.SZ,20181011,9.86,7.3009,0.8132,1.6004,16930025.6069,16929863.3182
000001.SZ,20181010,10.45,7.7378,0.8619,1.6962,17943079.8775,17942907.8778
000001.SZ,20181009,10.56,7.8192,0.8709,1.714,18131954.4025,18131780.5923
000001.SZ,20181008,10.45,7.7378,0.8619,1.6962,17943079.8775,17942907.8778
000001.SZ,20180928,11.05,8.182,0.9114,1.7936,18973304.5594,18973122.6842
000001.SZ,20180927,10.74,7.9525,0.8858,1.7432,18441021.8071,18440845.0342
000001.SZ,20180926,10.71,7.9303,0.8833,1.7384,18389510.573,18389334.2939
000001.SZ,20180925,10.55,7.8118,0.8701,1.7124,18114783.9911,18114610.3455
000001.SZ,20180921,10.67,7.9007,0.88,1.7319,18320828.9275,18320653.3068
000001.SZ,20180920,10.23,7.5749,0.8437,1.6605,17565330.8274,17565162.4488
000001.SZ,20180919,10.24,7.5823,0.8445,1.6621,17582501.2388,17582332.6956
000001.SZ,20180918,10.08,7.4638,0.8314,1.6361,17307774.6569,17307608.7472
000001.SZ,20180917,9.69,7.175,0.7992,1.5728,16638128.6137,16637969.123
000001.SZ,20180914,9.84,7.2861,0.8116,1.5972,16895684.7841,16895522.8246
000001.SZ,20180913,9.96,7.3749,0.8215,1.6166,17101729.7205,17101565.7859
000001.SZ,20180912,9.88,7.3157,0.8149,1.6036,16964366.4296,16964203.8117
000001.SZ,20180911,9.91,7.3379,0.8173,1.6085,17015877.6637,17015714.552
000001.SZ,20180910,9.88,7.3157,0.8149,1.6036,16964366.4296,16964203.8117
000001.SZ,20180907,10.01,7.412,0.8256,1.6248,17187581.7774,17187417.0198
000001.SZ,20180906,9.97,7.3823,0.8223,1.6183,17118900.1319,17118736.0327
000001.SZ,20180905,10.05,7.4416,0.8289,1.6312,17256263.4228,17256098.0069
000001.SZ,20180904,10.43,7.7229,0.8602,1.6929,17908739.0547,17908567.3842
000001.SZ,20180903,10.19,7.5452,0.8404,1.654,17496649.182,17496481.4617
000001.SZ,20180831,10.13,7.5008,0.8355,1.6442,17393626.7138,17393459.981
000001.SZ,20180830,10.12,7.4934,0.8347,1.6426,17376456.3024,17376289.7343
000001.SZ,20180829,10.27,7.6045,0.847,1.667,17634012.4729,17633843.4359
000001.SZ,20180828,10.29,7.6193,0.8487,1.6702,17668353.2956,17668183.9294
000001.SZ,20180827,10.43,7.7229,0.8602,1.6929,17908739.0547,17908567.3842
000001.SZ,20180824,10.03,7.4268,0.8272,1.628,17221922.6001,17221757.5133
000001.SZ,20180823,9.36,6.9307,0.772,1.5192,16071505.0386,16071350.9795
000001.SZ,20180822,9.29,6.8788,0.7662,1.5079,15951312.159,15951159.2521
000001.SZ,20180821,9.23,6.8344,0.7612,1.4981,15848289.6908,15848137.7715
000001.SZ,20180820,9.0,6.6641,0.7423,1.4608,15453370.2294,15453222.0957
000001.SZ,20180817,8.81,6.5234,0.7266,1.43,15127132.4134,15126987.407
000001.SZ,20180816,8.78,6.5012,0.7241,1.4251,15075621.1793,15075476.6667
000001.SZ,20180815,8.79,6.5086,0.7505,1.4267,15092791.5907,15092646.9135
000001.SZ,20180814,9.0,6.6641,0.7684,1.4608,15453370.2294,15453222.0957
000001.SZ,20180813,9.05,6.7011,0.7727,1.4689,15539222.2862,15539073.3296
000001.SZ,20180810,9.23,6.8344,0.7881,1.4981,15848289.6908,15848137.7715
000001.SZ,20180809,9.29,6.8788,0.7932,1.5079,15951312.159,15951159.2521
000001.SZ,20180808,9.05,6.7011,0.7727,1.4689,15539222.2862,15539073.3296
000001.SZ,20180807,9.17,6.79,0.7829,1.4884,15745267.2226,15745116.2908
000001.SZ,20180806,8.94,6.6197,0.7633,1.4511,15350347.7612,15350200.6151
000001.SZ,20180803,8.91,6.5975,0.7607,1.4462,15298836.5271,15298689.8747
000001.SZ,20180802,8.94,6.6197,0.7633,1.4511,15350347.7612,15350200.6151
000001.SZ,20180801,9.15,6.7752,0.7812,1.4852,15710926.3999,15710775.7973
000001.SZ,20180731,9.42,6.9751,0.8043,1.529,16174527.5068,16174372.4602
000001.SZ,20180730,9.39,6.9529,0.8017,1.5241,16123016.2727,16122861.7198
000001.SZ,20180727,9.25,6.8492,0.7898,1.5014,15882630.5136,15882478.265
000001.SZ,20180726,9.25,6.8492,0.7898,1.5014,15882630.5136,15882478.265
000001.SZ,20180725,9.38,6.9455,0.8009,1.5225,16105845.8613,16105691.4731
000001.SZ,20180724,9.4,6.9603,0.8026,1.5257,16140186.684,16140031.9666
000001.SZ,20180723,9.42,6.9751,0.8043,1.529,16174527.5068,16174372.4602
000001.SZ,20180720,9.11,6.7455,0.7778,1.4787,15642244.7544,15642094.8102
000001.SZ,20180719,8.73,6.4642,0.7454,1.417,14989769.1225,14989625.4328
000001.SZ,20180718,8.7,6.442,0.7428,1.4121,14938257.8884,14938114.6925
000001.SZ,20180717,8.72,6.4568,0.7445,1.4154,14972598.7112,14972455.1861
000001.SZ,20180716,8.73,6.4642,0.7454,1.417,14989769.1225,14989625.4328
000001.SZ,20180713,8.88,6.5752,0.7582,1.4413,15247325.293,15247179.1344
000001.SZ,20180712,8.88,6.5752,0.7582,1.4413,15247325.293,15247179.1344
000001.SZ,20180711,8.78,6.5012,0.741,1.4251,15075621.1793,15075476.6667
000001.SZ,20180710,8.98,6.6493,0.7579,1.4576,15419029.4067,15418881.6022
000001.SZ,20180709,9.03,6.6863,0.7621,1.4657,15504881.4635,15504732.836
000001.SZ,20180706,8.66,6.4123,0.7309,1.4056,14869576.243,14869433.7054
000001.SZ,20180705,8.6,6.3679,0.7259,1.3959,14766553.7748,14766412.2248
000001.SZ,20180704,8.61,6.3753,0.7267,1.3975,14783724.1861,14783582.4716
000001.SZ,20180703,8.67,6.4197,0.7318,1.4073,14886746.6543,14886603.9522
000001.SZ,20180702,8.61,6.3753,0.7267,1.3975,14783724.1861,14783582.4716
000001.SZ,20180629,9.09,6.7307,0.7672,1.4754,15607903.9317,15607754.3167
000001.SZ,20180628,8.92,6.6049,0.7529,1.4478,15316006.9385,15315860.1215
000001.SZ,20180627,9.09,6.7307,0.7672,1.4754,15607903.9317,15607754.3167
000001.SZ,20180626,9.36,6.9307,0.79,1.5192,16071505.0386,16071350.9795
000001.SZ,20180625,9.46,7.0047,0.7984,1.5355,16243209.1522,16243053.4473
000001.SZ,20180622,9.85,7.2935,0.8314,1.5988,16912855.1955,16912693.0714
000001.SZ,20180621,9.86,7.3009,0.8322,1.6004,16930025.6069,16929863.3182
000001.SZ,20180620,9.91,7.3379,0.8364,1.6085,17015877.6637,17015714.552
000001.SZ,20180619,9.87,7.3083,0.833,1.602,16947196.0182,16947033.565
000001.SZ,20180615,10.17,7.5304,0.8584,1.6507,17462308.3592,17462140.9681
000001.SZ,20180614,10.07,7.4564,0.8499,1.6345,17290604.2456,17290438.5004
000001.SZ,20180613,9.95,7.3675,0.8398,1.615,17084559.3092,17084395.5391
000001.SZ,20180612,10.06,7.449,0.8491,1.6329,17273433.8342,17273268.2536
000001.SZ,20180611,10.04,7.4342,0.8474,1.6296,17239093.0115,17238927.7601
000001.SZ,20180608,10.12,7.4934,0.8541,1.6426,17376456.3024,17376289.7343
000001.SZ,20180607,10.37,7.6785,0.8752,1.6832,17805716.5865,17805545.9036
000001.SZ,20180606,10.14,7.5082,0.8558,1.6459,17410797.1251,17410630.2278
000001.SZ,20180605,10.26,7.5971,0.866,1.6653,17616842.0615,17616673.1891
000001.SZ,20180604,10.27,7.6045,0.8668,1.667,17634012.4729,17633843.4359
000001.SZ,20180601,10.19,7.5452,0.86,1.654,17496649.182,17496481.4617
000001.SZ,20180531,10.18,7.5378,0.8592,1.6523,17479478.7706,17479311.2149
000001.SZ,20180530,10.08,7.4638,0.8508,1.6361,17307774.6569,17307608.7472
000001.SZ,20180529,10.38,7.6859,0.8761,1.6848,17822886.9979,17822716.1504
000001.SZ,20180528,10.59,7.8414,0.8938,1.7189,18183465.6366,18183291.3326
000001.SZ,20180525,10.59,7.8414,0.8938,1.7189,18183465.6366,18183291.3326
000001.SZ,20180524,10.61,7.8562,0.8955,1.7221,18217806.4593,18217631.8262
000001.SZ,20180523,10.65,7.8858,0.8989,1.7286,18286488.1048,18286312.8132
000001.SZ,20180522,10.86,8.0413,0.9166,1.7627,18647066.7435,18646887.9955
000001.SZ,20180521,10.95,8.108,0.9242,1.7773,18801600.4458,18801420.2164
000001.SZ,20180518,10.96,8.1154,0.925,1.7789,18818770.8571,18542126.6738
000001.SZ,20180517,10.82,8.0117,0.9132,1.7562,18578385.098,18305258.0085
000001.SZ,20180516,10.9,8.071,0.92,1.7692,18715748.3889,18440601.8755
000001.SZ,20180515,11.12,8.2339,0.9385,1.8049,19093497.439,18812797.5097
000001.SZ,20180514,11.18,8.2783,0.9436,1.8147,19196519.9072,18914305.4099
000001.SZ,20180511,11.01,8.1524,0.9293,1.7871,18904622.914,18626699.6926
000001.SZ,20180510,11.01,8.1524,0.9293,1.7871,18904622.914,18626699.6926
000001.SZ,20180509,10.97,8.1228,0.9259,1.7806,18835941.2685,18559027.7591
000001.SZ,20180508,11.01,8.1524,0.9293,1.7871,18904622.914,18626699.6926
000001.SZ,20180507,10.81,8.0043,0.9124,1.7546,18561214.6866,18288340.0251
000001.SZ,20180504,10.68,7.9081,0.9014,1.7335,18337999.3389,18068406.2413
000001.SZ,20180503,10.75,7.9599,0.9073,1.7449,18458192.2185,18186832.1249
000001.SZ,20180502,10.88,8.0562,0.9183,1.766,18681407.5662,18406765.9087
000001.SZ,20180427,10.85,8.0339,0.9158,1.7611,18629896.3321,18356011.9586
000001.SZ,20180426,11.42,8.456,0.9639,1.8536,19608609.78,19320337.0108
000001.SZ,20180425,11.68,8.6485,0.9858,1.8958,20055040.4755,19760204.5785
000001.SZ,20180424,11.86,8.7818,1.001,1.925,20364107.8801,20064728.2792
000001.SZ,20180423,11.57,8.5671,0.9765,1.878,19866165.9505,19574106.7614
000001.SZ,20180420,11.35,8.4042,0.958,1.8422,19488416.9004,19201911.1272
000001.SZ,20180419,11.47,8.493,0.9745,1.8617,19694461.8368,19404926.9277
000001.SZ,20180418,11.5,8.5152,0.977,1.8666,19745973.0709,19455680.8778
000001.SZ,20180417,11.21,8.3005,0.9524,1.8195,19248031.1413,18965059.36
000001.SZ,20180416,11.1,8.2191,0.9431,1.8017,19059156.6163,18778961.5429
000001.SZ,20180413,11.57,8.5671,0.983,1.878,19866165.9505,19574106.7614
000001.SZ,20180412,11.52,8.53,0.9787,1.8698,19780313.8936,19489516.8445
000001.SZ,20180411,11.83,8.7596,1.0051,1.9202,20312596.646,20013974.3291
000001.SZ,20180410,11.42,8.456,0.9702,1.8536,19608609.78,19320337.0108
000001.SZ,20180409,11.02,8.1598,0.9363,1.7887,18921793.3253,18643617.6759
000001.SZ,20180404,10.87,8.0487,0.9235,1.7643,18664237.1548,18389847.9254
000001.SZ,20180403,10.56,7.8192,0.8972,1.714,18131954.4025,17865390.4408
000001.SZ,20180402,10.71,7.9303,0.9099,1.7384,18389510.573,18119160.1914
000001.SZ,20180330,10.9,8.071,0.9261,1.7692,18715748.3889,18440601.8755
000001.SZ,20180329,11.05,8.182,0.9388,1.7936,18973304.5594,18694371.6261
000001.SZ,20180328,10.89,8.0636,0.9252,1.7676,18698577.9776,18423683.8921
000001.SZ,20180327,10.94,8.1006,0.9295,1.7757,18784430.0344,18508273.809
000001.SZ,20180326,10.93,8.0932,0.9286,1.7741,18767259.623,18491355.8256
000001.SZ,20180323,11.34,8.3968,0.9634,1.8406,19471246.489,19184993.1438
000001.SZ,20180322,11.66,8.6337,0.9906,1.8926,20020699.6528,19726368.6118
000001.SZ,20180321,11.9,8.8114,1.011,1.9315,20432789.5255,20132400.2127
000001.SZ,20180320,11.82,8.7522,1.0042,1.9185,20295426.2346,19997056.3457
000001.SZ,20180319,11.83,8.7596,1.0051,1.9202,20312596.646,20013974.3291
000001.SZ,20180316,11.64,8.6189,0.9889,1.8893,19986358.83,19692532.645
000001.SZ,20180315,11.71,8.6707,0.9949,1.9007,20106551.7096,19810958.5286
000001.SZ,20180314,11.92,9.0567,1.0329,1.9001,20467130.3483,20166243.664
000001.SZ,20180313,12.02,9.1326,1.0415,1.9161,20638834.4619,20335423.5605
000001.SZ,20180312,12.03,9.1402,1.0424,1.9177,20656004.8733,20352341.5502
000001.SZ,20180309,12.09,9.1858,1.0476,1.9272,20759027.3415,20453849.4881
000001.SZ,20180308,12.11,9.201,1.0493,1.9304,20793368.1642,20487685.4674
000001.SZ,20180307,12.05,9.1554,1.0441,1.9208,20690345.696,20386177.5295
000001.SZ,20180306,12.1,9.1934,1.0485,1.9288,20776197.7529,20470767.4777
000001.SZ,20180305,11.86,9.0111,1.0277,1.8906,20364107.8801,20064735.7261
000001.SZ,20180302,11.95,9.0794,1.0355,1.9049,20518641.5824,20216997.6329
000001.SZ,20180301,12.04,9.1478,1.0433,1.9192,20673175.2847,20369259.5398
000001.SZ,20180228,12.05,9.1554,1.0441,1.9208,20690345.696,20386177.5295
000001.SZ,20180227,12.28,9.3302,1.0641,1.9575,21085265.1574,20775291.2914
000001.SZ,20180226,12.63,9.5961,1.0944,2.0133,21686229.5553,21367420.9292
000001.SZ,20180223,12.61,9.5809,1.0927,2.0101,21651888.7325,21333584.9499
000001.SZ,20180222,12.46,9.4669,1.0797,1.9862,21394332.562,21079815.1051
000001.SZ,20180214,12.0,9.1174,1.0398,1.9129,20604493.6392,20301587.5812
000001.SZ,20180213,11.94,9.0718,1.0346,1.9033,20501471.171,20200079.6433
000001.SZ,20180212,11.72,8.9047,1.0155,1.8682,20123722.121,19827883.871
000001.SZ,20180209,11.69,8.8819,1.0129,1.8635,20072210.8869,19777129.902
000001.SZ,20180208,12.54,9.5277,1.0866,1.999,21531695.853,21215159.0224
000001.SZ,20180207,12.92,9.8164,1.1195,2.0595,22184171.4849,21858042.6291
000001.SZ,20180206,14.0,10.637,1.2131,2.2317,24038575.9124,23685185.5114
000001.SZ,20180205,14.55,11.0549,1.2608,2.3194,24982948.5375,24615674.9422
000001.SZ,20180202,14.05,10.675,1.2174,2.2397,24124427.9692,23769775.4597
000001.SZ,20180201,14.03,10.6598,1.2157,2.2365,24090087.1465,23735939.4804
000001.SZ,20180131,14.05,10.675,1.2174,2.2397,24124427.9692,23769775.4597
000001.SZ,20180130,13.65,10.3711,1.1828,2.1759,23437611.5146,23093055.8736
000001.SZ,20180129,13.74,10.4395,1.1906,2.1902,23592145.2169,23245317.7805
000001.SZ,20180126,14.05,10.675,1.2174,2.2397,24124427.9692,23769775.4597
000001.SZ,20180125,14.2,10.789,1.2304,2.2636,24381984.1397,24023545.3044
000001.SZ,20180124,14.64,11.1233,1.2686,2.3337,25137482.2398,24767936.8491
000001.SZ,20180123,14.65,11.1309,1.2694,2.3353,25154652.6512,24784854.8387
000001.SZ,20180122,14.44,10.9713,1.2512,2.3018,24794074.0125,24429577.056
000001.SZ,20180119,14.8,11.2448,1.2824,2.3592,25412208.8217,25038624.6835
000001.SZ,20180118,14.72,11.1841,1.2755,2.3465,25274845.5308,24903280.7663
000001.SZ,20180117,14.23,10.8118,1.233,2.2683,24433495.3738,24074299.2734
000001.SZ,20180116,14.2,10.789,1.2304,2.2636,24381984.1397,24023545.3044
000001.SZ,20180115,14.2,10.789,1.2304,2.2636,24381984.1397,24023545.3044
000001.SZ,20180112,13.55,10.2951,1.1741,2.16,23265907.4009,22923875.9771
000001.SZ,20180111,13.4,10.1811,1.1611,2.136,23008351.2304,22670106.1323
000001.SZ,20180110,13.47,10.2343,1.1672,2.1472,23128544.11,22788532.0599
000001.SZ,20180109,13.08,9.938,1.1334,2.085,22458898.0667,22128730.4635
000001.SZ,20180108,12.96,9.8468,1.123,2.0659,22252853.1303,21925714.5877
000001.SZ,20180105,13.3,10.1052,1.1524,2.1201,22836647.1168,22500926.2358
000001.SZ,20180104,13.25,10.0672,1.1481,2.1121,22750795.06,22416336.2876
000001.SZ,20180103,13.33,10.128,1.155,2.1249,22888158.3509,22551680.2048
000001.SZ,20180102,13.7,10.4091,1.1871,2.1839,23523463.5714,23177645.8219
000001.SZ,20171229,13.3,10.1052,1.1524,2.1201,22836647.1168,22500926.2358
000001.SZ,20171228,13.21,10.0368,1.1446,2.1058,22682113.4145,22348664.329
000001.SZ,20171227,13.29,10.0976,1.1516,2.1185,22819476.7054,22484008.2462
000001.SZ,20171226,13.66,10.3787,1.1836,2.1775,23454781.926,23109973.8633
000001.SZ,20171225,13.25,10.0672,1.1481,2.1121,22750795.06,22416336.2876
000001.SZ,20171222,13.52,10.2723,1.1715,2.1552,23214396.1668,22873122.0082
000001.SZ,20171221,13.54,10.2875,1.1732,2.1584,23248736.9896,22906957.9875
000001.SZ,20171220,13.26,10.0748,1.149,2.1137,22767965.4713,22433254.2772
000001.SZ,20171219,13.28,10.09,1.1507,2.1169,22802306.294,22467090.2565
000001.SZ,20171218,12.75,9.6873,1.1048,2.0324,21892274.4917,21570436.805
000001.SZ,20171215,12.72,9.6645,1.1022,2.0276,21840763.2576,21519682.8361
000001.SZ,20171214,13.0,9.8772,1.1265,2.0723,22321534.7758,21993386.5463
000001.SZ,20171213,13.13,9.976,1.1377,2.093,22544750.1236,22213320.4118
000001.SZ,20171212,13.02,9.8924,1.1282,2.0755,22355875.5985,22027222.5256
000001.SZ,20171211,13.5,10.2571,1.1698,2.152,23180055.3441,22839286.0289
000001.SZ,20171208,13.09,9.9456,1.1342,2.0866,22476068.4781,22145648.4532
000001.SZ,20171207,12.83,9.7481,1.1117,2.0452,22029637.7826,21705780.7222
000001.SZ,20171206,13.08,9.938,1.1334,2.085,22458898.0667,22128730.4635
000001.SZ,20171205,13.3,10.1052,1.1524,2.1201,22836647.1168,22500926.2358
000001.SZ,20171204,13.3,10.1052,1.1524,2.1201,22836647.1168,22500926.2358
000001.SZ,20171201,13.0,9.8772,1.1265,2.0723,22321534.7758,21993386.5463
000001.SZ,20171130,13.38,10.1659,1.1594,2.1329,22974010.4077,22636270.153
000001.SZ,20171129,13.82,10.5002,1.1975,2.203,23729508.5078,23380661.6977
000001.SZ,20171128,13.7,10.4091,1.1871,2.1839,23523463.5714,23177645.8219
000001.SZ,20171127,13.93,10.5838,1.207,2.2205,23918383.0328,23566759.5838
000001.SZ,20171124,14.56,11.0625,1.2616,2.321,25000118.9489,24632592.9319
000001.SZ,20171123,14.35,10.9029,1.2434,2.2875,24639540.3102,24277315.1492
000001.SZ,20171122,15.1,11.4728,1.3084,2.407,25927321.1627,25546164.373
000001.SZ,20171121,14.45,10.9789,1.2521,2.3034,24811244.4239,24446495.0457
000001.SZ,20171120,14.25,10.827,1.2348,2.2715,24467836.1966,24108135.2527
000001.SZ,20171117,13.18,10.014,1.142,2.101,22630602.1804,22297910.36
000001.SZ,20171116,13.1,9.9532,1.1351,2.0882,22493238.8895,22162566.4428
000001.SZ,20171115,12.9,9.8012,1.1178,2.0563,22149830.6621,21824206.6498
000001.SZ,20171114,12.95,9.8392,1.1221,2.0643,22235682.719,21908796.598
000001.SZ,20171113,12.9,9.8012,1.1178,2.0563,22149830.6621,21824206.6498
000001.SZ,20171110,12.3,9.3454,1.0658,1.9607,21119605.9802,20809127.2707
000001.SZ,20171109,12.33,9.3682,1.0684,1.9655,21171117.2143,20859881.2397
000001.SZ,20171108,12.13,9.2162,1.0511,1.9336,20827708.987,20521521.4467
000001.SZ,20171107,11.92,9.0567,1.0329,1.9001,20467130.3483,20166243.664
000001.SZ,20171106,11.28,8.5704,0.9774,1.7981,19368224.0208,19083492.3263
000001.SZ,20171103,11.39,8.654,0.9869,1.8156,19557098.5459,19269590.2125
000001.SZ,20171102,11.54,8.7679,0.9999,1.8395,19814654.7164,19523360.0573
000001.SZ,20171101,11.4,8.6616,0.9878,1.8172,19574268.9572,19286508.2021
000001.SZ,20171031,11.54,8.7679,0.9999,1.8395,19814654.7164,19523360.0573
000001.SZ,20171030,11.56,8.7831,1.0017,1.8427,19848995.5391,19557196.0366
000001.SZ,20171027,11.56,8.7831,1.0017,1.8427,19848995.5391,19557196.0366
000001.SZ,20171026,11.18,8.4944,0.9687,1.7822,19196519.9072,18914312.4298
000001.SZ,20171025,11.27,8.5628,0.9765,1.7965,19351053.6095,19066574.3367
000001.SZ,20171024,11.39,8.654,0.9869,1.8156,19557098.5459,19269590.2125
000001.SZ,20171023,11.19,8.502,0.9696,1.7838,19213690.3186,18931230.4195
000001.SZ,20171020,11.48,8.7223,1.0293,1.83,19711632.2482,19421852.1193
000001.SZ,20171019,11.63,8.8363,1.0428,1.8539,19969188.4187,19675621.9641
000001.SZ,20171018,11.69,8.8819,1.0482,1.8635,20072210.8869,19777129.902
000001.SZ,20171017,11.51,8.7451,1.032,1.8348,19763143.4823,19472606.0883
000001.SZ,20171016,11.59,8.8059,1.0392,1.8475,19900506.7732,19607950.0055
000001.SZ,20171013,11.36,8.6312,1.0186,1.8109,19505587.3118,19218836.2435
000001.SZ,20171012,11.55,8.7755,1.0356,1.8411,19831825.1277,19540278.0469
000001.SZ,20171011,11.53,8.7603,1.0338,1.838,19797484.305,19506442.0676
000001.SZ,20171010,11.47,8.7147,1.0284,1.8284,19694461.8368,19404934.1297
000001.SZ,20171009,11.3,8.5856,1.0132,1.8013,19402564.8436,19117328.3056
000001.SZ,20170929,11.11,8.4412,0.9961,1.771,19076327.0276,18795886.5023
000001.SZ,20170928,10.88,8.2665,0.9755,1.7343,18681407.5662,18406772.7403
000001.SZ,20170927,10.93,8.3045,0.98,1.7423,18767259.623,18491362.6885
000001.SZ,20170926,11.05,8.3956,0.9908,1.7614,18973304.5594,18694378.5644
000001.SZ,20170925,11.29,8.578,1.0123,1.7997,19385394.4322,19100410.316
000001.SZ,20170922,11.44,8.692,1.0257,1.8236,19642950.6027,19354180.1607
000001.SZ,20170921,11.46,8.7072,1.0275,1.8268,19677291.4254,19388016.14
000001.SZ,20170920,11.29,8.578,1.0123,1.7997,19385394.4322,19100410.316
000001.SZ,20170919,11.13,8.4564,0.9979,1.7742,19110667.8504,18829722.4816
000001.SZ,20170918,11.25,8.5476,1.0087,1.7933,19316712.7868,19032738.3574
000001.SZ,20170915,11.29,8.578,1.0123,1.7997,19385394.4322,19100410.316
000001.SZ,20170914,11.32,8.6008,1.015,1.8045,19436905.6663,19151164.2849
000001.SZ,20170913,11.43,8.6844,1.0248,1.822,19625780.1913,19337262.1711
000001.SZ,20170912,11.54,8.7679,1.0347,1.8395,19814654.7164,19523360.0573
000001.SZ,20170911,11.38,8.6464,1.0204,1.814,19539928.1345,19252672.2228
000001.SZ,20170908,11.49,8.7299,1.0302,1.8316,19728802.6595,19438770.109
000001.SZ,20170907,11.44,8.692,1.0257,1.8236,19642950.6027,19354180.1607
000001.SZ,20170906,11.7,8.8895,1.049,1.865,20089381.2982,19794047.8917
000001.SZ,20170905,11.64,8.8439,1.0437,1.8555,19986358.83,19692539.9538
000001.SZ,20170904,11.72,8.9047,1.0508,1.8682,20123722.121,19827883.871
000001.SZ,20170901,11.21,8.5172,1.0051,1.7869,19248031.1413,18965066.3988
000001.SZ,20170831,11.28,8.5704,1.0114,1.7981,19368224.0208,19083492.3263
000001.SZ,20170830,11.43,8.6844,1.0248,1.822,19625780.1913,19337262.1711
000001.SZ,20170829,11.67,8.8667,1.0464,1.8603,20037870.0641,19743293.9227
000001.SZ,20170828,11.35,8.6236,1.0177,1.8093,19488416.9004,19201918.2539
000001.SZ,20170825,11.11,8.4412,0.9961,1.771,19076327.0276,18795886.5023
000001.SZ,20170824,10.93,8.3045,0.98,1.7423,18767259.623,18491362.6885
000001.SZ,20170823,10.9,8.2817,0.9773,1.7375,18715748.3889,18440608.7196
000001.SZ,20170822,10.65,8.0917,0.9549,1.6977,18286488.1048,18017658.9783
000001.SZ,20170821,10.46,7.9474,0.9379,1.6674,17960250.2888,17696217.1749
000001.SZ,20170818,10.44,7.9322,0.9361,1.6642,17925909.4661,17662381.1956
000001.SZ,20170817,10.42,7.917,0.9343,1.661,17891568.6434,17628545.2163
000001.SZ,20170816,10.34,7.8562,0.9271,1.6483,17754205.3524,17493201.2991
000001.SZ,20170815,10.31,7.8334,0.9244,1.6435,17702694.1183,17442447.3302
000001.SZ,20170814,10.22,7.765,0.9163,1.6291,17548160.4161,17290185.4233
000001.SZ,20170811,10.02,7.6131,0.9296,1.5972,17204752.1887,16951825.6303
000001.SZ,20170810,10.62,8.0689,0.9853,1.6929,18234976.8707,17966905.0094
000001.SZ,20170809,10.73,8.1525,0.9955,1.7104,18423851.3957,18153002.8955
000001.SZ,20170808,11.05,8.3956,1.0252,1.7614,18973304.5594,18694378.5644
000001.SZ,20170807,11.0,8.3576,1.0205,1.7535,18887452.5026,18609788.6161
000001.SZ,20170804,11.17,8.4868,1.0363,1.7806,19179349.4958,18897394.4402
000001.SZ,20170803,11.01,8.3652,1.0215,1.7551,18904622.914,18626706.6058
000001.SZ,20170802,11.15,8.4716,1.0345,1.7774,19145008.6731,18863558.4609
000001.SZ,20170801,11.04,8.388,1.0243,1.7598,18956134.1481,18677460.5747
000001.SZ,20170731,10.67,8.1069,0.9899,1.7009,18320828.9275,18051494.9576
000001.SZ,20170728,10.74,8.1601,0.9964,1.712,18441021.8071,18169920.8852
000001.SZ,20170727,10.59,8.0461,0.9825,1.6881,18183465.6366,17916151.0404
000001.SZ,20170726,10.74,8.1601,0.9964,1.712,18441021.8071,18169920.8852
000001.SZ,20170725,11.0,8.3576,1.0205,1.7535,18887452.5026,18609788.6161
000001.SZ,20170724,10.95,8.3197,1.0159,1.7455,18801600.4458,18525198.6678
000001.SZ,20170721,10.89,8.2741,1.0103,1.7359,18698577.9776,18423690.7299
000001.SZ,20170720,10.97,8.3349,1.0031,1.7487,18835941.2685,18559034.6471
000001.SZ,20170719,11.09,8.426,1.014,1.7678,19041986.2049,18762050.523
000001.SZ,20170718,11.05,8.3956,1.0104,1.7614,18973304.5594,18694378.5644
000001.SZ,20170717,10.81,8.2133,0.9884,1.7232,18561214.6866,18288346.8127
000001.SZ,20170714,10.9,8.2817,0.9967,1.7375,18715748.3889,18440608.7196
000001.SZ,20170713,10.9,8.2817,0.9967,1.7375,18715748.3889,18440608.7196
000001.SZ,20170712,10.34,7.8562,0.9454,1.6483,17754205.3524,17493201.2991
000001.SZ,20170711,10.25,7.7878,0.9372,1.6339,17599671.6502,17340939.3923
000001.SZ,20170710,9.59,7.2864,0.8769,1.5287,16466424.5,16224352.0753
000001.SZ,20170707,9.47,7.1952,0.8659,1.5096,16260379.5636,16021336.1995
000001.SZ,20170706,9.4,7.142,0.8595,1.4984,16140186.684,15902910.2719
000001.SZ,20170705,9.37,7.1192,0.8568,1.4936,16088675.4499,15852156.303
000001.SZ,20170704,9.34,7.0964,0.854,1.4889,16037164.2158,15801402.334
000001.SZ,20170703,9.4,7.142,0.8595,1.4984,16140186.684,15902910.2719
000001.SZ,20170630,9.39,7.1344,0.8586,1.4968,16123016.2727,15885992.2823
000001.SZ,20170629,9.43,7.1648,0.8622,1.5032,16191697.9181,15953664.2409
000001.SZ,20170628,9.43,7.1648,0.8622,1.5032,16191697.9181,15953664.2409
000001.SZ,20170627,9.36,7.1116,0.8558,1.492,16071505.0386,15835238.3133
000001.SZ,20170626,9.3,7.066,0.8504,1.4825,15968482.5704,15733730.3754
000001.SZ,20170623,9.25,7.028,0.8458,1.4745,15882630.5136,15649140.4272
000001.SZ,20170622,9.25,7.028,0.8458,1.4745,15882630.5136,15649140.4272
000001.SZ,20170621,9.15,6.952,0.8366,1.4586,15710926.3999,15479960.5307
000001.SZ,20170620,9.12,6.9293,0.8339,1.4538,15659415.1658,15429206.5617
000001.SZ,20170619,9.13,6.9368,0.8348,1.4554,15676585.5772,15446124.5514
000001.SZ,20170616,9.02,6.8533,0.8248,1.4378,15487711.0521,15260026.6652
000001.SZ,20170615,9.04,6.8685,0.8266,1.441,15522051.8749,15293862.6445
000001.SZ,20170614,9.08,6.8989,0.8302,1.4474,15590733.5203,15361534.6031
000001.SZ,20170613,9.12,6.9293,0.8339,1.4538,15659415.1658,15429206.5617
000001.SZ,20170612,9.11,6.9217,0.833,1.4522,15642244.7544,15412288.5721
000001.SZ,20170609,9.15,6.952,0.8366,1.4586,15710926.3999,15479960.5307
000001.SZ,20170608,9.13,6.9368,0.8348,1.4554,15676585.5772,15446124.5514
000001.SZ,20170607,9.13,6.9368,0.8348,1.4554,15676585.5772,15446124.5514
000001.SZ,20170606,9.04,6.8685,0.8266,1.441,15522051.8749,15293862.6445
000001.SZ,20170605,9.03,6.8609,0.8257,1.4394,15504881.4635,15276944.6549
000001.SZ,20170602,9.17,6.9672,0.8385,1.4618,15745267.2226,15513796.51
000001.SZ,20170601,9.19,6.9824,0.8403,1.4649,15779608.0454,15547632.4893
000001.SZ,20170531,9.2,6.99,0.8412,1.4665,15796778.4567,15564550.4789
000001.SZ,20170526,9.1,6.9141,0.8321,1.4506,15625074.3431,15395370.5824
000001.SZ,20170525,9.1,6.9141,0.8321,1.4506,15625074.3431,15395370.5824
000001.SZ,20170524,8.81,6.6937,0.8056,1.4044,15127132.4134,14904748.8825
000001.SZ,20170523,8.79,6.6785,0.8037,1.4012,15092791.5907,14870912.9032
000001.SZ,20170522,8.68,6.5949,0.7937,1.3836,14903917.0657,14684815.0171
000001.SZ,20170519,8.69,6.6025,0.7946,1.3852,14921087.4771,14701733.0067
000001.SZ,20170518,8.73,6.6329,0.7982,1.3916,14989769.1225,14769404.9653
000001.SZ,20170517,8.77,6.6633,0.8019,1.398,15058450.768,14837076.9239
000001.SZ,20170516,8.84,6.7165,0.8083,1.4091,15178643.6475,14955502.8515
000001.SZ,20170515,8.86,6.7317,0.8101,1.4123,15212984.4703,14989338.8308
000001.SZ,20170512,8.9,6.7621,0.8138,1.4187,15281666.1157,15057010.7894
000001.SZ,20170511,8.7,6.6101,0.7955,1.3868,14938257.8884,14718650.9964
000001.SZ,20170510,8.67,6.5873,0.7928,1.382,14886746.6543,14667897.0274
000001.SZ,20170509,8.64,6.5646,0.79,1.3773,14835235.4202,14617143.0585
000001.SZ,20170508,8.57,6.5114,0.7836,1.3661,14715042.5407,14498717.1309
000001.SZ,20170505,8.63,6.557,0.7891,1.3757,14818065.0089,14600225.0688
000001.SZ,20170504,8.74,6.6405,0.7992,1.3932,15006939.5339,14786322.955
000001.SZ,20170503,8.91,6.7697,0.8147,1.4203,15298836.5271,15073928.779
000001.SZ,20170502,8.94,6.7925,0.8174,1.4251,15350347.7612,15124682.748
000001.SZ,20170428,8.99,6.8305,0.822,1.4331,15436199.818,15209272.6962
000001.SZ,20170427,8.97,6.8153,0.8202,1.4299,15401858.9953,15175436.7169
000001.SZ,20170426,8.99,6.8305,0.822,1.4331,15436199.818,15209272.6962
000001.SZ,20170425,9.0,6.8381,0.8229,1.4347,15453370.2294,15226190.6859
000001.SZ,20170424,8.93,6.7849,0.8165,1.4235,15333177.3498,15107764.7583
000001.SZ,20170421,8.97,6.8153,0.8452,1.4299,15401858.9953,15175436.7169
000001.SZ,20170420,8.92,6.7773,0.8405,1.4219,15316006.9385,15090846.7687
000001.SZ,20170419,8.91,6.7697,0.8396,1.4203,15298836.5271,15073928.779
000001.SZ,20170418,9.05,6.8761,0.8528,1.4426,15539222.2862,15310780.6342
000001.SZ,20170417,9.1,6.9141,0.8575,1.4506,15625074.3431,15395370.5824
000001.SZ,20170414,9.08,6.8989,0.8556,1.4474,15590733.5203,15361534.6031
000001.SZ,20170413,9.12,6.9293,0.8594,1.4538,15659415.1658,15429206.5617
000001.SZ,20170412,9.12,6.9293,0.8594,1.4538,15659415.1658,15429206.5617
000001.SZ,20170411,9.15,6.952,0.8622,1.4586,15710926.3999,15479960.5307
000001.SZ,20170410,9.18,6.9748,0.865,1.4633,15762437.634,15530714.4996
000001.SZ,20170407,9.2,6.99,0.8669,1.4665,15796778.4567,15564550.4789
000001.SZ,20170406,9.2,6.99,0.8669,1.4665,15796778.4567,15564550.4789
000001.SZ,20170405,9.21,6.9976,0.8679,1.4681,15813948.8681,15581468.4686
000001.SZ,20170331,9.17,6.9672,0.8641,1.4618,15745267.2226,15513796.51
000001.SZ,20170330,9.08,6.8989,0.8556,1.4474,15590733.5203,15361534.6031
000001.SZ,20170329,9.11,6.9217,0.8584,1.4522,15642244.7544,15412288.5721
000001.SZ,20170328,9.12,6.9293,0.8594,1.4538,15659415.1658,15429206.5617
000001.SZ,20170327,9.14,6.9444,0.8613,1.457,15693755.9885,15463042.541
000001.SZ,20170324,9.19,6.9824,0.866,1.4649,15779608.0454,15547632.4893
000001.SZ,20170323,9.2,6.99,0.8669,1.4665,15796778.4567,15564550.4789
000001.SZ,20170322,9.16,6.9596,0.8631,1.4602,15728096.8113,15496878.5203
000001.SZ,20170321,9.24,7.0204,0.8707,1.4729,15865460.1022,15632222.4375
000001.SZ,20170320,9.25,7.028,0.8716,1.4745,15882630.5136,15649140.4272
000001.SZ,20170317,9.31,7.0736,0.8773,1.4841,15985652.9817,15750648.3651
000001.SZ,20170316,9.52,7.476,0.9169,1.6998,16346231.6204,16105926.1478
000001.SZ,20170315,9.48,7.4446,0.9131,1.6927,16277549.975,16038254.1891
000001.SZ,20170314,9.44,7.4132,0.9092,1.6856,16208868.3295,15970582.2305
000001.SZ,20170313,9.44,7.4132,0.9092,1.6856,16208868.3295,15970582.2305
000001.SZ,20170310,9.4,7.3817,0.9054,1.6784,16140186.684,15902910.2719
000001.SZ,20170309,9.38,7.366,0.9034,1.6748,16105845.8613,15869074.2926
000001.SZ,20170308,9.42,7.3975,0.9073,1.682,16174527.5068,15936746.2512
000001.SZ,20170307,9.45,7.421,0.9102,1.6873,16226038.7409,15987500.2202
000001.SZ,20170306,9.45,7.421,0.9102,1.6873,16226038.7409,15987500.2202
000001.SZ,20170303,9.4,7.3817,0.9054,1.6784,16140186.684,15902910.2719
000001.SZ,20170302,9.43,7.4053,0.9082,1.6838,16191697.9181,15953664.2409
000001.SZ,20170301,9.49,7.4524,0.914,1.6945,16294720.3863,16055172.1788
000001.SZ,20170228,9.48,7.4446,0.9131,1.6927,16277549.975,16038254.1891
000001.SZ,20170227,9.43,7.4053,0.9082,1.6838,16191697.9181,15953664.2409
000001.SZ,20170224,9.5,7.4603,0.915,1.6963,16311890.7977,16072090.1685
000001.SZ,20170223,9.51,7.4681,0.9159,1.6981,16329061.2091,16089008.1581
000001.SZ,20170222,9.57,7.5152,0.9217,1.7088,16432083.6773,16190516.096
000001.SZ,20170221,9.57,7.5152,0.9217,1.7088,16432083.6773,16190516.096
000001.SZ,20170220,9.56,7.5074,0.9208,1.707,16414913.2659,16173598.1064
000001.SZ,20170217,9.39,7.3739,0.9044,1.6766,16123016.2727,15885992.2823
000001.SZ,20170216,9.46,7.4289,0.9111,1.6891,16243209.1522,16004418.2098
000001.SZ,20170215,9.45,7.421,0.9102,1.6873,16226038.7409,15987500.2202
000001.SZ,20170214,9.4,7.3817,0.9054,1.6784,16140186.684,15902910.2719
000001.SZ,20170213,9.41,7.3896,0.9063,1.6802,16157357.0954,15919828.2616
000001.SZ,20170210,9.33,7.3268,0.8986,1.6659,16019993.8045,15784484.3444
000001.SZ,20170209,9.31,7.3111,0.8967,1.6623,15985652.9817,15750648.3651
000001.SZ,20170208,9.3,7.3032,0.8957,1.6606,15968482.5704,15733730.3754
000001.SZ,20170207,9.3,7.3032,0.8957,1.6606,15968482.5704,15733730.3754
000001.SZ,20170206,9.31,7.3111,0.8967,1.6623,15985652.9817,15750648.3651
000001.SZ,20170203,9.26,7.2718,0.8919,1.6534,15899800.9249,15666058.4168
000001.SZ,20170126,9.33,7.3268,0.8986,1.6659,16019993.8045,15784484.3444
000001.SZ,20170125,9.26,7.2718,0.8919,1.6534,15899800.9249,15666058.4168
000001.SZ,20170124,9.27,7.2797,0.8928,1.6552,15916971.3363,15682976.4065
000001.SZ,20170123,9.22,7.2404,0.888,1.6463,15831119.2795,15598386.4582
000001.SZ,20170120,9.22,7.2404,0.888,1.6463,15831119.2795,15598386.4582
000001.SZ,20170119,9.18,7.209,0.8842,1.6391,15762437.634,15530714.4996
000001.SZ,20170118,9.17,7.2011,0.8832,1.6374,15745267.2226,15513796.51
000001.SZ,20170117,9.15,7.1854,0.8813,1.6338,15710926.3999,15479960.5307
000001.SZ,20170116,9.14,7.1776,0.8803,1.632,15693755.9885,15463042.541
000001.SZ,20170113,9.16,7.1933,0.8822,1.6356,15728096.8113,15496878.5203
000001.SZ,20170112,9.15,7.1854,0.8813,1.6338,15710926.3999,15479960.5307
000001.SZ,20170111,9.14,7.1776,0.8803,1.632,15693755.9885,15463042.541
000001.SZ,20170110,9.15,7.1854,0.8813,1.6338,15710926.3999,15479960.5307
000001.SZ,20170109,9.15,7.1854,0.8813,1.6338,15710926.3999,15479960.5307
000001.SZ,20170106,9.13,7.1697,0.8793,1.6302,15676585.5772,13358267.6933
000001.SZ,20170105,9.17,7.2011,0.8832,1.6374,15745267.2226,13416792.4149
000001.SZ,20170104,9.16,7.1933,0.8822,1.6356,15728096.8113,13402161.2345
000001.SZ,20170103,9.16,7.1933,0.8822,1.6356,15728096.8113,13402161.2345
000001.SZ,20161230,9.1,7.1462,0.8765,1.6249,15625074.3431,13314374.1522
000001.SZ,20161229,9.08,7.1305,0.8745,1.6213,15590733.5203,13285111.7914
000001.SZ,20161228,9.06,7.1147,0.8726,1.6177,15556392.6976,13255849.4306
000001.SZ,20161227,9.08,7.1305,0.8745,1.6213,15590733.5203,13285111.7914
000001.SZ,20161226,9.12,7.1619,0.8784,1.6284,15659415.1658,13343636.5129
000001.SZ,20161223,9.08,7.1305,0.8745,1.6213,15590733.5203,13285111.7914
000001.SZ,20161222,9.14,7.1776,0.8803,1.632,15693755.9885,13372898.8737
000001.SZ,20161221,9.16,7.1933,0.8822,1.6356,15728096.8113,13402161.2345
000001.SZ,20161220,9.11,7.154,0.8774,1.6266,15642244.7544,13329005.3326
000001.SZ,20161219,9.2,7.2247,0.8861,1.6427,15796778.4567,13460685.956
000001.SZ,20161216,9.25,7.264,0.8909,1.6516,15882630.5136,13533841.858
000001.SZ,20161215,9.25,7.264,0.8909,1.6516,15882630.5136,13533841.858
000001.SZ,20161214,9.4,7.3817,0.9054,1.6784,16140186.684,13753309.5638
000001.SZ,20161213,9.42,7.3975,0.9073,1.682,16174527.5068,13782571.9246
000001.SZ,20161212,9.5,7.4603,0.915,1.6963,16311890.7977,13899621.3677
000001.SZ,20161209,9.65,7.5781,0.9294,1.7231,16569446.9682,14119089.0735
000001.SZ,20161208,9.52,7.476,0.9169,1.6998,16346231.6204,13928883.7284
000001.SZ,20161207,9.48,7.4446,0.9131,1.6927,16277549.975,13870359.0069
000001.SZ,20161206,9.49,7.4524,0.914,1.6945,16294720.3863,13884990.1873
000001.SZ,20161205,9.46,7.4289,0.9111,1.6891,16243209.1522,13841096.6461
000001.SZ,20161202,9.55,7.4995,0.9198,1.7052,16397742.8545,13972777.2696
000001.SZ,20161201,9.6,7.5388,0.9246,1.7141,16483594.9114,14045933.1715
000001.SZ,20161130,9.55,7.4995,0.9198,1.7052,16397742.8545,13972777.2696
000001.SZ,20161129,9.62,7.5545,0.9265,1.7177,16517935.7341,14075195.5323
000001.SZ,20161128,9.63,7.5624,0.9275,1.7195,16535106.1455,14089826.7127
000001.SZ,20161125,9.62,7.5545,0.9265,1.7177,16517935.7341,14075195.5323
000001.SZ,20161124,9.47,7.4367,0.9121,1.6909,16260379.5636,13855727.8265
000001.SZ,20161123,9.45,7.421,0.9102,1.6873,16226038.7409,13826465.4657
000001.SZ,20161122,9.36,7.3503,0.9015,1.6713,16071505.0386,13694784.8422
000001.SZ,20161121,9.24,7.2561,0.8899,1.6499,15865460.1022,13519210.6776
000001.SZ,20161118,9.18,7.209,0.8842,1.6391,15762437.634,13431423.5953
000001.SZ,20161117,9.21,7.2325,0.8871,1.6445,15813948.8681,13475317.1364
000001.SZ,20161116,9.23,7.2482,0.889,1.6481,15848289.6908,13504579.4972
000001.SZ,20161115,9.23,7.2482,0.889,1.6481,15848289.6908,13504579.4972
000001.SZ,20161114,9.22,7.2404,0.888,1.6463,15831119.2795,13489948.3168
000001.SZ,20161111,9.18,7.209,0.8842,1.6391,15762437.634,13431423.5953
000001.SZ,20161110,9.14,7.1776,0.8803,1.632,15693755.9885,13372898.8737
000001.SZ,20161109,9.07,7.1226,0.8736,1.6195,15573563.109,13270480.611
000001.SZ,20161108,9.15,7.1854,0.8813,1.6338,15710926.3999,13387530.0541
000001.SZ,20161107,9.12,7.1619,0.8784,1.6284,15659415.1658,13343636.5129
000001.SZ,20161104,9.11,7.154,0.8774,1.6266,15642244.7544,13329005.3326
000001.SZ,20161103,9.13,7.1697,0.8793,1.6302,15676585.5772,13358267.6933
000001.SZ,20161102,9.07,7.1226,0.8736,1.6195,15573563.109,13270480.611
000001.SZ,20161101,9.14,7.1776,0.8803,1.632,15693755.9885,13372898.8737
000001.SZ,20161031,9.15,7.1854,0.8813,1.6338,15710926.3999,13387530.0541
000001.SZ,20161028,9.17,7.2011,0.8832,1.6374,15745267.2226,13416792.4149
000001.SZ,20161027,9.16,7.1933,0.8822,1.6356,15728096.8113,13402161.2345
000001.SZ,20161026,9.15,7.1854,0.8813,1.6338,15710926.3999,13387530.0541
000001.SZ,20161025,9.21,7.2325,0.8871,1.6445,15813948.8681,13475317.1364
000001.SZ,20161024,9.24,7.2561,0.8899,1.6499,15865460.1022,13519210.6776
000001.SZ,20161021,9.13,7.1697,0.8793,1.6302,15676585.5772,13358267.6933
000001.SZ,20161020,9.07,7.1226,0.9068,1.6195,15573563.109,13270480.611
000001.SZ,20161019,9.08,7.1305,0.9078,1.6213,15590733.5203,13285111.7914
000001.SZ,20161018,9.09,7.1383,0.9088,1.6231,15607903.9317,13299742.9718
000001.SZ,20161017,9.05,7.1069,0.9048,1.6159,15539222.2862,13241218.2502
000001.SZ,20161014,9.09,7.1383,0.9088,1.6231,15607903.9317,13299742.9718
000001.SZ,20161013,9.07,7.1226,0.9068,1.6195,15573563.109,13270480.611
000001.SZ,20161012,9.13,7.1697,0.9128,1.6302,15676585.5772,13358267.6933
000001.SZ,20161011,9.15,7.1854,0.9148,1.6338,15710926.3999,13387530.0541
000001.SZ,20161010,9.12,7.1619,0.9118,1.6284,15659415.1658,13343636.5129
000001.SZ,20160930,9.07,7.1226,0.9068,1.6195,15573563.109,13270480.611
000001.SZ,20160929,9.06,7.1147,0.9058,1.6177,15556392.6976,13255849.4306
000001.SZ,20160928,9.05,7.1069,0.9048,1.6159,15539222.2862,13241218.2502
000001.SZ,20160927,9.06,7.1147,0.9058,1.6177,15556392.6976,13255849.4306
000001.SZ,20160926,9.04,7.099,0.9038,1.6141,15522051.8749,13226587.0698
000001.SZ,20160923,9.15,7.1854,0.9148,1.6338,15710926.3999,13387530.0541
000001.SZ,20160922,9.16,7.1933,0.9158,1.6356,15728096.8113,13402161.2345
000001.SZ,20160921,9.08,7.1305,0.9078,1.6213,15590733.5203,13285111.7914
000001.SZ,20160920,9.08,7.1305,0.9078,1.6213,15590733.5203,13285111.7914
000001.SZ,20160919,9.12,7.1619,0.9118,1.6284,15659415.1658,13343636.5129
000001.SZ,20160914,9.06,7.1147,0.9058,1.6177,15556392.6976,13255849.4306
000001.SZ,20160913,9.19,7.2168,0.9188,1.6409,15779608.0454,13446054.7757
000001.SZ,20160912,9.16,7.1933,0.9158,1.6356,15728096.8113,13402161.2345
000001.SZ,20160909,9.38,7.366,0.9378,1.6748,16105845.8613,13724047.203
000001.SZ,20160908,9.4,7.3817,0.9398,1.6784,16140186.684,13753309.5638
000001.SZ,20160907,9.4,7.3817,0.9398,1.6784,16140186.684,13753309.5638
000001.SZ,20160906,9.41,7.3896,0.9408,1.6802,16157357.0954,13767940.7442
000001.SZ,20160905,9.42,7.3975,0.9418,1.682,16174527.5068,13782571.9246
000001.SZ,20160902,9.45,7.421,0.9448,1.6873,16226038.7409,13826465.4657
000001.SZ,20160901,9.45,7.421,0.9448,1.6873,16226038.7409,13826465.4657
000001.SZ,20160831,9.49,7.4524,0.9488,1.6945,16294720.3863,13884990.1873
000001.SZ,20160830,9.47,7.4367,0.9468,1.6909,16260379.5636,13855727.8265
000001.SZ,20160829,9.42,7.3975,0.9418,1.682,16174527.5068,13782571.9246
000001.SZ,20160826,9.45,7.421,0.9448,1.6873,16226038.7409,13826465.4657
000001.SZ,20160825,9.44,7.4132,0.9438,1.6856,16208868.3295,13811834.2853
000001.SZ,20160824,9.43,7.4053,0.9428,1.6838,16191697.9181,13797203.1049
000001.SZ,20160823,9.4,7.3817,0.9398,1.6784,16140186.684,13753309.5638
000001.SZ,20160822,9.4,7.3817,0.9398,1.6784,16140186.684,13753309.5638
000001.SZ,20160819,9.51,7.4681,0.9508,1.6981,16329061.2091,13914252.548
000001.SZ,20160818,9.5,7.4603,0.9498,1.6963,16311890.7977,13899621.3677
000001.SZ,20160817,9.55,7.4995,0.9548,1.7052,16397742.8545,13972777.2696
000001.SZ,20160816,9.52,7.476,0.9518,1.6998,16346231.6204,13928883.7284
000001.SZ,20160815,9.68,7.6016,0.9678,1.7284,16620958.2023,14162982.6146
000001.SZ,20160812,9.5,7.4603,0.9498,1.6963,16311890.7977,13899621.3677
000001.SZ,20160811,9.22,7.2404,0.957,1.6463,15831119.2795,13489948.3168
000001.SZ,20160810,9.14,7.1776,0.9487,1.632,15693755.9885,13372898.8737
000001.SZ,20160809,9.15,7.1854,0.9497,1.6338,15710926.3999,13387530.0541
000001.SZ,20160808,9.11,7.154,0.9456,1.6266,15642244.7544,13329005.3326
000001.SZ,20160805,9.04,7.099,0.9383,1.6141,15522051.8749,13226587.0698
000001.SZ,20160804,8.99,7.0598,0.9331,1.6052,15436199.818,13153431.1679
000001.SZ,20160803,9.18,7.209,0.9528,1.6391,15762437.634,13431423.5953
000001.SZ,20160802,9.25,7.264,0.9601,1.6516,15882630.5136,13533841.858
000001.SZ,20160801,9.28,7.2875,0.9632,1.657,15934141.7476,13577735.3991
000001.SZ,20160729,9.2,7.2247,0.9549,1.6427,15796778.4567,13460685.956
000001.SZ,20160728,9.08,7.1305,0.9425,1.6213,15590733.5203,13285111.7914
000001.SZ,20160727,9.01,7.0755,0.9352,1.6088,15470540.6408,13182693.5287
000001.SZ,20160726,9.11,7.154,0.9456,1.6266,15642244.7544,13329005.3326
000001.SZ,20160725,8.98,7.0519,0.9321,1.6034,15419029.4067,13138799.9875
000001.SZ,20160722,8.94,7.0205,0.9279,1.5963,15350347.7612,13080275.266
000001.SZ,20160721,8.99,7.0598,0.9331,1.6052,15436199.818,13153431.1679
000001.SZ,20160720,8.96,7.0362,0.93,1.5999,15384688.5839,13109537.6268
000001.SZ,20160719,8.97,7.0441,0.931,1.6016,15401858.9953,13124168.8071
000001.SZ,20160718,9.04,7.099,0.9383,1.6141,15522051.8749,13226587.0698
000001.SZ,20160715,8.99,7.0598,0.9331,1.6052,15436199.818,13153431.1679
000001.SZ,20160714,8.94,7.0205,0.9279,1.5963,15350347.7612,13080275.266
000001.SZ,20160713,8.99,7.0598,0.9331,1.6052,15436199.818,13153431.1679
000001.SZ,20160712,8.88,6.9734,0.9217,1.5856,15247325.293,12992488.1837
000001.SZ,20160711,8.75,6.8713,0.9082,1.5624,15024109.9453,12802282.8386
000001.SZ,20160708,8.74,6.8635,0.9072,1.5606,15006939.5339,12787651.6582
000001.SZ,20160707,8.78,6.8949,0.9113,1.5677,15075621.1793,12846176.3798
000001.SZ,20160706,8.79,6.9027,0.9124,1.5695,15092791.5907,12860807.5602
000001.SZ,20160705,8.81,6.9184,0.9144,1.5731,15127132.4134,12890069.9209
000001.SZ,20160704,8.81,6.9184,0.9144,1.5731,15127132.4134,12890069.9209
000001.SZ,20160701,8.71,6.8399,0.9041,1.5552,14955428.2998,12743758.1171
000001.SZ,20160630,8.7,6.832,0.903,1.5534,14938257.8884,12729126.9367
000001.SZ,20160629,8.69,6.8242,0.902,1.5516,14921087.4771,12714495.7563
000001.SZ,20160628,8.63,6.7771,0.8957,1.5409,14818065.0089,12626708.674
000001.SZ,20160627,8.61,6.7614,0.8937,1.5374,14783724.1861,12597446.3132
000001.SZ,20160624,8.57,6.73,0.8895,1.5302,14715042.5407,12538921.5917
000001.SZ,20160623,8.66,6.8006,0.8989,1.5463,14869576.243,12670602.2151
000001.SZ,20160622,8.73,6.8556,0.9061,1.5588,14989769.1225,12773020.4779
000001.SZ,20160621,8.61,6.7614,0.8937,1.5374,14783724.1861,12597446.3132
000001.SZ,20160620,8.6,6.7535,0.8926,1.5356,14766553.7748,12582815.1328
000001.SZ,20160617,8.58,6.7378,0.8906,1.532,14732212.952,12553552.772
000001.SZ,20160616,8.57,6.73,0.8895,1.5302,14715042.5407,12538921.5917
000001.SZ,20160615,10.44,6.832,0.8912,1.5534,14938257.8891,12729126.9372
000001.SZ,20160614,10.4,6.8059,0.8878,1.5475,14881023.1846,12680356.3359
000001.SZ,20160613,10.33,6.7601,0.8818,1.5371,14780862.4516,12595007.7837
000001.SZ,20160608,10.5,6.8713,0.8963,1.5624,15024109.946,12802282.8392
000001.SZ,20160607,10.52,6.8844,0.898,1.5653,15052727.2982,12826668.1398
000001.SZ,20160606,10.51,6.8778,0.8972,1.5638,15038418.6221,12814475.4895
000001.SZ,20160603,10.5,6.8713,0.8963,1.5624,15024109.946,12802282.8392
000001.SZ,20160602,10.46,6.8451,0.8929,1.5564,14966875.2414,12753512.2379
000001.SZ,20160601,10.48,6.8582,0.8946,1.5594,14995492.5937,12777897.5385
000001.SZ,20160531,10.55,6.904,0.9006,1.5698,15095653.3266,12863246.0908
000001.SZ,20160530,10.28,6.7273,0.8776,1.5296,14709319.0709,12534044.532
000001.SZ,20160527,10.27,6.7208,0.8767,1.5281,14695010.3948,12521851.8817
000001.SZ,20160526,10.22,6.6881,0.8724,1.5207,14623467.0141,12460888.6301
000001.SZ,20160525,10.23,6.6946,0.8733,1.5222,14637775.6902,12473081.2804
000001.SZ,20160524,10.21,6.6815,0.8716,1.5192,14609158.3379,12448695.9798
000001.SZ,20160523,10.28,6.7273,0.8776,1.5296,14709319.0709,12534044.532
000001.SZ,20160520,10.3,6.7404,0.8793,1.5326,14737936.4232,12158176.2174
000001.SZ,20160519,10.25,6.7077,0.875,1.5252,14666393.0425,12099155.9435
000001.SZ,20160518,10.3,6.7404,0.8793,1.5326,14737936.4232,12158176.2164
000001.SZ,20160517,10.3,6.7404,0.8793,1.5326,14737936.4232,12158176.2164
000001.SZ,20160516,10.36,6.7797,0.8844,1.5415,14823788.48,12229000.5438
000001.SZ,20160513,10.35,6.7731,0.8835,1.54,14809479.8039,12217196.4893
000001.SZ,20160512,10.38,6.7928,0.8861,1.5445,14852405.8323,12252608.653
000001.SZ,20160511,10.37,6.7862,0.8852,1.543,14838097.1561,12240804.5984
000001.SZ,20160510,10.28,6.7273,0.8776,1.5296,14709319.0709,12134568.1072
000001.SZ,20160509,10.35,6.7731,0.8835,1.54,14809479.8039,12217196.4893
000001.SZ,20160506,10.52,6.8844,0.898,1.5653,15052727.2982,12417865.4171
000001.SZ,20160505,10.72,7.0153,0.9151,1.5951,15338900.821,12653946.5087
000001.SZ,20160504,10.72,7.0153,0.9151,1.5951,15338900.821,12653946.5087
000001.SZ,20160503,10.68,6.9891,0.9117,1.5891,15281666.1165,12606730.2904
000001.SZ,20160429,10.57,6.9171,0.9023,1.5728,15124270.6789,12476885.69
000001.SZ,20160428,10.66,6.976,0.91,1.5862,15253048.7642,12583122.1812
000001.SZ,20160427,10.57,6.9171,0.9023,1.5728,15124270.6789,12476885.69
000001.SZ,20160426,10.59,6.9302,0.904,1.5758,15152888.0312,12500493.7992
000001.SZ,20160425,10.5,6.8713,0.8963,1.5624,15024109.946,12394257.308
000001.SZ,20160422,10.55,6.904,0.9006,1.5698,15095653.3266,12453277.5808
000001.SZ,20160421,10.51,6.8778,0.8972,1.5638,15038418.6221,12406061.3625
000001.SZ,20160420,10.52,6.8844,0.9321,1.5653,15052727.2982,12417865.4171
000001.SZ,20160419,10.77,7.048,0.9542,1.6025,15410444.2017,12712966.7816
000001.SZ,20160418,10.73,7.0218,0.9507,1.5966,15353209.4971,12665750.5633
000001.SZ,20160415,10.88,7.12,0.964,1.6189,15567839.6392,12842811.382
000001.SZ,20160414,10.84,7.0938,0.9604,1.6129,15510604.9347,12795595.1636
000001.SZ,20160413,10.81,7.0742,0.9578,1.6085,15467678.9063,12760182.9999
000001.SZ,20160412,10.67,6.9826,0.9453,1.5877,15267357.4403,12594926.2358
000001.SZ,20160411,10.72,7.0153,0.9498,1.5951,15338900.821,12653946.5087
000001.SZ,20160408,10.57,6.9171,0.9365,1.5728,15124270.6789,12476885.69
000001.SZ,20160407,10.59,6.9302,0.9383,1.5758,15152888.0312,12500493.7992
000001.SZ,20160406,10.72,7.0153,0.9498,1.5951,15338900.821,12653946.5087
000001.SZ,20160405,10.7,7.0022,0.948,1.5921,15310283.4687,12630338.3995
000001.SZ,20160401,10.66,6.976,0.9445,1.5862,15253048.7642,12583122.1812
000001.SZ,20160331,10.64,6.9629,0.9427,1.5832,15224431.4119,12559514.0721
000001.SZ,20160330,10.7,7.0022,0.948,1.5921,15310283.4687,12630338.3995
000001.SZ,20160329,10.43,6.8255,0.9241,1.5519,14923949.213,12311628.9259
000001.SZ,20160328,10.48,6.8582,0.9285,1.5594,14995492.5937,12370649.1988
000001.SZ,20160325,10.59,6.9302,0.9383,1.5758,15152888.0312,12500493.7992
000001.SZ,20160324,10.52,6.8844,0.9321,1.5653,15052727.2982,12417865.4171
000001.SZ,20160323,10.7,7.0022,0.948,1.5921,15310283.4687,12630338.3995
000001.SZ,20160322,10.72,7.0153,0.9498,1.5951,15338900.821,12653946.5087
000001.SZ,20160321,10.8,7.0676,0.9569,1.607,15453370.2301,12748378.9453
000001.SZ,20160318,10.54,6.8975,0.9338,1.5683,15081344.6505,12441473.5263
000001.SZ,20160317,10.42,6.819,0.9232,1.5505,14909640.5368,12299824.8713
000001.SZ,20160316,10.35,6.7731,0.917,1.54,14809479.8039,12217196.4893
000001.SZ,20160315,10.32,6.7535,0.9143,1.5356,14766553.7754,12181784.3255
000001.SZ,20160314,10.26,6.7142,0.909,1.5266,14680701.7186,12110959.9981
000001.SZ,20160311,10.16,6.6488,0.9002,1.5118,14537614.9572,11992919.4523
000001.SZ,20160310,10.15,6.6423,0.8993,1.5103,14523306.2811,11981115.3977
000001.SZ,20160309,10.17,7.3487,0.9261,1.9824,14551923.6334,12004723.5068
000001.SZ,20160308,10.28,7.4282,0.9361,2.0038,14709319.0709,12134568.1072
000001.SZ,20160307,10.34,7.4716,0.9416,2.0155,14795171.1277,12205392.4347
000001.SZ,20160304,10.4,7.5149,0.947,2.0272,14881023.1846,12276216.7622
000001.SZ,20160303,10.11,7.3054,0.9206,1.9707,14466071.5765,11933899.1794
000001.SZ,20160302,10.1,7.2981,0.9197,1.9687,14451762.9004,11922095.1248
000001.SZ,20160301,9.7,7.0091,0.8833,1.8907,13879415.8548,11449932.9416
000001.SZ,20160229,9.56,6.9079,0.8705,1.8635,13679094.3889,11284676.1775
000001.SZ,20160226,9.79,7.0741,0.8915,1.9083,14008193.9401,11556169.4328
000001.SZ,20160225,9.67,6.9874,0.8805,1.8849,13836489.8264,11414520.7779
000001.SZ,20160224,10.15,7.3343,0.9243,1.9785,14523306.2811,11981115.3977
000001.SZ,20160223,10.12,7.3126,0.9215,1.9726,14480380.2527,11945703.2339
000001.SZ,20160222,10.29,7.4354,0.937,2.0058,14723627.747,12146372.1618
000001.SZ,20160219,10.04,7.2548,0.9142,1.957,14365910.8436,11851270.7973
000001.SZ,20160218,10.09,7.2909,0.9188,1.9668,14437454.2243,11910291.0702
000001.SZ,20160217,10.15,7.3343,0.9243,1.9785,14523306.2811,11981115.3977
000001.SZ,20160216,10.01,7.2331,0.9115,1.9512,14322984.8151,11815858.6336
000001.SZ,20160215,9.79,7.0741,0.8915,1.9083,14008193.9401,11556169.4328
000001.SZ,20160205,9.92,7.1681,0.9033,1.9336,14194206.7299,11709622.1424
000001.SZ,20160204,9.95,7.1897,0.906,1.9395,14237132.7583,11745034.3061
000001.SZ,20160203,9.85,7.1175,0.8969,1.92,14094045.9969,11626993.7603
000001.SZ,20160202,9.95,7.1897,0.906,1.9395,14237132.7583,11745034.3061
000001.SZ,20160201,9.8,7.0814,0.8924,1.9102,14022502.6162,11567973.4874
000001.SZ,20160129,10.0,7.2259,0.9106,1.9492,14308676.139,11804054.579
000001.SZ,20160128,9.69,7.0019,0.8824,1.8888,13865107.1787,11438128.8871
000001.SZ,20160127,9.88,7.1392,0.8997,1.9258,14136972.0253,11662405.9241
000001.SZ,20160126,9.87,7.1319,0.8988,1.9239,14122663.3492,11650601.8695
000001.SZ,20160125,10.37,7.4932,0.9443,2.0213,14838097.1561,12240804.5984
000001.SZ,20160122,10.4,7.5149,0.947,2.0272,14881023.1846,12276216.7622
000001.SZ,20160121,10.32,7.4571,0.9397,2.0116,14766553.7754,12181784.3255
000001.SZ,20160120,10.54,7.6161,0.9598,2.0545,15081344.6505,12441473.5263
000001.SZ,20160119,10.71,7.7389,0.9752,2.0876,15324592.1449,12642142.4541
000001.SZ,20160118,10.41,7.5221,0.9479,2.0291,14895331.8607,12288020.8167
000001.SZ,20160115,10.46,7.5583,0.9525,2.0389,14966875.2414,12347041.0896
000001.SZ,20160114,10.77,7.7823,0.9807,2.0993,15410444.2017,12712966.7816
000001.SZ,20160113,10.71,7.7389,0.9752,2.0876,15324592.1449,12642142.4541
000001.SZ,20160112,10.81,7.8112,0.9843,2.1071,15467678.9063,12760182.9999
000001.SZ,20160111,10.76,7.775,0.9798,2.0974,15396135.5256,12701162.727
000001.SZ,20160108,11.12,8.0352,1.0126,2.1675,15911247.8666,13126108.6918
000001.SZ,20160107,10.94,7.9051,0.9962,2.1325,15653691.6961,12913635.7094
000001.SZ,20160106,11.53,8.3314,1.0499,2.2475,16497903.5883,13610074.9296
000001.SZ,20160105,11.4,8.2375,1.0381,2.2221,16311890.7985,13456622.2201
000001.SZ,20160104,11.33,8.1869,1.0317,2.2085,16211730.0655,13373993.838
000001.SZ,20151231,11.99,8.6638,1.0918,2.3371,17156102.6907,14153061.4402
000001.SZ,20151230,12.1,8.7433,1.1018,2.3586,17313498.1282,14282906.0406
000001.SZ,20151229,12.09,8.7361,1.1009,2.3566,17299189.4521,14271101.986
000001.SZ,20151228,11.98,8.6566,1.0909,2.3352,17141794.0145,14141257.3856
000001.SZ,20151225,12.41,8.9673,1.13,2.419,17757067.0885,14648831.7325
000001.SZ,20151224,12.34,8.9167,1.1237,2.4053,17656906.3555,14566203.3505
000001.SZ,20151223,12.48,9.0179,1.1364,2.4326,17857227.8215,14731460.1146
000001.SZ,20151222,12.43,8.9818,1.1319,2.4229,17785684.4408,14672439.8417
000001.SZ,20151221,12.51,9.0396,1.1392,2.4385,17900153.8499,14766872.2783
000001.SZ,20151218,12.23,8.8372,1.1137,2.3839,17499510.918,14436358.7501
000001.SZ,20151217,12.07,8.7216,1.0991,2.3527,17270572.0998,14247493.8769
000001.SZ,20151216,11.89,8.5916,1.0827,2.3176,17013015.9293,14035020.8944
000001.SZ,20151215,11.92,8.6132,1.0854,2.3235,17055941.9577,14070433.0582
000001.SZ,20151214,12.07,8.7216,1.0991,2.3527,17270572.0998,14247493.8769
000001.SZ,20151211,11.83,8.5482,1.0772,2.3059,16927163.8724,13964196.567
000001.SZ,20151210,11.96,8.6421,1.0891,2.3313,17113176.6622,14117649.2765
000001.SZ,20151209,11.99,8.6638,1.0918,2.3371,17156102.6907,14153061.4402
000001.SZ,20151208,11.96,8.6421,1.0891,2.3313,17113176.6622,14117649.2765
000001.SZ,20151207,12.15,8.7794,1.1064,2.3683,17385041.5089,14341926.3135
000001.SZ,20151204,12.12,8.7578,1.1036,2.3625,17342115.4805,14306514.1497
000001.SZ,20151203,12.45,8.9962,1.1337,2.4268,17814301.7931,14696047.9509
000001.SZ,20151202,12.51,9.0396,1.1392,2.4385,17900153.8499,14766872.2783
000001.SZ,20151201,11.75,8.4904,1.0699,2.2903,16812694.4633,13869764.1303
000001.SZ,20151130,11.74,8.4832,1.069,2.2884,16798385.7872,13857960.0757
000001.SZ,20151127,11.73,8.476,1.0681,2.2864,16784077.111,13846156.0212
000001.SZ,20151126,12.23,8.8372,1.1137,2.3839,17499510.918,14436358.7501
000001.SZ,20151125,12.32,8.9023,1.1218,2.4014,17628289.0032,14542595.2413
000001.SZ,20151124,12.28,8.8734,1.1182,2.3936,17571054.2987,14495379.023
000001.SZ,20151123,12.45,8.9962,1.1337,2.4268,17814301.7931,14696047.9509
000001.SZ,20151120,12.55,9.0685,1.1428,2.4463,17957388.5544,14814088.4966
000001.SZ,20151119,12.5,9.0323,1.1382,2.4365,17885845.1738,14755068.2238
000001.SZ,20151118,12.42,8.9745,1.131,2.4209,17771375.7646,14660635.7871
000001.SZ,20151117,12.5,9.0323,1.1382,2.4365,17885845.1738,14755068.2238
000001.SZ,20151116,12.34,8.9167,1.1237,2.4053,17656906.3555,14566203.3505
000001.SZ,20151113,12.24,8.8445,1.1146,2.3859,17513819.5941,14448162.8047
000001.SZ,20151112,12.4,8.9601,1.1291,2.417,17742758.4124,14637027.678
000001.SZ,20151111,12.55,9.0685,1.1428,2.4463,17957388.5544,14814088.4966
000001.SZ,20151110,12.75,9.213,1.161,2.4853,18243562.0772,15050169.5882
000001.SZ,20151109,12.94,9.3503,1.1783,2.5223,18515426.9239,15274446.6252
000001.SZ,20151106,12.39,8.9529,1.1282,2.4151,17728449.7362,14625223.6234
000001.SZ,20151105,12.07,8.7216,1.0991,2.3527,17270572.0998,14247493.8769
000001.SZ,20151104,11.69,8.447,1.0645,2.2786,16726842.4065,13798939.8029
000001.SZ,20151103,11.05,7.9846,1.0062,2.1539,15811087.1336,13043480.3098
000001.SZ,20151102,11.14,8.0496,1.0144,2.1714,15939865.2188,13149716.801
000001.SZ,20151030,11.36,8.2086,1.0344,2.2143,16254656.0939,13409406.0017
000001.SZ,20151029,11.27,8.1436,1.0262,2.1968,16125878.0087,13303169.5105
000001.SZ,20151028,11.27,8.1436,1.0262,2.1968,16125878.0087,13303169.5105
000001.SZ,20151027,11.48,8.2953,1.0454,2.2377,16426360.2076,13551054.6567
000001.SZ,20151026,11.52,8.3242,1.049,2.2455,16483594.9121,13598270.875
000001.SZ,20151023,11.47,8.2881,1.0444,2.2358,16412051.5314,13539250.6021
000001.SZ,20151022,11.33,8.1869,1.0745,2.2085,16211730.0655,13373993.838
000001.SZ,20151021,11.22,8.1074,1.064,2.187,16054334.628,13244149.2376
000001.SZ,20151020,11.32,8.1797,1.0735,2.2065,16197421.3893,13362189.7834
000001.SZ,20151019,11.26,8.1363,1.0678,2.1948,16111569.3325,13291365.456
000001.SZ,20151016,11.23,8.1147,1.065,2.189,16068643.3041,13255953.2922
000001.SZ,20151015,11.17,8.0713,1.0593,2.1773,15982791.2473,13185128.9647
000001.SZ,20151014,10.98,7.934,1.0413,2.1402,15710926.4006,12960851.9277
000001.SZ,20151013,11.13,8.0424,1.0555,2.1695,15925556.5427,13137912.7464
000001.SZ,20151012,11.23,8.1147,1.065,2.189,16068643.3041,13255953.2922
000001.SZ,20151009,10.9,7.8762,1.0337,2.1247,15596456.9915,12866419.4911
000001.SZ,20151008,10.7,7.7317,1.0147,2.0857,15310283.4687,12630338.3995
000001.SZ,20150930,10.49,7.5799,0.9948,2.0447,15009801.2698,12382453.2534
000001.SZ,20150929,10.38,7.5005,0.9844,2.0233,14852405.8323,12252608.653
000001.SZ,20150928,10.53,7.6088,0.9986,2.0525,15067035.9744,12429669.4717
000001.SZ,20150925,10.55,7.6233,1.0005,2.0564,15095653.3266,12453277.5808
000001.SZ,20150924,10.71,7.7389,1.0157,2.0876,15324592.1449,12642142.4541
000001.SZ,20150923,10.7,7.7317,1.0147,2.0857,15310283.4687,12630338.3995
000001.SZ,20150922,10.96,7.9196,1.0394,2.1364,15682309.0483,12937243.8186
000001.SZ,20150921,10.82,7.8184,1.0261,2.1091,15481987.5824,12771987.0545
000001.SZ,20150918,10.81,7.8112,1.0252,2.1071,15467678.9063,12760182.9999
000001.SZ,20150917,10.77,7.7823,1.0214,2.0993,15410444.2017,12712966.7816
000001.SZ,20150916,10.9,7.8762,1.0337,2.1247,15596456.9915,12866419.4911
000001.SZ,20150915,10.57,7.6377,1.0024,2.0603,15124270.6789,12476885.69
000001.SZ,20150914,10.87,7.8545,1.0309,2.1188,15553530.9631,12831007.3274
000001.SZ,20150911,10.96,7.9196,1.0394,2.1364,15682309.0483,12937243.8186
000001.SZ,20150910,11.05,7.9846,1.0479,2.1539,15811087.1336,13043480.3098
000001.SZ,20150909,11.1,8.0207,1.0527,2.1636,15882630.5143,13102500.5827
000001.SZ,20150908,11.0,7.9485,1.0432,2.1441,15739543.7529,12984460.0369
000001.SZ,20150907,10.89,7.869,1.0328,2.1227,15582148.3154,12854615.4365
000001.SZ,20150902,11.84,8.5554,1.1228,2.3079,16941472.5486,13976000.6215
000001.SZ,20150901,11.57,8.3603,1.0972,2.2553,16555138.2928,13657291.1479
000001.SZ,20150831,11.07,7.999,1.0498,2.1578,15839704.4859,13067088.419
000001.SZ,20150828,10.83,7.8256,1.0271,2.111,15496296.2585,12783791.1091
000001.SZ,20150827,10.8,7.8039,1.0242,2.1052,15453370.2301,12748378.9453
000001.SZ,20150826,9.91,7.1608,0.9398,1.9317,14179898.0537,11697818.0878
000001.SZ,20150825,9.46,6.8357,0.8971,1.844,13536007.6275,11166635.6317
000001.SZ,20150824,10.35,7.4788,0.9815,2.0174,14809479.8039,12217196.4893
000001.SZ,20150821,11.5,8.3098,1.0906,2.2416,16454977.5599,13574662.7659
000001.SZ,20150820,12.05,8.7072,1.1428,2.3488,17241954.7475,14223885.7677
000001.SZ,20150819,12.23,8.8372,1.1598,2.3839,17499510.918,14436358.7501
000001.SZ,20150818,12.27,8.8661,1.1636,2.3917,17556745.6226,14483574.9684
000001.SZ,20150817,12.54,9.0612,1.1892,2.4443,17943079.8783,14802284.4421
000001.SZ,20150814,12.64,9.1335,1.1987,2.4638,18086166.6397,14920324.9879
000001.SZ,20150813,12.57,9.0829,1.2434,2.4502,17986005.9067,14837696.6058
000001.SZ,20150812,12.57,9.0829,1.2434,2.4502,17986005.9067,14837696.6058
000001.SZ,20150811,12.84,9.278,1.2701,2.5028,18372340.1625,15156406.0794
000001.SZ,20150810,12.92,9.3358,1.278,2.5184,18486809.5716,15250838.5161
000001.SZ,20150807,12.61,9.1118,1.2473,2.458,18043240.6113,14884912.8241
000001.SZ,20150806,12.53,9.054,1.2394,2.4424,17928771.2022,14790480.3875
000001.SZ,20150805,12.59,9.0974,1.2453,2.4541,18014623.259,14861304.715
000001.SZ,20150804,12.86,9.2925,1.272,2.5067,18400957.5148,15180014.1886
000001.SZ,20150803,12.82,9.2636,1.2681,2.4989,18343722.8102,15132797.9703
000001.SZ,20150731,12.36,8.9312,1.2226,2.4092,17685523.7078,14589811.4596
000001.SZ,20150730,12.26,8.8589,1.2127,2.3897,17542436.9464,14471770.9139
000001.SZ,20150729,12.6,9.1046,1.2463,2.456,18028931.9351,14873108.7695
000001.SZ,20150728,12.62,9.1191,1.2483,2.4599,18057549.2874,14896716.8787
000001.SZ,20150727,12.44,8.989,1.2305,2.4248,17799993.1169,14684243.8963
000001.SZ,20150724,13.38,9.6682,1.3235,2.6081,19145008.674,15793825.0267
000001.SZ,20150723,13.67,9.8778,1.3522,2.6646,19559960.282,16136142.6095
000001.SZ,20150722,13.52,9.7694,1.3373,2.6354,19345330.1399,15959081.7908
000001.SZ,20150721,13.57,9.8055,1.3423,2.6451,19416873.5206,16018102.0637
000001.SZ,20150720,13.6,9.8272,1.3452,2.6509,19459799.549,16053514.2274
000001.SZ,20150717,13.82,9.9862,1.367,2.6938,19774590.4241,16313203.4282
000001.SZ,20150716,13.6,9.8272,1.3452,2.6509,19459799.549,16053514.2274
000001.SZ,20150715,13.58,9.8127,1.3433,2.647,19431182.1968,16029906.1183
000001.SZ,20150714,13.87,10.0223,1.372,2.7036,19846133.8048,16372223.7011
000001.SZ,20150713,14.44,10.4342,1.4283,2.8147,20661728.3447,17045054.8121
000001.SZ,20150710,14.86,10.7376,1.4699,2.8965,21262692.7426,17540825.1044
000001.SZ,20150709,14.26,10.3041,1.4105,2.7796,20404172.1742,16832581.8297
000001.SZ,20150708,13.19,9.5309,1.3047,2.571,18873143.8273,15569547.9897
000001.SZ,20150707,14.65,10.5859,1.4491,2.8556,20962210.5436,17292939.9582
000001.SZ,20150706,13.88,10.0295,1.3729,2.7055,19860442.4809,16384027.7557
000001.SZ,20150703,13.07,9.4442,1.2928,2.5476,18701439.7137,15427899.3348
000001.SZ,20150702,13.75,9.9356,1.3601,2.6802,19674429.6911,16230575.0461
000001.SZ,20150701,13.92,10.0584,1.3769,2.7133,19917677.1855,16431243.974
000001.SZ,20150630,14.54,10.5064,1.4382,2.8342,20804815.1061,17163095.3579
000001.SZ,20150629,13.56,9.7983,1.3413,2.6431,19402564.8445,16006298.0091
000001.SZ,20150626,13.77,9.95,1.3621,2.6841,19703047.0434,16254183.1553
000001.SZ,20150625,14.87,10.7449,1.4709,2.8985,21277001.4187,17552629.159
000001.SZ,20150624,15.12,10.9255,1.4956,2.9472,21634718.3222,17847730.5234
000001.SZ,20150623,14.95,10.8027,1.4788,2.9141,21391470.8278,17647061.5956
000001.SZ,20150619,14.63,10.5715,1.4471,2.8517,20933593.1914,17269331.8491
000001.SZ,20150618,15.38,11.1134,1.5213,2.9979,22006743.9018,18154635.9425
000001.SZ,20150617,15.73,11.3663,1.5559,3.0661,22507547.5666,18567777.8528
000001.SZ,20150616,15.64,11.3013,1.547,3.0486,22378769.4814,18461541.3616
000001.SZ,20150615,15.92,11.5036,1.5747,3.1032,22779412.4133,18792054.8898
000001.SZ,20150612,16.51,11.9299,1.6331,3.2182,23623624.3055,19488494.1099
000001.SZ,20150611,16.48,11.9082,1.6301,3.2123,23580698.2771,19453081.9462
000001.SZ,20150610,16.68,12.0528,1.6499,3.2513,23866871.7999,19689163.0378
000001.SZ,20150609,16.98,12.2695,1.6796,3.3098,24296132.084,20043284.6751
000001.SZ,20150608,17.29,12.4935,1.7102,3.3702,24739701.0443,20409210.3671
000001.SZ,20150605,16.3,11.7782,1.6123,3.1772,23323142.1066,19240608.9638
000001.SZ,20150604,16.37,11.8288,1.6192,3.1909,23423302.8395,19323237.3458
000001.SZ,20150603,15.83,11.4386,1.5658,3.0856,22650634.328,18685818.3986
000001.SZ,20150602,15.77,11.3952,1.5599,3.0739,22564782.2712,18614994.0711
000001.SZ,20150601,15.9,11.4891,1.5728,3.0993,22750795.061,18768446.7806
000001.SZ,20150529,15.32,11.07,1.5154,2.9862,21920891.8449,18083811.615
000001.SZ,20150528,15.5,11.2001,1.5332,3.0213,22178448.0155,18296284.5975
000001.SZ,20150527,16.48,11.9082,1.6301,3.2123,23580698.2771,19453081.9462
000001.SZ,20150526,16.62,12.0094,1.644,3.2396,23781019.743,19618338.7103
000001.SZ,20150525,16.6,11.995,1.642,3.2357,23752402.3907,19594730.6011
000001.SZ,20150522,16.27,11.7565,1.6093,3.1714,23280216.0782,19205196.8
000001.SZ,20150521,15.79,11.4097,1.5619,3.0778,22593399.6235,18638602.1802
000001.SZ,20150520,15.74,10.8976,1.6018,2.9397,21579341.2731,18579581.9073
000001.SZ,20150519,15.59,10.7937,1.5866,2.9117,21373693.1669,18402521.0902
000001.SZ,20150518,15.18,10.5098,1.5448,2.8351,20811588.3434,17918554.8524
000001.SZ,20150515,15.45,10.6968,1.5723,2.8855,21181754.9345,18237264.3261
000001.SZ,20150514,15.89,11.0014,1.6171,2.9677,21784989.3792,18756642.7276
000001.SZ,20150513,15.88,10.9945,1.6161,2.9658,21771279.5055,18744838.673
000001.SZ,20150512,15.96,11.0499,1.6242,2.9808,21880958.4954,18839271.1097
000001.SZ,20150511,16.03,11.0983,1.6314,2.9938,21976927.6116,18921899.4917
000001.SZ,20150508,15.85,10.9737,1.613,2.9602,21730149.8842,18709426.5093
000001.SZ,20150507,15.67,10.8491,1.5947,2.9266,21483372.1568,18496953.5269
000001.SZ,20150506,15.72,10.8837,1.5998,2.9359,21551921.5256,18555973.7998
000001.SZ,20150505,15.86,10.9806,1.6141,2.9621,21743859.758,18721230.5639
000001.SZ,20150504,16.52,11.4376,1.6812,3.0854,22648711.4251,19500298.1662
000001.SZ,20150430,16.7,11.5622,1.6995,3.119,22895489.1525,19712771.1486
000001.SZ,20150429,16.65,11.5276,1.6944,3.1096,22826939.7838,19653750.8757
000001.SZ,20150428,16.7,11.5622,1.6995,3.119,22895489.1525,19712771.1486
000001.SZ,20150427,16.42,11.3684,1.671,3.0667,22511612.6876,19382257.6204
000001.SZ,20150424,16.14,11.1745,1.6425,3.0144,22127736.2228,19051744.0921
000001.SZ,20150423,16.66,11.5345,1.7711,3.1115,22840649.6575,19665554.9303
000001.SZ,20150422,16.95,11.7353,1.802,3.1657,23238235.9961,20007872.5131
000001.SZ,20150421,16.56,11.4653,1.7605,3.0928,22703550.9201,19547514.3845
000001.SZ,20150420,16.3,11.2853,1.7329,3.0443,22347094.2027,19240608.9654
000001.SZ,20150417,16.93,11.7215,1.7998,3.1619,23210816.2486,19984264.4039
000001.SZ,20150416,17.0,11.7699,1.8073,3.175,23306785.3648,20066892.786
000001.SZ,20150415,16.65,11.5276,1.7701,3.1096,22826939.7838,19653750.8757
000001.SZ,20150414,16.3,11.2853,1.7329,3.0443,22347094.2027,19240608.9654
000001.SZ,20150413,16.54,11.4514,1.7584,3.0891,22676131.1726,19523906.2753
000001.SZ,20150410,19.8,11.4237,1.7275,3.0816,22621291.6783,19476690.057
000001.SZ,20150409,18.0,10.3852,1.5704,2.8015,20564810.6166,17706081.87
000001.SZ,20150408,17.92,10.3391,1.5635,2.789,20473411.4583,17627388.1728
000001.SZ,20150407,16.81,9.6986,1.4666,2.6163,19205248.1369,16535513.1242
000001.SZ,20150403,15.85,9.1448,1.3829,2.4669,18108458.2374,15591188.7578
000001.SZ,20150402,15.8,9.1159,1.3785,2.4591,18051333.7635,15542005.197
000001.SZ,20150401,15.96,9.2082,1.3925,2.484,18234132.0801,15699392.5914
000001.SZ,20150331,15.75,9.0871,1.3741,2.4513,17994209.2895,15492821.6363
000001.SZ,20150330,15.66,9.0351,1.3663,2.4373,17891385.2364,15404291.2269
000001.SZ,20150327,15.08,8.7005,1.3157,2.347,17228741.3388,14833761.9222
000001.SZ,20150326,15.11,8.7178,1.3183,2.3517,17263016.0232,14863272.0587
000001.SZ,20150325,14.91,8.6024,1.3009,2.3206,17034518.1274,14666537.8157
000001.SZ,20150324,15.35,8.8563,1.3392,2.389,17537213.498,15099353.1503
000001.SZ,20150323,15.43,8.9024,1.3462,2.4015,17628612.6563,15178046.8475
000001.SZ,20150320,15.32,8.839,1.3366,2.3844,17502938.8137,15069843.0138
000001.SZ,20150319,15.19,8.764,1.3253,2.3641,17354415.1815,14941965.7559
000001.SZ,20150318,15.51,8.9486,1.3532,2.4139,17720011.8146,15256740.5447
000001.SZ,20150317,15.4,8.8851,1.3436,2.3968,17594337.972,15148536.711
000001.SZ,20150316,15.41,8.8909,1.3445,2.3984,17605762.8668,15158373.4232
000001.SZ,20150313,14.99,8.6486,1.3078,2.333,17125917.2857,14745231.5129
000001.SZ,20150312,14.6,10.9516,1.3161,3.1961,16680346.389,14361599.739
000001.SZ,20150311,13.86,10.3965,1.2494,3.0341,15834904.1748,13633683.0399
000001.SZ,20150310,13.77,10.329,1.2413,3.0144,15732080.1217,13545152.6306
000001.SZ,20150309,14.15,10.614,1.2756,3.0976,16166226.1236,13918947.6923
000001.SZ,20150306,13.44,10.0815,1.2116,2.9422,15355058.5937,13220541.1296
000001.SZ,20150305,13.38,10.0364,1.2062,2.9291,15286509.225,13161520.8567
000001.SZ,20150304,13.57,10.179,1.2233,2.9707,15503582.226,13348418.3876
000001.SZ,20150303,13.6,10.2015,1.226,2.9772,15537856.9103,13377928.524
000001.SZ,20150302,14.03,10.524,1.2648,3.0714,16029127.3862,13800907.1465
000001.SZ,20150227,13.99,10.494,1.2612,3.0626,15983427.807,13761560.2979
000001.SZ,20150226,14.07,10.554,1.2684,3.0801,16074826.9653,13840253.9951
000001.SZ,20150225,13.8,10.3515,1.244,3.021,15766354.8061,13574662.767
000001.SZ,20150217,13.99,10.494,1.2612,3.0626,15983427.807,13761560.2979
000001.SZ,20150216,13.92,10.4415,1.2548,3.0473,15903453.5435,13692703.3128
000001.SZ,20150213,13.95,10.464,1.2576,3.0538,15937728.2279,13722213.4493
000001.SZ,20150212,13.86,10.3965,1.2494,3.0341,15834904.1748,13633683.0399
000001.SZ,20150211,13.73,10.299,1.2377,3.0057,15686380.5426,13505805.782
000001.SZ,20150210,13.77,10.329,1.2413,3.0144,15732080.1217,13545152.6306
000001.SZ,20150209,13.52,10.1415,1.2188,2.9597,15446457.752,13299234.8268
000001.SZ,20150206,13.51,10.134,1.2179,2.9575,15435032.8572,13289398.1147
000001.SZ,20150205,13.79,10.344,1.2431,3.0188,15754929.9113,13564826.0549
000001.SZ,20150204,13.71,10.284,1.2359,3.0013,15663530.753,13486132.3577
000001.SZ,20150203,13.95,10.464,1.2576,3.0538,15937728.2279,13722213.4493
000001.SZ,20150202,13.63,10.224,1.2287,2.9838,15572131.5947,13407438.6605
000001.SZ,20150130,13.93,10.449,1.2558,3.0495,15914878.4383,13702540.025
000001.SZ,20150129,13.9,10.4265,1.253,3.0429,15880603.7539,13673029.8885
000001.SZ,20150128,14.06,10.5465,1.2675,3.0779,16063402.0705,13830417.2829
000001.SZ,20150127,13.99,10.494,1.2612,3.0626,15983427.807,13761560.2979
000001.SZ,20150126,14.34,10.7565,1.2927,3.1392,16383299.1246,14105845.2231
000001.SZ,20150123,14.4,10.8016,1.2981,3.1524,16451848.4933,14164865.496
000001.SZ,20150122,14.3,10.7265,1.2891,3.1305,16337599.5454,14066498.3745
000001.SZ,20150121,14.42,10.8166,1.2999,3.1567,16474698.2829,14184538.9203
000001.SZ,20150120,13.83,10.374,1.2467,3.0276,15800629.4904,13604172.9035
000001.SZ,20150119,13.83,10.374,1.2467,3.0276,15800629.4904,13604172.9035
000001.SZ,20150116,15.37,11.5292,1.3856,3.3647,17560063.2876,15119026.5746
000001.SZ,20150115,15.35,11.5142,1.3838,3.3603,17537213.498,15099353.1503
000001.SZ,20150114,14.81,11.1091,1.3351,3.2421,16920269.1795,14568170.6942
000001.SZ,20150113,14.68,11.0116,1.3234,3.2137,16771745.5473,14440293.4362
000001.SZ,20150112,14.77,11.0791,1.3315,3.2334,16874569.6004,14528823.8456
000001.SZ,20150109,15.08,11.3116,1.3594,3.3012,17228741.3388,14833761.9222
000001.SZ,20150108,14.96,11.2216,1.3486,3.275,17091642.6014,14715721.3764
000001.SZ,20150107,15.48,11.6117,1.3955,3.3888,17685737.1303,15227230.4082
000001.SZ,20150106,15.78,11.8367,1.4225,3.4545,18028483.9739,15522331.7727
000001.SZ,20150105,16.02,12.0167,1.4442,3.507,18302681.4488,15758412.8643
000001.SZ,20141231,15.84,11.8817,1.4279,3.4676,18097033.3426,15581352.0456
000001.SZ,20141230,15.5,11.6267,1.3973,3.3932,17708586.9199,15246903.8325
000001.SZ,20141229,14.92,11.1916,1.345,3.2662,17045943.0222,14676374.5278
000001.SZ,20141226,15.1,11.3266,1.3612,3.3056,17251591.1284,14853435.3465
000001.SZ,20141225,14.69,11.0191,1.3243,3.2158,16783170.4421,14450130.1484
000001.SZ,20141224,14.07,10.554,1.2684,3.0801,16074826.9653,13840253.9951
000001.SZ,20141223,14.75,11.0641,1.3297,3.229,16851719.8108,14509150.4213
000001.SZ,20141222,15.34,11.5067,1.3829,3.3581,17525788.6033,15089516.4381
000001.SZ,20141219,15.0,11.2516,1.3522,3.2837,17137342.1805,14755068.225
000001.SZ,20141218,14.89,11.1691,1.3423,3.2596,17011668.3378,14646864.3914
000001.SZ,20141217,15.36,11.5217,1.3847,3.3625,17548638.3928,15109189.8624
000001.SZ,20141216,14.39,10.7941,1.2972,3.1502,16440423.5985,14155028.7839
000001.SZ,20141215,13.58,10.1865,1.2242,2.9729,15515007.1207,13358255.0997
000001.SZ,20141212,13.94,10.4565,1.2567,3.0517,15926303.3331,13712376.7371
000001.SZ,20141211,13.92,10.4415,1.2548,3.0473,15903453.5435,13692703.3128
000001.SZ,20141210,14.19,10.644,1.2792,3.1064,16211925.7028,13958294.5409
000001.SZ,20141209,13.71,10.284,1.2359,3.0013,15663530.753,13486132.3577
000001.SZ,20141208,15.23,11.4241,1.3729,3.3341,17400114.7606,14981312.6045
000001.SZ,20141205,14.53,10.8991,1.3098,3.1808,16600372.1255,14292742.754
000001.SZ,20141204,13.96,10.4715,1.2585,3.056,15949153.1227,13732050.1614
000001.SZ,20141203,13.1,9.8264,1.1809,2.8678,14966612.171,12886092.9165
000001.SZ,20141202,13.12,9.8414,1.1827,2.8721,14989461.9605,12905766.3408
000001.SZ,20141201,12.19,9.1438,1.0989,2.6686,13926946.7454,11990952.1109
000001.SZ,20141128,12.44,9.3313,1.1214,2.7233,14212569.115,12236869.9146
000001.SZ,20141127,11.31,8.4837,1.0196,2.4759,12921556.0041,11125321.4417
000001.SZ,20141126,11.21,8.4087,1.0106,2.454,12807307.0562,11026954.3202
000001.SZ,20141125,10.98,8.2362,0.9898,2.4037,12544534.4761,10800709.9407
000001.SZ,20141124,10.78,8.0862,0.9718,2.3599,12316036.5804,10603975.6977
000001.SZ,20141121,10.8,8.1012,0.9736,2.3643,12338886.37,10623649.122
000001.SZ,20141120,10.63,7.9736,0.9583,2.3271,12144663.1586,10456425.0155
000001.SZ,20141119,10.63,7.9736,0.9583,2.3271,12144663.1586,10456425.0155
000001.SZ,20141118,10.61,7.9586,0.9565,2.3227,12121813.369,10436751.5912
000001.SZ,20141117,10.76,8.0712,0.97,2.3555,12293186.7908,10584302.2734
000001.SZ,20141114,10.93,8.1987,0.9853,2.3927,12487410.0022,10751526.38
000001.SZ,20141113,11.05,8.2887,0.9961,2.419,12624508.7396,10869566.9258
000001.SZ,20141112,11.2,8.4012,1.0096,2.4518,12795882.1614,11017117.608
000001.SZ,20141111,11.27,8.4537,1.016,2.4672,12875856.4249,11085974.5931
000001.SZ,20141110,11.14,8.3562,1.0042,2.4387,12727332.7927,10958097.3351
000001.SZ,20141107,10.91,8.1837,0.9835,2.3884,12464560.2126,10731852.9557
000001.SZ,20141106,10.84,8.1312,0.9772,2.373,12384585.9491,10662995.9706
000001.SZ,20141105,10.82,8.1162,0.9754,2.3686,12361736.1595,10643322.5463
000001.SZ,20141104,10.85,8.1387,0.9781,2.3752,12396010.8439,10672832.6828
000001.SZ,20141103,11.11,8.3337,1.0015,2.4321,12693058.1084,10928587.1987
000001.SZ,20141031,11.03,8.2737,0.9943,2.4146,12601658.9501,10849893.5015
000001.SZ,20141030,10.43,7.8236,0.9402,2.2833,11916165.2628,10259690.7725
000001.SZ,20141029,10.3,7.7261,0.9285,2.2548,11767641.6306,10131813.5145
000001.SZ,20141028,10.17,7.6286,0.9168,2.2264,11619117.9984,10003936.2566
000001.SZ,20141027,10.02,7.5161,0.9033,2.1935,11447744.5766,9856385.5743
000001.SZ,20141024,10.18,7.6361,0.9177,2.2285,11630542.8932,10013772.9687
000001.SZ,20141023,10.24,7.6811,0.9673,2.2417,11699092.2619,10072793.2416
000001.SZ,20141022,10.1,7.5761,0.9541,2.211,11539143.7349,9935079.2715
000001.SZ,20141021,10.09,7.5686,0.9532,2.2088,11527718.8401,9925242.5594
000001.SZ,20141020,10.17,7.6286,0.9607,2.2264,11619117.9984,10003936.2566
000001.SZ,20141017,10.12,7.5911,0.956,2.2154,11561993.5244,9954752.6958
000001.SZ,20141016,10.2,7.6511,0.9636,2.2329,11653392.6827,10033446.393
000001.SZ,20141015,10.16,7.6211,0.9598,2.2242,11607693.1036,9994099.5444
000001.SZ,20141014,10.12,7.5911,0.956,2.2154,11561993.5244,9954752.6958
000001.SZ,20141013,10.1,7.5761,0.9541,2.211,11539143.7349,9935079.2715
000001.SZ,20141010,10.16,7.6211,0.9598,2.2242,11607693.1036,9994099.5444
000001.SZ,20141009,10.2,7.6511,0.9636,2.2329,11653392.6827,10033446.393
000001.SZ,20141008,10.26,7.6961,0.9692,2.2461,11721942.0515,10092466.6659
000001.SZ,20140930,10.14,7.6061,0.9579,2.2198,11584843.314,9974426.1201
000001.SZ,20140929,10.12,7.5911,0.956,2.2154,11561993.5244,9954752.6958
000001.SZ,20140926,10.12,7.5911,0.956,2.2154,11561993.5244,9954752.6958
000001.SZ,20140925,10.18,7.6361,0.9617,2.2285,11630542.8932,10013772.9687
000001.SZ,20140924,10.28,7.7111,0.9711,2.2504,11744791.841,10112140.0902
000001.SZ,20140923,10.1,7.5761,0.9541,2.211,11539143.7349,9935079.2715
000001.SZ,20140922,10.06,7.5461,0.9503,2.2023,11493444.1557,9895732.4229
000001.SZ,20140919,10.38,7.7861,0.9806,2.2723,11859040.7889,10210507.2117
000001.SZ,20140918,10.33,7.7486,0.9758,2.2614,11801916.315,10161323.651
000001.SZ,20140917,10.26,7.6961,0.9692,2.2461,11721942.0515,10092466.6659
000001.SZ,20140916,10.25,7.6886,0.9683,2.2439,11710517.1567,10082629.9538
000001.SZ,20140915,10.31,7.7336,0.974,2.257,11779066.5254,10141650.2267
000001.SZ,20140912,10.37,7.7786,0.9796,2.2701,11847615.8941,10200670.4996
000001.SZ,20140911,10.37,7.7786,0.9796,2.2701,11847615.8941,10200670.4996
000001.SZ,20140910,10.33,7.7486,0.9758,2.2614,11801916.315,10161323.651
000001.SZ,20140909,10.46,7.8461,0.9881,2.2898,11950439.9472,10289200.9089
000001.SZ,20140905,10.57,7.9286,0.9985,2.3139,12076113.7899,10397404.7426
000001.SZ,20140904,10.55,7.9136,0.9966,2.3095,12053264.0003,10377731.3183
000001.SZ,20140903,10.5,7.8761,0.9919,2.2986,11996139.5264,10328547.7575
000001.SZ,20140902,10.45,7.8386,0.9872,2.2876,11939015.0524,10279364.1968
000001.SZ,20140901,10.3,7.7261,0.973,2.2548,11767641.6306,10131813.5145
000001.SZ,20140829,10.25,7.6886,0.9683,2.2439,11710517.1567,6858383.4194
000001.SZ,20140828,10.15,7.6136,0.9588,2.222,11596268.2088,6791424.4993
000001.SZ,20140827,10.24,7.6811,0.9673,2.2417,11699092.2619,6851644.0269
000001.SZ,20140826,10.19,7.6436,0.9626,2.2307,11641967.788,6818188.7338
000001.SZ,20140825,10.21,7.6586,0.9645,2.2351,11664817.5775,6831570.851
000001.SZ,20140822,10.35,7.7636,0.9777,2.2658,11824766.1045,6925245.6717
000001.SZ,20140821,10.34,7.7561,0.9768,2.2636,11813341.2098,6918554.6131
000001.SZ,20140820,10.47,7.8536,0.9891,2.292,11961864.842,7005538.3751
000001.SZ,20140819,10.58,7.9361,0.9995,2.3161,12087538.6846,7079140.02
000001.SZ,20140818,10.65,7.9887,1.0061,2.3314,12167512.9482,7125977.4303
000001.SZ,20140815,10.58,7.9361,0.9995,2.3161,12087538.6846,7079140.02
000001.SZ,20140814,10.54,7.9061,0.9957,2.3074,12041839.1055,7052375.7855
000001.SZ,20140813,10.65,7.9887,1.0509,2.3314,12167512.9482,7125977.4303
000001.SZ,20140812,10.6,7.9511,1.046,2.3205,12110388.4742,7092522.1372
000001.SZ,20140811,10.71,8.0337,1.0569,2.3446,12236062.3169,7166123.782
000001.SZ,20140808,10.54,7.9061,1.0401,2.3074,12041839.1055,7052375.7855
000001.SZ,20140807,10.5,7.8761,1.0361,2.2986,11996139.5264,7025611.551
000001.SZ,20140806,10.65,7.9887,1.0509,2.3314,12167512.9482,7125977.4303
000001.SZ,20140805,10.82,8.1162,1.0677,2.3686,12361736.1595,7239725.4268
000001.SZ,20140804,10.93,8.1987,1.0786,2.3927,12487410.0022,7313327.0717
000001.SZ,20140801,10.7,8.0262,1.0559,2.3424,12224637.4221,7159432.7234
000001.SZ,20140731,10.87,8.1537,1.0727,2.3796,12418860.6335,7273180.7199
000001.SZ,20140730,10.75,8.0637,1.0608,2.3533,12281761.896,7192888.0165
000001.SZ,20140729,10.82,8.1162,1.0677,2.3686,12361736.1595,7239725.4268
000001.SZ,20140728,10.78,8.0862,1.0638,2.3599,12316036.5804,7212961.1924
000001.SZ,20140725,10.22,7.6661,1.0085,2.2373,11676242.4723,6838261.9096
000001.SZ,20140724,10.16,7.6211,1.0026,2.2242,11607693.1036,6798115.5579
000001.SZ,20140723,9.76,7.3211,0.9631,2.1366,11150697.3121,6530473.2131
000001.SZ,20140722,9.73,7.2986,0.9602,2.13,11116422.6278,6510400.0373
000001.SZ,20140721,9.55,7.1635,0.9424,2.0906,10910774.5216,6389960.9821
000001.SZ,20140718,9.6,7.201,0.9473,2.1016,10967898.9955,6423416.2752
000001.SZ,20140717,9.59,7.1935,0.9463,2.0994,10956474.1007,6416725.2166
000001.SZ,20140716,9.61,7.2085,0.9483,2.1038,10979323.8903,6430107.3338
000001.SZ,20140714,9.72,7.291,0.9592,2.1278,11104997.733,6503708.9786
000001.SZ,20140711,9.67,7.2535,0.9542,2.1169,11047873.259,6470253.6855
000001.SZ,20140710,9.67,7.2535,0.9542,2.1169,11047873.259,6470253.6855
000001.SZ,20140709,9.65,7.2385,0.9523,2.1125,11025023.4695,6456871.5683
000001.SZ,20140708,9.93,7.4486,0.9799,2.1738,11344920.5235,6644221.2097
000001.SZ,20140707,9.86,7.3961,0.973,2.1585,11264946.26,6597383.7993
000001.SZ,20140704,9.91,7.4336,0.9779,2.1694,11322070.7339,6630839.0924
000001.SZ,20140703,9.96,7.4711,0.9829,2.1804,11379195.2079,6664294.3855
000001.SZ,20140702,9.89,7.4186,0.9759,2.1651,11299220.9443,6617456.9752
000001.SZ,20140701,9.86,7.3961,0.973,2.1585,11264946.26,6597383.7993
000001.SZ,20140630,9.91,7.4336,0.9779,2.1694,11322070.7339,6630839.0924
000001.SZ,20140627,9.82,7.3661,0.969,2.1497,11219246.6808,6570619.5648
000001.SZ,20140626,9.82,7.3661,0.969,2.1497,11219246.6808,6570619.5648
000001.SZ,20140625,9.77,7.3286,0.9641,2.1388,11162122.2069,6537164.2717
000001.SZ,20140624,9.8,7.3511,0.9671,2.1454,11196396.8913,6557237.4476
000001.SZ,20140623,9.77,7.3286,0.9641,2.1388,11162122.2069,6537164.2717
000001.SZ,20140620,9.85,7.3886,0.972,2.1563,11253521.3652,6590692.7407
000001.SZ,20140619,9.78,7.3361,0.9651,2.141,11173547.1017,6543855.3304
000001.SZ,20140618,9.86,7.3961,0.973,2.1585,11264946.26,6597383.7993
000001.SZ,20140617,10.04,7.5311,0.9908,2.1979,11470594.3661,6717822.8545
000001.SZ,20140616,10.13,7.5986,0.9996,2.2176,11573418.4192,6778042.3821
000001.SZ,20140613,10.12,7.5911,0.9986,2.2154,11561993.5244,6771351.3234
000001.SZ,20140612,9.71,7.2835,0.9582,2.1257,11093572.8382,6497017.92
000001.SZ,20140611,11.78,7.3636,0.9561,2.149,11215438.3828,6568389.2116
000001.SZ,20140610,11.75,7.3448,0.9537,2.1435,11186876.1458,6551661.565
000001.SZ,20140609,11.48,7.176,0.9318,2.0943,10929816.0131,6401112.7461
000001.SZ,20140606,11.38,7.1135,0.9237,2.076,10834608.5565,6345353.9243
000001.SZ,20140605,11.43,7.1448,0.9277,2.0852,10882212.2848,6373255.8431
000001.SZ,20140604,11.33,7.0823,0.9196,2.0669,10787004.8282,6317496.8244
000001.SZ,20140603,11.51,7.1948,0.9342,2.0997,10958378.2501,6417863.0581
000001.SZ,20140530,11.5,7.1885,0.9334,2.0979,10948857.5044,6412287.1563
000001.SZ,20140529,11.5,7.1885,0.9334,2.0979,10948857.5044,6412287.1563
000001.SZ,20140528,11.6,7.251,0.9415,2.1162,11044064.961,6468046.175
000001.SZ,20140527,11.58,7.2385,0.9399,2.1125,11025023.4696,6456894.3713
000001.SZ,20140526,11.58,7.2385,0.9399,2.1125,11025023.4696,6456894.3713
000001.SZ,20140523,11.58,7.2385,0.9399,2.1125,11025023.4696,6456894.3713
000001.SZ,20140522,11.39,7.1198,0.9245,2.0779,10844129.3022,6350952.2356
000001.SZ,20140521,11.33,7.0823,0.9196,2.0669,10787004.8282,6317496.8244
000001.SZ,20140520,11.24,7.026,0.9123,2.0505,10701318.1173,6267313.7075
000001.SZ,20140519,11.27,7.0448,0.9147,2.056,10729880.3543,6284041.4131
000001.SZ,20140516,11.27,7.0448,0.9147,2.056,10729880.3543,6284041.4131
000001.SZ,20140515,11.19,6.9948,0.9082,2.0414,10653714.3891,6239434.1981
000001.SZ,20140514,11.31,7.0698,0.918,2.0633,10767963.3369,6306345.0206
000001.SZ,20140513,11.23,7.0198,0.9115,2.0487,10691797.3717,6261737.8056
000001.SZ,20140512,11.34,7.0885,0.9204,2.0687,10796525.5739,6323072.7263
000001.SZ,20140509,11.05,6.9072,0.8969,2.0158,10520423.9499,6161371.5719
000001.SZ,20140508,10.93,6.8322,0.8871,1.9939,10406175.002,6094460.7494
000001.SZ,20140507,10.85,6.7822,0.8806,1.9793,10330009.0368,6049853.5344
000001.SZ,20140506,10.95,6.8447,0.8888,1.9976,10425216.4933,6105612.5531
000001.SZ,20140505,10.99,6.8697,0.892,2.0049,10463299.4759,6127916.1606
000001.SZ,20140430,11.14,6.9635,0.9042,2.0323,10606110.6608,6211554.6888
000001.SZ,20140429,11.16,6.976,0.9058,2.0359,10625152.1521,6222706.4925
000001.SZ,20140428,11.03,6.8947,0.8953,2.0122,10501382.4586,6150219.7681
000001.SZ,20140425,11.25,7.0323,0.9131,2.0523,10710838.863,6272889.6094
000001.SZ,20140424,11.23,7.0198,0.9115,2.0487,10691797.3717,6261737.8056
000001.SZ,20140423,11.3,7.0635,0.9599,2.0614,10758442.5913,6300769.1188
000001.SZ,20140422,11.06,6.9135,0.9395,2.0177,10529944.6955,6166947.4738
000001.SZ,20140421,10.69,6.6822,0.9081,1.9502,10177677.1063,5960639.1044
000001.SZ,20140418,10.8,6.751,0.9174,1.9702,10282405.3085,6021974.025
000001.SZ,20140417,10.9,6.8135,0.9259,1.9885,10377612.765,6077733.0438
000001.SZ,20140416,10.99,6.8697,0.9335,2.0049,10463299.4759,6127916.1606
000001.SZ,20140415,10.97,6.8572,0.9318,2.0012,10444257.9846,6116764.3569
000001.SZ,20140414,11.28,7.051,0.9582,2.0578,10739401.1,6289617.315
000001.SZ,20140411,11.4,7.126,0.9684,2.0797,10853650.0478,6356528.1375
000001.SZ,20140410,11.36,7.101,0.965,2.0724,10815567.0652,6334224.53
000001.SZ,20140409,11.19,6.9948,0.9505,2.0414,10653714.3891,6239434.1981
000001.SZ,20140408,11.28,7.051,0.9582,2.0578,10739401.1,6289617.315
000001.SZ,20140404,10.79,6.7447,0.9166,1.9684,10272884.5628,6016398.1231
000001.SZ,20140403,10.77,6.7322,0.9149,1.9648,10253843.0715,6005246.3194
000001.SZ,20140402,10.91,6.8197,0.9268,1.9903,10387133.5107,6083308.9456
000001.SZ,20140401,10.8,6.751,0.9174,1.9702,10282405.3085,6021974.025
000001.SZ,20140331,10.77,6.7322,0.9149,1.9648,10253843.0715,6005246.3194
000001.SZ,20140328,10.78,6.7385,0.9157,1.9666,10263363.8172,6010822.2213
000001.SZ,20140327,10.77,6.7322,0.9149,1.9648,10253843.0715,6005246.3194
000001.SZ,20140326,10.7,6.6885,0.9089,1.952,10187197.8519,5966215.0063
000001.SZ,20140325,10.6,6.626,0.9004,1.9337,10091990.3954,5910455.9875
000001.SZ,20140324,10.79,6.7447,0.9166,1.9684,10272884.5628,6016398.1231
000001.SZ,20140321,10.79,6.7447,0.9166,1.9684,10272884.5628,6016398.1231
000001.SZ,20140320,10.1,6.3134,0.8579,1.8425,9615953.1126,5631660.8938
000001.SZ,20140319,10.24,6.4009,0.8698,1.8681,9749243.5517,5709723.52
000001.SZ,20140318,10.38,6.4884,0.8817,1.8936,9882533.9909,5787786.1463
000001.SZ,20140317,10.47,6.5447,0.8894,1.91,9968220.7018,5837969.2631
000001.SZ,20140314,10.32,6.4509,0.8766,1.8827,9825409.517,5754330.735
000001.SZ,20140313,10.56,6.601,0.897,1.9264,10053907.4127,5888152.38
000001.SZ,20140312,10.35,6.4697,0.8792,1.8881,9853971.754,5771058.4406
000001.SZ,20140311,10.24,6.4009,0.8698,1.8681,9749243.5517,5709723.52
000001.SZ,20140310,10.31,6.4447,0.8758,1.8808,9815888.7713,5748754.8331
000001.SZ,20140307,10.8,6.751,0.9174,1.9702,10282405.3085,6021974.025
000001.SZ,20140306,10.77,7.6506,0.9352,2.5797,10253843.0715,6005246.3194
000001.SZ,20140305,10.7,7.6009,0.9291,2.5629,10187197.8519,5966215.0063
000001.SZ,20140304,10.98,7.7998,0.9534,2.63,10453778.7303,6122340.2588
000001.SZ,20140303,11.04,7.8424,0.9586,2.6443,10510903.2042,6155795.67
000001.SZ,20140228,11.13,7.9063,0.9664,2.6659,10596589.9151,6205978.7869
000001.SZ,20140227,11.24,7.9844,0.976,2.6922,10701318.1173,6267313.7075
000001.SZ,20140226,11.11,7.8921,0.9647,2.6611,10577548.4238,6194826.9831
000001.SZ,20140225,11.02,7.8282,0.9569,2.6396,10491861.7129,6144643.8663
000001.SZ,20140224,11.16,7.9276,0.969,2.6731,10625152.1521,6222706.4925
000001.SZ,20140221,11.6,8.2402,1.0072,2.7785,11044064.961,6468046.175
000001.SZ,20140220,11.76,8.3538,1.0211,2.8168,11196396.8915,6557260.605
000001.SZ,20140219,12.0,8.5243,1.042,2.8743,11424894.7872,6691082.25
000001.SZ,20140218,11.66,8.2828,1.0125,2.7928,11101189.4349,6501501.5863
000001.SZ,20140217,11.97,8.503,1.0394,2.8671,11396332.5502,6674354.5444
000001.SZ,20140214,12.08,8.5812,1.0489,2.8934,11501060.7524,6735689.465
000001.SZ,20140213,12.22,8.6806,1.0611,2.927,11634351.1916,6813752.0913
000001.SZ,20140212,11.94,8.4817,1.0368,2.8599,11367770.3133,6657626.8388
000001.SZ,20140211,12.0,8.5243,1.042,2.8743,11424894.7872,6691082.25
000001.SZ,20140210,11.57,8.2189,1.0046,2.7713,11015502.724,6451318.4694
000001.SZ,20140207,11.38,8.0839,0.9881,2.7258,10834608.5565,6345376.3338
000001.SZ,20140130,11.4,8.0981,0.9899,2.7306,10853650.0478,6356528.1375
000001.SZ,20140129,11.56,8.2118,1.0038,2.7689,11005981.9783,6445742.5675
000001.SZ,20140128,11.5,8.1691,0.9986,2.7545,10948857.5044,6412287.1563
000001.SZ,20140127,11.39,8.091,0.989,2.7282,10844129.3022,6350952.2356
000001.SZ,20140124,11.66,8.2828,1.0125,2.7928,11101189.4349,6501501.5863
000001.SZ,20140123,11.7,8.3112,1.0159,2.8024,11139272.4175,6523805.1938
000001.SZ,20140122,11.79,8.3751,1.0237,2.824,11224959.1284,6573988.3106
000001.SZ,20140121,11.36,8.0697,0.9864,2.721,10815567.0652,6334224.53
000001.SZ,20140120,11.3,8.0271,0.9812,2.7066,10758442.5913,6300769.1188
000001.SZ,20140117,11.48,8.1549,0.9968,2.7497,10929816.0131,6401135.3525
000001.SZ,20140116,11.69,8.3041,1.0151,2.8,11129751.6719,6518229.2919
000001.SZ,20140115,11.67,8.2899,1.0133,2.7952,11110710.1806,6507077.4881
000001.SZ,20140114,11.72,8.3254,1.0177,2.8072,11158313.9088,6534956.9975
000001.SZ,20140113,11.6,8.2402,1.0072,2.7785,11044064.961,6468046.175
000001.SZ,20140110,11.82,8.3965,1.0263,2.8312,11253521.3654,6590716.0163
000001.SZ,20140109,11.82,8.3965,1.0263,2.8312,11253521.3654,6590716.0163
000001.SZ,20140108,11.76,7.1927,1.0157,2.4253,9640096.142,6557260.605
000001.SZ,20140107,11.63,7.1131,1.0044,2.3985,9533530.4534,6484773.8806
000001.SZ,20140106,11.67,7.1376,1.0079,2.4067,9566319.8961,6507077.4881
000001.SZ,20140103,11.93,7.2966,1.0304,2.4603,9779451.2733,6652050.9369
000001.SZ,20140102,12.23,7.4801,1.0563,2.5222,10025372.0933,6819327.9931
000001.SZ,20131231,12.25,7.4923,1.058,2.5263,10041766.8146,6830479.7969
000001.SZ,20131230,11.74,7.1804,1.0139,2.4211,9623701.4207,6546108.8013
000001.SZ,20131227,11.75,7.1865,1.0148,2.4232,9631898.7814,6551684.7031
000001.SZ,20131226,11.45,7.003,0.9889,2.3613,9385977.9614,6384407.6469
000001.SZ,20131225,11.72,7.1682,1.0122,2.417,9607306.6994,6534956.9975
000001.SZ,20131224,11.7,7.156,1.0105,2.4129,9590911.9781,6523805.1938
000001.SZ,20131223,11.95,7.3089,1.0321,2.4644,9795845.9947,6663202.7406
000001.SZ,20131220,11.91,7.2844,1.0286,2.4562,9763056.552,6640899.1331
000001.SZ,20131219,12.5,7.6453,1.0796,2.5779,10246700.8313,6969877.3438
000001.SZ,20131218,12.76,7.8043,1.102,2.6315,10459832.2085,7114850.7925
000001.SZ,20131217,12.72,7.7798,1.0986,2.6232,10427042.7659,7092547.185
000001.SZ,20131216,12.75,7.7982,1.1012,2.6294,10451634.8479,7109274.8906
000001.SZ,20131213,12.55,7.6758,1.0839,2.5882,10287687.6346,6997756.8531
000001.SZ,20131212,12.72,7.7798,1.0986,2.6232,10427042.7659,7092547.185
000001.SZ,20131211,12.84,7.8532,1.109,2.648,10525411.0939,7159458.0075
000001.SZ,20131210,13.29,8.1284,1.1478,2.7408,10894292.3238,7410373.5919
000001.SZ,20131209,13.19,8.0673,1.1392,2.7202,10812318.7171,7354614.5731
000001.SZ,20131206,13.29,8.1284,1.1478,2.7408,10894292.3238,7410373.5919
000001.SZ,20131205,13.43,8.2141,1.1599,2.7697,11009055.3731,7488436.2181
000001.SZ,20131204,13.6,8.318,1.1746,2.8047,11148410.5044,7583226.55
000001.SZ,20131203,13.54,8.2813,1.1694,2.7924,11099226.3404,7549771.1388
000001.SZ,20131202,13.75,8.4098,1.1875,2.8357,11271370.9144,7666865.0781
000001.SZ,20131129,13.6,8.318,1.1746,2.8047,11148410.5044,7583226.55
000001.SZ,20131128,13.62,8.3303,1.1763,2.8089,11164805.2257,7594378.3538
000001.SZ,20131127,13.57,8.2997,1.172,2.7985,11123818.4224,7566498.8444
000001.SZ,20131126,13.47,8.2385,1.1634,2.7779,11041844.8158,7510739.8256
000001.SZ,20131125,13.5,8.2569,1.166,2.7841,11066436.8978,7527467.5313
000001.SZ,20131122,13.67,8.3608,1.1806,2.8192,11205792.0291,7622257.8631
000001.SZ,20131121,13.94,8.526,1.204,2.8748,11427120.767,7772807.2138
000001.SZ,20131120,13.99,8.5566,1.2083,2.8852,11468107.5703,7800686.7231
000001.SZ,20131119,13.82,8.4526,1.1936,2.8501,11328752.439,7705896.3913
000001.SZ,20131118,14.09,8.6177,1.2169,2.9058,11550081.177,7856445.7419
000001.SZ,20131115,13.36,8.1712,1.1539,2.7552,10951673.8484,7449404.905
000001.SZ,20131114,13.14,8.0367,1.1349,2.7099,10771331.9138,7326735.0638
000001.SZ,20131113,13.33,8.1529,1.1513,2.749,10927081.7664,7432677.1994
000001.SZ,20131112,14.05,8.5933,1.2135,2.8975,11517291.7343,7834142.1344
000001.SZ,20131111,13.4,8.1957,1.1573,2.7635,10984463.2911,6657888.9925
000001.SZ,20131108,13.33,8.1529,1.1513,2.749,10927081.7664,6623108.9754
000001.SZ,20131107,13.27,8.1162,1.1461,2.7367,10877897.6025,6593297.5321
000001.SZ,20131106,13.15,8.0428,1.1357,2.7119,10779529.2745,6533674.6456
000001.SZ,20131105,13.66,8.3547,1.1798,2.8171,11197594.6684,6787071.9133
000001.SZ,20131104,13.56,8.2936,1.1711,2.7965,11115621.0617,6737386.1745
000001.SZ,20131101,13.87,8.4832,1.1979,2.8604,11369739.2424,6891411.9646
000001.SZ,20131031,13.9,8.5015,1.2005,2.8666,11394331.3244,6906317.6863
000001.SZ,20131030,14.4,8.8073,1.2437,2.9697,11804199.3576,7154746.38
000001.SZ,20131029,14.12,8.6361,1.2195,2.912,11574673.259,7015626.3115
000001.SZ,20131028,13.13,8.0306,1.134,2.7078,10763134.5531,6523737.4979
000001.SZ,20131025,13.43,8.2141,1.1599,2.7697,11009055.3731,6672794.7141
000001.SZ,20131024,13.0,7.9511,1.1228,2.681,10656568.8645,6459146.0375
000001.SZ,20131023,12.58,7.6942,1.0865,2.5944,10312279.7166,6250465.9348
000001.SZ,20131022,12.05,7.37,1.079,2.4851,9877819.6013,5987131.5194
000001.SZ,20131021,12.33,7.5413,1.1041,2.5428,10107345.6999,6126251.5879
000001.SZ,20131018,12.2,7.4618,1.0925,2.516,10000780.0113,6061660.1275
000001.SZ,20131017,12.0,7.3394,1.0746,2.4748,9836832.798,5962288.65
000001.SZ,20131016,12.01,7.3456,1.0755,2.4768,9845030.1587,5967257.2239
000001.SZ,20131015,12.21,7.4679,1.0934,2.5181,10008977.372,6066628.7014
000001.SZ,20131014,12.49,7.6391,1.1184,2.5758,10238503.4706,6205748.7699
000001.SZ,20131011,12.69,7.7615,1.1364,2.6171,10402450.6839,6305120.2474
000001.SZ,20131010,12.28,7.5107,1.0996,2.5325,10066358.8966,6101408.7185
000001.SZ,20131009,12.55,7.6758,1.1238,2.5882,10287687.6346,6235560.2131
000001.SZ,20131008,12.21,7.4679,1.0934,2.5181,10008977.372,6066628.7014
000001.SZ,20130930,11.88,7.266,1.0638,2.45,9738464.47,5902665.7635
000001.SZ,20130927,11.9,7.2783,1.0656,2.4541,9754859.1914,5912602.9113
000001.SZ,20130926,11.66,7.1315,1.0441,2.4046,9558122.5354,5793357.1383
000001.SZ,20130925,12.03,7.3578,1.0773,2.4809,9861424.88,5977194.3716
000001.SZ,20130924,12.27,7.5046,1.0987,2.5304,10058161.536,6096440.1446
000001.SZ,20130923,12.88,7.8777,1.1534,2.6562,10558200.5365,6399523.151
000001.SZ,20130918,12.79,7.8226,1.1453,2.6377,10484424.2905,6354805.9861
000001.SZ,20130917,12.79,7.8226,1.1453,2.6377,10484424.2905,6354805.9861
000001.SZ,20130916,13.2,8.0734,1.182,2.7222,10820516.0778,6558517.515
000001.SZ,20130913,13.21,8.0795,1.1829,2.7243,10828713.4385,6563486.0889
000001.SZ,20130912,13.47,8.2385,1.2062,2.7779,11041844.8158,6692669.0096
000001.SZ,20130911,12.69,7.7615,1.1364,2.6171,10402450.6839,6305120.2474
000001.SZ,20130910,12.44,7.6086,1.114,2.5655,10197516.6673,6180905.9005
000001.SZ,20130909,12.13,7.419,1.0862,2.5016,9943398.4866,6026880.1104
000001.SZ,20130905,11.03,6.7462,0.9877,2.2747,9041688.8135,5480336.9841
000001.SZ,20130904,11.08,6.7768,0.9922,2.285,9082675.6168,5505179.8535
000001.SZ,20130903,11.2,6.8501,1.0029,2.3098,9181043.9448,5564802.74
000001.SZ,20130902,10.75,6.5749,0.9626,2.217,8812162.7149,5341216.9156
000001.SZ,20130830,10.61,6.4893,0.9501,2.1881,8697399.6656,5271656.8814
000001.SZ,20130829,10.64,6.5076,0.9528,2.1943,8721991.7476,5286562.603
000001.SZ,20130828,10.63,6.5015,0.9519,2.1922,8713794.3869,5281594.0291
000001.SZ,20130827,10.88,6.6544,0.9743,2.2438,8918728.4035,5405808.376
000001.SZ,20130826,10.9,6.6667,0.9761,2.2479,8935123.1249,5415745.5238
000001.SZ,20130823,10.62,6.4954,0.951,2.1902,8705597.0262,5276625.4553
000001.SZ,20130822,10.95,6.6972,1.0213,2.2582,8976109.9282,5440588.3931
000001.SZ,20130821,10.91,6.6728,1.0176,2.25,8943320.4855,5420714.0976
000001.SZ,20130820,11.0,6.7278,1.026,2.2685,9017096.7315,5465431.2625
000001.SZ,20130819,10.79,6.5994,1.0064,2.2252,8844952.1575,5361091.2111
000001.SZ,20130816,10.58,6.4709,0.9868,2.1819,8672807.5836,5256751.1598
000001.SZ,20130815,10.2,6.2385,0.9514,2.1035,8361307.8783,5067945.3525
000001.SZ,20130814,10.43,6.3792,0.9728,2.151,8549847.1736,5182222.5516
000001.SZ,20130813,10.5,6.422,0.9793,2.1654,8607228.6983,5217002.5688
000001.SZ,20130812,10.33,6.318,0.9635,2.1304,8467873.5669,5132536.8129
000001.SZ,20130809,9.85,6.0245,0.9187,2.0314,8074400.255,4894045.2669
000001.SZ,20130808,9.89,6.0489,0.9224,2.0396,8107189.6977,4913919.5624
000001.SZ,20130807,9.93,6.0734,0.9262,2.0479,8139979.1403,4933793.8579
000001.SZ,20130806,9.92,6.0673,0.9252,2.0458,8131781.7797,4928825.284
000001.SZ,20130805,9.94,6.0795,0.9271,2.0499,8148176.501,4938762.4318
000001.SZ,20130802,9.82,6.0061,0.9159,2.0252,8049808.173,4879139.5453
000001.SZ,20130801,9.92,6.0673,0.9252,2.0458,8131781.7797,4928825.284
000001.SZ,20130731,9.59,5.8654,0.8945,1.9777,7861268.8777,4764862.3461
000001.SZ,20130730,9.68,5.9205,0.9029,1.9963,7935045.1237,4809579.511
000001.SZ,20130729,9.41,5.7553,0.8777,1.9406,7713716.3858,4675428.0164
000001.SZ,20130726,9.64,5.896,0.8991,1.9881,7902255.6811,4789705.2155
000001.SZ,20130725,9.81,6.0,0.915,2.0231,8041610.8124,4874170.9714
000001.SZ,20130724,9.76,5.9694,0.9103,2.0128,8000624.009,4849328.102
000001.SZ,20130723,9.96,6.0917,0.929,2.0541,8164571.2223,4948699.5795
000001.SZ,20130722,9.42,5.7615,0.8786,1.9427,7721913.7464,4680396.5903
000001.SZ,20130719,9.43,5.7676,0.8795,1.9447,7730111.1071,4685365.1641
000001.SZ,20130718,9.82,6.0061,0.9159,2.0252,8049808.173,4879139.5453
000001.SZ,20130717,10.14,6.2018,0.9458,2.0912,8312123.7143,5038133.9093
000001.SZ,20130716,10.38,6.3486,0.9681,2.1407,8508860.3703,5157379.6823
000001.SZ,20130715,10.51,6.4281,0.9803,2.1675,8615426.0589,5221971.1426
000001.SZ,20130712,10.34,6.3242,0.9644,2.1324,8476070.9276,5137505.3868
000001.SZ,20130711,10.34,6.3242,0.9644,2.1324,8476070.9276,5137505.3868
000001.SZ,20130710,9.4,5.7492,0.8767,1.9386,7705519.0251,4670459.4425
000001.SZ,20130709,9.0,5.5046,0.8394,1.8561,7377624.5985,4471716.4875
000001.SZ,20130708,8.99,5.4985,0.8385,1.854,7369427.2378,4466747.9136
000001.SZ,20130705,9.37,5.7309,0.8739,1.9324,7680926.9431,4655553.7209
000001.SZ,20130704,9.37,5.7309,0.8739,1.9324,7680926.9431,4655553.7209
000001.SZ,20130703,9.33,5.7064,0.8702,1.9241,7648137.5004,4635679.4254
000001.SZ,20130702,9.6,5.8716,0.8954,1.9798,7869466.2384,4769830.92
000001.SZ,20130701,9.75,5.9633,0.9094,2.0107,7992426.6484,4844359.5281
000001.SZ,20130628,9.97,6.0979,0.9299,2.0561,8172768.583,4953668.1534
000001.SZ,20130627,9.6,5.8716,0.8954,1.9798,7869466.2384,4769830.92
000001.SZ,20130626,9.76,5.9694,0.9103,2.0128,8000624.009,4849328.102
000001.SZ,20130625,9.98,6.104,0.9308,2.0582,8180965.9437,4958636.7273
000001.SZ,20130624,10.15,6.2079,0.9467,2.0932,8320321.075,5043102.4831
000001.SZ,20130621,11.28,6.8991,1.0521,2.3263,9246622.8301,5604551.331
000001.SZ,20130620,11.18,6.8379,1.0428,2.3057,9164649.2235,5554865.5923
000001.SZ,20130619,19.24,7.3547,1.1106,2.4799,9857326.2004,5974710.0849
000001.SZ,20130618,19.73,7.542,1.1389,2.5431,10108370.3708,6126872.6599
000001.SZ,20130617,19.24,7.3547,1.1106,2.4799,9857326.2004,5974710.0849
000001.SZ,20130614,19.06,7.2859,1.1002,2.4567,9765105.8929,5918813.6288
000001.SZ,20130613,18.79,7.1827,1.0846,2.4219,9626775.4317,5834967.7233
000001.SZ,20130607,19.53,7.4656,1.1273,2.5173,10005903.3624,6064764.217
000001.SZ,20130606,20.13,7.6949,1.1619,2.5946,10313304.3874,6251085.6983
000001.SZ,20130605,20.81,7.9549,1.2012,2.6823,10661692.2157,6462250.0438
000001.SZ,20130604,21.13,8.0772,1.2197,2.7235,10825639.429,6561621.5005
000001.SZ,20130603,20.91,7.9931,1.207,2.6952,10712925.7199,6493303.624
000001.SZ,20130531,20.99,8.0237,1.2116,2.7055,10753912.5232,6518146.4882
000001.SZ,20130530,21.2,8.104,1.2237,2.7325,10861502.8819,6583359.0066
000001.SZ,20130529,21.28,8.1345,1.2283,2.7429,10902489.6852,6608201.8708
000001.SZ,20130528,21.6,8.2569,1.2468,2.7841,11066436.8986,6707573.3275
000001.SZ,20130527,20.42,7.8058,1.1787,2.632,10461881.5495,6341141.0809
000001.SZ,20130524,20.69,7.909,1.1943,2.6668,10600212.0107,6424985.7475
000001.SZ,20130523,20.52,7.844,1.1845,2.6449,10513115.0536,6372194.6611
000001.SZ,20130522,21.16,8.0887,1.2214,2.7274,10841009.4803,6570937.5746
000001.SZ,20130521,21.1,8.0657,1.2179,2.7197,10810269.3778,6552305.4264
000001.SZ,20130520,20.98,8.0199,1.211,2.7042,10748789.1728,6515041.1302
000001.SZ,20130517,20.39,7.7943,1.177,2.6281,10446511.4982,6331825.0069
000001.SZ,20130516,20.31,7.7638,1.1723,2.6178,10405524.6949,6306982.1427
000001.SZ,20130515,19.3,7.3777,1.114,2.4876,9888066.3029,5993340.9825
000001.SZ,20130514,19.29,7.3738,1.1135,2.4864,9882942.9525,5990235.6244
000001.SZ,20130513,19.92,7.6147,1.1498,2.5676,10205714.0287,6185873.1798
000001.SZ,20130510,20.19,7.7179,1.1654,2.6024,10344044.4899,6269717.8464
000001.SZ,20130509,20.13,7.6949,1.1619,2.5946,10313304.3874,6251085.6983
000001.SZ,20130508,20.38,7.7905,1.1764,2.6269,10441388.1478,6328719.6488
000001.SZ,20130507,20.25,7.7408,1.1689,2.6101,10374784.5924,6288349.9946
000001.SZ,20130506,20.31,7.7638,1.1723,2.6178,10405524.6949,6306982.1427
000001.SZ,20130503,19.73,7.542,1.1389,2.5431,10108370.3708,6126871.3774
000001.SZ,20130502,18.91,7.2286,1.0915,2.4374,9688255.6367,5872232.0196
000001.SZ,20130426,18.7,7.1483,1.0794,2.4103,9580665.2779,5807019.5011
000001.SZ,20130425,18.83,7.198,1.0869,2.4271,9647268.8333,5847389.1554
000001.SZ,20130424,19.4,7.4159,1.1198,2.5005,9939299.807,6024394.5627
000001.SZ,20130423,19.08,7.2936,1.1528,2.4593,9775352.5937,5925023.106
000001.SZ,20130422,20.23,7.7332,1.2223,2.6075,10364537.8916,6282139.2785
000001.SZ,20130419,20.24,7.737,1.2229,2.6088,10369661.242,6285244.6365
000001.SZ,20130418,19.1,7.3012,1.154,2.4619,9785599.2946,5931233.822
000001.SZ,20130417,18.49,7.068,1.1171,2.3832,9473074.9192,5741806.9827
000001.SZ,20130416,18.75,7.1674,1.1328,2.4168,9606282.03,5822546.2913
000001.SZ,20130415,18.56,7.0948,1.1214,2.3923,9508938.3721,5763544.4888
000001.SZ,20130412,18.9,7.2248,1.1419,2.4361,9683132.2862,5869126.6616
000001.SZ,20130411,19.41,7.4197,1.1727,2.5018,9944423.1575,6027499.9207
000001.SZ,20130410,19.4,7.4159,1.1721,2.5005,9939299.807,6024394.5627
000001.SZ,20130409,19.94,7.6223,1.2047,2.5701,10215960.7295,6192083.8959
000001.SZ,20130408,19.93,7.6185,1.2041,2.5689,10210837.3791,6188978.5378
000001.SZ,20130403,20.45,7.8173,1.2355,2.6359,10477251.6007,6350457.155
000001.SZ,20130402,20.44,7.8134,1.2349,2.6346,10472128.2503,6347351.797
000001.SZ,20130401,20.39,7.7943,1.2319,2.6281,10446511.4982,6331825.0069
000001.SZ,20130329,20.12,7.6911,1.2156,2.5933,10308181.037,6247980.3403
000001.SZ,20130328,20.02,7.6529,1.2096,2.5805,10256947.5328,6216926.76
000001.SZ,20130327,22.15,8.4671,1.3383,2.855,11348221.1714,6878368.0187
000001.SZ,20130326,22.14,8.4633,1.3376,2.8537,11343097.821,6875262.6607
000001.SZ,20130325,22.76,8.7003,1.3751,2.9336,11660745.5468,7067794.8581
000001.SZ,20130322,23.03,8.8035,1.3914,2.9684,11799076.008,7151639.5247
000001.SZ,20130321,22.96,8.7767,1.3872,2.9594,11763212.5551,7129902.0185
000001.SZ,20130320,23.1,8.8303,1.3956,2.9774,11834939.461,7173377.0308
000001.SZ,20130319,21.5,8.2186,1.299,2.7712,11015203.3944,6676519.7473
000001.SZ,20130318,21.35,8.1613,1.2899,2.7519,10938353.1382,6629939.377
000001.SZ,20130315,22.2,8.4862,1.3413,2.8614,11373837.9235,6893894.8088
000001.SZ,20130314,21.67,8.2836,1.3093,2.7931,11102300.3515,6729310.8337
000001.SZ,20130313,22.09,8.4442,1.3346,2.8473,11317481.0689,6859735.8706
000001.SZ,20130312,21.72,8.3027,1.3123,2.7996,11127917.1036,6744837.6238
000001.SZ,20130311,22.63,8.6506,1.3673,2.9169,11594141.9914,7027425.2038
000001.SZ,20130308,22.86,8.7385,1.3811,2.9465,11711979.051,7098848.4383
000001.SZ,20130307,23.74,11.8331,1.4976,4.1031,12162833.8876,7372121.4873
000001.SZ,20130306,24.25,12.0873,1.5298,4.1912,12424124.7588,7530494.7796
000001.SZ,20130305,23.93,11.9278,1.5096,4.1359,12260177.5455,7431123.3021
000001.SZ,20130304,21.75,10.8412,1.3721,3.7592,11143287.1548,6754155.1116
000001.SZ,20130301,23.06,11.4942,1.4547,3.9856,11814446.0593,7160957.0976
000001.SZ,20130228,23.0,11.4643,1.451,3.9752,11783705.9568,7142324.9456
000001.SZ,20130227,21.02,10.4774,1.326,3.633,10769282.5744,6527463.9285
000001.SZ,20130226,20.85,10.3926,1.3153,3.6036,10682185.6174,6474672.8311
000001.SZ,20130225,20.01,9.9739,1.2623,3.4584,10251824.1824,6213822.7027
000001.SZ,20130222,19.12,9.5303,1.2062,3.3046,9795845.9954,5937445.7809
000001.SZ,20130221,19.6,9.7696,1.2365,3.3876,10041766.8154,6086502.9971
000001.SZ,20130220,20.3,10.1185,1.2806,3.5085,10400401.3445,6303878.1042
000001.SZ,20130219,20.81,10.3727,1.3128,3.5967,10661692.2157,6462251.3964
000001.SZ,20130218,20.9,10.4175,1.3185,3.6122,10707802.3694,6490199.6245
000001.SZ,20130208,20.75,10.3428,1.309,3.5863,10630952.1132,6443619.2444
000001.SZ,20130207,20.85,10.3926,1.3153,3.6036,10682185.6174,6474672.8311
000001.SZ,20130206,21.86,10.896,1.379,3.7782,11199644.0094,6788314.057
000001.SZ,20130205,21.78,10.8562,1.374,3.7643,11158657.206,6763471.1876
000001.SZ,20130204,22.01,10.9708,1.3885,3.8041,11276494.2656,6834894.4371
000001.SZ,20130201,22.43,11.1802,1.415,3.8767,11491674.9831,6965319.5013
000001.SZ,20130131,21.1,10.5172,1.3311,3.6468,10810269.3778,6552306.7979
000001.SZ,20130130,21.33,10.6319,1.3456,3.6866,10928106.4373,6623730.0474
000001.SZ,20130129,21.38,10.6568,1.3488,3.6952,10953723.1894,6639256.8407
000001.SZ,20130128,21.07,10.5023,1.3292,3.6416,10794899.3265,6542990.7219
000001.SZ,20130125,19.15,9.5453,1.2081,3.3098,9811216.0466,5946761.8569
000001.SZ,20130124,19.45,9.6948,1.227,3.3616,9964916.5591,6039922.617
000001.SZ,20130123,20.05,9.9939,1.2649,3.4653,10272317.5841,6226244.1374
000001.SZ,20130122,20.48,10.2082,1.292,3.5397,10492621.652,6359774.5603
000001.SZ,20130121,19.7,9.8194,1.2428,3.4048,10093000.3195,6117556.5838
000001.SZ,20130118,18.33,9.1365,1.1563,3.1681,9391101.3125,5692122.4458
000001.SZ,20130117,17.74,8.8424,1.1191,3.0661,9088823.638,5508906.2841
000001.SZ,20130116,17.82,8.8823,1.1242,3.0799,9129810.4413,5533749.1535
000001.SZ,20130115,17.61,8.7776,1.1109,3.0436,9022220.0826,5468536.6214
000001.SZ,20130114,17.09,8.5185,1.0781,2.9537,8755805.8609,5307057.9704
000001.SZ,20130111,15.54,7.7459,0.9803,2.6859,7961686.5465,4825727.3763
000001.SZ,20130110,15.87,7.9104,1.0012,2.7429,8130757.1102,4928204.2125
000001.SZ,20130109,15.86,7.9054,1.0005,2.7412,8125633.7598,4925098.8538
000001.SZ,20130108,16.0,7.9751,1.0094,2.7654,8197360.6656,4968573.8752
000001.SZ,20130107,16.3,8.1247,1.0283,2.8172,8351061.1781,5061734.6354
000001.SZ,20130104,15.99,7.9702,1.0087,2.7636,8192237.3152,4965468.5165
000001.SZ,20121231,16.02,7.9851,1.0106,2.7688,8207607.3664,4974784.5925
000001.SZ,20121228,15.6,7.7758,0.9841,2.6962,7992426.649,4844359.5283
000001.SZ,20121227,15.48,7.716,0.9766,2.6755,7930946.444,4807095.2243
000001.SZ,20121226,15.37,7.6611,0.9696,2.6565,7874589.5894,4772936.2789
000001.SZ,20121225,15.41,7.6811,0.9721,2.6634,7895082.9911,4785357.7136
000001.SZ,20121224,14.92,7.4368,0.9412,2.5787,7644038.8207,4633195.1386
000001.SZ,20121221,14.87,7.4119,0.9381,2.5701,7618422.0686,4617668.3453
000001.SZ,20121220,15.11,7.5315,0.9532,2.6115,7741382.4786,4692196.9534
000001.SZ,20121219,15.18,7.5664,0.9576,2.6236,7777245.9315,4713934.4641
000001.SZ,20121218,15.25,7.6013,0.962,2.6357,7813109.3844,4735671.9748
000001.SZ,20121217,15.22,7.5864,0.9602,2.6305,7797739.3332,4726355.8988
000001.SZ,20121214,15.18,7.5664,0.9576,2.6236,7777245.9315,4713934.4641
000001.SZ,20121213,14.06,7.0082,0.887,2.4301,7203430.6849,4366134.2928
000001.SZ,20121212,14.24,7.0979,0.8983,2.4612,7295650.9924,4422030.7489
000001.SZ,20121211,14.11,7.0331,0.8901,2.4387,7229047.437,4381661.0862
000001.SZ,20121210,14.32,7.1378,0.9034,2.475,7336637.7957,4446873.6183
000001.SZ,20121207,14.02,6.9882,0.8845,2.4231,7182937.2832,4353712.8581
000001.SZ,20121206,13.51,6.734,0.8523,2.335,6921646.412,4195339.5659
000001.SZ,20121205,13.39,6.6742,0.8447,2.3143,6860166.207,4158075.2618
000001.SZ,20121204,12.7,6.3303,0.8012,2.195,6506655.0283,3943805.5134
000001.SZ,20121203,12.56,6.2605,0.7923,2.1708,6434928.1225,3900330.492
000001.SZ,20121130,12.8,6.3801,0.8075,2.2123,6557888.5325,3974859.1002
000001.SZ,20121129,12.74,6.3502,0.8037,2.2019,6527148.43,3956226.9481
000001.SZ,20121128,13.09,6.5247,0.8258,2.2624,6706465.6945,4064914.5016
000001.SZ,20121127,13.18,6.5695,0.8315,2.278,6752575.8483,4092862.7297
000001.SZ,20121126,13.13,6.5446,0.8283,2.2693,6726959.0962,4077335.9363
000001.SZ,20121123,13.26,6.6094,0.8365,2.2918,6793562.6516,4117705.5991
000001.SZ,20121122,13.15,6.5546,0.8296,2.2728,6737205.797,4083546.6537
000001.SZ,20121121,13.26,6.6094,0.8365,2.2918,6793562.6516,4117705.5991
000001.SZ,20121120,13.08,6.5197,0.8252,2.2607,6701342.3441,4061809.143
000001.SZ,20121119,13.09,6.5247,0.8258,2.2624,6706465.6945,4064914.5016
000001.SZ,20121116,13.1,6.5297,0.8264,2.2641,6711589.045,4068019.8603
000001.SZ,20121115,13.15,6.5546,0.8296,2.2728,6737205.797,4083546.6537
000001.SZ,20121114,13.38,6.6692,0.8441,2.3125,6855042.8566,4154969.9031
000001.SZ,20121113,13.42,6.6892,0.8466,2.3194,6875536.2583,4167391.3378
000001.SZ,20121112,13.62,6.7888,0.8592,2.354,6978003.2666,4229498.5113
000001.SZ,20121109,13.42,6.6892,0.8466,2.3194,6875536.2583,4167391.3378
000001.SZ,20121108,13.38,6.6692,0.8441,2.3125,6855042.8566,4154969.9031
000001.SZ,20121107,13.55,6.754,0.8548,2.3419,6942139.8137,4207761.0006
000001.SZ,20121106,13.58,6.7689,0.8567,2.3471,6957509.8649,4217077.0766
000001.SZ,20121105,13.61,6.7839,0.8586,2.3523,6972879.9162,4226393.1526
000001.SZ,20121102,13.53,6.744,0.8535,2.3385,6931893.1128,4201550.2832
000001.SZ,20121101,13.38,6.6692,0.8441,2.3125,6855042.8566,4154969.9031
000001.SZ,20121031,13.16,6.5596,0.8302,2.2745,6742329.1475,4086652.0124
000001.SZ,20121030,13.09,6.5247,0.8258,2.2624,6706465.6945,4064914.5016
000001.SZ,20121029,12.94,6.4499,0.8163,2.2365,6629615.4383,4018334.1216
000001.SZ,20121026,12.93,6.4449,0.8157,2.2348,6624492.0879,4015228.7629
000001.SZ,20121025,13.21,6.5845,0.8534,2.2831,6767945.8995,4102178.8057
000001.SZ,20121024,13.29,6.6244,0.8585,2.297,6808932.7029,4127021.6751
000001.SZ,20121023,13.3,6.6293,0.8592,2.2987,6814056.0533,4130127.0338
000001.SZ,20121022,13.47,6.7141,0.8701,2.3281,6901153.0104,4182918.1312
000001.SZ,20121019,13.43,6.6941,0.8676,2.3212,6880659.6087,4170496.6965
000001.SZ,20121018,13.51,6.734,0.8671,2.335,6921646.412,4195339.5659
000001.SZ,20121017,13.36,6.6592,0.8575,2.3091,6844796.1558,4148759.1858
000001.SZ,20121016,13.22,6.5895,0.8485,2.2849,6773069.25,4105284.1644
000001.SZ,20121015,13.1,6.5297,0.8408,2.2641,6711589.045,4068019.8603
000001.SZ,20121012,13.29,6.6244,0.853,2.297,6808932.7029,4127021.6751
000001.SZ,20121011,13.22,6.5895,0.8485,2.2849,6773069.25,4105284.1644
000001.SZ,20121010,13.29,6.6244,0.853,2.297,6808932.7029,4127021.6751
000001.SZ,20121009,13.29,6.6244,0.853,2.297,6808932.7029,4127021.6751
000001.SZ,20121008,12.96,6.4599,0.8318,2.2399,6639862.1391,4024544.8389
000001.SZ,20120928,13.13,6.5446,0.8427,2.2693,6726959.0962,4077335.9363
000001.SZ,20120927,13.03,6.4948,0.8363,2.252,6675725.592,4046282.3496
000001.SZ,20120926,12.64,6.3004,0.8113,2.1846,6475914.9258,3925173.3614
000001.SZ,20120925,12.74,6.3502,0.8177,2.2019,6527148.43,3956226.9481
000001.SZ,20120924,12.91,6.4349,0.8286,2.2313,6614245.3871,4009018.0456
000001.SZ,20120921,12.88,6.42,0.8267,2.2261,6598875.3358,3999701.9695
000001.SZ,20120920,13.01,6.4848,0.835,2.2486,6665478.8912,4040071.6323
000001.SZ,20120919,13.34,6.6493,0.8562,2.3056,6834549.4549,4142548.4684
000001.SZ,20120918,13.51,6.734,0.8671,2.335,6921646.412,4195339.5659
000001.SZ,20120917,13.71,6.8337,0.88,2.3696,7024113.4203,4257446.7393
000001.SZ,20120914,14.05,7.0032,0.9018,2.4283,7198307.3345,4363028.9342
000001.SZ,20120913,13.89,6.9234,0.8915,2.4007,7116333.7278,4313343.1954
000001.SZ,20120912,13.98,6.9683,0.8973,2.4162,7162443.8816,4341291.4235
000001.SZ,20120911,14.02,6.9882,0.8999,2.4231,7182937.2832,4353712.8581
000001.SZ,20120910,14.07,7.0131,0.9031,2.4318,7208554.0353,4369239.6515
000001.SZ,20120907,14.21,7.0829,0.9121,2.456,7280280.9411,4412714.6729
000001.SZ,20120906,13.73,6.8437,0.8812,2.373,7034360.1212,4263657.4567
000001.SZ,20120905,13.62,6.7888,0.8742,2.354,6978003.2666,4229498.5113
000001.SZ,20120904,13.87,6.9135,0.8902,2.3972,7106087.027,4307132.4781
000001.SZ,20120903,14.21,7.0829,0.9121,2.456,7280280.9411,4412714.6729
000001.SZ,20120831,14.19,7.073,0.9108,2.4525,7270034.2403,4406503.9556
000001.SZ,20120830,14.28,7.1178,0.9166,2.4681,7316144.394,4434452.1836
000001.SZ,20120829,14.28,7.1178,0.9166,2.4681,7316144.394,4434452.1836
000001.SZ,20120828,14.37,7.1627,0.9223,2.4836,7362254.5478,4462400.4117
000001.SZ,20120827,14.11,7.0331,0.9056,2.4387,7229047.437,4381661.0862
000001.SZ,20120824,14.37,7.1627,0.9223,2.4836,7362254.5478,4462400.4117
000001.SZ,20120823,14.62,7.2873,0.9384,2.5268,7490338.3082,4540034.3785
000001.SZ,20120822,14.67,7.3122,0.9416,2.5355,7515955.0603,4555561.1718
000001.SZ,20120821,14.79,7.372,0.9493,2.5562,7577435.2653,4592825.4759
000001.SZ,20120820,14.85,7.4019,0.9531,2.5666,7608175.3678,4611457.6279
000001.SZ,20120817,15.06,7.5066,0.9666,2.6029,7715765.7265,4676670.16
000001.SZ,20120816,14.91,7.4318,0.957,2.577,7638915.4703,4630089.78
000001.SZ,20120815,15.1,7.5265,1.0071,2.6098,7736259.1282,4689091.5947
000001.SZ,20120814,15.26,7.6063,1.0178,2.6375,7818232.7348,4738777.3335
000001.SZ,20120813,15.03,7.4917,1.0025,2.5977,7700395.6752,4667354.084
000001.SZ,20120810,15.08,7.5166,1.0058,2.6063,7726012.4273,4682880.8774
000001.SZ,20120809,15.04,7.4966,1.0031,2.5994,7705519.0257,4670459.4427
000001.SZ,20120808,15.04,7.4966,1.0031,2.5994,7705519.0257,4670459.4427
000001.SZ,20120807,14.96,7.4568,0.9978,2.5856,7664532.2223,4645616.5733
000001.SZ,20120806,15.1,7.5265,1.0071,2.6098,7736259.1282,4689091.5947
000001.SZ,20120803,15.15,7.5515,1.0105,2.6184,7761875.8802,4704618.3881
000001.SZ,20120802,15.16,7.5565,1.0111,2.6202,7766999.2307,4707723.7468
000001.SZ,20120801,15.16,7.5565,1.0111,2.6202,7766999.2307,4707723.7468
000001.SZ,20120731,15.1,7.5265,1.0071,2.6098,7736259.1282,4689091.5947
000001.SZ,20120730,14.85,7.4019,0.9905,2.5666,7608175.3678,4611457.6279
000001.SZ,20120727,14.75,7.3521,0.9838,2.5493,7556941.8636,4580404.0412
000001.SZ,20120726,14.65,7.3022,0.9771,2.532,7505708.3594,4549350.4545
000001.SZ,20120725,14.64,7.2973,0.9764,2.5303,7500585.009,4546245.0958
000001.SZ,20120724,14.8,7.377,0.9871,2.558,7582558.6157,4595930.8346
000001.SZ,20120723,14.81,7.382,0.9878,2.5597,7587681.9661,4599036.1932
000001.SZ,20120720,14.85,7.4019,0.9905,2.5666,7608175.3678,4611457.6279
000001.SZ,20120719,15.02,7.4867,1.0018,2.596,7695272.3248,4664248.7253
000001.SZ,20120718,15.01,7.4817,1.0011,2.5942,7690148.9744,4661143.3667
000001.SZ,20120717,15.03,7.4917,1.0025,2.5977,7700395.6752,4667354.084
000001.SZ,20120716,14.85,7.4019,0.9905,2.5666,7608175.3678,4611457.6279
000001.SZ,20120713,14.98,7.4667,0.9991,2.5891,7674778.9232,4651827.2907
000001.SZ,20120712,14.88,7.4169,0.9925,2.5718,7623545.419,4620773.7039
000001.SZ,20120711,14.86,7.4069,0.9911,2.5683,7613298.7182,4614562.9866
000001.SZ,20120710,14.91,7.4318,0.9945,2.577,7638915.4703,4630089.78
000001.SZ,20120709,14.71,7.3322,0.9811,2.5424,7536448.4619,4567982.6065
000001.SZ,20120706,15.14,7.5465,1.0098,2.6167,7756752.5298,4701513.0294
000001.SZ,20120705,15.19,7.5714,1.0131,2.6254,7782369.2819,4717039.8228
000001.SZ,20120704,15.28,7.6163,1.0191,2.6409,7828479.4356,4744988.0508
000001.SZ,20120703,15.13,7.5415,1.0091,2.615,7751629.1794,4698407.6707
000001.SZ,20120702,15.15,7.5515,1.0105,2.6184,7761875.8802,4704618.3881
000001.SZ,20120629,15.16,7.5565,1.0111,2.6202,7766999.2307,4707723.7468
000001.SZ,20120628,14.73,7.3421,0.9824,2.5459,7546695.1628,4574193.3239
000001.SZ,20120627,14.86,7.4069,0.9911,2.5683,7613298.7182,4614562.9866
000001.SZ,20120626,14.9,7.4269,0.9938,2.5752,7633792.1198,4626984.4213
000001.SZ,20120625,14.77,7.3621,0.9851,2.5528,7567188.5644,4586614.7585
000001.SZ,20120621,14.9,7.4269,0.9938,2.5752,7633792.1198,4626984.4213
000001.SZ,20120620,15.23,7.5913,1.0158,2.6323,7802862.6836,4729461.2575
000001.SZ,20120619,15.25,7.6013,1.0171,2.6357,7813109.3844,4735671.9748
000001.SZ,20120618,15.21,7.5814,1.0145,2.6288,7792615.9827,4723250.5401
000001.SZ,20120615,15.16,7.5565,1.0111,2.6202,7766999.2307,4707723.7468
000001.SZ,20120614,14.64,7.2973,0.9764,2.5303,7500585.009,4546245.0958
000001.SZ,20120613,14.84,7.397,0.9898,2.5649,7603052.0173,4608352.2692
000001.SZ,20120612,14.53,7.2424,0.9691,2.5113,7444228.1544,4512086.1504
000001.SZ,20120611,14.79,7.372,0.9864,2.5562,7577435.2653,4592825.4759
000001.SZ,20120608,14.81,7.382,0.9878,2.5597,7587681.9661,4599036.1932
000001.SZ,20120607,15.21,7.5814,1.0145,2.6288,7792615.9827,4723250.5401
000001.SZ,20120606,15.32,7.6362,1.0218,2.6478,7848972.8373,4757409.4855
000001.SZ,20120605,15.26,7.6063,1.0178,2.6375,7818232.7348,4738777.3335
000001.SZ,20120604,15.4,7.6761,1.0271,2.6617,7889959.6406,4782252.3549
000001.SZ,20120601,15.78,7.8655,1.0525,2.7273,8084646.9564,4900255.9844
000001.SZ,20120531,15.69,7.8206,1.0465,2.7118,8038536.8027,4872307.7564
000001.SZ,20120530,15.7,7.8256,1.0471,2.7135,8043660.1531,4875413.115
000001.SZ,20120529,15.93,7.9403,1.0625,2.7533,8161497.2127,4946836.3645
000001.SZ,20120528,15.81,7.8804,1.0545,2.7325,8100017.0077,4909572.0604
000001.SZ,20120525,15.62,7.7857,1.0418,2.6997,8002673.3498,4850570.2457
000001.SZ,20120524,15.71,7.8306,1.0478,2.7152,8048783.5035,4878518.4737
000001.SZ,20120522,15.97,7.9602,1.0652,2.7602,8181990.6144,4959257.7992
000001.SZ,20120521,15.77,7.8605,1.0518,2.7256,8079523.606,4897150.6257
000001.SZ,20120518,15.72,7.8356,1.0485,2.717,8053906.854,4881623.8324
000001.SZ,20120517,15.94,7.9452,1.0632,2.755,8166620.5631,4949941.7232
000001.SZ,20120516,15.76,7.8555,1.0511,2.7239,8074400.2556,4894045.2671
000001.SZ,20120515,16.02,7.9851,1.0685,2.7688,8207607.3664,4974784.5925
000001.SZ,20120514,15.94,7.9452,1.0632,2.755,8166620.5631,4949941.7232
000001.SZ,20120511,16.02,7.9851,1.0685,2.7688,8207607.3664,4974784.5925
000001.SZ,20120510,16.13,8.0399,1.0758,2.7878,8263964.221,5008943.5379
000001.SZ,20120509,16.16,8.0549,1.0778,2.793,8279334.2723,5018259.614
000001.SZ,20120508,16.54,8.2443,1.1032,2.8587,8474021.5881,5136263.2435
000001.SZ,20120507,16.6,8.2742,1.1072,2.8691,8504761.6906,5154895.3955
000001.SZ,20120504,16.71,8.329,1.1145,2.8881,8561118.5451,5189054.3409
000001.SZ,20120503,16.63,8.2892,1.1092,2.8742,8520131.7418,5164211.4715
000001.SZ,20120502,16.78,8.3639,1.1192,2.9002,8596981.998,5210791.8516
000001.SZ,20120427,16.56,8.2543,1.1045,2.8621,8484268.2889,5142473.9608
000001.SZ,20120426,16.58,8.2642,1.1058,2.8656,8494514.9897,5148684.6782
000001.SZ,20120425,16.86,8.4038,1.1783,2.914,8637968.8014,5235634.721
000001.SZ,20120424,16.76,8.354,1.1713,2.8967,8586735.2972,5204581.1343
000001.SZ,20120423,16.42,8.1845,1.1475,2.8379,8412541.3831,5098998.9394
000001.SZ,20120420,16.58,8.2642,1.1587,2.8656,8494514.9897,5148684.6782
000001.SZ,20120419,16.36,8.1546,1.1433,2.8276,8381801.2806,5080366.7874
000001.SZ,20120418,16.26,8.1047,1.1363,2.8103,8330567.7764,5049313.2007
000001.SZ,20120417,15.99,7.9702,1.1175,2.7636,8192237.3152,4965468.5165
000001.SZ,20120416,16.18,8.0649,1.1307,2.7965,8289580.9731,5024470.3313
000001.SZ,20120413,16.3,8.1247,1.1391,2.8172,8351061.1781,5061734.6354
000001.SZ,20120412,16.33,8.1396,1.1412,2.8224,8366431.2293,5071050.7114
000001.SZ,20120411,15.83,7.8904,1.1063,2.736,8110263.7085,4915782.7778
000001.SZ,20120410,15.88,7.9153,1.1098,2.7446,8135880.4606,4931309.5711
000001.SZ,20120409,15.75,7.8505,1.1007,2.7221,8069276.9052,4890939.9084
000001.SZ,20120406,15.99,7.9702,1.1175,2.7636,8192237.3152,4965468.5165
000001.SZ,20120405,15.74,7.8456,1.1,2.7204,8064153.5548,4887834.5497
000001.SZ,20120330,15.71,7.8306,1.0979,2.7152,8048783.5035,4878518.4737
000001.SZ,20120329,15.57,7.7608,1.0881,2.691,7977056.5977,4835043.4523
000001.SZ,20120328,15.78,7.8655,1.1028,2.7273,8084646.9564,4900255.9844
000001.SZ,20120327,16.07,8.01,1.1231,2.7775,8233224.1185,4990311.3859
000001.SZ,20120326,16.04,7.9951,1.121,2.7723,8217854.0673,4980995.3099
000001.SZ,20120323,16.01,7.9801,1.1189,2.7671,8202484.016,4971679.2339
000001.SZ,20120322,16.19,8.0699,1.1314,2.7982,8294704.3235,5027575.69
000001.SZ,20120321,16.1,8.025,1.1252,2.7826,8248594.1698,4999627.4619
000001.SZ,20120320,16.07,8.01,1.1231,2.7775,8233224.1185,4990311.3859
000001.SZ,20120319,16.35,8.1496,1.1426,2.8258,8376677.9302,5077261.4287
000001.SZ,20120316,16.4,8.1745,1.1461,2.8345,8402294.6822,5092788.2221
000001.SZ,20120315,16.25,8.0998,1.1356,2.8086,8325444.426,5046207.842
000001.SZ,20120314,16.48,8.2144,1.1517,2.8483,8443281.4856,5117631.0915
000001.SZ,20120313,16.85,8.3988,1.1776,2.9123,8632845.451,5232529.3623
000001.SZ,20120312,16.7,8.3241,1.1671,2.8863,8555995.1947,5185948.9822
000001.SZ,20120309,16.87,8.4088,1.179,2.9157,8643092.1518,5238740.0797
000001.SZ,20120308,17.03,13.885,1.2517,4.8413,8725065.7584,5288425.8184
000001.SZ,20120307,16.8,13.6975,1.2348,4.7759,8607228.6989,5217002.569
000001.SZ,20120306,16.95,13.8198,1.2458,4.8185,8684078.9551,5263582.949
000001.SZ,20120305,17.27,14.0807,1.2693,4.9095,8848026.1684,5362954.4265
000001.SZ,20120302,17.48,14.2519,1.2847,4.9692,8955616.5272,5428166.9587
000001.SZ,20120301,17.23,14.048,1.2664,4.8981,8827532.7668,5350532.9919
000001.SZ,20120229,17.1,13.9421,1.2568,4.8612,8760929.2114,5310163.3291
000001.SZ,20120228,17.25,14.0644,1.2678,4.9038,8837779.4676,5356743.7092
000001.SZ,20120227,16.92,13.7953,1.2436,4.81,8668708.9039,5254266.873
000001.SZ,20120224,16.87,13.7545,1.2399,4.7958,8643092.1518,5238740.0797
000001.SZ,20120223,16.63,13.5588,1.2223,4.7276,8520131.7418,5164211.4715
000001.SZ,20120222,16.62,13.5507,1.2215,4.7247,8515008.3914,5161106.1129
000001.SZ,20120221,16.49,13.4447,1.212,4.6878,8448404.836,5120736.4501
000001.SZ,20120220,16.45,13.4121,1.209,4.6764,8427911.4343,5108315.0154
000001.SZ,20120217,16.45,13.4121,1.209,4.6764,8427911.4343,5108315.0154
000001.SZ,20120216,16.45,13.4121,1.209,4.6764,8427911.4343,5108315.0154
000001.SZ,20120215,16.62,13.5507,1.2215,4.7247,8515008.3914,5161106.1129
000001.SZ,20120214,16.6,13.5344,1.2201,4.719,8504761.6906,5154895.3955
000001.SZ,20120213,16.68,13.5996,1.2259,4.7418,8545748.4939,5179738.2649
000001.SZ,20120210,16.91,13.7871,1.2428,4.8072,8663585.5535,5251161.5144
000001.SZ,20120208,16.9,13.779,1.2421,4.8043,8658462.203,5248056.1557
000001.SZ,20120207,16.59,13.5262,1.2193,4.7162,8499638.3401,5151790.0368
000001.SZ,20120206,16.83,13.7219,1.237,4.7844,8622598.7501,5226318.645
000001.SZ,20120203,16.99,13.8524,1.2487,4.8299,8704572.3568,5276004.3837
000001.SZ,20120202,16.92,13.7953,1.2436,4.81,8668708.9039,5254266.873
000001.SZ,20120201,16.45,13.4121,1.209,4.6764,8427911.4343,5108315.0154
000001.SZ,20120131,16.64,13.567,1.223,4.7304,8525255.0922,5167316.8302
000001.SZ,20120130,16.71,13.6241,1.2281,4.7503,8561118.5451,5189054.3409
000001.SZ,20120120,16.78,13.6811,1.2333,4.7702,8596981.998,5210791.8516
000001.SZ,20120109,15.78,12.8658,1.1598,4.4859,8084646.9564,4900255.9844
000001.SZ,20120106,15.35,12.5152,1.1282,4.3637,7864342.8886,4766725.5615
000001.SZ,20120105,15.39,12.5478,1.1311,4.375,7884836.2902,4779146.9962
000001.SZ,20120104,15.16,12.3603,1.1142,4.3097,7766999.2307,4707723.7468
000001.SZ,20111230,15.59,12.7109,1.1458,4.4319,7987303.2985,4841254.1696
000001.SZ,20111229,15.31,12.4826,1.1252,4.3523,7843849.4869,4754304.1268
000001.SZ,20111228,15.3,12.4745,1.1245,4.3495,7838726.1365,4751198.7682
000001.SZ,20111227,15.48,12.6212,1.1377,4.4006,7930946.444,4807095.2243
000001.SZ,20111226,15.42,12.5723,1.1333,4.3836,7900206.3415,4788463.0722
000001.SZ,20111223,15.42,12.5723,1.1333,4.3836,7900206.3415,4788463.0722
000001.SZ,20111222,15.45,12.5968,1.1355,4.3921,7915576.3927,4797779.1482
000001.SZ,20111221,15.34,12.5071,1.1274,4.3608,7859219.5381,4763620.2028
000001.SZ,20111220,15.33,12.4989,1.1267,4.358,7854096.1877,4760514.8442
000001.SZ,20111219,15.35,12.5152,1.1282,4.3637,7864342.8886,4766725.5615
000001.SZ,20111216,15.28,12.4582,1.123,4.3438,7828479.4356,4744988.0508
000001.SZ,20111215,15.05,12.2706,1.1061,4.2784,7710642.3761,4673564.8014
000001.SZ,20111214,15.6,12.7191,1.1466,4.4347,7992426.649,4844359.5283
000001.SZ,20111213,15.68,12.7843,1.1524,4.4575,8033413.4523,4869202.3977
000001.SZ,20111212,15.84,12.9147,1.1642,4.503,8115387.0589,4918888.1364
000001.SZ,20111209,15.85,12.9229,1.1649,4.5058,8120510.4094,4921993.4951
000001.SZ,20111208,15.94,12.9963,1.1715,4.5314,8166620.5631,4949941.7232
000001.SZ,20111207,16.05,13.086,1.1796,4.5627,8222977.4177,4984100.6686
000001.SZ,20111205,15.95,13.0044,1.1723,4.5342,8171743.9135,4953047.0818
000001.SZ,20111202,15.95,13.0044,1.1723,4.5342,8171743.9135,4953047.0818
000001.SZ,20111201,15.88,12.9474,1.1671,4.5143,8135880.4606,4931309.5711
000001.SZ,20111130,15.51,12.6457,1.1399,4.4092,7946316.4952,4816411.3003
000001.SZ,20111129,15.96,13.0126,1.173,4.5371,8176867.2639,4956152.4405
000001.SZ,20111128,15.78,12.8658,1.1598,4.4859,8084646.9564,4900255.9844
000001.SZ,20111125,15.79,12.874,1.1605,4.4888,8089770.3069,4903361.3431
000001.SZ,20111124,15.84,12.9147,1.1642,4.503,8115387.0589,4918888.1364
000001.SZ,20111123,15.76,12.8495,1.1583,4.4802,8074400.2556,4894045.2671
000001.SZ,20111122,16.05,13.086,1.1796,4.5627,8222977.4177,4984100.6686
000001.SZ,20111121,15.95,13.0044,1.1723,4.5342,8171743.9135,4953047.0818
000001.SZ,20111118,15.95,13.0044,1.1723,4.5342,8171743.9135,4953047.0818
000001.SZ,20111117,15.98,13.0289,1.1745,4.5428,8187113.9648,4962363.1579
000001.SZ,20111116,16.03,13.0697,1.1782,4.557,8212730.7168,4977889.9512
000001.SZ,20111115,16.47,13.4284,1.2105,4.6821,8438158.1352,5114525.7328
000001.SZ,20111114,16.73,13.6404,1.2296,4.756,8571365.246,5195265.0583
000001.SZ,20111111,16.57,13.5099,1.2179,4.7105,8489391.6393,5145579.3195
000001.SZ,20111110,16.78,13.6811,1.2333,4.7702,8596981.998,5210791.8516
000001.SZ,20111109,16.94,13.8116,1.245,4.8157,8678955.6047,5260477.5904
000001.SZ,20111108,16.74,13.6485,1.2303,4.7588,8576488.5964,5198370.4169
000001.SZ,20111107,16.72,13.6322,1.2289,4.7531,8566241.8956,5192159.6996
000001.SZ,20111104,16.98,13.8442,1.248,4.8271,8699449.0064,5272899.0251
000001.SZ,20111103,16.88,13.7627,1.2406,4.7986,8648215.5022,5241845.4383
000001.SZ,20111102,17.12,13.9584,1.2583,4.8669,8771175.9122,5316374.0465
000001.SZ,20111101,16.85,13.7382,1.2384,4.7901,8632845.451,5232529.3623
000001.SZ,20111031,16.88,13.7627,1.2406,4.7986,8648215.5022,5241845.4383
000001.SZ,20111028,17.03,13.885,1.2517,4.8413,8725065.7584,5288425.8184
000001.SZ,20111027,16.72,13.6322,1.2289,4.7531,8566241.8956,5192159.6996
000001.SZ,20111026,16.75,13.6567,1.2311,4.7617,8581611.9468,5201475.7756
000001.SZ,20111025,16.64,13.567,1.268,4.7304,8525255.0922,5167316.8302
000001.SZ,20111024,16.53,13.4773,1.2596,4.6991,8468898.2376,5133157.8848
000001.SZ,20111021,16.03,13.0697,1.2215,4.557,8212730.7168,4977889.9512
000001.SZ,20111020,15.8,12.8821,1.204,4.4916,8094893.6573,4906466.7018
000001.SZ,20111019,16.06,13.0941,1.2238,4.5655,8228100.7681,4987206.0272
000001.SZ,20111018,16.02,13.0615,1.2208,4.5541,8207607.3664,4974784.5925
000001.SZ,20111017,16.54,13.4855,1.2604,4.702,8474021.5881,5136263.2435
000001.SZ,20111014,16.36,13.3387,1.2467,4.6508,8381801.2806,5080366.7874
000001.SZ,20111013,16.35,13.3306,1.2459,4.648,8376677.9302,5077261.4287
000001.SZ,20111012,16.36,13.3387,1.2467,4.6508,8381801.2806,5080366.7874
000001.SZ,20111011,15.65,12.7598,1.1926,4.449,8018043.401,4859886.3217
000001.SZ,20111010,15.5,12.6375,1.1811,4.4063,7941193.1448,4813305.9416
000001.SZ,20110930,16.04,13.0778,1.2223,4.5598,8217854.0673,4980995.3099
000001.SZ,20110929,16.04,13.0778,1.2223,4.5598,8217854.0673,4980995.3099
000001.SZ,20110928,16.0,13.0452,1.2192,4.5485,8197360.6656,4968573.8752
000001.SZ,20110927,16.17,13.1838,1.2322,4.5968,8284457.6227,5021364.9726
000001.SZ,20110926,16.04,13.0778,1.2223,4.5598,8217854.0673,4980995.3099
000001.SZ,20110923,16.62,13.5507,1.2665,4.7247,8515008.3914,5161106.1129
000001.SZ,20110922,16.7,13.6159,1.2726,4.7475,8555995.1947,5185948.9822
000001.SZ,20110921,17.06,13.9094,1.3,4.8498,8740435.8097,5297741.8944
000001.SZ,20110920,16.74,13.6485,1.2756,4.7588,8576488.5964,5198370.4169
000001.SZ,20110919,16.6,13.5344,1.265,4.719,8504761.6906,5154895.3955
000001.SZ,20110916,17.0,13.8605,1.2955,4.8327,8709695.7072,5279109.7424
000001.SZ,20110915,16.56,13.5018,1.2619,4.7077,8484268.2889,5142473.9608
000001.SZ,20110914,16.42,13.3876,1.2513,4.6679,8412541.3831,5098998.9394
000001.SZ,20110913,16.52,13.4692,1.2589,4.6963,8463774.8872,5130052.5261
000001.SZ,20110909,16.48,13.4366,1.2558,4.6849,8443281.4856,5117631.0915
000001.SZ,20110908,16.57,13.5099,1.2627,4.7105,8489391.6393,5145579.3195
000001.SZ,20110907,16.66,13.5833,1.2695,4.7361,8535501.7931,5173527.5476
000001.SZ,20110906,16.36,13.3387,1.2467,4.6508,8381801.2806,5080366.7874
000001.SZ,20110905,16.45,13.4121,1.2535,4.6764,8427911.4343,5108315.0154
000001.SZ,20110901,16.93,13.8034,1.2901,4.8128,8673832.2543,5257372.2317
000001.SZ,20110831,16.85,13.7382,1.284,4.7901,8632845.451,5232529.3623
000001.SZ,20110830,16.68,13.5996,1.2711,4.7418,8545748.4939,5179738.2649
000001.SZ,20110829,16.72,13.6322,1.2741,4.7531,8566241.8956,5192159.6996
000001.SZ,20110826,17.38,14.1703,1.3244,4.9408,8904383.023,5397113.3719
000001.SZ,20110825,17.34,14.1377,1.3214,4.9294,8883889.6213,5384691.9372
000001.SZ,20110824,16.39,13.3632,1.249,4.6593,8397171.3318,5089682.8634
000001.SZ,20110823,16.64,13.567,1.268,4.7304,8525255.0922,5167316.8302
000001.SZ,20110822,16.42,13.3876,1.2513,4.6679,8412541.3831,5098998.9394
000001.SZ,20110819,16.6,13.5344,1.265,4.719,8504761.6906,5154895.3955
000001.SZ,20110818,16.73,13.6404,1.2749,4.756,8571365.246,5195265.0583
000001.SZ,20110816,17.05,13.9013,1.2993,4.847,8735312.4593,5294636.5358
000001.SZ,20110815,17.13,13.9665,1.3054,4.8697,8776299.2626,5319479.4051
000001.SZ,20110812,16.64,13.567,1.268,4.7304,8525255.0922,5167316.8302
000001.SZ,20110811,16.43,13.3958,1.252,4.6707,8417664.7335,5102104.2981
000001.SZ,20110810,16.09,13.1186,1.2261,4.574,8243470.8193,4996522.1032
000001.SZ,20110809,16.03,13.0697,1.2215,4.557,8212730.7168,4977889.9512
000001.SZ,20110808,16.0,13.0452,1.2192,4.5485,8197360.6656,4968573.8752
000001.SZ,20110805,16.3,13.2898,1.2421,4.6337,8351061.1781,5061734.6354
000001.SZ,20110804,16.89,9.3672,1.6373,3.2661,5886188.244,5244950.5251
000001.SZ,20110803,16.86,9.3506,1.6344,3.2603,5875733.2027,5235634.4495
000001.SZ,20110802,17.0,9.4282,1.648,3.2873,5924523.3954,5279109.4687
000001.SZ,20110801,17.2,9.5391,1.6674,3.326,5994223.6706,5341216.6389
000001.SZ,20110729,17.34,9.6168,1.6809,3.3531,6043013.8633,5384691.6581
000001.SZ,20110728,16.85,9.345,1.6334,3.2583,5872248.189,5232529.091
000001.SZ,20110727,17.18,9.5281,1.6654,3.3221,5987253.6431,5335005.9219
000001.SZ,20110726,17.23,9.5558,1.6703,3.3318,6004678.7119,5350532.7145
000001.SZ,20110725,16.87,9.3561,1.6354,3.2622,5879218.2165,5238739.8081
000001.SZ,20110722,17.21,9.5447,1.6683,3.3279,5997708.6844,5344321.9974
000001.SZ,20110721,17.18,9.5281,1.6654,3.3221,5987253.6431,5335005.9219
000001.SZ,20110720,17.54,9.7277,1.7003,3.3918,6112714.1385,5446798.8283
000001.SZ,20110719,17.54,9.7277,1.7003,3.3918,6112714.1385,5446798.8283
000001.SZ,20110718,17.94,9.9496,1.7391,3.4691,6252114.689,5571013.1687
000001.SZ,20110715,17.99,9.9773,1.744,3.4788,6269539.7578,5586539.9613
000001.SZ,20110714,17.58,9.7499,1.7042,3.3995,6126654.1936,5459220.2623
000001.SZ,20110713,17.54,9.7277,1.7003,3.3918,6112714.1385,5446798.8283
000001.SZ,20110712,17.0,9.4282,1.648,3.2873,5924523.3954,5279109.4687
000001.SZ,20110711,17.4,9.6501,1.6868,3.3647,6063923.9459,5403323.8091
000001.SZ,20110708,17.52,9.7166,1.6984,3.3879,6105744.111,5440588.1113
000001.SZ,20110707,17.29,9.5891,1.6761,3.3434,6025588.7945,5369164.8655
000001.SZ,20110706,17.24,9.5613,1.6713,3.3337,6008163.7257,5353638.073
000001.SZ,20110705,17.4,9.6501,1.6868,3.3647,6063923.9459,5403323.8091
000001.SZ,20110704,17.55,9.7333,1.7013,3.3937,6116199.1523,5449904.1868
000001.SZ,20110701,16.93,9.3894,1.6412,3.2738,5900128.2991,5257371.9591
000001.SZ,20110630,17.07,9.467,1.6548,3.3009,5948918.4917,5300846.9783
000001.SZ,20110629,16.63,9.223,1.6121,3.2158,5795577.8862,5164211.2038
000001.SZ,20110628,17.04,9.4504,1.6519,3.2951,5938463.4504,5291530.9027
000001.SZ,20110627,17.09,9.4781,1.6567,3.3047,5955888.5193,5307057.6953
000001.SZ,20110624,16.99,9.4227,1.647,3.2854,5921038.3816,5276004.1102
000001.SZ,20110623,16.6,9.2064,1.6092,3.21,5785122.8449,5154895.1283
000001.SZ,20110622,16.26,9.0178,1.5763,3.1442,5666632.377,5049312.9389
000001.SZ,20110621,16.28,9.0289,1.5782,3.1481,5673602.4045,5055523.6559
000001.SZ,20110620,16.02,8.8847,1.553,3.0978,5582992.0467,4974784.3346
000001.SZ,20110617,15.89,8.8126,1.5404,3.0727,5537686.8678,4934414.674
000001.SZ,20110616,15.97,8.857,1.5481,3.0882,5565566.9779,4959257.5421
000001.SZ,20110615,16.26,9.0178,1.5763,3.1442,5666632.377,5049312.9389
000001.SZ,20110614,16.51,9.1565,1.6005,3.1926,5753757.7211,5126946.9017
000001.SZ,20110613,16.31,9.0456,1.5811,3.1539,5684057.4458,5064839.7314
000001.SZ,20110610,16.53,9.1676,1.6024,3.1964,5760727.7486,5133157.6187
000001.SZ,20110609,16.55,9.1787,1.6044,3.2003,5767697.7761,5139368.3357
000001.SZ,20110608,16.69,9.2563,1.6179,3.2274,5816487.9688,5182843.3549
000001.SZ,20110607,16.85,9.345,1.6334,3.2583,5872248.189,5232529.091
000001.SZ,20110603,16.71,9.2674,1.6199,3.2313,5823457.9963,5189054.0719
000001.SZ,20110602,16.7,9.2618,1.6189,3.2293,5819972.9825,5185948.7134
000001.SZ,20110601,17.43,9.6667,1.6897,3.3705,6074378.9872,5412639.8847
000001.SZ,20110531,17.66,9.7943,1.712,3.415,6154534.3037,5484063.1304
000001.SZ,20110530,17.57,9.7443,1.7032,3.3976,6123169.1798,5456114.9038
000001.SZ,20110527,17.6,9.761,1.7062,3.4034,6133624.2211,5465430.9794
000001.SZ,20110526,17.79,9.8664,1.7246,3.4401,6199839.4826,5524432.7911
000001.SZ,20110524,18.16,10.0716,1.7604,3.5116,6328784.9918,5639331.056
000001.SZ,20110523,17.9,9.9274,1.7352,3.4614,6238174.634,5558591.7347
000001.SZ,20110520,18.34,10.1714,1.7779,3.5465,6391515.2395,5695227.5092
000001.SZ,20110519,17.93,9.944,1.7381,3.4672,6248629.6753,5567907.8102
000001.SZ,20110518,18.11,10.0438,1.7556,3.502,6311359.923,5623804.2634
000001.SZ,20110517,17.86,9.9052,1.7314,3.4536,6224234.5789,5546170.3006
000001.SZ,20110516,17.15,9.5114,1.6625,3.3163,5976798.6018,5325689.8464
000001.SZ,20110513,17.67,9.7998,1.7129,3.4169,6158019.3175,5487168.4889
000001.SZ,20110506,17.54,9.7277,1.7003,3.3918,6112714.1385,5446798.8283
000001.SZ,20110505,17.73,9.8331,1.7188,3.4285,6178929.4,5505800.64
000001.SZ,20110504,17.86,9.9052,1.7314,3.4536,6224234.5789,5546170.3006
000001.SZ,20110503,18.22,10.1048,1.7663,3.5232,6349695.0744,5657963.207
000001.SZ,20110429,18.2,10.0937,1.7643,3.5194,6342725.0468,5651752.49
000001.SZ,20110428,18.62,10.3267,1.805,3.6006,6489095.6248,5782177.5475
000001.SZ,20110427,18.28,10.1381,1.7721,3.5349,6370605.1569,5676595.3581
000001.SZ,20110426,18.42,10.2158,1.9155,3.5619,6419395.3496,5720070.3773
000001.SZ,20110425,18.08,10.0272,1.8801,3.4962,6300904.8817,5614488.1879
000001.SZ,20110422,17.86,9.9052,1.8573,3.4536,6224234.5789,5546170.3006
000001.SZ,20110421,18.12,10.0494,1.8843,3.5039,6314844.9367,5626909.6219
000001.SZ,20110420,18.07,10.0216,1.8791,3.4942,6297419.8679,5611382.8294
000001.SZ,20110419,18.43,10.2213,1.9165,3.5639,6422880.3634,5723175.7358
000001.SZ,20110418,18.87,10.4653,1.9623,3.6489,6576220.9689,5859811.5103
000001.SZ,20110415,18.73,10.3877,1.9477,3.6219,6527430.7762,5816336.4911
000001.SZ,20110414,18.19,10.0882,1.8916,3.5174,6339240.0331,5648647.1315
000001.SZ,20110413,18.05,10.0106,1.877,3.4904,6290449.8404,5605172.1124
000001.SZ,20110412,17.06,9.4615,1.7741,3.2989,5945433.478,5297741.6198
000001.SZ,20110411,17.03,9.4449,1.771,3.2931,5934978.4367,5288425.5442
000001.SZ,20110408,17.17,9.5225,1.7855,3.3202,5983768.6294,5331900.5634
000001.SZ,20110407,17.2,9.5391,1.7886,3.326,5994223.6706,5341216.6389
000001.SZ,20110406,17.0,9.4282,1.7678,3.2873,5924523.3954,5279109.4687
000001.SZ,20110401,16.57,9.1897,1.7231,3.2042,5774667.8036,5145579.0527
000001.SZ,20110331,16.08,8.918,1.6722,3.1094,5603902.1293,4993416.4857
000001.SZ,20110330,16.38,9.0844,1.7034,3.1674,5708452.5422,5086577.241
000001.SZ,20110329,16.5,9.1509,1.7158,3.1906,5750272.7073,5123841.5432
000001.SZ,20110328,16.33,9.0566,1.6982,3.1578,5691027.4733,5071050.4485
000001.SZ,20110325,16.26,9.0178,1.6909,3.1442,5666632.377,5049312.9389
000001.SZ,20110324,15.98,8.8625,1.6618,3.0901,5569051.9917,4962362.9006
000001.SZ,20110323,16.1,8.9291,1.6742,3.1133,5610872.1568,4999627.2027
000001.SZ,20110322,16.01,8.8792,1.6649,3.0959,5579507.033,4971678.9761
000001.SZ,20110321,15.77,8.7461,1.6399,3.0495,5495866.7027,4897150.3718
000001.SZ,20110318,15.83,8.7793,1.6462,3.0611,5516776.7852,4915782.5229
000001.SZ,20110317,15.71,8.7128,1.6337,3.0379,5474956.6201,4878518.2208
000001.SZ,20110316,15.95,8.8459,1.6586,3.0843,5558596.9504,4953046.825
000001.SZ,20110315,15.84,8.7849,1.6472,3.063,5520261.799,4918887.8814
000001.SZ,20110314,16.17,8.9679,1.6815,3.1268,5635267.2532,5021364.7123
000001.SZ,20110311,16.05,8.9014,1.669,3.1036,5593447.088,4984100.4102
000001.SZ,20110310,16.25,9.0123,1.6898,3.1423,5663147.3633,5046207.5804
000001.SZ,20110309,16.69,9.2563,1.7356,3.2274,5816487.9688,5182843.3549
000001.SZ,20110308,16.65,9.2341,1.7314,3.2197,5802547.9137,5170421.9208
000001.SZ,20110307,16.74,9.284,1.7408,3.2371,5833913.0376,5198370.1474
000001.SZ,20110304,16.68,9.2508,1.7346,3.2255,5813002.955,5179737.9963
000001.SZ,20110303,16.4,9.0955,1.7054,3.1713,5715422.5697,5092787.958
000001.SZ,20110302,16.18,8.9735,1.6826,3.1288,5638752.2669,5024470.0708
000001.SZ,20110301,16.04,8.8958,1.668,3.1017,5589962.0742,4980995.0516
000001.SZ,20110228,15.93,8.8348,1.6566,3.0804,5551626.9229,4946836.108
000001.SZ,20110225,15.89,8.8126,1.6524,3.0727,5537686.8678,4934414.674
000001.SZ,20110224,15.56,10.7791,1.687,3.5877,5422681.4137,4831951.9887
000001.SZ,20110223,15.58,10.793,1.6892,3.5924,5429651.4412,4838162.7239
000001.SZ,20110222,15.47,10.7168,1.6772,3.567,5391316.2898,4804003.6803
000001.SZ,20110221,15.97,11.0631,1.7314,3.6823,5565566.9779,4959272.0604
000001.SZ,20110218,15.98,11.0701,1.7325,3.6846,5569051.9917,4962377.428
000001.SZ,20110217,15.98,11.0701,1.7325,3.6846,5569051.9917,4962377.428
000001.SZ,20110216,15.88,11.0008,1.7217,3.6615,5534201.8541,4931323.752
000001.SZ,20110215,15.82,10.9592,1.7152,3.6477,5513291.7715,4912691.5464
000001.SZ,20110214,16.0,11.0839,1.7347,3.6892,5576022.0192,4968588.1632
000001.SZ,20110211,15.5,10.7376,1.6805,3.5739,5401771.3311,4813319.7831
000001.SZ,20110210,15.45,10.7029,1.6751,3.5624,5384346.2623,4797792.9451
000001.SZ,20110209,15.25,10.5644,1.6534,3.5163,5314645.9871,4735685.5931
000001.SZ,20110201,15.44,10.696,1.674,3.5601,5380861.2485,4794687.5775
000001.SZ,20110131,15.31,10.6059,1.6599,3.5301,5335556.0696,4754317.7987
000001.SZ,20110128,15.2,10.5297,1.648,3.5047,5297220.9182,4720158.755
000001.SZ,20110127,15.33,10.6198,1.6621,3.5347,5342526.0971,4760528.5339
000001.SZ,20110126,15.26,10.5713,1.6545,3.5186,5318131.0008,4738790.9607
000001.SZ,20110125,15.17,10.5089,1.6447,3.4978,5286765.877,4710842.6522
000001.SZ,20110124,15.05,10.4258,1.6317,3.4702,5244945.7118,4673578.241
000001.SZ,20110121,15.15,10.4951,1.6425,3.4932,5279795.8494,4704631.917
000001.SZ,20110120,14.92,10.3358,1.6176,3.4402,5199640.5329,4633208.4622
000001.SZ,20110119,15.49,10.7306,1.6794,3.5716,5398286.3173,4810214.4155
000001.SZ,20110118,15.34,10.6267,1.6631,3.537,5346011.1109,4763633.9015
000001.SZ,20110117,15.38,10.6544,1.6675,3.5462,5359951.166,4776055.3719
000001.SZ,20110114,15.99,11.077,1.7336,3.6869,5572537.0054,4965482.7956
000001.SZ,20110113,16.34,11.3195,1.7716,3.7676,5694512.4871,5074170.6617
000001.SZ,20110112,16.4,11.361,1.7781,3.7814,5715422.5697,5092802.8673
000001.SZ,20110111,16.19,11.2155,1.7553,3.733,5642237.2807,5027590.1476
000001.SZ,20110110,15.98,11.0701,1.7325,3.6846,5569051.9917,4962377.428
000001.SZ,20110107,16.41,11.368,1.7791,3.7837,5718907.5834,5095908.2349
000001.SZ,20110106,15.81,10.9523,1.7141,3.6454,5509806.7577,4909586.1788
000001.SZ,20110105,15.93,11.0354,1.7271,3.6731,5551626.9229,4946850.59
000001.SZ,20110104,16.02,11.0978,1.7369,3.6938,5582992.0467,4974798.8984
000001.SZ,20101231,15.79,10.9384,1.7119,3.6408,5502836.7302,4903375.4436
000001.SZ,20101230,15.67,10.8553,1.6989,3.6131,5461016.5651,4866111.0323
000001.SZ,20101229,15.77,10.9246,1.7098,3.6362,5495866.7027,4897164.7084
000001.SZ,20101228,15.95,11.0493,1.7293,3.6777,5558596.9504,4953061.3252
000001.SZ,20101227,16.07,11.1324,1.7423,3.7053,5600417.1155,4990325.7364
000001.SZ,20101224,16.44,11.3887,1.7824,3.7907,5729362.6247,5105224.3377
000001.SZ,20101222,16.23,11.2433,1.7596,3.7422,5656177.3357,5040011.618
000001.SZ,20101221,16.57,11.4788,1.7965,3.8206,5774667.8036,5145594.1165
000001.SZ,20101220,16.13,11.174,1.7488,3.7192,5621327.1981,5008957.942
000001.SZ,20101217,16.35,11.3264,1.7726,3.7699,5697997.5009,5077276.0293
000001.SZ,20101216,16.45,11.3957,1.7835,3.793,5732847.6385,5108329.7053
000001.SZ,20101215,16.59,11.4926,1.7987,3.8252,5781637.8312,5151804.8517
000001.SZ,20101214,16.54,11.458,1.7932,3.8137,5764212.7623,5136278.0137
000001.SZ,20101213,16.62,11.5134,1.8019,3.8322,5792092.8724,5161120.9545
000001.SZ,20101210,16.34,11.3195,1.7716,3.7676,5694512.4871,5074170.6617
000001.SZ,20101209,16.21,11.2294,1.7575,3.7376,5649207.3082,5033800.8828
000001.SZ,20101208,16.49,11.4234,1.7878,3.8022,5746787.6935,5120751.1757
000001.SZ,20101207,16.73,11.5896,1.8138,3.8575,5830428.0238,5195279.9981
000001.SZ,20101206,16.74,11.5966,1.8149,3.8598,5833913.0376,5198385.3657
000001.SZ,20101203,16.57,11.4788,1.7965,3.8206,5774667.8036,5145594.1165
000001.SZ,20101202,16.51,11.4372,1.79,3.8068,5753757.7211,5126961.9109
000001.SZ,20101201,16.49,11.4234,1.7878,3.8022,5746787.6935,5120751.1757
000001.SZ,20101130,16.39,11.3541,1.777,3.7791,5711937.5559,5089697.4997
000001.SZ,20101129,16.72,11.5827,1.8128,3.8552,5826943.0101,5192174.6305
000001.SZ,20101126,16.69,11.5619,1.8095,3.8483,5816487.9688,5182858.5277
000001.SZ,20101125,16.95,11.742,1.8377,3.9082,5907098.3266,5263598.0854
000001.SZ,20101124,16.76,11.6104,1.8171,3.8644,5840883.0651,5204596.101
000001.SZ,20101123,16.55,11.4649,1.7943,3.816,5767697.7761,5139383.3813
000001.SZ,20101122,16.68,11.555,1.8084,3.846,5813002.955,5179753.1601
000001.SZ,20101119,17.01,11.7836,1.8442,3.9221,5928008.4092,5282230.291
000001.SZ,20101118,17.18,11.9014,1.8626,3.9613,5987253.6431,5335021.5402
000001.SZ,20101117,16.8,11.6381,1.8214,3.8737,5854823.1202,5217017.5714
000001.SZ,20101116,16.7,11.5688,1.8106,3.8506,5819972.9825,5185963.8953
000001.SZ,20101115,17.31,11.9914,1.8767,3.9913,6032558.822,5375391.3191
000001.SZ,20101112,17.19,11.9083,1.8637,3.9636,5990738.6569,5338126.9078
000001.SZ,20101111,18.44,12.7742,1.9992,4.2518,6426365.3771,5726297.8581
000001.SZ,20101110,18.13,12.5595,1.9656,4.1803,6318329.9505,5630031.4624
000001.SZ,20101109,18.65,12.9197,2.022,4.3002,6499550.6661,5791510.5777
000001.SZ,20101108,19.14,13.2591,2.0751,4.4132,6670316.3405,5943673.5902
000001.SZ,20101105,18.93,13.1137,2.0524,4.3648,6597131.0515,5878460.8706
000001.SZ,20101104,18.92,13.1067,2.0513,4.3625,6593646.0377,5875355.503
000001.SZ,20101103,19.05,13.1968,2.0654,4.3925,6638951.2166,5915725.2818
000001.SZ,20101102,18.66,12.9266,2.0231,4.3025,6503035.6799,5794615.9453
000001.SZ,20101101,18.57,12.8643,2.0133,4.2818,6471670.556,5766667.6369
000001.SZ,20101029,18.41,12.7534,1.996,4.2449,6415910.3358,5716981.7553
000001.SZ,20101028,18.77,13.0028,2.035,4.3279,6541370.8313,5828774.989
000001.SZ,20101027,18.56,12.8574,1.7328,4.2795,6468185.5423,5763562.2693
000001.SZ,20101026,18.66,12.9266,1.7421,4.3025,6503035.6799,5794615.9453
000001.SZ,20101025,18.91,13.0998,1.7655,4.3602,6590161.0239,5872250.1354
000001.SZ,20101022,18.52,12.8296,1.729,4.2703,6454245.4872,5751140.7989
000001.SZ,20101021,18.85,13.0582,1.7599,4.3463,6569250.9414,5853617.9298
000001.SZ,20101020,19.47,13.4878,1.8177,4.4893,6785321.7946,6046150.7211
000001.SZ,20101019,19.55,13.5432,1.8252,4.5077,6813201.9047,6070993.6619
000001.SZ,20101018,19.17,13.2799,1.7897,4.4201,6680771.3818,5952989.693
000001.SZ,20101015,19.15,13.2661,1.7879,4.4155,6673801.3542,5946778.9578
000001.SZ,20101014,18.34,12.7049,1.7122,4.2287,6391515.2395,5695244.1821
000001.SZ,20101013,18.54,12.8435,1.7309,4.2749,6461215.5147,5757351.5341
000001.SZ,20101012,17.97,12.4486,1.6777,4.1434,6262569.7303,5580345.5808
000001.SZ,20101011,18.04,12.4971,1.6842,4.1596,6286964.8266,5602083.154
000001.SZ,20101008,17.22,11.9291,1.6077,3.9705,6001193.6982,5347443.0106
000001.SZ,20100929,16.22,11.2363,1.5143,3.7399,5652692.322,5036906.2504
000001.SZ,20100928,16.26,11.264,1.518,3.7492,5666632.377,5049327.7209
000001.SZ,20100927,16.69,11.5619,1.5582,3.8483,5816487.9688,5182858.5277
000001.SZ,20100921,16.61,11.5065,1.5507,3.8299,5788607.8587,5158015.5869
000001.SZ,20100920,16.7,11.5688,1.5591,3.8506,5819972.9825,5185963.8953
000001.SZ,20100917,16.65,11.5342,1.5545,3.8391,5802547.9137,5170437.0573
000001.SZ,20100916,16.63,11.5204,1.9051,3.8345,5795577.8862,5164226.3221
000001.SZ,20100915,16.92,11.7213,1.9383,3.9013,5896643.2853,5254281.9826
000001.SZ,20100914,17.18,11.9014,1.9681,3.9613,5987253.6431,5335021.5402
000001.SZ,20100913,17.09,11.839,1.9578,3.9405,5955888.5193,5307073.2318
000001.SZ,20100910,17.2,11.9152,1.9704,3.9659,5994223.6706,5341232.2754
000001.SZ,20100909,17.22,11.9291,1.9727,3.9705,6001193.6982,5347443.0106
000001.SZ,20100908,17.65,12.227,2.022,4.0697,6151049.2899,5480973.8175
000001.SZ,20100907,18.04,12.4971,2.0666,4.1596,6286964.8266,5602083.154
000001.SZ,20100906,18.2,12.608,2.085,4.1965,6342725.0468,5651769.0356
000001.SZ,20100903,17.76,12.3032,2.0346,4.095,6189384.4413,5515132.8612
000001.SZ,20100902,18.19,12.601,2.0838,4.1942,6339240.0331,5648663.668
000001.SZ,20100629,17.51,10.8088,2.4594,3.5976,5437614.5173,5437502.8262
000001.SZ,20100628,18.49,11.4137,2.597,3.799,5741947.0259,5741829.0838
000001.SZ,20100625,18.11,11.1792,2.5436,3.7209,5623940.543,5295570.9303
000001.SZ,20100624,18.53,11.4384,2.6026,3.8072,5754368.761,5418383.7293
000001.SZ,20100623,18.35,11.3273,2.5773,3.7702,5698470.9533,5365749.6726
000001.SZ,20100622,18.53,11.4384,2.6026,3.8072,5754368.761,5418383.7293
000001.SZ,20100621,18.3,11.2965,2.5703,3.7599,5682943.7845,5351129.1013
000001.SZ,20100618,17.32,10.6915,2.4327,3.5586,5378611.2758,5064565.9035
000001.SZ,20100611,17.15,10.5866,2.4088,3.5237,5325818.9018,5014855.961
000001.SZ,20100610,17.11,10.5619,2.4032,3.5154,5313397.1668,5003159.504
000001.SZ,20100609,17.67,10.9076,2.4818,3.6305,5487301.4575,5166909.9027
000001.SZ,20100608,16.7,10.3088,2.3456,3.4312,5186074.3825,4883270.8192
000001.SZ,20100607,16.91,10.4384,2.3751,3.4744,5251288.4915,4944677.2187
000001.SZ,20100604,17.3,10.6792,2.4299,3.5545,5372400.4083,5058717.675
000001.SZ,20100603,17.22,10.6298,2.4186,3.538,5347556.9382,5035324.7609
000001.SZ,20100602,17.23,10.636,2.42,3.5401,5350662.3719,5038248.8751
000001.SZ,20100601,17.3,10.6792,2.4299,3.5545,5372400.4083,5058717.675
000001.SZ,20100531,17.51,10.8088,2.4594,3.5976,5437614.5173,5120124.0745
000001.SZ,20100528,18.08,11.1607,2.5394,3.7147,5614624.2417,5286798.5875
000001.SZ,20100527,18.07,11.1545,2.538,3.7127,5611518.8079,5283874.4732
000001.SZ,20100526,17.9,11.0495,2.5141,3.6778,5558726.434,5234164.5308
000001.SZ,20100525,17.79,10.9816,2.4987,3.6552,5524566.6626,5201999.2739
000001.SZ,20100524,18.39,11.352,2.583,3.7784,5710892.6883,5377446.1297
000001.SZ,20100521,17.82,11.0002,2.5029,3.6613,5533882.9639,5210771.6167
000001.SZ,20100520,17.55,10.8335,2.465,3.6058,5450036.2523,5131820.5316
000001.SZ,20100519,17.76,10.9631,2.4945,3.649,5515250.3613,5193226.9311
000001.SZ,20100518,17.97,11.0928,2.524,3.6921,5580464.4703,5254633.3306
000001.SZ,20100517,17.43,10.7594,2.4481,3.5812,5412771.0472,5096731.1604
000001.SZ,20100514,18.35,11.3273,2.5773,3.7702,5698470.9533,5365749.6726
000001.SZ,20100513,18.68,11.531,2.6237,3.838,5800950.2674,5462245.4433
000001.SZ,20100512,18.11,11.1792,2.5436,3.7209,5623940.543,5295570.9303
000001.SZ,20100511,17.47,10.7841,2.4537,3.5894,5425192.7822,5108427.6175
000001.SZ,20100510,18.43,11.3767,2.5886,3.7867,5723314.4234,5389142.5867
000001.SZ,20100507,18.26,11.2718,2.5647,3.7517,5670522.0494,5339432.6442
000001.SZ,20100506,18.4,11.3582,2.5844,3.7805,5713998.1221,5380370.2439
000001.SZ,20100505,19.9,12.2841,2.7951,4.0887,6179813.1864,5818987.3834
000001.SZ,20100504,20.0,12.3459,2.8091,4.1092,6210867.524,5848228.526
000001.SZ,20100430,20.56,12.6915,2.8878,4.2243,6384771.8147,6011978.9247
000001.SZ,20100429,20.17,12.4508,2.833,4.1442,6263659.898,5897938.4685
000001.SZ,20100428,20.14,12.4323,3.0554,4.138,6254343.5967,5889166.1257
000001.SZ,20100427,19.85,12.2533,3.0114,4.0784,6164286.0176,5804366.8121
000001.SZ,20100426,19.94,12.3088,3.0251,4.0969,6192234.9214,5830683.8404
000001.SZ,20100423,20.16,12.4446,3.0585,4.1421,6260554.4642,5895014.3542
000001.SZ,20100422,19.59,12.0928,2.972,4.025,6083544.7398,5728339.8412
000001.SZ,20100421,20.13,12.4261,3.0539,4.1359,6251238.1629,5886242.0114
000001.SZ,20100420,19.77,12.2039,2.9993,4.062,6139442.5475,5780973.898
000001.SZ,20100419,20.08,12.3952,3.0463,4.1257,6235710.9941,5871621.4401
000001.SZ,20100416,22.01,13.5866,3.3391,4.5222,6835059.7102,6435975.4929
000001.SZ,20100415,22.4,13.8274,3.3983,4.6023,6956171.6269,6550015.9491
000001.SZ,20100414,22.23,13.7224,3.3725,4.5674,6903379.2529,6500306.0066
000001.SZ,20100413,22.4,13.8274,3.3983,4.6023,6956171.6269,6550015.9491
000001.SZ,20100412,22.09,13.636,3.3513,4.5386,6859903.1803,6459368.407
000001.SZ,20100409,22.66,13.9879,3.4377,4.6558,7036912.9047,6626042.92
000001.SZ,20100408,22.57,13.9323,3.4241,4.6373,7008964.0008,6599725.8916
000001.SZ,20100407,22.85,14.1051,3.4666,4.6948,7095916.1462,6681601.091
000001.SZ,20100406,23.37,14.4261,3.5455,4.8016,7257398.7018,6833655.0326
000001.SZ,20100402,23.43,14.4632,3.5546,4.814,7276031.3044,6851199.7182
000001.SZ,20100401,23.4,14.4447,3.55,4.8078,7266715.0031,6842427.3754
000001.SZ,20100331,23.2,14.3212,3.5197,4.7667,7204606.3278,6783945.0902
000001.SZ,20100330,23.65,14.599,3.5879,4.8592,7344350.8471,6915530.232
000001.SZ,20100329,23.56,14.5434,3.5743,4.8407,7316401.9433,6889213.2036
000001.SZ,20100326,22.81,14.0805,3.4605,4.6866,7083494.4111,6669904.6339
000001.SZ,20100325,22.3,13.7656,3.3831,4.5818,6925117.2893,6520774.8065
000001.SZ,20100324,22.8,14.0743,3.459,4.6845,7080388.9774,6666980.5196
000001.SZ,20100323,22.83,14.0928,3.4635,4.6907,7089705.2786,6675752.8624
000001.SZ,20100322,23.15,14.2903,3.5121,4.7564,7189079.159,6769324.5188
000001.SZ,20100319,23.04,14.2224,3.4954,4.7338,7154919.3876,6737159.262
000001.SZ,20100318,23.05,14.2286,3.4969,4.7359,7158024.8214,6740083.3762
000001.SZ,20100317,23.19,14.315,3.5181,4.7646,7201500.8941,6781020.9759
000001.SZ,20100316,22.55,13.92,3.421,4.6332,7002753.1333,6593877.6631
000001.SZ,20100315,22.39,13.8212,3.3968,4.6003,6953066.1931,6547091.8349
000001.SZ,20100312,22.92,14.1484,3.4772,4.7092,7117654.1825,6702069.8908
000001.SZ,20100311,23.66,119.6586,3.8492,5.0626,7347456.2809,6918454.3463
000001.SZ,20100310,23.4,118.3437,3.8069,5.007,7266715.0031,6842427.3754
000001.SZ,20100309,23.82,120.4678,3.8752,5.0969,7397143.2211,6965240.1745
000001.SZ,20100308,23.85,120.6195,3.8801,5.1033,7406459.5224,6974012.5173
000001.SZ,20100305,23.27,117.6862,3.7857,4.9792,7226344.3642,6804413.89
000001.SZ,20100304,23.1,116.8264,3.7581,4.9428,7173551.9902,6754703.9475
000001.SZ,20100303,23.3,117.8379,3.7906,4.9856,7235660.6655,6813186.2328
000001.SZ,20100302,23.11,116.877,3.7597,4.9449,7176657.424,6757628.0618
000001.SZ,20100226,22.45,113.5391,3.6523,4.8037,6971698.7957,6564636.5204
000001.SZ,20100225,22.15,112.0219,3.6035,4.7395,6878535.7828,6476913.0925
000001.SZ,20100224,21.71,109.7966,3.5319,4.6454,6741896.6973,6348252.065
000001.SZ,20100223,21.55,108.9874,3.5059,4.6111,6692209.7571,6301466.2368
000001.SZ,20100222,22.1,111.769,3.5954,4.7288,6863008.614,6462292.5212
000001.SZ,20100212,22.45,113.5391,3.6523,4.8037,6971698.7957,6564636.5204
000001.SZ,20100211,22.11,111.8196,3.597,4.731,6866114.0478,6465216.6355
000001.SZ,20100210,22.28,112.6793,3.6247,4.7673,6918906.4217,6514926.578
000001.SZ,20100209,22.0,111.2633,3.5791,4.7074,6831954.2764,6433051.3786
000001.SZ,20100208,21.56,109.038,3.5075,4.6133,6695315.1909,6304390.351
000001.SZ,20100205,22.0,111.2633,3.5791,4.7074,6831954.2764,6433051.3786
000001.SZ,20100204,22.2,112.2748,3.6116,4.7502,6894062.9516,6491533.6639
000001.SZ,20100203,22.58,114.1966,3.6735,4.8315,7012069.4346,6602650.0059
000001.SZ,20100202,21.37,108.0771,3.4766,4.5726,6636311.9494,6248832.18
000001.SZ,20100201,21.24,107.4196,3.4555,4.5448,6595941.3105,6210818.6946
000001.SZ,20100129,21.7,109.746,3.5303,4.6432,6738791.2635,6345327.9507
000001.SZ,20100128,21.75,109.9989,3.5384,4.6539,6754318.4324,6359948.522
000001.SZ,20100127,21.91,110.8081,3.5645,4.6882,6804005.3725,6406734.3502
000001.SZ,20100126,22.05,111.5161,3.5872,4.7181,6847481.4452,6447671.9499
000001.SZ,20100125,22.19,112.2242,3.61,4.7481,6890957.5179,6488609.5496
000001.SZ,20100122,23.08,116.7253,3.7548,4.9385,7167341.1227,6748855.719
000001.SZ,20100121,22.68,114.7023,3.6897,4.8529,7043123.7722,6631891.1485
000001.SZ,20100120,21.38,108.1277,3.4782,4.5748,6639417.3832,6251756.2943
000001.SZ,20100119,22.23,112.4265,3.6165,4.7566,6903379.2529,6500306.0066
000001.SZ,20100118,21.47,108.5828,3.4929,4.594,6667366.287,6278073.3227
000001.SZ,20100115,21.43,108.3805,3.4864,4.5855,6654944.552,6266376.8656
000001.SZ,20100114,20.97,106.0541,3.4115,4.487,6512094.5989,6131867.6095
000001.SZ,20100113,20.96,106.0036,3.4099,4.4849,6508989.1652,6128943.4952
000001.SZ,20100112,22.45,113.5391,3.6523,4.8037,6971698.7957,6564636.5204
000001.SZ,20100111,22.6,114.2977,3.6767,4.8358,7018280.3021,6608498.2344
000001.SZ,20100108,22.6,114.2977,3.6767,4.8358,7018280.3021,6608498.2344
000001.SZ,20100107,22.65,114.5506,3.6849,4.8465,7033807.4709,6623118.8057
000001.SZ,20100106,22.9,115.815,3.7255,4.9,7111443.315,6696221.6623
000001.SZ,20100105,23.3,117.8379,3.7906,4.9856,7235660.6655,6813186.2328
000001.SZ,20100104,23.71,119.9115,3.8573,5.0733,7362983.4497,6933074.9176
000001.SZ,20091231,24.37,123.2494,3.9647,5.2146,7567942.078,7126066.4589
000001.SZ,20091230,24.39,123.3505,3.9679,5.2188,7574152.9455,7131914.6875
000001.SZ,20091229,23.59,119.3046,3.8378,5.0477,7325718.2446,6897985.5464
000001.SZ,20091224,23.28,117.7368,3.7873,4.9813,7229449.7979,6807338.0043
000001.SZ,20091223,22.55,114.0449,3.6686,4.8251,7002753.1333,6593877.6631
000001.SZ,20091222,22.72,114.9046,3.6962,4.8615,7055545.5073,6643587.6055
000001.SZ,20091221,23.56,119.1528,3.8329,5.0412,7316401.9433,6889213.2036
000001.SZ,20091218,23.93,121.0241,3.8931,5.1204,7431302.9925,6997405.4314
000001.SZ,20091217,24.51,123.9574,3.9875,5.2445,7611418.1507,7167004.0586
000001.SZ,20091216,24.85,125.6769,4.0428,5.3173,7717002.8986,7266423.9436
000001.SZ,20091215,25.08,126.8401,4.0802,5.3665,7788427.8751,7333678.5716
000001.SZ,20091214,25.5,128.9642,4.1485,5.4563,7918856.0931,7456491.3707
000001.SZ,20091211,24.99,126.385,4.0655,5.3472,7760478.9712,7307361.5432
000001.SZ,20091210,24.89,125.8792,4.0493,5.3258,7729424.6336,7278120.4006
000001.SZ,20091209,24.65,124.6654,4.0102,5.2745,7654894.2233,7207941.6583
000001.SZ,20091208,24.77,125.2723,4.0297,5.3001,7692159.4285,7243031.0295
000001.SZ,20091207,25.36,128.2562,4.1257,5.4264,7875380.0204,7415553.771
000001.SZ,20091204,25.3,127.9528,4.116,5.4135,7856747.4179,7398009.0854
000001.SZ,20091203,23.95,121.1252,3.8963,5.1247,7437513.86,7003253.6599
000001.SZ,20091202,24.38,123.2999,3.9663,5.2167,7571047.5118,7128990.5732
000001.SZ,20091201,24.19,122.339,3.9354,5.176,7512044.2703,7073432.4022
000001.SZ,20091130,24.26,122.693,3.9468,5.191,7533782.3066,7093901.202
000001.SZ,20091127,23.33,117.9896,3.7955,4.992,7244976.9667,6821958.5756
000001.SZ,20091126,23.73,120.0126,3.8606,5.0776,7369194.3172,6938923.1461
000001.SZ,20091125,25.18,127.3459,4.0965,5.3879,7819482.2127,7362919.7142
000001.SZ,20091124,25.15,127.1941,4.0916,5.3815,7810165.9114,7354147.3714
000001.SZ,20091123,25.55,129.2171,4.1566,5.467,7934383.2619,7471111.942
000001.SZ,20091120,25.61,129.5206,4.1664,5.4799,7953015.8645,7488656.6275
000001.SZ,20091119,25.95,131.2401,4.2217,5.5526,8058600.6124,7588076.5125
000001.SZ,20091118,25.81,130.532,4.1989,5.5227,8015124.5397,7547138.9128
000001.SZ,20091117,26.03,131.6447,4.2347,5.5697,8083444.0825,7611469.4266
000001.SZ,20091116,26.22,132.6056,4.2656,5.6104,8142447.324,7667027.5976
000001.SZ,20091113,25.4,128.4585,4.1322,5.4349,7887801.7555,7427250.228
000001.SZ,20091112,25.16,127.2447,4.0932,5.3836,7813271.3452,7357071.4857
000001.SZ,20091111,25.59,129.4194,4.1632,5.4756,7946804.997,7482808.399
000001.SZ,20091110,25.8,130.4815,4.1973,5.5205,8012019.106,7544214.7985
000001.SZ,20091109,24.86,125.7275,4.0444,5.3194,7720108.3323,7269348.0578
000001.SZ,20091106,25.1,126.9413,4.0834,5.3708,7794638.7426,7339526.8001
000001.SZ,20091105,25.05,126.6884,4.0753,5.3601,7779111.5738,7324906.2288
000001.SZ,20091104,25.4,128.4585,4.1322,5.4349,7887801.7555,7427250.228
000001.SZ,20091103,24.94,126.1321,4.0574,5.3365,7744951.8024,7292740.9719
000001.SZ,20091102,24.73,125.07,4.0232,5.2916,7679737.6934,7231334.5724
000001.SZ,20091030,22.48,113.6908,3.6572,4.8101,6981015.097,6573408.8632
000001.SZ,20091029,22.21,112.3253,3.6133,4.7524,6897168.3854,6494457.7781
000001.SZ,20091028,21.88,110.6564,3.7775,4.6818,6794689.0713,6397962.0074
000001.SZ,20091027,22.0,111.2633,3.7982,4.7074,6831954.2764,6433051.3786
000001.SZ,20091026,22.81,115.3598,3.938,4.8808,7083494.4111,6669904.6339
000001.SZ,20091023,22.81,115.3598,3.938,4.8808,7083494.4111,6669904.6339
000001.SZ,20091022,22.23,112.4265,3.8379,4.7566,6903379.2529,6500306.0066
000001.SZ,20091021,22.62,114.3989,3.9052,4.8401,7024491.1696,6614346.4629
000001.SZ,20091020,22.39,113.2357,3.8655,4.7909,6953066.1931,6547091.8349
000001.SZ,20091019,22.05,111.5161,3.8068,4.7181,6847481.4452,6447671.9499
000001.SZ,20091016,21.31,107.7737,3.6791,4.5598,6617679.3468,6231287.4945
000001.SZ,20091015,21.42,108.33,3.6981,4.5833,6651839.1182,6263452.7513
000001.SZ,20091014,21.23,107.3691,3.6653,4.5427,6592835.8767,6207135.7374
000001.SZ,20091013,21.12,106.8127,3.6463,4.5191,6558676.1053,6174974.4123
000001.SZ,20091012,20.99,106.1553,3.6238,4.4913,6518305.4664,6136965.5736
000001.SZ,20091009,21.05,106.4587,3.6342,4.5042,6536938.069,6154508.1145
000001.SZ,20090930,20.01,101.199,3.4546,4.2816,6213972.9578,5850437.4048
000001.SZ,20090929,19.74,99.8335,3.408,4.2239,6130126.2462,5771495.9706
000001.SZ,20090928,19.44,98.3163,3.3562,4.1597,6036963.2333,5683783.2659
000001.SZ,20090925,20.15,101.907,3.4788,4.3116,6257449.0304,5891370.0004
000001.SZ,20090924,20.32,102.7668,3.5081,4.348,6310241.4044,5941073.8664
000001.SZ,20090923,19.51,98.6703,3.3683,4.1746,6058701.2697,5704249.5636
000001.SZ,20090922,19.72,99.7324,3.4046,4.2196,6123915.3787,5765648.4569
000001.SZ,20090921,20.43,103.3231,3.5271,4.3715,6344401.1758,5973235.1914
000001.SZ,20090918,20.5,103.6771,3.5392,4.3865,6366139.2121,5993701.4892
000001.SZ,20090917,21.49,108.684,3.7101,4.5983,6673577.1545,6283153.4148
000001.SZ,20090916,21.28,107.6219,3.6739,4.5534,6608363.0455,6221754.5215
000001.SZ,20090915,21.89,110.707,3.7792,4.6839,6797794.505,6400103.6877
000001.SZ,20090914,21.98,111.1621,3.7947,4.7032,6825743.4089,6426417.4992
000001.SZ,20090911,21.8,110.2518,3.7637,4.6646,6769845.6012,6373789.8763
000001.SZ,20090910,20.7,104.6886,3.5738,4.4293,6428247.8873,6052176.6257
000001.SZ,20090909,20.96,106.0036,3.6186,4.4849,6508989.1652,6128194.3031
000001.SZ,20090908,20.96,106.0036,3.6186,4.4849,6508989.1652,6128194.3031
000001.SZ,20090907,20.81,105.2449,3.5927,4.4528,6462407.6587,6084337.9507
000001.SZ,20090904,20.73,104.8403,3.5789,4.4357,6437564.1886,6060947.8962
000001.SZ,20090903,20.65,104.4358,3.5651,4.4186,6412720.7185,6037557.8416
000001.SZ,20090902,19.84,100.3392,3.4253,4.2452,6161180.5838,5800733.5388
000001.SZ,20090901,19.0,96.091,3.2803,4.0655,5900324.1478,5555137.9656
000001.SZ,20090831,18.19,91.9945,3.1404,3.8922,5648784.0131,5318313.6629
000001.SZ,20090828,19.16,96.9002,3.3079,4.0997,5950011.088,5601918.0748
000001.SZ,20090827,20.14,101.8565,3.4771,4.3094,6254343.5967,5888446.2435
000001.SZ,20090826,20.62,104.284,3.5599,4.4121,6403404.4172,6028786.5711
000001.SZ,20090825,20.34,102.868,3.5116,4.3522,6316452.2719,5946921.38
000001.SZ,20090824,21.92,110.8587,3.7844,4.6903,6807110.8063,6408874.9582
000001.SZ,20090821,22.07,111.6173,3.8103,4.7224,6853692.3127,6452731.3106
000001.SZ,20090820,21.56,109.038,3.9218,4.6133,6695315.1909,6303442.4354
000001.SZ,20090819,20.78,105.0932,3.7799,4.4464,6453091.3574,6075395.8167
000001.SZ,20090818,21.44,108.4311,3.9,4.5876,6658049.9857,6268358.3403
000001.SZ,20090817,21.21,107.2679,3.8581,4.5384,6586625.0092,6201113.8245
000001.SZ,20090814,22.7,114.8035,4.1291,4.8572,7049334.6397,6636741.3397
000001.SZ,20090813,23.27,117.6862,4.2328,4.9792,7226344.3642,6803390.7919
000001.SZ,20090812,22.37,113.1345,4.0691,4.7866,6946855.3256,6540260.078
000001.SZ,20090811,23.08,116.7253,4.1983,4.9385,7167341.1227,6747840.9745
000001.SZ,20090810,22.96,116.1184,4.1764,4.9128,7130075.9176,6712756.8793
000001.SZ,20090807,23.53,119.0011,4.2801,5.0348,7307085.642,6879406.3314
000001.SZ,20090806,23.99,121.3275,4.3638,5.1332,7449935.595,7013895.363
000001.SZ,20090805,25.16,127.2447,4.5766,5.3836,7813271.3452,7355965.2911
000001.SZ,20090804,25.04,126.6378,4.5548,5.3579,7776006.14,7320881.1959
000001.SZ,20090803,25.85,130.7343,4.7021,5.5312,8027546.2748,7557698.8384
000001.SZ,20090730,26.18,132.4033,4.7622,5.6018,8130025.5889,7654180.1002
000001.SZ,20090729,23.8,120.3666,4.3292,5.0926,7390932.3536,6958345.5456
000001.SZ,20090728,23.1,116.8264,4.2019,4.9428,7173551.9902,6753688.3237
000001.SZ,20090727,23.1,116.8264,4.2019,4.9428,7173551.9902,6753688.3237
000001.SZ,20090724,22.7,114.8035,4.1291,4.8572,7049334.6397,6636741.3397
000001.SZ,20090723,23.16,117.1299,4.2128,4.9556,7192184.5928,6771230.3713
000001.SZ,20090722,23.08,116.7253,4.1983,4.9385,7167341.1227,6747840.9745
000001.SZ,20090721,22.95,116.0678,4.1746,4.9107,7126970.4838,6709833.2047
000001.SZ,20090720,23.68,119.7597,4.3074,5.0669,7353667.1484,6923261.4504
000001.SZ,20090717,23.47,118.6977,4.2692,5.022,7288453.0394,6861864.2839
000001.SZ,20090716,23.56,119.1528,4.2856,5.0412,7316401.9433,6888177.3552
000001.SZ,20090715,22.98,116.2195,4.1801,4.9171,7136286.7851,6718604.2285
000001.SZ,20090714,22.85,115.5621,4.1564,4.8893,7095916.1462,6680596.4587
000001.SZ,20090713,22.13,111.9207,4.0255,4.7353,6872324.9153,6470091.8876
000001.SZ,20090710,22.78,115.2081,4.1437,4.8743,7074178.1098,6660130.7365
000001.SZ,20090709,22.66,114.6012,4.1219,4.8487,7036912.9047,6625046.6413
000001.SZ,20090708,22.58,114.1966,4.1073,4.8315,7012069.4346,6601657.2445
000001.SZ,20090707,22.79,115.2586,4.1455,4.8765,7077283.5436,6663054.4111
000001.SZ,20090706,23.88,120.7712,4.3438,5.1097,7415775.8237,6981734.9424
000001.SZ,20090703,23.6,119.3551,4.2929,5.0498,7328823.6783,6899872.0536
000001.SZ,20090702,23.29,117.7873,4.2365,4.9835,7232555.2317,6809238.1411
000001.SZ,20090701,23.25,117.585,4.2292,4.9749,7220133.4967,6797543.4427
000001.SZ,20090630,21.82,110.3529,3.9691,4.6689,6776056.4687,6379457.975
000001.SZ,20090626,21.6,109.2403,3.9291,4.6218,6707736.9259,6315137.1338
000001.SZ,20090625,21.38,108.1277,3.889,4.5748,6639417.3832,6250816.2927
000001.SZ,20090624,21.42,108.33,3.8963,4.5833,6651839.1182,6262510.9911
000001.SZ,20090623,22.1,111.769,4.02,4.7288,6863008.614,6461320.8638
000001.SZ,20090622,22.09,111.7184,4.0182,4.7267,6859903.1803,6458397.1892
000001.SZ,20090619,22.07,111.6173,4.0146,4.7224,6853692.3127,6145598.6534
000001.SZ,20090618,21.92,110.8587,3.9873,4.6903,6807110.8063,6103855.7624
000001.SZ,20090617,22.2,112.2748,4.0382,4.7502,6894062.9516,6181824.7228
000001.SZ,20090616,22.59,114.2471,4.1091,4.8337,7015174.8684,6290424.3463
000001.SZ,20090615,22.0,111.2633,4.0018,4.7074,6831954.2764,6126132.6082
000001.SZ,20090605,20.0,101.1484,3.638,4.2795,6210867.524,5569211.462
000001.SZ,20090604,20.38,103.0702,3.7071,4.3608,6328874.007,5675026.4798
000001.SZ,20090603,19.96,100.9461,3.6307,4.2709,6198445.789,5558073.0391
000001.SZ,20090602,18.48,93.4611,3.3615,3.9542,5738841.5922,5145951.3909
000001.SZ,20090601,18.3,92.5508,3.3288,3.9157,5682943.7845,5095828.4877
000001.SZ,20090527,17.84,90.2244,3.2451,3.8173,5540093.8314,4967736.6241
000001.SZ,20090526,17.09,86.4313,3.1087,3.6568,5307186.2993,4758891.1943
000001.SZ,20090525,17.17,86.8359,3.1232,3.6739,5332029.7694,4781168.0401
000001.SZ,20090522,17.1,86.4819,3.1105,3.659,5310291.733,4761675.8
000001.SZ,20090521,16.95,85.7233,3.0832,3.6269,5263710.2266,4719906.714
000001.SZ,20090520,17.6,89.0106,3.2015,3.7659,5465563.4211,4900906.0866
000001.SZ,20090519,17.89,90.4773,3.2542,3.828,5555621.0002,4981659.6528
000001.SZ,20090515,17.5,88.5049,3.1833,3.7445,5434509.0835,4873060.0293
000001.SZ,20090514,17.42,88.1003,3.1687,3.7274,5409665.6134,4850783.1834
000001.SZ,20090513,17.84,90.2244,3.2451,3.8173,5540093.8314,4967736.6241
000001.SZ,20090512,17.9,90.5278,3.256,3.8301,5558726.434,4984444.2585
000001.SZ,20090511,17.65,89.2635,3.2105,3.7766,5481090.5899,4914829.1152
000001.SZ,20090508,18.18,91.9439,3.307,3.8901,5645678.5793,5062413.219
000001.SZ,20090507,17.95,90.7807,3.2651,3.8408,5574253.6028,4998367.2871
000001.SZ,20090506,17.25,87.2405,3.1378,3.6911,5356873.2395,4803444.886
000001.SZ,20090505,16.78,84.8635,3.0523,3.5905,5210917.8526,4672568.4166
000001.SZ,20090504,16.76,84.7624,3.0487,3.5862,5204706.9851,4666999.2052
000001.SZ,20090430,16.32,82.5371,2.9686,3.4921,5068067.8996,4544476.553
000001.SZ,20090429,16.51,83.498,3.0032,3.5327,5127071.1411,4597384.0619
000001.SZ,20090428,15.6,78.8958,2.8377,3.338,4844476.6687,4343984.9404
000001.SZ,20090427,15.15,76.6199,2.7558,3.2417,4704732.1494,4218677.6825
000001.SZ,20090424,15.33,77.5303,2.7885,3.2802,4760629.9571,4268800.5856
000001.SZ,20090423,15.21,76.9234,2.88,3.2545,4723364.752,4235385.3169
000001.SZ,20090422,15.27,77.2268,2.8913,3.2674,4741997.3546,4252092.9512
000001.SZ,20090421,15.79,79.8567,2.9898,3.3787,4903479.9102,4396892.4492
000001.SZ,20090420,16.14,81.6268,3.0561,3.4535,5012170.0919,4494353.6498
000001.SZ,20090417,15.88,80.3119,3.0068,3.3979,4931428.8141,4421953.9008
000001.SZ,20090416,16.35,82.6888,3.0958,3.4985,5077384.2009,4552830.3702
000001.SZ,20090415,16.3,82.436,3.0863,3.4878,5061857.0321,4538907.3415
000001.SZ,20090414,16.66,84.2566,3.1545,3.5648,5173652.6475,4639153.1478
000001.SZ,20090413,16.74,84.6612,3.1697,3.5819,5198496.1176,4661429.9937
000001.SZ,20090410,16.61,84.0038,3.145,3.5541,5158125.4787,4625230.1192
000001.SZ,20090409,16.35,82.6888,3.0958,3.4985,5077384.2009,4552830.3702
000001.SZ,20090408,16.06,81.2222,3.0409,3.4364,4987326.6218,4472076.804
000001.SZ,20090407,16.65,84.2061,3.1526,3.5627,5170547.2137,4636368.5421
000001.SZ,20090403,16.75,84.7118,3.1716,3.5841,5201601.5514,4664214.5994
000001.SZ,20090402,16.71,84.5095,3.164,3.5755,5189179.8163,4653076.1765
000001.SZ,20090401,16.2,81.9302,3.0674,3.4664,5030802.6944,4511061.2842
000001.SZ,20090331,15.94,80.6153,3.0182,3.4107,4950061.4166,4438661.5352
000001.SZ,20090330,16.04,81.121,3.0371,3.4321,4981115.7542,4466507.5925
000001.SZ,20090327,16.37,82.79,3.0996,3.5028,5083595.0684,4558399.5816
000001.SZ,20090326,16.52,83.5486,3.128,3.5349,5130176.5748,4600168.6676
000001.SZ,20090325,15.8,79.9073,2.9917,3.3808,4906585.344,4399677.055
000001.SZ,20090324,15.67,79.2498,2.9671,3.353,4866214.7051,4363477.1805
000001.SZ,20090323,15.6,78.8958,2.9538,3.338,4844476.6687,4343984.9404
000001.SZ,20090320,15.33,77.5303,2.9027,3.2802,4760629.9571,4268800.5856
000001.SZ,20090319,15.79,18.5044,2.9078,4.5371,4903479.9102,4396892.4492
000001.SZ,20090318,15.71,18.4106,2.8931,4.5141,4878636.4401,4374615.6034
000001.SZ,20090317,15.89,18.6216,2.9262,4.5658,4934534.2478,4424738.5066
000001.SZ,20090316,15.25,17.8715,2.8083,4.3819,4735786.4871,4246523.7398
000001.SZ,20090313,14.82,17.3676,2.7292,4.2584,4602252.8353,4126785.6933
000001.SZ,20090312,15.12,17.7192,2.7844,4.3446,4695415.8481,4210323.8653
000001.SZ,20090311,14.66,17.1801,2.6997,4.2124,4552565.8951,4082232.0016
000001.SZ,20090310,14.85,17.4028,2.7347,4.267,4611569.1366,4135139.5105
000001.SZ,20090309,14.68,17.2036,2.7034,4.2182,4558776.7626,4087801.2131
000001.SZ,20090306,14.99,17.5669,2.7605,4.3072,4655045.2092,4174123.9908
000001.SZ,20090305,15.15,17.7544,2.7899,4.3532,4704732.1494,4218677.6825
000001.SZ,20090304,14.83,17.3793,2.731,4.2613,4605358.269,4129570.2991
000001.SZ,20090303,13.51,15.8324,2.4879,3.882,4195441.0125,3762002.3426
000001.SZ,20090302,14.0,16.4067,2.5782,4.0228,4347607.2668,3898448.0234
000001.SZ,20090226,13.8,16.1723,2.5413,3.9653,4285498.5916,3842755.9088
000001.SZ,20090225,15.15,17.7544,2.7899,4.3532,4704732.1494,4218677.6825
000001.SZ,20090223,14.99,17.5669,2.7605,4.3072,4655045.2092,4174123.9908
000001.SZ,20090220,13.63,15.9731,2.51,3.9165,4232706.2176,3795417.6114
000001.SZ,20090219,13.45,15.7621,2.4769,3.8647,4176808.4099,3745294.7082
000001.SZ,20090218,14.0,16.4067,2.5782,4.0228,4347607.2668,3898448.0234
000001.SZ,20090217,14.36,16.8286,2.6444,4.1262,4459402.8822,3998693.8297
000001.SZ,20090216,14.35,16.8168,2.6426,4.1233,4456297.4485,3995909.224
000001.SZ,20090213,13.61,15.9496,2.5063,3.9107,4226495.3501,3789848.3999
000001.SZ,20090212,13.28,15.5629,2.4456,3.8159,4124016.0359,3697956.4108
000001.SZ,20090211,13.8,16.1723,2.5413,3.9653,4285498.5916,3842755.9088
000001.SZ,20090210,13.66,16.0082,2.5155,3.9251,4242022.5189,3803771.4285
000001.SZ,20090209,13.75,16.1137,2.5321,3.9509,4269971.4228,3828832.8801
000001.SZ,20090206,13.19,15.4574,2.429,3.79,4096067.1321,3672894.9592
000001.SZ,20090205,12.8,15.0004,2.3572,3.678,3974955.2154,3564295.3357
000001.SZ,20090204,13.04,15.2816,2.4014,3.7469,4049485.6256,3631125.8732
000001.SZ,20090203,11.95,14.0043,2.2006,3.4337,3710993.3456,3327603.8485
000001.SZ,20090202,11.66,13.6644,2.1472,3.3504,3620935.7665,3246850.2823
000001.SZ,20090123,11.64,13.641,2.1435,3.3446,3614724.899,3241281.0709
000001.SZ,20090122,11.79,13.8168,2.1712,3.3877,3661306.4054,3283050.1568
000001.SZ,20090121,11.79,13.8168,2.1712,3.3877,3661306.4054,3283050.1568
000001.SZ,20090120,11.36,13.3128,2.092,3.2642,3527772.7536,3163312.1104
000001.SZ,20090119,11.11,13.0199,2.0459,3.1924,3450136.9096,3093696.9671
000001.SZ,20090116,10.62,12.4456,1.9557,3.0516,3297970.6552,2957251.2863
000001.SZ,20090115,10.3,12.0706,1.8968,2.9596,3198596.7749,2868143.9029
000001.SZ,20090114,10.2,11.9534,1.8784,2.9309,3167542.4372,2840297.8456
000001.SZ,20090113,9.47,11.0979,1.7439,2.7211,2940845.7726,2637021.6273
000001.SZ,20090112,9.86,11.555,1.8158,2.8332,3061957.6893,2745621.2508
000001.SZ,20090109,9.85,11.5433,1.8139,2.8303,3058852.2556,2742836.645
000001.SZ,20090108,9.6,11.2503,1.7679,2.7585,2981216.4115,2673221.5018
000001.SZ,20090107,9.99,11.7073,1.8397,2.8705,3102328.3282,2781821.1253
000001.SZ,20090106,10.3,12.0706,1.8968,2.9596,3198596.7749,2868143.9029
000001.SZ,20090105,9.71,11.3792,1.7881,2.7901,3015376.1829,2703852.1648
000001.SZ,20081231,9.46,11.0862,1.7421,2.7182,2937740.3389,2634237.0215
000001.SZ,20081230,9.5,11.1331,1.7495,2.7297,2950162.0739,2645375.4445
000001.SZ,20081229,9.47,11.0979,1.7439,2.7211,2940845.7726,2637021.6273
000001.SZ,20081226,9.72,11.3909,1.79,2.793,3018481.6167,2706636.7705
000001.SZ,20081225,9.78,11.4612,1.801,2.8102,3037114.2192,2723344.4049
000001.SZ,20081224,10.12,11.8597,1.8636,2.9079,3142698.9671,2818020.9998
000001.SZ,20081223,10.18,11.93,1.8747,2.9251,3161331.5697,2834728.6342
000001.SZ,20081222,10.3,12.0706,1.8968,2.9596,3198596.7749,2868143.9029
000001.SZ,20081219,10.53,12.3402,1.9391,3.0257,3270021.7514,2932189.8347
000001.SZ,20081218,10.6,12.4222,1.952,3.0458,3291759.7877,2951682.0749
000001.SZ,20081217,10.02,11.7425,1.8452,2.8792,3111644.6295,2790174.9425
000001.SZ,20081216,10.15,11.8948,1.8692,2.9165,3152015.2684,2826374.817
000001.SZ,20081215,10.22,11.9769,1.8821,2.9366,3173753.3048,2845867.0571
000001.SZ,20081212,10.23,11.9886,1.8839,2.9395,3176858.7385,2848651.6628
000001.SZ,20081211,10.82,12.68,1.9925,3.109,3360079.3305,3012943.4009
000001.SZ,20081210,11.24,13.1722,2.0699,3.2297,3490507.5485,3129896.8416
000001.SZ,20081209,10.42,12.2112,1.9189,2.9941,3235861.98,2901559.1717
000001.SZ,20081208,10.85,12.7152,1.9981,3.1176,3369395.6318,3021297.2181
000001.SZ,20081205,10.31,12.0823,1.8986,2.9625,3201702.2086,2870928.5087
000001.SZ,20081204,10.0,11.719,1.8415,2.8734,3105433.762,2784605.731
000001.SZ,20081203,9.65,11.3089,1.7771,2.7728,2996743.5803,2687144.5304
000001.SZ,20081202,9.12,10.6878,1.6795,2.6205,2832155.5909,2539560.4267
000001.SZ,20081201,9.12,10.6878,1.6795,2.6205,2832155.5909,2539560.4267
000001.SZ,20081128,8.99,10.5354,1.6555,2.5832,2791784.952,2503360.5522
000001.SZ,20081127,9.46,11.0862,1.7421,2.7182,2937740.3389,2634237.0215
000001.SZ,20081126,9.5,11.1331,1.7495,2.7297,2950162.0739,2645375.4445
000001.SZ,20081125,9.66,11.3206,1.7789,2.7757,2999849.0141,2689929.1361
000001.SZ,20081124,9.78,11.4612,1.801,2.8102,3037114.2192,2723344.4049
000001.SZ,20081121,10.23,11.9886,1.8839,2.9395,3176858.7385,2848651.6628
000001.SZ,20081120,10.52,12.3284,1.9373,3.0228,3266916.3176,2929405.229
000001.SZ,20081119,10.96,12.8441,2.0183,3.1493,3403555.4032,3051927.8812
000001.SZ,20081118,10.1,11.8362,1.86,2.9021,3136488.0996,2812451.7883
000001.SZ,20081117,11.01,12.9027,2.0275,3.1636,3419082.572,3065850.9098
000001.SZ,20081114,10.62,12.4456,1.9557,3.0516,3297970.6552,2957251.2863
000001.SZ,20081113,10.28,12.0472,1.8931,2.9539,3192385.9073,2862574.6915
000001.SZ,20081112,9.78,11.4612,1.801,2.8102,3037114.2192,2723344.4049
000001.SZ,20081111,9.52,11.1565,1.7531,2.7355,2956372.9414,2650944.6559
000001.SZ,20081110,9.65,11.3089,1.7771,2.7728,2996743.5803,2687144.5304
000001.SZ,20081107,8.79,10.301,1.6187,2.5257,2729676.2768,2447668.4375
000001.SZ,20081106,8.43,9.8792,1.5524,2.4223,2617880.6614,2347422.6312
000001.SZ,20081105,8.85,10.3714,1.6298,2.543,2748308.8794,2464376.0719
000001.SZ,20081104,8.35,9.7854,1.5377,2.3993,2593037.1913,2325145.7854
000001.SZ,20081103,8.4,9.844,1.5469,2.4137,2608564.3601,2339068.814
000001.SZ,20081031,8.37,9.8088,1.5414,2.405,2599248.0588,2330714.9968
000001.SZ,20081030,11.31,10.1956,1.4704,2.4999,2701727.3735,2422606.9866
000001.SZ,20081029,11.02,9.9341,1.4327,2.4358,2632452.3126,2360488.8587
000001.SZ,20081028,11.49,10.3578,1.4938,2.5396,2744725.6871,2461163.0659
000001.SZ,20081027,10.83,9.7629,1.408,2.3938,2587065.2038,2319790.7749
000001.SZ,20081024,12.03,10.8446,1.564,2.659,2873720.628,2576831.304
000001.SZ,20081023,12.54,11.3044,1.768,2.7717,2995549.1833,2686073.5289
000001.SZ,20081022,13.15,11.8543,1.854,2.9066,3141265.6906,2816735.7978
000001.SZ,20081021,13.28,11.9715,1.8723,2.9353,3172320.0283,2844581.8552
000001.SZ,20081020,13.58,12.2419,1.9146,3.0016,3243983.8843,2908841.9874
000001.SZ,20081017,12.9,11.6289,1.8187,2.8513,3081545.8106,2763185.6876
000001.SZ,20081016,12.39,11.1692,1.7468,2.7386,2959717.2553,2653943.4628
000001.SZ,20081014,13.18,11.8813,1.8582,2.9132,3148432.0762,2823161.8111
000001.SZ,20081013,13.26,11.9534,1.8695,2.9309,3167542.4379,2840297.8463
000001.SZ,20081010,12.05,10.8627,1.6989,2.6634,2878498.2184,2581115.3128
000001.SZ,20081009,12.99,11.71,1.8314,2.8712,3103044.9674,2782463.7273
000001.SZ,20081008,13.2,11.8993,1.861,2.9176,3153209.6666,2827445.8199
000001.SZ,20081007,13.99,12.6115,1.9724,3.0922,3341924.4876,2996664.1682
000001.SZ,20081006,13.9,12.5304,1.9597,3.0723,3320425.3308,2977386.1285
000001.SZ,20080926,14.99,13.513,2.1134,3.3133,3580804.0078,3210864.6091
000001.SZ,20080925,15.31,13.8014,2.1585,3.384,3657245.4543,3279408.7502
000001.SZ,20080924,14.7,13.2515,2.0725,3.2492,3511528.9469,3148746.4812
000001.SZ,20080923,15.09,13.6031,2.1275,3.3354,3604691.9598,3232284.6532
000001.SZ,20080922,16.09,14.5046,2.2685,3.5564,3843571.48,3446485.0941
000001.SZ,20080919,14.63,13.1884,2.0626,3.2337,3494807.3805,3133752.4504
000001.SZ,20080918,13.3,11.9895,1.8751,2.9397,3177097.6187,2848865.864
000001.SZ,20080917,13.07,11.7821,1.8427,2.8889,3122155.329,2799599.7626
000001.SZ,20080916,14.39,12.9721,2.0288,3.1806,3437476.2957,3082344.3446
000001.SZ,20080912,15.99,14.4144,2.2544,3.5343,3819683.528,3425065.05
000001.SZ,20080911,16.1,14.5136,2.2699,3.5586,3845960.2752,3448627.0985
000001.SZ,20080910,17.2,15.5052,2.425,3.8017,4108727.7474,3684247.5835
000001.SZ,20080909,17.43,15.7125,2.4574,3.8526,4163670.0371,3733513.6849
000001.SZ,20080908,17.68,15.9379,2.4927,3.9078,4223389.9171,3787063.7951
000001.SZ,20080905,18.24,16.4427,2.5716,4.0316,4357162.4484,3907016.042
000001.SZ,20080904,18.3,16.4968,2.5801,4.0449,4371495.2197,3919868.0685
000001.SZ,20080903,18.18,16.3886,2.5632,4.0183,4342829.6772,3894164.0156
000001.SZ,20080902,18.71,16.8664,2.6379,4.1355,4469435.8229,4007690.2492
000001.SZ,20080901,18.96,17.0918,2.6731,4.1908,4529155.703,4061240.3595
000001.SZ,20080829,20.2,18.2096,2.8479,4.4648,4825366.308,4326848.9062
000001.SZ,20080828,20.07,18.0924,2.8296,4.4361,4794311.9704,4299002.8489
000001.SZ,20080827,19.96,17.9932,2.8141,4.4118,4768035.2232,4275440.8004
000001.SZ,20080826,20.01,18.0383,2.8212,4.4228,4779979.1992,4286150.8224
000001.SZ,20080825,20.14,18.1555,2.8395,4.4516,4811033.5368,4313996.8797
000001.SZ,20080822,19.9,17.9392,2.8057,4.3985,4753702.452,4262588.7739
000001.SZ,20080821,20.21,18.2186,2.8494,4.467,4827755.1032,4328990.9106
000001.SZ,20080820,20.85,18.7955,3.5471,4.6085,4980637.9962,4466079.1928
000001.SZ,20080819,19.25,17.3532,3.2749,4.2549,4598430.7639,4123358.4873
000001.SZ,20080818,19.03,17.1549,3.2375,4.2062,4545877.2694,4076234.3903
000001.SZ,20080815,19.6,17.6687,3.3345,4.3322,4682038.5959,4198328.6416
000001.SZ,20080814,19.29,17.3893,3.2817,4.2637,4607985.9447,4131926.505
000001.SZ,20080813,19.29,17.3893,3.2817,4.2637,4607985.9447,4131926.505
000001.SZ,20080812,19.3,17.3983,3.2834,4.2659,4610374.7399,4134068.5094
000001.SZ,20080811,19.3,17.3983,3.2834,4.2659,4610374.7399,4134068.5094
000001.SZ,20080808,20.0,18.0293,3.4025,4.4206,4777590.404,4284008.818
000001.SZ,20080807,20.95,18.8857,3.5641,4.6306,5004525.9482,4487499.2369
000001.SZ,20080806,20.85,18.7955,3.5471,4.6085,4980637.9962,4466079.1928
000001.SZ,20080805,21.0,18.9308,3.5726,4.6417,5016469.9242,4498209.2589
000001.SZ,20080804,21.45,19.3364,3.6492,4.7411,5123965.7083,4594599.4573
000001.SZ,20080801,21.88,19.7241,3.7223,4.8362,5226683.902,4686705.6469
000001.SZ,20080731,20.8,18.7505,3.5386,4.5974,4968694.0202,4455369.1707
000001.SZ,20080730,21.53,19.4085,3.6628,4.7588,5143076.0699,4611735.4926
000001.SZ,20080729,21.25,19.1561,3.6152,4.6969,5076189.8043,4551759.3691
000001.SZ,20080728,21.8,19.6519,3.7087,4.8185,5207573.5404,4669569.6116
000001.SZ,20080725,21.08,19.0029,3.5862,4.6593,5035580.2858,4515345.2942
000001.SZ,20080724,20.8,18.7505,3.5386,4.5974,4968694.0202,4455369.1707
000001.SZ,20080723,19.75,17.8039,3.36,4.3654,4717870.524,4230458.7078
000001.SZ,20080722,19.94,17.9752,3.3923,4.4074,4763257.6328,4271156.7915
000001.SZ,20080721,19.89,17.9301,3.3838,4.3963,4751313.6568,4260446.7695
000001.SZ,20080718,19.39,17.4794,3.2987,4.2858,4631873.8967,4153346.5491
000001.SZ,20080717,18.65,16.8123,3.1728,4.1222,4455103.0517,3994838.2228
000001.SZ,20080716,18.8,16.9475,3.1984,4.1554,4490934.9798,4026968.2889
000001.SZ,20080715,19.85,17.8941,3.377,4.3875,4741758.476,4251878.7519
000001.SZ,20080714,21.15,19.066,3.5982,4.6748,5052301.8522,4530339.325
000001.SZ,20080711,20.9,18.8406,3.5556,4.6196,4992581.9722,4476789.2148
000001.SZ,20080710,21.25,19.1561,3.6152,4.6969,5076189.8043,4551759.3691
000001.SZ,20080709,21.29,19.1922,3.622,4.7058,5085744.9851,4560327.3868
000001.SZ,20080708,20.18,18.1916,3.4331,4.4604,4820588.7176,4322564.8974
000001.SZ,20080707,20.36,18.3538,3.4638,4.5002,4863587.0313,4361120.9767
000001.SZ,20080704,19.03,17.1549,3.2375,4.2062,4545877.2694,4076234.3903
000001.SZ,20080703,18.96,16.4093,3.0968,4.0234,4348299.9469,3880202.9363
000001.SZ,20080702,18.7,16.1843,3.0543,3.9682,4288671.3612,3826993.4023
000001.SZ,20080701,18.75,16.2275,3.0625,3.9788,4300138.3969,3837226.005
000001.SZ,20080630,19.33,16.7295,3.1572,4.1019,4433156.0113,3955924.1961
000001.SZ,20080627,19.44,16.8247,3.1752,4.1253,4458383.4899,3978435.922
000001.SZ,20080626,21.6,18.6941,3.528,4.5836,4953759.4332,4420484.3578
000001.SZ,20080625,21.9,18.9538,3.577,4.6473,5022561.6476,3847373.1682
000001.SZ,20080624,21.55,18.6508,3.5198,4.573,4942292.3975,3785948.2831
000001.SZ,20080623,21.45,18.5643,3.5035,4.5518,4919358.326,3768380.0776
000001.SZ,20080620,21.0,18.1748,3.43,4.4563,4816155.0045,3689323.1529
000001.SZ,20080619,20.2,17.4825,3.2993,4.2865,4632682.4329,3548777.509
000001.SZ,20080618,22.08,19.1095,3.6064,4.6855,5063842.9762,3879059.7722
000001.SZ,20080617,21.2,18.3479,3.4626,4.4987,4862023.1474,3724459.5639
000001.SZ,20080616,21.58,18.6768,3.5247,4.5794,4949172.6189,3791218.7447
000001.SZ,20080613,21.18,18.3306,3.4594,4.4945,4857436.3331,3720945.9228
000001.SZ,20080611,21.2,18.3479,3.4626,4.4987,4862023.1474,3724459.5639
000001.SZ,20080610,22.28,19.2826,3.639,4.7279,5109711.1191,3914196.1832
000001.SZ,20080606,24.75,21.4203,4.0425,5.2521,5676182.6839,4348130.8588
000001.SZ,20080605,25.21,21.8185,4.1176,5.3497,5781679.4125,4428944.604
000001.SZ,20080604,25.59,22.1473,4.1797,5.4303,5868828.8841,4495703.7849
000001.SZ,20080603,25.43,22.0089,4.1535,5.3964,5832134.3697,4467594.6561
000001.SZ,20080602,25.87,22.3897,4.2254,5.4897,5933044.2841,4544894.7603
000001.SZ,20080530,25.23,21.8358,4.1209,5.3539,5786266.2268,4432458.2451
000001.SZ,20080529,24.95,21.5934,4.0751,5.2945,5722050.8268,4383267.2698
000001.SZ,20080528,26.17,22.6493,4.2744,5.5534,6001846.4985,4597599.3767
000001.SZ,20080527,25.02,21.654,4.0866,5.3094,5738104.6768,4395565.0136
000001.SZ,20080526,24.84,21.4982,4.0572,5.2712,5696823.3482,4363942.2437
000001.SZ,20080523,25.5,22.0694,4.165,5.4112,5848188.2198,4479892.4
000001.SZ,20080522,25.66,22.2079,4.1911,5.4452,5884882.7341,4508001.5287
000001.SZ,20080521,26.4,22.8484,4.312,5.6022,6054594.8628,4638006.2494
000001.SZ,20080520,26.18,22.658,4.276,5.5555,6004139.9056,4599356.1973
000001.SZ,20080519,28.0,24.2331,4.5733,5.9417,6421540.006,4919097.5372
000001.SZ,20080516,27.75,24.0167,4.5325,5.8887,6364204.8274,4875177.0235
000001.SZ,20080515,27.18,23.5234,4.4394,5.7677,6233480.6201,4775038.2522
000001.SZ,20080514,27.89,24.1379,4.5553,5.9184,6396312.5274,4899772.5112
000001.SZ,20080513,26.15,22.632,4.2711,5.5492,5997259.6842,4594085.7356
000001.SZ,20080512,26.85,23.2378,4.3855,5.6977,6157798.1843,4717063.1741
000001.SZ,20080509,26.09,22.5801,4.2613,5.5364,5983499.2413,4583544.8123
000001.SZ,20080508,27.55,23.8437,4.4998,5.8463,6318336.6845,4840040.6125
000001.SZ,20080507,26.89,23.2724,4.392,5.7062,6166971.8129,4724090.4563
000001.SZ,20080506,28.71,24.8476,4.6893,6.0924,6584371.9133,5043831.7962
000001.SZ,20080505,29.62,25.6352,4.8379,6.2855,6793071.9635,5203702.4661
000001.SZ,20080430,29.62,25.6352,4.8379,6.2855,6793071.9635,5203702.4661
000001.SZ,20080429,27.95,24.1898,4.5651,5.9311,6410072.9703,4910313.4345
000001.SZ,20080428,27.85,24.1033,4.5488,5.9099,6387138.8988,4892745.229
000001.SZ,20080425,27.95,24.1898,4.5651,5.9311,6410072.9703,4910313.4345
000001.SZ,20080424,27.49,23.7917,4.49,5.8335,6304576.2416,4829499.6892
000001.SZ,20080423,24.99,21.6281,4.4066,5.303,5731224.4554,4390294.552
000001.SZ,20080422,23.55,20.3818,4.1527,4.9974,5400973.8265,4137312.3929
000001.SZ,20080421,22.41,19.3951,3.9516,4.7555,5139525.4119,3937034.8503
000001.SZ,20080418,22.86,19.7846,4.031,4.851,5242728.7335,4016091.775
000001.SZ,20080417,23.17,20.0529,4.0857,4.9168,5313824.355,4070553.212
000001.SZ,20080416,24.85,21.5069,4.3819,5.2733,5699116.7553,4365699.0643
000001.SZ,20080415,25.6,22.156,4.5141,5.4325,5871122.2912,4497460.6054
000001.SZ,20080414,25.65,22.1993,4.523,5.4431,5882589.3269,4506244.7082
000001.SZ,20080411,28.5,24.6658,5.0255,6.0478,6536210.3633,5006938.5647
000001.SZ,20080410,28.05,24.2764,4.9462,5.9524,6433007.0417,4927881.6399
000001.SZ,20080409,27.73,23.9994,4.8897,5.8844,6359618.0131,4871663.3824
000001.SZ,20080408,29.67,25.6784,5.2318,6.2961,6804538.9992,5212486.5689
000001.SZ,20080407,30.0,25.9641,5.29,6.3662,6880221.435,5270461.647
000001.SZ,20080403,29.26,25.3236,5.1595,6.2091,6710509.3063,5140456.9264
000001.SZ,20080402,28.9,25.012,5.096,6.1327,6627946.6491,5077211.3866
000001.SZ,20080401,27.91,24.1552,4.9215,5.9226,6400899.3417,4903286.1523
000001.SZ,20080331,28.2,24.4062,4.9726,5.9842,6467408.1489,4954233.9482
000001.SZ,20080328,29.04,25.1332,5.1207,6.1624,6660054.3491,5101806.8743
000001.SZ,20080327,27.51,23.809,4.8509,5.8378,6309163.0559,4833013.3303
000001.SZ,20080326,27.9,24.1466,4.9197,5.9205,6398605.9346,4901529.3317
000001.SZ,20080325,27.49,23.7917,4.8474,5.8335,6304576.2416,4829499.6892
000001.SZ,20080324,26.51,22.9436,4.6746,5.6256,6079822.3414,4657331.2754
000001.SZ,20080321,28.33,24.5187,4.9955,6.0118,6497222.4418,4977072.6153
000001.SZ,20080320,29.0,25.0986,5.1137,6.1539,6650880.7205,5094779.5921
000001.SZ,20080319,27.02,47.5612,7.4093,8.6848,6196786.1058,4746929.1234
000001.SZ,20080318,25.2,44.3576,6.9102,8.0998,5779386.0054,4427187.7835
000001.SZ,20080317,25.02,44.0408,6.8608,8.0419,5738104.6768,4395565.0136
000001.SZ,20080314,24.91,43.8472,6.8307,8.0066,5712877.1982,4376239.9876
000001.SZ,20080313,26.06,45.8714,7.146,8.3762,5976619.0199,4578274.3507
000001.SZ,20080312,25.9,45.5898,7.1022,8.3248,5939924.5056,4550165.2219
000001.SZ,20080311,26.99,47.5084,7.401,8.6751,6189905.8844,4741658.6618
000001.SZ,20080310,27.5,48.4062,7.5409,8.8391,6306869.6488,4831256.5098
000001.SZ,20080307,29.7,52.2786,8.1442,9.5462,6811419.2207,5217757.0305
000001.SZ,20080306,30.3,53.3348,8.3087,9.739,6949023.6494,5323166.2635
000001.SZ,20080305,29.41,51.7682,8.0646,9.453,6744910.4134,5166809.2346
000001.SZ,20080304,29.75,52.3667,8.1579,9.5623,6822886.2564,5226541.1333
000001.SZ,20080303,33.0,58.0874,9.0491,10.6069,7568243.5785,5797507.8117
000001.SZ,20080229,33.15,58.3514,9.0902,10.6551,7602644.6857,5823860.1199
000001.SZ,20080228,32.8,57.7353,8.9942,10.5426,7522375.4356,5762371.4007
000001.SZ,20080227,32.8,57.7353,8.9942,10.5426,7522375.4356,5762371.4007
000001.SZ,20080226,31.45,55.359,8.624,10.1087,7212765.471,5525200.6266
000001.SZ,20080225,30.72,54.0741,8.4239,9.874,7045346.7494,5396952.7265
000001.SZ,20080222,32.24,56.7496,8.8407,10.3626,7393944.6355,5663989.45
000001.SZ,20080221,33.99,59.83,9.3205,10.9251,7795290.8859,5971433.0461
000001.SZ,20080220,34.79,61.2382,9.5399,11.1822,7978763.4575,6111978.69
000001.SZ,20080219,37.28,65.6211,10.2227,11.9826,8549821.8366,6549427.0067
000001.SZ,20080218,36.49,64.2306,10.0061,11.7286,8368642.6721,6410638.1833
000001.SZ,20080215,36.06,63.4737,9.8882,11.5904,8270026.1649,6335094.8997
000001.SZ,20080214,36.99,65.1107,10.1432,11.8894,8483313.0294,6498479.2108
000001.SZ,20080213,36.38,64.0369,9.9759,11.6933,8343415.1935,6391313.1573
000001.SZ,20080205,37.3,65.6563,10.2282,11.989,8554408.6509,6552940.6478
000001.SZ,20080204,37.93,66.7653,10.401,12.1915,8698893.301,6663620.3424
000001.SZ,20080201,34.55,60.8157,9.4741,11.1051,7923721.686,6069814.9968
000001.SZ,20080131,33.3,58.6155,9.1313,10.7033,7637045.7929,5850212.4282
000001.SZ,20080130,33.95,59.7596,9.3096,10.9122,7786117.2573,5964405.7639
000001.SZ,20080129,35.72,62.8752,9.7949,11.4812,8192050.3219,6275363.001
000001.SZ,20080128,35.43,62.3647,9.7154,11.3879,8125541.5147,6224415.2051
000001.SZ,20080125,38.09,67.0469,10.4448,12.2429,8735587.8153,6691729.4711
000001.SZ,20080124,37.39,65.8148,10.2529,12.0179,8575049.3152,6568752.0327
000001.SZ,20080123,37.78,66.5013,10.3598,12.1433,8664492.1938,6637268.0341
000001.SZ,20080122,35.8,63.016,9.8169,11.5069,8210397.5791,6289417.5654
000001.SZ,20080121,37.8,66.5365,10.3653,12.1497,8669079.0081,6640781.6752
000001.SZ,20080118,40.9,71.9932,11.2154,13.1461,9380035.2231,7185396.0454
000001.SZ,20080117,40.9,65.5062,10.2048,11.9616,8534841.6311,6340268.0488
000001.SZ,20080116,39.8,63.7444,9.9303,11.6399,8305298.2131,6169747.3923
000001.SZ,20080115,42.03,67.316,10.4867,12.2921,8770645.324,6515439.2688
000001.SZ,20080114,43.45,69.5903,10.841,12.7073,9066965.009,6735565.9345
000001.SZ,20080111,44.08,70.5993,10.9982,12.8916,9198430.7848,6833227.7651
000001.SZ,20080110,41.95,67.1879,10.4668,12.2687,8753951.2573,6503037.7665
000001.SZ,20080109,41.11,65.8425,10.2572,12.023,8578663.5563,6372821.9924
000001.SZ,20080108,40.39,64.6893,10.0776,11.8124,8428416.9555,6261208.4717
000001.SZ,20080107,39.17,62.7354,9.7732,11.4556,8173832.4374,6072085.5617
000001.SZ,20080104,38.37,61.4541,9.5736,11.2217,8006891.7698,5948070.5387
000001.SZ,20080103,37.35,59.8204,9.3191,10.9233,7794042.4186,5789951.3844
000001.SZ,20080102,37.98,60.8294,9.4762,11.1076,7925508.1943,5887613.215
000001.SZ,20071228,38.6,61.8224,9.6309,11.2889,8054887.2117,5983724.8578
000001.SZ,20071227,39.0,62.4631,9.7307,11.4059,8138357.5455,6045732.3693
000001.SZ,20071226,37.7,60.381,9.4064,11.0257,7867078.9607,5844207.957
000001.SZ,20071225,38.05,60.9416,9.4937,11.1281,7940115.5027,5898464.5295
000001.SZ,20071224,38.05,60.9416,9.4937,11.1281,7940115.5027,5898464.5295
000001.SZ,20071221,36.75,58.8595,9.1694,10.7479,7668836.9179,5696940.1172
000001.SZ,20071220,36.7,58.7794,9.1569,10.7332,7658403.1262,5689189.1783
000001.SZ,20071218,35.72,57.2098,8.9124,10.4466,7453900.8083,5537270.7752
000001.SZ,20071217,35.32,56.5691,8.8126,10.3297,7370430.4745,5475263.2637
000001.SZ,20071214,37.3,59.7403,9.3066,10.9087,7783608.6269,5782200.4455
000001.SZ,20071213,36.69,58.7634,9.1544,10.7303,7656316.3678,5687638.9905
000001.SZ,20071212,36.98,59.2278,9.2267,10.8151,7716832.3598,5732594.4363
000001.SZ,20071211,38.7,61.9826,9.6559,11.3182,8075754.7952,5999226.7357
000001.SZ,20071210,39.12,62.6553,9.7607,11.441,8163398.6456,6064334.6227
000001.SZ,20071207,39.8,63.7444,9.9303,11.6399,8305298.2131,6169747.3923
000001.SZ,20071206,39.23,62.8315,9.7881,11.4732,8186352.9874,6081386.6884
000001.SZ,20071205,39.4,63.1037,9.8305,11.5229,8221827.8793,6107739.8808
000001.SZ,20071204,38.48,61.6303,9.601,11.2538,8029846.1116,5965122.6044
000001.SZ,20071203,38.3,61.342,9.5561,11.2012,7992284.4614,5937219.2242
000001.SZ,20071130,36.08,57.7864,9.0022,10.5519,7529024.1088,5593077.5355
000001.SZ,20071129,37.05,59.3399,9.2442,10.8356,7731439.6682,5743445.7508
000001.SZ,20071128,34.2,54.7753,8.5331,10.0021,7136713.5399,5301642.2315
000001.SZ,20071127,35.08,56.1848,8.7527,10.2595,7320348.2743,5438058.7568
000001.SZ,20071126,36.28,58.1067,9.0521,10.6104,7570759.2757,5624081.2912
000001.SZ,20071123,36.99,59.2438,9.2292,10.8181,7718919.1182,5734144.6241
000001.SZ,20071122,35.92,57.5301,8.9623,10.5051,7495635.9752,5568274.5309
000001.SZ,20071121,37.8,60.5412,9.4313,11.0549,7887946.5441,5859709.8349
000001.SZ,20071120,39.1,62.6233,9.7557,11.4351,8159225.129,6061234.2472
000001.SZ,20071119,37.85,60.6212,9.4438,11.0696,7898380.3358,5867460.7738
000001.SZ,20071116,38.6,61.8224,9.6309,11.2889,8054887.2117,5983724.8578
000001.SZ,20071115,40.5,64.8655,10.105,11.8446,8451371.2973,6278260.5374
000001.SZ,20071114,40.99,65.6503,10.2273,11.9879,8553622.4562,6354219.7389
000001.SZ,20071113,40.0,64.0647,9.9802,11.6984,8347033.38,6200751.148
000001.SZ,20071112,41.7,66.7875,10.4044,12.1955,8701782.2987,6464283.0718
000001.SZ,20071109,42.3,67.7484,10.5541,12.371,8826987.7994,6557294.339
000001.SZ,20071108,42.51,68.0848,10.6065,12.4324,8870809.7246,6589848.2825
000001.SZ,20071107,44.6,71.4322,11.128,13.0437,9306942.2187,6913837.53
000001.SZ,20071106,43.45,69.5903,10.841,12.7073,9066965.009,6735565.9345
000001.SZ,20071105,43.76,70.0868,10.9184,12.798,9131654.5177,6783621.7559
000001.SZ,20071102,45.49,72.8576,11.35,13.304,9492663.7114,7051804.2431
000001.SZ,20071101,47.2,75.5964,11.7767,13.8041,9849499.3884,7316886.3546
000001.SZ,20071031,48.05,76.9577,11.9888,14.0527,10026873.8477,7448652.3165
000001.SZ,20071030,45.1,72.233,11.2527,13.1899,9411280.136,6991346.9194
000001.SZ,20071029,45.25,72.4732,11.2902,13.2338,9442581.5111,7014599.7362
000001.SZ,20071026,44.58,71.4001,11.123,13.0378,9302768.702,6910737.1544
000001.SZ,20071025,41.13,65.8745,10.2622,12.0288,8582837.073,6375922.3679
000001.SZ,20071024,41.8,66.9476,10.4294,12.2248,8722649.8821,6479784.9497
000001.SZ,20071023,41.1,65.8265,10.2547,12.0201,8576576.798,6371271.8046
000001.SZ,20071022,39.81,63.7604,10.7909,11.6428,8307384.9714,6171297.58
000001.SZ,20071019,39.81,63.7604,10.7909,11.6428,8307384.9714,6171297.58
000001.SZ,20071018,39.5,63.2639,10.7069,11.5521,8242695.4628,6123241.7587
000001.SZ,20071017,41.85,67.0277,11.3439,12.2394,8733083.6738,6487535.8886
000001.SZ,20071016,41.95,67.1879,11.371,12.2687,8753951.2573,6503037.7665
000001.SZ,20071015,39.8,63.7444,10.7882,11.6399,8305298.2131,6169747.3923
000001.SZ,20071012,39.41,63.1198,10.6825,11.5258,8223914.6376,6109290.0686
000001.SZ,20071011,41.01,65.6823,11.1162,11.9937,8557795.9728,6357320.1145
000001.SZ,20071010,40.0,64.0647,10.8424,11.6984,8347033.38,6200751.148
000001.SZ,20071009,40.85,65.4261,11.0728,11.9469,8524407.8393,6332517.1099
000001.SZ,20071008,41.64,66.6914,11.287,12.178,8689261.7486,6454981.9451
000001.SZ,20070928,39.98,64.0327,10.837,11.6925,8342859.8633,6197650.7724
000001.SZ,20070927,38.81,62.1588,10.5199,11.3503,8098709.1369,6016278.8013
000001.SZ,20070926,38.02,60.8935,10.3057,11.1193,7933855.2277,5893813.9662
000001.SZ,20070925,37.46,59.9966,10.154,10.9555,7816996.7604,5807003.4501
000001.SZ,20070924,38.11,61.0377,10.3301,11.1456,7952636.0528,5907765.6563
000001.SZ,20070921,36.16,57.9145,9.8016,10.5753,7545718.1755,5605479.0378
000001.SZ,20070920,35.97,57.6102,9.7501,10.5197,7506069.767,5576025.4698
000001.SZ,20070919,36.18,57.9465,9.807,10.5812,7549891.6922,5608579.4134
000001.SZ,20070918,35.3,56.5371,9.5685,10.3238,7366256.9579,5472162.8881
000001.SZ,20070917,36.4,58.2989,9.8666,10.6455,7595800.3758,5642683.5447
000001.SZ,20070914,36.38,58.2669,9.8612,10.6397,7591626.8591,5639583.1691
000001.SZ,20070913,36.88,59.0677,9.9967,10.7859,7695964.7764,5717092.5585
000001.SZ,20070912,35.52,56.8895,9.6281,10.3881,7412165.6414,5506267.0194
000001.SZ,20070911,35.86,57.434,9.7203,10.4876,7483115.4252,5558973.4042
000001.SZ,20070910,37.55,60.1407,10.1783,10.9818,7835777.5855,5820955.1402
000001.SZ,20070907,37.1,59.42,10.0564,10.8502,7741873.46,5751196.6898
000001.SZ,20070906,37.2,59.5802,10.0835,10.8795,7762741.0434,5766698.5676
000001.SZ,20070905,36.79,58.9235,9.9723,10.7596,7677183.9513,5703140.8684
000001.SZ,20070904,37.0,59.2599,10.0293,10.821,7721005.8765,5735694.8119
000001.SZ,20070903,37.88,60.6693,10.2678,11.0783,7904640.6109,5872111.3372
000001.SZ,20070831,38.0,60.8615,10.3003,11.1134,7929681.711,5890713.5906
000001.SZ,20070830,37.7,60.381,10.219,11.0257,7867078.9607,5844207.957
000001.SZ,20070829,36.84,59.0036,9.9859,10.7742,7687617.743,5710891.8073
000001.SZ,20070828,37.99,60.8455,10.2976,11.1105,7927594.9527,5889163.4028
000001.SZ,20070827,39.2,62.7834,10.6256,11.4644,8180092.7124,6076736.125
000001.SZ,20070824,39.6,63.4241,10.734,11.5814,8263563.0462,6138743.6365
000001.SZ,20070823,38.39,61.4861,10.406,11.2275,8011065.2865,5951170.9143
000001.SZ,20070822,38.59,61.8064,10.4603,11.286,8052800.4534,5982174.67
000001.SZ,20070821,38.56,61.7584,10.4521,11.2772,8046540.1783,5977524.1067
000001.SZ,20070820,37.9,60.7013,10.2732,11.0842,7908814.1276,5875211.7127
000001.SZ,20070817,34.88,55.8644,9.4546,10.201,7278613.1074,5407055.0011
000001.SZ,20070816,36.25,58.0586,9.826,10.6016,7564499.0006,5619430.7279
000001.SZ,20070815,38.0,60.8615,11.1789,11.1134,7929681.711,5890713.5906
000001.SZ,20070814,38.35,61.422,11.2819,11.2158,8002718.2531,5944970.1631
000001.SZ,20070813,39.1,62.6233,11.5025,11.4351,8159225.129,6061234.2472
000001.SZ,20070810,39.0,62.4631,11.4731,11.4059,8138357.5455,6045732.3693
000001.SZ,20070809,40.01,64.0807,11.7702,11.7013,8349120.1383,6202301.3358
000001.SZ,20070808,38.82,62.1748,11.4202,11.3533,8100795.8953,6017828.9891
000001.SZ,20070807,39.1,62.6233,11.5025,11.4351,8159225.129,6061234.2472
000001.SZ,20070806,39.18,62.7514,11.5261,11.4585,8175919.1957,6073635.7495
000001.SZ,20070803,39.11,62.6393,11.5055,11.4381,8161311.8873,6062784.435
000001.SZ,20070802,37.7,60.381,11.0907,11.0257,7867078.9607,5844207.957
000001.SZ,20070801,35.01,56.0726,10.2993,10.239,7305740.9658,5427207.4423
000001.SZ,20070731,36.23,58.0266,10.6582,10.5958,7560325.4839,5616330.3523
000001.SZ,20070730,34.2,54.7753,10.061,10.0021,7136713.5399,5301642.2315
000001.SZ,20070727,33.85,54.2148,9.9581,9.8997,7063676.9978,5247385.659
000001.SZ,20070726,34.99,56.0406,10.2935,10.2331,7301567.4492,5424107.0667
000001.SZ,20070725,35.2,56.3769,10.3552,10.2946,7345389.3744,5456661.0102
000001.SZ,20070724,33.36,53.43,9.8139,9.7564,6961425.8389,5171426.4574
000001.SZ,20070723,32.95,52.7733,9.6933,9.6365,6875868.7468,5107868.7582
000001.SZ,20070719,30.48,48.8173,8.9667,8.9141,6360439.4356,4724972.3748
000001.SZ,20070718,30.24,48.4329,8.8961,8.844,6310357.2353,4687767.8679
000001.SZ,20070717,29.15,46.6872,8.5754,8.5252,6082900.5757,4518797.3991
000001.SZ,20070716,26.55,42.523,7.8106,7.7648,5540343.406,4115748.5745
000001.SZ,20070713,28.35,45.4059,8.3401,8.2912,5915959.9081,4394782.3761
000001.SZ,20070712,28.75,46.0465,8.4578,8.4082,5999430.2419,4456789.8876
000001.SZ,20070711,28.12,45.0375,8.2724,8.2239,5867964.4661,4359128.057
000001.SZ,20070710,28.45,45.566,8.3695,8.3205,5936827.4915,4410284.254
000001.SZ,20070709,28.1,45.0055,8.2665,8.2181,5863790.9495,4356027.6815
000001.SZ,20070706,27.01,43.2597,7.9459,7.8993,5636334.2898,4187057.2127
000001.SZ,20070705,25.2,40.3608,7.4134,7.37,5258631.0294,3906473.2232
000001.SZ,20070704,26.2,41.9624,7.7076,7.6624,5467306.8639,4061492.0019
000001.SZ,20070703,27.23,43.6121,8.0106,7.9637,5682242.9734,4221161.344
000001.SZ,20070702,27.4,43.8843,8.0606,8.0134,5717717.8653,4247514.5364
000001.SZ,20070629,27.52,44.0765,8.0959,8.0485,5742758.9654,4266116.7898
000001.SZ,20070628,30.14,48.2728,8.8667,8.8147,6289489.6518,4672265.99
000001.SZ,20070627,32.22,51.6041,9.4786,9.423,6723535.3876,4994705.0497
000001.SZ,20070625,35.2,56.3769,10.3552,10.2946,7345389.3744,5456661.0102
000001.SZ,20070622,35.4,56.6973,10.4141,10.353,7387124.5413,5487664.766
000001.SZ,20070621,34.31,54.9515,10.0934,10.0343,7159667.8817,5318694.2972
000001.SZ,20070620,31.19,49.9545,9.1756,9.1218,6508599.2781,4835035.7077
000001.SZ,20070531,28.69,42.847,7.856,7.824,5582563.7455,4043459.4776
000001.SZ,20070530,27.32,40.801,7.4809,7.4503,5315986.1111,3850376.8884
000001.SZ,20070529,28.76,42.9515,7.8752,7.843,5596184.5005,4053325.0113
000001.SZ,20070528,28.6,42.7126,7.8314,7.7994,5565051.3461,4030775.2199
000001.SZ,20070525,29.24,43.6684,8.0066,7.9739,5689583.9637,4120974.3857
000001.SZ,20070511,27.85,41.5925,7.626,7.5949,5419114.685,3925073.0725
000001.SZ,20070510,26.8,40.0244,7.3385,7.3085,5214803.3593,3777090.0662
000001.SZ,20070509,27.41,40.9354,7.5055,7.4749,5333498.5104,3863061.1461
000001.SZ,20070508,27.25,40.6964,7.4617,7.4313,5302365.356,3840511.3546
000001.SZ,20070426,25.95,38.755,7.1057,7.0767,5049408.4767,3657294.2992
000001.SZ,20070425,24.71,36.9031,7.4263,6.7386,4808126.5302,3482533.4155
000001.SZ,20070424,23.53,35.1408,7.0717,6.4168,4578519.5166,3316228.7036
000001.SZ,20070423,23.73,35.4395,7.1318,6.4713,4617435.9596,3344415.9429
000001.SZ,20070420,22.6,33.7519,6.7922,6.1632,4397558.0567,3185158.0409
000001.SZ,20070419,21.84,32.6169,6.5637,5.9559,4249675.5734,3078046.5316
000001.SZ,20070418,22.99,34.3344,6.9094,6.2695,4473445.1206,3240123.1575
000001.SZ,20070417,22.95,34.2746,6.8973,6.2586,4465661.832,3234485.7097
000001.SZ,20070416,23.73,35.4395,7.1318,6.4713,4617435.9596,3344415.9429
000001.SZ,20070413,23.47,35.0512,7.0536,6.4004,4566844.5837,3307772.5319
000001.SZ,20070412,22.35,33.3785,6.717,6.095,4348912.503,3149923.9918
000001.SZ,20070411,21.29,31.7955,6.3985,5.8059,4142655.3552,3000531.6235
000001.SZ,20070410,20.29,30.302,6.0979,5.5332,3948073.1403,2859595.427
000001.SZ,20070409,19.72,29.4508,5.9266,5.3778,3837161.2778,2779261.795
000001.SZ,20070406,19.57,29.2268,5.8815,5.3369,3807973.9456,2758121.3655
000001.SZ,20070405,19.96,29.8092,5.9987,5.4432,3883861.0094,2813086.4821
000001.SZ,20070404,19.89,29.7047,5.9777,5.4241,3870240.2544,2803220.9484
000001.SZ,20070403,19.35,28.8982,5.8154,5.2769,3765165.8583,2727115.4023
000001.SZ,20070402,19.28,28.7937,5.7944,5.2578,3751545.1033,2717249.8685
000001.SZ,20070330,18.88,28.1963,5.6742,5.1487,3673712.2173,2660875.3899
000001.SZ,20070329,19.16,28.6144,5.7583,5.2251,3728195.2375,2700337.5249
000001.SZ,20070328,19.08,28.495,5.7343,5.2032,3712628.6603,2689062.6292
000001.SZ,20070327,18.99,28.3606,5.7072,5.1787,3695116.261,2676378.3715
000001.SZ,20070326,19.16,28.6144,5.7583,5.2251,3728195.2375,2700337.5249
000001.SZ,20070323,19.38,28.943,5.8244,5.2851,3771003.3248,2731343.4882
000001.SZ,20070322,19.95,29.7943,5.9957,5.4405,3881915.1873,2811677.1202
000001.SZ,20070321,19.89,124.442,6.3929,7.1006,3870240.2544,2803220.9484
000001.SZ,20070320,18.94,118.4983,6.0876,6.7615,3685387.1502,2669331.5617
000001.SZ,20070319,18.95,118.5608,6.0908,6.7651,3687332.9724,2670740.9237
000001.SZ,20070316,18.05,112.93,5.8015,6.4438,3512208.9789,2543898.3468
000001.SZ,20070315,18.37,114.9321,5.9044,6.558,3574475.2877,2588997.9297
000001.SZ,20070314,17.99,112.5546,5.7822,6.4223,3500534.0461,2535442.175
000001.SZ,20070313,18.53,115.9331,5.9558,6.6151,3605608.4421,2611547.7211
000001.SZ,20070312,18.4,115.1198,5.914,6.5687,3580312.7542,2593226.0156
000001.SZ,20070309,18.96,118.6234,6.094,6.7686,3689278.7945,2672150.2856
000001.SZ,20070308,18.9,118.248,6.0747,6.7472,3677603.8616,2663694.1139
000001.SZ,20070307,18.61,116.4336,5.9815,6.6437,3621175.0193,2622822.6169
000001.SZ,20070306,18.39,115.0572,5.9108,6.5651,3578366.932,2591816.6536
000001.SZ,20070305,17.51,109.5515,5.6279,6.251,3407134.5829,2467792.8007
000001.SZ,20070302,18.19,113.8059,5.8465,6.4937,3539450.489,2563629.4143
000001.SZ,20070301,18.1,113.2428,5.8176,6.4616,3521938.0897,2550945.1567
000001.SZ,20070228,19.05,119.1865,6.1229,6.8008,3706791.1938,2684834.5433
000001.SZ,20070227,19.2,120.125,6.1711,6.8543,3735978.5261,2705974.9728
000001.SZ,20070226,20.21,126.4441,6.4958,7.2149,3932506.5631,2848320.5313
000001.SZ,20070216,20.8,130.1354,6.6854,7.4255,4047310.0699,2931472.8872
000001.SZ,20070215,20.51,128.321,6.5922,7.322,3990881.2276,2890601.3902
000001.SZ,20070214,20.55,128.5713,6.605,7.3363,3998664.5162,2896238.8381
000001.SZ,20070213,19.66,123.003,6.319,7.0185,3825486.3449,2770805.6232
000001.SZ,20070212,19.31,120.8132,6.2065,6.8936,3757382.5697,2721477.9544
000001.SZ,20070209,18.39,115.0572,5.9108,6.5651,3578366.932,2591816.6536
000001.SZ,20070208,19.1,119.4993,6.139,6.8186,3716520.3046,2691881.3532
000001.SZ,20070207,18.4,115.1198,5.914,6.5687,3580312.7542,2593226.0156
000001.SZ,20070206,17.52,109.614,5.6312,6.2546,3409080.405,2469202.1627
000001.SZ,20070205,16.69,104.4211,5.3644,5.9583,3247577.1667,2352225.1196
000001.SZ,20070202,17.54,109.7392,5.6376,6.2617,3412972.0493,2472020.8866
000001.SZ,20070201,18.46,115.4952,5.9333,6.5901,3591987.6871,2601682.1874
000001.SZ,20070131,19.13,119.687,6.1486,6.8293,3722357.771,2696109.439
000001.SZ,20070130,20.14,126.0061,6.4733,7.1899,3918885.8081,2838454.9975
000001.SZ,20070129,19.18,119.9998,6.1647,6.8472,3732086.8818,2703156.2489
000001.SZ,20070126,18.27,114.3064,5.8722,6.5223,3555017.0662,2574904.3101
000001.SZ,20070125,17.4,108.8633,5.5926,6.2117,3385730.5393,2452289.8191
000001.SZ,20070124,17.71,110.8028,5.6922,6.3224,3446051.0259,2495980.04
000001.SZ,20070123,18.1,113.2428,5.8176,6.4616,3521938.0897,2550945.1567
000001.SZ,20070122,17.76,111.1156,5.7083,6.3402,3455780.1366,2503026.8498
000001.SZ,20070119,16.95,106.0478,5.448,6.0511,3298168.5426,2388868.5307
000001.SZ,20070118,16.18,101.2303,5.2005,5.7762,3148340.2371,2280347.6594
000001.SZ,20070117,17.02,106.4858,5.4705,6.0761,3311789.2976,2398734.0644
000001.SZ,20070116,17.02,106.4858,5.4705,6.0761,3311789.2976,2398734.0644
000001.SZ,20070115,16.3,101.9811,5.239,5.819,3171690.1029,2297260.003
000001.SZ,20070112,15.52,97.101,4.9883,5.5406,3019915.9752,2187329.7697
000001.SZ,20070111,14.78,92.4712,4.7505,5.2764,2875925.1362,2083036.9843
000001.SZ,20070110,14.08,88.0916,4.5255,5.0265,2739717.5858,1984381.6467
000001.SZ,20070109,13.8,86.3398,4.4355,4.9265,2685234.5656,1944919.5117
000001.SZ,20070108,13.37,83.6495,4.2973,4.773,2601564.2132,1884316.9472
000001.SZ,20070105,13.06,81.71,4.1977,4.6624,2541243.7266,1840626.7263
000001.SZ,20070104,14.11,88.2793,4.5351,5.0372,2745555.0522,1988609.7326
000001.SZ,20061229,14.47,90.5317,4.6509,5.1657,2815604.6496,2039346.7634
000001.SZ,20061228,14.02,87.7163,4.5062,5.0051,2728042.6529,1975925.4749
000001.SZ,20061227,13.69,85.6516,4.4001,4.8873,2663830.522,1929416.5301
000001.SZ,20061226,13.23,82.7736,4.2523,4.7231,2574322.7031,1864585.8797
000001.SZ,20061225,13.35,83.5244,4.2909,4.7659,2597672.5689,1881498.2233
000001.SZ,20061222,13.01,81.3972,4.1816,4.6445,2531514.6158,1833579.9165
000001.SZ,20061221,13.16,82.3357,4.2298,4.6981,2560701.9481,1854720.3459
000001.SZ,20061220,13.51,84.5254,4.3423,4.823,2628805.7233,1904048.0147
000001.SZ,20061219,13.58,84.9634,4.3648,4.848,2642426.4783,1913913.5485
000001.SZ,20061218,13.58,84.9634,4.3648,4.848,2642426.4783,1913913.5485
000001.SZ,20061215,13.35,83.5244,4.2909,4.7659,2597672.5689,1881498.2233
000001.SZ,20061214,13.38,83.7121,4.3005,4.7766,2603510.0354,1885726.3092
000001.SZ,20061213,13.41,83.8998,4.3102,4.7873,2609347.5018,1889954.3951
000001.SZ,20061212,13.94,87.2157,4.4805,4.9765,2712476.0757,1964650.5792
000001.SZ,20061211,13.54,84.7131,4.3519,4.8337,2634643.1897,1908276.1006
000001.SZ,20061208,13.14,82.2105,4.2234,4.6909,2556810.3038,1851901.622
000001.SZ,20061207,13.4,83.8372,4.3069,4.7837,2607401.6797,1888545.0331
000001.SZ,20061206,13.09,81.8977,4.2073,4.6731,2547081.193,1844854.8122
000001.SZ,20061205,12.95,81.0218,4.1623,4.6231,2519839.683,1825123.7447
000001.SZ,20061204,13.15,82.2731,4.2266,4.6945,2558756.1259,1853310.984
000001.SZ,20061201,12.42,77.7058,3.992,4.4339,2416711.1091,1750427.5605
000001.SZ,20061130,12.65,79.1448,4.0659,4.516,2461465.0185,1782842.8857
000001.SZ,20061129,12.37,77.393,3.9759,4.416,2406981.9983,1743380.7507
000001.SZ,20061128,12.32,77.0802,3.9598,4.3982,2397252.8876,1736333.9409
000001.SZ,20061127,12.58,78.7069,4.0434,4.491,2447844.2634,1772977.352
000001.SZ,20061124,12.68,79.3325,4.0755,4.5267,2467302.4849,1787070.9716
000001.SZ,20061123,12.65,79.1448,4.0659,4.516,2461465.0185,1782842.8857
000001.SZ,20061122,12.88,80.5838,4.1398,4.5981,2506218.9279,1815258.2109
000001.SZ,20061121,11.83,74.0145,3.8023,4.2233,2301907.6023,1667275.2046
000001.SZ,20061120,10.75,67.2575,3.4552,3.8377,2091758.8102,1515064.1124
000001.SZ,20061117,10.28,64.3169,3.3041,3.6699,2000305.1692,1448824.1
000001.SZ,20061116,10.41,65.1303,3.3459,3.7163,2025600.8571,1467145.8056
000001.SZ,20061115,10.4,65.0677,3.3427,3.7128,2023655.035,1465736.4436
000001.SZ,20061114,10.06,62.9405,3.2334,3.5914,1957497.0819,1417818.1368
000001.SZ,20061113,10.08,63.0656,3.2398,3.5985,1961388.7262,1420636.8607
000001.SZ,20061110,10.32,64.5672,3.317,3.6842,2008088.4578,1454461.5479
000001.SZ,20061109,10.45,65.3805,3.3588,3.7306,2033384.1457,1472783.2534
000001.SZ,20061108,10.04,62.8154,3.227,3.5842,1953605.4376,1414999.4129
000001.SZ,20061107,10.03,62.7528,3.2238,3.5807,1951659.6154,1413590.0509
000001.SZ,20061106,9.86,61.6892,3.1691,3.52,1918580.6389,1389630.8975
000001.SZ,20061103,9.58,59.9374,3.0791,3.42,1864097.6187,1350168.7625
000001.SZ,20061102,9.36,58.5609,3.0084,3.3415,1821289.5315,1319162.7992
000001.SZ,20061101,9.3,58.1855,2.9891,3.3201,1809614.5986,1310706.6275
000001.SZ,20061031,9.55,59.7497,3.0695,3.4093,1858260.1523,1345940.6766
000001.SZ,20061030,9.4,58.8112,3.0213,3.3558,1829072.8201,1324800.2471
000001.SZ,20061027,9.77,61.1261,3.1402,3.4878,1901068.2396,1376946.6398
000001.SZ,20061026,9.82,61.4389,3.1563,3.5057,1910797.3503,1383993.4496
000001.SZ,20061025,9.5,59.4368,3.3056,3.3915,1848531.0416,1338893.8668
000001.SZ,20061024,9.41,58.8738,3.2743,3.3593,1831018.6422,1326209.6091
000001.SZ,20061023,9.03,56.4963,3.1421,3.2237,1757077.4005,1272653.8544
000001.SZ,20061020,9.07,56.7465,3.156,3.2379,1764860.6891,1278291.3023
000001.SZ,20061019,8.95,55.9958,3.1143,3.1951,1741510.8234,1261378.9587
000001.SZ,20061018,9.09,56.8717,3.163,3.2451,1768752.3334,1281110.0262
000001.SZ,20061017,8.99,56.246,3.1282,3.2094,1749294.112,1267016.4065
000001.SZ,20061016,8.84,55.3075,3.076,3.1558,1720106.7797,1245875.9771
000001.SZ,20061013,9.03,56.4963,3.1421,3.2237,1757077.4005,1272653.8544
000001.SZ,20061009,8.69,54.3691,3.0238,3.1023,1690919.4475,1224735.5476
000001.SZ,20060929,8.16,51.0531,2.8394,2.9131,1587790.8736,1150039.3634
000001.SZ,20060928,7.95,49.7392,2.7663,2.8381,1546928.6085,1120442.7622
000001.SZ,20060927,8.01,50.1146,2.7872,2.8595,1558603.5413,1128898.934
000001.SZ,20060926,7.57,47.3618,2.6341,2.7025,1472987.3668,1066887.0075
000001.SZ,20060925,7.59,47.4869,2.641,2.7096,1476879.0111,1069705.7314
000001.SZ,20060922,7.49,46.8613,2.6062,2.6739,1457420.7896,1055612.1118
000001.SZ,20060921,7.71,48.2377,2.6828,2.7524,1500228.8769,1086618.075
000001.SZ,20060920,7.68,48.05,2.6724,2.7417,1494391.4104,1082389.9891
000001.SZ,20060919,7.71,48.2377,2.6828,2.7524,1500228.8769,1086618.075
000001.SZ,20060918,7.62,47.6746,2.6515,2.7203,1482716.4775,1073933.8173
000001.SZ,20060915,7.63,47.7372,2.655,2.7239,1484662.2997,1075343.1793
000001.SZ,20060914,7.5,46.9238,2.6097,2.6775,1459366.6118,1057021.4738
000001.SZ,20060913,7.4,46.2982,2.5749,2.6418,1439908.3903,1042927.8541
000001.SZ,20060912,7.43,46.4859,2.5854,2.6525,1445745.8567,1047155.94
000001.SZ,20060911,7.42,46.4233,2.5819,2.6489,1443800.0346,1045746.578
000001.SZ,20060908,7.23,45.2346,2.5158,2.5811,1406829.4137,1018968.7007
000001.SZ,20060907,7.2,45.0469,2.5053,2.5704,1400991.9473,1014740.6148
000001.SZ,20060906,7.16,44.7966,2.4914,2.5561,1393208.6587,1009103.1669
000001.SZ,20060905,7.12,44.5463,2.4775,2.5418,1385425.3701,1003465.7191
000001.SZ,20060904,7.1,44.4212,2.4705,2.5347,1381533.7258,1000646.9952
000001.SZ,20060901,7.06,44.171,2.4566,2.5204,1373750.4372,995009.5473
000001.SZ,20060831,7.23,45.2346,2.5158,2.5811,1406829.4137,1018968.7007
000001.SZ,20060830,7.21,45.1094,2.5088,2.5739,1402937.7694,1016149.9768
000001.SZ,20060829,7.21,45.1094,2.5088,2.5739,1402937.7694,1016149.9768
000001.SZ,20060828,7.28,45.5474,2.5332,2.5989,1416558.5245,1026015.5105
000001.SZ,20060825,6.99,43.733,2.4323,2.4954,1360129.6822,985144.0135
000001.SZ,20060824,7.04,44.0458,2.4497,2.5132,1369858.7929,992190.8234
000001.SZ,20060823,7.06,44.171,2.4566,2.5204,1373750.4372,995009.5473
000001.SZ,20060822,7.06,44.171,2.4566,2.5204,1373750.4372,995009.5473
000001.SZ,20060821,7.08,44.2961,2.4636,2.5275,1377642.0815,997828.2712
000001.SZ,20060818,6.93,43.3576,2.4114,2.474,1348454.7493,976687.8417
000001.SZ,20060817,7.09,44.3586,2.6207,2.5311,1379587.9036,999237.6332
000001.SZ,20060816,7.03,43.9833,2.5986,2.5097,1367912.9707,990781.4614
000001.SZ,20060815,6.9,43.1699,2.5505,2.4633,1342617.2828,972459.7559
000001.SZ,20060814,6.81,42.6068,2.5172,2.4311,1325104.8835,959775.4982
000001.SZ,20060811,6.82,42.6694,2.5209,2.4347,1327050.7056,961184.8601
000001.SZ,20060810,6.85,42.8571,2.532,2.4454,1332888.1721,965412.946
000001.SZ,20060809,6.74,42.1689,2.4914,2.4061,1311484.1284,949909.9644
000001.SZ,20060808,6.79,42.4817,2.5098,2.424,1321213.2392,956956.7742
000001.SZ,20060807,6.56,41.0427,2.4248,2.3419,1276459.3297,924541.449
000001.SZ,20060804,6.67,41.7309,2.4655,2.3812,1297863.3734,940044.4307
000001.SZ,20060803,6.84,42.7945,2.5283,2.4418,1330942.3499,964003.5841
000001.SZ,20060802,6.82,42.6694,2.5209,2.4347,1327050.7056,961184.8601
000001.SZ,20060801,6.7,41.9186,2.4766,2.3919,1303700.8398,944272.5166
000001.SZ,20060731,6.72,42.0437,2.484,2.399,1307592.4841,947091.2405
000001.SZ,20060728,6.96,43.5453,2.5727,2.4847,1354292.2157,980915.9276
000001.SZ,20060727,7.06,44.171,2.6096,2.5204,1373750.4372,995009.5473
000001.SZ,20060726,7.16,44.7966,2.6466,2.5561,1393208.6587,1009103.1669
000001.SZ,20060725,7.23,45.2346,2.6725,2.5811,1406829.4137,1018968.7007
000001.SZ,20060724,7.26,45.4223,2.6836,2.5918,1412666.8802,1023196.7866
000001.SZ,20060721,7.2,45.0469,2.6614,2.5704,1400991.9473,1014740.6148
000001.SZ,20060720,7.17,44.8592,2.6503,2.5597,1395154.4808,1010512.5289
000001.SZ,20060719,7.15,44.734,2.6429,2.5525,1391262.8365,1007693.805
000001.SZ,20060707,7.71,48.2377,2.8499,2.7524,1500228.8769,1086618.075
000001.SZ,20060706,7.95,49.7392,2.9386,2.8381,1546928.6085,1120442.7622
000001.SZ,20060705,8.05,50.3649,2.9756,2.8738,1566386.8299,1134536.3818
000001.SZ,20060704,8.04,50.3023,2.9719,2.8702,1564441.0078,1133127.0199
000001.SZ,20060703,8.1,50.6777,2.9941,2.8917,1576115.9407,1141583.1917
000001.SZ,20060630,7.56,47.2992,2.7945,2.6989,1471041.5446,1065477.6455
000001.SZ,20060629,7.47,46.7361,2.7612,2.6668,1453529.1453,1052793.3879
000001.SZ,20060628,7.31,45.7351,2.7021,2.6096,1422395.9909,1030243.5964
000001.SZ,20060627,7.4,46.2982,2.7353,2.6418,1439908.3903,1042927.8541
000001.SZ,20060623,7.29,45.61,2.6947,2.6025,1418504.3466,1027424.8725
000001.SZ,20060622,7.4,46.2982,2.7353,2.6418,1439908.3903,1042927.8541
000001.SZ,20060621,7.18,44.9217,2.654,2.5632,1397100.303,1011921.8909
000001.SZ,20060620,7.12,44.5463,2.6318,2.5418,1385425.3701,1003465.7191
000001.SZ,20060619,7.07,44.2335,2.6133,2.524,1375696.2593,996418.9093
000001.SZ,20060616,7.11,44.4838,2.6281,2.5382,1383479.5479,1002056.3571
000001.SZ,20060614,7.13,44.6089,2.6355,2.5454,1387371.1922,1004875.081
000001.SZ,20060613,7.11,44.4838,2.6281,2.5382,1383479.5479,1002056.3571
000001.SZ,20060612,7.9,49.4264,2.9201,2.8203,1537199.4977,1113395.9524
000001.SZ,20060526,8.78,54.9322,3.2454,3.1344,1708431.8468,1237419.8053
000001.SZ,20060525,8.2,51.3034,3.031,2.9274,1595574.1622,1155676.8113
000001.SZ,20060524,8.03,50.2398,2.9682,2.8667,1562495.1856,1131717.6579
000001.SZ,20060523,7.85,49.1136,2.9017,2.8024,1527470.387,1106349.1425
000001.SZ,20060522,8.21,51.3659,3.0347,2.9309,1597519.9843,1157086.1733
000001.SZ,20060519,8.31,51.9916,3.0717,2.9666,1616978.2058,1171179.7929
000001.SZ,20060518,8.1,50.6777,2.9941,2.8917,1576115.9407,1141583.1917
000001.SZ,20060517,8.23,51.4911,3.0421,2.9381,1601411.6286,1159904.8972
000001.SZ,20060516,8.2,51.3034,3.031,2.9274,1595574.1622,1155676.8113
000001.SZ,20060515,8.63,53.9937,3.19,3.0809,1679244.5146,1216279.3758
000001.SZ,20060512,8.54,53.4306,3.1567,3.0487,1661732.1152,1203595.1181
000001.SZ,20060511,8.32,52.0542,3.0754,2.9702,1618924.028,1172589.1549
000001.SZ,20060510,8.29,51.8665,3.0643,2.9595,1613086.5615,1168361.069
000001.SZ,20060509,8.39,52.4921,3.1013,2.9952,1632544.783,1182454.6886
000001.SZ,20060508,7.86,49.1762,2.9054,2.806,1529416.2091,1107758.5045
000001.SZ,20060428,7.88,49.3013,2.9127,2.8131,1533307.8534,1110577.2284
000001.SZ,20060427,7.35,45.9853,2.7168,2.6239,1430179.2795,1035881.0443
000001.SZ,20060426,7.03,43.9833,2.5986,2.5097,1367912.9707,990781.4614
000001.SZ,20060425,6.39,39.9791,2.46,2.2812,1243380.3532,900582.2956
000001.SZ,20060424,6.51,40.7299,2.5062,2.324,1266730.219,917494.6392
000001.SZ,20060421,6.84,42.7945,2.6332,2.4418,1330942.3499,964003.5841
000001.SZ,20060420,6.79,42.4817,2.614,2.424,1321213.2392,956956.7742
000001.SZ,20060419,6.88,43.0448,2.6486,2.4561,1338725.6385,969641.0319
000001.SZ,20060418,6.74,42.1689,2.5947,2.4061,1311484.1284,949909.9644
000001.SZ,20060417,6.82,42.6694,2.6255,2.4347,1327050.7056,961184.8601
000001.SZ,20060414,6.85,42.8571,2.6371,2.4454,1332888.1721,965412.946
000001.SZ,20060413,6.62,41.4181,2.5485,2.3633,1288134.2626,932997.6208
000001.SZ,20060412,6.74,42.1689,2.5947,2.4061,1311484.1284,949909.9644
000001.SZ,20060411,6.92,43.295,2.664,2.4704,1346508.9271,975278.4798
000001.SZ,20060410,6.74,42.1689,2.5947,2.4061,1311484.1284,949909.9644
000001.SZ,20060407,6.47,40.4796,2.4908,2.3098,1258946.9304,911857.1914
000001.SZ,20060406,6.52,40.7924,2.51,2.3276,1268676.0411,918904.0012
000001.SZ,20060405,6.6,41.293,2.5408,2.3562,1284242.6183,930178.8969
000001.SZ,20060404,6.57,41.1053,2.5293,2.3455,1278405.1519,925950.811
000001.SZ,20060403,6.41,40.1042,2.4677,2.2883,1247271.9975,903401.0196
000001.SZ,20060331,6.37,42.7743,2.4716,2.3504,1239488.7089,897763.5717
000001.SZ,20060330,6.37,42.7743,2.4716,2.3504,1239488.7089,897763.5717
000001.SZ,20060329,6.5,43.6472,2.522,2.3984,1264784.3969,916085.2773
000001.SZ,20060328,6.39,42.9086,2.4793,2.3578,1243380.3532,900582.2956
000001.SZ,20060327,6.35,42.64,2.4638,2.343,1235597.0646,894944.8478
000001.SZ,20060324,6.31,42.3714,2.4483,2.3282,1227813.776,889307.3999
000001.SZ,20060323,6.4,42.9757,2.4832,2.3615,1245326.1754,901991.6576
000001.SZ,20060322,6.35,42.64,2.4638,2.343,1235597.0646,894944.8478
000001.SZ,20060321,6.35,42.64,2.4638,2.343,1235597.0646,894944.8478
000001.SZ,20060320,6.28,42.1699,2.4367,2.3172,1221976.3096,885079.314
000001.SZ,20060317,6.2,41.6327,2.4056,2.2877,1206409.7324,873804.4183
000001.SZ,20060316,6.29,42.2371,2.4405,2.3209,1223922.1317,886488.676
000001.SZ,20060315,6.28,42.1699,2.4367,2.3172,1221976.3096,885079.314
000001.SZ,20060314,6.2,41.6327,2.4056,2.2877,1206409.7324,873804.4183
000001.SZ,20060313,6.27,42.1028,2.4328,2.3135,1220030.4874,883669.9521
000001.SZ,20060310,6.18,41.4984,2.3979,2.2803,1202518.0881,870985.6944
000001.SZ,20060309,6.24,41.9013,2.4211,2.3024,1214193.021,879441.8662
000001.SZ,20060308,6.38,42.8414,2.4755,2.3541,1241434.5311,899172.9337
000001.SZ,20060307,6.32,42.4385,2.4522,2.3319,1229759.5982,890716.7619
000001.SZ,20060306,6.56,44.0501,2.5453,2.4205,1276459.3297,924541.449
000001.SZ,20060303,6.54,43.9158,2.5375,2.4131,1272567.6854,921722.7251
000001.SZ,20060302,6.56,44.0501,2.5453,2.4205,1276459.3297,924541.449
000001.SZ,20060301,6.78,45.5274,2.6307,2.5017,1319267.417,955547.4123
000001.SZ,20060228,6.84,45.9303,2.6539,2.5238,1330942.3499,964003.5841
000001.SZ,20060227,6.82,45.796,2.6462,2.5164,1327050.7056,961184.8601
000001.SZ,20060224,7.03,47.2062,2.7277,2.5939,1367912.9707,990781.4614
000001.SZ,20060223,7.01,47.0719,2.7199,2.5865,1364021.3264,987962.7375
000001.SZ,20060222,6.79,45.5946,2.6345,2.5054,1321213.2392,956956.7742
000001.SZ,20060221,6.79,45.5946,2.6345,2.5054,1321213.2392,956956.7742
000001.SZ,20060220,6.29,42.2371,2.4405,2.3209,1223922.1317,886488.676
000001.SZ,20060217,6.24,41.9013,2.4211,2.3024,1214193.021,879441.8662
000001.SZ,20060216,6.17,41.4313,2.394,2.2766,1200572.2659,869576.3324
000001.SZ,20060215,6.32,42.4385,2.4522,2.3319,1229759.5982,890716.7619
000001.SZ,20060214,6.23,41.8342,2.4173,2.2987,1212247.1988,878032.5042
000001.SZ,20060213,6.21,41.6999,2.4095,2.2914,1208355.5545,875213.7803
000001.SZ,20060210,6.21,41.6999,2.4095,2.2914,1208355.5545,875213.7803
000001.SZ,20060209,6.19,41.5656,2.4017,2.284,1204463.9102,872395.0563
000001.SZ,20060208,6.3,42.3042,2.4444,2.3246,1225867.9539,887898.038
000001.SZ,20060207,6.3,42.3042,2.4444,2.3246,1225867.9539,887898.038
000001.SZ,20060206,6.4,42.9757,2.4832,2.3615,1245326.1754,901991.6576
000001.SZ,20060125,6.35,42.64,2.4638,2.343,1235597.0646,894944.8478
000001.SZ,20060124,6.26,42.0356,2.4289,2.3098,1218084.6653,882260.5901
000001.SZ,20060123,6.18,41.4984,2.3979,2.2803,1202518.0881,870985.6944
000001.SZ,20060120,6.23,41.8342,2.4173,2.2987,1212247.1988,878032.5042
000001.SZ,20060119,6.28,42.1699,2.4367,2.3172,1221976.3096,885079.314
000001.SZ,20060118,6.23,41.8342,2.4173,2.2987,1212247.1988,878032.5042
000001.SZ,20060117,6.14,41.2298,2.3823,2.2655,1194734.7995,865348.2465
000001.SZ,20060116,6.09,40.8941,2.3629,2.2471,1185005.6887,858301.4367
000001.SZ,20060113,6.21,41.6999,2.4095,2.2914,1208355.5545,875213.7803
000001.SZ,20060112,6.28,42.1699,2.4367,2.3172,1221976.3096,885079.314
000001.SZ,20060111,6.23,41.8342,2.4173,2.2987,1212247.1988,878032.5042
000001.SZ,20060110,6.28,42.1699,2.4367,2.3172,1221976.3096,885079.314
000001.SZ,20060109,6.39,42.9086,2.4793,2.3578,1243380.3532,900582.2956
000001.SZ,20060106,6.41,43.0429,2.4871,2.3651,1247271.9975,903401.0196
000001.SZ,20060105,6.32,42.4385,2.4522,2.3319,1229759.5982,890716.7619
000001.SZ,20060104,6.28,42.1699,2.4367,2.3172,1221976.3096,885079.314
000001.SZ,20051230,6.14,41.2298,2.3823,2.2655,1194734.7995,865348.2465
000001.SZ,20051229,6.22,41.767,2.4134,2.295,1210301.3767,876623.1422
000001.SZ,20051228,6.17,41.4313,2.394,2.2766,1200572.2659,869576.3324
000001.SZ,20051227,6.2,41.6327,2.4056,2.2877,1206409.7324,873804.4183
000001.SZ,20051226,6.23,41.8342,2.4173,2.2987,1212247.1988,878032.5042
000001.SZ,20051223,6.13,41.1627,2.3785,2.2618,1192788.9773,863938.8845
000001.SZ,20051222,6.06,40.6926,2.3513,2.236,1179168.2223,854073.3508
000001.SZ,20051221,6.06,40.6926,2.3513,2.236,1179168.2223,854073.3508
000001.SZ,20051220,6.09,40.8941,2.3629,2.2471,1185005.6887,858301.4367
000001.SZ,20051219,5.99,40.2226,2.3241,2.2102,1165547.4673,844207.817
000001.SZ,20051216,6.01,40.3569,2.3319,2.2176,1169439.1115,847026.541
000001.SZ,20051215,6.0,40.2897,2.328,2.2139,1167493.2894,845617.179
000001.SZ,20051214,6.07,40.7598,2.3552,2.2397,1181114.0444,855482.7128
000001.SZ,20051213,5.9,39.6183,2.2892,2.177,1148035.0679,831523.5594
000001.SZ,20051212,5.9,39.6183,2.2892,2.177,1148035.0679,831523.5594
000001.SZ,20051209,5.88,39.484,2.2815,2.1696,1144143.4236,828704.8354
000001.SZ,20051208,5.81,39.0139,2.2543,2.1438,1130522.6686,818839.3017
000001.SZ,20051207,5.81,39.0139,2.2543,2.1438,1130522.6686,818839.3017
000001.SZ,20051206,5.76,38.6782,2.2349,2.1253,1120793.5578,811792.4918
000001.SZ,20051205,5.62,37.7381,2.1806,2.0737,1093552.0477,792061.4243
000001.SZ,20051202,5.83,39.1482,2.2621,2.1511,1134414.3129,821658.0256
000001.SZ,20051201,5.8,38.9468,2.2504,2.1401,1128576.8464,817429.9397
000001.SZ,20051130,5.84,39.2154,2.2659,2.1548,1136360.135,823067.3876
000001.SZ,20051129,5.78,38.8125,2.2427,2.1327,1124685.2021,814611.2158
000001.SZ,20051128,5.79,38.8796,2.2465,2.1364,1126631.0243,816020.5777
000001.SZ,20051125,5.88,39.484,2.2815,2.1696,1144143.4236,828704.8354
000001.SZ,20051124,5.7,38.2753,2.2116,2.1032,1109118.6249,803336.3201
000001.SZ,20051123,5.66,38.0067,2.1961,2.0884,1101335.3363,797698.8722
000001.SZ,20051122,5.6,37.6038,2.1728,2.0663,1089660.4034,789242.7004
000001.SZ,20051121,5.74,38.5439,2.2271,2.1179,1116901.9135,808973.7679
000001.SZ,20051118,5.78,38.8125,2.2427,2.1327,1124685.2021,814611.2158
000001.SZ,20051117,5.68,38.141,2.2039,2.0958,1105226.9806,800517.5961
000001.SZ,20051116,5.66,38.0067,2.1961,2.0884,1101335.3363,797698.8722
000001.SZ,20051115,5.61,37.6709,2.1767,2.07,1091606.2256,790652.0624
000001.SZ,20051114,5.6,37.6038,2.1728,2.0663,1089660.4034,789242.7004
000001.SZ,20051111,5.54,37.2009,2.1495,2.0441,1077985.4705,780786.5286
000001.SZ,20051110,5.55,37.268,2.1534,2.0478,1079931.2927,782195.8906
000001.SZ,20051109,5.71,38.3424,2.2155,2.1069,1111064.4471,804745.682
000001.SZ,20051108,5.76,38.6782,2.2349,2.1253,1120793.5578,811792.4918
000001.SZ,20051107,5.72,38.4096,2.2194,2.1106,1113010.2692,806155.044
000001.SZ,20051104,5.7,38.2753,2.2116,2.1032,1109118.6249,803336.3201
000001.SZ,20051103,5.67,38.0738,2.2,2.0921,1103281.1585,799108.2342
000001.SZ,20051102,5.76,38.6782,2.2349,2.1253,1120793.5578,811792.4918
000001.SZ,20051101,5.7,38.2753,2.2116,2.1032,1109118.6249,803336.3201
000001.SZ,20051031,5.71,38.3424,2.2155,2.1069,1111064.4471,804745.682
000001.SZ,20051028,5.58,37.4695,2.2194,2.0589,1085768.7591,786423.9765
000001.SZ,20051027,5.83,39.1482,2.3188,2.1511,1134414.3129,821658.0256
000001.SZ,20051026,5.92,39.7526,2.3546,2.1843,1151926.7122,834342.2833
000001.SZ,20051025,6.08,40.8269,2.4183,2.2434,1183059.8666,856892.0747
000001.SZ,20051024,6.25,41.9685,2.4859,2.3061,1216138.8431,880851.2281
000001.SZ,20051021,6.34,42.5728,2.5217,2.3393,1233651.2425,893535.4858
000001.SZ,20050927,5.76,38.6782,2.291,2.1253,1120793.5578,811792.4918
000001.SZ,20050926,5.94,39.8869,2.3626,2.1917,1155818.3565,837161.0072
000001.SZ,20050923,5.85,39.2825,2.3268,2.1585,1138305.9572,824476.7495
000001.SZ,20050922,5.9,39.6183,2.3467,2.177,1148035.0679,831523.5594
000001.SZ,20050921,6.03,40.4912,2.3984,2.2249,1173330.7558,849845.2649
000001.SZ,20050920,6.14,41.2298,2.4421,2.2655,1194734.7995,865348.2465
000001.SZ,20050919,6.28,42.1699,2.4978,2.3172,1221976.3096,885079.314
000001.SZ,20050916,6.3,42.3042,2.5058,2.3246,1225867.9539,887898.038
000001.SZ,20050915,6.28,42.1699,2.4978,2.3172,1221976.3096,885079.314
000001.SZ,20050914,6.38,42.8414,2.5376,2.3541,1241434.5311,899172.9337
000001.SZ,20050913,6.33,42.5057,2.5177,2.3356,1231705.4203,892126.1238
000001.SZ,20050912,6.24,41.9013,2.4819,2.3024,1214193.021,879441.8662
000001.SZ,20050909,6.25,41.9685,2.4859,2.3061,1216138.8431,880851.2281
000001.SZ,20050908,6.32,42.4385,2.5137,2.3319,1229759.5982,890716.7619
000001.SZ,20050907,6.21,41.6999,2.47,2.2914,1208355.5545,875213.7803
000001.SZ,20050906,6.15,41.297,2.4461,2.2692,1196680.6216,866757.6085
000001.SZ,20050905,6.31,42.3714,2.5098,2.3282,1227813.776,889307.3999
000001.SZ,20050902,6.26,42.0356,2.4899,2.3098,1218084.6653,882260.5901
000001.SZ,20050901,6.29,42.2371,2.5018,2.3209,1223922.1317,886488.676
000001.SZ,20050831,6.23,41.8342,2.4779,2.2987,1212247.1988,878032.5042
000001.SZ,20050830,6.13,41.1627,2.4382,2.2618,1192788.9773,863938.8845
000001.SZ,20050829,6.08,40.8269,2.4183,2.2434,1183059.8666,856892.0747
000001.SZ,20050826,6.15,41.297,2.4461,2.2692,1196680.6216,866757.6085
000001.SZ,20050825,6.01,40.3569,2.3904,2.2176,1169439.1115,847026.541
000001.SZ,20050824,6.03,40.4912,2.3984,2.2249,1173330.7558,849845.2649
000001.SZ,20050823,5.99,40.2226,2.3825,2.2102,1165547.4673,844207.817
000001.SZ,20050822,6.04,40.5583,2.4024,2.2286,1175276.578,851254.6269
000001.SZ,20050819,5.97,40.0883,2.3745,2.2028,1161655.823,841389.0931
000001.SZ,20050818,6.02,40.424,2.4208,2.2212,1171384.9337,848435.9029
000001.SZ,20050817,6.19,41.5656,2.4892,2.284,1204463.9102,872395.0563
000001.SZ,20050816,6.15,41.297,2.4731,2.2692,1196680.6216,866757.6085
000001.SZ,20050815,6.3,42.3042,2.5334,2.3246,1225867.9539,887898.038
000001.SZ,20050812,6.2,41.6327,2.4932,2.2877,1206409.7324,873804.4183
000001.SZ,20050811,6.47,43.4458,2.6018,2.3873,1258946.9304,911857.1914
000001.SZ,20050810,6.3,42.3042,2.5334,2.3246,1225867.9539,887898.038
000001.SZ,20050809,6.27,42.1028,2.5214,2.3135,1220030.4874,883669.9521
000001.SZ,20050808,6.24,41.9013,2.5093,2.3024,1214193.021,879441.8662
000001.SZ,20050805,6.22,41.767,2.5012,2.295,1210301.3767,876623.1422
000001.SZ,20050804,6.04,40.5583,2.4289,2.2286,1175276.578,851254.6269
000001.SZ,20050803,6.1,40.9612,2.453,2.2508,1186951.5109,859710.7987
000001.SZ,20050802,6.02,40.424,2.4208,2.2212,1171384.9337,848435.9029
000001.SZ,20050801,5.93,39.8197,2.3846,2.188,1153872.5344,835751.6452
000001.SZ,20050729,5.93,39.8197,2.3846,2.188,1153872.5344,835751.6452
000001.SZ,20050728,6.02,40.424,2.4208,2.2212,1171384.9337,848435.9029
000001.SZ,20050727,6.07,40.7598,2.4409,2.2397,1181114.0444,855482.7128
000001.SZ,20050726,6.01,40.3569,2.4168,2.2176,1169439.1115,847026.541
000001.SZ,20050725,5.94,39.8869,2.3887,2.1917,1155818.3565,837161.0072
000001.SZ,20050722,5.95,39.954,2.3927,2.1954,1157764.1787,838570.3692
000001.SZ,20050721,5.78,38.8125,2.3243,2.1327,1124685.2021,814611.2158
000001.SZ,20050720,5.79,38.8796,2.3283,2.1364,1126631.0243,816020.5777
000001.SZ,20050719,5.72,38.4096,2.3002,2.1106,1113010.2692,806155.044
000001.SZ,20050718,5.65,37.9395,2.272,2.0847,1099389.5142,796289.5102
000001.SZ,20050715,5.66,38.0067,2.2761,2.0884,1101335.3363,797698.8722
000001.SZ,20050714,5.76,38.6782,2.3163,2.1253,1120793.5578,811792.4918
000001.SZ,20050713,5.73,38.4767,2.3042,2.1142,1114956.0914,807564.4059
000001.SZ,20050712,5.81,39.0139,2.3364,2.1438,1130522.6686,818839.3017
000001.SZ,20050711,5.49,36.8651,2.2077,2.0257,1068256.3598,773739.7188
000001.SZ,20050708,5.46,36.6637,2.1956,2.0146,1062418.8934,769511.6329
000001.SZ,20050707,5.66,38.0067,2.2761,2.0884,1101335.3363,797698.8722
000001.SZ,20050706,5.67,38.0738,2.2801,2.0921,1103281.1585,799108.2342
000001.SZ,20050705,5.76,38.6782,2.3163,2.1253,1120793.5578,811792.4918
000001.SZ,20050704,5.84,39.2154,2.3484,2.1548,1136360.135,823067.3876
000001.SZ,20050701,5.79,38.8796,2.3283,2.1364,1126631.0243,816020.5777
000001.SZ,20050630,5.93,39.8197,2.3846,2.188,1153872.5344,835751.6452
000001.SZ,20050629,6.22,41.767,2.5012,2.295,1210301.3767,876623.1422
000001.SZ,20050628,6.25,41.9685,2.5133,2.3061,1216138.8431,880851.2281
000001.SZ,20050627,6.42,43.11,2.5817,2.3688,1249217.8197,904810.3815
000001.SZ,20050624,6.29,42.2371,2.5294,2.3209,1223922.1317,886488.676
000001.SZ,20050623,6.23,41.8342,2.5053,2.2987,1212247.1988,878032.5042
000001.SZ,20050622,6.48,43.5129,2.6058,2.391,1260892.7526,913266.5533
000001.SZ,20050621,6.39,42.9086,2.5696,2.3578,1243380.3532,900582.2956
000001.SZ,20050620,6.39,42.9086,2.5696,2.3578,1243380.3532,900582.2956
000001.SZ,20050616,6.37,42.7743,2.5616,2.3504,1239488.7089,897763.5717
000001.SZ,20050615,6.22,41.767,2.5012,2.295,1210301.3767,876623.1422
000001.SZ,20050614,6.39,42.9086,2.5696,2.3578,1243380.3532,900582.2956
000001.SZ,20050613,6.5,43.6472,2.6138,2.3984,1264784.3969,916085.2773
000001.SZ,20050610,6.58,44.1844,2.646,2.4279,1280350.974,927360.173
000001.SZ,20050609,6.48,43.5129,2.6058,2.391,1260892.7526,913266.5533
000001.SZ,20050608,6.49,43.5801,2.6098,2.3947,1262838.5747,914675.9153
000001.SZ,20050607,5.94,39.8869,2.3887,2.1917,1155818.3565,837161.0072
000001.SZ,20050606,5.94,39.8869,2.3887,2.1917,1155818.3565,837161.0072
000001.SZ,20050603,5.83,39.1482,2.3444,2.1511,1134414.3129,821658.0256
000001.SZ,20050602,5.78,38.8125,2.3243,2.1327,1124685.2021,814611.2158
000001.SZ,20050601,5.95,39.954,2.3927,2.1954,1157764.1787,838570.3692
000001.SZ,20050531,6.01,40.3569,2.4168,2.2176,1169439.1115,847026.541
000001.SZ,20050530,6.1,40.9612,2.453,2.2508,1186951.5109,859710.7987
000001.SZ,20050527,6.15,41.297,2.4731,2.2692,1196680.6216,866757.6085
000001.SZ,20050526,6.14,41.2298,2.4691,2.2655,1194734.7995,865348.2465
000001.SZ,20050525,6.17,41.4313,2.4811,2.2766,1200572.2659,869576.3324
000001.SZ,20050524,6.16,41.3641,2.4771,2.2729,1198626.4438,868166.9704
000001.SZ,20050523,5.96,40.0212,2.3967,2.1991,1159710.0008,839979.7311
000001.SZ,20050520,6.21,41.6999,2.4972,2.2914,1208355.5545,875213.7803
000001.SZ,20050519,6.2,41.6327,2.4932,2.2877,1206409.7324,873804.4183
000001.SZ,20050518,6.14,41.2298,2.4691,2.2655,1194734.7995,865348.2465
000001.SZ,20050517,6.06,40.6926,2.4369,2.236,1179168.2223,854073.3508
000001.SZ,20050516,5.9,39.6183,2.3726,2.177,1148035.0679,831523.5594
000001.SZ,20050513,6.02,40.424,2.4208,2.2212,1171384.9337,848435.9029
000001.SZ,20050512,6.19,41.5656,2.4892,2.284,1204463.9102,872395.0563
000001.SZ,20050511,6.19,41.5656,2.4892,2.284,1204463.9102,872395.0563
000001.SZ,20050510,6.31,42.3714,2.5374,2.3282,1227813.776,889307.3999
000001.SZ,20050509,6.09,40.8941,2.449,2.2471,1185005.6887,858301.4367
000001.SZ,20050429,6.2,41.6327,2.4932,2.2877,1206409.7324,873804.4183
000001.SZ,20050428,5.88,39.484,2.3645,2.1696,1144143.4236,828704.8354
000001.SZ,20050427,5.72,38.4096,2.3002,2.1106,1113010.2692,806155.044
000001.SZ,20050426,6.05,40.6255,2.4329,2.2323,1177222.4001,852663.9888
000001.SZ,20050425,5.79,35.5914,2.5769,2.9257,1126631.0243,816020.5777
000001.SZ,20050422,5.98,36.7594,2.6614,3.0217,1163601.6451,842798.4551
000001.SZ,20050420,6.63,40.7549,2.9507,3.3502,1290080.0848,934406.9828
000001.SZ,20050419,6.75,41.4926,3.0041,3.4108,1313429.9506,951319.3264
000001.SZ,20050418,6.43,39.5255,2.8617,3.2491,1251163.6418,906219.7435
000001.SZ,20050415,6.63,40.7549,2.9507,3.3502,1290080.0848,934406.9828
000001.SZ,20050414,6.6,40.5705,2.9373,3.335,1284242.6183,930178.8969
000001.SZ,20050413,6.88,42.2917,3.062,3.4765,1338725.6385,969641.0319
000001.SZ,20050412,6.64,40.8164,2.9551,3.3552,1292025.9069,935816.3448
000001.SZ,20050411,6.94,42.6605,3.0887,3.5068,1350400.5714,978097.2037
000001.SZ,20050408,6.79,41.7385,3.0219,3.431,1321213.2392,956956.7742
000001.SZ,20050407,6.17,37.9273,2.746,3.1177,1200572.2659,869576.3324
000001.SZ,20050406,5.61,34.4849,2.4967,2.8347,1091606.2256,790652.0624
000001.SZ,20050405,5.49,33.7473,2.4433,2.7741,1068256.3598,773739.7188
000001.SZ,20050404,5.42,33.317,2.4122,2.7387,1054635.6048,763874.185
000001.SZ,20050401,5.6,34.4235,2.4923,2.8297,1089660.4034,789242.7004
000001.SZ,20050331,5.21,32.0261,2.3187,2.6326,1013773.3396,734277.5838
000001.SZ,20050330,5.1,31.35,2.2698,2.577,992369.296,718774.6022
000001.SZ,20050329,5.3,32.5794,2.3588,2.6781,1031285.739,746961.8415
000001.SZ,20050328,5.3,32.5794,2.3588,2.6781,1031285.739,746961.8415
000001.SZ,20050325,5.4,33.1941,2.4033,2.7286,1050743.9605,761055.4611
000001.SZ,20050324,5.4,33.1941,2.4033,2.7286,1050743.9605,761055.4611
000001.SZ,20050323,5.36,32.9482,2.3855,2.7084,1042960.6719,755418.0132
000001.SZ,20050322,5.54,34.0547,2.4656,2.7994,1077985.4705,780786.5286
000001.SZ,20050321,5.94,36.5135,2.6436,3.0015,1155818.3565,837161.0072
000001.SZ,20050318,5.93,36.452,2.6392,2.9964,1153872.5344,835751.6452
000001.SZ,20050317,5.97,36.6979,2.657,3.0167,1161655.823,841389.0931
000001.SZ,20050316,5.93,36.452,2.6392,2.9964,1153872.5344,835751.6452
000001.SZ,20050315,5.99,36.8208,2.6659,3.0268,1165547.4673,844207.817
000001.SZ,20050314,6.08,37.3741,2.7059,3.0722,1183059.8666,856892.0747
000001.SZ,20050311,6.12,37.6199,2.7237,3.0925,1190843.1552,862529.5226
000001.SZ,20050310,6.16,37.8658,2.7415,3.1127,1198626.4438,868166.9704
000001.SZ,20050309,6.29,38.6649,2.7994,3.1784,1223922.1317,886488.676
000001.SZ,20050308,6.35,39.0338,2.8261,3.2087,1235597.0646,894944.8478
000001.SZ,20050307,6.24,38.3576,2.7771,3.1531,1214193.021,879441.8662
000001.SZ,20050304,6.36,39.0952,2.8305,3.2137,1237542.8868,896354.2097
000001.SZ,20050303,6.44,39.587,2.8661,3.2542,1253109.464,907629.1055
000001.SZ,20050302,6.38,39.2182,2.8394,3.2238,1241434.5311,899172.9337
000001.SZ,20050301,6.4,39.3411,2.8483,3.2339,1245326.1754,901991.6576
000001.SZ,20050228,6.48,39.8329,2.8839,3.2744,1260892.7526,913266.5533
000001.SZ,20050225,6.64,40.8164,2.9551,3.3552,1292025.9069,935816.3448
000001.SZ,20050224,6.63,40.7549,2.9507,3.3502,1290080.0848,934406.9828
000001.SZ,20050223,6.67,41.0008,2.9685,3.3704,1297863.3734,940044.4307
000001.SZ,20050222,6.74,41.4311,2.9997,3.4057,1311484.1284,949909.9644
000001.SZ,20050221,6.71,41.2467,2.9863,3.3906,1305646.662,945681.8785
000001.SZ,20050218,6.6,40.5705,2.9373,3.335,1284242.6183,930178.8969
000001.SZ,20050217,6.56,40.3246,2.9195,3.3148,1276459.3297,924541.449
000001.SZ,20050216,6.59,40.5091,2.9329,3.3299,1282296.7962,928769.5349
000001.SZ,20050204,6.6,40.5705,2.9373,3.335,1284242.6183,930178.8969
000001.SZ,20050203,6.31,38.7879,2.8083,3.1885,1227813.776,889307.3999
000001.SZ,20050202,6.4,39.3411,2.8483,3.2339,1245326.1754,901991.6576
000001.SZ,20050201,6.09,37.4355,2.7104,3.0773,1185005.6887,858301.4367
000001.SZ,20050131,6.06,37.2511,2.697,3.0621,1179168.2223,854073.3508
000001.SZ,20050128,6.17,37.9273,2.746,3.1177,1200572.2659,869576.3324
000001.SZ,20050127,6.14,37.7429,2.7326,3.1026,1194734.7995,865348.2465
000001.SZ,20050126,6.3,38.7264,2.8038,3.1834,1225867.9539,887898.038
000001.SZ,20050125,6.31,38.7879,2.8083,3.1885,1227813.776,889307.3999
000001.SZ,20050124,6.47,39.7714,2.8795,3.2693,1258946.9304,911857.1914
000001.SZ,20050121,6.41,39.4026,2.8528,3.239,1247271.9975,903401.0196
000001.SZ,20050120,6.01,36.9438,2.6748,3.0369,1169439.1115,847026.541
000001.SZ,20050119,6.16,37.8658,2.7415,3.1127,1198626.4438,868166.9704
000001.SZ,20050118,6.22,38.2346,2.7682,3.143,1210301.3767,876623.1422
000001.SZ,20050117,6.25,38.4191,2.7816,3.1581,1216138.8431,880851.2281
000001.SZ,20050114,6.5,39.9558,2.8928,3.2845,1264784.3969,916085.2773
000001.SZ,20050113,6.57,40.3861,2.924,3.3198,1278405.1519,925950.811
000001.SZ,20050112,6.53,40.1402,2.9062,3.2996,1270621.8633,920313.3631
000001.SZ,20050110,6.59,40.5091,2.9329,3.3299,1282296.7962,928769.5349
000001.SZ,20050107,6.51,40.0173,2.8973,3.2895,1266730.219,917494.6392
000001.SZ,20050106,6.52,40.0788,2.9017,3.2946,1268676.0411,918904.0012
000001.SZ,20050105,6.46,39.7099,2.875,3.2643,1257001.1083,910447.8294
000001.SZ,20050104,6.52,40.0788,2.9017,3.2946,1268676.0411,918904.0012
000001.SZ,20041231,6.59,40.5091,2.9329,3.3299,1282296.7962,928769.5349
000001.SZ,20041230,6.58,40.4476,2.9284,3.3249,1280350.974,927360.173
000001.SZ,20041229,6.66,40.9394,2.964,3.3653,1295917.5512,938635.0687
000001.SZ,20041228,6.69,41.1238,2.9774,3.3805,1301755.0177,942863.1546
000001.SZ,20041227,6.75,41.4926,3.0041,3.4108,1313429.9506,951319.3264
000001.SZ,20041224,6.82,41.9229,3.0353,3.4462,1327050.7056,961184.8601
000001.SZ,20041223,6.88,42.2917,3.062,3.4765,1338725.6385,969641.0319
000001.SZ,20041222,6.97,42.8449,3.102,3.522,1356238.0379,982325.2896
000001.SZ,20041221,6.86,42.1688,3.0531,3.4664,1334833.9942,966822.308
000001.SZ,20041220,6.86,42.1688,3.0531,3.4664,1334833.9942,966822.308
000001.SZ,20041217,6.91,42.4761,3.0753,3.4916,1344563.105,973869.1178
000001.SZ,20041216,6.99,42.9679,3.1109,3.5321,1360129.6822,985144.0135
000001.SZ,20041215,6.96,42.7835,3.0976,3.5169,1354292.2157,980915.9276
000001.SZ,20041214,6.87,42.2302,3.0575,3.4714,1336779.8164,968231.67
000001.SZ,20041210,6.94,42.6605,3.0887,3.5068,1350400.5714,978097.2037
000001.SZ,20041209,7.09,43.5826,3.1554,3.5826,1379587.9036,999237.6332
000001.SZ,20041208,6.96,42.7835,3.0976,3.5169,1354292.2157,980915.9276
000001.SZ,20041207,7.0,43.0293,3.1154,3.5371,1362075.5043,986553.3755
000001.SZ,20041206,6.98,42.9064,3.1065,3.527,1358183.86,983734.6516
000001.SZ,20041203,7.02,43.1523,3.1243,3.5472,1365967.1486,989372.0994
000001.SZ,20041202,7.0,43.0293,3.1154,3.5371,1362075.5043,986553.3755
000001.SZ,20041201,6.94,42.6605,3.0887,3.5068,1350400.5714,978097.2037
000001.SZ,20041130,7.05,43.3367,3.1376,3.5624,1371804.615,993600.1853
000001.SZ,20041129,7.06,43.3982,3.1421,3.5674,1373750.4372,995009.5473
000001.SZ,20041126,7.18,44.1358,3.1955,3.6281,1397100.303,1011921.8909
000001.SZ,20041125,7.2,44.2588,3.2044,3.6382,1400991.9473,1014740.6148
000001.SZ,20041124,7.16,44.0129,3.1866,3.618,1393208.6587,1009103.1669
000001.SZ,20041123,7.27,44.6891,3.2355,3.6736,1414612.7023,1024606.1486
000001.SZ,20041122,7.38,45.3652,3.2845,3.7291,1436016.746,1040109.1302
000001.SZ,20041119,7.41,45.5496,3.2978,3.7443,1441854.2124,1044337.2161
000001.SZ,20041118,7.19,44.1973,3.1999,3.6331,1399046.1251,1013331.2528
000001.SZ,20041117,7.07,43.4596,3.1465,3.5725,1375696.2593,996418.9093
000001.SZ,20041116,7.2,44.2588,3.2044,3.6382,1400991.9473,1014740.6148
000001.SZ,20041115,7.1,43.6441,3.1599,3.5877,1381533.7258,1000646.9952
000001.SZ,20041112,7.01,43.0908,3.1198,3.5422,1364021.3264,987962.7375
000001.SZ,20041111,7.06,43.3982,3.1421,3.5674,1373750.4372,995009.5473
000001.SZ,20041110,7.1,43.6441,3.1599,3.5877,1381533.7258,1000646.9952
000001.SZ,20041109,6.86,42.1688,3.0531,3.4664,1334833.9942,966822.308
000001.SZ,20041108,6.87,42.2302,3.0575,3.4714,1336779.8164,968231.67
000001.SZ,20041105,6.96,42.7835,3.0976,3.5169,1354292.2157,980915.9276
000001.SZ,20041104,6.95,42.722,3.0931,3.5119,1352346.3936,979506.5657
000001.SZ,20041103,7.11,43.7055,3.1643,3.5927,1383479.5479,1002056.3571
000001.SZ,20041102,7.09,43.5826,3.1554,3.5826,1379587.9036,999237.6332
000001.SZ,20041101,7.23,44.4432,3.2177,3.6533,1406829.4137,1018968.7007
000001.SZ,20041029,7.17,44.0743,3.191,3.623,1395154.4808,1010512.5289
000001.SZ,20041028,7.0,43.0293,3.1154,3.5371,1362075.5043,986553.3755
000001.SZ,20041027,6.99,42.9679,3.1109,3.5321,1360129.6822,985144.0135
000001.SZ,20041026,6.98,42.9064,3.1065,3.527,1358183.86,983734.6516
000001.SZ,20041025,6.92,42.5376,3.0798,3.4967,1346508.9271,975278.4798
000001.SZ,20041022,6.84,42.0458,3.131,3.4563,1330942.3499,964003.5841
000001.SZ,20041021,7.01,43.0908,3.2089,3.5422,1364021.3264,987962.7375
000001.SZ,20041020,7.64,46.9635,3.4972,3.8605,1486608.1218,1076752.5413
000001.SZ,20041019,7.8,47.947,3.5705,3.9414,1517741.2762,1099302.3327
000001.SZ,20041018,7.75,47.6396,3.5476,3.9161,1508012.1655,1092255.5229
000001.SZ,20041015,7.89,48.5002,3.6117,3.9868,1535253.6756,1111986.5904
000001.SZ,20041014,7.87,48.3773,3.6025,3.9767,1531362.0313,1109167.8665
000001.SZ,20041013,8.15,50.0985,3.7307,4.1182,1585845.0514,1148630.0015
000001.SZ,20041012,8.05,49.4837,3.6849,4.0677,1566386.8299,1134536.3818
000001.SZ,20041011,8.24,50.6517,3.7719,4.1637,1603357.4508,1161314.2592
000001.SZ,20041008,8.2,50.4058,3.7536,4.1435,1595574.1622,1155676.8113
000001.SZ,20040930,8.16,50.1599,3.7353,4.1233,1587790.8736,1150039.3634
000001.SZ,20040929,8.11,49.8526,3.7124,4.098,1578061.7628,1142992.5536
000001.SZ,20040928,8.22,50.5287,3.7627,4.1536,1599465.8065,1158495.5352
000001.SZ,20040927,8.3,51.0205,3.7994,4.194,1615032.3837,1169770.431
000001.SZ,20040924,8.59,52.8032,3.9321,4.3406,1671461.226,1210641.9279
000001.SZ,20040923,8.93,54.8932,4.0877,4.5124,1737619.1791,1258560.2347
000001.SZ,20040922,8.72,53.6023,3.9916,4.4062,1696756.9139,1228963.6335
000001.SZ,20040921,8.68,53.3564,3.9733,4.386,1688973.6253,1223326.1856
000001.SZ,20040920,8.77,53.9096,4.0145,4.4315,1706486.0247,1236010.4433
000001.SZ,20040917,8.52,52.3729,3.9001,4.3052,1657840.4709,1200776.3942
000001.SZ,20040916,8.35,51.3279,3.8222,4.2193,1624761.4944,1176817.2408
000001.SZ,20040915,8.33,51.2049,3.8131,4.2092,1620869.8501,1173998.5168
000001.SZ,20040914,8.09,49.7296,3.7032,4.0879,1574170.1185,1140173.8297
000001.SZ,20040913,7.91,48.6232,3.6208,3.9969,1539145.3199,1114805.3143
000001.SZ,20040910,8.07,49.6067,3.6941,4.0778,1570278.4742,1137355.1058
000001.SZ,20040909,7.93,48.7461,3.63,4.0071,1543036.9642,1117624.0382
000001.SZ,20040908,8.09,49.7296,3.7032,4.0879,1574170.1185,1140173.8297
000001.SZ,20040907,8.11,49.8526,3.7124,4.098,1578061.7628,1142992.5536
000001.SZ,20040906,7.97,48.992,3.6483,4.0273,1550820.2528,1123261.4861
000001.SZ,20040903,7.98,49.0535,3.6529,4.0323,1552766.0749,1124670.8481
000001.SZ,20040902,8.01,49.2379,3.6666,4.0475,1558603.5413,1128898.934
000001.SZ,20040901,8.02,49.2993,3.6712,4.0525,1560549.3635,1130308.2959
000001.SZ,20040831,8.16,50.1599,3.7353,4.1233,1587790.8736,1150039.3634
000001.SZ,20040830,8.06,49.5452,3.7532,4.0727,1568332.6521,1135945.7438
000001.SZ,20040827,7.96,48.9305,3.7066,4.0222,1548874.4306,1121852.1241
000001.SZ,20040826,8.0,49.1764,3.7252,4.0424,1556657.7192,1127489.572
000001.SZ,20040825,8.08,49.6682,3.7625,4.0828,1572224.2964,1138764.4677
000001.SZ,20040824,8.13,49.9755,3.7857,4.1081,1581953.4071,1145811.2775
000001.SZ,20040823,8.09,49.7296,3.7671,4.0879,1574170.1185,1140173.8297
000001.SZ,20040820,8.16,50.1599,3.7997,4.1233,1587790.8736,1150039.3634
000001.SZ,20040819,8.09,49.7296,3.7671,4.0879,1574170.1185,1140173.8297
000001.SZ,20040818,8.13,49.9755,3.7857,4.1081,1581953.4071,1145811.2775
000001.SZ,20040817,8.07,49.6067,3.7578,4.0778,1570278.4742,1137355.1058
000001.SZ,20040816,8.06,49.5452,3.7532,4.0727,1568332.6521,1135945.7438
000001.SZ,20040813,8.03,49.3608,3.7392,4.0576,1562495.1856,1131717.6579
000001.SZ,20040812,7.97,48.992,3.7112,4.0273,1550820.2528,1123261.4861
000001.SZ,20040811,8.09,49.7296,3.7671,4.0879,1574170.1185,1140173.8297
000001.SZ,20040810,8.14,50.037,3.7904,4.1132,1583899.2293,1147220.6395
000001.SZ,20040809,8.12,49.914,3.7811,4.1031,1580007.585,1144401.9156
000001.SZ,20040806,8.1,49.7911,3.7718,4.093,1576115.9407,1141583.1917
000001.SZ,20040805,8.09,49.7296,3.7671,4.0879,1574170.1185,1140173.8297
000001.SZ,20040804,8.19,50.3443,3.8137,4.1384,1593628.34,1154267.4493
000001.SZ,20040803,8.03,49.3608,3.7392,4.0576,1562495.1856,1131717.6579
000001.SZ,20040802,8.06,49.5452,3.7532,4.0727,1568332.6521,1135945.7438
000001.SZ,20040730,8.11,49.8526,3.7764,4.098,1578061.7628,1142992.5536
000001.SZ,20040729,8.2,50.4058,3.8183,4.1435,1595574.1622,1155676.8113
000001.SZ,20040728,8.1,49.7911,3.7718,4.093,1576115.9407,1141583.1917
000001.SZ,20040727,8.04,49.4223,3.7438,4.0626,1564441.0078,1133127.0199
000001.SZ,20040726,8.11,49.8526,3.7764,4.098,1578061.7628,1142992.5536
000001.SZ,20040723,8.14,50.037,3.7904,4.1132,1583899.2293,1147220.6395
000001.SZ,20040722,8.23,50.5902,3.8323,4.1586,1601411.6286,1159904.8972
000001.SZ,20040721,8.39,51.5737,3.9068,4.2395,1632544.783,1182454.6886
000001.SZ,20040720,8.46,52.004,3.9394,4.2749,1646165.5381,1192320.2224
000001.SZ,20040719,8.59,52.8032,3.9999,4.3406,1671461.226,1210641.9279
000001.SZ,20040716,8.59,52.8032,3.9999,4.3406,1671461.226,1210641.9279
000001.SZ,20040715,8.4,51.6352,3.9115,4.2445,1634490.6052,1183864.0506
000001.SZ,20040714,8.28,50.8976,3.8556,4.1839,1611140.7394,1166951.707
000001.SZ,20040713,8.35,51.3279,3.8882,4.2193,1624761.4944,1176817.2408
000001.SZ,20040712,8.3,51.0205,3.8649,4.194,1615032.3837,1169770.431
000001.SZ,20040709,8.45,51.9426,3.9348,4.2698,1644219.7159,1190910.8604
000001.SZ,20040708,8.51,52.3114,3.9627,4.3001,1655894.6488,1199367.0322
000001.SZ,20040707,8.56,52.6187,3.986,4.3254,1665623.7595,1206413.842
000001.SZ,20040706,8.68,53.3564,4.0419,4.386,1688973.6253,1223326.1856
000001.SZ,20040705,8.64,53.1105,4.0232,4.3658,1681190.3367,1217688.7378
000001.SZ,20040702,8.69,53.4179,4.0465,4.3911,1690919.4475,1224735.5476
000001.SZ,20040701,8.76,53.8482,4.0791,4.4265,1704540.2025,1234601.0813
000001.SZ,20040629,8.6,52.8646,4.0046,4.3456,1673407.0481,1212051.2899
000001.SZ,20040628,8.41,51.6967,3.9161,4.2496,1636436.4273,1185273.4126
000001.SZ,20040625,8.87,54.5243,4.1303,4.482,1725944.2462,1250104.063
000001.SZ,20040624,8.92,54.8317,4.1536,4.5073,1735673.3569,1257150.8728
000001.SZ,20040623,9.05,55.6308,4.2141,4.573,1760969.0448,1275472.5783
000001.SZ,20040622,9.11,55.9996,4.2421,4.6033,1772643.9777,1283928.7501
000001.SZ,20040621,9.08,55.8152,4.2281,4.5882,1766806.5113,1279700.6642
000001.SZ,20040618,9.1,55.9382,4.2374,4.5983,1770698.1556,1282519.3882
000001.SZ,20040617,9.0,55.3234,4.1909,4.5477,1751239.9341,1268425.7685
000001.SZ,20040616,9.21,56.6143,4.2887,4.6538,1792102.1992,1298022.3698
000001.SZ,20040615,9.3,57.1676,4.3306,4.6993,1809614.5986,1310706.6275
000001.SZ,20040614,8.89,54.6473,4.1396,4.4921,1729835.8905,1252922.7869
000001.SZ,20040611,9.08,55.8152,4.2281,4.5882,1766806.5113,1279700.6642
000001.SZ,20040610,9.08,55.8152,4.2281,4.5882,1766806.5113,1279700.6642
000001.SZ,20040609,9.1,55.9382,4.2374,4.5983,1770698.1556,1282519.3882
000001.SZ,20040608,9.2,56.5529,4.284,4.6488,1790156.3771,1296613.0078
000001.SZ,20040607,9.41,57.8437,4.3818,4.7549,1831018.6422,1326209.6091
000001.SZ,20040604,9.63,59.1961,4.4842,4.8661,1873826.7295,1357215.5723
000001.SZ,20040603,9.71,59.6879,4.5215,4.9065,1889393.3067,1368490.468
000001.SZ,20040602,9.94,61.1017,4.6286,5.0227,1934147.2161,1400905.7932
000001.SZ,20040601,9.65,59.319,4.4935,4.8762,1877718.3738,1360034.2962
000001.SZ,20040531,9.62,59.1346,4.4796,4.861,1871880.9073,1355806.2103
000001.SZ,20040528,9.25,56.8602,4.3073,4.6741,1799885.4878,1303659.8176
000001.SZ,20040527,9.2,56.5529,4.284,4.6488,1790156.3771,1296613.0078
000001.SZ,20040526,8.86,54.4629,4.1257,4.477,1723998.424,1248694.701
000001.SZ,20040525,9.02,55.4464,4.2002,4.5578,1755131.5784,1271244.4924
000001.SZ,20040524,9.12,56.0611,4.2467,4.6084,1774589.7999,1285338.1121
000001.SZ,20040521,9.18,56.4299,4.2747,4.6387,1786264.7328,1293794.2839
000001.SZ,20040520,9.13,56.1226,4.2514,4.6134,1776535.622,1286747.474
000001.SZ,20040519,9.22,56.6758,4.2933,4.6589,1794048.0214,1299431.7317
000001.SZ,20040518,9.25,56.8602,4.3073,4.6741,1799885.4878,1303659.8176
000001.SZ,20040517,9.04,55.5693,4.2095,4.5679,1759023.2227,1274063.2164
000001.SZ,20040514,9.12,56.0611,4.2467,4.6084,1774589.7999,1285338.1121
000001.SZ,20040513,9.32,57.2905,4.3399,4.7094,1813506.2429,1313525.3514
000001.SZ,20040512,9.34,57.4134,4.3492,4.7195,1817397.8872,1316344.0753
000001.SZ,20040511,9.16,56.307,4.2654,4.6286,1782373.0885,1290975.5599
000001.SZ,20040510,9.07,55.7537,4.2235,4.5831,1764860.6891,1278291.3023
000001.SZ,20040430,9.33,57.352,4.3445,4.7145,1815452.065,1314934.7133
000001.SZ,20040429,9.24,56.7987,4.3026,4.669,1797939.6657,1302250.4557
000001.SZ,20040428,9.24,56.7987,4.3026,4.669,1797939.6657,1302250.4557
000001.SZ,20040427,9.18,56.4299,4.2747,4.6387,1786264.7328,1293794.2839
000001.SZ,20040426,9.36,57.5364,4.3585,4.7296,1821289.5315,1319162.7992
000001.SZ,20040423,9.38,57.6593,4.3678,4.7397,1825181.1758,1321981.5232
000001.SZ,20040422,9.6,59.0117,4.4703,4.8509,1867989.263,1352987.4864
000001.SZ,20040421,9.52,58.5199,4.433,4.8105,1852422.6858,1341712.5907
000001.SZ,20040420,9.38,57.6593,4.3678,4.7397,1825181.1758,1321981.5232
000001.SZ,20040419,9.35,57.4749,4.3538,4.7246,1819343.7093,1317753.4373
000001.SZ,20040416,9.75,59.9337,4.5401,4.9267,1897176.5953,1374127.9159
000001.SZ,20040415,9.79,60.1796,4.5587,4.9469,1904959.8839,1379765.3637
000001.SZ,20040414,9.62,43.308,4.701,4.9656,1871880.9073,1355806.2103
000001.SZ,20040413,9.9,44.5686,4.8378,5.1101,1926363.9275,1395268.3454
000001.SZ,20040412,10.28,46.2793,5.0235,5.3062,2000305.1692,1448824.1
000001.SZ,20040409,10.24,46.0992,5.004,5.2856,1992521.8806,1443186.6522
000001.SZ,20040408,10.39,46.7745,5.0773,5.363,2021709.2128,1464327.0816
000001.SZ,20040407,10.51,47.3147,5.1359,5.425,2045059.0786,1481239.4252
000001.SZ,20040406,10.65,47.945,5.2043,5.4972,2072300.5887,1500970.4927
000001.SZ,20040405,10.59,47.6748,5.175,5.4663,2060625.6558,1492514.3209
000001.SZ,20040402,10.73,48.3051,5.2434,5.5385,2087867.1659,1512245.3884
000001.SZ,20040401,10.69,48.125,5.2239,5.5179,2080083.8773,1506607.9406
000001.SZ,20040331,10.66,47.99,5.2092,5.5024,2074246.4108,1502379.8547
000001.SZ,20040330,10.62,47.8099,5.1897,5.4817,2066463.1222,1496742.4068
000001.SZ,20040329,10.54,47.4498,5.1506,5.4405,2050896.545,1485467.5111
000001.SZ,20040326,10.85,48.8453,5.302,5.6005,2111217.0317,1529157.732
000001.SZ,20040325,10.88,48.9804,5.3167,5.6159,2117054.4981,1533385.8179
000001.SZ,20040324,10.89,49.0254,5.3216,5.6211,2119000.3203,1534795.1799
000001.SZ,20040323,11.08,49.8808,5.4144,5.7192,2155970.9411,1561573.0572
000001.SZ,20040322,11.31,50.9162,5.5268,5.8379,2200724.8505,1593988.3824
000001.SZ,20040319,11.17,50.2859,5.4584,5.7656,2173483.3404,1574257.3149
000001.SZ,20040318,11.0,49.5206,5.3753,5.6779,2140404.3639,1550298.1615
000001.SZ,20040317,11.23,50.556,5.4877,5.7966,2185158.2733,1582713.4867
000001.SZ,20040316,10.9,49.0704,5.3265,5.6263,2120946.1424,1536204.5419
000001.SZ,20040315,10.97,49.3856,5.3607,5.6624,2134566.8975,1546070.0756
000001.SZ,20040312,10.66,47.99,5.2092,5.5024,2074246.4108,1502379.8547
000001.SZ,20040311,10.79,48.5752,5.2727,5.5695,2099542.0988,1520701.5602
000001.SZ,20040310,10.68,48.08,5.219,5.5127,2078138.0551,1505198.5786
000001.SZ,20040309,10.43,46.9545,5.0968,5.3837,2029492.5014,1469964.5295
000001.SZ,20040308,10.41,46.8645,5.087,5.3733,2025600.8571,1467145.8056
000001.SZ,20040305,10.67,48.035,5.2141,5.5076,2076192.233,1503789.2167
000001.SZ,20040304,11.06,49.7907,5.4047,5.7089,2152079.2968,1558754.3333
000001.SZ,20040303,10.61,47.7649,5.1848,5.4766,2064517.3001,1495333.0449
000001.SZ,20040302,10.45,47.0446,5.1066,5.394,2033384.1457,1472783.2534
000001.SZ,20040301,10.37,46.6844,5.0675,5.3527,2017817.5685,1461508.3577
000001.SZ,20040227,10.36,46.6394,5.0626,5.3475,2015871.7464,1460098.9957
000001.SZ,20040226,10.34,46.5494,5.0528,5.3372,2011980.1021,1457280.2718
000001.SZ,20040225,10.3,46.3693,5.0333,5.3166,2004196.8135,1451642.824
000001.SZ,20040224,10.61,47.7649,5.1848,5.4766,2064517.3001,1495333.0449
000001.SZ,20040223,10.91,49.1154,5.3314,5.6314,2122891.9646,1537613.9038
000001.SZ,20040220,11.12,50.0608,5.434,5.7398,2163754.2297,1567210.5051
000001.SZ,20040219,10.59,47.6748,5.175,5.4663,2060625.6558,1492514.3209
000001.SZ,20040218,10.53,47.4047,5.1457,5.4353,2048950.7229,1484058.1491
000001.SZ,20040217,10.57,47.5848,5.1652,5.4559,2056734.0115,1489695.597
000001.SZ,20040216,10.6,47.7199,5.1799,5.4714,2062571.4779,1493923.6829
000001.SZ,20040213,10.25,46.1442,5.0088,5.2908,1994467.7027,1444596.0141
000001.SZ,20040212,10.51,47.3147,5.1359,5.425,2045059.0786,1481239.4252
000001.SZ,20040211,10.62,47.8099,5.1897,5.4817,2066463.1222,1496742.4068
000001.SZ,20040210,10.74,48.3501,5.2483,5.5437,2089812.988,1513654.7504
000001.SZ,20040209,10.59,47.6748,5.175,5.4663,2060625.6558,1492514.3209
000001.SZ,20040206,10.51,47.3147,5.1359,5.425,2045059.0786,1481239.4252
000001.SZ,20040205,10.06,45.2889,4.916,5.1927,1957497.0819,1417818.1368
000001.SZ,20040204,10.01,45.0638,4.8916,5.1669,1947767.9711,1410771.327
000001.SZ,20040203,9.83,44.2534,4.8036,5.074,1912743.1725,1385402.8116
000001.SZ,20040202,9.67,43.5331,4.7254,4.9914,1881610.0181,1362853.0202
000001.SZ,20040130,9.28,41.7774,4.5348,4.7901,1805722.9543,1307887.9035
000001.SZ,20040129,9.53,42.9029,4.657,4.9191,1854368.508,1343121.9526
000001.SZ,20040116,9.28,41.7774,4.5348,4.7901,1805722.9543,1307887.9035
000001.SZ,20040115,9.1,40.9671,4.4469,4.6972,1770698.1556,1282519.3882
000001.SZ,20040114,9.03,40.6519,4.4127,4.661,1757077.4005,1272653.8544
000001.SZ,20040113,9.18,41.3272,4.486,4.7385,1786264.7328,1293794.2839
000001.SZ,20040112,9.19,41.3722,4.4909,4.7436,1788210.5549,1295203.6458
000001.SZ,20040109,9.03,40.6519,4.4127,4.661,1757077.4005,1272653.8544
000001.SZ,20040108,9.41,42.3626,4.5984,4.8572,1831018.6422,1326209.6091
000001.SZ,20040107,9.39,42.2726,4.5886,4.8469,1827126.9979,1323390.8851
000001.SZ,20040106,9.33,42.0025,4.5593,4.8159,1815452.065,1314934.7133
000001.SZ,20040105,8.92,40.1567,4.3589,4.6043,1735673.3569,1257150.8728
000001.SZ,20040102,8.64,38.8962,4.2221,4.4597,1681190.3367,1217688.7378
000001.SZ,20031231,8.51,38.3109,4.1586,4.3926,1655894.6488,1199367.0322
000001.SZ,20031230,8.7,39.1663,4.2514,4.4907,1692865.2696,1226144.9096
000001.SZ,20031229,8.6,38.7161,4.2025,4.4391,1673407.0481,1212051.2899
000001.SZ,20031226,8.76,39.4364,4.2807,4.5217,1704540.2025,1234601.0813
000001.SZ,20031225,8.78,39.5265,4.2905,4.532,1708431.8468,1237419.8053
000001.SZ,20031224,8.93,40.2017,4.3638,4.6094,1737619.1791,1258560.2347
000001.SZ,20031223,8.78,39.5265,4.2905,4.532,1708431.8468,1237419.8053
000001.SZ,20031222,8.72,39.2563,4.2612,4.501,1696756.9139,1228963.6335
000001.SZ,20031219,8.43,37.9508,4.1195,4.3513,1640328.0716,1188092.1365
000001.SZ,20031218,8.62,38.8062,4.2123,4.4494,1677298.6924,1214870.0138
000001.SZ,20031217,8.71,39.2113,4.2563,4.4959,1694811.0918,1227554.2715
000001.SZ,20031216,8.79,39.5715,4.2954,4.5372,1710377.669,1238829.1672
000001.SZ,20031215,8.91,40.1117,4.354,4.5991,1733727.5348,1255741.5108
000001.SZ,20031212,9.04,40.6969,4.4176,4.6662,1759023.2227,1274063.2164
000001.SZ,20031211,8.8,39.6165,4.3003,4.5423,1712323.4911,1240238.5292
000001.SZ,20031210,8.62,38.8062,4.2123,4.4494,1677298.6924,1214870.0138
000001.SZ,20031209,8.42,37.9058,4.1146,4.3462,1638382.2495,1186682.7745
000001.SZ,20031208,8.48,38.1759,4.1439,4.3771,1650057.1824,1195138.9463
000001.SZ,20031205,8.6,38.7161,4.2025,4.4391,1673407.0481,1212051.2899
000001.SZ,20031204,8.65,38.9412,4.227,4.4649,1683136.1589,1219098.0997
000001.SZ,20031203,8.51,38.3109,4.1586,4.3926,1655894.6488,1199367.0322
000001.SZ,20031202,8.53,38.401,4.1683,4.4029,1659786.2931,1202185.7561
000001.SZ,20031201,8.6,38.7161,4.2025,4.4391,1673407.0481,1212051.2899
000001.SZ,20031128,8.38,37.7257,4.095,4.3255,1630598.9609,1181045.3267
000001.SZ,20031127,8.32,37.4556,4.0657,4.2945,1618924.028,1172589.1549
000001.SZ,20031126,8.6,38.7161,4.2025,4.4391,1673407.0481,1212051.2899
000001.SZ,20031125,8.69,39.1213,4.2465,4.4855,1690919.4475,1224735.5476
000001.SZ,20031124,8.36,37.6357,4.0853,4.3152,1626707.3166,1178226.6027
000001.SZ,20031121,8.08,36.3751,3.9484,4.1707,1572224.2964,1138764.4677
000001.SZ,20031120,8.27,37.2305,4.0413,4.2687,1609194.9172,1165542.3451
000001.SZ,20031119,7.88,35.4748,3.8507,4.0674,1533307.8534,1110577.2284
000001.SZ,20031118,7.66,34.4844,3.7432,3.9539,1490499.7661,1079571.2652
000001.SZ,20031117,7.71,34.7094,3.7676,3.9797,1500228.8769,1086618.075
000001.SZ,20031114,7.83,35.2497,3.8263,4.0416,1523578.7427,1103530.4186
000001.SZ,20031113,7.78,35.0246,3.8018,4.0158,1513849.6319,1096483.6088
000001.SZ,20031112,7.82,35.2047,3.8214,4.0365,1521632.9205,1102121.0566
000001.SZ,20031111,8.01,36.06,3.9142,4.1345,1558603.5413,1128898.934
000001.SZ,20031110,8.0,36.015,3.9093,4.1294,1556657.7192,1127489.572
000001.SZ,20031107,7.89,35.5198,3.8556,4.0726,1535253.6756,1111986.5904
000001.SZ,20031106,8.04,36.1951,3.9289,4.15,1564441.0078,1133127.0199
000001.SZ,20031105,8.19,36.8703,4.0022,4.2274,1593628.34,1154267.4493
000001.SZ,20031104,8.39,37.7707,4.0999,4.3307,1632544.783,1182454.6886
000001.SZ,20031103,8.17,36.7803,3.9924,4.2171,1589736.6957,1151448.7254
000001.SZ,20031031,8.14,36.6453,3.9778,4.2016,1583899.2293,1147220.6395
000001.SZ,20031030,8.21,36.9604,4.012,4.2378,1597519.9843,1157086.1733
000001.SZ,20031029,8.61,38.7611,4.2074,4.4442,1675352.8703,1213460.6519
000001.SZ,20031028,8.79,39.5715,3.9498,4.5372,1710377.669,1238829.1672
000001.SZ,20031027,8.7,39.1663,3.9094,4.4907,1692865.2696,1226144.9096
000001.SZ,20031024,8.88,39.9766,3.9903,4.5836,1727890.0683,1251513.4249
000001.SZ,20031023,8.94,40.2468,4.0173,4.6146,1739565.0012,1259969.5967
000001.SZ,20031022,9.02,40.6069,4.0532,4.6559,1755131.5784,1271244.4924
000001.SZ,20031021,8.85,39.8416,3.9768,4.5681,1722052.6019,1247285.339
000001.SZ,20031020,8.96,40.3368,4.0262,4.6249,1743456.6455,1262788.3206
000001.SZ,20031017,9.0,40.5169,4.0442,4.6455,1751239.9341,1268425.7685
000001.SZ,20031015,9.04,40.6969,4.0622,4.6662,1759023.2227,1274063.2164
000001.SZ,20031014,9.15,41.1921,4.1116,4.723,1780427.2663,1289566.198
000001.SZ,20031013,9.34,42.0475,4.197,4.821,1817397.8872,1316344.0753
000001.SZ,20031010,9.4,42.3176,4.224,4.852,1829072.8201,1324800.2471
000001.SZ,20031009,9.17,41.2822,4.1206,4.7333,1784318.9106,1292384.9219
000001.SZ,20031008,9.2,41.4172,4.1341,4.7488,1790156.3771,1296613.0078
000001.SZ,20030930,9.17,41.2822,4.1206,4.7333,1784318.9106,1292384.9219
000001.SZ,20030929,9.07,40.832,4.0757,4.6817,1764860.6891,1278291.3023
000001.SZ,20030926,9.34,42.0475,4.197,4.821,1817397.8872,1316344.0753
000001.SZ,20030925,9.35,42.0925,4.2015,4.8262,1819343.7093,1317753.4373
000001.SZ,20030924,9.5,42.7678,4.2689,4.9036,1848531.0416,1338893.8668
000001.SZ,20030923,9.54,42.9479,4.2869,4.9243,1856314.3301,1344531.3146
000001.SZ,20030922,9.39,42.2726,4.2195,4.8469,1827126.9979,1323390.8851
000001.SZ,20030919,9.48,42.6778,4.2599,4.8933,1844639.3973,1336075.1428
000001.SZ,20030918,9.49,42.7228,4.2644,4.8985,1846585.2194,1337484.5048
000001.SZ,20030917,9.41,42.3626,4.2285,4.8572,1831018.6422,1326209.6091
000001.SZ,20030916,9.7,43.6682,4.3588,5.0069,1887447.4845,1367081.1061
000001.SZ,20030915,9.61,43.263,4.3183,4.9604,1869935.0852,1354396.8484
000001.SZ,20030912,9.97,44.8837,4.4801,5.1462,1939984.6826,1405133.8791
000001.SZ,20030911,10.2,45.9191,4.5834,5.265,1984738.592,1437549.2043
000001.SZ,20030910,10.12,45.559,4.5475,5.2237,1969172.0148,1426274.3086
000001.SZ,20030909,10.05,45.2438,4.516,5.1875,1955551.2597,1416408.7748
000001.SZ,20030908,10.12,45.559,4.5475,5.2237,1969172.0148,1426274.3086
000001.SZ,20030905,10.21,45.9641,4.5879,5.2701,1986684.4141,1438958.5663
000001.SZ,20030904,10.37,46.6844,4.6598,5.3527,2017817.5685,1461508.3577
000001.SZ,20030903,10.36,46.6394,4.6553,5.3475,2015871.7464,1460098.9957
000001.SZ,20030902,10.34,46.5494,4.6464,5.3372,2011980.1021,1457280.2718
000001.SZ,20030901,10.42,46.9095,4.6823,5.3785,2027546.6793,1468555.1675
000001.SZ,20030829,10.33,46.5044,4.6419,5.3321,2010034.2799,1455870.9098
000001.SZ,20030828,10.2,45.9191,4.5834,5.265,1984738.592,1437549.2043
000001.SZ,20030827,10.47,47.1346,4.7048,5.4043,2037275.79,1475601.9774
000001.SZ,20030825,10.52,47.3597,4.7272,5.4301,2047004.9007,1482648.7872
000001.SZ,20030822,10.75,48.3951,4.8306,5.5488,2091758.8102,1515064.1124
000001.SZ,20030821,10.85,48.8453,4.8755,5.6005,2111217.0317,1529157.732
000001.SZ,20030820,10.73,48.3051,4.8216,5.5385,2087867.1659,1512245.3884
000001.SZ,20030819,10.86,48.8904,5.389,5.6056,2113162.8538,1530567.094
000001.SZ,20030818,10.88,48.9804,5.399,5.6159,2117054.4981,1533385.8179
000001.SZ,20030815,10.79,48.5752,5.3543,5.5695,2099542.0988,1520701.5602
000001.SZ,20030814,10.59,47.6748,5.255,5.4663,2060625.6558,1492514.3209
000001.SZ,20030813,10.62,47.8099,5.2699,5.4817,2066463.1222,1496742.4068
000001.SZ,20030812,10.76,48.4402,5.3394,5.554,2093704.6323,1516473.4743
000001.SZ,20030811,10.74,48.3501,5.3295,5.5437,2089812.988,1513654.7504
000001.SZ,20030808,10.71,48.2151,5.3146,5.5282,2083975.5216,1509426.6645
000001.SZ,20030807,10.95,49.2955,5.4337,5.6521,2130675.2532,1543251.3517
000001.SZ,20030806,10.78,48.5302,5.3493,5.5643,2097596.2766,1519292.1983
000001.SZ,20030805,10.81,48.6653,5.3642,5.5798,2103433.7431,1523520.2842
000001.SZ,20030804,10.88,48.9804,5.399,5.6159,2117054.4981,1533385.8179
000001.SZ,20030801,10.8,48.6202,5.3593,5.5747,2101487.9209,1522110.9222
000001.SZ,20030731,10.61,47.7649,5.265,5.4766,2064517.3001,1495333.0449
000001.SZ,20030730,10.63,47.8549,5.2749,5.4869,2068408.9444,1498151.7688
000001.SZ,20030729,10.46,47.0896,5.1905,5.3992,2035329.9679,1474192.6154
000001.SZ,20030728,10.39,46.7745,5.1558,5.363,2021709.2128,1464327.0816
000001.SZ,20030725,10.5,47.2697,5.2104,5.4198,2043113.2565,1479830.0633
000001.SZ,20030724,10.58,47.6298,5.2501,5.4611,2058679.8336,1491104.959
000001.SZ,20030723,10.75,48.3951,5.3344,5.5488,2091758.8102,1515064.1124
000001.SZ,20030722,10.56,47.5398,5.2402,5.4508,2054788.1893,1488286.235
000001.SZ,20030721,10.66,47.99,5.2898,5.5024,2074246.4108,1502379.8547
000001.SZ,20030718,10.91,49.1154,5.4138,5.6314,2122891.9646,1537613.9038
000001.SZ,20030717,11.31,50.9162,5.6123,5.8379,2200724.8505,1593988.3824
000001.SZ,20030716,11.24,50.6011,5.5776,5.8018,2187104.0955,1584122.8487
000001.SZ,20030715,11.19,50.376,5.5528,5.776,2177374.9847,1577076.0388
000001.SZ,20030714,11.14,50.1509,5.528,5.7502,2167645.874,1570029.229
000001.SZ,20030711,11.31,50.9162,5.6123,5.8379,2200724.8505,1593988.3824
000001.SZ,20030710,11.39,51.2763,5.652,5.8792,2216291.4277,1605263.2781
000001.SZ,20030709,11.16,50.2409,5.5379,5.7605,2171537.5183,1572847.9529
000001.SZ,20030708,11.3,50.8712,5.6074,5.8327,2198779.0284,1592579.0205
000001.SZ,20030707,11.16,50.2409,5.5379,5.7605,2171537.5183,1572847.9529
000001.SZ,20030704,11.2,50.421,5.5577,5.7811,2179320.8069,1578485.4008
000001.SZ,20030703,11.31,50.9162,5.6123,5.8379,2200724.8505,1593988.3824
000001.SZ,20030702,11.3,50.8712,5.6074,5.8327,2198779.0284,1592579.0205
000001.SZ,20030701,11.08,49.8808,5.4982,5.7192,2155970.9411,1561573.0572
000001.SZ,20030630,11.09,49.9258,5.5032,5.7243,2157916.7632,1562982.4192
000001.SZ,20030627,11.11,50.0158,5.5131,5.7347,2161808.4075,1565801.1431
000001.SZ,20030626,11.37,51.1863,5.6421,5.8689,2212399.7834,1602444.5542
000001.SZ,20030625,11.34,51.0513,5.6272,5.8534,2206562.317,1598216.4683
000001.SZ,20030624,11.5,51.7716,5.7066,5.936,2237695.4714,1620766.2598
000001.SZ,20030623,11.41,51.3664,5.662,5.8895,2220183.072,1608082.0021
000001.SZ,20030620,11.46,51.5915,5.6868,5.9153,2229912.1828,1615128.8119
000001.SZ,20030619,11.61,52.2668,5.7612,5.9928,2259099.515,1636269.2414
000001.SZ,20030618,11.86,53.3922,5.8853,6.1218,2307745.0687,1671503.2905
000001.SZ,20030617,11.85,53.3472,5.8803,6.1166,2305799.2466,1670093.9285
000001.SZ,20030616,11.99,53.9775,5.9498,6.1889,2333040.7567,1689824.996
000001.SZ,20030613,12.14,54.6527,6.0242,6.2663,2362228.0889,1710965.4255
000001.SZ,20030612,11.98,53.9324,5.9448,6.1837,2331094.9345,1688415.6341
000001.SZ,20030611,12.12,54.5627,6.0143,6.256,2358336.4446,1708146.7016
000001.SZ,20030610,11.92,53.6623,5.915,6.1528,2319420.0016,1679959.4623
000001.SZ,20030609,11.87,53.4372,5.8902,6.127,2309690.8909,1672912.6525
000001.SZ,20030606,12.04,54.2026,5.9746,6.2147,2342769.8674,1696871.8059
000001.SZ,20030605,12.3,55.373,6.1036,6.3489,2393361.2433,1733515.217
000001.SZ,20030604,12.48,56.1834,6.1929,6.4418,2428386.042,1758883.7323
000001.SZ,20030603,12.28,55.283,6.0937,6.3386,2389469.599,1730696.493
000001.SZ,20030602,12.43,55.9583,6.1681,6.416,2418656.9312,1751836.9225
000001.SZ,20030530,12.55,56.4985,6.2277,6.478,2442006.797,1768749.2661
000001.SZ,20030529,12.64,56.9037,6.2723,6.5244,2459519.1963,1781433.5238
000001.SZ,20030528,12.61,56.7686,6.2574,6.5089,2453681.7299,1777205.4379
000001.SZ,20030527,12.72,57.2638,6.312,6.5657,2475085.7735,1792708.4195
000001.SZ,20030526,12.73,57.3089,6.317,6.5709,2477031.5957,1794117.7814
000001.SZ,20030523,12.59,56.6786,6.2475,6.4986,2449790.0856,1774386.7139
000001.SZ,20030522,12.53,56.4085,6.2177,6.4676,2438115.1527,1765930.5421
000001.SZ,20030521,12.39,55.7782,6.1483,6.3954,2410873.6426,1746199.4746
000001.SZ,20030520,12.53,56.4085,6.2177,6.4676,2438115.1527,1765930.5421
000001.SZ,20030519,12.8,57.624,6.3517,6.607,2490652.3507,1803983.3152
000001.SZ,20030516,12.6,56.7236,6.2525,6.5038,2451735.9077,1775796.0759
000001.SZ,20030515,12.25,55.148,6.0788,6.3231,2383632.1325,1726468.4071
000001.SZ,20030514,12.07,54.3376,5.9895,6.2302,2348607.3338,1701099.8918
000001.SZ,20030513,11.96,53.8424,5.9349,6.1734,2327203.2902,1685596.9101
000001.SZ,20030512,12.59,56.6786,6.2475,6.4986,2449790.0856,1774386.7139
000001.SZ,20030430,12.43,55.9583,6.1681,6.416,2418656.9312,1751836.9225
000001.SZ,20030429,12.34,55.5531,6.1234,6.3696,2401144.5319,1739152.6648
000001.SZ,20030428,12.71,57.2188,6.307,6.5605,2473139.9514,1791299.0575
000001.SZ,20030425,11.89,53.5273,5.9001,6.1373,2313582.5352,1675731.3764
000001.SZ,20030424,11.96,53.8424,5.9349,6.1734,2327203.2902,1685596.9101
000001.SZ,20030423,12.58,60.8371,6.0319,9.424,2447844.2634,1772977.352
000001.SZ,20030422,12.9,62.3846,6.1853,9.6637,2510110.5722,1818076.9349
000001.SZ,20030421,12.67,61.2723,6.075,9.4914,2465356.6628,1785661.6097
000001.SZ,20030418,12.89,62.3363,6.1805,9.6562,2508164.7501,1816667.5729
000001.SZ,20030417,13.46,65.0928,6.4538,10.0832,2619076.6126,1897001.2049
000001.SZ,20030416,13.77,66.592,6.6024,10.3154,2679397.0992,1940691.4258
000001.SZ,20030415,12.52,60.5469,6.0031,9.379,2436169.3305,1764521.1802
000001.SZ,20030414,12.54,60.6437,6.0127,9.394,2440060.9748,1767339.9041
000001.SZ,20030411,12.34,59.6765,5.9168,9.2442,2401144.5319,1739152.6648
000001.SZ,20030410,12.27,59.3379,5.8832,9.1917,2387523.7768,1729287.1311
000001.SZ,20030409,12.39,59.9183,5.9408,9.2816,2410873.6426,1746199.4746
000001.SZ,20030408,12.01,58.0806,5.7586,8.997,2336932.4009,1692643.72
000001.SZ,20030407,12.04,58.2257,5.7729,9.0194,2342769.8674,1696871.8059
000001.SZ,20030404,12.12,58.6125,5.8113,9.0794,2358336.4446,1708146.7016
000001.SZ,20030403,11.84,57.2584,5.677,8.8696,2303853.4244,1668684.5666
000001.SZ,20030402,12.0,58.0322,5.7538,8.9895,2334986.5788,1691234.358
000001.SZ,20030401,11.8,57.065,5.6579,8.8397,2296070.1358,1663047.1187
000001.SZ,20030331,11.79,57.0166,5.6531,8.8322,2294124.3137,1661637.7567
000001.SZ,20030328,11.59,56.0494,5.5572,8.6823,2255207.8707,1633450.5174
000001.SZ,20030327,11.61,56.1462,5.5668,8.6973,2259099.515,1636269.2414
000001.SZ,20030326,11.05,53.438,5.2983,8.2778,2150133.4746,1557344.9713
000001.SZ,20030325,10.98,53.0995,5.2647,8.2254,2136512.7196,1547479.4376
000001.SZ,20030324,11.22,54.2601,5.3798,8.4052,2183212.4512,1581304.1247
000001.SZ,20030321,11.21,54.2118,5.375,8.3977,2181266.629,1579894.7628
000001.SZ,20030320,10.94,52.906,5.2455,8.1954,2128729.431,1541841.9897
000001.SZ,20030319,11.0,53.1962,5.2743,8.2404,2140404.3639,1550298.1615
000001.SZ,20030318,10.8,52.229,5.1784,8.0905,2101487.9209,1522110.9222
000001.SZ,20030317,10.87,52.5675,5.2119,8.143,2115108.676,1531976.456
000001.SZ,20030314,10.88,52.6159,5.2167,8.1505,2117054.4981,1533385.8179
000001.SZ,20030313,10.8,52.229,5.1784,8.0905,2101487.9209,1522110.9222
000001.SZ,20030312,10.85,52.4708,5.2024,8.128,2111217.0317,1529157.732
000001.SZ,20030311,10.82,52.3257,5.188,8.1055,2105379.5652,1524929.6461
000001.SZ,20030310,10.79,52.1806,5.1736,8.083,2099542.0988,1520701.5602
000001.SZ,20030307,11.05,53.438,5.2983,8.2778,2150133.4746,1557344.9713
000001.SZ,20030306,11.08,53.5831,5.3126,8.3003,2155970.9411,1561573.0572
000001.SZ,20030305,11.31,54.6954,5.4229,8.4726,2200724.8505,1593988.3824
000001.SZ,20030304,11.41,55.179,5.4709,8.5475,2220183.072,1608082.0021
000001.SZ,20030303,11.34,54.8404,5.4373,8.4951,2206562.317,1598216.4683
000001.SZ,20030228,11.27,54.5019,5.4037,8.4426,2192941.5619,1588350.9346
000001.SZ,20030225,11.07,53.5347,5.3078,8.2928,2154025.1189,1560163.6953
000001.SZ,20030224,10.85,52.4708,5.2024,8.128,2111217.0317,1529157.732
000001.SZ,20030221,10.92,52.8093,5.2359,8.1804,2124837.7867,1539023.2658
000001.SZ,20030220,11.27,54.5019,5.4037,8.4426,2192941.5619,1588350.9346
000001.SZ,20030219,11.31,54.6954,5.4229,8.4726,2200724.8505,1593988.3824
000001.SZ,20030218,11.18,54.0667,5.3606,8.3752,2175429.1626,1575666.6769
000001.SZ,20030217,11.21,54.2118,5.375,8.3977,2181266.629,1579894.7628
000001.SZ,20030214,11.33,54.7921,5.4325,8.4876,2204616.4948,1596807.1063
000001.SZ,20030213,11.24,54.3568,5.3894,8.4202,2187104.0955,1584122.8487
000001.SZ,20030212,11.42,55.2273,5.4757,8.555,2222128.8942,1609491.364
000001.SZ,20030211,11.38,55.0339,5.4565,8.525,2214345.6056,1603853.9162
000001.SZ,20030210,11.31,54.6954,5.4229,8.4726,2200724.8505,1593988.3824
000001.SZ,20030129,11.63,56.2429,5.5764,8.7123,2262991.1593,1639087.9653
000001.SZ,20030128,11.59,56.0494,5.5572,8.6823,2255207.8707,1633450.5174
000001.SZ,20030127,11.57,55.9527,5.5476,8.6674,2251316.2264,1630631.7935
000001.SZ,20030124,11.37,54.9855,5.4517,8.5175,2212399.7834,1602444.5542
000001.SZ,20030123,11.17,54.0183,5.3558,8.3677,2173483.3404,1574257.3149
000001.SZ,20030122,11.19,54.115,5.3654,8.3827,2177374.9847,1577076.0388
000001.SZ,20030121,11.21,54.2118,5.375,8.3977,2181266.629,1579894.7628
000001.SZ,20030120,11.55,55.856,5.538,8.6524,2247424.5821,1627813.0696
000001.SZ,20030117,11.39,55.0822,5.4613,8.5325,2216291.4277,1605263.2781
000001.SZ,20030116,11.37,54.9855,5.4517,8.5175,2212399.7834,1602444.5542
000001.SZ,20030115,11.2,54.1634,5.3702,8.3902,2179320.8069,1578485.4008
000001.SZ,20030114,11.44,55.324,5.4852,8.57,2226020.5385,1612310.088
000001.SZ,20030113,10.4,50.2946,4.9866,7.7909,2023655.035,1465736.4436
000001.SZ,20030110,10.53,50.9233,5.0489,7.8883,2048950.7229,1484058.1491
000001.SZ,20030109,10.69,51.697,5.1256,8.0081,2080083.8773,1506607.9406
000001.SZ,20030108,10.53,50.9233,5.0489,7.8883,2048950.7229,1484058.1491
000001.SZ,20030107,10.04,48.5536,4.814,7.5212,1953605.4376,1414999.4129
000001.SZ,20030106,10.06,48.6503,4.8236,7.5362,1957497.0819,1417818.1368
000001.SZ,20030103,10.02,48.4569,4.8044,7.5062,1949713.7933,1412180.6889
000001.SZ,20030102,10.03,48.5053,4.8092,7.5137,1951659.6154,1413590.0509
000001.SZ,20021231,10.49,50.7298,5.0297,7.8583,2041167.4343,1478420.7013
000001.SZ,20021230,10.52,50.8749,5.0441,7.8808,2047004.9007,1482648.7872
000001.SZ,20021227,10.52,50.8749,5.0441,7.8808,2047004.9007,1482648.7872
000001.SZ,20021226,10.63,51.4069,5.0969,7.9632,2068408.9444,1498151.7688
000001.SZ,20021225,11.11,53.7282,5.327,8.3228,2161808.4075,1565801.1431
000001.SZ,20021224,11.19,54.115,5.3654,8.3827,2177374.9847,1577076.0388
000001.SZ,20021223,11.31,54.6954,5.4229,8.4726,2200724.8505,1593988.3824
000001.SZ,20021220,11.32,54.7437,5.4277,8.4801,2202670.6727,1595397.7444
000001.SZ,20021219,11.16,53.97,5.351,8.3602,2171537.5183,1572847.9529
000001.SZ,20021218,11.17,54.0183,5.3558,8.3677,2173483.3404,1574257.3149
000001.SZ,20021217,11.21,54.2118,5.375,8.3977,2181266.629,1579894.7628
000001.SZ,20021216,11.13,53.8249,5.3366,8.3377,2165700.0518,1568619.867
000001.SZ,20021213,11.11,53.7282,5.327,8.3228,2161808.4075,1565801.1431
000001.SZ,20021212,11.06,53.4864,5.303,8.2853,2152079.2968,1558754.3333
000001.SZ,20021211,11.16,53.97,5.351,8.3602,2171537.5183,1572847.9529
000001.SZ,20021210,11.43,55.2757,5.4805,8.5625,2224074.7163,1610900.726
000001.SZ,20021209,11.57,55.9527,5.5476,8.6674,2251316.2264,1630631.7935
000001.SZ,20021206,11.64,56.2912,5.5811,8.7198,2264936.9814,1640497.3273
000001.SZ,20021205,11.64,56.2912,5.5811,8.7198,2264936.9814,1640497.3273
000001.SZ,20021204,11.79,57.0166,5.6531,8.8322,2294124.3137,1661637.7567
000001.SZ,20021203,11.76,56.8716,5.6387,8.8097,2288286.8472,1657409.6708
000001.SZ,20021202,11.62,56.1945,5.5716,8.7048,2261045.3371,1637678.6033
000001.SZ,20021129,12.1,58.5158,5.8017,9.0644,2354444.8003,1705327.9777
000001.SZ,20021128,11.99,57.9839,5.749,8.982,2333040.7567,1689824.996
000001.SZ,20021127,11.7,56.5814,5.6099,8.7647,2276611.9143,1648953.4991
000001.SZ,20021126,11.6,56.0978,5.562,8.6898,2257153.6928,1634859.8794
000001.SZ,20021125,11.83,57.2101,5.6722,8.8621,2301907.6023,1667275.2046
000001.SZ,20021122,11.8,57.065,5.6579,8.8397,2296070.1358,1663047.1187
000001.SZ,20021121,11.81,57.1134,5.6627,8.8472,2298015.958,1664456.4807
000001.SZ,20021120,12.15,58.7576,5.8257,9.1019,2364173.911,1712374.7875
000001.SZ,20021119,12.29,59.4347,5.8928,9.2067,2391415.4211,1732105.855
000001.SZ,20021118,12.22,59.0961,5.8592,9.1543,2377794.6661,1722240.3212
000001.SZ,20021115,12.68,61.3207,6.0798,9.4989,2467302.4849,1787070.9716
000001.SZ,20021114,12.7,61.4174,6.0894,9.5139,2471194.1292,1789889.6956
000001.SZ,20021113,13.0,62.8682,6.2332,9.7386,2529568.7937,1832170.5545
000001.SZ,20021112,12.94,62.5781,6.2045,9.6937,2517893.8608,1823714.3827
000001.SZ,20021111,13.0,62.8682,6.2332,9.7386,2529568.7937,1832170.5545
000001.SZ,20021108,13.28,64.2223,6.3675,9.9484,2584051.8139,1871632.6895
000001.SZ,20021107,13.7,66.2534,6.5689,10.263,2665776.3441,1930825.8921
000001.SZ,20021106,13.51,65.3346,6.4778,10.1207,2628805.7233,1904048.0147
000001.SZ,20021105,13.58,65.6731,6.5113,10.1731,2642426.4783,1913913.5485
000001.SZ,20021104,13.36,64.6092,6.4059,10.0083,2599618.3911,1882907.5852
000001.SZ,20021101,12.91,62.433,6.1901,9.6712,2512056.3944,1819486.2968
000001.SZ,20021031,12.95,62.6264,6.2093,9.7012,2519839.683,1825123.7447
000001.SZ,20021030,13.02,62.965,6.2428,9.7536,2533460.438,1834989.2784
000001.SZ,20021029,13.01,62.9166,6.238,9.7461,2531514.6158,1833579.9165
000001.SZ,20021028,12.87,62.2395,6.1709,9.6412,2504273.1058,1813848.849
000001.SZ,20021025,13.04,63.0617,6.2524,9.7686,2537352.0823,1837808.0024
000001.SZ,20021024,13.22,63.9322,6.5258,9.9034,2572376.881,1863176.5177
000001.SZ,20021023,13.41,64.851,6.6196,10.0457,2609347.5018,1889954.3951
000001.SZ,20021022,13.54,65.4797,6.6838,10.1431,2634643.1897,1908276.1006
000001.SZ,20021021,13.47,65.1412,6.6492,10.0907,2621022.4347,1898410.5669
000001.SZ,20021018,13.3,64.319,6.5653,9.9633,2587943.4582,1874451.4135
000001.SZ,20021017,12.79,61.8527,6.3135,9.5813,2488706.5286,1802573.9532
000001.SZ,20021015,12.96,62.6748,6.3975,9.7086,2521785.5051,1826533.1066
000001.SZ,20021014,12.9,62.3846,6.3678,9.6637,2510110.5722,1818076.9349
000001.SZ,20021011,12.9,62.3846,6.3678,9.6637,2510110.5722,1818076.9349
000001.SZ,20021010,13.09,63.3035,6.4616,9.806,2547081.193,1844854.8122
000001.SZ,20021009,13.3,64.319,6.5653,9.9633,2587943.4582,1874451.4135
000001.SZ,20021008,13.46,65.0928,6.6443,10.0832,2619076.6126,1897001.2049
000001.SZ,20020927,13.77,66.592,6.7973,10.3154,2679397.0992,1940691.4258
000001.SZ,20020926,14.28,69.0583,7.0491,10.6975,2778634.0288,2012568.886
000001.SZ,20020925,14.24,68.8649,7.0293,10.6675,2770850.7402,2006931.4382
000001.SZ,20020924,14.04,67.8977,6.9306,10.5177,2731934.2972,1978744.1989
000001.SZ,20020923,14.22,68.7682,7.0194,10.6525,2766959.0959,2004112.7142
000001.SZ,20020920,14.2,68.6715,7.0096,10.6376,2763067.4516,2001293.9903
000001.SZ,20020919,14.38,69.5419,7.0984,10.7724,2798092.2503,2026662.5057
000001.SZ,20020918,14.0,67.7042,6.9108,10.4877,2724151.0086,1973106.751
000001.SZ,20020917,14.26,68.9616,7.0392,10.6825,2774742.3845,2009750.1621
000001.SZ,20020916,14.21,68.7198,7.0145,10.645,2765013.2737,2002703.3523
000001.SZ,20020913,15.04,72.7337,7.4242,11.2668,2926516.5121,2119680.3954
000001.SZ,20020912,14.98,72.4435,7.3946,11.2219,2914841.5792,2111224.2236
000001.SZ,20020911,14.93,72.2017,7.3699,11.1844,2905112.4685,2104177.4137
000001.SZ,20020910,14.91,72.105,7.36,11.1694,2901220.8242,2101358.6898
000001.SZ,20020909,14.88,71.9599,7.3452,11.147,2895383.3577,2097130.6039
000001.SZ,20020906,15.05,72.7821,7.4291,11.2743,2928462.3342,2121089.7573
000001.SZ,20020905,15.21,73.5558,7.5081,11.3942,2959595.4886,2143639.5488
000001.SZ,20020904,15.59,75.3935,7.6957,11.6788,3033536.7303,2197195.3034
000001.SZ,20020902,15.58,75.3452,7.6908,11.6713,3031590.9081,2195785.9415
000001.SZ,20020830,15.4,74.4747,7.6019,11.5365,2996566.1095,2170417.4261
000001.SZ,20020829,15.41,74.523,7.6069,11.544,2998511.9316,2171826.7881
000001.SZ,20020828,15.5,74.9583,7.6513,11.6114,3016024.331,2184511.0458
000001.SZ,20020827,15.27,73.846,7.5377,11.4391,2971270.4215,2152095.7206
000001.SZ,20020826,15.3,73.9911,7.5526,11.4616,2977107.888,2156323.8065
000001.SZ,20020823,15.53,75.1034,7.6661,11.6339,3021861.7974,2188739.1316
000001.SZ,20020822,15.49,74.9099,7.6463,11.6039,3014078.5088,2183101.6838
000001.SZ,20020821,15.5,74.9583,7.6513,11.6114,3016024.331,2184511.0458
000001.SZ,20020820,15.68,75.8288,7.7401,11.7463,3051049.1296,2209879.5611
000001.SZ,20020819,15.03,72.6853,7.4193,11.2593,2924570.6899,2118271.0334
000001.SZ,20020816,14.76,71.3796,7.286,11.0571,2872033.4919,2080218.2603
000001.SZ,20020815,14.84,71.7665,7.3255,11.117,2887600.0691,2091493.1561
000001.SZ,20020814,14.85,71.8149,7.3304,11.1245,2889545.8913,2092902.518
000001.SZ,20020813,14.67,70.9444,7.4884,10.9896,2854521.0926,2067534.0027
000001.SZ,20020812,14.66,70.896,7.4833,10.9822,2852575.2704,2066124.6407
000001.SZ,20020809,14.85,71.8149,7.5803,11.1245,2889545.8913,2092902.518
000001.SZ,20020808,14.92,72.1534,7.616,11.1769,2903166.6463,2102768.0518
000001.SZ,20020807,14.98,72.4435,7.6467,11.2219,2914841.5792,2111224.2236
000001.SZ,20020806,14.99,72.4919,7.6518,11.2294,2916787.4014,2112633.5855
000001.SZ,20020805,14.85,71.8149,7.5803,11.1245,2889545.8913,2092902.518
000001.SZ,20020802,15.18,73.4107,7.7487,11.3717,2953758.0222,2139411.4629
000001.SZ,20020801,15.18,73.4107,7.7487,11.3717,2953758.0222,2139411.4629
000001.SZ,20020731,15.01,72.5886,7.662,11.2443,2920679.0456,2115452.3095
000001.SZ,20020729,15.0,72.5403,7.6569,11.2369,2918733.2235,2114042.9475
000001.SZ,20020726,14.79,71.5247,7.5497,11.0795,2877870.9584,2084446.3462
000001.SZ,20020725,14.79,71.5247,7.5497,11.0795,2877870.9584,2084446.3462
000001.SZ,20020724,15.07,72.8788,7.6926,11.2893,2932353.9785,2123908.4813
000001.SZ,20020723,15.06,72.8304,7.6875,11.2818,2930408.1564,2122499.1193
000001.SZ,20020722,14.5,70.1223,7.4016,10.8623,2821442.1161,2043574.8493
000001.SZ,20020719,14.99,72.4919,7.6518,11.2294,2916787.4014,2112633.5855
000001.SZ,20020718,14.93,72.2017,7.6211,11.1844,2905112.4685,2104177.4137
000001.SZ,20020717,14.42,69.7354,7.3608,10.8024,2805875.5389,2032299.9535
000001.SZ,20020716,13.98,67.6075,7.1362,10.4727,2720259.3643,1970288.0271
000001.SZ,20020715,14.02,67.801,7.1566,10.5027,2728042.6529,1975925.4749
000001.SZ,20020712,14.22,68.7682,7.2587,10.6525,2766959.0959,2004112.7142
000001.SZ,20020711,14.3,69.1551,7.2995,10.7125,2782525.6731,2015387.61
000001.SZ,20020710,14.39,69.5903,7.3455,10.7799,2800038.0724,2028071.8676
000001.SZ,20020709,14.9,72.0567,7.6058,11.1619,2899275.002,2099949.3279
000001.SZ,20020708,14.88,71.9599,7.5956,11.147,2895383.3577,2097130.6039
000001.SZ,20020705,14.91,72.105,7.6109,11.1694,2901220.8242,2101358.6898
000001.SZ,20020704,14.79,71.5247,7.5497,11.0795,2877870.9584,2084446.3462
000001.SZ,20020703,15.15,73.2657,7.7334,11.3492,2947920.5557,2135183.377
000001.SZ,20020702,14.95,72.2985,7.6313,11.1994,2909004.1128,2106996.1377
000001.SZ,20020701,14.81,71.6214,7.5599,11.0945,2881762.6027,2087265.0702
000001.SZ,20020628,15.0,72.5403,7.6569,11.2369,2918733.2235,2114042.9475
000001.SZ,20020627,14.77,71.428,7.5395,11.0646,2873979.3141,2081627.6223
000001.SZ,20020626,14.44,69.8321,7.371,10.8173,2809767.1832,2035118.6775
000001.SZ,20020625,14.41,69.687,7.3557,10.7949,2803929.7167,2030890.5916
000001.SZ,20020624,13.1,63.3518,6.687,9.8135,2549027.0152,1846264.1742
000001.SZ,20020621,11.91,57.597,6.0796,8.9221,2317474.1795,1678550.1003
000001.SZ,20020620,11.21,54.2118,5.7222,8.3977,2181266.629,1579894.7628
000001.SZ,20020619,11.16,53.97,5.6967,8.3602,2171537.5183,1572847.9529
000001.SZ,20020618,11.36,54.9372,5.7988,8.51,2210453.9613,1601035.1922
000001.SZ,20020617,11.2,54.1634,5.7171,8.3902,2179320.8069,1578485.4008
000001.SZ,20020614,11.17,54.0183,5.7018,8.3677,2173483.3404,1574257.3149
000001.SZ,20020613,11.36,54.9372,5.7988,8.51,2210453.9613,1601035.1922
000001.SZ,20020612,11.57,55.9527,5.906,8.6674,2251316.2264,1630631.7935
000001.SZ,20020611,11.5,55.6142,5.8703,8.6149,2237695.4714,1620766.2598
000001.SZ,20020610,11.54,55.8076,5.8907,8.6449,2245478.7599,1626403.7076
000001.SZ,20020607,11.43,55.2757,5.8345,8.5625,2224074.7163,1610900.726
000001.SZ,20020606,11.39,55.0822,5.8141,8.5325,2216291.4277,1605263.2781
000001.SZ,20020605,11.05,53.438,5.6406,8.2778,2150133.4746,1557344.9713
000001.SZ,20020604,11.41,55.179,5.8243,8.5475,2220183.072,1608082.0021
000001.SZ,20020603,11.15,53.9216,5.6916,8.3527,2169591.6961,1571438.591
000001.SZ,20020531,11.16,53.97,5.6967,8.3602,2171537.5183,1572847.9529
000001.SZ,20020530,11.27,54.5019,5.7529,8.4426,2192941.5619,1588350.9346
000001.SZ,20020529,11.02,53.2929,5.6252,8.2553,2144296.0082,1553116.8854
000001.SZ,20020528,11.1,53.6798,5.6661,8.3153,2159862.5854,1564391.7812
000001.SZ,20020527,10.9,52.7126,5.564,8.1654,2120946.1424,1536204.5419
000001.SZ,20020524,10.94,52.906,5.5844,8.1954,2128729.431,1541841.9897
000001.SZ,20020523,11.19,54.115,5.712,8.3827,2177374.9847,1577076.0388
000001.SZ,20020521,11.44,55.324,5.8396,8.57,2226020.5385,1612310.088
000001.SZ,20020520,11.16,53.97,5.6967,8.3602,2171537.5183,1572847.9529
000001.SZ,20020517,11.3,54.647,5.7682,8.4651,2198779.0284,1592579.0205
000001.SZ,20020516,11.21,54.2118,5.7222,8.3977,2181266.629,1579894.7628
000001.SZ,20020515,11.09,53.6314,5.661,8.3078,2157916.7632,1562982.4192
000001.SZ,20020514,11.23,54.3085,5.7324,8.4127,2185158.2733,1582713.4867
000001.SZ,20020513,11.33,54.7921,5.7835,8.4876,2204616.4948,1596807.1063
000001.SZ,20020510,11.52,55.7109,5.8805,8.6299,2241587.1156,1623584.9837
000001.SZ,20020509,11.8,57.065,6.0234,8.8397,2296070.1358,1663047.1187
000001.SZ,20020508,11.5,55.6142,5.8703,8.6149,2237695.4714,1620766.2598
000001.SZ,20020430,11.5,55.6142,5.8703,8.6149,2237695.4714,1620766.2598
000001.SZ,20020429,10.96,53.0028,5.5946,8.2104,2132621.0753,1544660.7136
000001.SZ,20020426,10.8,52.229,5.5129,8.0905,2101487.9209,1522110.9222
000001.SZ,20020425,10.71,51.7937,5.467,8.0231,2083975.5216,1509426.6645
000001.SZ,20020424,10.49,50.7298,5.3547,7.8583,2041167.4343,1478420.7013
000001.SZ,20020423,10.52,50.8749,5.37,7.8808,2047004.9007,1482648.7872
000001.SZ,20020422,10.48,50.6815,5.6213,7.8508,2039221.6122,1477011.3393
000001.SZ,20020419,10.48,50.6815,5.6213,7.8508,2039221.6122,1477011.3393
000001.SZ,20020417,10.75,41.2941,4.2157,11.5382,2091758.8102,1515064.1124
000001.SZ,20020416,10.78,41.4093,4.2275,11.5704,2097596.2766,1519292.1983
000001.SZ,20020415,10.89,41.8319,4.2706,11.6885,2119000.3203,1534795.1799
000001.SZ,20020412,11.11,42.6769,4.3569,11.9246,2161808.4075,1565801.1431
000001.SZ,20020411,11.02,42.3312,4.3216,11.828,2144296.0082,1553116.8854
000001.SZ,20020410,11.12,42.7154,4.3608,11.9354,2163754.2297,1567210.5051
000001.SZ,20020409,11.15,42.8306,4.3726,11.9676,2169591.6961,1571438.591
000001.SZ,20020408,11.27,43.2916,4.4196,12.0964,2192941.5619,1588350.9346
000001.SZ,20020405,11.15,42.8306,4.3726,11.9676,2169591.6961,1571438.591
000001.SZ,20020404,11.11,42.6769,4.3569,11.9246,2161808.4075,1565801.1431
000001.SZ,20020403,10.78,41.4093,4.2275,11.5704,2097596.2766,1519292.1983
000001.SZ,20020402,10.69,41.0636,4.1922,11.4738,2080083.8773,1506607.9406
000001.SZ,20020401,10.98,42.1776,4.3059,11.7851,2136512.7196,1547479.4376
000001.SZ,20020329,11.03,42.3696,4.3255,11.8388,2146241.8303,1554526.2474
000001.SZ,20020328,11.3,43.4068,4.4314,12.1286,2198779.0284,1592579.0205
000001.SZ,20020327,11.28,43.33,4.4235,12.1071,2194887.3841,1589760.2965
000001.SZ,20020326,11.3,43.4068,4.4314,12.1286,2198779.0284,1592579.0205
000001.SZ,20020325,11.52,44.2519,4.5177,12.3647,2241587.1156,1623584.9837
000001.SZ,20020322,11.48,44.0982,4.502,12.3218,2233803.8271,1617947.5358
000001.SZ,20020321,11.78,45.2506,4.6196,12.6438,2292178.4915,1660228.3948
000001.SZ,20020320,11.89,45.6732,4.6628,12.7618,2313582.5352,1675731.3764
000001.SZ,20020319,11.94,45.8652,4.6824,12.8155,2323311.6459,1682778.1862
000001.SZ,20020318,11.89,45.6732,4.6628,12.7618,2313582.5352,1675731.3764
000001.SZ,20020315,11.36,43.6373,4.4549,12.193,2210453.9613,1601035.1922
000001.SZ,20020314,11.65,44.7513,4.5686,12.5042,2266882.8036,1641906.6892
000001.SZ,20020313,11.53,44.2903,4.5216,12.3754,2243532.9378,1624994.3456
000001.SZ,20020312,11.26,43.2531,4.4157,12.0856,2190995.7398,1586941.5726
000001.SZ,20020311,11.53,44.2903,4.5216,12.3754,2243532.9378,1624994.3456
000001.SZ,20020308,11.41,43.8293,4.4745,12.2466,2220183.072,1608082.0021
000001.SZ,20020307,11.41,43.8293,4.4745,12.2466,2220183.072,1608082.0021
000001.SZ,20020306,10.8,41.4861,4.2353,11.5919,2101487.9209,1522110.9222
000001.SZ,20020305,10.6,40.7179,4.1569,11.3772,2062571.4779,1493923.6829
000001.SZ,20020304,10.36,39.796,4.0628,11.1196,2015871.7464,1460098.9957
000001.SZ,20020301,10.19,39.1429,3.9961,10.9372,1982792.7698,1436139.8423
000001.SZ,20020228,10.15,38.9893,3.9804,10.8942,1975009.4812,1430502.3945
000001.SZ,20020227,10.31,39.6039,4.0432,11.066,2006142.6356,1453052.1859
000001.SZ,20020226,10.2,39.1814,4.0,10.9479,1984738.592,1437549.2043
000001.SZ,20020225,10.46,40.1801,4.102,11.227,2035329.9679,1474192.6154
000001.SZ,20020208,10.66,40.9484,4.1804,11.4416,2074246.4108,1502379.8547
000001.SZ,20020207,10.7,41.102,4.1961,11.4846,2082029.6994,1508017.3026
000001.SZ,20020206,10.39,39.9112,4.0745,11.1518,2021709.2128,1464327.0816
000001.SZ,20020205,10.79,41.4477,4.2314,11.5812,2099542.0988,1520701.5602
000001.SZ,20020204,10.57,40.6026,4.1451,11.345,2056734.0115,1489695.597
000001.SZ,20020201,10.38,39.8728,4.0706,11.1411,2019763.3907,1462917.7197
000001.SZ,20020131,10.53,40.449,4.1294,11.3021,2048950.7229,1484058.1491
000001.SZ,20020130,9.87,37.9137,3.8706,10.5937,1920526.4611,1391040.2595
000001.SZ,20020129,9.79,37.6064,3.8392,10.5078,1904959.8839,1379765.3637
000001.SZ,20020128,9.63,36.9918,3.7765,10.3361,1873826.7295,1357215.5723
000001.SZ,20020125,10.21,39.2198,4.0039,10.9586,1986684.4141,1438958.5663
000001.SZ,20020124,10.36,39.796,4.0628,11.1196,2015871.7464,1460098.9957
000001.SZ,20020123,10.34,39.7191,4.0549,11.0982,2011980.1021,1457280.2718
000001.SZ,20020122,9.6,36.8766,3.7647,10.3039,1867989.263,1352987.4864
000001.SZ,20020121,9.6,36.8766,3.7647,10.3039,1867989.263,1352987.4864
000001.SZ,20020118,10.19,39.1429,3.9961,10.9372,1982792.7698,1436139.8423
000001.SZ,20020117,10.31,39.6039,4.0432,11.066,2006142.6356,1453052.1859
000001.SZ,20020116,11.0,42.2544,4.3137,11.8066,2140404.3639,1550298.1615
000001.SZ,20020115,10.86,41.7166,4.2588,11.6563,2113162.8538,1530567.094
000001.SZ,20020114,11.02,42.3312,4.3216,11.828,2144296.0082,1553116.8854
000001.SZ,20020111,11.52,44.2519,4.5177,12.3647,2241587.1156,1623584.9837
000001.SZ,20020110,11.81,45.3659,4.6314,12.676,2298015.958,1664456.4807
000001.SZ,20020109,11.89,45.6732,4.6628,12.7618,2313582.5352,1675731.3764
000001.SZ,20020108,12.02,46.1725,4.7137,12.9014,2338878.2231,1694053.0819
000001.SZ,20020107,12.04,46.2494,4.7216,12.9228,2342769.8674,1696871.8059
000001.SZ,20020104,12.11,46.5183,4.749,12.998,2356390.6224,1706737.3396
000001.SZ,20011231,12.25,47.056,4.8039,13.1482,2383632.1325,1726468.4071
000001.SZ,20011228,12.16,46.7103,4.7686,13.0516,2366119.7332,1713784.1494
000001.SZ,20011227,12.1,46.4798,4.7451,12.9872,2354444.8003,1705327.9777
000001.SZ,20011226,12.3,47.2481,4.8236,13.2019,2393361.2433,1733515.217
000001.SZ,20011225,12.13,46.5951,4.7569,13.0194,2360282.2667,1709556.0635
000001.SZ,20011224,12.1,46.4798,4.7451,12.9872,2354444.8003,1705327.9777
000001.SZ,20011221,12.33,47.3633,4.8353,13.2341,2399198.7097,1737743.3028
000001.SZ,20011220,12.31,47.2865,4.8275,13.2126,2395307.0654,1734924.5789
000001.SZ,20011219,12.54,48.17,4.9177,13.4595,2440060.9748,1767339.9041
000001.SZ,20011218,12.7,48.7846,4.9804,13.6312,2471194.1292,1789889.6956
000001.SZ,20011217,12.6,48.4005,4.9412,13.5239,2451735.9077,1775796.0759
000001.SZ,20011214,12.71,48.823,4.9843,13.6419,2473139.9514,1791299.0575
000001.SZ,20011213,12.72,48.8615,4.9883,13.6527,2475085.7735,1792708.4195
000001.SZ,20011212,12.84,49.3224,5.0353,13.7815,2498435.6393,1809620.7631
000001.SZ,20011211,13.06,50.1675,5.1216,14.0176,2541243.7266,1840626.7263
000001.SZ,20011210,13.14,50.4748,5.153,14.1035,2556810.3038,1851901.622
000001.SZ,20011207,13.19,50.6669,5.1726,14.1571,2566539.4145,1858948.4318
000001.SZ,20011206,13.26,50.9358,5.2,14.2323,2580160.1696,1868813.9656
000001.SZ,20011205,13.24,50.8589,5.1922,14.2108,2576268.5253,1865995.2417
000001.SZ,20011204,13.59,52.2034,5.3294,14.5865,2644372.3005,1915322.9104
000001.SZ,20011203,13.5,51.8577,5.2941,14.4899,2626859.9012,1902638.6528
000001.SZ,20011130,13.42,51.5504,5.2628,14.404,2611293.324,1891363.757
000001.SZ,20011129,13.39,51.4351,5.251,14.3718,2605455.8575,1887135.6711
000001.SZ,20011128,13.5,51.8577,5.2941,14.4899,2626859.9012,1902638.6528
000001.SZ,20011127,13.43,51.5888,5.2667,14.4147,2613239.1461,1892773.119
000001.SZ,20011126,13.39,51.4351,5.251,14.3718,2605455.8575,1887135.6711
000001.SZ,20011123,13.54,52.0113,5.3098,14.5328,2634643.1897,1908276.1006
000001.SZ,20011122,13.7,52.6259,5.3726,14.7045,2665776.3441,1930825.8921
000001.SZ,20011121,13.69,52.5875,5.3687,14.6938,2663830.522,1929416.5301
000001.SZ,20011120,13.49,51.8193,5.2902,14.4791,2624914.079,1901229.2908
000001.SZ,20011119,13.26,50.9358,5.2,14.2323,2580160.1696,1868813.9656
000001.SZ,20011116,13.25,50.8973,5.1961,14.2215,2578214.3474,1867404.6036
000001.SZ,20011115,13.09,50.2827,5.1334,14.0498,2547081.193,1844854.8122
000001.SZ,20011114,13.19,50.6669,5.1726,14.1571,2566539.4145,1858948.4318
000001.SZ,20011113,13.29,51.051,5.2118,14.2645,2585997.636,1873042.0515
000001.SZ,20011112,13.27,50.9742,5.2039,14.243,2582105.9917,1870223.3276
000001.SZ,20011109,13.32,51.1662,5.2236,14.2967,2591835.1025,1877270.1374
000001.SZ,20011108,13.01,49.9754,5.102,13.9639,2531514.6158,1833579.9165
000001.SZ,20011107,12.82,49.2456,5.0275,13.76,2494543.995,1806802.0391
000001.SZ,20011106,13.39,51.4351,5.251,14.3718,2605455.8575,1887135.6711
000001.SZ,20011105,13.42,51.5504,5.2628,14.404,2611293.324,1891363.757
000001.SZ,20011102,13.6,52.2418,5.3334,14.5972,2646318.1226,1916732.2724
000001.SZ,20011101,13.78,52.9332,5.4039,14.7904,2681342.9213,1942100.7878
000001.SZ,20011031,13.81,53.0485,5.4157,14.8226,2687180.3878,1946328.8737
000001.SZ,20011030,13.62,52.3186,5.3412,14.6187,2650209.7669,1919550.9963
000001.SZ,20011029,13.89,53.3558,5.4471,14.9085,2702746.965,1957603.7694
000001.SZ,20011026,13.9,53.3942,5.451,14.9192,2704692.7871,1959013.1314
000001.SZ,20011025,13.78,52.9332,5.4039,14.7904,2681342.9213,1942100.7878
000001.SZ,20011024,14.11,54.2009,5.5334,15.1446,2745555.0522,1988609.7326
000001.SZ,20011023,14.09,54.124,5.5255,15.1231,2741663.4079,1985791.0087
000001.SZ,20011022,12.81,49.2072,5.0236,13.7493,2492598.1729,1805392.6772
000001.SZ,20011019,12.72,48.8615,4.9883,13.6527,2475085.7735,1792708.4195
000001.SZ,20011018,13.09,50.2827,5.1334,14.0498,2547081.193,1844854.8122
000001.SZ,20011017,13.03,50.0523,5.1098,13.9854,2535406.2601,1836398.6404
000001.SZ,20011016,12.81,49.2072,5.0236,13.7493,2492598.1729,1805392.6772
000001.SZ,20011015,12.96,49.7834,5.0824,13.9103,2521785.5051,1826533.1066
000001.SZ,20011012,12.62,48.4773,4.949,13.5453,2455627.552,1758123.4522
000001.SZ,20011011,12.08,46.403,4.7373,12.9658,2350553.156,1682894.7149
000001.SZ,20011010,12.36,47.4786,4.8471,13.2663,2405036.1762,1721902.2083
000001.SZ,20011009,12.85,49.3608,5.0392,13.7922,2500381.4615,1790165.3217
000001.SZ,20011008,12.56,48.2468,4.9255,13.4809,2443952.6191,1749764.7036
000001.SZ,20010928,12.75,48.9767,5.0,13.6849,2480923.24,1776234.0741
000001.SZ,20010927,12.49,47.978,4.8981,13.4058,2430331.8641,1740012.8302
000001.SZ,20010926,12.43,47.7475,4.8745,13.3414,2418656.9312,1731654.0817
000001.SZ,20010925,12.59,48.3621,4.9373,13.5131,2449790.0856,1753944.0779
000001.SZ,20010924,12.5,48.0164,4.902,13.4166,2432277.6863,1741405.955
000001.SZ,20010921,12.64,48.5542,4.9569,13.5668,2459519.1963,1760909.7017
000001.SZ,20010920,12.65,48.5926,4.9608,13.5775,2461465.0185,1762302.8265
000001.SZ,20010919,12.87,49.4377,5.0471,13.8137,2504273.1058,1792951.5713
000001.SZ,20010918,12.1,46.4798,4.7451,12.9872,2354444.8003,1685680.9644
000001.SZ,20010917,12.01,46.1341,4.7098,12.8906,2336932.4009,1673142.8416
000001.SZ,20010914,12.39,47.5938,4.8588,13.2985,2410873.6426,1726081.5826
000001.SZ,20010913,12.59,48.3621,4.9373,13.5131,2449790.0856,1753944.0779
000001.SZ,20010912,12.63,48.5157,4.953,13.5561,2457573.3742,1759516.5769
000001.SZ,20010911,12.89,49.5145,5.0549,13.8351,2508164.7501,1795737.8208
000001.SZ,20010910,13.0,49.937,5.0981,13.9532,2529568.7937,1811062.1932
000001.SZ,20010907,12.69,48.7462,4.9765,13.6205,2469248.3071,1767875.3255
000001.SZ,20010906,13.01,49.9754,5.102,13.9639,2531514.6158,1812455.318
000001.SZ,20010905,12.93,49.6681,5.0706,13.8781,2515948.0387,1801310.3199
000001.SZ,20010904,12.95,49.745,5.0785,13.8995,2519839.683,1804096.5694
000001.SZ,20010903,12.58,48.3237,4.9334,13.5024,2447844.2634,1752550.9531
000001.SZ,20010831,12.71,48.823,4.9843,13.6419,2473139.9514,1770661.575
000001.SZ,20010830,12.7,48.7846,4.9804,13.6312,2471194.1292,1769268.4503
000001.SZ,20010829,12.81,49.2072,5.0236,13.7493,2492598.1729,1784592.8227
000001.SZ,20010828,12.81,49.2072,5.0236,13.7493,2492598.1729,1784592.8227
000001.SZ,20010827,12.78,49.0919,5.0118,13.7171,2486760.7064,1780413.4484
000001.SZ,20010824,13.02,50.0138,5.1059,13.9747,2533460.438,1813848.4427
000001.SZ,20010823,13.11,50.3596,5.1412,14.0713,2550972.8373,1826386.5656
000001.SZ,20010822,13.15,50.5132,5.1569,14.1142,2558756.1259,1831959.0647
000001.SZ,20010821,13.32,51.1662,5.2236,14.2967,2591835.1025,1855642.1856
000001.SZ,20010820,13.22,50.7821,5.1843,14.1893,2572376.881,1841710.938
000001.SZ,20010817,13.21,50.7437,5.1804,14.1786,2570431.0588,1840317.8132
000001.SZ,20010816,13.09,50.2827,5.1334,14.0498,2547081.193,1823600.3161
000001.SZ,20010815,13.34,51.2431,5.2314,14.3181,2595726.7468,1858428.4352
000001.SZ,20010814,13.32,51.1662,5.2236,14.2967,2591835.1025,1855642.1856
000001.SZ,20010813,13.46,51.704,5.2785,14.4469,2619076.6126,1875145.9323
000001.SZ,20010810,13.44,51.6272,5.2706,14.4255,2615184.9683,1872359.6828
000001.SZ,20010809,13.09,50.2827,5.3749,14.0498,2547081.193,1823600.3161
000001.SZ,20010808,12.99,49.8986,5.3338,13.9425,2527622.9716,1809669.0684
000001.SZ,20010807,13.16,50.5516,5.4036,14.1249,2560701.9481,1833352.1894
000001.SZ,20010806,13.05,50.1291,5.3584,14.0069,2539297.9044,1818027.817
000001.SZ,20010803,13.81,53.0485,5.6705,14.8226,2687180.3878,1923905.2991
000001.SZ,20010802,13.95,53.5863,5.728,14.9729,2714421.8979,1943409.0458
000001.SZ,20010801,14.21,54.585,5.8347,15.2519,2765013.2737,1979630.2896
000001.SZ,20010731,13.83,53.1253,5.6787,14.8441,2691072.0321,1926691.5486
000001.SZ,20010730,14.0,53.7783,5.7485,15.0265,2724151.0086,1950374.6696
000001.SZ,20010727,14.99,57.5812,6.155,16.0891,2916787.4014,2088294.0212
000001.SZ,20010726,14.77,56.7361,6.0647,15.853,2873979.3141,2057645.2764
000001.SZ,20010725,14.79,56.813,6.0729,15.8745,2877870.9584,2060431.526
000001.SZ,20010724,14.99,57.5812,6.155,16.0891,2916787.4014,2088294.0212
000001.SZ,20010723,15.11,58.0422,6.2043,16.2179,2940137.2671,2105011.5184
000001.SZ,20010720,15.2,58.3879,6.2412,16.3145,2957649.6665,2117549.6413
000001.SZ,20010719,15.12,58.0806,6.2084,16.2287,2942083.0893,2106404.6432
000001.SZ,20010718,15.16,58.2343,6.2248,16.2716,2949866.3779,2111977.1422
000001.SZ,20010717,14.8,56.8514,6.077,15.8852,2879816.7805,2061824.6507
000001.SZ,20010716,14.95,57.4276,6.1386,16.0462,2909004.1128,2082721.5222
000001.SZ,20010713,15.11,58.0422,6.2043,16.2179,2940137.2671,2105011.5184
000001.SZ,20010712,15.17,58.2727,6.2289,16.2823,2951812.2,2113370.267
000001.SZ,20010711,15.27,58.6568,6.27,16.3897,2971270.4215,2127301.5146
000001.SZ,20010710,15.45,59.3482,6.3439,16.5829,3006295.2202,2152377.7604
000001.SZ,20010709,15.38,59.0793,6.3151,16.5077,2992674.4652,2142625.887
000001.SZ,20010706,15.5,59.5403,6.3644,16.6365,3016024.331,2159343.3842
000001.SZ,20010705,15.66,60.1549,6.4301,16.8083,3047157.4853,2181633.3804
000001.SZ,20010704,15.59,59.886,6.4014,16.7331,3033536.7303,2171881.5071
000001.SZ,20010703,15.38,59.0793,6.3151,16.5077,2992674.4652,2142625.887
000001.SZ,20010702,15.35,58.9641,6.3028,16.4755,2986836.9987,2138446.5127
000001.SZ,20010628,15.31,58.8104,6.2864,16.4326,2979053.7101,2132874.0137
000001.SZ,20010627,15.45,59.3482,6.3439,16.5829,3006295.2202,2152377.7604
000001.SZ,20010626,15.52,59.6171,6.3726,16.658,3019915.9752,2162129.6337
000001.SZ,20010625,15.7,60.3086,6.4465,16.8512,3054940.7739,2187205.8795
000001.SZ,20010622,15.58,59.8476,6.3973,16.7224,3031590.9081,2170488.3823
000001.SZ,20010621,15.34,58.9257,6.2987,16.4648,2984891.1766,2137053.388
000001.SZ,20010620,15.28,58.6952,6.2741,16.4004,2973216.2437,2128694.6394
000001.SZ,20010619,15.43,59.2714,6.3357,16.5614,3002403.5759,2149591.5109
000001.SZ,20010618,15.46,59.3866,6.348,16.5936,3008241.0424,2153770.8851
000001.SZ,20010615,15.79,60.6543,6.4835,16.9478,3072453.1733,2199744.0024
000001.SZ,20010614,15.75,60.5006,6.4671,16.9049,3064669.8847,2194171.5033
000001.SZ,20010613,15.9,61.0768,6.5287,17.0659,3093857.2169,2215068.3748
000001.SZ,20010612,15.61,59.9628,6.4096,16.7546,3037428.3746,2174667.7566
000001.SZ,20010611,15.56,59.7708,6.3891,16.7009,3027699.2638,2167702.1328
000001.SZ,20010608,15.73,60.4238,6.4589,16.8834,3060778.2404,2191385.2538
000001.SZ,20010607,15.84,60.8463,6.504,17.0015,3082182.284,2206709.6262
000001.SZ,20010606,15.92,61.1536,6.5369,17.0873,3097748.8612,2217854.6243
000001.SZ,20010605,15.91,61.1152,6.5328,17.0766,3095803.0391,2216461.4995
000001.SZ,20010604,16.08,61.7683,6.6026,17.2591,3128882.0156,2240144.6205
000001.SZ,20010601,16.3,62.6133,6.6929,17.4952,3171690.1029,2270793.3653
000001.SZ,20010531,16.2,62.2292,6.6518,17.3878,3152231.8814,2256862.1177
000001.SZ,20010530,16.3,62.6133,6.6929,17.4952,3171690.1029,2270793.3653
000001.SZ,20010529,15.86,60.9232,6.5122,17.0229,3086073.9283,2209495.8757
000001.SZ,20010528,15.86,60.9232,6.5122,17.0229,3086073.9283,2209495.8757
000001.SZ,20010525,15.56,59.7708,6.3891,16.7009,3027699.2638,2167702.1328
000001.SZ,20010524,15.55,59.7324,6.3849,16.6902,3025753.4417,2166309.008
000001.SZ,20010523,15.73,60.4238,6.4589,16.8834,3060778.2404,2191385.2538
000001.SZ,20010522,15.44,59.3098,6.3398,16.5721,3004349.3981,2150984.6356
000001.SZ,20010521,15.23,58.5031,6.2536,16.3467,2963487.1329,2121729.0156
000001.SZ,20010518,15.39,59.1178,6.3193,16.5185,2994620.2873,2144019.0118
000001.SZ,20010517,15.52,59.6171,6.3726,16.658,3019915.9752,2162129.6337
000001.SZ,20010516,15.75,60.5006,6.4671,16.9049,3064669.8847,2194171.5033
000001.SZ,20010515,15.64,60.0781,6.4219,16.7868,3043265.841,2178847.1309
000001.SZ,20010514,15.8,60.6927,6.4876,16.9585,3074398.9954,2201137.1271
000001.SZ,20010511,15.68,60.2317,6.4383,16.8297,3051049.1296,2184419.63
000001.SZ,20010510,15.69,60.2701,6.4424,16.8405,3052994.9518,2185812.7547
000001.SZ,20010509,15.51,59.5787,6.3685,16.6473,3017970.1531,2160736.509
000001.SZ,20010508,15.5,59.5403,6.3644,16.6365,3016024.331,2159343.3842
000001.SZ,20010430,15.53,59.6555,6.3767,16.6687,3021861.7974,2163522.7585
000001.SZ,20010427,15.65,60.1165,6.426,16.7975,3045211.6632,2180240.2557
000001.SZ,20010426,15.53,59.6555,6.3767,16.6687,3021861.7974,2163522.7585
000001.SZ,20010425,15.72,60.3854,6.4548,16.8727,3058832.4182,2189992.129
000001.SZ,20010424,16.15,62.0371,6.6313,17.3342,3142502.7706,2249896.4939
000001.SZ,20010423,16.13,61.9603,6.6231,17.3127,3138611.1263,2247110.2443
000001.SZ,20010420,16.2,62.2292,6.6518,17.3878,3152231.8814,2256862.1177
000001.SZ,20010419,16.39,62.9591,6.7299,17.5918,3189202.5022,2283331.4882
000001.SZ,20010418,16.59,63.7273,6.812,17.8064,3228118.9452,2311193.9835
000001.SZ,20010417,16.76,64.3803,6.8818,17.9889,3261197.9217,2334877.1045
000001.SZ,20010416,16.9,64.9181,6.9393,18.1392,3288439.4318,2354380.8512
000001.SZ,20010413,16.85,59.0555,10.6503,19.0075,3278710.3211,2347415.2273
000001.SZ,20010412,16.44,57.6186,10.3912,18.545,3198931.613,2290297.112
000001.SZ,20010411,16.49,57.7938,10.4228,18.6014,3208660.7237,2297262.7358
000001.SZ,20010410,16.4,57.4784,10.3659,18.4999,3191148.3244,2284724.613
000001.SZ,20010409,16.27,57.0228,10.2837,18.3532,3165852.6364,2266613.991
000001.SZ,20010406,16.31,57.1629,10.309,18.3984,3173635.925,2272186.4901
000001.SZ,20010405,16.3,57.1279,10.3027,18.3871,3171690.1029,2270793.3653
000001.SZ,20010404,16.19,56.7424,10.2331,18.263,3150286.0592,2255468.9929
000001.SZ,20010403,16.47,57.7237,10.4101,18.5789,3204769.0794,2294476.4863
000001.SZ,20010402,16.53,57.934,10.448,18.6465,3216444.0123,2302835.2349
000001.SZ,20010330,16.22,56.8475,10.2521,18.2968,3156123.5257,2259648.3672
000001.SZ,20010329,16.32,57.198,10.3153,18.4096,3175581.7472,2273579.6148
000001.SZ,20010328,16.38,57.4083,10.3532,18.4773,3187256.6801,2281938.3634
000001.SZ,20010327,16.28,57.0578,10.29,18.3645,3167798.4586,2268007.1158
000001.SZ,20010326,16.34,57.2681,10.328,18.4322,3179473.3915,2276365.8644
000001.SZ,20010323,16.09,56.3919,10.1699,18.1502,3130827.8377,2241537.7453
000001.SZ,20010322,16.75,58.7051,10.5871,18.8947,3259252.0996,2333483.9797
000001.SZ,20010321,16.96,59.4411,10.7198,19.1316,3300114.3647,2362739.5997
000001.SZ,20010320,16.7,58.5298,10.5555,18.8383,3249522.9888,2326518.3559
000001.SZ,20010319,16.65,58.3546,10.5239,18.7819,3239793.8781,2319552.7321
000001.SZ,20010316,16.56,58.0391,10.467,18.6804,3222281.4787,2307014.6092
000001.SZ,20010315,16.7,58.5298,10.5555,18.8383,3249522.9888,2326518.3559
000001.SZ,20010314,16.6,58.1793,10.4923,18.7255,3230064.7673,2312587.1082
000001.SZ,20010313,16.0,56.0765,10.1131,18.0487,3113315.4384,2228999.6224
000001.SZ,20010312,16.13,56.5321,10.1952,18.1953,3138611.1263,2247110.2443
000001.SZ,20010309,16.2,56.7774,10.2395,18.2743,3152231.8814,2256862.1177
000001.SZ,20010308,16.19,56.7424,10.2331,18.263,3150286.0592,2255468.9929
000001.SZ,20010307,15.43,54.0787,9.7528,17.4057,3002403.5759,2149591.5109
000001.SZ,20010306,15.1,52.9222,9.5442,17.0334,2938191.445,2103618.3936
000001.SZ,20010305,15.05,52.7469,9.5126,16.977,2928462.3342,2096652.7698
000001.SZ,20010302,15.05,52.7469,9.5126,16.977,2928462.3342,2096652.7698
000001.SZ,20010301,14.3,50.1183,9.0385,16.131,2782525.6731,1992168.4125
000001.SZ,20010228,14.09,49.3823,8.9058,15.8941,2741663.4079,1962912.7925
000001.SZ,20010227,14.1,49.4174,8.9121,15.9054,2743609.2301,1964305.9172
000001.SZ,20010226,14.21,49.8029,8.9817,16.0295,2765013.2737,1979630.2896
000001.SZ,20010223,14.12,49.4875,8.9248,15.928,2747500.8744,1967092.1668
000001.SZ,20010222,13.86,48.5762,8.7604,15.6347,2696909.4985,1930870.9229
000001.SZ,20010221,14.0,49.0669,8.8489,15.7926,2724151.0086,1950374.6696
000001.SZ,20010220,14.27,50.0132,9.0196,16.0972,2776688.2066,1987989.0382
000001.SZ,20010219,14.49,50.7842,9.1586,16.3453,2819496.2939,2018637.783
000001.SZ,20010216,14.19,49.7328,8.969,16.0069,2761121.6294,1976844.0401
000001.SZ,20010215,14.15,49.5926,8.9437,15.9618,2753338.3408,1971271.5411
000001.SZ,20010214,14.21,49.8029,8.9817,16.0295,2765013.2737,1979630.2896
000001.SZ,20010213,14.3,50.1183,9.0385,16.131,2782525.6731,1992168.4125
000001.SZ,20010212,14.39,50.4338,9.0954,16.2325,2800038.0724,2004706.5354
000001.SZ,20010209,14.39,50.4338,9.0954,16.2325,2800038.0724,2004706.5354
000001.SZ,20010208,14.13,49.5225,8.9311,15.9392,2749446.6965,1968485.2915
000001.SZ,20010207,14.54,50.9595,9.1902,16.4017,2829225.4046,2025603.4069
000001.SZ,20010206,14.68,51.4502,9.2787,16.5597,2856466.9147,2045107.1536
000001.SZ,20010205,14.59,51.1347,9.2218,16.4581,2838954.5154,2032569.0307
000001.SZ,20010119,14.98,52.5016,9.4683,16.8981,2914841.5792,2086900.8965
000001.SZ,20010118,14.9,52.2212,9.4178,16.8078,2899275.002,2075755.8984
000001.SZ,20010117,14.68,51.4502,9.2787,16.5597,2856466.9147,2045107.1536
000001.SZ,20010116,14.48,50.7492,9.1523,16.334,2817550.4718,2017244.6583
000001.SZ,20010115,14.19,49.7328,8.969,16.0069,2761121.6294,1976844.0401
000001.SZ,20010112,14.8,51.8707,9.3546,16.695,2879816.7805,2061824.6507
000001.SZ,20010111,14.79,51.8357,9.3483,16.6837,2877870.9584,2060431.526
000001.SZ,20010110,14.42,50.5389,9.1144,16.2664,2805875.5389,2008885.9097
000001.SZ,20010109,14.55,50.9945,9.1966,16.413,2831171.2268,2026996.5316
000001.SZ,20010108,14.0,49.0669,8.8489,15.7926,2724151.0086,1950374.6696
000001.SZ,20010105,14.2,49.7679,8.9753,16.0182,2763067.4516,1978237.1649
000001.SZ,20010104,14.35,50.2936,9.0701,16.1874,2792254.7838,1999134.0363
000001.SZ,20010103,14.44,50.609,9.127,16.2889,2809767.1832,2011672.1592
000001.SZ,20010102,14.55,50.9945,9.1966,16.413,2831171.2268,2026996.5316
000001.SZ,20001229,14.52,50.8894,9.1776,16.3792,2825333.7603,2022817.1573
000001.SZ,20001228,14.36,50.3286,9.0765,16.1987,2794200.606,2000527.1611
000001.SZ,20001227,14.38,50.3987,9.0891,16.2212,2798092.2503,2003313.4106
000001.SZ,20001226,14.4,50.4688,9.1017,16.2438,2801983.8946,2006099.6602
000001.SZ,20001225,14.39,50.4338,9.0954,16.2325,2800038.0724,2004706.5354
000001.SZ,20001222,14.65,51.345,9.2598,16.5258,2850629.4483,2040927.7793
000001.SZ,20001221,14.82,51.9408,9.3672,16.7176,2883708.4248,2064610.9002
000001.SZ,20001220,14.86,52.081,9.3925,16.7627,2891491.7134,2070183.3993
000001.SZ,20001219,14.95,52.3964,9.4494,16.8642,2909004.1128,2082721.5222
000001.SZ,20001218,15.27,53.518,9.6516,17.2252,2971270.4215,2127301.5146
000001.SZ,20001215,15.26,53.4829,9.6453,17.2139,2969324.5994,2125908.3899
000001.SZ,20001214,14.96,52.4315,9.4557,16.8755,2910949.9349,2084114.6469
000001.SZ,20001213,14.84,52.0109,9.3799,16.7401,2887600.0691,2067397.1498
000001.SZ,20001212,14.99,52.5366,9.4747,16.9093,2916787.4014,2088294.0212
000001.SZ,20001211,14.79,51.8357,9.3483,16.6837,2877870.9584,2060431.526
000001.SZ,20001208,15.18,53.2025,9.5948,17.1237,2953758.0222,2114763.3918
000001.SZ,20001207,15.3,42.7659,7.7126,13.7646,2374326.0508,1639600.684
000001.SZ,20001206,15.38,42.9895,7.7529,13.8365,2386740.8275,1648173.7595
000001.SZ,20001205,15.51,43.3529,7.8184,13.9535,2406914.8397,1662105.0071
000001.SZ,20001204,15.49,43.297,7.8084,13.9355,2403811.1455,1659961.7383
000001.SZ,20001201,15.49,43.297,7.8084,13.9355,2403811.1455,1659961.7383
000001.SZ,20001130,15.49,43.297,7.8084,13.9355,2403811.1455,1659961.7383
000001.SZ,20001129,15.52,43.3809,7.8235,13.9625,2408466.6868,1663176.6416
000001.SZ,20001128,15.67,43.8001,7.8991,14.0974,2431744.3932,1679251.1581
000001.SZ,20001127,15.63,43.6883,7.8789,14.0614,2425537.0048,1674964.6203
000001.SZ,20001124,15.83,44.2474,7.9797,14.2414,2456573.9466,1696397.309
000001.SZ,20001123,15.88,44.3871,8.0049,14.2864,2464333.1821,1701755.4812
000001.SZ,20001122,15.79,44.1356,7.9596,14.2054,2450366.5583,1692110.7713
000001.SZ,20001121,15.64,43.7163,7.884,14.0704,2427088.8519,1676036.2548
000001.SZ,20001120,15.64,43.7163,7.884,14.0704,2427088.8519,1676036.2548
