ts_code,trade_date,close,pe,pb,ps,total_mv,circ_mv
600036.SH,20260417,39.52,6.6366,0.9099,2.9529,99668829.8152,81525588.3834
600036.SH,20260416,39.91,6.7021,0.9188,2.982,100652403.7936,82330117.2161
600036.SH,20260415,39.9,6.7004,0.9186,2.9813,100627183.948,82309488.2717
600036.SH,20260414,39.13,6.5711,0.9009,2.9237,98685255.8367,80721059.5507
600036.SH,20260413,38.98,6.5459,0.8974,2.9125,98306958.1527,80411625.3842
600036.SH,20260410,39.21,6.5845,0.9027,2.9297,98887014.6015,80886091.1061
600036.SH,20260409,39.26,6.5929,0.9039,2.9334,99013113.8295,80989235.8283
600036.SH,20260408,39.62,6.6534,0.9122,2.9603,99921028.2712,81731877.8277
600036.SH,20260407,38.99,6.5476,0.8977,2.9133,98332177.9983,80432254.3287
600036.SH,20260403,39.4,6.6164,0.9071,2.9439,99366191.6679,81278041.0503
600036.SH,20260402,39.76,6.6769,0.9154,2.9708,100274106.1096,82020683.0497
600036.SH,20260401,39.82,6.687,0.9168,2.9753,100425425.1832,82144456.7163
600036.SH,20260331,39.32,6.603,0.9053,2.9379,99164432.9031,81113009.4948
600036.SH,20260330,39.48,6.6299,0.9089,2.9499,99567950.4327,81443072.6057
600036.SH,20260327,39.44,6.703,0.9346,2.9473,99467071.0503,81360556.828
600036.SH,20260326,39.56,6.7234,0.9374,2.9562,99769709.1976,81608104.1611
600036.SH,20260325,39.26,6.6724,0.9303,2.9338,99013113.8295,80989235.8283
600036.SH,20260324,39.25,6.6707,0.9301,2.9331,98987893.9839,80968606.8838
600036.SH,20260323,38.68,6.5739,0.9166,2.8905,97550362.7847,79792757.0514
600036.SH,20260320,39.75,6.7557,0.9419,2.9704,100248886.264,82000054.1053
600036.SH,20260319,39.77,6.7591,0.9424,2.9719,100299325.9552,82041311.9941
600036.SH,20260318,39.92,6.7846,0.946,2.9831,100677623.6392,82350746.1606
600036.SH,20260317,40.12,6.8186,0.9507,2.9981,101182020.5512,82763325.0491
600036.SH,20260316,39.91,6.7829,0.9457,2.9824,100652403.7936,82330117.2161
600036.SH,20260313,39.76,6.7574,0.9422,2.9712,100274106.1096,82020683.0497
600036.SH,20260312,39.5,6.7132,0.936,2.9518,99618390.124,81484330.4946
600036.SH,20260311,39.5,6.7132,0.936,2.9518,99618390.124,81484330.4946
600036.SH,20260310,39.22,6.6656,0.9294,2.9308,98912234.4471,80906720.0505
600036.SH,20260309,38.79,6.5926,0.9192,2.8987,97827781.0863,80019675.4401
600036.SH,20260306,39.2,6.6623,0.9289,2.9293,98861794.7559,80865462.1617
600036.SH,20260305,39.15,6.6538,0.9277,2.9256,98735695.5279,80762317.4395
600036.SH,20260304,38.6,6.5603,0.9147,2.8845,97348604.0199,79627725.4959
600036.SH,20260303,39.18,6.6589,0.9284,2.9278,98811355.0647,80824204.2728
600036.SH,20260302,38.67,6.5722,0.9163,2.8897,97525142.9391,79772128.1069
600036.SH,20260227,38.75,6.5858,0.9182,2.8957,97726901.7039,79937159.6624
600036.SH,20260226,38.7,6.5773,0.9171,2.892,97600802.4759,79834014.9402
600036.SH,20260225,38.78,6.5909,0.919,2.898,97802561.2407,79999046.4957
600036.SH,20260224,38.94,6.6181,0.9227,2.9099,98206078.7703,80329109.6065
600036.SH,20260213,38.71,6.579,0.9173,2.8927,97626022.3215,79854643.8847
600036.SH,20260212,38.99,6.6266,0.9239,2.9136,98332177.9983,80432254.3287
600036.SH,20260211,39.4,6.6962,0.9336,2.9443,99366191.6679,81278041.0503
600036.SH,20260210,39.34,6.686,0.9322,2.9398,99214872.5943,81154267.3837
600036.SH,20260209,39.48,6.7098,0.9355,2.9503,99567950.4327,81443072.6057
600036.SH,20260206,39.6,6.7302,0.9384,2.9592,99870588.58,81690619.9388
600036.SH,20260205,39.71,6.7489,0.941,2.9675,100148006.8816,81917538.3276
600036.SH,20260204,39.01,6.63,0.9244,2.9151,98382617.6895,80473512.2175
600036.SH,20260203,38.3,6.5093,0.9076,2.8621,96592008.6518,79008857.1631
600036.SH,20260202,38.45,6.5348,0.9111,2.8733,96970306.3358,79318291.3295
600036.SH,20260130,38.67,6.5722,0.9163,2.8897,97525142.9391,79772128.1069
600036.SH,20260129,38.53,6.5484,0.913,2.8793,97172065.1007,79483322.8849
600036.SH,20260128,37.8,6.4243,0.8957,2.8247,95331016.3718,77977409.9416
600036.SH,20260127,38.1,6.4753,0.9028,2.8471,96087611.7398,78596278.2745
600036.SH,20260126,38.02,6.4617,0.9009,2.8412,95885852.975,78431246.7191
600036.SH,20260123,37.5,6.3733,0.8886,2.8023,94574421.0038,77358541.6088
600036.SH,20260122,37.85,6.4328,0.8969,2.8285,95457115.5998,78080554.6638
600036.SH,20260121,38.24,6.4991,0.9062,2.8576,96440689.5782,78885083.4965
600036.SH,20260120,38.73,6.5824,0.9178,2.8942,97676462.0127,79895901.7735
600036.SH,20260119,38.55,6.5518,0.9135,2.8808,97222504.7919,79524580.7738
600036.SH,20260116,38.72,6.5807,0.9175,2.8935,97651242.1671,79875272.8291
600036.SH,20260115,40.11,6.8169,0.9282,2.9973,101156800.7056,82742696.1047
600036.SH,20260114,40.07,6.8101,0.9273,2.9944,101055921.3232,82660180.327
600036.SH,20260113,41.13,6.9903,0.9518,3.0736,103729224.9569,84846848.4365
600036.SH,20260112,41.12,6.9886,0.9516,3.0728,103704005.1113,84826219.492
600036.SH,20260109,41.3,7.0192,0.9557,3.0863,104157962.3321,85197540.4918
600036.SH,20260108,41.58,7.0667,0.9622,3.1072,104864118.009,85775150.9358
600036.SH,20260107,42.15,7.1636,0.9754,3.1498,106301649.2082,86951000.7682
600036.SH,20260106,42.73,7.2622,0.9888,3.1931,107764400.2531,88147479.5451
600036.SH,20260105,42.35,7.1976,0.98,3.1647,106806046.1202,87363579.6568
600036.SH,20251231,42.1,7.1551,0.9742,3.1461,106175549.9802,86847856.0461
600036.SH,20251230,42.28,7.1857,0.9784,3.1595,106629507.201,87219177.0458
600036.SH,20251229,41.87,7.116,0.9689,3.1289,105595493.5314,86373390.3242
600036.SH,20251226,41.7,7.0871,0.965,3.1162,105166756.1562,86022698.2689
600036.SH,20251225,41.78,7.1007,0.9668,3.1221,105368514.921,86187729.8244
600036.SH,20251224,41.83,7.1092,0.968,3.1259,105494614.149,86290874.5465
600036.SH,20251223,41.91,7.1228,0.9698,3.1319,105696372.9138,86455906.1019
600036.SH,20251222,41.77,7.099,0.9666,3.1214,105343295.0754,86167100.8799
600036.SH,20251219,41.99,7.1364,0.9717,3.1378,105898131.6786,86620937.6574
600036.SH,20251218,42.37,7.201,0.9805,3.1662,106856485.8114,87404837.5457
600036.SH,20251217,41.52,7.0565,0.9608,3.1027,104712798.9354,85651377.2692
600036.SH,20251216,41.7,7.0871,0.965,3.1162,105166756.1562,86022698.2689
600036.SH,20251215,41.8,7.1041,0.9673,3.1236,105418954.6122,86228987.7132
600036.SH,20251212,41.74,7.0939,0.9659,3.1192,105267635.5386,86105214.0466
600036.SH,20251211,41.68,7.0837,0.9645,3.1147,105116316.465,85981440.3801
600036.SH,20251210,41.7,7.0871,0.965,3.1162,105166756.1562,86022698.2689
600036.SH,20251209,43.04,7.3149,0.996,3.2163,108546215.4667,88786976.8224
600036.SH,20251208,43.18,7.3387,0.9992,3.2268,108899293.3051,89075782.0444
600036.SH,20251205,43.45,7.3846,1.0055,3.2469,109580229.1363,89632763.544
600036.SH,20251204,43.22,7.3455,1.0002,3.2297,109000172.6875,89158297.8221
600036.SH,20251203,43.01,7.3098,0.9953,3.2141,108470555.9299,88725089.9891
600036.SH,20251202,43.38,7.3727,1.0039,3.2417,109403690.2171,89488360.933
600036.SH,20251201,43.44,7.3829,1.0053,3.2462,109555009.2907,89612134.5996
600036.SH,20251128,42.95,7.2996,0.9939,3.2096,108319236.8563,88601316.3226
600036.SH,20251127,43.19,7.3404,0.9995,3.2275,108924513.1507,89096410.9889
600036.SH,20251126,43.25,7.3506,1.0009,3.232,109075832.2243,89220184.6554
600036.SH,20251125,43.25,7.3506,1.0009,3.232,109075832.2243,89220184.6554
600036.SH,20251124,42.63,7.2452,0.9865,3.1857,107512201.7971,87941190.1008
600036.SH,20251121,43.0,7.3081,0.9951,3.2133,108445336.0843,88704461.0447
600036.SH,20251120,43.23,7.3472,1.0004,3.2305,109025392.5331,89178926.7666
600036.SH,20251119,43.22,7.3455,1.0002,3.2297,109000172.6875,89158297.8221
600036.SH,20251118,42.88,7.2877,0.9923,3.2043,108142697.9371,88456913.7116
600036.SH,20251117,42.65,7.2486,0.987,3.1872,107562641.4883,87982447.9897
600036.SH,20251114,43.25,7.3506,1.0009,3.232,109075832.2243,89220184.6554
600036.SH,20251113,43.21,7.3438,0.9999,3.229,108974952.8419,89137668.8777
600036.SH,20251112,42.93,7.2962,0.9934,3.2081,108268797.1651,88560058.4337
600036.SH,20251111,42.96,7.3013,0.9941,3.2103,108344456.7019,88621945.267
600036.SH,20251110,42.72,7.2605,0.9886,3.1924,107739180.4075,88126850.6007
600036.SH,20251107,42.51,7.2248,0.9837,3.1767,107209563.6499,87693642.7677
600036.SH,20251106,42.34,7.1959,0.9798,3.164,106780826.2746,87342950.7124
600036.SH,20251105,42.8,7.2741,0.9904,3.1984,107940939.1723,88291882.1561
600036.SH,20251104,43.01,7.3098,0.9953,3.2141,108470555.9299,88725089.9891
600036.SH,20251103,41.79,7.1024,0.9671,3.1229,105393734.7666,86208358.7688
600036.SH,20251031,40.89,6.9495,0.9462,3.0556,103123948.6625,84351753.7702
600036.SH,20251030,41.2,7.0022,0.9534,3.0788,103905763.8761,84991251.0475
600036.SH,20251029,40.77,6.9291,1.0167,3.0467,102821310.5153,84104206.437
600036.SH,20251028,41.6,7.0701,1.0374,3.1087,104914557.7002,85816408.8246
600036.SH,20251027,41.59,7.0684,1.0371,3.1079,104889337.8546,85795779.8802
600036.SH,20251024,41.95,7.1296,1.0461,3.1348,105797252.2962,86538421.8797
600036.SH,20251023,42.24,7.1789,1.0533,3.1565,106528627.8186,87136661.2681
600036.SH,20251022,41.95,7.1296,1.0461,3.1348,105797252.2962,86538421.8797
600036.SH,20251021,41.98,7.1347,1.0469,3.1371,105872911.833,86600308.7129
600036.SH,20251020,41.42,7.0396,1.0329,3.0952,104460600.4793,85445087.8249
600036.SH,20251017,41.59,7.0684,1.0371,3.1079,104889337.8546,85795779.8802
600036.SH,20251016,41.93,7.1262,1.0456,3.1334,105746812.605,86497163.9908
600036.SH,20251015,41.5,7.0531,1.0349,3.1012,104662359.2442,85610119.3804
600036.SH,20251014,41.26,7.0124,1.0289,3.0833,104057082.9497,85115024.7141
600036.SH,20251013,40.11,6.8169,1.0002,2.9973,101156800.7056,82742696.1047
600036.SH,20251010,40.18,6.8288,1.002,3.0026,101333339.6248,82887098.7157
600036.SH,20251009,40.33,6.8543,1.0057,3.0138,101711637.3088,83196532.8822
600036.SH,20250930,40.41,6.8679,1.0077,3.0198,101913396.0736,83361564.4376
600036.SH,20250929,40.68,6.9138,1.0144,3.0399,102594331.9049,83918545.9372
600036.SH,20250926,40.8,6.9342,1.0174,3.0489,102896970.0521,84166093.2703
600036.SH,20250925,40.82,6.9376,1.0179,3.0504,102947409.7433,84207351.1592
600036.SH,20250924,41.32,7.0226,1.0304,3.0878,104208402.0233,85238798.3806
600036.SH,20250923,41.55,7.0616,1.0361,3.105,104788458.4722,85713264.1025
600036.SH,20250922,40.92,6.9546,1.0204,3.0579,103199608.1993,84413640.6035
600036.SH,20250919,41.0,6.9682,1.0224,3.0639,103401366.9641,84578672.1589
600036.SH,20250918,40.83,6.9393,1.0182,3.0511,102972629.5889,84227980.1036
600036.SH,20250917,41.76,7.0973,1.0414,3.1206,105318075.2298,86146471.9355
600036.SH,20250916,41.75,7.0956,1.0411,3.1199,105292855.3842,86125842.9911
600036.SH,20250915,42.22,7.1755,1.0528,3.155,106478188.1274,87095403.3792
600036.SH,20250912,42.54,7.2299,1.0608,3.1789,107285223.1867,87755529.601
600036.SH,20250911,43.3,7.3591,1.0798,3.2357,109201931.4523,89323329.3776
600036.SH,20250910,43.0,7.3081,1.0723,3.2133,108445336.0843,88704461.0447
600036.SH,20250909,42.83,7.2792,1.068,3.2006,108016598.7091,88353768.9894
600036.SH,20250908,42.43,7.2112,1.0581,3.1707,107007804.885,87528611.2122
600036.SH,20250905,42.76,7.2673,1.0663,3.1954,107840059.7899,88209366.3784
600036.SH,20250904,43.05,7.3166,1.0735,3.217,108571435.3123,88807605.7668
600036.SH,20250903,42.9,7.2911,1.0698,3.2058,108193137.6283,88498171.6004
600036.SH,20250902,43.44,7.3829,1.0833,3.2462,109555009.2907,89612134.5996
600036.SH,20250901,41.98,7.1347,1.0428,3.1371,105872911.833,86600308.7129
600036.SH,20250829,42.89,7.2894,1.0654,3.2051,108167917.7827,88477542.656
600036.SH,20250828,42.98,7.3047,1.0676,3.2118,108394896.3931,88663203.1558
600036.SH,20250827,43.0,7.3081,1.0681,3.2133,108445336.0843,88704461.0447
600036.SH,20250826,43.52,7.3965,1.081,3.2522,109756768.0556,89777166.155
600036.SH,20250825,43.87,7.4559,1.0897,3.2783,110639462.6516,90499179.21
600036.SH,20250822,43.26,7.3523,1.0745,3.2327,109101052.0699,89240813.5999
600036.SH,20250821,43.47,7.388,1.0798,3.2484,109630668.8275,89674021.4329
600036.SH,20250820,43.45,7.3846,1.0793,3.2469,109580229.1363,89632763.544
600036.SH,20250819,43.4,7.3761,1.078,3.2432,109454129.9083,89529618.8219
600036.SH,20250818,43.51,7.3948,1.0808,3.2514,109731548.21,89756537.2106
600036.SH,20250815,43.3,7.3591,1.0755,3.2357,109201931.4523,89323329.3776
600036.SH,20250814,43.78,7.4406,1.0875,3.2716,110412484.0412,90313518.7102
600036.SH,20250813,43.54,7.3999,1.0815,3.2537,109807207.7468,89818424.0439
600036.SH,20250812,44.0,7.478,1.0929,3.288,110967320.6444,90767355.4876
600036.SH,20250811,44.1,7.495,1.0954,3.2955,111219519.1004,90973644.9319
600036.SH,20250808,44.53,7.5681,1.1061,3.3276,112303972.4613,91860689.5423
600036.SH,20250807,45.15,7.6735,1.1215,3.374,113867602.8885,93139684.0969
600036.SH,20250806,45.12,7.6684,1.1207,3.3717,113791943.3517,93077797.2636
600036.SH,20250805,45.25,7.6905,1.124,3.3814,114119801.3445,93345973.5412
600036.SH,20250804,44.9,7.631,1.1153,3.3553,113237106.7485,92623960.4862
600036.SH,20250801,44.42,7.5494,1.1034,3.3194,112026554.1596,91633771.1536
600036.SH,20250731,44.48,7.5596,1.1049,3.3239,112177873.2332,91757544.8202
600036.SH,20250730,44.42,7.5494,1.1034,3.3194,112026554.1596,91633771.1536
600036.SH,20250729,44.14,7.5018,1.0964,3.2985,111320398.4828,91056160.7096
600036.SH,20250728,44.44,7.5528,1.1039,3.3209,112076993.8508,91675029.0425
600036.SH,20250725,44.83,7.6191,1.1135,3.3501,113060567.8293,92479557.8752
600036.SH,20250724,44.88,7.6276,1.1148,3.3538,113186667.0573,92582702.5974
600036.SH,20250723,45.12,7.6684,1.1207,3.3717,113791943.3517,93077797.2636
600036.SH,20250722,44.94,7.6378,1.1163,3.3583,113337986.1309,92706476.2639
600036.SH,20250721,44.85,7.6225,1.114,3.3516,113111007.5205,92520815.7641
600036.SH,20250718,45.05,7.6565,1.119,3.3665,113615404.4325,92933394.6526
600036.SH,20250717,45.0,7.648,1.1178,3.3628,113489305.2045,92830249.9305
600036.SH,20250716,45.11,7.6667,1.1205,3.371,113766723.5061,93057168.3192
600036.SH,20250715,45.22,7.6854,1.1232,3.3792,114044141.8077,93284086.7079
600036.SH,20250714,45.57,7.7449,1.1319,3.4054,114926836.4038,94006099.763
600036.SH,20250711,45.64,7.7568,1.1337,3.4106,115103375.323,94150502.374
600036.SH,20250710,48.24,8.1986,1.1415,3.6049,121660535.1792,99514027.9255
600036.SH,20250709,47.13,8.01,1.1153,3.5219,118861132.3175,97224215.0939
600036.SH,20250708,47.62,8.0933,1.1269,3.5586,120096904.752,98235033.3709
600036.SH,20250707,47.2,8.0219,1.1169,3.5272,119037671.2367,97368617.7049
600036.SH,20250704,47.07,7.9998,1.1139,3.5175,118709813.2439,97100441.4273
600036.SH,20250703,46.61,7.9216,1.103,3.4831,117549700.3463,96151509.9836
600036.SH,20250702,46.9,7.9709,1.1098,3.5047,118281075.8687,96749749.372
600036.SH,20250701,46.45,7.8944,1.0992,3.4711,117146182.8166,95821446.8727
600036.SH,20250630,45.95,7.8094,1.0873,3.4338,115885190.5366,94789999.6513
600036.SH,20250627,46.22,7.8553,1.0937,3.4539,116566126.3678,95346981.1508
600036.SH,20250626,47.88,8.1375,1.133,3.578,120752620.7376,98771385.9261
600036.SH,20250625,47.5,8.0729,1.124,3.5496,119794266.6048,97987486.0378
600036.SH,20250624,46.75,7.9454,1.1063,3.4935,117902778.1847,96440315.2056
600036.SH,20250623,46.25,7.8604,1.0944,3.4562,116641785.9046,95408867.9841
600036.SH,20250620,45.99,7.8162,1.0883,3.4367,115986069.919,94872515.429
600036.SH,20250619,45.63,7.7551,1.0798,3.4098,115078155.4774,94129873.4295
600036.SH,20250618,45.85,7.7925,1.085,3.4263,115632992.0806,94583710.207
600036.SH,20250617,45.98,7.8145,1.0881,3.436,115960850.0734,94851886.4845
600036.SH,20250616,45.78,7.7806,1.0833,3.4211,115456453.1614,94439307.596
600036.SH,20250613,45.18,7.6786,1.0691,3.3762,113943262.4253,93201570.9302
600036.SH,20250612,45.23,7.6871,1.0703,3.38,114069361.6533,93304715.6524
600036.SH,20250611,45.31,7.7007,1.0722,3.3859,114271120.4181,93469747.2078
600036.SH,20250610,44.67,7.5919,1.0571,3.3381,112657050.2997,92149494.7643
600036.SH,20250609,44.6,7.58,1.0554,3.3329,112480511.3805,92005092.1533
600036.SH,20250606,44.47,7.5579,1.0523,3.3232,112152653.3876,91736915.8758
600036.SH,20250605,44.37,7.5409,1.05,3.3157,111900454.9316,91530626.4315
600036.SH,20250604,44.06,7.4882,1.0426,3.2925,111118639.718,90891129.1542
600036.SH,20250603,43.97,7.4729,1.0405,3.2858,110891661.1076,90705468.6543
600036.SH,20250530,43.43,7.3812,1.0277,3.2454,109529789.4451,89591505.6551
600036.SH,20250529,43.47,7.388,1.0287,3.2484,109630668.8275,89674021.4329
600036.SH,20250528,43.68,7.4237,1.0336,3.2641,110160285.5852,90107229.2659
600036.SH,20250527,43.74,7.4338,1.0351,3.2686,110311604.6588,90231002.9324
600036.SH,20250526,43.8,7.444,1.0365,3.2731,110462923.7324,90354776.599
600036.SH,20250523,44.05,7.4865,1.0424,3.2918,111093419.8724,90870500.2097
600036.SH,20250522,44.51,7.5647,1.0533,3.3261,112253532.7701,91819431.6535
600036.SH,20250521,43.9,7.461,1.0388,3.2806,110715122.1884,90561066.0433
600036.SH,20250520,43.9,7.461,1.0388,3.2806,110715122.1884,90561066.0433
600036.SH,20250519,43.84,7.4508,1.0374,3.2761,110563803.1148,90437292.3767
600036.SH,20250516,44.27,7.5239,1.0476,3.3082,111648256.4756,91324336.9872
600036.SH,20250515,44.92,7.6344,1.063,3.3568,113287546.4397,92665218.3751
600036.SH,20250514,44.81,7.6157,1.0604,3.3486,113010128.1381,92438299.9863
600036.SH,20250513,44.56,7.5732,1.0545,3.3299,112379631.9981,91922576.3756
600036.SH,20250512,43.8,7.444,1.0365,3.2731,110462923.7324,90354776.599
600036.SH,20250509,43.48,7.3897,1.0289,3.2492,109655888.6731,89694650.3773
600036.SH,20250508,42.8,7.2741,1.0128,3.1984,107940939.1723,88291882.1561
600036.SH,20250507,42.02,7.1415,0.9943,3.1401,105973791.2154,86682824.4907
600036.SH,20250506,41.37,7.0311,0.979,3.0915,104334501.2513,85341943.1028
600036.SH,20250430,40.74,6.924,0.9641,3.0444,102745650.9785,84042319.6037
600036.SH,20250429,42.0,7.1381,1.0131,3.1386,105923351.5242,86641566.6018
600036.SH,20250428,42.35,7.1976,1.0215,3.1647,106806046.1202,87363579.6568
600036.SH,20250425,42.08,7.1517,1.015,3.1446,106125110.289,86806598.1572
600036.SH,20250424,42.21,7.1738,1.0181,3.1543,106452968.2818,87074774.4348
600036.SH,20250423,41.99,7.1364,1.0128,3.1378,105898131.6786,86620937.6574
600036.SH,20250422,42.01,7.1398,1.0133,3.1393,105948571.3698,86662195.5462
600036.SH,20250421,42.28,7.1857,1.0198,3.1595,106629507.201,87219177.0458
600036.SH,20250418,42.75,7.2656,1.0312,3.1946,107814839.9443,88188737.434
600036.SH,20250417,42.12,7.1585,1.016,3.1475,106225989.6714,86889113.9349
600036.SH,20250416,42.25,7.1806,1.0191,3.1573,106553847.6642,87157290.2125
600036.SH,20250415,42.1,7.1551,1.0155,3.1461,106175549.9802,86847856.0461
600036.SH,20250414,41.48,7.0497,1.0005,3.0997,104611919.5529,85568861.4915
600036.SH,20250411,41.51,7.0548,1.0013,3.102,104687579.0898,85630748.3248
600036.SH,20250410,41.1,6.9852,0.9914,3.0713,103653565.4201,84784961.6032
600036.SH,20250409,40.46,6.8764,0.9759,3.0235,102039495.3016,83464709.1597
600036.SH,20250408,41.15,6.9937,0.9926,3.0751,103779664.6481,84888106.3253
600036.SH,20250407,40.83,6.9393,0.9848,3.0511,102972629.5889,84227980.1036
600036.SH,20250403,42.65,7.2486,1.0287,3.1872,107562641.4883,87982447.9897
600036.SH,20250402,42.73,7.2622,1.0307,3.1931,107764400.2531,88147479.5451
600036.SH,20250401,42.87,7.286,1.0341,3.2036,108117478.0915,88436284.7671
600036.SH,20250331,43.29,7.3574,1.0442,3.235,109176711.6067,89302700.4331
600036.SH,20250328,43.22,7.3455,1.0425,3.2297,109000172.6875,89158297.8221
600036.SH,20250327,43.26,7.3523,1.0435,3.2327,109101052.0699,89240813.5999
600036.SH,20250326,42.66,7.2503,1.029,3.1879,107587861.3339,88003076.9341
600036.SH,20250325,45.09,7.7568,1.0573,3.3532,113716283.8149,93015910.4304
600036.SH,20250324,45.05,7.7499,1.0563,3.3503,113615404.4325,92933394.6526
600036.SH,20250321,44.7,7.6897,1.0481,3.3242,112732709.8365,92211381.5976
600036.SH,20250320,45.24,7.7826,1.0608,3.3644,114094581.4989,93325344.5968
600036.SH,20250319,46.02,7.9168,1.0791,3.4224,116061729.4558,94934402.2623
600036.SH,20250318,45.14,7.7654,1.0584,3.357,113842383.0429,93119055.1525
600036.SH,20250317,45.04,7.7482,1.0561,3.3495,113590184.5869,92912765.7082
600036.SH,20250314,45.16,7.7688,1.0589,3.3585,113892822.7341,93160313.0414
600036.SH,20250313,43.84,7.5418,1.028,3.2603,110563803.1148,90437292.3767
600036.SH,20250312,43.54,7.4902,1.0209,3.238,109807207.7468,89818424.0439
600036.SH,20250311,43.51,7.485,1.0202,3.2357,109731548.21,89756537.2106
600036.SH,20250310,43.07,7.4093,1.0099,3.203,108621875.0035,88848863.6557
600036.SH,20250307,43.57,7.4953,1.0216,3.2402,109882867.2836,89880310.8772
600036.SH,20250306,42.96,7.3904,1.0073,3.1948,108344456.7019,88621945.267
600036.SH,20250305,42.89,7.3783,1.0057,3.1896,108167917.7827,88477542.656
600036.SH,20250304,41.8,7.1908,0.9801,3.1086,105418954.6122,86228987.7132
600036.SH,20250303,42.05,7.2338,0.986,3.1272,106049450.7522,86744711.3239
600036.SH,20250228,42.05,7.2338,0.986,3.1272,106049450.7522,86744711.3239
600036.SH,20250227,42.38,7.2906,0.9937,3.1517,106881705.657,87425466.4901
600036.SH,20250226,41.48,7.1358,0.9726,3.0848,104611919.5529,85568861.4915
600036.SH,20250225,41.03,7.0584,0.9621,3.0513,103477026.5009,84640558.9922
600036.SH,20250224,41.27,7.0997,0.9677,3.0692,104082302.7953,85135653.6585
600036.SH,20250221,41.4,7.122,0.9707,3.0788,104410160.7881,85403829.9361
600036.SH,20250220,41.85,7.1994,0.9813,3.1123,105545053.8402,86332132.4354
600036.SH,20250219,41.98,7.2218,0.9843,3.122,105872911.833,86600308.7129
600036.SH,20250218,42.05,7.2338,0.986,3.1272,106049450.7522,86744711.3239
600036.SH,20250217,41.72,7.1771,0.9782,3.1026,105217195.8474,86063956.1578
600036.SH,20250214,42.03,7.2304,0.9855,3.1257,105999011.061,86703453.4351
600036.SH,20250213,41.71,7.1753,0.978,3.1019,105191976.0018,86043327.2134
600036.SH,20250212,41.62,7.1599,0.9759,3.0952,104964997.3914,85857666.7135
600036.SH,20250211,40.98,7.0498,0.9609,3.0476,103350927.2729,84537414.27
600036.SH,20250210,40.6,6.9844,0.952,3.0193,102392573.1401,83753514.3817
600036.SH,20250207,40.2,6.9156,0.9426,2.9896,101383779.316,82928356.6046
600036.SH,20250206,40.2,6.9156,0.9426,2.9896,101383779.316,82928356.6046
600036.SH,20250205,40.0,6.8812,0.9379,2.9747,100879382.404,82515777.716
600036.SH,20250127,40.65,6.993,0.9532,3.0231,102518672.3681,83856659.1039
600036.SH,20250124,40.26,6.9259,0.944,2.994,101535098.3896,83052130.2712
600036.SH,20250123,39.83,6.8519,0.9339,2.9621,100450645.0288,82165085.6607
600036.SH,20250122,39.45,6.7866,0.925,2.9338,99492290.8959,81381185.7724
600036.SH,20250121,40.14,6.9053,0.9412,2.9851,101232460.2424,82804582.938
600036.SH,20250120,40.12,6.9018,0.9407,2.9836,101182020.5512,82763325.0491
600036.SH,20250117,40.71,7.0033,0.9546,3.0275,102669991.4417,83980432.7705
600036.SH,20250116,40.99,7.0515,0.9611,3.0483,103376147.1185,84558043.2145
600036.SH,20250115,40.64,6.9913,0.9529,3.0223,102493452.5225,83836030.1595
600036.SH,20250114,39.85,6.8554,1.0029,2.9636,100501084.72,82206343.5496
600036.SH,20250113,39.07,6.7212,0.9833,2.9056,98533936.7631,80597285.8841
600036.SH,20250110,38.98,6.7057,0.981,2.8989,98306958.1527,80411625.3842
600036.SH,20250109,39.0,6.7091,0.9815,2.9003,98357397.8439,80452883.2731
600036.SH,20250108,39.28,6.7573,0.9886,2.9212,99063553.5207,81030493.7171
600036.SH,20250107,38.9,6.6919,0.979,2.8929,98105199.3879,80246593.8288
600036.SH,20250106,39.05,6.7177,0.9828,2.9041,98483497.0719,80556027.9952
600036.SH,20250103,38.66,6.6507,0.973,2.8751,97499923.0935,79751499.1625
600036.SH,20250102,38.51,6.6248,0.9692,2.8639,97121625.4095,79442064.9961
600036.SH,20241231,39.3,6.7608,0.9891,2.9227,99113993.2119,81071751.606
600036.SH,20241230,39.62,6.8158,0.9971,2.9465,99921028.2712,81731877.8277
600036.SH,20241227,39.34,6.7676,0.9901,2.9256,99214872.5943,81154267.3837
600036.SH,20241226,39.48,6.7917,0.9936,2.936,99567950.4327,81443072.6057
600036.SH,20241225,39.4,6.778,0.9916,2.9301,99366191.6679,81278041.0503
600036.SH,20241224,39.22,6.747,0.9871,2.9167,98912234.4471,80906720.0505
600036.SH,20241223,38.35,6.5973,0.9652,2.852,96718107.8798,79112001.8852
600036.SH,20241220,37.91,6.5216,0.9541,2.8193,95608434.6734,78204328.3303
600036.SH,20241219,38.02,6.5406,0.9569,2.8275,95885852.975,78431246.7191
600036.SH,20241218,38.52,6.6266,0.9695,2.8646,97146845.2551,79462693.9405
600036.SH,20241217,37.85,6.5113,0.9526,2.8148,95457115.5998,78080554.6638
600036.SH,20241216,37.74,6.4924,0.9498,2.8066,95179697.2982,77853636.275
600036.SH,20241213,37.3,6.4167,0.9387,2.7739,94070024.0917,76945962.7202
600036.SH,20241212,38.8,6.6747,0.9765,2.8855,97853000.9319,80040304.3845
600036.SH,20241211,38.3,6.5887,0.9639,2.8483,96592008.6518,79008857.1631
600036.SH,20241210,38.6,6.6403,0.9715,2.8706,97348604.0199,79627725.4959
600036.SH,20241209,37.7,6.4855,0.9488,2.8037,95078817.9158,77771120.4973
600036.SH,20241206,37.7,6.4855,0.9488,2.8037,95078817.9158,77771120.4973
600036.SH,20241205,36.91,6.3496,0.9289,2.7449,93086450.1133,76141433.8874
600036.SH,20241204,36.81,6.3324,0.9264,2.7375,92834251.6573,75935144.4431
600036.SH,20241203,37.12,6.3857,0.9342,2.7605,93616066.8709,76574641.7204
600036.SH,20241202,36.51,6.2808,0.9189,2.7152,92077656.2893,75316276.1103
600036.SH,20241129,36.34,6.2515,0.9146,2.7025,91648918.914,74965584.055
600036.SH,20241128,36.47,6.2739,0.9179,2.7122,91976776.9068,75233760.3326
600036.SH,20241127,36.6,6.2963,0.9211,2.7219,92304634.8997,75501936.6101
600036.SH,20241126,36.39,6.2601,0.9158,2.7062,91775018.142,75068728.7771
600036.SH,20241125,36.22,6.2309,0.9116,2.6936,91346280.7668,74718036.7218
600036.SH,20241122,36.45,6.2705,0.9174,2.7107,91926337.2156,75192502.4437
600036.SH,20241121,37.43,6.4391,0.942,2.7836,94397882.0845,77214138.9977
600036.SH,20241120,37.48,6.4477,0.9433,2.7873,94523981.3125,77317283.7199
600036.SH,20241119,37.72,6.4889,0.9493,2.8052,95129257.607,77812378.3862
600036.SH,20241118,37.9,6.5199,0.9538,2.8185,95583214.8278,78183699.3859
600036.SH,20241115,37.82,6.5061,0.9518,2.8126,95381456.063,78018667.8305
600036.SH,20241114,38.06,6.5474,0.9579,2.8304,95986732.3574,78513762.4968
600036.SH,20241113,37.82,6.5061,0.9518,2.8126,95381456.063,78018667.8305
600036.SH,20241112,37.59,6.4666,0.946,2.7955,94801399.6142,77544202.1086
600036.SH,20241111,38.33,6.5939,0.9647,2.8505,96667668.1886,79070743.9964
600036.SH,20241108,38.8,6.6747,0.9765,2.8855,97853000.9319,80040304.3845
600036.SH,20241107,39.57,6.8072,0.9959,2.9427,99794929.0432,81628733.1056
600036.SH,20241106,38.56,6.6335,0.9705,2.8676,97247724.6375,79545209.7182
600036.SH,20241105,39.08,6.7229,0.9835,2.9063,98559156.6087,80617914.8285
600036.SH,20241104,38.75,6.6661,0.9752,2.8818,97726901.7039,79937159.6624
600036.SH,20241101,38.01,6.5388,0.9566,2.8267,95860633.1294,78410617.7746
600036.SH,20241031,37.36,6.427,0.9403,2.7784,94221343.1653,77069736.3867
600036.SH,20241030,37.88,6.5165,0.9533,2.8171,95532775.1366,78142441.4971
600036.SH,20241029,38.6,6.6403,1.0143,2.8706,97348604.0199,79627725.4959
600036.SH,20241028,38.52,6.6266,1.0122,2.8646,97146845.2551,79462693.9405
600036.SH,20241025,39.1,6.7263,1.0274,2.9078,98609596.2999,80659172.7174
600036.SH,20241024,39.31,6.7625,1.033,2.9234,99139213.0575,81092380.5504
600036.SH,20241023,39.66,6.8227,1.0421,2.9494,100021907.6536,81814393.6054
600036.SH,20241022,39.17,6.7384,1.0293,2.913,98786135.2191,80803575.3284
600036.SH,20241021,38.85,6.6833,1.0209,2.8892,97979100.1599,80143449.1067
600036.SH,20241018,39.05,6.7177,1.0261,2.9041,98483497.0719,80556027.9952
600036.SH,20241017,38.49,6.6214,1.0114,2.8624,97071185.7182,79400807.1072
600036.SH,20241016,39.5,6.7952,1.0379,2.9375,99618390.124,81484330.4946
600036.SH,20241015,38.5,6.6231,1.0117,2.8632,97096405.5639,79421436.0517
600036.SH,20241014,39.33,6.7659,1.0335,2.9249,99189652.7487,81133638.4393
600036.SH,20241011,38.43,6.6111,1.0098,2.858,96919866.6446,79277033.4406
600036.SH,20241010,38.73,6.6627,1.0177,2.8803,97676462.0127,79895901.7735
600036.SH,20241009,37.01,6.3668,0.9725,2.7524,93338648.5693,76347723.3317
600036.SH,20241008,40.0,6.8812,1.0511,2.9747,100879382.404,82515777.716
600036.SH,20240930,37.61,6.47,0.9883,2.797,94851839.3054,77585459.9975
600036.SH,20240927,35.63,6.1294,0.9363,2.6497,89858309.8764,73500929.0005
600036.SH,20240926,35.38,6.0864,0.9297,2.6311,89227813.7363,72985205.3898
600036.SH,20240925,34.15,5.8748,0.8974,2.5397,86125772.7274,70447845.225
600036.SH,20240924,33.13,5.6993,0.8706,2.4638,83553348.4761,68343692.8933
600036.SH,20240923,31.39,5.4,0.8248,2.3344,79165095.3415,64754256.5626
600036.SH,20240920,30.94,5.3226,0.813,2.3009,78030202.2895,63825954.0633
600036.SH,20240919,30.82,5.3019,0.8099,2.292,77727564.1423,63578406.7302
600036.SH,20240918,31.11,5.3518,0.8175,2.3136,78458939.6647,64176646.1186
600036.SH,20240913,30.6,5.2641,0.8041,2.2757,77172727.5391,63124569.9527
600036.SH,20240912,30.23,5.2004,0.7944,2.2481,76239593.2518,62361299.0089
600036.SH,20240911,30.08,5.1746,0.7904,2.237,75861295.5678,62051864.8424
600036.SH,20240910,30.19,5.1936,0.7933,2.2452,76138713.8694,62278783.2312
600036.SH,20240909,30.24,5.2022,0.7946,2.2489,76264813.0974,62381927.9533
600036.SH,20240906,31.25,5.3759,0.8212,2.324,78812017.5031,64465451.3406
600036.SH,20240905,31.2,5.3673,0.8198,2.3203,78685918.2751,64362306.6185
600036.SH,20240904,31.36,5.3948,0.824,2.3322,79089435.8047,64692369.7293
600036.SH,20240903,31.62,5.4396,0.8763,2.3515,79745151.7904,65228722.2845
600036.SH,20240902,31.93,5.4929,0.9124,2.3746,80526967.004,65868219.5618
600036.SH,20240830,32.15,5.5307,0.9187,2.3909,81081803.6072,66322056.3392
600036.SH,20240829,32.93,5.6649,0.9039,2.4489,83048951.5641,67931114.0047
600036.SH,20240828,33.68,5.7939,0.9245,2.5047,84940439.9842,69478284.8369
600036.SH,20240827,33.7,5.7974,0.925,2.5062,84990879.6754,69519542.7257
600036.SH,20240826,33.77,5.8094,0.927,2.5114,85167418.5946,69663945.3367
600036.SH,20240823,33.7,5.7974,0.925,2.5062,84990879.6754,69519542.7257
600036.SH,20240822,33.3,5.7286,0.9141,2.4764,83982085.8513,68694384.9486
600036.SH,20240821,33.24,5.7183,0.9124,2.472,83830766.7777,68570611.282
600036.SH,20240820,33.48,5.7595,0.919,2.4898,84436043.0721,69065705.9483
600036.SH,20240819,33.42,5.7492,0.9173,2.4854,84284723.9985,68941932.2817
600036.SH,20240816,33.15,5.7028,0.9099,2.4653,83603788.1673,68384950.7821
600036.SH,20240815,32.76,5.6357,0.8992,2.4363,82620214.1889,67580421.9494
600036.SH,20240814,31.86,5.4809,0.8745,2.3694,80350428.0848,65723816.9508
600036.SH,20240813,31.94,5.4946,0.8767,2.3753,80552186.8496,65888848.5062
600036.SH,20240812,32.12,5.5256,0.8817,2.3887,81006144.0704,66260169.5059
600036.SH,20240809,32.33,5.5617,0.8874,2.4043,81535760.828,66693377.339
600036.SH,20240808,31.93,5.4929,0.8765,2.3746,80526967.004,65868219.5618
600036.SH,20240807,31.58,5.4327,0.8668,2.3485,79644272.408,65146206.5068
600036.SH,20240806,31.7,5.4533,0.8701,2.3575,79946910.5552,65393753.8399
600036.SH,20240805,32.1,5.5221,0.8811,2.3872,80955704.3792,66218911.6171
600036.SH,20240802,32.28,5.5531,0.8861,2.4006,81409661.6,66590232.6168
600036.SH,20240801,32.71,5.6271,0.8979,2.4326,82494114.9609,67477277.2273
600036.SH,20240731,32.73,5.6305,0.8984,2.4341,82544554.6521,67518535.1161
600036.SH,20240730,32.42,5.5772,0.8899,2.411,81762739.4384,66879037.8388
600036.SH,20240729,32.45,5.5824,0.8907,2.4132,81838398.9752,66940924.6721
600036.SH,20240726,32.37,5.5686,0.8885,2.4073,81636640.2104,66775893.1167
600036.SH,20240725,32.83,5.6477,0.9012,2.4415,82796753.1081,67724824.5604
600036.SH,20240724,33.18,5.7079,0.9108,2.4675,83679447.7041,68446837.6154
600036.SH,20240723,33.34,5.7355,0.9152,2.4794,84082965.2337,68776900.7263
600036.SH,20240722,33.34,5.7355,0.9152,2.4794,84082965.2337,68776900.7263
600036.SH,20240719,34.25,5.892,0.9401,2.5471,86377971.1834,70654134.6693
600036.SH,20240718,34.09,5.8645,0.9357,2.5352,85974453.6538,70324071.5585
600036.SH,20240717,34.07,5.861,0.9352,2.5337,85924013.9626,70282813.6696
600036.SH,20240716,33.79,5.8129,0.9275,2.5129,85217858.2858,69705203.2256
600036.SH,20240715,33.78,5.8112,0.9272,2.5121,85192638.4402,69684574.2812
600036.SH,20240712,34.0,5.849,0.9333,2.5285,85747475.0434,70138411.0586
600036.SH,20240711,32.9,5.6598,0.9031,2.4467,82973292.0273,67869227.1714
600036.SH,20240710,34.68,5.966,0.9031,2.5791,87462424.5443,71541179.2798
600036.SH,20240709,34.47,5.9299,0.8976,2.5635,86932807.7866,71107971.4468
600036.SH,20240708,33.99,5.8473,0.8851,2.5278,85722255.1978,70117782.1142
600036.SH,20240705,33.88,5.8284,0.8822,2.5196,85444836.8962,69890863.7255
600036.SH,20240704,34.71,5.9711,0.9038,2.5813,87538084.0811,71603066.1131
600036.SH,20240703,34.46,5.9281,0.8973,2.5627,86907587.941,71087342.5023
600036.SH,20240702,35.08,6.0348,0.9135,2.6088,88471218.3683,72366337.0569
600036.SH,20240701,34.36,5.9109,0.8947,2.5553,86655389.485,70881053.058
600036.SH,20240628,34.19,5.8817,0.8903,2.5426,86226652.1098,70530361.0028
600036.SH,20240627,34.26,5.8937,0.8921,2.5478,86403191.029,70674763.6138
600036.SH,20240626,34.06,5.8593,0.8869,2.533,85898794.117,70262184.7252
600036.SH,20240625,34.3,5.9006,0.8932,2.5508,86504070.4114,70757279.3915
600036.SH,20240624,34.07,5.861,0.8872,2.5337,85924013.9626,70282813.6696
600036.SH,20240621,33.7,5.7974,0.8775,2.5062,84990879.6754,69519542.7257
600036.SH,20240620,34.01,5.8507,0.8856,2.5293,85772694.889,70159040.003
600036.SH,20240619,34.15,5.8748,0.8893,2.5397,86125772.7274,70447845.225
600036.SH,20240618,33.71,5.7991,0.8778,2.5069,85016099.521,69540171.6702
600036.SH,20240617,33.73,5.8025,0.8783,2.5084,85066539.2122,69581429.559
600036.SH,20240614,33.81,5.8163,0.8804,2.5144,85268297.977,69746461.1144
600036.SH,20240613,32.82,5.646,0.8546,2.4408,82771533.2625,67704195.616
600036.SH,20240612,33.09,5.6925,0.8617,2.4608,83452469.0937,68261177.1156
600036.SH,20240611,33.36,5.7389,0.8687,2.4809,84133404.9249,68818158.6151
600036.SH,20240607,33.99,5.8473,0.8851,2.5278,85722255.1978,70117782.1142
600036.SH,20240606,34.0,5.849,0.8853,2.5285,85747475.0434,70138411.0586
600036.SH,20240605,33.99,5.8473,0.8851,2.5278,85722255.1978,70117782.1142
600036.SH,20240604,34.54,5.9419,0.8994,2.5687,87109346.7059,71252374.0578
600036.SH,20240603,34.15,5.8748,0.8893,2.5397,86125772.7274,70447845.225
600036.SH,20240531,34.28,5.8972,0.8926,2.5493,86453630.7202,70716021.5026
600036.SH,20240530,34.34,5.9075,0.8942,2.5538,86604949.7938,70839795.1692
600036.SH,20240529,34.57,5.9471,0.9002,2.5709,87185006.2427,71314260.8911
600036.SH,20240528,34.83,5.9918,0.907,2.5902,87840722.2283,71850613.4462
600036.SH,20240527,35.14,6.0451,0.915,2.6133,88622537.4419,72490110.7235
600036.SH,20240524,34.74,5.9763,0.9046,2.5835,87613743.6179,71664952.9463
600036.SH,20240523,35.5,6.107,0.9244,2.6401,89530451.8836,73232752.723
600036.SH,20240522,36.06,6.2034,0.939,2.6817,90942763.2372,74387973.611
600036.SH,20240521,36.24,6.2343,0.9437,2.6951,91396720.458,74759294.6107
600036.SH,20240520,36.38,6.2584,0.9473,2.7055,91749798.2964,75048099.8327
600036.SH,20240517,36.85,6.3393,0.9596,2.7405,92935131.0397,76017660.2209
600036.SH,20240516,36.25,6.2361,0.9439,2.6958,91421940.3036,74779923.5551
600036.SH,20240515,35.05,6.0296,0.9127,2.6066,88395558.8315,72304450.2236
600036.SH,20240514,35.34,6.0795,0.9202,2.6282,89126934.3539,72902689.6121
600036.SH,20240513,35.91,6.1776,0.9351,2.6705,90564465.5532,74078539.4445
600036.SH,20240510,35.62,6.1277,0.9275,2.649,89833090.0308,73480300.0561
600036.SH,20240509,34.84,5.9935,0.9072,2.591,87865942.0739,71871242.3906
600036.SH,20240508,34.57,5.9471,0.9002,2.5709,87185006.2427,71314260.8911
600036.SH,20240507,34.87,5.9987,0.908,2.5932,87941601.6107,71933129.2239
600036.SH,20240506,34.88,6.0004,0.9083,2.594,87966821.4563,71953758.1684
600036.SH,20240430,34.31,5.9023,0.8934,2.5516,86529290.257,70777908.3359
600036.SH,20240429,34.88,6.0004,0.95,2.594,87966821.4563,71953758.1684
600036.SH,20240426,34.48,5.9316,0.9391,2.5642,86958027.6322,71128600.3912
600036.SH,20240425,34.4,5.9178,0.937,2.5583,86756268.8674,70963568.8358
600036.SH,20240424,33.46,5.7561,0.9114,2.4883,84385603.3809,69024448.0594
600036.SH,20240423,33.38,5.7423,0.9092,2.4824,84183844.6161,68859416.504
600036.SH,20240422,33.34,5.7355,0.9081,2.4794,84082965.2337,68776900.7263
600036.SH,20240419,33.62,5.7836,0.9157,2.5002,84789120.9106,69354511.1703
600036.SH,20240418,33.65,5.7888,0.9165,2.5025,84864780.4474,69416398.0036
600036.SH,20240417,33.3,5.7286,0.907,2.4764,83982085.8513,68694384.9486
600036.SH,20240416,32.75,5.634,0.892,2.4355,82594994.3433,67559793.005
600036.SH,20240415,32.83,5.6477,0.8942,2.4415,82796753.1081,67724824.5604
600036.SH,20240412,32.12,5.5256,0.8749,2.3887,81006144.0704,66260169.5059
600036.SH,20240411,32.3,5.5565,0.8798,2.4021,81460101.2912,66631490.5057
600036.SH,20240410,32.49,5.5892,0.8849,2.4162,81939278.3576,67023440.4498
600036.SH,20240409,32.31,5.5583,0.88,2.4028,81485321.1368,66652119.4501
600036.SH,20240408,32.4,5.5738,0.8825,2.4095,81712299.7472,66837779.95
600036.SH,20240403,32.23,5.5445,0.8779,2.3969,81283562.372,66487087.8947
600036.SH,20240402,32.55,5.5996,0.8866,2.4207,82090597.4313,67147214.1164
600036.SH,20240401,32.64,5.615,0.889,2.4274,82317576.0417,67332874.6163
600036.SH,20240329,32.2,5.5393,0.877,2.3946,81207902.8352,66425201.0614
600036.SH,20240328,32.18,5.5359,0.8765,2.3932,81157463.144,66383943.1725
600036.SH,20240327,32.3,5.5565,0.8798,2.4021,81460101.2912,66631490.5057
600036.SH,20240326,32.4,5.5738,0.8825,2.4095,81712299.7472,66837779.95
600036.SH,20240325,31.35,5.7288,0.8271,2.2932,79064215.9591,64671740.7849
600036.SH,20240322,31.2,5.7014,0.8231,2.2822,78685918.2751,64362306.6185
600036.SH,20240321,31.55,5.7653,0.8324,2.3078,79568612.8712,65084319.6735
600036.SH,20240320,31.18,5.6977,0.8226,2.2807,78635478.5839,64321048.7296
600036.SH,20240319,30.8,5.6283,0.8126,2.2529,77677124.4511,63537148.8413
600036.SH,20240318,31.13,5.6886,0.8213,2.2771,78509379.3559,64217904.0075
600036.SH,20240315,31.18,5.6977,0.8226,2.2807,78635478.5839,64321048.7296
600036.SH,20240314,31.25,5.7105,0.8245,2.2858,78812017.5031,64465451.3406
600036.SH,20240313,31.52,5.7599,0.8316,2.3056,79492953.3344,65022432.8402
600036.SH,20240312,31.95,5.8384,0.8429,2.337,80577406.6952,65909477.4507
600036.SH,20240311,31.48,5.7525,0.8305,2.3027,79392073.9519,64939917.0625
600036.SH,20240308,31.67,5.7873,0.8355,2.3166,79871251.0184,65331867.0066
600036.SH,20240307,32.0,5.8476,0.8443,2.3407,80703505.9232,66012622.1728
600036.SH,20240306,31.87,5.8238,0.8408,2.3312,80375647.9304,65744445.8952
600036.SH,20240305,32.18,5.8805,0.849,2.3539,81157463.144,66383943.1725
600036.SH,20240304,31.52,5.7599,0.8316,2.3056,79492953.3344,65022432.8402
600036.SH,20240301,31.94,5.8366,0.8427,2.3363,80552186.8496,65888848.5062
600036.SH,20240229,32.04,5.8549,0.8453,2.3436,80804385.3056,66095137.9505
600036.SH,20240228,32.02,5.8512,0.8448,2.3422,80753945.6144,66053880.0617
600036.SH,20240227,32.18,5.8805,0.849,2.3539,81157463.144,66383943.1725
600036.SH,20240226,32.25,5.8933,0.8508,2.359,81334002.0632,66528345.7835
600036.SH,20240223,32.95,6.0212,0.8693,2.4102,83099391.2553,67972371.8936
600036.SH,20240222,32.8,5.9938,0.8654,2.3992,82721093.5713,67662937.7271
600036.SH,20240221,33.0,6.0303,0.8706,2.4139,83225490.4833,68075516.6157
600036.SH,20240220,31.4,5.7379,0.8284,2.2968,79190315.1871,64774885.5071
600036.SH,20240219,31.62,5.7781,0.8342,2.3129,79745151.7904,65228722.2845
600036.SH,20240208,31.4,5.7379,0.8284,2.2968,79190315.1871,64774885.5071
600036.SH,20240207,31.31,5.7215,0.826,2.2902,78963336.5767,64589225.0072
600036.SH,20240206,31.33,5.7251,0.8266,2.2917,79013776.2679,64630482.8961
600036.SH,20240205,30.71,5.6118,0.8102,2.2463,77450145.8407,63351488.3415
600036.SH,20240202,30.23,5.5241,0.7976,2.2112,76239593.2518,62361299.0089
600036.SH,20240201,30.42,5.5588,0.8026,2.2251,76718770.3182,62753248.953
600036.SH,20240131,30.71,5.6118,0.8102,2.2463,77450145.8407,63351488.3415
600036.SH,20240130,31.0,5.6648,0.8179,2.2676,78181521.3631,63949727.7299
600036.SH,20240129,31.35,5.7288,0.8271,2.2932,79064215.9591,64671740.7849
600036.SH,20240126,31.12,5.6868,0.821,2.2763,78484159.5103,64197275.063
600036.SH,20240125,30.9,5.6466,0.8152,2.2602,77929322.9071,63743438.2856
600036.SH,20240124,30.09,5.4985,0.7939,2.201,75886515.4134,62072493.7869
600036.SH,20240123,29.99,5.4803,0.7912,2.1937,75634316.9574,61866204.3426
600036.SH,20240122,30.25,5.5278,0.7981,2.2127,76290032.943,62402556.8977
600036.SH,20240119,29.73,5.4328,0.8408,2.1747,74978600.9718,61329851.7874
600036.SH,20240118,29.58,5.4053,0.8365,2.1637,74600303.2878,61020417.621
600036.SH,20240117,29.19,5.3341,0.8255,2.1352,73616729.3093,60215888.7883
600036.SH,20240116,29.13,5.3231,0.8238,2.1308,73465410.2357,60092115.1217
600036.SH,20240115,28.77,5.2573,0.8136,2.1044,72557495.7941,59349473.1222
600036.SH,20240112,28.54,5.2153,0.8071,2.0876,71977439.3453,58875007.4004
600036.SH,20240111,28.38,5.1861,0.8026,2.0759,71573921.8156,58544944.2895
600036.SH,20240110,28.05,5.1258,0.7933,2.0518,70741666.9108,57864189.1233
600036.SH,20240109,28.17,5.1477,0.7966,2.0606,71044305.058,58111736.4565
600036.SH,20240108,28.13,5.1404,0.7955,2.0576,70943425.6756,58029220.6788
600036.SH,20240105,28.29,5.1696,0.8,2.0693,71346943.2052,58359283.7896
600036.SH,20240104,27.81,5.0819,0.7865,2.0342,70136390.6164,57369094.457
600036.SH,20240103,27.77,5.0746,0.7853,2.0313,70035511.234,57286578.6793
600036.SH,20240102,27.58,5.0399,0.78,2.0174,69556334.1676,56894628.7352
600036.SH,20231229,27.82,5.0837,0.7868,2.0349,70161610.462,57389723.4015
600036.SH,20231228,27.99,5.1148,0.7916,2.0474,70590347.8372,57740415.4568
600036.SH,20231227,27.3,4.9887,0.772,1.9969,68850178.4907,56317018.2912
600036.SH,20231226,27.27,4.9832,0.7712,1.9947,68774518.9539,56255131.4579
600036.SH,20231225,27.53,5.0307,0.7786,2.0137,69430234.9396,56791484.013
600036.SH,20231222,27.61,5.0454,0.7808,2.0196,69631993.7044,56956515.5685
600036.SH,20231221,27.71,5.0636,0.7836,2.0269,69884192.1604,57162805.0128
600036.SH,20231220,27.06,4.9449,0.7653,1.9794,68244902.1963,55821923.6249
600036.SH,20231219,27.29,4.9869,0.7718,1.9962,68824958.6451,56296389.3467
600036.SH,20231218,27.28,4.9851,0.7715,1.9955,68799738.7995,56275760.4023
600036.SH,20231215,27.23,4.9759,0.7701,1.9918,68673639.5715,56172615.6802
600036.SH,20231214,27.03,4.9394,0.7644,1.9772,68169242.6595,55760036.7916
600036.SH,20231213,27.22,4.9741,0.7698,1.9911,68648419.7259,56151986.7357
600036.SH,20231212,28.05,5.1258,0.7933,2.0518,70741666.9108,57864189.1233
600036.SH,20231211,27.76,5.0728,0.7851,2.0306,70010291.3884,57265949.7349
600036.SH,20231208,27.5,5.0253,0.7777,2.0115,69354575.4028,56729597.1798
600036.SH,20231207,27.81,5.0819,0.7865,2.0342,70136390.6164,57369094.457
600036.SH,20231206,27.76,5.0728,0.7851,2.0306,70010291.3884,57265949.7349
600036.SH,20231205,27.51,5.0271,0.778,2.0123,69379795.2484,56750226.1242
600036.SH,20231204,28.08,5.1312,0.7941,2.054,70817326.4476,57926075.9566
600036.SH,20231201,28.26,5.1641,0.7992,2.0671,71271283.6684,58297396.9564
600036.SH,20231130,28.79,5.261,0.8142,2.1059,72607935.4853,59390731.0111
600036.SH,20231129,28.8,5.2628,0.8145,2.1066,72633155.3309,59411359.9555
600036.SH,20231128,29.16,5.3286,0.8246,2.133,73541069.7725,60154001.955
600036.SH,20231127,29.4,5.3725,0.8314,2.1505,74146346.0669,60649096.6213
600036.SH,20231124,30.0,5.4821,0.8484,2.1944,75659536.803,61886833.287
600036.SH,20231123,30.14,5.5077,0.8524,2.2047,76012614.6414,62175638.509
600036.SH,20231122,30.16,5.5113,0.8529,2.2061,76063054.3326,62216896.3979
600036.SH,20231121,30.43,5.5607,0.8606,2.2259,76743990.1638,62773877.8974
600036.SH,20231120,30.58,5.5881,0.8648,2.2368,77122287.8479,63083312.0639
600036.SH,20231117,30.33,5.5424,0.8577,2.2185,76491791.7078,62567588.4532
600036.SH,20231116,30.54,5.5808,0.8637,2.2339,77021408.4655,63000796.2862
600036.SH,20231115,30.64,5.599,0.8665,2.2412,77273606.9215,63207085.7305
600036.SH,20231114,30.2,5.5186,0.8541,2.209,76163933.715,62299412.1756
600036.SH,20231113,29.82,5.4492,0.8433,2.1812,75205579.5822,61515512.2873
600036.SH,20231110,30.16,5.5113,0.8529,2.2061,76063054.3326,62216896.3979
600036.SH,20231109,30.66,5.6027,0.8671,2.2427,77324046.6127,63248343.6193
600036.SH,20231108,30.6,5.5917,0.8654,2.2383,77172727.5391,63124569.9527
600036.SH,20231107,30.8,5.6283,0.871,2.2529,77677124.4511,63537148.8413
600036.SH,20231106,31.14,5.6904,0.8806,2.2778,78534599.2015,64238532.9519
600036.SH,20231103,30.99,5.663,0.8764,2.2668,78156301.5175,63929098.7855
600036.SH,20231102,30.68,5.6064,0.8676,2.2442,77374486.3039,63289601.5082
600036.SH,20231101,30.45,5.5643,0.8611,2.2273,76794429.855,62815135.7863
600036.SH,20231031,30.76,5.621,0.8699,2.25,77576245.0687,63454633.0636
600036.SH,20231030,30.9,5.6466,0.8739,2.2602,77929322.9071,63743438.2856
600036.SH,20231027,31.53,5.7617,0.9282,2.3063,79518173.18,65043061.7846
600036.SH,20231026,31.5,5.7562,0.9273,2.3041,79442513.6432,64981174.9514
600036.SH,20231025,31.42,5.7416,0.925,2.2983,79240754.8783,64816143.3959
600036.SH,20231024,31.3,5.7197,0.9214,2.2895,78938116.7311,64568596.0628
600036.SH,20231023,31.23,5.7069,0.9194,2.2844,78761577.8119,64424193.4518
600036.SH,20231020,31.65,5.7836,0.9317,2.3151,79820811.3272,65290609.1178
600036.SH,20231019,31.57,5.769,0.9294,2.3093,79619052.5624,65125577.5624
600036.SH,20231018,32.49,5.9371,0.9565,2.3765,81939278.3576,67023440.4498
600036.SH,20231017,32.52,5.9426,0.9574,2.3787,82014937.8945,67085327.2831
600036.SH,20231016,32.31,5.9042,0.9512,2.3634,81485321.1368,66652119.4501
600036.SH,20231013,32.61,5.959,0.96,2.3853,82241916.5049,67270987.783
600036.SH,20231012,33.07,6.0431,0.9735,2.419,83402029.4025,68219919.2267
600036.SH,20231011,32.45,5.9298,0.9553,2.3736,81838398.9752,66940924.6721
600036.SH,20231010,32.59,5.9554,0.9594,2.3839,82191476.8137,67229729.8941
600036.SH,20231009,32.58,5.9536,0.9591,2.3831,82166256.9681,67209100.9497
600036.SH,20230928,32.97,6.0248,0.9706,2.4117,83149830.9465,68013629.7824
600036.SH,20230927,32.82,5.9974,0.9662,2.4007,82771533.2625,67704195.616
600036.SH,20230926,32.8,5.9938,0.9656,2.3992,82721093.5713,67662937.7271
600036.SH,20230925,33.0,6.0303,0.9715,2.4139,83225490.4833,68075516.6157
600036.SH,20230922,33.34,6.0924,0.9815,2.4387,84082965.2337,68776900.7263
600036.SH,20230921,32.37,5.9152,0.9529,2.3678,81636640.2104,66775893.1167
600036.SH,20230920,32.73,5.981,0.9635,2.3941,82544554.6521,67518535.1161
600036.SH,20230919,32.96,6.023,0.9703,2.4109,83124611.1009,67993000.838
600036.SH,20230918,33.02,6.034,0.9721,2.4153,83275930.1745,68116774.5046
600036.SH,20230915,32.96,6.023,0.9703,2.4109,83124611.1009,67993000.838
600036.SH,20230914,33.07,6.0431,0.9735,2.419,83402029.4025,68219919.2267
600036.SH,20230913,32.75,5.9846,0.9641,2.3956,82594994.3433,67559793.005
600036.SH,20230912,32.88,6.0084,0.968,2.4051,82922852.3361,67827969.2826
600036.SH,20230911,32.91,6.0139,0.9688,2.4073,82998511.8729,67889856.1158
600036.SH,20230908,33.17,6.0614,0.9765,2.4263,83654227.8585,68426208.671
600036.SH,20230907,33.14,6.0559,0.9756,2.4241,83578568.3217,68364321.8377
600036.SH,20230906,33.36,6.0961,0.9821,2.4402,84133404.9249,68818158.6151
600036.SH,20230905,33.11,6.0504,0.9747,2.4219,83502908.7849,68302435.0044
600036.SH,20230904,33.53,6.1272,0.9871,2.4526,84562142.3002,69168850.6704
600036.SH,20230901,32.27,5.8969,0.95,2.3605,81384441.7544,66569603.6724
600036.SH,20230831,31.55,5.7653,0.9288,2.3078,79568612.8712,65084319.6735
600036.SH,20230830,31.66,5.7854,0.932,2.3158,79846031.1728,65311238.0622
600036.SH,20230829,32.04,5.8549,0.9432,2.3436,80804385.3056,66095137.9505
600036.SH,20230828,32.26,5.8951,0.9497,2.3597,81359221.9088,66548974.728
600036.SH,20230825,31.56,5.7672,0.9744,2.3085,79593832.7168,65104948.6179
600036.SH,20230824,31.06,5.6758,0.959,2.2719,78332840.4367,64073501.3965
600036.SH,20230823,30.85,5.6374,0.9525,2.2566,77803223.6791,63640293.5635
600036.SH,20230822,31.32,5.7233,0.967,2.291,78988556.4223,64609853.9516
600036.SH,20230821,31.13,5.6886,0.9612,2.2771,78509379.3559,64217904.0075
600036.SH,20230818,31.88,5.8256,0.9843,2.3319,80400867.776,65765074.8397
600036.SH,20230817,31.79,5.8092,0.9816,2.3253,80173889.1656,65579414.3398
600036.SH,20230816,31.97,5.8421,0.9871,2.3385,80627846.3864,65950735.3395
600036.SH,20230815,32.36,5.9134,0.9991,2.367,81611420.3648,66755264.1722
600036.SH,20230814,32.46,5.9316,1.0022,2.3744,81863618.8208,66961553.6165
600036.SH,20230811,33.15,6.0577,1.0235,2.4248,83603788.1673,68384950.7821
600036.SH,20230810,34.14,6.2386,1.0541,2.4972,86100552.8818,70427216.2806
600036.SH,20230809,34.02,6.2167,1.0504,2.4885,85797914.7346,70179668.9475
600036.SH,20230808,34.15,6.2405,1.0544,2.498,86125772.7274,70447845.225
600036.SH,20230807,34.5,6.3044,1.0652,2.5236,87008467.3235,71169858.2801
600036.SH,20230804,34.88,6.3739,1.077,2.5514,87966821.4563,71953758.1684
600036.SH,20230803,34.68,6.3373,1.0708,2.5367,87462424.5443,71541179.2798
600036.SH,20230802,34.03,6.2185,1.0507,2.4892,85823134.5802,70200297.8919
600036.SH,20230801,34.99,6.394,1.0804,2.5594,88244239.7579,72180676.5571
600036.SH,20230731,35.56,6.4981,1.098,2.6011,89681770.9572,73356526.3895
600036.SH,20230728,35.1,6.4141,1.0837,2.5675,88521658.0595,72407594.9458
600036.SH,20230727,33.66,6.1509,1.0393,2.4621,84890000.293,69437026.948
600036.SH,20230726,33.35,6.0943,1.0297,2.4395,84108185.0793,68797529.6707
600036.SH,20230725,33.27,6.0796,1.0272,2.4336,83906426.3145,68632498.1153
600036.SH,20230724,31.45,5.7471,0.9711,2.3005,79316414.4151,64878030.2292
600036.SH,20230721,31.8,5.811,0.9819,2.3261,80199109.0112,65600043.2842
600036.SH,20230720,31.69,5.7909,0.9785,2.318,79921690.7096,65373124.8955
600036.SH,20230719,31.58,5.7708,0.9751,2.31,79644272.408,65146206.5068
600036.SH,20230718,31.46,5.7489,0.9714,2.3012,79341634.2607,64898659.1736
600036.SH,20230717,31.65,5.7836,0.9772,2.3151,79820811.3272,65290609.1178
600036.SH,20230714,31.93,5.8348,0.9859,2.3356,80526967.004,65868219.5618
600036.SH,20230713,31.85,5.8202,0.9834,2.3297,80325208.2392,65703188.0064
600036.SH,20230712,33.2,6.0669,0.9729,2.4285,83729887.3953,68488095.5043
600036.SH,20230711,32.71,5.9773,0.9585,2.3926,82494114.9609,67477277.2273
600036.SH,20230710,32.45,5.9298,0.9509,2.3736,81838398.9752,66940924.6721
600036.SH,20230707,32.31,5.9042,0.9468,2.3634,81485321.1368,66652119.4501
600036.SH,20230706,32.58,5.9536,0.9547,2.3831,82166256.9681,67209100.9497
600036.SH,20230705,33.03,6.0358,0.9679,2.416,83301150.0201,68137403.449
600036.SH,20230704,33.51,6.1235,0.982,2.4512,84511702.609,69127592.7816
600036.SH,20230703,33.72,6.1619,0.9881,2.4665,85041319.3666,69560800.6146
600036.SH,20230630,32.76,5.9865,0.96,2.3963,82620214.1889,67580421.9494
600036.SH,20230629,32.68,5.9718,0.9576,2.3904,82418455.4241,67415390.394
600036.SH,20230628,33.05,6.0394,0.9685,2.4175,83351589.7113,68178661.3378
600036.SH,20230627,32.82,5.9974,0.9617,2.4007,82771533.2625,67704195.616
600036.SH,20230626,32.61,5.959,0.9556,2.3853,82241916.5049,67270987.783
600036.SH,20230621,33.17,6.0614,0.972,2.4263,83654227.8585,68426208.671
600036.SH,20230620,33.19,6.065,0.9726,2.4277,83704667.5497,68467466.5599
600036.SH,20230619,33.58,6.1363,0.984,2.4563,84688241.5282,69271995.3926
600036.SH,20230616,33.93,6.2003,0.9943,2.4819,85570936.1242,69994008.4476
600036.SH,20230615,33.72,6.1619,0.9881,2.4665,85041319.3666,69560800.6146
600036.SH,20230614,33.39,6.1016,0.9784,2.4424,84209064.4617,68880045.4484
600036.SH,20230613,33.73,6.1637,0.9884,2.4672,85066539.2122,69581429.559
600036.SH,20230612,33.73,6.1637,0.9884,2.4672,85066539.2122,69581429.559
600036.SH,20230609,33.74,6.1655,0.9887,2.468,85091759.0578,69602058.5034
600036.SH,20230608,34.08,6.2277,0.9987,2.4929,85949233.8082,70303442.614
600036.SH,20230607,33.3,6.0851,0.9758,2.4358,83982085.8513,68694384.9486
600036.SH,20230606,33.07,6.0431,0.9691,2.419,83402029.4025,68219919.2267
600036.SH,20230605,33.04,6.0376,0.9682,2.4168,83326369.8657,68158032.3934
600036.SH,20230602,33.07,6.0431,0.9691,2.419,83402029.4025,68219919.2267
600036.SH,20230601,32.06,5.8585,0.9395,2.3451,80854824.9968,66136395.8394
600036.SH,20230531,32.3,5.9024,0.9465,2.3626,81460101.2912,66631490.5057
600036.SH,20230530,32.64,5.9645,0.9565,2.3875,82317576.0417,67332874.6163
600036.SH,20230529,32.69,5.9737,0.9579,2.3912,82443675.2697,67436019.3384
600036.SH,20230526,32.74,5.9828,0.9594,2.3948,82569774.4977,67539164.0605
600036.SH,20230525,32.42,5.9243,0.95,2.3714,81762739.4384,66879037.8388
600036.SH,20230524,32.93,6.0175,0.965,2.4087,83048951.5641,67931114.0047
600036.SH,20230523,33.6,6.14,0.9846,2.4577,84738681.2194,69313253.2814
600036.SH,20230522,34.2,6.2496,1.0022,2.5016,86251871.9554,70550989.9472
600036.SH,20230519,33.95,6.2039,0.9949,2.4833,85621375.8154,70035266.3365
600036.SH,20230518,34.45,6.2953,1.0095,2.5199,86882368.0954,71066713.5579
600036.SH,20230517,34.5,6.3044,1.011,2.5236,87008467.3235,71169858.2801
600036.SH,20230516,34.82,6.3629,1.0203,2.547,87815502.3827,71829984.5018
600036.SH,20230515,34.7,6.341,1.0168,2.5382,87512864.2355,71582437.1686
600036.SH,20230512,34.04,6.2204,0.9975,2.4899,85848354.4258,70220926.8363
600036.SH,20230511,34.45,6.2953,1.0095,2.5199,86882368.0954,71066713.5579
600036.SH,20230510,34.4,6.2861,1.008,2.5163,86756268.8674,70963568.8358
600036.SH,20230509,34.99,6.394,1.0253,2.5594,88244239.7579,72180676.5571
600036.SH,20230508,35.6,6.5054,1.0432,2.604,89782650.3396,73439042.1672
600036.SH,20230505,34.69,6.3391,1.0165,2.5375,87487644.3899,71561808.2242
600036.SH,20230504,34.13,6.2368,1.0001,2.4965,86075333.0362,70406587.3362
600036.SH,20230428,33.6,6.14,0.9846,2.4577,84738681.2194,69313253.2814
600036.SH,20230427,32.63,5.9627,0.9562,2.3868,82292356.1961,67312245.6718
600036.SH,20230426,33.82,6.1802,1.0338,2.4738,85293517.8226,69767090.0589
600036.SH,20230425,34.03,6.2185,1.0402,2.4892,85823134.5802,70200297.8919
600036.SH,20230424,33.6,6.14,1.0271,2.4577,84738681.2194,69313253.2814
600036.SH,20230421,34.5,6.3044,1.0546,2.5236,87008467.3235,71169858.2801
600036.SH,20230420,34.99,6.394,1.0696,2.5594,88244239.7579,72180676.5571
600036.SH,20230419,35.5,6.4871,1.0851,2.5967,89530451.8836,73232752.723
600036.SH,20230418,35.68,6.52,1.0906,2.6099,89984409.1044,73604073.7227
600036.SH,20230417,35.2,6.4323,1.076,2.5748,88773856.5155,72613884.3901
600036.SH,20230414,34.39,6.2843,1.0512,2.5155,86731049.0218,70942939.8913
600036.SH,20230413,34.01,6.2149,1.0396,2.4877,85772694.889,70159040.003
600036.SH,20230412,33.74,6.1655,1.0313,2.468,85091759.0578,69602058.5034
600036.SH,20230411,33.73,6.1637,1.031,2.4672,85066539.2122,69581429.559
600036.SH,20230410,34.24,6.2569,1.0466,2.5046,86352751.3378,70633505.7249
600036.SH,20230407,34.14,6.2386,1.0436,2.4972,86100552.8818,70427216.2806
600036.SH,20230406,33.8,6.1765,1.0332,2.4724,85243078.1314,69725832.17
600036.SH,20230404,34.28,6.2642,1.0479,2.5075,86453630.7202,70716021.5026
600036.SH,20230403,34.37,6.2807,1.0506,2.5141,86680609.3306,70901682.0025
600036.SH,20230331,34.27,6.2624,1.0475,2.5067,86428410.8746,70695392.5582
600036.SH,20230330,34.35,6.277,1.05,2.5126,86630169.6394,70860424.1136
600036.SH,20230329,34.12,6.235,1.043,2.4958,86050113.1906,70385958.3917
600036.SH,20230328,34.4,6.2861,1.0515,2.5163,86756268.8674,70963568.8358
600036.SH,20230327,34.21,6.2514,1.0457,2.5024,86277091.801,70571618.8916
600036.SH,20230324,34.43,7.2407,1.0521,2.6213,86831928.4042,71025455.669
600036.SH,20230323,35.2,7.4026,1.0757,2.6799,88773856.5155,72613884.3901
600036.SH,20230322,34.54,7.2638,1.0555,2.6297,87109346.7059,71252374.0578
600036.SH,20230321,34.23,7.1986,1.046,2.6061,86327531.4922,70612876.7805
600036.SH,20230320,34.12,7.1755,1.0427,2.5977,86050113.1906,70385958.3917
600036.SH,20230317,34.36,7.226,1.05,2.616,86655389.485,70881053.058
600036.SH,20230316,34.65,7.287,1.0589,2.6381,87386765.0075,71479292.4465
600036.SH,20230315,34.88,7.3353,1.0659,2.6556,87966821.4563,71953758.1684
600036.SH,20230314,34.58,7.2722,1.0567,2.6327,87210226.0883,71334889.8355
600036.SH,20230313,35.05,7.3711,1.0711,2.6685,88395558.8315,72304450.2236
600036.SH,20230310,35.03,7.3669,1.0705,2.667,88345119.1403,72263192.3348
600036.SH,20230309,35.58,7.4825,1.0873,2.7089,89732210.6484,73397784.2784
600036.SH,20230308,36.0,7.5709,1.1001,2.7408,90791444.1636,74264199.9444
600036.SH,20230307,36.56,7.6886,1.1172,2.7835,92203755.5173,75419420.8324
600036.SH,20230306,37.0,7.7812,1.1307,2.817,93313428.7237,76327094.3873
600036.SH,20230303,38.25,8.0441,1.1689,2.9122,96465909.4238,78905712.4409
600036.SH,20230302,38.25,8.0441,1.1689,2.9122,96465909.4238,78905712.4409
600036.SH,20230301,38.25,8.0441,1.1689,2.9122,96465909.4238,78905712.4409
600036.SH,20230228,37.31,7.8464,1.1402,2.8406,94095243.9373,76966591.6646
600036.SH,20230227,37.16,7.8148,1.1356,2.8292,93716946.2533,76657157.4982
600036.SH,20230224,37.46,7.8779,1.1447,2.852,94473541.6213,77276025.831
600036.SH,20230223,38.27,8.0483,1.1695,2.9137,96516349.115,78946970.3298
600036.SH,20230222,38.16,8.0251,1.1661,2.9053,96238930.8134,78720051.9411
600036.SH,20230221,38.69,8.1366,1.1823,2.9457,97575582.6303,79813385.9958
600036.SH,20230220,38.49,8.0945,1.1762,2.9304,97071185.7182,79400807.1072
600036.SH,20230217,36.71,7.7202,1.1218,2.7949,92582053.2013,75728854.9989
600036.SH,20230216,37.27,7.838,1.1389,2.8375,93994364.5549,76884075.8869
600036.SH,20230215,37.17,7.8169,1.1359,2.8299,93742166.0989,76677786.4426
600036.SH,20230214,38.0,7.9915,1.1612,2.8931,95835413.2838,78389988.8302
600036.SH,20230213,37.72,7.9326,1.1527,2.8718,95129257.607,77812378.3862
600036.SH,20230210,38.16,8.0251,1.1661,2.9053,96238930.8134,78720051.9411
600036.SH,20230209,38.49,8.0945,1.1762,2.9304,97071185.7182,79400807.1072
600036.SH,20230208,38.49,8.0945,1.1762,2.9304,97071185.7182,79400807.1072
600036.SH,20230207,38.41,8.0777,1.1738,2.9243,96869426.9534,79235775.5518
600036.SH,20230206,38.35,8.0651,1.1719,2.9198,96718107.8798,79112001.8852
600036.SH,20230203,39.3,8.2649,1.201,2.9921,99113993.2119,81071751.606
600036.SH,20230202,40.03,8.4184,1.2233,3.0477,100955041.9408,82577664.5493
600036.SH,20230201,40.54,8.5256,1.2389,3.0865,102241254.0665,83629740.7152
600036.SH,20230131,41.21,8.6665,1.2593,3.1375,103930983.7217,85011879.9919
600036.SH,20230130,42.03,8.839,1.2844,3.1999,105999011.061,86703453.4351
600036.SH,20230120,41.05,8.6329,1.2544,3.1253,103527466.1921,84681816.881
600036.SH,20230119,40.65,8.5488,1.2422,3.0949,102518672.3681,83856659.1039
600036.SH,20230118,40.38,8.492,1.234,3.0743,101837736.5368,83299677.6043
600036.SH,20230117,40.68,8.5551,1.2431,3.0972,102594331.9049,83918545.9372
600036.SH,20230116,40.47,8.5109,1.2367,3.0812,102064715.1472,83485338.1042
600036.SH,20230113,39.66,8.3406,1.2516,3.0195,100021907.6536,81814393.6054
600036.SH,20230112,39.05,8.2123,1.2324,2.9731,98483497.0719,80556027.9952
600036.SH,20230111,38.92,8.185,1.2283,2.9632,98155639.0791,80287851.7177
600036.SH,20230110,38.25,8.0441,1.2071,2.9122,96465909.4238,78905712.4409
600036.SH,20230109,38.8,8.1597,1.2245,2.954,97853000.9319,80040304.3845
600036.SH,20230106,38.38,8.0714,1.2112,2.922,96793767.4166,79173888.7185
600036.SH,20230105,38.5,8.0966,1.215,2.9312,97096405.5639,79421436.0517
600036.SH,20230104,38.65,8.1282,1.2198,2.9426,97474703.2479,79730870.2181
600036.SH,20230103,37.58,7.9032,1.186,2.8611,94776179.7686,77523573.1642
600036.SH,20221230,37.26,7.8359,1.1759,2.8368,93969144.7093,76863446.9425
600036.SH,20221229,37.23,7.8295,1.1749,2.8345,93893485.1725,76801560.1092
600036.SH,20221228,37.33,7.8506,1.1781,2.8421,94145683.6285,77007849.5535
600036.SH,20221227,36.67,7.7118,1.1573,2.7919,92481173.8189,75646339.2211
600036.SH,20221226,35.95,7.5604,1.1345,2.737,90665344.9356,74161055.2223
600036.SH,20221223,36.37,7.6487,1.1478,2.769,91724578.4508,75027470.8883
600036.SH,20221222,36.5,7.676,1.1519,2.7789,92052436.4437,75295647.1659
600036.SH,20221221,35.95,7.5604,1.1345,2.737,90665344.9356,74161055.2223
600036.SH,20221220,35.72,7.512,1.1273,2.7195,90085288.4868,73686589.5004
600036.SH,20221219,36.5,7.676,1.1519,2.7789,92052436.4437,75295647.1659
600036.SH,20221216,37.09,7.8001,1.1705,2.8238,93540407.3341,76512754.8872
600036.SH,20221215,36.33,7.6403,1.1465,2.766,91623699.0684,74944955.1106
600036.SH,20221214,36.91,7.7622,1.1648,2.8101,93086450.1133,76141433.8874
600036.SH,20221213,36.14,7.6003,1.1405,2.7515,91144522.002,74553005.1664
600036.SH,20221212,35.79,7.5267,1.1295,2.7249,90261827.406,73830992.1114
600036.SH,20221209,36.75,7.7286,1.1598,2.7979,92682932.5837,75811370.7766
600036.SH,20221208,35.45,7.4552,1.1188,2.699,89404352.6555,73129608.0008
600036.SH,20221207,35.32,7.4279,1.1147,2.6891,89076494.6627,72861431.7232
600036.SH,20221206,35.85,7.5393,1.1314,2.7294,90413146.4796,73954765.778
600036.SH,20221205,36.1,7.5919,1.1393,2.7485,91043642.6196,74470489.3887
600036.SH,20221202,34.39,7.2323,1.0853,2.6183,86731049.0218,70942939.8913
600036.SH,20221201,35.0,7.3606,1.1046,2.6647,88269459.6035,72201305.5015
600036.SH,20221130,34.96,7.3522,1.1033,2.6617,88168580.2211,72118789.7238
600036.SH,20221129,34.86,7.3311,1.1001,2.6541,87916381.7651,71912500.2795
600036.SH,20221128,31.96,6.7213,1.0086,2.4333,80602626.5408,65930106.3951
600036.SH,20221125,33.02,6.9442,1.0421,2.514,83275930.1745,68116774.5046
600036.SH,20221124,32.22,6.7759,1.0168,2.4531,81258342.5264,66466458.9502
600036.SH,20221123,32.22,6.7759,1.0168,2.4531,81258342.5264,66466458.9502
600036.SH,20221122,32.45,6.8243,1.0241,2.4706,81838398.9752,66940924.6721
600036.SH,20221121,31.87,6.7023,1.0058,2.4264,80375647.9304,65744445.8952
600036.SH,20221118,32.07,6.7444,1.0121,2.4416,80880044.8424,66157024.7838
600036.SH,20221117,32.31,6.7949,1.0197,2.4599,81485321.1368,66652119.4501
600036.SH,20221116,33.38,7.0199,1.0534,2.5414,84183844.6161,68859416.504
600036.SH,20221115,33.28,6.9989,1.0503,2.5338,83931646.1601,68653127.0597
600036.SH,20221114,33.14,6.9694,1.0459,2.5231,83578568.3217,68364321.8377
600036.SH,20221111,31.24,6.5698,0.9859,2.3784,78786797.6575,64444822.3962
600036.SH,20221110,29.19,6.1387,0.9212,2.2224,73616729.3093,60215888.7883
600036.SH,20221109,29.18,6.1366,0.9209,2.2216,73591509.4637,60195259.8438
600036.SH,20221108,29.15,6.1303,0.9199,2.2193,73515849.9269,60133373.0105
600036.SH,20221107,29.16,6.1324,0.9203,2.2201,73541069.7725,60154001.955
600036.SH,20221104,29.08,6.1156,0.9177,2.214,73339311.0077,59988970.3995
600036.SH,20221103,28.05,5.899,0.8852,2.1356,70741666.9108,57864189.1233
600036.SH,20221102,28.42,5.9768,0.8969,2.1637,71674801.198,58627460.0672
600036.SH,20221101,28.19,5.9284,0.8896,2.1462,71094744.7492,58152994.3454
600036.SH,20221031,26.82,5.6403,0.8464,2.0419,67639625.9019,55326828.9586
600036.SH,20221028,27.18,5.716,0.9008,2.0693,68547540.3435,56069470.958
600036.SH,20221027,27.94,5.8758,0.926,2.1272,70464248.6092,57637270.7346
600036.SH,20221026,27.93,5.8737,0.9256,2.1264,70439028.7636,57616641.7902
600036.SH,20221025,28.19,5.9284,0.9342,2.1462,71094744.7492,58152994.3454
600036.SH,20221024,28.02,5.8927,0.9286,2.1333,70666007.374,57802302.2901
600036.SH,20221021,29.58,6.2207,0.9803,2.2521,74600303.2878,61020417.621
600036.SH,20221020,30.07,6.3238,0.9965,2.2894,75836075.7222,62031235.898
600036.SH,20221019,30.26,6.3637,1.0028,2.3038,76315252.7886,62423185.8422
600036.SH,20221018,30.8,6.4773,1.0207,2.3449,77677124.4511,63537148.8413
600036.SH,20221017,31.02,6.5236,1.028,2.3617,78231961.0543,63990985.6188
600036.SH,20221014,31.08,6.5362,1.03,2.3663,78383280.1279,64114759.2853
600036.SH,20221013,29.89,6.2859,0.9906,2.2757,75382118.5014,61659914.8983
600036.SH,20221012,30.95,6.5088,1.0257,2.3564,78055422.1351,63846583.0078
600036.SH,20221011,31.4,6.6035,1.0406,2.3906,79190315.1871,64774885.5071
600036.SH,20221010,31.8,6.6876,1.0539,2.4211,80199109.0112,65600043.2842
600036.SH,20220930,33.65,7.0767,1.1152,2.5619,84864780.4474,69416398.0036
600036.SH,20220929,33.15,6.9715,1.0986,2.5239,83603788.1673,68384950.7821
600036.SH,20220928,33.67,7.0809,1.1159,2.5635,84915220.1386,69457655.8924
600036.SH,20220927,33.9,7.1292,1.1235,2.581,85495276.5874,69932121.6143
600036.SH,20220926,33.95,7.1398,1.1251,2.5848,85621375.8154,70035266.3365
600036.SH,20220923,34.36,7.226,1.1387,2.616,86655389.485,70881053.058
600036.SH,20220922,34.17,7.186,1.1324,2.6015,86176212.4186,70489103.1139
600036.SH,20220921,34.41,7.2365,1.1404,2.6198,86781488.713,70984197.7802
600036.SH,20220920,34.54,7.2638,1.1447,2.6297,87109346.7059,71252374.0578
600036.SH,20220919,35.09,7.3795,1.1629,2.6716,88496438.2139,72386966.0014
600036.SH,20220916,34.95,7.3501,1.1583,2.6609,88143360.3755,72098160.7794
600036.SH,20220915,36.01,7.573,1.1934,2.7416,90816664.0092,74284828.8888
600036.SH,20220914,34.86,7.3311,1.1553,2.6541,87916381.7651,71912500.2795
600036.SH,20220913,35.35,7.4342,1.1715,2.6914,89152154.1995,72923318.5565
600036.SH,20220909,34.5,7.2554,1.1434,2.6266,87008467.3235,71169858.2801
600036.SH,20220908,33.3,7.0031,1.1036,2.5353,83982085.8513,68694384.9486
600036.SH,20220907,33.38,7.0199,1.1062,2.5414,84183844.6161,68859416.504
600036.SH,20220906,33.62,7.0704,1.1142,2.5596,84789120.9106,69354511.1703
600036.SH,20220905,34.23,7.1986,1.1344,2.6061,86327531.4922,70612876.7805
600036.SH,20220902,34.32,7.2176,1.1374,2.6129,86554510.1026,70798537.2803
600036.SH,20220901,34.5,7.2554,1.1434,2.6266,87008467.3235,71169858.2801
600036.SH,20220831,35.05,7.3711,1.1616,2.6685,88395558.8315,72304450.2236
600036.SH,20220830,33.79,7.1061,1.1198,2.5726,85217858.2858,69705203.2256
600036.SH,20220829,33.28,6.9989,1.1029,2.5338,83931646.1601,68653127.0597
600036.SH,20220826,33.7,7.0872,1.1168,2.5657,84990879.6754,69519542.7257
600036.SH,20220825,33.69,7.0851,1.1165,2.565,84965659.8298,69498913.7813
600036.SH,20220824,32.84,6.9063,1.0883,2.5003,82821972.9537,67745453.5048
600036.SH,20220823,33.1,6.961,1.097,2.5201,83477688.9393,68281806.06
600036.SH,20220822,33.62,7.0704,1.1142,2.5596,84789120.9106,69354511.1703
600036.SH,20220819,33.85,7.1187,1.1725,2.5772,85369177.3594,69828976.8922
600036.SH,20220818,33.72,7.0914,1.168,2.5673,85041319.3666,69560800.6146
600036.SH,20220817,34.24,7.2007,1.1861,2.6069,86352751.3378,70633505.7249
600036.SH,20220816,33.91,7.1313,1.1746,2.5817,85520496.433,69952750.5587
600036.SH,20220815,33.73,7.0935,1.1684,2.568,85066539.2122,69581429.559
600036.SH,20220812,34.37,7.2281,1.1906,2.6167,86680609.3306,70901682.0025
600036.SH,20220811,34.36,7.226,1.1902,2.616,86655389.485,70881053.058
600036.SH,20220810,33.15,6.9715,1.1483,2.5239,83603788.1673,68384950.7821
600036.SH,20220809,33.6,7.0661,1.1639,2.5581,84738681.2194,69313253.2814
600036.SH,20220808,33.91,7.1313,1.1746,2.5817,85520496.433,69952750.5587
600036.SH,20220805,34.3,7.2134,1.1881,2.6114,86504070.4114,70757279.3915
600036.SH,20220804,33.66,7.0788,1.166,2.5627,84890000.293,69437026.948
600036.SH,20220803,33.06,6.9526,1.1452,2.517,83376809.5569,68199290.2823
600036.SH,20220802,33.91,7.1313,1.1746,2.5817,85520496.433,69952750.5587
600036.SH,20220801,34.52,7.2596,1.1958,2.6282,87058907.0147,71211116.1689
600036.SH,20220729,35.07,7.3753,1.2148,2.67,88445998.5227,72345708.1125
600036.SH,20220728,35.78,7.5246,1.2394,2.7241,90236607.5604,73810363.167
600036.SH,20220727,36.05,7.5814,1.2488,2.7447,90917543.3916,74367344.6665
600036.SH,20220726,36.33,7.6403,1.2585,2.766,91623699.0684,74944955.1106
600036.SH,20220725,35.85,7.5393,1.2418,2.7294,90413146.4796,73954765.778
600036.SH,20220722,35.59,7.4847,1.2328,2.7096,89757430.494,73418413.2228
600036.SH,20220721,35.46,7.4573,1.2283,2.6997,89429572.5011,73150236.9452
600036.SH,20220720,35.85,7.5393,1.2418,2.7294,90413146.4796,73954765.778
600036.SH,20220719,35.71,7.5099,1.237,2.7188,90060068.6412,73665960.556
600036.SH,20220718,35.63,7.4931,1.2342,2.7127,89858309.8764,73500929.0005
600036.SH,20220715,34.87,7.3332,1.2079,2.6548,87941601.6107,71933129.2239
600036.SH,20220714,36.48,7.6718,1.2004,2.7774,92001996.7524,75254389.277
600036.SH,20220713,37.9,7.9704,1.2471,2.8855,95583214.8278,78183699.3859
600036.SH,20220712,39.3,8.2649,1.2932,2.9921,99113993.2119,81071751.606
600036.SH,20220711,39.44,8.2943,1.2978,3.0028,99467071.0503,81360556.828
600036.SH,20220708,39.81,8.3721,1.3099,3.0309,100400205.3376,82123827.7718
600036.SH,20220707,39.75,8.3595,1.308,3.0264,100248886.264,82000054.1053
600036.SH,20220706,39.8,8.37,1.3096,3.0302,100374985.492,82103198.8274
600036.SH,20220705,40.98,8.6182,1.3484,3.12,103350927.2729,84537414.27
600036.SH,20220704,41.05,8.6329,1.3507,3.1253,103527466.1921,84681816.881
600036.SH,20220701,41.38,8.7023,1.3616,3.1505,104359721.0969,85362572.0472
600036.SH,20220630,42.2,8.8747,1.3886,3.2129,106427748.4362,87054145.4904
600036.SH,20220629,41.01,8.6245,1.3494,3.1223,103426586.8097,84599301.1033
600036.SH,20220628,41.28,8.6813,1.3583,3.1428,104107522.6409,85156282.6029
600036.SH,20220627,41.25,8.675,1.3573,3.1406,104031863.1041,85094395.7696
600036.SH,20220624,40.2,8.4541,1.3228,3.0606,101383779.316,82928356.6046
600036.SH,20220623,40.14,8.4415,1.3208,3.056,101232460.2424,82804582.938
600036.SH,20220622,39.31,8.267,1.2935,2.9929,99139213.0575,81092380.5504
600036.SH,20220621,40.33,8.4815,1.327,3.0705,101711637.3088,83196532.8822
600036.SH,20220620,39.7,8.349,1.3063,3.0225,100122787.036,81896909.3831
600036.SH,20220617,39.85,8.3805,1.3113,3.034,100501084.72,82206343.5496
600036.SH,20220616,39.96,8.4037,1.3149,3.0423,100778503.0216,82433261.9383
600036.SH,20220615,40.48,8.513,1.332,3.0819,102089934.9928,83505967.0486
600036.SH,20220614,39.24,8.2523,1.2912,2.9875,98962674.1383,80947977.9394
600036.SH,20220613,38.57,8.1114,1.2691,2.9365,97272944.4831,79565838.6627
600036.SH,20220610,40.12,8.4373,1.3201,3.0545,101182020.5512,82763325.0491
600036.SH,20220609,40.29,8.4731,1.3257,3.0675,101610757.9264,83114017.1044
600036.SH,20220608,39.53,8.3132,1.3007,3.0096,99694049.6608,81546217.3278
600036.SH,20220607,39.35,8.2754,1.2948,2.9959,99240092.4399,81174896.3281
600036.SH,20220606,38.97,8.1955,1.2823,2.967,98281738.3071,80390996.4398
600036.SH,20220602,38.92,8.185,1.2807,2.9632,98155639.0791,80287851.7177
600036.SH,20220601,39.69,8.3469,1.306,3.0218,100097567.1904,81876280.4387
600036.SH,20220531,39.69,8.3469,1.306,3.0218,100097567.1904,81876280.4387
600036.SH,20220530,39.07,8.2165,1.2856,2.9746,98533936.7631,80597285.8841
600036.SH,20220527,39.12,8.227,1.2872,2.9784,98660035.9911,80700430.6062
600036.SH,20220526,38.43,8.0819,1.2645,2.9259,96919866.6446,79277033.4406
600036.SH,20220525,38.78,8.1555,1.276,2.9525,97802561.2407,79999046.4957
600036.SH,20220524,38.9,8.1808,1.28,2.9616,98105199.3879,80246593.8288
600036.SH,20220523,39.49,8.3048,1.2994,3.0066,99593170.2783,81463701.5501
600036.SH,20220520,39.96,8.4037,1.3149,3.0423,100778503.0216,82433261.9383
600036.SH,20220519,38.03,7.9978,1.2514,2.8954,95911072.8206,78451875.6635
600036.SH,20220518,38.5,8.0966,1.2668,2.9312,97096405.5639,79421436.0517
600036.SH,20220517,38.6,8.1177,1.2701,2.9388,97348604.0199,79627725.4959
600036.SH,20220516,36.89,7.758,1.2139,2.8086,93036010.4221,76100175.9986
600036.SH,20220513,37.15,7.8127,1.2224,2.8284,93691726.4077,76636528.5537
600036.SH,20220512,36.61,7.6992,1.2046,2.7873,92329854.7453,75522565.5546
600036.SH,20220511,37.21,7.8253,1.2244,2.833,93843045.4813,76760302.2203
600036.SH,20220510,36.98,7.777,1.2168,2.8155,93262989.0325,76285836.4984
600036.SH,20220509,36.47,7.6697,1.2,2.7766,91976776.9068,75233760.3326
600036.SH,20220506,37.91,7.9726,1.2474,2.8863,95608434.6734,78204328.3303
600036.SH,20220505,39.26,8.2565,1.2918,2.989,99013113.8295,80989235.8283
600036.SH,20220429,39.93,8.3974,1.3139,3.0401,100702843.4848,82371375.105
600036.SH,20220428,39.62,8.3322,1.3037,3.0165,99921028.2712,81731877.8277
600036.SH,20220427,38.04,7.9999,1.2517,2.8962,95936292.6662,78472504.6079
600036.SH,20220426,38.41,8.0777,1.2639,2.9243,96869426.9534,79235775.5518
600036.SH,20220425,38.83,8.166,1.2777,2.9563,97928660.4687,80102191.2178
600036.SH,20220422,42.5,8.9378,1.4649,3.2357,107184343.8043,87673013.8233
600036.SH,20220421,41.28,8.6813,1.4228,3.1428,104107522.6409,85156282.6029
600036.SH,20220420,41.1,8.6434,1.4166,3.1291,103653565.4201,84784961.6032
600036.SH,20220419,42.1,8.8537,1.4511,3.2053,106175549.9802,86847856.0461
600036.SH,20220418,43.39,9.125,1.4955,3.3035,109428910.0627,89508989.8774
600036.SH,20220415,46.83,9.8484,1.6141,3.5654,118104536.9495,96605346.761
600036.SH,20220414,45.76,9.6234,1.5772,3.4839,115406013.4702,94398049.7071
600036.SH,20220413,45.75,9.6213,1.5769,3.4832,115380793.6246,94377420.7627
600036.SH,20220412,45.7,9.6108,1.5752,3.4794,115254694.3966,94274276.0405
600036.SH,20220411,45.9,9.6529,1.5821,3.4946,115759091.3086,94686854.9291
600036.SH,20220408,47.18,9.9221,1.6262,3.592,118987231.5455,97327359.816
600036.SH,20220407,46.86,9.8548,1.6151,3.5677,118180196.4863,96667233.5943
600036.SH,20220406,47.39,9.9662,1.6334,3.608,119516848.3031,97760567.649
600036.SH,20220401,47.1,9.9052,1.6234,3.5859,118785472.7807,97162328.2606
600036.SH,20220331,46.8,9.8421,1.6131,3.5631,118028877.4127,96543459.9277
600036.SH,20220330,46.23,9.7223,1.5934,3.5197,116591346.2134,95367610.0953
600036.SH,20220329,45.01,9.4657,1.5514,3.4268,113514525.0501,92850878.8749
600036.SH,20220328,45.05,9.4741,1.5528,3.4299,113615404.4325,92933394.6526
600036.SH,20220325,45.18,9.5014,1.5572,3.4398,113943262.4253,93201570.9302
600036.SH,20220324,45.77,9.6255,1.5776,3.4847,115431233.3158,94418678.6515
600036.SH,20220323,45.76,9.6234,1.5772,3.4839,115406013.4702,94398049.7071
600036.SH,20220322,45.53,9.5751,1.5693,3.4664,114825957.0214,93923583.9852
600036.SH,20220321,44.81,9.4236,1.5445,3.4116,113010128.1381,92438299.9863
600036.SH,20220318,46.17,11.962,1.499,4.0085,116440027.1398,95243836.4287
600036.SH,20220317,44.51,11.5319,1.4451,3.8644,112253532.7701,91819431.6535
600036.SH,20220316,42.58,11.0318,1.3824,3.6968,107386102.5691,87838045.3787
600036.SH,20220315,39.45,10.2209,1.2808,3.4251,99492290.8959,81381185.7724
600036.SH,20220314,42.15,10.9204,1.3685,3.6595,106301649.2082,86951000.7682
600036.SH,20220311,44.45,11.5163,1.4431,3.8592,112102213.6964,91695657.9869
600036.SH,20220310,44.7,11.5811,1.4513,3.8809,112732709.8365,92211381.5976
600036.SH,20220309,44.39,11.5008,1.4412,3.854,111950894.6228,91571884.3203
600036.SH,20220308,45.48,11.7832,1.4766,3.9486,114699857.7933,93820439.2631
600036.SH,20220307,46.76,12.1148,1.5181,4.0597,117927998.0303,96460944.15
600036.SH,20220304,48.7,12.6174,1.5811,4.2282,122820648.0769,100462959.3692
600036.SH,20220303,49.73,12.8843,1.6146,4.3176,125418292.1738,102587740.6454
600036.SH,20220302,49.47,12.8169,1.6061,4.295,124762576.1881,102051388.0903
600036.SH,20220301,50.24,13.0164,1.6311,4.3619,126704504.2994,103639816.8113
600036.SH,20220228,49.8,12.9024,1.6168,4.3237,125594831.093,102732143.2564
600036.SH,20220225,49.81,12.905,1.6172,4.3245,125620050.9386,102752772.2008
600036.SH,20220224,50.02,12.9594,1.624,4.3428,126149667.6962,103185980.0339
600036.SH,20220223,50.83,13.1693,1.6503,4.4131,128192475.1899,104856924.5326
600036.SH,20220222,51.22,13.2703,1.6629,4.447,129176049.1683,105661453.3653
600036.SH,20220221,51.76,13.4102,1.6805,4.4938,130537920.8308,106775416.3645
600036.SH,20220218,52.06,13.488,1.6902,4.5199,131294516.1988,107394284.6974
600036.SH,20220217,51.46,13.3325,1.6707,4.4678,129781325.4627,106156548.0316
600036.SH,20220216,51.07,13.2315,1.6581,4.4339,128797751.4843,105352019.1989
600036.SH,20220215,50.22,13.0112,1.6305,4.3601,126654064.6082,103598558.9224
600036.SH,20220214,51.2,13.2651,1.6623,4.4452,129125609.4771,105620195.4765
600036.SH,20220211,52.76,13.6693,1.7129,4.5807,133059905.3909,108838310.8074
600036.SH,20220210,51.71,13.3973,1.6788,4.4895,130411821.6028,106672271.6424
600036.SH,20220209,51.62,13.374,1.6759,4.4817,130184842.9924,106486611.1425
600036.SH,20220208,51.71,13.3973,1.6788,4.4895,130411821.6028,106672271.6424
600036.SH,20220207,51.35,13.304,1.6672,4.4582,129503907.1611,105929629.6429
600036.SH,20220128,49.21,12.7496,1.5977,4.2724,124106860.2025,101515035.5351
600036.SH,20220127,50.77,13.1537,1.6483,4.4079,128041156.1163,104733150.866
600036.SH,20220126,51.0,13.2133,1.6558,4.4279,128621212.5651,105207616.5879
600036.SH,20220125,50.9,13.1874,1.6526,4.4192,128369014.1091,105001327.1436
600036.SH,20220124,51.85,13.4336,1.6834,4.5017,130764899.4412,106961076.8644
600036.SH,20220121,51.82,13.4258,1.6824,4.499,130689239.9044,106899190.0311
600036.SH,20220120,51.37,13.3092,1.6678,4.46,129554346.8523,105970887.5318
600036.SH,20220119,49.7,12.8765,1.6136,4.315,125342632.637,102525853.8121
600036.SH,20220118,49.01,12.6978,1.5912,4.2551,123602463.2905,101102456.6465
600036.SH,20220117,48.58,12.5863,1.5772,4.2177,122518009.9297,100215412.0361
600036.SH,20220114,48.02,12.4413,1.718,4.1691,121105698.576,99060191.1481
600036.SH,20220113,49.34,12.7833,1.7652,4.2837,124434718.1953,101783211.8127
600036.SH,20220112,49.76,12.8921,1.7803,4.3202,125493951.7106,102649627.4787
600036.SH,20220111,49.85,12.9154,1.7835,4.328,125720930.321,102835287.9786
600036.SH,20220110,49.23,12.7548,1.7613,4.2742,124157299.8937,101556293.424
600036.SH,20220107,49.05,12.7081,1.7549,4.2586,123703342.6729,101184972.4242
600036.SH,20220106,48.15,12.4749,1.7227,4.1804,121433556.5688,99328367.4256
600036.SH,20220105,49.05,12.7081,1.7549,4.2586,123703342.6729,101184972.4242
600036.SH,20220104,48.35,12.5268,1.7298,4.1978,121937953.4808,99740946.3142
600036.SH,20211231,48.71,12.62,1.7427,4.229,122845867.9225,100483588.3137
600036.SH,20211230,48.5,12.5656,1.7352,4.2108,122316251.1649,100050380.4807
600036.SH,20211229,47.62,12.3376,1.7037,4.1344,120096904.752,98235033.3709
600036.SH,20211228,49.63,12.8584,1.7756,4.3089,125166093.7178,102381451.2011
600036.SH,20211227,49.33,12.7807,1.7649,4.2829,124409498.3497,101762582.8683
600036.SH,20211224,49.86,12.918,1.7839,4.3289,125746150.1666,102855916.923
600036.SH,20211223,50.22,13.0112,1.7967,4.3601,126654064.6082,103598558.9224
600036.SH,20211222,50.01,12.9568,1.7892,4.3419,126124447.8506,103165351.0894
600036.SH,20211221,50.63,13.1175,1.8114,4.3957,127688078.2779,104444345.644
600036.SH,20211220,50.69,13.133,1.8135,4.4009,127839397.3515,104568119.3106
600036.SH,20211217,50.77,13.1537,1.8164,4.4079,128041156.1163,104733150.866
600036.SH,20211216,51.2,13.2651,1.8318,4.4452,129125609.4771,105620195.4765
600036.SH,20211215,51.0,13.2133,1.8246,4.4279,128621212.5651,105207616.5879
600036.SH,20211214,51.15,13.2522,1.83,4.4409,128999510.2491,105517050.7543
600036.SH,20211213,52.42,13.5812,1.8754,4.5511,132202430.6404,108136926.6968
600036.SH,20211210,53.49,13.8585,1.9137,4.644,134900954.1197,110344223.7507
600036.SH,20211209,53.13,13.7652,1.9008,4.6128,133993039.6781,109601581.7513
600036.SH,20211208,52.04,13.4828,1.8618,4.5181,131244076.5076,107353026.8085
600036.SH,20211207,51.84,13.431,1.8547,4.5008,130739679.5956,106940447.9199
600036.SH,20211206,51.82,13.4258,1.854,4.499,130689239.9044,106899190.0311
600036.SH,20211203,51.25,13.2781,1.8336,4.4496,129251708.7051,105723340.1986
600036.SH,20211202,50.89,13.1848,1.8207,4.4183,128343794.2635,104980698.1992
600036.SH,20211201,49.99,12.9517,1.7885,4.3402,126074008.1594,103124093.2006
600036.SH,20211130,49.49,12.8221,1.7706,4.2968,124813015.8793,102092645.9791
600036.SH,20211129,49.82,12.9076,1.7824,4.3254,125645270.7842,102773401.1453
600036.SH,20211126,50.1,12.9802,1.7924,4.3497,126351426.461,103351011.5893
600036.SH,20211125,51.42,13.3221,1.8397,4.4643,129680446.0803,106074032.2539
600036.SH,20211124,51.74,13.4051,1.8511,4.4921,130487481.1396,106734158.4756
600036.SH,20211123,51.75,13.4076,1.8515,4.493,130512700.9852,106754787.4201
600036.SH,20211122,51.69,13.3921,1.8493,4.4878,130361381.9116,106631013.7535
600036.SH,20211119,52.33,13.5579,1.8722,4.5433,131975452.03,107951266.197
600036.SH,20211118,51.41,13.3196,1.8393,4.4635,129655226.2347,106053403.3095
600036.SH,20211117,51.84,13.431,1.8547,4.5008,130739679.5956,106940447.9199
600036.SH,20211116,52.5,13.602,1.8783,4.5581,132404189.4053,108301958.2523
600036.SH,20211115,52.93,13.7134,1.8937,4.5954,133488642.7661,109189002.8627
600036.SH,20211112,52.4,13.5761,1.8747,4.5494,132151990.9492,108095668.808
600036.SH,20211111,52.82,13.6849,1.8898,4.5859,133211224.4645,108962084.474
600036.SH,20211110,50.63,13.1175,1.8114,4.3957,127688078.2779,104444345.644
600036.SH,20211109,51.06,13.2289,1.8268,4.4331,128772531.6387,105331390.2545
600036.SH,20211108,51.3,13.2911,1.8354,4.4539,129377807.9331,105826484.9208
600036.SH,20211105,51.56,13.3584,1.8447,4.4765,130033523.9188,106362837.4759
600036.SH,20211104,51.75,13.4076,1.8515,4.493,130512700.9852,106754787.4201
600036.SH,20211103,51.7,13.3947,1.8497,4.4886,130386601.7572,106651642.6979
600036.SH,20211102,52.25,13.5372,1.8694,4.5364,131773693.2652,107786234.6415
600036.SH,20211101,54.12,14.0217,1.9363,4.6987,136489804.3926,111643847.2497
600036.SH,20211029,53.97,13.9828,1.9309,4.6857,136111506.7086,111334413.0833
600036.SH,20211028,54.22,14.0476,1.9398,4.7074,136742002.8486,111850136.694
600036.SH,20211027,54.52,14.1253,1.9506,4.7335,137498598.2167,112469005.0269
600036.SH,20211026,55.3,14.3274,1.9785,4.8012,139465746.1735,114078062.6924
600036.SH,20211025,54.59,14.1434,1.9531,4.7395,137675137.1359,112613407.6379
600036.SH,20211022,54.29,14.0657,2.0411,4.7135,136918541.7678,111994539.305
600036.SH,20211021,53.75,13.9258,2.0208,4.6666,135556670.1054,110880576.3059
600036.SH,20211020,52.4,13.5761,1.97,4.5494,132151990.9492,108095668.808
600036.SH,20211019,52.88,13.7004,1.988,4.5911,133362543.5381,109085858.1406
600036.SH,20211018,51.86,13.4361,1.9497,4.5025,130790119.2868,106981705.8088
600036.SH,20211015,53.31,13.8118,2.0042,4.6284,134446996.8989,109972902.751
600036.SH,20211014,52.36,13.5657,1.9685,4.5459,132051111.5668,108013153.0302
600036.SH,20211013,53.03,13.7393,1.9937,4.6041,133740841.2221,109395292.307
600036.SH,20211012,53.09,13.7548,1.9959,4.6093,133892160.2957,109519065.9736
600036.SH,20211011,53.0,13.7315,1.9926,4.6015,133665181.6853,109333405.4737
600036.SH,20211008,50.93,13.1952,1.9147,4.4218,128444673.6459,105063213.9769
600036.SH,20210930,50.45,13.0708,1.8967,4.3801,127234121.057,104073024.6443
600036.SH,20210929,51.56,13.3584,1.9384,4.4765,130033523.9188,106362837.4759
600036.SH,20210928,50.42,13.0631,1.8956,4.3775,127158461.5202,104011137.811
600036.SH,20210927,49.09,12.7185,1.8456,4.262,123804222.0553,101267488.202
600036.SH,20210924,48.77,12.6356,1.8335,4.2342,122997186.9961,100607361.9802
600036.SH,20210923,48.84,12.6537,1.8362,4.2403,123173725.9153,100751764.5912
600036.SH,20210922,49.41,12.8014,1.8576,4.2898,124611257.1145,101927614.4237
600036.SH,20210917,51.25,13.2781,1.9268,4.4496,129251708.7051,105723340.1986
600036.SH,20210916,50.7,13.1356,1.9061,4.4018,127864617.1971,104588748.255
600036.SH,20210915,51.4,13.317,1.9324,4.4626,129630006.3891,106032774.3651
600036.SH,20210914,52.1,13.4983,1.9587,4.5234,131395395.5812,107476800.4751
600036.SH,20210913,53.92,13.9699,2.0271,4.6814,135985407.4806,111231268.3612
600036.SH,20210910,54.12,14.0217,2.0347,4.6987,136489804.3926,111643847.2497
600036.SH,20210909,52.1,13.4983,1.9587,4.5234,131395395.5812,107476800.4751
600036.SH,20210908,52.41,13.5786,1.9704,4.5503,132177210.7948,108116297.7524
600036.SH,20210907,52.81,13.6823,1.9854,4.585,133186004.6189,108941455.5295
600036.SH,20210906,51.2,13.2651,1.9249,4.4452,129125609.4771,105620195.4765
600036.SH,20210903,52.0,13.4724,1.955,4.5147,131143197.1252,107270511.0308
600036.SH,20210902,51.6,13.3688,1.9399,4.4799,130134403.3012,106445353.2536
600036.SH,20210901,50.79,13.1589,1.9095,4.4096,128091595.8075,104774408.7549
600036.SH,20210831,48.96,12.6848,1.8407,4.2507,123476364.0625,100999311.9244
600036.SH,20210830,48.45,12.5527,1.8215,4.2065,122190151.9368,99947235.7585
600036.SH,20210827,50.35,13.0449,1.8929,4.3714,126981922.601,103866735.2
600036.SH,20210826,49.6,12.8506,1.8647,4.3063,125090434.181,102319564.3678
600036.SH,20210825,51.43,13.3247,1.9335,4.4652,129705665.9259,106094661.1983
600036.SH,20210824,52.2,13.5242,1.9625,4.532,131647594.0372,107683089.9194
600036.SH,20210823,51.89,13.4439,1.9508,4.5051,130865778.8236,107043592.6421
600036.SH,20210820,51.03,13.2211,1.9185,4.4305,128696872.1019,105269503.4212
600036.SH,20210819,51.58,13.3636,1.9392,4.4782,130083963.61,106404095.3648
600036.SH,20210818,53.14,13.7678,1.9978,4.6137,134018259.5237,109622210.6957
600036.SH,20210817,49.62,12.8558,1.8655,4.308,125140873.8722,102360822.2567
600036.SH,20210816,50.87,13.1797,1.9125,4.4166,128293354.5723,104939440.3103
600036.SH,20210813,51.18,13.26,2.0185,4.4435,129075169.7859,105578937.5876
600036.SH,20210812,50.68,13.1304,1.9988,4.4001,127814177.5059,104547490.3662
600036.SH,20210811,50.9,13.1874,2.0075,4.4192,128369014.1091,105001327.1436
600036.SH,20210810,50.21,13.0087,1.9803,4.3593,126628844.7626,103577929.978
600036.SH,20210809,49.06,12.7107,1.9349,4.2594,123728562.5185,101205601.3687
600036.SH,20210806,47.59,12.3299,1.8769,4.1318,120021245.2152,98173146.5376
600036.SH,20210805,46.75,12.1122,1.8438,4.0589,117902778.1847,96440315.2056
600036.SH,20210804,47.0,12.177,1.8537,4.0806,118533274.3247,96956038.8163
600036.SH,20210803,47.59,12.3299,1.8769,4.1318,120021245.2152,98173146.5376
600036.SH,20210802,47.71,12.3609,1.8817,4.1422,120323883.3624,98420693.8708
600036.SH,20210730,46.5,12.0474,1.8339,4.0372,117272282.0447,95924591.5949
600036.SH,20210729,47.95,12.4231,1.8911,4.1631,120929159.6568,98915788.5371
600036.SH,20210728,47.47,12.2988,1.8722,4.1214,119718607.0679,97925599.2045
600036.SH,20210727,46.17,11.962,1.8209,4.0085,116440027.1398,95243836.4287
600036.SH,20210726,47.7,12.3584,1.8813,4.1413,120298663.5168,98400064.9263
600036.SH,20210723,50.05,12.9672,1.974,4.3454,126225327.233,103247866.8671
600036.SH,20210722,50.25,13.019,1.9818,4.3627,126729724.145,103660445.7557
600036.SH,20210721,49.7,12.8765,1.9602,4.315,125342632.637,102525853.8121
600036.SH,20210720,49.91,12.9309,1.9684,4.3332,125872249.3946,102959061.6451
600036.SH,20210719,50.83,13.1693,2.0047,4.4131,128192475.1899,104856924.5326
600036.SH,20210716,51.0,13.2133,2.0114,4.4279,128621212.5651,105207616.5879
600036.SH,20210715,51.05,13.2263,2.0134,4.4322,128747311.7931,105310761.31
600036.SH,20210714,48.95,12.6822,1.9306,4.2499,123451144.2169,100978682.98
600036.SH,20210713,49.97,12.9465,1.9708,4.3384,126023568.4682,103082835.3117
600036.SH,20210712,50.4,13.0579,1.8942,4.3758,127108021.829,103969879.9222
600036.SH,20210709,49.9,12.9283,1.8754,4.3324,125847029.549,102938432.7007
600036.SH,20210708,50.35,13.0449,1.8923,4.3714,126981922.601,103866735.2
600036.SH,20210707,53.43,13.8429,2.008,4.6388,134749635.0461,110220450.0841
600036.SH,20210706,53.54,13.8714,2.0122,4.6484,135027053.3478,110447368.4729
600036.SH,20210705,52.94,13.716,1.9896,4.5963,133513862.6117,109209631.8071
600036.SH,20210702,53.05,13.7445,1.9938,4.6058,133791280.9133,109436550.1958
600036.SH,20210701,56.0,14.5088,2.1046,4.862,141231135.3656,115522088.8024
600036.SH,20210630,54.19,14.0398,2.0366,4.7048,136666343.3118,111788249.8608
600036.SH,20210629,53.8,13.9388,2.0219,4.671,135682769.3334,110983721.028
600036.SH,20210628,54.7,14.1719,2.0558,4.7491,137952555.4375,112840326.0266
600036.SH,20210625,56.4,14.6124,2.1197,4.8967,142239929.1896,116347246.5796
600036.SH,20210624,55.0,14.2497,2.067,4.7751,138709150.8055,113459194.3595
600036.SH,20210623,54.82,14.203,2.0603,4.7595,138255193.5847,113087873.3598
600036.SH,20210622,55.46,14.3689,2.0843,4.8151,139869263.7031,114408125.8032
600036.SH,20210621,53.69,13.9103,2.0178,4.6614,135405351.0318,110756802.6393
600036.SH,20210618,54.69,14.1694,2.0554,4.7482,137927335.5919,112819697.0822
600036.SH,20210617,55.12,14.2808,2.0715,4.7856,139011788.9527,113706741.6926
600036.SH,20210616,55.6,14.4051,2.0896,4.8272,140222341.5416,114696931.0252
600036.SH,20210615,54.8,14.1979,2.0595,4.7578,138204753.8935,113046615.4709
600036.SH,20210611,56.33,14.5943,2.117,4.8906,142063390.2704,116202843.9686
600036.SH,20210610,56.35,14.5994,2.1178,4.8923,142113829.9616,116244101.8574
600036.SH,20210609,56.47,14.6305,2.1223,4.9028,142416468.1088,116491649.1906
600036.SH,20210608,56.7,14.6901,2.1309,4.9227,142996524.5577,116966114.9124
600036.SH,20210607,57.0,14.7678,2.1422,4.9488,143753119.9257,117584983.2453
600036.SH,20210604,57.53,14.9052,2.1621,4.9948,145089771.7426,118678317.3
600036.SH,20210603,56.28,14.5813,2.1151,4.8863,141937291.0424,116099699.2464
600036.SH,20210602,57.58,14.9181,2.164,4.9991,145215870.9706,118781462.0222
600036.SH,20210601,57.36,14.8611,2.1557,4.98,144661034.3673,118327625.2447
600036.SH,20210531,58.19,15.0762,2.1869,5.0521,146754281.5522,120039827.6324
600036.SH,20210528,58.5,15.1565,2.1986,5.079,147536096.7659,120679324.9097
600036.SH,20210527,57.95,15.014,2.1779,5.0313,146149005.2578,119544732.9661
600036.SH,20210526,58.5,15.1565,2.1986,5.079,147536096.7659,120679324.9097
600036.SH,20210525,57.55,14.9103,2.1629,4.9965,145140211.4338,118719575.1889
600036.SH,20210524,54.08,14.0113,2.0325,4.6953,136388925.0102,111561331.472
600036.SH,20210521,54.11,14.0191,2.0336,4.6979,136464584.547,111623218.3053
600036.SH,20210520,55.47,14.3714,2.0847,4.8159,139894483.5487,114428754.7477
600036.SH,20210519,54.8,14.1979,2.0595,4.7578,138204753.8935,113046615.4709
600036.SH,20210518,55.95,14.4958,2.1027,4.8576,141105036.1376,115418944.0803
600036.SH,20210517,55.65,14.4181,2.0915,4.8316,140348440.7696,114800075.7474
600036.SH,20210514,54.98,14.2445,2.0663,4.7734,138658711.1143,113417936.4706
600036.SH,20210513,53.2,13.7833,1.9994,4.6189,134169578.5973,109745984.3623
600036.SH,20210512,53.69,13.9103,2.0178,4.6614,135405351.0318,110756802.6393
600036.SH,20210511,53.84,13.9491,2.0234,4.6744,135783648.7158,111066236.8057
600036.SH,20210510,53.9,13.9647,2.0257,4.6796,135934967.7894,111190010.4723
600036.SH,20210507,54.18,14.0372,2.0362,4.7039,136641123.4662,111767620.9163
600036.SH,20210506,53.67,13.9051,2.0171,4.6597,135354911.3406,110715544.7504
600036.SH,20210430,52.7,13.6538,1.9806,4.5754,132908586.3173,108714537.1408
600036.SH,20210429,53.28,13.804,2.0024,4.6258,134371337.3621,109911015.9177
600036.SH,20210428,51.76,13.4102,1.9453,4.4938,130537920.8308,106775416.3645
600036.SH,20210427,52.07,13.4906,1.9569,4.5208,131319736.0444,107414913.6418
600036.SH,20210426,52.07,13.4906,1.9569,4.5208,131319736.0444,107414913.6418
600036.SH,20210423,53.3,13.8092,2.1013,4.6275,134421777.0533,109952273.8066
600036.SH,20210422,52.61,13.6305,2.0741,4.5676,132681607.7069,108528876.641
600036.SH,20210421,52.89,13.703,2.0852,4.5919,133387763.3837,109106487.085
600036.SH,20210420,51.99,13.4698,2.0497,4.5138,131117977.2796,107249882.0864
600036.SH,20210419,51.77,13.4128,2.041,4.4947,130563140.6764,106796045.3089
600036.SH,20210416,49.74,12.8869,1.961,4.3185,125443512.0194,102608369.5898
600036.SH,20210415,49.44,12.8092,1.9492,4.2924,124686916.6513,101989501.257
600036.SH,20210414,49.7,12.8765,1.9594,4.315,125342632.637,102525853.8121
600036.SH,20210413,50.32,13.0372,1.9839,4.3688,126906263.0642,103804848.3667
600036.SH,20210412,50.46,13.0734,1.9894,4.381,127259340.9026,104093653.5887
600036.SH,20210409,50.25,13.019,1.9811,4.3627,126729724.145,103660445.7557
600036.SH,20210408,50.5,13.0838,1.9909,4.3844,127360220.2851,104176169.3665
600036.SH,20210407,50.43,13.0657,1.9882,4.3784,127183681.3658,104031766.7554
600036.SH,20210406,50.99,13.2107,2.0103,4.427,128595992.7195,105186987.6435
600036.SH,20210402,50.95,13.2004,2.0087,4.4235,128495113.3371,105104471.8658
600036.SH,20210401,51.05,13.2263,2.0126,4.4322,128747311.7931,105310761.31
600036.SH,20210331,51.1,13.2392,2.0146,4.4365,128873411.0211,105413906.0322
600036.SH,20210330,51.56,13.3584,2.0327,4.4765,130033523.9188,106362837.4759
600036.SH,20210329,50.94,13.1978,2.0083,4.4226,128469893.4915,105083842.9213
600036.SH,20210326,51.6,13.3688,2.0343,4.4799,130134403.3012,106445353.2536
600036.SH,20210325,51.01,13.2159,2.0111,4.4287,128646432.4107,105228245.5323
600036.SH,20210324,52.2,13.5242,2.058,4.532,131647594.0372,107683089.9194
600036.SH,20210323,53.48,13.8559,2.1084,4.6432,134875734.2741,110323594.8063
600036.SH,20210322,53.78,13.9336,2.1203,4.6692,135632329.6422,110942463.1392
600036.SH,20210319,51.76,14.0564,1.8036,4.8401,130537920.8308,106775416.3645
600036.SH,20210318,54.24,14.7299,1.89,5.072,136792442.5398,111891394.5829
600036.SH,20210317,53.4,14.5018,1.8608,4.9934,134673975.5093,110158563.2509
600036.SH,20210316,54.32,14.7517,1.8928,5.0794,136994201.3046,112056426.1383
600036.SH,20210315,53.11,14.4231,1.8507,4.9663,133942599.9869,109560323.8624
600036.SH,20210312,53.32,14.4801,1.858,4.9859,134472216.7445,109993531.6954
600036.SH,20210311,51.97,14.1135,1.8109,4.8597,131067537.5884,107208624.1975
600036.SH,20210310,49.25,13.3748,1.7162,4.6054,124207739.5849,101597551.3128
600036.SH,20210309,48.5,13.1711,1.69,4.5352,122316251.1649,100050380.4807
600036.SH,20210308,49.93,13.5595,1.7399,4.6689,125922689.0858,103000319.534
600036.SH,20210305,51.4,13.9587,1.7911,4.8064,129630006.3891,106032774.3651
600036.SH,20210304,52.4,14.2302,1.8259,4.8999,132151990.9492,108095668.808
600036.SH,20210303,52.77,14.3307,1.8388,4.9345,133085125.2365,108858939.7518
600036.SH,20210302,49.55,13.4563,1.7266,4.6334,124964334.953,102216419.6457
600036.SH,20210301,50.39,13.6844,1.7559,4.712,127082801.9834,103949250.9777
600036.SH,20210226,51.1,13.8772,1.7806,4.7783,128873411.0211,105413906.0322
600036.SH,20210225,54.45,14.787,1.8974,5.0916,137322059.2974,112324602.4159
600036.SH,20210224,53.6,14.5561,1.8677,5.0121,135178372.4214,110571142.1394
600036.SH,20210223,55.55,15.0857,1.9357,5.1945,140096242.3136,114593786.3031
600036.SH,20210222,54.2,14.7191,1.8887,5.0682,136691563.1574,111808878.8052
600036.SH,20210219,55.2,14.9906,1.9235,5.1617,139213547.7175,113871773.2481
600036.SH,20210218,55.69,15.1237,1.9406,5.2076,140449320.152,114882591.5251
600036.SH,20210210,54.55,14.8141,1.9009,5.101,137574257.7535,112530891.8602
600036.SH,20210209,55.26,15.0069,1.9256,5.1673,139364866.7911,113995546.9147
600036.SH,20210208,55.26,15.0069,1.9256,5.1673,139364866.7911,113995546.9147
600036.SH,20210205,54.74,14.8657,1.9075,5.1187,138053434.8199,112922841.8043
600036.SH,20210204,53.5,14.529,1.8643,5.0028,134926173.9654,110364852.6952
600036.SH,20210203,53.05,14.4068,1.8486,4.9607,133791280.9133,109436550.1958
600036.SH,20210202,51.97,14.1135,2.0489,4.8597,131067537.5884,107208624.1975
600036.SH,20210201,52.4,14.2302,2.0659,4.8999,132151990.9492,108095668.808
600036.SH,20210129,51.1,13.8772,1.7806,4.7783,128873411.0211,105413906.0322
600036.SH,20210128,51.61,14.0157,1.7984,4.826,130159623.1468,106465982.1981
600036.SH,20210127,52.0,14.1216,1.812,4.8625,131143197.1252,107270511.0308
600036.SH,20210126,51.4,13.9587,1.7911,4.8064,129630006.3891,106032774.3651
600036.SH,20210125,52.11,14.1515,1.8158,4.8728,131420615.4268,107497429.4195
600036.SH,20210122,51.64,14.0238,1.7994,4.8288,130235282.6836,106527869.0314
600036.SH,20210121,52.64,14.2954,1.8343,4.9224,132757267.2437,108590763.4743
600036.SH,20210120,51.72,14.0456,1.8022,4.8363,130437041.4484,106692900.5868
600036.SH,20210119,51.85,14.0809,1.8068,4.8485,130764899.4412,106961076.8644
600036.SH,20210118,51.92,14.0999,1.8092,4.855,130941438.3604,107105479.4754
600036.SH,20210115,51.14,13.8881,1.782,4.7821,128974290.4035,105496421.8099
600036.SH,20210114,49.05,13.3205,1.9976,4.5867,123703342.6729,101184972.4242
600036.SH,20210113,49.4,13.4155,2.0119,4.6194,124586037.2689,101906985.4793
600036.SH,20210112,49.7,13.497,2.0241,4.6474,125342632.637,102525853.8121
600036.SH,20210111,48.42,13.1494,1.972,4.5277,122114492.4,99885348.9252
600036.SH,20210108,46.6,12.6551,1.8978,4.3576,117524480.5007,96130881.0391
600036.SH,20210107,45.9,12.465,1.8693,4.2921,115759091.3086,94686854.9291
600036.SH,20210106,44.15,11.9898,1.7981,4.1285,111345618.3284,91076789.654
600036.SH,20210105,42.18,11.4548,1.7178,3.9442,106377308.745,87012887.6015
600036.SH,20210104,43.17,11.7237,1.7582,4.0368,108874073.4595,89055153.1
600036.SH,20201231,43.95,11.9355,1.7899,4.1098,110841221.4164,90664210.7655
600036.SH,20201230,43.05,11.6911,1.7533,4.0256,108571435.3123,88807605.7668
600036.SH,20201229,42.83,11.6313,1.7443,4.005,108016598.7091,88353768.9894
600036.SH,20201228,43.04,11.6884,1.7529,4.0247,108546215.4667,88786976.8224
600036.SH,20201225,42.72,11.6014,1.7398,3.9947,107739180.4075,88126850.6007
600036.SH,20201224,42.57,11.5607,1.7337,3.9807,107360882.7235,87817416.4343
600036.SH,20201223,42.32,11.4928,1.7235,3.9573,106730386.5834,87301692.8235
600036.SH,20201222,41.91,11.3815,1.7068,3.919,105696372.9138,86455906.1019
600036.SH,20201221,42.89,11.6476,1.7468,4.0106,108167917.7827,88477542.656
600036.SH,20201218,43.1,11.7046,1.7553,4.0303,108697534.5403,88910750.489
600036.SH,20201217,44.05,11.9626,1.794,4.1191,111093419.8724,90870500.2097
600036.SH,20201216,44.06,11.9654,1.7944,4.12,111118639.718,90891129.1542
600036.SH,20201215,44.35,12.0441,1.8062,4.1472,111850015.2404,91489368.5426
600036.SH,20201214,44.37,12.0495,1.807,4.149,111900454.9316,91530626.4315
600036.SH,20201211,42.68,11.5906,1.7382,3.991,107638301.0251,88044334.823
600036.SH,20201210,44.28,12.0251,1.8034,4.1406,111673476.3212,91344965.9316
600036.SH,20201209,44.24,12.0142,1.8017,4.1369,111572596.9388,91262450.1539
600036.SH,20201208,44.26,12.0197,1.8025,4.1387,111623036.63,91303708.0428
600036.SH,20201207,44.42,12.0631,1.8091,4.1537,112026554.1596,91633771.1536
600036.SH,20201204,45.78,12.4325,1.8645,4.2809,115456453.1614,94439307.596
600036.SH,20201203,46.49,12.6253,1.8934,4.3473,117247062.199,95903962.6504
600036.SH,20201202,46.8,12.7095,1.906,4.3763,118028877.4127,96543459.9277
600036.SH,20201201,46.2,12.5465,1.8816,4.3201,116515686.6766,95305723.262
600036.SH,20201130,44.2,12.0034,1.8001,4.1331,111471717.5564,91179934.3762
600036.SH,20201127,45.85,12.4515,1.8673,4.2874,115632992.0806,94583710.207
600036.SH,20201126,45.09,12.2451,1.8363,4.2164,113716283.8149,93015910.4304
600036.SH,20201125,44.43,12.0658,1.8095,4.1546,112051774.0052,91654400.098
600036.SH,20201124,44.87,12.1853,1.8274,4.1958,113161447.2117,92562073.6529
600036.SH,20201123,45.4,12.3293,1.849,4.2453,114498099.0285,93655407.7077
600036.SH,20201120,45.05,12.2342,1.8347,4.2126,113615404.4325,92933394.6526
600036.SH,20201119,44.87,12.1853,1.8274,4.1958,113161447.2117,92562073.6529
600036.SH,20201118,44.75,12.1527,1.8225,4.1846,112858809.0645,92314526.3198
600036.SH,20201117,43.84,11.9056,1.7854,4.0995,110563803.1148,90437292.3767
600036.SH,20201116,43.0,11.6775,1.7512,4.0209,108445336.0843,88704461.0447
600036.SH,20201113,42.58,11.5634,1.7341,3.9816,107386102.5691,87838045.3787
600036.SH,20201112,43.58,11.835,1.7749,4.0752,109908087.1292,89900939.8216
600036.SH,20201111,44.35,12.0441,1.8062,4.1472,111850015.2404,91489368.5426
600036.SH,20201110,43.72,11.873,1.7806,4.0882,110261164.9676,90189745.0436
600036.SH,20201109,43.03,11.6856,1.7525,4.0237,108520995.6211,88766347.878
600036.SH,20201106,42.48,11.5363,1.7301,3.9723,107133904.113,87631755.9344
600036.SH,20201105,42.79,11.6205,1.7427,4.0013,107915719.3267,88271253.2117
600036.SH,20201104,42.93,11.6585,1.7484,4.0144,108268797.1651,88560058.4337
600036.SH,20201103,41.24,11.1995,1.6796,3.8563,104006643.2585,85073766.8252
600036.SH,20201102,40.25,10.9307,1.6392,3.7638,101509878.544,83031501.3267
600036.SH,20201030,39.81,10.8112,1.6776,3.7226,100400205.3376,82123827.7718
600036.SH,20201029,40.19,10.9144,1.6936,3.7582,101358559.4704,82907727.6602
600036.SH,20201028,40.1,10.8899,1.6898,3.7497,101131580.86,82722067.1603
600036.SH,20201027,40.45,10.985,1.7046,3.7825,102014275.456,83444080.2153
600036.SH,20201026,40.62,11.0312,1.7118,3.7984,102443012.8313,83794772.2706
600036.SH,20201023,41.22,11.1941,1.737,3.8545,103956203.5673,85032508.9363
600036.SH,20201022,41.19,11.1859,1.7358,3.8517,103880544.0305,84970622.1031
600036.SH,20201021,40.8,11.08,1.7193,3.8152,102896970.0521,84166093.2703
600036.SH,20201020,39.97,10.8546,1.6844,3.7376,100803722.8672,82453890.8827
600036.SH,20201019,39.99,10.8601,1.6852,3.7395,100854162.5584,82495148.7716
600036.SH,20201016,39.78,10.803,1.6764,3.7198,100324545.8008,82061940.9386
600036.SH,20201015,39.01,10.5939,1.6439,3.6478,98382617.6895,80473512.2175
600036.SH,20201014,38.05,10.3332,1.6035,3.558,95961512.5118,78493133.5523
600036.SH,20201013,37.79,10.2626,1.5925,3.5337,95305796.5262,77956780.9972
600036.SH,20201012,37.56,10.2002,1.5828,3.5122,94725740.0774,77482315.2753
600036.SH,20201009,36.18,9.8254,1.5247,3.3832,91245401.3844,74635520.9441
600036.SH,20200930,36.0,9.7765,1.5171,3.3663,90791444.1636,74264199.9444
600036.SH,20200929,36.31,9.8607,1.5301,3.3953,91573259.3772,74903697.2217
600036.SH,20200928,37.25,10.116,1.5697,3.4832,93943924.8637,76842817.998
600036.SH,20200925,37.18,10.097,1.5668,3.4767,93767385.9445,76698415.387
600036.SH,20200924,37.06,10.0644,1.5617,3.4655,93464747.7973,76450868.0539
600036.SH,20200923,37.5,10.1839,1.5803,3.5066,94574421.0038,77358541.6088
600036.SH,20200922,37.88,10.2871,1.5963,3.5421,95532775.1366,78142441.4971
600036.SH,20200921,38.6,10.4826,1.6266,3.6095,97348604.0199,79627725.4959
600036.SH,20200918,38.99,10.5885,1.6431,3.6459,98332177.9983,80432254.3287
600036.SH,20200917,37.87,10.2843,1.5959,3.5412,95507555.291,78121812.5526
600036.SH,20200916,38.06,10.3359,1.6039,3.559,95986732.3574,78513762.4968
600036.SH,20200915,37.9,10.2925,1.5971,3.544,95583214.8278,78183699.3859
600036.SH,20200914,37.35,10.1431,1.574,3.4926,94196123.3197,77049107.4423
600036.SH,20200911,37.24,10.1132,1.5693,3.4823,93918705.0181,76822189.0536
600036.SH,20200910,37.7,10.2382,1.5887,3.5253,95078817.9158,77771120.4973
600036.SH,20200909,37.6,10.211,1.5845,3.516,94826619.4598,77564831.053
600036.SH,20200908,37.59,10.2083,1.5841,3.515,94801399.6142,77544202.1086
600036.SH,20200907,36.79,9.991,1.5504,3.4402,92783811.9661,75893886.5543
600036.SH,20200904,36.8,9.9938,1.5508,3.4412,92809031.8117,75914515.4987
600036.SH,20200903,36.98,10.0426,1.5584,3.458,93262989.0325,76285836.4984
600036.SH,20200902,37.2,10.1024,1.6511,3.4786,93817825.6357,76739673.2759
600036.SH,20200901,37.42,10.1621,1.7668,3.4991,94372662.2389,77193510.0533
600036.SH,20200831,37.69,10.2355,1.6454,3.5244,95053598.0702,77750491.5529
600036.SH,20200828,38.45,10.4418,1.6786,3.5954,96970306.3358,79318291.3295
600036.SH,20200827,36.9,10.0209,1.6109,3.4505,93061230.2677,76120804.943
600036.SH,20200826,37.23,10.1105,1.6253,3.4814,93893485.1725,76801560.1092
600036.SH,20200825,37.58,10.2056,1.6406,3.5141,94776179.7686,77523573.1642
600036.SH,20200824,37.5,10.1839,1.6371,3.5066,94574421.0038,77358541.6088
600036.SH,20200821,37.77,10.2572,1.6489,3.5319,95255356.835,77915523.1083
600036.SH,20200820,37.52,10.1893,1.638,3.5085,94624860.695,77399799.4976
600036.SH,20200819,38.35,10.4147,1.6742,3.5861,96718107.8798,79112001.8852
600036.SH,20200818,38.85,10.5505,1.696,3.6329,97979100.1599,80143449.1067
600036.SH,20200817,39.05,10.6048,1.7047,3.6516,98483497.0719,80556027.9952
600036.SH,20200814,38.0,10.3196,1.6589,3.5534,95835413.2838,78389988.8302
600036.SH,20200813,37.33,10.1377,1.6297,3.4907,94145683.6285,77007849.5535
600036.SH,20200812,37.79,10.2626,1.6497,3.5337,95305796.5262,77956780.9972
600036.SH,20200811,37.54,10.1947,1.6388,3.5104,94675300.3862,77441057.3865
600036.SH,20200810,37.0,10.0481,1.6153,3.4599,93313428.7237,76327094.3873
600036.SH,20200807,36.61,9.9422,1.5982,3.4234,92329854.7453,75522565.5546
600036.SH,20200806,37.02,10.0535,1.6161,3.4617,93363868.4149,76368352.2762
600036.SH,20200805,36.3,9.858,1.5847,3.3944,91548039.5316,74883068.2773
600036.SH,20200804,36.68,9.9612,1.6013,3.4299,92506393.6645,75666968.1656
600036.SH,20200803,35.0,9.5049,1.5279,3.2728,88269459.6035,72201305.5015
600036.SH,20200731,34.8,9.4506,1.5192,3.2541,87765062.6915,71788726.6129
600036.SH,20200730,34.56,9.3854,1.5087,3.2317,87159786.3971,71293631.9466
600036.SH,20200729,35.07,9.5239,1.531,3.2794,88445998.5227,72345708.1125
600036.SH,20200728,34.58,9.3909,1.5096,3.2336,87210226.0883,71334889.8355
600036.SH,20200727,34.25,9.3013,1.4952,3.2027,86377971.1834,70654134.6693
600036.SH,20200724,34.6,9.3963,1.5105,3.2354,87260665.7795,71376147.7243
600036.SH,20200723,35.6,9.6679,1.5541,3.3289,89782650.3396,73439042.1672
600036.SH,20200722,36.44,9.896,1.5908,3.4075,91901117.37,75171873.4993
600036.SH,20200721,36.84,10.0046,1.6083,3.4449,92909911.1941,75997031.2764
600036.SH,20200720,37.27,10.1214,1.627,3.4851,93994364.5549,76884075.8869
600036.SH,20200717,36.08,9.7982,1.5751,3.3738,90993202.9284,74429231.4998
600036.SH,20200716,35.6,9.6679,1.5541,3.3289,89782650.3396,73439042.1672
600036.SH,20200715,35.86,9.7385,1.5655,3.3533,90438366.3252,73975394.7224
600036.SH,20200714,36.51,9.915,1.5939,3.414,92077656.2893,75316276.1103
600036.SH,20200713,37.3,10.1295,1.6283,3.4879,94070024.0917,76945962.7202
600036.SH,20200710,37.25,10.116,1.6262,3.4832,93943924.8637,76842817.998
600036.SH,20200709,39.91,10.8383,1.6556,3.732,100652403.7936,82330117.2161
600036.SH,20200708,40.5,10.9986,1.68,3.7871,102140374.6841,83547224.9375
600036.SH,20200707,41.06,11.1506,1.7033,3.8395,103552686.0377,84702445.8255
600036.SH,20200706,40.41,10.9741,1.6763,3.7787,101913396.0736,83361564.4376
600036.SH,20200703,36.74,9.9775,1.5241,3.4355,92657712.7381,75790741.8321
600036.SH,20200702,35.3,9.5864,1.4643,3.3009,89026054.9715,72820173.8344
600036.SH,20200701,34.79,9.4479,1.4432,3.2532,87739842.8459,71768097.6685
600036.SH,20200630,33.72,9.1573,1.3988,3.1531,85041319.3666,69560800.6146
600036.SH,20200629,33.64,9.1356,1.3955,3.1457,84839560.6018,69395769.0592
600036.SH,20200624,33.9,9.2062,1.4063,3.17,85495276.5874,69932121.6143
600036.SH,20200623,33.35,9.0568,1.3834,3.1185,84108185.0793,68797529.6707
600036.SH,20200622,33.5,9.0976,1.3897,3.1326,84486482.7634,69106963.8372
600036.SH,20200619,33.86,9.1953,1.4046,3.1662,85394397.205,69849605.8366
600036.SH,20200618,33.89,9.2035,1.4058,3.169,85470056.7418,69911492.6699
600036.SH,20200617,34.2,9.2877,1.4187,3.198,86251871.9554,70550989.9472
600036.SH,20200616,34.14,9.2714,1.4162,3.1924,86100552.8818,70427216.2806
600036.SH,20200615,33.57,9.1166,1.3926,3.1391,84663021.6826,69251366.4482
600036.SH,20200612,34.5,9.3691,1.4311,3.2261,87008467.3235,71169858.2801
600036.SH,20200611,34.47,9.361,1.4299,3.2233,86932807.7866,71107971.4468
600036.SH,20200610,35.34,9.5973,1.466,3.3046,89126934.3539,72902689.6121
600036.SH,20200609,35.53,9.6489,1.4739,3.3224,89606111.4204,73294639.5562
600036.SH,20200608,35.67,9.6869,1.4797,3.3355,89959189.2588,73583444.7782
600036.SH,20200605,35.24,9.5701,1.4618,3.2953,88874735.8979,72696400.1678
600036.SH,20200604,35.15,9.5457,1.4581,3.2869,88647757.2875,72510739.6679
600036.SH,20200603,35.22,9.5647,1.461,3.2934,88824296.2067,72655142.2789
600036.SH,20200602,35.04,9.5158,1.4535,3.2766,88370338.9859,72283821.2792
600036.SH,20200601,34.82,9.4561,1.4444,3.256,87815502.3827,71829984.5018
600036.SH,20200529,33.82,9.1845,1.4029,3.1625,85293517.8226,69767090.0589
600036.SH,20200528,34.22,9.2931,1.4195,3.1999,86302311.6466,70592247.836
600036.SH,20200527,33.43,9.0786,1.3868,3.126,84309943.8441,68962561.2261
600036.SH,20200526,33.43,9.0786,1.3868,3.126,84309943.8441,68962561.2261
600036.SH,20200525,33.09,8.9862,1.3727,3.0942,83452469.0937,68261177.1156
600036.SH,20200522,33.63,9.1329,1.3951,3.1447,84814340.7562,69375140.1147
600036.SH,20200521,34.73,9.4316,1.4407,3.2476,87588523.7723,71644324.0019
600036.SH,20200520,34.68,9.418,1.4386,3.2429,87462424.5443,71541179.2798
600036.SH,20200519,34.27,9.3067,1.4216,3.2046,86428410.8746,70695392.5582
600036.SH,20200518,33.8,9.179,1.4021,3.1606,85243078.1314,69725832.17
600036.SH,20200515,33.85,9.1926,1.4042,3.1653,85369177.3594,69828976.8922
600036.SH,20200514,33.93,9.2144,1.4075,3.1728,85570936.1242,69994008.4476
600036.SH,20200513,34.54,9.38,1.4328,3.2298,87109346.7059,71252374.0578
600036.SH,20200512,34.59,9.3936,1.4349,3.2345,87235445.9339,71355518.7799
600036.SH,20200511,34.96,9.4941,1.4502,3.2691,88168580.2211,72118789.7238
600036.SH,20200508,34.97,9.4968,1.4506,3.27,88193800.0667,72139418.6682
600036.SH,20200507,34.45,9.3556,1.4291,3.2214,86882368.0954,71066713.5579
600036.SH,20200506,34.63,9.4045,1.4365,3.2382,87336325.3163,71438034.5576
600036.SH,20200430,35.09,9.5294,1.4556,3.2813,88496438.2139,72386966.0014
600036.SH,20200429,35.02,9.5104,1.53,3.2747,88319899.2947,72242563.3904
600036.SH,20200428,33.86,9.1953,1.4794,3.1662,85394397.205,69849605.8366
600036.SH,20200427,33.58,9.1193,1.4671,3.1401,84688241.5282,69271995.3926
600036.SH,20200424,32.51,8.8287,1.4204,3.04,81989718.0489,67064698.3387
600036.SH,20200423,32.69,8.8776,1.4282,3.0568,82443675.2697,67436019.3384
600036.SH,20200422,32.73,8.8885,1.43,3.0606,82544554.6521,67518535.1161
600036.SH,20200421,32.65,8.8667,1.4265,3.0531,82342795.8873,67353503.5607
600036.SH,20200420,32.9,8.9346,1.4374,3.0765,82973292.0273,67869227.1714
600036.SH,20200417,32.86,8.9238,1.4357,3.0727,82872412.6449,67786711.3937
600036.SH,20200416,32.1,8.7174,1.4025,3.0017,80955704.3792,66218911.6171
600036.SH,20200415,32.42,8.8043,1.4165,3.0316,81762739.4384,66879037.8388
600036.SH,20200414,32.71,8.883,1.4291,3.0587,82494114.9609,67477277.2273
600036.SH,20200413,31.93,8.6712,1.395,2.9858,80526967.004,65868219.5618
600036.SH,20200410,32.1,8.7174,1.4025,3.0017,80955704.3792,66218911.6171
600036.SH,20200409,32.3,8.7717,1.4112,3.0204,81460101.2912,66631490.5057
600036.SH,20200408,32.22,8.75,1.4077,3.0129,81258342.5264,66466458.9502
600036.SH,20200407,32.52,8.8314,1.4208,3.0409,82014937.8945,67085327.2831
600036.SH,20200403,32.15,8.731,1.4047,3.0063,81081803.6072,66322056.3392
600036.SH,20200402,32.34,8.7826,1.413,3.0241,81560980.6736,66714006.2834
600036.SH,20200401,32.13,8.7255,1.4038,3.0045,81031363.916,66280798.4504
600036.SH,20200331,32.28,8.7663,1.4103,3.0185,81409661.6,66590232.6168
600036.SH,20200330,32.65,8.8667,1.4265,3.0531,82342795.8873,67353503.5607
600036.SH,20200327,32.72,8.8858,1.4296,3.0596,82519334.8065,67497906.1717
600036.SH,20200326,32.72,8.8858,1.4296,3.0596,82519334.8065,67497906.1717
600036.SH,20200325,32.49,8.8233,1.4195,3.0381,81939278.3576,67023440.4498
600036.SH,20200324,31.51,8.5572,1.3767,2.9465,79467733.4888,65001803.8958
600036.SH,20200323,30.16,8.1905,1.3177,2.8203,76063054.3326,62216896.3979
600036.SH,20200320,31.04,9.7173,1.2803,3.1495,78282400.7455,64032243.5076
600036.SH,20200319,29.31,9.1757,1.209,2.974,73919367.4565,60463436.1214
600036.SH,20200318,30.82,9.6484,1.2713,3.1272,77727564.1423,63578406.7302
600036.SH,20200317,31.73,9.9333,1.3088,3.2195,80022570.092,65455640.6732
600036.SH,20200316,31.67,9.9145,1.3063,3.2134,79871251.0184,65331867.0066
600036.SH,20200313,33.41,10.4592,1.3781,3.39,84259504.1529,68921303.3373
600036.SH,20200312,34.16,10.694,1.409,3.4661,86150992.573,70468474.1695
600036.SH,20200311,34.45,10.7848,1.421,3.4955,86882368.0954,71066713.5579
600036.SH,20200310,34.68,10.8568,1.4305,3.5188,87462424.5443,71541179.2798
600036.SH,20200309,34.18,10.7003,1.4099,3.4681,86201432.2642,70509732.0583
600036.SH,20200306,35.41,11.0853,1.4606,3.5929,89303473.2731,73047092.2231
600036.SH,20200305,36.23,11.342,1.4944,3.6761,91371500.6124,74738665.6663
600036.SH,20200304,34.78,10.8881,1.4346,3.529,87714623.0003,71747468.7241
600036.SH,20200303,34.62,10.838,1.428,3.5127,87311105.4707,71417405.6132
600036.SH,20200302,34.75,10.8787,1.4334,3.5259,87638963.4635,71685581.8908
600036.SH,20200228,34.2,10.7065,1.4107,3.4701,86251871.9554,70550989.9472
600036.SH,20200227,35.22,11.0259,1.4528,3.5736,88824296.2067,72655142.2789
600036.SH,20200226,34.83,10.9038,1.4367,3.5341,87840722.2283,71850613.4462
600036.SH,20200225,34.63,10.8412,1.4284,3.5138,87336325.3163,71438034.5576
600036.SH,20200224,35.05,10.9726,1.4457,3.5564,88395558.8315,72304450.2236
600036.SH,20200221,35.64,11.1573,1.4701,3.6162,89883529.722,73521557.945
600036.SH,20200220,35.98,11.2638,1.4841,3.6507,90741004.4724,74222942.0555
600036.SH,20200219,35.53,11.1229,1.4655,3.6051,89606111.4204,73294639.5562
600036.SH,20200218,35.7,11.1761,1.4726,3.6223,90034848.7956,73645331.6115
600036.SH,20200217,36.17,11.3233,1.4919,3.67,91220181.5388,74614891.9997
600036.SH,20200214,35.64,11.1573,1.4701,3.6162,89883529.722,73521557.945
600036.SH,20200213,35.27,11.0415,1.4548,3.5787,88950395.4347,72758287.0011
600036.SH,20200212,35.6,11.1448,1.4684,3.6122,89782650.3396,73439042.1672
600036.SH,20200211,35.57,11.1354,1.4672,3.6091,89706990.8028,73377155.334
600036.SH,20200210,35.1,10.9883,1.4478,3.5615,88521658.0595,72407594.9458
600036.SH,20200207,35.42,11.0885,1.461,3.5939,89328693.1187,73067721.1675
600036.SH,20200206,35.75,11.1918,1.4746,3.6274,90160948.0236,73748476.3337
600036.SH,20200205,35.36,11.0697,1.4585,3.5878,89177374.0451,72943947.5009
600036.SH,20200204,35.35,11.0666,1.4581,3.5868,89152154.1995,72923318.5565
600036.SH,20200203,35.03,10.9664,1.4449,3.5543,88345119.1403,72263192.3348
600036.SH,20200123,36.81,11.5236,1.5183,3.735,92834251.6573,75935144.4431
600036.SH,20200122,37.82,11.8398,1.56,3.8374,95381456.063,78018667.8305
600036.SH,20200121,37.79,11.8304,1.5588,3.8344,95305796.5262,77956780.9972
600036.SH,20200120,38.31,11.9932,1.5802,3.8872,96617228.4974,79029486.1075
600036.SH,20200117,37.93,11.8742,1.701,3.8486,95658874.3646,78245586.2192
600036.SH,20200116,37.96,11.8836,1.7024,3.8516,95734533.9014,78307473.0525
600036.SH,20200115,38.12,11.9337,1.7095,3.8679,96138051.431,78637536.1633
600036.SH,20200114,38.81,12.1497,1.7405,3.9379,97878220.7775,80060933.3289
600036.SH,20200113,39.1,12.2405,1.7535,3.9673,98609596.2999,80659172.7174
600036.SH,20200110,39.04,12.2217,1.7508,3.9612,98458277.2263,80535399.0508
600036.SH,20200109,38.9,12.1779,1.7445,3.947,98105199.3879,80246593.8288
600036.SH,20200108,38.41,12.0245,1.7226,3.8973,96869426.9534,79235775.5518
600036.SH,20200107,39.15,12.2562,1.7557,3.9724,98735695.5279,80762317.4395
600036.SH,20200106,39.24,12.2843,1.7598,3.9815,98962674.1383,80947977.9394
600036.SH,20200103,39.4,12.3344,1.7669,3.9978,99366191.6679,81278041.0503
600036.SH,20200102,38.88,12.1716,1.7436,3.945,98054759.6967,80205335.94
600036.SH,20191231,37.58,11.7647,1.6853,3.8131,94776179.7686,77523573.1642
600036.SH,20191230,37.83,11.8429,1.6965,3.8385,95406675.9086,78039296.7749
600036.SH,20191227,37.86,11.8523,1.6979,3.8415,95482335.4454,78101183.6082
600036.SH,20191226,38.1,11.9275,1.7086,3.8658,96087611.7398,78596278.2745
600036.SH,20191225,37.79,11.8304,1.6947,3.8344,95305796.5262,77956780.9972
600036.SH,20191224,38.01,11.8993,1.7046,3.8567,95860633.1294,78410617.7746
600036.SH,20191223,37.4,11.7083,1.6773,3.7948,94322222.5477,77152252.1645
600036.SH,20191220,37.54,11.7521,1.6835,3.809,94675300.3862,77441057.3865
600036.SH,20191219,37.77,11.8242,1.6939,3.8324,95255356.835,77915523.1083
600036.SH,20191218,37.99,11.893,1.7037,3.8547,95810193.4382,78369359.8858
600036.SH,20191217,37.5,11.7396,1.6817,3.805,94574421.0038,77358541.6088
600036.SH,20191216,37.28,11.6708,1.6719,3.7826,94019584.4005,76904704.8313
600036.SH,20191213,37.5,11.7396,1.6817,3.805,94574421.0038,77358541.6088
600036.SH,20191212,36.4,11.3953,1.6324,3.6934,91800237.9876,75089357.7216
600036.SH,20191211,36.4,11.3953,1.6324,3.6934,91800237.9876,75089357.7216
600036.SH,20191210,36.12,11.3076,1.6199,3.6649,91094082.3108,74511747.2775
600036.SH,20191209,36.27,11.3546,1.6266,3.6802,91472379.9948,74821181.444
600036.SH,20191206,36.41,11.3984,1.6329,3.6944,91825457.8332,75109986.666
600036.SH,20191205,36.38,11.389,1.6315,3.6913,91749798.2964,75048099.8327
600036.SH,20191204,36.28,11.3577,1.627,3.6812,91497599.8404,74841810.3884
600036.SH,20191203,36.46,11.414,1.6351,3.6994,91951557.0612,75213131.3881
600036.SH,20191202,36.11,11.3045,1.6194,3.6639,91068862.4652,74491118.3331
600036.SH,20191129,36.03,11.2794,1.6158,3.6558,90867103.7004,74326086.7777
600036.SH,20191128,36.63,11.4673,1.6427,3.7167,92380294.4365,75563823.4434
600036.SH,20191127,36.65,11.4735,1.6436,3.7187,92430734.1277,75605081.3323
600036.SH,20191126,36.0,11.27,1.6145,3.6528,90791444.1636,74264199.9444
600036.SH,20191125,36.58,11.4516,1.6405,3.7116,92254195.2085,75460678.7213
600036.SH,20191122,36.23,11.342,1.6248,3.6761,91371500.6124,74738665.6663
600036.SH,20191121,36.44,11.4078,1.6342,3.6974,91901117.37,75171873.4993
600036.SH,20191120,36.58,11.4516,1.6405,3.7116,92254195.2085,75460678.7213
600036.SH,20191119,37.52,11.7459,1.6826,3.807,94624860.695,77399799.4976
600036.SH,20191118,37.5,11.7396,1.6817,3.805,94574421.0038,77358541.6088
600036.SH,20191115,36.83,11.5299,1.6517,3.737,92884691.3485,75976402.332
600036.SH,20191114,36.74,11.5017,1.6477,3.7279,92657712.7381,75790741.8321
600036.SH,20191113,37.0,11.5831,1.6593,3.7542,93313428.7237,76327094.3873
600036.SH,20191112,37.2,11.6457,1.6683,3.7745,93817825.6357,76739673.2759
600036.SH,20191111,37.31,11.6801,1.6732,3.7857,94095243.9373,76966591.6646
600036.SH,20191108,37.75,11.8179,1.693,3.8303,95204917.1438,77874265.2195
600036.SH,20191107,38.16,11.9462,1.7113,3.8719,96238930.8134,78720051.9411
600036.SH,20191106,38.15,11.9431,1.7109,3.8709,96213710.9678,78699422.9966
600036.SH,20191105,37.66,11.7897,1.6889,3.8212,94977938.5334,77688604.7196
600036.SH,20191104,37.18,11.6394,1.6674,3.7725,93767385.9445,76698415.387
600036.SH,20191101,36.6,11.4579,1.6414,3.7137,92304634.8997,75501936.6101
600036.SH,20191031,35.5,11.1135,1.592,3.602,89530451.8836,73232752.723
600036.SH,20191030,35.41,11.0853,1.7507,3.5929,89303473.2731,73047092.2231
600036.SH,20191029,36.15,11.317,1.7872,3.668,91169741.8476,74573634.1108
600036.SH,20191028,36.2,11.3327,1.7897,3.6731,91295841.0756,74676778.833
600036.SH,20191025,36.4,11.3953,1.7996,3.6934,91800237.9876,75089357.7216
600036.SH,20191024,36.5,11.4266,1.8045,3.7035,92052436.4437,75295647.1659
600036.SH,20191023,36.0,11.27,1.7798,3.6528,90791444.1636,74264199.9444
600036.SH,20191022,36.13,11.3107,1.7863,3.666,91119302.1564,74532376.222
600036.SH,20191021,36.22,11.3389,1.7907,3.6751,91346280.7668,74718036.7218
600036.SH,20191018,36.18,11.3264,1.7887,3.671,91245401.3844,74635520.9441
600036.SH,20191017,37.0,11.5831,1.8293,3.7542,93313428.7237,76327094.3873
600036.SH,20191016,36.81,11.5236,1.8199,3.735,92834251.6573,75935144.4431
600036.SH,20191015,36.64,11.4704,1.8115,3.7177,92405514.2821,75584452.3879
600036.SH,20191014,36.83,11.5299,1.8209,3.737,92884691.3485,75976402.332
600036.SH,20191011,36.29,11.3608,1.7942,3.6822,91522819.686,74862439.3328
600036.SH,20191010,35.11,10.9914,1.7358,3.5625,88546877.9051,72428223.8902
600036.SH,20191009,35.18,11.0133,1.7393,3.5696,88723416.8243,72572626.5012
600036.SH,20191008,34.81,10.8975,1.721,3.532,87790282.5371,71809355.5573
600036.SH,20190930,34.75,10.8787,1.718,3.5259,87638963.4635,71685581.8908
600036.SH,20190927,35.2,11.0196,1.7403,3.5716,88773856.5155,72613884.3901
600036.SH,20190926,35.22,11.0259,1.7413,3.5736,88824296.2067,72655142.2789
600036.SH,20190925,34.35,10.7535,1.6983,3.4854,86630169.6394,70860424.1136
600036.SH,20190924,34.08,10.669,1.6849,3.458,85949233.8082,70303442.614
600036.SH,20190923,34.04,10.6564,1.6829,3.4539,85848354.4258,70220926.8363
600036.SH,20190920,34.51,10.8036,1.7062,3.5016,87033687.1691,71190487.2245
600036.SH,20190919,34.51,10.8036,1.7062,3.5016,87033687.1691,71190487.2245
600036.SH,20190918,34.8,10.8944,1.7205,3.531,87765062.6915,71788726.6129
600036.SH,20190917,34.79,10.8912,1.72,3.53,87739842.8459,71768097.6685
600036.SH,20190916,35.0,10.957,1.7304,3.5513,88269459.6035,72201305.5015
600036.SH,20190912,35.29,11.0478,1.7447,3.5807,89000835.1259,72799544.8899
600036.SH,20190911,35.05,10.9726,1.7329,3.5564,88395558.8315,72304450.2236
600036.SH,20190910,35.0,10.957,1.7304,3.5513,88269459.6035,72201305.5015
600036.SH,20190909,35.5,11.1135,1.7551,3.602,89530451.8836,73232752.723
600036.SH,20190906,35.89,11.2356,1.7744,3.6416,90514025.862,74037281.5557
600036.SH,20190905,35.52,11.1198,1.7561,3.6041,89580891.5748,73274010.6118
600036.SH,20190904,34.89,10.9225,1.7249,3.5401,87992041.3019,71974387.1128
600036.SH,20190903,34.15,10.6909,1.6884,3.4651,86125772.7274,70447845.225
600036.SH,20190902,34.34,10.7504,1.6978,3.4843,86604949.7938,70839795.1692
600036.SH,20190830,34.28,10.7316,1.6948,3.4782,86453630.7202,70716021.5026
600036.SH,20190829,33.93,10.622,1.6775,3.4427,85570936.1242,69994008.4476
600036.SH,20190828,34.5,10.8005,1.7057,3.5006,87008467.3235,71169858.2801
600036.SH,20190827,34.75,10.8787,1.718,3.5259,87638963.4635,71685581.8908
600036.SH,20190826,35.0,10.957,1.7304,3.5513,88269459.6035,72201305.5015
600036.SH,20190823,36.27,11.3546,1.7997,3.6802,91472379.9948,74821181.444
600036.SH,20190822,35.34,11.0634,1.7535,3.5858,89126934.3539,72902689.6121
600036.SH,20190821,35.45,11.0979,1.759,3.597,89404352.6555,73129608.0008
600036.SH,20190820,35.33,11.0603,1.753,3.5848,89101714.5083,72882060.6677
600036.SH,20190819,35.3,11.0509,1.7515,3.5817,89026054.9715,72820173.8344
600036.SH,20190816,35.16,11.0071,1.7446,3.5675,88672977.1331,72531368.6124
600036.SH,20190815,34.87,10.9163,1.7302,3.5381,87941601.6107,71933129.2239
600036.SH,20190814,34.86,10.9132,1.7297,3.5371,87916381.7651,71912500.2795
600036.SH,20190813,34.85,10.91,1.7292,3.5361,87891161.9195,71891871.3351
600036.SH,20190812,35.41,11.0853,1.757,3.5929,89303473.2731,73047092.2231
600036.SH,20190809,34.99,10.9539,1.7362,3.5503,88244239.7579,72180676.5571
600036.SH,20190808,35.36,11.0697,1.7545,3.5878,89177374.0451,72943947.5009
600036.SH,20190807,34.53,10.8098,1.7133,3.5036,87084126.8603,71231745.1133
600036.SH,20190806,34.88,10.9194,1.7307,3.5391,87966821.4563,71953758.1684
600036.SH,20190805,35.21,11.0227,1.7471,3.5726,88799076.3611,72634513.3345
600036.SH,20190802,35.75,11.1918,1.7739,3.6274,90160948.0236,73748476.3337
600036.SH,20190801,36.2,11.3327,1.7962,3.6731,91295841.0756,74676778.833
600036.SH,20190731,36.56,11.4454,1.8141,3.7096,92203755.5173,75419420.8324
600036.SH,20190730,36.77,11.5111,1.8245,3.7309,92733372.2749,75852628.6654
600036.SH,20190729,36.83,11.5299,1.8275,3.737,92884691.3485,75976402.332
600036.SH,20190726,37.22,11.652,1.8468,3.7766,93868265.3269,76780931.1647
600036.SH,20190725,37.26,11.6645,1.8488,3.7806,93969144.7093,76863446.9425
600036.SH,20190724,36.43,11.4047,1.8076,3.6964,91875897.5244,75151244.5548
600036.SH,20190723,36.21,11.3358,1.7967,3.6741,91321060.9212,74697407.7774
600036.SH,20190722,36.37,11.3859,1.8046,3.6903,91724578.4508,75027470.8883
600036.SH,20190719,36.37,11.3859,1.8046,3.6903,91724578.4508,75027470.8883
600036.SH,20190718,35.32,11.0572,1.7525,3.5838,89076494.6627,72861431.7232
600036.SH,20190717,35.21,11.0227,1.7471,3.5726,88799076.3611,72634513.3345
600036.SH,20190716,35.31,11.054,1.752,3.5828,89051274.8171,72840802.7788
600036.SH,20190715,35.3,11.0509,1.7515,3.5817,89026054.9715,72820173.8344
600036.SH,20190712,35.4,11.0822,1.7565,3.5919,89278253.4275,73026463.2787
600036.SH,20190711,35.9,11.2387,1.7019,3.6426,90539245.7076,74057910.5001
600036.SH,20190710,35.12,10.9946,1.6649,3.5635,88572097.7507,72448852.8346
600036.SH,20190709,35.29,11.0478,1.673,3.5807,89000835.1259,72799544.8899
600036.SH,20190708,35.56,11.1323,1.6858,3.6081,89681770.9572,73356526.3895
600036.SH,20190705,36.47,11.4172,1.7289,3.7005,91976776.9068,75233760.3326
600036.SH,20190704,36.08,11.2951,1.7105,3.6609,90993202.9284,74429231.4998
600036.SH,20190703,36.15,11.317,1.7138,3.668,91169741.8476,74573634.1108
600036.SH,20190702,36.52,11.4328,1.7313,3.7055,92102876.1349,75336905.0547
600036.SH,20190701,36.9,11.5518,1.7493,3.7441,93061230.2677,76120804.943
600036.SH,20190628,35.98,11.2638,1.7057,3.6507,90741004.4724,74222942.0555
600036.SH,20190627,36.45,11.4109,1.728,3.6984,91926337.2156,75192502.4437
600036.SH,20190626,35.47,11.1041,1.6815,3.599,89454792.3467,73170865.8897
600036.SH,20190625,36.13,11.3107,1.7128,3.666,91119302.1564,74532376.222
600036.SH,20190624,37.96,11.8836,1.7996,3.8516,95734533.9014,78307473.0525
600036.SH,20190621,37.69,11.7991,1.7868,3.8242,95053598.0702,77750491.5529
600036.SH,20190620,38.38,12.0151,1.8195,3.8943,96793767.4166,79173888.7185
600036.SH,20190619,36.8,11.5205,1.7446,3.7339,92809031.8117,75914515.4987
600036.SH,20190618,36.02,11.2763,1.7076,3.6548,90841883.8548,74305457.8333
600036.SH,20190617,35.6,11.1448,1.6877,3.6122,89782650.3396,73439042.1672
600036.SH,20190614,35.35,11.0666,1.6759,3.5868,89152154.1995,72923318.5565
600036.SH,20190613,35.25,11.0352,1.6711,3.5767,88899955.7435,72717029.1122
600036.SH,20190612,35.33,11.0603,1.6749,3.5848,89101714.5083,72882060.6677
600036.SH,20190611,35.42,11.0885,1.6792,3.5939,89328693.1187,73067721.1675
600036.SH,20190610,34.74,10.8756,1.6469,3.5249,87613743.6179,71664952.9463
600036.SH,20190606,33.9,10.6126,1.6071,3.4397,85495276.5874,69932121.6143
600036.SH,20190605,33.95,10.6283,1.6095,3.4448,85621375.8154,70035266.3365
600036.SH,20190604,34.03,10.6533,1.6133,3.4529,85823134.5802,70200297.8919
600036.SH,20190603,34.4,10.7691,1.6308,3.4904,86756268.8674,70963568.8358
600036.SH,20190531,34.21,10.7097,1.6218,3.4711,86277091.801,70571618.8916
600036.SH,20190530,34.3,10.7378,1.6261,3.4803,86504070.4114,70757279.3915
600036.SH,20190529,34.25,10.7222,1.6237,3.4752,86377971.1834,70654134.6693
600036.SH,20190528,34.38,10.7629,1.6299,3.4884,86705829.1762,70922310.9469
600036.SH,20190527,33.78,10.5751,1.6014,3.4275,85192638.4402,69684574.2812
600036.SH,20190524,33.6,10.5187,1.5929,3.4093,84738681.2194,69313253.2814
600036.SH,20190523,33.35,10.4404,1.581,3.3839,84108185.0793,68797529.6707
600036.SH,20190522,33.53,10.4968,1.5896,3.4022,84562142.3002,69168850.6704
600036.SH,20190521,33.63,10.5281,1.5943,3.4123,84814340.7562,69375140.1147
600036.SH,20190520,33.28,10.4185,1.5777,3.3768,83931646.1601,68653127.0597
600036.SH,20190517,33.31,10.4279,1.5791,3.3798,84007305.6969,68715013.893
600036.SH,20190516,33.67,10.5406,1.5962,3.4164,84915220.1386,69457655.8924
600036.SH,20190515,33.63,10.5281,1.5943,3.4123,84814340.7562,69375140.1147
600036.SH,20190514,32.56,10.1931,1.5436,3.3037,82115817.2769,67167843.0608
600036.SH,20190513,32.8,10.2683,1.555,3.3281,82721093.5713,67662937.7271
600036.SH,20190510,33.61,10.5218,1.5934,3.4103,84763901.065,69333882.2259
600036.SH,20190509,32.42,10.1493,1.5369,3.2895,81762739.4384,66879037.8388
600036.SH,20190508,33.13,10.3716,1.5706,3.3616,83553348.4761,68343692.8933
600036.SH,20190507,33.71,10.5531,1.5981,3.4204,85016099.521,69540171.6702
600036.SH,20190506,33.91,10.6158,1.6076,3.4407,85520496.433,69952750.5587
600036.SH,20190430,34.45,10.7848,1.6332,3.4955,86882368.0954,71066713.5579
600036.SH,20190429,35.33,11.0603,1.7607,3.5848,89101714.5083,72882060.6677
600036.SH,20190426,34.36,10.7566,1.7124,3.4864,86655389.485,70881053.058
600036.SH,20190425,35.43,11.0916,1.7657,3.5949,89353912.9643,73088350.1119
600036.SH,20190424,35.8,11.2074,1.7841,3.6325,90287047.2516,73851621.0558
600036.SH,20190423,35.23,11.029,1.7557,3.5746,88849516.0523,72675771.2234
600036.SH,20190422,34.8,10.8944,1.7343,3.531,87765062.6915,71788726.6129
600036.SH,20190419,36.0,11.27,1.7941,3.6528,90791444.1636,74264199.9444
600036.SH,20190418,35.5,11.1135,1.7692,3.602,89530451.8836,73232752.723
600036.SH,20190417,35.83,11.2168,1.7856,3.6355,90362706.7884,73913507.8891
600036.SH,20190416,36.0,11.27,1.7941,3.6528,90791444.1636,74264199.9444
600036.SH,20190415,34.82,10.9006,1.7353,3.533,87815502.3827,71829984.5018
600036.SH,20190412,34.8,10.8944,1.7343,3.531,87765062.6915,71788726.6129
600036.SH,20190411,34.96,10.9445,1.7423,3.5472,88168580.2211,72118789.7238
600036.SH,20190410,35.07,10.9789,1.7478,3.5584,88445998.5227,72345708.1125
600036.SH,20190409,35.23,11.029,1.7557,3.5746,88849516.0523,72675771.2234
600036.SH,20190408,35.93,11.2481,1.7906,3.6457,90614905.2444,74119797.3334
600036.SH,20190404,35.59,11.1417,1.7737,3.6112,89757430.494,73418413.2228
600036.SH,20190403,34.86,10.9132,1.7373,3.5371,87916381.7651,71912500.2795
600036.SH,20190402,34.49,10.7973,1.7189,3.4996,86983247.4778,71149229.3356
600036.SH,20190401,34.08,10.669,1.6984,3.458,85949233.8082,70303442.614
600036.SH,20190329,33.92,10.6189,1.6904,3.4417,85545716.2786,69973379.5032
600036.SH,20190328,32.52,10.1806,1.6207,3.2997,82014937.8945,67085327.2831
600036.SH,20190327,32.4,10.143,1.6147,3.2875,81712299.7472,66837779.95
600036.SH,20190326,31.49,9.8582,1.5693,3.1952,79417293.7975,64960546.0069
600036.SH,20190325,31.17,9.758,1.5534,3.1627,78610258.7383,64300419.7852
600036.SH,20190322,32.35,11.6302,1.5104,3.6934,81586200.5192,66734635.2278
600036.SH,20190321,31.98,11.4972,1.4931,3.6512,80653066.232,65971364.2839
600036.SH,20190320,32.27,11.6015,1.5067,3.6843,81384441.7544,66569603.6724
600036.SH,20190319,32.03,11.5152,1.4955,3.6569,80779165.46,66074509.0061
600036.SH,20190318,32.36,11.6338,1.5109,3.6945,81611420.3648,66755264.1722
600036.SH,20190315,31.67,11.3858,1.4787,3.6158,79871251.0184,65331867.0066
600036.SH,20190314,31.45,11.3067,1.4684,3.5907,79316414.4151,64878030.2292
600036.SH,20190313,31.04,11.1593,1.4492,3.5438,78282400.7455,64032243.5076
600036.SH,20190312,30.66,11.0227,1.4315,3.5005,77324046.6127,63248343.6193
600036.SH,20190311,30.53,10.9759,1.4254,3.4856,76996188.6199,62980167.3417
600036.SH,20190308,30.78,11.0658,1.4371,3.5142,77626684.7599,63495890.9525
600036.SH,20190307,31.3,11.2528,1.4614,3.5735,78938116.7311,64568596.0628
600036.SH,20190306,32.22,11.5835,1.5043,3.6786,81258342.5264,66466458.9502
600036.SH,20190305,32.35,11.6302,1.5104,3.6934,81586200.5192,66734635.2278
600036.SH,20190304,32.69,11.7525,1.5263,3.7322,82443675.2697,67436019.3384
600036.SH,20190301,32.9,11.828,1.5361,3.7562,82973292.0273,67869227.1714
600036.SH,20190228,31.74,11.4109,1.4819,3.6238,80047789.9376,65476269.6176
600036.SH,20190227,31.71,11.4002,1.4805,3.6203,79972130.4008,65414382.7844
600036.SH,20190226,31.49,11.3211,1.4703,3.5952,79417293.7975,64960546.0069
600036.SH,20190225,32.52,11.6914,1.5183,3.7128,82014937.8945,67085327.2831
600036.SH,20190222,30.63,11.0119,1.4301,3.497,77248387.0759,63186456.786
600036.SH,20190221,30.08,10.8142,1.4044,3.4342,75861295.5678,62051864.8424
600036.SH,20190220,30.15,10.8393,1.4077,3.4422,76037834.487,62196267.4534
600036.SH,20190219,29.88,10.7423,1.3951,3.4114,75356898.6558,61639285.9539
600036.SH,20190218,29.87,10.7387,1.3946,3.4103,75331678.8102,61618657.0094
600036.SH,20190215,29.15,10.4798,1.361,3.3281,73515849.9269,60133373.0105
600036.SH,20190214,29.86,10.7351,1.3942,3.4091,75306458.9646,61598028.065
600036.SH,20190213,29.84,10.7279,1.3932,3.4068,75256019.2734,61556770.1761
600036.SH,20190212,29.32,10.5409,1.3689,3.3475,73944587.3021,60484065.0658
600036.SH,20190211,29.39,10.5661,1.3722,3.3555,74121126.2213,60628467.6768
600036.SH,20190201,29.3,10.5337,1.368,3.3452,73894147.6109,60442807.177
600036.SH,20190131,29.21,10.5014,1.3638,3.3349,73667169.0005,60257146.6771
600036.SH,20190130,28.42,10.2174,1.3269,3.2447,71674801.198,58627460.0672
600036.SH,20190129,28.64,10.2965,1.3372,3.2698,72229637.8013,59081296.8447
600036.SH,20190128,28.66,10.3036,1.3381,3.2721,72280077.4925,59122554.7335
600036.SH,20190125,28.52,10.2533,1.3316,3.2561,71926999.6541,58833749.5115
600036.SH,20190124,27.87,10.0196,1.3012,3.1819,70287709.69,57492868.1236
600036.SH,20190123,27.16,9.7644,1.3934,3.1009,68497100.6523,56028213.0692
600036.SH,20190122,26.98,9.6997,1.3842,3.0803,68043143.4315,55656892.0694
600036.SH,20190121,27.33,9.8255,1.4022,3.1203,68925838.0275,56378905.1245
600036.SH,20190118,27.1,9.7428,1.3904,3.094,68345781.5787,55904439.4026
600036.SH,20190117,26.47,9.5163,1.358,3.0221,66756931.3058,54604815.9036
600036.SH,20190116,26.85,9.6529,1.3775,3.0655,67715285.4387,55388715.7919
600036.SH,20190115,26.8,9.635,1.375,3.0598,67589186.2107,55285571.0697
600036.SH,20190114,26.31,9.4588,1.3498,3.0038,66353413.7762,54274752.7927
600036.SH,20190111,26.46,9.5127,1.3575,3.0209,66731711.4602,54584186.9591
600036.SH,20190110,25.85,9.2934,1.3262,2.9513,65193300.8786,53325821.349
600036.SH,20190109,25.7,9.2395,1.3185,2.9342,64815003.1946,53016387.1825
600036.SH,20190108,25.22,9.0669,1.2939,2.8794,63604450.6057,52026197.8499
600036.SH,20190107,25.52,9.1748,1.3093,2.9136,64361045.9738,52645066.1828
600036.SH,20190104,25.51,9.1712,1.3088,2.9125,64335826.1282,52624437.2384
600036.SH,20190103,24.88,8.9447,1.2765,2.8406,62746975.8553,51324813.7394
600036.SH,20190102,24.57,8.8332,1.2606,2.8052,61965160.6417,50685316.4621
600036.SH,20181228,25.2,9.0597,1.2929,2.8771,63554010.9145,51984939.9611
600036.SH,20181227,24.85,8.9339,1.2749,2.8371,62671316.3185,51262926.9061
600036.SH,20181226,24.85,8.9339,1.2749,2.8371,62671316.3185,51262926.9061
600036.SH,20181225,25.29,9.0921,1.2975,2.8874,63780989.5249,52170600.4609
600036.SH,20181224,25.45,9.1496,1.3057,2.9056,64184507.0545,52500663.5718
600036.SH,20181221,25.39,9.128,1.3026,2.8988,64033187.9809,52376889.9052
600036.SH,20181220,25.91,9.315,1.3293,2.9581,65344619.9522,53449595.0155
600036.SH,20181219,26.77,9.6242,1.3734,3.0563,67513526.6739,55223684.2364
600036.SH,20181218,27.91,10.034,1.4319,3.1865,70388589.0724,57575383.9013
600036.SH,20181217,28.29,10.1706,1.4514,3.2299,71346943.2052,58359283.7896
600036.SH,20181214,28.33,10.185,1.4535,3.2344,71447822.5876,58441799.5674
600036.SH,20181213,28.75,10.336,1.475,3.2824,72507056.1029,59308215.2334
600036.SH,20181212,28.46,10.2317,1.4601,3.2493,71775680.5804,58709975.8449
600036.SH,20181211,28.51,10.2497,1.4627,3.255,71901779.8085,58813120.5671
600036.SH,20181210,28.34,10.1886,1.454,3.2356,71473042.4332,58462428.5118
600036.SH,20181207,28.58,10.2749,1.4663,3.263,72078318.7277,58957523.1781
600036.SH,20181206,28.9,10.3899,1.4827,3.2995,72885353.7869,59617649.3998
600036.SH,20181205,29.37,10.5589,1.5068,3.3532,74070686.5301,60587209.788
600036.SH,20181204,29.57,10.6308,1.5171,3.376,74575083.4422,60999788.6766
600036.SH,20181203,29.46,10.5913,1.5114,3.3635,74297665.1405,60772870.2878
600036.SH,20181130,28.55,10.2641,1.4647,3.2596,72002659.1909,58895636.3448
600036.SH,20181129,28.3,10.1742,1.4519,3.231,71372163.0508,58379912.7341
600036.SH,20181128,28.28,10.167,1.4509,3.2287,71321723.3596,58338654.8452
600036.SH,20181127,27.99,10.0628,1.436,3.1956,70590347.8372,57740415.4568
600036.SH,20181126,28.27,10.1634,1.4504,3.2276,71296503.514,58318025.9008
600036.SH,20181123,27.88,10.0232,1.4304,3.1831,70312929.5356,57513497.0681
600036.SH,20181122,28.3,10.1742,1.4519,3.231,71372163.0508,58379912.7341
600036.SH,20181121,28.4,10.2102,1.4571,3.2424,71624361.5068,58586202.1784
600036.SH,20181120,28.42,10.2174,1.4581,3.2447,71674801.198,58627460.0672
600036.SH,20181119,28.95,10.4079,1.4853,3.3052,73011453.0149,59720794.122
600036.SH,20181116,28.48,10.2389,1.4612,3.2516,71826120.2716,58751233.7338
600036.SH,20181115,28.38,10.203,1.456,3.2401,71573921.8156,58544944.2895
600036.SH,20181114,28.16,10.1239,1.4447,3.215,71019085.2124,58091107.5121
600036.SH,20181113,28.58,10.2749,1.4663,3.263,72078318.7277,58957523.1781
600036.SH,20181112,28.56,10.2677,1.4653,3.2607,72027879.0365,58916265.2892
600036.SH,20181109,28.6,10.2821,1.4673,3.2653,72128758.4189,58998781.0669
600036.SH,20181108,30.01,10.789,1.5397,3.4262,75684756.6486,61907462.2314
600036.SH,20181107,29.57,10.6308,1.5171,3.376,74575083.4422,60999788.6766
600036.SH,20181106,29.87,10.7387,1.5325,3.4103,75331678.8102,61618657.0094
600036.SH,20181105,30.0,10.7854,1.5391,3.4251,75659536.803,61886833.287
600036.SH,20181102,30.33,10.904,1.5561,3.4628,76491791.7078,62567588.4532
600036.SH,20181101,29.05,10.4439,1.4904,3.3166,73263651.4709,59927083.5662
600036.SH,20181031,28.91,10.3935,1.4832,3.3007,72910573.6325,59638278.3442
600036.SH,20181030,28.35,10.1922,1.5322,3.2367,71498262.2788,58483057.4562
600036.SH,20181029,27.85,10.0124,1.5051,3.1796,70237269.9988,57451610.2348
600036.SH,20181026,29.6,10.6416,1.5997,3.3794,74650742.979,61061675.5098
600036.SH,20181025,29.66,10.6632,1.603,3.3863,74802062.0526,61185449.1764
600036.SH,20181024,29.39,10.5661,1.5884,3.3555,74121126.2213,60628467.6768
600036.SH,20181023,29.02,10.4331,1.5684,3.3132,73187991.9341,59865196.733
600036.SH,20181022,30.0,10.7854,1.6213,3.4251,75659536.803,61886833.287
600036.SH,20181019,29.21,10.5014,1.5786,3.3349,73667169.0005,60257146.6771
600036.SH,20181018,27.9,10.0304,1.5078,3.1853,70363369.2268,57554754.9569
600036.SH,20181017,29.0,10.4259,1.5673,3.3109,73137552.2429,59823938.8441
600036.SH,20181016,29.1,10.4618,1.5727,3.3224,73389750.6989,60030228.2884
600036.SH,20181015,28.74,10.3324,1.5532,3.2813,72481836.2573,59287586.2889
600036.SH,20181012,29.16,10.4834,1.5759,3.3292,73541069.7725,60154001.955
600036.SH,20181011,28.45,10.2281,1.5376,3.2481,71750460.7348,58689346.9005
600036.SH,20181010,29.6,10.6416,1.5997,3.3794,74650742.979,61061675.5098
600036.SH,20181009,29.4,10.5697,1.5889,3.3566,74146346.0669,60649096.6213
600036.SH,20181008,29.43,10.5805,1.5905,3.36,74222005.6037,60710983.4545
600036.SH,20180928,30.69,11.0335,1.6586,3.5039,77399706.1495,63310230.4526
600036.SH,20180927,30.43,10.94,1.6446,3.4742,76743990.1638,62773877.8974
600036.SH,20180926,30.45,10.9472,1.6457,3.4765,76794429.855,62815135.7863
600036.SH,20180925,29.62,10.6488,1.6008,3.3817,74701182.6702,61102933.3987
600036.SH,20180921,30.3,10.8932,1.6375,3.4594,76416132.171,62505701.6199
600036.SH,20180920,28.51,10.2497,1.5408,3.255,71901779.8085,58813120.5671
600036.SH,20180919,28.4,10.2102,1.5349,3.2424,71624361.5068,58586202.1784
600036.SH,20180918,28.18,10.1311,1.523,3.2173,71069524.9036,58132365.4009
600036.SH,20180917,27.45,9.8686,1.4835,3.134,69228476.1747,56626452.4576
600036.SH,20180914,27.88,10.0232,1.5068,3.1831,70312929.5356,57513497.0681
600036.SH,20180913,27.76,9.9801,1.5003,3.1694,70010291.3884,57265949.7349
600036.SH,20180912,27.4,9.8507,1.4808,3.1283,69102376.9467,56523307.7355
600036.SH,20180911,27.4,9.8507,1.4808,3.1283,69102376.9467,56523307.7355
600036.SH,20180910,27.9,10.0304,1.5078,3.1853,70363369.2268,57554754.9569
600036.SH,20180907,28.17,10.1275,1.5224,3.2162,71044305.058,58111736.4565
600036.SH,20180906,27.5,9.8866,1.4862,3.1397,69354575.4028,56729597.1798
600036.SH,20180905,27.69,9.9549,1.4965,3.1614,69833752.4692,57121547.1239
600036.SH,20180904,28.64,10.2965,1.5478,3.2698,72229637.8013,59081296.8447
600036.SH,20180903,28.14,10.1167,1.5208,3.2127,70968645.5212,58049849.6232
600036.SH,20180831,28.29,10.1706,1.5289,3.2299,71346943.2052,58359283.7896
600036.SH,20180830,28.14,10.1167,1.5208,3.2127,70968645.5212,58049849.6232
600036.SH,20180829,28.76,10.3396,1.5543,3.2835,72532275.9485,59328844.1778
600036.SH,20180828,28.62,10.2893,1.5468,3.2675,72179198.1101,59040038.9558
600036.SH,20180827,28.54,10.2605,1.5424,3.2584,71977439.3453,58875007.4004
600036.SH,20180824,27.7,9.9585,1.5845,3.1625,69858972.3148,57142176.0683
600036.SH,20180823,27.3,9.8147,1.5616,3.1168,68850178.4907,56317018.2912
600036.SH,20180822,27.04,9.7212,1.5467,3.0872,68194462.5051,55780665.736
600036.SH,20180821,27.1,9.7428,1.5502,3.094,68345781.5787,55904439.4026
600036.SH,20180820,26.96,9.6925,1.5421,3.078,67992703.7403,55615634.1806
600036.SH,20180817,26.52,9.5343,1.517,3.0278,66883030.5339,54707960.6257
600036.SH,20180816,26.74,9.6134,1.5296,3.0529,67437867.1371,55161797.4031
600036.SH,20180815,26.7,9.599,1.5273,3.0483,67336987.7547,55079281.6254
600036.SH,20180814,27.51,9.8902,1.5736,3.1408,69379795.2484,56750226.1242
600036.SH,20180813,27.71,9.9621,1.585,3.1637,69884192.1604,57162805.0128
600036.SH,20180810,28.44,10.2246,1.6268,3.247,71725240.8892,58668717.9561
600036.SH,20180809,28.77,10.3432,1.6457,3.2847,72557495.7941,59349473.1222
600036.SH,20180808,28.11,10.1059,1.6079,3.2093,70892985.9844,57987962.7899
600036.SH,20180807,28.48,10.2389,1.6291,3.2516,71826120.2716,58751233.7338
600036.SH,20180806,27.59,9.919,1.5782,3.15,69581554.0132,56915257.6796
600036.SH,20180803,27.24,9.7931,1.5582,3.11,68698859.4171,56193244.6246
600036.SH,20180802,27.18,9.7716,1.5547,3.1031,68547540.3435,56069470.958
600036.SH,20180801,27.87,10.0196,1.5942,3.1819,70287709.69,57492868.1236
600036.SH,20180731,28.39,10.2066,1.6239,3.2413,71599141.6612,58565573.2339
600036.SH,20180730,28.61,10.2857,1.6365,3.2664,72153978.2645,59019410.0114
600036.SH,20180727,28.09,10.0987,1.6068,3.207,70842546.2932,57946704.9011
600036.SH,20180726,28.12,10.1095,1.6085,3.2105,70918205.83,58008591.7343
600036.SH,20180725,28.22,10.1455,1.6142,3.2219,71170404.286,58214881.1786
600036.SH,20180724,27.75,9.9765,1.5873,3.1682,69985071.5428,57245320.7905
600036.SH,20180723,27.86,10.016,1.5936,3.1808,70262489.8444,57472239.1792
600036.SH,20180720,27.38,9.8435,1.5662,3.126,69051937.2555,56482049.8466
600036.SH,20180719,25.62,9.2107,1.4655,2.925,64613244.4298,52851355.6271
600036.SH,20180718,25.29,9.0921,1.4466,2.8874,63780989.5249,52170600.4609
600036.SH,20180717,25.37,9.1208,1.4512,2.8965,63982748.2897,52335632.0164
600036.SH,20180716,25.67,9.2287,1.4684,2.9307,64739343.6578,52954500.3492
600036.SH,20180713,26.23,9.43,1.5004,2.9947,66151655.0114,54109721.2373
600036.SH,20180712,26.04,9.3617,1.4895,2.973,65672477.945,53717771.2931
600036.SH,20180711,26.6,9.563,1.4518,3.0369,67084789.2987,54872992.1811
600036.SH,20180710,26.8,9.635,1.4627,3.0598,67589186.2107,55285571.0697
600036.SH,20180709,26.95,9.6889,1.4709,3.0769,67967483.8947,55595005.2362
600036.SH,20180706,25.84,9.2898,1.4103,2.9502,65168081.033,53305192.4045
600036.SH,20180705,25.44,9.146,1.3885,2.9045,64159287.2089,52480034.6274
600036.SH,20180704,25.05,9.0058,1.3672,2.86,63175713.2305,51675505.7946
600036.SH,20180703,25.22,9.0669,1.3765,2.8794,63604450.6057,52026197.8499
600036.SH,20180702,25.44,9.146,1.3885,2.9045,64159287.2089,52480034.6274
600036.SH,20180629,26.44,9.5055,1.4431,3.0187,66681271.769,54542929.0703
600036.SH,20180628,25.85,9.2934,1.4109,2.9513,65193300.8786,53325821.349
600036.SH,20180627,26.33,9.466,1.4371,3.0061,66403853.4674,54316010.6816
600036.SH,20180626,26.9,9.6709,1.4682,3.0712,67841384.6667,55491860.514
600036.SH,20180625,27.67,9.9477,1.5102,3.1591,69783312.778,57080289.235
600036.SH,20180622,28.62,10.2893,1.562,3.2675,72179198.1101,59040038.9558
600036.SH,20180621,28.65,10.3001,1.5637,3.271,72254857.6469,59101925.7891
600036.SH,20180620,28.51,10.2497,1.556,3.255,71901779.8085,58813120.5671
600036.SH,20180619,28.99,10.4223,1.5822,3.3098,73112332.3973,59803309.8997
600036.SH,20180615,28.94,10.4043,1.5795,3.3041,72986233.1693,59700165.1775
600036.SH,20180614,28.57,10.2713,1.5593,3.2618,72053098.8821,58936894.2337
600036.SH,20180613,28.71,10.3216,1.567,3.2778,72406176.7205,59225699.4557
600036.SH,20180612,28.74,10.3324,1.5686,3.2813,72481836.2573,59287586.2889
600036.SH,20180611,28.63,10.2929,1.5626,3.2687,72204417.9557,59060667.9002
600036.SH,20180608,28.2,10.1383,1.5391,3.2196,71119964.5948,58173623.2898
600036.SH,20180607,28.9,10.3899,1.5773,3.2995,72885353.7869,59617649.3998
600036.SH,20180606,28.8,10.354,1.5719,3.2881,72633155.3309,59411359.9555
600036.SH,20180605,29.26,10.5194,1.597,3.3406,73793268.2285,60360291.3993
600036.SH,20180604,29.25,10.5158,1.5964,3.3395,73768048.3829,60339662.4548
600036.SH,20180601,28.6,10.2821,1.561,3.2653,72128758.4189,58998781.0669
600036.SH,20180531,28.78,10.3468,1.5708,3.2858,72582715.6397,59370102.0667
600036.SH,20180530,28.3,10.1742,1.5446,3.231,71372163.0508,58379912.7341
600036.SH,20180529,28.94,10.4043,1.5795,3.3041,72986233.1693,59700165.1775
600036.SH,20180528,28.8,10.354,1.5719,3.2881,72633155.3309,59411359.9555
600036.SH,20180525,29.21,10.5014,1.5942,3.3349,73667169.0005,60257146.6771
600036.SH,20180524,29.1,10.4618,1.5882,3.3224,73389750.6989,60030228.2884
600036.SH,20180523,29.61,10.6452,1.6161,3.3806,74675962.8246,61082304.4543
600036.SH,20180522,29.82,10.7207,1.6275,3.4046,75205579.5822,61515512.2873
600036.SH,20180521,30.27,10.8825,1.6521,3.4559,76340472.6342,62443814.7866
600036.SH,20180518,30.46,10.9508,1.6625,3.4776,76819649.7006,62835764.7307
600036.SH,20180517,29.8,10.7135,1.6264,3.4023,75155139.891,61474254.3984
600036.SH,20180516,29.97,10.7746,1.6357,3.4217,75583877.2662,61824946.4537
600036.SH,20180515,30.56,10.9867,1.6679,3.489,77071848.1567,63042054.175
600036.SH,20180514,30.82,11.0802,1.6821,3.5187,77727564.1423,63578406.7302
600036.SH,20180511,30.08,10.8142,1.6417,3.4342,75861295.5678,62051864.8424
600036.SH,20180510,29.84,10.7279,1.6286,3.4068,75256019.2734,61556770.1761
600036.SH,20180509,29.75,10.6955,1.6237,3.3966,75029040.663,61371109.6763
600036.SH,20180508,29.68,10.6703,1.6199,3.3886,74852501.7438,61226707.0653
600036.SH,20180507,28.93,10.4007,1.579,3.3029,72961013.3237,59679536.2331
600036.SH,20180504,28.74,10.3324,1.5686,3.2813,72481836.2573,59287586.2889
600036.SH,20180503,29.3,10.5337,1.5992,3.3452,73894147.6109,60442807.177
600036.SH,20180502,29.56,10.6272,1.6134,3.3749,74549863.5966,60979159.7321
600036.SH,20180427,29.33,10.5445,1.658,3.3486,73969807.1477,60504694.0103
600036.SH,20180426,28.8,10.354,1.628,3.2881,72633155.3309,59411359.9555
600036.SH,20180425,28.82,10.3612,1.6291,3.2904,72683595.0221,59452617.8444
600036.SH,20180424,28.86,10.3755,1.6314,3.295,72784474.4045,59535133.6221
600036.SH,20180423,28.29,10.1706,1.5992,3.2299,71346943.2052,58359283.7896
600036.SH,20180420,28.21,10.1419,1.5947,3.2207,71145184.4404,58194252.2342
600036.SH,20180419,28.24,10.1527,1.5964,3.2242,71220843.9772,58256139.0675
600036.SH,20180418,28.14,10.1167,1.5907,3.2127,70968645.5212,58049849.6232
600036.SH,20180417,27.69,9.9549,1.5653,3.1614,69833752.4692,57121547.1239
600036.SH,20180416,28.11,10.1059,1.589,3.2093,70892985.9844,57987962.7899
600036.SH,20180413,29.54,10.62,1.6698,3.3726,74499423.9054,60937901.8433
600036.SH,20180412,29.93,10.7602,1.6919,3.4171,75482997.8838,61742430.676
600036.SH,20180411,30.49,10.9616,1.7235,3.481,76895309.2374,62897651.564
600036.SH,20180410,30.29,10.8897,1.7122,3.4582,76390912.3254,62485072.6754
600036.SH,20180409,28.84,10.3684,1.6303,3.2927,72734034.7133,59493875.7332
600036.SH,20180404,28.76,10.3396,1.6258,3.2835,72532275.9485,59328844.1778
600036.SH,20180403,28.81,10.3576,1.6286,3.2892,72658375.1765,59431988.8999
600036.SH,20180402,29.01,10.4295,1.6399,3.3121,73162772.0885,59844567.7885
600036.SH,20180330,29.09,10.4582,1.6444,3.3212,73364530.8533,60009599.344
600036.SH,20180329,29.31,10.5373,1.6568,3.3463,73919367.4565,60463436.1214
600036.SH,20180328,28.7,10.318,1.6224,3.2767,72380956.8749,59205070.5112
600036.SH,20180327,28.72,10.3252,1.6235,3.279,72431396.5661,59246328.4001
600036.SH,20180326,29.11,10.4654,1.6455,3.3235,73414970.5445,60050857.2328
600036.SH,20180323,30.31,12.3132,1.5928,3.657,76441352.0166,62526330.5643
600036.SH,20180322,31.23,12.6869,1.6411,3.768,78761577.8119,64424193.4518
600036.SH,20180321,31.26,12.6991,1.6427,3.7717,78837237.3487,64486080.2851
600036.SH,20180320,30.99,12.5894,1.6285,3.7391,78156301.5175,63929098.7855
600036.SH,20180319,30.71,12.4757,1.6138,3.7053,77450145.8407,63351488.3415
600036.SH,20180316,30.13,12.24,1.5833,3.6353,75987394.7958,62155009.5646
600036.SH,20180315,30.52,12.3985,1.6038,3.6824,76970968.7743,62959538.3973
600036.SH,20180314,30.39,12.3457,1.597,3.6667,76643110.7814,62691362.1197
600036.SH,20180313,30.73,12.4838,1.6149,3.7077,77500585.5319,63392746.2303
600036.SH,20180312,30.84,12.5285,1.6207,3.721,77778003.8335,63619664.619
600036.SH,20180309,31.15,12.6544,1.6369,3.7584,78559819.0471,64259161.8963
600036.SH,20180308,30.92,12.561,1.6249,3.7306,77979762.5983,63784696.1745
600036.SH,20180307,30.77,12.5,1.617,3.7125,77601464.9143,63475262.008
600036.SH,20180306,30.04,12.2035,1.5786,3.6245,75760416.1854,61969349.0647
600036.SH,20180305,30.15,12.2482,1.5844,3.6377,76037834.487,62196267.4534
600036.SH,20180302,30.03,12.1994,1.5781,3.6233,75735196.3398,61948720.1203
600036.SH,20180301,30.4,12.3497,1.5975,3.6679,76668330.627,62711991.0642
600036.SH,20180228,30.3,12.3091,1.5923,3.6558,76416132.171,62505701.6199
600036.SH,20180227,30.87,12.5407,1.6222,3.7246,77853663.3703,63681551.4523
600036.SH,20180226,31.51,12.8007,1.6559,3.8018,79467733.4888,65001803.8958
600036.SH,20180223,31.78,12.9103,1.6701,3.8344,80148669.32,65558785.3954
600036.SH,20180222,31.5,12.7966,1.6553,3.8006,79442513.6432,64981174.9514
600036.SH,20180214,31.37,12.7438,1.6485,3.7849,79114655.6503,64712998.6738
600036.SH,20180213,30.91,12.5569,1.6243,3.7294,77954542.7527,63764067.23
600036.SH,20180212,30.05,12.2075,1.5791,3.6257,75785636.031,61989978.0091
600036.SH,20180209,30.71,12.4757,1.6138,3.7053,77450145.8407,63351488.3415
600036.SH,20180208,31.28,12.7072,1.6438,3.7741,78887677.0399,64527338.1739
600036.SH,20180207,32.39,13.1581,1.7021,3.908,81687079.9016,66817151.0055
600036.SH,20180206,34.62,14.0641,1.8193,4.1771,87311105.4707,71417405.6132
600036.SH,20180205,34.89,14.1737,1.8335,4.2096,87992041.3019,71974387.1128
600036.SH,20180202,34.5,14.0153,1.813,4.1626,87008467.3235,71169858.2801
600036.SH,20180201,34.45,13.995,1.8104,4.1566,86882368.0954,71066713.5579
600036.SH,20180131,33.94,13.7878,1.7836,4.095,85596155.9698,70014637.392
600036.SH,20180130,32.57,13.2313,1.7116,3.9297,82141037.1225,67188472.0053
600036.SH,20180129,32.98,13.3978,1.7331,3.9792,83175050.7921,68034258.7268
600036.SH,20180126,33.47,13.5969,1.7589,4.0383,84410823.2265,69045077.0039
600036.SH,20180125,33.41,13.5725,1.7557,4.0311,84259504.1529,68921303.3373
600036.SH,20180124,33.85,13.7513,1.7788,4.0842,85369177.3594,69828976.8922
600036.SH,20180123,34.05,13.8325,1.9604,4.1083,85873574.2714,70241555.7807
600036.SH,20180122,33.08,13.4385,1.9046,3.9913,83427249.2481,68240548.1711
600036.SH,20180119,32.46,13.1866,1.8689,3.9165,81863618.8208,66961553.6165
600036.SH,20180118,32.32,13.1297,1.8608,3.8996,81510540.9824,66672748.3945
600036.SH,20180117,31.69,12.8738,1.8246,3.8235,79921690.7096,65373124.8955
600036.SH,20180116,31.89,12.955,1.8361,3.8477,80426087.6216,65785703.7841
600036.SH,20180115,31.94,12.9753,1.8389,3.8537,80552186.8496,65888848.5062
600036.SH,20180112,31.51,12.8007,1.8142,3.8018,79467733.4888,65001803.8958
600036.SH,20180111,30.92,12.561,1.7802,3.7306,77979762.5983,63784696.1745
600036.SH,20180110,30.53,12.4025,1.7578,3.6836,76996188.6199,62980167.3417
600036.SH,20180109,29.77,12.0938,1.714,3.5919,75079480.3542,61412367.5651
600036.SH,20180108,29.47,11.9719,1.6967,3.5557,74322884.9861,60793499.2323
600036.SH,20180105,30.1,12.2279,1.733,3.6317,75911735.259,62093122.7313
600036.SH,20180104,29.65,12.045,1.7071,3.5774,74776842.207,61164820.232
600036.SH,20180103,29.97,12.175,1.7255,3.616,75583877.2662,61824946.4537
600036.SH,20180102,29.62,12.0329,1.7054,3.5738,74701182.6702,61102933.3987
600036.SH,20171229,29.02,11.7891,1.6708,3.5014,73187991.9341,59865196.733
600036.SH,20171228,28.63,11.6307,1.6484,3.4543,72204417.9557,59060667.9002
600036.SH,20171227,28.76,11.6835,1.6559,3.47,72532275.9485,59328844.1778
600036.SH,20171226,29.71,12.0694,1.7106,3.5847,74928161.2806,61288593.8986
600036.SH,20171225,29.29,11.8988,1.6864,3.534,73868927.7653,60422178.2325
600036.SH,20171222,29.29,11.8988,1.6864,3.534,73868927.7653,60422178.2325
600036.SH,20171221,29.64,12.041,1.7065,3.5762,74751622.3614,61144191.2876
600036.SH,20171220,29.47,11.9719,1.6967,3.5557,74322884.9861,60793499.2323
600036.SH,20171219,29.36,11.9272,1.6904,3.5424,74045466.6845,60566580.8435
600036.SH,20171218,28.33,11.5088,1.6311,3.4181,71447822.5876,58441799.5674
600036.SH,20171215,28.06,11.3991,1.6156,3.3856,70766886.7564,57884818.0678
600036.SH,20171214,28.63,11.6307,1.6484,3.4543,72204417.9557,59060667.9002
600036.SH,20171213,28.6,11.6185,1.6466,3.4507,72128758.4189,58998781.0669
600036.SH,20171212,28.35,11.5169,1.6322,3.4206,71498262.2788,58483057.4562
600036.SH,20171211,28.93,11.7526,1.6656,3.4905,72961013.3237,59679536.2331
600036.SH,20171208,28.52,11.586,1.642,3.4411,71926999.6541,58833749.5115
600036.SH,20171207,28.25,11.4763,1.6265,3.4085,71246063.8228,58276768.0119
600036.SH,20171206,28.93,11.7526,1.6656,3.4905,72961013.3237,59679536.2331
600036.SH,20171205,29.49,11.98,1.6979,3.5581,74373324.6773,60834757.1211
600036.SH,20171204,28.72,11.6672,1.6536,3.4652,72431396.5661,59246328.4001
600036.SH,20171201,28.61,11.6226,1.6472,3.4519,72153978.2645,59019410.0114
600036.SH,20171130,28.99,11.7769,1.6691,3.4978,73112332.3973,59803309.8997
600036.SH,20171129,29.56,12.0085,1.7019,3.5666,74549863.5966,60979159.7321
600036.SH,20171128,29.19,11.8582,1.6806,3.5219,73616729.3093,60215888.7883
600036.SH,20171127,29.88,12.1385,1.7203,3.6052,75356898.6558,61639285.9539
600036.SH,20171124,30.09,12.2238,1.7324,3.6305,75886515.4134,62072493.7869
600036.SH,20171123,30.0,12.1872,1.7272,3.6196,75659536.803,61886833.287
600036.SH,20171122,30.9,12.5528,1.7791,3.7282,77929322.9071,63743438.2856
600036.SH,20171121,30.36,12.3335,1.748,3.6631,76567451.2446,62629475.2864
600036.SH,20171120,30.53,12.4025,1.7578,3.6836,76996188.6199,62980167.3417
600036.SH,20171117,29.38,11.9354,1.6916,3.5448,74095906.3757,60607838.7324
600036.SH,20171116,28.1,11.4154,1.6179,3.3904,70867766.1388,57967333.8455
600036.SH,20171115,27.88,11.326,1.6052,3.3639,70312929.5356,57513497.0681
600036.SH,20171114,28.02,11.3829,1.6133,3.3807,70666007.374,57802302.2901
600036.SH,20171113,27.67,11.2407,1.5931,3.3385,69783312.778,57080289.235
600036.SH,20171110,27.07,10.9969,1.5586,3.2661,68270122.0419,55842552.5693
600036.SH,20171109,27.07,10.9969,1.5586,3.2661,68270122.0419,55842552.5693
600036.SH,20171108,27.09,11.0051,1.5597,3.2685,68320561.7331,55883810.4582
600036.SH,20171107,27.03,10.9807,1.5563,3.2613,68169242.6595,55760036.7916
600036.SH,20171106,26.61,10.8101,1.5321,3.2106,67110009.1443,54893621.1256
600036.SH,20171103,27.06,10.9929,1.558,3.2649,68244902.1963,55821923.6249
600036.SH,20171102,27.01,10.9726,1.5551,3.2589,68118802.9683,55718778.9027
600036.SH,20171101,26.9,10.9279,1.5488,3.2456,67841384.6667,55491860.514
600036.SH,20171031,27.1,11.0091,1.5603,3.2697,68345781.5787,55904439.4026
600036.SH,20171030,27.79,11.2894,1.6,3.353,70085950.9252,57327836.5682
600036.SH,20171027,28.1,11.4154,1.6898,3.3904,70867766.1388,57967333.8455
600036.SH,20171026,26.55,10.7857,1.5966,3.2034,66958690.0707,54769847.459
600036.SH,20171025,26.8,10.8873,1.6117,3.2335,67589186.2107,55285571.0697
600036.SH,20171024,26.62,10.8141,1.6008,3.2118,67135228.9899,54914250.07
600036.SH,20171023,26.5,10.7654,1.5936,3.1973,66832590.8427,54666702.7369
600036.SH,20171020,26.77,10.8751,1.6099,3.2299,67513526.6739,55223684.2364
600036.SH,20171019,27.1,11.0091,1.6297,3.2697,68345781.5787,55904439.4026
600036.SH,20171018,27.11,11.0132,1.6303,3.2709,68371001.4243,55925068.347
600036.SH,20171017,27.03,10.9807,1.6255,3.2613,68169242.6595,55760036.7916
600036.SH,20171016,26.87,10.9157,1.6159,3.242,67765725.1299,55429973.6807
600036.SH,20171013,26.2,10.6435,1.5756,3.1612,66075995.4746,54047834.404
600036.SH,20171012,26.37,10.7126,1.5858,3.1817,66504732.8498,54398526.4593
600036.SH,20171011,26.04,10.5785,1.566,3.1418,65672477.945,53717771.2931
600036.SH,20171010,26.12,10.611,1.5708,3.1515,65874236.7098,53882802.8485
600036.SH,20171009,26.08,10.5948,1.5684,3.1467,65773357.3274,53800287.0708
600036.SH,20170929,25.55,10.3795,1.5365,3.0827,64436705.5106,52706953.0161
600036.SH,20170928,25.2,10.2373,1.5154,3.0405,63554010.9145,51984939.9611
600036.SH,20170927,25.4,10.3185,1.5275,3.0646,64058407.8265,52397518.8497
600036.SH,20170926,25.71,10.4445,1.5461,3.102,64840223.0402,53037016.127
600036.SH,20170925,25.81,10.4851,1.5521,3.1141,65092421.4962,53243305.5712
600036.SH,20170922,25.95,10.542,1.5605,3.131,65445499.3346,53532110.7933
600036.SH,20170921,26.06,10.5866,1.5672,3.1443,65722917.6362,53759029.182
600036.SH,20170920,25.89,10.5176,1.5569,3.1237,65294180.261,53408337.1267
600036.SH,20170919,26.17,10.6313,1.5738,3.1575,66000335.9378,53985947.5707
600036.SH,20170918,25.76,10.4648,1.5491,3.1081,64966322.2682,53140160.8491
600036.SH,20170915,25.97,10.5501,1.5617,3.1334,65495939.0258,53573368.6821
600036.SH,20170914,25.86,10.5054,1.5551,3.1201,65218520.7242,53346450.2934
600036.SH,20170913,26.17,10.6313,1.5738,3.1575,66000335.9378,53985947.5707
600036.SH,20170912,26.44,10.741,1.59,3.1901,66681271.769,54542929.0703
600036.SH,20170911,26.18,10.6354,1.5744,3.1587,66025555.7834,54006576.5151
600036.SH,20170908,26.38,10.7166,1.5864,3.1829,66529952.6954,54419155.4037
600036.SH,20170907,26.35,10.7044,1.5846,3.1793,66454293.1586,54357268.5704
600036.SH,20170906,26.88,10.9198,1.6165,3.2432,67790944.9755,55450602.6252
600036.SH,20170905,27.34,11.1066,1.6441,3.2987,68951057.8731,56399534.0689
600036.SH,20170904,26.96,10.9523,1.6213,3.2529,67992703.7403,55615634.1806
600036.SH,20170901,26.76,10.871,1.6093,3.2287,67488306.8283,55203055.292
600036.SH,20170831,26.75,10.8669,1.6087,3.2275,67463086.9827,55182426.3476
600036.SH,20170830,27.16,11.0335,1.6333,3.277,68497100.6523,56028213.0692
600036.SH,20170829,27.14,11.0254,1.6321,3.2746,68446660.9611,55986955.1803
600036.SH,20170828,27.24,11.066,1.6381,3.2866,68698859.4171,56193244.6246
600036.SH,20170825,27.53,11.1838,1.6556,3.3216,69430234.9396,56791484.013
600036.SH,20170824,26.69,10.8426,1.605,3.2203,67311767.9091,55058652.681
600036.SH,20170823,26.52,10.7735,1.5948,3.1998,66883030.5339,54707960.6257
600036.SH,20170822,25.89,10.5176,1.5569,3.1237,65294180.261,53408337.1267
600036.SH,20170821,25.3,10.2779,1.5215,3.0526,63806209.3705,52191229.4054
600036.SH,20170818,25.42,10.3266,1.5198,3.067,64108847.5177,52438776.7385
600036.SH,20170817,25.06,10.1804,1.4983,3.0236,63200933.0761,51696134.7391
600036.SH,20170816,25.17,10.2251,1.5049,3.0369,63478351.3777,51923053.1278
600036.SH,20170815,25.53,10.3713,1.5264,3.0803,64386265.8194,52665695.1272
600036.SH,20170814,24.8,10.0748,1.4827,2.9922,62545217.0905,51159782.1839
600036.SH,20170811,24.49,9.9488,1.4642,2.9548,61763401.8768,50520284.9066
600036.SH,20170810,25.14,10.2129,1.5031,3.0333,63402691.8409,51861166.2945
600036.SH,20170809,25.54,10.3754,1.527,3.0815,64411485.665,52686324.0717
600036.SH,20170808,25.85,10.5013,1.5455,3.1189,65193300.8786,53325821.349
600036.SH,20170807,25.98,10.5541,1.5533,3.1346,65521158.8714,53593997.6265
600036.SH,20170804,25.52,10.3673,1.5258,3.0791,64361045.9738,52645066.1828
600036.SH,20170803,25.89,10.5176,1.5479,3.1237,65294180.261,53408337.1267
600036.SH,20170802,26.62,10.8141,1.5915,3.2118,67135228.9899,54914250.07
600036.SH,20170801,26.14,10.6191,1.5628,3.1539,65924676.401,53924060.7374
600036.SH,20170731,25.57,10.3876,1.5288,3.0851,64487145.2018,52748210.905
600036.SH,20170728,25.78,10.4729,1.5413,3.1105,65016761.9594,53181418.738
600036.SH,20170727,25.9,10.5216,1.5485,3.125,65319400.1066,53428966.0711
600036.SH,20170726,25.46,10.3429,1.5222,3.0719,64209726.9001,52521292.5162
600036.SH,20170725,25.53,10.3713,1.5264,3.0803,64386265.8194,52665695.1272
600036.SH,20170724,25.71,10.4445,1.5995,3.102,64840223.0402,53037016.127
600036.SH,20170721,24.74,10.0504,1.5392,2.985,62393898.0169,51036008.5173
600036.SH,20170720,25.2,10.2373,1.5678,3.0405,63554010.9145,51984939.9611
600036.SH,20170719,25.22,10.2454,1.5691,3.0429,63604450.6057,52026197.8499
600036.SH,20170718,24.52,9.961,1.5255,2.9585,61839061.4137,50582171.7399
600036.SH,20170717,25.11,10.2007,1.5622,3.0296,63327032.3041,51799279.4612
600036.SH,20170714,25.18,10.2291,1.5666,3.0381,63503571.2233,51943682.0722
600036.SH,20170713,24.9,10.1154,1.5491,3.0043,62797415.5465,51366071.6282
600036.SH,20170712,24.34,9.8879,1.5143,2.9367,61385104.1928,50210850.7402
600036.SH,20170711,24.08,9.7823,1.4981,2.9054,60729388.2072,49674498.185
600036.SH,20170710,23.26,9.4492,1.4471,2.8064,58661360.8679,47982924.7419
600036.SH,20170707,23.26,9.4492,1.4471,2.8064,58661360.8679,47982924.7419
600036.SH,20170706,23.96,9.7335,1.4907,2.8909,60426750.06,49426950.8519
600036.SH,20170705,23.9,9.7092,1.4869,2.8836,60275430.9864,49303177.1853
600036.SH,20170704,23.0,9.3435,1.4309,2.7751,58005644.8823,47446572.1867
600036.SH,20170703,23.52,9.5548,1.4633,2.8378,59317076.8536,48519277.297
600036.SH,20170630,23.91,9.7132,1.4876,2.8849,60300650.832,49323806.1297
600036.SH,20170629,24.15,9.8107,1.5025,2.9138,60905927.1264,49818900.796
600036.SH,20170628,23.8,9.6685,1.4807,2.8716,60023232.5304,49096887.741
600036.SH,20170627,24.36,9.896,1.5155,2.9391,61435543.884,50252108.629
600036.SH,20170626,23.04,9.3598,1.4334,2.7799,58106524.2647,47529087.9644
600036.SH,20170623,23.03,9.3557,1.4328,2.7787,58081304.4191,47508459.02
600036.SH,20170622,22.73,9.2339,1.4141,2.7425,57324709.0511,46889590.6871
600036.SH,20170621,21.31,8.657,1.3258,2.5712,53743490.9757,43960280.5782
600036.SH,20170620,21.08,8.5636,1.3115,2.5434,53163434.5269,43485814.8563
600036.SH,20170619,21.16,8.5961,1.3165,2.5531,53365193.2917,43650846.4118
600036.SH,20170616,20.81,8.4539,1.2947,2.5108,52482498.6957,42928833.3567
600036.SH,20170615,20.93,8.5026,1.3022,2.5253,52785136.8429,43176380.6899
600036.SH,20170614,21.3,8.6529,1.3252,2.5699,53718271.1301,43939651.6338
600036.SH,20170613,22.49,9.1364,1.3484,2.7135,56719432.7566,46394496.0208
600036.SH,20170612,22.84,9.2785,1.3694,2.7558,57602127.3527,47116509.0758
600036.SH,20170609,22.91,9.307,1.3736,2.7642,57778666.2719,47260911.6868
600036.SH,20170608,22.74,9.2379,1.3634,2.7437,57349928.8967,46910219.6315
600036.SH,20170607,22.52,9.1485,1.3502,2.7171,56795092.2935,46456382.8541
600036.SH,20170606,21.93,8.9089,1.3149,2.646,55307121.403,45239275.1328
600036.SH,20170605,21.98,8.9292,1.3178,2.652,55433220.631,45342419.8549
600036.SH,20170602,22.16,9.0023,1.3286,2.6737,55887177.8518,45713740.8547
600036.SH,20170601,22.59,9.177,1.3544,2.7256,56971631.2127,46600785.4651
600036.SH,20170531,22.42,9.1079,1.3442,2.7051,56542893.8374,46250093.4098
600036.SH,20170526,22.64,9.1973,1.3574,2.7316,57097730.4407,46703930.1873
600036.SH,20170525,22.95,9.3232,1.376,2.769,57879545.6543,47343427.4646
600036.SH,20170524,21.91,8.9007,1.3137,2.6435,55256681.7118,45198017.2439
600036.SH,20170523,21.83,8.8682,1.3089,2.6339,55054922.947,45032985.6885
600036.SH,20170522,20.89,8.4864,1.2525,2.5205,52684257.4605,43093864.9122
600036.SH,20170519,20.53,8.3401,1.2309,2.477,51776343.0189,42351222.9127
600036.SH,20170518,20.25,8.2264,1.2141,2.4433,51070187.342,41773612.4687
600036.SH,20170517,20.19,8.202,1.2105,2.436,50918868.2684,41649838.8022
600036.SH,20170516,20.49,8.3239,1.2285,2.4722,51675463.6364,42268707.135
600036.SH,20170515,20.67,8.397,1.2393,2.4939,52129420.8573,42640028.1347
600036.SH,20170512,20.34,8.2629,1.2195,2.4541,51297165.9524,41959272.9686
600036.SH,20170511,19.26,7.8242,1.1548,2.3238,48573422.6275,39731346.9703
600036.SH,20170510,19.02,7.7267,1.1404,2.2949,47968146.3331,39236252.304
600036.SH,20170509,18.79,7.6333,1.1266,2.2671,47388089.8843,38761786.5821
600036.SH,20170508,18.79,7.6333,1.1266,2.2671,47388089.8843,38761786.5821
600036.SH,20170505,18.8,7.6373,1.1272,2.2683,47413309.7299,38782415.5265
600036.SH,20170504,18.75,7.617,1.1242,2.2623,47287210.5019,38679270.8044
600036.SH,20170503,18.93,7.6901,1.135,2.284,47741167.7227,39050591.8041
600036.SH,20170502,19.01,7.7226,1.1398,2.2936,47942926.4875,39215623.3595
600036.SH,20170428,19.13,7.7714,1.147,2.3081,48245564.6347,39463170.6927
600036.SH,20170427,18.98,7.7105,1.1897,2.29,47867266.9507,39153736.5262
600036.SH,20170426,19.11,7.7633,1.1978,2.3057,48195124.9435,39421912.8038
600036.SH,20170425,18.96,7.7023,1.1884,2.2876,47816827.2595,39112478.6374
600036.SH,20170424,18.91,7.682,1.1853,2.2816,47690728.0315,39009333.9152
600036.SH,20170421,18.8,7.6373,1.1784,2.2683,47413309.7299,38782415.5265
600036.SH,20170420,18.39,7.4708,1.1527,2.2188,46379296.0602,37936628.8049
600036.SH,20170419,18.46,7.4992,1.1571,2.2273,46555834.9794,38081031.4159
600036.SH,20170418,18.6,7.5561,1.1659,2.2442,46908912.8179,38369836.6379
600036.SH,20170417,18.88,7.6698,1.1834,2.278,47615068.4947,38947447.082
600036.SH,20170414,18.82,7.6455,1.1797,2.2707,47463749.4211,38823673.4154
600036.SH,20170413,18.92,7.6861,1.1859,2.2828,47715947.8771,39029962.8597
600036.SH,20170412,19.05,7.7389,1.1941,2.2985,48043805.8699,39298139.1372
600036.SH,20170411,19.02,7.7267,1.1922,2.2949,47968146.3331,39236252.304
600036.SH,20170410,18.91,7.682,1.1853,2.2816,47690728.0315,39009333.9152
600036.SH,20170407,18.89,7.6739,1.1841,2.2792,47640288.3403,38968076.0264
600036.SH,20170406,19.04,7.7348,1.1935,2.2973,48018586.0243,39277510.1928
600036.SH,20170405,19.07,7.747,1.1953,2.3009,48094245.5611,39339397.0261
600036.SH,20170331,19.17,7.7876,1.2016,2.313,48346444.0171,39545686.4704
600036.SH,20170330,19.02,7.7267,1.1922,2.2949,47968146.3331,39236252.304
600036.SH,20170329,19.09,7.7551,1.1966,2.3033,48144685.2523,39380654.915
600036.SH,20170328,18.97,7.7064,1.1891,2.2888,47842047.1051,39133107.5818
600036.SH,20170327,19.1,7.7592,1.1972,2.3045,48169905.0979,39401283.8594
600036.SH,20170324,18.78,8.209,1.1744,2.3509,47362870.0387,38741157.6377
600036.SH,20170323,18.64,8.1478,1.1657,2.3333,47009792.2003,38452352.4157
600036.SH,20170322,18.52,8.0954,1.1582,2.3183,46707154.0531,38204805.0825
600036.SH,20170321,18.76,8.2003,1.1732,2.3483,47312430.3475,38699899.7488
600036.SH,20170320,18.76,8.2003,1.1732,2.3483,47312430.3475,38699899.7488
600036.SH,20170317,18.81,8.2222,1.1763,2.3546,47438529.5755,38803044.4709
600036.SH,20170316,19.06,8.3314,1.1919,2.3859,48069025.7155,39318768.0817
600036.SH,20170315,19.01,8.3096,1.1888,2.3796,47942926.4875,39215623.3595
600036.SH,20170314,19.1,8.3489,1.1944,2.3909,48169905.0979,39401283.8594
600036.SH,20170313,19.03,8.3183,1.1901,2.3821,47993366.1787,39256881.2484
600036.SH,20170310,18.91,8.2659,1.1825,2.3671,47690728.0315,39009333.9152
600036.SH,20170309,19.05,8.3271,1.1913,2.3847,48043805.8699,39298139.1372
600036.SH,20170308,19.29,8.432,1.2063,2.4147,48649082.1643,39793233.8035
600036.SH,20170307,19.24,8.4101,1.2032,2.4084,48522982.9363,39690089.0814
600036.SH,20170306,19.06,8.3314,1.1919,2.3859,48069025.7155,39318768.0817
600036.SH,20170303,19.01,8.3096,1.1888,2.3796,47942926.4875,39215623.3595
600036.SH,20170302,19.1,8.3489,1.1944,2.3909,48169905.0979,39401283.8594
600036.SH,20170301,19.34,8.4538,1.2094,2.421,48775181.3923,39896378.5257
600036.SH,20170228,19.44,8.4975,1.2157,2.4335,49027379.8483,40102667.97
600036.SH,20170227,19.41,8.4844,1.2138,2.4297,48951720.3115,40040781.1367
600036.SH,20170224,19.43,8.4932,1.2151,2.4322,49002160.0027,40082039.0255
600036.SH,20170223,19.38,8.4713,1.2119,2.426,48876060.7747,39978894.3034
600036.SH,20170222,19.4,8.4801,1.2132,2.4285,48926500.4659,40020152.1923
600036.SH,20170221,19.41,8.4844,1.2138,2.4297,48951720.3115,40040781.1367
600036.SH,20170220,19.4,8.4801,1.2132,2.4285,48926500.4659,40020152.1923
600036.SH,20170217,19.02,8.3139,1.1894,2.3809,47968146.3331,39236252.304
600036.SH,20170216,19.14,8.3664,1.1969,2.3959,48270784.4803,39483799.6371
600036.SH,20170215,19.13,8.362,1.1963,2.3947,48245564.6347,39463170.6927
600036.SH,20170214,18.87,8.2484,1.18,2.3621,47589848.6491,38926818.1375
600036.SH,20170213,18.97,8.2921,1.1863,2.3746,47842047.1051,39133107.5818
600036.SH,20170210,18.9,8.2615,1.1819,2.3659,47665508.1859,38988704.9708
600036.SH,20170209,18.73,8.1872,1.1713,2.3446,47236770.8107,38638012.9155
600036.SH,20170208,18.6,8.1304,1.1632,2.3283,46908912.8179,38369836.6379
600036.SH,20170207,18.57,8.1172,1.1613,2.3246,46833253.2811,38307949.8047
600036.SH,20170206,18.62,8.1391,1.1644,2.3308,46959352.5091,38411094.5268
600036.SH,20170203,18.7,8.1741,1.1694,2.3408,47161111.2739,38576126.0822
600036.SH,20170126,19.0,8.3052,1.1882,2.3784,47917706.6419,39194994.4151
600036.SH,20170125,18.88,8.2528,1.1807,2.3634,47615068.4947,38947447.082
600036.SH,20170124,18.87,8.2484,1.18,2.3621,47589848.6491,38926818.1375
600036.SH,20170123,18.5,8.0866,1.177,2.3158,46656714.3619,38163547.1937
600036.SH,20170120,18.59,8.126,1.1827,2.3271,46883692.9723,38349207.6935
600036.SH,20170119,18.52,8.0954,1.1783,2.3183,46707154.0531,38204805.0825
600036.SH,20170118,18.59,8.126,1.1827,2.3271,46883692.9723,38349207.6935
600036.SH,20170117,18.45,8.0648,1.1738,2.3095,46530615.1338,38060402.4715
600036.SH,20170116,18.58,8.1216,1.1821,2.3258,46858473.1267,38328578.7491
600036.SH,20170113,18.22,7.9643,1.1592,2.2808,45950558.685,37585936.7496
600036.SH,20170112,18.0,7.8681,1.1452,2.2532,45395722.0818,37132099.9722
600036.SH,20170111,17.96,7.8506,1.1426,2.2482,45294842.6994,37049584.1945
600036.SH,20170110,17.94,7.8419,1.1414,2.2457,45244403.0082,37008326.3056
600036.SH,20170109,17.94,7.8419,1.1414,2.2457,45244403.0082,37008326.3056
600036.SH,20170106,17.96,7.8506,1.1426,2.2482,45294842.6994,37049584.1945
600036.SH,20170105,18.1,7.9118,1.1515,2.2657,45647920.5378,37338389.4165
600036.SH,20170104,18.02,7.8768,1.1464,2.2557,45446161.773,37173357.8611
600036.SH,20170103,17.96,7.8506,1.1426,2.2482,45294842.6994,37049584.1945
600036.SH,20161230,17.6,7.6932,1.1197,2.2031,44386928.2578,36306942.195
600036.SH,20161229,17.49,7.6452,1.1127,2.1894,44109509.9561,36080023.8063
600036.SH,20161228,17.62,7.702,1.121,2.2056,44437367.949,36348200.0839
600036.SH,20161227,17.71,7.7413,1.1267,2.2169,44664346.5594,36533860.5838
600036.SH,20161226,17.75,7.7588,1.1293,2.2219,44765225.9418,36616376.3615
600036.SH,20161223,17.6,7.6932,1.1197,2.2031,44386928.2578,36306942.195
600036.SH,20161222,17.72,7.7457,1.1274,2.2182,44689566.405,36554489.5282
600036.SH,20161221,17.81,7.785,1.1331,2.2294,44916545.0154,36740150.028
600036.SH,20161220,17.79,7.7763,1.1318,2.2269,44866105.3242,36698892.1392
600036.SH,20161219,18.01,7.8725,1.1458,2.2545,45420941.9274,37152728.9166
600036.SH,20161216,18.18,7.9468,1.1566,2.2757,45849679.3026,37503420.9719
600036.SH,20161215,18.24,7.973,1.1604,2.2833,46000998.3762,37627194.6385
600036.SH,20161214,18.82,8.2265,1.1973,2.3559,47463749.4211,38823673.4154
600036.SH,20161213,18.88,8.2528,1.2012,2.3634,47615068.4947,38947447.082
600036.SH,20161212,19.25,8.4145,1.2247,2.4097,48548202.7819,39710718.0258
600036.SH,20161209,19.2,8.3926,1.2215,2.4034,48422103.5539,39607573.3037
600036.SH,20161208,18.76,8.2003,1.1935,2.3483,47312430.3475,38699899.7488
600036.SH,20161207,18.62,8.1391,1.1846,2.3308,46959352.5091,38411094.5268
600036.SH,20161206,18.6,8.1304,1.1833,2.3283,46908912.8179,38369836.6379
600036.SH,20161205,18.66,8.1566,1.1872,2.3358,47060231.8915,38493610.3045
600036.SH,20161202,18.49,8.0823,1.1763,2.3146,46631494.5162,38142918.2492
600036.SH,20161201,18.49,8.0823,1.1763,2.3146,46631494.5162,38142918.2492
600036.SH,20161130,18.55,8.1085,1.1802,2.3221,46782813.5899,38266691.9158
600036.SH,20161129,18.75,8.1959,1.1929,2.3471,47287210.5019,38679270.8044
600036.SH,20161128,18.65,8.1522,1.1865,2.3346,47035012.0459,38472981.3601
600036.SH,20161125,18.99,8.3008,1.2082,2.3771,47892486.7963,39174365.4707
600036.SH,20161124,18.74,8.1916,1.1922,2.3458,47261990.6563,38658641.8599
600036.SH,20161123,18.84,8.2353,1.1986,2.3584,47514189.1123,38864931.3042
600036.SH,20161122,18.37,8.0298,1.1687,2.2995,46328856.369,37895370.9161
600036.SH,20161121,18.34,8.0167,1.1668,2.2958,46253196.8322,37833484.0828
600036.SH,20161118,18.1,7.9118,1.1515,2.2657,45647920.5378,37338389.4165
600036.SH,20161117,18.12,7.9205,1.1528,2.2682,45698360.229,37379647.3053
600036.SH,20161116,18.12,7.9205,1.1528,2.2682,45698360.229,37379647.3053
600036.SH,20161115,18.18,7.9468,1.1566,2.2757,45849679.3026,37503420.9719
600036.SH,20161114,18.04,7.8856,1.1477,2.2582,45496601.4642,37214615.7499
600036.SH,20161111,18.02,7.8768,1.1464,2.2557,45446161.773,37173357.8611
600036.SH,20161110,18.0,7.8681,1.1452,2.2532,45395722.0818,37132099.9722
600036.SH,20161109,17.89,7.82,1.1382,2.2394,45118303.7802,36905181.5835
600036.SH,20161108,17.99,7.8637,1.1445,2.252,45370502.2362,37111471.0278
600036.SH,20161107,17.89,7.82,1.1382,2.2394,45118303.7802,36905181.5835
600036.SH,20161104,17.91,7.8287,1.1394,2.2419,45168743.4714,36946439.4723
600036.SH,20161103,17.93,7.8375,1.1407,2.2445,45219183.1626,36987697.3612
600036.SH,20161102,17.84,7.7981,1.135,2.2332,44992204.5522,36802036.8613
600036.SH,20161101,17.98,7.8593,1.1439,2.2507,45345282.3906,37090842.0833
600036.SH,20161031,17.86,7.8069,1.1363,2.2357,45042644.2434,36843294.7502
600036.SH,20161028,17.9,7.8244,1.2513,2.2407,45143523.6258,36925810.5279
600036.SH,20161027,17.81,7.785,1.245,2.2294,44916545.0154,36740150.028
600036.SH,20161026,17.97,7.855,1.2562,2.2495,45320062.545,37070213.1389
600036.SH,20161025,18.13,7.9249,1.2674,2.2695,45723580.0746,37400276.2498
600036.SH,20161024,18.31,8.0036,1.28,2.292,46177537.2954,37771597.2495
600036.SH,20161021,17.91,7.8287,1.252,2.2419,45168743.4714,36946439.4723
600036.SH,20161020,17.89,7.82,1.2506,2.2394,45118303.7802,36905181.5835
600036.SH,20161019,17.88,7.8156,1.2499,2.2382,45093083.9346,36884552.6391
600036.SH,20161018,17.93,7.8375,1.2534,2.2445,45219183.1626,36987697.3612
600036.SH,20161017,17.86,7.8069,1.2485,2.2357,45042644.2434,36843294.7502
600036.SH,20161014,18.1,7.9118,1.2653,2.2657,45647920.5378,37338389.4165
600036.SH,20161013,18.09,7.9074,1.2646,2.2645,45622700.6922,37317760.4721
600036.SH,20161012,18.15,7.9337,1.2688,2.272,45774019.7658,37441534.1386
600036.SH,20161011,18.33,8.0123,1.2814,2.2945,46227976.9866,37812855.1384
600036.SH,20161010,18.3,7.9992,1.2793,2.2908,46152317.4498,37750968.3051
600036.SH,20160930,18.0,7.8681,1.2583,2.2532,45395722.0818,37132099.9722
600036.SH,20160929,18.0,7.8681,1.2583,2.2532,45395722.0818,37132099.9722
600036.SH,20160928,17.89,7.82,1.2506,2.2394,45118303.7802,36905181.5835
600036.SH,20160927,18.07,7.8987,1.2632,2.262,45572261.001,37276502.5832
600036.SH,20160926,18.0,7.8681,1.2583,2.2532,45395722.0818,37132099.9722
600036.SH,20160923,17.98,7.8593,1.2569,2.2507,45345282.3906,37090842.0833
600036.SH,20160922,17.97,7.855,1.2562,2.2495,45320062.545,37070213.1389
600036.SH,20160921,17.88,7.8156,1.2499,2.2382,45093083.9346,36884552.6391
600036.SH,20160920,17.74,7.7544,1.2401,2.2207,44740006.0962,36595747.417
600036.SH,20160919,17.81,7.785,1.245,2.2294,44916545.0154,36740150.028
600036.SH,20160914,17.54,7.667,1.2261,2.1956,44235609.1842,36183168.5285
600036.SH,20160913,17.91,7.8287,1.252,2.2419,45168743.4714,36946439.4723
600036.SH,20160912,17.9,7.8244,1.2513,2.2407,45143523.6258,36925810.5279
600036.SH,20160909,18.33,8.0123,1.2814,2.2945,46227976.9866,37812855.1384
600036.SH,20160908,18.53,8.0998,1.2953,2.3196,46732373.8987,38225434.0269
600036.SH,20160907,18.56,8.1129,1.2974,2.3233,46808033.4355,38287320.8602
600036.SH,20160906,18.51,8.091,1.2939,2.3171,46681934.2075,38184176.1381
600036.SH,20160905,18.75,8.1959,1.3107,2.3471,47287210.5019,38679270.8044
600036.SH,20160902,18.68,8.1653,1.3058,2.3383,47110671.5827,38534868.1934
600036.SH,20160901,18.62,8.1391,1.3016,2.3308,46959352.5091,38411094.5268
600036.SH,20160831,18.63,8.1435,1.3023,2.3321,46984572.3547,38431723.4712
600036.SH,20160830,18.44,8.0604,1.289,2.3083,46505395.2882,38039773.5271
600036.SH,20160829,18.27,7.9861,1.2772,2.287,46076657.913,37689081.4718
600036.SH,20160826,18.55,8.1085,1.2967,2.3221,46782813.5899,38266691.9158
600036.SH,20160825,18.51,8.091,1.2939,2.3171,46681934.2075,38184176.1381
600036.SH,20160824,18.62,8.1391,1.3016,2.3308,46959352.5091,38411094.5268
600036.SH,20160823,18.66,8.1566,1.3044,2.3358,47060231.8915,38493610.3045
600036.SH,20160822,18.69,8.1697,1.3065,2.3396,47135891.4283,38555497.1378
600036.SH,20160819,18.62,8.1391,1.2982,2.3308,46959352.5091,38411094.5268
600036.SH,20160818,18.23,7.9686,1.271,2.282,45975778.5306,37606565.6941
600036.SH,20160817,18.4,8.0429,1.2828,2.3033,46404515.9058,37957257.7494
600036.SH,20160816,18.31,8.0036,1.2765,2.292,46177537.2954,37771597.2495
600036.SH,20160815,18.42,8.0517,1.2842,2.3058,46454955.597,37998515.6382
600036.SH,20160812,17.99,7.8637,1.2542,2.252,45370502.2362,37111471.0278
600036.SH,20160811,17.45,7.6277,1.2166,2.1844,44008630.5737,35997508.0286
600036.SH,20160810,17.28,7.5534,1.2047,2.1631,43579893.1985,35646815.9733
600036.SH,20160809,17.17,7.5053,1.1971,2.1493,43302474.8969,35419897.5846
600036.SH,20160808,17.13,7.4878,1.1943,2.1443,43201595.5145,35337381.8069
600036.SH,20160805,17.1,7.4747,1.1922,2.1406,43125935.9777,35275494.9736
600036.SH,20160804,17.06,7.4572,1.1894,2.1355,43025056.5953,35192979.1959
600036.SH,20160803,17.07,7.4616,1.1901,2.1368,43050276.4409,35213608.1403
600036.SH,20160802,17.15,7.4965,1.1957,2.1468,43252035.2057,35378639.6957
600036.SH,20160801,17.18,7.5097,1.1978,2.1506,43327694.7425,35440526.529
600036.SH,20160729,17.16,7.5009,1.1964,2.1481,43277255.0513,35399268.6402
600036.SH,20160728,17.14,7.4922,1.195,2.1456,43226815.3601,35358010.7513
600036.SH,20160727,17.37,7.5927,1.211,2.1744,43806871.8089,35832476.4732
600036.SH,20160726,17.17,7.5053,1.1971,2.1493,43302474.8969,35419897.5846
600036.SH,20160725,17.12,7.4834,1.1936,2.1431,43176375.6689,35316752.8624
600036.SH,20160722,17.08,7.4659,1.1908,2.138,43075496.2865,35234237.0847
600036.SH,20160721,17.24,7.5359,1.2019,2.1581,43479013.8161,35564300.1956
600036.SH,20160720,17.07,7.4616,1.1901,2.1368,43050276.4409,35213608.1403
600036.SH,20160719,17.12,7.4834,1.1936,2.1431,43176375.6689,35316752.8624
600036.SH,20160718,17.26,7.5446,1.2033,2.1606,43529453.5073,35605558.0845
600036.SH,20160715,17.14,7.4922,1.195,2.1456,43226815.3601,35358010.7513
600036.SH,20160714,17.09,7.4703,1.1915,2.1393,43100716.1321,35254866.0292
600036.SH,20160713,17.05,7.4528,1.1887,2.1343,42999836.7497,35172350.2514
600036.SH,20160712,17.71,7.7413,1.178,2.2169,44664346.5594,36533860.5838
600036.SH,20160711,17.48,7.6408,1.1627,2.1881,44084290.1105,36059394.8619
600036.SH,20160708,17.39,7.6014,1.1568,2.1769,43857311.5001,35873734.362
600036.SH,20160707,17.51,7.6539,1.1647,2.1919,44159949.6474,36121281.6952
600036.SH,20160706,17.42,7.6146,1.1588,2.1806,43932971.0369,35935621.1953
600036.SH,20160705,17.56,7.6758,1.1681,2.1981,44286048.8754,36224426.4173
600036.SH,20160704,17.72,7.7457,1.1787,2.2182,44689566.405,36554489.5282
600036.SH,20160701,17.63,7.7064,1.1727,2.2069,44462587.7946,36368829.0283
600036.SH,20160630,17.5,7.6495,1.1641,2.1906,44134729.8018,36100652.7508
600036.SH,20160629,17.45,7.6277,1.1607,2.1844,44008630.5737,35997508.0286
600036.SH,20160628,17.29,7.5577,1.1501,2.1643,43605113.0441,35667444.9177
600036.SH,20160627,17.28,7.5534,1.1494,2.1631,43579893.1985,35646815.9733
600036.SH,20160624,17.25,7.5403,1.1474,2.1593,43504233.6617,35584929.14
600036.SH,20160623,17.26,7.5446,1.1481,2.1606,43529453.5073,35605558.0845
600036.SH,20160622,17.5,7.6495,1.1641,2.1906,44134729.8018,36100652.7508
600036.SH,20160621,17.54,7.667,1.1667,2.1956,44235609.1842,36183168.5285
600036.SH,20160620,17.51,7.6539,1.1647,2.1919,44159949.6474,36121281.6952
600036.SH,20160617,17.5,7.6495,1.1641,2.1906,44134729.8018,36100652.7508
600036.SH,20160616,17.4,7.6058,1.1574,2.1781,43882531.3457,35894363.3065
600036.SH,20160615,17.39,7.6014,1.1568,2.1769,43857311.5001,35873734.362
600036.SH,20160614,17.38,7.5971,1.1561,2.1756,43832091.6545,35853105.4176
600036.SH,20160613,17.32,7.5708,1.1521,2.1681,43680772.5809,35729331.751
600036.SH,20160608,17.77,7.7676,1.182,2.2244,44815665.633,36657634.2503
600036.SH,20160607,17.8,7.7807,1.184,2.2282,44891325.1698,36719521.0836
600036.SH,20160606,17.64,7.7107,1.1734,2.2081,44487807.6402,36389457.9728
600036.SH,20160603,17.78,7.7719,1.1827,2.2257,44840885.4786,36678263.1948
600036.SH,20160602,17.73,7.7501,1.1794,2.2194,44714786.2506,36575118.4726
600036.SH,20160601,17.83,7.7938,1.186,2.2319,44966984.7066,36781407.9169
600036.SH,20160531,18.0,7.8681,1.1973,2.2532,45395722.0818,37132099.9722
600036.SH,20160530,17.84,7.7981,1.1867,2.2332,44992204.5522,36802036.8613
600036.SH,20160527,17.66,7.7195,1.1747,2.2107,44538247.3314,36430715.8616
600036.SH,20160526,17.69,7.7326,1.1767,2.2144,44613906.8682,36492602.6949
600036.SH,20160525,17.55,7.6714,1.1674,2.1969,44260829.0298,36203797.4729
600036.SH,20160524,17.33,7.5752,1.1528,2.1693,43705992.4265,35749960.6955
600036.SH,20160523,17.52,7.6583,1.1654,2.1931,44185169.493,36141910.6396
600036.SH,20160520,17.88,7.8156,1.1894,2.2382,45093083.9346,36884552.6391
600036.SH,20160519,17.81,7.785,1.1847,2.2294,44916545.0154,36740150.028
600036.SH,20160518,17.82,7.7894,1.1854,2.2307,44941764.861,36760778.9725
600036.SH,20160517,17.48,7.6408,1.1627,2.1881,44084290.1105,36059394.8619
600036.SH,20160516,17.5,7.6495,1.1641,2.1906,44134729.8018,36100652.7508
600036.SH,20160513,17.57,7.6801,1.1687,2.1994,44311268.721,36245055.3618
600036.SH,20160512,17.46,7.632,1.1614,2.1856,44033850.4193,36018136.973
600036.SH,20160511,17.15,7.4965,1.1408,2.1468,43252035.2057,35378639.6957
600036.SH,20160510,17.04,7.4485,1.1335,2.133,42974616.9041,35151721.307
600036.SH,20160509,17.3,7.5621,1.1508,2.1656,43630332.8897,35688073.8622
600036.SH,20160506,17.32,7.5708,1.1521,2.1681,43680772.5809,35729331.751
600036.SH,20160505,17.62,7.702,1.1721,2.2056,44437367.949,36348200.0839
600036.SH,20160504,17.65,7.7151,1.1741,2.2094,44513027.4858,36410086.9172
600036.SH,20160503,17.7,7.737,1.1774,2.2157,44639126.7138,36513231.6393
600036.SH,20160429,17.75,7.7588,1.1807,2.2219,44765225.9418,36616376.3615
600036.SH,20160428,17.88,7.8156,1.2498,2.2382,45093083.9346,36884552.6391
600036.SH,20160427,17.88,7.8156,1.2498,2.2382,45093083.9346,36884552.6391
600036.SH,20160426,17.91,7.8287,1.2519,2.2419,45168743.4714,36946439.4723
600036.SH,20160425,17.9,7.8244,1.2512,2.2407,45143523.6258,36925810.5279
600036.SH,20160422,17.87,7.8113,1.2491,2.2369,45067864.089,36863923.6946
600036.SH,20160421,17.69,7.7326,1.2365,2.2144,44613906.8682,36492602.6949
600036.SH,20160420,17.33,7.5752,1.2113,2.1693,43705992.4265,35749960.6955
600036.SH,20160419,17.11,7.4791,1.196,2.1418,43151155.8233,35296123.918
600036.SH,20160418,17.06,7.4572,1.1925,2.1355,43025056.5953,35192979.1959
600036.SH,20160415,16.93,7.4004,1.1834,2.1193,42697198.6025,34924802.9183
600036.SH,20160414,16.46,7.1949,1.1505,2.0604,41511865.8592,33955242.5301
600036.SH,20160413,16.48,7.2037,1.1519,2.0629,41562305.5504,33996500.419
600036.SH,20160412,16.29,7.1206,1.1386,2.0392,41083128.484,33604550.4748
600036.SH,20160411,16.31,7.1294,1.14,2.0417,41133568.1752,33645808.3637
600036.SH,20160408,16.16,7.0638,1.1296,2.0229,40755270.4912,33336374.1973
600036.SH,20160407,16.1,7.0376,1.1254,2.0154,40603951.4176,33212600.5307
600036.SH,20160406,16.26,7.1075,1.1366,2.0354,41007468.9472,33542663.6416
600036.SH,20160405,16.34,7.1425,1.1421,2.0454,41209227.712,33707695.197
600036.SH,20160401,16.27,7.1119,1.1373,2.0367,41032688.7928,33563292.586
600036.SH,20160331,16.09,7.0332,1.1247,2.0141,40578731.572,33191971.5863
600036.SH,20160330,16.24,7.3254,1.1321,2.4693,40957029.256,33501405.7527
600036.SH,20160329,15.79,7.1224,1.1007,2.4009,39822136.204,32573103.2534
600036.SH,20160328,15.85,7.1495,1.1049,2.41,39973455.2776,32696876.92
600036.SH,20160325,16.13,7.2758,1.1244,2.4526,40679610.9544,33274487.364
600036.SH,20160324,16.11,7.2668,1.123,2.4496,40629171.2632,33233229.4751
600036.SH,20160323,16.18,7.2983,1.1279,2.4602,40805710.1824,33377632.0861
600036.SH,20160322,16.19,7.3028,1.1286,2.4617,40830930.028,33398261.0306
600036.SH,20160321,16.22,7.3164,1.1307,2.4663,40906589.5648,33460147.8638
600036.SH,20160318,16.17,7.2938,1.1272,2.4587,40780490.3368,33357003.1417
600036.SH,20160317,16.23,7.3209,1.1314,2.4678,40931809.4104,33480776.8083
600036.SH,20160316,16.42,7.4066,1.1446,2.4967,41410986.4768,33872726.7524
600036.SH,20160315,15.86,7.154,1.1056,2.4115,39998675.1232,32717505.8644
600036.SH,20160314,15.72,7.0908,1.0958,2.3903,39645597.2848,32428700.6424
600036.SH,20160311,15.76,7.1089,1.0986,2.3963,39746476.6672,32511216.4201
600036.SH,20160310,15.66,7.0638,1.0916,2.3811,39494278.2112,32304926.9758
600036.SH,20160309,16.05,7.2397,1.1188,2.4404,40477852.1896,33109455.8085
600036.SH,20160308,15.96,7.1991,1.1126,2.4268,40250873.5792,32923795.3087
600036.SH,20160307,15.78,7.1179,1.1,2.3994,39796916.3584,32552474.309
600036.SH,20160304,15.97,7.2036,1.1132,2.4283,40276093.4248,32944424.2531
600036.SH,20160303,15.15,6.8337,1.0561,2.3036,38208066.0855,31252850.8099
600036.SH,20160302,14.96,6.748,1.0428,2.2747,37728889.0191,30860900.8658
600036.SH,20160301,14.65,6.6082,1.0212,2.2276,36947073.8055,30221403.5885
600036.SH,20160229,14.56,6.5676,1.015,2.2139,36720095.1951,30035743.0886
600036.SH,20160226,14.45,6.518,1.0073,2.1972,36442676.8934,29808824.6999
600036.SH,20160225,14.25,6.4278,0.9933,2.1667,35938279.9814,29396245.8113
600036.SH,20160224,14.81,6.6804,1.0324,2.2519,37350591.3351,30551466.6993
600036.SH,20160223,14.83,6.6894,1.0338,2.2549,37401031.0263,30592724.5882
600036.SH,20160222,15.01,6.7706,1.0463,2.2823,37854988.2471,30964045.5879
600036.SH,20160219,14.75,6.6533,1.0282,2.2428,37199272.2615,30427693.0328
600036.SH,20160218,14.9,6.721,1.0387,2.2656,37577569.9455,30737127.1992
600036.SH,20160217,15.03,6.7796,1.0862,2.2853,37905427.9383,31005303.4768
600036.SH,20160216,14.94,6.739,1.0797,2.2717,37678449.3279,30819642.9769
600036.SH,20160215,14.66,6.6127,1.0595,2.2291,36972293.6511,30242032.5329
600036.SH,20160205,14.86,6.7029,1.0739,2.2595,37476690.5631,30654611.4215
600036.SH,20160204,14.88,6.7119,1.0754,2.2625,37527130.2543,30695869.3104
600036.SH,20160203,14.67,6.6172,1.0602,2.2306,36997513.4967,30262661.4773
600036.SH,20160202,14.85,6.6984,1.0732,2.258,37451470.7175,30633982.4771
600036.SH,20160201,14.72,6.6398,1.0638,2.2382,37123612.7247,30365806.1995
600036.SH,20160129,14.99,6.7616,1.0833,2.2793,37804548.5559,30922787.6991
600036.SH,20160128,14.72,6.6398,1.0638,2.2382,37123612.7247,30365806.1995
600036.SH,20160127,15.0,6.7661,1.0841,2.2808,37829768.4015,30943416.6435
600036.SH,20160126,14.86,6.7029,1.0739,2.2595,37476690.5631,30654611.4215
600036.SH,20160125,15.48,6.9826,1.1188,2.3538,39040320.9903,31933605.9761
600036.SH,20160122,15.28,6.8924,1.1043,2.3234,38535924.0783,31521027.0875
600036.SH,20160121,15.3,6.9014,1.1057,2.3264,38586363.7695,31562284.9764
600036.SH,20160120,15.52,7.0006,1.1216,2.3599,39141200.3728,32016121.7538
600036.SH,20160119,15.71,7.0863,1.1354,2.3887,39620377.4392,32408071.698
600036.SH,20160118,15.42,6.9555,1.1144,2.3446,38889001.9167,31809832.3095
600036.SH,20160115,15.48,6.9826,1.1188,2.3538,39040320.9903,31933605.9761
600036.SH,20160114,15.89,7.1675,1.1484,2.4161,40074334.66,32779392.6977
600036.SH,20160113,15.87,7.1585,1.1469,2.4131,40023894.9688,32738134.8088
600036.SH,20160112,15.98,7.2081,1.1549,2.4298,40301313.2704,32965053.1975
600036.SH,20160111,16.04,7.2352,1.1592,2.4389,40452632.344,33088826.8641
600036.SH,20160108,16.81,7.5825,1.2149,2.556,42394560.4553,34677255.5851
600036.SH,20160107,16.67,7.5194,1.2048,2.5347,42041482.6169,34388450.3631
600036.SH,20160106,17.31,7.808,1.251,2.632,43655552.7353,35708702.8066
600036.SH,20160105,17.23,7.772,1.2452,2.6199,43453793.9705,35543671.2512
600036.SH,20160104,17.28,7.7945,1.2488,2.6275,43579893.1985,35646815.9733
600036.SH,20151231,17.99,8.1148,1.3002,2.7354,45370502.2362,37111471.0278
600036.SH,20151230,18.26,8.2366,1.3197,2.7765,46051438.0674,37668452.5274
600036.SH,20151229,17.94,8.0922,1.2965,2.7278,45244403.0082,37008326.3056
600036.SH,20151228,17.84,8.0471,1.2893,2.7126,44992204.5522,36802036.8613
600036.SH,20151225,18.33,8.2681,1.3247,2.7871,46227976.9866,37812855.1384
600036.SH,20151224,18.14,8.1824,1.311,2.7582,45748799.9202,37420905.1942
600036.SH,20151223,18.19,8.205,1.3146,2.7658,45874899.1482,37524049.9164
600036.SH,20151222,18.27,8.2411,1.3204,2.778,46076657.913,37689081.4718
600036.SH,20151221,18.23,8.223,1.3175,2.7719,45975778.5306,37606565.6941
600036.SH,20151218,17.52,7.9028,1.2662,2.664,44185169.493,36141910.6396
600036.SH,20151217,17.1,7.7133,1.2358,2.6001,43125935.9777,35275494.9736
600036.SH,20151216,16.96,7.6502,1.2257,2.5788,42772858.1393,34986689.7516
600036.SH,20151215,17.03,7.6817,1.2308,2.5895,42949397.0585,35131092.3626
600036.SH,20151214,17.06,7.6953,1.2329,2.594,43025056.5953,35192979.1959
600036.SH,20151211,16.92,7.6321,1.2228,2.5727,42671978.7569,34904173.9739
600036.SH,20151210,17.26,7.7855,1.2474,2.6244,43529453.5073,35605558.0845
600036.SH,20151209,17.39,7.8441,1.2568,2.6442,43857311.5001,35873734.362
600036.SH,20151208,17.42,7.8577,1.259,2.6488,43932971.0369,35935621.1953
600036.SH,20151207,17.39,7.8441,1.2568,2.6442,43857311.5001,35873734.362
600036.SH,20151204,17.25,7.781,1.2467,2.6229,43504233.6617,35584929.14
600036.SH,20151203,17.78,8.02,1.285,2.7035,44840885.4786,36678263.1948
600036.SH,20151202,17.91,8.0787,1.2944,2.7233,45168743.4714,36946439.4723
600036.SH,20151201,17.11,7.7178,1.2366,2.6016,43151155.8233,35296123.918
600036.SH,20151130,17.2,7.7584,1.2431,2.6153,43378134.4337,35481784.4179
600036.SH,20151127,17.04,7.6863,1.2315,2.591,42974616.9041,35151721.307
600036.SH,20151126,17.53,7.9073,1.2669,2.6655,44210389.3386,36162539.584
600036.SH,20151125,17.73,7.9975,1.2814,2.6959,44714786.2506,36575118.4726
600036.SH,20151124,17.88,8.0652,1.2922,2.7187,45093083.9346,36884552.6391
600036.SH,20151123,18.19,8.205,1.3146,2.7658,45874899.1482,37524049.9164
600036.SH,20151120,18.15,8.1869,1.3117,2.7597,45774019.7658,37441534.1386
600036.SH,20151119,18.2,8.2095,1.3153,2.7674,45900118.9938,37544678.8608
600036.SH,20151118,18.16,8.1915,1.3124,2.7613,45799239.6114,37462163.0831
600036.SH,20151117,18.14,8.1824,1.311,2.7582,45748799.9202,37420905.1942
600036.SH,20151116,18.1,8.1644,1.3081,2.7521,45647920.5378,37338389.4165
600036.SH,20151113,18.14,8.1824,1.311,2.7582,45748799.9202,37420905.1942
600036.SH,20151112,18.27,8.2411,1.3204,2.778,46076657.913,37689081.4718
600036.SH,20151111,18.44,8.3178,1.3327,2.8038,46505395.2882,38039773.5271
600036.SH,20151110,18.64,8.408,1.3471,2.8343,47009792.2003,38452352.4157
600036.SH,20151109,19.08,8.6064,1.3789,2.9012,48119465.4067,39360025.9705
600036.SH,20151106,18.68,8.426,1.35,2.8403,47110671.5827,38534868.1934
600036.SH,20151105,18.57,8.3764,1.3421,2.8236,46833253.2811,38307949.8047
600036.SH,20151104,18.36,8.2817,1.3269,2.7917,46303636.5234,37874741.9716
600036.SH,20151103,17.9,8.0742,1.2937,2.7217,45143523.6258,36925810.5279
600036.SH,20151102,17.83,8.0426,1.2886,2.7111,44966984.7066,36781407.9169
600036.SH,20151030,17.93,8.0877,1.2958,2.7263,45219183.1626,36987697.3612
600036.SH,20151029,17.81,8.0336,1.3526,2.7081,44916545.0154,36740150.028
600036.SH,20151028,17.86,8.0561,1.3564,2.7157,45042644.2434,36843294.7502
600036.SH,20151027,18.04,8.1373,1.3701,2.743,45496601.4642,37214615.7499
600036.SH,20151026,18.07,8.1509,1.3723,2.7476,45572261.001,37276502.5832
600036.SH,20151023,18.19,8.205,1.3815,2.7658,45874899.1482,37524049.9164
600036.SH,20151022,18.29,8.2501,1.3891,2.781,46127097.6042,37730339.3606
600036.SH,20151021,18.69,8.4305,1.4194,2.8419,47135891.4283,38555497.1378
600036.SH,20151020,18.22,8.2185,1.3837,2.7704,45950558.685,37585936.7496
600036.SH,20151019,18.25,8.2321,1.386,2.775,46026218.2218,37647823.5829
600036.SH,20151016,18.58,8.3809,1.4111,2.8251,46858473.1267,38328578.7491
600036.SH,20151015,18.34,8.2726,1.3929,2.7886,46253196.8322,37833484.0828
600036.SH,20151014,17.85,8.0516,1.3556,2.7141,45017424.3978,36822665.8058
600036.SH,20151013,18.06,8.1463,1.3716,2.7461,45547041.1554,37255873.6388
600036.SH,20151012,18.19,8.205,1.3815,2.7658,45874899.1482,37524049.9164
600036.SH,20151009,17.96,8.1012,1.364,2.7309,45294842.6994,37049584.1945
600036.SH,20151008,17.73,7.9975,1.3465,2.6959,44714786.2506,36575118.4726
600036.SH,20150930,17.77,8.0155,1.3496,2.702,44815665.633,36657634.2503
600036.SH,20150929,17.44,7.8667,1.3245,2.6518,43983410.7281,35976879.0842
600036.SH,20150928,17.51,7.8983,1.3298,2.6624,44159949.6474,36121281.6952
600036.SH,20150925,17.72,7.993,1.3458,2.6944,44689566.405,36554489.5282
600036.SH,20150924,17.52,7.9028,1.3306,2.664,44185169.493,36141910.6396
600036.SH,20150923,17.73,7.9975,1.3465,2.6959,44714786.2506,36575118.4726
600036.SH,20150922,17.96,8.1012,1.364,2.7309,45294842.6994,37049584.1945
600036.SH,20150921,17.57,7.9253,1.3344,2.6716,44311268.721,36245055.3618
600036.SH,20150918,17.71,7.9885,1.345,2.6928,44664346.5594,36533860.5838
600036.SH,20150917,17.56,7.9208,1.3336,2.67,44286048.8754,36224426.4173
600036.SH,20150916,17.88,8.0652,1.3579,2.7187,45093083.9346,36884552.6391
600036.SH,20150915,18.01,8.1238,1.3678,2.7385,45420941.9274,37152728.9166
600036.SH,20150914,18.35,8.2772,1.3936,2.7902,46278416.6778,37854113.0272
600036.SH,20150911,17.12,7.7223,1.3002,2.6031,43176375.6689,35316752.8624
600036.SH,20150910,17.29,7.799,1.3131,2.629,43605113.0441,35667444.9177
600036.SH,20150909,16.75,7.5554,1.2721,2.5469,42243241.3817,34553481.9186
600036.SH,20150908,16.65,7.5103,1.2645,2.5317,41991042.9257,34347192.4743
600036.SH,20150907,16.16,7.2893,1.2273,2.4572,40755270.4912,33336374.1973
600036.SH,20150902,16.77,7.5645,1.2736,2.5499,42293681.0729,34594739.8074
600036.SH,20150901,16.84,7.596,1.2789,2.5606,42470219.9921,34739142.4184
600036.SH,20150831,17.05,7.6908,1.2949,2.5925,42999836.7497,35172350.2514
600036.SH,20150828,17.3,7.8035,1.3139,2.6305,43630332.8897,35688073.8622
600036.SH,20150827,17.63,7.9524,1.3389,2.6807,44462587.7946,36368829.0283
600036.SH,20150826,16.09,7.2577,1.222,2.4465,40578731.572,33191971.5863
600036.SH,20150825,14.71,6.6353,1.1799,2.2367,37098392.8791,30345177.2551
600036.SH,20150824,14.98,6.757,1.2016,2.2777,37779328.7103,30902158.7546
600036.SH,20150821,16.54,7.4607,1.3267,2.5149,41713624.6241,34120274.0856
600036.SH,20150820,16.81,7.5825,1.3484,2.556,42394560.4553,34677255.5851
600036.SH,20150819,17.13,7.7269,1.374,2.6047,43201595.5145,35337381.8069
600036.SH,20150818,16.8,7.578,1.3475,2.5545,42369340.6097,34656626.6407
600036.SH,20150817,17.33,7.8171,1.3901,2.6351,43705992.4265,35749960.6955
600036.SH,20150814,17.74,8.002,1.4229,2.6974,44740006.0962,36595747.417
600036.SH,20150813,17.85,8.0516,1.4318,2.7141,45017424.3978,36822665.8058
600036.SH,20150812,17.9,8.0742,1.4358,2.7217,45143523.6258,36925810.5279
600036.SH,20150811,18.2,8.2095,1.4598,2.7674,45900118.9938,37544678.8608
600036.SH,20150810,18.62,8.3989,1.4935,2.8312,46959352.5091,38411094.5268
600036.SH,20150807,18.29,8.2501,1.4671,2.781,46127097.6042,37730339.3606
600036.SH,20150806,18.12,8.1734,1.4534,2.7552,45698360.229,37379647.3053
600036.SH,20150805,17.91,8.0787,1.4366,2.7233,45168743.4714,36946439.4723
600036.SH,20150804,18.15,8.1869,1.4558,2.7597,45774019.7658,37441534.1386
600036.SH,20150803,18.09,8.1599,1.451,2.7506,45622700.6922,37317760.4721
600036.SH,20150731,17.3,7.8035,1.3877,2.6305,43630332.8897,35688073.8622
600036.SH,20150730,16.98,7.6592,1.362,2.5818,42823297.8305,35027947.6404
600036.SH,20150729,17.16,7.7404,1.3764,2.6092,43277255.0513,35399268.6402
600036.SH,20150728,17.04,7.6863,1.3668,2.591,42974616.9041,35151721.307
600036.SH,20150727,16.7,7.5329,1.3395,2.5393,42117142.1537,34450337.1964
600036.SH,20150724,17.9,8.0742,1.4358,2.7217,45143523.6258,36925810.5279
600036.SH,20150723,17.94,8.0922,1.439,2.7278,45244403.0082,37008326.3056
600036.SH,20150722,17.85,8.0516,1.4318,2.7141,45017424.3978,36822665.8058
600036.SH,20150721,18.08,8.1554,1.4502,2.7491,45597480.8466,37297131.5276
600036.SH,20150720,18.44,8.3178,1.4791,2.8038,46505395.2882,38039773.5271
600036.SH,20150717,18.36,8.2817,1.4727,2.7917,46303636.5234,37874741.9716
600036.SH,20150716,18.15,8.1869,1.4558,2.7597,45774019.7658,37441534.1386
600036.SH,20150715,18.48,8.3358,1.4823,2.8099,46606274.6706,38122289.3048
600036.SH,20150714,17.87,8.0606,1.4334,2.7172,45067864.089,36863923.6946
600036.SH,20150713,18.31,8.2591,1.4687,2.7841,46177537.2954,37771597.2495
600036.SH,20150710,18.99,8.5658,1.5232,2.8875,47892486.7963,39174365.4707
600036.SH,20150709,19.0,8.5704,1.524,2.889,47917706.6419,39194994.4151
600036.SH,20150708,18.41,8.3042,1.4767,2.7993,46429735.7514,37977886.6938
600036.SH,20150707,20.21,9.1162,1.6211,3.073,50969307.9596,41691096.691
600036.SH,20150706,18.82,8.4892,1.5096,2.8616,47463749.4211,38823673.4154
600036.SH,20150703,17.61,7.9434,1.4125,2.6776,44412148.1034,36327571.1395
600036.SH,20150702,18.65,8.4125,1.4196,2.8358,47035012.0459,38472981.3601
600036.SH,20150701,18.21,8.214,1.3862,2.7689,45925338.8394,37565307.8052
600036.SH,20150630,18.72,8.4441,1.425,2.8464,47211550.9651,38617383.9711
600036.SH,20150629,17.43,7.8622,1.3268,2.6503,43958190.8825,35956250.1397
600036.SH,20150626,17.4,7.8486,1.3245,2.6457,43882531.3457,35894363.3065
600036.SH,20150625,18.44,8.3178,1.4037,2.8038,46505395.2882,38039773.5271
600036.SH,20150624,18.93,8.5388,1.441,2.8783,47741167.7227,39050591.8041
600036.SH,20150623,18.87,8.5117,1.4364,2.8692,47589848.6491,38926818.1375
600036.SH,20150619,18.0,8.1193,1.3702,2.7369,45395722.0818,37132099.9722
600036.SH,20150618,18.79,8.4756,1.4303,2.8571,47388089.8843,38761786.5821
600036.SH,20150617,19.43,8.7643,1.479,2.9544,49002160.0027,40082039.0255
600036.SH,20150616,19.29,8.7012,1.4684,2.9331,48649082.1643,39793233.8035
600036.SH,20150615,19.5,8.7959,1.4843,2.965,49178698.922,40226441.6366
600036.SH,20150612,20.31,9.1613,1.546,3.0882,51221506.4156,41897386.1353
600036.SH,20150611,20.36,9.1838,1.5498,3.0958,51347605.6436,42000530.8574
600036.SH,20150610,20.47,9.2334,1.5582,3.1125,51625023.9452,42227449.2462
600036.SH,20150609,20.83,9.3958,1.5856,3.1672,52532938.3869,42970091.2456
600036.SH,20150608,21.13,9.5311,1.6084,3.2129,53289533.7549,43588959.5785
600036.SH,20150605,19.99,9.0169,1.5216,3.0395,50414471.3564,41237259.9136
600036.SH,20150604,20.44,9.2199,1.5559,3.1079,51549364.4084,42165562.4129
600036.SH,20150603,19.45,8.7733,1.4805,2.9574,49052599.6939,40123296.9144
600036.SH,20150602,18.95,8.5478,1.4425,2.8814,47791607.4139,39091849.693
600036.SH,20150601,18.83,8.4937,1.4333,2.8631,47488969.2667,38844302.3598
600036.SH,20150529,18.07,8.1509,1.3755,2.7476,45572261.001,37276502.5832
600036.SH,20150528,17.92,8.0832,1.3641,2.7248,45193963.317,36967068.4168
600036.SH,20150527,19.07,8.6019,1.4516,2.8996,48094245.5611,39339397.0261
600036.SH,20150526,19.2,8.6606,1.4615,2.9194,48422103.5539,39607573.3037
600036.SH,20150525,19.22,8.6696,1.463,2.9224,48472543.2451,39648831.1925
600036.SH,20150522,18.7,8.435,1.4235,2.8434,47161111.2739,38576126.0822
600036.SH,20150521,18.16,8.1915,1.3823,2.7613,45799239.6114,37462163.0831
600036.SH,20150520,18.04,8.1373,1.3732,2.743,45496601.4642,37214615.7499
600036.SH,20150519,17.63,7.9524,1.342,2.6807,44462587.7946,36368829.0283
600036.SH,20150518,16.85,7.6006,1.2826,2.5621,42495439.8377,34759771.3629
600036.SH,20150515,17.16,7.7404,1.3062,2.6092,43277255.0513,35399268.6402
600036.SH,20150514,17.49,7.8892,1.3313,2.6594,44109509.9561,36080023.8063
600036.SH,20150513,17.54,7.9118,1.3352,2.667,44235609.1842,36183168.5285
600036.SH,20150512,17.77,8.0155,1.3527,2.702,44815665.633,36657634.2503
600036.SH,20150511,17.91,8.0787,1.3633,2.7233,45168743.4714,36946439.4723
600036.SH,20150508,17.7,7.984,1.3473,2.6913,44639126.7138,36513231.6393
600036.SH,20150507,17.69,7.9795,1.3466,2.6898,44613906.8682,36492602.6949
600036.SH,20150506,17.54,7.9118,1.3352,2.667,44235609.1842,36183168.5285
600036.SH,20150505,17.45,7.8712,1.3283,2.6533,44008630.5737,35997508.0286
600036.SH,20150504,18.16,8.1915,1.3823,2.7613,45799239.6114,37462163.0831
600036.SH,20150430,18.22,8.2185,1.3869,2.7704,45950558.685,37585936.7496
600036.SH,20150429,18.48,8.3358,1.4067,2.8099,46606274.6706,38122289.3048
600036.SH,20150428,18.36,8.2817,1.4727,2.7917,46303636.5234,37874741.9716
600036.SH,20150427,18.44,8.3178,1.4792,2.8038,46505395.2882,38039773.5271
600036.SH,20150424,17.7,7.984,1.4198,2.6913,44639126.7138,36513231.6393
600036.SH,20150423,18.17,8.196,1.4575,2.7628,45824459.457,37482792.0275
600036.SH,20150422,18.41,8.3042,1.4768,2.7993,46429735.7514,37977886.6938
600036.SH,20150421,18.17,8.196,1.4575,2.7628,45824459.457,37482792.0275
600036.SH,20150420,17.81,8.0336,1.4286,2.7081,44916545.0154,36740150.028
600036.SH,20150417,18.32,8.2636,1.4695,2.7856,46202757.141,37792226.1939
600036.SH,20150416,18.81,8.4847,1.5088,2.8601,47438529.5755,38803044.4709
600036.SH,20150415,17.87,8.0606,1.4334,2.7172,45067864.089,36863923.6946
600036.SH,20150414,17.48,7.8847,1.4022,2.6579,44084290.1105,36059394.8619
600036.SH,20150413,17.23,7.772,1.3821,2.6199,43453793.9705,35543671.2512
600036.SH,20150402,15.66,7.0638,1.2562,2.3811,39494278.2112,32304926.9758
600036.SH,20150401,15.73,7.0954,1.2618,2.3918,39670817.1304,32449329.5868
600036.SH,20150331,15.57,7.0232,1.2489,2.3675,39267299.6008,32119266.476
600036.SH,20150330,15.74,7.0999,1.2626,2.3933,39696036.976,32469958.5312
600036.SH,20150327,15.26,6.8833,1.2241,2.3203,38485484.3871,31479769.1987
600036.SH,20150326,15.22,6.8653,1.2209,2.3142,38384605.0047,31397253.4209
600036.SH,20150325,15.16,6.8382,1.2161,2.3051,38233285.9311,31273479.7544
600036.SH,20150324,15.56,7.0187,1.2481,2.3659,39242079.7552,32098637.5315
600036.SH,20150323,15.79,7.1224,1.2666,2.4009,39822136.204,32573103.2534
600036.SH,20150320,15.69,7.0773,1.2586,2.3857,39569937.748,32366813.8091
600036.SH,20150319,15.68,7.0728,1.2578,2.3842,39544717.9024,32346184.8647
600036.SH,20150318,15.74,7.6718,1.26,2.9936,39696036.976,32469958.5312
600036.SH,20150317,15.41,7.5109,1.2335,2.9308,38863782.0711,31789203.3651
600036.SH,20150316,15.36,7.4866,1.2295,2.9213,38737682.8431,31686058.6429
600036.SH,20150313,15.1,7.3598,1.2087,2.8719,38081966.8575,31149706.0878
600036.SH,20150312,15.13,7.3745,1.2111,2.8776,38157626.3943,31211592.9211
600036.SH,20150311,14.45,7.043,1.1567,2.7482,36442676.8934,29808824.6999
600036.SH,20150310,14.29,6.965,1.1439,2.7178,36039159.3638,29478761.589
600036.SH,20150309,14.68,7.1551,1.1751,2.792,37022733.3423,30283290.4218
600036.SH,20150306,14.05,6.8481,1.1247,2.6722,35433883.0694,28983666.9227
600036.SH,20150305,13.91,6.7798,1.1135,2.6455,35080805.231,28694861.7007
600036.SH,20150304,14.21,6.926,1.1375,2.7026,35837400.599,29313730.0336
600036.SH,20150303,14.17,6.9065,1.1343,2.695,35736521.2166,29231214.2559
600036.SH,20150302,14.57,7.1015,1.1663,2.7711,36745315.0407,30056372.0331
600036.SH,20150227,14.7,7.1649,1.1767,2.7958,37073173.0335,30324548.3106
600036.SH,20150226,14.67,7.1502,1.1743,2.7901,36997513.4967,30262661.4773
600036.SH,20150225,14.3,6.9699,1.1447,2.7197,36064379.2094,29499390.5335
600036.SH,20150217,14.52,7.0771,1.1623,2.7615,36619215.8127,29953227.3109
600036.SH,20150216,14.46,7.0479,1.1575,2.7501,36467896.739,29829453.6443
600036.SH,20150213,14.63,7.1307,1.2221,2.7825,36896634.1143,30180145.6996
600036.SH,20150212,14.57,7.1015,1.2171,2.7711,36745315.0407,30056372.0331
600036.SH,20150211,14.64,7.1356,1.2229,2.7844,36921853.9599,30200774.6441
600036.SH,20150210,14.66,7.1454,1.2246,2.7882,36972293.6511,30242032.5329
600036.SH,20150209,14.41,7.0235,1.2037,2.7406,36341797.511,29726308.9222
600036.SH,20150206,14.25,6.9455,1.1903,2.7102,35938279.9814,29396245.8113
600036.SH,20150205,14.32,6.9797,1.1962,2.7235,36114818.9006,29540648.4223
600036.SH,20150204,14.3,6.9699,1.1945,2.7197,36064379.2094,29499390.5335
600036.SH,20150203,14.57,7.1015,1.2171,2.7711,36745315.0407,30056372.0331
600036.SH,20150202,14.09,6.8675,1.177,2.6798,35534762.4518,29066182.7005
600036.SH,20150130,14.34,6.9894,1.1979,2.7273,36165258.5918,29581906.3112
600036.SH,20150129,14.37,7.004,1.2004,2.733,36240918.1286,29643793.1445
600036.SH,20150128,14.53,7.082,1.2137,2.7634,36644435.6583,29973856.2553
600036.SH,20150127,14.71,7.1697,1.2288,2.7977,37098392.8791,30345177.2551
600036.SH,20150126,15.03,7.3257,1.2555,2.8585,37905427.9383,31005303.4768
600036.SH,20150123,15.17,7.3939,1.2672,2.8852,38258505.7767,31294108.6988
600036.SH,20150122,15.13,7.3745,1.2639,2.8776,38157626.3943,31211592.9211
600036.SH,20150121,15.3,7.4573,1.2781,2.9099,38586363.7695,31562284.9764
600036.SH,20150120,14.64,7.1356,1.2229,2.7844,36921853.9599,30200774.6441
600036.SH,20150119,14.63,7.1307,1.2221,2.7825,36896634.1143,30180145.6996
600036.SH,20150116,16.24,7.9155,1.3566,3.0887,40957029.256,33501405.7527
600036.SH,20150115,16.18,7.8862,1.3516,3.0773,40805710.1824,33377632.0861
600036.SH,20150114,15.71,7.6571,1.3123,2.9879,39620377.4392,32408071.698
600036.SH,20150113,15.43,7.5207,1.2889,2.9346,38914221.7623,31830461.2539
600036.SH,20150112,15.6,7.6035,1.3031,2.967,39342959.1376,32181153.3092
600036.SH,20150109,15.71,7.6571,1.3123,2.9879,39620377.4392,32408071.698
600036.SH,20150108,15.57,7.5889,1.3006,2.9612,39267299.6008,32119266.476
600036.SH,20150107,16.16,7.8765,1.3499,3.0735,40755270.4912,33336374.1973
600036.SH,20150106,16.42,8.0032,1.3716,3.1229,41410986.4768,33872726.7524
600036.SH,20150105,16.68,8.1299,1.3933,3.1724,42066702.4625,34409079.3076
600036.SH,20141231,16.59,8.0861,1.3858,3.1552,41839723.8521,34223418.8077
600036.SH,20141230,15.68,7.6425,1.3098,2.9822,39544717.9024,32346184.8647
600036.SH,20141229,15.29,7.4524,1.2772,2.908,38561143.9239,31541656.0319
600036.SH,20141226,15.34,7.4768,1.2814,2.9175,38687243.1519,31644800.7541
600036.SH,20141225,14.76,7.1941,1.2329,2.8072,37224492.1071,30448321.9772
600036.SH,20141224,14.3,6.9699,1.1945,2.7197,36064379.2094,29499390.5335
600036.SH,20141223,15.03,7.3257,1.2555,2.8585,37905427.9383,31005303.4768
600036.SH,20141222,15.37,7.4914,1.2839,2.9232,38762902.6887,31706687.5874
600036.SH,20141219,14.92,7.2721,1.2463,2.8376,37628009.6367,30778385.0881
600036.SH,20141218,14.73,7.1795,1.2304,2.8015,37148832.5703,30386435.1439
600036.SH,20141217,15.1,7.3598,1.2613,2.8719,38081966.8575,31149706.0878
600036.SH,20141216,14.2,6.9212,1.1862,2.7007,35812180.7534,29293101.0892
600036.SH,20141215,13.62,6.6385,1.1377,2.5904,34349429.7086,28096622.3123
600036.SH,20141212,13.91,6.7798,1.1619,2.6455,35080805.231,28694861.7007
600036.SH,20141211,14.24,6.9407,1.1895,2.7083,35913060.1358,29375616.8669
600036.SH,20141210,14.12,6.8822,1.1795,2.6855,35610421.9886,29128069.5337
600036.SH,20141209,13.04,6.3558,1.0893,2.4801,32886678.6637,26900143.5354
600036.SH,20141208,13.96,6.8042,1.1661,2.655,35206904.459,28798006.4229
600036.SH,20141205,13.95,6.7993,1.1653,2.6531,35181684.6134,28777377.4785
600036.SH,20141204,13.64,6.6482,1.1394,2.5942,34399869.3998,28137880.2012
600036.SH,20141203,12.65,6.1657,1.0567,2.4059,31903104.6853,26095614.7027
600036.SH,20141202,12.7,6.1901,1.0609,2.4154,32029203.9133,26198759.4248
600036.SH,20141201,12.11,5.9025,1.0116,2.3032,30541233.0228,24981651.7035
600036.SH,20141128,12.15,5.922,1.0149,2.3108,30642112.4052,25064167.4812
600036.SH,20141127,11.4,5.5564,0.9523,2.1682,28750623.9851,23516996.6491
600036.SH,20141126,11.33,5.5223,0.9464,2.1548,28574085.0659,23372594.0381
600036.SH,20141125,11.11,5.4151,0.9281,2.113,28019248.4627,22918757.2606
600036.SH,20141124,10.86,5.2932,0.9072,2.0655,27388752.3227,22403033.6499
600036.SH,20141121,10.8,5.264,0.9022,2.054,27237433.2491,22279259.9833
600036.SH,20141120,10.59,5.1616,0.8846,2.0141,26707816.4915,21846052.1503
600036.SH,20141119,10.64,5.186,0.8888,2.0236,26833915.7195,21949196.8725
600036.SH,20141118,10.63,5.1811,0.888,2.0217,26808695.8739,21928567.928
600036.SH,20141117,10.8,5.264,0.9022,2.054,27237433.2491,22279259.9833
600036.SH,20141114,10.92,5.3225,0.9122,2.0769,27540071.3963,22526807.3165
600036.SH,20141113,10.97,5.3468,0.9164,2.0864,27666170.6243,22629952.0386
600036.SH,20141112,10.99,5.3566,0.918,2.0902,27716610.3155,22671209.9275
600036.SH,20141111,11.02,5.3712,0.9205,2.0959,27792269.8523,22733096.7608
600036.SH,20141110,10.76,5.2445,0.8988,2.0464,27136553.8667,22196744.2056
600036.SH,20141107,10.57,5.1519,0.8829,2.0103,26657376.8003,21804794.2615
600036.SH,20141106,10.55,5.1421,0.8813,2.0065,26606937.1091,21763536.3726
600036.SH,20141105,10.51,5.1226,0.8779,1.9989,26506057.7267,21681020.5949
600036.SH,20141104,10.6,5.1665,0.8854,2.016,26733036.3371,21866681.0947
600036.SH,20141103,10.69,5.2104,0.893,2.0331,26960014.9475,22052341.5946
600036.SH,20141031,10.8,5.264,0.9022,2.054,27237433.2491,22279259.9833
600036.SH,20141030,10.47,5.1031,0.8746,1.9913,26405178.3442,21598504.8172
600036.SH,20141029,10.38,5.0593,0.9155,1.9742,26178199.7338,21412844.3173
600036.SH,20141028,10.28,5.0105,0.9067,1.9551,25926001.2778,21206554.873
600036.SH,20141027,10.16,4.952,0.8961,1.9323,25623363.1306,20959007.5399
600036.SH,20141024,10.36,5.0495,0.9138,1.9704,26127760.0426,21371586.4284
600036.SH,20141023,10.39,5.0641,0.9164,1.9761,26203419.5794,21433473.2617
600036.SH,20141022,10.36,5.0495,0.9138,1.9704,26127760.0426,21371586.4284
600036.SH,20141021,10.37,5.0544,0.9146,1.9723,26152979.8882,21392215.3729
600036.SH,20141020,10.39,5.0641,0.9164,1.9761,26203419.5794,21433473.2617
600036.SH,20141017,10.37,5.0544,0.9146,1.9723,26152979.8882,21392215.3729
600036.SH,20141016,10.39,5.0641,0.9164,1.9761,26203419.5794,21433473.2617
600036.SH,20141015,10.42,5.0788,0.9191,1.9818,26279079.1162,21495360.095
600036.SH,20141014,10.36,5.0495,0.9138,1.9704,26127760.0426,21371586.4284
600036.SH,20141013,10.42,5.0788,0.9191,1.9818,26279079.1162,21495360.095
600036.SH,20141010,10.47,5.1031,0.9235,1.9913,26405178.3442,21598504.8172
600036.SH,20141009,10.45,5.0934,0.9217,1.9875,26354738.653,21557246.9283
600036.SH,20141008,10.45,5.0934,0.9217,1.9875,26354738.653,21557246.9283
600036.SH,20140930,10.39,5.0641,0.9164,1.9761,26203419.5794,21433473.2617
600036.SH,20140929,10.4,5.069,0.9173,1.978,26228639.425,21454102.2062
600036.SH,20140926,10.45,5.0934,0.9217,1.9875,26354738.653,21557246.9283
600036.SH,20140925,10.5,5.1178,0.9261,1.997,26480837.8811,21660391.6505
600036.SH,20140924,10.57,5.1519,0.9323,2.0103,26657376.8003,21804794.2615
600036.SH,20140923,10.39,5.0641,0.9164,1.9761,26203419.5794,21433473.2617
600036.SH,20140922,10.36,5.0495,0.9138,1.9704,26127760.0426,21371586.4284
600036.SH,20140919,10.62,5.1763,0.9367,2.0198,26783476.0283,21907938.9836
600036.SH,20140918,10.57,5.1519,0.9323,2.0103,26657376.8003,21804794.2615
600036.SH,20140917,10.58,5.1568,0.9332,2.0122,26682596.6459,21825423.2059
600036.SH,20140916,10.58,5.1568,0.9332,2.0122,26682596.6459,21825423.2059
600036.SH,20140915,10.62,5.1763,0.9367,2.0198,26783476.0283,21907938.9836
600036.SH,20140912,10.69,5.2104,0.9429,2.0331,26960014.9475,22052341.5946
600036.SH,20140911,10.63,5.1811,0.9376,2.0217,26808695.8739,21928567.928
600036.SH,20140910,10.71,5.2201,0.9446,2.0369,27010454.6387,22093599.4835
600036.SH,20140909,10.8,5.264,0.9526,2.054,27237433.2491,22279259.9833
600036.SH,20140905,10.93,5.3273,0.964,2.0788,27565291.2419,22547436.2609
600036.SH,20140904,10.83,5.2786,0.9552,2.0597,27313092.7859,22341146.8166
600036.SH,20140903,10.78,5.2542,0.9508,2.0502,27186993.5579,22238002.0945
600036.SH,20140902,10.69,5.2104,0.9429,2.0331,26960014.9475,22052341.5946
600036.SH,20140901,10.54,5.1373,0.9296,2.0046,26581717.2635,21742907.4282
600036.SH,20140829,10.56,5.147,0.9949,2.0084,26632156.9547,21784165.317
600036.SH,20140828,10.47,5.1031,0.9864,1.9913,26405178.3442,21598504.8172
600036.SH,20140827,10.57,5.1519,0.9958,2.0103,26657376.8003,21804794.2615
600036.SH,20140826,10.6,5.1665,0.9986,2.016,26733036.3371,21866681.0947
600036.SH,20140825,10.58,5.1568,0.9967,2.0122,26682596.6459,21825423.2059
600036.SH,20140822,10.71,5.2201,1.009,2.0369,27010454.6387,22093599.4835
600036.SH,20140821,10.6,5.1665,0.9986,2.016,26733036.3371,21866681.0947
600036.SH,20140820,10.72,5.225,1.0099,2.0388,27035674.4843,22114228.4279
600036.SH,20140819,10.78,5.2542,1.0156,2.0502,27186993.5579,22238002.0945
600036.SH,20140818,10.8,5.264,1.0175,2.054,27237433.2491,22279259.9833
600036.SH,20140815,10.79,5.2591,1.0165,2.0521,27212213.4035,22258631.0389
600036.SH,20140814,10.74,5.2347,1.0118,2.0426,27086114.1755,22155486.3167
600036.SH,20140813,10.83,5.2786,1.0203,2.0597,27313092.7859,22341146.8166
600036.SH,20140812,10.91,5.3176,1.0278,2.075,27514851.5507,22506178.372
600036.SH,20140811,11.08,5.4005,1.0438,2.1073,27943588.9259,22856870.4273
600036.SH,20140808,10.83,5.2786,1.0203,2.0597,27313092.7859,22341146.8166
600036.SH,20140807,10.74,5.2347,1.0118,2.0426,27086114.1755,22155486.3167
600036.SH,20140806,10.98,5.3517,1.0344,2.0883,27691390.4699,22650580.983
600036.SH,20140805,11.18,5.4492,1.0533,2.1263,28195787.3819,23063159.8716
600036.SH,20140804,11.25,5.4833,1.0599,2.1396,28372326.3011,23207562.4826
600036.SH,20140801,11.02,5.3712,1.0382,2.0959,27792269.8523,22733096.7608
600036.SH,20140731,11.07,5.3956,1.0429,2.1054,27918369.0803,22836241.4829
600036.SH,20140730,10.99,5.3566,1.0354,2.0902,27716610.3155,22671209.9275
600036.SH,20140729,11.03,5.3761,1.0391,2.0978,27817489.6979,22753725.7052
600036.SH,20140728,10.97,5.3468,1.0335,2.0864,27666170.6243,22629952.0386
600036.SH,20140725,10.49,5.1129,0.9883,1.9951,26455618.0354,21639762.706
600036.SH,20140724,10.34,5.0398,0.9741,1.9666,26077320.3514,21330328.5396
600036.SH,20140723,10.07,4.9082,0.9487,1.9152,25396384.5202,20773347.04
600036.SH,20140722,9.98,4.8643,0.9402,1.8981,25169405.9098,20587686.5401
600036.SH,20140721,9.81,4.7815,0.9242,1.8658,24740668.5346,20236994.4848
600036.SH,20140718,9.79,4.7717,0.9223,1.862,24690228.8434,20195736.596
600036.SH,20140717,9.74,4.7473,0.9176,1.8524,24564129.6154,20092591.8738
600036.SH,20140716,9.79,4.7717,0.9223,1.862,24690228.8434,20195736.596
600036.SH,20140715,9.78,4.7668,0.9214,1.8601,24665008.9978,20175107.6516
600036.SH,20140714,9.75,4.7522,0.9185,1.8543,24589349.461,20113220.8183
600036.SH,20140711,9.69,4.723,0.9129,1.8429,24438030.3874,19989447.1517
600036.SH,20140710,10.26,5.0008,0.9132,1.9513,25875561.5866,21165296.9842
600036.SH,20140709,10.24,4.991,0.9115,1.9475,25825121.8954,21124039.0953
600036.SH,20140708,10.37,5.0544,0.923,1.9723,26152979.8882,21392215.3729
600036.SH,20140707,10.32,5.03,0.9186,1.9628,26026880.6602,21289070.6507
600036.SH,20140704,10.34,5.0398,0.9204,1.9666,26077320.3514,21330328.5396
600036.SH,20140703,10.34,5.0398,0.9204,1.9666,26077320.3514,21330328.5396
600036.SH,20140702,10.26,5.0008,0.9132,1.9513,25875561.5866,21165296.9842
600036.SH,20140701,10.23,4.9862,0.9106,1.9456,25799902.0498,21103410.1509
600036.SH,20140630,10.24,4.991,0.9115,1.9475,25825121.8954,21124039.0953
600036.SH,20140627,10.18,4.9618,0.9061,1.9361,25673802.8218,21000265.4287
600036.SH,20140626,10.24,4.991,0.9115,1.9475,25825121.8954,21124039.0953
600036.SH,20140625,10.14,4.9423,0.9026,1.9285,25572923.4394,20917749.651
600036.SH,20140624,10.18,4.9618,0.9061,1.9361,25673802.8218,21000265.4287
600036.SH,20140623,10.1,4.9228,0.899,1.9209,25472044.057,20835233.8733
600036.SH,20140620,10.21,4.9764,0.9088,1.9418,25749462.3586,21062152.262
600036.SH,20140619,10.19,4.9667,0.907,1.938,25699022.6674,21020894.3732
600036.SH,20140618,10.25,4.9959,0.9124,1.9494,25850341.741,21144668.0397
600036.SH,20140617,10.32,5.03,0.9186,1.9628,26026880.6602,21289070.6507
600036.SH,20140616,10.39,5.0641,0.9248,1.9761,26203419.5794,21433473.2617
600036.SH,20140613,10.22,4.9813,0.9097,1.9437,25774682.2042,21082781.2064
600036.SH,20140612,10.07,4.9082,0.8963,1.9152,25396384.5202,20773347.04
600036.SH,20140611,10.12,4.9325,0.9008,1.9247,25522483.7482,20876491.7621
600036.SH,20140610,10.15,4.9472,0.9035,1.9304,25598143.285,20938378.5954
600036.SH,20140609,10.0,4.8741,0.8901,1.9019,25219845.601,20628944.429
600036.SH,20140606,10.0,4.8741,0.8901,1.9019,25219845.601,20628944.429
600036.SH,20140605,10.16,4.952,0.9043,1.9323,25623363.1306,20959007.5399
600036.SH,20140604,10.1,4.9228,0.899,1.9209,25472044.057,20835233.8733
600036.SH,20140603,10.18,4.9618,0.9061,1.9361,25673802.8218,21000265.4287
600036.SH,20140530,10.15,4.9472,0.9035,1.9304,25598143.285,20938378.5954
600036.SH,20140529,10.15,4.9472,0.9035,1.9304,25598143.285,20938378.5954
600036.SH,20140528,10.2,4.9715,0.9079,1.9399,25724242.513,21041523.3176
600036.SH,20140527,10.11,4.9277,0.8999,1.9228,25497263.9026,20855862.8177
600036.SH,20140526,10.08,4.9131,0.8972,1.9171,25421604.3658,20793975.9844
600036.SH,20140523,10.07,4.9082,0.8963,1.9152,25396384.5202,20773347.04
600036.SH,20140522,9.96,4.8546,0.8865,1.8943,25118966.2186,20546428.6513
600036.SH,20140521,9.95,4.8497,0.8857,1.8924,25093746.373,20525799.7069
600036.SH,20140520,9.88,4.8156,0.8794,1.8791,24917207.4538,20381397.0959
600036.SH,20140519,9.86,4.8058,0.8776,1.8753,24866767.7626,20340139.207
600036.SH,20140516,10.03,4.8887,0.8928,1.9076,25295505.1378,20690831.2623
600036.SH,20140515,9.98,4.8643,0.8883,1.8981,25169405.9098,20587686.5401
600036.SH,20140514,9.99,4.8692,0.8892,1.9,25194625.7554,20608315.4846
600036.SH,20140513,9.99,4.8692,0.8892,1.9,25194625.7554,20608315.4846
600036.SH,20140512,10.03,4.8887,0.8928,1.9076,25295505.1378,20690831.2623
600036.SH,20140509,9.91,4.8302,0.8821,1.8848,24992866.9906,20443283.9291
600036.SH,20140508,9.89,4.8204,0.8803,1.881,24942427.2994,20402026.0403
600036.SH,20140507,9.86,4.8058,0.8776,1.8753,24866767.7626,20340139.207
600036.SH,20140506,9.87,4.8107,0.8785,1.8772,24891987.6082,20360768.1514
600036.SH,20140505,9.94,4.8448,0.8848,1.8905,25068526.5274,20505170.7624
600036.SH,20140430,10.03,4.8887,0.8928,1.9076,25295505.1378,20690831.2623
600036.SH,20140429,10.11,4.9277,0.8999,1.9228,25497263.9026,20855862.8177
600036.SH,20140428,10.06,4.9033,0.9557,1.9133,25371164.6746,20752718.0956
600036.SH,20140425,10.07,4.9082,0.9567,1.9152,25396384.5202,20773347.04
600036.SH,20140424,9.99,4.8692,0.9491,1.9,25194625.7554,20608315.4846
600036.SH,20140423,9.93,4.8399,0.9434,1.8886,25043306.6818,20484541.818
600036.SH,20140422,9.94,4.8448,0.9443,1.8905,25068526.5274,20505170.7624
600036.SH,20140421,9.84,4.7961,0.9348,1.8715,24816328.0714,20298881.3181
600036.SH,20140418,10.01,4.8789,0.951,1.9038,25245065.4466,20649573.3734
600036.SH,20140417,10.09,4.9179,0.9586,1.919,25446824.2114,20814604.9289
600036.SH,20140416,10.11,4.9277,0.9605,1.9228,25497263.9026,20855862.8177
600036.SH,20140415,10.06,4.9033,0.9557,1.9133,25371164.6746,20752718.0956
600036.SH,20140414,10.31,5.0252,0.9795,1.9609,26001660.8146,21268441.7063
600036.SH,20140411,10.39,5.0641,0.9871,1.9761,26203419.5794,21433473.2617
600036.SH,20140410,10.41,5.0739,0.989,1.9799,26253859.2706,21474731.1506
600036.SH,20140409,10.18,4.9618,0.9671,1.9361,25673802.8218,21000265.4287
600036.SH,20140408,10.24,4.991,0.9728,1.9475,25825121.8954,21124039.0953
600036.SH,20140404,9.95,4.8497,0.9453,1.8924,25093746.373,20525799.7069
600036.SH,20140403,9.88,4.8156,0.9386,1.8791,24917207.4538,20381397.0959
600036.SH,20140402,9.97,4.8594,0.9472,1.8962,25144186.0642,20567057.5957
600036.SH,20140401,9.88,4.8156,0.9386,1.8791,24917207.4538,20381397.0959
600036.SH,20140331,9.82,4.7863,0.9329,1.8677,24765888.3802,20257623.4293
600036.SH,20140328,9.86,5.4926,0.9353,2.1935,24866767.7626,20340139.207
600036.SH,20140327,9.79,5.4536,0.9287,2.1779,24690228.8434,20195736.596
600036.SH,20140326,9.8,5.4592,0.9296,2.1801,24715448.689,20216365.5404
600036.SH,20140325,9.79,5.4536,0.9287,2.1779,24690228.8434,20195736.596
600036.SH,20140324,9.84,5.4815,0.9334,2.189,24816328.0714,20298881.3181
600036.SH,20140321,9.84,5.4815,0.9334,2.189,24816328.0714,20298881.3181
600036.SH,20140320,9.46,5.2698,0.8973,2.1045,23857973.9385,19514981.4298
600036.SH,20140319,9.55,5.3199,0.9059,2.1245,24084952.549,19700641.9297
600036.SH,20140318,9.59,5.3422,0.9097,2.1334,24185831.9314,19783157.7074
600036.SH,20140317,9.59,5.3422,0.9097,2.1334,24185831.9314,19783157.7074
600036.SH,20140314,9.56,5.3255,0.9068,2.1267,24110172.3946,19721270.8741
600036.SH,20140313,9.67,5.3868,0.9173,2.1512,24387590.6962,19948189.2628
600036.SH,20140312,9.61,5.3534,0.9116,2.1379,24236271.6226,19824415.5963
600036.SH,20140311,9.49,5.2865,0.9002,2.1112,23933633.4753,19576868.2631
600036.SH,20140310,9.47,5.2754,0.8983,2.1067,23883193.7841,19535610.3743
600036.SH,20140307,9.68,5.3924,0.9182,2.1534,24412810.5418,19968818.2073
600036.SH,20140306,9.73,5.4202,0.923,2.1646,24538909.7698,20071962.9294
600036.SH,20140305,9.63,5.3645,0.9135,2.1423,24286711.3138,19865673.4851
600036.SH,20140304,9.75,5.4313,0.9249,2.169,24589349.461,20113220.8183
600036.SH,20140303,9.82,5.4703,0.9315,2.1846,24765888.3802,20257623.4293
600036.SH,20140228,9.93,5.5316,0.9419,2.209,25043306.6818,20484541.818
600036.SH,20140227,10.02,5.5818,0.9505,2.2291,25270285.2922,20670202.3179
600036.SH,20140226,10.02,5.5818,0.9505,2.2291,25270285.2922,20670202.3179
600036.SH,20140225,9.94,5.5372,0.9429,2.2113,25068526.5274,20505170.7624
600036.SH,20140224,10.08,5.6152,0.9562,2.2424,25421604.3658,20793975.9844
600036.SH,20140221,10.32,5.7489,0.9789,2.2958,26026880.6602,21289070.6507
600036.SH,20140220,10.35,5.7656,0.9818,2.3025,26102540.197,21350957.484
600036.SH,20140219,10.51,5.8547,0.9969,2.3381,26506057.7267,21681020.5949
600036.SH,20140218,10.32,5.7489,0.9789,2.2958,26026880.6602,21289070.6507
600036.SH,20140217,10.51,5.8547,0.9969,2.3381,26506057.7267,21681020.5949
600036.SH,20140214,10.52,5.8603,1.0318,2.3403,26531277.5723,21701649.5393
600036.SH,20140213,10.53,5.8659,1.0328,2.3425,26556497.4179,21722278.4837
600036.SH,20140212,10.51,5.8547,1.0309,2.3381,26506057.7267,21681020.5949
600036.SH,20140211,10.57,5.8881,1.0367,2.3514,26657376.8003,21804794.2615
600036.SH,20140210,10.43,5.8102,1.023,2.3203,26304298.9618,21515989.0394
600036.SH,20140207,10.33,5.7544,1.0132,2.298,26052100.5058,21309699.5952
600036.SH,20140130,10.36,5.7712,1.0161,2.3047,26127760.0426,21371586.4284
600036.SH,20140129,10.51,5.8547,1.0309,2.3381,26506057.7267,21681020.5949
600036.SH,20140128,10.44,5.8157,1.024,2.3225,26329518.8074,21536617.9839
600036.SH,20140127,10.33,5.7544,1.0132,2.298,26052100.5058,21309699.5952
600036.SH,20140124,10.43,5.8102,1.023,2.3203,26304298.9618,21515989.0394
600036.SH,20140123,10.52,5.8603,1.0318,2.3403,26531277.5723,21701649.5393
600036.SH,20140122,10.7,5.9606,1.0495,2.3803,26985234.7931,22072970.539
600036.SH,20140121,10.53,5.8659,1.0328,2.3425,26556497.4179,21722278.4837
600036.SH,20140120,10.47,5.8324,1.0269,2.3292,26405178.3442,21598504.8172
600036.SH,20140117,10.57,5.8881,1.0367,2.3514,26657376.8003,21804794.2615
600036.SH,20140116,10.55,5.877,1.0348,2.347,26606937.1091,21763536.3726
600036.SH,20140115,10.59,5.8993,1.0387,2.3559,26707816.4915,21846052.1503
600036.SH,20140114,10.75,5.9884,1.0544,2.3915,27111334.0211,22176115.2612
600036.SH,20140113,10.88,6.0608,1.0671,2.4204,27439192.0139,22444291.5388
600036.SH,20140110,10.8,6.0163,1.0593,2.4026,27237433.2491,22279259.9833
600036.SH,20140109,10.7,5.9606,1.0495,2.3803,26985234.7931,22072970.539
600036.SH,20140108,10.63,5.9216,1.0426,2.3648,26808695.8739,21928567.928
600036.SH,20140107,10.52,5.8603,1.0318,2.3403,26531277.5723,21701649.5393
600036.SH,20140106,10.46,5.8269,1.026,2.327,26379958.4986,21577875.8727
600036.SH,20140103,10.51,5.8547,1.0309,2.3381,26506057.7267,21681020.5949
600036.SH,20140102,10.73,5.9773,1.0524,2.387,27060894.3299,22134857.3723
600036.SH,20131231,10.89,6.0664,1.0681,2.4226,27464411.8595,22464920.4832
600036.SH,20131230,10.6,5.9049,1.0397,2.3581,26733036.3371,21866681.0947
600036.SH,20131227,10.31,5.7433,1.0112,2.2936,26001660.8146,21268441.7063
600036.SH,20131226,10.15,5.6542,0.9955,2.258,25598143.285,20938378.5954
600036.SH,20131225,10.31,5.7433,1.0112,2.2936,26001660.8146,21268441.7063
600036.SH,20131224,10.17,5.6653,0.9975,2.2624,25648582.9762,20979636.4843
600036.SH,20131223,10.27,5.721,1.0073,2.2847,25900781.4322,21185925.9286
600036.SH,20131220,10.33,5.7544,1.0132,2.298,26052100.5058,21309699.5952
600036.SH,20131219,10.7,5.9606,1.0495,2.3803,26985234.7931,22072970.539
600036.SH,20131218,10.79,6.0107,1.0583,2.4004,27212213.4035,22258631.0389
600036.SH,20131217,10.63,5.9216,1.0426,2.3648,26808695.8739,21928567.928
600036.SH,20131216,10.62,5.916,1.0416,2.3625,26783476.0283,21907938.9836
600036.SH,20131213,10.7,5.9606,1.0495,2.3803,26985234.7931,22072970.539
600036.SH,20131212,10.92,6.0831,1.0711,2.4293,27540071.3963,22526807.3165
600036.SH,20131211,11.02,6.1388,1.0809,2.4515,27792269.8523,22733096.7608
600036.SH,20131210,11.09,6.1778,1.0877,2.4671,27968808.7715,22877499.3718
600036.SH,20131209,10.9,6.072,1.0691,2.4248,27489631.7051,22485549.4276
600036.SH,20131206,10.98,6.1165,1.077,2.4426,27691390.4699,22650580.983
600036.SH,20131205,11.04,6.15,1.0828,2.456,27842709.5435,22774354.6496
600036.SH,20131204,11.13,6.2001,1.0917,2.476,28069688.1539,22960015.1495
600036.SH,20131203,11.1,6.1834,1.0887,2.4693,27994028.6171,22898128.3162
600036.SH,20131202,11.14,6.2057,1.0926,2.4782,28094907.9995,22980644.0939
600036.SH,20131129,10.91,6.0775,1.0701,2.4271,27514851.5507,22506178.372
600036.SH,20131128,10.93,6.0887,1.072,2.4315,27565291.2419,22547436.2609
600036.SH,20131127,10.86,6.0497,1.0652,2.4159,27388752.3227,22403033.6499
600036.SH,20131126,10.83,6.033,1.0622,2.4093,27313092.7859,22341146.8166
600036.SH,20131125,10.82,6.0274,1.0613,2.407,27287872.9403,22320517.8722
600036.SH,20131122,10.98,6.1165,1.077,2.4426,27691390.4699,22650580.983
600036.SH,20131121,10.97,6.111,1.076,2.4404,27666170.6243,22629952.0386
600036.SH,20131120,10.95,6.0998,1.074,2.436,27615730.9331,22588694.1498
600036.SH,20131119,11.02,6.1388,1.0809,2.4515,27792269.8523,22733096.7608
600036.SH,20131118,11.34,6.3171,1.1123,2.5227,28599304.9115,23393222.9825
600036.SH,20131115,10.35,5.7656,1.0152,2.3025,26102540.197,21350957.484
600036.SH,20131114,10.26,5.7155,1.0063,2.2825,25875561.5866,21165296.9842
600036.SH,20131113,10.33,5.7544,1.0132,2.298,26052100.5058,21309699.5952
600036.SH,20131112,10.68,5.9494,1.0475,2.3759,26934795.1019,22031712.6502
600036.SH,20131111,10.53,5.8659,1.0328,2.3425,26556497.4179,21722278.4837
600036.SH,20131108,10.58,5.8937,1.0377,2.3536,26682596.6459,21825423.2059
600036.SH,20131107,10.7,5.9606,1.0495,2.3803,26985234.7931,22072970.539
600036.SH,20131106,10.62,5.916,1.0416,2.3625,26783476.0283,21907938.9836
600036.SH,20131105,10.75,5.9884,1.0544,2.3915,27111334.0211,22176115.2612
600036.SH,20131104,10.8,6.0163,1.0593,2.4026,27237433.2491,22279259.9833
600036.SH,20131101,10.91,6.0775,1.0701,2.4271,27514851.5507,22506178.372
600036.SH,20131031,10.74,5.9828,1.0534,2.3892,27086114.1755,22155486.3167
600036.SH,20131030,10.91,6.0775,1.0701,2.4271,27514851.5507,22506178.372
600036.SH,20131029,10.85,6.0441,1.1123,2.4137,27363532.4771,22382404.7055
600036.SH,20131028,10.62,5.916,1.0888,2.3625,26783476.0283,21907938.9836
600036.SH,20131025,10.61,5.9104,1.0877,2.3603,26758256.1827,21887310.0392
600036.SH,20131024,10.63,5.9216,1.0898,2.3648,26808695.8739,21928567.928
600036.SH,20131023,10.68,5.9494,1.0949,2.3759,26934795.1019,22031712.6502
600036.SH,20131022,10.63,5.9216,1.0898,2.3648,26808695.8739,21928567.928
600036.SH,20131021,10.76,5.994,1.1031,2.3937,27136553.8667,22196744.2056
600036.SH,20131018,10.63,5.9216,1.0898,2.3648,26808695.8739,21928567.928
600036.SH,20131017,10.6,5.9049,1.0867,2.3581,26733036.3371,21866681.0947
600036.SH,20131016,10.73,5.9773,1.1,2.387,27060894.3299,22134857.3723
600036.SH,20131015,10.73,5.9773,1.1,2.387,27060894.3299,22134857.3723
600036.SH,20131014,10.8,6.0163,1.1072,2.4026,27237433.2491,22279259.9833
600036.SH,20131011,10.94,6.0943,1.1216,2.4337,27590511.0875,22568065.2053
600036.SH,20131010,10.78,6.0051,1.1052,2.3981,27186993.5579,22238002.0945
600036.SH,20131009,10.96,6.1054,1.1236,2.4382,27640950.7787,22609323.0942
600036.SH,20131008,10.91,6.0775,1.1185,2.4271,27514851.5507,22506178.372
600036.SH,20130930,10.92,5.919,1.1175,2.3637,26797049.2925,22526807.3165
600036.SH,20130927,10.8,5.8539,1.1053,2.3378,26502576.2233,22279259.9833
600036.SH,20130926,10.76,5.8323,1.1012,2.3291,26404418.5336,22196744.2056
600036.SH,20130925,10.84,5.8756,1.1094,2.3464,26600733.913,22361775.761
600036.SH,20130924,10.88,5.8973,1.1134,2.3551,26698891.6028,22444291.5388
600036.SH,20130923,11.19,6.0653,1.1452,2.4222,27459613.6981,23083788.8161
600036.SH,20130918,11.15,6.0437,1.1411,2.4135,27361456.0083,23001273.0383
600036.SH,20130917,11.19,6.0653,1.1452,2.4222,27459613.6981,23083788.8161
600036.SH,20130916,11.65,6.3147,1.1922,2.5218,28588427.1298,24032720.2598
600036.SH,20130913,11.82,6.4068,1.2096,2.5586,29005597.3111,24383412.3151
600036.SH,20130912,11.91,6.4556,1.2189,2.578,29226452.1129,24569072.8149
600036.SH,20130911,11.62,6.2984,1.1892,2.5153,28514808.8625,23970833.4265
600036.SH,20130910,11.63,5.5427,1.1817,2.2135,25093596.1333,20545710.2193
600036.SH,20130909,11.58,5.5189,1.1767,2.204,24985713.0888,20457379.5648
600036.SH,20130906,10.89,5.9027,1.2585,2.3572,26723431.0252,21453811.9737
600036.SH,20130905,10.66,5.7781,1.2319,2.3075,26159024.3093,21000701.1607
600036.SH,20130827,10.66,5.0804,1.0832,2.0289,23000665.0714,18832095.5234
600036.SH,20130826,10.7,5.0995,1.0872,2.0365,23086971.507,18902760.047
600036.SH,20130823,10.56,5.0328,1.073,2.0098,22784898.9826,18655434.2146
600036.SH,20130822,10.91,5.1996,1.1086,2.0764,23540080.2935,19273748.7955
600036.SH,20130821,10.93,5.2091,1.1106,2.0803,23583233.5113,19309081.0573
600036.SH,20130820,11.03,5.2568,1.1208,2.0993,23798999.6002,19485742.3662
600036.SH,20130819,11.12,5.2997,1.1299,2.1164,23993189.0801,19644737.5441
600036.SH,20130816,10.99,5.2377,1.1809,2.0917,23712693.1646,19415077.8426
600036.SH,20130815,11.04,5.2615,1.1863,2.1012,23820576.209,19503408.497
600036.SH,20130814,11.15,5.314,1.1981,2.1221,24057918.9068,19697735.9368
600036.SH,20130813,11.15,5.314,1.1981,2.1221,24057918.9068,19697735.9368
600036.SH,20130812,11.05,5.2663,1.1873,2.1031,23842152.8179,19521074.6279
600036.SH,20130809,10.69,5.0947,1.1487,2.0346,23065394.8981,18885093.9161
600036.SH,20130808,10.75,5.1233,1.1551,2.046,23194854.5514,18991090.7014
600036.SH,20130807,10.72,5.109,1.1519,2.0403,23130124.7247,18938092.3087
600036.SH,20130806,10.76,5.1281,1.1562,2.0479,23216431.1603,19008756.8323
600036.SH,20130805,10.85,5.171,1.1658,2.065,23410620.6402,19167752.0102
600036.SH,20130802,10.81,5.1519,1.1615,2.0574,23324314.2047,19097087.4867
600036.SH,20130801,10.87,5.1805,1.168,2.0688,23453773.858,19203084.272
600036.SH,20130731,10.6,5.0518,1.139,2.0174,22871205.4181,18726098.7381
600036.SH,20130730,10.68,5.09,1.1476,2.0327,23043818.2892,18867427.7852
600036.SH,20130729,10.49,4.9994,1.1272,1.9965,22633862.7204,18531771.2984
600036.SH,20130726,10.74,5.1186,1.154,2.0441,23173277.9425,18973424.5705
600036.SH,20130725,10.83,5.1615,1.1637,2.0612,23367467.4225,19132419.7485
600036.SH,20130724,10.9,5.1948,1.1712,2.0745,23518503.6847,19256082.6647
600036.SH,20130723,11.06,5.2711,1.1884,2.105,23863729.4268,19538740.7588
600036.SH,20130722,10.85,5.171,1.1658,2.065,23410620.6402,19167752.0102
600036.SH,20130719,10.92,5.2044,1.1734,2.0784,23561656.9024,19291414.9264
600036.SH,20130718,11.18,5.3283,1.2013,2.1278,24122648.7334,19750734.3294
600036.SH,20130717,11.4,5.4331,1.2249,2.1697,24597334.1289,20139389.2089
600036.SH,20130716,11.63,5.5427,1.2497,2.2135,25093596.1333,20545710.2193
600036.SH,20130715,11.65,5.5523,1.2518,2.2173,25136749.351,20581042.481
600036.SH,20130712,11.62,5.538,1.2486,2.2116,25072019.5244,20528044.0884
600036.SH,20130711,12.15,5.7906,1.3055,2.3125,26215579.7953,21464349.0253
600036.SH,20130710,11.32,5.395,1.2163,2.1545,24424721.2578,19998060.1618
600036.SH,20130709,11.16,5.3187,1.1992,2.124,24079495.5157,19715402.0677
600036.SH,20130708,11.03,5.2568,1.1852,2.0993,23798999.6002,19485742.3662
600036.SH,20130705,11.27,5.3712,1.211,2.145,24316838.2134,19909729.5074
600036.SH,20130704,11.24,5.3569,1.2078,2.1393,24252108.3867,19856731.1147
600036.SH,20130703,11.35,5.4093,1.2196,2.1602,24489451.0845,20051058.5545
600036.SH,20130702,11.21,5.3426,1.2045,2.1335,24187378.5601,19803732.7221
600036.SH,20130701,11.38,5.4236,1.2228,2.1659,24554180.9111,20104056.9471
600036.SH,20130628,11.6,5.5284,1.2464,2.2078,25028866.3066,20492711.8266
600036.SH,20130627,10.92,5.2044,1.1734,2.0784,23561656.9024,19291414.9264
600036.SH,20130626,10.66,5.0804,1.1454,2.0289,23000665.0714,18832095.5234
600036.SH,20130625,10.92,5.2044,1.1734,2.0784,23561656.9024,19291414.9264
600036.SH,20130624,10.93,5.2091,1.1744,2.0803,23583233.5113,19309081.0573
600036.SH,20130621,11.71,5.5809,1.2583,2.2287,25266209.0043,20687039.2663
600036.SH,20130620,11.47,5.4665,1.2325,2.183,24748370.3911,20263052.1251
600036.SH,20130619,11.98,5.7095,1.2873,2.2801,25848777.4442,21164024.8002
600036.SH,20130618,12.2,5.8144,1.3109,2.322,26323462.8397,21552679.6797
600036.SH,20130617,12.1,5.7667,1.3002,2.3029,26107696.7509,21376018.3709
600036.SH,20130614,12.21,5.8192,1.312,2.3239,26345039.4486,21570345.8106
600036.SH,20130613,12.32,5.8716,1.3238,2.3448,26582382.1463,21764673.2503
600036.SH,20130607,13.17,6.2767,1.3254,2.5066,28416393.9015,23266294.3755
600036.SH,20130606,13.18,6.2814,1.3264,2.5085,28437970.5104,23283960.5064
600036.SH,20130605,13.36,6.3672,1.3445,2.5427,28826349.4704,23601950.8624
600036.SH,20130604,13.75,6.5531,1.3838,2.617,29667837.2169,24290929.9669
600036.SH,20130603,13.77,6.5626,1.3858,2.6208,29710990.4346,24326262.2286
600036.SH,20130531,13.58,6.4721,1.3667,2.5846,29301034.8658,23990605.7418
600036.SH,20130530,13.58,6.4721,1.3667,2.5846,29301034.8658,23990605.7418
600036.SH,20130529,13.61,6.4864,1.3697,2.5903,29365764.6925,24043604.1345
600036.SH,20130528,13.76,6.5579,1.3848,2.6189,29689413.8258,24308596.0978
600036.SH,20130527,13.39,6.3815,1.3476,2.5485,28891079.297,23654949.255
600036.SH,20130524,13.51,6.4387,1.3596,2.5713,29149998.6036,23866942.8256
600036.SH,20130523,13.52,6.4435,1.3606,2.5732,29171575.2125,23884608.9565
600036.SH,20130522,13.99,6.6675,1.4079,2.6627,30185675.8301,24714917.1081
600036.SH,20130521,13.57,6.4673,1.3657,2.5827,29279458.2569,23972939.6109
600036.SH,20130520,13.86,6.6055,1.3949,2.6379,29905179.9146,24485257.4066
600036.SH,20130517,13.86,6.6055,1.3949,2.6379,29905179.9146,24485257.4066
600036.SH,20130516,13.87,6.6103,1.3959,2.6398,29926756.5235,24502923.5375
600036.SH,20130515,13.59,6.4768,1.3677,2.5865,29322611.4747,24008271.8727
600036.SH,20130514,13.33,6.3529,1.3415,2.537,28761619.6437,23548952.4697
600036.SH,20130513,13.19,6.2862,1.3274,2.5104,28459547.1193,23301626.6373
600036.SH,20130510,12.75,6.0765,1.2831,2.4266,27510176.3284,22524316.8784
600036.SH,20130509,12.33,5.8763,1.2409,2.3467,26603958.7552,21782339.3812
600036.SH,20130508,12.5,5.9574,1.258,2.3791,26970761.1063,22082663.6063
600036.SH,20130507,12.49,5.9526,1.257,2.3772,26949184.4974,22064997.4754
600036.SH,20130506,12.53,5.9717,1.261,2.3848,27035490.9329,22135661.9989
600036.SH,20130503,12.35,5.8859,1.2429,2.3505,26647111.973,21817671.643
600036.SH,20130502,12.1,5.7667,1.2177,2.3029,26107696.7509,21376018.3709
600036.SH,20130426,12.15,5.7906,1.3079,2.3125,26215579.7953,21464349.0253
600036.SH,20130425,12.22,5.8239,1.3155,2.3258,26366616.0575,21588011.9415
600036.SH,20130424,12.3,5.862,1.3241,2.341,26539228.9286,21729340.9886
600036.SH,20130423,12.14,5.7858,1.3069,2.3105,26194003.1864,21446682.8944
600036.SH,20130422,12.59,6.0003,1.3553,2.3962,27164950.5862,22241658.7842
600036.SH,20130419,12.62,6.0146,1.3585,2.4019,27229680.4129,22294657.1769
600036.SH,20130418,12.16,5.7953,1.309,2.3144,26237156.4042,21482015.1562
600036.SH,20130417,12.16,5.7953,1.309,2.3144,26237156.4042,21482015.1562
600036.SH,20130416,12.35,5.8859,1.3295,2.3505,26647111.973,21817671.643
600036.SH,20130415,12.25,5.8382,1.3187,2.3315,26431345.8841,21641010.3341
600036.SH,20130412,12.28,5.8525,1.3219,2.3372,26496075.7108,21694008.7268
600036.SH,20130411,12.39,5.9049,1.3338,2.3581,26733418.4085,21888336.1665
600036.SH,20130410,12.44,5.9288,1.3392,2.3676,26841301.4529,21976666.8209
600036.SH,20130409,12.59,6.0003,1.3553,2.3962,27164950.5862,22241658.7842
600036.SH,20130408,12.61,6.0098,1.3575,2.4,27208103.804,22276991.046
600036.SH,20130403,12.79,6.0956,1.3768,2.4343,27596482.7639,22594981.4019
600036.SH,20130402,12.56,5.986,1.3521,2.3905,27100220.7596,22188660.3916
600036.SH,20130401,12.4,5.9097,1.3349,2.36,26754995.0174,21906002.2974
600036.SH,20130329,12.63,6.0193,1.3596,2.4038,27251257.0218,22312323.3078
600036.SH,20130328,12.13,7.2442,1.3053,2.7218,26172426.5775,21429016.7635
600036.SH,20130327,12.77,7.6264,1.3742,2.8655,27553329.5461,22559649.1401
600036.SH,20130326,12.69,7.5786,1.3656,2.8475,27380716.6751,22418320.0931
600036.SH,20130325,12.98,7.7518,1.3968,2.9126,28006438.3327,22930637.8887
600036.SH,20130322,13.13,7.8414,1.4129,2.9462,28330087.466,23195629.852
600036.SH,20130321,13.13,7.8414,1.4129,2.9462,28330087.466,23195629.852
600036.SH,20130320,13.14,7.8473,1.414,2.9485,28351664.0749,23213295.9829
600036.SH,20130319,12.6,7.5248,1.3559,2.8273,27186527.1951,22259324.9151
600036.SH,20130318,12.48,7.4532,1.343,2.8004,26927607.8885,22047331.3445
600036.SH,20130315,12.57,7.5069,1.3527,2.8206,27121797.3684,22206326.5224
600036.SH,20130314,12.67,7.5667,1.3634,2.843,27337563.4573,22382987.8313
600036.SH,20130313,12.67,7.5667,1.3634,2.843,27337563.4573,22382987.8313
600036.SH,20130312,12.9,7.704,1.3882,2.8946,27833825.4617,22789308.8417
600036.SH,20130311,13.12,7.8354,1.4118,2.944,28308510.8571,23177963.7211
600036.SH,20130308,13.33,7.9608,1.4344,2.9911,28761619.6437,23548952.4697
600036.SH,20130307,13.11,7.8294,1.4108,2.9417,28286934.2482,23160297.5902
600036.SH,20130306,13.45,8.0325,1.4474,3.018,29020538.9503,23760946.0403
600036.SH,20130305,13.36,7.9787,1.4377,2.9978,28826349.4704,23601950.8624
600036.SH,20130304,12.27,7.3278,1.3204,2.7533,26474499.1019,21676342.5959
600036.SH,20130301,13.07,7.8055,1.4774,2.9328,28200627.8127,23089633.0667
600036.SH,20130228,13.3,7.9429,1.5034,2.9844,28696889.8171,23495954.0771
600036.SH,20130227,12.84,7.6682,1.4514,2.8812,27704365.8083,22683312.0563
600036.SH,20130226,12.71,7.5905,1.4367,2.852,27423869.8928,22453652.3548
600036.SH,20130225,13.04,7.7876,1.474,2.926,28135897.986,23036634.674
600036.SH,20130222,13.07,7.8055,1.4774,2.9328,28200627.8127,23089633.0667
600036.SH,20130221,13.38,7.9907,1.5124,3.0023,28869502.6881,23637283.1241
600036.SH,20130220,13.84,8.2654,1.5644,3.1055,29862026.6968,24449925.1448
600036.SH,20130219,13.83,8.2594,1.5633,3.1033,29840450.088,24432259.014
600036.SH,20130218,13.95,8.3311,1.5768,3.1302,30099369.3946,24644252.5846
600036.SH,20130208,14.04,8.3848,1.587,3.1504,30293558.8745,24803247.7625
600036.SH,20130207,14.14,8.4446,1.5983,3.1729,30509324.9634,24979909.0714
600036.SH,20130206,14.37,8.5819,1.6243,3.2245,31005586.9677,25386230.0817
600036.SH,20130205,14.4,8.5998,1.6277,3.2312,31070316.7944,25439228.4744
600036.SH,20130204,14.57,8.7014,1.6469,3.2694,31437119.1454,25739552.6994
600036.SH,20130201,14.78,8.8268,1.6707,3.3165,31890227.932,26110541.448
600036.SH,20130131,14.3,8.5401,1.6164,3.2088,30854550.7056,25262567.1656
600036.SH,20130130,14.38,8.5879,1.6255,3.2267,31027163.5766,25403896.2126
600036.SH,20130129,14.6,8.7193,1.6503,3.2761,31501848.9721,25792551.0921
600036.SH,20130128,14.18,8.4684,1.6028,3.1818,30595631.3989,25050573.5949
600036.SH,20130125,13.47,8.0444,1.5226,3.0225,29063692.1681,23796278.3021
600036.SH,20130124,13.67,8.1639,1.5452,3.0674,29495224.3458,24149600.9198
600036.SH,20130123,14.0,8.3609,1.5825,3.1415,30207252.439,24732583.239
600036.SH,20130122,14.0,8.3609,1.5825,3.1415,30207252.439,24732583.239
600036.SH,20130121,13.57,8.1041,1.5339,3.045,29279458.2569,23972939.6109
600036.SH,20130118,13.37,7.9847,1.5113,3.0001,28847926.0792,23619616.9932
600036.SH,20130117,13.22,7.8951,1.4943,2.9664,28524276.946,23354625.03
600036.SH,20130116,13.52,8.0743,1.5282,3.0337,29171575.2125,23884608.9565
600036.SH,20130115,13.79,8.2355,1.5588,3.0943,29754143.6524,24361594.4904
600036.SH,20130114,13.84,8.2654,1.5644,3.1055,29862026.6968,24449925.1448
600036.SH,20130111,13.28,7.931,1.5011,2.9799,28653736.5993,23460621.8153
600036.SH,20130110,13.54,8.0862,1.5305,3.0382,29214728.4303,23919941.2183
600036.SH,20130109,13.5,8.0623,1.526,3.0293,29128421.9948,23849276.6948
600036.SH,20130108,13.59,8.1161,1.5362,3.0495,29322611.4747,24008271.8727
600036.SH,20130107,13.6,8.1221,1.5373,3.0517,29344188.0836,24025938.0036
600036.SH,20130104,13.53,8.0803,1.5294,3.036,29193151.8214,23902275.0874
600036.SH,20121231,13.75,8.2116,1.5542,3.0854,29667837.2169,24290929.9669
600036.SH,20121228,12.96,7.7398,1.4649,2.9081,27963285.115,22895305.627
600036.SH,20121227,12.61,7.5308,1.4254,2.8295,27208103.804,22276991.046
600036.SH,20121226,12.79,7.6383,1.4457,2.8699,27596482.7639,22594981.4019
600036.SH,20121225,12.77,7.6264,1.4435,2.8655,27553329.5461,22559649.1401
600036.SH,20121224,12.26,7.3218,1.3858,2.751,26452922.493,21658676.465
600036.SH,20121221,11.9,7.1068,1.3451,2.6702,25676164.5732,21022695.7532
600036.SH,20121220,12.0,7.1665,1.3564,2.6927,25891930.662,21199357.062
600036.SH,20121219,11.88,7.0949,1.3429,2.6657,25633011.3554,20987363.4914
600036.SH,20121218,11.85,7.0769,1.3395,2.659,25568281.5287,20934365.0987
600036.SH,20121217,11.71,6.9933,1.3236,2.6276,25266209.0043,20687039.2663
600036.SH,20121214,11.7,6.9874,1.3225,2.6254,25244632.3955,20669373.1355
600036.SH,20121213,10.87,6.4917,1.2287,2.4391,23453773.858,19203084.272
600036.SH,20121212,11.05,6.5992,1.249,2.4795,23842152.8179,19521074.6279
600036.SH,20121211,10.99,6.5633,1.2423,2.466,23712693.1646,19415077.8426
600036.SH,20121210,10.97,6.5514,1.24,2.4616,23669539.9468,19379745.5808
600036.SH,20121207,10.8,6.4499,1.2208,2.4234,23302737.5958,19079421.3558
600036.SH,20121206,10.45,6.2408,1.1812,2.3449,22547556.2848,18461106.7748
600036.SH,20121205,10.41,6.217,1.1767,2.3359,22461249.8493,18390442.2513
600036.SH,20121204,9.98,5.9602,1.1281,2.2394,21533455.6672,17630798.6232
600036.SH,20121203,9.91,5.9184,1.1202,2.2237,21382419.405,17507135.707
600036.SH,20121130,10.02,5.984,1.1326,2.2484,21619762.1028,17701463.1468
600036.SH,20121129,9.98,5.9602,1.1281,2.2394,21533455.6672,17630798.6232
600036.SH,20121128,9.97,5.9542,1.127,2.2372,21511879.0583,17613132.4923
600036.SH,20121127,9.97,5.9542,1.127,2.2372,21511879.0583,17613132.4923
600036.SH,20121126,9.99,5.9661,1.1292,2.2416,21555032.2761,17648464.7541
600036.SH,20121123,10.03,5.99,1.1337,2.2506,21641338.7117,17719129.2777
600036.SH,20121122,9.9,5.9124,1.1191,2.2215,21360842.7962,17489469.5762
600036.SH,20121121,9.93,5.9303,1.1224,2.2282,21425572.6228,17542467.9688
600036.SH,20121120,9.83,5.8706,1.1111,2.2057,21209806.534,17365806.66
600036.SH,20121119,9.92,5.9243,1.1213,2.2259,21403996.0139,17524801.8379
600036.SH,20121116,9.96,5.9482,1.1258,2.2349,21490302.4495,17595466.3615
600036.SH,20121115,10.02,5.984,1.1326,2.2484,21619762.1028,17701463.1468
600036.SH,20121114,10.08,6.0199,1.1394,2.2618,21749221.7561,17807459.9321
600036.SH,20121113,10.06,6.0079,1.1371,2.2574,21706068.5383,17772127.6703
600036.SH,20121112,10.26,6.1274,1.1597,2.3022,22137600.716,18125450.288
600036.SH,20121109,10.21,6.0975,1.1541,2.291,22029717.6716,18037119.6336
600036.SH,20121108,10.18,6.0796,1.1507,2.2843,21964987.8449,17984121.2409
600036.SH,20121107,10.34,6.1752,1.1688,2.3202,22310213.5871,18266779.3351
600036.SH,20121106,10.38,6.199,1.1733,2.3292,22396520.0226,18337443.8586
600036.SH,20121105,10.42,6.2229,1.1778,2.3381,22482826.4582,18408108.3822
600036.SH,20121102,10.37,6.1931,1.1722,2.3269,22374943.4137,18319777.7277
600036.SH,20121101,10.3,6.1513,1.1643,2.3112,22223907.1516,18196114.8116
600036.SH,20121031,10.08,6.0199,1.1394,2.2618,21749221.7561,17807459.9321
600036.SH,20121030,10.07,6.0139,1.1383,2.2596,21727645.1472,17789793.8012
600036.SH,20121029,10.12,6.0438,1.2041,2.2708,21835528.1916,17878124.4556
600036.SH,20121026,10.28,6.1393,1.2231,2.3067,22180753.9338,18160782.5498
600036.SH,20121025,10.37,6.1931,1.2338,2.3269,22374943.4137,18319777.7277
600036.SH,20121024,10.46,6.2468,1.2445,2.3471,22569132.8937,18478772.9057
600036.SH,20121023,10.45,6.2408,1.2433,2.3449,22547556.2848,18461106.7748
600036.SH,20121022,10.51,6.2767,1.2505,2.3583,22677015.9381,18567103.5601
600036.SH,20121019,10.44,6.2349,1.2421,2.3426,22525979.6759,18443440.6439
600036.SH,20121018,10.49,6.2647,1.2481,2.3538,22633862.7204,18531771.2984
600036.SH,20121017,10.36,6.1871,1.2326,2.3247,22353366.8049,18302111.5969
600036.SH,20121016,10.31,6.1572,1.2267,2.3135,22245483.7604,18213780.9424
600036.SH,20121015,10.31,6.1572,1.2267,2.3135,22245483.7604,18213780.9424
600036.SH,20121012,10.36,6.1871,1.2326,2.3247,22353366.8049,18302111.5969
600036.SH,20121011,10.2,6.0915,1.2136,2.2888,22008141.0627,18019453.5027
600036.SH,20121010,10.21,6.0975,1.2148,2.291,22029717.6716,18037119.6336
600036.SH,20121009,10.29,6.1453,1.2243,2.309,22202330.5427,18178448.6807
600036.SH,20121008,10.17,6.0736,1.21,2.282,21943411.236,17966455.11
600036.SH,20120928,10.16,6.0677,1.2088,2.2798,21921834.6272,17948788.9792
600036.SH,20120927,10.08,6.0199,1.1993,2.2618,21749221.7561,17807459.9321
600036.SH,20120926,9.75,5.8228,1.1601,2.1878,21037193.6629,17224477.6129
600036.SH,20120925,9.87,5.8945,1.1743,2.2147,21296112.9695,17436471.1835
600036.SH,20120924,9.86,5.8885,1.1731,2.2125,21274536.3606,17418805.0526
600036.SH,20120921,9.81,5.8586,1.1672,2.2013,21166653.3162,17330474.3982
600036.SH,20120920,9.74,5.8168,1.1589,2.1856,21015617.054,17206811.482
600036.SH,20120919,9.87,5.8945,1.1743,2.2147,21296112.9695,17436471.1835
600036.SH,20120918,9.99,5.9661,1.1886,2.2416,21555032.2761,17648464.7541
600036.SH,20120917,10.13,6.0497,1.2053,2.2731,21857104.8005,17895790.5865
600036.SH,20120914,10.25,6.1214,1.2195,2.3,22116024.1071,18107784.1571
600036.SH,20120913,10.12,6.0438,1.2041,2.2708,21835528.1916,17878124.4556
600036.SH,20120912,10.12,6.0438,1.2041,2.2708,21835528.1916,17878124.4556
600036.SH,20120911,10.12,6.0438,1.2041,2.2708,21835528.1916,17878124.4556
600036.SH,20120910,10.1,6.0318,1.2017,2.2663,21792374.9739,17842792.1939
600036.SH,20120907,10.16,6.0677,1.2088,2.2798,21921834.6272,17948788.9792
600036.SH,20120906,9.73,5.8109,1.1577,2.1833,20994040.4451,17189145.3511
600036.SH,20120905,9.71,5.7989,1.1553,2.1788,20950887.2273,17153813.0893
600036.SH,20120904,9.84,5.8765,1.1708,2.208,21231383.1428,17383472.7908
600036.SH,20120903,10.01,5.9781,1.191,2.2461,21598185.4939,17683797.0159
600036.SH,20120831,10.08,6.0199,1.1993,2.2618,21749221.7561,17807459.9321
600036.SH,20120830,10.13,6.0497,1.2053,2.2731,21857104.8005,17895790.5865
600036.SH,20120829,10.02,5.984,1.1922,2.2484,21619762.1028,17701463.1468
600036.SH,20120828,10.01,5.9781,1.191,2.2461,21598185.4939,17683797.0159
600036.SH,20120827,9.86,5.8885,1.1731,2.2125,21274536.3606,17418805.0526
600036.SH,20120824,9.92,5.9243,1.1803,2.2259,21403996.0139,17524801.8379
600036.SH,20120823,9.94,5.9363,1.1827,2.2304,21447149.2317,17560134.0997
600036.SH,20120822,9.89,5.9064,1.1767,2.2192,21339266.1873,17471803.4453
600036.SH,20120821,9.81,5.8586,1.1672,2.2013,21166653.3162,17330474.3982
600036.SH,20120820,9.88,5.9004,1.1755,2.217,21317689.5784,17454137.3144
600036.SH,20120817,10.02,5.984,1.2854,2.2484,21619762.1028,17701463.1468
600036.SH,20120816,9.92,5.9243,1.2726,2.2259,21403996.0139,17524801.8379
600036.SH,20120815,9.94,5.9363,1.2752,2.2304,21447149.2317,17560134.0997
600036.SH,20120814,10.17,6.0736,1.3047,2.282,21943411.236,17966455.11
600036.SH,20120813,10.15,6.0617,1.3021,2.2776,21900258.0183,17931122.8483
600036.SH,20120810,10.17,6.0736,1.3047,2.282,21943411.236,17966455.11
600036.SH,20120809,10.08,6.0199,1.2931,2.2618,21749221.7561,17807459.9321
600036.SH,20120808,10.07,6.0139,1.2918,2.2596,21727645.1472,17789793.8012
600036.SH,20120807,10.0,5.9721,1.2828,2.2439,21576608.885,17666130.885
600036.SH,20120806,10.01,5.9781,1.2841,2.2461,21598185.4939,17683797.0159
600036.SH,20120803,10.0,5.9721,1.2828,2.2439,21576608.885,17666130.885
600036.SH,20120802,10.01,5.9781,1.2841,2.2461,21598185.4939,17683797.0159
600036.SH,20120801,9.97,5.9542,1.279,2.2372,21511879.0583,17613132.4923
600036.SH,20120731,9.92,5.9243,1.2726,2.2259,21403996.0139,17524801.8379
600036.SH,20120730,9.81,5.8586,1.2585,2.2013,21166653.3162,17330474.3982
600036.SH,20120727,9.75,5.8228,1.2508,2.1878,21037193.6629,17224477.6129
600036.SH,20120726,9.59,5.7272,1.2303,2.1519,20691967.9207,16941819.5187
600036.SH,20120725,9.58,5.7213,1.229,2.1497,20670391.3118,16924153.3878
600036.SH,20120724,9.59,5.7272,1.2303,2.1519,20691967.9207,16941819.5187
600036.SH,20120723,9.69,5.787,1.2431,2.1743,20907734.0096,17118480.8276
600036.SH,20120720,9.99,5.9661,1.2816,2.2416,21555032.2761,17648464.7541
600036.SH,20120719,10.1,6.0318,1.2957,2.2663,21792374.9739,17842792.1939
600036.SH,20120718,10.11,6.0378,1.297,2.2686,21813951.5827,17860458.3247
600036.SH,20120717,10.17,6.0736,1.3047,2.282,21943411.236,17966455.11
600036.SH,20120716,10.08,6.0199,1.2931,2.2618,21749221.7561,17807459.9321
600036.SH,20120713,10.17,6.0736,1.3047,2.282,21943411.236,17966455.11
600036.SH,20120712,10.09,6.0259,1.2944,2.2641,21770798.365,17825126.063
600036.SH,20120711,10.06,6.0079,1.2905,2.2574,21706068.5383,17772127.6703
600036.SH,20120710,10.16,6.0677,1.3034,2.2798,21921834.6272,17948788.9792
600036.SH,20120709,10.15,6.0617,1.3021,2.2776,21900258.0183,17931122.8483
600036.SH,20120706,10.57,6.3125,1.356,2.3718,22806475.5914,18673100.3454
600036.SH,20120705,10.85,6.4797,1.3919,2.4346,23410620.6402,19167752.0102
600036.SH,20120704,10.93,6.5275,1.4022,2.4526,23583233.5113,19309081.0573
600036.SH,20120703,10.89,6.5036,1.397,2.4436,23496927.0758,19238416.5338
600036.SH,20120702,10.85,6.4797,1.3919,2.4346,23410620.6402,19167752.0102
600036.SH,20120629,10.92,6.5215,1.4009,2.4503,23561656.9024,19291414.9264
600036.SH,20120628,10.82,6.4618,1.388,2.4279,23345890.8136,19114753.6176
600036.SH,20120627,10.89,6.5036,1.397,2.4436,23496927.0758,19238416.5338
600036.SH,20120626,10.99,6.5633,1.4099,2.466,23712693.1646,19415077.8426
600036.SH,20120625,10.99,6.5633,1.4099,2.466,23712693.1646,19415077.8426
600036.SH,20120621,10.9,6.5096,1.3983,2.4458,23518503.6847,19256082.6647
600036.SH,20120620,11.03,6.5872,1.415,2.475,23798999.6002,19485742.3662
600036.SH,20120619,10.99,6.5633,1.4099,2.466,23712693.1646,19415077.8426
600036.SH,20120618,11.05,6.5992,1.4175,2.4795,23842152.8179,19521074.6279
600036.SH,20120615,11.05,6.5992,1.4175,2.4795,23842152.8179,19521074.6279
600036.SH,20120614,10.86,6.4857,1.3932,2.4369,23432197.2491,19185418.1411
600036.SH,20120613,10.89,6.5036,1.397,2.4436,23496927.0758,19238416.5338
600036.SH,20120612,10.81,6.4558,1.3868,2.4256,23324314.2047,19097087.4867
600036.SH,20120611,10.95,6.5395,1.4047,2.4571,23626386.7291,19344413.3191
600036.SH,20120608,10.92,6.5215,1.4009,2.4503,23561656.9024,19291414.9264
600036.SH,20120607,11.25,6.7186,1.4432,2.5244,24273684.9956,19874397.2456
600036.SH,20120606,11.68,6.9754,1.4218,2.6209,25201479.1777,20634040.8737
600036.SH,20120605,11.54,6.8918,1.4047,2.5895,24899406.6533,20386715.0413
600036.SH,20120604,11.4,6.8082,1.3877,2.558,24597334.1289,20139389.2089
600036.SH,20120601,11.67,6.9694,1.4205,2.6186,25179902.5688,20616374.7428
600036.SH,20120531,11.66,6.9635,1.4193,2.6164,25158325.9599,20598708.6119
600036.SH,20120529,11.78,7.0351,1.4339,2.6433,25417245.2665,20810702.1825
600036.SH,20120528,11.67,6.9694,1.4205,2.6186,25179902.5688,20616374.7428
600036.SH,20120525,11.61,6.9336,1.4132,2.6052,25050442.9155,20510377.9575
600036.SH,20120524,11.63,6.9456,1.4157,2.6096,25093596.1333,20545710.2193
600036.SH,20120523,11.74,7.0112,1.4291,2.6343,25330938.831,20740037.659
600036.SH,20120522,11.81,7.0531,1.4376,2.65,25481975.0932,20863700.5752
600036.SH,20120521,11.64,6.9515,1.4169,2.6119,25115172.7421,20563376.3501
600036.SH,20120518,11.56,6.9038,1.4072,2.5939,24942559.8711,20422047.3031
600036.SH,20120517,11.79,7.0411,1.4352,2.6456,25438821.8754,20828368.3134
600036.SH,20120516,11.67,6.9694,1.4205,2.6186,25179902.5688,20616374.7428
600036.SH,20120515,11.84,7.071,1.4412,2.6568,25546704.9198,20916698.9678
600036.SH,20120514,11.89,7.1008,1.4473,2.668,25654587.9643,21005029.6223
600036.SH,20120511,12.02,7.1785,1.4632,2.6972,25935083.8798,21234689.3238
600036.SH,20120510,12.11,7.2322,1.4741,2.7174,26129273.3597,21393684.5017
600036.SH,20120509,12.12,7.2382,1.4753,2.7196,26150849.9686,21411350.6326
600036.SH,20120508,12.37,7.3875,1.5058,2.7757,26690265.1907,21853003.9047
600036.SH,20120507,12.42,7.4174,1.5118,2.7869,26798148.2352,21941334.5592
600036.SH,20120504,12.41,7.4114,1.5106,2.7847,26776571.6263,21923668.4283
600036.SH,20120503,12.35,7.3755,1.5033,2.7712,26647111.973,21817671.643
600036.SH,20120502,12.4,7.4054,1.5094,2.7824,26754995.0174,21906002.2974
600036.SH,20120427,12.2,7.286,1.5954,2.7376,26323462.8397,21552679.6797
600036.SH,20120426,12.22,7.2979,1.598,2.742,26366616.0575,21588011.9415
600036.SH,20120425,12.27,7.3278,1.6045,2.7533,26474499.1019,21676342.5959
600036.SH,20120424,12.3,7.3457,1.6085,2.76,26539228.9286,21729340.9886
600036.SH,20120423,12.1,7.2262,1.5823,2.7151,26107696.7509,21376018.3709
600036.SH,20120420,12.19,7.28,1.5941,2.7353,26301886.2308,21535013.5488
600036.SH,20120419,11.96,7.1426,1.564,2.6837,25805624.2265,21128692.5385
600036.SH,20120418,12.01,7.1725,1.5705,2.6949,25913507.2709,21217023.1929
600036.SH,20120417,11.85,7.0769,1.5496,2.659,25568281.5287,20934365.0987
600036.SH,20120416,11.92,7.1187,1.5588,2.6747,25719317.7909,21058028.0149
600036.SH,20120413,12.0,7.1665,1.5692,2.6927,25891930.662,21199357.062
600036.SH,20120412,12.01,7.1725,1.5705,2.6949,25913507.2709,21217023.1929
600036.SH,20120411,11.77,7.0292,1.5392,2.6411,25395668.6576,20793036.0516
600036.SH,20120410,11.83,7.065,1.547,2.6545,25525128.311,20899032.837
600036.SH,20120409,11.68,6.9754,1.5274,2.6209,25201479.1777,20634040.8737
600036.SH,20120406,11.81,7.0531,1.5444,2.65,25481975.0932,20863700.5752
600036.SH,20120405,11.84,7.071,1.5483,2.6568,25546704.9198,20916698.9678
600036.SH,20120330,11.9,7.1068,1.5562,2.6702,25676164.5732,21022695.7532
600036.SH,20120329,11.82,7.059,1.5457,2.6523,25503551.7021,20881366.7061
600036.SH,20120328,11.8,9.8802,1.6549,3.567,25460398.4843,20846034.4443
600036.SH,20120327,12.03,10.0728,1.6872,3.6366,25956660.4887,21252355.4547
600036.SH,20120326,12.09,10.1231,1.6956,3.6547,26086120.142,21358352.24
600036.SH,20120323,12.05,10.0896,1.69,3.6426,25999813.7064,21287687.7164
600036.SH,20120322,12.05,10.0896,1.69,3.6426,25999813.7064,21287687.7164
600036.SH,20120321,12.0,10.0477,1.683,3.6275,25891930.662,21199357.062
600036.SH,20120320,12.02,10.0645,1.6858,3.6335,25935083.8798,21234689.3238
600036.SH,20120319,12.13,10.1566,1.7012,3.6668,26172426.5775,21429016.7635
600036.SH,20120316,12.22,10.2319,1.7138,3.694,26366616.0575,21588011.9415
600036.SH,20120315,12.22,10.2319,1.7138,3.694,26366616.0575,21588011.9415
600036.SH,20120314,12.31,10.3073,1.7264,3.7212,26560805.5374,21747007.1194
600036.SH,20120313,12.47,10.4412,1.7489,3.7696,26906031.2796,22029665.2136
600036.SH,20120312,12.35,10.3408,1.732,3.7333,26647111.973,21817671.643
600036.SH,20120309,12.51,10.4747,1.7545,3.7817,26992337.7151,22100329.7371
600036.SH,20120308,12.46,10.4329,1.7475,3.7665,26884454.6707,22011999.0827
600036.SH,20120307,12.41,10.391,1.7405,3.7514,26776571.6263,21923668.4283
600036.SH,20120306,12.58,10.5333,1.7643,3.8028,27143373.9773,22223992.6533
600036.SH,20120305,12.87,10.7762,1.805,3.8905,27769095.635,22736310.449
600036.SH,20120302,13.04,10.9185,1.8288,3.9419,28135897.986,23036634.674
600036.SH,20120301,12.91,10.8097,1.8106,3.9026,27855402.0705,22806974.9725
600036.SH,20120229,12.87,10.7762,1.805,3.8905,27769095.635,22736310.449
600036.SH,20120228,12.94,10.8348,1.8148,3.9116,27920131.8972,22859973.3652
600036.SH,20120227,12.82,10.7343,1.798,3.8754,27661212.5906,22647979.7946
600036.SH,20120224,12.88,10.7845,1.8064,3.8935,27790672.2439,22753976.5799
600036.SH,20120223,12.71,10.6422,1.7825,3.8421,27423869.8928,22453652.3548
600036.SH,20120222,12.78,10.7008,1.7923,3.8633,27574906.155,22577315.271
600036.SH,20120221,12.75,10.6757,1.7881,3.8542,27510176.3284,22524316.8784
600036.SH,20120220,12.69,10.6254,1.7797,3.8361,27380716.6751,22418320.0931
600036.SH,20120217,12.71,10.6422,1.7825,3.8421,27423869.8928,22453652.3548
600036.SH,20120216,12.64,10.5836,1.7727,3.821,27272833.6306,22329989.4386
600036.SH,20120215,12.68,10.6171,1.7783,3.833,27359140.0662,22400653.9622
600036.SH,20120214,12.66,10.6003,1.7755,3.827,27315986.8484,22365321.7004
600036.SH,20120213,12.69,10.6254,1.7797,3.8361,27380716.6751,22418320.0931
600036.SH,20120210,12.89,10.7929,1.8078,3.8965,27812248.8528,22771642.7108
600036.SH,20120209,12.99,10.8766,1.8218,3.9268,28028014.9416,22948304.0196
600036.SH,20120208,12.99,10.8766,1.8218,3.9268,28028014.9416,22948304.0196
600036.SH,20120207,12.73,10.6589,1.7853,3.8482,27467023.1106,22488984.6166
600036.SH,20120206,12.86,10.7678,1.8036,3.8875,27747519.0261,22718644.3181
600036.SH,20120203,12.98,10.8683,1.8204,3.9237,28006438.3327,22930637.8887
600036.SH,20120202,12.87,10.7762,1.805,3.8905,27769095.635,22736310.449
600036.SH,20120201,12.47,10.4412,1.7489,3.7696,26906031.2796,22029665.2136
600036.SH,20120131,12.65,10.592,1.7741,3.824,27294410.2395,22347655.5695
600036.SH,20120130,12.7,10.6338,1.7811,3.8391,27402293.284,22435986.224
600036.SH,20120120,13.0,10.885,1.8232,3.9298,28049591.5505,22965970.1505
600036.SH,20120119,12.7,10.6338,1.7811,3.8391,27402293.284,22435986.224
600036.SH,20120118,12.52,10.4831,1.7559,3.7847,27013914.324,22117995.868
600036.SH,20120117,12.78,10.7008,1.7923,3.8633,27574906.155,22577315.271
600036.SH,20120116,12.39,10.3743,1.7377,3.7454,26733418.4085,21888336.1665
600036.SH,20120113,12.49,10.458,1.7517,3.7756,26949184.4974,22064997.4754
600036.SH,20120112,12.62,10.5668,1.7699,3.8149,27229680.4129,22294657.1769
600036.SH,20120111,12.49,10.458,1.7517,3.7756,26949184.4974,22064997.4754
600036.SH,20120110,12.56,10.5166,1.7615,3.7968,27100220.7596,22188660.3916
600036.SH,20120109,12.38,10.3659,1.7362,3.7424,26711841.7996,21870670.0356
600036.SH,20120106,11.99,10.0393,1.6816,3.6245,25870354.0531,21181690.9311
600036.SH,20120105,11.91,9.9723,1.6703,3.6003,25697741.182,21040361.884
600036.SH,20120104,11.67,9.7714,1.6367,3.5277,25179902.5688,20616374.7428
600036.SH,20111230,11.87,9.9389,1.6647,3.5882,25611434.7465,20969697.3605
600036.SH,20111229,11.66,9.763,1.6353,3.5247,25158325.9599,20598708.6119
600036.SH,20111228,11.55,9.6709,1.6198,3.4915,24920983.2622,20404381.1722
600036.SH,20111227,11.69,9.7881,1.6395,3.5338,25223055.7866,20651707.0046
600036.SH,20111226,11.67,9.7714,1.6367,3.5277,25179902.5688,20616374.7428
600036.SH,20111223,11.69,9.7881,1.6395,3.5338,25223055.7866,20651707.0046
600036.SH,20111222,11.7,9.7965,1.6409,3.5368,25244632.3955,20669373.1355
600036.SH,20111221,11.59,9.7044,1.6255,3.5036,25007289.6977,20475045.6957
600036.SH,20111220,11.63,9.7379,1.6311,3.5156,25093596.1333,20545710.2193
600036.SH,20111219,11.65,9.7546,1.6339,3.5217,25136749.351,20581042.481
600036.SH,20111216,11.62,9.7295,1.6297,3.5126,25072019.5244,20528044.0884
600036.SH,20111215,11.41,9.5537,1.6002,3.4491,24618910.7378,20157055.3398
600036.SH,20111214,11.68,9.7798,1.6381,3.5308,25201479.1777,20634040.8737
600036.SH,20111213,11.66,9.763,1.6353,3.5247,25158325.9599,20598708.6119
600036.SH,20111212,11.98,10.031,1.6802,3.6214,25848777.4442,21164024.8002
600036.SH,20111209,11.9,9.964,1.6689,3.5973,25676164.5732,21022695.7532
600036.SH,20111208,11.9,9.964,1.6689,3.5973,25676164.5732,21022695.7532
600036.SH,20111207,11.89,9.9556,1.6675,3.5942,25654587.9643,21005029.6223
600036.SH,20111206,11.76,9.8468,1.6493,3.5549,25374092.0488,20775369.9208
600036.SH,20111205,11.87,9.9389,1.6647,3.5882,25611434.7465,20969697.3605
600036.SH,20111202,11.74,9.83,1.6465,3.5489,25330938.831,20740037.659
600036.SH,20111201,11.65,9.7546,1.6339,3.5217,25136749.351,20581042.481
600036.SH,20111130,11.21,9.3862,1.5722,3.3887,24187378.5601,19803732.7221
600036.SH,20111129,11.56,9.6793,1.6212,3.4945,24942559.8711,20422047.3031
600036.SH,20111128,11.46,9.5956,1.6072,3.4643,24726793.7822,20245385.9942
600036.SH,20111125,11.48,9.6123,1.61,3.4703,24769947.0,20280718.256
600036.SH,20111124,11.58,9.696,1.6241,3.5005,24985713.0888,20457379.5648
600036.SH,20111123,11.49,9.6207,1.6114,3.4733,24791523.6089,20298384.3869
600036.SH,20111122,11.55,9.6709,1.6198,3.4915,24920983.2622,20404381.1722
600036.SH,20111121,11.42,9.5621,1.6016,3.4522,24640487.3467,20174721.4707
600036.SH,20111118,11.43,9.5704,1.603,3.4552,24662063.9556,20192387.6016
600036.SH,20111117,11.56,9.6793,1.6212,3.4945,24942559.8711,20422047.3031
600036.SH,20111116,11.64,9.7463,1.6325,3.5187,25115172.7421,20563376.3501
600036.SH,20111115,11.96,10.0142,1.6773,3.6154,25805624.2265,21128692.5385
600036.SH,20111114,12.06,10.0979,1.6914,3.6456,26021390.3153,21305353.8473
600036.SH,20111111,11.88,9.9472,1.6661,3.5912,25633011.3554,20987363.4914
600036.SH,20111110,11.96,10.0142,1.6773,3.6154,25805624.2265,21128692.5385
600036.SH,20111109,12.2,10.2152,1.711,3.6879,26323462.8397,21552679.6797
600036.SH,20111108,12.11,10.1398,1.6984,3.6607,26129273.3597,21393684.5017
600036.SH,20111107,12.08,10.1147,1.6942,3.6517,26064543.5331,21340686.1091
600036.SH,20111104,12.26,10.2654,1.7194,3.7061,26452922.493,21658676.465
600036.SH,20111103,12.19,10.2068,1.7096,3.6849,26301886.2308,21535013.5488
600036.SH,20111102,12.38,10.3659,1.7362,3.7424,26711841.7996,21870670.0356
600036.SH,20111101,12.15,10.1733,1.704,3.6728,26215579.7953,21464349.0253
600036.SH,20111031,12.1,10.1314,1.697,3.6577,26107696.7509,21376018.3709
600036.SH,20111028,12.34,10.3324,1.8308,3.7303,26625535.3641,21800005.5121
600036.SH,20111027,12.14,10.1649,1.8011,3.6698,26194003.1864,21446682.8944
600036.SH,20111026,12.03,10.0728,1.7848,3.6366,25956660.4887,21252355.4547
600036.SH,20111025,12.13,10.1566,1.7996,3.6668,26172426.5775,21429016.7635
600036.SH,20111024,12.05,10.0896,1.7878,3.6426,25999813.7064,21287687.7164
600036.SH,20111021,11.65,9.7546,1.7284,3.5217,25136749.351,20581042.481
600036.SH,20111020,11.51,9.6374,1.7076,3.4794,24834676.8266,20333716.6486
600036.SH,20111019,11.64,9.7463,1.7269,3.5187,25115172.7421,20563376.3501
600036.SH,20111018,11.57,9.6877,1.7166,3.4975,24964136.4799,20439713.4339
600036.SH,20111017,11.88,9.9472,1.7625,3.5912,25633011.3554,20987363.4914
600036.SH,20111014,11.68,9.7798,1.7329,3.5308,25201479.1777,20634040.8737
600036.SH,20111013,11.62,9.7295,1.724,3.5126,25072019.5244,20528044.0884
600036.SH,20111012,11.57,9.6877,1.7166,3.4975,24964136.4799,20439713.4339
600036.SH,20111011,11.19,9.3695,1.6602,3.3826,24144225.3423,19768400.4603
600036.SH,20111010,10.99,9.202,1.6305,3.3222,23712693.1646,19415077.8426
600036.SH,20110930,11.06,9.2606,1.6409,3.3433,23863729.4268,19538740.7588
600036.SH,20110929,11.04,9.2439,1.6379,3.3373,23820576.209,19503408.497
600036.SH,20110928,10.97,9.1853,1.6275,3.3161,23669539.9468,19379745.5808
600036.SH,20110927,11.05,9.2523,1.6394,3.3403,23842152.8179,19521074.6279
600036.SH,20110926,10.9,9.1267,1.6171,3.295,23518503.6847,19256082.6647
600036.SH,20110923,11.21,9.3862,1.6631,3.3887,24187378.5601,19803732.7221
600036.SH,20110922,11.33,9.4867,1.6809,3.425,24446297.8667,20015726.2927
600036.SH,20110921,11.69,9.7881,1.7344,3.5338,25223055.7866,20651707.0046
600036.SH,20110920,11.44,9.5788,1.6973,3.4582,24683640.5644,20210053.7324
600036.SH,20110919,11.43,9.5704,1.6958,3.4552,24662063.9556,20192387.6016
600036.SH,20110916,11.66,9.763,1.7299,3.5247,25158325.9599,20598708.6119
600036.SH,20110915,11.59,9.7044,1.7195,3.5036,25007289.6977,20475045.6957
600036.SH,20110914,11.61,9.7212,1.7225,3.5096,25050442.9155,20510377.9575
600036.SH,20110913,11.65,9.7546,1.7284,3.5217,25136749.351,20581042.481
600036.SH,20110908,11.81,9.8886,1.7522,3.5701,25481975.0932,20863700.5752
600036.SH,20110907,11.83,9.9054,1.7551,3.5761,25525128.311,20899032.837
600036.SH,20110906,11.6,9.7128,1.721,3.5066,25028866.3066,20492711.8266
600036.SH,20110905,11.7,9.7965,1.7358,3.5368,25244632.3955,20669373.1355
600036.SH,20110902,11.91,9.9723,1.767,3.6003,25697741.182,21040361.884
600036.SH,20110901,12.02,10.0645,1.7833,3.6335,25935083.8798,21234689.3238
600036.SH,20110831,11.85,9.9221,1.7581,3.5821,25568281.5287,20934365.0987
600036.SH,20110830,11.79,9.8719,1.7544,3.564,25438821.8754,20828368.3134
600036.SH,20110829,11.77,9.8551,1.7514,3.558,25395668.6576,20793036.0516
600036.SH,20110826,12.12,10.1482,1.8035,3.6638,26150849.9686,21411350.6326
600036.SH,20110825,12.17,10.19,1.8109,3.6789,26258733.013,21499681.287
600036.SH,20110824,11.64,9.7463,1.7321,3.5187,25115172.7421,20563376.3501
600036.SH,20110823,11.77,9.8551,1.7514,3.558,25395668.6576,20793036.0516
600036.SH,20110822,11.56,9.6793,1.7202,3.4945,24942559.8711,20422047.3031
600036.SH,20110819,11.5,9.6291,1.7112,3.4763,24813100.2178,20316050.5178
600036.SH,20110818,11.63,9.7379,1.7306,3.5156,25093596.1333,20545710.2193
600036.SH,20110817,11.92,9.9807,1.7737,3.6033,25719317.7909,21058028.0149
600036.SH,20110816,11.95,10.0058,1.7782,3.6124,25784047.6176,21111026.4076
600036.SH,20110815,11.99,10.0393,1.7842,3.6245,25870354.0531,21181690.9311
600036.SH,20110812,11.62,9.7295,1.7291,3.5126,25072019.5244,20528044.0884
600036.SH,20110811,11.67,9.7714,1.7365,3.5277,25179902.5688,20616374.7428
600036.SH,20110810,11.52,9.6458,1.7142,3.4824,24856253.4355,20351382.7795
600036.SH,20110809,11.51,9.6374,1.7127,3.4794,24834676.8266,20333716.6486
600036.SH,20110808,11.43,9.5704,1.8065,3.4552,24662063.9556,20192387.6016
600036.SH,20110805,11.77,9.8551,1.8602,3.558,25395668.6576,20793036.0516
600036.SH,20110804,12.13,10.1566,1.9171,3.6668,26172426.5775,21429016.7635
600036.SH,20110803,12.17,10.19,1.9234,3.6789,26258733.013,21499681.287
600036.SH,20110802,12.19,10.2068,1.9266,3.6849,26301886.2308,21535013.5488
600036.SH,20110801,12.24,10.2487,1.9345,3.7,26409769.2752,21623344.2032
600036.SH,20110729,12.35,10.3408,1.9519,3.7333,26647111.973,21817671.643
600036.SH,20110728,12.05,10.0896,1.9045,3.6426,25999813.7064,21287687.7164
600036.SH,20110727,12.26,10.2654,1.9377,3.7061,26452922.493,21658676.465
600036.SH,20110726,12.35,10.3408,1.9519,3.7333,26647111.973,21817671.643
600036.SH,20110725,12.33,10.324,1.9487,3.7272,26603958.7552,21782339.3812
600036.SH,20110722,12.64,10.5836,1.9977,3.821,27272833.6306,22329989.4386
600036.SH,20110721,12.63,10.5752,1.9961,3.8179,27251257.0218,22312323.3078
600036.SH,20110720,12.74,10.6673,2.0135,3.8512,27488599.7195,22506650.7475
600036.SH,20110719,12.8,10.7176,2.023,3.8693,27618059.3728,22612647.5328
600036.SH,20110718,12.98,10.8683,2.0515,3.9237,28006438.3327,22930637.8887
600036.SH,20110715,13.01,10.8934,2.0562,3.9328,28071168.1594,22983636.2814
600036.SH,20110714,13.0,10.885,2.0546,3.9298,28049591.5505,22965970.1505
600036.SH,20110713,13.08,10.952,2.0673,3.954,28222204.4216,23107299.1976
600036.SH,20110712,12.96,10.8515,2.0483,3.9177,27963285.115,22895305.627
600036.SH,20110711,13.22,11.0692,2.0894,3.9963,28524276.946,23354625.03
600036.SH,20110708,13.41,11.2283,2.1194,4.0537,28934232.5148,23690281.5168
600036.SH,20110707,13.23,11.0776,2.091,3.9993,28545853.5549,23372291.1609
600036.SH,20110706,13.17,11.0274,2.0815,3.9812,28416393.9015,23266294.3755
600036.SH,20110705,13.28,11.1195,2.0989,4.0144,28653736.5993,23460621.8153
600036.SH,20110704,13.39,11.2116,2.1163,4.0477,28891079.297,23654949.255
600036.SH,20110701,12.92,10.818,2.042,3.9056,27876978.6794,22824641.1034
600036.SH,20110630,13.02,10.9018,2.0578,3.9358,28092744.7683,23001302.4123
600036.SH,20110629,12.92,10.818,2.042,3.9056,27876978.6794,22824641.1034
600036.SH,20110628,13.16,11.019,2.0799,3.9781,28394817.2927,23248628.2447
600036.SH,20110627,13.27,11.1111,2.0973,4.0114,28632159.9904,23442955.6844
600036.SH,20110624,13.37,11.1948,2.1131,4.0416,28847926.0792,23619616.9932
600036.SH,20110623,13.13,10.9939,2.0752,3.9691,28330087.466,23195629.852
600036.SH,20110622,12.96,10.8515,2.0483,3.9177,27963285.115,22895305.627
600036.SH,20110621,12.93,10.8264,2.0436,3.9086,27898555.2883,22842307.2343
600036.SH,20110620,12.8,10.7176,2.023,3.8693,27618059.3728,22612647.5328
600036.SH,20110617,12.73,10.6589,2.0119,3.8482,27467023.1106,22488984.6166
600036.SH,20110616,12.73,10.6589,2.0119,3.8482,27467023.1106,22488984.6166
600036.SH,20110615,12.84,10.751,2.0293,3.8814,27704365.8083,22683312.0563
600036.SH,20110614,12.9,10.8013,2.0388,3.8996,27833825.4617,22789308.8417
600036.SH,20110613,12.83,10.7427,2.0277,3.8784,27682789.1995,22665645.9255
600036.SH,20110610,12.78,10.7008,2.0198,3.8633,27574906.155,22577315.271
600036.SH,20110609,12.96,10.8515,1.9585,3.9177,27963285.115,22895305.627
600036.SH,20110608,13.23,11.0776,1.9993,3.9993,28545853.5549,23372291.1609
600036.SH,20110607,13.42,11.2367,2.028,4.0567,28955809.1237,23707947.6477
600036.SH,20110603,13.38,11.2032,2.022,4.0447,28869502.6881,23637283.1241
600036.SH,20110602,13.27,11.1111,2.0054,4.0114,28632159.9904,23442955.6844
600036.SH,20110601,13.8,11.5549,2.0855,4.1716,29775720.2613,24379260.6213
600036.SH,20110531,13.91,11.647,2.1021,4.2049,30013062.959,24573588.061
600036.SH,20110527,13.79,11.5465,2.084,4.1686,29754143.6524,24361594.4904
600036.SH,20110526,13.59,11.379,2.0537,4.1081,29322611.4747,24008271.8727
600036.SH,20110525,13.59,11.379,2.0537,4.1081,29322611.4747,24008271.8727
600036.SH,20110524,13.83,11.58,2.09,4.1807,29840450.088,24432259.014
600036.SH,20110523,13.91,11.647,2.1021,4.2049,30013062.959,24573588.061
600036.SH,20110520,14.27,11.9484,2.1565,4.3137,30789820.8789,25209568.7729
600036.SH,20110519,14.23,11.9149,2.1505,4.3016,30703514.4434,25138904.2494
600036.SH,20110518,14.3,11.9735,2.161,4.3228,30854550.7056,25262567.1656
600036.SH,20110517,14.06,11.7726,2.1248,4.2502,30336712.0923,24838580.0243
600036.SH,20110516,13.88,11.6218,2.0976,4.1958,29948333.1324,24520589.6684
600036.SH,20110513,14.06,11.7726,2.1248,4.2502,30336712.0923,24838580.0243
600036.SH,20110512,13.93,11.6637,2.1051,4.2109,30056216.1768,24608920.3228
600036.SH,20110511,14.03,11.7474,2.1202,4.2411,30271982.2657,24785581.6317
600036.SH,20110510,14.16,11.8563,2.1399,4.2804,30552478.1812,25015241.3332
600036.SH,20110509,14.0,11.7223,2.1157,4.2321,30207252.439,24732583.239
600036.SH,20110506,14.04,11.7558,2.1217,4.2442,30293558.8745,24803247.7625
600036.SH,20110505,14.1,11.8061,2.1308,4.2623,30423018.5279,24909244.5479
600036.SH,20110504,14.05,11.7642,2.1233,4.2472,30315135.4834,24820913.8934
600036.SH,20110503,14.42,12.074,2.1792,4.359,31113470.0122,25474560.7362
600036.SH,20110429,14.46,12.1075,2.1852,4.3711,31199776.4477,25545225.2597
600036.SH,20110428,14.68,12.2917,2.3637,4.4376,31674461.8432,25933880.1392
600036.SH,20110427,14.55,12.1828,2.3427,4.3983,31393965.9277,25704220.4377
600036.SH,20110426,14.71,12.3168,2.3685,4.4467,31739191.6698,25986878.5318
600036.SH,20110425,14.64,12.2582,2.3572,4.4255,31588155.4076,25863215.6156
600036.SH,20110422,14.65,12.2666,2.3588,4.4286,31609732.0165,25880881.7465
600036.SH,20110421,14.65,12.2666,2.3588,4.4286,31609732.0165,25880881.7465
600036.SH,20110420,14.66,12.2749,2.3604,4.4316,31631308.6254,25898547.8774
600036.SH,20110419,14.83,12.4173,2.3878,4.483,31998110.9765,26198872.1025
600036.SH,20110418,15.12,12.6601,2.4345,4.5706,32623832.6341,26711189.8981
600036.SH,20110415,15.18,12.7103,2.4442,4.5888,32753292.2874,26817186.6834
600036.SH,20110414,15.31,12.8192,2.4651,4.6281,33033788.2029,27046846.3849
600036.SH,20110413,15.32,12.8276,2.4667,4.6311,33055364.8118,27064512.5158
600036.SH,20110412,14.81,12.4005,2.3846,4.4769,31954957.7587,26163539.8407
600036.SH,20110411,14.98,12.5429,2.412,4.5283,32321760.1097,26463864.0657
600036.SH,20110408,14.92,12.4926,2.4023,4.5102,32192300.4564,26357867.2804
600036.SH,20110407,14.8,12.3922,2.383,4.4739,31933381.1498,26145873.7098
600036.SH,20110406,14.81,12.4005,2.3846,4.4769,31954957.7587,26163539.8407
600036.SH,20110401,14.33,11.9986,2.3073,4.3318,30919280.5322,25315565.5582
600036.SH,20110331,14.09,16.672,2.284,5.9094,30401441.919,24891578.417
600036.SH,20110330,14.28,16.8968,2.3148,5.9891,30811397.4878,25227234.9038
600036.SH,20110329,14.31,16.9323,2.3196,6.0017,30876127.3144,25280233.2964
600036.SH,20110328,14.23,16.8377,2.3067,5.9681,30703514.4434,25138904.2494
600036.SH,20110325,14.3,16.9205,2.318,5.9975,30854550.7056,25262567.1656
600036.SH,20110324,14.0,16.5655,2.2694,5.8716,30207252.439,24732583.239
600036.SH,20110323,14.05,16.6247,2.2775,5.8926,30315135.4834,24820913.8934
600036.SH,20110322,13.85,16.388,2.2451,5.8087,29883603.3057,24467591.2757
600036.SH,20110321,13.55,16.0331,2.1964,5.6829,29236305.0392,23937607.3492
600036.SH,20110318,13.41,15.8674,2.1737,5.6242,28934232.5148,23690281.5168
600036.SH,20110317,13.51,15.9857,2.19,5.6661,29149998.6036,23866942.8256
600036.SH,20110316,13.71,16.2224,2.2224,5.75,29581530.7813,24220265.4433
600036.SH,20110315,13.49,15.9621,2.1867,5.6577,29106845.3859,23831610.5639
600036.SH,20110314,13.71,16.2224,2.2224,5.75,29581530.7813,24220265.4433
600036.SH,20110311,13.66,16.1632,2.2143,5.729,29473647.7369,24131934.7889
600036.SH,20110310,13.99,16.5537,2.2678,5.8674,30185675.8301,24714917.1081
600036.SH,20110309,14.38,17.0152,2.331,6.031,31027163.5766,25403896.2126
600036.SH,20110308,14.3,16.9205,2.318,5.9975,30854550.7056,25262567.1656
600036.SH,20110307,14.23,16.8377,2.3067,5.9681,30703514.4434,25138904.2494
600036.SH,20110304,14.22,16.8259,2.305,5.9639,30681937.8345,25121238.1185
600036.SH,20110303,14.03,16.601,2.2742,5.8842,30271982.2657,24785581.6317
600036.SH,20110302,13.47,15.9384,2.1835,5.6494,29063692.1681,23796278.3021
600036.SH,20110301,13.1,15.5006,2.1235,5.4942,28265357.6394,23142631.4594
600036.SH,20110228,12.87,15.2285,2.0862,5.3977,27769095.635,22736310.449
600036.SH,20110225,12.75,15.0865,2.0668,5.3474,27510176.3284,22524316.8784
600036.SH,20110224,12.68,15.0036,2.0554,5.318,27359140.0662,22400653.9622
600036.SH,20110223,12.68,15.0036,2.0554,5.318,27359140.0662,22400653.9622
600036.SH,20110222,12.72,15.051,2.0619,5.3348,27445446.5017,22471318.4857
600036.SH,20110221,13.08,15.4769,2.1202,5.4858,28222204.4216,23107299.1976
600036.SH,20110218,13.11,15.5124,2.1251,5.4984,28286934.2482,23160297.5902
600036.SH,20110217,13.12,15.5243,2.1267,5.5026,28308510.8571,23177963.7211
600036.SH,20110216,13.12,15.5243,2.1267,5.5026,28308510.8571,23177963.7211
600036.SH,20110215,13.19,15.6071,2.1381,5.5319,28459547.1193,23301626.6373
600036.SH,20110214,13.26,15.6899,2.1494,5.5613,28610583.3815,23425289.5535
600036.SH,20110211,12.71,15.0391,2.0603,5.3306,27423869.8928,22453652.3548
600036.SH,20110210,12.71,15.0391,2.0603,5.3306,27423869.8928,22453652.3548
600036.SH,20110209,12.6,14.909,2.0424,5.2845,27186527.1951,22259324.9151
600036.SH,20110201,12.7,15.0273,2.0587,5.3264,27402293.284,22435986.224
600036.SH,20110131,12.63,14.9445,2.0473,5.2971,27251257.0218,22312323.3078
600036.SH,20110128,12.59,14.8971,2.0408,5.2803,27164950.5862,22241658.7842
600036.SH,20110127,12.71,15.0391,2.0603,5.3306,27423869.8928,22453652.3548
600036.SH,20110126,12.71,15.0391,2.0603,5.3306,27423869.8928,22453652.3548
600036.SH,20110125,12.63,14.9445,2.0473,5.2971,27251257.0218,22312323.3078
600036.SH,20110124,12.58,14.8853,2.0392,5.2761,27143373.9773,22223992.6533
600036.SH,20110121,12.71,15.0391,2.0603,5.3306,27423869.8928,22453652.3548
600036.SH,20110120,12.52,14.8143,2.0295,5.2509,27013914.324,22117995.868
600036.SH,20110119,12.77,15.1101,2.07,5.3558,27553329.5461,22559649.1401
600036.SH,20110118,12.67,14.9918,2.0538,5.3138,27337563.4573,22382987.8313
600036.SH,20110117,12.71,15.0391,2.0603,5.3306,27423869.8928,22453652.3548
600036.SH,20110114,13.05,15.4414,2.1154,5.4732,28157474.5949,23054300.8049
600036.SH,20110113,13.2,15.6189,2.1397,5.5361,28481123.7282,23319292.7682
600036.SH,20110112,13.27,15.7018,2.151,5.5655,28632159.9904,23442955.6844
600036.SH,20110111,13.19,15.6071,2.1381,5.5319,28459547.1193,23301626.6373
600036.SH,20110110,13.02,15.4059,2.1105,5.4606,28092744.7683,23001302.4123
600036.SH,20110107,13.25,15.6781,2.1478,5.5571,28589006.7726,23407623.4226
600036.SH,20110106,12.9,15.264,2.0911,5.4103,27833825.4617,22789308.8417
600036.SH,20110105,12.97,15.3468,2.1024,5.4397,27984861.7238,22912971.7578
600036.SH,20110104,13.02,15.4059,2.1105,5.4606,28092744.7683,23001302.4123
600036.SH,20101231,12.81,15.1575,2.0765,5.3726,27639635.9817,22630313.6637
600036.SH,20101230,12.68,15.0036,2.0554,5.318,27359140.0662,22400653.9622
600036.SH,20101229,12.77,15.1101,2.07,5.3558,27553329.5461,22559649.1401
600036.SH,20101228,12.83,15.1811,2.0797,5.3809,27682789.1995,22665645.9255
600036.SH,20101227,13.0,15.3823,2.1073,5.4522,28049591.5505,22965970.1505
600036.SH,20101224,13.23,15.6544,2.1446,5.5487,28545853.5549,23372291.1609
600036.SH,20101223,13.18,15.5953,2.1365,5.5277,28437970.5104,23283960.5064
600036.SH,20101222,13.07,15.4651,2.1186,5.4816,28200627.8127,23089633.0667
600036.SH,20101221,13.3,15.7373,2.1559,5.5781,28696889.8171,23495954.0771
600036.SH,20101220,12.97,15.3468,2.1024,5.4397,27984861.7238,22912971.7578
600036.SH,20101217,13.13,15.5361,2.1284,5.5068,28330087.466,23195629.852
600036.SH,20101216,13.16,15.5716,2.1332,5.5193,28394817.2927,23248628.2447
600036.SH,20101215,13.26,15.6899,2.1494,5.5613,28610583.3815,23425289.5535
600036.SH,20101214,13.28,15.7136,2.1527,5.5697,28653736.5993,23460621.8153
600036.SH,20101213,13.36,15.8083,2.1656,5.6032,28826349.4704,23601950.8624
600036.SH,20101210,13.15,15.5598,2.1316,5.5151,28373240.6838,23230962.1138
600036.SH,20101209,13.0,15.3823,2.1073,5.4522,28049591.5505,22965970.1505
600036.SH,20101208,13.24,15.6663,2.1462,5.5529,28567430.1637,23389957.2917
600036.SH,20101207,13.45,15.9147,2.1802,5.641,29020538.9503,23760946.0403
600036.SH,20101206,13.42,15.8792,2.1754,5.6284,28955809.1237,23707947.6477
600036.SH,20101203,13.2,15.6189,2.1397,5.5361,28481123.7282,23319292.7682
600036.SH,20101202,13.21,15.6308,2.1413,5.5403,28502700.3371,23336958.8991
600036.SH,20101201,13.13,15.5361,2.1284,5.5068,28330087.466,23195629.852
600036.SH,20101130,13.05,15.4414,2.1154,5.4732,28157474.5949,23054300.8049
600036.SH,20101129,13.28,15.7136,2.1527,5.5697,28653736.5993,23460621.8153
600036.SH,20101126,13.26,15.6899,2.1494,5.5613,28610583.3815,23425289.5535
600036.SH,20101125,13.48,15.9502,2.1851,5.6536,29085268.777,23813944.433
600036.SH,20101124,13.27,15.7018,2.151,5.5655,28632159.9904,23442955.6844
600036.SH,20101123,13.11,15.5124,2.1251,5.4984,28286934.2482,23160297.5902
600036.SH,20101122,13.25,15.6781,2.1478,5.5571,28589006.7726,23407623.4226
600036.SH,20101119,13.56,16.0449,2.1981,5.6871,29257881.6481,23955273.4801
600036.SH,20101118,13.68,16.1869,2.2175,5.7374,29516800.9547,24167267.0507
600036.SH,20101117,13.63,16.1277,2.2094,5.7165,29408917.9103,24078936.3963
600036.SH,20101116,13.64,16.1396,2.211,5.7207,29430494.5191,24096602.5271
600036.SH,20101115,14.22,16.8259,2.305,5.9639,30681937.8345,25121238.1185
600036.SH,20101112,13.99,16.5537,2.2678,5.8674,30185675.8301,24714917.1081
600036.SH,20101111,14.76,17.4648,2.3926,6.1904,31847074.7143,26075209.1863
600036.SH,20101110,14.6,17.2755,2.3666,6.1233,31501848.9721,25792551.0921
600036.SH,20101109,15.17,17.9499,2.459,6.3623,32731715.6785,26799520.5525
600036.SH,20101108,15.56,18.4114,2.5223,6.5259,33573203.4251,27488499.6571
600036.SH,20101105,15.44,18.2694,2.5028,6.4756,33314284.1184,27276506.0864
600036.SH,20101104,15.36,18.1748,2.4898,6.442,33141671.2474,27135177.0394
600036.SH,20101103,15.26,18.0564,2.4736,6.4001,32925905.1585,26958515.7305
600036.SH,20101102,14.76,17.4648,2.3926,6.1904,31847074.7143,26075209.1863
600036.SH,20101101,14.81,17.524,2.4007,6.2114,31954957.7587,26163539.8407
600036.SH,20101029,14.57,17.24,2.613,6.1107,31437119.1454,25739552.6994
600036.SH,20101028,14.93,17.666,2.6776,6.2617,32213877.0653,26375533.4113
600036.SH,20101027,14.76,17.4648,2.6471,6.1904,31847074.7143,26075209.1863
600036.SH,20101026,14.96,17.7015,2.683,6.2743,32278606.892,26428531.804
600036.SH,20101025,15.17,17.9499,2.7206,6.3623,32731715.6785,26799520.5525
600036.SH,20101022,15.02,17.7725,2.6937,6.2994,32408066.5453,26534528.5893
600036.SH,20101021,15.14,17.9144,2.7152,6.3498,32666985.8519,26746522.1599
600036.SH,20101020,15.73,18.6126,2.821,6.5972,33940005.7761,27788823.8821
600036.SH,20101019,15.49,18.3286,2.778,6.4966,33422167.1629,27364836.7409
600036.SH,20101018,15.28,18.0801,2.7403,6.4085,32969058.3763,26993847.9923
600036.SH,20101015,15.23,18.0209,2.7314,6.3875,32861175.3319,26905517.3379
600036.SH,20101014,14.53,17.1927,2.6058,6.0939,31350812.7099,25668888.1759
600036.SH,20101013,14.49,17.1453,2.5987,6.0772,31264506.2744,25598223.6524
600036.SH,20101012,13.84,16.3762,2.4821,5.8045,29862026.6968,24449925.1448
600036.SH,20101011,13.9,16.4472,2.4929,5.8297,29991486.3502,24555921.9302
600036.SH,20101008,13.44,15.9029,2.4104,5.6368,28998962.3414,23743279.9094
600036.SH,20100930,12.95,15.3231,2.3225,5.4313,27941708.5061,22877639.4961
600036.SH,20100929,12.66,14.98,2.2705,5.3096,27315986.8484,22365321.7004
600036.SH,20100928,12.61,14.9208,2.2615,5.2887,27208103.804,22276991.046
600036.SH,20100927,12.84,15.193,2.3028,5.3851,27704365.8083,22683312.0563
600036.SH,20100921,12.87,15.2285,2.3081,5.3977,27769095.635,22736310.449
600036.SH,20100920,12.89,15.2521,2.3117,5.4061,27812248.8528,22771642.7108
600036.SH,20100917,12.85,15.2048,2.3045,5.3893,27725942.4172,22700978.1872
600036.SH,20100916,12.8,15.1456,2.2956,5.3684,27618059.3728,22612647.5328
600036.SH,20100915,13.12,15.5243,2.353,5.5026,28308510.8571,23177963.7211
600036.SH,20100914,13.36,15.8083,2.396,5.6032,28826349.4704,23601950.8624
600036.SH,20100913,13.26,15.6899,2.3781,5.5613,28610583.3815,23425289.5535
600036.SH,20100910,13.28,15.7136,2.3817,5.5697,28653736.5993,23460621.8153
600036.SH,20100909,13.23,15.6544,2.3727,5.5487,28545853.5549,23372291.1609
600036.SH,20100908,13.56,16.0449,2.4319,5.6871,29257881.6481,23955273.4801
600036.SH,20100907,13.84,16.3762,2.4821,5.8045,29862026.6968,24449925.1448
600036.SH,20100906,13.88,16.4235,2.4893,5.8213,29948333.1324,24520589.6684
600036.SH,20100903,13.64,16.1396,2.4462,5.7207,29430494.5191,24096602.5271
600036.SH,20100902,13.65,16.1514,2.448,5.7249,29452071.128,24114268.658
600036.SH,20100901,13.59,16.0804,2.4373,5.6997,29322611.4747,24008271.8727
600036.SH,20100831,13.54,16.0212,2.4283,5.6787,29214728.4303,23919941.2183
600036.SH,20100830,13.75,16.2697,2.466,5.7668,29667837.2169,24290929.9669
600036.SH,20100827,13.59,16.0804,2.4373,5.6997,29322611.4747,24008271.8727
600036.SH,20100826,13.58,16.0686,2.4355,5.6955,29301034.8658,23990605.7418
600036.SH,20100825,13.65,16.1514,2.448,5.7249,29452071.128,24114268.658
600036.SH,20100824,14.07,16.6484,2.5233,5.901,30358288.7012,24856246.1552
600036.SH,20100823,14.2,16.8022,2.5467,5.9555,30638784.6167,25085905.8567
600036.SH,20100820,14.09,16.672,2.5269,5.9094,30401441.919,24891578.417
600036.SH,20100819,14.19,16.7904,2.5449,5.9513,30617208.0078,25068239.7258
600036.SH,20100818,13.88,16.4235,2.4893,5.8213,29948333.1324,24520589.6684
600036.SH,20100817,14.01,16.5774,2.5126,5.8758,30228829.0479,24750249.3699
600036.SH,20100816,13.98,16.5419,2.5072,5.8633,30164099.2212,24697250.9772
600036.SH,20100813,13.72,16.2342,2.4606,5.7542,29603107.3902,24237931.5742
600036.SH,20100812,13.57,16.0567,2.4337,5.6913,29279458.2569,23972939.6109
600036.SH,20100811,13.88,16.4235,2.4893,5.8213,29948333.1324,24520589.6684
600036.SH,20100810,13.86,16.3999,2.4857,5.8129,29905179.9146,24485257.4066
600036.SH,20100809,14.31,16.9323,2.5664,6.0017,30876127.3144,25280233.2964
600036.SH,20100806,14.18,16.7785,2.5431,5.9471,30595631.3989,25050573.5949
600036.SH,20100805,14.03,16.601,2.5162,5.8842,30271982.2657,24785581.6317
600036.SH,20100804,14.32,16.9442,2.5682,6.0059,30897703.9233,25297899.4273
600036.SH,20100803,14.39,17.027,2.5807,6.0352,31048740.1855,25421562.3435
600036.SH,20100802,14.79,17.5003,2.6525,6.203,31911804.5409,26128207.5789
600036.SH,20100730,14.52,17.1808,2.604,6.0897,31329236.101,25651222.045
600036.SH,20100729,14.54,17.2045,2.6076,6.0981,31372389.3188,25686554.3068
600036.SH,20100728,14.47,17.1217,2.5951,6.0688,31221353.0566,25562891.3906
600036.SH,20100727,14.11,16.6957,2.5305,5.9178,30444595.1367,24926910.6787
600036.SH,20100726,14.26,16.8732,2.5574,5.9807,30768244.27,25191902.642
600036.SH,20100723,14.27,16.885,2.5592,5.9849,30789820.8789,25209568.7729
600036.SH,20100722,14.14,16.7312,2.5359,5.9304,30509324.9634,24979909.0714
600036.SH,20100721,13.96,16.5182,2.5036,5.8549,30120946.0035,24661918.7155
600036.SH,20100720,14.0,16.5655,2.5108,5.8716,30207252.439,24732583.239
600036.SH,20100719,14.01,16.5774,2.5126,5.8758,30228829.0479,24750249.3699
600036.SH,20100716,13.65,16.1514,2.448,5.7249,29452071.128,24114268.658
600036.SH,20100715,13.56,16.0449,2.4319,5.6871,29257881.6481,23955273.4801
600036.SH,20100714,13.84,16.3762,2.4821,5.8045,29862026.6968,24449925.1448
600036.SH,20100713,13.74,16.2579,2.4642,5.7626,29646260.608,24273263.836
600036.SH,20100712,13.91,16.459,2.4946,5.8339,30013062.959,24573588.061
600036.SH,20100709,13.63,16.1277,2.4444,5.7165,29408917.9103,24078936.3963
600036.SH,20100708,13.21,15.6308,2.3691,5.5403,28502700.3371,23336958.8991
600036.SH,20100707,13.15,15.5598,2.3583,5.5151,28373240.6838,23230962.1138
600036.SH,20100706,13.13,15.5361,2.3548,5.5068,28330087.466,23195629.852
600036.SH,20100705,12.78,15.122,2.292,5.36,27574906.155,22577315.271
600036.SH,20100702,12.91,15.2758,2.3153,5.4145,27855402.0705,22806974.9725
600036.SH,20100701,12.81,15.1575,2.2974,5.3726,27639635.9817,22630313.6637
600036.SH,20100630,13.01,15.3941,2.3746,5.4564,28071168.1594,22983636.2814
600036.SH,20100629,13.03,15.4178,2.3783,5.4648,28114321.3772,23018968.5432
600036.SH,20100628,13.52,15.9976,2.4677,5.6703,29171575.2125,23884608.9565
600036.SH,20100625,13.39,15.8438,2.444,5.6158,28891079.297,23654949.255
600036.SH,20100624,13.29,15.7254,2.4257,5.5739,28675313.2082,23478287.9462
600036.SH,20100622,13.32,15.7609,2.4312,5.5864,28740043.0348,23531286.3388
600036.SH,20100621,13.36,15.8083,2.4385,5.6032,28826349.4704,23601950.8624
600036.SH,20100618,12.86,15.2166,2.3472,5.3935,27747519.0261,22718644.3181
600036.SH,20100617,12.84,15.193,2.3436,5.3851,27704365.8083,22683312.0563
600036.SH,20100611,12.73,15.0628,2.3235,5.339,27467023.1106,22488984.6166
600036.SH,20100610,12.68,15.0036,2.3144,5.318,27359140.0662,22400653.9622
600036.SH,20100609,13.03,15.4178,2.3783,5.4648,28114321.3772,23018968.5432
600036.SH,20100608,12.52,14.8143,2.2852,5.2509,27013914.324,22117995.868
600036.SH,20100607,12.8,15.1456,2.3363,5.3684,27618059.3728,22612647.5328
600036.SH,20100604,13.18,15.5953,2.4056,5.5277,28437970.5104,23283960.5064
600036.SH,20100603,13.15,15.5598,2.4002,5.5151,28373240.6838,23230962.1138
600036.SH,20100602,13.14,15.5479,2.3983,5.511,28351664.0749,23213295.9829
600036.SH,20100601,13.13,15.5361,2.3965,5.5068,28330087.466,23195629.852
600036.SH,20100531,13.23,15.6544,2.4148,5.5487,28545853.5549,23372291.1609
600036.SH,20100528,13.62,16.1159,2.4859,5.7123,29387341.3014,24061270.2654
600036.SH,20100527,13.75,16.2697,2.5097,5.7668,29667837.2169,24290929.9669
600036.SH,20100526,13.64,16.1396,2.4896,5.7207,29430494.5191,24096602.5271
600036.SH,20100525,13.69,16.1987,2.4987,5.7416,29538377.5636,24184933.1816
600036.SH,20100524,14.02,16.5892,2.559,5.88,30250405.6568,24767915.5008
600036.SH,20100521,13.67,16.1751,2.4951,5.7332,29495224.3458,24149600.9198
600036.SH,20100520,13.55,16.0331,2.4732,5.6829,29236305.0392,23937607.3492
600036.SH,20100519,13.64,16.1396,2.4896,5.7207,29430494.5191,24096602.5271
600036.SH,20100518,13.77,16.2934,2.5133,5.7752,29710990.4346,24326262.2286
600036.SH,20100517,13.34,15.7846,2.4348,5.5948,28783196.2526,23566618.6006
600036.SH,20100514,13.88,16.4235,2.5334,5.8213,29948333.1324,24520589.6684
600036.SH,20100513,14.05,16.6247,2.5644,5.8926,30315135.4834,24820913.8934
600036.SH,20100512,13.65,16.1514,2.4914,5.7249,29452071.128,24114268.658
600036.SH,20100511,13.33,15.7728,2.433,5.5906,28761619.6437,23548952.4697
600036.SH,20100510,13.59,16.0804,2.4805,5.6997,29322611.4747,24008271.8727
600036.SH,20100507,13.36,15.8083,2.4385,5.6032,28826349.4704,23601950.8624
600036.SH,20100506,13.31,15.7491,2.4294,5.5823,28718466.4259,23513620.2079
600036.SH,20100505,13.95,16.5064,2.5462,5.8507,30099369.3946,24644252.5846
600036.SH,20100504,13.9,16.4472,2.5371,5.8297,29991486.3502,24555921.9302
600036.SH,20100430,14.27,16.885,2.6046,5.9849,30789820.8789,25209568.7729
600036.SH,20100429,14.03,16.601,2.5608,5.8842,30271982.2657,24785581.6317
600036.SH,20100428,13.82,16.3525,2.8349,5.7962,29818873.4791,24414592.8831
600036.SH,20100427,13.8,16.3289,2.8308,5.7878,29775720.2613,24379260.6213
600036.SH,20100426,14.05,16.6247,2.882,5.8926,30315135.4834,24820913.8934
600036.SH,20100423,14.17,16.7667,2.9067,5.9429,30574054.79,25032907.464
600036.SH,20100422,14.18,16.7785,2.9087,5.9471,30595631.3989,25050573.5949
600036.SH,20100421,14.66,17.3465,3.0072,6.1484,31631308.6254,25898547.8774
600036.SH,20100420,14.48,17.1335,2.9702,6.073,31242929.6655,25580557.5215
600036.SH,20100419,14.69,17.382,3.0133,6.161,31696038.4521,25951546.2701
600036.SH,20100416,15.69,18.5652,3.2184,6.5804,33853699.3406,27718159.3586
600036.SH,20100415,16.09,19.0385,3.3005,6.7482,34716763.696,28424804.594
600036.SH,20100414,16.14,19.0977,3.3108,6.7692,34824646.7404,28513135.2484
600036.SH,20100413,16.14,16.5226,3.3108,6.2965,34824646.7404,28513135.2484
600036.SH,20100412,15.88,16.2564,3.2574,6.1951,34263654.9094,28053815.8454
600036.SH,20100409,16.04,16.4202,3.2902,6.2575,34608880.6515,28336473.9395
600036.SH,20100408,15.92,15.9576,3.1975,6.0812,33633755.5689,28124480.3689
600036.SH,20100407,16.26,16.2984,3.2658,6.211,34352064.419,28725128.819
600036.SH,20100406,16.38,16.4186,3.2899,6.2569,34605585.1896,28937122.3896
600036.SH,20100402,16.29,16.3284,3.2719,6.2225,34415444.6117,28778127.2117
600036.SH,20100401,16.38,16.4186,3.2899,6.2569,34605585.1896,28937122.3896
600036.SH,20100331,16.28,16.3184,3.2698,6.2187,34394317.8808,28760461.0808
600036.SH,20100330,16.44,16.4788,3.302,6.2798,34732345.5749,29043119.1749
600036.SH,20100329,16.3,16.3385,3.2739,6.2263,34436571.3426,28795793.3426
600036.SH,20100326,15.74,15.7771,3.1614,6.0124,33253474.413,27806490.013
600036.SH,20100325,15.43,15.4664,3.0991,5.894,32598545.7556,27258839.9556
600036.SH,20100324,15.57,15.6067,3.1272,5.9475,32894319.9879,27506165.7879
600036.SH,20100323,15.57,15.6067,3.1272,5.9475,32894319.9879,27506165.7879
600036.SH,20100322,15.67,15.707,3.1473,5.9857,33105587.2968,27682827.0968
600036.SH,20100319,15.53,15.5666,3.1192,5.9322,32809813.0644,27435501.2644
600036.SH,20100318,15.53,14.0877,3.3932,5.3686,29692567.9948,24318256.1948
600036.SH,20100317,15.65,14.1965,3.4195,5.4101,29922001.875,24506162.875
600036.SH,20100316,15.37,13.9425,3.3583,5.3133,29386656.1546,24067713.9546
600036.SH,20100315,14.89,13.5071,3.2534,5.1473,28468920.6338,23316087.2338
600036.SH,20100304,16.12,14.6229,3.5222,5.5725,30820617.9058,25242130.7058
600036.SH,20100303,16.49,14.9585,3.603,5.7004,31528039.0364,25821509.6364
600036.SH,20100302,16.46,14.9313,3.5964,5.6901,31470680.5663,25774532.9663
600036.SH,20100301,16.3,14.7862,3.5615,5.6348,31164768.7261,25523990.7261
600036.SH,20100226,15.9,14.4233,3.4741,5.4965,30399989.1254,24897635.1254
600036.SH,20100225,15.86,14.387,3.4653,5.4827,30323511.1654,24834999.5654
600036.SH,20100224,15.55,14.1058,3.3976,5.3755,29730806.9749,24349573.9749
600036.SH,20100223,15.46,14.0242,3.3779,5.3444,29558731.5647,24208643.9647
600036.SH,20100222,15.73,14.2691,3.4369,5.4377,30074957.7952,24631433.9952
600036.SH,20100212,15.78,14.3144,3.4479,5.455,30170555.2452,24709728.4452
600036.SH,20100211,15.56,14.1149,3.3998,5.379,29749926.4649,24365232.8649
600036.SH,20100210,15.53,14.0877,3.3932,5.3686,29692567.9948,24318256.1948
600036.SH,20100209,15.31,13.8881,3.3452,5.2925,29271939.2145,23973760.6145
600036.SH,20100208,15.13,13.7248,3.3058,5.2303,28927788.3942,23691900.5942
600036.SH,20100205,15.48,14.0423,3.3823,5.3513,29596970.5448,24239961.7448
600036.SH,20100204,15.85,14.3779,3.4632,5.4792,30304391.6754,24819340.6754
600036.SH,20100203,15.99,14.5049,3.4938,5.5276,30572064.5356,25038565.1356
600036.SH,20100202,15.63,14.1784,3.4151,5.4032,29883762.895,24474845.095
600036.SH,20100201,15.29,13.87,3.3408,5.2856,29233700.2345,23942442.8345
600036.SH,20100129,15.17,13.7611,3.3146,5.2441,29004266.3543,23754536.1543
600036.SH,20100128,15.13,13.7248,3.3058,5.2303,28927788.3942,23691900.5942
600036.SH,20100127,15.44,14.006,3.3736,5.3375,29520492.5847,24177326.1847
600036.SH,20100126,16.09,14.5957,3.5156,5.5622,30763259.4357,25195154.0357
600036.SH,20100125,16.23,14.7227,3.5462,5.6106,31030932.296,25414378.496
600036.SH,20100122,16.67,15.1218,3.6423,5.7627,31872189.8567,26103369.6567
600036.SH,20100121,16.15,14.6501,3.5287,5.5829,30877976.3758,25289107.3758
600036.SH,20100120,15.86,14.387,3.4653,5.4827,30323511.1654,24834999.5654
600036.SH,20100119,16.25,14.7408,3.5506,5.6175,31069171.276,25445696.276
600036.SH,20100118,16.18,14.6773,3.5353,5.5933,30935334.8459,25336084.0459
600036.SH,20100115,16.31,14.7952,3.5637,5.6382,31183888.2161,25539649.6161
600036.SH,20100114,16.33,14.8134,3.568,5.6451,31222127.1961,25570967.3961
600036.SH,20100113,16.15,14.6501,3.5287,5.5829,30877976.3758,25289107.3758
600036.SH,20100112,17.07,15.4846,3.7297,5.9009,32636969.4573,26729725.2573
600036.SH,20100111,16.94,15.3667,3.7013,5.856,32388416.0871,26526159.6871
600036.SH,20100108,16.91,15.3395,3.6948,5.8456,32331057.6171,26479183.0171
600036.SH,20100107,16.91,15.3395,3.6948,5.8456,32331057.6171,26479183.0171
600036.SH,20100106,17.36,15.7477,3.7931,6.0012,33191434.6678,27183833.0678
600036.SH,20100105,17.73,16.0833,3.8739,6.1291,33898855.7984,27763211.9984
600036.SH,20100104,17.71,16.0652,3.8696,6.1222,33860616.8183,27731894.2183
600036.SH,20091231,18.05,16.3736,3.9439,6.2397,34510679.4789,28264296.4789
600036.SH,20091230,18.02,16.3464,3.9373,6.2294,34453321.0088,28217319.8088
600036.SH,20091229,17.17,15.5753,3.7516,5.9355,32828164.3575,26886314.1575
600036.SH,20091228,16.79,15.2306,3.6685,5.8042,32101623.7369,26291276.3369
600036.SH,20091225,16.4,14.8769,3.5833,5.6693,31355963.6262,25680579.6262
600036.SH,20091224,16.69,15.1399,3.6467,5.7696,31910428.8367,26134687.4367
600036.SH,20091223,16.29,14.7771,3.5593,5.6313,31145649.2361,25508331.8361
600036.SH,20091222,16.33,14.8134,3.568,5.6451,31222127.1961,25570967.3961
600036.SH,20091221,16.82,15.2579,3.6751,5.8145,32158982.2069,26338253.0069
600036.SH,20091218,17.18,15.5844,3.7538,5.939,32847283.8475,26901973.0475
600036.SH,20091217,17.5,15.8747,3.8237,6.0496,33459107.528,27403057.528
600036.SH,20091216,17.9,16.2376,3.9111,6.1879,34223887.1286,28029413.1286
600036.SH,20091215,17.94,16.2738,3.9198,6.2017,34300365.0887,28092048.6887
600036.SH,20091214,18.03,16.3555,3.9395,6.2328,34472440.4988,28232978.6988
600036.SH,20091211,17.62,15.9836,3.8499,6.0911,33688541.4082,27590964.2082
600036.SH,20091210,17.49,15.8656,3.8215,6.0461,33439988.038,27387398.638
600036.SH,20091209,17.37,15.7568,3.7953,6.0047,33210554.1578,27199491.9578
600036.SH,20091208,17.82,16.165,3.8936,6.1602,34070931.2085,27904142.0085
600036.SH,20091207,18.1,16.419,3.9548,6.257,34606276.929,28342590.929
600036.SH,20091204,18.04,16.3645,3.9417,6.2363,34491559.9889,28248637.5889
600036.SH,20091203,17.24,15.6388,3.7669,5.9597,32962000.7876,26995926.3876
600036.SH,20091202,17.41,15.7931,3.804,6.0185,33287032.1179,27262127.5179
600036.SH,20091201,17.39,15.7749,3.7996,6.0116,33248793.1378,27230809.7378
600036.SH,20091130,17.29,15.6842,3.7778,5.977,33057598.2377,27074220.8377
600036.SH,20091127,16.91,15.3395,3.6948,5.8456,32331057.6171,26479183.0171
600036.SH,20091126,17.22,15.6207,3.7625,5.9528,32923761.8076,26964608.6076
600036.SH,20091125,18.06,16.3827,3.946,6.2432,34529798.9689,28279955.3689
600036.SH,20091124,17.89,16.2285,3.9089,6.1844,34204767.6386,28013754.2386
600036.SH,20091123,18.53,16.809,4.0487,6.4057,35428414.9996,29015923.1996
600036.SH,20091120,18.4,16.6911,4.0203,6.3607,35179861.6294,28812357.6294
600036.SH,20091119,18.49,16.7728,4.04,6.3918,35351937.0396,28953287.6396
600036.SH,20091118,18.82,17.0721,4.1121,6.5059,35982880.2101,29470031.0101
600036.SH,20091117,18.99,17.2263,4.1492,6.5647,36307911.5404,29736232.1404
600036.SH,20091116,18.85,17.0993,4.1186,6.5163,36040238.6802,29517007.6802
600036.SH,20091113,18.36,16.6548,4.0116,6.3469,35103383.6694,28749722.0694
600036.SH,20091112,18.1,16.419,3.9548,6.257,34606276.929,28342590.929
600036.SH,20091111,18.29,16.5913,3.9963,6.3227,34969401.6746,28639964.2746
600036.SH,20091110,18.68,16.945,4.0815,6.4575,35715058.6814,29250657.8814
600036.SH,20091109,18.66,16.9269,4.0771,6.4506,35676819.8605,29219340.2605
600036.SH,20091106,18.83,17.0811,4.1143,6.5093,36001849.8378,29485540.0378
600036.SH,20091105,18.82,17.072,4.1121,6.5059,35982730.4274,29469881.2274
600036.SH,20091104,18.91,17.1537,4.1317,6.537,36154805.1212,29610810.5212
600036.SH,20091103,18.81,17.063,4.1099,6.5024,35963611.0169,29454222.4169
600036.SH,20091102,18.69,16.9541,4.0837,6.4609,35734178.0918,29266316.6918
600036.SH,20091030,17.77,16.1196,4.1075,6.1429,33975192.3323,27825706.1323
600036.SH,20091029,17.06,15.4755,3.9434,5.8975,32617714.1919,26713930.5919
600036.SH,20091028,17.51,15.8837,4.0474,6.053,33478087.6612,27418577.0612
600036.SH,20091027,17.7,16.0561,4.0914,6.1187,33841356.4593,27716094.4593
600036.SH,20091026,18.0,16.3282,4.1607,6.2224,34414938.7722,28185858.7722
600036.SH,20091023,17.71,16.0651,4.0937,6.1222,33860475.8698,27731753.2698
600036.SH,20091022,16.95,15.3757,3.918,5.8594,32407400.6772,26541683.6772
600036.SH,20091021,16.9,15.3304,3.9064,5.8422,32311803.625,26463389.625
600036.SH,20091020,16.73,15.1762,3.8671,5.7834,31986773.6477,26197189.8477
600036.SH,20091016,15.98,14.4958,3.6938,5.5241,30552817.8655,25022779.0655
600036.SH,20091015,15.8,14.3325,3.6522,5.4619,30208668.4778,24740920.4778
600036.SH,20091014,15.85,14.3779,3.6637,5.4792,30304265.53,24819214.53
600036.SH,20091013,15.99,14.5049,3.6961,5.5276,30571937.276,25038437.876
600036.SH,20091012,15.59,14.142,3.6036,5.3893,29807160.8588,24412085.4588
600036.SH,20091009,15.51,14.0694,3.5851,5.3616,29654175.4131,24286784.8131
600036.SH,20090930,14.78,13.4072,3.4164,5.1093,28258459.8714,23143693.0714
600036.SH,20090929,14.58,13.2258,3.3702,5.0402,27876072.0518,22830517.2518
600036.SH,20090928,14.46,13.117,3.3424,4.9987,27646639.36,22642611.76
600036.SH,20090925,14.8,13.4254,3.421,5.1162,28296698.6534,23175010.6534
600036.SH,20090924,14.98,13.5887,3.4626,5.1784,28640847.691,23456868.891
600036.SH,20090923,14.6,13.244,3.3748,5.0471,27914310.8337,22861834.8337
600036.SH,20090922,14.81,13.4345,3.4233,5.1197,28315818.0443,23190669.4443
600036.SH,20090921,15.22,13.8064,3.5181,5.2614,29099713.0746,23832679.8746
600036.SH,20090918,15.27,13.8517,3.5297,5.2787,29195310.0295,23910973.8295
600036.SH,20090917,15.87,14.396,3.6683,5.4861,30342473.4884,24850501.2884
600036.SH,20090916,15.68,14.2237,3.6244,5.4204,29979205.0598,24552984.2598
600036.SH,20090915,16.02,14.5321,3.703,5.5379,30629264.3532,25085383.1532
600036.SH,20090914,15.9,14.4232,3.6753,5.4965,30399831.6614,24897477.6614
600036.SH,20090911,15.82,14.3507,3.6568,5.4688,30246876.5335,24772207.3335
600036.SH,20090910,15.13,13.7247,3.4973,5.2303,28927638.5558,23691750.7558
600036.SH,20090909,15.29,13.8699,3.5343,5.2856,29233548.8115,23942291.4115
600036.SH,20090908,15.4,13.9697,3.5597,5.3236,29443862.1123,24114538.1123
600036.SH,20090907,15.21,13.7973,3.5158,5.2579,29080593.6836,23817021.0836
600036.SH,20090904,15.23,13.8155,3.5204,5.2649,29118832.4656,23848338.6656
600036.SH,20090903,15.2,13.7882,3.5135,5.2545,29061474.2926,23801362.2926
600036.SH,20090902,14.47,13.126,3.3447,5.0021,27665758.751,22658270.551
600036.SH,20090901,13.95,12.6543,3.2245,4.8224,26671550.4199,21844013.4199
600036.SH,20090831,13.63,12.3641,3.1506,4.7117,26059729.9085,21342932.1085
600036.SH,20090828,14.54,13.1895,3.3609,5.0263,27799594.4878,22767882.0878
600036.SH,20090827,15.05,13.6522,3.4788,5.2026,28774683.4279,23566480.4279
600036.SH,20090826,15.2,13.7882,3.5135,5.2545,29061474.2926,23801362.2926
600036.SH,20090825,15.05,13.6522,3.4788,5.2026,28774683.4279,23566480.4279
600036.SH,20090824,16.03,14.5412,3.7053,5.5414,30648383.7441,25101041.9441
600036.SH,20090821,16.24,14.7316,3.7539,5.614,31049890.9548,25429876.5548
600036.SH,20090820,16.14,14.6409,3.7308,5.5794,30858697.0449,25273288.6449
600036.SH,20090819,15.67,14.2146,3.6221,5.417,29960085.6688,24537325.4688
600036.SH,20090818,16.02,14.5321,3.703,5.5379,30629264.3532,25085383.1532
600036.SH,20090817,16.16,14.6591,3.7354,5.5863,30896935.8269,25304606.2269
600036.SH,20090814,17.26,15.6569,3.9896,5.9666,33000068.8349,27027073.2349
600036.SH,20090813,17.68,16.0379,4.0867,6.1118,33803037.2776,27684696.4776
600036.SH,20090812,17.41,15.793,4.0243,6.0184,33286814.4232,27261909.8232
600036.SH,20090811,17.85,16.1921,4.126,6.1705,34128066.4822,27950895.4822
600036.SH,20090810,17.84,16.183,4.1237,6.1671,34108947.1172,27935236.7172
600036.SH,20090807,17.98,16.31,4.1561,6.2155,34376618.2268,28154459.4268
600036.SH,20090806,18.27,16.5731,4.2231,6.3157,34931079.8112,28608563.6112
600036.SH,20090805,18.64,16.9087,4.3086,6.4436,35638496.3153,29187937.9153
600036.SH,20090804,19.05,17.2806,4.4034,6.5854,36422390.2793,29829947.2793
600036.SH,20090803,19.51,17.6979,4.5097,6.7444,37301881.0682,30550250.4682
600036.SH,20090731,19.64,17.8158,4.5398,6.7893,37550432.8129,30753814.4129
600036.SH,20090730,19.33,17.5346,4.4681,6.6822,36957732.4986,30268392.6986
600036.SH,20090729,18.56,16.8361,4.2901,6.416,35485541.3955,29062667.7955
600036.SH,20090728,19.4,17.5981,4.4843,6.7064,37091568.0534,30378004.0534
600036.SH,20090727,19.69,17.8612,4.5513,6.8066,37646029.6377,30832108.2377
600036.SH,20090724,19.5,17.6888,4.5074,6.7409,37282761.7032,30534591.7032
600036.SH,20090723,19.41,17.6072,4.4866,6.7098,37110687.4184,30393662.8184
600036.SH,20090722,19.05,17.2806,4.4034,6.5854,36422390.2793,29829947.2793
600036.SH,20090721,18.57,16.8452,4.2924,6.4194,35504660.7604,29078326.5604
600036.SH,20090720,18.49,16.7726,4.274,6.3918,35351705.8406,28953056.4406
600036.SH,20090717,18.44,16.7273,4.2624,6.3745,35256109.0157,28874762.6157
600036.SH,20090716,18.63,16.8996,4.3063,6.4402,35619376.9503,29172279.1503
600036.SH,20090715,18.23,16.5368,4.2139,6.3019,34854602.3512,28545928.5512
600036.SH,20090714,18.17,16.4824,4.2,6.2812,34739886.1614,28451975.9614
600036.SH,20090713,17.86,16.2012,4.1283,6.174,34147185.8471,27966554.2471
600036.SH,20090710,18.35,16.6456,4.2416,6.3434,35084034.731,28733833.731
600036.SH,20090709,18.27,16.5731,4.2231,6.3157,34931079.8112,28608563.6112
600036.SH,20090708,18.28,16.5822,4.2254,6.3192,34950199.1761,28624222.3761
600036.SH,20090707,18.64,16.9087,4.3086,6.4436,35638496.3153,29187937.9153
600036.SH,20090706,18.82,17.072,4.3502,6.5059,35982644.8848,29469795.6848
600036.SH,20090703,18.59,16.8634,4.2971,6.4264,35542899.4904,22392033.9163
600036.SH,20090702,22.98,16.0351,4.113,6.1107,33797129.5898,27679853.5898
600036.SH,20090701,23.03,16.07,4.122,6.124,33870665.555,27740079.555
600036.SH,20090630,22.41,15.6373,4.011,5.9591,32958819.587,26993277.587
600036.SH,20090629,22.75,15.8746,4.0719,6.0496,33458864.1501,27402814.1501
600036.SH,20090626,21.89,15.2745,3.9179,5.8209,32194045.5492,26366927.5492
600036.SH,20090625,21.75,15.1768,3.8929,5.7836,31988144.8468,26198294.8468
600036.SH,20090624,21.76,15.1838,3.8947,5.7863,32002852.0398,26210340.0398
600036.SH,20090623,22.5,15.7001,4.0271,5.9831,33091184.3243,27101684.3243
600036.SH,20090622,22.22,15.5048,3.977,5.9086,32679382.9193,26764418.9193
600036.SH,20090618,22.23,15.5117,3.9788,5.9113,32694090.1124,26776464.1124
600036.SH,20090617,21.5,15.0024,3.8481,5.7172,31620465.021,25897165.021
600036.SH,20090616,21.15,14.7581,3.7855,5.6241,31105713.2648,25475583.2648
600036.SH,20090615,21.15,14.7581,3.7855,5.6241,31105713.2648,25475583.2648
600036.SH,20090612,19.66,13.7184,3.5188,5.2279,28914341.5029,23680849.5029
600036.SH,20090611,20.21,14.1022,3.6172,5.3741,29723237.1197,24343335.1197
600036.SH,20090610,19.79,13.8091,3.5421,5.2624,29105535.0123,23837437.0123
600036.SH,20090609,19.68,13.7324,3.5224,5.2332,28943755.8889,23704939.8889
600036.SH,20090608,19.81,13.8231,3.5456,5.2678,29134949.3984,23861527.3984
600036.SH,20090605,19.2,13.3975,3.4365,5.1056,28237810.6234,23126770.6234
600036.SH,20090604,19.47,13.5859,3.4848,5.1774,28634904.8353,23451990.8353
600036.SH,20090603,19.08,13.3137,3.415,5.0736,28061324.307,22982228.307
600036.SH,20090602,17.81,12.4275,3.1877,4.7359,26193510.7918,21452488.7918
600036.SH,20090601,17.8,12.4206,3.1859,4.7333,26178803.5987,21440443.5987
600036.SH,20090527,16.86,11.7646,3.0176,4.4833,24796327.4536,20308195.4536
600036.SH,20090526,16.29,11.3669,2.9156,4.3317,23958017.4508,19621619.4508
600036.SH,20090525,16.6,11.5832,2.9711,4.4142,24413940.4348,19995020.4348
600036.SH,20090522,16.65,11.6181,2.9801,4.4275,24487476.3999,20055246.3999
600036.SH,20090521,16.46,11.4855,2.9461,4.377,24208039.7323,19826387.7323
600036.SH,20090520,16.73,11.6739,2.9944,4.4487,24605133.9442,20151607.9442
600036.SH,20090519,17.12,11.9461,3.0642,4.5525,25178714.4725,20621370.4725
600036.SH,20090518,17.03,11.8833,3.0481,4.5285,25046349.7352,20512963.7352
600036.SH,20090515,17.17,11.981,3.0731,4.5658,25252250.4377,20681596.4377
600036.SH,20090514,17.23,12.0228,3.0839,4.5817,25340493.5959,20753867.5959
600036.SH,20090513,17.75,12.3857,3.1769,4.72,26105267.6336,21380217.6336
600036.SH,20090512,17.55,12.2461,3.1411,4.6668,25811123.7729,21139313.7729
600036.SH,20090511,16.96,11.8344,3.0355,4.5099,24943399.384,20428647.384
600036.SH,20090508,17.29,12.0647,3.0946,4.5977,25428736.7541,20826138.7541
600036.SH,20090507,16.3,11.3739,2.9174,4.3344,23972724.6438,19633664.6438
600036.SH,20090506,16.16,11.2762,2.8924,4.2972,23766823.9413,19465031.9413
600036.SH,20090505,16.16,11.2762,2.8924,4.2972,23766823.9413,19465031.9413
600036.SH,20090504,15.89,11.0878,2.844,4.2254,23369729.7294,19139811.7294
600036.SH,20090430,15.5,10.8157,2.7742,4.1217,22796149.2012,18670049.2012
600036.SH,20090429,15.92,11.1087,2.9446,4.2334,23413851.3085,19175947.3085
600036.SH,20090428,15.19,10.5993,2.8096,4.0392,22340226.2171,18296648.2171
600036.SH,20090427,15.21,10.6133,2.8133,4.0446,22369640.6032,18320738.6032
600036.SH,20090424,15.27,14.7332,2.687,5.4831,22457883.7614,18393009.7614
600036.SH,20090423,15.59,15.042,2.7433,5.5981,22928513.9384,18778455.9384
600036.SH,20090422,15.54,14.9938,2.7345,5.5801,22854977.9733,18718229.9733
600036.SH,20090421,16.02,15.4569,2.819,5.7525,23560923.2389,19296399.2389
600036.SH,20090420,16.35,15.7753,2.877,5.871,24046260.609,19693890.609
600036.SH,20090417,15.95,15.3893,2.8066,5.7273,23457972.8876,19212082.8876
600036.SH,20090416,16.27,15.6981,2.863,5.8422,23928603.0647,19597529.0647
600036.SH,20090415,16.12,15.5534,2.8366,5.7884,23707995.1692,19416851.1692
600036.SH,20090414,16.34,15.7656,2.8753,5.8674,24031553.4159,19681845.4159
600036.SH,20090413,16.37,15.7946,2.8806,5.8781,24075674.995,19717980.995
600036.SH,20090410,16.14,15.5727,2.8401,5.7955,23737409.5553,19440941.5553
600036.SH,20090409,15.88,15.3218,2.7943,5.7022,23355022.5364,19127766.5364
600036.SH,20090408,15.69,15.1385,2.7609,5.634,23075585.8688,18898907.8688
600036.SH,20090407,16.63,16.0454,2.9263,5.9715,24458062.0139,20031156.0139
600036.SH,20090403,16.87,16.277,2.9685,6.0577,24811034.6467,20320240.6467
600036.SH,20090402,16.51,15.9296,2.9052,5.9284,24281561.8968,19886599.8968
600036.SH,20090401,16.19,15.6209,2.8489,5.8135,23810931.9872,19501153.9872
600036.SH,20090331,15.93,15.37,2.8031,5.7201,23428545.1857,19187979.1857
600036.SH,20090330,16.0,15.4376,2.8154,5.7453,23531495.4784,19272295.4784
600036.SH,20090327,15.93,15.37,2.8031,5.7201,23428545.1857,19187979.1857
600036.SH,20090326,16.03,15.4665,2.8207,5.756,23575617.0324,19308431.0324
600036.SH,20090325,14.99,14.4631,2.6377,5.3826,22046069.8263,18055731.8263
600036.SH,20090324,15.21,14.6753,2.6764,5.4616,22369627.8892,18320725.8892
600036.SH,20090323,15.26,14.7236,2.6852,5.4796,22443163.8125,18380951.8125
600036.SH,20090320,14.83,14.3087,2.6096,5.3252,21810754.8715,17863008.8715
600036.SH,20090319,15.06,14.5306,2.65,5.4077,22149020.119,18140048.119
600036.SH,20090318,14.86,14.3376,2.6148,5.3359,21854876.4256,17899144.4256
600036.SH,20090317,14.98,14.4534,2.636,5.379,22031362.6417,18043686.6417
600036.SH,20090316,14.52,14.0096,2.555,5.2138,21354832.1466,17489608.1466
600036.SH,20090313,14.23,13.7298,2.504,5.1097,20928323.7911,17140297.7911
600036.SH,20090312,14.33,13.8263,2.5216,5.1456,21075395.6378,17260749.6378
600036.SH,20090311,14.59,14.0771,2.5673,5.239,21457782.4394,17573924.4394
600036.SH,20090310,14.9,14.3762,2.6219,5.3503,21913705.1643,17947325.1643
600036.SH,20090309,15.0,14.4727,2.6395,5.3862,22060777.011,18067777.011
600036.SH,20090306,15.78,15.2253,2.7767,5.6663,23207937.4156,19007301.4156
600036.SH,20090305,15.69,15.1385,2.7609,5.634,23075572.7535,18898894.7535
600036.SH,20090304,15.19,14.656,2.6729,5.4544,22340213.5198,18296635.5198
600036.SH,20090303,14.05,13.5561,2.4723,5.0451,20663594.467,16923484.467
600036.SH,20090302,14.62,14.1061,2.5726,5.2497,21501903.9934,17610059.9934
600036.SH,20090226,14.27,13.7684,2.511,5.1241,20987152.5298,10339972.6763
600036.SH,20090225,14.92,14.3955,2.6254,5.3575,21943119.5336,10810959.5186
600036.SH,20090224,13.8,13.3149,2.4283,4.9553,20295914.8501,9999412.9596
600036.SH,20090223,14.76,14.2412,2.5972,5.3,21707804.5788,10695024.2959
600036.SH,20090220,14.4,13.8938,2.5339,5.1707,21178345.9306,10434170.0448
600036.SH,20090219,14.35,13.8456,2.5251,5.1528,21104810.0072,10397940.2877
600036.SH,20090218,14.58,14.0675,2.5656,5.2354,21443075.2547,10564597.1704
600036.SH,20090217,15.44,14.8973,2.7169,5.5442,22707893.1367,11187748.9925
600036.SH,20090216,15.93,15.37,2.8031,5.7201,23428545.1857,11542800.6121
600036.SH,20090213,14.81,14.2894,2.606,5.318,21781340.5022,10731254.053
600036.SH,20090212,14.36,13.8552,2.5269,5.1564,21119517.1919,10405186.2391
600036.SH,20090211,14.93,14.4052,2.6272,5.3611,21957826.7183,10818205.4701
600036.SH,20090210,14.86,14.3376,2.6148,5.3359,21854876.4256,10767483.8101
600036.SH,20090209,15.04,14.5113,2.6465,5.4006,22119605.7497,10897910.9357
600036.SH,20090206,14.99,14.4631,2.6377,5.3826,22046069.8263,10861681.1786
600036.SH,20090205,14.49,13.9807,2.5497,5.2031,21310710.5926,10499383.6076
600036.SH,20090204,14.5,13.9903,2.5515,5.2067,21325417.7773,10506629.559
600036.SH,20090203,13.91,13.421,2.4477,4.9948,20457693.8815,10079118.4252
600036.SH,20090202,13.5,13.0255,2.3755,4.8476,19854699.3099,9782034.417
600036.SH,20090123,13.51,13.0351,2.3773,4.8512,19869406.4946,9789280.3684
600036.SH,20090122,13.76,13.2763,2.4213,4.9409,20237086.1114,9970429.1539
600036.SH,20090121,13.66,13.1798,2.4037,4.905,20090014.2647,9897969.6397
600036.SH,20090120,13.57,13.093,2.3878,4.8727,19957649.6026,9832756.0769
600036.SH,20090119,13.46,12.9869,2.3685,4.8332,19795870.5712,9753050.6113
600036.SH,20090116,13.18,12.7167,2.3192,4.7327,19384069.4003,9550163.9716
600036.SH,20090115,12.54,12.0992,2.2066,4.5029,18442809.5812,9086423.0807
600036.SH,20090114,12.77,12.3211,2.2471,4.5854,18781074.8287,9253079.9633
600036.SH,20090113,12.02,11.5975,2.1151,4.3161,17678035.9781,8709633.6068
600036.SH,20090112,12.33,11.8966,2.1697,4.4275,18133958.703,8934258.1009
600036.SH,20090109,12.45,12.0124,2.1908,4.4705,18310444.9191,9021209.5179
600036.SH,20090108,12.24,11.8097,2.1538,4.3951,18001594.041,8869044.5381
600036.SH,20090107,12.87,12.4176,2.2647,4.6214,18928146.6754,9325539.4775
600036.SH,20090106,13.1,12.6395,2.3051,4.7039,19266404.8529,9492189.2901
600036.SH,20090105,12.59,12.1474,2.2154,4.5208,18516338.7097,9122646.043
600036.SH,20081231,12.16,11.7326,2.1397,4.3664,17883930.0008,8811070.364
600036.SH,20081230,12.16,11.7326,2.1397,4.3664,17883930.0008,8811070.364
600036.SH,20081229,12.27,11.8387,2.1591,4.4059,18045708.9729,8890775.7702
600036.SH,20081226,12.36,11.9255,2.1749,4.4382,18178073.5864,8955989.2844
600036.SH,20081225,12.37,11.9352,2.1767,4.4418,18192780.7656,8963235.2305
600036.SH,20081224,12.69,12.2439,2.233,4.5567,18663410.5025,9195105.5032
600036.SH,20081223,12.83,12.379,2.2576,4.607,18869311.0124,9296548.7475
600036.SH,20081222,13.41,12.9386,2.3597,4.8153,19722327.4105,9716813.6168
600036.SH,20081219,13.74,13.257,2.4178,4.9338,20207664.3266,9955929.8356
600036.SH,20081218,13.66,13.1798,2.4037,4.905,20090006.8924,9897962.2674
600036.SH,20081217,12.91,12.4562,2.2717,4.6357,18986968.4466,9354516.3157
600036.SH,20081216,12.97,12.5141,2.2823,4.6573,19075211.5223,9397991.9918
600036.SH,20081215,13.11,12.6492,2.3069,4.7075,19281112.0321,9499435.2362
600036.SH,20081212,13.16,12.6974,2.3157,4.7255,19354647.9285,9535664.9663
600036.SH,20081211,14.01,13.5175,2.4653,5.0307,20604758.1671,10151570.3782
600036.SH,20081210,14.4,13.8938,2.5339,5.1707,21178338.1589,10434162.2731
600036.SH,20081209,13.48,13.0062,2.372,4.8404,19825277.6654,9767535.239
600036.SH,20081208,14.14,13.643,2.4881,5.0774,20795951.4977,10245767.6765
600036.SH,20081205,13.06,12.6009,2.2981,4.6896,19207576.1358,9463205.506
600036.SH,20081204,12.85,12.3983,2.2612,4.6142,18898725.3709,9311040.6396
600036.SH,20081203,12.49,12.051,2.1978,4.4849,18369266.917,9050186.5827
600036.SH,20081202,11.73,11.3177,2.0641,4.212,17251521.2919,8499494.685
600036.SH,20081201,11.88,11.4624,2.0905,4.2659,17472128.9811,8608183.8753
600036.SH,20081128,11.68,11.2694,2.0553,4.194,17177985.3955,8463264.9549
600036.SH,20081127,12.33,11.8966,2.1697,4.4275,18133952.0485,8934251.4464
600036.SH,20081126,12.26,11.829,2.1573,4.4023,18031001.7936,8883529.8242
600036.SH,20081125,12.35,11.9159,2.1732,4.4346,18163366.4071,8948743.3384
600036.SH,20081124,12.54,12.0992,2.2066,4.5029,18442802.8134,9086416.3128
600036.SH,20081121,13.21,12.7456,2.3245,4.7434,19428183.8249,9571894.6964
600036.SH,20081120,13.34,12.8711,2.3474,4.7901,19619377.1555,9666091.9947
600036.SH,20081119,13.84,13.3535,2.4354,4.9697,20354736.1194,10028389.2958
600036.SH,20081118,13.01,12.5527,2.2893,4.6716,19134040.2394,9426975.7759
600036.SH,20081117,14.45,13.9421,2.5427,5.1887,21251874.0553,10470392.0032
600036.SH,20081114,14.25,13.7491,2.5075,5.1169,20957730.4697,10325473.0828
600036.SH,20081113,14.02,13.5272,2.467,5.0343,20619465.3464,10158816.3242
600036.SH,20081112,13.58,13.1026,2.3896,4.8763,19972349.4582,9839994.6992
600036.SH,20081111,13.42,12.9483,2.3615,4.8188,19737034.5897,9724059.5629
600036.SH,20081110,13.71,13.2281,2.4125,4.923,20163542.7888,9934191.9975
600036.SH,20081107,12.52,12.0799,2.2031,4.4957,18413388.4548,9071924.4208
600036.SH,20081106,12.07,11.6457,2.1239,4.3341,17751565.3873,8745856.8498
600036.SH,20081105,12.71,12.2632,2.2365,4.5639,18692824.8611,9209597.3952
600036.SH,20081104,11.6,11.1922,2.0412,4.1653,17060327.9613,8405297.3867
600036.SH,20081103,11.75,11.337,2.0676,4.2192,17280935.6505,8513986.577
600036.SH,20081031,11.69,11.2791,2.057,4.1976,17192692.5748,8470510.9009
600036.SH,20081030,12.17,11.7422,2.1415,4.37,17898637.1801,8818316.31
600036.SH,20081029,11.72,11.308,2.349,4.2084,17236814.1126,8492248.739
600036.SH,20081028,11.8,11.3852,2.3651,4.2371,17354471.5469,8550216.3071
600036.SH,20081027,11.15,10.7581,2.2348,4.0037,16398504.8939,8079229.8156
600036.SH,20081024,12.14,11.7133,2.4332,4.3592,17854515.6423,8796578.4719
600036.SH,20081023,13.49,13.0158,2.7038,4.844,19839984.8447,9774781.185
600036.SH,20081022,14.12,13.6237,2.8301,5.0702,20766537.1391,10231275.7845
600036.SH,20081021,14.63,14.1157,2.9323,5.2533,21516603.2823,10600819.0316
600036.SH,20081020,14.87,14.3473,2.9804,5.3395,21869575.5849,10774721.7362
600036.SH,20081017,14.18,13.6815,2.8421,5.0917,20854780.2148,10274751.4606
600036.SH,20081016,14.33,13.8263,2.8722,5.1456,21075387.9039,10383440.651
600036.SH,20081015,15.2,14.6657,3.0465,5.458,22354912.501,11013837.955
600036.SH,20081014,14.93,14.4052,2.9924,5.3611,21957818.6606,10818197.4123
600036.SH,20081013,15.22,14.685,3.0506,5.4652,22384326.8596,11028329.847
600036.SH,20081010,13.84,13.3535,2.774,4.9697,20354736.1194,10028389.2958
600036.SH,20081009,14.39,13.8842,2.8842,5.1672,21163630.9796,10426916.3271
600036.SH,20081008,14.29,13.7877,2.8642,5.1312,21016559.1868,10354456.8669
600036.SH,20081007,15.59,15.042,3.1247,5.598,22928484.3517,11296421.7088
600036.SH,20081006,15.86,15.3025,3.1788,5.695,23325578.0512,11492062.1104
600036.SH,20080926,17.62,17.0006,3.5316,6.327,25914040.6849,12767347.6914
600036.SH,20080925,17.6,16.9813,3.5276,6.3198,25884626.3368,12752855.8098
600036.SH,20080924,16.83,16.2384,3.3732,6.0433,24752173.9346,12194918.3681
600036.SH,20080923,17.13,16.5278,3.4334,6.151,25193389.1562,12412296.5921
600036.SH,20080922,18.05,17.4155,3.6178,6.4814,26546449.1693,13078923.1458
600036.SH,20080919,16.41,15.8332,3.2891,5.8925,24134472.6243,11890588.8544
600036.SH,20080918,14.92,14.3955,2.9904,5.3575,21943103.6901,10810943.6751
600036.SH,20080917,14.47,13.9613,2.9002,5.1959,21281280.8576,10484876.339
600036.SH,20080916,16.07,15.5051,3.2209,5.7704,23634428.7064,11644226.8672
600036.SH,20080912,17.85,17.2225,3.5777,6.4096,26252305.6882,12934004.3298
600036.SH,20080911,18.04,17.4059,3.6158,6.4778,26531741.9952,13071677.205
600036.SH,20080910,19.8,19.104,3.9685,7.1098,29120204.6289,14346962.786
600036.SH,20080909,20.18,19.4706,4.0447,7.2462,29679077.243,14622308.5364
600036.SH,20080908,20.09,19.3838,4.0266,7.2139,29546712.6765,14557095.0692
600036.SH,20080905,20.0,19.297,4.0086,7.1816,29414348.11,14491881.602
600036.SH,20080904,20.46,19.7408,4.1008,7.3468,30090878.1165,14825194.8788
600036.SH,20080903,20.26,19.5478,4.0607,7.2749,29796734.6354,14680276.0628
600036.SH,20080902,20.88,20.146,4.185,7.4976,30708579.4268,15129524.3925
600036.SH,20080901,21.56,20.8021,4.3213,7.7418,31708667.2626,15622248.367
600036.SH,20080829,23.08,22.2687,4.6259,8.2876,33944157.7189,16723631.3687
600036.SH,20080828,22.9,22.095,4.5899,8.2229,33679428.586,16593204.4343
600036.SH,20080827,22.92,22.1143,4.5939,8.2301,33708842.9341,16607696.3159
600036.SH,20080826,22.88,22.0757,4.5858,8.2157,33650014.2378,16578712.5527
600036.SH,20080825,23.09,22.2783,4.6279,8.2911,33958864.893,16730877.3095
600036.SH,20080822,22.95,22.1433,4.5999,8.2409,33752964.4562,16629434.1383
600036.SH,20080821,23.13,22.3169,4.636,8.3055,34017693.5892,16759861.0727
600036.SH,20080820,23.92,23.0792,4.7943,8.5892,35179560.3396,17332290.396
600036.SH,20080819,21.89,21.1205,4.3874,7.8602,32194004.0064,15861364.4134
600036.SH,20080818,21.21,20.4644,4.2511,7.6161,31193916.1707,15368640.4389
600036.SH,20080815,21.99,21.217,4.4075,7.8962,32341075.7469,15933823.8214
600036.SH,20080814,21.61,20.8504,4.3313,7.7597,31782203.1329,15658478.071
600036.SH,20080813,21.81,21.0433,4.3714,7.8315,32076346.614,15803396.887
600036.SH,20080812,22.29,21.5065,4.4676,8.0039,32782290.9686,16151202.0454
600036.SH,20080811,22.71,21.9117,4.5518,8.1547,33399992.2789,16455531.5591
600036.SH,20080808,23.39,22.5678,4.6881,8.3989,34400080.1146,16948255.5335
600036.SH,20080807,24.13,23.2818,4.8364,8.6646,35488410.9947,17484455.1528
600036.SH,20080806,24.16,23.3107,4.8424,8.6754,35532532.5169,17506192.9752
600036.SH,20080805,23.71,22.8765,4.7522,8.5138,34870709.6844,17180125.6392
600036.SH,20080804,24.26,23.4072,4.8624,8.7113,35679604.2574,17578652.3832
600036.SH,20080801,24.48,23.6195,4.9065,8.7903,36003162.0866,17738063.0808
600036.SH,20080731,23.64,22.809,4.7382,8.4886,34767759.466,17129404.0536
600036.SH,20080730,24.2,23.3493,4.8504,8.6897,35591361.2131,17535176.7384
600036.SH,20080729,24.37,23.5133,4.8845,8.7508,35841383.172,17658357.732
600036.SH,20080728,24.74,23.8703,4.9586,8.8836,36385548.6121,17926457.5417
600036.SH,20080725,25.0,24.1212,4.918,8.977,36767935.1375,18114852.0025
600036.SH,20080724,25.41,24.5168,4.9987,9.1242,37370929.2738,18411935.5753
600036.SH,20080723,24.07,23.2239,4.735,8.643,35400167.9504,17440979.508
600036.SH,20080722,23.86,23.0213,4.6937,8.5676,35091317.2952,17288814.7512
600036.SH,20080721,23.68,22.8476,4.6583,8.503,34826588.1622,17158387.8168
600036.SH,20080718,22.73,21.931,4.4714,8.1619,33429406.627,16470023.4407
600036.SH,20080717,21.96,21.1881,4.32,7.8854,32296954.2248,15912085.999
600036.SH,20080716,22.0,21.2267,4.3278,7.8997,32355782.921,15941069.7622
600036.SH,20080715,22.94,22.1336,4.5128,8.2373,33738257.2822,16622188.1975
600036.SH,20080714,24.36,23.5037,4.7921,8.7472,35826675.998,17651111.7912
600036.SH,20080711,24.05,23.2046,4.7311,8.6359,35370753.6023,17426487.6264
600036.SH,20080710,24.0,23.1563,4.7213,8.6179,35297217.732,17390257.9224
600036.SH,20080709,23.96,23.1178,4.7134,8.6035,35238389.0358,17361274.1592
600036.SH,20080708,22.7,21.902,4.4655,8.1511,33385285.1049,16448285.6183
600036.SH,20080707,22.67,21.8731,4.4596,8.1403,33341163.5827,16426547.7959
600036.SH,20080704,21.29,20.5416,4.1882,7.6448,31311573.5631,15426607.9653
600036.SH,20080703,21.15,20.4065,4.1606,7.5945,31105673.1263,15325164.7941
600036.SH,20080702,20.77,20.0399,4.0859,7.4581,30546790.7503,15049809.2818
600036.SH,20080701,21.08,20.339,4.1469,7.5694,31002713.0003,15274433.3009
600036.SH,20080630,23.42,22.5967,4.6072,8.4096,34444190.6294,16969982.3485
600036.SH,20080626,24.63,23.7642,4.8452,8.8441,36223758.1214,17846740.6168
600036.SH,20080625,24.71,23.8414,4.8609,8.8728,36341415.4762,17904708.1056
600036.SH,20080624,24.12,23.2721,4.7449,8.661,35473692.4843,17477197.8756
600036.SH,20080623,23.76,22.9248,4.6741,8.5317,34944234.3875,17216344.176
600036.SH,20080620,24.65,23.7835,4.8491,8.8513,36253172.4601,17861232.489
600036.SH,20080619,23.55,22.7222,4.6328,8.4563,34635383.831,17064179.5179
600036.SH,20080618,24.88,24.0054,4.8944,8.9339,36591437.3552,18027889.0193
600036.SH,20080617,23.89,23.0502,4.6996,8.5784,35135427.5891,17310541.3453
600036.SH,20080616,24.22,23.3686,4.7646,8.6969,35620764.1778,17549657.2366
600036.SH,20080613,23.32,22.5002,4.5875,8.3737,34297118.9359,16897522.9875
600036.SH,20080612,23.4,22.5774,4.6032,8.4025,34414776.2907,16955490.4763
600036.SH,20080611,24.1,23.2528,4.7409,8.6538,35444278.1456,17462706.0034
600036.SH,20080610,25.31,24.4203,4.979,9.0883,37223845.6375,18339464.2716
600036.SH,20080606,28.12,27.1315,5.5318,10.0973,41356560.2263,20375572.316
600036.SH,20080605,28.35,27.3534,5.577,10.1799,41694825.1214,20542228.8463
600036.SH,20080604,28.77,27.7587,5.6596,10.3307,42312526.2343,20846558.1626
600036.SH,20080603,29.69,28.6463,5.8406,10.6611,43665585.815,21513184.2839
600036.SH,20080529,29.66,28.6174,5.8347,10.6503,43621464.3069,21491446.4756
600036.SH,20080528,30.52,29.4471,6.0039,10.9591,44886280.8715,22114596.9803
600036.SH,20080527,29.47,28.4341,5.7973,10.5821,43342028.0892,21353773.6896
600036.SH,20080526,29.27,28.2411,5.758,10.5103,43047884.7021,21208854.9676
600036.SH,20080523,29.8,28.7525,5.8623,10.7006,43827364.6779,21592889.581
600036.SH,20080522,29.71,28.6656,5.8445,10.6682,43695000.1537,21527676.1561
600036.SH,20080521,30.37,29.3024,5.9744,10.9052,44665673.3311,22005907.9387
600036.SH,20080520,30.12,29.0612,5.9252,10.8155,44297994.0973,21824759.5362
600036.SH,20080519,31.5,30.3927,6.1967,11.311,46327583.4683,22824698.7182
600036.SH,20080516,32.09,30.962,6.3127,11.5229,47195306.4602,23252208.9481
600036.SH,20080515,31.96,30.8365,6.2872,11.4762,47004113.2586,23158011.7788
600036.SH,20080514,32.55,31.4058,6.4032,11.688,47871836.2505,23585522.0088
600036.SH,20080513,31.03,29.9392,6.1042,11.1422,45636346.5086,22484139.7214
600036.SH,20080512,31.71,30.5953,6.238,11.3864,46636434.0247,22976863.3763
600036.SH,20080509,31.26,30.1611,6.1495,11.2248,45974611.4037,22650796.2517
600036.SH,20080508,32.98,31.8207,6.4878,11.8424,48504244.5328,23897097.2611
600036.SH,20080507,32.63,31.483,6.419,11.7168,47989493.6054,23643489.4976
600036.SH,20080506,33.99,32.7952,6.6865,12.2051,49989668.6376,24628936.8073
600036.SH,20080505,34.95,33.7214,6.8754,12.5498,51401556.8957,25324546.673
600036.SH,20080430,35.01,33.7793,6.8872,12.5714,51489799.9119,25368022.2896
600036.SH,20080429,33.48,32.3031,6.5862,12.022,49239603.0005,24259394.0661
600036.SH,20080428,33.64,32.4575,6.6177,12.0794,49474917.7102,24375329.0438
600036.SH,20080425,34.37,33.1618,6.7613,12.3416,50548541.0731,24904282.3791
600036.SH,20080424,35.62,34.3679,7.0072,12.7904,52386937.2425,25810024.3918
600036.SH,20080423,32.42,31.2804,6.3777,11.6414,47680643.0489,23491324.8394
600036.SH,20080422,31.11,30.0164,6.7301,11.171,45754003.8634,22542107.2102
600036.SH,20080421,30.13,29.0709,6.5181,10.8191,44312701.2666,21832005.4723
600036.SH,20080418,29.35,28.3183,6.3494,10.539,43165542.0569,21266822.4564
600036.SH,20080417,29.37,28.3376,6.3537,10.5462,43194956.3956,21281314.3286
600036.SH,20080416,29.78,28.7332,6.4424,10.6934,43797950.3392,21578397.7088
600036.SH,20080415,29.89,28.8393,6.4662,10.7329,43959729.2021,21658103.0059
600036.SH,20080414,30.01,28.9551,6.4921,10.776,44136215.2344,21745054.2391
600036.SH,20080411,32.78,31.6277,7.0914,11.7706,48210101.1457,23752178.5391
600036.SH,20080410,32.13,31.0005,6.9508,11.5372,47254135.1376,23281192.6925
600036.SH,20080409,31.5,30.3927,6.8145,11.311,46327583.4683,22824698.7182
600036.SH,20080408,33.44,32.2645,7.2342,12.0076,49180774.3231,24230410.3217
600036.SH,20080407,33.62,32.4382,7.2731,12.0722,49445503.3715,24360837.1716
600036.SH,20080403,33.0,31.84,7.139,11.8496,48533658.8715,23911589.1333
600036.SH,20080402,32.22,31.0874,6.9702,11.5695,47386499.6618,23346406.1174
600036.SH,20080401,31.69,30.5716,6.8546,11.3776,46600350.4589,22955702.277
600036.SH,20080331,32.17,31.0347,6.9584,11.5499,47306193.571,23303406.1929
600036.SH,20080328,32.72,31.5653,7.0774,11.7474,48114972.1368,23701816.9298
600036.SH,20080327,30.6,29.5201,6.6188,10.9863,44997498.392,22166124.6348
600036.SH,20080326,30.69,29.6069,6.6383,11.0186,45129843.9755,22231319.119
600036.SH,20080325,29.72,28.6712,6.4285,10.6703,43703452.6866,21528667.4558
600036.SH,20080324,28.6,27.5907,6.1862,10.2682,42056485.4252,20717358.3188
600036.SH,20080321,30.36,29.2886,6.5669,10.9001,44644576.836,21992272.6769
600036.SH,20080320,30.64,29.5587,6.6275,11.0006,45056318.6514,22195099.9611
600036.SH,20080319,29.29,28.2563,6.3355,10.5159,43071134.8988,21217182.6978
600036.SH,20080318,28.21,58.3649,6.5903,16.5378,41482987.8967,20434848.8872
600036.SH,20080317,28.67,59.3166,6.6977,16.8074,42159420.8791,20768065.1399
600036.SH,20080314,29.32,60.6614,6.8496,17.1885,43115250.0933,21238914.1926
600036.SH,20080313,30.27,62.6269,7.0715,17.7454,44512231.2525,21927078.1927
600036.SH,20080312,29.67,61.3855,6.9313,17.3937,43629927.3625,21492448.2979
600036.SH,20080311,31.29,64.7372,7.3098,18.3434,46012147.8656,22665949.0138
600036.SH,20080310,31.0,64.1372,7.242,18.1734,45585700.9854,22455877.898
600036.SH,20080307,33.16,68.6061,7.7466,19.4397,48761994.9895,24020545.5193
600036.SH,20080306,33.35,68.9992,7.791,19.551,49041391.2214,24158178.3193
600036.SH,20080305,32.31,66.8475,7.5481,18.9414,47512064.4787,23404819.835
600036.SH,20080304,31.63,65.4407,7.3892,18.5427,46512120.0699,22912239.2875
600036.SH,20080303,33.17,68.6268,7.749,19.4455,48776700.0544,24027789.3509
600036.SH,20080229,31.97,66.1441,7.4686,18.742,47012092.2743,23158529.5613
600036.SH,20080228,31.77,65.7303,7.4219,18.6248,46717990.9776,23013652.9297
600036.SH,20080227,31.84,65.8751,7.4383,18.6658,46820926.4315,23064359.7507
600036.SH,20080226,30.36,62.8131,7.0925,17.7982,44644576.836,14303917.4342
600036.SH,20080225,29.78,61.6131,6.957,17.4582,43791683.0757,14030654.1894
600036.SH,20080222,30.35,62.7924,7.0902,17.7923,44629871.7712,14299205.9989
600036.SH,20080221,32.2,66.62,7.5224,18.8769,47350308.7655,15170821.5211
600036.SH,20080220,32.94,68.151,7.6952,19.3107,48438483.5632,15519467.73
600036.SH,20080219,34.92,72.2475,8.1578,20.4714,51350086.4003,16452331.9105
600036.SH,20080218,34.5,71.3785,8.0597,20.2252,50732473.6773,16254451.6298
600036.SH,20080215,33.52,69.351,7.8307,19.6507,49291377.3236,15792730.9748
600036.SH,20080214,34.83,72.0613,8.1368,20.4187,51217740.8168,16409928.9932
600036.SH,20080213,34.59,71.5647,8.0807,20.278,50864819.2608,16296854.547
600036.SH,20080205,36.05,74.5854,8.4218,21.1339,53011758.7266,16984724.0943
600036.SH,20080204,36.28,75.0612,8.4755,21.2687,53349975.2178,17093087.1051
600036.SH,20080201,33.16,68.6061,7.7466,19.4397,48761994.9895,15623119.3056
600036.SH,20080131,32.52,67.282,7.5971,19.0645,47820870.8402,15321587.4493
600036.SH,20080130,32.97,68.213,7.7023,19.3283,48482598.7577,15533602.0357
600036.SH,20080129,35.0,72.413,8.1765,20.5183,51467726.919,16490023.3925
600036.SH,20080128,35.57,73.5923,8.3096,20.8525,52305915.6145,16758575.202
600036.SH,20080125,37.88,78.3716,8.8493,22.2067,55702785.5912,17846916.7459
600036.SH,20080124,36.7,75.9302,8.5736,21.5149,53967587.9408,17290967.3859
600036.SH,20080123,36.73,75.9923,8.5806,21.5325,54011703.1353,17305101.6916
600036.SH,20080122,35.13,72.682,8.2069,20.5945,51658892.7618,16551272.0508
600036.SH,20080121,37.04,76.6336,8.6531,21.7143,54467560.1451,17451156.1845
600036.SH,20080118,39.7,82.137,9.2745,23.2736,58379107.391,18704397.9624
600036.SH,20080117,39.15,80.9991,9.146,22.9512,57570328.8251,18445269.0233
600036.SH,20080116,39.47,81.6612,9.2207,23.1388,58040890.8998,18596034.9515
600036.SH,20080115,41.81,86.5025,9.7674,24.5106,61481876.071,19698510.8012
600036.SH,20080114,43.14,89.2542,10.0781,25.2903,63437649.6939,20325131.6901
600036.SH,20080111,42.94,88.8404,10.0314,25.1731,63143548.3972,20230902.985
600036.SH,20080110,41.1,85.0335,9.6015,24.0944,60437816.4677,19363998.8981
600036.SH,20080109,40.81,84.4336,9.5338,23.9244,60011369.5876,19227367.2757
600036.SH,20080108,40.31,83.3991,9.417,23.6313,59276116.3459,18991795.5129
600036.SH,20080107,39.07,80.8336,9.1273,22.9043,57452688.3064,18407577.5413
600036.SH,20080104,38.39,79.4267,8.9684,22.5057,56452743.8977,18087199.9439
600036.SH,20080103,37.92,78.4543,8.8586,22.2301,55761605.8505,17865762.487
600036.SH,20080102,38.8,80.2715,9.0638,22.745,57053178.3042,18277895.5377
600036.SH,20071228,39.63,81.9886,9.2577,23.2316,58273645.7783,18668891.7567
600036.SH,20071227,39.69,82.1128,9.2717,23.2668,58361872.3427,18697156.5436
600036.SH,20071226,38.1,78.8233,8.9003,22.3347,56023868.3864,17948139.6904
600036.SH,20071225,38.13,78.8854,8.9073,22.3523,56067981.6686,17962272.0838
600036.SH,20071224,38.79,80.2508,9.0615,22.7392,57038473.8768,18273184.7399
600036.SH,20071221,37.91,78.4302,8.8559,22.2233,55744484.2658,17858634.5318
600036.SH,20071220,37.81,78.2233,8.8326,22.1647,55597439.9918,17811526.5536
600036.SH,20071219,36.91,76.3614,8.6223,21.6371,54274041.526,17387554.7499
600036.SH,20071218,36.23,74.9545,8.4635,21.2385,53274140.463,17067220.4982
600036.SH,20071217,36.31,75.1201,8.4822,21.2854,53391775.8821,17104906.8808
600036.SH,20071214,38.59,79.837,9.0148,22.6219,56744385.3289,18178968.7835
600036.SH,20071213,37.41,77.3958,8.7391,21.9302,55009262.8959,17623094.6409
600036.SH,20071212,38.28,79.1957,8.9424,22.4402,56288548.0795,18032934.0511
600036.SH,20071211,39.98,82.7127,9.3395,23.4368,58788300.7372,18833769.6804
600036.SH,20071210,40.82,84.4506,9.5357,23.9292,60023472.6386,19229476.6972
600036.SH,20071207,41.33,85.5057,9.6548,24.2282,60773398.4359,19469727.3859
600036.SH,20071206,41.22,85.2781,9.6292,24.1637,60611649.7346,19417908.6099
600036.SH,20071205,41.33,85.5057,9.6548,24.2282,60773398.4359,19469727.3859
600036.SH,20071204,40.18,83.1265,9.3862,23.554,59082389.2852,18927985.6367
600036.SH,20071203,39.73,82.1955,9.2811,23.2902,58420690.0523,18715999.7349
600036.SH,20071130,39.25,81.2025,9.169,23.0088,57714877.5372,18489881.4396
600036.SH,20071129,40.15,83.0645,9.3792,23.5364,59038276.003,18913853.2433
600036.SH,20071128,37.72,78.0371,8.8115,22.1119,55465100.1453,17769129.3733
600036.SH,20071127,37.57,77.7268,8.7765,22.024,55244533.7343,17698467.406
600036.SH,20071126,38.28,79.1957,8.9424,22.4402,56288548.0795,18032934.0511
600036.SH,20071123,38.3,79.2371,8.947,22.4519,56317956.9343,18042355.6468
600036.SH,20071122,37.3,77.1682,8.7134,21.8657,54847514.1945,17571275.8649
600036.SH,20071121,38.72,80.106,9.0451,22.6982,56935542.8851,18240209.1552
600036.SH,20071120,39.23,81.1611,9.1643,22.9971,57685468.6824,18480459.8439
600036.SH,20071119,39.17,81.037,9.1503,22.9619,57597242.118,18452195.057
600036.SH,20071116,40.47,83.7265,9.4539,23.724,59508817.6797,19064598.7735
600036.SH,20071115,41.46,85.7747,9.6852,24.3044,60964555.9921,19530967.7576
600036.SH,20071114,41.61,86.085,9.7203,24.3923,61185122.4031,19601629.7249
600036.SH,20071113,40.04,82.8369,9.3535,23.472,58876527.3016,18862034.4673
600036.SH,20071112,40.98,84.7816,9.5731,24.023,60258743.477,19304849.4623
600036.SH,20071109,40.66,84.1196,9.4983,23.8354,59788201.8003,19154103.9321
600036.SH,20071108,41.05,84.9264,9.5894,24.064,60361674.4688,19337825.047
600036.SH,20071107,43.34,89.6641,10.1244,25.4065,63728988.3429,20416597.7475
600036.SH,20071106,42.15,87.2022,9.8464,24.7089,61979161.4826,19856012.8071
600036.SH,20071105,42.07,87.0367,9.8277,24.662,61861526.0634,19818326.4245
600036.SH,20071102,43.25,89.4779,10.1034,25.3537,63596648.4964,20374200.5672
600036.SH,20071101,45.17,93.4501,10.5519,26.4792,66419898.5568,21278673.7484
600036.SH,20071031,45.47,94.0708,10.622,26.6551,66861031.3787,21419997.683
600036.SH,20071030,44.84,92.7674,10.4748,26.2858,65934652.4526,21123217.4204
600036.SH,20071029,44.53,92.126,10.4024,26.104,65478815.2033,20977182.688
600036.SH,20071026,43.47,89.933,10.1548,25.4827,63920145.8991,20477838.1192
600036.SH,20071025,41.8,86.4781,9.7646,24.5037,61464506.5236,19691134.8834
600036.SH,20071024,42.96,88.8779,10.0356,25.1837,63170220.1018,20237587.4304
600036.SH,20071023,41.71,86.2919,9.7436,24.4509,61332166.6771,19648737.703
600036.SH,20071019,40.49,83.7679,10.3596,23.7357,59538226.5345,19074020.3691
600036.SH,20071018,39.85,82.4438,10.1958,23.3606,58597143.181,18772529.3087
600036.SH,20071017,40.8,84.4092,10.4389,23.9175,59994063.7838,19220055.1015
600036.SH,20071016,42.08,87.0573,10.7664,24.6678,61876230.4908,19823037.2224
600036.SH,20071015,41.12,85.0712,10.5208,24.1051,60464605.4606,19370800.6317
600036.SH,20071012,41.91,86.7056,10.7229,24.5682,61626255.225,19742953.6594
600036.SH,20071011,42.75,88.4435,10.9378,25.0606,62861427.1265,20138660.6762
600036.SH,20071010,40.47,83.7265,10.3545,23.724,59508817.6797,19064598.7735
600036.SH,20071009,40.26,83.292,10.3007,23.6009,59200024.7043,18965672.0193
600036.SH,20071008,40.91,84.633,10.4666,23.9809,60153154.898,19269216.2903
600036.SH,20070928,38.27,79.1715,9.7912,22.4334,56271357.5641,18025737.1652
600036.SH,20070927,37.76,78.1164,9.6607,22.1344,55521464.8973,17785519.607
600036.SH,20070926,37.27,77.1027,9.5353,21.8472,54800979.7861,17554722.3451
600036.SH,20070925,36.98,76.5028,9.4611,21.6772,54374570.2304,17418128.0473
600036.SH,20070924,37.86,78.3233,9.6863,22.193,55668502.6751,17832621.089
600036.SH,20070921,35.98,74.434,9.2053,21.091,52904192.4524,16947113.2272
600036.SH,20070920,35.48,73.3997,9.0774,20.7979,52169003.5634,16711605.8171
600036.SH,20070919,35.3,73.0273,9.0313,20.6924,51904335.5634,16626823.1495
600036.SH,20070918,34.69,71.7653,8.8752,20.3348,51007405.1188,16339504.1093
600036.SH,20070917,35.38,73.1928,9.0518,20.7393,52021965.7856,16664504.3351
600036.SH,20070914,34.92,72.2412,8.9341,20.4696,51345592.0078,16447837.5179
600036.SH,20070913,35.19,72.7997,9.0032,20.6279,51742594.0078,16575011.5193
600036.SH,20070912,34.6,71.5792,8.8522,20.2821,50875071.1188,16297112.7755
600036.SH,20070911,34.84,72.0757,8.9136,20.4227,51227961.7855,16410156.3323
600036.SH,20070910,36.35,75.1995,9.2999,21.3079,53448232.2303,17121388.7106
600036.SH,20070907,35.98,74.434,9.2053,21.091,52904192.4524,16947113.2272
600036.SH,20070906,36.97,76.4821,9.4586,21.6713,54359866.4527,17413417.8991
600036.SH,20070905,36.7,75.9236,9.3895,21.5131,53962864.4526,17286243.8977
600036.SH,20070904,37.52,77.6199,9.5993,21.9937,55168574.2306,17672476.0502
600036.SH,20070903,38.24,79.1094,9.7835,22.4158,56227246.2307,18011606.7206
600036.SH,20070831,38.03,78.675,9.7298,22.2927,55918466.8973,17912693.6084
600036.SH,20070830,37.39,77.351,9.566,21.9175,54977425.1194,17611244.1235
600036.SH,20070829,37.0,76.5442,9.4662,21.6889,54403977.786,17427548.3437
600036.SH,20070828,37.65,77.8889,9.6325,22.0699,55359723.3417,17733707.9768
600036.SH,20070827,38.25,79.1301,9.786,22.4216,56241950.0085,18016316.8688
600036.SH,20070824,39.04,80.7645,9.9882,22.8847,57403548.4531,18388418.5767
600036.SH,20070823,37.55,77.682,9.607,22.0113,55212685.5639,17686606.4948
600036.SH,20070822,36.42,75.3443,9.3178,21.3489,53551158.6748,17154359.748
600036.SH,20070821,36.41,75.3236,9.3153,21.3431,53536454.897,17149649.5998
600036.SH,20070820,35.98,74.434,9.2053,21.091,52904192.4524,16947113.2272
600036.SH,20070817,33.09,68.4553,8.4659,19.3969,48654800.674,15585880.3971
600036.SH,20070816,35.01,72.4273,8.9571,20.5224,51477926.0078,16490228.8517
600036.SH,20070815,36.26,75.0133,9.2769,21.2551,53315898.2303,17078997.3768
600036.SH,20070814,36.19,74.8685,9.259,21.2141,53212971.7858,17046026.3394
600036.SH,20070813,36.27,75.034,9.2795,21.261,53330602.0081,17083707.525
600036.SH,20070810,36.34,75.1788,9.2974,21.302,53433528.4525,17116678.5624
600036.SH,20070809,36.1,74.6823,9.236,21.1613,53080637.7858,17003635.0056
600036.SH,20070808,34.22,70.793,8.755,20.0593,50316327.5632,16118127.1438
600036.SH,20070807,33.11,68.4967,8.471,19.4086,48684208.2296,15595300.6935
600036.SH,20070806,33.62,69.5518,8.6015,19.7076,49434100.8964,15835518.2518
600036.SH,20070803,33.0,68.2691,8.4429,19.3442,48522466.674,15543489.0633
600036.SH,20070802,30.0,62.0629,7.6753,17.5856,44111333.34,14130444.603
600036.SH,20070801,29.15,60.3044,7.4579,17.0873,42861512.2287,13730082.0059
600036.SH,20070731,29.81,61.6698,7.6267,17.4742,43831961.5622,14040951.7872
600036.SH,20070730,29.39,60.8009,7.5193,17.228,43214402.8954,13843125.5627
600036.SH,20070727,29.02,60.0355,7.4246,17.0111,42670363.1176,13668850.0793
600036.SH,20070726,29.66,61.3595,7.5883,17.3863,43611404.8955,13970299.5642
600036.SH,20070725,29.76,61.5663,7.6139,17.4449,43758442.6733,14017401.0462
600036.SH,20070724,29.48,60.9871,7.5423,17.2808,43346736.8954,13885516.8965
600036.SH,20070723,29.39,60.8009,7.5193,17.228,43214402.8954,13843125.5627
600036.SH,20070720,28.98,59.9527,7.4144,16.9877,42611548.0064,13650009.4865
600036.SH,20070719,27.35,56.5806,6.9973,16.0322,40214832.2283,12882255.3297
600036.SH,20070718,27.56,57.0151,7.0511,16.1553,40523611.5617,12981168.442
600036.SH,20070717,27.89,57.6978,7.1355,16.3487,41008836.2284,13136603.3326
600036.SH,20070716,26.32,54.4498,6.7338,15.4284,38700343.117,12397110.065
600036.SH,20070713,27.35,56.5806,6.9973,16.0322,40214832.2283,12882255.3297
600036.SH,20070712,27.69,57.284,7.0843,16.2315,40714760.6728,13042400.3686
600036.SH,20070711,27.48,56.8496,7.0306,16.1084,40405981.3394,12943487.2563
600036.SH,20070710,27.8,57.5116,7.1125,16.296,40876502.2284,13094211.9988
600036.SH,20070709,25.87,53.5189,6.6187,15.1647,38038673.1169,12185153.396
600036.SH,20070706,24.25,50.1675,6.2042,14.215,35656661.1165,11422109.3874
600036.SH,20070705,23.67,48.9676,6.0558,13.875,34803842.0053,11148920.7918
600036.SH,20070704,23.93,49.5043,6.1222,14.0271,35185286.9962,11270531.4137
600036.SH,20070703,24.42,50.5179,6.2651,14.3143,35905754.6363,11501311.2044
600036.SH,20070702,23.88,49.4008,6.1265,13.9978,35111769.8901,11246982.4554
600036.SH,20070629,24.58,50.8489,6.3061,14.4081,36141009.376,11576667.8708
600036.SH,20070628,24.74,51.1799,6.3472,14.5019,36376264.1156,11652024.5372
600036.SH,20070627,25.32,52.3798,6.496,14.8419,37229062.5468,11925192.4527
600036.SH,20070626,24.5,50.6834,6.2856,14.3612,36023382.0062,11538989.5376
600036.SH,20070625,24.96,51.635,6.4036,14.6309,36699739.3826,11755639.9534
600036.SH,20070622,24.17,50.0008,6.2009,14.1678,35538169.1057,11383566.4132
600036.SH,20070621,23.81,49.256,6.1086,13.9568,35008845.9415,11214013.9139
600036.SH,20070620,23.02,47.6217,5.9059,13.4937,33847275.6646,10841940.3737
600036.SH,20070619,24.11,49.8766,6.1855,14.1326,35449948.5783,11355307.6633
600036.SH,20070618,23.98,49.6077,6.1522,14.0564,35258804.1023,11294080.3719
600036.SH,20070614,22.2,45.9254,5.6955,13.013,32641595.1239,10455737.4586
600036.SH,20070613,22.64,46.8356,5.8084,13.2709,33288545.6579,10662968.2911
600036.SH,20070612,21.63,44.7462,5.5493,12.6789,31803500.114,10187279.3346
600036.SH,20070611,21.79,45.0772,5.5903,12.7727,32038754.8536,10262636.001
600036.SH,20070608,21.24,43.9394,5.4492,12.4503,31230066.6861,10003597.4604
600036.SH,20070607,21.68,44.8497,5.5621,12.7082,31877017.2201,10210828.2929
600036.SH,20070606,21.42,44.3118,5.4954,12.5558,31494728.2682,10088373.71
600036.SH,20070605,21.49,44.4566,5.5134,12.5968,31597652.2168,10121342.2516
600036.SH,20070604,20.94,43.3188,5.3723,12.2745,30788964.0493,9862303.7109
600036.SH,20070601,22.07,45.6565,5.6622,12.9368,32450450.648,10394510.1671
600036.SH,20070531,21.72,44.9324,5.5724,12.7317,31935830.905,10229667.4595
600036.SH,20070530,20.07,41.519,5.1491,11.7645,29509766.4026,9452551.8375
600036.SH,20070529,21.4,44.2704,5.4903,12.5441,31465321.4258,10078954.1267
600036.SH,20070528,21.31,44.0842,5.4672,12.4913,31332990.6347,10036566.0019
600036.SH,20070525,21.12,43.6912,5.4184,12.38,31053625.6314,9947079.9606
600036.SH,20070524,21.34,44.1463,5.4749,12.5089,31377100.8984,10050695.3768
600036.SH,20070523,21.21,43.8774,5.4415,12.4327,31185956.4225,9989468.0854
600036.SH,20070522,20.66,42.7396,5.3004,12.1103,30377268.255,9730429.5448
600036.SH,20070521,20.46,42.3258,5.2491,11.9931,30083199.8304,9636233.7118
600036.SH,20070518,20.76,42.9465,5.3261,12.1689,30524302.4673,9777527.4612
600036.SH,20070517,21.22,43.8981,5.4441,12.4386,31200659.8437,9994177.8771
600036.SH,20070516,21.09,43.6291,5.4107,12.3624,31009515.3677,9932950.5856
600036.SH,20070515,20.8,43.0292,5.3363,12.1924,30583116.1522,9796366.6278
600036.SH,20070514,22.16,45.8426,5.6853,12.9896,32582781.439,10436898.292
600036.SH,20070511,21.65,44.7876,5.5544,12.6906,31832906.9565,10196698.9179
600036.SH,20070510,21.49,44.4566,5.5134,12.5968,31597652.2168,10121342.2516
600036.SH,20070509,21.73,44.9531,5.5749,12.7375,31950534.3263,10234377.2511
600036.SH,20070508,20.18,41.7466,5.1773,11.829,29671504.0361,9504359.5457
600036.SH,20070430,19.47,40.2778,4.9951,11.4128,28627561.129,9169964.3387
600036.SH,20070427,19.5,40.3399,5.0028,11.4304,28671671.3927,9184093.7136
600036.SH,20070426,20.04,41.457,5.3418,11.7469,29465656.1389,9438422.4626
600036.SH,20070425,20.0,41.3742,5.3311,11.7234,29406842.454,9419583.296
600036.SH,20070424,19.55,40.4433,5.2112,11.4597,28745188.4988,9207642.6718
600036.SH,20070423,19.94,41.2501,5.3151,11.6883,29318621.9266,9391324.5461
600036.SH,20070420,19.45,40.2364,5.1845,11.4011,28598154.2865,9160544.7554
600036.SH,20070419,19.01,39.3262,5.0672,11.1431,27951203.7525,8953313.9228
600036.SH,20070418,19.52,40.3812,5.2032,11.4421,28701078.2351,9193513.2969
600036.SH,20070417,19.96,41.2915,5.3205,11.7,29348028.7691,9400744.1294
600036.SH,20070416,20.21,78.4708,5.8386,15.4942,29715614.2998,9518488.9206
600036.SH,20070413,18.81,73.0349,5.4342,14.4209,27657135.328,8859118.0899
600036.SH,20070412,19.15,74.355,5.5324,14.6815,28157051.6497,9019251.0059
600036.SH,20070411,19.13,74.2774,5.5266,14.6662,28127644.8073,9009831.4226
600036.SH,20070410,18.0,69.8898,5.2001,13.7999,26466158.2086,8477624.9664
600036.SH,20070409,17.42,67.6378,5.0326,13.3552,25613359.7774,8204457.0508
600036.SH,20070406,17.24,66.9389,4.9806,13.2172,25348698.1953,8119680.8012
600036.SH,20070405,17.55,68.1426,5.0701,13.4549,25804504.2534,8265684.3422
600036.SH,20070404,17.74,68.8803,5.125,13.6005,26083869.2567,8355170.3836
600036.SH,20070403,17.75,68.9192,5.1279,13.6082,26098572.6779,8359880.1752
600036.SH,20070402,17.63,68.4492,5.093,13.5154,25920617.5641,8301848.6163
600036.SH,20070330,17.38,67.4786,5.0207,13.3238,25553053.5033,8184125.295
600036.SH,20070329,17.51,67.9833,5.0583,13.4234,25744186.8149,8245341.4221
600036.SH,20070328,17.2,66.7797,4.9687,13.1858,25288407.3796,8099364.5037
600036.SH,20070327,16.46,63.9066,4.755,12.6185,24200417.7598,7750903.4727
600036.SH,20070326,16.56,64.2949,4.7839,12.6951,24347443.3841,7797992.8013
600036.SH,20070323,16.47,63.9455,4.7579,12.6262,24215120.3222,7755612.4056
600036.SH,20070322,16.62,64.5279,4.8012,12.7411,24435658.7587,7826246.3984
600036.SH,20070321,16.43,63.7902,4.7463,12.5955,24156310.0725,7736776.6742
600036.SH,20070320,16.3,63.2854,4.7087,12.4958,23965176.7609,7675560.5471
600036.SH,20070319,16.36,63.5184,4.7261,12.5418,24053392.1355,7703814.1442
600036.SH,20070316,15.52,60.2571,4.4834,11.8979,22818376.8914,7308263.7848
600036.SH,20070315,15.8,61.3442,4.5643,12.1125,23230048.6394,7440113.9046
600036.SH,20070314,15.54,60.3347,4.4892,11.9132,22847782.0162,7317681.6505
600036.SH,20070313,15.98,62.043,4.6163,12.2505,23494694.7631,7524874.6959
600036.SH,20070312,16.07,62.3925,4.6423,12.3195,23627017.825,7567255.0916
600036.SH,20070309,16.3,63.2854,4.7087,12.4958,23965176.7609,7675560.5471
600036.SH,20070308,16.2,62.8972,4.6799,12.4192,23818151.1366,7628471.2186
600036.SH,20070307,16.13,62.6254,4.6596,12.3655,23715233.1996,7595508.6887
600036.SH,20070306,15.94,61.8877,4.6047,12.2198,23435884.5134,7506038.9645
600036.SH,20070305,15.17,58.8982,4.3823,11.6296,22303787.2063,7143451.135
600036.SH,20070302,15.64,60.723,4.5181,11.9899,22994807.6405,7364770.979
600036.SH,20070301,15.58,60.49,4.5008,11.9439,22906592.2659,7336517.3819
600036.SH,20070228,16.09,62.4701,4.6481,12.3348,23656422.9499,7576672.9573
600036.SH,20070227,15.34,59.5582,4.4314,11.7599,22553730.7676,7223502.9934
600036.SH,20070226,16.85,65.4208,4.8676,12.9175,24773817.6946,7934551.8539
600036.SH,20070216,17.85,69.3034,5.1565,13.6841,26244073.9376,8405445.139
600036.SH,20070215,18.11,70.3128,5.2316,13.8834,26626340.5607,8527877.3932
600036.SH,20070214,18.0,69.8858,5.1998,13.7991,26464612.374,8476079.1318
600036.SH,20070213,17.03,66.1197,4.9196,13.0555,25038463.8183,8019312.6453
600036.SH,20070212,16.91,65.6538,4.885,12.9635,24862033.0691,7962805.451
600036.SH,20070209,16.05,62.3148,4.6365,12.3042,23597612.7002,7557837.2259
600036.SH,20070208,16.56,64.2949,4.7839,12.6951,24347443.3841,7797992.8013
600036.SH,20070207,16.72,64.9161,4.8301,12.8178,24582684.383,7873335.7269
600036.SH,20070206,16.46,63.9066,4.755,12.6185,24200417.7598,7750903.4727
600036.SH,20070205,15.63,60.6841,4.5152,11.9822,22980105.0781,7360062.0461
600036.SH,20070202,16.15,62.7031,4.6654,12.3808,23744638.3245,7604926.5544
600036.SH,20070201,16.91,65.6538,4.885,12.9635,24862033.0691,7962805.451
600036.SH,20070131,17.17,66.6633,4.9601,13.1628,25244299.6923,8085237.7052
600036.SH,20070130,18.45,71.6329,5.3298,14.144,27126227.6834,8687981.1101
600036.SH,20070129,19.0,73.7683,5.4887,14.5657,27934868.617,8946972.4169
600036.SH,20070126,19.24,74.7001,5.5581,14.7497,28287730.1153,9059986.8053
600036.SH,20070125,18.05,70.0799,5.2143,13.8374,26538125.1862,8499623.7961
600036.SH,20070124,18.14,70.4293,5.2403,13.9064,26670448.248,8542004.1917
600036.SH,20070123,18.81,73.0306,5.4338,14.42,27655519.9308,8857502.6927
600036.SH,20070122,17.53,68.061,5.0641,13.4388,25773591.9398,8254759.2878
600036.SH,20070119,16.48,63.9843,4.7607,12.6338,24229822.8846,7760321.3384
600036.SH,20070118,15.7,60.9559,4.5354,12.0359,23083023.0151,7393024.5761
600036.SH,20070117,16.46,63.9066,4.755,12.6185,24200417.7598,7750903.4727
600036.SH,20070116,17.09,66.3526,4.937,13.1015,25126679.1929,8047566.2424
600036.SH,20070115,16.7,64.8385,4.8243,12.8025,24553279.2581,7863917.8612
600036.SH,20070112,15.89,61.6936,4.5903,12.1815,23362371.7013,7482494.3002
600036.SH,20070111,16.23,63.0137,4.6885,12.4422,23862258.8239,7642598.0172
600036.SH,20070110,16.74,64.9938,4.8359,12.8331,24612089.5078,7882753.5926
600036.SH,20070109,16.43,63.7902,4.7463,12.5955,24156310.0725,7736776.6742
600036.SH,20070108,16.0,62.1207,4.6221,12.2658,23524099.888,7534292.5616
600036.SH,20070105,15.24,59.1699,4.4025,11.6832,22406705.1433,7176413.6649
600036.SH,20070104,15.96,61.9654,4.6105,12.2352,23465289.6383,7515456.8302
600036.SH,20061229,16.36,63.5184,4.7261,12.5418,24053392.1355,7703814.1442
600036.SH,20061228,15.57,60.4512,4.4979,11.9362,22891889.7035,7331808.449
600036.SH,20061227,15.91,61.7712,4.5961,12.1968,23391776.8261,7491912.1659
600036.SH,20061226,15.51,60.2182,4.4805,11.8902,22803674.3289,7303554.8519
600036.SH,20061225,15.54,60.3347,4.4892,11.9132,22847782.0162,7317681.6505
600036.SH,20061222,15.04,58.3934,4.3448,11.5299,22112653.8947,7082235.0079
600036.SH,20061221,14.78,57.384,4.2696,11.3306,21730387.2715,6959802.7538
600036.SH,20061220,14.74,57.2287,4.2581,11.2999,21671577.0218,6940967.0224
600036.SH,20061219,14.57,56.5686,4.209,11.1696,21421633.4605,6860915.1639
600036.SH,20061218,14.78,57.384,4.2696,11.3306,21730387.2715,6959802.7538
600036.SH,20061215,13.95,54.1615,4.0299,10.6943,20510074.5899,6568961.3271
600036.SH,20061214,13.65,52.9967,3.9432,10.4643,20068997.717,6427693.3416
600036.SH,20061213,13.69,53.152,3.9548,10.495,20127807.9667,6446529.073
600036.SH,20061212,13.76,53.4238,3.975,10.5486,20230725.9037,6479491.603
600036.SH,20061211,13.64,52.9579,3.9403,10.4566,20054295.1545,6422984.4088
600036.SH,20061208,12.98,50.3954,3.7497,9.9507,19083926.0341,6112194.8406
600036.SH,20061207,13.37,51.9096,3.8623,10.2496,19657325.9689,6295843.2218
600036.SH,20061206,13.51,52.4531,3.9028,10.357,19863161.8429,6361768.2817
600036.SH,20061205,13.74,53.3461,3.9692,10.5333,20201320.7788,6470073.7373
600036.SH,20061204,13.82,53.6567,3.9923,10.5946,20318941.2783,6507745.2001
600036.SH,20061201,13.02,50.5507,3.7612,9.9813,19142736.2839,6131030.572
600036.SH,20061130,13.1,50.8613,3.7843,10.0427,19260356.7833,6168702.0348
600036.SH,20061129,12.72,49.3859,3.6746,9.7513,18701659.411,5989762.5865
600036.SH,20061128,12.58,48.8424,3.6341,9.644,18495823.5369,5923837.5266
600036.SH,20061127,12.6,48.92,3.6399,9.6593,18525228.6618,5933255.3923
600036.SH,20061124,13.04,50.6284,3.767,9.9967,19172141.4087,6140448.4377
600036.SH,20061123,13.47,52.2978,3.8912,10.3263,19804351.5932,6342932.5503
600036.SH,20061122,13.44,52.1814,3.8825,10.3033,19760243.9059,6328805.7517
600036.SH,20061121,13.46,52.259,3.8883,10.3186,19789649.0308,6338223.6174
600036.SH,20061120,13.5,52.4143,3.8999,10.3493,19848459.2805,6357059.3489
600036.SH,20061117,12.67,49.1918,3.6601,9.713,18628146.5988,5966217.9222
600036.SH,20061116,12.53,48.6483,3.6197,9.6057,18422310.7248,5900292.8623
600036.SH,20061115,12.43,48.26,3.5908,9.529,18275285.1005,5853203.5338
600036.SH,20061114,12.32,47.8329,3.559,9.4447,18113556.9138,5801405.2724
600036.SH,20061113,12.26,47.6,3.5417,9.3987,18025341.5392,5773151.6753
600036.SH,20061110,12.26,47.6,3.5417,9.3987,18025341.5392,5773151.6753
600036.SH,20061109,11.75,45.6199,3.3943,9.0077,17275510.8553,5532996.0999
600036.SH,20061108,11.26,43.7174,3.2528,8.6321,16555085.2962,5302258.3902
600036.SH,20061107,11.42,44.3386,3.299,8.7547,16790326.2951,5377601.3158
600036.SH,20061106,11.0,42.708,3.1777,8.4328,16172818.673,5179826.1361
600036.SH,20061103,10.69,41.5044,3.0881,8.1951,15717039.2377,5033849.2177
600036.SH,20061102,10.35,40.1843,2.9899,7.9345,15217152.1151,4873745.5008
600036.SH,20061101,10.63,41.2714,3.0708,8.1491,15628823.8631,5005595.6206
600036.SH,20061031,10.41,40.4173,3.0072,7.9805,15305367.4896,4901999.0979
600036.SH,20061030,10.27,39.8737,2.9668,7.8731,15099531.6156,4836074.038
600036.SH,20061027,10.42,40.4561,3.0101,7.9881,15320070.0521,4906708.0307
600036.SH,20061026,10.71,41.582,5.1573,8.2104,15746444.3625,5043267.0834
600036.SH,20061025,10.59,41.1161,5.0995,8.1185,15570013.6134,4986759.8892
600036.SH,20061024,10.57,41.0385,5.0899,8.1031,15540608.4885,4977342.0235
600036.SH,20061023,10.28,39.9125,4.9502,7.8808,15114234.178,4840782.9708
600036.SH,20061020,10.5,40.7667,5.0562,8.0495,15437690.5515,4944379.4936
600036.SH,20061019,10.07,39.0972,4.8491,7.7198,14805480.367,4741895.381
600036.SH,20061018,10.15,39.4078,4.8876,7.7811,14923100.8665,4779566.8438
600036.SH,20061017,9.84,38.2042,4.7384,7.5435,14467321.4311,4633589.9254
600036.SH,20061016,10.01,38.8642,4.8202,7.6738,14717264.9924,4713641.7839
600036.SH,20061013,10.23,39.7184,4.9262,7.8425,15040721.3659,4817238.3066
600036.SH,20061012,10.09,39.1749,4.8587,7.7351,14834885.4919,4751313.2467
600036.SH,20061011,10.19,39.5631,4.9069,7.8118,14981911.1162,4798402.5752
600036.SH,20061010,10.25,39.7961,4.9358,7.8578,15070126.4908,4826656.1723
600036.SH,20061009,10.39,39.734,4.9281,7.8456,15046640.9894,4891839.8569
600036.SH,20060929,9.94,38.0131,4.7147,7.5058,14394957.7897,4679969.9882
600036.SH,20060928,9.8,37.4777,4.6482,7.4,14192211.9053,4614054.9179
600036.SH,20060927,9.47,36.2157,4.4917,7.1509,13714310.8922,4458683.6809
600036.SH,20060926,9.12,34.8772,4.3257,6.8866,13207446.1813,4293896.0052
600036.SH,20060925,9.37,35.8333,4.4443,7.0753,13569492.4034,4411601.4878
600036.SH,20060922,9.46,36.1775,4.487,7.1433,13699829.0433,4453975.4616
600036.SH,20060921,9.63,31.2278,3.8731,6.166,11825475.2914,4532070.0068
600036.SH,20060920,9.54,30.936,3.5779,6.1084,11714956.8307,4489714.2123
600036.SH,20060919,9.49,30.7738,3.5591,6.0764,11653557.6859,4466183.2154
600036.SH,20060918,9.19,29.801,3.4466,5.8843,11285162.817,4324997.2339
600036.SH,20060915,9.34,30.2874,3.5029,5.9803,11469360.2514,4395590.2247
600036.SH,20060914,9.34,30.2874,3.5029,5.9803,11469360.2514,4395590.2247
600036.SH,20060913,9.19,29.801,3.4466,5.8843,11285162.817,4324997.2339
600036.SH,20060912,8.97,29.0876,3.3641,5.7434,11015006.5798,4221460.8474
600036.SH,20060911,9.02,29.2497,3.3829,5.7754,11076405.7246,4244991.8444
600036.SH,20060908,8.89,28.8282,3.3341,5.6922,10916767.9481,4183811.2524
600036.SH,20060907,8.75,28.3742,3.2816,5.6025,10744850.3426,4117924.461
600036.SH,20060906,8.8,28.5363,3.3003,5.6346,10806249.4874,4141455.4579
600036.SH,20060905,8.8,28.5363,3.3003,5.6346,10806249.4874,4141455.4579
600036.SH,20060904,8.49,27.5311,3.1841,5.4361,10425574.7896,3995563.277
600036.SH,20060901,8.34,27.0447,3.1278,5.34,10241377.3551,3924970.2863
600036.SH,20060831,8.56,27.7581,3.2103,5.4809,10511533.5923,4028506.6727
600036.SH,20060830,8.46,27.4338,3.1728,5.4169,10388735.3027,3981444.6789
600036.SH,20060829,8.43,27.3365,3.1616,5.3976,10351895.8158,3967326.0807
600036.SH,20060828,8.42,27.3041,3.1578,5.3912,10339615.9868,3962619.8813
600036.SH,20060825,8.37,27.1419,3.1391,5.3592,10278216.842,3939088.8844
600036.SH,20060824,8.51,27.5959,3.1916,5.4489,10450134.4475,4004975.6758
600036.SH,20060823,8.29,26.8825,3.1091,5.308,10179978.2103,3901439.2893
600036.SH,20060822,8.08,26.2015,3.0303,5.1735,9922101.8021,3802609.1023
600036.SH,20060818,7.86,25.4881,2.9478,5.0327,9651945.5649,3699072.7158
600036.SH,20060817,7.9,25.6178,2.9628,5.0583,9701064.8808,3717897.5134
600036.SH,20060816,7.95,25.78,2.9816,5.0903,9762464.0256,3741428.5103
600036.SH,20060815,7.84,25.4233,2.9403,5.0199,9627385.907,3689660.3171
600036.SH,20060814,7.72,25.0341,2.8953,4.943,9480027.9594,3633185.9244
600036.SH,20060811,7.66,24.8396,2.8728,4.9046,9406348.9857,3604948.7281
600036.SH,20060810,7.72,25.0341,2.8953,4.943,9480027.9594,3633185.9244
600036.SH,20060809,7.56,24.5153,2.8353,4.8406,9283550.696,3557886.7343
600036.SH,20060808,7.54,24.4504,2.9466,4.8278,9258991.0381,3548474.3355
600036.SH,20060807,7.37,23.8992,2.8802,4.7189,9050233.9457,3468468.946
600036.SH,20060804,7.4,23.9965,2.8919,4.7381,9087073.4326,3482587.5442
600036.SH,20060803,7.49,24.2883,2.9271,4.7958,9197591.8933,3524943.3386
600036.SH,20060802,7.32,23.737,2.8606,4.6869,8988834.8009,3444937.9491
600036.SH,20060801,7.3,23.6722,2.8528,4.6741,8964275.143,3435525.5503
600036.SH,20060731,7.36,23.8668,2.8763,4.7125,9037954.1168,3463762.7466
600036.SH,20060728,7.44,24.1262,2.9075,4.7638,9136192.7485,3501412.3417
600036.SH,20060727,7.51,24.3532,2.9349,4.8086,9222151.5512,3534355.7374
600036.SH,20060726,7.7,24.9693,3.0092,4.9302,9455468.3015,3623773.5257
600036.SH,20060725,7.65,24.8072,2.9896,4.8982,9394069.1567,3600242.5288
600036.SH,20060724,7.67,24.872,2.9974,4.911,9418628.8146,3609654.9275
600036.SH,20060721,7.64,24.7747,2.9857,4.8918,9381789.3277,3595536.3294
600036.SH,20060720,7.42,24.0613,2.8997,4.751,9111633.0905,3491999.9429
600036.SH,20060719,7.29,23.6398,2.8489,4.6677,8951995.314,3430819.3509
600036.SH,20060718,7.38,23.9316,2.8841,4.7253,9062513.7747,3473175.1454
600036.SH,20060717,7.48,24.2559,2.9232,4.7894,9185312.0643,3520237.1392
600036.SH,20060714,7.4,23.9965,2.8919,4.7381,9087073.4326,3482587.5442
600036.SH,20060713,7.29,23.6398,2.8489,4.6677,8951995.314,3430819.3509
600036.SH,20060712,7.61,24.6774,2.974,4.8726,9344949.8408,3581417.7312
600036.SH,20060711,7.67,24.872,2.9974,4.911,9418628.8146,3609654.9275
600036.SH,20060710,7.63,24.7423,2.9818,4.8854,9369509.4988,3590830.13
600036.SH,20060707,7.45,24.1586,2.9115,4.7702,9148472.5774,3506118.5411
600036.SH,20060706,7.61,24.6774,2.974,4.8726,9344949.8408,3581417.7312
600036.SH,20060705,7.56,24.5153,2.9544,4.8406,9283550.696,3557886.7343
600036.SH,20060704,7.9,25.6178,3.0873,5.0583,9701064.8808,3717897.5134
600036.SH,20060703,7.96,25.8114,3.1106,5.0965,9774345.7726,3745736.6277
600036.SH,20060630,7.71,25.0007,3.0129,4.9364,9467362.5511,3628094.1457
600036.SH,20060629,7.71,25.0007,3.0129,4.9364,9467362.5511,3628094.1457
600036.SH,20060628,7.49,24.2873,2.927,4.7956,9197217.3161,3524568.7615
600036.SH,20060627,7.54,24.4495,2.9465,4.8276,9258613.9604,3548097.2579
600036.SH,20060626,7.6,24.644,2.97,4.866,9332289.9336,3576331.4536
600036.SH,20060623,7.34,23.8009,2.8683,4.6995,9013027.3832,3453983.2723
600036.SH,20060622,7.34,23.8009,2.8683,4.6995,9013027.3832,3453983.2723
600036.SH,20060621,7.17,23.2497,2.8019,4.5907,8804278.7926,3373986.3845
600036.SH,20060620,7.18,23.2821,2.8058,4.5971,8816558.1215,3378692.0838
600036.SH,20060619,7.18,23.2821,2.8058,4.5971,8816558.1215,3378692.0838
600036.SH,20060616,7.16,23.2173,2.798,4.5843,8791999.4638,3369280.6852
600036.SH,20060615,7.02,22.7633,2.6601,4.4947,8620088.8597,3303400.8953
600036.SH,20060614,6.96,22.5687,2.6374,4.4562,8546412.8866,3275166.6996
600036.SH,20060613,6.99,22.666,2.6488,4.4754,8583250.8731,3289283.7974
600036.SH,20060612,7.0,22.6984,2.6526,4.4818,8595530.202,3293989.4967
600036.SH,20060609,6.78,21.9851,2.5692,4.341,8325384.9671,3190464.1125
600036.SH,20060608,6.91,22.4066,2.6185,4.4242,8485016.2423,3251638.2032
600036.SH,20060607,6.85,22.212,2.5957,4.3858,8411340.2691,3223404.0075
600036.SH,20060606,7.2,23.347,2.7283,4.6099,8841116.7792,3388103.4823
600036.SH,20060605,7.19,23.3145,2.7246,4.6035,8828837.4503,3383397.783
600036.SH,20060602,7.17,23.2497,2.717,4.5907,8804278.7926,3373986.3845
600036.SH,20060601,7.31,23.7036,2.77,4.6803,8976189.3967,3439866.1744
600036.SH,20060531,7.23,23.4442,2.7397,4.6291,8877954.7658,3402220.5802
600036.SH,20060530,7.31,23.7036,2.77,4.6803,8976189.3967,3439866.1744
600036.SH,20060529,7.44,24.1252,2.8193,4.7636,9135820.6718,3501040.2651
600036.SH,20060526,7.39,23.9631,2.8003,4.7315,9074424.0275,3477511.7687
600036.SH,20060525,7.33,23.7685,2.7776,4.6931,9000748.0544,3449277.573
600036.SH,20060524,7.18,23.2821,2.7208,4.5971,8816558.1215,3378692.0838
600036.SH,20060523,7.02,22.7633,2.6601,4.4947,8620088.8597,3303400.8953
600036.SH,20060522,7.22,23.4118,2.7359,4.6227,8865675.4369,3397514.8809
600036.SH,20060519,7.38,23.9306,2.7966,4.7251,9062144.6987,3472806.0694
600036.SH,20060518,7.15,23.1848,2.7094,4.5779,8779720.1349,3364574.9859
600036.SH,20060517,7.34,23.8009,2.7814,4.6995,9013027.3832,3453983.2723
600036.SH,20060515,7.41,24.0279,2.8079,4.7444,9098982.6853,3486923.1672
600036.SH,20060512,7.38,23.9306,2.7966,4.7251,9062144.6987,3472806.0694
600036.SH,20060511,7.31,23.7036,2.77,4.6803,8976189.3967,3439866.1744
600036.SH,20060510,7.52,24.3846,2.8496,4.8148,9234055.3027,3538685.8593
600036.SH,20060509,7.65,24.8061,2.8989,4.898,9393686.5779,3599859.95
600036.SH,20060508,7.53,24.417,2.8534,4.8212,9246334.6316,3543391.5586
600036.SH,20060428,7.19,23.3145,2.7246,4.6035,8828837.4503,3383397.783
600036.SH,20060427,6.54,21.2068,2.4782,4.1873,8030681.0744,3077527.3298
600036.SH,20060426,6.63,21.4987,3.1315,4.2449,8141195.0342,3119878.6233
600036.SH,20060425,6.4,20.7529,3.0229,4.0977,7858770.4704,3011647.5398
600036.SH,20060424,6.53,21.1744,3.0843,4.1809,8018401.7456,3072821.6305
600036.SH,20060421,6.68,21.6608,3.1552,4.277,8202591.6785,3143407.1197
600036.SH,20060420,6.51,21.1095,3.0749,4.1681,7993843.0879,3063410.2319
600036.SH,20060419,6.56,21.2717,3.0985,4.2001,8055239.7322,3086938.7283
600036.SH,20060418,6.62,21.4662,3.1268,4.2385,8128915.7053,3115172.924
600036.SH,20060414,6.67,21.6284,3.1504,4.2706,8190312.3496,3138701.4204
600036.SH,20060413,6.51,21.1095,3.0749,4.1681,7993843.0879,3063410.2319
600036.SH,20060412,6.71,21.7581,3.1693,4.2962,8239429.6651,3157524.2176
600036.SH,20060411,6.75,26.3623,3.5186,5.3896,8288546.9805,3176347.0147
600036.SH,20060410,6.79,26.5186,3.5395,5.4215,8337664.2959,3195169.8118
600036.SH,20060407,6.65,25.9718,3.4665,5.3097,8165753.6919,3129290.0219
600036.SH,20060406,6.81,26.5967,3.5499,5.4375,8362222.9537,3204581.2104
600036.SH,20060405,6.9,26.9482,3.5968,5.5094,8472736.9134,3246932.5039
600036.SH,20060404,6.91,26.9872,3.602,5.5173,8485016.2423,3251638.2032
600036.SH,20060403,6.69,26.1274,3.4873,5.3416,8214693.4233,3147935.2349
600036.SH,20060331,6.43,25.112,3.3517,5.134,7895437.7746,3025593.9553
600036.SH,20060330,6.48,25.3073,3.3778,5.1739,7956833.0916,3049121.1244
600036.SH,20060329,6.5,25.3854,3.3882,5.1899,7981391.2185,3058531.9921
600036.SH,20060328,6.46,25.2292,3.3674,5.1579,7932274.9648,3039710.2568
600036.SH,20060327,6.41,25.0339,3.3413,5.118,7870879.6477,3016183.0876
600036.SH,20060324,6.25,24.409,3.2579,4.9903,7674414.6331,2940896.1463
600036.SH,20060323,6.37,24.8777,3.3205,5.0861,7821763.3941,2997361.3523
600036.SH,20060322,6.44,25.1511,3.357,5.142,7907716.838,3030299.3891
600036.SH,20060321,6.39,24.9558,3.3309,5.102,7846321.5209,3006772.2199
600036.SH,20060320,6.28,24.5262,3.2736,5.0142,7711251.8234,2955012.4478
600036.SH,20060317,6.16,24.0576,3.211,4.9184,7563903.0624,2898547.2417
600036.SH,20060316,6.28,24.5262,3.2736,5.0142,7711251.8234,2955012.4478
600036.SH,20060315,6.27,24.4871,3.2683,5.0062,7698972.76,2950307.0139
600036.SH,20060314,6.18,24.1357,3.2214,4.9344,7588461.1892,2907958.1094
600036.SH,20060313,6.28,24.5262,3.2736,5.0142,7711251.8234,2955012.4478
600036.SH,20060310,6.17,24.0966,3.2162,4.9264,7576182.1258,2903252.6756
600036.SH,20060309,6.09,23.7842,3.1745,4.8625,7477949.6185,2865609.2049
600036.SH,20060308,6.15,24.0185,3.2058,4.9104,7551623.999,2893841.8079
600036.SH,20060307,6.12,23.9013,3.1902,4.8865,7514786.8088,2879725.5064
600036.SH,20060306,6.31,24.6434,3.2892,5.0382,7748089.0136,2969128.7493
600036.SH,20060303,6.28,24.5262,3.2736,5.0142,7711251.8234,2955012.4478
600036.SH,20060302,6.37,24.8777,3.3205,5.0861,7821763.3941,2997361.3523
600036.SH,20060301,6.62,25.8541,3.4508,5.2857,8128739.9794,3114997.1981
600036.SH,20060228,6.69,26.1274,3.4873,5.3416,8214693.4233,3147935.2349
600036.SH,20060227,6.66,26.0103,3.4716,5.3176,8177856.2331,3133818.9334
600036.SH,20060111,7.68,25.3412,3.3823,5.1808,7967496.0492,2151990.8045
600036.SH,20060110,7.78,25.6712,3.4264,5.2483,8071239.4873,2180011.5181
600036.SH,20060109,7.5,24.7473,3.3031,5.0594,7780757.8605,2101553.52
600036.SH,20060106,7.58,25.0112,3.3383,5.1134,7863752.611,2123970.0909
600036.SH,20060105,7.47,24.6445,3.2893,5.0384,7748435.4332,2091947.91
600036.SH,20060104,7.24,23.8857,3.1881,4.8833,7509862.4546,2027537.1979
600036.SH,20051216,6.58,21.5683,2.8788,4.4095,6781274.1908,1798718.9161
600036.SH,20051215,6.65,21.7978,2.9094,4.4564,6853415.4056,1817854.2237
600036.SH,20051214,6.67,21.8633,2.9181,4.4698,6874027.1813,1823321.4545
600036.SH,20051213,6.59,21.6011,2.8831,4.4162,6791580.0787,1801452.5315
600036.SH,20051212,6.65,21.7978,2.9094,4.4564,6853415.4056,1817854.2237
600036.SH,20051209,6.69,21.9289,2.9269,4.4832,6894638.9569,1828788.6852
600036.SH,20051208,6.58,21.5683,2.8788,4.4095,6781274.1908,1798718.9161
600036.SH,20051207,6.62,21.6995,2.8963,4.4363,6822497.7421,1809653.3776
600036.SH,20051206,6.53,21.4044,2.8569,4.376,6729744.7517,1785050.8392
600036.SH,20051205,6.43,21.0767,2.8131,4.309,6626685.8734,1757714.6855
600036.SH,20051202,6.47,21.2078,2.8306,4.3358,6667909.4247,1768649.147
600036.SH,20051201,6.47,21.2078,2.8306,4.3358,6667909.4247,1768649.147
600036.SH,20051130,6.42,21.0439,2.8088,4.3023,6616379.9856,1754981.0701
600036.SH,20051129,6.3,20.6505,2.7563,4.2219,6492709.3316,1722177.6856
600036.SH,20051128,6.36,20.8472,2.7825,4.2621,6554544.6586,1738579.3779
600036.SH,20051125,6.4,20.9783,2.8,4.2889,6595768.2099,1749513.8394
600036.SH,20051124,6.34,20.7817,2.7738,4.2487,6533932.883,1733112.1471
600036.SH,20051123,6.2,20.3228,2.7125,4.1548,6389650.4534,1694841.5319
600036.SH,20051122,6.1,19.995,2.6688,4.0878,6286591.5751,1667505.3781
600036.SH,20051121,6.19,20.29,2.7081,4.1481,6379344.5655,1692107.9165
600036.SH,20051118,6.27,20.5522,2.7431,4.2018,6461791.6682,1713976.8395
600036.SH,20051117,6.09,19.9622,2.6644,4.0811,6276285.6873,1664771.7628
600036.SH,20051116,6.09,19.9622,2.6644,4.0811,6276285.6873,1664771.7628
600036.SH,20051115,6.0,19.6672,2.625,4.0208,6183532.6968,1640169.2244
600036.SH,20051114,6.07,19.8966,2.6556,4.0677,6255673.9116,1659304.532
600036.SH,20051111,6.11,20.0277,2.6731,4.0945,6296897.4629,1670238.9935
600036.SH,20051110,6.07,19.8966,2.6556,4.0677,6255673.9116,1659304.532
600036.SH,20051109,6.1,19.995,2.6688,4.0878,6286591.5751,1667505.3781
600036.SH,20051108,6.11,20.0277,2.6731,4.0945,6296897.4629,1670238.9935
600036.SH,20051107,6.05,19.8311,2.6469,4.0543,6235062.1359,1653837.3013
600036.SH,20051104,6.26,20.5194,2.7388,4.1951,6451485.7803,1711243.2241
600036.SH,20051103,6.22,20.3883,2.7213,4.1682,6410262.229,1700308.7626
600036.SH,20051102,6.29,20.6178,2.7519,4.2152,6482403.4438,1719444.0702
600036.SH,20051101,6.26,20.5194,2.7388,4.1951,6451485.7803,1711243.2241
600036.SH,20051031,6.28,20.585,2.7475,4.2085,6472097.556,1716710.4549
600036.SH,20051028,6.19,20.29,2.7081,4.1481,6379344.5655,1692107.9165
600036.SH,20051027,6.29,20.6178,2.9118,4.2152,6482403.4438,1719444.0702
600036.SH,20051026,6.21,20.3555,2.8748,4.1615,6399956.3412,1697575.1473
600036.SH,20051025,6.34,20.7817,2.935,4.2487,6533932.883,1733112.1471
600036.SH,20051024,6.39,20.9455,2.9581,4.2822,6585462.3221,1746780.224
600036.SH,20051021,6.45,21.1422,2.9859,4.3224,6647297.6491,1763181.9162
600036.SH,20051020,6.42,21.0439,2.972,4.3023,6616379.9856,1754981.0701
600036.SH,20051019,6.25,20.4866,2.8933,4.1884,6441179.8925,1708509.6088
600036.SH,20051018,6.27,20.5522,2.9026,4.2018,6461791.6682,1713976.8395
600036.SH,20051017,6.3,20.6505,2.9164,4.2219,6492709.3316,1722177.6856
600036.SH,20051014,6.3,20.6505,2.9164,4.2219,6492709.3316,1722177.6856
600036.SH,20051013,6.4,20.9783,2.9627,4.2889,6595768.2099,1749513.8394
600036.SH,20051012,6.48,21.2406,2.9998,4.3425,6678215.3125,1771382.7624
600036.SH,20051011,6.45,21.1422,2.9859,4.3224,6647297.6491,1763181.9162
600036.SH,20051010,6.35,20.7468,2.93,4.2415,6522958.9537,1714565.9454
600036.SH,20050930,6.29,20.5507,2.9023,4.2015,6461324.6958,1698365.3223
600036.SH,20050929,6.3,20.5834,2.907,4.2081,6471597.0722,1701065.4261
600036.SH,20050928,6.2,20.2567,2.8608,4.1413,6368873.3091,1674064.3876
600036.SH,20050927,6.2,20.2567,2.8608,4.1413,6368873.3091,1674064.3876
600036.SH,20050926,6.34,20.7141,2.9254,4.2348,6512686.5774,1711865.8415
600036.SH,20050923,6.34,20.7141,2.9254,4.2348,6512686.5774,1711865.8415
600036.SH,20050922,6.37,20.8121,2.9393,4.2549,6543503.7063,1719966.1531
600036.SH,20050921,6.47,21.1388,2.9854,4.3217,6646227.4693,1746967.1916
600036.SH,20050919,6.8,22.217,3.1377,4.5421,6985215.8874,1836070.6187
600036.SH,20050916,6.85,22.3804,3.1607,4.5755,7036577.7689,1849571.1379
600036.SH,20050915,6.83,22.315,3.1515,4.5621,7016033.0163,1844170.9302
600036.SH,20050914,6.9,22.5437,3.1838,4.6089,7087939.6505,1863071.6572
600036.SH,20050913,6.82,22.2823,3.1469,4.5555,7005760.64,1841470.8264
600036.SH,20050912,6.8,22.217,3.1377,4.5421,6985215.8874,1836070.6187
600036.SH,20050909,6.83,22.315,3.1515,4.5621,7016033.0163,1844170.9302
600036.SH,20050908,6.87,22.4457,3.17,4.5889,7057122.5215,1854971.3456
600036.SH,20050907,6.78,22.1516,3.1284,4.5287,6964671.1348,1830670.411
600036.SH,20050906,6.7,21.8903,3.0915,4.4753,6882492.1244,1809069.5802
600036.SH,20050905,6.79,22.1843,3.1331,4.5354,6974943.5111,1833370.5148
600036.SH,20050902,6.84,22.3477,3.1561,4.5688,7026305.3926,1846871.0341
600036.SH,20050901,6.87,22.4457,3.17,4.5889,7057122.5215,1854971.3456
600036.SH,20050831,6.75,22.0536,3.1146,4.5087,6933854.0059,1822570.0994
600036.SH,20050830,6.78,22.1516,3.1284,4.5287,6964671.1348,1830670.411
600036.SH,20050829,6.79,22.1843,3.1331,4.5354,6974943.5111,1833370.5148
600036.SH,20050826,6.83,22.315,3.1515,4.5621,7016033.0163,1844170.9302
600036.SH,20050825,6.73,21.9883,3.1054,4.4954,6913309.2533,1817169.8917
600036.SH,20050824,6.72,21.9556,3.1008,4.4887,6903036.877,1814469.7879
600036.SH,20050823,6.65,21.7269,3.0685,4.4419,6831130.2428,1795569.0609
600036.SH,20050822,6.72,21.9556,3.1008,4.4887,6903036.877,1814469.7879
600036.SH,20050819,6.68,21.8249,3.0823,4.462,6861947.3717,1803669.3725
600036.SH,20050818,6.63,21.6616,3.2152,4.4286,6810585.4902,1790168.8532
600036.SH,20050817,6.89,22.511,3.3413,4.6022,7077667.2741,1860371.5533
600036.SH,20050816,6.84,22.3477,3.317,4.5688,7026305.3926,1846871.0341
600036.SH,20050815,7.0,22.8704,3.3946,4.6757,7190663.4135,1890072.6957
600036.SH,20050812,6.88,22.4784,3.3364,4.5955,7067394.8978,1857671.4495
600036.SH,20050811,7.09,23.1645,3.4383,4.7358,7283114.8002,1914373.6304
600036.SH,20050810,6.87,22.4457,3.3316,4.5889,7057122.5215,1854971.3456
600036.SH,20050809,6.82,22.2823,3.3073,4.5555,7005760.64,1841470.8264
600036.SH,20050808,6.85,22.3804,3.3219,4.5755,7036577.7689,1849571.1379
600036.SH,20050805,6.84,22.3477,3.317,4.5688,7026305.3926,1846871.0341
600036.SH,20050804,6.66,21.7596,3.2297,4.4486,6841402.6191,1798269.1648
600036.SH,20050803,6.75,22.0536,3.2734,4.5087,6933854.0059,1822570.0994
600036.SH,20050802,6.78,22.1516,3.2879,4.5287,6964671.1348,1830670.411
600036.SH,20050801,6.66,21.7596,3.2297,4.4486,6841402.6191,1798269.1648
600036.SH,20050729,6.72,21.9556,3.2588,4.4887,6903036.877,1814469.7879
600036.SH,20050728,6.71,21.9229,3.254,4.482,6892764.5007,1811769.684
600036.SH,20050727,6.71,21.9229,3.254,4.482,6892764.5007,1811769.684
600036.SH,20050726,6.67,21.7923,3.2346,4.4553,6851674.9954,1800969.2686
600036.SH,20050725,6.56,21.4329,3.1813,4.3818,6738678.8561,1771268.1263
600036.SH,20050722,6.57,21.4655,3.1861,4.3885,6748951.2324,1773968.2301
600036.SH,20050721,6.32,20.6487,3.0649,4.2215,6492141.8248,1706465.6338
600036.SH,20050720,6.33,20.6814,3.0697,4.2282,6502414.2011,1709165.7377
600036.SH,20050719,6.3,20.5834,3.0552,4.2081,6471597.0722,1701065.4261
600036.SH,20050718,6.3,20.5834,3.0552,4.2081,6471597.0722,1701065.4261
600036.SH,20050715,6.28,20.518,3.0455,4.1948,6451052.3195,1695665.2184
600036.SH,20050714,6.29,20.5507,3.0503,4.2015,6461324.6958,1698365.3223
600036.SH,20050713,6.23,20.3547,3.0212,4.1614,6399690.438,1682164.6992
600036.SH,20050712,6.3,20.5834,3.0552,4.2081,6471597.0722,1701065.4261
600036.SH,20050711,5.95,19.4399,2.8854,3.9743,6112063.9015,1606561.7913
600036.SH,20050708,5.9,19.2765,2.8612,3.9409,6060702.02,1593061.2721
600036.SH,20050707,5.93,19.3745,2.8757,3.961,6091519.1489,1601161.5836
600036.SH,20050706,5.96,19.4725,2.8903,3.981,6122336.2778,1609261.8952
600036.SH,20050705,5.99,19.5706,2.9048,4.0011,6153153.4067,1617362.2067
600036.SH,20050704,6.0,19.6032,2.9097,4.0077,6163425.783,1620062.3106
600036.SH,20050701,5.92,19.3418,2.8709,3.9543,6081241.9288,1598456.636
600036.SH,20050630,6.06,19.7992,2.9388,4.0478,6225055.0825,1636257.9754
600036.SH,20050629,6.07,19.8319,2.9436,4.0545,6235327.4507,1638958.0711
600036.SH,20050628,6.17,20.1586,2.9921,4.1213,6338051.1319,1665959.0278
600036.SH,20050627,6.25,20.42,3.0309,4.1747,6420230.0769,1687559.7931
600036.SH,20050624,6.14,20.0606,2.9776,4.1013,6307234.0275,1657858.7408
600036.SH,20050623,6.12,19.9953,2.9679,4.0879,6286689.2913,1652458.5494
600036.SH,20050622,6.2,20.2567,3.0067,4.1413,6368868.2363,1674059.3148
600036.SH,20050621,6.02,19.6686,2.9194,4.0211,6183965.61,1625457.5927
600036.SH,20050620,6.19,20.224,3.0018,4.1347,6358595.8681,1114239.4792
600036.SH,20050617,8.9,19.3854,2.7785,3.9632,6094938.4194,1602056.7633
600036.SH,20050616,8.85,19.2763,2.7629,3.9409,6060640.7479,1593000.0
600036.SH,20050615,8.58,18.6882,2.6786,3.8207,5875739.8437,1544400.0
600036.SH,20050614,8.73,19.0149,2.7254,3.8875,5978462.5682,1571400.0
600036.SH,20050613,8.88,19.3417,2.7723,3.9543,6081185.2928,1598400.0
600036.SH,20050610,8.9,19.3852,2.7785,3.9632,6094881.656,1602000.0
600036.SH,20050609,8.82,19.211,2.7535,3.9275,6040096.203,1587600.0
600036.SH,20050608,8.93,19.4506,2.7879,3.9765,6115426.2009,1607400.0
600036.SH,20050607,8.36,18.209,2.6099,3.7227,5725079.8477,1504800.0
600036.SH,20050606,8.38,18.2526,2.6162,3.7316,5738776.211,1508400.0
600036.SH,20050603,8.17,17.7952,2.5506,3.6381,5594964.3966,1470600.0
600036.SH,20050602,8.02,17.4685,2.5038,3.5713,5492241.6721,1443600.0
600036.SH,20050601,8.33,18.1437,2.6006,3.7094,5704535.3028,1499400.0
600036.SH,20050531,8.5,18.514,2.6536,3.7851,5820954.3906,1530000.0
600036.SH,20050530,8.4,18.2962,2.6224,3.7405,5752472.5742,1512000.0
600036.SH,20050527,8.47,18.4486,2.6443,3.7717,5800409.8457,1524600.0
600036.SH,20050526,8.55,18.6229,2.6692,3.8073,5855195.2988,1539000.0
600036.SH,20050525,8.63,18.7971,2.6942,3.8429,5909980.7519,1553400.0
600036.SH,20050524,8.53,18.5793,2.663,3.7984,5841498.9355,1535400.0
600036.SH,20050523,8.47,18.4486,2.6443,3.7717,5800409.8457,1524600.0
600036.SH,20050520,8.78,19.1238,2.741,3.9097,6012703.4764,1580400.0
600036.SH,20050519,8.8,19.1674,2.7473,3.9186,6026399.8397,1584000.0
600036.SH,20050518,8.78,19.1238,2.741,3.9097,6012703.4764,1580400.0
600036.SH,20050516,8.7,18.9496,2.7161,3.8741,5957918.0233,1566000.0
600036.SH,20050513,8.76,19.0803,2.7348,3.9008,5999007.1131,1576800.0
600036.SH,20050512,8.6,18.7318,2.6849,3.8296,5889436.207,1548000.0
600036.SH,20050511,9.11,19.8426,2.8441,4.0567,6238693.4704,1639800.0
600036.SH,20050510,9.24,20.1258,2.8847,4.1146,6327719.8317,1663200.0
600036.SH,20050509,9.15,19.9297,2.8566,4.0745,6266086.1969,1647000.0
600036.SH,20050429,9.3,20.2565,2.9034,4.1413,6368808.9215,1674000.0
600036.SH,20050428,9.21,20.0604,2.8753,4.1012,6307175.2868,1657800.0
600036.SH,20050427,9.11,19.8426,2.8441,4.0567,6238693.4704,1639800.0
600036.SH,20050426,9.05,19.7119,2.9681,4.03,6197604.3806,1629000.0
600036.SH,20050425,9.17,19.9733,3.0074,4.0834,6279782.5602,1650600.0
600036.SH,20050422,9.12,19.8644,2.991,4.0611,6245541.652,1641600.0
600036.SH,20050421,8.99,19.5812,2.9484,4.0032,6156515.2908,1618200.0
600036.SH,20050420,8.94,19.4723,2.932,3.981,6122274.3826,1609200.0
600036.SH,20050419,9.06,19.7337,2.9713,4.0344,6204452.5622,1630800.0
600036.SH,20050418,8.92,19.4288,2.9254,3.9721,6108578.0193,1605600.0
600036.SH,20050415,8.91,19.407,2.9222,3.9676,6101729.8377,1603800.0
600036.SH,20050414,8.96,19.5159,2.9385,3.9899,6135970.7459,1612800.0
600036.SH,20050413,9.12,19.8644,2.991,4.0611,6245541.652,1641600.0
600036.SH,20050412,9.01,19.6248,2.9549,4.0122,6170211.654,1621800.0
600036.SH,20050411,9.14,19.908,2.9976,4.07,6259238.0153,1645200.0
600036.SH,20050408,9.25,20.1476,3.0337,4.119,6334568.0133,1665000.0
600036.SH,20050407,9.15,19.9297,3.0009,4.0745,6266086.1969,1647000.0
600036.SH,20050406,8.99,19.5812,2.9484,4.0032,6156515.2908,1618200.0
600036.SH,20050405,8.79,19.1456,2.8828,3.9142,6019551.658,1582200.0
600036.SH,20050404,8.79,19.1456,2.8828,3.9142,6019551.658,1582200.0
600036.SH,20050401,8.89,19.3634,2.9156,3.9587,6088033.4744,1600200.0
600036.SH,20050331,8.65,18.8407,2.8369,3.8518,5923677.1151,1557000.0
600036.SH,20050330,8.55,26.2575,2.8886,5.3007,5855195.2988,1539000.0
600036.SH,20050329,8.66,26.5954,2.9258,5.3689,5930525.2968,1558800.0
600036.SH,20050328,8.62,26.4725,2.9123,5.3441,5903132.5702,1551600.0
600036.SH,20050325,8.55,26.2575,2.8886,5.3007,5855195.2988,1539000.0
600036.SH,20050324,8.59,26.3804,2.9021,5.3255,5882588.0253,1546200.0
600036.SH,20050323,8.56,26.2883,2.892,5.3069,5862043.4804,1540800.0
600036.SH,20050322,8.44,25.9197,2.8515,5.2325,5779865.3008,1519200.0
600036.SH,20050321,8.51,26.1347,2.8751,5.2759,5827802.5722,1531800.0
600036.SH,20050318,8.45,25.9504,2.8548,5.2387,5786713.4824,1521000.0
600036.SH,20050317,8.35,25.6433,2.8211,5.1767,5718231.6661,1503000.0
600036.SH,20050316,8.33,25.5819,2.8143,5.1643,5704535.3028,1499400.0
600036.SH,20050315,8.34,25.6126,2.8177,5.1705,5711383.4844,1501200.0
600036.SH,20050314,8.51,26.1347,2.8751,5.2759,5827802.5722,1531800.0
600036.SH,20050311,8.46,25.9811,2.8582,5.2449,5793561.6641,1522800.0
600036.SH,20050310,8.45,25.9504,2.8548,5.2387,5786713.4824,1521000.0
600036.SH,20050309,8.57,26.319,2.8954,5.3131,5868891.6621,1542600.0
600036.SH,20050308,8.81,27.056,2.9765,5.4619,6033248.0213,1585800.0
600036.SH,20050307,8.77,26.9332,2.963,5.4371,6005855.2948,1578600.0
600036.SH,20050304,8.65,26.5646,2.9224,5.3627,5923677.1151,1557000.0
600036.SH,20050303,8.66,26.5954,2.9258,5.3689,5930525.2968,1558800.0
600036.SH,20050302,8.6,26.4111,2.9055,5.3317,5889436.207,1548000.0
600036.SH,20050301,8.74,26.841,2.9528,5.4185,5985310.7499,1573200.0
600036.SH,20050228,8.72,26.7796,2.9461,5.4061,5971614.3866,1569600.0
600036.SH,20050225,8.97,27.5474,3.0305,5.5611,6142818.9275,1614600.0
600036.SH,20050224,8.89,27.3017,3.0035,5.5115,6088033.4744,1600200.0
600036.SH,20050223,8.9,27.3324,3.0069,5.5177,6094881.656,1602000.0
600036.SH,20050222,9.09,27.9159,3.0711,5.6355,6224997.1071,1636200.0
600036.SH,20050221,9.02,27.7009,3.0474,5.5921,6177059.8357,1623600.0
600036.SH,20050218,8.81,27.056,2.9765,5.4619,6033248.0213,1585800.0
600036.SH,20050217,8.96,27.5167,3.0271,5.5549,6135970.7459,1612800.0
600036.SH,20050216,9.06,27.8238,3.0609,5.6169,6204452.5622,1630800.0
600036.SH,20050204,9.08,27.8852,3.0677,5.6293,6218148.9255,1634400.0
600036.SH,20050203,8.71,26.7489,2.9427,5.3999,5964766.205,1567800.0
600036.SH,20050202,8.85,27.1789,2.99,5.4867,6060640.7479,1593000.0
600036.SH,20050201,8.6,26.4111,2.9055,5.3317,5889436.207,1548000.0
600036.SH,20050131,8.48,26.0426,2.865,5.2573,5807258.0273,1526400.0
600036.SH,20050128,8.44,25.9197,2.8515,5.2325,5779865.3008,1519200.0
600036.SH,20050127,8.4,25.7969,2.838,5.2077,5752472.5742,1512000.0
600036.SH,20050126,8.55,26.2575,2.8886,5.3007,5855195.2988,1539000.0
600036.SH,20050125,8.51,26.1347,2.8751,5.2759,5827802.5722,1531800.0
600036.SH,20050124,8.6,26.4111,2.9055,5.3317,5889436.207,1548000.0
600036.SH,20050121,8.5,26.104,2.8717,5.2697,5820954.3906,1530000.0
600036.SH,20050120,8.08,24.8141,2.7298,5.0093,5533330.7619,1454400.0
600036.SH,20050119,8.07,24.7834,2.7265,5.0031,5526482.5803,1452600.0
600036.SH,20050118,8.08,24.8141,2.7298,5.0093,5533330.7619,1454400.0
600036.SH,20050117,8.02,24.6299,2.7096,4.9721,5492241.6721,1443600.0
600036.SH,20050114,8.24,25.3055,2.7839,5.1085,5642901.6681,1483200.0
600036.SH,20050113,8.26,25.3669,2.7907,5.1209,5656598.0313,1486800.0
600036.SH,20050112,8.32,25.5512,2.8109,5.1581,5697687.1212,1497600.0
600036.SH,20050111,8.28,25.4284,2.7974,5.1333,5670294.3946,1490400.0
600036.SH,20050110,8.3,25.4898,2.8042,5.1457,5683990.7579,1494000.0
600036.SH,20050107,8.01,24.5992,2.7062,4.9659,5485393.4904,1441800.0
600036.SH,20050106,8.01,24.5992,2.7062,4.9659,5485393.4904,1441800.0
600036.SH,20050105,8.17,25.0905,2.7602,5.0651,5594964.3966,1470600.0
600036.SH,20050104,8.17,25.0905,2.7602,5.0651,5594964.3966,1470600.0
600036.SH,20041231,8.35,25.6433,2.8211,5.1767,5718231.6661,1503000.0
600036.SH,20041230,8.3,25.4898,2.8042,5.1457,5683990.7579,1494000.0
600036.SH,20041229,8.29,25.4591,2.8008,5.1395,5677142.5762,1492200.0
600036.SH,20041228,8.35,25.6433,2.8211,5.1767,5718231.6661,1503000.0
600036.SH,20041227,8.3,25.4898,2.8042,5.1457,5683990.7579,1494000.0
600036.SH,20041224,8.52,26.1654,2.8785,5.2821,5834650.7539,1533600.0
600036.SH,20041223,8.56,26.2883,2.892,5.3069,5862043.4804,1540800.0
600036.SH,20041222,8.65,26.5646,2.9224,5.3627,5923677.1151,1557000.0
600036.SH,20041221,8.48,26.0426,2.865,5.2573,5807258.0273,1526400.0
600036.SH,20041220,8.52,26.1654,2.8785,5.2821,5834650.7539,1533600.0
600036.SH,20041217,8.64,26.5339,2.919,5.3565,5916828.9335,1555200.0
600036.SH,20041216,8.73,26.8103,2.9494,5.4123,5978462.5682,1571400.0
600036.SH,20041215,8.65,26.5646,2.9224,5.3627,5923677.1151,1557000.0
600036.SH,20041214,8.64,26.5339,2.919,5.3565,5916828.9335,1555200.0
600036.SH,20041213,8.65,26.5646,2.9224,5.3627,5923677.1151,1557000.0
600036.SH,20041210,8.69,26.6875,2.9359,5.3875,5951069.8417,1564200.0
600036.SH,20041209,8.69,26.6875,2.9359,5.3875,5951069.8417,1564200.0
600036.SH,20041208,8.67,26.6261,2.9292,5.3751,5937373.4784,1560600.0
600036.SH,20041207,8.6,26.4111,2.9055,5.3317,5889436.207,1548000.0
600036.SH,20041206,8.58,26.3497,2.8988,5.3193,5875739.8437,1544400.0
600036.SH,20041203,8.57,26.319,2.8954,5.3131,5868891.6621,1542600.0
600036.SH,20041202,8.57,26.319,2.8954,5.3131,5868891.6621,1542600.0
600036.SH,20041201,8.7,26.7182,2.9393,5.3937,5957918.0233,1566000.0
600036.SH,20041130,8.69,26.6875,2.9359,5.3875,5951069.8417,1564200.0
600036.SH,20041129,8.78,26.9639,2.9663,5.4433,6012703.4764,1580400.0
600036.SH,20041126,8.79,26.9946,2.9697,5.4495,6019551.658,1582200.0
600036.SH,20041125,8.81,27.056,2.9765,5.4619,6033248.0213,1585800.0
600036.SH,20041124,8.83,27.1174,2.9832,5.4743,6046944.3846,1589400.0
600036.SH,20041123,8.85,27.1789,2.99,5.4867,6060640.7479,1593000.0
600036.SH,20041122,8.96,27.5167,3.0271,5.5549,6135970.7459,1612800.0
600036.SH,20041119,9.0,27.6395,3.0407,5.5797,6163363.4724,1620000.0
600036.SH,20041118,8.87,27.2403,2.9967,5.4991,6074337.1111,1596600.0
600036.SH,20041117,8.89,27.3017,3.0035,5.5115,6088033.4744,1600200.0
600036.SH,20041116,8.98,27.5781,3.0339,5.5673,6149667.1091,1616400.0
600036.SH,20041115,8.88,27.271,3.0001,5.5053,6081185.2928,1598400.0
600036.SH,20041112,9.04,27.7624,3.0542,5.6045,6190756.1989,1627200.0
600036.SH,20041111,9.0,27.6395,3.0407,5.5797,6163363.4724,1620000.0
600036.SH,20041110,9.1,27.9466,3.0744,5.6417,6231845.2888,1638000.0
600036.SH,20041109,8.95,27.486,3.0238,5.5487,6129122.5642,1611000.0
600036.SH,20041108,8.95,27.486,3.0238,5.5487,6129122.5642,1611000.0
600036.SH,20041105,8.97,27.5474,3.0305,5.5611,6142818.9275,1614600.0
600036.SH,20041104,8.83,27.1174,2.9832,5.4743,6046944.3846,1589400.0
600036.SH,20041103,8.96,27.5167,3.0271,5.5549,6135970.7459,1612800.0
600036.SH,20041102,8.78,26.9639,2.9663,5.4433,6012703.4764,1580400.0
600036.SH,20041101,8.85,27.1789,2.99,5.4867,6060640.7479,1593000.0
600036.SH,20041029,8.85,27.1789,2.99,5.4867,6060640.7479,1593000.0
600036.SH,20041028,8.75,26.8718,2.9562,5.4247,5992158.9315,1575000.0
600036.SH,20041027,8.89,27.3017,3.1339,5.5115,6088033.4744,1600200.0
600036.SH,20041026,8.71,26.7489,3.0704,5.3999,5964766.205,1567800.0
600036.SH,20041025,8.39,25.7662,2.9576,5.2015,5745624.3926,1510200.0
600036.SH,20041022,8.41,25.8276,2.9647,5.2139,5759320.7559,1513800.0
600036.SH,20041021,8.25,25.3362,2.9083,5.1147,5649749.8497,1485000.0
600036.SH,20041020,8.65,26.5646,3.0493,5.3627,5923677.1151,1557000.0
600036.SH,20041019,8.86,27.2096,3.1233,5.4929,6067488.9295,1594800.0
600036.SH,20041018,8.85,27.1789,3.1198,5.4867,6060640.7479,1593000.0
600036.SH,20041015,8.88,27.271,3.1304,5.5053,6081185.2928,1598400.0
600036.SH,20041014,8.79,26.9946,3.0986,5.4495,6019551.658,1582200.0
600036.SH,20041013,8.9,27.3324,3.1374,5.5177,6094881.656,1602000.0
600036.SH,20041012,8.87,27.2403,3.1268,5.4991,6074337.1111,1596600.0
600036.SH,20041011,9.09,27.9159,3.2044,5.6355,6224997.1071,1636200.0
600036.SH,20041008,9.29,28.5301,3.2749,5.7595,6361960.7398,1672200.0
600036.SH,20040930,9.36,28.7451,3.2996,5.8029,6409898.0113,1684800.0
600036.SH,20040929,9.4,28.8679,3.3137,5.8277,6437290.7378,1692000.0
600036.SH,20040928,9.4,28.8679,3.3137,5.8277,6437290.7378,1692000.0
600036.SH,20040927,9.4,28.8679,3.3137,5.8277,6437290.7378,1692000.0
600036.SH,20040924,9.49,29.1443,3.3454,5.8835,6498924.3726,1708200.0
600036.SH,20040923,9.82,30.1578,3.4617,6.0881,6724914.3666,1767600.0
600036.SH,20040922,9.33,28.653,3.289,5.7843,6389353.4664,1679400.0
600036.SH,20040921,9.61,29.5129,3.3877,5.9579,6581102.5522,1729800.0
600036.SH,20040920,9.83,30.1885,3.4653,6.0943,6731762.5482,1769400.0
600036.SH,20040917,9.62,29.5436,3.3912,5.9641,6587950.7338,1731600.0
600036.SH,20040916,9.37,28.7758,3.3031,5.8091,6416746.1929,1686600.0
600036.SH,20040915,9.27,28.4687,3.2679,5.7471,6348264.3766,1668600.0
600036.SH,20040914,8.94,27.4553,3.1515,5.5425,6122274.3826,1609200.0
600036.SH,20040913,8.73,26.8103,3.0775,5.4123,5978462.5682,1571400.0
600036.SH,20040910,8.85,27.1789,3.1198,5.4867,6060640.7479,1593000.0
600036.SH,20040909,8.78,26.9639,3.0951,5.4433,6012703.4764,1580400.0
600036.SH,20040908,8.93,27.4245,3.148,5.5363,6115426.2009,1607400.0
600036.SH,20040907,9.0,27.6395,3.1727,5.5797,6163363.4724,1620000.0
600036.SH,20040906,8.86,27.2096,3.1233,5.4929,6067488.9295,1594800.0
600036.SH,20040903,8.92,27.3938,3.1445,5.5301,6108578.0193,1605600.0
600036.SH,20040902,8.96,27.5167,3.1586,5.5549,6135970.7459,1612800.0
600036.SH,20040901,9.01,27.6702,3.1762,5.5859,6170211.654,1621800.0
600036.SH,20040831,9.23,28.3459,3.2538,5.7223,6320871.65,1661400.0
600036.SH,20040830,9.12,28.008,3.215,5.6541,6245541.652,1641600.0
600036.SH,20040827,9.18,28.1923,3.2361,5.6913,6286630.7418,1652400.0
600036.SH,20040826,9.2,28.2537,3.2432,5.7037,6300327.1051,1656000.0
600036.SH,20040825,9.18,28.1923,3.2361,5.6913,6286630.7418,1652400.0
600036.SH,20040824,9.26,28.438,3.2643,5.7409,6341416.1949,1666800.0
600036.SH,20040823,9.25,28.4073,3.2608,5.7347,6334568.0133,1665000.0
600036.SH,20040820,9.42,28.9294,3.3207,5.8401,6450987.1011,1695600.0
600036.SH,20040819,9.38,28.8065,3.3066,5.8153,6423594.3746,1688400.0
600036.SH,20040818,9.39,28.8372,3.3102,5.8215,6430442.5562,1690200.0
600036.SH,20040817,9.29,28.5301,3.2749,5.7595,6361960.7398,1672200.0
600036.SH,20040816,9.21,28.2844,3.2467,5.7099,6307175.2868,1657800.0
600036.SH,20040813,9.28,28.4994,3.2714,5.7533,6355112.5582,1670400.0
600036.SH,20040812,9.16,28.1309,3.2291,5.6789,6272934.3786,1648800.0
600036.SH,20040811,9.12,28.008,3.215,5.6541,6245541.652,1641600.0
600036.SH,20040810,9.27,28.4687,3.2679,5.7471,6348264.3766,1668600.0
600036.SH,20040809,9.16,28.1309,3.2291,5.6789,6272934.3786,1648800.0
600036.SH,20040806,8.94,27.4553,3.1515,5.5425,6122274.3826,1609200.0
600036.SH,20040805,8.91,27.3631,3.2899,5.5239,6101729.8377,1603800.0
600036.SH,20040804,9.08,27.8852,3.3527,5.6293,6218148.9255,1634400.0
600036.SH,20040803,8.81,27.056,3.253,5.4619,6033248.0213,1585800.0
600036.SH,20040802,8.98,27.5781,3.3158,5.5673,6149667.1091,1616400.0
600036.SH,20040730,8.95,27.486,3.3047,5.5487,6129122.5642,1611000.0
600036.SH,20040729,8.94,27.4553,3.301,5.5425,6122274.3826,1609200.0
600036.SH,20040728,8.75,26.8718,3.2309,5.4247,5992158.9315,1575000.0
600036.SH,20040727,8.69,26.6875,3.2087,5.3875,5951069.8417,1564200.0
600036.SH,20040726,8.84,27.1481,3.2641,5.4805,6053792.5662,1591200.0
600036.SH,20040723,8.96,27.5167,3.3084,5.5549,6135970.7459,1612800.0
600036.SH,20040722,8.86,27.2096,3.2715,5.4929,6067488.9295,1594800.0
600036.SH,20040721,9.2,28.2537,3.397,5.7037,6300327.1051,1656000.0
600036.SH,20040720,9.17,28.1616,3.3859,5.6851,6279782.5602,1650600.0
600036.SH,20040719,9.22,28.3151,3.4044,5.7161,6314023.4684,1659600.0
600036.SH,20040716,9.2,28.2537,3.397,5.7037,6300327.1051,1656000.0
600036.SH,20040715,9.12,28.008,3.3675,5.6541,6245541.652,1641600.0
600036.SH,20040714,8.95,27.486,3.3047,5.5487,6129122.5642,1611000.0
600036.SH,20040713,8.84,27.1481,3.2641,5.4805,6053792.5662,1591200.0
600036.SH,20040712,8.75,26.8718,3.2309,5.4247,5992158.9315,1575000.0
600036.SH,20040709,8.88,27.271,3.2789,5.5053,6081185.2928,1598400.0
600036.SH,20040708,8.84,27.1481,3.2641,5.4805,6053792.5662,1591200.0
600036.SH,20040707,8.71,26.7489,3.2161,5.3999,5964766.205,1567800.0
600036.SH,20040706,8.79,26.9946,3.2456,5.4495,6019551.658,1582200.0
600036.SH,20040705,8.7,26.7182,3.2124,5.3937,5957918.0233,1566000.0
600036.SH,20040702,8.73,26.8103,3.2235,5.4123,5978462.5682,1571400.0
600036.SH,20040701,8.67,26.6261,3.2013,5.3751,5937373.4784,1560600.0
600036.SH,20040630,8.48,26.0426,3.1312,5.2573,5807258.0273,1526400.0
600036.SH,20040629,8.47,26.0119,3.1275,5.2511,5800409.8457,1524600.0
600036.SH,20040628,8.27,25.3976,3.0536,5.1271,5663446.213,1488600.0
600036.SH,20040624,8.36,25.674,3.0869,5.1829,5725079.8477,1504800.0
600036.SH,20040623,8.35,25.6433,3.0832,5.1767,5718231.6661,1503000.0
600036.SH,20040622,8.42,25.8583,3.109,5.2201,5766168.9375,1515600.0
600036.SH,20040621,8.3,25.4898,3.0647,5.1457,5683990.7579,1494000.0
600036.SH,20040618,8.31,25.5205,3.0684,5.1519,5690838.9395,1495800.0
600036.SH,20040617,8.54,26.2268,3.1533,5.2945,5848347.1171,1537200.0
600036.SH,20040616,8.71,26.7489,3.2161,5.3999,5964766.205,1567800.0
600036.SH,20040615,8.77,26.9332,3.2383,5.4371,6005855.2948,1578600.0
600036.SH,20040614,8.5,26.104,3.1386,5.2697,5820954.3906,1530000.0
600036.SH,20040611,8.57,26.319,3.1644,5.3131,5868891.6621,1542600.0
600036.SH,20040610,8.64,26.5339,3.1902,5.3565,5916828.9335,1555200.0
600036.SH,20040609,8.73,26.8103,3.2235,5.4123,5978462.5682,1571400.0
600036.SH,20040608,8.69,26.6875,3.2087,5.3875,5951069.8417,1564200.0
600036.SH,20040607,8.82,27.0867,3.2567,5.4681,6040096.203,1587600.0
600036.SH,20040604,8.97,27.5474,3.3121,5.5611,6142818.9275,1614600.0
600036.SH,20040603,9.0,27.6395,3.3232,5.5797,6163363.4724,1620000.0
600036.SH,20040602,9.22,28.3151,3.4044,5.7161,6314023.4684,1659600.0
600036.SH,20040601,9.27,28.4687,3.4229,5.7471,6348264.3766,1668600.0
600036.SH,20040531,9.08,27.8852,3.3527,5.6293,6218148.9255,1634400.0
600036.SH,20040528,9.01,27.6702,3.3269,5.5859,6170211.654,1621800.0
600036.SH,20040527,9.06,27.8238,3.3453,5.6169,6204452.5622,1630800.0
600036.SH,20040526,8.88,27.271,3.2789,5.5053,6081185.2928,1598400.0
600036.SH,20040525,8.88,27.271,3.2789,5.5053,6081185.2928,1598400.0
600036.SH,20040524,8.99,27.6088,3.3195,5.5735,6156515.2908,1618200.0
600036.SH,20040521,8.95,27.486,3.3047,5.5487,6129122.5642,1611000.0
600036.SH,20040520,8.89,27.3017,3.2826,5.5115,6088033.4744,1600200.0
600036.SH,20040519,8.77,26.9332,3.2383,5.4371,6005855.2948,1578600.0
600036.SH,20040518,8.71,26.7489,3.2161,5.3999,5964766.205,1567800.0
600036.SH,20040517,8.67,26.6261,3.2013,5.3751,5937373.4784,1560600.0
600036.SH,20040514,8.94,27.4553,3.301,5.5425,6122274.3826,1609200.0
600036.SH,20040513,9.09,27.9159,3.3564,5.6355,6224997.1071,1636200.0
600036.SH,20040512,9.09,27.9159,3.3564,5.6355,6224997.1071,1636200.0
600036.SH,20040511,8.94,27.4553,3.301,5.5425,6122274.3826,1341000.0
600036.SH,20040510,10.6,27.1277,3.2616,5.4764,6049227.1118,1590000.0
600036.SH,20040430,10.92,27.9466,3.3601,5.6417,6231845.2888,1638000.0
600036.SH,20040429,10.83,27.7163,3.3324,5.5952,6180483.9265,1624500.0
600036.SH,20040428,10.7,27.3836,3.2924,5.528,6106295.2921,1605000.0
600036.SH,20040427,10.51,26.8973,3.2844,5.4299,5997865.7495,1576500.0
600036.SH,20040426,10.39,26.5902,3.2469,5.3679,5929383.9332,1558500.0
600036.SH,20040423,10.34,26.4623,3.2313,5.342,5900849.843,1551000.0
600036.SH,20040422,10.49,26.8462,3.2782,5.4195,5986452.1135,1573500.0
600036.SH,20040421,10.4,26.6158,3.2501,5.373,5935090.7512,1560000.0
600036.SH,20040420,10.53,26.9485,3.2907,5.4402,6009279.3856,1579500.0
600036.SH,20040419,10.31,26.3855,3.2219,5.3265,5883729.3889,1546500.0
600036.SH,20040416,10.44,26.7182,3.2626,5.3937,5957918.0233,1566000.0
600036.SH,20040415,10.31,26.3855,3.2219,5.3265,5883729.3889,1546500.0
600036.SH,20040414,10.35,26.4879,3.2344,5.3472,5906556.6611,1552500.0
600036.SH,20040413,10.51,26.8973,3.2844,5.4299,5997865.7495,1576500.0
600036.SH,20040412,10.59,27.1021,3.3094,5.4712,6043520.2938,1588500.0
600036.SH,20040409,10.68,27.3324,3.3376,5.5177,6094881.656,1602000.0
600036.SH,20040408,10.86,27.7931,3.3938,5.6107,6197604.3806,1629000.0
600036.SH,20040407,10.99,28.1258,3.4344,5.6779,6271793.015,1648500.0
600036.SH,20040406,11.13,28.4841,3.4782,5.7502,6351688.4674,1669500.0
600036.SH,20040405,11.15,28.5352,3.4844,5.7605,6363102.1035,1672500.0
600036.SH,20040402,11.24,28.7656,3.5126,5.807,6414463.4657,1686000.0
600036.SH,20040401,11.16,28.5608,3.4876,5.7657,6368808.9215,1674000.0
600036.SH,20040331,10.95,28.0234,3.4219,5.6572,6248965.7429,1642500.0
600036.SH,20040330,10.98,28.1002,3.4313,5.6727,6266086.1969,1647000.0
600036.SH,20040329,11.11,28.4329,3.4719,5.7399,6340274.8313,1666500.0
600036.SH,20040326,11.16,28.5608,3.4876,5.7657,6368808.9215,1674000.0
600036.SH,20040325,11.12,28.4585,3.4751,5.745,6345981.6494,1668000.0
600036.SH,20040324,11.07,28.3305,3.4594,5.7192,6317447.5592,1660500.0
600036.SH,20040323,11.14,28.5096,3.4813,5.7554,6357395.2854,1671000.0
600036.SH,20040322,11.32,28.9703,3.5376,5.8483,6460118.01,1698000.0
600036.SH,20040318,11.15,28.5352,3.4844,5.7605,6363102.1035,1672500.0
600036.SH,20040317,11.29,28.8935,3.5282,5.8328,6442997.5559,1693500.0
600036.SH,20040316,11.2,28.6632,3.5001,5.7864,6391636.1936,1680000.0
600036.SH,20040315,11.26,28.8168,3.5188,5.8174,6425877.1018,1689000.0
600036.SH,20040312,10.88,27.8443,3.4001,5.621,6209018.0166,1632000.0
600036.SH,20040311,11.01,28.177,3.4407,5.6882,6283206.651,1651500.0
600036.SH,20040310,11.04,28.2537,3.4501,5.7037,6300327.1051,1656000.0
600036.SH,20040309,10.69,27.358,3.3407,5.5229,6100588.4741,1603500.0
600036.SH,20040308,10.66,27.2812,3.3313,5.5074,6083468.02,1599000.0
600036.SH,20040305,10.98,28.1002,3.4313,5.6727,6266086.1969,1647000.0
600036.SH,20040304,11.1,28.4073,3.4688,5.7347,6334568.0133,1665000.0
600036.SH,20040303,11.03,28.2281,3.4469,5.6985,6294620.2871,1654500.0
600036.SH,20040302,11.15,28.5352,3.4844,5.7605,6363102.1035,1672500.0
600036.SH,20040301,11.06,28.3049,3.4563,5.714,6311740.7412,1659000.0
600036.SH,20040227,11.15,28.5352,3.4844,5.7605,6363102.1035,1672500.0
600036.SH,20040226,11.27,28.8423,3.5219,5.8225,6431583.9198,1690500.0
600036.SH,20040225,11.16,28.5608,3.4876,5.7657,6368808.9215,1674000.0
600036.SH,20040224,11.5,29.431,3.5938,5.9413,6562840.7345,1725000.0
600036.SH,20040223,11.66,29.8404,3.6438,6.024,6654149.823,1749000.0
600036.SH,20040220,12.14,31.0689,3.7938,6.272,6928077.0884,1821000.0
600036.SH,20040219,11.97,30.6338,3.7407,6.1842,6831061.1819,1795500.0
600036.SH,20040218,12.15,31.0945,3.797,6.2772,6933783.9065,1822500.0
600036.SH,20040217,12.28,40.4088,3.955,8.76,7007972.5408,1842000.0
600036.SH,20040216,12.29,40.4417,3.9582,8.7672,7013679.3589,1843500.0
600036.SH,20040213,11.76,38.6977,3.7875,8.3891,6711218.0033,1764000.0
600036.SH,20040212,11.75,38.6647,3.7843,8.3819,6705511.1853,1762500.0
600036.SH,20040211,11.98,39.4216,3.8584,8.546,6836767.9999,1797000.0
600036.SH,20040210,12.19,40.1126,3.926,8.6958,6956611.1786,1828500.0
600036.SH,20040209,12.43,40.9024,4.0033,8.867,7093574.8113,1864500.0
600036.SH,20040206,12.24,40.2771,3.9421,8.7315,6985145.2687,1836000.0
600036.SH,20040205,12.29,40.4417,3.9582,8.7672,7013679.3589,1843500.0
600036.SH,20040204,12.34,40.6062,3.9743,8.8028,7042213.449,1851000.0
600036.SH,20040203,12.1,39.8165,3.897,8.6316,6905249.8163,1815000.0
600036.SH,20040202,11.97,39.3887,3.8552,8.5389,6831061.1819,1795500.0
600036.SH,20040130,11.48,37.7763,3.6974,8.1893,6551427.0984,1722000.0
600036.SH,20040129,11.86,39.0267,3.8197,8.4604,6768286.1836,1779000.0
600036.SH,20040116,11.65,38.3357,3.7521,8.3106,6648443.005,1747500.0
600036.SH,20040115,11.59,38.1382,3.7328,8.2678,6614202.0968,1738500.0
600036.SH,20040114,11.62,38.237,3.7425,8.2892,6631322.5509,1743000.0
600036.SH,20040113,11.9,39.1583,3.8326,8.4889,6791113.4557,1785000.0
600036.SH,20040112,12.03,39.5861,3.8745,8.5817,6865302.0901,1804500.0
600036.SH,20040109,11.65,38.3357,3.7521,8.3106,6648443.005,1747500.0
600036.SH,20040108,12.05,39.6519,3.8809,8.5959,6876715.7262,1807500.0
600036.SH,20040107,11.93,39.2571,3.8423,8.5103,6808233.9098,1789500.0
600036.SH,20040106,11.79,38.7964,3.7972,8.4105,6728338.4574,1768500.0
600036.SH,20040105,11.38,37.4472,3.6652,8.118,6494358.9181,1707000.0
600036.SH,20040102,10.88,35.8019,3.5041,7.7613,6209018.0166,1632000.0
600036.SH,20031231,10.81,35.5716,3.4816,7.7114,6169070.2904,1621500.0
600036.SH,20031230,10.91,35.9006,3.5138,7.7827,6226138.4707,1636500.0
600036.SH,20031229,10.95,36.0323,3.5267,7.8113,6248965.7429,1642500.0
600036.SH,20031226,11.08,36.46,3.5685,7.904,6323154.3772,1662000.0
600036.SH,20031225,11.11,36.5588,3.5782,7.9254,6340274.8313,1666500.0
600036.SH,20031224,11.26,37.0523,3.6265,8.0324,6425877.1018,1689000.0
600036.SH,20031223,11.16,36.7233,3.5943,7.9611,6368808.9215,1674000.0
600036.SH,20031222,11.33,37.2827,3.6491,8.0823,6465824.828,1699500.0
600036.SH,20031219,11.0,36.1968,3.5428,7.8469,6277499.833,1650000.0
600036.SH,20031218,10.79,35.5058,3.4751,7.6971,6157656.6544,1618500.0
600036.SH,20031217,10.63,34.9793,3.4236,7.583,6066347.5659,1594500.0
600036.SH,20031216,10.79,35.5058,3.4751,7.6971,6157656.6544,1618500.0
600036.SH,20031215,10.92,35.9335,3.517,7.7899,6231845.2888,1638000.0
600036.SH,20031212,11.01,36.2297,3.546,7.8541,6283206.651,1651500.0
600036.SH,20031211,10.98,36.131,3.5363,7.8327,6266086.1969,1647000.0
600036.SH,20031210,10.56,34.7489,3.4011,7.533,6026399.8397,1584000.0
600036.SH,20031209,10.01,32.9391,3.2239,7.1407,5712524.848,1501500.0
600036.SH,20031208,10.21,33.5972,3.2883,7.2834,5826661.2086,1531500.0
600036.SH,20031205,10.2,33.5643,3.2851,7.2762,5820954.3906,1530000.0
600036.SH,20031204,10.19,33.5314,3.2819,7.2691,5815247.5726,1528500.0
600036.SH,20031203,9.78,32.1822,3.1498,6.9766,5581268.0333,1467000.0
600036.SH,20031202,9.78,32.1822,3.1498,6.9766,5581268.0333,1467000.0
600036.SH,20031201,9.9,32.5771,3.1885,7.0622,5649749.8497,1485000.0
600036.SH,20031128,9.55,31.4254,3.0758,6.8126,5450011.2187,1432500.0
600036.SH,20031127,9.55,31.4254,3.0758,6.8126,5450011.2187,1432500.0
600036.SH,20031126,9.8,32.248,3.1563,6.9909,5592681.6694,1470000.0
600036.SH,20031125,9.79,32.2151,3.1531,6.9838,5586974.8514,1468500.0
600036.SH,20031124,9.7,31.919,3.1241,6.9196,5535613.4891,1455000.0
600036.SH,20031121,9.35,30.7673,3.0114,6.6699,5335874.8581,1402500.0
600036.SH,20031120,9.43,31.0305,3.0371,6.727,5381529.4023,1414500.0
600036.SH,20031119,9.25,30.4382,2.9791,6.5985,5278806.6778,1387500.0
600036.SH,20031118,9.09,29.9117,2.9276,6.4844,5187497.5893,1363500.0
600036.SH,20031117,9.18,30.2079,2.9566,6.5486,5238858.9515,1377000.0
600036.SH,20031114,9.31,30.6356,2.9985,6.6413,5313047.5859,1396500.0
600036.SH,20031113,9.2,30.2737,2.963,6.5629,5250272.5876,1380000.0
600036.SH,20031112,9.29,30.5698,2.992,6.6271,5301633.9499,1393500.0
600036.SH,20031111,9.64,31.7215,3.1048,6.8768,5501372.5809,1446000.0
600036.SH,20031110,9.7,31.919,3.1241,6.9196,5535613.4891,1455000.0
600036.SH,20031107,9.62,31.6557,3.0983,6.8625,5489958.9449,1443000.0
600036.SH,20031106,9.96,32.7745,3.2078,7.105,5683990.7579,1494000.0
600036.SH,20031105,10.15,33.3998,3.269,7.2406,5792420.3005,1522500.0
600036.SH,20031104,10.19,33.5314,3.2819,7.2691,5815247.5726,1528500.0
600036.SH,20031103,9.86,32.4455,3.1756,7.0337,5626922.5776,1479000.0
600036.SH,20031031,9.75,32.0835,3.1402,6.9552,5564147.5793,1462500.0
600036.SH,20031030,9.8,32.248,3.1563,6.9909,5592681.6694,1470000.0
600036.SH,20031029,9.96,32.7745,3.2078,7.105,5683990.7579,1494000.0
600036.SH,20031028,9.67,31.8203,3.1144,6.8982,5518493.035,1450500.0
600036.SH,20031027,9.36,30.8002,3.0146,6.677,5341581.6761,1404000.0
600036.SH,20031024,9.44,31.0634,3.1431,6.7341,5387236.2203,1416000.0
600036.SH,20031023,9.44,31.0634,3.1431,6.7341,5387236.2203,1416000.0
600036.SH,20031022,9.43,31.0305,3.1397,6.727,5381529.4023,1414500.0
600036.SH,20031021,9.05,29.7801,3.0132,6.4559,5164670.3172,1357500.0
600036.SH,20031020,9.24,30.4053,3.0765,6.5914,5273099.8597,1386000.0
600036.SH,20031017,9.3,30.6027,3.0964,6.6342,5307340.7679,1395000.0
600036.SH,20031016,9.29,30.5698,3.0931,6.6271,5301633.9499,1393500.0
600036.SH,20031014,9.48,31.195,3.1564,6.7626,5410063.4924,1422000.0
600036.SH,20031013,9.6,31.5899,3.1963,6.8482,5478545.3088,1440000.0
600036.SH,20031010,9.5,31.2609,3.163,6.7769,5421477.1285,1425000.0
600036.SH,20031009,9.37,30.8331,3.1197,6.6841,5347288.4941,1405500.0
600036.SH,20031008,9.4,30.9318,3.1297,6.7056,5364408.9482,1410000.0
600036.SH,20030930,9.38,30.866,3.1231,6.6913,5352995.3121,1407000.0
600036.SH,20030929,9.33,30.7015,3.1064,6.6556,5324461.222,1399500.0
600036.SH,20030926,9.44,31.0634,3.1431,6.7341,5387236.2203,1416000.0
600036.SH,20030925,9.37,30.8331,3.1197,6.6841,5347288.4941,1405500.0
600036.SH,20030924,9.39,30.8989,3.1264,6.6984,5358702.1302,1408500.0
600036.SH,20030923,9.36,30.8002,3.1164,6.677,5341581.6761,1404000.0
600036.SH,20030922,9.2,30.2737,3.0631,6.5629,5250272.5876,1380000.0
600036.SH,20030919,9.51,31.2938,3.1664,6.784,5427183.9465,1426500.0
600036.SH,20030918,9.46,31.1292,3.1497,6.7484,5398649.8564,1419000.0
600036.SH,20030917,9.36,30.8002,3.1164,6.677,5341581.6761,1404000.0
600036.SH,20030916,9.48,31.195,3.1564,6.7626,5410063.4924,1422000.0
600036.SH,20030915,9.6,31.5899,3.1963,6.8482,5478545.3088,1440000.0
600036.SH,20030912,9.98,32.8404,3.3228,7.1193,5695404.3939,1497000.0
600036.SH,20030911,10.26,33.7617,3.4161,7.319,5855195.2988,1539000.0
600036.SH,20030910,10.16,33.4327,3.3828,7.2477,5798127.1185,1524000.0
600036.SH,20030909,10.0,32.9062,3.3295,7.1336,5706818.03,1500000.0
600036.SH,20030908,10.0,32.9062,3.3295,7.1336,5706818.03,1500000.0
600036.SH,20030905,10.01,32.9391,3.3328,7.1407,5712524.848,1501500.0
600036.SH,20030904,10.15,33.3998,3.3794,7.2406,5792420.3005,1522500.0
600036.SH,20030903,10.13,33.3339,3.3728,7.2263,5781006.6644,1519500.0
600036.SH,20030902,10.25,33.7288,3.4127,7.3119,5849488.4808,1537500.0
600036.SH,20030901,10.4,34.2224,3.4627,7.4189,5935090.7512,1560000.0
600036.SH,20030829,10.16,33.4327,3.3828,7.2477,5798127.1185,1524000.0
600036.SH,20030828,9.95,32.7416,3.3129,7.0979,5678283.9399,1492500.0
600036.SH,20030827,10.11,33.2681,3.3661,7.212,5769593.0283,1516500.0
600036.SH,20030826,10.29,33.8604,3.4261,7.3404,5872315.7529,1543500.0
600036.SH,20030825,10.51,34.5844,3.6159,7.4974,5997865.7495,1576500.0
600036.SH,20030822,10.7,35.2096,3.6812,7.6329,6106295.2921,1605000.0
600036.SH,20030821,10.85,35.7032,3.7328,7.7399,6191897.5626,1627500.0
600036.SH,20030820,10.96,36.0652,3.7707,7.8184,6254672.5609,1644000.0
600036.SH,20030819,10.92,35.9335,3.7569,7.7899,6231845.2888,1638000.0
600036.SH,20030818,10.89,35.8348,3.7466,7.7685,6214724.8347,1633500.0
600036.SH,20030815,10.93,35.9664,3.7604,7.797,6237552.1068,1639500.0
600036.SH,20030814,11.0,36.1968,3.7844,7.8469,6277499.833,1650000.0
600036.SH,20030813,11.23,36.9536,3.8636,8.011,6408756.6477,1684500.0
600036.SH,20030812,11.42,37.5788,3.9289,8.1465,6517186.1903,1713000.0
600036.SH,20030811,11.4,37.513,3.922,8.1323,6505772.5542,1710000.0
600036.SH,20030808,11.32,37.2498,3.8945,8.0752,6460118.01,1698000.0
600036.SH,20030807,11.47,37.7434,3.9461,8.1822,6545720.2804,1720500.0
600036.SH,20030806,11.34,37.3156,3.9014,8.0895,6471531.646,1701000.0
600036.SH,20030805,11.48,37.7763,3.9496,8.1893,6551427.0984,1722000.0
600036.SH,20030804,11.55,38.0066,3.9737,8.2393,6591374.8247,1732500.0
600036.SH,20030801,11.44,37.6447,3.9358,8.1608,6528599.8263,1716000.0
600036.SH,20030731,11.33,37.2827,3.898,8.0823,6465824.828,1699500.0
600036.SH,20030730,11.42,37.5788,3.9289,8.1465,6517186.1903,1713000.0
600036.SH,20030729,11.53,37.9408,3.9668,8.225,6579961.1886,1729500.0
600036.SH,20030728,11.41,37.5459,3.9255,8.1394,6511479.3722,1711500.0
600036.SH,20030725,11.38,37.4472,3.9152,8.118,6494358.9181,1707000.0
600036.SH,20030724,11.48,37.7763,3.9496,8.1893,6551427.0984,1722000.0
600036.SH,20030723,11.59,38.1382,3.9874,8.2678,6614202.0968,1738500.0
600036.SH,20030722,11.66,38.3686,4.0115,8.3177,6654149.823,1749000.0
600036.SH,20030721,11.97,39.3887,4.1182,8.5389,6831061.1819,1795500.0
600036.SH,20030718,11.96,39.3558,4.1147,8.5317,6825354.3639,1794000.0
600036.SH,20030717,12.26,40.343,4.2179,8.7458,6996558.9048,1839000.0
600036.SH,20030716,12.1,39.8165,4.1629,8.6316,6905249.8163,1815000.0
600036.SH,20030715,12.04,39.619,4.1422,8.5888,6871008.9081,1806000.0
600036.SH,20030714,11.89,39.1254,4.0906,8.4818,6785406.6377,1783500.0
600036.SH,20030711,12.01,39.5203,4.1319,8.5674,6853888.454,1801500.0
600036.SH,20030710,12.06,39.6848,4.1491,8.6031,6882422.5442,1809000.0
600036.SH,20030709,11.75,38.6647,4.0425,8.3819,6705511.1853,1762500.0
600036.SH,20030708,11.8,38.8293,4.0597,8.4176,6734045.2754,1770000.0
600036.SH,20030707,11.75,38.6647,4.0425,8.3819,6705511.1853,1762500.0
600036.SH,20030704,11.79,38.7964,4.0562,8.4105,6728338.4574,1768500.0
600036.SH,20030703,11.94,39.29,4.1078,8.5175,6813940.7278,1791000.0
600036.SH,20030702,11.88,39.0925,4.0872,8.4747,6779699.8196,1782000.0
600036.SH,20030701,11.38,37.4472,3.9152,8.118,6494358.9181,1707000.0
600036.SH,20030630,11.32,37.2498,3.8945,8.0752,6460118.01,1698000.0
600036.SH,20030627,11.35,37.3485,3.9048,8.0966,6477238.4641,1702500.0
600036.SH,20030626,11.48,37.7763,3.9496,8.1893,6551427.0984,1722000.0
600036.SH,20030625,11.29,37.1511,3.8842,8.0538,6442997.5559,1693500.0
600036.SH,20030624,11.32,37.2498,3.8945,8.0752,6460118.01,1698000.0
600036.SH,20030623,11.37,37.4143,3.9117,8.1109,6488652.1001,1705500.0
600036.SH,20030620,11.53,37.9408,3.9668,8.225,6579961.1886,1729500.0
600036.SH,20030619,11.74,38.6318,4.039,8.3748,6699804.3672,1761000.0
600036.SH,20030618,11.71,38.5331,4.0287,8.3534,6682683.9131,1756500.0
600036.SH,20030617,11.72,38.566,4.0321,8.3605,6688390.7312,1758000.0
600036.SH,20030616,11.8,38.8293,4.0597,8.4176,6734045.2754,1770000.0
600036.SH,20030613,12.04,39.619,4.1422,8.5888,6871008.9081,1806000.0
600036.SH,20030612,12.0,39.4874,4.1285,8.5603,6848181.636,1800000.0
600036.SH,20030611,12.16,40.0139,4.1835,8.6744,6939490.7245,1824000.0
600036.SH,20030610,11.75,38.6647,4.0425,8.3819,6705511.1853,1762500.0
600036.SH,20030609,11.66,38.3686,4.0115,8.3177,6654149.823,1749000.0
600036.SH,20030606,11.99,39.4545,4.125,8.5531,6842474.818,1798500.0
600036.SH,20030605,12.16,40.0139,4.1835,8.6744,6939490.7245,1824000.0
600036.SH,20030604,12.33,40.5733,4.242,8.7957,7036506.631,1849500.0
600036.SH,20030603,12.13,39.9152,4.1732,8.653,6922370.2704,1819500.0
600036.SH,20030602,12.2,40.1455,4.1973,8.7029,6962317.9966,1830000.0
600036.SH,20030530,12.16,40.0139,4.1835,8.6744,6939490.7245,1824000.0
600036.SH,20030529,12.19,40.1126,4.1938,8.6958,6956611.1786,1828500.0
600036.SH,20030528,12.22,40.2113,4.2042,8.7172,6973731.6327,1833000.0
600036.SH,20030527,12.5,41.1327,4.3005,8.917,7133522.5375,1875000.0
600036.SH,20030523,12.49,41.0998,4.2971,8.9098,7127815.7195,1873500.0
600036.SH,20030522,12.38,40.7378,4.2592,8.8314,7065040.7211,1857000.0
600036.SH,20030521,12.05,39.6519,4.1457,8.5959,6876715.7262,1807500.0
600036.SH,20030520,12.05,39.6519,4.1457,8.5959,6876715.7262,1807500.0
600036.SH,20030519,12.35,40.6391,4.2489,8.81,7047920.2671,1852500.0
600036.SH,20030516,12.5,41.1327,4.3005,8.917,7133522.5375,1875000.0
600036.SH,20030515,12.39,40.7707,4.2626,8.8385,7070747.5392,1858500.0
600036.SH,20030514,12.34,40.6062,4.2454,8.8028,7042213.449,1851000.0
600036.SH,20030513,12.1,39.8165,4.1629,8.6316,6905249.8163,1815000.0
600036.SH,20030512,12.75,41.9554,4.3865,9.0953,7276192.9883,1912500.0
600036.SH,20030430,12.36,40.672,4.2523,8.8171,7053627.0851,1854000.0
600036.SH,20030429,12.28,40.4088,4.2248,8.76,7007972.5408,1842000.0
600036.SH,20030428,12.33,40.5733,4.242,8.7957,7036506.631,1849500.0
600036.SH,20030425,11.22,36.9207,3.994,8.0039,6403049.8297,1683000.0
600036.SH,20030424,11.18,36.7891,3.9797,7.9753,6380222.5575,1677000.0
600036.SH,20030423,11.48,37.7763,4.0865,8.1893,6551427.0984,1722000.0
600036.SH,20030422,11.8,38.8293,4.2004,8.4176,6734045.2754,1770000.0
600036.SH,20030421,11.66,38.3686,4.1506,8.3177,6654149.823,1749000.0
600036.SH,20030418,12.0,39.4874,4.2716,8.5603,6848181.636,1800000.0
600036.SH,20030417,12.47,49.7261,4.3072,11.316,7116402.0834,1870500.0
600036.SH,20030416,12.64,50.404,4.3659,11.4703,7213417.9899,1896000.0
600036.SH,20030415,12.58,50.1647,4.3452,11.4158,7179177.0817,1887000.0
600036.SH,20030414,12.28,48.9684,4.2416,11.1436,7007972.5408,1842000.0
600036.SH,20030411,11.84,47.2139,4.0896,10.7443,6756872.5475,1776000.0
600036.SH,20030410,11.71,46.6955,4.0447,10.6263,6682683.9131,1756500.0
600036.SH,20030409,11.6,46.2568,4.0067,10.5265,6619908.9148,1241432.0
600036.SH,20030408,10.88,43.3857,3.758,9.8732,6209018.0166,1164377.6
600036.SH,20030407,10.8,43.0667,3.7304,9.8006,6163363.4724,1155816.0
600036.SH,20030404,10.39,41.4318,3.5888,9.4285,5929383.9332,1111937.8
600036.SH,20030403,10.29,41.033,3.5542,9.3378,5872315.7529,1101235.8
600036.SH,20030402,10.5,41.8704,3.6268,9.5283,5992158.9315,1123710.0
600036.SH,20030401,10.45,41.671,3.6095,9.4829,5963624.8414,1118359.0
600036.SH,20030331,10.28,40.9931,3.5508,9.3287,5866608.9348,1100165.6
600036.SH,20030328,10.11,40.3152,3.492,9.1744,5769593.0283,1081972.2
600036.SH,20030327,10.09,40.2355,3.4851,9.1563,5758179.3923,1079831.8
600036.SH,20030326,9.7,38.6803,3.3504,8.8024,5535613.4891,1038094.0
600036.SH,20030325,9.53,38.0024,3.2917,8.6481,5438597.5826,1019900.6
600036.SH,20030324,9.55,38.0821,3.2986,8.6662,5450011.2187,1022041.0
600036.SH,20030321,9.6,38.2815,3.3159,8.7116,5478545.3088,1027392.0
600036.SH,20030320,9.55,38.0821,3.2986,8.6662,5450011.2187,1022041.0
600036.SH,20030319,9.53,38.0024,3.2917,8.6481,5438597.5826,1019900.6
600036.SH,20030318,9.32,37.165,3.2192,8.4575,5318754.404,997426.4
600036.SH,20030317,9.23,36.8061,3.1881,8.3758,5267393.0417,987794.6
600036.SH,20030314,9.24,36.846,3.1915,8.3849,5273099.8597,988864.8
600036.SH,20030313,9.17,36.5668,3.1674,8.3214,5233152.1335,981373.4
600036.SH,20030312,9.18,36.6067,3.1708,8.3305,5238858.9515,982443.6
600036.SH,20030311,9.14,36.4472,3.157,8.2942,5216031.6794,978162.8
600036.SH,20030310,9.18,36.6067,3.1708,8.3305,5238858.9515,982443.6
600036.SH,20030307,9.39,37.4441,3.2434,8.521,5358702.1302,1004917.8
600036.SH,20030306,9.39,37.4441,3.2434,8.521,5358702.1302,1004917.8
600036.SH,20030305,9.52,37.9625,3.2883,8.639,5432890.7646,1018830.4
600036.SH,20030304,9.55,38.0821,3.2986,8.6662,5450011.2187,1022041.0
600036.SH,20030303,9.45,37.6834,3.2641,8.5755,5392943.0384,1011339.0
600036.SH,20030228,9.42,37.5637,3.2537,8.5483,5375822.5843,1008128.4
600036.SH,20030227,9.54,38.0423,3.2952,8.6572,5444304.4006,1020970.8
600036.SH,20030226,9.37,37.3644,3.2364,8.5029,5347288.4941,1002777.4
600036.SH,20030225,9.38,37.4042,3.2399,8.512,5352995.3121,1003847.6
600036.SH,20030224,9.21,36.7263,3.1812,8.3577,5255979.4056,985654.2
600036.SH,20030221,9.27,36.9656,3.2019,8.4121,5290220.3138,992075.4
600036.SH,20030220,9.48,37.803,3.2744,8.6027,5410063.4924,1014549.6
600036.SH,20030219,9.5,37.8828,3.2813,8.6209,5421477.1285,1016690.0
600036.SH,20030218,9.34,37.2447,3.2261,8.4757,5330168.04,999566.8
600036.SH,20030217,9.39,37.4441,3.2434,8.521,5358702.1302,1004917.8
600036.SH,20030214,9.5,37.8828,3.2813,8.6209,5421477.1285,1016690.0
600036.SH,20030213,9.45,37.6834,3.2641,8.5755,5392943.0384,1011339.0
600036.SH,20030212,9.63,38.4012,3.3263,8.7388,5495665.7629,1030602.6
600036.SH,20030211,9.56,38.122,3.3021,8.6753,5455718.0367,1023111.2
600036.SH,20030210,9.55,38.0821,3.2986,8.6662,5450011.2187,1022041.0
600036.SH,20030129,9.84,39.2386,3.3988,8.9294,5615508.9415,1053076.8
600036.SH,20030128,9.79,39.0392,3.3815,8.884,5586974.8514,1047725.8
600036.SH,20030127,9.78,38.9993,3.3781,8.8749,5581268.0333,1046655.6
600036.SH,20030124,9.54,38.0423,3.2952,8.6572,5444304.4006,1020970.8
600036.SH,20030123,9.3,37.0852,3.2123,8.4394,5307340.7679,995286.0
600036.SH,20030122,9.35,37.2846,3.2295,8.4847,5335874.8581,1000637.0
600036.SH,20030121,9.44,37.6435,3.2606,8.5664,5387236.2203,1010268.8
600036.SH,20030120,9.53,38.0024,3.2917,8.6481,5438597.5826,1019900.6
600036.SH,20030117,9.3,37.0852,3.2123,8.4394,5307340.7679,995286.0
600036.SH,20030116,9.3,37.0852,3.2123,8.4394,5307340.7679,995286.0
600036.SH,20030115,9.2,36.6865,3.1777,8.3486,5250272.5876,984584.0
600036.SH,20030114,9.38,37.4042,3.2399,8.512,5352995.3121,1003847.6
600036.SH,20030113,8.53,34.0147,2.9463,7.7406,4867915.7796,912880.6
600036.SH,20030110,8.61,34.3337,2.9739,7.8132,4913570.3238,921442.2
600036.SH,20030109,8.74,34.8521,3.0188,7.9312,4987758.9582,935354.8
600036.SH,20030108,8.42,33.5761,2.9083,7.6408,4805140.7813,901108.4
600036.SH,20030107,8.08,32.2203,2.7909,7.3323,4611108.9682,864721.6
600036.SH,20030106,8.16,32.5393,2.8185,7.4049,4656763.5125,873283.2
600036.SH,20030103,8.12,32.3798,2.8047,7.3686,4633936.2404,869002.4
600036.SH,20030102,8.06,32.1405,2.784,7.3141,4599695.3322,862581.2
600036.SH,20021231,8.14,32.4595,2.8116,7.3867,4645349.8764,871142.8
600036.SH,20021230,8.22,32.7786,2.8392,7.4593,4691004.4207,879704.4
600036.SH,20021227,8.41,33.5362,2.9049,7.6317,4799433.9632,900038.2
600036.SH,20021226,8.47,33.7755,2.9256,7.6862,4833674.8714,906459.4
600036.SH,20021225,8.7,34.6926,3.005,7.8949,4964931.6861,931074.0
600036.SH,20021224,8.78,35.0116,3.0327,7.9675,5010586.2303,939635.6
600036.SH,20021223,8.79,35.0515,3.0361,7.9766,5016293.0484,940705.8
600036.SH,20021220,8.75,34.892,3.0223,7.9403,4993465.7763,936425.0
600036.SH,20021219,8.61,34.3337,2.9739,7.8132,4913570.3238,921442.2
600036.SH,20021218,8.67,34.573,2.9947,7.8677,4947811.232,927863.4
600036.SH,20021217,8.69,34.6528,3.0016,7.8858,4959224.8681,930003.8
600036.SH,20021216,8.68,34.6129,2.9981,7.8767,4953518.05,928933.6
600036.SH,20021213,8.69,34.6528,3.0016,7.8858,4959224.8681,930003.8
600036.SH,20021212,8.6,34.2939,2.9705,7.8041,4907863.5058,920372.0
600036.SH,20021211,8.65,34.4932,2.9878,7.8495,4936397.596,925723.0
600036.SH,20021210,8.69,34.6528,3.0016,7.8858,4959224.8681,930003.8
600036.SH,20021209,8.88,35.4104,3.0672,8.0582,5067654.4106,699252.4076
600036.SH,20021206,8.82,35.1711,3.0465,8.0038,5033413.5025,694527.7292
600036.SH,20021205,8.83,35.211,3.0499,8.0129,5039120.3205,695315.1756
600036.SH,20021204,9.0,35.8889,3.1086,8.1671,5136136.227,708701.7645
600036.SH,20021203,9.01,35.9288,3.1121,8.1762,5141843.045,709489.2109
600036.SH,20021202,8.93,35.6098,3.0845,8.1036,5096188.5008,703189.6397
600036.SH,20021129,9.21,36.7263,3.1812,8.3577,5255979.4056,725238.139
600036.SH,20021128,9.11,36.3276,3.1466,8.267,5198911.2253,717363.675
600036.SH,20021127,8.92,35.5699,3.081,8.0945,5090481.6828,702402.1933
600036.SH,20021126,8.8,35.0914,3.0396,7.9856,5021999.8664,692952.8364
600036.SH,20021125,8.9,35.4902,3.0741,8.0764,5079068.0467,700827.3005
600036.SH,20021122,8.87,35.3705,3.0637,8.0492,5061947.5926,698464.9612
600036.SH,20021121,8.85,35.2908,3.0568,8.031,5050533.9566,696890.0684
600036.SH,20021120,9.11,36.3276,3.1466,8.267,5198911.2253,717363.675
600036.SH,20021119,9.24,36.846,3.1915,8.3849,5273099.8597,727600.4782
600036.SH,20021118,9.17,36.5668,3.1674,8.3214,5233152.1335,722088.3534
600036.SH,20021115,9.4,37.484,3.2468,8.5301,5364408.9482,740199.6207
600036.SH,20021114,9.47,37.7631,3.271,8.5936,5404356.6744,745711.7455
600036.SH,20021113,9.68,38.6005,3.3435,8.7842,5524199.853,762248.12
600036.SH,20021112,9.74,38.8398,3.3642,8.8387,5558440.7612,766972.7985
600036.SH,20021111,9.68,38.6005,3.3435,8.7842,5524199.853,762248.12
600036.SH,20021108,9.84,39.2386,3.3988,8.9294,5615508.9415,774847.2625
600036.SH,20021107,10.0,39.8766,3.4541,9.0746,5706818.03,787446.405
600036.SH,20021106,9.9,39.4778,3.4195,8.9838,5649749.8497,779571.941
600036.SH,20021105,9.92,39.5576,3.4264,9.002,5661163.4858,781146.8338
600036.SH,20021104,9.83,39.1987,3.3953,8.9203,5609802.1235,774059.8161
600036.SH,20021101,9.63,38.4012,3.3263,8.7388,5495665.7629,758310.888
600036.SH,20021031,9.57,38.1619,3.3055,8.6844,5461424.8547,753586.2096
600036.SH,20021030,9.64,38.441,3.3297,8.7479,5501372.5809,759098.3344
600036.SH,20021029,9.62,38.3613,3.4097,8.7298,5489958.9449,757523.4416
600036.SH,20021028,9.53,38.0024,3.3778,8.6481,5438597.5826,750436.424
600036.SH,20021025,9.67,38.5607,3.4274,8.7751,5518493.035,761460.6736
600036.SH,20021024,9.75,38.8797,3.4557,8.8477,5564147.5793,767760.2449
600036.SH,20021023,9.8,39.0791,3.4735,8.8931,5592681.6694,771697.4769
600036.SH,20021022,9.86,39.3183,3.4947,8.9475,5626922.5776,776422.1553
600036.SH,20021021,9.74,38.8398,3.4522,8.8387,5558440.7612,766972.7985
600036.SH,20021018,9.67,38.5607,3.4274,8.7751,5518493.035,761460.6736
600036.SH,20021017,9.64,38.441,3.4168,8.7479,5501372.5809,759098.3344
600036.SH,20021016,9.69,38.6404,3.4345,8.7933,5529906.6711,763035.5664
600036.SH,20021015,9.49,37.8429,3.3636,8.6118,5415770.3105,747286.6383
600036.SH,20021014,9.6,38.2815,3.4026,8.7116,5478545.3088,755948.5488
600036.SH,20021011,9.51,37.9226,3.3707,8.6299,5427183.9465,748861.5312
600036.SH,20021010,9.57,38.1619,3.3919,8.6844,5461424.8547,753586.2096
600036.SH,20021009,9.7,38.6803,3.438,8.8024,5535613.4891,763823.0129
600036.SH,20021008,10.0,39.8766,3.5444,9.0746,5706818.03,787446.405
600036.SH,20020927,10.08,40.1956,3.5727,9.1472,5752472.5742,793745.9762
600036.SH,20020926,10.2,40.6741,3.6152,9.2561,5820954.3906,803195.3331
600036.SH,20020925,10.28,40.9931,3.6436,9.3287,5866608.9348,809494.9043
600036.SH,20020924,10.22,40.7539,3.6223,9.2742,5832368.0267,804770.2259
600036.SH,20020923,10.16,40.5146,3.6011,9.2198,5798127.1185,800045.5475
600036.SH,20020920,10.14,40.4349,3.594,9.2016,5786713.4824,798470.6547
600036.SH,20020919,10.27,40.9533,3.6401,9.3196,5860902.1168,808707.4579
600036.SH,20020918,10.09,40.2355,3.5763,9.1563,5758179.3923,794533.4226
600036.SH,20020917,10.09,40.2355,3.5763,9.1563,5758179.3923,794533.4226
600036.SH,20020916,10.07,40.1557,3.5692,9.1381,5746765.7562,792958.5298
600036.SH,20020913,10.36,41.3121,3.672,9.4013,5912263.4791,815794.4756
600036.SH,20020912,10.31,41.1128,3.6542,9.3559,5883729.3889,811857.2436
600036.SH,20020911,10.33,41.1925,3.6613,9.3741,5895143.025,813432.1364
600036.SH,20020910,10.38,41.3919,3.679,9.4194,5923677.1151,817369.3684
600036.SH,20020909,10.37,41.352,3.6755,9.4103,5917970.2971,816581.922
600036.SH,20020906,10.42,41.5514,3.6932,9.4557,5946504.3873,820519.154
600036.SH,20020905,10.62,42.3489,3.7641,9.6372,6060640.7479,836268.0821
600036.SH,20020904,10.84,43.2262,3.8421,9.8369,6186190.7445,853591.903
600036.SH,20020903,10.94,43.625,3.8775,9.9276,6243258.9248,861466.3671
600036.SH,20020902,10.79,43.0268,3.8244,9.7915,6157656.6544,849654.671
600036.SH,20020830,10.81,43.1066,3.8314,9.8096,6169070.2904,851229.5638
600036.SH,20020829,10.79,43.0268,3.8244,9.7915,6157656.6544,849654.671
600036.SH,20020828,10.84,43.2262,3.8421,9.8369,6186190.7445,853591.903
600036.SH,20020827,10.8,43.0667,3.8279,9.8006,6163363.4724,850442.1174
600036.SH,20020826,10.76,42.9072,3.8137,9.7643,6140536.2003,847292.3318
600036.SH,20020823,10.92,43.5452,3.8704,9.9095,6231845.2888,859891.4743
600036.SH,20020822,10.89,43.4256,3.8598,9.8822,6214724.8347,857529.135
600036.SH,20020821,10.87,43.3458,3.8527,9.8641,6203311.1986,855954.2422
600036.SH,20020820,10.92,43.5452,3.8704,9.9095,6231845.2888,859891.4743
600036.SH,20020819,10.56,42.1097,3.7428,9.5828,6026399.8397,831543.4037
600036.SH,20020816,10.44,41.6312,3.838,9.4739,5957918.0233,822094.0468
600036.SH,20020815,10.44,41.6312,3.838,9.4739,5957918.0233,822094.0468
600036.SH,20020814,10.46,41.7109,3.8453,9.492,5969331.6594,823668.9396
600036.SH,20020813,10.34,41.2324,3.8012,9.3831,5900849.843,814219.5828
600036.SH,20020812,10.34,41.2324,3.8012,9.3831,5900849.843,814219.5828
600036.SH,20020809,10.53,41.99,3.8711,9.5555,6009279.3856,688299.1362
600036.SH,20020808,10.65,42.4686,3.9152,9.6644,6077761.202,696143.001
600036.SH,20020807,10.6,42.2692,3.8968,9.6191,6049227.1118,692874.724
600036.SH,20020806,10.56,42.1097,3.8821,9.5828,6026399.8397,690260.1024
600036.SH,20020805,10.52,41.9502,3.8674,9.5465,6003572.5676,687645.4808
600036.SH,20020802,10.73,42.7876,3.9446,9.737,6123415.7462,701372.2442
600036.SH,20020801,10.73,42.7876,3.9446,9.737,6123415.7462,701372.2442
600036.SH,20020731,10.7,42.6679,3.9336,9.7098,6106295.2921,699411.278
600036.SH,20020730,10.95,43.6649,4.0255,9.9367,6248965.7429,715752.663
600036.SH,20020729,10.69,42.6281,3.9299,9.7007,6100588.4741,698757.6226
600036.SH,20020726,10.62,42.3489,3.9042,9.6372,6060640.7479,694182.0348
600036.SH,20020725,10.66,42.5084,3.9189,9.6735,6083468.02,696796.6564
600036.SH,20020724,10.78,42.987,3.963,9.7824,6151949.8363,704640.5212
600036.SH,20020723,10.79,43.0268,3.9667,9.7915,6157656.6544,705294.1766
600036.SH,20020722,10.69,42.6281,3.9299,9.7007,6100588.4741,698757.6226
600036.SH,20020719,11.14,44.4225,4.0953,10.1091,6357395.2854,728172.1156
600036.SH,20020718,11.1,44.263,4.0806,10.0728,6334568.0133,725557.494
600036.SH,20020717,11.03,43.9839,4.0549,10.0093,6294620.2871,720981.9062
600036.SH,20020716,10.86,43.306,3.9924,9.855,6197604.3806,709869.7644
600036.SH,20020715,10.84,43.2262,3.985,9.8369,6186190.7445,708562.4536
600036.SH,20020712,11.03,43.9839,4.0549,10.0093,6294620.2871,720981.9062
600036.SH,20020711,11.19,44.6219,4.1137,10.1545,6385929.3756,731440.3926
600036.SH,20020710,11.31,45.1004,4.1578,10.2634,6454411.1919,739284.2574
600036.SH,20020709,11.65,46.4562,4.2828,10.5719,6648443.005,699000.0
600036.SH,20020708,11.34,45.22,4.1688,10.2906,6471531.646,680400.0
600036.SH,20020705,11.3,45.0605,4.1541,10.2543,6448704.3739,678000.0
600036.SH,20020704,11.11,44.3029,4.0843,10.0819,6340274.8313,666600.0
600036.SH,20020703,11.47,45.7384,4.2166,10.4086,6545720.2804,688200.0
600036.SH,20020702,11.44,45.6188,4.2056,10.3813,6528599.8263,686400.0
600036.SH,20020701,11.58,46.1771,4.2571,10.5084,6608495.2787,694800.0
600036.SH,20020628,11.55,46.0575,4.2461,10.4812,6591374.8247,693000.0
600036.SH,20020627,10.5,41.8704,3.86,9.5283,5992158.9315,630000.0
600036.SH,20020626,10.23,40.7937,3.7608,9.2833,5838074.8447,613800.0
600036.SH,20020625,10.45,41.671,3.8417,9.4829,5963624.8414,627000.0
600036.SH,20020624,9.87,39.3582,3.6284,8.9566,5632629.3956,592200.0
600036.SH,20020621,8.97,35.7693,3.2976,8.1399,5119015.7729,538200.0
600036.SH,20020620,8.73,34.8123,3.2094,7.9221,4982052.1402,523800.0
600036.SH,20020619,8.68,34.6129,3.191,7.8767,4953518.05,520800.0
600036.SH,20020618,8.81,35.1313,3.2388,7.9947,5027706.6844,528600.0
600036.SH,20020617,8.66,34.5331,3.1836,7.8586,4942104.414,519600.0
600036.SH,20020614,8.68,34.6129,3.191,7.8767,4953518.05,520800.0
600036.SH,20020613,8.76,34.9319,3.2204,7.9493,4999172.5943,525600.0
600036.SH,20020612,8.87,35.3705,3.2608,8.0492,5061947.5926,532200.0
600036.SH,20020611,8.94,35.6497,3.2866,8.1127,5101895.3188,536400.0
600036.SH,20020610,8.99,35.8491,3.3049,8.1581,5130429.409,539400.0
600036.SH,20020607,8.98,35.8092,3.3013,8.149,5124722.5909,538800.0
600036.SH,20020606,9.0,35.8889,3.3086,8.1671,5136136.227,540000.0
600036.SH,20020605,8.74,34.8521,3.213,7.9312,4987758.9582,524400.0
600036.SH,20020604,8.86,35.3307,3.2571,8.0401,5056240.7746,531600.0
600036.SH,20020531,8.7,34.6926,3.1983,7.8949,4964931.6861,522000.0
600036.SH,20020530,8.75,34.892,3.2167,7.9403,4993465.7763,525000.0
600036.SH,20020529,8.67,34.573,3.1873,7.8677,4947811.232,520200.0
600036.SH,20020528,8.92,35.5699,3.2792,8.0945,5090481.6828,535200.0
600036.SH,20020527,8.91,35.53,3.2755,8.0855,5084774.8647,534600.0
600036.SH,20020524,8.87,35.3705,3.2608,8.0492,5061947.5926,532200.0
600036.SH,20020523,8.98,35.8092,3.3013,8.149,5124722.5909,538800.0
600036.SH,20020522,8.94,35.6497,3.2866,8.1127,5101895.3188,536400.0
600036.SH,20020521,9.18,36.6067,3.3748,8.3305,5238858.9515,550800.0
600036.SH,20020520,8.98,35.8092,3.3013,8.149,5124722.5909,538800.0
600036.SH,20020517,9.25,36.8858,3.4005,8.394,5278806.6778,555000.0
600036.SH,20020516,9.15,36.4871,3.3638,8.3032,5221738.4975,549000.0
600036.SH,20020515,9.29,37.0453,3.4152,8.4303,5301633.9499,557400.0
600036.SH,20020514,9.48,37.803,3.4851,8.6027,5410063.4924,568800.0
600036.SH,20020513,9.62,38.3613,3.5365,8.7298,5489958.9449,577200.0
600036.SH,20020510,9.81,39.1189,3.6064,8.9022,5598388.4874,588600.0
600036.SH,20020509,9.94,39.6373,3.6542,9.0201,5672577.1218,596400.0
600036.SH,20020508,9.9,39.4778,3.6395,8.9838,5649749.8497,594000.0
600036.SH,20020430,10.02,39.9563,3.6836,9.0927,5718231.6661,601200.0
600036.SH,20020429,9.85,39.2784,10.9866,8.9385,5621215.7596,591000.0
600036.SH,20020426,9.84,39.2386,10.9754,8.9294,5615508.9415,590400.0
600036.SH,20020425,9.81,39.1189,10.942,8.9022,5598388.4874,588600.0
600036.SH,20020424,9.77,38.9594,10.8974,8.8659,5575561.2153,586200.0
600036.SH,20020423,10.0,39.8766,11.1539,9.0746,5706818.03,600000.0
600036.SH,20020422,10.01,39.9165,11.165,9.0837,5712524.848,600600.0
600036.SH,20020419,10.14,40.4349,11.31,9.2016,5786713.4824,608400.0
600036.SH,20020418,10.12,40.3551,11.2877,9.1835,5775299.8464,607200.0
600036.SH,20020417,10.22,40.7539,11.3993,9.2742,5832368.0267,613200.0
600036.SH,20020416,10.16,40.5146,11.3324,9.2198,5798127.1185,609600.0
600036.SH,20020415,10.39,41.4318,11.5889,9.4285,5929383.9332,623400.0
600036.SH,20020412,10.57,42.1496,11.7897,9.5918,6032106.6577,634200.0
600036.SH,20020411,10.52,41.9502,11.7339,9.5465,6003572.5676,631200.0
600036.SH,20020410,10.6,42.2692,11.8231,9.6191,6049227.1118,636000.0
600036.SH,20020409,10.66,42.5084,11.8901,9.6735,6083468.02,639600.0
